{"type":"Topology","objects":{"data":{"geometries":[{"properties":{"depth":21},"type":"Polygon","arcs":[[0,7909,4785,1,6907]],"id":"feature_0000"},{"properties":{"depth":21},"type":"Polygon","arcs":[[-54,-50,4816,2]],"id":"feature_0001"},{"properties":{"depth":21},"type":"Polygon","arcs":[[-44,8733,-46,7905,3,-51,-57,4,-59]],"id":"feature_0002"},{"properties":{"depth":21},"type":"Polygon","arcs":[[5,-43]],"id":"feature_0003"},{"properties":{"depth":21},"type":"Polygon","arcs":[[6,7902,-62]],"id":"feature_0004"},{"properties":{"depth":21},"type":"Polygon","arcs":[[7,8]],"id":"feature_0005"},{"properties":{"depth":21},"type":"Polygon","arcs":[[-7892,-67,9,7887,7888,10,-64]],"id":"feature_0006"},{"properties":{"depth":21},"type":"Polygon","arcs":[[4826,11,12,13,-71,4824,14]],"id":"feature_0007"},{"properties":{"depth":21},"type":"Polygon","arcs":[[-34,15,16]],"id":"feature_0008"},{"properties":{"depth":21},"type":"Polygon","arcs":[[17,18,19,-31]],"id":"feature_0009"},{"properties":{"depth":21},"type":"Polygon","arcs":[[-28,20,-32,21]],"id":"feature_0010"},{"properties":{"depth":21},"type":"Polygon","arcs":[[22,-85]],"id":"feature_0011"},{"properties":{"depth":21},"type":"Polygon","arcs":[[23,-87]],"id":"feature_0012"},{"properties":{"depth":21},"type":"Polygon","arcs":[[-82,24,-83]],"id":"feature_0013"},{"properties":{"depth":22},"type":"Polygon","arcs":[[-79,25,-7943,26]],"id":"feature_0014"},{"properties":{"depth":22},"type":"Polygon","arcs":[[27,28]],"id":"feature_0015"},{"properties":{"depth":22},"type":"Polygon","arcs":[[29,30]],"id":"feature_0016"},{"properties":{"depth":22},"type":"Polygon","arcs":[[-7945,31,32,33,34]],"id":"feature_0017"},{"properties":{"depth":22},"type":"Polygon","arcs":[[7302,-77,35]],"id":"feature_0018"},{"properties":{"depth":22},"type":"Polygon","arcs":[[7305,36,7884,37,4833,38,-8721,39,-8719,-8718,40,-68]],"id":"feature_0019"},{"properties":{"depth":22},"type":"Polygon","arcs":[[41,42]],"id":"feature_0020"},{"properties":{"depth":22},"type":"Polygon","arcs":[[-8734,43,-58,8730,8731,44,45]],"id":"feature_0021"},{"properties":{"depth":22},"type":"Polygon","arcs":[[46,-61]],"id":"feature_0022"},{"properties":{"depth":22},"type":"Polygon","arcs":[[47,7907,48,-4817,49,-53,50]],"id":"feature_0023"},{"properties":{"depth":21},"type":"Polygon","arcs":[[51]],"id":"feature_0024"},{"properties":{"depth":23},"type":"Polygon","arcs":[[52,53,54,4819,55,56]],"id":"feature_0025"},{"properties":{"depth":23},"type":"Polygon","arcs":[[8729,57,58,59,60]],"id":"feature_0026"},{"properties":{"depth":23},"type":"Polygon","arcs":[[61,7903,62]],"id":"feature_0027"},{"properties":{"depth":23},"type":"Polygon","arcs":[[63,64,-7894,65,66,7891]],"id":"feature_0028"},{"properties":{"depth":23},"type":"Polygon","arcs":[[7304,67,68,-8716,69]],"id":"feature_0029"},{"properties":{"depth":22},"type":"Polygon","arcs":[[70,71,72,73,4822,74]],"id":"feature_0030"},{"properties":{"depth":23},"type":"Polygon","arcs":[[75,76,77,-7947]],"id":"feature_0031"},{"properties":{"depth":23},"type":"Polygon","arcs":[[78,79]],"id":"feature_0032"},{"properties":{"depth":23},"type":"Polygon","arcs":[[80,81,82]],"id":"feature_0033"},{"properties":{"depth":23},"type":"Polygon","arcs":[[83,84]],"id":"feature_0034"},{"properties":{"depth":23},"type":"Polygon","arcs":[[85,-7941,86]],"id":"feature_0035"},{"properties":{"depth":23},"type":"Polygon","arcs":[[87]],"id":"feature_0036"},{"properties":{"depth":21},"type":"Polygon","arcs":[[88,-933]],"id":"feature_0037"},{"properties":{"depth":21},"type":"Polygon","arcs":[[89,-931]],"id":"feature_0038"},{"properties":{"depth":21},"type":"Polygon","arcs":[[90,-930]],"id":"feature_0039"},{"properties":{"depth":21},"type":"Polygon","arcs":[[91,-928]],"id":"feature_0040"},{"properties":{"depth":21},"type":"Polygon","arcs":[[92,-926]],"id":"feature_0041"},{"properties":{"depth":21},"type":"Polygon","arcs":[[93,-947,94,-941]],"id":"feature_0042"},{"properties":{"depth":21},"type":"Polygon","arcs":[[-945,95]],"id":"feature_0043"},{"properties":{"depth":21},"type":"Polygon","arcs":[[-943,96]],"id":"feature_0044"},{"properties":{"depth":21},"type":"Polygon","arcs":[[97,-909]],"id":"feature_0045"},{"properties":{"depth":21},"type":"Polygon","arcs":[[-912,-796,-548,-794]],"id":"feature_0046"},{"properties":{"depth":21},"type":"Polygon","arcs":[[-793,-914]],"id":"feature_0047"},{"properties":{"depth":21},"type":"Polygon","arcs":[[-916,-792]],"id":"feature_0048"},{"properties":{"depth":21},"type":"Polygon","arcs":[[98,-901,-429,-899]],"id":"feature_0049"},{"properties":{"depth":21},"type":"Polygon","arcs":[[-903,99]],"id":"feature_0050"},{"properties":{"depth":21},"type":"Polygon","arcs":[[100,-198,-431]],"id":"feature_0051"},{"properties":{"depth":21},"type":"Polygon","arcs":[[101,-191]],"id":"feature_0052"},{"properties":{"depth":21},"type":"Polygon","arcs":[[-196,-195,-194,-439]],"id":"feature_0053"},{"properties":{"depth":21},"type":"Polygon","arcs":[[-197,-441,-193,102,-189,103,-433]],"id":"feature_0054"},{"properties":{"depth":21},"type":"Polygon","arcs":[[104,-185]],"id":"feature_0055"},{"properties":{"depth":21},"type":"Polygon","arcs":[[105,-893]],"id":"feature_0056"},{"properties":{"depth":21},"type":"Polygon","arcs":[[-7594,-886,-7592,-885,-7590,-884,-7671,-883,-7669,-882,106,-7047,-7046,107,7697,108,-249,-341,-7695,-344,109,-523,-247,-7703,-246,7699,110,-334,111,7039,112,7041,113,-887]],"id":"feature_0057"},{"properties":{"depth":21},"type":"Polygon","arcs":[[7032,114,-878]],"id":"feature_0058"},{"properties":{"depth":21},"type":"Polygon","arcs":[[115,7048,116,-351]],"id":"feature_0059"},{"properties":{"depth":21},"type":"Polygon","arcs":[[117,-518,-250,-522,118,-349]],"id":"feature_0060"},{"properties":{"depth":21},"type":"Polygon","arcs":[[-488,119,-329,120,-314,121,-312,122,-310,-514,123,-512,124,-340,125,-857,126,-478,-7630,127,-485,-838,-7628,-837,-487,-835,128]],"id":"feature_0061"},{"properties":{"depth":21},"type":"Polygon","arcs":[[129,7063,130,-833,-7626,-844]],"id":"feature_0062"},{"properties":{"depth":21},"type":"Polygon","arcs":[[-474,-482,131,7623,132,7061,133,-842,-476,-473]],"id":"feature_0063"},{"properties":{"depth":21},"type":"Polygon","arcs":[[-209,134,7008,135,-220,7524,-219,136,7015,137,7531,138,7019,139,-7022,140,7023,141,-7619,7004,142,-207]],"id":"feature_0064"},{"properties":{"depth":21},"type":"Polygon","arcs":[[-7518,-824,-7516,-823,143,-825]],"id":"feature_0065"},{"properties":{"depth":21},"type":"Polygon","arcs":[[-819,-535]],"id":"feature_0066"},{"properties":{"depth":21},"type":"Polygon","arcs":[[144,6992,145,-212]],"id":"feature_0067"},{"properties":{"depth":21},"type":"Polygon","arcs":[[146,6991]],"id":"feature_0068"},{"properties":{"depth":21},"type":"Polygon","arcs":[[-651,147]],"id":"feature_0069"},{"properties":{"depth":21},"type":"Polygon","arcs":[[148,-816,-6990,-815,-6988,-814]],"id":"feature_0070"},{"properties":{"depth":21},"type":"Polygon","arcs":[[149,6983,150,151,-829]],"id":"feature_0071"},{"properties":{"depth":21},"type":"Polygon","arcs":[[152,8224,153,-538]],"id":"feature_0072"},{"properties":{"depth":21},"type":"Polygon","arcs":[[154,8220,-644,-812]],"id":"feature_0073"},{"properties":{"depth":21},"type":"Polygon","arcs":[[155]],"id":"feature_0074"},{"properties":{"depth":21},"type":"Polygon","arcs":[[-7011,-216,156,-217]],"id":"feature_0075"},{"properties":{"depth":21},"type":"Polygon","arcs":[[157,-572]],"id":"feature_0076"},{"properties":{"depth":21},"type":"Polygon","arcs":[[-463,158,-470]],"id":"feature_0077"},{"properties":{"depth":21},"type":"Polygon","arcs":[[159,-635]],"id":"feature_0078"},{"properties":{"depth":21},"type":"Polygon","arcs":[[160,-633,-569]],"id":"feature_0079"},{"properties":{"depth":21},"type":"Polygon","arcs":[[-566,161,-630,-567,-628]],"id":"feature_0080"},{"properties":{"depth":21},"type":"Polygon","arcs":[[162,-717,-564]],"id":"feature_0081"},{"properties":{"depth":21},"type":"Polygon","arcs":[[-387,163,-168,164,-392,-707,165,-388,-712]],"id":"feature_0082"},{"properties":{"depth":21},"type":"Polygon","arcs":[[166,167,-423]],"id":"feature_0083"},{"properties":{"depth":21},"type":"Polygon","arcs":[[168,-396]],"id":"feature_0084"},{"properties":{"depth":21},"type":"Polygon","arcs":[[-390,169,-714]],"id":"feature_0085"},{"properties":{"depth":21},"type":"Polygon","arcs":[[-414,170,-407,-415]],"id":"feature_0086"},{"properties":{"depth":21},"type":"Polygon","arcs":[[171,413,172,-420]],"id":"feature_0087"},{"properties":{"depth":21},"type":"Polygon","arcs":[[-421,-417,-411,173,-699]],"id":"feature_0088"},{"properties":{"depth":21},"type":"Polygon","arcs":[[-382,174,-705]],"id":"feature_0089"},{"properties":{"depth":21},"type":"Polygon","arcs":[[175,-275]],"id":"feature_0090"},{"properties":{"depth":21},"type":"Polygon","arcs":[[-278,176,-267]],"id":"feature_0091"},{"properties":{"depth":21},"type":"Polygon","arcs":[[177,-279,-263]],"id":"feature_0092"},{"properties":{"depth":21},"type":"Polygon","arcs":[[-281,178,-288,179,-284,180,-258,-758,-264]],"id":"feature_0093"},{"properties":{"depth":21},"type":"Polygon","arcs":[[181,-290]],"id":"feature_0094"},{"properties":{"depth":21},"type":"Polygon","arcs":[[-257,-762]],"id":"feature_0095"},{"properties":{"depth":22},"type":"Polygon","arcs":[[182,-1012]],"id":"feature_0096"},{"properties":{"depth":22},"type":"Polygon","arcs":[[183,184]],"id":"feature_0097"},{"properties":{"depth":22},"type":"Polygon","arcs":[[185,-233]],"id":"feature_0098"},{"properties":{"depth":22},"type":"Polygon","arcs":[[186,-1006,187,188]],"id":"feature_0099"},{"properties":{"depth":22},"type":"Polygon","arcs":[[189,190,191,192,-440,193,194,195,-438,196,-432,197,198,-996,-444,-998]],"id":"feature_0100"},{"properties":{"depth":22},"type":"Polygon","arcs":[[9104,-369,9106,199,9101,200,201,-370]],"id":"feature_0101"},{"properties":{"depth":22},"type":"Polygon","arcs":[[202,7578,-779]],"id":"feature_0102"},{"properties":{"depth":22},"type":"Polygon","arcs":[[203,8321,-534]],"id":"feature_0103"},{"properties":{"depth":22},"type":"Polygon","arcs":[[204,-603]],"id":"feature_0104"},{"properties":{"depth":22},"type":"Polygon","arcs":[[205,-606]],"id":"feature_0105"},{"properties":{"depth":22},"type":"Polygon","arcs":[[206,207,208]],"id":"feature_0106"},{"properties":{"depth":22},"type":"Polygon","arcs":[[209,-653,210,211]],"id":"feature_0107"},{"properties":{"depth":22},"type":"Polygon","arcs":[[212,-658]],"id":"feature_0108"},{"properties":{"depth":22},"type":"Polygon","arcs":[[213,-656]],"id":"feature_0109"},{"properties":{"depth":22},"type":"Polygon","arcs":[[214,215,7010,216,217,218,-7525,219]],"id":"feature_0110"},{"properties":{"depth":22},"type":"Polygon","arcs":[[-593,220,-596,-359]],"id":"feature_0111"},{"properties":{"depth":22},"type":"Polygon","arcs":[[221,-543,222,-615,223,-642,-539,224,-582]],"id":"feature_0112"},{"properties":{"depth":22},"type":"Polygon","arcs":[[225,-771,-529]],"id":"feature_0113"},{"properties":{"depth":22},"type":"Polygon","arcs":[[226,-8995,227,-8993,228,-609]],"id":"feature_0114"},{"properties":{"depth":22},"type":"Polygon","arcs":[[229,8383,230,-526,-769]],"id":"feature_0115"},{"properties":{"depth":23},"type":"Polygon","arcs":[[9519,-453,231,232,233,9514,234,9516,235,-454]],"id":"feature_0116"},{"properties":{"depth":23},"type":"Polygon","arcs":[[236,-897]],"id":"feature_0117"},{"properties":{"depth":23},"type":"Polygon","arcs":[[237,-895]],"id":"feature_0118"},{"properties":{"depth":23},"type":"Polygon","arcs":[[238,8639,239,-733,9075,-732,9077,-731,9079,-730,-6141,-729]],"id":"feature_0119"},{"properties":{"depth":23},"type":"Polygon","arcs":[[-366,240,9094,241,-375,9084,-374,9086,-373,242,9088,243,9090]],"id":"feature_0120"},{"properties":{"depth":23},"type":"Polygon","arcs":[[-868,-664]],"id":"feature_0121"},{"properties":{"depth":23},"type":"Polygon","arcs":[[244,245,7702,246,-525,247,-342,248]],"id":"feature_0122"},{"properties":{"depth":23},"type":"Polygon","arcs":[[249,-517,7692,-516,250,-520]],"id":"feature_0123"},{"properties":{"depth":23},"type":"Polygon","arcs":[[251,-324]],"id":"feature_0124"},{"properties":{"depth":23},"type":"Polygon","arcs":[[-668,-318,252,-322]],"id":"feature_0125"},{"properties":{"depth":23},"type":"Polygon","arcs":[[253,254]],"id":"feature_0126"},{"properties":{"depth":23},"type":"Polygon","arcs":[[255,-977,-752,-496,-302]],"id":"feature_0127"},{"properties":{"depth":23},"type":"Polygon","arcs":[[-499,-683,-303,-492,-498]],"id":"feature_0128"},{"properties":{"depth":23},"type":"Polygon","arcs":[[-744,-970]],"id":"feature_0129"},{"properties":{"depth":23},"type":"Polygon","arcs":[[-949,-763,256,-761,-760,759,-759,257,258,-286]],"id":"feature_0130"},{"properties":{"depth":23},"type":"Polygon","arcs":[[-985,259,-754]],"id":"feature_0131"},{"properties":{"depth":23},"type":"Polygon","arcs":[[260,261,262,-282,263,-757]],"id":"feature_0132"},{"properties":{"depth":23},"type":"Polygon","arcs":[[-273,264]],"id":"feature_0133"},{"properties":{"depth":23},"type":"Polygon","arcs":[[-270,265,-276,266,267,-271,-376]],"id":"feature_0134"},{"properties":{"depth":22},"type":"Polygon","arcs":[[268,269,-377,270,271,272,273,274]],"id":"feature_0135"},{"properties":{"depth":22},"type":"Polygon","arcs":[[275,276,277]],"id":"feature_0136"},{"properties":{"depth":22},"type":"Polygon","arcs":[[278,279,280,281]],"id":"feature_0137"},{"properties":{"depth":22},"type":"Polygon","arcs":[[282,283,284,-950,285]],"id":"feature_0138"},{"properties":{"depth":22},"type":"Polygon","arcs":[[286,287,288,289]],"id":"feature_0139"},{"properties":{"depth":22},"type":"Polygon","arcs":[[290,-952]],"id":"feature_0140"},{"properties":{"depth":22},"type":"Polygon","arcs":[[291,-983]],"id":"feature_0141"},{"properties":{"depth":22},"type":"Polygon","arcs":[[292,-967,965]],"id":"feature_0142"},{"properties":{"depth":22},"type":"Polygon","arcs":[[-964,293]],"id":"feature_0143"},{"properties":{"depth":22},"type":"Polygon","arcs":[[294,-962]],"id":"feature_0144"},{"properties":{"depth":22},"type":"Polygon","arcs":[[295,-960,-959,-958,296,-954]],"id":"feature_0145"},{"properties":{"depth":22},"type":"Polygon","arcs":[[297,-956]],"id":"feature_0146"},{"properties":{"depth":22},"type":"Polygon","arcs":[[-981,298]],"id":"feature_0147"},{"properties":{"depth":22},"type":"Polygon","arcs":[[299,-979]],"id":"feature_0148"},{"properties":{"depth":22},"type":"Polygon","arcs":[[-495,300,301]],"id":"feature_0149"},{"properties":{"depth":22},"type":"Polygon","arcs":[[302,-682,303,-493]],"id":"feature_0150"},{"properties":{"depth":22},"type":"Polygon","arcs":[[304,-680,305,504,306,-309]],"id":"feature_0151"},{"properties":{"depth":21},"type":"Polygon","arcs":[[307,308]],"id":"feature_0152"},{"properties":{"depth":22},"type":"Polygon","arcs":[[309,310,311,312,313,314,-678,315,-332]],"id":"feature_0153"},{"properties":{"depth":22},"type":"Polygon","arcs":[[316,317,-667]],"id":"feature_0154"},{"properties":{"depth":22},"type":"Polygon","arcs":[[318,-510,319,-674,-507,-671,320,-669,321,322,323,324,325]],"id":"feature_0155"},{"properties":{"depth":22},"type":"Polygon","arcs":[[326,-331,327,328]],"id":"feature_0156"},{"properties":{"depth":21},"type":"Polygon","arcs":[[329,330]],"id":"feature_0157"},{"properties":{"depth":23},"type":"Polygon","arcs":[[331,332,-515]],"id":"feature_0158"},{"properties":{"depth":23},"type":"Polygon","arcs":[[333,334]],"id":"feature_0159"},{"properties":{"depth":21},"type":"Polygon","arcs":[[7068,335,-338]],"id":"feature_0160"},{"properties":{"depth":22},"type":"Polygon","arcs":[[336,7067,337,338,339]],"id":"feature_0161"},{"properties":{"depth":22},"type":"Polygon","arcs":[[340,341,342,7704,343,7694]],"id":"feature_0162"},{"properties":{"depth":22},"type":"Polygon","arcs":[[344,7050,345,7052,346,7054,347,-7057,348,349,350]],"id":"feature_0163"},{"properties":{"depth":23},"type":"Polygon","arcs":[[351,7613,8373,352,-852,8375,-851]],"id":"feature_0164"},{"properties":{"depth":24},"type":"Polygon","arcs":[[-784,-860,353]],"id":"feature_0165"},{"properties":{"depth":24},"type":"Polygon","arcs":[[354,-611]],"id":"feature_0166"},{"properties":{"depth":24},"type":"Polygon","arcs":[[355,-613]],"id":"feature_0167"},{"properties":{"depth":24},"type":"Polygon","arcs":[[-546,356,-618,8954,-617,357]],"id":"feature_0168"},{"properties":{"depth":24},"type":"Polygon","arcs":[[-595,8984,-594,358]],"id":"feature_0169"},{"properties":{"depth":24},"type":"Polygon","arcs":[[-362,-590,8986,-589,359]],"id":"feature_0170"},{"properties":{"depth":24},"type":"Polygon","arcs":[[8980,-586,360,-591,361,362,-587]],"id":"feature_0171"},{"properties":{"depth":22},"type":"Polygon","arcs":[[740]],"id":"feature_0172"},{"properties":{"depth":24},"type":"Polygon","arcs":[[363,8633,364,365,-9091,366,9098,367,-9107,368,-9105,369]],"id":"feature_0173"},{"properties":{"depth":24},"type":"Polygon","arcs":[[370,8637,371,372,-9087,373,-9085,374]],"id":"feature_0174"},{"properties":{"depth":24},"type":"Polygon","arcs":[[375,376]],"id":"feature_0175"},{"properties":{"depth":24},"type":"Polygon","arcs":[[377,-406,378,-404]],"id":"feature_0176"},{"properties":{"depth":24},"type":"Polygon","arcs":[[-398,379]],"id":"feature_0177"},{"properties":{"depth":22},"type":"Polygon","arcs":[[-703,702,-702,-701,380,381,-704]],"id":"feature_0178"},{"properties":{"depth":24},"type":"Polygon","arcs":[[382,-457,383,-625]],"id":"feature_0179"},{"properties":{"depth":22},"type":"Polygon","arcs":[[384,-719]],"id":"feature_0180"},{"properties":{"depth":22},"type":"Polygon","arcs":[[385,386,-711]],"id":"feature_0181"},{"properties":{"depth":22},"type":"Polygon","arcs":[[387,388,389,-713]],"id":"feature_0182"},{"properties":{"depth":22},"type":"Polygon","arcs":[[390,-562,-695,391]],"id":"feature_0183"},{"properties":{"depth":22},"type":"Polygon","arcs":[[392,-402]],"id":"feature_0184"},{"properties":{"depth":22},"type":"Polygon","arcs":[[393,-400,394,395]],"id":"feature_0185"},{"properties":{"depth":23},"type":"Polygon","arcs":[[396,397,398,399]],"id":"feature_0186"},{"properties":{"depth":23},"type":"Polygon","arcs":[[400,401,402,403]],"id":"feature_0187"},{"properties":{"depth":23},"type":"Polygon","arcs":[[404,405]],"id":"feature_0188"},{"properties":{"depth":23},"type":"Polygon","arcs":[[-416,406,407,-560,408,-558,409,410]],"id":"feature_0189"},{"properties":{"depth":23},"type":"Polygon","arcs":[[411]],"id":"feature_0190"},{"properties":{"depth":23},"type":"Polygon","arcs":[[412]],"id":"feature_0191"},{"properties":{"depth":22},"type":"Polygon","arcs":[[413,414,415,416,417]],"id":"feature_0192"},{"properties":{"depth":22},"type":"Polygon","arcs":[[418,419,420,-698]],"id":"feature_0193"},{"properties":{"depth":22},"type":"Polygon","arcs":[[421,422,423,-455]],"id":"feature_0194"},{"properties":{"depth":23},"type":"Polygon","arcs":[[424,-550,425,-935]],"id":"feature_0195"},{"properties":{"depth":23},"type":"Polygon","arcs":[[-907,426,427]],"id":"feature_0196"},{"properties":{"depth":23},"type":"Polygon","arcs":[[-900,428]],"id":"feature_0197"},{"properties":{"depth":23},"type":"Polygon","arcs":[[429,430,431,432,433,-937,434,-553,435,-905,436,-443]],"id":"feature_0198"},{"properties":{"depth":23},"type":"Polygon","arcs":[[437,438,439,440]],"id":"feature_0199"},{"properties":{"depth":22},"type":"Polygon","arcs":[[441,442]],"id":"feature_0200"},{"properties":{"depth":23},"type":"Polygon","arcs":[[443,-995,-554,-993]],"id":"feature_0201"},{"properties":{"depth":22},"type":"Polygon","arcs":[[444,-1004,445,-1002]],"id":"feature_0202"},{"properties":{"depth":24},"type":"Polygon","arcs":[[446,8630,447,6131,448,6133,449,6135,450,6137,451,452,-9520,453]],"id":"feature_0203"},{"properties":{"depth":24},"type":"Polygon","arcs":[[-9537,-791,-9533,-790,-9531,-789,-9539,-788,-918]],"id":"feature_0204"},{"properties":{"depth":25},"type":"Polygon","arcs":[[454,455,456,457]],"id":"feature_0205"},{"properties":{"depth":25},"type":"Polygon","arcs":[[458,-471,459,-465]],"id":"feature_0206"},{"properties":{"depth":23},"type":"Polygon","arcs":[[460,-467]],"id":"feature_0207"},{"properties":{"depth":24},"type":"Polygon","arcs":[[461,462,-469,463,464,465,466]],"id":"feature_0208"},{"properties":{"depth":23},"type":"Polygon","arcs":[[467,468,469]],"id":"feature_0209"},{"properties":{"depth":26},"type":"Polygon","arcs":[[470,471]],"id":"feature_0210"},{"properties":{"depth":22},"type":"Polygon","arcs":[[-484,472]],"id":"feature_0211"},{"properties":{"depth":22},"type":"Polygon","arcs":[[473,-483]],"id":"feature_0212"},{"properties":{"depth":22},"type":"Polygon","arcs":[[-480,474]],"id":"feature_0213"},{"properties":{"depth":23},"type":"Polygon","arcs":[[475,-841,476,477,478,479,480,481,482,483]],"id":"feature_0214"},{"properties":{"depth":23},"type":"Polygon","arcs":[[-839,484,485]],"id":"feature_0215"},{"properties":{"depth":23},"type":"Polygon","arcs":[[-836,486]],"id":"feature_0216"},{"properties":{"depth":22},"type":"Polygon","arcs":[[487,488]],"id":"feature_0217"},{"properties":{"depth":21},"type":"Polygon","arcs":[[-751,489,-749,490,-500,-497,491,492,493,494,495]],"id":"feature_0218"},{"properties":{"depth":22},"type":"Polygon","arcs":[[496,497]],"id":"feature_0219"},{"properties":{"depth":22},"type":"Polygon","arcs":[[498,499,500,-503,501,-684]],"id":"feature_0220"},{"properties":{"depth":21},"type":"Polygon","arcs":[[502,503]],"id":"feature_0221"},{"properties":{"depth":21},"type":"Polygon","arcs":[[504,-505]],"id":"feature_0222"},{"properties":{"depth":21},"type":"Polygon","arcs":[[505,-672,506]],"id":"feature_0223"},{"properties":{"depth":21},"type":"Polygon","arcs":[[507,-676,508,509]],"id":"feature_0224"},{"properties":{"depth":22},"type":"Polygon","arcs":[[510,511,512,513,514]],"id":"feature_0225"},{"properties":{"depth":22},"type":"Polygon","arcs":[[515,-7693,516,517,518]],"id":"feature_0226"},{"properties":{"depth":22},"type":"Polygon","arcs":[[519,520,521]],"id":"feature_0227"},{"properties":{"depth":22},"type":"Polygon","arcs":[[522,523,524]],"id":"feature_0228"},{"properties":{"depth":21},"type":"Polygon","arcs":[[-770,525,526,8385,527,528]],"id":"feature_0229"},{"properties":{"depth":23},"type":"Polygon","arcs":[[529,8323,530,8325,531,-827,532,533]],"id":"feature_0230"},{"properties":{"depth":22},"type":"Polygon","arcs":[[534,-660]],"id":"feature_0231"},{"properties":{"depth":22},"type":"Polygon","arcs":[[8226,535,-541,-647,536,537]],"id":"feature_0232"},{"properties":{"depth":22},"type":"Polygon","arcs":[[-640,-540]],"id":"feature_0233"},{"properties":{"depth":21},"type":"Polygon","arcs":[[538,-641,539,-639,540,541]],"id":"feature_0234"},{"properties":{"depth":23},"type":"Polygon","arcs":[[542,543,544,545,546]],"id":"feature_0235"},{"properties":{"depth":22},"type":"Polygon","arcs":[[-795,547]],"id":"feature_0236"},{"properties":{"depth":22},"type":"Polygon","arcs":[[548,549]],"id":"feature_0237"},{"properties":{"depth":21},"type":"Polygon","arcs":[[550]],"id":"feature_0238"},{"properties":{"depth":22},"type":"Polygon","arcs":[[551,552]],"id":"feature_0239"},{"properties":{"depth":22},"type":"Polygon","arcs":[[553,-994]],"id":"feature_0240"},{"properties":{"depth":21},"type":"Polygon","arcs":[[-745,554,-747,555]],"id":"feature_0241"},{"properties":{"depth":22},"type":"Polygon","arcs":[[556,557,558,559]],"id":"feature_0242"},{"properties":{"depth":24},"type":"Polygon","arcs":[[560,-696,561]],"id":"feature_0243"},{"properties":{"depth":21},"type":"Polygon","arcs":[[700,-701]],"id":"feature_0244"},{"properties":{"depth":22},"type":"Polygon","arcs":[[562,563,-716]],"id":"feature_0245"},{"properties":{"depth":22},"type":"Polygon","arcs":[[564,565,-627]],"id":"feature_0246"},{"properties":{"depth":22},"type":"Polygon","arcs":[[566,-629]],"id":"feature_0247"},{"properties":{"depth":22},"type":"Polygon","arcs":[[-632,567,568]],"id":"feature_0248"},{"properties":{"depth":22},"type":"Polygon","arcs":[[569,-636,570,571]],"id":"feature_0249"},{"properties":{"depth":23},"type":"Polygon","arcs":[[572,-727,9108,-726,9110,-725,9112,-724]],"id":"feature_0250"},{"properties":{"depth":21},"type":"Polygon","arcs":[[573]],"id":"feature_0251"},{"properties":{"depth":21},"type":"Polygon","arcs":[[939]],"id":"feature_0252"},{"properties":{"depth":21},"type":"Polygon","arcs":[[919]],"id":"feature_0253"},{"properties":{"depth":21},"type":"Polygon","arcs":[[921]],"id":"feature_0254"},{"properties":{"depth":21},"type":"Polygon","arcs":[[920]],"id":"feature_0255"},{"properties":{"depth":21},"type":"Polygon","arcs":[[7065,-845]],"id":"feature_0256"},{"properties":{"depth":22},"type":"Polygon","arcs":[[1012]],"id":"feature_0257"},{"properties":{"depth":22},"type":"Polygon","arcs":[[806]],"id":"feature_0258"},{"properties":{"depth":22},"type":"Polygon","arcs":[[574]],"id":"feature_0259"},{"properties":{"depth":22},"type":"Polygon","arcs":[[692]],"id":"feature_0260"},{"properties":{"depth":22},"type":"Polygon","arcs":[[622]],"id":"feature_0261"},{"properties":{"depth":22},"type":"Polygon","arcs":[[-8244,-662,-8242,-663]],"id":"feature_0262"},{"properties":{"depth":22},"type":"Polygon","arcs":[[621]],"id":"feature_0263"},{"properties":{"depth":22},"type":"Polygon","arcs":[[786]],"id":"feature_0264"},{"properties":{"depth":23},"type":"Polygon","arcs":[[922]],"id":"feature_0265"},{"properties":{"depth":23},"type":"Polygon","arcs":[[918]],"id":"feature_0266"},{"properties":{"depth":23},"type":"Polygon","arcs":[[7666,-665]],"id":"feature_0267"},{"properties":{"depth":23},"type":"Polygon","arcs":[[7650,-888]],"id":"feature_0268"},{"properties":{"depth":23},"type":"Polygon","arcs":[[763]],"id":"feature_0269"},{"properties":{"depth":22},"type":"Polygon","arcs":[[990,-987]],"id":"feature_0270"},{"properties":{"depth":22},"type":"Polygon","arcs":[[989]],"id":"feature_0271"},{"properties":{"depth":22},"type":"Polygon","arcs":[[686]],"id":"feature_0272"},{"properties":{"depth":22},"type":"Polygon","arcs":[[685]],"id":"feature_0273"},{"properties":{"depth":24},"type":"Polygon","arcs":[[784]],"id":"feature_0274"},{"properties":{"depth":24},"type":"Polygon","arcs":[[785]],"id":"feature_0275"},{"properties":{"depth":24},"type":"Polygon","arcs":[[619]],"id":"feature_0276"},{"properties":{"depth":24},"type":"Polygon","arcs":[[649]],"id":"feature_0277"},{"properties":{"depth":24},"type":"Polygon","arcs":[[648]],"id":"feature_0278"},{"properties":{"depth":24},"type":"Polygon","arcs":[[575]],"id":"feature_0279"},{"properties":{"depth":23},"type":"Polygon","arcs":[[812]],"id":"feature_0280"},{"properties":{"depth":24},"type":"Polygon","arcs":[[707]],"id":"feature_0281"},{"properties":{"depth":24},"type":"Polygon","arcs":[[576]],"id":"feature_0282"},{"properties":{"depth":24},"type":"Polygon","arcs":[[637]],"id":"feature_0283"},{"properties":{"depth":24},"type":"Polygon","arcs":[[636]],"id":"feature_0284"},{"properties":{"depth":22},"type":"Polygon","arcs":[[577]],"id":"feature_0285"},{"properties":{"depth":24},"type":"Polygon","arcs":[[-9535,-808]],"id":"feature_0286"},{"properties":{"depth":25},"type":"Polygon","arcs":[[734]],"id":"feature_0287"},{"properties":{"depth":25},"type":"Polygon","arcs":[[733]],"id":"feature_0288"},{"properties":{"depth":23},"type":"Polygon","arcs":[[845]],"id":"feature_0289"},{"properties":{"depth":23},"type":"Polygon","arcs":[[857]],"id":"feature_0290"},{"properties":{"depth":23},"type":"Polygon","arcs":[[578]],"id":"feature_0291"},{"properties":{"depth":23},"type":"Polygon","arcs":[[8270,-832]],"id":"feature_0292"},{"properties":{"depth":24},"type":"Polygon","arcs":[[620]],"id":"feature_0293"},{"properties":{"depth":21},"type":"Polygon","arcs":[[579]],"id":"feature_0294"},{"properties":{"depth":22},"type":"Polygon","arcs":[[-991,-992]],"id":"feature_0295"},{"properties":{"depth":25},"type":"Polygon","arcs":[[580]],"id":"feature_0296"},{"properties":{"depth":22},"type":"Polygon","arcs":[[766]],"id":"feature_0297"},{"properties":{"depth":22},"type":"Polygon","arcs":[[987]],"id":"feature_0298"},{"properties":{"depth":23},"type":"Polygon","arcs":[[581,582,8288,583,8978,584,585,-8981,586,587,588,-8987,589,590,591,592,593,-8985,594,595,596,8290,597,8292,598,8294,599,8296,600,8298,601,602,603,8300,604,605,606,607,608,609,610,611,612,613,614,615,616,-8955,617,618],[619],[620],[621],[622]],"id":"feature_0299"},{"properties":{"depth":23},"type":"Polygon","arcs":[[623,624,625,626,627,628,629,630,631,632,633,634,635],[636],[637]],"id":"feature_0300"},{"properties":{"depth":23},"type":"Polygon","arcs":[[638,639,640,641,642,-810,8958,-809,643,644,8222,645,646],[647],[648],[649]],"id":"feature_0301"},{"properties":{"depth":23},"type":"Polygon","arcs":[[650,651,652,653,8247,654,655,656,657,658,-821,7513,-820,659,-818,660],[8241,661,8243,662]],"id":"feature_0302"},{"properties":{"depth":21},"type":"Polygon","arcs":[[-873,-7659,-872,-7657,-871,-7655,-870,-7653,-869,663,-867,-7673,-866,-7588,-865,-7586,-864,-7584,-863,-783,-7661,-782],[-7667,664]],"id":"feature_0303"},{"properties":{"depth":21},"type":"Polygon","arcs":[[665,666,667,668,669,670,671,672,673,674,675,676,677,678,679,680,681,682,683],[684],[685],[686]],"id":"feature_0304"},{"properties":{"depth":23},"type":"Polygon","arcs":[[687,8355,688,8357,689,8359,690,8361,691,-855,8353,-854],[692],[693]],"id":"feature_0305"},{"properties":{"depth":23},"type":"Polygon","arcs":[[694,695,696,697,698,699,700,701,-703,702,703,704,705,706],[707],[708]],"id":"feature_0306"},{"properties":{"depth":23},"type":"Polygon","arcs":[[709,710,711,712,713,714,715,716,717,718],[719]],"id":"feature_0307"},{"properties":{"depth":24},"type":"Polygon","arcs":[[720,8641,721,8643,-9409,-9408,-805,-9406,-804,-9544,-803,-9542,-802,-9540,-801,9528,-800,9526,-799,-9525,722,723,-9113,724,-9111,725,-9109,726,727,728,6140,729,-9080,730,-9078,731,-9076,732],[733],[734]],"id":"feature_0308"},{"properties":{"depth":21},"type":"Polygon","arcs":[[735,7457,736,6862,737,6864,738,7393,739,740],[741],[742]],"id":"feature_0309"},{"properties":{"depth":22},"type":"Polygon","arcs":[[-975,-974,972,973,-972,-971,743,-969,744,745,746,747,748,749,750,751,-976],[752]],"id":"feature_0310"},{"properties":{"depth":22},"type":"Polygon","arcs":[[-986,753,754,-765,755,756,757,758,-760,759,760,761,762],[763]],"id":"feature_0311"},{"properties":{"depth":23},"type":"Polygon","arcs":[[764,765],[766]],"id":"feature_0312"},{"properties":{"depth":23},"type":"Polygon","arcs":[[767,768,769,770,771,8388,772,8390,773,8392,774,8394,775,8396,776,8398,777,778,7579,8401,779,7647,780,-876,8377,-875,8379,-874,781,7660,782,-862,7662,-861,783],[784],[785],[786]],"id":"feature_0313"},{"properties":{"depth":23},"type":"Polygon","arcs":[[787,9538,788,9530,789,9532,790,9536,-917,791,-915,792,-913,793,794,795,-911,796,9522,797,9524,798,-9527,799,-9529,800,9539,801,9541,802,9543,803,9405,804,9407,805,-891,-890,-889],[806],[9534,807]],"id":"feature_0314"},{"properties":{"depth":22},"type":"Polygon","arcs":[[808,-8959,809,8217,810,811],[812]],"id":"feature_0315"},{"properties":{"depth":22},"type":"Polygon","arcs":[[813,6987,814,6989,815,816,817,818,819,-7514,820,821,822,7515,823,7517,824,825,826,827,828,829,6985,830],[-8271,831]],"id":"feature_0316"},{"properties":{"depth":22},"type":"Polygon","arcs":[[7625,832,833,834,835,836,7627,837,838,839,840,841,842,843],[844,-7066],[845]],"id":"feature_0317"},{"properties":{"depth":22},"type":"Polygon","arcs":[[846,7058,847,848,7609,849,7611,850,-8376,851,852,853,-8354,854,855,856],[857]],"id":"feature_0318"},{"properties":{"depth":22},"type":"Polygon","arcs":[[858,859,860,-7663,861,862,7583,863,7585,864,7587,865,7672,866,867,868,7652,869,7654,870,7656,871,7658,872,873,-8380,874,-8378,875,876,877,878,879,7034,880,881,7668,882,7670,883,7589,884,7591,885,7593,886],[-7651,887]],"id":"feature_0319"},{"properties":{"depth":22},"type":"Polygon","arcs":[[888,889,890,891,9410,892,893,894,895,896,897,898,899,900,901,902,903,904,905,906,907,908,909,910,911,912,913,914,915,916,917],[918],[919],[920],[921],[922]],"id":"feature_0320"},{"properties":{"depth":22},"type":"Polygon","arcs":[[923,-1008,924,925,926,927,928,929,930,931,932,933,934,935,936],[937],[938],[939],[940,941,942,943,944,945,946,947]],"id":"feature_0321"},{"properties":{"depth":21},"type":"Polygon","arcs":[[948,949,950,951,952,953,954,955,956,957,958,959,960,961,962,963,964,965,966,967,968,969,970,971,-974,972,973,974,975,976,977,978,979,980,981,982,983,984,985],[-991,986],[987],[988],[989],[990,991]],"id":"feature_0322"},{"properties":{"depth":21},"type":"Polygon","arcs":[[992,993,994,995,996,997],[998],[999]],"id":"feature_0323"},{"properties":{"depth":21},"type":"Polygon","arcs":[[1000,1001,1002,1003,1004,1005,1006,1007],[1008],[1009]],"id":"feature_0324"},{"properties":{"depth":21},"type":"Polygon","arcs":[[1010,1011],[1012]],"id":"feature_0325"},{"properties":{"depth":21},"type":"Polygon","arcs":[[1013,-1446]],"id":"feature_0326"},{"properties":{"depth":21},"type":"Polygon","arcs":[[1014,-1448,1015,-1025,-1243]],"id":"feature_0327"},{"properties":{"depth":21},"type":"Polygon","arcs":[[-1027,1016,-1029,-1245]],"id":"feature_0328"},{"properties":{"depth":21},"type":"Polygon","arcs":[[-1031,1017]],"id":"feature_0329"},{"properties":{"depth":21},"type":"Polygon","arcs":[[-1033,1018,-1270]],"id":"feature_0330"},{"properties":{"depth":21},"type":"Polygon","arcs":[[-1253,-1618,-1257,-1099,1019]],"id":"feature_0331"},{"properties":{"depth":21},"type":"Polygon","arcs":[[1020,-1096]],"id":"feature_0332"},{"properties":{"depth":21},"type":"Polygon","arcs":[[1021,-1100,-1255,-1265,1022]],"id":"feature_0333"},{"properties":{"depth":21},"type":"Polygon","arcs":[[1023,-1259]],"id":"feature_0334"},{"properties":{"depth":22},"type":"Polygon","arcs":[[1024,1025,1026,-1244]],"id":"feature_0335"},{"properties":{"depth":21},"type":"Polygon","arcs":[[1027,-1274]],"id":"feature_0336"},{"properties":{"depth":22},"type":"Polygon","arcs":[[-1269,-1246,1028,1029,1030,1031,1032]],"id":"feature_0337"},{"properties":{"depth":21},"type":"Polygon","arcs":[[1033,-1278,-1115]],"id":"feature_0338"},{"properties":{"depth":21},"type":"Polygon","arcs":[[1034,-1114,-1284]],"id":"feature_0339"},{"properties":{"depth":21},"type":"Polygon","arcs":[[-1102,-1110,-1293]],"id":"feature_0340"},{"properties":{"depth":21},"type":"Polygon","arcs":[[1035,-1105]],"id":"feature_0341"},{"properties":{"depth":21},"type":"Polygon","arcs":[[1036,-1108,-1287,-1107]],"id":"feature_0342"},{"properties":{"depth":21},"type":"Polygon","arcs":[[-1589,1037]],"id":"feature_0343"},{"properties":{"depth":21},"type":"Polygon","arcs":[[1038,-1345,-1595,-1339]],"id":"feature_0344"},{"properties":{"depth":21},"type":"Polygon","arcs":[[1039,-1347,-1582]],"id":"feature_0345"},{"properties":{"depth":21},"type":"Polygon","arcs":[[-1585,1040,-1343,1424,-1424]],"id":"feature_0346"},{"properties":{"depth":21},"type":"Polygon","arcs":[[-1351,-1349,-1354,1041]],"id":"feature_0347"},{"properties":{"depth":21},"type":"Polygon","arcs":[[-1212,-1461,1042]],"id":"feature_0348"},{"properties":{"depth":21},"type":"Polygon","arcs":[[-1224,-1456,-1237,-1220]],"id":"feature_0349"},{"properties":{"depth":21},"type":"Polygon","arcs":[[-1225,-1219,1043]],"id":"feature_0350"},{"properties":{"depth":21},"type":"Polygon","arcs":[[-1240,-1221,-1227,-1454,-1235,-1222]],"id":"feature_0351"},{"properties":{"depth":21},"type":"Polygon","arcs":[[-1217,1044]],"id":"feature_0352"},{"properties":{"depth":21},"type":"Polygon","arcs":[[-1476,-1234,1045]],"id":"feature_0353"},{"properties":{"depth":21},"type":"Polygon","arcs":[[-1478,1046]],"id":"feature_0354"},{"properties":{"depth":21},"type":"Polygon","arcs":[[1047,-1231,-1472]],"id":"feature_0355"},{"properties":{"depth":21},"type":"Polygon","arcs":[[-1229,1048]],"id":"feature_0356"},{"properties":{"depth":21},"type":"Polygon","arcs":[[-1123,-1428,1049]],"id":"feature_0357"},{"properties":{"depth":21},"type":"Polygon","arcs":[[-1121,1050,-1506,1051]],"id":"feature_0358"},{"properties":{"depth":21},"type":"Polygon","arcs":[[1052,-1124,-1507]],"id":"feature_0359"},{"properties":{"depth":21},"type":"Polygon","arcs":[[1053,-1119,1054,-1118]],"id":"feature_0360"},{"properties":{"depth":21},"type":"Polygon","arcs":[[-1411,-1401,-1126,-1399,1055]],"id":"feature_0361"},{"properties":{"depth":21},"type":"Polygon","arcs":[[-1403,-1128,1056]],"id":"feature_0362"},{"properties":{"depth":21},"type":"Polygon","arcs":[[-1407,1057]],"id":"feature_0363"},{"properties":{"depth":21},"type":"Polygon","arcs":[[-1498,1058]],"id":"feature_0364"},{"properties":{"depth":21},"type":"Polygon","arcs":[[-1500,1059]],"id":"feature_0365"},{"properties":{"depth":21},"type":"Polygon","arcs":[[-1241,-1464,1060]],"id":"feature_0366"},{"properties":{"depth":21},"type":"Polygon","arcs":[[1061,-1363]],"id":"feature_0367"},{"properties":{"depth":21},"type":"Polygon","arcs":[[1062,-1370,-1375,-1366]],"id":"feature_0368"},{"properties":{"depth":21},"type":"Polygon","arcs":[[1063,-1368]],"id":"feature_0369"},{"properties":{"depth":21},"type":"Polygon","arcs":[[-1662,-1198,-1660,1064,-1130,1065]],"id":"feature_0370"},{"properties":{"depth":21},"type":"Polygon","arcs":[[1066,-1649]],"id":"feature_0371"},{"properties":{"depth":21},"type":"Polygon","arcs":[[-1196,-1673]],"id":"feature_0372"},{"properties":{"depth":21},"type":"Polygon","arcs":[[-1675,-1197]],"id":"feature_0373"},{"properties":{"depth":21},"type":"Polygon","arcs":[[-1658,1067]],"id":"feature_0374"},{"properties":{"depth":21},"type":"Polygon","arcs":[[-1668,-1195]],"id":"feature_0375"},{"properties":{"depth":21},"type":"Polygon","arcs":[[-1430,-1671]],"id":"feature_0376"},{"properties":{"depth":21},"type":"Polygon","arcs":[[-1604,-1647,-1611,-1655,1068,1069,-1138,1070,-1136,1071,-1133]],"id":"feature_0377"},{"properties":{"depth":21},"type":"Polygon","arcs":[[1072,-1651]],"id":"feature_0378"},{"properties":{"depth":21},"type":"Polygon","arcs":[[1073,-1653]],"id":"feature_0379"},{"properties":{"depth":21},"type":"Polygon","arcs":[[-1644,-1612]],"id":"feature_0380"},{"properties":{"depth":21},"type":"Polygon","arcs":[[-1606,-1135,1074,-1734]],"id":"feature_0381"},{"properties":{"depth":22},"type":"Polygon","arcs":[[1075,-1751]],"id":"feature_0382"},{"properties":{"depth":22},"type":"Polygon","arcs":[[-1163,-1755,-1754,-1753,1076,-1715]],"id":"feature_0383"},{"properties":{"depth":21},"type":"Polygon","arcs":[[-1170,-1177,-1168,-1141,1077,-1142,1078,-1724,-1182,-1722,-1720,-1174,-1140,-1171,-1176]],"id":"feature_0384"},{"properties":{"depth":21},"type":"Polygon","arcs":[[-1183,-1726,1079,-1145,-1185,-1728]],"id":"feature_0385"},{"properties":{"depth":21},"type":"Polygon","arcs":[[-1144,1080,-1187]],"id":"feature_0386"},{"properties":{"depth":21},"type":"Polygon","arcs":[[-1152,-1191,-3622,-1190,-1148,1081]],"id":"feature_0387"},{"properties":{"depth":21},"type":"Polygon","arcs":[[1082,-1634,-1194]],"id":"feature_0388"},{"properties":{"depth":21},"type":"Polygon","arcs":[[1083,-1636]],"id":"feature_0389"},{"properties":{"depth":21},"type":"Polygon","arcs":[[-1153,1084]],"id":"feature_0390"},{"properties":{"depth":21},"type":"Polygon","arcs":[[-1155,-3610,1085,-1150,1086,3394,1087,-1158,-3613,-1157,1088]],"id":"feature_0391"},{"properties":{"depth":21},"type":"Polygon","arcs":[[-1638,1089]],"id":"feature_0392"},{"properties":{"depth":22},"type":"Polygon","arcs":[[-1251,-1625]],"id":"feature_0393"},{"properties":{"depth":22},"type":"Polygon","arcs":[[1090,-1093,-1249,-1622]],"id":"feature_0394"},{"properties":{"depth":22},"type":"Polygon","arcs":[[-1095,1091]],"id":"feature_0395"},{"properties":{"depth":21},"type":"Polygon","arcs":[[-1250,1092,1093,1094]],"id":"feature_0396"},{"properties":{"depth":22},"type":"Polygon","arcs":[[1095,1096,-1620,-1254,1097]],"id":"feature_0397"},{"properties":{"depth":22},"type":"Polygon","arcs":[[1098,-1256,1099,1100]],"id":"feature_0398"},{"properties":{"depth":22},"type":"Polygon","arcs":[[1101,-1292,1102,-1294,1103,1104,1105,1106,-1286]],"id":"feature_0399"},{"properties":{"depth":22},"type":"Polygon","arcs":[[-1288,1107,1108]],"id":"feature_0400"},{"properties":{"depth":22},"type":"Polygon","arcs":[[1109,-1285]],"id":"feature_0401"},{"properties":{"depth":22},"type":"Polygon","arcs":[[-1303,-1290,1110]],"id":"feature_0402"},{"properties":{"depth":21},"type":"Polygon","arcs":[[1111,-1298]],"id":"feature_0403"},{"properties":{"depth":22},"type":"Polygon","arcs":[[1112,1438,-1439,-1281,1113]],"id":"feature_0404"},{"properties":{"depth":22},"type":"Polygon","arcs":[[1114,-1277,1115]],"id":"feature_0405"},{"properties":{"depth":22},"type":"Polygon","arcs":[[1116,1117]],"id":"feature_0406"},{"properties":{"depth":22},"type":"Polygon","arcs":[[1118,1119,1120,1121]],"id":"feature_0407"},{"properties":{"depth":22},"type":"Polygon","arcs":[[1122,-1511]],"id":"feature_0408"},{"properties":{"depth":22},"type":"Polygon","arcs":[[1123,1124,-1508]],"id":"feature_0409"},{"properties":{"depth":22},"type":"Polygon","arcs":[[-1400,1125]],"id":"feature_0410"},{"properties":{"depth":22},"type":"Polygon","arcs":[[-1409,1126,1127,-1402]],"id":"feature_0411"},{"properties":{"depth":22},"type":"Polygon","arcs":[[-1502,1128]],"id":"feature_0412"},{"properties":{"depth":22},"type":"Polygon","arcs":[[1129,1130]],"id":"feature_0413"},{"properties":{"depth":22},"type":"Polygon","arcs":[[1131]],"id":"feature_0414"},{"properties":{"depth":22},"type":"Polygon","arcs":[[-1605,1132,1133,1134]],"id":"feature_0415"},{"properties":{"depth":22},"type":"Polygon","arcs":[[1135,1136]],"id":"feature_0416"},{"properties":{"depth":22},"type":"Polygon","arcs":[[1137,1138]],"id":"feature_0417"},{"properties":{"depth":22},"type":"Polygon","arcs":[[1139,-1173,-1420,-1172]],"id":"feature_0418"},{"properties":{"depth":22},"type":"Polygon","arcs":[[-1711,1140,-1169]],"id":"feature_0419"},{"properties":{"depth":22},"type":"Polygon","arcs":[[1141,1142]],"id":"feature_0420"},{"properties":{"depth":22},"type":"Polygon","arcs":[[1143,-1186,1144,1145]],"id":"feature_0421"},{"properties":{"depth":22},"type":"Polygon","arcs":[[1146,1147,-1189]],"id":"feature_0422"},{"properties":{"depth":22},"type":"Polygon","arcs":[[1148,1149,1150,-1192,1151]],"id":"feature_0423"},{"properties":{"depth":22},"type":"Polygon","arcs":[[1152,1153,3609,1154,1155]],"id":"feature_0424"},{"properties":{"depth":22},"type":"Polygon","arcs":[[1156,3612,1157,1158]],"id":"feature_0425"},{"properties":{"depth":22},"type":"Polygon","arcs":[[-4059,-1205,1159,-1207,3402,-1206]],"id":"feature_0426"},{"properties":{"depth":22},"type":"Polygon","arcs":[[-1691,-3274,-1690,-1689,1688,-1688,-1200,4050]],"id":"feature_0427"},{"properties":{"depth":22},"type":"Polygon","arcs":[[-1686,-1201]],"id":"feature_0428"},{"properties":{"depth":22},"type":"Polygon","arcs":[[-1681,1160]],"id":"feature_0429"},{"properties":{"depth":22},"type":"Polygon","arcs":[[-1609,1161]],"id":"feature_0430"},{"properties":{"depth":23},"type":"Polygon","arcs":[[-1433,-1416,-1717,-1758,-1181,-1756,1162,-1714,-1179,-1417]],"id":"feature_0431"},{"properties":{"depth":23},"type":"Polygon","arcs":[[1163,-1705,-1166,-1703,-1422]],"id":"feature_0432"},{"properties":{"depth":22},"type":"Polygon","arcs":[[1164,-1707]],"id":"feature_0433"},{"properties":{"depth":22},"type":"Polygon","arcs":[[1165,-1704]],"id":"feature_0434"},{"properties":{"depth":22},"type":"Polygon","arcs":[[-1709,1166]],"id":"feature_0435"},{"properties":{"depth":23},"type":"Polygon","arcs":[[1167,-1180,-1712,1168]],"id":"feature_0436"},{"properties":{"depth":23},"type":"Polygon","arcs":[[-1419,-1178,1169,-1175,1170,1171]],"id":"feature_0437"},{"properties":{"depth":23},"type":"Polygon","arcs":[[-1415,1172,1173,-1719]],"id":"feature_0438"},{"properties":{"depth":22},"type":"Polygon","arcs":[[1174,1175]],"id":"feature_0439"},{"properties":{"depth":22},"type":"Polygon","arcs":[[1176,1177,-1418,1178,-1713,1179]],"id":"feature_0440"},{"properties":{"depth":23},"type":"Polygon","arcs":[[1720]],"id":"feature_0441"},{"properties":{"depth":22},"type":"Polygon","arcs":[[1180,-1757]],"id":"feature_0442"},{"properties":{"depth":23},"type":"Polygon","arcs":[[1181,-1723]],"id":"feature_0443"},{"properties":{"depth":23},"type":"Polygon","arcs":[[1182,-1727]],"id":"feature_0444"},{"properties":{"depth":23},"type":"Polygon","arcs":[[1183,-1729,1184,1185,1186]],"id":"feature_0445"},{"properties":{"depth":21},"type":"Polygon","arcs":[[-1607,-1732]],"id":"feature_0446"},{"properties":{"depth":23},"type":"Polygon","arcs":[[-1633,1187,1188,1189,3621,1190,1191,1192,1193]],"id":"feature_0447"},{"properties":{"depth":23},"type":"Polygon","arcs":[[-1669,1194]],"id":"feature_0448"},{"properties":{"depth":23},"type":"Polygon","arcs":[[-1674,1195,-1676,1196]],"id":"feature_0449"},{"properties":{"depth":23},"type":"Polygon","arcs":[[1197,-1661]],"id":"feature_0450"},{"properties":{"depth":23},"type":"Polygon","arcs":[[-1210,-1630]],"id":"feature_0451"},{"properties":{"depth":24},"type":"Polygon","arcs":[[1198]],"id":"feature_0452"},{"properties":{"depth":23},"type":"Polygon","arcs":[[-1692,4049,1199,-1687,1200,-1685,1201,4055,1202,1203,1204,4058,1205,-3403,1206,1207,-1211,-1628,4045,-1627,-1693,4047]],"id":"feature_0453"},{"properties":{"depth":24},"type":"Polygon","arcs":[[1208,-1631,1209,-1629,1210]],"id":"feature_0454"},{"properties":{"depth":22},"type":"Polygon","arcs":[[1211,1212,-1462]],"id":"feature_0455"},{"properties":{"depth":22},"type":"Polygon","arcs":[[1213,-1493]],"id":"feature_0456"},{"properties":{"depth":22},"type":"Polygon","arcs":[[1214,-1491]],"id":"feature_0457"},{"properties":{"depth":22},"type":"Polygon","arcs":[[1215,-1495]],"id":"feature_0458"},{"properties":{"depth":22},"type":"Polygon","arcs":[[1216,1217,1218,1219,-1236,1220,-1239,1221,-1480,1222]],"id":"feature_0459"},{"properties":{"depth":22},"type":"Polygon","arcs":[[-1457,1223,1224,1225]],"id":"feature_0460"},{"properties":{"depth":22},"type":"Polygon","arcs":[[1226,-1238,-1455]],"id":"feature_0461"},{"properties":{"depth":22},"type":"Polygon","arcs":[[-1459,1227]],"id":"feature_0462"},{"properties":{"depth":22},"type":"Polygon","arcs":[[-1468,1228,1229]],"id":"feature_0463"},{"properties":{"depth":22},"type":"Polygon","arcs":[[-1473,1230,1231]],"id":"feature_0464"},{"properties":{"depth":22},"type":"Polygon","arcs":[[1232,1233,-1475]],"id":"feature_0465"},{"properties":{"depth":22},"type":"Polygon","arcs":[[1234,-1481]],"id":"feature_0466"},{"properties":{"depth":23},"type":"Polygon","arcs":[[1235,1236,1237]],"id":"feature_0467"},{"properties":{"depth":23},"type":"Polygon","arcs":[[1238,1239]],"id":"feature_0468"},{"properties":{"depth":22},"type":"Polygon","arcs":[[1240,1241,-1465]],"id":"feature_0469"},{"properties":{"depth":23},"type":"Polygon","arcs":[[1242,1243,1244,1245,-1268,1246]],"id":"feature_0470"},{"properties":{"depth":24},"type":"Polygon","arcs":[[1247,-1623,1248,1249]],"id":"feature_0471"},{"properties":{"depth":24},"type":"Polygon","arcs":[[1250,-1626]],"id":"feature_0472"},{"properties":{"depth":24},"type":"Polygon","arcs":[[1251,-1615]],"id":"feature_0473"},{"properties":{"depth":24},"type":"Polygon","arcs":[[1252,1253,-1619]],"id":"feature_0474"},{"properties":{"depth":24},"type":"Polygon","arcs":[[1254,1255,1256,-1617,1257,1258,1259,-1266]],"id":"feature_0475"},{"properties":{"depth":24},"type":"Polygon","arcs":[[-1265,-1264,1260,1261]],"id":"feature_0476"},{"properties":{"depth":25},"type":"Polygon","arcs":[[1262,1263,1264,1265]],"id":"feature_0477"},{"properties":{"depth":25},"type":"Polygon","arcs":[[1266,1267,1268,1269,1270,-1445]],"id":"feature_0478"},{"properties":{"depth":25},"type":"Polygon","arcs":[[1271]],"id":"feature_0479"},{"properties":{"depth":25},"type":"Polygon","arcs":[[1272]],"id":"feature_0480"},{"properties":{"depth":23},"type":"Polygon","arcs":[[1273,1274]],"id":"feature_0481"},{"properties":{"depth":23},"type":"Polygon","arcs":[[1275,1276,1277,1278,-1440,1279,-1282,1280,-1438]],"id":"feature_0482"},{"properties":{"depth":25},"type":"Polygon","arcs":[[1281,1282,1283]],"id":"feature_0483"},{"properties":{"depth":23},"type":"Polygon","arcs":[[1284,1285,1286,1287,1288,1289,-1302,1290,1291,1292]],"id":"feature_0484"},{"properties":{"depth":23},"type":"Polygon","arcs":[[1293,1294]],"id":"feature_0485"},{"properties":{"depth":25},"type":"Polygon","arcs":[[1295,-1300]],"id":"feature_0486"},{"properties":{"depth":24},"type":"Polygon","arcs":[[1296,1297,1298,1299,1300,1301,1302]],"id":"feature_0487"},{"properties":{"depth":23},"type":"Polygon","arcs":[[1303,-1597]],"id":"feature_0488"},{"properties":{"depth":23},"type":"Polygon","arcs":[[1304,-1599]],"id":"feature_0489"},{"properties":{"depth":23},"type":"Polygon","arcs":[[-1313,-1310,1305]],"id":"feature_0490"},{"properties":{"depth":25},"type":"Polygon","arcs":[[1306,-1601,1307,-1315]],"id":"feature_0491"},{"properties":{"depth":25},"type":"Polygon","arcs":[[1308,1309,-1312]],"id":"feature_0492"},{"properties":{"depth":26},"type":"Polygon","arcs":[[1310,1311,1312,1313,1314]],"id":"feature_0493"},{"properties":{"depth":25},"type":"Polygon","arcs":[[-1324,1315,-1326,1316,-1435,1317,-1321]],"id":"feature_0494"},{"properties":{"depth":24},"type":"Polygon","arcs":[[1318,-1335,-1323,1319,-1334,-1330,-1329,1328,1320]],"id":"feature_0495"},{"properties":{"depth":23},"type":"Polygon","arcs":[[1321,1322,-1337]],"id":"feature_0496"},{"properties":{"depth":23},"type":"Polygon","arcs":[[1323,-1329,-1328,-1332,1324,1325,1326]],"id":"feature_0497"},{"properties":{"depth":22},"type":"Polygon","arcs":[[-1333,1327,1328,1329]],"id":"feature_0498"},{"properties":{"depth":21},"type":"Polygon","arcs":[[1330,1331,1332,1333]],"id":"feature_0499"},{"properties":{"depth":22},"type":"Polygon","arcs":[[1334,1335,1336]],"id":"feature_0500"},{"properties":{"depth":22},"type":"Polygon","arcs":[[-1594,-1341,1337,1338]],"id":"feature_0501"},{"properties":{"depth":23},"type":"Polygon","arcs":[[1339,1340,-1593]],"id":"feature_0502"},{"properties":{"depth":25},"type":"Polygon","arcs":[[-1353,-1358,1341,-1587,-1426,-1425,1342,1343,-1356,-1350]],"id":"feature_0503"},{"properties":{"depth":22},"type":"Polygon","arcs":[[1344,1345,-1580]],"id":"feature_0504"},{"properties":{"depth":22},"type":"Polygon","arcs":[[-1583,1346,1347]],"id":"feature_0505"},{"properties":{"depth":24},"type":"Polygon","arcs":[[-1355,1348,1349]],"id":"feature_0506"},{"properties":{"depth":23},"type":"Polygon","arcs":[[1350,1351,-1359,1352]],"id":"feature_0507"},{"properties":{"depth":22},"type":"Polygon","arcs":[[1353,1354,1355,1356]],"id":"feature_0508"},{"properties":{"depth":26},"type":"Polygon","arcs":[[1357,1358,1359]],"id":"feature_0509"},{"properties":{"depth":22},"type":"Polygon","arcs":[[-1385,1360]],"id":"feature_0510"},{"properties":{"depth":22},"type":"Polygon","arcs":[[-1387,1361,1362,1363,-1371,-1389,-1374]],"id":"feature_0511"},{"properties":{"depth":22},"type":"Polygon","arcs":[[-1377,-1391,-1373,1364,1365]],"id":"feature_0512"},{"properties":{"depth":22},"type":"Polygon","arcs":[[1366,1367,1368,-1562,-1376,1369]],"id":"feature_0513"},{"properties":{"depth":23},"type":"Polygon","arcs":[[1370,1371,1372,-1390]],"id":"feature_0514"},{"properties":{"depth":23},"type":"Polygon","arcs":[[-1388,1373]],"id":"feature_0515"},{"properties":{"depth":23},"type":"Polygon","arcs":[[1374,1375,-1561,-1380,-1559,-1558,-1392,1376]],"id":"feature_0516"},{"properties":{"depth":23},"type":"Polygon","arcs":[[-1382,-1554]],"id":"feature_0517"},{"properties":{"depth":23},"type":"Polygon","arcs":[[1377,-1549]],"id":"feature_0518"},{"properties":{"depth":23},"type":"Polygon","arcs":[[-1551,1378]],"id":"feature_0519"},{"properties":{"depth":26},"type":"Polygon","arcs":[[1379,-1560]],"id":"feature_0520"},{"properties":{"depth":26},"type":"Polygon","arcs":[[-1556,-1383,-1553,-1393]],"id":"feature_0521"},{"properties":{"depth":26},"type":"Polygon","arcs":[[-1394,-1565]],"id":"feature_0522"},{"properties":{"depth":26},"type":"Polygon","arcs":[[1380,-1564]],"id":"feature_0523"},{"properties":{"depth":24},"type":"Polygon","arcs":[[-1555,1381,1382]],"id":"feature_0524"},{"properties":{"depth":24},"type":"Polygon","arcs":[[1383,1384,1385,1386,1387,1388,1389,1390,1391,1557,-1558,-1557,1392]],"id":"feature_0525"},{"properties":{"depth":24},"type":"Polygon","arcs":[[1393,-1566]],"id":"feature_0526"},{"properties":{"depth":25},"type":"Polygon","arcs":[[1394,-1405,-1578]],"id":"feature_0527"},{"properties":{"depth":25},"type":"Polygon","arcs":[[-1398,-1570]],"id":"feature_0528"},{"properties":{"depth":24},"type":"Polygon","arcs":[[-1540,1395]],"id":"feature_0529"},{"properties":{"depth":24},"type":"Polygon","arcs":[[-1538,1396]],"id":"feature_0530"},{"properties":{"depth":25},"type":"Polygon","arcs":[[-1414,-1524]],"id":"feature_0531"},{"properties":{"depth":24},"type":"Polygon","arcs":[[-1525,-1571,1397,-1569]],"id":"feature_0532"},{"properties":{"depth":24},"type":"Polygon","arcs":[[1398,1399,1400,-1413,-1527,-1410,1401,1402,1403]],"id":"feature_0533"},{"properties":{"depth":23},"type":"Polygon","arcs":[[-1567,1404,1405,1406,1407,1408,1409,-1526]],"id":"feature_0534"},{"properties":{"depth":23},"type":"Polygon","arcs":[[1410,1411,-1504,-1528,1412]],"id":"feature_0535"},{"properties":{"depth":23},"type":"Polygon","arcs":[[1413,-1523]],"id":"feature_0536"},{"properties":{"depth":21},"type":"Polygon","arcs":[[1414,-1718,1415,-1432,1416,1417,1418,1419]],"id":"feature_0537"},{"properties":{"depth":22},"type":"Polygon","arcs":[[-1702,1420,1421]],"id":"feature_0538"},{"properties":{"depth":24},"type":"Polygon","arcs":[[-1542,-1575]],"id":"feature_0539"},{"properties":{"depth":24},"type":"Polygon","arcs":[[-1536,1422]],"id":"feature_0540"},{"properties":{"depth":22},"type":"Polygon","arcs":[[1423,-1425,1424,1425,-1586]],"id":"feature_0541"},{"properties":{"depth":23},"type":"Polygon","arcs":[[1426,1427,-1510]],"id":"feature_0542"},{"properties":{"depth":22},"type":"Polygon","arcs":[[1428,-1470]],"id":"feature_0543"},{"properties":{"depth":23},"type":"Polygon","arcs":[[1429,-1672]],"id":"feature_0544"},{"properties":{"depth":21},"type":"Polygon","arcs":[[1430,-1743]],"id":"feature_0545"},{"properties":{"depth":22},"type":"Polygon","arcs":[[1431,1432]],"id":"feature_0546"},{"properties":{"depth":26},"type":"Polygon","arcs":[[1433,1434]],"id":"feature_0547"},{"properties":{"depth":23},"type":"Polygon","arcs":[[-1591,1435]],"id":"feature_0548"},{"properties":{"depth":24},"type":"Polygon","arcs":[[-1439,1436,1437,1438]],"id":"feature_0549"},{"properties":{"depth":24},"type":"Polygon","arcs":[[1439,1440]],"id":"feature_0550"},{"properties":{"depth":23},"type":"Polygon","arcs":[[1441]],"id":"feature_0551"},{"properties":{"depth":23},"type":"Polygon","arcs":[[1442]],"id":"feature_0552"},{"properties":{"depth":26},"type":"Polygon","arcs":[[1443,1444]],"id":"feature_0553"},{"properties":{"depth":24},"type":"Polygon","arcs":[[1445,1446,1447,1448]],"id":"feature_0554"},{"properties":{"depth":21},"type":"Polygon","arcs":[[1663]],"id":"feature_0555"},{"properties":{"depth":21},"type":"Polygon","arcs":[[1665]],"id":"feature_0556"},{"properties":{"depth":21},"type":"Polygon","arcs":[[1647]],"id":"feature_0557"},{"properties":{"depth":22},"type":"Polygon","arcs":[[1762]],"id":"feature_0558"},{"properties":{"depth":22},"type":"Polygon","arcs":[[-7504,-1760]],"id":"feature_0559"},{"properties":{"depth":22},"type":"Polygon","arcs":[[1761]],"id":"feature_0560"},{"properties":{"depth":22},"type":"Polygon","arcs":[[1760]],"id":"feature_0561"},{"properties":{"depth":22},"type":"Polygon","arcs":[[1763]],"id":"feature_0562"},{"properties":{"depth":22},"type":"Polygon","arcs":[[-4042,-1699]],"id":"feature_0563"},{"properties":{"depth":22},"type":"Polygon","arcs":[[1695]],"id":"feature_0564"},{"properties":{"depth":22},"type":"Polygon","arcs":[[1696]],"id":"feature_0565"},{"properties":{"depth":22},"type":"Polygon","arcs":[[1697]],"id":"feature_0566"},{"properties":{"depth":22},"type":"Polygon","arcs":[[1613]],"id":"feature_0567"},{"properties":{"depth":23},"type":"Polygon","arcs":[[1744]],"id":"feature_0568"},{"properties":{"depth":23},"type":"Polygon","arcs":[[1745]],"id":"feature_0569"},{"properties":{"depth":23},"type":"Polygon","arcs":[[1743]],"id":"feature_0570"},{"properties":{"depth":23},"type":"Polygon","arcs":[[1746]],"id":"feature_0571"},{"properties":{"depth":22},"type":"Polygon","arcs":[[1715]],"id":"feature_0572"},{"properties":{"depth":23},"type":"Polygon","arcs":[[1738]],"id":"feature_0573"},{"properties":{"depth":23},"type":"Polygon","arcs":[[1736]],"id":"feature_0574"},{"properties":{"depth":21},"type":"Polygon","arcs":[[1737]],"id":"feature_0575"},{"properties":{"depth":23},"type":"Polygon","arcs":[[1735]],"id":"feature_0576"},{"properties":{"depth":23},"type":"Polygon","arcs":[[1664]],"id":"feature_0577"},{"properties":{"depth":23},"type":"Polygon","arcs":[[1676]],"id":"feature_0578"},{"properties":{"depth":23},"type":"Polygon","arcs":[[1666]],"id":"feature_0579"},{"properties":{"depth":23},"type":"Polygon","arcs":[[1449]],"id":"feature_0580"},{"properties":{"depth":23},"type":"Polygon","arcs":[[1641]],"id":"feature_0581"},{"properties":{"depth":22},"type":"Polygon","arcs":[[1482]],"id":"feature_0582"},{"properties":{"depth":22},"type":"Polygon","arcs":[[1487]],"id":"feature_0583"},{"properties":{"depth":22},"type":"Polygon","arcs":[[1483]],"id":"feature_0584"},{"properties":{"depth":22},"type":"Polygon","arcs":[[1485]],"id":"feature_0585"},{"properties":{"depth":22},"type":"Polygon","arcs":[[1450]],"id":"feature_0586"},{"properties":{"depth":22},"type":"Polygon","arcs":[[1486]],"id":"feature_0587"},{"properties":{"depth":22},"type":"Polygon","arcs":[[1484]],"id":"feature_0588"},{"properties":{"depth":23},"type":"Polygon","arcs":[[1602]],"id":"feature_0589"},{"properties":{"depth":23},"type":"Polygon","arcs":[[1595]],"id":"feature_0590"},{"properties":{"depth":25},"type":"Polygon","arcs":[[1578]],"id":"feature_0591"},{"properties":{"depth":24},"type":"Polygon","arcs":[[1546]],"id":"feature_0592"},{"properties":{"depth":24},"type":"Polygon","arcs":[[1545]],"id":"feature_0593"},{"properties":{"depth":24},"type":"Polygon","arcs":[[1543]],"id":"feature_0594"},{"properties":{"depth":24},"type":"Polygon","arcs":[[1542]],"id":"feature_0595"},{"properties":{"depth":24},"type":"Polygon","arcs":[[1451]],"id":"feature_0596"},{"properties":{"depth":25},"type":"Polygon","arcs":[[1517]],"id":"feature_0597"},{"properties":{"depth":25},"type":"Polygon","arcs":[[1515]],"id":"feature_0598"},{"properties":{"depth":24},"type":"Polygon","arcs":[[1452]],"id":"feature_0599"},{"properties":{"depth":24},"type":"Polygon","arcs":[[1530]],"id":"feature_0600"},{"properties":{"depth":24},"type":"Polygon","arcs":[[1531]],"id":"feature_0601"},{"properties":{"depth":24},"type":"Polygon","arcs":[[1529]],"id":"feature_0602"},{"properties":{"depth":23},"type":"Polygon","arcs":[[1519]],"id":"feature_0603"},{"properties":{"depth":23},"type":"Polygon","arcs":[[1520]],"id":"feature_0604"},{"properties":{"depth":23},"type":"Polygon","arcs":[[1516]],"id":"feature_0605"},{"properties":{"depth":23},"type":"Polygon","arcs":[[1521]],"id":"feature_0606"},{"properties":{"depth":23},"type":"Polygon","arcs":[[1512]],"id":"feature_0607"},{"properties":{"depth":23},"type":"Polygon","arcs":[[1518]],"id":"feature_0608"},{"properties":{"depth":23},"type":"Polygon","arcs":[[1514]],"id":"feature_0609"},{"properties":{"depth":23},"type":"Polygon","arcs":[[1513]],"id":"feature_0610"},{"properties":{"depth":24},"type":"Polygon","arcs":[[1488]],"id":"feature_0611"},{"properties":{"depth":24},"type":"Polygon","arcs":[[1481]],"id":"feature_0612"},{"properties":{"depth":23},"type":"Polygon","arcs":[[1453,1454,1455,1456,1457,1458,1459,1460,1461,1462,1463,1464,1465,-1512,1466,1467,1468,1469,1470,1471,1472,1473,1474,1475,1476,1477,1478,1479,1480],[1481],[1482],[1483],[1484],[1485],[1486],[1487],[1488],[1489],[1490,1491,1492,1493,1494,1495]],"id":"feature_0613"},{"properties":{"depth":24},"type":"Polygon","arcs":[[1496,1497,1498,1499,1500,1501,1502,-1534,-1573,-1529,1503,1504,1505,1506,1507,1508,1509,1510,1511],[1512],[1513],[1514],[1515],[1516],[1517],[1518],[1519],[1520],[1521],[1522,1523]],"id":"feature_0614"},{"properties":{"depth":25},"type":"Polygon","arcs":[[1524,-1568,1525,1526,1527,1528,-1572],[1529],[1530],[1531],[1532]],"id":"feature_0615"},{"properties":{"depth":25},"type":"Polygon","arcs":[[1533,1534,1535,1536,1537,1538,1539,1540,-1576,1541,-1574],[1542],[1543],[1544],[1545],[1546]],"id":"feature_0616"},{"properties":{"depth":25},"type":"Polygon","arcs":[[1547,1548,1549,1550,1551,1552,1553,1554,1555,1556,1557,1558,1559,1560,1561,1562,1563],[1564,1565]],"id":"feature_0617"},{"properties":{"depth":26},"type":"Polygon","arcs":[[1566,1567,1568,1569,1570,1571,1572,1573,1574,1575,1576,1577],[1578]],"id":"feature_0618"},{"properties":{"depth":24},"type":"Polygon","arcs":[[1579,1580,1581,1582,1583,1584,1585,1586,1587,1588,1589,1590,1591,1592,1593,1594],[1595]],"id":"feature_0619"},{"properties":{"depth":24},"type":"Polygon","arcs":[[1596,1597,1598,1599,1600,1601],[1602]],"id":"feature_0620"},{"properties":{"depth":23},"type":"Polygon","arcs":[[-1643,1603,1604,1605,-1733,1606,-1731,1607,1608,1609,-1656,1610,-1646,-1766,-1645,1611],[1612],[1613]],"id":"feature_0621"},{"properties":{"depth":23},"type":"Polygon","arcs":[[1614,1615,1616,1617,1618,1619,1620,1621,1622,1623],[1624,1625]],"id":"feature_0622"},{"properties":{"depth":22},"type":"Polygon","arcs":[[-4044,-1694,1626,-4046,1627,1628,1629,1630,1631,1632,1633,1634,1635,1636,1637,4078,1638,4080,1639,4082,1640,-1695],[1641]],"id":"feature_0623"},{"properties":{"depth":22},"type":"Polygon","arcs":[[1642,1643,1644,-1767,1645,1646],[1647]],"id":"feature_0624"},{"properties":{"depth":22},"type":"Polygon","arcs":[[1648,1649,1650,1651,1652,1653,1654,1655,1656,1657,1658,1659,1660,1661,1662],[1663],[1664],[1665],[1666],[1667,1668],[1669],[1670,1671],[1672,1673,1674,1675],[1676]],"id":"feature_0625"},{"properties":{"depth":21},"type":"Polygon","arcs":[[4084,1677,-3271,1678,-4090,1679,1680,1681,1682,-3556,1683,1684,1685,1686,1687,-1689,1688,1689,3273,1690,-4051,-4050,1691,-4048,1692,1693,4043,1694],[1695],[1696],[1697],[4041,1698]],"id":"feature_0626"},{"properties":{"depth":21},"type":"Polygon","arcs":[[1699,-1741,1700,1701,1702,1703,1704,1705,1706,1707,1708,1709,1710,1711,1712,1713,1714],[1715]],"id":"feature_0627"},{"properties":{"depth":22},"type":"Polygon","arcs":[[1716,1717,1718,1719,1720,1721,1722,1723,1724,1725,1726,1727,1728,1729,1730,1731,1732,1733,1734,-1759],[1735],[1736],[1737],[1738]],"id":"feature_0628"},{"properties":{"depth":22},"type":"Polygon","arcs":[[1739,1740,1741,1742],[1743],[1744],[1745],[1746]],"id":"feature_0629"},{"properties":{"depth":21},"type":"Polygon","arcs":[[1747,7013,1748,7017,7521,1749,1750,1751,1752,1753,1754,1755,1756,1757,1758],[7503,1759],[1760],[1761],[1762],[1763],[1764]],"id":"feature_0630"},{"properties":{"depth":21},"type":"Polygon","arcs":[[1765,1766],[1767]],"id":"feature_0631"},{"properties":{"depth":21},"type":"Polygon","arcs":[[1768,-1851,-1811]],"id":"feature_0632"},{"properties":{"depth":21},"type":"Polygon","arcs":[[1769,-1813,-1853]],"id":"feature_0633"},{"properties":{"depth":21},"type":"Polygon","arcs":[[-2013,1770,-1796,-2187,-2170]],"id":"feature_0634"},{"properties":{"depth":21},"type":"Polygon","arcs":[[-1803,1771]],"id":"feature_0635"},{"properties":{"depth":21},"type":"Polygon","arcs":[[-1805,1772,-1874]],"id":"feature_0636"},{"properties":{"depth":21},"type":"Polygon","arcs":[[1773]],"id":"feature_0637"},{"properties":{"depth":21},"type":"Polygon","arcs":[[-1806,1774]],"id":"feature_0638"},{"properties":{"depth":21},"type":"Polygon","arcs":[[-1867,-1800,1775]],"id":"feature_0639"},{"properties":{"depth":21},"type":"Polygon","arcs":[[-2030,-1870,-1799,1776]],"id":"feature_0640"},{"properties":{"depth":21},"type":"Polygon","arcs":[[-2123,-2032,1777]],"id":"feature_0641"},{"properties":{"depth":21},"type":"Polygon","arcs":[[-1835,1778,-1990,-1793]],"id":"feature_0642"},{"properties":{"depth":21},"type":"Polygon","arcs":[[1779,-1832]],"id":"feature_0643"},{"properties":{"depth":21},"type":"Polygon","arcs":[[-1840,1780]],"id":"feature_0644"},{"properties":{"depth":21},"type":"Polygon","arcs":[[-2124,1781]],"id":"feature_0645"},{"properties":{"depth":21},"type":"Polygon","arcs":[[-1978,1782]],"id":"feature_0646"},{"properties":{"depth":21},"type":"Polygon","arcs":[[-2130,1783]],"id":"feature_0647"},{"properties":{"depth":21},"type":"Polygon","arcs":[[-2129,1784]],"id":"feature_0648"},{"properties":{"depth":21},"type":"Polygon","arcs":[[-1900,1785]],"id":"feature_0649"},{"properties":{"depth":21},"type":"Polygon","arcs":[[-1909,1786,-1894]],"id":"feature_0650"},{"properties":{"depth":21},"type":"Polygon","arcs":[[-1816,1787]],"id":"feature_0651"},{"properties":{"depth":21},"type":"Polygon","arcs":[[-1821,1788]],"id":"feature_0652"},{"properties":{"depth":22},"type":"Polygon","arcs":[[-1825,1789,-1827,1790,-1986,-1985,1791]],"id":"feature_0653"},{"properties":{"depth":22},"type":"Polygon","arcs":[[-1989,-1836,1792]],"id":"feature_0654"},{"properties":{"depth":22},"type":"Polygon","arcs":[[-2003,1793]],"id":"feature_0655"},{"properties":{"depth":22},"type":"Polygon","arcs":[[1794,-2188,1795]],"id":"feature_0656"},{"properties":{"depth":22},"type":"Polygon","arcs":[[1796,-2178,-1861]],"id":"feature_0657"},{"properties":{"depth":22},"type":"Polygon","arcs":[[-2035,-1864]],"id":"feature_0658"},{"properties":{"depth":22},"type":"Polygon","arcs":[[1797,1798,-1869]],"id":"feature_0659"},{"properties":{"depth":22},"type":"Polygon","arcs":[[1799,-1866,-1973,1800]],"id":"feature_0660"},{"properties":{"depth":22},"type":"Polygon","arcs":[[-1980,1801]],"id":"feature_0661"},{"properties":{"depth":22},"type":"Polygon","arcs":[[-1873,1802,1803,1804]],"id":"feature_0662"},{"properties":{"depth":22},"type":"Polygon","arcs":[[1805,1806,-1872,1807]],"id":"feature_0663"},{"properties":{"depth":22},"type":"Polygon","arcs":[[1808,-1876]],"id":"feature_0664"},{"properties":{"depth":22},"type":"Polygon","arcs":[[-1857,-2174,1809]],"id":"feature_0665"},{"properties":{"depth":22},"type":"Polygon","arcs":[[1810,-1850,-1957,-1855,1811]],"id":"feature_0666"},{"properties":{"depth":22},"type":"Polygon","arcs":[[1812,-1854]],"id":"feature_0667"},{"properties":{"depth":22},"type":"Polygon","arcs":[[1813]],"id":"feature_0668"},{"properties":{"depth":22},"type":"Polygon","arcs":[[-1888,-2050,1814]],"id":"feature_0669"},{"properties":{"depth":22},"type":"Polygon","arcs":[[1815,1816,-2079,-2071,1817]],"id":"feature_0670"},{"properties":{"depth":22},"type":"Polygon","arcs":[[-1899,1818]],"id":"feature_0671"},{"properties":{"depth":23},"type":"Polygon","arcs":[[-2008,1819,1820,1821]],"id":"feature_0672"},{"properties":{"depth":23},"type":"Polygon","arcs":[[-2165,-2005,1822]],"id":"feature_0673"},{"properties":{"depth":23},"type":"Polygon","arcs":[[-2011,1823]],"id":"feature_0674"},{"properties":{"depth":23},"type":"Polygon","arcs":[[1824,1825]],"id":"feature_0675"},{"properties":{"depth":23},"type":"Polygon","arcs":[[1826,1827]],"id":"feature_0676"},{"properties":{"depth":25},"type":"Polygon","arcs":[[-2111,1828]],"id":"feature_0677"},{"properties":{"depth":23},"type":"Polygon","arcs":[[1829,-1842,1830,1831,1832,-1995,1833,1834,1835,-1992,1836,-1983]],"id":"feature_0678"},{"properties":{"depth":23},"type":"Polygon","arcs":[[1837,-1988]],"id":"feature_0679"},{"properties":{"depth":22},"type":"Polygon","arcs":[[1838,1839,1840,1841]],"id":"feature_0680"},{"properties":{"depth":23},"type":"Polygon","arcs":[[-1998,1842,-2105,1843,-1993,1844,-2115]],"id":"feature_0681"},{"properties":{"depth":25},"type":"Polygon","arcs":[[-2109,1845,-2000]],"id":"feature_0682"},{"properties":{"depth":23},"type":"Polygon","arcs":[[-2107,1846]],"id":"feature_0683"},{"properties":{"depth":23},"type":"Polygon","arcs":[[1847]],"id":"feature_0684"},{"properties":{"depth":23},"type":"Polygon","arcs":[[1848,-1958,1849,1850,1851,1852,1853]],"id":"feature_0685"},{"properties":{"depth":23},"type":"Polygon","arcs":[[1854,-1956,1855]],"id":"feature_0686"},{"properties":{"depth":23},"type":"Polygon","arcs":[[-2175,1856,1857,-1960,1858,-1965,1859]],"id":"feature_0687"},{"properties":{"depth":23},"type":"Polygon","arcs":[[1860,-2177,1861]],"id":"feature_0688"},{"properties":{"depth":23},"type":"Polygon","arcs":[[1862,-1967,-2029]],"id":"feature_0689"},{"properties":{"depth":23},"type":"Polygon","arcs":[[-1972,-2036,1863,-2034,-1969,1864,-1974,1865,1866,1867,1868,1869,-2038]],"id":"feature_0690"},{"properties":{"depth":23},"type":"Polygon","arcs":[[1870,1871,1872,1873]],"id":"feature_0691"},{"properties":{"depth":23},"type":"Polygon","arcs":[[-1963,1874,1875,1876]],"id":"feature_0692"},{"properties":{"depth":23},"type":"Polygon","arcs":[[1877,-1976]],"id":"feature_0693"},{"properties":{"depth":23},"type":"Polygon","arcs":[[1878,-1928,-1946]],"id":"feature_0694"},{"properties":{"depth":23},"type":"Polygon","arcs":[[-1944,1879]],"id":"feature_0695"},{"properties":{"depth":23},"type":"Polygon","arcs":[[-1924,1880,-1948,-1927,1881]],"id":"feature_0696"},{"properties":{"depth":23},"type":"Polygon","arcs":[[1882,-1926]],"id":"feature_0697"},{"properties":{"depth":23},"type":"Polygon","arcs":[[-2044,1883]],"id":"feature_0698"},{"properties":{"depth":23},"type":"Polygon","arcs":[[1884,-1886,-2046]],"id":"feature_0699"},{"properties":{"depth":22},"type":"Polygon","arcs":[[-2040,1885,1886]],"id":"feature_0700"},{"properties":{"depth":23},"type":"Polygon","arcs":[[-2051,1887,1888]],"id":"feature_0701"},{"properties":{"depth":23},"type":"Polygon","arcs":[[-2047,1889]],"id":"feature_0702"},{"properties":{"depth":23},"type":"Polygon","arcs":[[-1920,1890,-2061]],"id":"feature_0703"},{"properties":{"depth":23},"type":"Polygon","arcs":[[1891,-1914,-1916,-2073,1892]],"id":"feature_0704"},{"properties":{"depth":23},"type":"Polygon","arcs":[[1893,1894,-2076,-1910]],"id":"feature_0705"},{"properties":{"depth":23},"type":"Polygon","arcs":[[-1897,1895]],"id":"feature_0706"},{"properties":{"depth":24},"type":"Polygon","arcs":[[1896,1897,1898,1899,1900,-2064,1901]],"id":"feature_0707"},{"properties":{"depth":24},"type":"Polygon","arcs":[[-2068,1902]],"id":"feature_0708"},{"properties":{"depth":24},"type":"Polygon","arcs":[[1903,-2066]],"id":"feature_0709"},{"properties":{"depth":24},"type":"Polygon","arcs":[[1904,-2062,-2091]],"id":"feature_0710"},{"properties":{"depth":24},"type":"Polygon","arcs":[[1905,-2088,-2096,1906,-2081]],"id":"feature_0711"},{"properties":{"depth":24},"type":"Polygon","arcs":[[1907,-2084]],"id":"feature_0712"},{"properties":{"depth":24},"type":"Polygon","arcs":[[1908,1909,-2078,1910]],"id":"feature_0713"},{"properties":{"depth":24},"type":"Polygon","arcs":[[-1914,1911,1912]],"id":"feature_0714"},{"properties":{"depth":24},"type":"Polygon","arcs":[[1913,1914,-2074,1915]],"id":"feature_0715"},{"properties":{"depth":24},"type":"Polygon","arcs":[[1916,-2137,-2056]],"id":"feature_0716"},{"properties":{"depth":24},"type":"Polygon","arcs":[[1917,-2054]],"id":"feature_0717"},{"properties":{"depth":24},"type":"Polygon","arcs":[[1918,-2058]],"id":"feature_0718"},{"properties":{"depth":24},"type":"Polygon","arcs":[[1919,-2060,1920]],"id":"feature_0719"},{"properties":{"depth":24},"type":"Polygon","arcs":[[-2042,1921]],"id":"feature_0720"},{"properties":{"depth":24},"type":"Polygon","arcs":[[1922,1923,1924,1925]],"id":"feature_0721"},{"properties":{"depth":24},"type":"Polygon","arcs":[[1926,-1947,1927,1928]],"id":"feature_0722"},{"properties":{"depth":24},"type":"Polygon","arcs":[[-1942,1929]],"id":"feature_0723"},{"properties":{"depth":23},"type":"Polygon","arcs":[[-1940,1930]],"id":"feature_0724"},{"properties":{"depth":24},"type":"Polygon","arcs":[[1931,-1950]],"id":"feature_0725"},{"properties":{"depth":24},"type":"Polygon","arcs":[[-1954,1932]],"id":"feature_0726"},{"properties":{"depth":24},"type":"Polygon","arcs":[[-2150,1933,-1952]],"id":"feature_0727"},{"properties":{"depth":24},"type":"Polygon","arcs":[[1934,-2148]],"id":"feature_0728"},{"properties":{"depth":24},"type":"Polygon","arcs":[[-2146,1935]],"id":"feature_0729"},{"properties":{"depth":24},"type":"Polygon","arcs":[[1936,-2140]],"id":"feature_0730"},{"properties":{"depth":25},"type":"Polygon","arcs":[[-2142,1937]],"id":"feature_0731"},{"properties":{"depth":25},"type":"Polygon","arcs":[[1938,-2144]],"id":"feature_0732"},{"properties":{"depth":25},"type":"Polygon","arcs":[[1939,1940,1941,1942,1943,1944,1945,1946,1947,1948,1949,1950,-2151,1951,1952,1953,1954]],"id":"feature_0733"},{"properties":{"depth":24},"type":"Polygon","arcs":[[1955,1956,1957,1958,1959,1960]],"id":"feature_0734"},{"properties":{"depth":24},"type":"Polygon","arcs":[[-2135,1961,1962,1963,1964,1965]],"id":"feature_0735"},{"properties":{"depth":24},"type":"Polygon","arcs":[[1966,1967,1968,-2033,-2121,-2024]],"id":"feature_0736"},{"properties":{"depth":24},"type":"Polygon","arcs":[[-2025,-2119,-2022,1969]],"id":"feature_0737"},{"properties":{"depth":24},"type":"Polygon","arcs":[[-2027,1970]],"id":"feature_0738"},{"properties":{"depth":24},"type":"Polygon","arcs":[[1971,-2037]],"id":"feature_0739"},{"properties":{"depth":24},"type":"Polygon","arcs":[[1972,1973,1974,1975,1976,1977,1978,1979,1980]],"id":"feature_0740"},{"properties":{"depth":24},"type":"Polygon","arcs":[[1981,1982,1983,1984,1985,1986,1987]],"id":"feature_0741"},{"properties":{"depth":24},"type":"Polygon","arcs":[[1988,1989,1990,1991]],"id":"feature_0742"},{"properties":{"depth":24},"type":"Polygon","arcs":[[1992,1993,1994,1995]],"id":"feature_0743"},{"properties":{"depth":24},"type":"Polygon","arcs":[[1996,1997,-2114,1998,1999]],"id":"feature_0744"},{"properties":{"depth":24},"type":"Polygon","arcs":[[2000]],"id":"feature_0745"},{"properties":{"depth":24},"type":"Polygon","arcs":[[2001]],"id":"feature_0746"},{"properties":{"depth":24},"type":"Polygon","arcs":[[2002,2003,2004,-2164,2005]],"id":"feature_0747"},{"properties":{"depth":24},"type":"Polygon","arcs":[[-2167,2006,2007,2008]],"id":"feature_0748"},{"properties":{"depth":24},"type":"Polygon","arcs":[[-2169,2009,2010,2011,-2015,2012]],"id":"feature_0749"},{"properties":{"depth":23},"type":"Polygon","arcs":[[2013,2014]],"id":"feature_0750"},{"properties":{"depth":24},"type":"Polygon","arcs":[[-2185,-2171]],"id":"feature_0751"},{"properties":{"depth":24},"type":"Polygon","arcs":[[-2182,-2181,-2156,-2183]],"id":"feature_0752"},{"properties":{"depth":24},"type":"Polygon","arcs":[[2015,-2153,2016,-2126,-2190]],"id":"feature_0753"},{"properties":{"depth":24},"type":"Polygon","arcs":[[-2192,-2128]],"id":"feature_0754"},{"properties":{"depth":25},"type":"Polygon","arcs":[[-2103,2017]],"id":"feature_0755"},{"properties":{"depth":25},"type":"Polygon","arcs":[[2018]],"id":"feature_0756"},{"properties":{"depth":24},"type":"Polygon","arcs":[[2019,-2160]],"id":"feature_0757"},{"properties":{"depth":25},"type":"Polygon","arcs":[[-2116,-2132,2020]],"id":"feature_0758"},{"properties":{"depth":25},"type":"Polygon","arcs":[[2021,-2118,2022]],"id":"feature_0759"},{"properties":{"depth":25},"type":"Polygon","arcs":[[2023,-2120,2024,2025,2026,2027,2028]],"id":"feature_0760"},{"properties":{"depth":25},"type":"Polygon","arcs":[[2029,2030,2031,-2122,2032,2033,2034,2035,2036,2037]],"id":"feature_0761"},{"properties":{"depth":25},"type":"Polygon","arcs":[[2038]],"id":"feature_0762"},{"properties":{"depth":25},"type":"Polygon","arcs":[[2039,2040,2041,2042,2043,2044,2045]],"id":"feature_0763"},{"properties":{"depth":24},"type":"Polygon","arcs":[[2046,2047,-2099,2048,2049,2050,2051]],"id":"feature_0764"},{"properties":{"depth":25},"type":"Polygon","arcs":[[2052,2053,2054,2055,2056,2057,2058,2059,2060]],"id":"feature_0765"},{"properties":{"depth":25},"type":"Polygon","arcs":[[-2092,2061,2062,2063,2064,2065,2066,2067,2068]],"id":"feature_0766"},{"properties":{"depth":25},"type":"Polygon","arcs":[[2069,2070,-2083]],"id":"feature_0767"},{"properties":{"depth":25},"type":"Polygon","arcs":[[-2086,2071,2072,2073,2074]],"id":"feature_0768"},{"properties":{"depth":25},"type":"Polygon","arcs":[[2075,2076,2077]],"id":"feature_0769"},{"properties":{"depth":26},"type":"Polygon","arcs":[[2078,2079,2080,2081,2082]],"id":"feature_0770"},{"properties":{"depth":26},"type":"Polygon","arcs":[[2083,2084,2085,2086]],"id":"feature_0771"},{"properties":{"depth":26},"type":"Polygon","arcs":[[-2097,2087,2088]],"id":"feature_0772"},{"properties":{"depth":26},"type":"Polygon","arcs":[[2089,2090,2091,2092,-2094]],"id":"feature_0773"},{"properties":{"depth":27},"type":"Polygon","arcs":[[2093,2094]],"id":"feature_0774"},{"properties":{"depth":27},"type":"Polygon","arcs":[[2095,2096,2097]],"id":"feature_0775"},{"properties":{"depth":26},"type":"Polygon","arcs":[[2098,2099]],"id":"feature_0776"},{"properties":{"depth":26},"type":"Polygon","arcs":[[2100,-2158,2101,-2162]],"id":"feature_0777"},{"properties":{"depth":26},"type":"Polygon","arcs":[[2102,2103]],"id":"feature_0778"},{"properties":{"depth":26},"type":"Polygon","arcs":[[2104,2105,2106,2107]],"id":"feature_0779"},{"properties":{"depth":26},"type":"Polygon","arcs":[[2108,2109,2110,2111]],"id":"feature_0780"},{"properties":{"depth":26},"type":"Polygon","arcs":[[2112,2113,2114]],"id":"feature_0781"},{"properties":{"depth":26},"type":"Polygon","arcs":[[-2133,2115,2116,2117,2118,2119,2120,2121,2122,2123,2124]],"id":"feature_0782"},{"properties":{"depth":25},"type":"Polygon","arcs":[[-2191,2125,2126,-2193,2127]],"id":"feature_0783"},{"properties":{"depth":24},"type":"Polygon","arcs":[[2128,2129,2130]],"id":"feature_0784"},{"properties":{"depth":27},"type":"Polygon","arcs":[[2131,2132,2133]],"id":"feature_0785"},{"properties":{"depth":23},"type":"Polygon","arcs":[[2134,2135]],"id":"feature_0786"},{"properties":{"depth":25},"type":"Polygon","arcs":[[2136,2137]],"id":"feature_0787"},{"properties":{"depth":23},"type":"Polygon","arcs":[[2171]],"id":"feature_0788"},{"properties":{"depth":23},"type":"Polygon","arcs":[[2178]],"id":"feature_0789"},{"properties":{"depth":25},"type":"Polygon","arcs":[[2151]],"id":"feature_0790"},{"properties":{"depth":24},"type":"Polygon","arcs":[[2194]],"id":"feature_0791"},{"properties":{"depth":24},"type":"Polygon","arcs":[[2154]],"id":"feature_0792"},{"properties":{"depth":26},"type":"Polygon","arcs":[[2138,2139,2140,2141,2142,2143,2144,2145,2146,2147,2148,2149,2150],[2151]],"id":"feature_0793"},{"properties":{"depth":25},"type":"Polygon","arcs":[[2152,2153],[2154]],"id":"feature_0794"},{"properties":{"depth":25},"type":"Polygon","arcs":[[-2184,2155,-2180,2156,2157,2158,2159,2160,2161,2162,2163,2164,2165,2166,2167,2168,2169,-2186,2170],[2171]],"id":"feature_0795"},{"properties":{"depth":24},"type":"Polygon","arcs":[[2172,2173,2174,2175,2176,2177],[2178]],"id":"feature_0796"},{"properties":{"depth":23},"type":"Polygon","arcs":[[2179,2180,2181,2182,2183,2184,2185,2186,2187,2188,2189,2190,2191,2192,2193],[2194]],"id":"feature_0797"},{"properties":{"depth":21},"type":"Polygon","arcs":[[8933,-2505,2195,-2506]],"id":"feature_0798"},{"properties":{"depth":21},"type":"Polygon","arcs":[[-2333,-2520,-2454,-2492,2196,-2497]],"id":"feature_0799"},{"properties":{"depth":21},"type":"Polygon","arcs":[[2197,-2501]],"id":"feature_0800"},{"properties":{"depth":21},"type":"Polygon","arcs":[[2198,-2503]],"id":"feature_0801"},{"properties":{"depth":21},"type":"Polygon","arcs":[[-2508,8936,-2507,2199,-2335]],"id":"feature_0802"},{"properties":{"depth":21},"type":"Polygon","arcs":[[2200,-2242]],"id":"feature_0803"},{"properties":{"depth":21},"type":"Polygon","arcs":[[2201,-2241,-2343]],"id":"feature_0804"},{"properties":{"depth":21},"type":"Polygon","arcs":[[-2449,-2245,2202]],"id":"feature_0805"},{"properties":{"depth":21},"type":"Polygon","arcs":[[-2362,-2442,2203]],"id":"feature_0806"},{"properties":{"depth":21},"type":"Polygon","arcs":[[2204,-2469]],"id":"feature_0807"},{"properties":{"depth":21},"type":"Polygon","arcs":[[2205,-2476,-2377,-2381]],"id":"feature_0808"},{"properties":{"depth":21},"type":"Polygon","arcs":[[2206,-2379,-2376,-2474]],"id":"feature_0809"},{"properties":{"depth":21},"type":"Polygon","arcs":[[-2456,-2355,8944,-2357,-2353,-2369,2207,-2472]],"id":"feature_0810"},{"properties":{"depth":21},"type":"Polygon","arcs":[[2208,-2490,-2327,-2488,2209,-8915,2210,-2372]],"id":"feature_0811"},{"properties":{"depth":21},"type":"Polygon","arcs":[[-2453,-2495]],"id":"feature_0812"},{"properties":{"depth":21},"type":"Polygon","arcs":[[2211,-2486]],"id":"feature_0813"},{"properties":{"depth":21},"type":"Polygon","arcs":[[2212,-2252]],"id":"feature_0814"},{"properties":{"depth":21},"type":"Polygon","arcs":[[2213,-2250,-2323,2214,-2432]],"id":"feature_0815"},{"properties":{"depth":21},"type":"Polygon","arcs":[[2215,-2459]],"id":"feature_0816"},{"properties":{"depth":21},"type":"Polygon","arcs":[[-2389,-2399,2216,-2481,-2390,-2398]],"id":"feature_0817"},{"properties":{"depth":21},"type":"Polygon","arcs":[[2217,-2320,-2387,-2426,-2386,2218,-2262]],"id":"feature_0818"},{"properties":{"depth":21},"type":"Polygon","arcs":[[-2305,-2405,2219,-2257,-2310,-2433,-2309,2220,-2307,-2255]],"id":"feature_0819"},{"properties":{"depth":21},"type":"Polygon","arcs":[[2221,-2288]],"id":"feature_0820"},{"properties":{"depth":21},"type":"Polygon","arcs":[[-2290,2222,-2292,-2424]],"id":"feature_0821"},{"properties":{"depth":21},"type":"Polygon","arcs":[[-2286,2223]],"id":"feature_0822"},{"properties":{"depth":21},"type":"Polygon","arcs":[[11651,12800,11652,11084,2224,-11636,2225,11630,2226,11632,2227]],"id":"feature_0823"},{"properties":{"depth":21},"type":"Polygon","arcs":[[2228]],"id":"feature_0824"},{"properties":{"depth":21},"type":"Polygon","arcs":[[2229,-2280,2230,8897,2231,-2429]],"id":"feature_0825"},{"properties":{"depth":21},"type":"Polygon","arcs":[[2232,-2272]],"id":"feature_0826"},{"properties":{"depth":21},"type":"Polygon","arcs":[[2233,-2274]],"id":"feature_0827"},{"properties":{"depth":21},"type":"Polygon","arcs":[[-2276,2234,-2349]],"id":"feature_0828"},{"properties":{"depth":21},"type":"Polygon","arcs":[[-2267,2235,-2352]],"id":"feature_0829"},{"properties":{"depth":21},"type":"Polygon","arcs":[[2236,-2269]],"id":"feature_0830"},{"properties":{"depth":21},"type":"Polygon","arcs":[[-2303,2237,-2415]],"id":"feature_0831"},{"properties":{"depth":21},"type":"Polygon","arcs":[[-2312,-2256]],"id":"feature_0832"},{"properties":{"depth":21},"type":"Polygon","arcs":[[2238,-2259]],"id":"feature_0833"},{"properties":{"depth":21},"type":"Polygon","arcs":[[-2264,2239,-2403,-2316]],"id":"feature_0834"},{"properties":{"depth":22},"type":"Polygon","arcs":[[2240,2241,2242,-2337]],"id":"feature_0835"},{"properties":{"depth":22},"type":"Polygon","arcs":[[2243,2244,-2448]],"id":"feature_0836"},{"properties":{"depth":22},"type":"Polygon","arcs":[[-2565,2245,-2297,2246,-2295]],"id":"feature_0837"},{"properties":{"depth":22},"type":"Polygon","arcs":[[2247,-2330]],"id":"feature_0838"},{"properties":{"depth":22},"type":"Polygon","arcs":[[2248,-2332]],"id":"feature_0839"},{"properties":{"depth":22},"type":"Polygon","arcs":[[-2324,2249,2250,2251,2252,-2325,-2462,-2375]],"id":"feature_0840"},{"properties":{"depth":22},"type":"Polygon","arcs":[[2253,-2306,2254,-2313,2255,-2311,2256,2257,2258,2259,-2318,-2545,2260,2261]],"id":"feature_0841"},{"properties":{"depth":22},"type":"Polygon","arcs":[[-2317,-2547]],"id":"feature_0842"},{"properties":{"depth":22},"type":"Polygon","arcs":[[2262,2263,-2315]],"id":"feature_0843"},{"properties":{"depth":22},"type":"Polygon","arcs":[[2264,-2301,2265,2266,-2351,2267,2268]],"id":"feature_0844"},{"properties":{"depth":22},"type":"Polygon","arcs":[[2269,8903,2270,2271,2272,2273,2274,2275,-2348]],"id":"feature_0845"},{"properties":{"depth":22},"type":"Polygon","arcs":[[2276,2277,8895,2278,2279]],"id":"feature_0846"},{"properties":{"depth":22},"type":"Polygon","arcs":[[11088,2280]],"id":"feature_0847"},{"properties":{"depth":22},"type":"Polygon","arcs":[[2281,-2533]],"id":"feature_0848"},{"properties":{"depth":22},"type":"Polygon","arcs":[[2282,-2536]],"id":"feature_0849"},{"properties":{"depth":22},"type":"Polygon","arcs":[[2283,-2535,2284,2285]],"id":"feature_0850"},{"properties":{"depth":22},"type":"Polygon","arcs":[[-2423,2286,2287,2288,2289]],"id":"feature_0851"},{"properties":{"depth":22},"type":"Polygon","arcs":[[2290,-2425,2291,2292,-2530]],"id":"feature_0852"},{"properties":{"depth":22},"type":"Polygon","arcs":[[-2450,2293]],"id":"feature_0853"},{"properties":{"depth":23},"type":"Polygon","arcs":[[2294,2295,-2557]],"id":"feature_0854"},{"properties":{"depth":21},"type":"Polygon","arcs":[[2296,2297]],"id":"feature_0855"},{"properties":{"depth":23},"type":"Polygon","arcs":[[11086,2298]],"id":"feature_0856"},{"properties":{"depth":23},"type":"Polygon","arcs":[[2299,2300,2301,2302,-2417,2303,-2412,-2410,-2421,-2409,-2406,2304,2305]],"id":"feature_0857"},{"properties":{"depth":23},"type":"Polygon","arcs":[[2306,2307,2308,-2434,2309,2310,2311,2312]],"id":"feature_0858"},{"properties":{"depth":23},"type":"Polygon","arcs":[[2313,2314,2315,-2402,-2548,2316,-2546,2317]],"id":"feature_0859"},{"properties":{"depth":22},"type":"Polygon","arcs":[[2318,-2541,-2388,2319,2320,-2543]],"id":"feature_0860"},{"properties":{"depth":23},"type":"Polygon","arcs":[[-2374,2321,2322,2323]],"id":"feature_0861"},{"properties":{"depth":21},"type":"Polygon","arcs":[[2324,2325,-2484,-2463]],"id":"feature_0862"},{"properties":{"depth":23},"type":"Polygon","arcs":[[2326,-2489]],"id":"feature_0863"},{"properties":{"depth":23},"type":"Polygon","arcs":[[2327,8886,-2516,-2359,2328,2329,2330,2331]],"id":"feature_0864"},{"properties":{"depth":23},"type":"Polygon","arcs":[[-2526,-2367]],"id":"feature_0865"},{"properties":{"depth":23},"type":"Polygon","arcs":[[2332,-2521]],"id":"feature_0866"},{"properties":{"depth":23},"type":"Polygon","arcs":[[2333,-2499]],"id":"feature_0867"},{"properties":{"depth":23},"type":"Polygon","arcs":[[2334,2335,-2344,2336,2337,-2509]],"id":"feature_0868"},{"properties":{"depth":22},"type":"Polygon","arcs":[[2338,-2446]],"id":"feature_0869"},{"properties":{"depth":23},"type":"Polygon","arcs":[[2339,-2511]],"id":"feature_0870"},{"properties":{"depth":22},"type":"Polygon","arcs":[[2340,-2346,2341,2342,2343]],"id":"feature_0871"},{"properties":{"depth":21},"type":"Polygon","arcs":[[2344,2345]],"id":"feature_0872"},{"properties":{"depth":23},"type":"Polygon","arcs":[[2346,2347,2348,2349,2350,2351]],"id":"feature_0873"},{"properties":{"depth":23},"type":"Polygon","arcs":[[2352,-2356,-2518,2353,-2370]],"id":"feature_0874"},{"properties":{"depth":22},"type":"Polygon","arcs":[[-8945,2354,-2455,2355,2356]],"id":"feature_0875"},{"properties":{"depth":21},"type":"Polygon","arcs":[[8882,2357,2358,-2515,-2361]],"id":"feature_0876"},{"properties":{"depth":23},"type":"Polygon","arcs":[[-2514,2359,2360]],"id":"feature_0877"},{"properties":{"depth":23},"type":"Polygon","arcs":[[-2439,2361,2362]],"id":"feature_0878"},{"properties":{"depth":22},"type":"Polygon","arcs":[[2363,-2444,-2438,-2366]],"id":"feature_0879"},{"properties":{"depth":23},"type":"Polygon","arcs":[[2364,2365,-2437]],"id":"feature_0880"},{"properties":{"depth":23},"type":"Polygon","arcs":[[-2527,-2430]],"id":"feature_0881"},{"properties":{"depth":21},"type":"Polygon","arcs":[[-2525,2366]],"id":"feature_0882"},{"properties":{"depth":22},"type":"Polygon","arcs":[[2367,2368,2369]],"id":"feature_0883"},{"properties":{"depth":22},"type":"Polygon","arcs":[[2370,2371]],"id":"feature_0884"},{"properties":{"depth":24},"type":"Polygon","arcs":[[-2461,2372,2373,2374]],"id":"feature_0885"},{"properties":{"depth":23},"type":"Polygon","arcs":[[2375,-2378,2376,-2475]],"id":"feature_0886"},{"properties":{"depth":22},"type":"Polygon","arcs":[[2377,2378,2379,2380]],"id":"feature_0887"},{"properties":{"depth":21},"type":"Polygon","arcs":[[-2391,-2479]],"id":"feature_0888"},{"properties":{"depth":23},"type":"Polygon","arcs":[[2381,-2393,2382,8891,2383,8893,2384,2385,-2427,2386,2387,-2540,-2400,2388,-2397,2389,-2480,2390,-2478,2391,-2396]],"id":"feature_0889"},{"properties":{"depth":21},"type":"Polygon","arcs":[[2392,2393]],"id":"feature_0890"},{"properties":{"depth":22},"type":"Polygon","arcs":[[2394,2395]],"id":"feature_0891"},{"properties":{"depth":22},"type":"Polygon","arcs":[[2396,2397]],"id":"feature_0892"},{"properties":{"depth":22},"type":"Polygon","arcs":[[2398,2399,-2539,2400]],"id":"feature_0893"},{"properties":{"depth":22},"type":"Polygon","arcs":[[2401,2402,-2549]],"id":"feature_0894"},{"properties":{"depth":22},"type":"Polygon","arcs":[[-2408,2403,2404,2405]],"id":"feature_0895"},{"properties":{"depth":21},"type":"Polygon","arcs":[[-2420,2406,2407,2408]],"id":"feature_0896"},{"properties":{"depth":21},"type":"Polygon","arcs":[[2409,-2414,2410,-2418]],"id":"feature_0897"},{"properties":{"depth":22},"type":"Polygon","arcs":[[2411,2412,2413]],"id":"feature_0898"},{"properties":{"depth":22},"type":"Polygon","arcs":[[2414,2415,2416]],"id":"feature_0899"},{"properties":{"depth":22},"type":"Polygon","arcs":[[2417,2418,2419,2420]],"id":"feature_0900"},{"properties":{"depth":23},"type":"Polygon","arcs":[[2421,2422,2423,2424]],"id":"feature_0901"},{"properties":{"depth":22},"type":"Polygon","arcs":[[2425,2426]],"id":"feature_0902"},{"properties":{"depth":23},"type":"Polygon","arcs":[[2427,2428]],"id":"feature_0903"},{"properties":{"depth":21},"type":"Polygon","arcs":[[2429,-2528]],"id":"feature_0904"},{"properties":{"depth":24},"type":"Polygon","arcs":[[2430,2431]],"id":"feature_0905"},{"properties":{"depth":22},"type":"Polygon","arcs":[[2432,2433]],"id":"feature_0906"},{"properties":{"depth":22},"type":"Polygon","arcs":[[2553]],"id":"feature_0907"},{"properties":{"depth":21},"type":"Polygon","arcs":[[2521]],"id":"feature_0908"},{"properties":{"depth":24},"type":"Polygon","arcs":[[2451]],"id":"feature_0909"},{"properties":{"depth":23},"type":"Polygon","arcs":[[2434]],"id":"feature_0910"},{"properties":{"depth":23},"type":"Polygon","arcs":[[2435]],"id":"feature_0911"},{"properties":{"depth":25},"type":"Polygon","arcs":[[2440]],"id":"feature_0912"},{"properties":{"depth":22},"type":"Polygon","arcs":[[2554]],"id":"feature_0913"},{"properties":{"depth":22},"type":"Polygon","arcs":[[2463]],"id":"feature_0914"},{"properties":{"depth":22},"type":"Polygon","arcs":[[2464]],"id":"feature_0915"},{"properties":{"depth":21},"type":"Polygon","arcs":[[2481]],"id":"feature_0916"},{"properties":{"depth":21},"type":"Polygon","arcs":[[2522]],"id":"feature_0917"},{"properties":{"depth":24},"type":"Polygon","arcs":[[2436,2437,-2443,2438,2439],[2440]],"id":"feature_0918"},{"properties":{"depth":23},"type":"Polygon","arcs":[[2441,2442,2443,2444,2445,2446,2447,2448,2449,2450],[2451]],"id":"feature_0919"},{"properties":{"depth":23},"type":"Polygon","arcs":[[2452,-8943,-2494,-8941,-2493,8938,2453,-2519,2454,2455,-2471,2456,-2467,-2551,2457,2458,2459,2460,2461,2462,-2483],[2463],[2464]],"id":"feature_0920"},{"properties":{"depth":22},"type":"Polygon","arcs":[[2465,-2552,2466,2467,2468,2469,2470,2471,2472,2473,2474,2475,2476,2477,2478,2479,2480],[2481]],"id":"feature_0921"},{"properties":{"depth":22},"type":"Polygon","arcs":[[2482,2483,2484,2485,2486,2487,2488,2489,2490,2491,-8939,2492,8940,2493,8942,2494],[2495]],"id":"feature_0922"},{"properties":{"depth":22},"type":"Polygon","arcs":[[2496,2497,2498,2499,2500,2501,2502,2503,2504,-8934,2505,2506,-8937,2507,2508,2509,2510,2511,8880,2512,2513,2514,2515,8887,2516,2517,2518,2519,2520],[2521],[2522],[2523],[2524,2525],[2526,2527]],"id":"feature_0923"},{"properties":{"depth":21},"type":"Polygon","arcs":[[2528,2529,2530,-8533,2531,2532,2533,2534],[2535,2536]],"id":"feature_0924"},{"properties":{"depth":21},"type":"Polygon","arcs":[[2537,2538,2539,2540,2541,2542,2543,2544,2545,2546,2547,2548,2549,2550,2551],[2552],[2553],[2554],[2555]],"id":"feature_0925"},{"properties":{"depth":21},"type":"Polygon","arcs":[[2556,2557,-9326,2558,-9339,2559,-9337,2560,2561,9343,2562,8920,2563,2564],[2565]],"id":"feature_0926"},{"properties":{"depth":11},"type":"Polygon","arcs":[[2566,2705,2567]],"id":"feature_0927"},{"properties":{"depth":11},"type":"Polygon","arcs":[[14857,-2818,2568,-2822,-2714,-2805,-2716,-2802,2569,14854,2570,-2711]],"id":"feature_0928"},{"properties":{"depth":11},"type":"Polygon","arcs":[[-2708,14925,2571]],"id":"feature_0929"},{"properties":{"depth":11},"type":"Polygon","arcs":[[2572,-2720,-2809]],"id":"feature_0930"},{"properties":{"depth":11},"type":"Polygon","arcs":[[-2719,2573,-2697,-2813]],"id":"feature_0931"},{"properties":{"depth":11},"type":"Polygon","arcs":[[-2715,-2804]],"id":"feature_0932"},{"properties":{"depth":11},"type":"Polygon","arcs":[[-2693,2574]],"id":"feature_0933"},{"properties":{"depth":11},"type":"Polygon","arcs":[[2575,-2691]],"id":"feature_0934"},{"properties":{"depth":11},"type":"Polygon","arcs":[[2576,14859,2577,-2700]],"id":"feature_0935"},{"properties":{"depth":11},"type":"Polygon","arcs":[[-2679,2578,-2684,2579,-2686,2580,-2788,-2787,-2688,2581]],"id":"feature_0936"},{"properties":{"depth":11},"type":"Polygon","arcs":[[-2835,-2781,2582]],"id":"feature_0937"},{"properties":{"depth":11},"type":"Polygon","arcs":[[2583,-2678,-14902,-2677]],"id":"feature_0938"},{"properties":{"depth":11},"type":"Polygon","arcs":[[-2681,2584]],"id":"feature_0939"},{"properties":{"depth":11},"type":"Polygon","arcs":[[-2838,-2704,2585,-2779]],"id":"feature_0940"},{"properties":{"depth":11},"type":"Polygon","arcs":[[2586,-2675,-2777,-2673,2587,-2668,-2772]],"id":"feature_0941"},{"properties":{"depth":11},"type":"Polygon","arcs":[[-2670,2588]],"id":"feature_0942"},{"properties":{"depth":11},"type":"Polygon","arcs":[[-2672,2589]],"id":"feature_0943"},{"properties":{"depth":11},"type":"Polygon","arcs":[[-2771,2590]],"id":"feature_0944"},{"properties":{"depth":11},"type":"Polygon","arcs":[[-2656,-2760,-2664,2591,-2661,-2914,-2665,-2912,-2657,14966]],"id":"feature_0945"},{"properties":{"depth":11},"type":"Polygon","arcs":[[-2658,-2910,-2653,2592]],"id":"feature_0946"},{"properties":{"depth":11},"type":"Polygon","arcs":[[-2654,-2909]],"id":"feature_0947"},{"properties":{"depth":11},"type":"Polygon","arcs":[[-2647,2593,14831,2594,-2918,-14879,-14878]],"id":"feature_0948"},{"properties":{"depth":11},"type":"Polygon","arcs":[[-2648,-2916,-15140,-2660,2595]],"id":"feature_0949"},{"properties":{"depth":11},"type":"Polygon","arcs":[[-2649,2596]],"id":"feature_0950"},{"properties":{"depth":11},"type":"Polygon","arcs":[[-2644,2597,-2756]],"id":"feature_0951"},{"properties":{"depth":11},"type":"Polygon","arcs":[[-2627,2598,-2624,-2933]],"id":"feature_0952"},{"properties":{"depth":11},"type":"Polygon","arcs":[[-2620,2599]],"id":"feature_0953"},{"properties":{"depth":11},"type":"Polygon","arcs":[[2600,-2743,-15030,-2742,2601,-2935,-2623,15026,-2622]],"id":"feature_0954"},{"properties":{"depth":11},"type":"Polygon","arcs":[[-2642,2602,-2850]],"id":"feature_0955"},{"properties":{"depth":11},"type":"Polygon","arcs":[[-2925,-2632,2603,-2927,-2629]],"id":"feature_0956"},{"properties":{"depth":11},"type":"Polygon","arcs":[[2604,-2635]],"id":"feature_0957"},{"properties":{"depth":11},"type":"Polygon","arcs":[[-2747,2605,-2633]],"id":"feature_0958"},{"properties":{"depth":11},"type":"Polygon","arcs":[[-2931,-15024,-2930,-2628]],"id":"feature_0959"},{"properties":{"depth":11},"type":"Polygon","arcs":[[-2637,-2751,2606]],"id":"feature_0960"},{"properties":{"depth":11},"type":"Polygon","arcs":[[-2617,-2616,14827,2607,-2613,-2738]],"id":"feature_0961"},{"properties":{"depth":11},"type":"Polygon","arcs":[[-2726,-2611,2608]],"id":"feature_0962"},{"properties":{"depth":12},"type":"Polygon","arcs":[[-2728,-2876,2609,2610]],"id":"feature_0963"},{"properties":{"depth":12},"type":"Polygon","arcs":[[-15419,-2867,-2866,2611,-2854,-2731,-15421,-2732,-2852,-2729,-2868]],"id":"feature_0964"},{"properties":{"depth":12},"type":"Polygon","arcs":[[2612,2613,-2739]],"id":"feature_0965"},{"properties":{"depth":12},"type":"Polygon","arcs":[[-2873,2614,2615,-2736]],"id":"feature_0966"},{"properties":{"depth":12},"type":"Polygon","arcs":[[-2737,2616]],"id":"feature_0967"},{"properties":{"depth":12},"type":"Polygon","arcs":[[2617,-2890,-2735]],"id":"feature_0968"},{"properties":{"depth":12},"type":"Polygon","arcs":[[2618,2619,2620,2621,-15027,2622,-2934,2623]],"id":"feature_0969"},{"properties":{"depth":12},"type":"Polygon","arcs":[[-2929,2624,2625,2626,-2932,2627]],"id":"feature_0970"},{"properties":{"depth":12},"type":"Polygon","arcs":[[-2926,2628]],"id":"feature_0971"},{"properties":{"depth":12},"type":"Polygon","arcs":[[2629,2630,2631,-2944,-2857]],"id":"feature_0972"},{"properties":{"depth":12},"type":"Polygon","arcs":[[2632,2633,2634,2635,-2748]],"id":"feature_0973"},{"properties":{"depth":12},"type":"Polygon","arcs":[[2636,2637,-2752]],"id":"feature_0974"},{"properties":{"depth":12},"type":"Polygon","arcs":[[2638,-2754,-2941,-2846,-14953,-15050,-2845]],"id":"feature_0975"},{"properties":{"depth":12},"type":"Polygon","arcs":[[-15046,-2848,2639,2640,2641,-2849]],"id":"feature_0976"},{"properties":{"depth":12},"type":"Polygon","arcs":[[-2922,2642,2643,-2755,-2895]],"id":"feature_0977"},{"properties":{"depth":12},"type":"Polygon","arcs":[[2644,-2920]],"id":"feature_0978"},{"properties":{"depth":12},"type":"Polygon","arcs":[[2645,2646,14877,-2917,2647,2648]],"id":"feature_0979"},{"properties":{"depth":12},"type":"Polygon","arcs":[[-2894,2649,-2902]],"id":"feature_0980"},{"properties":{"depth":12},"type":"Polygon","arcs":[[-2904,2650]],"id":"feature_0981"},{"properties":{"depth":12},"type":"Polygon","arcs":[[-2907,-2906,-2949]],"id":"feature_0982"},{"properties":{"depth":12},"type":"Polygon","arcs":[[2651,2652,2653,-2908,-2947]],"id":"feature_0983"},{"properties":{"depth":12},"type":"Polygon","arcs":[[2654,-2761,2655,-14967,2656,-2911,2657]],"id":"feature_0984"},{"properties":{"depth":12},"type":"Polygon","arcs":[[2658,2659,-2915,2660]],"id":"feature_0985"},{"properties":{"depth":12},"type":"Polygon","arcs":[[-2763,2661]],"id":"feature_0986"},{"properties":{"depth":12},"type":"Polygon","arcs":[[2662,2663,-2759]],"id":"feature_0987"},{"properties":{"depth":12},"type":"Polygon","arcs":[[2664,-2913]],"id":"feature_0988"},{"properties":{"depth":12},"type":"Polygon","arcs":[[2665,-2768]],"id":"feature_0989"},{"properties":{"depth":12},"type":"Polygon","arcs":[[2666,-2773,2667,2668,2669,2670,2671]],"id":"feature_0990"},{"properties":{"depth":12},"type":"Polygon","arcs":[[2672,-2776,2673]],"id":"feature_0991"},{"properties":{"depth":12},"type":"Polygon","arcs":[[2674,2675,2676,14901,2677,2678,2679,2680,2681,-2775]],"id":"feature_0992"},{"properties":{"depth":12},"type":"Polygon","arcs":[[2682,2683]],"id":"feature_0993"},{"properties":{"depth":12},"type":"Polygon","arcs":[[2684,2685]],"id":"feature_0994"},{"properties":{"depth":12},"type":"Polygon","arcs":[[-2792,2686,2687]],"id":"feature_0995"},{"properties":{"depth":12},"type":"Polygon","arcs":[[2688,-2831,-2793,-14988,-2795,-2952,-2790]],"id":"feature_0996"},{"properties":{"depth":12},"type":"Polygon","arcs":[[2689,2690,2691,2692]],"id":"feature_0997"},{"properties":{"depth":12},"type":"Polygon","arcs":[[-2797,2693,-2958]],"id":"feature_0998"},{"properties":{"depth":12},"type":"Polygon","arcs":[[-2954,2694,-2798,-2956,2695]],"id":"feature_0999"},{"properties":{"depth":12},"type":"Polygon","arcs":[[2696,2697,-2826,-2814]],"id":"feature_1000"},{"properties":{"depth":12},"type":"Polygon","arcs":[[-2786,2698,2699,2700]],"id":"feature_1001"},{"properties":{"depth":12},"type":"Polygon","arcs":[[-2784,2701]],"id":"feature_1002"},{"properties":{"depth":12},"type":"Polygon","arcs":[[2702,2703,-2837]],"id":"feature_1003"},{"properties":{"depth":12},"type":"Polygon","arcs":[[2704,14928,2705,2706]],"id":"feature_1004"},{"properties":{"depth":12},"type":"Polygon","arcs":[[2707,2708,-2816,2709]],"id":"feature_1005"},{"properties":{"depth":12},"type":"Polygon","arcs":[[-2819,2710,2711]],"id":"feature_1006"},{"properties":{"depth":12},"type":"Polygon","arcs":[[-2821,2712,-2799,2713]],"id":"feature_1007"},{"properties":{"depth":12},"type":"Polygon","arcs":[[2714,-2803,2715]],"id":"feature_1008"},{"properties":{"depth":12},"type":"Polygon","arcs":[[2716,-2807,2717,2718,-2812]],"id":"feature_1009"},{"properties":{"depth":12},"type":"Polygon","arcs":[[2719,2720,-2810]],"id":"feature_1010"},{"properties":{"depth":13},"type":"Polygon","arcs":[[2721,-2881]],"id":"feature_1011"},{"properties":{"depth":13},"type":"Polygon","arcs":[[-2885,2722]],"id":"feature_1012"},{"properties":{"depth":13},"type":"Polygon","arcs":[[-2883,2723]],"id":"feature_1013"},{"properties":{"depth":13},"type":"Polygon","arcs":[[2724,-2879]],"id":"feature_1014"},{"properties":{"depth":13},"type":"Polygon","arcs":[[2725,2726,-2877,2727]],"id":"feature_1015"},{"properties":{"depth":13},"type":"Polygon","arcs":[[2728,-2856,2729,-2869]],"id":"feature_1016"},{"properties":{"depth":13},"type":"Polygon","arcs":[[15420,2730,-2853,2731]],"id":"feature_1017"},{"properties":{"depth":13},"type":"Polygon","arcs":[[2732,-2887]],"id":"feature_1018"},{"properties":{"depth":13},"type":"Polygon","arcs":[[-2889,2733,2734]],"id":"feature_1019"},{"properties":{"depth":13},"type":"Polygon","arcs":[[2735,2736,2737,2738,2739,-2874]],"id":"feature_1020"},{"properties":{"depth":13},"type":"Polygon","arcs":[[2740]],"id":"feature_1021"},{"properties":{"depth":13},"type":"Polygon","arcs":[[2741,15029,2742,2743]],"id":"feature_1022"},{"properties":{"depth":13},"type":"Polygon","arcs":[[2744,-2843]],"id":"feature_1023"},{"properties":{"depth":13},"type":"Polygon","arcs":[[2745,2746,2747,2748,-2859]],"id":"feature_1024"},{"properties":{"depth":13},"type":"Polygon","arcs":[[2749,2750,2751,2752,-2862,2753]],"id":"feature_1025"},{"properties":{"depth":13},"type":"Polygon","arcs":[[2754,2755,2756,-2896]],"id":"feature_1026"},{"properties":{"depth":13},"type":"Polygon","arcs":[[2757,2758,2759,2760,2761,2762]],"id":"feature_1027"},{"properties":{"depth":12},"type":"Polygon","arcs":[[-2898,2763]],"id":"feature_1028"},{"properties":{"depth":13},"type":"Polygon","arcs":[[2764,2765,-2841,2766,2767]],"id":"feature_1029"},{"properties":{"depth":13},"type":"Polygon","arcs":[[2768]],"id":"feature_1030"},{"properties":{"depth":13},"type":"Polygon","arcs":[[2769,2770]],"id":"feature_1031"},{"properties":{"depth":13},"type":"Polygon","arcs":[[2771,2772,2773]],"id":"feature_1032"},{"properties":{"depth":13},"type":"Polygon","arcs":[[2774,2775,2776]],"id":"feature_1033"},{"properties":{"depth":13},"type":"Polygon","arcs":[[2777,-2839,2778,2779,2780]],"id":"feature_1034"},{"properties":{"depth":13},"type":"Polygon","arcs":[[2781,-2833,2782,2783,2784,2785]],"id":"feature_1035"},{"properties":{"depth":13},"type":"Polygon","arcs":[[2786,2787,2788,2789,-2951,2790,2791]],"id":"feature_1036"},{"properties":{"depth":13},"type":"Polygon","arcs":[[14987,2792,-2830,2793,2794]],"id":"feature_1037"},{"properties":{"depth":13},"type":"Polygon","arcs":[[2795,2796,-2957,2797]],"id":"feature_1038"},{"properties":{"depth":13},"type":"Polygon","arcs":[[2798,2799,-2823,-2825,2800,2801,2802,2803,2804]],"id":"feature_1039"},{"properties":{"depth":13},"type":"Polygon","arcs":[[2805,2806]],"id":"feature_1040"},{"properties":{"depth":13},"type":"Polygon","arcs":[[2807,2808,2809,-2864,2810,2811,2812,2813,-2828,2814,2815]],"id":"feature_1041"},{"properties":{"depth":13},"type":"Polygon","arcs":[[2816,2817,-14858,2818]],"id":"feature_1042"},{"properties":{"depth":13},"type":"Polygon","arcs":[[2819,2820,2821]],"id":"feature_1043"},{"properties":{"depth":14},"type":"Polygon","arcs":[[2822,2823,2824]],"id":"feature_1044"},{"properties":{"depth":14},"type":"Polygon","arcs":[[2825,2826,2827]],"id":"feature_1045"},{"properties":{"depth":14},"type":"Polygon","arcs":[[2828,2829,2830]],"id":"feature_1046"},{"properties":{"depth":14},"type":"Polygon","arcs":[[2831,2832,2833,2834]],"id":"feature_1047"},{"properties":{"depth":14},"type":"Polygon","arcs":[[2835,2836,2837,2838]],"id":"feature_1048"},{"properties":{"depth":14},"type":"Polygon","arcs":[[2839,2840]],"id":"feature_1049"},{"properties":{"depth":14},"type":"Polygon","arcs":[[-2937,2841,2842,2843]],"id":"feature_1050"},{"properties":{"depth":14},"type":"Polygon","arcs":[[2844,15049,14952,2845,-2940,-2939,2846,2847,15045,2848,2849,2850]],"id":"feature_1051"},{"properties":{"depth":14},"type":"Polygon","arcs":[[2851,2852,2853,2854,2855]],"id":"feature_1052"},{"properties":{"depth":14},"type":"Polygon","arcs":[[2856,-2943,2857,2858,2859]],"id":"feature_1053"},{"properties":{"depth":14},"type":"Polygon","arcs":[[2860,-2942,2861]],"id":"feature_1054"},{"properties":{"depth":12},"type":"Polygon","arcs":[[2862,2863]],"id":"feature_1055"},{"properties":{"depth":12},"type":"Polygon","arcs":[[2944]],"id":"feature_1056"},{"properties":{"depth":12},"type":"Polygon","arcs":[[2923]],"id":"feature_1057"},{"properties":{"depth":12},"type":"Polygon","arcs":[[2949]],"id":"feature_1058"},{"properties":{"depth":13},"type":"Polygon","arcs":[[2900]],"id":"feature_1059"},{"properties":{"depth":13},"type":"Polygon","arcs":[[2899]],"id":"feature_1060"},{"properties":{"depth":13},"type":"Polygon","arcs":[[2898]],"id":"feature_1061"},{"properties":{"depth":12},"type":"Polygon","arcs":[[2870]],"id":"feature_1062"},{"properties":{"depth":14},"type":"Polygon","arcs":[[15415,2864,2865,2866,15418,2867,2868,2869],[2870]],"id":"feature_1063"},{"properties":{"depth":14},"type":"Polygon","arcs":[[2871,2872,2873,2874,2875,2876,2877,2878,2879,2880,2881,2882,2883,2884,2885,2886,2887,2888,2889],[2890]],"id":"feature_1064"},{"properties":{"depth":14},"type":"Polygon","arcs":[[2891,15058,2892,2893,-2923,2894,2895,2896,2897],[2898],[2899],[2900]],"id":"feature_1065"},{"properties":{"depth":13},"type":"Polygon","arcs":[[2901,2902,2903,2904,2905,2906,-2948,2907,2908,2909,2910,2911,2912,2913,2914,15139,2915,2916,14878,2917,2918,2919,2920,2921,2922],[2923]],"id":"feature_1066"},{"properties":{"depth":13},"type":"Polygon","arcs":[[2924,2925,2926,2927,2928,2929,15023,2930,2931,2932,2933,2934,2935,2936,2937,2938,2939,2940,2941,2942,2943],[2944]],"id":"feature_1067"},{"properties":{"depth":11},"type":"Polygon","arcs":[[2945,2946,2947,2948],[2949]],"id":"feature_1068"},{"properties":{"depth":11},"type":"Polygon","arcs":[[2950,2951,2952,2953,2954,2955,2956,2957,2958],[2959]],"id":"feature_1069"},{"properties":{"depth":21},"type":"Polygon","arcs":[[2960,-2998,2961,-3008]],"id":"feature_1070"},{"properties":{"depth":21},"type":"Polygon","arcs":[[-3003,2962]],"id":"feature_1071"},{"properties":{"depth":21},"type":"Polygon","arcs":[[2963,-3001]],"id":"feature_1072"},{"properties":{"depth":21},"type":"Polygon","arcs":[[2964,-3004]],"id":"feature_1073"},{"properties":{"depth":21},"type":"Polygon","arcs":[[-3014,-3006,2965,-3016]],"id":"feature_1074"},{"properties":{"depth":21},"type":"Polygon","arcs":[[-9496,-3027,2966,-3025,2967,-3028]],"id":"feature_1075"},{"properties":{"depth":21},"type":"Polygon","arcs":[[-3033,2968]],"id":"feature_1076"},{"properties":{"depth":21},"type":"Polygon","arcs":[[-3032,2969]],"id":"feature_1077"},{"properties":{"depth":21},"type":"Polygon","arcs":[[2970,-3030]],"id":"feature_1078"},{"properties":{"depth":21},"type":"Polygon","arcs":[[-2994,2971]],"id":"feature_1079"},{"properties":{"depth":21},"type":"Polygon","arcs":[[2972,-2992,-2996]],"id":"feature_1080"},{"properties":{"depth":21},"type":"Polygon","arcs":[[2973,-2990]],"id":"feature_1081"},{"properties":{"depth":21},"type":"Polygon","arcs":[[2974]],"id":"feature_1082"},{"properties":{"depth":21},"type":"Polygon","arcs":[[2975,-2977]],"id":"feature_1083"},{"properties":{"depth":22},"type":"Polygon","arcs":[[2976,2977]],"id":"feature_1084"},{"properties":{"depth":21},"type":"Polygon","arcs":[[2978]],"id":"feature_1085"},{"properties":{"depth":21},"type":"Polygon","arcs":[[2979,-2985,2980,-2983]],"id":"feature_1086"},{"properties":{"depth":21},"type":"Polygon","arcs":[[2981]],"id":"feature_1087"},{"properties":{"depth":22},"type":"Polygon","arcs":[[2982,2983]],"id":"feature_1088"},{"properties":{"depth":22},"type":"Polygon","arcs":[[2984,2985]],"id":"feature_1089"},{"properties":{"depth":22},"type":"Polygon","arcs":[[2986]],"id":"feature_1090"},{"properties":{"depth":22},"type":"Polygon","arcs":[[2987]],"id":"feature_1091"},{"properties":{"depth":22},"type":"Polygon","arcs":[[2988,2989,2990,-3047,-2997,2991,2992,2993]],"id":"feature_1092"},{"properties":{"depth":23},"type":"Polygon","arcs":[[-3046,2994,2995,2996]],"id":"feature_1093"},{"properties":{"depth":22},"type":"Polygon","arcs":[[2997,2998,-3010,2999]],"id":"feature_1094"},{"properties":{"depth":22},"type":"Polygon","arcs":[[3000,3001,3002,3003,3004,3005,-3013,-3018,3006,3007,3008]],"id":"feature_1095"},{"properties":{"depth":23},"type":"Polygon","arcs":[[3009,3010]],"id":"feature_1096"},{"properties":{"depth":22},"type":"Polygon","arcs":[[3011,-3019,3012,3013,-3039]],"id":"feature_1097"},{"properties":{"depth":22},"type":"Polygon","arcs":[[3014,-3040,3015]],"id":"feature_1098"},{"properties":{"depth":23},"type":"Polygon","arcs":[[3016,3017,3018]],"id":"feature_1099"},{"properties":{"depth":23},"type":"Polygon","arcs":[[-3023,3019]],"id":"feature_1100"},{"properties":{"depth":22},"type":"Polygon","arcs":[[3020,-3042,3021,3022]],"id":"feature_1101"},{"properties":{"depth":22},"type":"Polygon","arcs":[[3023,3024,3025,3026,9495,3027]],"id":"feature_1102"},{"properties":{"depth":22},"type":"Polygon","arcs":[[3028,3029,3030,-3052]],"id":"feature_1103"},{"properties":{"depth":22},"type":"Polygon","arcs":[[3031,3032,3033]],"id":"feature_1104"},{"properties":{"depth":22},"type":"Polygon","arcs":[[3034,-3050,-3037]],"id":"feature_1105"},{"properties":{"depth":23},"type":"Polygon","arcs":[[3035,3036,-3049]],"id":"feature_1106"},{"properties":{"depth":22},"type":"Polygon","arcs":[[3037,-3054]],"id":"feature_1107"},{"properties":{"depth":23},"type":"Polygon","arcs":[[3038,3039,3040,3041,3042]],"id":"feature_1108"},{"properties":{"depth":22},"type":"Polygon","arcs":[[3054]],"id":"feature_1109"},{"properties":{"depth":22},"type":"Polygon","arcs":[[3043]],"id":"feature_1110"},{"properties":{"depth":21},"type":"Polygon","arcs":[[3044,3045,3046,3047,3048,3049,3050,3051,3052,3053],[3054]],"id":"feature_1111"},{"properties":{"depth":11},"type":"Polygon","arcs":[[3055]],"id":"feature_1112"},{"properties":{"depth":11},"type":"Polygon","arcs":[[3056,-3068,-3058]],"id":"feature_1113"},{"properties":{"depth":11},"type":"Polygon","arcs":[[3057,-3067,3058]],"id":"feature_1114"},{"properties":{"depth":11},"type":"Polygon","arcs":[[3059]],"id":"feature_1115"},{"properties":{"depth":11},"type":"Polygon","arcs":[[-3070,3060]],"id":"feature_1116"},{"properties":{"depth":11},"type":"Polygon","arcs":[[-3072,3061]],"id":"feature_1117"},{"properties":{"depth":11},"type":"Polygon","arcs":[[3062]],"id":"feature_1118"},{"properties":{"depth":11},"type":"Polygon","arcs":[[3063]],"id":"feature_1119"},{"properties":{"depth":11},"type":"Polygon","arcs":[[-3076,-3081,-3079,3064]],"id":"feature_1120"},{"properties":{"depth":11},"type":"Polygon","arcs":[[3065,-3085]],"id":"feature_1121"},{"properties":{"depth":12},"type":"Polygon","arcs":[[3066,3067,3068]],"id":"feature_1122"},{"properties":{"depth":12},"type":"Polygon","arcs":[[3069,3070]],"id":"feature_1123"},{"properties":{"depth":12},"type":"Polygon","arcs":[[3071,3072]],"id":"feature_1124"},{"properties":{"depth":12},"type":"Polygon","arcs":[[-3089,3073]],"id":"feature_1125"},{"properties":{"depth":12},"type":"Polygon","arcs":[[-3083,3074]],"id":"feature_1126"},{"properties":{"depth":12},"type":"Polygon","arcs":[[-3082,3075,3076]],"id":"feature_1127"},{"properties":{"depth":12},"type":"Polygon","arcs":[[3077,3078,-3080]],"id":"feature_1128"},{"properties":{"depth":13},"type":"Polygon","arcs":[[3079,3080,3081,3082,3083,3084,3085]],"id":"feature_1129"},{"properties":{"depth":13},"type":"Polygon","arcs":[[-3091,3086]],"id":"feature_1130"},{"properties":{"depth":11},"type":"Polygon","arcs":[[3087,3088,3089,3090]],"id":"feature_1131"},{"properties":{"depth":21},"type":"Polygon","arcs":[[-3601,3091]],"id":"feature_1132"},{"properties":{"depth":21},"type":"Polygon","arcs":[[3092]],"id":"feature_1133"},{"properties":{"depth":21},"type":"Polygon","arcs":[[3093,-3288,-3886]],"id":"feature_1134"},{"properties":{"depth":21},"type":"Polygon","arcs":[[-3281,-3603,3094,-3616,-3615]],"id":"feature_1135"},{"properties":{"depth":21},"type":"Polygon","arcs":[[-3405,3095]],"id":"feature_1136"},{"properties":{"depth":21},"type":"Polygon","arcs":[[-3400,-4063,-3280]],"id":"feature_1137"},{"properties":{"depth":21},"type":"Polygon","arcs":[[-3272,-3271,-3270,-4088]],"id":"feature_1138"},{"properties":{"depth":21},"type":"Polygon","arcs":[[-4007,3096]],"id":"feature_1139"},{"properties":{"depth":21},"type":"Polygon","arcs":[[3097,3098,-3445,3099,-3757,-3447]],"id":"feature_1140"},{"properties":{"depth":21},"type":"Polygon","arcs":[[-3751,-3258,-3626,-3741,3100,-3256]],"id":"feature_1141"},{"properties":{"depth":21},"type":"Polygon","arcs":[[-4073,-3628,-3260]],"id":"feature_1142"},{"properties":{"depth":21},"type":"Polygon","arcs":[[-4002,-3253]],"id":"feature_1143"},{"properties":{"depth":21},"type":"Polygon","arcs":[[-4011,-3547,-4009,3101,-3242]],"id":"feature_1144"},{"properties":{"depth":21},"type":"Polygon","arcs":[[3102,-3443]],"id":"feature_1145"},{"properties":{"depth":21},"type":"Polygon","arcs":[[-3999,-3561,-3438,-3549]],"id":"feature_1146"},{"properties":{"depth":21},"type":"Polygon","arcs":[[-3441,-3266,-3996,-3267,3103]],"id":"feature_1147"},{"properties":{"depth":21},"type":"Polygon","arcs":[[-3261,-3415,3104,-3426,-3564,-3439,3105]],"id":"feature_1148"},{"properties":{"depth":21},"type":"Polygon","arcs":[[-3263,3106]],"id":"feature_1149"},{"properties":{"depth":21},"type":"Polygon","arcs":[[-3552,-3436,3107,-3420,3108,-3413]],"id":"feature_1150"},{"properties":{"depth":21},"type":"Polygon","arcs":[[-4245,3109,-4243,3110,-3776,3111]],"id":"feature_1151"},{"properties":{"depth":21},"type":"Polygon","arcs":[[3112,-3540,-3765]],"id":"feature_1152"},{"properties":{"depth":21},"type":"Polygon","arcs":[[-3972,-3237,-3893,3113]],"id":"feature_1153"},{"properties":{"depth":21},"type":"Polygon","arcs":[[-3238,-3895,-3236,-3970]],"id":"feature_1154"},{"properties":{"depth":21},"type":"Polygon","arcs":[[-3966,-3240,3114]],"id":"feature_1155"},{"properties":{"depth":21},"type":"Polygon","arcs":[[-4191,-3247,3115]],"id":"feature_1156"},{"properties":{"depth":21},"type":"Polygon","arcs":[[3116,-4171]],"id":"feature_1157"},{"properties":{"depth":21},"type":"Polygon","arcs":[[3117,-3250,3118,-3385,-4161]],"id":"feature_1158"},{"properties":{"depth":21},"type":"Polygon","arcs":[[3119,-4174,-4159]],"id":"feature_1159"},{"properties":{"depth":21},"type":"Polygon","arcs":[[-4158,3120,-3307,-3381,3121]],"id":"feature_1160"},{"properties":{"depth":21},"type":"Polygon","arcs":[[-3372,-4176,3122]],"id":"feature_1161"},{"properties":{"depth":21},"type":"Polygon","arcs":[[3123,-3374,3124,-3312,-3378,-4178,-3376]],"id":"feature_1162"},{"properties":{"depth":21},"type":"Polygon","arcs":[[-4128,-4123,3125]],"id":"feature_1163"},{"properties":{"depth":21},"type":"Polygon","arcs":[[3126,-4130]],"id":"feature_1164"},{"properties":{"depth":21},"type":"Polygon","arcs":[[-3634,-4095,3127,-4093,-4134,3128]],"id":"feature_1165"},{"properties":{"depth":21},"type":"Polygon","arcs":[[3129,-4170]],"id":"feature_1166"},{"properties":{"depth":21},"type":"Polygon","arcs":[[-3388,3130,-3701,-4149]],"id":"feature_1167"},{"properties":{"depth":21},"type":"Polygon","arcs":[[-4140,3131,-3324,3132,-3297]],"id":"feature_1168"},{"properties":{"depth":21},"type":"Polygon","arcs":[[-4138,-4109,3133,-4107,3134]],"id":"feature_1169"},{"properties":{"depth":21},"type":"Polygon","arcs":[[3135,-4099]],"id":"feature_1170"},{"properties":{"depth":21},"type":"Polygon","arcs":[[-3835,3136]],"id":"feature_1171"},{"properties":{"depth":21},"type":"Polygon","arcs":[[-3833,-4204,3137]],"id":"feature_1172"},{"properties":{"depth":21},"type":"Polygon","arcs":[[-4202,3138]],"id":"feature_1173"},{"properties":{"depth":21},"type":"Polygon","arcs":[[-3828,-4206,-3832,3139]],"id":"feature_1174"},{"properties":{"depth":21},"type":"Polygon","arcs":[[3140,-3215]],"id":"feature_1175"},{"properties":{"depth":21},"type":"Polygon","arcs":[[-4228,3141,3142,-3347,-3908,3143]],"id":"feature_1176"},{"properties":{"depth":21},"type":"Polygon","arcs":[[-4225,-3343,-4223,-3342,-4219,-3344,3144]],"id":"feature_1177"},{"properties":{"depth":21},"type":"Polygon","arcs":[[-3341,-4221]],"id":"feature_1178"},{"properties":{"depth":21},"type":"Polygon","arcs":[[3145,-3199,-3331,3146,-4230,3147,-3201]],"id":"feature_1179"},{"properties":{"depth":21},"type":"Polygon","arcs":[[-3203,3148]],"id":"feature_1180"},{"properties":{"depth":21},"type":"Polygon","arcs":[[-3207,-3336,-3208,-4232,-3205,-3338]],"id":"feature_1181"},{"properties":{"depth":21},"type":"Polygon","arcs":[[-3209,-3334,-4233]],"id":"feature_1182"},{"properties":{"depth":21},"type":"Polygon","arcs":[[3149,-3808]],"id":"feature_1183"},{"properties":{"depth":21},"type":"Polygon","arcs":[[3150,-3810]],"id":"feature_1184"},{"properties":{"depth":21},"type":"Polygon","arcs":[[-3806,3151]],"id":"feature_1185"},{"properties":{"depth":21},"type":"Polygon","arcs":[[3152,-3788,-3532,-3198,-3465]],"id":"feature_1186"},{"properties":{"depth":21},"type":"Polygon","arcs":[[3153,-3790]],"id":"feature_1187"},{"properties":{"depth":21},"type":"Polygon","arcs":[[3154,-3459,-3944,-3457,-3697]],"id":"feature_1188"},{"properties":{"depth":21},"type":"Polygon","arcs":[[3155]],"id":"feature_1189"},{"properties":{"depth":21},"type":"Polygon","arcs":[[-3210,-3454,3156]],"id":"feature_1190"},{"properties":{"depth":21},"type":"Polygon","arcs":[[3157,-3950]],"id":"feature_1191"},{"properties":{"depth":21},"type":"Polygon","arcs":[[3158,-3538,3159,-3230]],"id":"feature_1192"},{"properties":{"depth":21},"type":"Polygon","arcs":[[3160,-3779,-3232]],"id":"feature_1193"},{"properties":{"depth":21},"type":"Polygon","arcs":[[-3862,-3591,-3876,3161]],"id":"feature_1194"},{"properties":{"depth":21},"type":"Polygon","arcs":[[-3864,3162]],"id":"feature_1195"},{"properties":{"depth":21},"type":"Polygon","arcs":[[-3668,3163]],"id":"feature_1196"},{"properties":{"depth":21},"type":"Polygon","arcs":[[3164,-3528]],"id":"feature_1197"},{"properties":{"depth":21},"type":"Polygon","arcs":[[3165,-3472]],"id":"feature_1198"},{"properties":{"depth":21},"type":"Polygon","arcs":[[-3469,3166]],"id":"feature_1199"},{"properties":{"depth":21},"type":"Polygon","arcs":[[3167,-3850]],"id":"feature_1200"},{"properties":{"depth":21},"type":"Polygon","arcs":[[3168,-3479,-3840,-3478]],"id":"feature_1201"},{"properties":{"depth":21},"type":"Polygon","arcs":[[-3481,3169]],"id":"feature_1202"},{"properties":{"depth":21},"type":"Polygon","arcs":[[-3514,-3654,3170]],"id":"feature_1203"},{"properties":{"depth":21},"type":"Polygon","arcs":[[-3192,-3511,3171]],"id":"feature_1204"},{"properties":{"depth":21},"type":"Polygon","arcs":[[-3694,-3485,-3193,3172,-3646]],"id":"feature_1205"},{"properties":{"depth":21},"type":"Polygon","arcs":[[3173,-3505,-3841]],"id":"feature_1206"},{"properties":{"depth":21},"type":"Polygon","arcs":[[-3636,3174,-3642,3175]],"id":"feature_1207"},{"properties":{"depth":21},"type":"Polygon","arcs":[[-3650,3176]],"id":"feature_1208"},{"properties":{"depth":21},"type":"Polygon","arcs":[[-3638,3177]],"id":"feature_1209"},{"properties":{"depth":21},"type":"Polygon","arcs":[[3178]],"id":"feature_1210"},{"properties":{"depth":21},"type":"Polygon","arcs":[[-3186,3179,-3188,3487,-3500,3180]],"id":"feature_1211"},{"properties":{"depth":21},"type":"Polygon","arcs":[[-3498,-3183,3181]],"id":"feature_1212"},{"properties":{"depth":22},"type":"Polygon","arcs":[[3182,-3497,3183]],"id":"feature_1213"},{"properties":{"depth":22},"type":"Polygon","arcs":[[-3494,3184,3185,3186]],"id":"feature_1214"},{"properties":{"depth":22},"type":"Polygon","arcs":[[3486,3187,3188]],"id":"feature_1215"},{"properties":{"depth":22},"type":"Polygon","arcs":[[-3490,3189,-3845,3190]],"id":"feature_1216"},{"properties":{"depth":22},"type":"Polygon","arcs":[[-3512,3191,3192,-3484,3193]],"id":"feature_1217"},{"properties":{"depth":22},"type":"Polygon","arcs":[[-3456,-3946,-3458,3194]],"id":"feature_1218"},{"properties":{"depth":22},"type":"Polygon","arcs":[[-3533,-3786,3195]],"id":"feature_1219"},{"properties":{"depth":22},"type":"Polygon","arcs":[[-3802,3196,-3466,3197,-3535]],"id":"feature_1220"},{"properties":{"depth":22},"type":"Polygon","arcs":[[-3332,3198,3199,3200,3201,3202,3203]],"id":"feature_1221"},{"properties":{"depth":22},"type":"Polygon","arcs":[[3204,3205,-3339]],"id":"feature_1222"},{"properties":{"depth":22},"type":"Polygon","arcs":[[3206,-3337]],"id":"feature_1223"},{"properties":{"depth":22},"type":"Polygon","arcs":[[3207,-3335,3208]],"id":"feature_1224"},{"properties":{"depth":22},"type":"Polygon","arcs":[[-3948,-3455,3209,3210]],"id":"feature_1225"},{"properties":{"depth":22},"type":"Polygon","arcs":[[-3356,3211,-3354,3212,-3326,3213]],"id":"feature_1226"},{"properties":{"depth":22},"type":"Polygon","arcs":[[3214,3215,-3913,-3726,-3351,3216,-3357,3217,-3222,3218]],"id":"feature_1227"},{"properties":{"depth":23},"type":"Polygon","arcs":[[-3820,-3228,3219,-3225,3220,3221,3222,3223]],"id":"feature_1228"},{"properties":{"depth":22},"type":"Polygon","arcs":[[3224,3225]],"id":"feature_1229"},{"properties":{"depth":22},"type":"Polygon","arcs":[[3226,3227,-3819,-3361]],"id":"feature_1230"},{"properties":{"depth":22},"type":"Polygon","arcs":[[-3822,-4104]],"id":"feature_1231"},{"properties":{"depth":22},"type":"Polygon","arcs":[[3228,3229,3230,3231,-3778]],"id":"feature_1232"},{"properties":{"depth":22},"type":"Polygon","arcs":[[-3763,3232,3233,-3977,3234]],"id":"feature_1233"},{"properties":{"depth":22},"type":"Polygon","arcs":[[3235,-3894,3236,-3971]],"id":"feature_1234"},{"properties":{"depth":22},"type":"Polygon","arcs":[[-3896,3237,-3969,-3545]],"id":"feature_1235"},{"properties":{"depth":22},"type":"Polygon","arcs":[[-3986,-3960,3238]],"id":"feature_1236"},{"properties":{"depth":22},"type":"Polygon","arcs":[[3239,-3965,3240]],"id":"feature_1237"},{"properties":{"depth":22},"type":"Polygon","arcs":[[-3982,-4012,3241,3242]],"id":"feature_1238"},{"properties":{"depth":22},"type":"Polygon","arcs":[[-3963,3243]],"id":"feature_1239"},{"properties":{"depth":22},"type":"Polygon","arcs":[[-4186,3244]],"id":"feature_1240"},{"properties":{"depth":22},"type":"Polygon","arcs":[[3245,-3317]],"id":"feature_1241"},{"properties":{"depth":22},"type":"Polygon","arcs":[[3246,-4190,-4189,-4188,3247]],"id":"feature_1242"},{"properties":{"depth":22},"type":"Polygon","arcs":[[-4193,3248]],"id":"feature_1243"},{"properties":{"depth":22},"type":"Polygon","arcs":[[3249,3250]],"id":"feature_1244"},{"properties":{"depth":22},"type":"Polygon","arcs":[[3251,-4017]],"id":"feature_1245"},{"properties":{"depth":22},"type":"Polygon","arcs":[[3252,-4001,-3548,-4076,3253,-3745,-3744,-3747,3254,-3752,3255,3256,-4003]],"id":"feature_1246"},{"properties":{"depth":22},"type":"Polygon","arcs":[[3257,-3750,3258,-4074,3259,-3627]],"id":"feature_1247"},{"properties":{"depth":22},"type":"Polygon","arcs":[[-3416,3260,3261,3262,3263]],"id":"feature_1248"},{"properties":{"depth":22},"type":"Polygon","arcs":[[-3418,3264]],"id":"feature_1249"},{"properties":{"depth":22},"type":"Polygon","arcs":[[3265,-3440,-3562,-3997]],"id":"feature_1250"},{"properties":{"depth":22},"type":"Polygon","arcs":[[3266,-3995,3267]],"id":"feature_1251"},{"properties":{"depth":22},"type":"Polygon","arcs":[[3268,-4091,-4090,-4089,3269,3270,3271,-4087]],"id":"feature_1252"},{"properties":{"depth":22},"type":"Polygon","arcs":[[-4051,-4050,-4049,-4048,-4047,-4046,-4045,-4044,-4043,-4042,-4041,3272,3273,-4052]],"id":"feature_1253"},{"properties":{"depth":22},"type":"Polygon","arcs":[[-4057,-4056,-4055,3274]],"id":"feature_1254"},{"properties":{"depth":22},"type":"Polygon","arcs":[[3275]],"id":"feature_1255"},{"properties":{"depth":22},"type":"Polygon","arcs":[[3276,-4039]],"id":"feature_1256"},{"properties":{"depth":22},"type":"Polygon","arcs":[[-3397,3277,-3394,-3624,-3623,3278]],"id":"feature_1257"},{"properties":{"depth":22},"type":"Polygon","arcs":[[-3620,-3619,3279,-4062]],"id":"feature_1258"},{"properties":{"depth":22},"type":"Polygon","arcs":[[3280,-3614,-3613,-3612,-3399,3281,-3392,-3604]],"id":"feature_1259"},{"properties":{"depth":22},"type":"Polygon","arcs":[[3282,-3606,-3391]],"id":"feature_1260"},{"properties":{"depth":22},"type":"Polygon","arcs":[[3283,-4028]],"id":"feature_1261"},{"properties":{"depth":22},"type":"Polygon","arcs":[[-3572,3284,-4026]],"id":"feature_1262"},{"properties":{"depth":22},"type":"Polygon","arcs":[[3285,-4023,3286,-3575]],"id":"feature_1263"},{"properties":{"depth":22},"type":"Polygon","arcs":[[-3887,3287,3288]],"id":"feature_1264"},{"properties":{"depth":22},"type":"Polygon","arcs":[[-3880,3289]],"id":"feature_1265"},{"properties":{"depth":23},"type":"Polygon","arcs":[[-3811,-3926,3290,-3928]],"id":"feature_1266"},{"properties":{"depth":23},"type":"Polygon","arcs":[[-3812,3291,-3560,3292,-3824,3293]],"id":"feature_1267"},{"properties":{"depth":23},"type":"Polygon","arcs":[[3294]],"id":"feature_1268"},{"properties":{"depth":23},"type":"Polygon","arcs":[[-3816,-3814,-3827,3295]],"id":"feature_1269"},{"properties":{"depth":23},"type":"Polygon","arcs":[[-4141,3296,3297]],"id":"feature_1270"},{"properties":{"depth":23},"type":"Polygon","arcs":[[-4144,-4143,3298]],"id":"feature_1271"},{"properties":{"depth":23},"type":"Polygon","arcs":[[-4146,3299]],"id":"feature_1272"},{"properties":{"depth":23},"type":"Polygon","arcs":[[3300,-4168]],"id":"feature_1273"},{"properties":{"depth":23},"type":"Polygon","arcs":[[-3305,3301,-3852,-4153,3302]],"id":"feature_1274"},{"properties":{"depth":23},"type":"Polygon","arcs":[[-3310,3303,3304,3305,-3382,3306,3307,-4156]],"id":"feature_1275"},{"properties":{"depth":23},"type":"Polygon","arcs":[[3308,3309,3310,-3854]],"id":"feature_1276"},{"properties":{"depth":23},"type":"Polygon","arcs":[[3311,3312,-3932,-3379]],"id":"feature_1277"},{"properties":{"depth":23},"type":"Polygon","arcs":[[-3728,-4213,3313,-3713,3314,-3710,3315,3316,3317,-3709,3318,3319,3320,-3366,3321,-3363,3322,3323,3324,3325,3326,-3721,3327,-3719,3328,-3717,3329]],"id":"feature_1278"},{"properties":{"depth":23},"type":"Polygon","arcs":[[3330,3331,3332,-4234,3333,3334,3335,3336,3337,3338,3339]],"id":"feature_1279"},{"properties":{"depth":23},"type":"Polygon","arcs":[[3340,-4220,3341,-4222]],"id":"feature_1280"},{"properties":{"depth":23},"type":"Polygon","arcs":[[3342,-4224]],"id":"feature_1281"},{"properties":{"depth":23},"type":"Polygon","arcs":[[3343,-4218,3344,-3349,3345]],"id":"feature_1282"},{"properties":{"depth":23},"type":"Polygon","arcs":[[-3909,3346,3347,3348,3349]],"id":"feature_1283"},{"properties":{"depth":23},"type":"Polygon","arcs":[[-3916,-3906]],"id":"feature_1284"},{"properties":{"depth":23},"type":"Polygon","arcs":[[3350,3351,-3724,3352,3353]],"id":"feature_1285"},{"properties":{"depth":23},"type":"Polygon","arcs":[[3354,3355]],"id":"feature_1286"},{"properties":{"depth":23},"type":"Polygon","arcs":[[3356,3357,3358]],"id":"feature_1287"},{"properties":{"depth":23},"type":"Polygon","arcs":[[-3818,3359,3360]],"id":"feature_1288"},{"properties":{"depth":22},"type":"Polygon","arcs":[[-4101,-3920,3361]],"id":"feature_1289"},{"properties":{"depth":22},"type":"Polygon","arcs":[[3362,3363]],"id":"feature_1290"},{"properties":{"depth":22},"type":"Polygon","arcs":[[3364,3365]],"id":"feature_1291"},{"properties":{"depth":22},"type":"Polygon","arcs":[[-3368,-3704,-3370,3366]],"id":"feature_1292"},{"properties":{"depth":23},"type":"Polygon","arcs":[[-3705,3367,3368]],"id":"feature_1293"},{"properties":{"depth":23},"type":"Polygon","arcs":[[3369,-3703,3370]],"id":"feature_1294"},{"properties":{"depth":22},"type":"Polygon","arcs":[[3371,3372,3373,3374,3375,3376]],"id":"feature_1295"},{"properties":{"depth":22},"type":"Polygon","arcs":[[3377,3378,-3931,-4181,3379,-4179]],"id":"feature_1296"},{"properties":{"depth":22},"type":"Polygon","arcs":[[3380,3381,3382,-3934,3383]],"id":"feature_1297"},{"properties":{"depth":23},"type":"Polygon","arcs":[[-4125,3384,3385]],"id":"feature_1298"},{"properties":{"depth":23},"type":"Polygon","arcs":[[-4132,3386]],"id":"feature_1299"},{"properties":{"depth":23},"type":"Polygon","arcs":[[3387,-4148,3388]],"id":"feature_1300"},{"properties":{"depth":23},"type":"Polygon","arcs":[[-3409,3389]],"id":"feature_1301"},{"properties":{"depth":23},"type":"Polygon","arcs":[[3390,-3605,3391,3392]],"id":"feature_1302"},{"properties":{"depth":23},"type":"Polygon","arcs":[[-3618,3393,3394,3395,3396,3397,3398,-3611,-3610,3399]],"id":"feature_1303"},{"properties":{"depth":23},"type":"Polygon","arcs":[[3400,3401,3402,3403]],"id":"feature_1304"},{"properties":{"depth":23},"type":"Polygon","arcs":[[3404,3405]],"id":"feature_1305"},{"properties":{"depth":23},"type":"Polygon","arcs":[[3406,-3608,3407,-3411]],"id":"feature_1306"},{"properties":{"depth":24},"type":"Polygon","arcs":[[3408,3409,3410,3411]],"id":"feature_1307"},{"properties":{"depth":23},"type":"Polygon","arcs":[[-3553,3412,3413]],"id":"feature_1308"},{"properties":{"depth":23},"type":"Polygon","arcs":[[3414,3415,3416,3417,3418,3419,3420,-3434,3421,-3432,3422,-3430,3423,-3428,3424]],"id":"feature_1309"},{"properties":{"depth":23},"type":"Polygon","arcs":[[3425,3426,3427,3428,3429,3430,3431,3432,3433,3434,3435,3436,-3550,3437,-3565]],"id":"feature_1310"},{"properties":{"depth":23},"type":"Polygon","arcs":[[3438,-3563,3439,3440,3441]],"id":"feature_1311"},{"properties":{"depth":23},"type":"Polygon","arcs":[[3442,3443,3444,3445,3446,-3756,-3568,3447,-3587,3448,-3585,3449,-3857,3450,-3859,3451]],"id":"feature_1312"},{"properties":{"depth":23},"type":"Polygon","arcs":[[3452,3453,3454,-3947,3455]],"id":"feature_1313"},{"properties":{"depth":23},"type":"Polygon","arcs":[[3456,-3943,-3698]],"id":"feature_1314"},{"properties":{"depth":23},"type":"Polygon","arcs":[[3457,-3945,3458,3459]],"id":"feature_1315"},{"properties":{"depth":23},"type":"Polygon","arcs":[[3460,-3542,-4240]],"id":"feature_1316"},{"properties":{"depth":23},"type":"Polygon","arcs":[[3461,-4237,3462,-3774,3463]],"id":"feature_1317"},{"properties":{"depth":23},"type":"Polygon","arcs":[[3464,3465,3466]],"id":"feature_1318"},{"properties":{"depth":23},"type":"Polygon","arcs":[[-3525,3467]],"id":"feature_1319"},{"properties":{"depth":23},"type":"Polygon","arcs":[[3468,3469,-3848,3470,3471,3472]],"id":"feature_1320"},{"properties":{"depth":23},"type":"Polygon","arcs":[[3473]],"id":"feature_1321"},{"properties":{"depth":23},"type":"Polygon","arcs":[[-3657,3474]],"id":"feature_1322"},{"properties":{"depth":23},"type":"Polygon","arcs":[[-3518,3475,-3659,3476]],"id":"feature_1323"},{"properties":{"depth":23},"type":"Polygon","arcs":[[-3510,3477,-3839,3478,3479]],"id":"feature_1324"},{"properties":{"depth":23},"type":"Polygon","arcs":[[3480,3481,-3508,3482]],"id":"feature_1325"},{"properties":{"depth":23},"type":"Polygon","arcs":[[3483,3484,-3693,3485]],"id":"feature_1326"},{"properties":{"depth":23},"type":"Polygon","arcs":[[3486,3487,3500,3488]],"id":"feature_1327"},{"properties":{"depth":23},"type":"Polygon","arcs":[[3489,3490]],"id":"feature_1328"},{"properties":{"depth":23},"type":"Polygon","arcs":[[3491,-3495,3492,3493]],"id":"feature_1329"},{"properties":{"depth":24},"type":"Polygon","arcs":[[3494,3495,3496,3497,3498]],"id":"feature_1330"},{"properties":{"depth":24},"type":"Polygon","arcs":[[3499,3500,3501,-3640,3502]],"id":"feature_1331"},{"properties":{"depth":24},"type":"Polygon","arcs":[[-3683,3503,-3648]],"id":"feature_1332"},{"properties":{"depth":24},"type":"Polygon","arcs":[[-3644,-3842,3504,3505]],"id":"feature_1333"},{"properties":{"depth":24},"type":"Polygon","arcs":[[3506,3507,3508,3509]],"id":"feature_1334"},{"properties":{"depth":24},"type":"Polygon","arcs":[[3510,3511,3512,-3655,3513,3514]],"id":"feature_1335"},{"properties":{"depth":24},"type":"Polygon","arcs":[[-3652,3515,-3679,3516]],"id":"feature_1336"},{"properties":{"depth":24},"type":"Polygon","arcs":[[3517,3518]],"id":"feature_1337"},{"properties":{"depth":24},"type":"Polygon","arcs":[[-3670,3519]],"id":"feature_1338"},{"properties":{"depth":24},"type":"Polygon","arcs":[[-3666,3520,-3954,3521,-3662,3522]],"id":"feature_1339"},{"properties":{"depth":24},"type":"Polygon","arcs":[[3523,3524,3525,-3664,3526,3527]],"id":"feature_1340"},{"properties":{"depth":24},"type":"Polygon","arcs":[[-3837,3528]],"id":"feature_1341"},{"properties":{"depth":24},"type":"Polygon","arcs":[[3529]],"id":"feature_1342"},{"properties":{"depth":24},"type":"Polygon","arcs":[[3530]],"id":"feature_1343"},{"properties":{"depth":24},"type":"Polygon","arcs":[[3531,-3787,3532,3533,-3803,3534]],"id":"feature_1344"},{"properties":{"depth":24},"type":"Polygon","arcs":[[-3796,3535,-3674,3536,-3688]],"id":"feature_1345"},{"properties":{"depth":24},"type":"Polygon","arcs":[[3537,3538]],"id":"feature_1346"},{"properties":{"depth":24},"type":"Polygon","arcs":[[-3772,-3766,3539,3540,-4241,3541,3542]],"id":"feature_1347"},{"properties":{"depth":24},"type":"Polygon","arcs":[[-3768,-3974,3543]],"id":"feature_1348"},{"properties":{"depth":24},"type":"Polygon","arcs":[[3544,-3968,3545,-3897]],"id":"feature_1349"},{"properties":{"depth":24},"type":"Polygon","arcs":[[3546,-4010]],"id":"feature_1350"},{"properties":{"depth":24},"type":"Polygon","arcs":[[3547,-4000,3548,3549,3550,3551,3552,3553,-4037,3554,3555,3556,-4035,3557,-4077]],"id":"feature_1351"},{"properties":{"depth":24},"type":"Polygon","arcs":[[3558,3559]],"id":"feature_1352"},{"properties":{"depth":24},"type":"Polygon","arcs":[[3560,-3998,3561,3562,3563,3564]],"id":"feature_1353"},{"properties":{"depth":24},"type":"Polygon","arcs":[[-3583,3565,-3581,3566,3567,3568,-3754,3569,-3740,3570,3571,-4025,3572,3573,3574,3575,-3733,3576,-3731,3577]],"id":"feature_1354"},{"properties":{"depth":24},"type":"Polygon","arcs":[[3578,3579,3580,3581,3582,-3737,3583,3584]],"id":"feature_1355"},{"properties":{"depth":24},"type":"Polygon","arcs":[[3585,3586]],"id":"feature_1356"},{"properties":{"depth":24},"type":"Polygon","arcs":[[-3866,3587]],"id":"feature_1357"},{"properties":{"depth":24},"type":"Polygon","arcs":[[-3870,3588,-3902,3589,-3877,3590,-3861,3591,-3874,3592,-3872,3593,3594]],"id":"feature_1358"},{"properties":{"depth":24},"type":"Polygon","arcs":[[-3882,3595,-3891,3596]],"id":"feature_1359"},{"properties":{"depth":24},"type":"Polygon","arcs":[[3597,-3868,3598,-3884]],"id":"feature_1360"},{"properties":{"depth":24},"type":"Polygon","arcs":[[-3889,3599,3600,3601]],"id":"feature_1361"},{"properties":{"depth":24},"type":"Polygon","arcs":[[3602,3603,3604,3605,3606,3607,3608]],"id":"feature_1362"},{"properties":{"depth":24},"type":"Polygon","arcs":[[-4064,3609,3610,3611,3612,3613,3614,3615,3616]],"id":"feature_1363"},{"properties":{"depth":24},"type":"Polygon","arcs":[[3617,3618,3619,-4061,3620,3621,3622,3623]],"id":"feature_1364"},{"properties":{"depth":24},"type":"Polygon","arcs":[[3624,-4066]],"id":"feature_1365"},{"properties":{"depth":24},"type":"Polygon","arcs":[[-3742,3625,3626,3627,-4072,3628,-4070,3629,3630,-4068,3631]],"id":"feature_1366"},{"properties":{"depth":22},"type":"Polygon","arcs":[[3632,-3924]],"id":"feature_1367"},{"properties":{"depth":22},"type":"Polygon","arcs":[[3633,3634,-3922,-4096]],"id":"feature_1368"},{"properties":{"depth":25},"type":"Polygon","arcs":[[3635,3636,3637,3638,3639,3640]],"id":"feature_1369"},{"properties":{"depth":25},"type":"Polygon","arcs":[[3641,3642,-3843,3643,3644,-3685,3645,3646]],"id":"feature_1370"},{"properties":{"depth":25},"type":"Polygon","arcs":[[-3681,3647,3648,3649,3650]],"id":"feature_1371"},{"properties":{"depth":25},"type":"Polygon","arcs":[[3651,3652,3653,3654,3655]],"id":"feature_1372"},{"properties":{"depth":25},"type":"Polygon","arcs":[[3656,3657]],"id":"feature_1373"},{"properties":{"depth":25},"type":"Polygon","arcs":[[3658,3659,-3677,3660]],"id":"feature_1374"},{"properties":{"depth":25},"type":"Polygon","arcs":[[3661,3662,3663,3664,3665,3666]],"id":"feature_1375"},{"properties":{"depth":25},"type":"Polygon","arcs":[[3667,3668,3669,3670]],"id":"feature_1376"},{"properties":{"depth":25},"type":"Polygon","arcs":[[3671]],"id":"feature_1377"},{"properties":{"depth":25},"type":"Polygon","arcs":[[-3937,3672,3673,3674,3675,-3939,-3686]],"id":"feature_1378"},{"properties":{"depth":26},"type":"Polygon","arcs":[[3676,3677,3678,3679]],"id":"feature_1379"},{"properties":{"depth":26},"type":"Polygon","arcs":[[3680,3681,3682]],"id":"feature_1380"},{"properties":{"depth":26},"type":"Polygon","arcs":[[3683,-3695,3684]],"id":"feature_1381"},{"properties":{"depth":26},"type":"Polygon","arcs":[[-3938,3685]],"id":"feature_1382"},{"properties":{"depth":26},"type":"Polygon","arcs":[[3686,-3794]],"id":"feature_1383"},{"properties":{"depth":26},"type":"Polygon","arcs":[[3687,3688,-3781,3689]],"id":"feature_1384"},{"properties":{"depth":26},"type":"Polygon","arcs":[[-3783,3690,-3798,3691]],"id":"feature_1385"},{"properties":{"depth":27},"type":"Polygon","arcs":[[3692,3693,3694,3695]],"id":"feature_1386"},{"properties":{"depth":22},"type":"Polygon","arcs":[[3696,3697,-3942,-3792,3698]],"id":"feature_1387"},{"properties":{"depth":24},"type":"Polygon","arcs":[[3699,-4184,-4150,3700]],"id":"feature_1388"},{"properties":{"depth":24},"type":"Polygon","arcs":[[3701,3702,3703,3704,3705,3706]],"id":"feature_1389"},{"properties":{"depth":24},"type":"Polygon","arcs":[[3707,3708]],"id":"feature_1390"},{"properties":{"depth":24},"type":"Polygon","arcs":[[3709,3710]],"id":"feature_1391"},{"properties":{"depth":24},"type":"Polygon","arcs":[[3711,3712]],"id":"feature_1392"},{"properties":{"depth":23},"type":"Polygon","arcs":[[-3911,3713,-4216,3714,3715,3716,3717,3718,3719,3720,3721,3722,3723,3724,3725,-3918]],"id":"feature_1393"},{"properties":{"depth":22},"type":"Polygon","arcs":[[3726,-4214,3727]],"id":"feature_1394"},{"properties":{"depth":23},"type":"Polygon","arcs":[[3728]],"id":"feature_1395"},{"properties":{"depth":24},"type":"Polygon","arcs":[[-3735,3729,3730,3731,3732,3733]],"id":"feature_1396"},{"properties":{"depth":23},"type":"Polygon","arcs":[[3734,3735,3736,3737]],"id":"feature_1397"},{"properties":{"depth":23},"type":"Polygon","arcs":[[3738,3739]],"id":"feature_1398"},{"properties":{"depth":23},"type":"Polygon","arcs":[[3740,3741,3742]],"id":"feature_1399"},{"properties":{"depth":24},"type":"Polygon","arcs":[[3743,-3748]],"id":"feature_1400"},{"properties":{"depth":23},"type":"Polygon","arcs":[[3744,3745,3746,3747]],"id":"feature_1401"},{"properties":{"depth":23},"type":"Polygon","arcs":[[3748,3749,3750,3751]],"id":"feature_1402"},{"properties":{"depth":23},"type":"Polygon","arcs":[[3752,3753]],"id":"feature_1403"},{"properties":{"depth":22},"type":"Polygon","arcs":[[3754]],"id":"feature_1404"},{"properties":{"depth":22},"type":"Polygon","arcs":[[3755,3756,3757]],"id":"feature_1405"},{"properties":{"depth":22},"type":"Polygon","arcs":[[-4005,3758]],"id":"feature_1406"},{"properties":{"depth":23},"type":"Polygon","arcs":[[-3990,3759,-3988,3760]],"id":"feature_1407"},{"properties":{"depth":24},"type":"Polygon","arcs":[[3761,3762,-3979]],"id":"feature_1408"},{"properties":{"depth":22},"type":"Polygon","arcs":[[3763,3764,3765,-3771,3766,-3975,3767]],"id":"feature_1409"},{"properties":{"depth":22},"type":"Polygon","arcs":[[-3770,3768]],"id":"feature_1410"},{"properties":{"depth":24},"type":"Polygon","arcs":[[3769,3770,3771,3772,3773,3774]],"id":"feature_1411"},{"properties":{"depth":22},"type":"Polygon","arcs":[[3775,3776]],"id":"feature_1412"},{"properties":{"depth":23},"type":"Polygon","arcs":[[3777,3778,3779]],"id":"feature_1413"},{"properties":{"depth":24},"type":"Polygon","arcs":[[3780,3781]],"id":"feature_1414"},{"properties":{"depth":24},"type":"Polygon","arcs":[[3782,3783]],"id":"feature_1415"},{"properties":{"depth":24},"type":"Polygon","arcs":[[3784]],"id":"feature_1416"},{"properties":{"depth":25},"type":"Polygon","arcs":[[3785,3786,3787,3788,3789,3790,3791,-3941,3792,3793,3794,3795,3796,3797,3798]],"id":"feature_1417"},{"properties":{"depth":22},"type":"Polygon","arcs":[[3799]],"id":"feature_1418"},{"properties":{"depth":23},"type":"Polygon","arcs":[[3800]],"id":"feature_1419"},{"properties":{"depth":23},"type":"Polygon","arcs":[[3801,3802,3803]],"id":"feature_1420"},{"properties":{"depth":24},"type":"Polygon","arcs":[[3804,3805,3806,3807,3808,3809]],"id":"feature_1421"},{"properties":{"depth":22},"type":"Polygon","arcs":[[-3927,3810]],"id":"feature_1422"},{"properties":{"depth":21},"type":"Polygon","arcs":[[3811,3812]],"id":"feature_1423"},{"properties":{"depth":22},"type":"Polygon","arcs":[[3813,-3815]],"id":"feature_1424"},{"properties":{"depth":21},"type":"Polygon","arcs":[[3814,3815,3816,3817,3818,3819,3820,-4105,3821,-4103,3822,3823,3824,-4200,3825,3826]],"id":"feature_1425"},{"properties":{"depth":22},"type":"Polygon","arcs":[[3827,3828,-4209,3829,-4207]],"id":"feature_1426"},{"properties":{"depth":22},"type":"Polygon","arcs":[[-4210,3830]],"id":"feature_1427"},{"properties":{"depth":22},"type":"Polygon","arcs":[[3831,-4205,3832,3833]],"id":"feature_1428"},{"properties":{"depth":22},"type":"Polygon","arcs":[[3834,3835]],"id":"feature_1429"},{"properties":{"depth":25},"type":"Polygon","arcs":[[3836,3837]],"id":"feature_1430"},{"properties":{"depth":22},"type":"Polygon","arcs":[[3838,3839]],"id":"feature_1431"},{"properties":{"depth":23},"type":"Polygon","arcs":[[3840,3841,3842,3843]],"id":"feature_1432"},{"properties":{"depth":21},"type":"Polygon","arcs":[[3844,3845]],"id":"feature_1433"},{"properties":{"depth":24},"type":"Polygon","arcs":[[3846,3847,3848,3849]],"id":"feature_1434"},{"properties":{"depth":23},"type":"Polygon","arcs":[[-4165,3850]],"id":"feature_1435"},{"properties":{"depth":22},"type":"Polygon","arcs":[[3851,3852,3853,3854,-4154]],"id":"feature_1436"},{"properties":{"depth":24},"type":"Polygon","arcs":[[3855,3856]],"id":"feature_1437"},{"properties":{"depth":24},"type":"Polygon","arcs":[[3857,3858]],"id":"feature_1438"},{"properties":{"depth":23},"type":"Polygon","arcs":[[3859,3860,3861,3862,3863,3864,3865,3866,3867,3868,3869,3870,3871,3872,3873,3874]],"id":"feature_1439"},{"properties":{"depth":23},"type":"Polygon","arcs":[[3875,3876,3877,-3904,3878]],"id":"feature_1440"},{"properties":{"depth":23},"type":"Polygon","arcs":[[3879,3880]],"id":"feature_1441"},{"properties":{"depth":23},"type":"Polygon","arcs":[[3881,3882,3883,3884,3885,3886,3887,3888,3889]],"id":"feature_1442"},{"properties":{"depth":23},"type":"Polygon","arcs":[[3890,3891]],"id":"feature_1443"},{"properties":{"depth":23},"type":"Polygon","arcs":[[3892,3893,3894,3895,3896,3897]],"id":"feature_1444"},{"properties":{"depth":21},"type":"Polygon","arcs":[[3911]],"id":"feature_1445"},{"properties":{"depth":21},"type":"Polygon","arcs":[[4235]],"id":"feature_1446"},{"properties":{"depth":22},"type":"Polygon","arcs":[[3898]],"id":"feature_1447"},{"properties":{"depth":22},"type":"Polygon","arcs":[[4195]],"id":"feature_1448"},{"properties":{"depth":22},"type":"Polygon","arcs":[[4197]],"id":"feature_1449"},{"properties":{"depth":22},"type":"Polygon","arcs":[[4196]],"id":"feature_1450"},{"properties":{"depth":22},"type":"Polygon","arcs":[[4017]],"id":"feature_1451"},{"properties":{"depth":22},"type":"Polygon","arcs":[[3899]],"id":"feature_1452"},{"properties":{"depth":23},"type":"Polygon","arcs":[[4163]],"id":"feature_1453"},{"properties":{"depth":23},"type":"Polygon","arcs":[[4246]],"id":"feature_1454"},{"properties":{"depth":24},"type":"Polygon","arcs":[[4019]],"id":"feature_1455"},{"properties":{"depth":24},"type":"Polygon","arcs":[[4020]],"id":"feature_1456"},{"properties":{"depth":24},"type":"Polygon","arcs":[[3900]],"id":"feature_1457"},{"properties":{"depth":24},"type":"Polygon","arcs":[[4119]],"id":"feature_1458"},{"properties":{"depth":24},"type":"Polygon","arcs":[[4123]],"id":"feature_1459"},{"properties":{"depth":21},"type":"Polygon","arcs":[[3980]],"id":"feature_1460"},{"properties":{"depth":24},"type":"Polygon","arcs":[[3901,3902,3903,3904]],"id":"feature_1461"},{"properties":{"depth":22},"type":"Polygon","arcs":[[-3917,3905,-3915,3906,3907,3908,3909,3910],[3911]],"id":"feature_1462"},{"properties":{"depth":21},"type":"Polygon","arcs":[[3912,3913,3914,3915,3916,3917],[3918]],"id":"feature_1463"},{"properties":{"depth":21},"type":"Polygon","arcs":[[3919,3920,-4097,3921,3922,3923,3924,3925,3926,3927,3928],[3929]],"id":"feature_1464"},{"properties":{"depth":21},"type":"Polygon","arcs":[[3930,3931,3932,3933,3934,-4151,-4182],[3935]],"id":"feature_1465"},{"properties":{"depth":24},"type":"Polygon","arcs":[[3936,3937,3938,3939,3940,3941,3942,3943,3944,3945,3946,3947,3948,3949,3950],[3951]],"id":"feature_1466"},{"properties":{"depth":23},"type":"Polygon","arcs":[[3952,3953,3954,-3956],[3955,3956,3957]],"id":"feature_1467"},{"properties":{"depth":23},"type":"Polygon","arcs":[[3958,3959,-3985,3960,-3983,3961,3962,3963,3964,3965,3966,3967,3968,3969,3970,3971,3972,3973,3974,3975,3976,3977,3978],[3979],[3980]],"id":"feature_1468"},{"properties":{"depth":24},"type":"Polygon","arcs":[[3981,3982,3983,3984,3985,3986,3987,3988,3989,3990,-4015,3991,-4013],[3992]],"id":"feature_1469"},{"properties":{"depth":23},"type":"Polygon","arcs":[[3993,3994,3995,3996,3997,3998,3999,4000,4001,4002,4003,4004,4005,4006,4007,4008,4009,4010,4011,4012,4013,4014,4015,4016],[4017],[4018],[4019],[4020]],"id":"feature_1470"},{"properties":{"depth":23},"type":"Polygon","arcs":[[-4030,4021,4022,4023,4024,4025,4026,4027,4028],[4029,4030,4031]],"id":"feature_1471"},{"properties":{"depth":23},"type":"Polygon","arcs":[[4032,4033,4034,4035,4036,4037,4038,4039,4040,4041,4042,4043,4044,4045,4046,4047,4048,4049,4050,4051,4052,4053,4054,4055,4056,4057,4058,4059,4060,4061,4062,4063,4064,4065,4066,4067,4068,4069,4070,4071,4072,4073,4074,4075,4076],[4077],[4078,4079],[4080,4081,4082,4083,4084,4085,4086,4087,4088,4089,4090,4091]],"id":"feature_1472"},{"properties":{"depth":23},"type":"Polygon","arcs":[[-4135,4092,4093,4094,4095,4096,4097,4098,4099,4100,4101,4102,4103,4104,4105,4106,4107,4108,-4137,4109],[4110],[4111],[4112],[4113],[4114],[4115],[4116],[4117],[4118],[4119],[4120]],"id":"feature_1473"},{"properties":{"depth":23},"type":"Polygon","arcs":[[-4127,4121,4122],[4123]],"id":"feature_1474"},{"properties":{"depth":22},"type":"Polygon","arcs":[[4124,4125,4126,4127,4128,4129,4130,4131,4132,4133,4134,4135,4136,4137,4138,4139,4140,4141,4142,4143,4144,4145,4146,4147,4148,4149,-4183,4150,4151,4152,4153,4154,4155,4156,4157,4158,-4173,4159,4160],[4161],[4162],[4163],[4164,4165],[4166,4167,4168,4169]],"id":"feature_1475"},{"properties":{"depth":23},"type":"Polygon","arcs":[[4170,4171,4172,4173,4174,4175,4176,4177,4178,4179,4180,4181,4182,4183,4184,4185,4186,4187,4188,4189,4190,4191,4192,4193],[4194],[4195],[4196],[4197]],"id":"feature_1476"},{"properties":{"depth":23},"type":"Polygon","arcs":[[4198,4199,4200,4201,4202,4203,4204,4205,4206,4207,4208,4209,4210],[4211]],"id":"feature_1477"},{"properties":{"depth":22},"type":"Polygon","arcs":[[4212,4213,4214,4215,4216,4217,4218,4219,4220,4221,4222,4223,4224,4225,4226,4227,4228,4229,4230,4231,4232,4233,4234],[4235]],"id":"feature_1478"},{"properties":{"depth":22},"type":"Polygon","arcs":[[4236,4237,4238,4239,4240,4241,4242,4243,4244,4245],[4246]],"id":"feature_1479"},{"properties":{"depth":11},"type":"Polygon","arcs":[[-4623,-4410,-4621,4247,8154,4248,-4437,4249,-4411]],"id":"feature_1480"},{"properties":{"depth":11},"type":"Polygon","arcs":[[8036,-4295,4250]],"id":"feature_1481"},{"properties":{"depth":11},"type":"Polygon","arcs":[[4251,-4300,4252,-4302]],"id":"feature_1482"},{"properties":{"depth":11},"type":"Polygon","arcs":[[-4298,4253]],"id":"feature_1483"},{"properties":{"depth":11},"type":"Polygon","arcs":[[-4305,4254]],"id":"feature_1484"},{"properties":{"depth":11},"type":"Polygon","arcs":[[4255,-4365]],"id":"feature_1485"},{"properties":{"depth":11},"type":"Polygon","arcs":[[-4363,4256,-4314,-4422]],"id":"feature_1486"},{"properties":{"depth":11},"type":"Polygon","arcs":[[-4316,4257,-4317,4258,-4424]],"id":"feature_1487"},{"properties":{"depth":11},"type":"Polygon","arcs":[[-4319,4259,-4309,4260]],"id":"feature_1488"},{"properties":{"depth":11},"type":"Polygon","arcs":[[-4311,4261]],"id":"feature_1489"},{"properties":{"depth":11},"type":"Polygon","arcs":[[-4313,-4322,4262]],"id":"feature_1490"},{"properties":{"depth":11},"type":"Polygon","arcs":[[4263,-4360]],"id":"feature_1491"},{"properties":{"depth":11},"type":"Polygon","arcs":[[11600,4264]],"id":"feature_1492"},{"properties":{"depth":11},"type":"Polygon","arcs":[[4265]],"id":"feature_1493"},{"properties":{"depth":11},"type":"Polygon","arcs":[[4266,-4348,-4347,4267,4268,11082,6876]],"id":"feature_1494"},{"properties":{"depth":11},"type":"Polygon","arcs":[[-7147,4269,-4345]],"id":"feature_1495"},{"properties":{"depth":11},"type":"Polygon","arcs":[[4270,-4353]],"id":"feature_1496"},{"properties":{"depth":11},"type":"Polygon","arcs":[[4271,-4351]],"id":"feature_1497"},{"properties":{"depth":11},"type":"Polygon","arcs":[[-11958,-4284,4272,-4285,-4541]],"id":"feature_1498"},{"properties":{"depth":12},"type":"Polygon","arcs":[[-4467,-4397]],"id":"feature_1499"},{"properties":{"depth":12},"type":"Polygon","arcs":[[4273,-4461,-4399]],"id":"feature_1500"},{"properties":{"depth":12},"type":"Polygon","arcs":[[-4464,-4400]],"id":"feature_1501"},{"properties":{"depth":12},"type":"Polygon","arcs":[[-4449,-4414]],"id":"feature_1502"},{"properties":{"depth":12},"type":"Polygon","arcs":[[4274]],"id":"feature_1503"},{"properties":{"depth":12},"type":"Polygon","arcs":[[4275]],"id":"feature_1504"},{"properties":{"depth":12},"type":"Polygon","arcs":[[-4444,4276,-4446,-4408]],"id":"feature_1505"},{"properties":{"depth":12},"type":"Polygon","arcs":[[4277,-4395]],"id":"feature_1506"},{"properties":{"depth":12},"type":"Polygon","arcs":[[4278,-4538,-4421]],"id":"feature_1507"},{"properties":{"depth":12},"type":"Polygon","arcs":[[-4536,4279,-4428,4280,11963,4281,-4419]],"id":"feature_1508"},{"properties":{"depth":12},"type":"Polygon","arcs":[[-4541,-4540,4282,4283,11957,4540,4284,4285,-4542]],"id":"feature_1509"},{"properties":{"depth":12},"type":"Polygon","arcs":[[4286,4287,7122,4288,-4534,-7120,-4533,4289,-4531,4290,-4658]],"id":"feature_1510"},{"properties":{"depth":12},"type":"Polygon","arcs":[[11350,-4656,6934,4291,11348,4292]],"id":"feature_1511"},{"properties":{"depth":12},"type":"Polygon","arcs":[[4293,8040,-4654]],"id":"feature_1512"},{"properties":{"depth":12},"type":"Polygon","arcs":[[4294,8037,-4652,4295]],"id":"feature_1513"},{"properties":{"depth":12},"type":"Polygon","arcs":[[4296,4297,4298,4299]],"id":"feature_1514"},{"properties":{"depth":12},"type":"Polygon","arcs":[[4300,4301]],"id":"feature_1515"},{"properties":{"depth":12},"type":"Polygon","arcs":[[4302]],"id":"feature_1516"},{"properties":{"depth":12},"type":"Polygon","arcs":[[-4650,4303,4304,4305,-4406,4306]],"id":"feature_1517"},{"properties":{"depth":12},"type":"Polygon","arcs":[[4307,4308,4309,4310,4311,4312]],"id":"feature_1518"},{"properties":{"depth":12},"type":"Polygon","arcs":[[-4423,4313,4314,4315]],"id":"feature_1519"},{"properties":{"depth":12},"type":"Polygon","arcs":[[4316,4317,4318,4319]],"id":"feature_1520"},{"properties":{"depth":12},"type":"Polygon","arcs":[[4320,4321]],"id":"feature_1521"},{"properties":{"depth":12},"type":"Polygon","arcs":[[-4605,-4382,-4591,4322]],"id":"feature_1522"},{"properties":{"depth":12},"type":"Polygon","arcs":[[-4417,4323]],"id":"feature_1523"},{"properties":{"depth":12},"type":"Polygon","arcs":[[-4383,-4603]],"id":"feature_1524"},{"properties":{"depth":12},"type":"Polygon","arcs":[[-4596,12809,-4595,12811,12812,-4601,-4381]],"id":"feature_1525"},{"properties":{"depth":12},"type":"Polygon","arcs":[[-4599,-4379,-4597,7858,-4380]],"id":"feature_1526"},{"properties":{"depth":12},"type":"Polygon","arcs":[[-4387,-4613,-4388,-4611,-4384,-4607,4324]],"id":"feature_1527"},{"properties":{"depth":12},"type":"Polygon","arcs":[[-4429,4325,-4527,4326]],"id":"feature_1528"},{"properties":{"depth":12},"type":"Polygon","arcs":[[-4431,4327,-4529,4328]],"id":"feature_1529"},{"properties":{"depth":12},"type":"Polygon","arcs":[[-4433,4329]],"id":"feature_1530"},{"properties":{"depth":12},"type":"Polygon","arcs":[[4330,-4545,11857,-4544]],"id":"feature_1531"},{"properties":{"depth":12},"type":"Polygon","arcs":[[-4588,-11794,-4587,7132,4331]],"id":"feature_1532"},{"properties":{"depth":12},"type":"Polygon","arcs":[[4332,11358,-4547]],"id":"feature_1533"},{"properties":{"depth":12},"type":"Polygon","arcs":[[-4367,-4551,-4550,-11787,-4549,-7138,-4548,4333,6926,4334]],"id":"feature_1534"},{"properties":{"depth":12},"type":"Polygon","arcs":[[4335,7130,4336,-4585]],"id":"feature_1535"},{"properties":{"depth":12},"type":"Polygon","arcs":[[4337,-4583]],"id":"feature_1536"},{"properties":{"depth":12},"type":"Polygon","arcs":[[-4339,-4553,-12869,-4552,-4366]],"id":"feature_1537"},{"properties":{"depth":12},"type":"Polygon","arcs":[[-4554,4338,-4376]],"id":"feature_1538"},{"properties":{"depth":12},"type":"Polygon","arcs":[[-4375,-4497,-11774,-4496,11775,-4495,11777,-4494,11779,-4557]],"id":"feature_1539"},{"properties":{"depth":12},"type":"Polygon","arcs":[[-4370,11768,-4505,-4377,-4503]],"id":"feature_1540"},{"properties":{"depth":12},"type":"Polygon","arcs":[[-4374,-12878,-4373,-12876,-4372,-12874,-4371,-4501,-4378,-4499]],"id":"feature_1541"},{"properties":{"depth":12},"type":"Polygon","arcs":[[4339,-4524,4340,-4635]],"id":"feature_1542"},{"properties":{"depth":12},"type":"Polygon","arcs":[[-4385,-4609]],"id":"feature_1543"},{"properties":{"depth":12},"type":"Polygon","arcs":[[-4488,4341]],"id":"feature_1544"},{"properties":{"depth":12},"type":"Polygon","arcs":[[-4476,4342,11369,7144,4343,7146,4344,4345,4346,4347,4348,4349,4350,4351,4352,4353,-4478,4354]],"id":"feature_1545"},{"properties":{"depth":12},"type":"Polygon","arcs":[[4355,-4481]],"id":"feature_1546"},{"properties":{"depth":12},"type":"Polygon","arcs":[[4356,-4483]],"id":"feature_1547"},{"properties":{"depth":12},"type":"Polygon","arcs":[[4357,-4485]],"id":"feature_1548"},{"properties":{"depth":12},"type":"Polygon","arcs":[[-4640,4358,4359,4360]],"id":"feature_1549"},{"properties":{"depth":12},"type":"Polygon","arcs":[[4361,4362,-4426,4363,4364]],"id":"feature_1550"},{"properties":{"depth":13},"type":"Polygon","arcs":[[4365,4366,4367,11362,4368,11767,4369,-4502,4370,12873,4371,12875,4372,12877,4373,-4498,4374,-4556,-4555,4375]],"id":"feature_1551"},{"properties":{"depth":13},"type":"Polygon","arcs":[[4376,-4504]],"id":"feature_1552"},{"properties":{"depth":13},"type":"Polygon","arcs":[[4377,-4500]],"id":"feature_1553"},{"properties":{"depth":13},"type":"Polygon","arcs":[[4378,-4598]],"id":"feature_1554"},{"properties":{"depth":13},"type":"Polygon","arcs":[[4379,4380,-4600]],"id":"feature_1555"},{"properties":{"depth":13},"type":"Polygon","arcs":[[4381,-4604,4382,-4602,-12813,-4594,-4592]],"id":"feature_1556"},{"properties":{"depth":13},"type":"Polygon","arcs":[[4383,-4610,4384,-4608]],"id":"feature_1557"},{"properties":{"depth":13},"type":"Polygon","arcs":[[4385,-4614,4386]],"id":"feature_1558"},{"properties":{"depth":13},"type":"Polygon","arcs":[[-4612,4387]],"id":"feature_1559"},{"properties":{"depth":13},"type":"Polygon","arcs":[[4388,-4616]],"id":"feature_1560"},{"properties":{"depth":13},"type":"Polygon","arcs":[[-4633,4389]],"id":"feature_1561"},{"properties":{"depth":13},"type":"Polygon","arcs":[[-4631,4390]],"id":"feature_1562"},{"properties":{"depth":13},"type":"Polygon","arcs":[[4391,-4454,-4416,-4452,4392,-4436,4393,4394,4395,-4458,-4404,-4456]],"id":"feature_1563"},{"properties":{"depth":13},"type":"Polygon","arcs":[[4396,-4472,4402,-4468]],"id":"feature_1564"},{"properties":{"depth":13},"type":"Polygon","arcs":[[-4460,4397,4398]],"id":"feature_1565"},{"properties":{"depth":13},"type":"Polygon","arcs":[[4401,-4470]],"id":"feature_1566"},{"properties":{"depth":13},"type":"Polygon","arcs":[[4399,-4463,8152,4400,-4619,-4465]],"id":"feature_1567"},{"properties":{"depth":12},"type":"Polygon","arcs":[[-4469,-4402,-4471,-4403]],"id":"feature_1568"},{"properties":{"depth":12},"type":"Polygon","arcs":[[-4457,4403]],"id":"feature_1569"},{"properties":{"depth":12},"type":"Polygon","arcs":[[-4628,4404]],"id":"feature_1570"},{"properties":{"depth":13},"type":"Polygon","arcs":[[4405,4406]],"id":"feature_1571"},{"properties":{"depth":13},"type":"Polygon","arcs":[[4407,-4445]],"id":"feature_1572"},{"properties":{"depth":13},"type":"Polygon","arcs":[[4408,-4626]],"id":"feature_1573"},{"properties":{"depth":13},"type":"Polygon","arcs":[[-4622,4409]],"id":"feature_1574"},{"properties":{"depth":13},"type":"Polygon","arcs":[[-4624,4410,4411]],"id":"feature_1575"},{"properties":{"depth":13},"type":"Polygon","arcs":[[4412,-4450,4413,-4448]],"id":"feature_1576"},{"properties":{"depth":13},"type":"Polygon","arcs":[[4414]],"id":"feature_1577"},{"properties":{"depth":12},"type":"Polygon","arcs":[[-4453,4415]],"id":"feature_1578"},{"properties":{"depth":11},"type":"Polygon","arcs":[[4416,4417]],"id":"feature_1579"},{"properties":{"depth":13},"type":"Polygon","arcs":[[-4537,4418,4419,4420]],"id":"feature_1580"},{"properties":{"depth":13},"type":"Polygon","arcs":[[4421,4422,4423,4424,4425]],"id":"feature_1581"},{"properties":{"depth":11},"type":"Polygon","arcs":[[4426,7124,4427]],"id":"feature_1582"},{"properties":{"depth":11},"type":"Polygon","arcs":[[4428,4429]],"id":"feature_1583"},{"properties":{"depth":11},"type":"Polygon","arcs":[[4430,4431,4432,4433]],"id":"feature_1584"},{"properties":{"depth":11},"type":"Polygon","arcs":[[4434,4435]],"id":"feature_1585"},{"properties":{"depth":12},"type":"Polygon","arcs":[[4592]],"id":"feature_1586"},{"properties":{"depth":12},"type":"Polygon","arcs":[[4436,4437]],"id":"feature_1587"},{"properties":{"depth":12},"type":"Polygon","arcs":[[4557]],"id":"feature_1588"},{"properties":{"depth":12},"type":"Polygon","arcs":[[4559]],"id":"feature_1589"},{"properties":{"depth":12},"type":"Polygon","arcs":[[4564]],"id":"feature_1590"},{"properties":{"depth":12},"type":"Polygon","arcs":[[4577]],"id":"feature_1591"},{"properties":{"depth":12},"type":"Polygon","arcs":[[4572]],"id":"feature_1592"},{"properties":{"depth":12},"type":"Polygon","arcs":[[4565]],"id":"feature_1593"},{"properties":{"depth":12},"type":"Polygon","arcs":[[4563]],"id":"feature_1594"},{"properties":{"depth":12},"type":"Polygon","arcs":[[4660]],"id":"feature_1595"},{"properties":{"depth":12},"type":"Polygon","arcs":[[4664]],"id":"feature_1596"},{"properties":{"depth":12},"type":"Polygon","arcs":[[4662]],"id":"feature_1597"},{"properties":{"depth":12},"type":"Polygon","arcs":[[4659]],"id":"feature_1598"},{"properties":{"depth":12},"type":"Polygon","arcs":[[13023,-4666]],"id":"feature_1599"},{"properties":{"depth":12},"type":"Polygon","arcs":[[4438]],"id":"feature_1600"},{"properties":{"depth":12},"type":"Polygon","arcs":[[4575]],"id":"feature_1601"},{"properties":{"depth":12},"type":"Polygon","arcs":[[4560]],"id":"feature_1602"},{"properties":{"depth":12},"type":"Polygon","arcs":[[4558]],"id":"feature_1603"},{"properties":{"depth":12},"type":"Polygon","arcs":[[4570]],"id":"feature_1604"},{"properties":{"depth":12},"type":"Polygon","arcs":[[4439]],"id":"feature_1605"},{"properties":{"depth":12},"type":"Polygon","arcs":[[4571]],"id":"feature_1606"},{"properties":{"depth":12},"type":"Polygon","arcs":[[4567]],"id":"feature_1607"},{"properties":{"depth":12},"type":"Polygon","arcs":[[4568]],"id":"feature_1608"},{"properties":{"depth":12},"type":"Polygon","arcs":[[4561]],"id":"feature_1609"},{"properties":{"depth":12},"type":"Polygon","arcs":[[-11711,-4575]],"id":"feature_1610"},{"properties":{"depth":12},"type":"Polygon","arcs":[[4562]],"id":"feature_1611"},{"properties":{"depth":12},"type":"Polygon","arcs":[[4492]],"id":"feature_1612"},{"properties":{"depth":12},"type":"Polygon","arcs":[[-4491,-4490,-4489,7150]],"id":"feature_1613"},{"properties":{"depth":12},"type":"Polygon","arcs":[[4491]],"id":"feature_1614"},{"properties":{"depth":13},"type":"Polygon","arcs":[[4440]],"id":"feature_1615"},{"properties":{"depth":13},"type":"Polygon","arcs":[[4663]],"id":"feature_1616"},{"properties":{"depth":13},"type":"Polygon","arcs":[[4626]],"id":"feature_1617"},{"properties":{"depth":12},"type":"Polygon","arcs":[[4465]],"id":"feature_1618"},{"properties":{"depth":12},"type":"Polygon","arcs":[[4661]],"id":"feature_1619"},{"properties":{"depth":11},"type":"Polygon","arcs":[[4441]],"id":"feature_1620"},{"properties":{"depth":12},"type":"Polygon","arcs":[[4573]],"id":"feature_1621"},{"properties":{"depth":11},"type":"Polygon","arcs":[[-4618,4442,4443,4444,4445,4446,4447,4448,4449,4450,4451,4452,4453,4454,4455,4456,4457,4458,4459,4460,4461,8151,4462,4463,4464],[4465],[4466,4467,4468,4469,4470,4471]],"id":"feature_1622"},{"properties":{"depth":11},"type":"Polygon","arcs":[[4472,11364,4473,-4490,4474,4475,4476,4477,4478,6880,4479,4480,4481,4482,4483,4484,4485,-4509,4486,4487],[-7151,4488,4489,4490],[4491],[4492]],"id":"feature_1623"},{"properties":{"depth":11},"type":"Polygon","arcs":[[-11780,4493,-11778,4494,-11776,4495,11773,4496,4497,4498,4499,4500,4501,4502,4503,4504,11769,4505,-11621,4506,-11617,4507,4508,4509,11563,4510,11566,4511,7861,4512,7153,11568,4513,11570,4514,11573,4515,4516,4517,-11226,4518,7163,4519,11591,4520,12937,4521,-11608,4522,4523,4524,-7955,4525,4526,4527,4528,4529,4530,4531,4532,7119,4533,4534,4535,4536,4537,4538,4539,4540,4541,4542,4543,-11858,4544,4545,4546,11359,4547,7137,4548,11786,4549,4550,4551,12868,4552,4553,4554,4555,4556],[4557],[4558],[4559],[4560],[4561],[4562],[4563],[4564],[4565],[4566],[4567],[4568],[4569],[4570],[4571],[4572],[4573],[11710,4574],[4575],[4576],[4577],[11602,4578],[11177,4579],[4580],[4581,4582,4583,4584,4585,4586,11793,4587,4588],[4589,4590,4591,4592,4593,-12812,4594,-12810,4595,-7859,4596,4597,4598,4599,4600,4601,4602,4603,4604,4605,4606,4607,4608,4609,4610,4611,4612,4613,4614,4615]],"id":"feature_1624"},{"properties":{"depth":12},"type":"Polygon","arcs":[[4616,4617,4618,4619,4620,4621,4622,4623,4624,4625],[4626]],"id":"feature_1625"},{"properties":{"depth":11},"type":"Polygon","arcs":[[4627,4628,12254,4629,4630,4631,4632,4633,4634,4635,11549,4636,4637,7165,4638,4639,4640,4641,-11544,4642,4643,7171,4644,4645,11346,4646,8043,4647,8045,4648,4649,4650,4651,8038,4652,4653,8041,4654,-6935,4655,4656,4657,4658],[4659],[4660],[4661],[4662],[4663],[4664],[-13024,4665],[4666]],"id":"feature_1626"},{"properties":{"depth":21},"type":"Polygon","arcs":[[-4754,4667,-9630,4668,9631,4669]],"id":"feature_1627"},{"properties":{"depth":21},"type":"Polygon","arcs":[[-4914,9625,4670,7854,4671,-4757]],"id":"feature_1628"},{"properties":{"depth":21},"type":"Polygon","arcs":[[-4924,4672]],"id":"feature_1629"},{"properties":{"depth":21},"type":"Polygon","arcs":[[-4916,-4756,4673,-4751]],"id":"feature_1630"},{"properties":{"depth":21},"type":"Polygon","arcs":[[-4742,4674,-4804]],"id":"feature_1631"},{"properties":{"depth":21},"type":"Polygon","arcs":[[-4865,-4736,-9635,-4735,-4799,-4844]],"id":"feature_1632"},{"properties":{"depth":21},"type":"Polygon","arcs":[[4675,-4842,-4798,-4839,-4802,4676,9637,4677,-4838]],"id":"feature_1633"},{"properties":{"depth":21},"type":"Polygon","arcs":[[-4791,4678,-4921,-4740]],"id":"feature_1634"},{"properties":{"depth":21},"type":"Polygon","arcs":[[-4739,4679,-4744,-4793]],"id":"feature_1635"},{"properties":{"depth":21},"type":"Polygon","arcs":[[-4746,-6905,4680,-4749,-4788]],"id":"feature_1636"},{"properties":{"depth":21},"type":"Polygon","arcs":[[4681,-4805,-4728,-4777,-4731]],"id":"feature_1637"},{"properties":{"depth":21},"type":"Polygon","arcs":[[4682,-4729,-4783,-4732]],"id":"feature_1638"},{"properties":{"depth":21},"type":"Polygon","arcs":[[-4781,4683,-4733]],"id":"feature_1639"},{"properties":{"depth":21},"type":"Polygon","arcs":[[4684,7293,4685,-4810]],"id":"feature_1640"},{"properties":{"depth":21},"type":"Polygon","arcs":[[4686,7895,-4808,-4773,-4870]],"id":"feature_1641"},{"properties":{"depth":21},"type":"Polygon","arcs":[[-4763,-4762,-4761,-4758,-4771,-4727,-4872,-4725,-4874,-4726,-4835,-4861,4687,7933,4688,7935,4689,-4854,-4852,-4724]],"id":"feature_1642"},{"properties":{"depth":21},"type":"Polygon","arcs":[[4690,-4859]],"id":"feature_1643"},{"properties":{"depth":21},"type":"Polygon","arcs":[[-8785,-8784,4691,8786,4692,7948,4693,-4876,-4722]],"id":"feature_1644"},{"properties":{"depth":21},"type":"Polygon","arcs":[[-4765,-4723,-4880,-4715]],"id":"feature_1645"},{"properties":{"depth":21},"type":"Polygon","arcs":[[-4849,4694,-4721]],"id":"feature_1646"},{"properties":{"depth":21},"type":"Polygon","arcs":[[-4904,-4705,4695,-4906,-4707]],"id":"feature_1647"},{"properties":{"depth":21},"type":"Polygon","arcs":[[4696,-4706,-4709]],"id":"feature_1648"},{"properties":{"depth":21},"type":"Polygon","arcs":[[4697,-4712]],"id":"feature_1649"},{"properties":{"depth":21},"type":"Polygon","arcs":[[4698,8790,4699,8792,4700,-4713]],"id":"feature_1650"},{"properties":{"depth":21},"type":"Polygon","arcs":[[4701,-4717]],"id":"feature_1651"},{"properties":{"depth":21},"type":"Polygon","arcs":[[-4901,-4719,4702,-4710]],"id":"feature_1652"},{"properties":{"depth":22},"type":"Polygon","arcs":[[4703,4704,-4903,4705]],"id":"feature_1653"},{"properties":{"depth":22},"type":"Polygon","arcs":[[-4905,4706]],"id":"feature_1654"},{"properties":{"depth":22},"type":"Polygon","arcs":[[4707,4708,-4902,4709,4710,4711,4712]],"id":"feature_1655"},{"properties":{"depth":22},"type":"Polygon","arcs":[[4713,-4766,4714,-4879,4715,4716,4717,4718,-4912,4719,-4847,4720]],"id":"feature_1656"},{"properties":{"depth":22},"type":"Polygon","arcs":[[-4853,4721,-4875,4722,-4764,4723]],"id":"feature_1657"},{"properties":{"depth":22},"type":"Polygon","arcs":[[4724,-4871]],"id":"feature_1658"},{"properties":{"depth":22},"type":"Polygon","arcs":[[-4884,-4836,4725,-4873,4726,-4770]],"id":"feature_1659"},{"properties":{"depth":22},"type":"Polygon","arcs":[[-4769,-7914,-4768,-4819,-4779,-4887]],"id":"feature_1660"},{"properties":{"depth":22},"type":"Polygon","arcs":[[-4775,-4891]],"id":"feature_1661"},{"properties":{"depth":22},"type":"Polygon","arcs":[[4727,-4778]],"id":"feature_1662"},{"properties":{"depth":22},"type":"Polygon","arcs":[[-4889,-4787,-4786,-7910,-4785,-7284,-4784,4728,4729,4730,-4776]],"id":"feature_1663"},{"properties":{"depth":22},"type":"Polygon","arcs":[[4731,-4782,4732,4733]],"id":"feature_1664"},{"properties":{"depth":22},"type":"Polygon","arcs":[[4734,9634,4735,-4864,4736,-4795,9615,-4797,4737,4738,-4792,4739,-4920,4740,4741,4742,-4800]],"id":"feature_1665"},{"properties":{"depth":22},"type":"Polygon","arcs":[[4743,4744,6904,4745,-4794]],"id":"feature_1666"},{"properties":{"depth":22},"type":"Polygon","arcs":[[4746,6899,4747,-4789,4748]],"id":"feature_1667"},{"properties":{"depth":22},"type":"Polygon","arcs":[[4749,-4919]],"id":"feature_1668"},{"properties":{"depth":22},"type":"Polygon","arcs":[[4750,4751,-4917]],"id":"feature_1669"},{"properties":{"depth":22},"type":"Polygon","arcs":[[4752,4753,4754,4755,-4915,4756]],"id":"feature_1670"},{"properties":{"depth":22},"type":"Polygon","arcs":[[-4772,4757,-4760,-4828,-4827]],"id":"feature_1671"},{"properties":{"depth":23},"type":"Polygon","arcs":[[4758,-4831,-4830,-4829,4759,4760,4761,4762,4763,4764,4765,4766,-4846]],"id":"feature_1672"},{"properties":{"depth":23},"type":"Polygon","arcs":[[-4820,4767,7913,4768,-4886,8735,-4885,4769,4770,4771,-4826,-4825,-4824,-4823,-4822,-4834,-4833,-4867,4772,-4821]],"id":"feature_1673"},{"properties":{"depth":23},"type":"Polygon","arcs":[[-4807,4773,-4892,4774,-4890,4775,4776,4777]],"id":"feature_1674"},{"properties":{"depth":23},"type":"Polygon","arcs":[[-4888,4778,-4818,-4817,-4816,-4815,-8731,-8730,-8729,-4814,-7282,-4813,-4812,7898,4779,4780,4781,4782,4783,7283,4784,7909,4785,4786]],"id":"feature_1675"},{"properties":{"depth":23},"type":"Polygon","arcs":[[4787,4788,7236,7869,4789,4790,4791,4792,4793]],"id":"feature_1676"},{"properties":{"depth":23},"type":"Polygon","arcs":[[4794,4795,4796,-9616]],"id":"feature_1677"},{"properties":{"depth":23},"type":"Polygon","arcs":[[4797,-4841,4798,4799,4800,4801,-4840]],"id":"feature_1678"},{"properties":{"depth":22},"type":"Polygon","arcs":[[4802,4803]],"id":"feature_1679"},{"properties":{"depth":22},"type":"Polygon","arcs":[[4804,4805,4806]],"id":"feature_1680"},{"properties":{"depth":24},"type":"Polygon","arcs":[[4807,4808,4809,4810,4811,4812,7281,4813,8728,8729,8730,4814,4815,4816,4817,4818,4819,4820]],"id":"feature_1681"},{"properties":{"depth":24},"type":"Polygon","arcs":[[4821,4822,4823,4824,4825,4826,4827,4828,4829,4830,4831,-4868,4832,4833]],"id":"feature_1682"},{"properties":{"depth":23},"type":"Polygon","arcs":[[4834,4835,-4883,-4862]],"id":"feature_1683"},{"properties":{"depth":22},"type":"Polygon","arcs":[[4836,4837]],"id":"feature_1684"},{"properties":{"depth":22},"type":"Polygon","arcs":[[4838,4839]],"id":"feature_1685"},{"properties":{"depth":22},"type":"Polygon","arcs":[[4840,4841,4842,-4866,4843]],"id":"feature_1686"},{"properties":{"depth":24},"type":"Polygon","arcs":[[4844,4845]],"id":"feature_1687"},{"properties":{"depth":23},"type":"Polygon","arcs":[[4846,4847,4848]],"id":"feature_1688"},{"properties":{"depth":24},"type":"Polygon","arcs":[[4849,-4910]],"id":"feature_1689"},{"properties":{"depth":24},"type":"Polygon","arcs":[[4850,-4908]],"id":"feature_1690"},{"properties":{"depth":23},"type":"Polygon","arcs":[[4851,-4856,8784,4852]],"id":"feature_1691"},{"properties":{"depth":22},"type":"Polygon","arcs":[[4853,4854,8782,8783,4855]],"id":"feature_1692"},{"properties":{"depth":22},"type":"Polygon","arcs":[[8722,8723,4856,-4897]],"id":"feature_1693"},{"properties":{"depth":22},"type":"Polygon","arcs":[[4857,4858,4859,4860,4861,-4899]],"id":"feature_1694"},{"properties":{"depth":23},"type":"Polygon","arcs":[[4862,4863,4864,4865]],"id":"feature_1695"},{"properties":{"depth":22},"type":"Polygon","arcs":[[4866,4867,4868,4869]],"id":"feature_1696"},{"properties":{"depth":23},"type":"Polygon","arcs":[[4870,4871,4872,4873]],"id":"feature_1697"},{"properties":{"depth":23},"type":"Polygon","arcs":[[4874,4875,4876,8788,4877,4878,4879]],"id":"feature_1698"},{"properties":{"depth":22},"type":"Polygon","arcs":[[4880]],"id":"feature_1699"},{"properties":{"depth":24},"type":"Polygon","arcs":[[4912]],"id":"feature_1700"},{"properties":{"depth":22},"type":"Polygon","arcs":[[4881]],"id":"feature_1701"},{"properties":{"depth":22},"type":"Polygon","arcs":[[-4926,9623]],"id":"feature_1702"},{"properties":{"depth":21},"type":"Polygon","arcs":[[4882,4883,4884,-8736,4885,4886,4887,4888,4889,4890,4891,4892,-7920,4893,-7918,4894,7915,4895,-8723,4896,4897,4898],[4899]],"id":"feature_1703"},{"properties":{"depth":23},"type":"Polygon","arcs":[[4900,4901,4902,4903,4904,4905,4906,4907,4908,4909,4910,4911],[4912]],"id":"feature_1704"},{"properties":{"depth":23},"type":"Polygon","arcs":[[4913,4914,4915,4916,4917,4918,4919,4920,4921,9620,4922,4923,4924],[-9624,4925]],"id":"feature_1705"},{"properties":{"depth":12},"type":"Polygon","arcs":[[4926,-4953,4927,-4957,4928,-4951]],"id":"feature_1706"},{"properties":{"depth":12},"type":"Polygon","arcs":[[4929,-4959,4930,-4950]],"id":"feature_1707"},{"properties":{"depth":12},"type":"Polygon","arcs":[[-4941,-5015,-4939,-5005]],"id":"feature_1708"},{"properties":{"depth":12},"type":"Polygon","arcs":[[4931,-5008,-11003,-5007,-4938,4932,-4945]],"id":"feature_1709"},{"properties":{"depth":12},"type":"Polygon","arcs":[[4933,-4998,-4947]],"id":"feature_1710"},{"properties":{"depth":11},"type":"Polygon","arcs":[[10997,4934,10074,4935]],"id":"feature_1711"},{"properties":{"depth":11},"type":"Polygon","arcs":[[4936,4937,-5006,4938,-5014]],"id":"feature_1712"},{"properties":{"depth":11},"type":"Polygon","arcs":[[4939,-5012]],"id":"feature_1713"},{"properties":{"depth":11},"type":"Polygon","arcs":[[4940,-5004,4941,-5016]],"id":"feature_1714"},{"properties":{"depth":11},"type":"Polygon","arcs":[[4942]],"id":"feature_1715"},{"properties":{"depth":11},"type":"Polygon","arcs":[[-5010,4943,4944,4945,4946]],"id":"feature_1716"},{"properties":{"depth":11},"type":"Polygon","arcs":[[4947,-5002]],"id":"feature_1717"},{"properties":{"depth":11},"type":"Polygon","arcs":[[4948,4949,4950]],"id":"feature_1718"},{"properties":{"depth":11},"type":"Polygon","arcs":[[4951,4952,4953,-5019]],"id":"feature_1719"},{"properties":{"depth":11},"type":"Polygon","arcs":[[4954,-4974,4955,4956]],"id":"feature_1720"},{"properties":{"depth":11},"type":"Polygon","arcs":[[4957,4958]],"id":"feature_1721"},{"properties":{"depth":11},"type":"Polygon","arcs":[[4959,-4962]],"id":"feature_1722"},{"properties":{"depth":12},"type":"Polygon","arcs":[[-4965,4960,4961,4962]],"id":"feature_1723"},{"properties":{"depth":13},"type":"Polygon","arcs":[[-4970,4963,4964,4965]],"id":"feature_1724"},{"properties":{"depth":13},"type":"Polygon","arcs":[[-4972,4966,-4976,4967]],"id":"feature_1725"},{"properties":{"depth":14},"type":"Polygon","arcs":[[4968,4969,4970,4971]],"id":"feature_1726"},{"properties":{"depth":12},"type":"Polygon","arcs":[[4972,4973,4974,4975]],"id":"feature_1727"},{"properties":{"depth":12},"type":"Polygon","arcs":[[-4985,-5027]],"id":"feature_1728"},{"properties":{"depth":12},"type":"Polygon","arcs":[[4976,-5024]],"id":"feature_1729"},{"properties":{"depth":12},"type":"Polygon","arcs":[[4977,-4992]],"id":"feature_1730"},{"properties":{"depth":11},"type":"Polygon","arcs":[[4978,-5033]],"id":"feature_1731"},{"properties":{"depth":11},"type":"Polygon","arcs":[[4979,-5031,-5030,4980,-5055,-5054]],"id":"feature_1732"},{"properties":{"depth":11},"type":"Polygon","arcs":[[4981,-5052]],"id":"feature_1733"},{"properties":{"depth":11},"type":"Polygon","arcs":[[4982,-5048]],"id":"feature_1734"},{"properties":{"depth":11},"type":"Polygon","arcs":[[-5046,-5045]],"id":"feature_1735"},{"properties":{"depth":13},"type":"Polygon","arcs":[[4983,-5022]],"id":"feature_1736"},{"properties":{"depth":13},"type":"Polygon","arcs":[[-5028,4984,-5026,4985,-4995,-10064,4986,-5039]],"id":"feature_1737"},{"properties":{"depth":13},"type":"Polygon","arcs":[[4987,-5037]],"id":"feature_1738"},{"properties":{"depth":13},"type":"Polygon","arcs":[[-10546,4988,-5043,4989,4990,4991]],"id":"feature_1739"},{"properties":{"depth":13},"type":"Polygon","arcs":[[4992,-5050]],"id":"feature_1740"},{"properties":{"depth":13},"type":"Polygon","arcs":[[4993,-5035]],"id":"feature_1741"},{"properties":{"depth":13},"type":"Polygon","arcs":[[-5041,10063,4994,4995,9772,4996,5041]],"id":"feature_1742"},{"properties":{"depth":13},"type":"Polygon","arcs":[[4997,4998,11004,4999,-5017,5000,5001,5002,5003,5004,5005,5006,11002,5007,5008,5009]],"id":"feature_1743"},{"properties":{"depth":13},"type":"Polygon","arcs":[[5010,5011,5012,5013,5014,5015]],"id":"feature_1744"},{"properties":{"depth":12},"type":"Polygon","arcs":[[5016,5017,5018,5019]],"id":"feature_1745"},{"properties":{"depth":12},"type":"Polygon","arcs":[[5028]],"id":"feature_1746"},{"properties":{"depth":13},"type":"Polygon","arcs":[[5058]],"id":"feature_1747"},{"properties":{"depth":11},"type":"Polygon","arcs":[[5059,-5058]],"id":"feature_1748"},{"properties":{"depth":11},"type":"Polygon","arcs":[[5056]],"id":"feature_1749"},{"properties":{"depth":11},"type":"Polygon","arcs":[[-5060,-5061]],"id":"feature_1750"},{"properties":{"depth":11},"type":"Polygon","arcs":[[5020,5021,5022,5023,5024,5025,5026,5027],[5028]],"id":"feature_1751"},{"properties":{"depth":12},"type":"Polygon","arcs":[[5029,5030,5031,5032,5033,5034,5035,5036,5037,5038,5039,5040,-5042,5041,5042,5043,5044,5045,5046,5047,5048,5049,5050,5051,5052,5053,5054,5055],[5056],[-5060,5057],[5058],[5059,5060]],"id":"feature_1752"},{"properties":{"depth":11},"type":"Polygon","arcs":[[-5272,-5271,5061,-5136]],"id":"feature_1753"},{"properties":{"depth":11},"type":"Polygon","arcs":[[-5281,-5444,5130,5062,5063]],"id":"feature_1754"},{"properties":{"depth":11},"type":"Polygon","arcs":[[5064,5065,-5293,-5249,-5290]],"id":"feature_1755"},{"properties":{"depth":11},"type":"Polygon","arcs":[[-5138,-5446,-5280,5066]],"id":"feature_1756"},{"properties":{"depth":11},"type":"Polygon","arcs":[[-5454,-5461,5067]],"id":"feature_1757"},{"properties":{"depth":11},"type":"Polygon","arcs":[[-5140,5068,-5452]],"id":"feature_1758"},{"properties":{"depth":11},"type":"Polygon","arcs":[[-5457,5069]],"id":"feature_1759"},{"properties":{"depth":11},"type":"Polygon","arcs":[[-5507,-5430,5070,5506]],"id":"feature_1760"},{"properties":{"depth":11},"type":"Polygon","arcs":[[-5431,5071,-5514,5431,-5438]],"id":"feature_1761"},{"properties":{"depth":11},"type":"Polygon","arcs":[[-5506,-5433,-5432,5513,-5513,5072,5073,-5422,-5402,-5592,-5434,-5504,-5503,5502]],"id":"feature_1762"},{"properties":{"depth":11},"type":"Polygon","arcs":[[-5394,-5420,-5145,-5407]],"id":"feature_1763"},{"properties":{"depth":11},"type":"Polygon","arcs":[[-5409,-5147,5074,-5144]],"id":"feature_1764"},{"properties":{"depth":11},"type":"Polygon","arcs":[[-5502,5075,-5152]],"id":"feature_1765"},{"properties":{"depth":11},"type":"Polygon","arcs":[[-5500,-5151,5076,-5522]],"id":"feature_1766"},{"properties":{"depth":11},"type":"Polygon","arcs":[[-5154,5077,-5525]],"id":"feature_1767"},{"properties":{"depth":11},"type":"Polygon","arcs":[[-5296,5078,-5148]],"id":"feature_1768"},{"properties":{"depth":11},"type":"Polygon","arcs":[[-5667,5079,-5668]],"id":"feature_1769"},{"properties":{"depth":11},"type":"Polygon","arcs":[[5080,-5159,-5663]],"id":"feature_1770"},{"properties":{"depth":11},"type":"Polygon","arcs":[[-5240,-5239,-5164,-5244,-5660,-5163,5081,-5166]],"id":"feature_1771"},{"properties":{"depth":11},"type":"Polygon","arcs":[[-5169,5082,-5161,-5234]],"id":"feature_1772"},{"properties":{"depth":11},"type":"Polygon","arcs":[[-5237,5083,-5167]],"id":"feature_1773"},{"properties":{"depth":11},"type":"Polygon","arcs":[[5084,-5656,-5171]],"id":"feature_1774"},{"properties":{"depth":11},"type":"Polygon","arcs":[[-5173,5085,-5531,5533,-5529]],"id":"feature_1775"},{"properties":{"depth":11},"type":"Polygon","arcs":[[5086,-5174,-5229,-5761]],"id":"feature_1776"},{"properties":{"depth":11},"type":"Polygon","arcs":[[-5228,-5299,-5741,-5762]],"id":"feature_1777"},{"properties":{"depth":11},"type":"Polygon","arcs":[[-5745,5087,-5298,-5743,-5301,-5233,-5302,-5648,-5647,-5646,5695,5088,5089,5090,5091,-5639,-5638,5092,-5305]],"id":"feature_1778"},{"properties":{"depth":11},"type":"Polygon","arcs":[[5093,-5610,-5329]],"id":"feature_1779"},{"properties":{"depth":11},"type":"Polygon","arcs":[[5094,5095,-5328,-5187,5217,5218,-5189]],"id":"feature_1780"},{"properties":{"depth":11},"type":"Polygon","arcs":[[5096,-5190]],"id":"feature_1781"},{"properties":{"depth":11},"type":"Polygon","arcs":[[-5194,5097,5223]],"id":"feature_1782"},{"properties":{"depth":11},"type":"Polygon","arcs":[[-5598,-5332,5098,-5195]],"id":"feature_1783"},{"properties":{"depth":11},"type":"Polygon","arcs":[[-5717,-5334,-5715,-5714,-5341,5099,-5718]],"id":"feature_1784"},{"properties":{"depth":11},"type":"Polygon","arcs":[[-5202,5100,-5337]],"id":"feature_1785"},{"properties":{"depth":11},"type":"Polygon","arcs":[[-5352,5351,-5585,5101,5102]],"id":"feature_1786"},{"properties":{"depth":15},"type":"Polygon","arcs":[[5103,-5350]],"id":"feature_1787"},{"properties":{"depth":15},"type":"Polygon","arcs":[[-5470,-5593,5104]],"id":"feature_1788"},{"properties":{"depth":15},"type":"Polygon","arcs":[[5105,-5347]],"id":"feature_1789"},{"properties":{"depth":15},"type":"Polygon","arcs":[[-5472,5106]],"id":"feature_1790"},{"properties":{"depth":15},"type":"Polygon","arcs":[[-5208,5212,5107,5108]],"id":"feature_1791"},{"properties":{"depth":15},"type":"Polygon","arcs":[[5109,-5371]],"id":"feature_1792"},{"properties":{"depth":15},"type":"Polygon","arcs":[[5110,-5701]],"id":"feature_1793"},{"properties":{"depth":15},"type":"Polygon","arcs":[[5257,5111,5255,5112]],"id":"feature_1794"},{"properties":{"depth":15},"type":"Polygon","arcs":[[-5260,5113]],"id":"feature_1795"},{"properties":{"depth":15},"type":"Polygon","arcs":[[5114,-5686]],"id":"feature_1796"},{"properties":{"depth":15},"type":"Polygon","arcs":[[5115,5687]],"id":"feature_1797"},{"properties":{"depth":15},"type":"Polygon","arcs":[[5691,-5692]],"id":"feature_1798"},{"properties":{"depth":15},"type":"Polygon","arcs":[[-5694,5116]],"id":"feature_1799"},{"properties":{"depth":15},"type":"Polygon","arcs":[[-5748,5117,5642,5643,5118,5119,-5699]],"id":"feature_1800"},{"properties":{"depth":15},"type":"Polygon","arcs":[[5645,5120]],"id":"feature_1801"},{"properties":{"depth":15},"type":"Polygon","arcs":[[5121,-5707,5722,-5706,5724,-5705,5726,-5704]],"id":"feature_1802"},{"properties":{"depth":15},"type":"Polygon","arcs":[[-5709,5122]],"id":"feature_1803"},{"properties":{"depth":15},"type":"Polygon","arcs":[[-5362,-5335,5123,5124,-5363]],"id":"feature_1804"},{"properties":{"depth":15},"type":"Polygon","arcs":[[-5681,5125]],"id":"feature_1805"},{"properties":{"depth":15},"type":"Polygon","arcs":[[5126,-5263]],"id":"feature_1806"},{"properties":{"depth":15},"type":"Polygon","arcs":[[5127,5128,5129,5130,-5441]],"id":"feature_1807"},{"properties":{"depth":12},"type":"Polygon","arcs":[[5131,-5251]],"id":"feature_1808"},{"properties":{"depth":12},"type":"Polygon","arcs":[[5132,-5253]],"id":"feature_1809"},{"properties":{"depth":12},"type":"Polygon","arcs":[[5133,5134,5271,5135]],"id":"feature_1810"},{"properties":{"depth":12},"type":"Polygon","arcs":[[5136,-5278,-5447,5137]],"id":"feature_1811"},{"properties":{"depth":12},"type":"Polygon","arcs":[[5138,5139,-5451]],"id":"feature_1812"},{"properties":{"depth":12},"type":"Polygon","arcs":[[-5267,5140,-5246]],"id":"feature_1813"},{"properties":{"depth":12},"type":"Polygon","arcs":[[-5459,5141,-5429,-5436]],"id":"feature_1814"},{"properties":{"depth":12},"type":"Polygon","arcs":[[5142,-5411,5413,-5410,5143]],"id":"feature_1815"},{"properties":{"depth":12},"type":"Polygon","arcs":[[5144,-5419,-5397,5145,5146,-5408]],"id":"feature_1816"},{"properties":{"depth":12},"type":"Polygon","arcs":[[5147,5148,-5678,-5297]],"id":"feature_1817"},{"properties":{"depth":12},"type":"Polygon","arcs":[[5149,5150,-5499,5151]],"id":"feature_1818"},{"properties":{"depth":12},"type":"Polygon","arcs":[[5152,5153,-5524]],"id":"feature_1819"},{"properties":{"depth":12},"type":"Polygon","arcs":[[-5674,-5158,-5672,5154,-5388]],"id":"feature_1820"},{"properties":{"depth":15},"type":"Polygon","arcs":[[-5684,5155]],"id":"feature_1821"},{"properties":{"depth":13},"type":"Polygon","arcs":[[5674,-5675,-5674,-5673,-5672,-5671,-5670,5156,5671,5157,5673]],"id":"feature_1822"},{"properties":{"depth":12},"type":"Polygon","arcs":[[5158,5159,-5665,-5664]],"id":"feature_1823"},{"properties":{"depth":12},"type":"Polygon","arcs":[[5160,5161,5162,-5659,-5235]],"id":"feature_1824"},{"properties":{"depth":12},"type":"Polygon","arcs":[[-5245,5163,-5239,5238]],"id":"feature_1825"},{"properties":{"depth":12},"type":"Polygon","arcs":[[5164,-5241,5165]],"id":"feature_1826"},{"properties":{"depth":12},"type":"Polygon","arcs":[[5166,5167,5168,-5238]],"id":"feature_1827"},{"properties":{"depth":12},"type":"Polygon","arcs":[[5528,-5534,-5533,5169,5170,-5655,-5530,-5529,-5528,-5653,-5232,5171,5172]],"id":"feature_1828"},{"properties":{"depth":12},"type":"Polygon","arcs":[[5173,5174,-5535,-5230]],"id":"feature_1829"},{"properties":{"depth":12},"type":"Polygon","arcs":[[5175,-5739]],"id":"feature_1830"},{"properties":{"depth":12},"type":"Polygon","arcs":[[-5735,5176,-5540]],"id":"feature_1831"},{"properties":{"depth":12},"type":"Polygon","arcs":[[-5629,5177,-5307]],"id":"feature_1832"},{"properties":{"depth":12},"type":"Polygon","arcs":[[5178,-5543,-5622,5179,-5542]],"id":"feature_1833"},{"properties":{"depth":12},"type":"Polygon","arcs":[[5180,-5627]],"id":"feature_1834"},{"properties":{"depth":12},"type":"Polygon","arcs":[[-5547,5181,5182]],"id":"feature_1835"},{"properties":{"depth":12},"type":"Polygon","arcs":[[-5567,-5323,-5779,-5775,-5552,-5563]],"id":"feature_1836"},{"properties":{"depth":12},"type":"Polygon","arcs":[[-5560,-5551]],"id":"feature_1837"},{"properties":{"depth":12},"type":"Polygon","arcs":[[-5559,5183,-5324]],"id":"feature_1838"},{"properties":{"depth":12},"type":"Polygon","arcs":[[-5553,-5772,5184,-5613,-5326,5185,-5557]],"id":"feature_1839"},{"properties":{"depth":12},"type":"Polygon","arcs":[[5216,5186,-5327]],"id":"feature_1840"},{"properties":{"depth":12},"type":"Polygon","arcs":[[-5219,5218,5219,5187,5188]],"id":"feature_1841"},{"properties":{"depth":12},"type":"Polygon","arcs":[[5189,5190,5221,5191]],"id":"feature_1842"},{"properties":{"depth":12},"type":"Polygon","arcs":[[5192,5193,5224]],"id":"feature_1843"},{"properties":{"depth":12},"type":"Polygon","arcs":[[5214,-5601,-5330,-5599,5194,5195,5226,-5603]],"id":"feature_1844"},{"properties":{"depth":12},"type":"Polygon","arcs":[[-5339,5196]],"id":"feature_1845"},{"properties":{"depth":12},"type":"Polygon","arcs":[[-5575,5574,-5584,5197,5198,5199,5200,5201,-5359,-5578,-5577,5581,-5576,5583]],"id":"feature_1846"},{"properties":{"depth":11},"type":"Polygon","arcs":[[5202,5356,5474,5203]],"id":"feature_1847"},{"properties":{"depth":13},"type":"Polygon","arcs":[[5204,-5355]],"id":"feature_1848"},{"properties":{"depth":11},"type":"Polygon","arcs":[[5205,-5468,-5381]],"id":"feature_1849"},{"properties":{"depth":12},"type":"Polygon","arcs":[[5377,-5378,-5377,5206,5207,5209]],"id":"feature_1850"},{"properties":{"depth":14},"type":"Polygon","arcs":[[5208,5209,5377,5378,5210,5211,5212,5213,5375]],"id":"feature_1851"},{"properties":{"depth":13},"type":"Polygon","arcs":[[5214,5215,5603,-5606,5604,5605,5606,5607,5216,5217,5218,5219,5220,5221,5222,5223,5224,5225,5226,-5603]],"id":"feature_1852"},{"properties":{"depth":13},"type":"Polygon","arcs":[[5227,5228,5229,-5537,5230,5231,-5652,5650,-5650,-5303,5232,-5300]],"id":"feature_1853"},{"properties":{"depth":13},"type":"Polygon","arcs":[[5233,5234,-5658,5235,5236,5237]],"id":"feature_1854"},{"properties":{"depth":13},"type":"Polygon","arcs":[[5238,5239,5240,5241,5242,5659,5243,5244]],"id":"feature_1855"},{"properties":{"depth":13},"type":"Polygon","arcs":[[5245,5246,-5268]],"id":"feature_1856"},{"properties":{"depth":12},"type":"Polygon","arcs":[[5247,-5265]],"id":"feature_1857"},{"properties":{"depth":14},"type":"Polygon","arcs":[[5248,-5292,5249,5250,5251,5252,-5286,5253,-5466,-5284,5254,5255,5256,5257,5258,5259,5260,5261,5262,5263,5264,5265,5266,5267,5268,-5277,5269,5270,5271,5272,5273,-5287,-5519,5274,-5289]],"id":"feature_1858"},{"properties":{"depth":13},"type":"Polygon","arcs":[[5275,5276]],"id":"feature_1859"},{"properties":{"depth":13},"type":"Polygon","arcs":[[-5448,5277,5278]],"id":"feature_1860"},{"properties":{"depth":13},"type":"Polygon","arcs":[[5279,-5445,5280,5281]],"id":"feature_1861"},{"properties":{"depth":13},"type":"Polygon","arcs":[[-5465,5282,5283]],"id":"feature_1862"},{"properties":{"depth":13},"type":"Polygon","arcs":[[5284,5285]],"id":"feature_1863"},{"properties":{"depth":13},"type":"Polygon","arcs":[[-5519,5518,5286,5287,-5517]],"id":"feature_1864"},{"properties":{"depth":13},"type":"Polygon","arcs":[[5288,5289]],"id":"feature_1865"},{"properties":{"depth":13},"type":"Polygon","arcs":[[5290,5291,5292]],"id":"feature_1866"},{"properties":{"depth":15},"type":"Polygon","arcs":[[5293,-5680]],"id":"feature_1867"},{"properties":{"depth":13},"type":"Polygon","arcs":[[-5390,5294,5295,5296,-5677]],"id":"feature_1868"},{"properties":{"depth":12},"type":"Polygon","arcs":[[-5643,-5642,-5744,5297]],"id":"feature_1869"},{"properties":{"depth":12},"type":"Polygon","arcs":[[-5742,5298,5299,5300]],"id":"feature_1870"},{"properties":{"depth":12},"type":"Polygon","arcs":[[5301,5302,-5649,-5648,5647]],"id":"feature_1871"},{"properties":{"depth":12},"type":"Polygon","arcs":[[-5640,5303,-5638,-5746,5304]],"id":"feature_1872"},{"properties":{"depth":11},"type":"Polygon","arcs":[[5749,-5636,-5635,-5634,5305]],"id":"feature_1873"},{"properties":{"depth":13},"type":"Polygon","arcs":[[5306,5307,-5632,-5631,-5630]],"id":"feature_1874"},{"properties":{"depth":11},"type":"Polygon","arcs":[[-5633,5308,-5753]],"id":"feature_1875"},{"properties":{"depth":11},"type":"Polygon","arcs":[[-5317,5309,5310,-5619,-5322,5311,5316,-5315,-5314,5313,-5313]],"id":"feature_1876"},{"properties":{"depth":14},"type":"Polygon","arcs":[[5312,-5314,5313,5314,-5317,5315,5316]],"id":"feature_1877"},{"properties":{"depth":13},"type":"Polygon","arcs":[[5317,5318,5319,-5620]],"id":"feature_1878"},{"properties":{"depth":13},"type":"Polygon","arcs":[[-5566,5320,5321,-5618,-5780,5322]],"id":"feature_1879"},{"properties":{"depth":13},"type":"Polygon","arcs":[[5323,5324,-5561,-5554,-5556,-5555]],"id":"feature_1880"},{"properties":{"depth":13},"type":"Polygon","arcs":[[5325,-5612]],"id":"feature_1881"},{"properties":{"depth":13},"type":"Polygon","arcs":[[5326,5327,5328,-5609]],"id":"feature_1882"},{"properties":{"depth":13},"type":"Polygon","arcs":[[5329,-5600]],"id":"feature_1883"},{"properties":{"depth":12},"type":"Polygon","arcs":[[5330,5331,-5720]],"id":"feature_1884"},{"properties":{"depth":13},"type":"Polygon","arcs":[[-5717,5332,5714,5333,5716]],"id":"feature_1885"},{"properties":{"depth":13},"type":"Polygon","arcs":[[5334,-5361,5362,5335,5336,5337,5338,5339,5340,-5713,-5712,-5711]],"id":"feature_1886"},{"properties":{"depth":14},"type":"Polygon","arcs":[[5341,5342,5343,5473,5344,5345,5346,5347,5348,5349,5350,5351,-5585,5352,5353,5354,5355,5356,5474,-5474,5357,-5573,-5584,-5583,-5582,-5581,-5580,-5579,5358,5359,5360,5361,5362]],"id":"feature_1887"},{"properties":{"depth":14},"type":"Polygon","arcs":[[5363,5364,-5382,5365,-5384,5366,-5527,5367,-5387,5368,-5479,-5478,-5477,-5372,5369,5370]],"id":"feature_1888"},{"properties":{"depth":13},"type":"Polygon","arcs":[[5371,-5374]],"id":"feature_1889"},{"properties":{"depth":11},"type":"Polygon","arcs":[[5372,5373,-5481]],"id":"feature_1890"},{"properties":{"depth":13},"type":"Polygon","arcs":[[-5467,5374,5375,5376,5377,5378,5379,5380]],"id":"feature_1891"},{"properties":{"depth":15},"type":"Polygon","arcs":[[5381,5382]],"id":"feature_1892"},{"properties":{"depth":15},"type":"Polygon","arcs":[[5383,5384]],"id":"feature_1893"},{"properties":{"depth":13},"type":"Polygon","arcs":[[5385,5386]],"id":"feature_1894"},{"properties":{"depth":11},"type":"Polygon","arcs":[[5387,5388,5389,-5676,-5675]],"id":"feature_1895"},{"properties":{"depth":14},"type":"Polygon","arcs":[[-5414,-5413,5390,-5415]],"id":"feature_1896"},{"properties":{"depth":14},"type":"Polygon","arcs":[[5391,-5400,5392,-5421,5393,-5406,-5405,5404,-5404,5402,-5417]],"id":"feature_1897"},{"properties":{"depth":14},"type":"Polygon","arcs":[[-5425,-5424,5394,5395,5396,5397,5398,5399,5400,5401]],"id":"feature_1898"},{"properties":{"depth":13},"type":"Polygon","arcs":[[5402,5403,-5405,5404,5405,5406,5407,5408,5409,-5414,5410,5411,5412,5413,5414,5415,5416]],"id":"feature_1899"},{"properties":{"depth":13},"type":"Polygon","arcs":[[5417,5418,5419,5420]],"id":"feature_1900"},{"properties":{"depth":13},"type":"Polygon","arcs":[[5421,5422,5423,5424]],"id":"feature_1901"},{"properties":{"depth":13},"type":"Polygon","arcs":[[-5427,5425]],"id":"feature_1902"},{"properties":{"depth":11},"type":"Polygon","arcs":[[5426,5427]],"id":"feature_1903"},{"properties":{"depth":13},"type":"Polygon","arcs":[[5428,5429,-5509,5430,-5437]],"id":"feature_1904"},{"properties":{"depth":14},"type":"Polygon","arcs":[[-5432,5431,5432,-5505,5433,-5591,5434,-5460,5435,5436,5437]],"id":"feature_1905"},{"properties":{"depth":14},"type":"Polygon","arcs":[[5438,-5455,5439,5440,5441,5442,5443,5444,5445,5446,5447,5448,-5515,5449,5450,5451,5452,-5462,5453]],"id":"feature_1906"},{"properties":{"depth":13},"type":"Polygon","arcs":[[5454,5455,5456,5457,5458,5459]],"id":"feature_1907"},{"properties":{"depth":13},"type":"Polygon","arcs":[[5460,5461,5462]],"id":"feature_1908"},{"properties":{"depth":11},"type":"Polygon","arcs":[[5463,5464,5465]],"id":"feature_1909"},{"properties":{"depth":14},"type":"Polygon","arcs":[[-5467,5466,5467,5468,5469,5470,5471,5472]],"id":"feature_1910"},{"properties":{"depth":13},"type":"Polygon","arcs":[[5473,-5475,5474,5475]],"id":"feature_1911"},{"properties":{"depth":13},"type":"Polygon","arcs":[[5476,5477,5478,5479,5480]],"id":"feature_1912"},{"properties":{"depth":15},"type":"Polygon","arcs":[[5481,-5690]],"id":"feature_1913"},{"properties":{"depth":13},"type":"Polygon","arcs":[[-5489,5482,-5589]],"id":"feature_1914"},{"properties":{"depth":13},"type":"Polygon","arcs":[[-5490,-5485]],"id":"feature_1915"},{"properties":{"depth":11},"type":"Polygon","arcs":[[5483,5484,-5495,5485,5486,5487,5488]],"id":"feature_1916"},{"properties":{"depth":14},"type":"Polygon","arcs":[[5489,5490,5491,5492,-5497,5493,5494]],"id":"feature_1917"},{"properties":{"depth":11},"type":"Polygon","arcs":[[5495,5496]],"id":"feature_1918"},{"properties":{"depth":14},"type":"Polygon","arcs":[[5497]],"id":"feature_1919"},{"properties":{"depth":13},"type":"Polygon","arcs":[[5498,5499,-5521,5500,5501]],"id":"feature_1920"},{"properties":{"depth":13},"type":"Polygon","arcs":[[-5503,5502,5503,5504,5505]],"id":"feature_1921"},{"properties":{"depth":12},"type":"Polygon","arcs":[[5506,5507,5508]],"id":"feature_1922"},{"properties":{"depth":11},"type":"Polygon","arcs":[[5509]],"id":"feature_1923"},{"properties":{"depth":13},"type":"Polygon","arcs":[[5510,5511,5512,-5514,5513]],"id":"feature_1924"},{"properties":{"depth":13},"type":"Polygon","arcs":[[5514,5515]],"id":"feature_1925"},{"properties":{"depth":11},"type":"Polygon","arcs":[[5516,5517,5518]],"id":"feature_1926"},{"properties":{"depth":14},"type":"Polygon","arcs":[[5519,5520,5521,5522,5523,5524]],"id":"feature_1927"},{"properties":{"depth":13},"type":"Polygon","arcs":[[5525,5526]],"id":"feature_1928"},{"properties":{"depth":13},"type":"Polygon","arcs":[[5527,5528,5529,-5654]],"id":"feature_1929"},{"properties":{"depth":13},"type":"Polygon","arcs":[[-5534,5530,5531,5532,5533]],"id":"feature_1930"},{"properties":{"depth":14},"type":"Polygon","arcs":[[5534,5535,5536]],"id":"feature_1931"},{"properties":{"depth":11},"type":"Polygon","arcs":[[5537,-5737]],"id":"feature_1932"},{"properties":{"depth":11},"type":"Polygon","arcs":[[5538,-5736,5539]],"id":"feature_1933"},{"properties":{"depth":11},"type":"Polygon","arcs":[[5540,5541]],"id":"feature_1934"},{"properties":{"depth":11},"type":"Polygon","arcs":[[-5623,5542,5543]],"id":"feature_1935"},{"properties":{"depth":13},"type":"Polygon","arcs":[[-5549,5544,-5625,5545,5546,5547]],"id":"feature_1936"},{"properties":{"depth":11},"type":"Polygon","arcs":[[5548,5549]],"id":"feature_1937"},{"properties":{"depth":14},"type":"Polygon","arcs":[[5550,-5564,5551,-5775,-5774,-5773,5552,-5556,5555,5553]],"id":"feature_1938"},{"properties":{"depth":11},"type":"Polygon","arcs":[[5554,5555,5556,5557,5558]],"id":"feature_1939"},{"properties":{"depth":11},"type":"Polygon","arcs":[[5559,5560,5561,-5568,5562,5563]],"id":"feature_1940"},{"properties":{"depth":14},"type":"Polygon","arcs":[[5564,5565,5566,5567,5568,-5570]],"id":"feature_1941"},{"properties":{"depth":11},"type":"Polygon","arcs":[[5569,5570,5571]],"id":"feature_1942"},{"properties":{"depth":13},"type":"Polygon","arcs":[[5572,5573,5574,-5584,5575,-5582,5576,5577,5578,5579,5580,5581,5582,5583]],"id":"feature_1943"},{"properties":{"depth":14},"type":"Polygon","arcs":[[5584,5585]],"id":"feature_1944"},{"properties":{"depth":14},"type":"Polygon","arcs":[[5586,5587,5588]],"id":"feature_1945"},{"properties":{"depth":13},"type":"Polygon","arcs":[[5589,5590,5591]],"id":"feature_1946"},{"properties":{"depth":14},"type":"Polygon","arcs":[[5592,5593]],"id":"feature_1947"},{"properties":{"depth":13},"type":"Polygon","arcs":[[5594]],"id":"feature_1948"},{"properties":{"depth":14},"type":"Polygon","arcs":[[5792]],"id":"feature_1949"},{"properties":{"depth":13},"type":"Polygon","arcs":[[-5728,-5727,-5726,-5725,-5724,-5723,-5729]],"id":"feature_1950"},{"properties":{"depth":12},"type":"Polygon","arcs":[[-5733,-5732,-5766,-5731,-5764,-5734]],"id":"feature_1951"},{"properties":{"depth":15},"type":"Polygon","arcs":[[5595]],"id":"feature_1952"},{"properties":{"depth":14},"type":"Polygon","arcs":[[5784]],"id":"feature_1953"},{"properties":{"depth":13},"type":"Polygon","arcs":[[5721]],"id":"feature_1954"},{"properties":{"depth":15},"type":"Polygon","arcs":[[5596]],"id":"feature_1955"},{"properties":{"depth":12},"type":"Polygon","arcs":[[5754]],"id":"feature_1956"},{"properties":{"depth":12},"type":"Polygon","arcs":[[-5758,-5756]],"id":"feature_1957"},{"properties":{"depth":11},"type":"Polygon","arcs":[[5762]],"id":"feature_1958"},{"properties":{"depth":14},"type":"Polygon","arcs":[[5597,5598,5599,5600,5601,5602,5603,-5606,5604,5605,5606,5607,5608,5609,5610,5611,5612,5613,-5770,5785,-5769,5614,-5767,-5766,-5765,-5764,5615,5616,-5781,5617,5618,5619,5620,5621,5622,5623,5624,5625,5626,5627,5628,5629,5630,5631,5632,-5752,5633,5634,5635,-5750,5636,-5747,5637,5638,5639,5640,-5745,5641,5642,5643,5644,5645,5646,5647,5648,5649,5650,5651,5652,5653,5654,5655,5656,5657,5658,5659,5660,5661,5662,5663,5664,5665,5666,5667,5668,5669,5670,5671,5672,5673,5674,5675,5676,5677,5678,5679,5680,5681,5682,5683,5684,5685,5686,5687,5688,5689,5690,5691,5692,5693,5694,5695,5696,5697,5698,5699,5700,5701,5702,5703,-5727,5704,-5725,5705,-5723,5706,5707,5708,5709,5710,5711,5712,5713,5714,5715,5716,5717,5718,5719],[5720],[5721],[5722,5723,5724,5725,5726,-5728,5728],[5729],[5763,5730,5765,5731,5732,5733]],"id":"feature_1959"},{"properties":{"depth":13},"type":"Polygon","arcs":[[5734,5735,5736,5737,5738,5739,-5759,-5758,-5757,5740,5741,5742,5743,5744,5745,5746,5747,5748,5749,5750,5751,5752,5753],[5754],[5757,5755]],"id":"feature_1960"},{"properties":{"depth":12},"type":"Polygon","arcs":[[5756,5757,5758,5759,5760,5761],[5762]],"id":"feature_1961"},{"properties":{"depth":15},"type":"Polygon","arcs":[[5763,5764,5765,5766,5767,5768,-5786,5769,5770,5771,5772,5773,5774,5775,-5791,5776,5777,5778,5779,5780,5781,5782,-5788,5783],[5784],[5785,5786,5787,5788,5789,5790,5791],[5792]],"id":"feature_1962"},{"properties":{"depth":11},"type":"Polygon","arcs":[[-5870,-5969,5793]],"id":"feature_1963"},{"properties":{"depth":11},"type":"Polygon","arcs":[[-6009,5794,-5974]],"id":"feature_1964"},{"properties":{"depth":11},"type":"Polygon","arcs":[[-5978,5795,-6003,5796,-5821,-5874,-5825,5797]],"id":"feature_1965"},{"properties":{"depth":11},"type":"Polygon","arcs":[[5798,-5823]],"id":"feature_1966"},{"properties":{"depth":11},"type":"Polygon","arcs":[[5799,-5982]],"id":"feature_1967"},{"properties":{"depth":11},"type":"Polygon","arcs":[[-5880,-5858,5800]],"id":"feature_1968"},{"properties":{"depth":11},"type":"Polygon","arcs":[[5801,-5856,-6012,-5863,-6022]],"id":"feature_1969"},{"properties":{"depth":11},"type":"Polygon","arcs":[[5802,-5984,6018,5803,-5866,-5865,-5864]],"id":"feature_1970"},{"properties":{"depth":11},"type":"Polygon","arcs":[[-5986,5804]],"id":"feature_1971"},{"properties":{"depth":11},"type":"Polygon","arcs":[[-5867,-6016,5805]],"id":"feature_1972"},{"properties":{"depth":11},"type":"Polygon","arcs":[[5806,-6014,-5862]],"id":"feature_1973"},{"properties":{"depth":11},"type":"Polygon","arcs":[[5807,-5860,-5881]],"id":"feature_1974"},{"properties":{"depth":11},"type":"Polygon","arcs":[[-5828,5808]],"id":"feature_1975"},{"properties":{"depth":11},"type":"Polygon","arcs":[[5896,-5897]],"id":"feature_1976"},{"properties":{"depth":11},"type":"Polygon","arcs":[[-5830,-5892,5809]],"id":"feature_1977"},{"properties":{"depth":11},"type":"Polygon","arcs":[[-5836,-5907]],"id":"feature_1978"},{"properties":{"depth":11},"type":"Polygon","arcs":[[-5838,5810]],"id":"feature_1979"},{"properties":{"depth":11},"type":"Polygon","arcs":[[-5912,5811]],"id":"feature_1980"},{"properties":{"depth":11},"type":"Polygon","arcs":[[-5845,-5921,-5850,5812]],"id":"feature_1981"},{"properties":{"depth":11},"type":"Polygon","arcs":[[-5848,5813]],"id":"feature_1982"},{"properties":{"depth":11},"type":"Polygon","arcs":[[5814,-5924]],"id":"feature_1983"},{"properties":{"depth":11},"type":"Polygon","arcs":[[-5854,-5928,5815]],"id":"feature_1984"},{"properties":{"depth":11},"type":"Polygon","arcs":[[5816,-5933,5817,-5937]],"id":"feature_1985"},{"properties":{"depth":11},"type":"Polygon","arcs":[[-5935,5818]],"id":"feature_1986"},{"properties":{"depth":12},"type":"Polygon","arcs":[[-5971,-5872,5819]],"id":"feature_1987"},{"properties":{"depth":12},"type":"Polygon","arcs":[[5820,5821,5822,5823,5824,-5875]],"id":"feature_1988"},{"properties":{"depth":12},"type":"Polygon","arcs":[[5825,-5963,-5886,5826,5827]],"id":"feature_1989"},{"properties":{"depth":12},"type":"Polygon","arcs":[[-5959,-5888,5828]],"id":"feature_1990"},{"properties":{"depth":12},"type":"Polygon","arcs":[[-5988,-5893,5829,5830,-5884]],"id":"feature_1991"},{"properties":{"depth":12},"type":"Polygon","arcs":[[5831,-5894,5832,-5990,-5890]],"id":"feature_1992"},{"properties":{"depth":12},"type":"Polygon","arcs":[[-5955,-5902,5833,-5903]],"id":"feature_1993"},{"properties":{"depth":12},"type":"Polygon","arcs":[[-5900,5834]],"id":"feature_1994"},{"properties":{"depth":12},"type":"Polygon","arcs":[[-5898,5835,-5906,5836,5837,5838]],"id":"feature_1995"},{"properties":{"depth":12},"type":"Polygon","arcs":[[-5910,5839,-5914,5840]],"id":"feature_1996"},{"properties":{"depth":12},"type":"Polygon","arcs":[[-6026,5841,-5908,5842]],"id":"feature_1997"},{"properties":{"depth":12},"type":"Polygon","arcs":[[-5916,5843]],"id":"feature_1998"},{"properties":{"depth":12},"type":"Polygon","arcs":[[-5922,5844,5845]],"id":"feature_1999"},{"properties":{"depth":12},"type":"Polygon","arcs":[[5846,5847,5848,5849,-5926]],"id":"feature_2000"},{"properties":{"depth":12},"type":"Polygon","arcs":[[-5943,5850,-5945,5851]],"id":"feature_2001"},{"properties":{"depth":12},"type":"Polygon","arcs":[[5852,-5929,5853]],"id":"feature_2002"},{"properties":{"depth":12},"type":"Polygon","arcs":[[5854,-5938]],"id":"feature_2003"},{"properties":{"depth":12},"type":"Polygon","arcs":[[-6013,5855,5856,5857,-5879,-5878,5877,-5877,5858,-5882,5859,5860,5861]],"id":"feature_2004"},{"properties":{"depth":12},"type":"Polygon","arcs":[[5862,-6023]],"id":"feature_2005"},{"properties":{"depth":12},"type":"Polygon","arcs":[[5863,5864,5865,-6017,5866,5867]],"id":"feature_2006"},{"properties":{"depth":13},"type":"Polygon","arcs":[[-6031,-5965]],"id":"feature_2007"},{"properties":{"depth":13},"type":"Polygon","arcs":[[5868,-5967]],"id":"feature_2008"},{"properties":{"depth":13},"type":"Polygon","arcs":[[-5970,5869,5870,5871,5970,-5971]],"id":"feature_2009"},{"properties":{"depth":13},"type":"Polygon","arcs":[[-5980,5872]],"id":"feature_2010"},{"properties":{"depth":13},"type":"Polygon","arcs":[[5873,5874]],"id":"feature_2011"},{"properties":{"depth":13},"type":"Polygon","arcs":[[5875,5876,-5878,5877,5878,5879]],"id":"feature_2012"},{"properties":{"depth":13},"type":"Polygon","arcs":[[5880,5881,5882]],"id":"feature_2013"},{"properties":{"depth":13},"type":"Polygon","arcs":[[-5989,5883,5884,5885,-5962,5886,5887,-5961,5888,5889]],"id":"feature_2014"},{"properties":{"depth":13},"type":"Polygon","arcs":[[5890,5891,5892,-5999]],"id":"feature_2015"},{"properties":{"depth":13},"type":"Polygon","arcs":[[5893,5894]],"id":"feature_2016"},{"properties":{"depth":13},"type":"Polygon","arcs":[[5895,-5997,-5996,5995,-5995,-5994,-5993,-5992,5991,5896]],"id":"feature_2017"},{"properties":{"depth":13},"type":"Polygon","arcs":[[5897,5898,5899,5900,5901,-5956,5902,5903,-5958,5904,5905,5906]],"id":"feature_2018"},{"properties":{"depth":13},"type":"Polygon","arcs":[[5907,5908]],"id":"feature_2019"},{"properties":{"depth":13},"type":"Polygon","arcs":[[5909,5910]],"id":"feature_2020"},{"properties":{"depth":13},"type":"Polygon","arcs":[[5911,5912,5913,5914]],"id":"feature_2021"},{"properties":{"depth":13},"type":"Polygon","arcs":[[5915,5916,-5954,5917]],"id":"feature_2022"},{"properties":{"depth":13},"type":"Polygon","arcs":[[5918,-5952]],"id":"feature_2023"},{"properties":{"depth":13},"type":"Polygon","arcs":[[-5949,5919]],"id":"feature_2024"},{"properties":{"depth":13},"type":"Polygon","arcs":[[5920,5921,5922,5923,5924,5925]],"id":"feature_2025"},{"properties":{"depth":13},"type":"Polygon","arcs":[[5926,5927,5928,5929,5938,-5940,5939,5940,5930,5931,5932]],"id":"feature_2026"},{"properties":{"depth":14},"type":"Polygon","arcs":[[5933,5934,5935,5936,5937]],"id":"feature_2027"},{"properties":{"depth":14},"type":"Polygon","arcs":[[5938,-5940,5939,5940,5941]],"id":"feature_2028"},{"properties":{"depth":14},"type":"Polygon","arcs":[[5942,5943]],"id":"feature_2029"},{"properties":{"depth":14},"type":"Polygon","arcs":[[5944,5945]],"id":"feature_2030"},{"properties":{"depth":14},"type":"Polygon","arcs":[[5946]],"id":"feature_2031"},{"properties":{"depth":14},"type":"Polygon","arcs":[[5947,5948,5949,5950,5951,5952,5953]],"id":"feature_2032"},{"properties":{"depth":14},"type":"Polygon","arcs":[[5954,5955]],"id":"feature_2033"},{"properties":{"depth":14},"type":"Polygon","arcs":[[5956,5957]],"id":"feature_2034"},{"properties":{"depth":14},"type":"Polygon","arcs":[[5958,5959,5960]],"id":"feature_2035"},{"properties":{"depth":14},"type":"Polygon","arcs":[[5961,5962,5963]],"id":"feature_2036"},{"properties":{"depth":14},"type":"Polygon","arcs":[[5972,-5973,6010,-6011]],"id":"feature_2037"},{"properties":{"depth":12},"type":"Polygon","arcs":[[5964,-6030,5965,5966,5967,5968,5969,5970,5971,-6001,-5973,5972,-6010,5973,5974,5975,-6007,-6006,6005,-6005,5976,5977,5978,5979,5980,5981,5982,-6028]],"id":"feature_2038"},{"properties":{"depth":12},"type":"Polygon","arcs":[[-6020,-6019,5983,5984,5985,5986]],"id":"feature_2039"},{"properties":{"depth":11},"type":"Polygon","arcs":[[5987,5988,5989,5990,-5992,5991,5992,5993,5994,-5996,5995,5996,5997,5998]],"id":"feature_2040"},{"properties":{"depth":12},"type":"Polygon","arcs":[[6031]],"id":"feature_2041"},{"properties":{"depth":12},"type":"Polygon","arcs":[[6026]],"id":"feature_2042"},{"properties":{"depth":12},"type":"Polygon","arcs":[[5999]],"id":"feature_2043"},{"properties":{"depth":13},"type":"Polygon","arcs":[[-6011,6000,6001,6002,6003,6004,-6006,6005,6006,6007,6008,6009,6010]],"id":"feature_2044"},{"properties":{"depth":13},"type":"Polygon","arcs":[[6011,6012,6013,6014,6015,6016,6017,6018,6019,6020,6021,6022],[6023]],"id":"feature_2045"},{"properties":{"depth":11},"type":"Polygon","arcs":[[6024,6025],[6026]],"id":"feature_2046"},{"properties":{"depth":11},"type":"Polygon","arcs":[[6027,6028,6029,6030],[6031]],"id":"feature_2047"},{"properties":{"depth":12},"type":"Polygon","arcs":[[6032,-6254,-6039]],"id":"feature_2048"},{"properties":{"depth":12},"type":"Polygon","arcs":[[-6215,6033]],"id":"feature_2049"},{"properties":{"depth":12},"type":"Polygon","arcs":[[-6219,6034]],"id":"feature_2050"},{"properties":{"depth":12},"type":"Polygon","arcs":[[-6222,-6228,6035,-6672]],"id":"feature_2051"},{"properties":{"depth":12},"type":"Polygon","arcs":[[-6230,-6221]],"id":"feature_2052"},{"properties":{"depth":12},"type":"Polygon","arcs":[[6036,-6664]],"id":"feature_2053"},{"properties":{"depth":12},"type":"Polygon","arcs":[[-6666,-9429,6037]],"id":"feature_2054"},{"properties":{"depth":12},"type":"Polygon","arcs":[[-6224,-6225,-6223,-6670]],"id":"feature_2055"},{"properties":{"depth":13},"type":"Polygon","arcs":[[-6075,-6354,-6661,-6355,-6659,6038,-6253,-6067,6039]],"id":"feature_2056"},{"properties":{"depth":13},"type":"Polygon","arcs":[[-6065,6040]],"id":"feature_2057"},{"properties":{"depth":13},"type":"Polygon","arcs":[[-6073,6041,-6068,-6252,-6126,-6243,-6125,-6426,-6283,6042]],"id":"feature_2058"},{"properties":{"depth":13},"type":"Polygon","arcs":[[-6070,6043]],"id":"feature_2059"},{"properties":{"depth":13},"type":"Polygon","arcs":[[-6062,6044,-6284,-6424,-6266,-6241,-6554,-6240,-6556,-6417,-6351,-6415,-6552,-6544,-6414,-6550,-9574,-6549,6045,-6077,-6260,-6420,-6263,-6422,-6262,-6076,6046]],"id":"feature_2060"},{"properties":{"depth":13},"type":"Polygon","arcs":[[6047,-6382,-6652,-6643,-6587,-6386,-6533,-6389,-6539,-6395,-6337]],"id":"feature_2061"},{"properties":{"depth":13},"type":"Polygon","arcs":[[-6639,-6525]],"id":"feature_2062"},{"properties":{"depth":13},"type":"Polygon","arcs":[[-6637,-6526]],"id":"feature_2063"},{"properties":{"depth":13},"type":"Polygon","arcs":[[9599,-6496,-6449,-6498,6048,-6450,-6589,-6454,-6613,-6471,-6350,-6469,-6611,-6627,-6492,6049,-6084,6050,-6510,-6443,-6509,-6445,6051,-6513,6052,-6591,-6497]],"id":"feature_2064"},{"properties":{"depth":13},"type":"Polygon","arcs":[[-6648,-6330,-6716,6053,-6088,6054,-6310,-6332]],"id":"feature_2065"},{"properties":{"depth":13},"type":"Polygon","arcs":[[6055,-6308,6056,-6304,-6476]],"id":"feature_2066"},{"properties":{"depth":13},"type":"Polygon","arcs":[[-6299,-6477,-6307,6057]],"id":"feature_2067"},{"properties":{"depth":13},"type":"Polygon","arcs":[[-6301,6058]],"id":"feature_2068"},{"properties":{"depth":13},"type":"Polygon","arcs":[[-6462,-6603,-6459,-6489,-6460,-6601]],"id":"feature_2069"},{"properties":{"depth":13},"type":"Polygon","arcs":[[-6087,6059,-6607,6060]],"id":"feature_2070"},{"properties":{"depth":14},"type":"Polygon","arcs":[[6061,6062]],"id":"feature_2071"},{"properties":{"depth":14},"type":"Polygon","arcs":[[6063]],"id":"feature_2072"},{"properties":{"depth":14},"type":"Polygon","arcs":[[6064,6065,6066,6067,6068,6069,6070]],"id":"feature_2073"},{"properties":{"depth":14},"type":"Polygon","arcs":[[6071,6072]],"id":"feature_2074"},{"properties":{"depth":14},"type":"Polygon","arcs":[[6073,-6352,6074]],"id":"feature_2075"},{"properties":{"depth":14},"type":"Polygon","arcs":[[6075,-6261,6076,6077]],"id":"feature_2076"},{"properties":{"depth":14},"type":"Polygon","arcs":[[6078,-6334,-6630]],"id":"feature_2077"},{"properties":{"depth":14},"type":"Polygon","arcs":[[-6287,-6115,6079,-6571,6080,-6109]],"id":"feature_2078"},{"properties":{"depth":14},"type":"Polygon","arcs":[[-6324,-6105]],"id":"feature_2079"},{"properties":{"depth":14},"type":"Polygon","arcs":[[-6635,-6655,6081,-6093,-6527]],"id":"feature_2080"},{"properties":{"depth":14},"type":"Polygon","arcs":[[6082,6083]],"id":"feature_2081"},{"properties":{"depth":14},"type":"Polygon","arcs":[[9554,-6095,6084,-6096]],"id":"feature_2082"},{"properties":{"depth":14},"type":"Polygon","arcs":[[6085,6086]],"id":"feature_2083"},{"properties":{"depth":14},"type":"Polygon","arcs":[[6087,6088]],"id":"feature_2084"},{"properties":{"depth":14},"type":"Polygon","arcs":[[-6130,-6431,-6348]],"id":"feature_2085"},{"properties":{"depth":13},"type":"Polygon","arcs":[[-6345,-6341,-6441,-6343,6089]],"id":"feature_2086"},{"properties":{"depth":13},"type":"Polygon","arcs":[[6090,-6507,6091,-6594]],"id":"feature_2087"},{"properties":{"depth":13},"type":"Polygon","arcs":[[-6375,-6520,-6374,-6518,-6373,-6524,-6372,-6528,6092,6093,6094,-9555,6095,6096,-6714,-6376,-6522]],"id":"feature_2088"},{"properties":{"depth":13},"type":"Polygon","arcs":[[-6697,-6378,6097]],"id":"feature_2089"},{"properties":{"depth":13},"type":"Polygon","arcs":[[-6317,-6711]],"id":"feature_2090"},{"properties":{"depth":13},"type":"Polygon","arcs":[[-6699,-6315]],"id":"feature_2091"},{"properties":{"depth":13},"type":"Polygon","arcs":[[6098,-6530,-6380,6099,-6709]],"id":"feature_2092"},{"properties":{"depth":11},"type":"Polygon","arcs":[[6100,-6583]],"id":"feature_2093"},{"properties":{"depth":11},"type":"Polygon","arcs":[[-6581,6101]],"id":"feature_2094"},{"properties":{"depth":11},"type":"Polygon","arcs":[[6102,-6579]],"id":"feature_2095"},{"properties":{"depth":13},"type":"Polygon","arcs":[[-6383,-6585,6103,-6295,-6325,6104,-6323,6105]],"id":"feature_2096"},{"properties":{"depth":13},"type":"Polygon","arcs":[[6106,-6294,-6401,6107,-6288,6108,6109,-6290,6110,-6392,6111,-6390,-6292,-6397,6112,-6321]],"id":"feature_2097"},{"properties":{"depth":13},"type":"Polygon","arcs":[[6113,6114,-6286,6115,-6410]],"id":"feature_2098"},{"properties":{"depth":14},"type":"Polygon","arcs":[[-6122,-6257,6116]],"id":"feature_2099"},{"properties":{"depth":13},"type":"Polygon","arcs":[[6117,-6273,-6237,-6120]],"id":"feature_2100"},{"properties":{"depth":12},"type":"Polygon","arcs":[[-6236,6118,6119]],"id":"feature_2101"},{"properties":{"depth":13},"type":"Polygon","arcs":[[-6360,-6361,-6358,6120,-6234,-6268,-6258,6121,6122]],"id":"feature_2102"},{"properties":{"depth":12},"type":"Polygon","arcs":[[6123,-6427,6124,-6248]],"id":"feature_2103"},{"properties":{"depth":12},"type":"Polygon","arcs":[[-6244,6125,-6251,6126]],"id":"feature_2104"},{"properties":{"depth":13},"type":"Polygon","arcs":[[6127,-6339,-6562,-6246,6128,-6563,-6429,-6570]],"id":"feature_2105"},{"properties":{"depth":13},"type":"Polygon","arcs":[[6129,-6347]],"id":"feature_2106"},{"properties":{"depth":11},"type":"Polygon","arcs":[[6130,6131,6132,6133,6134,6135,6136,6137]],"id":"feature_2107"},{"properties":{"depth":11},"type":"Polygon","arcs":[[6138]],"id":"feature_2108"},{"properties":{"depth":11},"type":"Polygon","arcs":[[-6149,6139,6140,6141,6142,-6147]],"id":"feature_2109"},{"properties":{"depth":11},"type":"Polygon","arcs":[[-6327,6143,-9083,6144]],"id":"feature_2110"},{"properties":{"depth":12},"type":"Polygon","arcs":[[6145,-6150,6146]],"id":"feature_2111"},{"properties":{"depth":13},"type":"Polygon","arcs":[[6147,6148,6149]],"id":"feature_2112"},{"properties":{"depth":11},"type":"Polygon","arcs":[[6150,-6176,6151,-6174,6152,-6171,-9420,-6170,6153,-6169,6154,-6165,6155,-6179]],"id":"feature_2113"},{"properties":{"depth":11},"type":"Polygon","arcs":[[6156,-6198,-6184]],"id":"feature_2114"},{"properties":{"depth":11},"type":"Polygon","arcs":[[-6212,6157,-6162]],"id":"feature_2115"},{"properties":{"depth":11},"type":"Polygon","arcs":[[6158]],"id":"feature_2116"},{"properties":{"depth":11},"type":"Polygon","arcs":[[-6163,6159]],"id":"feature_2117"},{"properties":{"depth":12},"type":"Polygon","arcs":[[6160,-6213,6161,6162]],"id":"feature_2118"},{"properties":{"depth":12},"type":"Polygon","arcs":[[6163,6164]],"id":"feature_2119"},{"properties":{"depth":12},"type":"Polygon","arcs":[[-6689,6165]],"id":"feature_2120"},{"properties":{"depth":12},"type":"Polygon","arcs":[[6166,-6691]],"id":"feature_2121"},{"properties":{"depth":12},"type":"Polygon","arcs":[[6167,6168]],"id":"feature_2122"},{"properties":{"depth":12},"type":"Polygon","arcs":[[6169,9419,6170,6171]],"id":"feature_2123"},{"properties":{"depth":12},"type":"Polygon","arcs":[[6172,6173,6174,-6194]],"id":"feature_2124"},{"properties":{"depth":12},"type":"Polygon","arcs":[[6175,6176]],"id":"feature_2125"},{"properties":{"depth":12},"type":"Polygon","arcs":[[6177,6178]],"id":"feature_2126"},{"properties":{"depth":11},"type":"Polygon","arcs":[[6179]],"id":"feature_2127"},{"properties":{"depth":12},"type":"Polygon","arcs":[[6180,-6687,9547,-6686]],"id":"feature_2128"},{"properties":{"depth":12},"type":"Polygon","arcs":[[6181,-6197,6182,6183,-6199,-6683,-6694,9607,-6693]],"id":"feature_2129"},{"properties":{"depth":12},"type":"Polygon","arcs":[[-6208,-6192,-6201,6184,-6209,-6678,6185,-6676]],"id":"feature_2130"},{"properties":{"depth":12},"type":"Polygon","arcs":[[-6193,-6206,-6674,6186]],"id":"feature_2131"},{"properties":{"depth":11},"type":"Polygon","arcs":[[-6190,-6204,6187]],"id":"feature_2132"},{"properties":{"depth":12},"type":"Polygon","arcs":[[6188,-6205,6189]],"id":"feature_2133"},{"properties":{"depth":11},"type":"Polygon","arcs":[[6190,-6202,6191,-6207,6192]],"id":"feature_2134"},{"properties":{"depth":13},"type":"Polygon","arcs":[[6193,6194]],"id":"feature_2135"},{"properties":{"depth":13},"type":"Polygon","arcs":[[6195,6196]],"id":"feature_2136"},{"properties":{"depth":13},"type":"Polygon","arcs":[[6197,-6684,6198]],"id":"feature_2137"},{"properties":{"depth":13},"type":"Polygon","arcs":[[6199,6200,6201,6202,6203,6204]],"id":"feature_2138"},{"properties":{"depth":13},"type":"Polygon","arcs":[[-6675,6205,6206,6207]],"id":"feature_2139"},{"properties":{"depth":13},"type":"Polygon","arcs":[[6208,6209,-6679]],"id":"feature_2140"},{"properties":{"depth":13},"type":"Polygon","arcs":[[6210,6211,6212]],"id":"feature_2141"},{"properties":{"depth":13},"type":"Polygon","arcs":[[6213,6214,6215,-6280,6216,-6277,-6238,-6271,-6233,6217,6218,6219,-6231,6220,-6229,6221,-6671,6222,-6226,6223,-6681]],"id":"feature_2142"},{"properties":{"depth":11},"type":"Polygon","arcs":[[6224,6225]],"id":"feature_2143"},{"properties":{"depth":11},"type":"Polygon","arcs":[[6226,6227,6228,6229,6230,6231,6232,-6274]],"id":"feature_2144"},{"properties":{"depth":11},"type":"Polygon","arcs":[[6233,6234,6235,6236,-6272,6237,-6276,6238,-6269]],"id":"feature_2145"},{"properties":{"depth":11},"type":"Polygon","arcs":[[6239,-6553,6240,-6265,6241,-6557]],"id":"feature_2146"},{"properties":{"depth":11},"type":"Polygon","arcs":[[6242,6243,6244,6245,-6561,6246,6247]],"id":"feature_2147"},{"properties":{"depth":11},"type":"Polygon","arcs":[[6248,9440,6249,6250,6251,6252,6253,6254,-6365]],"id":"feature_2148"},{"properties":{"depth":11},"type":"Polygon","arcs":[[6255,6256,6257,-6267]],"id":"feature_2149"},{"properties":{"depth":11},"type":"Polygon","arcs":[[6258,-6279]],"id":"feature_2150"},{"properties":{"depth":12},"type":"Polygon","arcs":[[-6421,6259,6260,6261]],"id":"feature_2151"},{"properties":{"depth":12},"type":"Polygon","arcs":[[-6419,6262]],"id":"feature_2152"},{"properties":{"depth":12},"type":"Polygon","arcs":[[-6423,6263,6264,6265]],"id":"feature_2153"},{"properties":{"depth":12},"type":"Polygon","arcs":[[6266,6267,6268,6269]],"id":"feature_2154"},{"properties":{"depth":12},"type":"Polygon","arcs":[[6270,6271,6272,6273]],"id":"feature_2155"},{"properties":{"depth":12},"type":"Polygon","arcs":[[6274,6275,6276,6277,6278]],"id":"feature_2156"},{"properties":{"depth":12},"type":"Polygon","arcs":[[6279,6280,-6367,6281]],"id":"feature_2157"},{"properties":{"depth":12},"type":"Polygon","arcs":[[6282,-6425,6283,6284]],"id":"feature_2158"},{"properties":{"depth":12},"type":"Polygon","arcs":[[6285,6286,6287,6288]],"id":"feature_2159"},{"properties":{"depth":12},"type":"Polygon","arcs":[[6289,6290]],"id":"feature_2160"},{"properties":{"depth":12},"type":"Polygon","arcs":[[6291,-6398]],"id":"feature_2161"},{"properties":{"depth":12},"type":"Polygon","arcs":[[6292,-6399,6293]],"id":"feature_2162"},{"properties":{"depth":12},"type":"Polygon","arcs":[[-9553,-6404,6294,6295]],"id":"feature_2163"},{"properties":{"depth":12},"type":"Polygon","arcs":[[-6405,6296,-6408,6297]],"id":"feature_2164"},{"properties":{"depth":11},"type":"Polygon","arcs":[[6298,6299,6300,6301,-6622,9580,-6621,-6487,6302,-6474,6303,6304,-6473,6305,6306,-6478]],"id":"feature_2165"},{"properties":{"depth":11},"type":"Polygon","arcs":[[-6371,-6618]],"id":"feature_2166"},{"properties":{"depth":11},"type":"Polygon","arcs":[[6307,6308,-6645,-6331,6309,6310]],"id":"feature_2167"},{"properties":{"depth":11},"type":"Polygon","arcs":[[-6698,6311,-6717,-6329,-6647,6312,-9589,6313,-6700,6314]],"id":"feature_2168"},{"properties":{"depth":11},"type":"Polygon","arcs":[[6315,-6702]],"id":"feature_2169"},{"properties":{"depth":11},"type":"Polygon","arcs":[[6316,-6710]],"id":"feature_2170"},{"properties":{"depth":11},"type":"Polygon","arcs":[[6317,-6703]],"id":"feature_2171"},{"properties":{"depth":11},"type":"Polygon","arcs":[[-6707,6318]],"id":"feature_2172"},{"properties":{"depth":12},"type":"Polygon","arcs":[[6319,6320,6321,6322,6323,6324,-6407,6325,-6403]],"id":"feature_2173"},{"properties":{"depth":12},"type":"Polygon","arcs":[[6326,6327]],"id":"feature_2174"},{"properties":{"depth":12},"type":"Polygon","arcs":[[6328,6329]],"id":"feature_2175"},{"properties":{"depth":12},"type":"Polygon","arcs":[[6330,6331]],"id":"feature_2176"},{"properties":{"depth":11},"type":"Polygon","arcs":[[6332,-6705]],"id":"feature_2177"},{"properties":{"depth":13},"type":"Polygon","arcs":[[-6631,6333,6334,-6543]],"id":"feature_2178"},{"properties":{"depth":14},"type":"Polygon","arcs":[[-6394,6335,6336]],"id":"feature_2179"},{"properties":{"depth":13},"type":"Polygon","arcs":[[6337,-6418,-6559]],"id":"feature_2180"},{"properties":{"depth":11},"type":"Polygon","arcs":[[-6560,6338,6339]],"id":"feature_2181"},{"properties":{"depth":12},"type":"Polygon","arcs":[[6340,-6436,6341,-6442]],"id":"feature_2182"},{"properties":{"depth":12},"type":"Polygon","arcs":[[6342,-6440,-9598,-6439,6343]],"id":"feature_2183"},{"properties":{"depth":12},"type":"Polygon","arcs":[[-6437,6344,6345,-6432,6346,6347,6348]],"id":"feature_2184"},{"properties":{"depth":12},"type":"Polygon","arcs":[[-6470,6349]],"id":"feature_2185"},{"properties":{"depth":12},"type":"Polygon","arcs":[[-6416,6350]],"id":"feature_2186"},{"properties":{"depth":12},"type":"Polygon","arcs":[[6351,6352,-6662,6353]],"id":"feature_2187"},{"properties":{"depth":12},"type":"Polygon","arcs":[[6354,-6660]],"id":"feature_2188"},{"properties":{"depth":12},"type":"Polygon","arcs":[[-6573,6355]],"id":"feature_2189"},{"properties":{"depth":12},"type":"Polygon","arcs":[[-6364,-9603,6356,6357]],"id":"feature_2190"},{"properties":{"depth":12},"type":"Polygon","arcs":[[6358,-6362,6359]],"id":"feature_2191"},{"properties":{"depth":11},"type":"Polygon","arcs":[[6360,6361,6362,9602,6363]],"id":"feature_2192"},{"properties":{"depth":12},"type":"Polygon","arcs":[[6364,6365]],"id":"feature_2193"},{"properties":{"depth":13},"type":"Polygon","arcs":[[6366,6367]],"id":"feature_2194"},{"properties":{"depth":13},"type":"Polygon","arcs":[[6368,-6609,6369,-6488,-6620,-9579,-6619,6370,-6617]],"id":"feature_2195"},{"properties":{"depth":11},"type":"Polygon","arcs":[[6371,-6523,6372,-6517,6373,-6519,6374,-6521,6375,-6713,6376,6377,-6696,6378,6379,-6529]],"id":"feature_2196"},{"properties":{"depth":11},"type":"Polygon","arcs":[[6380,-6653,6381]],"id":"feature_2197"},{"properties":{"depth":11},"type":"Polygon","arcs":[[6382,6383,-6537,6384,-6534,6385,-6586]],"id":"feature_2198"},{"properties":{"depth":11},"type":"Polygon","arcs":[[6386,-6577]],"id":"feature_2199"},{"properties":{"depth":11},"type":"Polygon","arcs":[[6387,-6540,6388,-6532]],"id":"feature_2200"},{"properties":{"depth":11},"type":"Polygon","arcs":[[6389,6390,6391,6392,6393,6394,-6538,6395,6396,6397]],"id":"feature_2201"},{"properties":{"depth":11},"type":"Polygon","arcs":[[6398,6399,6400]],"id":"feature_2202"},{"properties":{"depth":11},"type":"Polygon","arcs":[[6401,6402]],"id":"feature_2203"},{"properties":{"depth":11},"type":"Polygon","arcs":[[6403,9552,6404,6405,6406]],"id":"feature_2204"},{"properties":{"depth":11},"type":"Polygon","arcs":[[6407,6408]],"id":"feature_2205"},{"properties":{"depth":11},"type":"Polygon","arcs":[[6409,6410]],"id":"feature_2206"},{"properties":{"depth":11},"type":"Polygon","arcs":[[6411]],"id":"feature_2207"},{"properties":{"depth":11},"type":"Polygon","arcs":[[6412,-6547,-9576,-6546,6413,-6545,-6551,6414,6415,6416,-6555,6417]],"id":"feature_2208"},{"properties":{"depth":11},"type":"Polygon","arcs":[[6418,6419,6420,6421]],"id":"feature_2209"},{"properties":{"depth":11},"type":"Polygon","arcs":[[6422,6423,6424,6425,6426,6427]],"id":"feature_2210"},{"properties":{"depth":11},"type":"Polygon","arcs":[[-6568,6428,-6567,6429]],"id":"feature_2211"},{"properties":{"depth":11},"type":"Polygon","arcs":[[6430,6431,6432,-6565,6433]],"id":"feature_2212"},{"properties":{"depth":11},"type":"Polygon","arcs":[[6434,6435,6436]],"id":"feature_2213"},{"properties":{"depth":11},"type":"Polygon","arcs":[[6437,6438,9597,6439,6440,6441]],"id":"feature_2214"},{"properties":{"depth":11},"type":"Polygon","arcs":[[6442,-6512,6443,6444,-6508]],"id":"feature_2215"},{"properties":{"depth":11},"type":"Polygon","arcs":[[6445,-8596,6446,-6515]],"id":"feature_2216"},{"properties":{"depth":11},"type":"Polygon","arcs":[[6447,-6499,6448,-6495]],"id":"feature_2217"},{"properties":{"depth":11},"type":"Polygon","arcs":[[6449,6450,-6493,-6590]],"id":"feature_2218"},{"properties":{"depth":11},"type":"Polygon","arcs":[[-6593,6451]],"id":"feature_2219"},{"properties":{"depth":11},"type":"Polygon","arcs":[[6452,-6501]],"id":"feature_2220"},{"properties":{"depth":11},"type":"Polygon","arcs":[[6453,-6614]],"id":"feature_2221"},{"properties":{"depth":11},"type":"Polygon","arcs":[[-6505,-8608,-6504,6454]],"id":"feature_2222"},{"properties":{"depth":11},"type":"Polygon","arcs":[[-6503,6455]],"id":"feature_2223"},{"properties":{"depth":11},"type":"Polygon","arcs":[[6456,-6596]],"id":"feature_2224"},{"properties":{"depth":11},"type":"Polygon","arcs":[[-6598,6457]],"id":"feature_2225"},{"properties":{"depth":11},"type":"Polygon","arcs":[[6458,-6602,6459,-6490]],"id":"feature_2226"},{"properties":{"depth":11},"type":"Polygon","arcs":[[6460,-9481,-6605,-9479,-6604,6461,-6600]],"id":"feature_2227"},{"properties":{"depth":11},"type":"Polygon","arcs":[[6462]],"id":"feature_2228"},{"properties":{"depth":11},"type":"Polygon","arcs":[[6463,-6480,9482]],"id":"feature_2229"},{"properties":{"depth":11},"type":"Polygon","arcs":[[-6482,6464]],"id":"feature_2230"},{"properties":{"depth":11},"type":"Polygon","arcs":[[-6485,6465]],"id":"feature_2231"},{"properties":{"depth":11},"type":"Polygon","arcs":[[6466,6467,-6483]],"id":"feature_2232"},{"properties":{"depth":11},"type":"Polygon","arcs":[[6468,6469,6470,-6612]],"id":"feature_2233"},{"properties":{"depth":12},"type":"Polygon","arcs":[[6471,6472]],"id":"feature_2234"},{"properties":{"depth":12},"type":"Polygon","arcs":[[6473,6474,6475]],"id":"feature_2235"},{"properties":{"depth":12},"type":"Polygon","arcs":[[6476,6477]],"id":"feature_2236"},{"properties":{"depth":12},"type":"Polygon","arcs":[[6478,-9483,6479,6480,6481,8577,6482,6483,6484,6485,6486,6487]],"id":"feature_2237"},{"properties":{"depth":12},"type":"Polygon","arcs":[[6488,6489]],"id":"feature_2238"},{"properties":{"depth":12},"type":"Polygon","arcs":[[6490,6491,-6626]],"id":"feature_2239"},{"properties":{"depth":12},"type":"Polygon","arcs":[[6492,6493,6494,6495,-9600,6496]],"id":"feature_2240"},{"properties":{"depth":12},"type":"Polygon","arcs":[[6497,6498,6499,6500,6501]],"id":"feature_2241"},{"properties":{"depth":12},"type":"Polygon","arcs":[[6502,6503,8607,6504,6505,6506]],"id":"feature_2242"},{"properties":{"depth":12},"type":"Polygon","arcs":[[6507,6508]],"id":"feature_2243"},{"properties":{"depth":12},"type":"Polygon","arcs":[[6509,6510,6511]],"id":"feature_2244"},{"properties":{"depth":12},"type":"Polygon","arcs":[[6512,6513,6514,6515]],"id":"feature_2245"},{"properties":{"depth":12},"type":"Polygon","arcs":[[6516,6517]],"id":"feature_2246"},{"properties":{"depth":12},"type":"Polygon","arcs":[[6518,6519]],"id":"feature_2247"},{"properties":{"depth":12},"type":"Polygon","arcs":[[6520,6521]],"id":"feature_2248"},{"properties":{"depth":12},"type":"Polygon","arcs":[[6522,6523]],"id":"feature_2249"},{"properties":{"depth":12},"type":"Polygon","arcs":[[-6640,6524,-6638,6525,-6636,6526,6527,6528,6529,6530]],"id":"feature_2250"},{"properties":{"depth":12},"type":"Polygon","arcs":[[6531,6532,6533,6534]],"id":"feature_2251"},{"properties":{"depth":12},"type":"Polygon","arcs":[[6535,6536]],"id":"feature_2252"},{"properties":{"depth":12},"type":"Polygon","arcs":[[6537,6538,6539,6540]],"id":"feature_2253"},{"properties":{"depth":12},"type":"Polygon","arcs":[[6541,-6632,6542]],"id":"feature_2254"},{"properties":{"depth":12},"type":"Polygon","arcs":[[6543,6544]],"id":"feature_2255"},{"properties":{"depth":12},"type":"Polygon","arcs":[[6545,9575,6546,6547,6548,9573,6549]],"id":"feature_2256"},{"properties":{"depth":12},"type":"Polygon","arcs":[[6550,6551]],"id":"feature_2257"},{"properties":{"depth":12},"type":"Polygon","arcs":[[6552,6553]],"id":"feature_2258"},{"properties":{"depth":12},"type":"Polygon","arcs":[[6554,6555,6556,6557,6558]],"id":"feature_2259"},{"properties":{"depth":12},"type":"Polygon","arcs":[[6559,6560,6561]],"id":"feature_2260"},{"properties":{"depth":12},"type":"Polygon","arcs":[[6562,6563,6564,6565,6566]],"id":"feature_2261"},{"properties":{"depth":12},"type":"Polygon","arcs":[[6567,6568,6569]],"id":"feature_2262"},{"properties":{"depth":13},"type":"Polygon","arcs":[[6570,6571,6572,6573]],"id":"feature_2263"},{"properties":{"depth":12},"type":"Polygon","arcs":[[6628]],"id":"feature_2264"},{"properties":{"depth":12},"type":"Polygon","arcs":[[6627]],"id":"feature_2265"},{"properties":{"depth":11},"type":"Polygon","arcs":[[6717]],"id":"feature_2266"},{"properties":{"depth":11},"type":"Polygon","arcs":[[6718]],"id":"feature_2267"},{"properties":{"depth":11},"type":"Polygon","arcs":[[6657]],"id":"feature_2268"},{"properties":{"depth":12},"type":"Polygon","arcs":[[6668]],"id":"feature_2269"},{"properties":{"depth":11},"type":"Polygon","arcs":[[6649]],"id":"feature_2270"},{"properties":{"depth":11},"type":"Polygon","arcs":[[6574]],"id":"feature_2271"},{"properties":{"depth":11},"type":"Polygon","arcs":[[6622]],"id":"feature_2272"},{"properties":{"depth":12},"type":"Polygon","arcs":[[-9606,-6695]],"id":"feature_2273"},{"properties":{"depth":12},"type":"Polygon","arcs":[[6643]],"id":"feature_2274"},{"properties":{"depth":13},"type":"Polygon","arcs":[[6656]],"id":"feature_2275"},{"properties":{"depth":13},"type":"Polygon","arcs":[[6655]],"id":"feature_2276"},{"properties":{"depth":13},"type":"Polygon","arcs":[[6614]],"id":"feature_2277"},{"properties":{"depth":13},"type":"Polygon","arcs":[[-9567,-6588]],"id":"feature_2278"},{"properties":{"depth":12},"type":"Polygon","arcs":[[-6642,6575,6576,6577,6578,6579,6580,6581,6582,6583,6584,6585,6586],[9566,6587]],"id":"feature_2279"},{"properties":{"depth":12},"type":"Polygon","arcs":[[6588,6589,6590,6591,6592,6593,6594,6595,6596,6597,6598,6599,6600,6601,6602,6603,9478,6604,9480,6605,6606,6607,6608,6609,-6624,6610,6611,6612,6613],[6614]],"id":"feature_2280"},{"properties":{"depth":12},"type":"Polygon","arcs":[[6615,6616,6617,6618,9578,6619,6620,-9581,6621],[6622]],"id":"feature_2281"},{"properties":{"depth":11},"type":"Polygon","arcs":[[6623,6624,6625,6626],[6627],[6628]],"id":"feature_2282"},{"properties":{"depth":11},"type":"Polygon","arcs":[[6629,6630,6631,6632],[6633]],"id":"feature_2283"},{"properties":{"depth":11},"type":"Polygon","arcs":[[6634,6635,6636,6637,6638,6639,6640,6641,6642,-6651],[6643]],"id":"feature_2284"},{"properties":{"depth":12},"type":"Polygon","arcs":[[6644,6645,6646,6647],[6648],[6649]],"id":"feature_2285"},{"properties":{"depth":12},"type":"Polygon","arcs":[[6650,6651,6652,6653,6654],[6655],[6656],[6657]],"id":"feature_2286"},{"properties":{"depth":11},"type":"Polygon","arcs":[[6658,6659,6660,6661,6662,6663,6664,9428,6665,6666,-9436,-9435,6667],[6668]],"id":"feature_2287"},{"properties":{"depth":11},"type":"Polygon","arcs":[[6669,6670,6671,6672,6673,6674,6675,6676,6677,6678,6679,6680],[6681]],"id":"feature_2288"},{"properties":{"depth":11},"type":"Polygon","arcs":[[6682,6683,6684,6685,-9548,6686,6687,6688,6689,6690,6691,6692,-9608,6693],[9605,6694]],"id":"feature_2289"},{"properties":{"depth":12},"type":"Polygon","arcs":[[6695,6696,6697,6698,6699,6700,6701,6702,6703,6704,6705,6706,6707,6708],[6709,6710]],"id":"feature_2290"},{"properties":{"depth":12},"type":"Polygon","arcs":[[6711,6712,6713,6714,6715,6716],[6717],[6718]],"id":"feature_2291"},{"properties":{"depth":11},"type":"Polygon","arcs":[[-6769,6719]],"id":"feature_2292"},{"properties":{"depth":11},"type":"Polygon","arcs":[[6720]],"id":"feature_2293"},{"properties":{"depth":11},"type":"Polygon","arcs":[[-6854,-6773,-6860,6721]],"id":"feature_2294"},{"properties":{"depth":11},"type":"Polygon","arcs":[[-6834,6722,-6805,6723]],"id":"feature_2295"},{"properties":{"depth":11},"type":"Polygon","arcs":[[-6808,-6771,-6829,6724]],"id":"feature_2296"},{"properties":{"depth":11},"type":"Polygon","arcs":[[-6858,6725]],"id":"feature_2297"},{"properties":{"depth":11},"type":"Polygon","arcs":[[6726]],"id":"feature_2298"},{"properties":{"depth":11},"type":"Polygon","arcs":[[-6803,6727]],"id":"feature_2299"},{"properties":{"depth":11},"type":"Polygon","arcs":[[6728]],"id":"feature_2300"},{"properties":{"depth":11},"type":"Polygon","arcs":[[-6785,-6754,6729]],"id":"feature_2301"},{"properties":{"depth":11},"type":"Polygon","arcs":[[-6756,6730]],"id":"feature_2302"},{"properties":{"depth":11},"type":"Polygon","arcs":[[-6776,6731]],"id":"feature_2303"},{"properties":{"depth":11},"type":"Polygon","arcs":[[-6752,6732,-6782]],"id":"feature_2304"},{"properties":{"depth":11},"type":"Polygon","arcs":[[-6759,6733]],"id":"feature_2305"},{"properties":{"depth":11},"type":"Polygon","arcs":[[-6825,6734,-6818,-6820,-6839]],"id":"feature_2306"},{"properties":{"depth":11},"type":"Polygon","arcs":[[-6744,-6841,-6822,-6817,-6746]],"id":"feature_2307"},{"properties":{"depth":11},"type":"Polygon","arcs":[[-6793,-6747,6735]],"id":"feature_2308"},{"properties":{"depth":11},"type":"Polygon","arcs":[[-6750,-6778,6736]],"id":"feature_2309"},{"properties":{"depth":11},"type":"Polygon","arcs":[[6737,-6740]],"id":"feature_2310"},{"properties":{"depth":12},"type":"Polygon","arcs":[[-6795,-6846,6738]],"id":"feature_2311"},{"properties":{"depth":12},"type":"Polygon","arcs":[[6739,6740]],"id":"feature_2312"},{"properties":{"depth":12},"type":"Polygon","arcs":[[6741,-6844]],"id":"feature_2313"},{"properties":{"depth":12},"type":"Polygon","arcs":[[6742,-6842,6743]],"id":"feature_2314"},{"properties":{"depth":12},"type":"Polygon","arcs":[[-6816,6744,6745]],"id":"feature_2315"},{"properties":{"depth":12},"type":"Polygon","arcs":[[6746,-6792,6747]],"id":"feature_2316"},{"properties":{"depth":12},"type":"Polygon","arcs":[[6748,-6790]],"id":"feature_2317"},{"properties":{"depth":12},"type":"Polygon","arcs":[[-6779,6749,6750]],"id":"feature_2318"},{"properties":{"depth":12},"type":"Polygon","arcs":[[-6781,6751]],"id":"feature_2319"},{"properties":{"depth":12},"type":"Polygon","arcs":[[6752,-6787]],"id":"feature_2320"},{"properties":{"depth":12},"type":"Polygon","arcs":[[6753,-6784,6754,6755,6756]],"id":"feature_2321"},{"properties":{"depth":12},"type":"Polygon","arcs":[[-6835,6757,6758,6759]],"id":"feature_2322"},{"properties":{"depth":12},"type":"Polygon","arcs":[[-6812,6760]],"id":"feature_2323"},{"properties":{"depth":12},"type":"Polygon","arcs":[[-6814,6761,-6767,6762]],"id":"feature_2324"},{"properties":{"depth":12},"type":"Polygon","arcs":[[6763]],"id":"feature_2325"},{"properties":{"depth":12},"type":"Polygon","arcs":[[6764]],"id":"feature_2326"},{"properties":{"depth":13},"type":"Polygon","arcs":[[-6810,6765,6766,6767]],"id":"feature_2327"},{"properties":{"depth":13},"type":"Polygon","arcs":[[6768,6769]],"id":"feature_2328"},{"properties":{"depth":13},"type":"Polygon","arcs":[[-6830,6770,-6807,6771]],"id":"feature_2329"},{"properties":{"depth":13},"type":"Polygon","arcs":[[6772,-6861]],"id":"feature_2330"},{"properties":{"depth":13},"type":"Polygon","arcs":[[-6827,6773,-6856,6774,6775,6776]],"id":"feature_2331"},{"properties":{"depth":13},"type":"Polygon","arcs":[[6777,6778,6779,6780,6781,6782,6783,6784,6785,6786,6787,-6802,6788,6789,6790,6791,6792,6793]],"id":"feature_2332"},{"properties":{"depth":14},"type":"Polygon","arcs":[[6794,6795,-6831,6796,-6847]],"id":"feature_2333"},{"properties":{"depth":14},"type":"Polygon","arcs":[[6797,-6849]],"id":"feature_2334"},{"properties":{"depth":14},"type":"Polygon","arcs":[[6798,-6851]],"id":"feature_2335"},{"properties":{"depth":14},"type":"Polygon","arcs":[[6799,-6823,-6837]],"id":"feature_2336"},{"properties":{"depth":14},"type":"Polygon","arcs":[[6800,6801]],"id":"feature_2337"},{"properties":{"depth":13},"type":"Polygon","arcs":[[6802,6803]],"id":"feature_2338"},{"properties":{"depth":14},"type":"Polygon","arcs":[[6804,6805,6806,6807,6808]],"id":"feature_2339"},{"properties":{"depth":14},"type":"Polygon","arcs":[[6809,6810]],"id":"feature_2340"},{"properties":{"depth":14},"type":"Polygon","arcs":[[6811,6812]],"id":"feature_2341"},{"properties":{"depth":14},"type":"Polygon","arcs":[[6813,6814]],"id":"feature_2342"},{"properties":{"depth":13},"type":"Polygon","arcs":[[6815,6816,-6821,6817,6818]],"id":"feature_2343"},{"properties":{"depth":12},"type":"Polygon","arcs":[[-6840,6819,6820,6821]],"id":"feature_2344"},{"properties":{"depth":12},"type":"Polygon","arcs":[[-6838,6822,6823,6824]],"id":"feature_2345"},{"properties":{"depth":12},"type":"Polygon","arcs":[[6825,6826]],"id":"feature_2346"},{"properties":{"depth":12},"type":"Polygon","arcs":[[6827,6828,6829]],"id":"feature_2347"},{"properties":{"depth":13},"type":"Polygon","arcs":[[6830,6831]],"id":"feature_2348"},{"properties":{"depth":12},"type":"Polygon","arcs":[[6832,6833]],"id":"feature_2349"},{"properties":{"depth":11},"type":"Polygon","arcs":[[6861]],"id":"feature_2350"},{"properties":{"depth":12},"type":"Polygon","arcs":[[6852]],"id":"feature_2351"},{"properties":{"depth":13},"type":"Polygon","arcs":[[6834,6835,6836,6837,6838,6839,6840,6841,6842,6843,6844,6845,6846,6847,6848,6849,6850,6851],[6852]],"id":"feature_2352"},{"properties":{"depth":12},"type":"Polygon","arcs":[[6853,6854,6855,6856,6857,6858,6859,6860],[6861]],"id":"feature_2353"},{"properties":{"depth":11},"type":"Polygon","arcs":[[6862,6863,6864,6865,-7396,6866,-8250,6867],[-7458,-7459],[7463]],"id":"feature_2354"},{"properties":{"depth":11},"type":"Polygon","arcs":[[6868]],"id":"feature_2355"},{"properties":{"depth":11},"type":"Polygon","arcs":[[-7180,-7831,6869,6870]],"id":"feature_2356"},{"properties":{"depth":11},"type":"Polygon","arcs":[[-7244,6871]],"id":"feature_2357"},{"properties":{"depth":11},"type":"Polygon","arcs":[[6872,-7188,-7818,-7182]],"id":"feature_2358"},{"properties":{"depth":11},"type":"Polygon","arcs":[[6873,-7147,6874,11643,6875,11081,11082,6876,6877,11092,6878,6879,6880,6881,-7152,-7151,-7150,-7149]],"id":"feature_2359"},{"properties":{"depth":11},"type":"Polygon","arcs":[[-7186,6882]],"id":"feature_2360"},{"properties":{"depth":11},"type":"Polygon","arcs":[[6883,-7246]],"id":"feature_2361"},{"properties":{"depth":11},"type":"Polygon","arcs":[[-7192,-8675,-7847,-7197,-7845,-7196,-7843,-7201,6884]],"id":"feature_2362"},{"properties":{"depth":11},"type":"Polygon","arcs":[[7249]],"id":"feature_2363"},{"properties":{"depth":11},"type":"Polygon","arcs":[[7188]],"id":"feature_2364"},{"properties":{"depth":11},"type":"Polygon","arcs":[[7192]],"id":"feature_2365"},{"properties":{"depth":11},"type":"Polygon","arcs":[[6885,-7242]],"id":"feature_2366"},{"properties":{"depth":11},"type":"Polygon","arcs":[[11584,11116,6886,-7159]],"id":"feature_2367"},{"properties":{"depth":11},"type":"Polygon","arcs":[[7201]],"id":"feature_2368"},{"properties":{"depth":11},"type":"Polygon","arcs":[[-7199,6887]],"id":"feature_2369"},{"properties":{"depth":11},"type":"Polygon","arcs":[[6888,-7160]],"id":"feature_2370"},{"properties":{"depth":11},"type":"Polygon","arcs":[[-7212,-7822,-7206,6889]],"id":"feature_2371"},{"properties":{"depth":11},"type":"Polygon","arcs":[[-11772,-7177,-11555,-7176]],"id":"feature_2372"},{"properties":{"depth":11},"type":"Polygon","arcs":[[-7209,6890]],"id":"feature_2373"},{"properties":{"depth":11},"type":"Polygon","arcs":[[7173]],"id":"feature_2374"},{"properties":{"depth":11},"type":"Polygon","arcs":[[-7211,6891,-7215,-7824]],"id":"feature_2375"},{"properties":{"depth":11},"type":"Polygon","arcs":[[-8191,-7190,-8189,6892,12886,6893]],"id":"feature_2376"},{"properties":{"depth":11},"type":"Polygon","arcs":[[6894,-7225,-7826,-7217]],"id":"feature_2377"},{"properties":{"depth":11},"type":"Polygon","arcs":[[6895,-7373]],"id":"feature_2378"},{"properties":{"depth":11},"type":"Polygon","arcs":[[6896,-7873,-7240,6897,-7222]],"id":"feature_2379"},{"properties":{"depth":11},"type":"Polygon","arcs":[[7194]],"id":"feature_2380"},{"properties":{"depth":11},"type":"Polygon","arcs":[[-7238,-7870,-7237,-7236,6898,6899,6900]],"id":"feature_2381"},{"properties":{"depth":11},"type":"Polygon","arcs":[[-7227,6901]],"id":"feature_2382"},{"properties":{"depth":11},"type":"Polygon","arcs":[[-7251,-12098],[6902]],"id":"feature_2383"},{"properties":{"depth":11},"type":"Polygon","arcs":[[6903,6904,6905,-7235]],"id":"feature_2384"},{"properties":{"depth":11},"type":"Polygon","arcs":[[7174]],"id":"feature_2385"},{"properties":{"depth":11},"type":"Polygon","arcs":[[-7258,-8702,-7262,-7261,7260,-7256,6906]],"id":"feature_2386"},{"properties":{"depth":11},"type":"Polygon","arcs":[[8212]],"id":"feature_2387"},{"properties":{"depth":11},"type":"Polygon","arcs":[[-7271,-7270,-7912,-7289,-7288,7287,-7287,6907,6908,6909]],"id":"feature_2388"},{"properties":{"depth":11},"type":"Polygon","arcs":[[6910,-7254]],"id":"feature_2389"},{"properties":{"depth":11},"type":"Polygon","arcs":[[-7923,-7260,6911,-7273,6912,-7276]],"id":"feature_2390"},{"properties":{"depth":11},"type":"Polygon","arcs":[[6913,-7167,-7166,-7165,-7164,-7163,-11589,-7162]],"id":"feature_2391"},{"properties":{"depth":11},"type":"Polygon","arcs":[[-7927,-7279,-7925,-7275,6914]],"id":"feature_2392"},{"properties":{"depth":11},"type":"Polygon","arcs":[[7248]],"id":"feature_2393"},{"properties":{"depth":11},"type":"Polygon","arcs":[[-7285,-7284,-7283,-7282,-7281,-7901,6915,6916,6917]],"id":"feature_2394"},{"properties":{"depth":11},"type":"Polygon","arcs":[[-7230,6918]],"id":"feature_2395"},{"properties":{"depth":11},"type":"Polygon","arcs":[[7311]],"id":"feature_2396"},{"properties":{"depth":11},"type":"Polygon","arcs":[[7247]],"id":"feature_2397"},{"properties":{"depth":11},"type":"Polygon","arcs":[[-8742,-7309,-7932]],"id":"feature_2398"},{"properties":{"depth":11},"type":"Polygon","arcs":[[-7219,-7759,-7213,6919]],"id":"feature_2399"},{"properties":{"depth":11},"type":"Polygon","arcs":[[7950,-7311]],"id":"feature_2400"},{"properties":{"depth":11},"type":"Polygon","arcs":[[-7801,-7297]],"id":"feature_2401"},{"properties":{"depth":11},"type":"Polygon","arcs":[[6920,-7929]],"id":"feature_2402"},{"properties":{"depth":11},"type":"Polygon","arcs":[[6921,-7232]],"id":"feature_2403"},{"properties":{"depth":11},"type":"Polygon","arcs":[[6922,-7301]],"id":"feature_2404"},{"properties":{"depth":11},"type":"Polygon","arcs":[[6923,11964,6924,11356,6925,6926,6927,-7140,-11785,-7139,-7138,-7137,-11798,-7136,-7135,-11796,-7134,-7133,-7132,-7131,-7130,-11780,-7129,-11950,-7128,13053,-7127]],"id":"feature_2405"},{"properties":{"depth":11},"type":"Polygon","arcs":[[-7299,7986,-7987,6928]],"id":"feature_2406"},{"properties":{"depth":11},"type":"Polygon","arcs":[[7177]],"id":"feature_2407"},{"properties":{"depth":11},"type":"Polygon","arcs":[[-7967,6929]],"id":"feature_2408"},{"properties":{"depth":11},"type":"Polygon","arcs":[[-7814,-11394,-7813,-7224,-7811,-7268,11397,-7267,-11396,-7266]],"id":"feature_2409"},{"properties":{"depth":11},"type":"Polygon","arcs":[[7307]],"id":"feature_2410"},{"properties":{"depth":11},"type":"Polygon","arcs":[[-8777,-7329]],"id":"feature_2411"},{"properties":{"depth":11},"type":"Polygon","arcs":[[-7805,-7296]],"id":"feature_2412"},{"properties":{"depth":11},"type":"Polygon","arcs":[[-7330,6930]],"id":"feature_2413"},{"properties":{"depth":11},"type":"Polygon","arcs":[[-7377,6931]],"id":"feature_2414"},{"properties":{"depth":11},"type":"Polygon","arcs":[[-7332,6932]],"id":"feature_2415"},{"properties":{"depth":11},"type":"Polygon","arcs":[[-7121,-7120,-7119,6933,6934,6935,11352,6936]],"id":"feature_2416"},{"properties":{"depth":11},"type":"Polygon","arcs":[[6937,-8000]],"id":"feature_2417"},{"properties":{"depth":11},"type":"Polygon","arcs":[[6938,-7379]],"id":"feature_2418"},{"properties":{"depth":11},"type":"Polygon","arcs":[[-8838,-7349,-8832,6939,-8830,-7345,6940]],"id":"feature_2419"},{"properties":{"depth":11},"type":"Polygon","arcs":[[-7375,6941]],"id":"feature_2420"},{"properties":{"depth":11},"type":"Polygon","arcs":[[6942,-7998,-7340,6943]],"id":"feature_2421"},{"properties":{"depth":11},"type":"Polygon","arcs":[[-7173,-7172,-7171,-11546,-7170,-8004,6944]],"id":"feature_2422"},{"properties":{"depth":11},"type":"Polygon","arcs":[[6945,-8139,-7344,8129,8130,-7326,-7983,6946,-12279,-7361]],"id":"feature_2423"},{"properties":{"depth":11},"type":"Polygon","arcs":[[-7370,6947]],"id":"feature_2424"},{"properties":{"depth":11},"type":"Polygon","arcs":[[-7994,-7337,-8007,-7336,6948,6949,6950],[-8007,8006]],"id":"feature_2425"},{"properties":{"depth":11},"type":"Polygon","arcs":[[6951,-7368]],"id":"feature_2426"},{"properties":{"depth":11},"type":"Polygon","arcs":[[-7353,6952,-7351,6953,-7357,6954]],"id":"feature_2427"},{"properties":{"depth":11},"type":"Polygon","arcs":[[-7318,6955,-11325,-7315,-7314,-12198,-7313,-7770,-7290,-7768,-7280,-7766,-7765,-7278,-7763,-7264,-12129,-7263,-7761,-7221,6956],[12064,6957,11383,6958]],"id":"feature_2428"},{"properties":{"depth":11},"type":"Polygon","arcs":[[-13266,-7365,-8056,-7366]],"id":"feature_2429"},{"properties":{"depth":11},"type":"Polygon","arcs":[[-7990,-7359,6959]],"id":"feature_2430"},{"properties":{"depth":11},"type":"Polygon","arcs":[[-12394,-7743,-7382,-7741,11296,-12392,-7740,-7322,-7738,-13385,-7737,6960,11972,6961,13046,6962,-7204,-7252,-7751,-7384,-7383,-7747,-7423,-13298,-7422,-7744]],"id":"feature_2431"},{"properties":{"depth":11},"type":"Polygon","arcs":[[-7354,6963]],"id":"feature_2432"},{"properties":{"depth":11},"type":"Polygon","arcs":[[-8202,-7388,-11419,-7387,6964,11420,6965,-8205,-7454]],"id":"feature_2433"},{"properties":{"depth":11},"type":"Polygon","arcs":[[7354,-7355]],"id":"feature_2434"},{"properties":{"depth":11},"type":"Polygon","arcs":[[7437]],"id":"feature_2435"},{"properties":{"depth":11},"type":"Polygon","arcs":[[7438]],"id":"feature_2436"},{"properties":{"depth":11},"type":"Polygon","arcs":[[-7441,-11448,-7440,-7784,-7430,-9268,-9267,-7787]],"id":"feature_2437"},{"properties":{"depth":11},"type":"Polygon","arcs":[[6966,-7398]],"id":"feature_2438"},{"properties":{"depth":11},"type":"Polygon","arcs":[[7461]],"id":"feature_2439"},{"properties":{"depth":11},"type":"Polygon","arcs":[[7399,-7400]],"id":"feature_2440"},{"properties":{"depth":11},"type":"Polygon","arcs":[[6967,-7402]],"id":"feature_2441"},{"properties":{"depth":11},"type":"Polygon","arcs":[[8092]],"id":"feature_2442"},{"properties":{"depth":11},"type":"Polygon","arcs":[[-7429,6968,-7427]],"id":"feature_2443"},{"properties":{"depth":11},"type":"Polygon","arcs":[[8099,-8100]],"id":"feature_2444"},{"properties":{"depth":11},"type":"Polygon","arcs":[[-7404,6969]],"id":"feature_2445"},{"properties":{"depth":11},"type":"Polygon","arcs":[[7405,-7406]],"id":"feature_2446"},{"properties":{"depth":11},"type":"Polygon","arcs":[[7407,-7408]],"id":"feature_2447"},{"properties":{"depth":11},"type":"Polygon","arcs":[[-7410,6970,6971]],"id":"feature_2448"},{"properties":{"depth":11},"type":"Polygon","arcs":[[-13579,-13578,-7480]],"id":"feature_2449"},{"properties":{"depth":11},"type":"Polygon","arcs":[[6972,-7412]],"id":"feature_2450"},{"properties":{"depth":11},"type":"Polygon","arcs":[[-7726,13581,-7725,-7482,6973,-8229,6974,-7473,-12752,-7472,-12750,-7471,-13572,-7470,13717,-7469,-13586,-7468]],"id":"feature_2451"},{"properties":{"depth":11},"type":"Polygon","arcs":[[-7414,6975]],"id":"feature_2452"},{"properties":{"depth":11},"type":"Polygon","arcs":[[6976,-7465,-7729,-7467]],"id":"feature_2453"},{"properties":{"depth":11},"type":"Polygon","arcs":[[-7425,6977]],"id":"feature_2454"},{"properties":{"depth":11},"type":"Polygon","arcs":[[-13623,-8098,-7466,-8095,-12687,-8109,-12685,-8108,-12694,-8107,-12692,-8106,-12660,-8105,12670,-8104,-12725,-8103]],"id":"feature_2455"},{"properties":{"depth":11},"type":"Polygon","arcs":[[7432,-7433]],"id":"feature_2456"},{"properties":{"depth":11},"type":"Polygon","arcs":[[-8254,6978,-7497]],"id":"feature_2457"},{"properties":{"depth":11},"type":"Polygon","arcs":[[-7418,6979,-7416,6980]],"id":"feature_2458"},{"properties":{"depth":11},"type":"Polygon","arcs":[[-11493,-8117,-7500]],"id":"feature_2459"},{"properties":{"depth":11},"type":"Polygon","arcs":[[-8584,6981]],"id":"feature_2460"},{"properties":{"depth":11},"type":"Polygon","arcs":[[6982,6983,6984,6985,6986,6987,6988,6989,6990,6991,7490,6992,6993,6994,-8246,-7510]],"id":"feature_2461"},{"properties":{"depth":11},"type":"Polygon","arcs":[[-8582,6995]],"id":"feature_2462"},{"properties":{"depth":11},"type":"Polygon","arcs":[[-7514,-7513,6996,-7519,-7518,-7517,-7516,-7515]],"id":"feature_2463"},{"properties":{"depth":11},"type":"Polygon","arcs":[[-8580,-8579,-8578,-8577,6997]],"id":"feature_2464"},{"properties":{"depth":11},"type":"Polygon","arcs":[[6998,6999,-7538,-7537,-8264,-7536,7534,-7534]],"id":"feature_2465"},{"properties":{"depth":11},"type":"Polygon","arcs":[[7000,-7446,7001,-7444,-7443,-7442]],"id":"feature_2466"},{"properties":{"depth":11},"type":"Polygon","arcs":[[-12014,-12013,-7569,7002,-7571,12016,12017,-7570]],"id":"feature_2467"},{"properties":{"depth":11},"type":"Polygon","arcs":[[-9009,-7577]],"id":"feature_2468"},{"properties":{"depth":11},"type":"Polygon","arcs":[[-8575,7003]],"id":"feature_2469"},{"properties":{"depth":11},"type":"Polygon","arcs":[[-7620,-7619,7004,7005,-7560,7006,-7533,-7532,-7531,7007,7008,7009,7010,7011,-7505,-7504,-7503,7012,7013,7014,7015,7016,7017,-7526,-7525,-7524,7018,7019,7020,7021,7022,7023,7024,7025]],"id":"feature_2470"},{"properties":{"depth":11},"type":"Polygon","arcs":[[-7448,7026]],"id":"feature_2471"},{"properties":{"depth":11},"type":"Polygon","arcs":[[-8573,-8612,7027,7028]],"id":"feature_2472"},{"properties":{"depth":11},"type":"Polygon","arcs":[[7029,-7450]],"id":"feature_2473"},{"properties":{"depth":11},"type":"Polygon","arcs":[[-7455,-8162,-7452,7030]],"id":"feature_2474"},{"properties":{"depth":11},"type":"Polygon","arcs":[[-7664,-7663,-7662,-7661,-7660,-7659,-7658,-7657,-7656,-7655,-7654,-7653,-7652,-7651,-7650,7031,7032,7033,7034,7035,7036,-7047,7037,-7696,-7695,-7707,7038,7039,7040,7041,7042,7043],[-7584,-7595,-7594,-7593,-7592,-7591,-7590,-7589,-7588,-7587,-7586,-7585],[-7673,-7672,-7671,-7670,-7669,-7668,-7667,-7666]],"id":"feature_2475"},{"properties":{"depth":11},"type":"Polygon","arcs":[[-8414,-7694,-7693,-7692,-7691,7044,7045,7046,7047,7048,7049,7050,7051,7052,7053,7054,7055,7056,7057,7058,7059,-7631,-7630,-7629,-7628,-7627,-7626,-7625,-7624,-7623,7060,7061,7062,7063,7064,7065,7066,7067,7068,7069]],"id":"feature_2476"},{"properties":{"depth":11},"type":"Polygon","arcs":[[8569,-8570]],"id":"feature_2477"},{"properties":{"depth":11},"type":"Polygon","arcs":[[-7687,11893,-7686,-11199,-7685,7070,-11254,7071,11200,7072,7073,11188,7074,11190,7075]],"id":"feature_2478"},{"properties":{"depth":11},"type":"Polygon","arcs":[[7076,-7077]],"id":"feature_2479"},{"properties":{"depth":11},"type":"Polygon","arcs":[[-8449,-7708]],"id":"feature_2480"},{"properties":{"depth":11},"type":"Polygon","arcs":[[7077]],"id":"feature_2481"},{"properties":{"depth":11},"type":"Polygon","arcs":[[-8513,-7714,-8511,-7716]],"id":"feature_2482"},{"properties":{"depth":11},"type":"Polygon","arcs":[[-8568,7078]],"id":"feature_2483"},{"properties":{"depth":11},"type":"Polygon","arcs":[[7631,8493,7642,7664,8486,7079,8488,7709,8473,8474,8475,7712,8477,8478,7714,-8481,8480,7716,8482,7718,9181,7720,8454,7719,8456,7717,8459,11167,8460,11169,8461,11171,8462,7711,8464,7080],[7081]],"id":"feature_2484"},{"properties":{"depth":11},"type":"Polygon","arcs":[[8565,-8566]],"id":"feature_2485"},{"properties":{"depth":11},"type":"Polygon","arcs":[[-7636,7082]],"id":"feature_2486"},{"properties":{"depth":11},"type":"Polygon","arcs":[[-8564,7083]],"id":"feature_2487"},{"properties":{"depth":11},"type":"Polygon","arcs":[[7085]],"id":"feature_2488"},{"properties":{"depth":11},"type":"Polygon","arcs":[[-8563,-8610,-8562,7084]],"id":"feature_2489"},{"properties":{"depth":11},"type":"Polygon","arcs":[[7085]],"id":"feature_2490"},{"properties":{"depth":11},"type":"Polygon","arcs":[[8559,-8560]],"id":"feature_2491"},{"properties":{"depth":11},"type":"Polygon","arcs":[[8591,-8592]],"id":"feature_2492"},{"properties":{"depth":11},"type":"Polygon","arcs":[[7673]],"id":"feature_2493"},{"properties":{"depth":11},"type":"Polygon","arcs":[[7086,-8605,-8589,7087]],"id":"feature_2494"},{"properties":{"depth":11},"type":"Polygon","arcs":[[7088,-7638]],"id":"feature_2495"},{"properties":{"depth":11},"type":"Polygon","arcs":[[7089]],"id":"feature_2496"},{"properties":{"depth":11},"type":"Polygon","arcs":[[-7640,7090]],"id":"feature_2497"},{"properties":{"depth":11},"type":"Polygon","arcs":[[7091]],"id":"feature_2498"},{"properties":{"depth":11},"type":"Polygon","arcs":[[7674]],"id":"feature_2499"},{"properties":{"depth":11},"type":"Polygon","arcs":[[-8587,7092]],"id":"feature_2500"},{"properties":{"depth":11},"type":"Polygon","arcs":[[7093]],"id":"feature_2501"},{"properties":{"depth":11},"type":"Polygon","arcs":[[7094,7095,-7487,-8598,-7486]],"id":"feature_2502"},{"properties":{"depth":11},"type":"Polygon","arcs":[[-7493,-7499,-8235,7096]],"id":"feature_2503"},{"properties":{"depth":11},"type":"Polygon","arcs":[[-7495,7097]],"id":"feature_2504"},{"properties":{"depth":11},"type":"Polygon","arcs":[[-7642,7098]],"id":"feature_2505"},{"properties":{"depth":11},"type":"Polygon","arcs":[[-7507,7099]],"id":"feature_2506"},{"properties":{"depth":11},"type":"Polygon","arcs":[[7100]],"id":"feature_2507"},{"properties":{"depth":11},"type":"Polygon","arcs":[[-7529,7101]],"id":"feature_2508"},{"properties":{"depth":11},"type":"Polygon","arcs":[[7102]],"id":"feature_2509"},{"properties":{"depth":11},"type":"Polygon","arcs":[[-7544,7103]],"id":"feature_2510"},{"properties":{"depth":11},"type":"Polygon","arcs":[[7104,7553]],"id":"feature_2511"},{"properties":{"depth":11},"type":"Polygon","arcs":[[-7552,7105]],"id":"feature_2512"},{"properties":{"depth":11},"type":"Polygon","arcs":[[-7557,7106,7560,7107]],"id":"feature_2513"},{"properties":{"depth":11},"type":"Polygon","arcs":[[7108]],"id":"feature_2514"},{"properties":{"depth":11},"type":"Polygon","arcs":[[-7607,-8431,-7606,-8429,-7605,-8427,-7604,-8423,7109]],"id":"feature_2515"},{"properties":{"depth":11},"type":"Polygon","arcs":[[-8333,-7564,7110]],"id":"feature_2516"},{"properties":{"depth":11},"type":"Polygon","arcs":[[-8372,-7549,-8370,-7548,7111,7112]],"id":"feature_2517"},{"properties":{"depth":11},"type":"Polygon","arcs":[[-7567,7113]],"id":"feature_2518"},{"properties":{"depth":11},"type":"Polygon","arcs":[[-7582,-8407,-8410,-7581,-9157,-8345,-7576,-7575,7114,7115,7116]],"id":"feature_2519"},{"properties":{"depth":12},"type":"Polygon","arcs":[[7117,7118,7119,7120,7121,7122,7123,7124,7125,7126,-13054,7127,11949,7128,11779,7129,7130,7131,7132,7133,11795,7134,7135,11797,7136,7137,7138,11784,7139,7140,-7853,-12871,-7852,-12869,-12868,-11782,-7851,-12873,-7850,7141,11364,11365,7142,11367,7143,11369,7144,7145,7146,7147,7148,7149,7150,7151,7152,7153,11568,7154,11575,7155,7156,11579,7157,11583,7158,7159,7160,7161,11588,7162,7163,7164,7165,7166,7167,11378,7168,-11540,-8005,7169,11545,7170,7171,7172],[7173],[7174],[7856],[11771,7175,11554,7176],[-12060,-7972],[7177],[-7957,-12058,-7956,-7955,-7954,11876,-7953,-7952,-11909],[-7859,-7858,11552,-7866,-7865,-11178,-11177,-7864,11564,-7863,-7862,-7861,11558,-7860]],"id":"feature_2520"},{"properties":{"depth":12},"type":"Polygon","arcs":[[7178,7179,7180,7181,-7832,-7831,-7830,7182]],"id":"feature_2521"},{"properties":{"depth":12},"type":"Polygon","arcs":[[-8180,7183,-8181,-11739]],"id":"feature_2522"},{"properties":{"depth":12},"type":"Polygon","arcs":[[12786,-8216,12788,-8215]],"id":"feature_2523"},{"properties":{"depth":12},"type":"Polygon","arcs":[[8213]],"id":"feature_2524"},{"properties":{"depth":12},"type":"Polygon","arcs":[[7184,7185,7186,-7820,-7819,7187],[7188]],"id":"feature_2525"},{"properties":{"depth":12},"type":"Polygon","arcs":[[-8650,-7828]],"id":"feature_2526"},{"properties":{"depth":12},"type":"Polygon","arcs":[[7189,-8190]],"id":"feature_2527"},{"properties":{"depth":12},"type":"Polygon","arcs":[[7190,-7837,-8672,7191],[7192]],"id":"feature_2528"},{"properties":{"depth":12},"type":"Polygon","arcs":[[7193,-8173],[7194]],"id":"feature_2529"},{"properties":{"depth":12},"type":"Polygon","arcs":[[-7847,-7846,-7845,-7844,7195,7844,7196,7846]],"id":"feature_2530"},{"properties":{"depth":12},"type":"Polygon","arcs":[[8672,-8673]],"id":"feature_2531"},{"properties":{"depth":12},"type":"Polygon","arcs":[[-7842,7197,7198,7199,7200],[7201]],"id":"feature_2532"},{"properties":{"depth":12},"type":"Polygon","arcs":[[7202,-7959,7203]],"id":"feature_2533"},{"properties":{"depth":12},"type":"Polygon","arcs":[[7204,-7839]],"id":"feature_2534"},{"properties":{"depth":12},"type":"Polygon","arcs":[[7205,-7821,7206]],"id":"feature_2535"},{"properties":{"depth":12},"type":"Polygon","arcs":[[7207,7208,7209,7210,-7823,7211]],"id":"feature_2536"},{"properties":{"depth":12},"type":"Polygon","arcs":[[7212,-7758,7213]],"id":"feature_2537"},{"properties":{"depth":12},"type":"Polygon","arcs":[[7214,7215,7216,-7825]],"id":"feature_2538"},{"properties":{"depth":12},"type":"Polygon","arcs":[[7793]],"id":"feature_2539"},{"properties":{"depth":12},"type":"Polygon","arcs":[[-7875,7217]],"id":"feature_2540"},{"properties":{"depth":12},"type":"Polygon","arcs":[[-7760,7218,7219,7220]],"id":"feature_2541"},{"properties":{"depth":12},"type":"Polygon","arcs":[[7221,7222]],"id":"feature_2542"},{"properties":{"depth":12},"type":"Polygon","arcs":[[-8799,-7966,-11392,-7965,-11390,-8797,-7812,7223]],"id":"feature_2543"},{"properties":{"depth":12},"type":"Polygon","arcs":[[7224,7225,7226,7227,-8656,-7827]],"id":"feature_2544"},{"properties":{"depth":12},"type":"Polygon","arcs":[[7228,7229,7230,7231,7232,-8194,-12100,-8193]],"id":"feature_2545"},{"properties":{"depth":12},"type":"Polygon","arcs":[[-7872,-7871,-7870,-7869,-7868,7233,7234,7235,7236,7869,7237,7238,7239]],"id":"feature_2546"},{"properties":{"depth":12},"type":"Polygon","arcs":[[7240,7241,7242,7243,7244,7245,7246,-8178,-12103,-8177,-8176,-13094,-8175],[7816],[7247],[7833],[7248],[7249],[12097,7250]],"id":"feature_2547"},{"properties":{"depth":12},"type":"Polygon","arcs":[[7251,-7963,-11303,-7962,-11976,-7961,7252,7253,7254,-7753,-12351,-7752]],"id":"feature_2548"},{"properties":{"depth":12},"type":"Polygon","arcs":[[7255,-7261,-7877,7256]],"id":"feature_2549"},{"properties":{"depth":12},"type":"Polygon","arcs":[[8701,7257,7258,7259,-7922,-8703,-8702,-7878,7260,7261]],"id":"feature_2550"},{"properties":{"depth":12},"type":"Polygon","arcs":[[7262,12128,7263,-7762]],"id":"feature_2551"},{"properties":{"depth":12},"type":"Polygon","arcs":[[7264,-8171,-12036,-8170,-13098,-8169]],"id":"feature_2552"},{"properties":{"depth":12},"type":"Polygon","arcs":[[-7816,-12175,-7815,7265,11395,7266,-11398,7267,-7810,-12078,-7809]],"id":"feature_2553"},{"properties":{"depth":12},"type":"Polygon","arcs":[[7268,-7921,-7920,-7919,-7918,-7917,-7916,-7915,-7914,-7913,7269,7270]],"id":"feature_2554"},{"properties":{"depth":12},"type":"Polygon","arcs":[[7271,7272,7273,7274,-7924,7275]],"id":"feature_2555"},{"properties":{"depth":12},"type":"Polygon","arcs":[[7764,7276,7277]],"id":"feature_2556"},{"properties":{"depth":12},"type":"Polygon","arcs":[[-7926,7278]],"id":"feature_2557"},{"properties":{"depth":12},"type":"Polygon","arcs":[[-7767,7279]],"id":"feature_2558"},{"properties":{"depth":12},"type":"Polygon","arcs":[[-8732,-8731,-8730,-8729,-8728,-7904,-7903,-7902,7280,7281,7282,7283,7284,7285,7286,-7288,7287,7288,-7911,-7910,-7909,-7908,-7907,-7906,-7905]],"id":"feature_2559"},{"properties":{"depth":12},"type":"Polygon","arcs":[[-7769,7289]],"id":"feature_2560"},{"properties":{"depth":12},"type":"Polygon","arcs":[[-7894,-7893,-7892,-7891,-7890,-7889,7290,7886,7291,7292,7293,7294,-7899,-7898,-7897,-7896,-7895]],"id":"feature_2561"},{"properties":{"depth":12},"type":"Polygon","arcs":[[7295,-7804,-12080,-7803,-11893,-7802,7296,-7808,-11320,-7807,-7806]],"id":"feature_2562"},{"properties":{"depth":12},"type":"Polygon","arcs":[[-8718,7297,-8714,-8713,-7948,-7947,-7946,-7945,-7944,-7943,-7942,-7941,-7940,-8774,-7988,-7987,7298,7299,7300,7301,7302,7303,7304,7305,7306,-7883],[7307]],"id":"feature_2563"},{"properties":{"depth":12},"type":"Polygon","arcs":[[7308,-8741,7309,-7937,-7936,-7935,-7934,-7933],[-7951,7310],[7311]],"id":"feature_2564"},{"properties":{"depth":12},"type":"Polygon","arcs":[[-7771,7312,12197,7313]],"id":"feature_2565"},{"properties":{"depth":12},"type":"Polygon","arcs":[[-7949,-7950]],"id":"feature_2566"},{"properties":{"depth":12},"type":"Polygon","arcs":[[11328,-7772,7314,11324,7315,-8124,11326,7316,7317,7318,-7773]],"id":"feature_2567"},{"properties":{"depth":12},"type":"Polygon","arcs":[[7319,-7976,7320,-7970]],"id":"feature_2568"},{"properties":{"depth":12},"type":"Polygon","arcs":[[7321,-7739]],"id":"feature_2569"},{"properties":{"depth":12},"type":"Polygon","arcs":[[7322,-7974]],"id":"feature_2570"},{"properties":{"depth":12},"type":"Polygon","arcs":[[8131,8132,7323,-7981,7324,-7979,7325]],"id":"feature_2571"},{"properties":{"depth":12},"type":"Polygon","arcs":[[-7977,7326]],"id":"feature_2572"},{"properties":{"depth":12},"type":"Polygon","arcs":[[7327,-8196]],"id":"feature_2573"},{"properties":{"depth":12},"type":"Polygon","arcs":[[-8778,7328,-8776,-7939]],"id":"feature_2574"},{"properties":{"depth":12},"type":"Polygon","arcs":[[8129,-8130]],"id":"feature_2575"},{"properties":{"depth":12},"type":"Polygon","arcs":[[7329,7330,7331,7332,-7984,7333]],"id":"feature_2576"},{"properties":{"depth":12},"type":"Polygon","arcs":[[7334,-8002]],"id":"feature_2577"},{"properties":{"depth":12},"type":"Polygon","arcs":[[-7992,7991,7335,8006,7336,7337,7338,7339,7340,7341,-7999,7342,-7996,-7995,-7994,-7993]],"id":"feature_2578"},{"properties":{"depth":12},"type":"Polygon","arcs":[[13242,8134,7343]],"id":"feature_2579"},{"properties":{"depth":12},"type":"Polygon","arcs":[[7344,7345,-8831,-8830,-8829,7346]],"id":"feature_2580"},{"properties":{"depth":12},"type":"Polygon","arcs":[[-8840,7347,-8833,7348]],"id":"feature_2581"},{"properties":{"depth":12},"type":"Polygon","arcs":[[7349,7350,7351,7352,7353,7354,-9395,-8928,7355,7356]],"id":"feature_2582"},{"properties":{"depth":12},"type":"Polygon","arcs":[[-7989,-8772,-8008,-8770,-8122,-8768,-8125,-8766,7357,7358]],"id":"feature_2583"},{"properties":{"depth":12},"type":"Polygon","arcs":[[7359,7360,12278,7361,-8061,7362,-8059,7363,-8057,7364,13265,7365,-8055]],"id":"feature_2584"},{"properties":{"depth":12},"type":"Polygon","arcs":[[-9404,7366,-8842,-9393]],"id":"feature_2585"},{"properties":{"depth":12},"type":"Polygon","arcs":[[7367,7368,7369,7370,-8144,7371,7372,7373,7374,7375,7376,7377,7378,7379]],"id":"feature_2586"},{"properties":{"depth":12},"type":"Polygon","arcs":[[-9391,7380]],"id":"feature_2587"},{"properties":{"depth":12},"type":"Polygon","arcs":[[7381,-7742]],"id":"feature_2588"},{"properties":{"depth":12},"type":"Polygon","arcs":[[7788]],"id":"feature_2589"},{"properties":{"depth":12},"type":"Polygon","arcs":[[7382,7383,-7750,-12741,-12740,-7749,-12738,-7748]],"id":"feature_2590"},{"properties":{"depth":12},"type":"Polygon","arcs":[[7384]],"id":"feature_2591"},{"properties":{"depth":12},"type":"Polygon","arcs":[[-8201,-12337,-8200,-13349,-8199,7385,7386,11418,7387]],"id":"feature_2592"},{"properties":{"depth":12},"type":"Polygon","arcs":[[-12495,-7798,-12746,-7800,-13457,-7799]],"id":"feature_2593"},{"properties":{"depth":12},"type":"Polygon","arcs":[[7789]],"id":"feature_2594"},{"properties":{"depth":12},"type":"Polygon","arcs":[[7388,-8150,7389,-8035,-7538,7390]],"id":"feature_2595"},{"properties":{"depth":12},"type":"Polygon","arcs":[[7391,-8846,-9368]],"id":"feature_2596"},{"properties":{"depth":12},"type":"Polygon","arcs":[[-8548,-8968,-8137,7392,-8126,-8763]],"id":"feature_2597"},{"properties":{"depth":12},"type":"Polygon","arcs":[[7393,7394,7395]],"id":"feature_2598"},{"properties":{"depth":12},"type":"Polygon","arcs":[[7396,7397,7398,7399,7400,7401,7402,7403,7404,7405,7406,7407,7408,7409,7410,7411,7412,7413,7414,7415,7416,7417,7418,-8848,7419,7420]],"id":"feature_2599"},{"properties":{"depth":12},"type":"Polygon","arcs":[[-7745,7421,13297,7422,-7746]],"id":"feature_2600"},{"properties":{"depth":12},"type":"Polygon","arcs":[[-8141,-9492,-8146,-8147,-9489,-8148,-9487,7423,7424,7425,7426,7427]],"id":"feature_2601"},{"properties":{"depth":12},"type":"Polygon","arcs":[[7428,-7429]],"id":"feature_2602"},{"properties":{"depth":12},"type":"Polygon","arcs":[[9267,7429,-7783,-12581,-7782,-12579,-7781,-9269,-9268]],"id":"feature_2603"},{"properties":{"depth":12},"type":"Polygon","arcs":[[-9485,-8622,7430]],"id":"feature_2604"},{"properties":{"depth":12},"type":"Polygon","arcs":[[-8621,-8620,8619,-8619,7431,7432,7433]],"id":"feature_2605"},{"properties":{"depth":12},"type":"Polygon","arcs":[[-12577,-7793,-12575,-7792,-12573,-7791]],"id":"feature_2606"},{"properties":{"depth":12},"type":"Polygon","arcs":[[-8618,7434]],"id":"feature_2607"},{"properties":{"depth":12},"type":"Polygon","arcs":[[-9280,-8158,-9278,7435,-7775,7436],[7437],[7438]],"id":"feature_2608"},{"properties":{"depth":12},"type":"Polygon","arcs":[[7439,11447,7440,-7786,-12584,-7785]],"id":"feature_2609"},{"properties":{"depth":12},"type":"Polygon","arcs":[[7441,7442,7443,7444,7445,7446,7447,7448,7449,7450,7451,-8168,-8858,-8857,-8856,-8854,-8853,-8852,-8157,-8850,7452]],"id":"feature_2610"},{"properties":{"depth":12},"type":"Polygon","arcs":[[7453,-8204,-11453,-8203]],"id":"feature_2611"},{"properties":{"depth":12},"type":"Polygon","arcs":[[7454,-9322,-8163]],"id":"feature_2612"},{"properties":{"depth":12},"type":"Polygon","arcs":[[-9320,-9319,-9318,-8164]],"id":"feature_2613"},{"properties":{"depth":12},"type":"Polygon","arcs":[[7455,-9313,-9312,-9311,-9310,-8232,9310,-8231,-8862,8861,-8167,7456,9314,-8165,-9316]],"id":"feature_2614"},{"properties":{"depth":12},"type":"Polygon","arcs":[[-9361,-9360,-8868,-8234,-8866,-8233,-9308,9360]],"id":"feature_2615"},{"properties":{"depth":12},"type":"Polygon","arcs":[[7457,7458]],"id":"feature_2616"},{"properties":{"depth":12},"type":"Polygon","arcs":[[7459,-9350,-9349]],"id":"feature_2617"},{"properties":{"depth":12},"type":"Polygon","arcs":[[7460,-7733,-13761,-7732]],"id":"feature_2618"},{"properties":{"depth":12},"type":"Polygon","arcs":[[-12655,-8120,11471,-8121],[7461]],"id":"feature_2619"},{"properties":{"depth":12},"type":"Polygon","arcs":[[7462,-8208]],"id":"feature_2620"},{"properties":{"depth":12},"type":"Polygon","arcs":[[7463]],"id":"feature_2621"},{"properties":{"depth":12},"type":"Polygon","arcs":[[7464,-7730]],"id":"feature_2622"},{"properties":{"depth":12},"type":"Polygon","arcs":[[-9347,-9351]],"id":"feature_2623"},{"properties":{"depth":12},"type":"Polygon","arcs":[[-8101,-8100,-8099,13622,13623,-8102,13659]],"id":"feature_2624"},{"properties":{"depth":12},"type":"Polygon","arcs":[[7465,-8097,-12729,-11533,-8096]],"id":"feature_2625"},{"properties":{"depth":12},"type":"Polygon","arcs":[[9351,-9352]],"id":"feature_2626"},{"properties":{"depth":12},"type":"Polygon","arcs":[[7466,-7728,-13715,-7727,7467,13585,7468,-13718,7469,13571,7470,12749,7471,12751,7472,7473,12720,7474,12757,7475]],"id":"feature_2627"},{"properties":{"depth":12},"type":"Polygon","arcs":[[-8279,9334,-8278,9340,-8277,-8877,-8276,-8875,7476,-8274,-8273,-8871,-8266,9342,-8265,-8869,-9355,-9354,-9353,-9346,9353,-9345,-9344,7477,-9341,-9340,-9339,-9338,-9337,7478,-9334]],"id":"feature_2628"},{"properties":{"depth":12},"type":"Polygon","arcs":[[7479,13577,-7797,-7796,-13580]],"id":"feature_2629"},{"properties":{"depth":12},"type":"Polygon","arcs":[[8601,-8602]],"id":"feature_2630"},{"properties":{"depth":12},"type":"Polygon","arcs":[[7480,7481,-7724,13583]],"id":"feature_2631"},{"properties":{"depth":12},"type":"Polygon","arcs":[[-8596,-9470,7482,-8594,7483,7484,7485,8597,7486,7487,-8600,-9474,-8599,-8598,-8597]],"id":"feature_2632"},{"properties":{"depth":12},"type":"Polygon","arcs":[[7488,-8252]],"id":"feature_2633"},{"properties":{"depth":12},"type":"Polygon","arcs":[[-8238,7489,-9465,-8240,-9463,-9462,-9461,-9460,-9459]],"id":"feature_2634"},{"properties":{"depth":12},"type":"Polygon","arcs":[[7490,7491]],"id":"feature_2635"},{"properties":{"depth":12},"type":"Polygon","arcs":[[7492,7493,7494,7495,-8237]],"id":"feature_2636"},{"properties":{"depth":12},"type":"Polygon","arcs":[[7496,7497,-8255]],"id":"feature_2637"},{"properties":{"depth":12},"type":"Polygon","arcs":[[7498,-8236]],"id":"feature_2638"},{"properties":{"depth":12},"type":"Polygon","arcs":[[7499,-8116,-12476,-8115,-12474,-8114,-12472,-8113,-12683,-8112,-13544,-8111,-8110,-8119,-13476,-8118,-11494]],"id":"feature_2639"},{"properties":{"depth":12},"type":"Polygon","arcs":[[8093]],"id":"feature_2640"},{"properties":{"depth":12},"type":"Polygon","arcs":[[-8305,7500]],"id":"feature_2641"},{"properties":{"depth":12},"type":"Polygon","arcs":[[7501,7502,7503,7504]],"id":"feature_2642"},{"properties":{"depth":12},"type":"Polygon","arcs":[[-8310,7505,7506,7507]],"id":"feature_2643"},{"properties":{"depth":12},"type":"Polygon","arcs":[[-8319,7508,7509,-8245,-8244,-8243,-8242,-8241,7510,-8267,7511,7512,7513,7514,7515,7516,7517,7518,7519],[-8271,-8272]],"id":"feature_2644"},{"properties":{"depth":12},"type":"Polygon","arcs":[[9332,-9333]],"id":"feature_2645"},{"properties":{"depth":12},"type":"Polygon","arcs":[[7520,-8280,-9332]],"id":"feature_2646"},{"properties":{"depth":12},"type":"Polygon","arcs":[[7521,7522,7523,7524,7525]],"id":"feature_2647"},{"properties":{"depth":12},"type":"Polygon","arcs":[[7526,-8317,7527,7528]],"id":"feature_2648"},{"properties":{"depth":12},"type":"Polygon","arcs":[[7529,7530,7531,7532]],"id":"feature_2649"},{"properties":{"depth":12},"type":"Polygon","arcs":[[-8282,-9330,-9329]],"id":"feature_2650"},{"properties":{"depth":12},"type":"Polygon","arcs":[[7533,7534,7535,8263,7536,7537,-8034,7538,-8032,-8031,7539]],"id":"feature_2651"},{"properties":{"depth":12},"type":"Polygon","arcs":[[7540,-9448,7541,7542,7543]],"id":"feature_2652"},{"properties":{"depth":12},"type":"Polygon","arcs":[[7544,-9446,-9445,7545,-9443,-8311,-9437,-9436,9435,-8373,-8372,-8371,-8370,-8369,7546,7547,8369,7548,7549,7550,7551,7552,7553,7554]],"id":"feature_2653"},{"properties":{"depth":12},"type":"Polygon","arcs":[[9444,-9445]],"id":"feature_2654"},{"properties":{"depth":12},"type":"Polygon","arcs":[[-8337,7555,7556,7557]],"id":"feature_2655"},{"properties":{"depth":12},"type":"Polygon","arcs":[[7558,7559]],"id":"feature_2656"},{"properties":{"depth":12},"type":"Polygon","arcs":[[7560,-7561]],"id":"feature_2657"},{"properties":{"depth":12},"type":"Polygon","arcs":[[12267,7561,11342,7562,-8029,13233,-8028,-13232,-8027,-9641,-9644]],"id":"feature_2658"},{"properties":{"depth":12},"type":"Polygon","arcs":[[7563,-8332,7564]],"id":"feature_2659"},{"properties":{"depth":12},"type":"Polygon","arcs":[[7565,-8334,-8333,8332,7566]],"id":"feature_2660"},{"properties":{"depth":12},"type":"Polygon","arcs":[[7567,7568,12012,12013,7569,-12018,-12017,7570,7571,8328,-8069,7572,-8067]],"id":"feature_2661"},{"properties":{"depth":12},"type":"Polygon","arcs":[[-8344,-9155,-8343,-8342,-8341,7573,7574,7575]],"id":"feature_2662"},{"properties":{"depth":12},"type":"Polygon","arcs":[[-9010,7576,-9008,-8349]],"id":"feature_2663"},{"properties":{"depth":12},"type":"Polygon","arcs":[[7577,7578,7579,-8401]],"id":"feature_2664"},{"properties":{"depth":12},"type":"Polygon","arcs":[[-8409,-9158,7580]],"id":"feature_2665"},{"properties":{"depth":12},"type":"Polygon","arcs":[[8406,7581,7582,-8420,-9165,-8418,-9163,-8412,-8411,-9160,-8408,-8407]],"id":"feature_2666"},{"properties":{"depth":12},"type":"Polygon","arcs":[[7583,7584,7585,7586,7587,7588,7589,7590,7591,7592,7593,7594]],"id":"feature_2667"},{"properties":{"depth":12},"type":"Polygon","arcs":[[-9427,-8435,7595,-8367]],"id":"feature_2668"},{"properties":{"depth":12},"type":"Polygon","arcs":[[-9659,12007,12008,-9658,-11308,-9657,12200,-9656,13115,-9655,13117,13118,-9654,-8340,-9653,-9652,-9651,-9650,-9649,-9648,9641,-9646,-9640,-8026,-8025,7596,-8023,-8022,-13077,-8021,-12006,-8020,-11278,-8019,11275,-8018,-11272,-8017,7597,-8015,7598,-8013,7599,-8011,8404,8405]],"id":"feature_2669"},{"properties":{"depth":12},"type":"Polygon","arcs":[[-9425,-8432,-8431,-8430,-8429,7600,-8426,-8425,7601,-8422,7602,7603,8426,7604,8428,7605,8430,7606,7607,-8433]],"id":"feature_2670"},{"properties":{"depth":12},"type":"Polygon","arcs":[[7608,7609,7610,7611,7612,7613,8373,7614,-8376,7615,7616,-8354,-8353,-8352,8351,7617,7618,7619,7620,7621,7622,7623,7624,7625,7626,7627,7628,7629,7630],[8365],[8350]],"id":"feature_2671"},{"properties":{"depth":12},"type":"Polygon","arcs":[[7631,-8493,-9216,-8452,-9214,7632,-9212,-8442,7633]],"id":"feature_2672"},{"properties":{"depth":12},"type":"Polygon","arcs":[[-8438,-8437,7634,7635,7636,7637,7638,7639,7640,7641,-8439]],"id":"feature_2673"},{"properties":{"depth":12},"type":"Polygon","arcs":[[7642,-8497,-9201,-9200,7643]],"id":"feature_2674"},{"properties":{"depth":12},"type":"Polygon","arcs":[[7644,-8365,7645,-8381,-8380,-8379,-8378,-8404,7646,7647,7648,7649,7650,7651,7652,7653,7654,7655,7656,7657,7658,7659,7660,7661,7662,7663]],"id":"feature_2675"},{"properties":{"depth":12},"type":"Polygon","arcs":[[7664,-8491,-9176,-8498]],"id":"feature_2676"},{"properties":{"depth":12},"type":"Polygon","arcs":[[7665,7666,7667,7668,7669,7670,7671,7672]],"id":"feature_2677"},{"properties":{"depth":12},"type":"Polygon","arcs":[[8515],[7673],[7674]],"id":"feature_2678"},{"properties":{"depth":12},"type":"Polygon","arcs":[[-8010,7675,-8092,7676,-8090,7677,-8088,-11195,-8087,-11193,-8086,7678,-8084,7679,-8082,7680,-8080,7681,-8078,-11288,-8077,7682,-8075,12028,-8074,-12026,-8073,-11313,12022,-8072,-12021,-8071,7683,7684,11198,7685,-11894,7686,7687,7688,9661]],"id":"feature_2679"},{"properties":{"depth":12},"type":"Polygon","arcs":[[8508]],"id":"feature_2680"},{"properties":{"depth":12},"type":"Polygon","arcs":[[7689,7690,7691,7692,7693,-8413]],"id":"feature_2681"},{"properties":{"depth":12},"type":"Polygon","arcs":[[8507]],"id":"feature_2682"},{"properties":{"depth":12},"type":"Polygon","arcs":[[7694,7695,7696,7697,7698,7699,7700,-8416,7701,7702,7703,7704,7705,7706]],"id":"feature_2683"},{"properties":{"depth":12},"type":"Polygon","arcs":[[8443]],"id":"feature_2684"},{"properties":{"depth":12},"type":"Polygon","arcs":[[7707,-8448,-8447,8446,-8446,-8445,-8450]],"id":"feature_2685"},{"properties":{"depth":12},"type":"Polygon","arcs":[[7708,7709,8473,7710,-12843,-8472,-12841,-8471,-9179,-12838,-8490,-8489,-8488]],"id":"feature_2686"},{"properties":{"depth":12},"type":"Polygon","arcs":[[-8464,7711]],"id":"feature_2687"},{"properties":{"depth":12},"type":"Polygon","arcs":[[8475,7712,-8478,-8477,-8476]],"id":"feature_2688"},{"properties":{"depth":12},"type":"Polygon","arcs":[[7713,-8512]],"id":"feature_2689"},{"properties":{"depth":12},"type":"Polygon","arcs":[[7714,-8481,-8480]],"id":"feature_2690"},{"properties":{"depth":12},"type":"Polygon","arcs":[[7715,-8514]],"id":"feature_2691"},{"properties":{"depth":12},"type":"Polygon","arcs":[[-8482,7716]],"id":"feature_2692"},{"properties":{"depth":12},"type":"Polygon","arcs":[[7717,-8459,-11166,-8458]],"id":"feature_2693"},{"properties":{"depth":12},"type":"Polygon","arcs":[[7718,-9181,-8484]],"id":"feature_2694"},{"properties":{"depth":12},"type":"Polygon","arcs":[[8509]],"id":"feature_2695"},{"properties":{"depth":12},"type":"Polygon","arcs":[[-8505,-9230]],"id":"feature_2696"},{"properties":{"depth":12},"type":"Polygon","arcs":[[7719,-8456]],"id":"feature_2697"},{"properties":{"depth":12},"type":"Polygon","arcs":[[8514]],"id":"feature_2698"},{"properties":{"depth":12},"type":"Polygon","arcs":[[7720,-8454,-9183]],"id":"feature_2699"},{"properties":{"depth":13},"type":"Polygon","arcs":[[11510,7721,11505,7722,-13584,7723,7724,-13582,7725,7726,13714,7727,7728,7729,7730,7731,13760,7732,7733,13387,7734,13389,7735,7736,13384,7737,7738,7739,12391,-11297,7740,7741,7742,12393,7743,7744,7745,7746,7747,12737,7748,12739,12740,7749,7750,7751,12350,7752,7753,12909,7754,-8681,7755,-8727,7756,7757,7758,7759,7760,7761,7762,7763,7764,7765,7766,7767,7768,7769,7770,7771,-11329,7772,7773,7774,7775,11435,7776,11437,7777,12568,7778,12570,7779,-9271,-9270,7780,12578,7781,12580,7782,7783,7784,12583,7785,7786,-9266,-13548,-9265,13601,-9264,11508,7787],[7788],[8686],[7789],[7790,12572,7791,12574,7792,12576],[-12144,-8683,12141,-8684],[-12155,-8738,-12152,-8739],[7793],[7794,13579,7795,7796,-13578],[-8816,-12319,-8815,-12321,-8814,-12323,-8813,-12317,-8812,-12314,-8811,-12312,-12311,-8810,-12307],[-8747,-8746,12121,-8745,-12110,-8744,-12158],[7797,12494,7798,13456,7799,12745],[-11269,-8697,11934,-8696,11883,-8695,-11931,-8694,11928,11290,-8693,-12140,-8692,-11927,-8691,-11925,-8690,12905,-8689,12907,-8688,-11933,-8698],[7800,7801,11892,7802,12079,7803,7804,7805,7806,11319,7807],[7808,12077,7809,7810,7811,-8796,-11945,-8795,-8807,13171,-8806,-12214,-8805,-13276,-8804,13280,-8803,11407,-8802,13167,-8801,-13174,-8800,7812,11393,7813,7814,12174,7815],[-8820,-13187,-8819,12356,-8828,12374,-8827,12376,-8826,12372,-8825,-12369,-8824,-13185,-8823,-13182,-12365,-8822,-12071,-8821,-12362]],"id":"feature_2700"},{"properties":{"depth":13},"type":"Polygon","arcs":[[7816]],"id":"feature_2701"},{"properties":{"depth":13},"type":"Polygon","arcs":[[7817,7818,7819,7820,7821,7822,7823,7824,7825,7826,-8655,-8654,8653,-8653,-8652,8651,-8651,7827,-8649,-8521,-8645,7828,7829,7830,7831]],"id":"feature_2702"},{"properties":{"depth":13},"type":"Polygon","arcs":[[7832,-8664]],"id":"feature_2703"},{"properties":{"depth":13},"type":"Polygon","arcs":[[7833]],"id":"feature_2704"},{"properties":{"depth":13},"type":"Polygon","arcs":[[7834,-8679]],"id":"feature_2705"},{"properties":{"depth":13},"type":"Polygon","arcs":[[-8662,7835]],"id":"feature_2706"},{"properties":{"depth":13},"type":"Polygon","arcs":[[8681]],"id":"feature_2707"},{"properties":{"depth":13},"type":"Polygon","arcs":[[-8674,-8673,7836,7837,7838,7839,-9633,-9632,-9631,-9630,-9629,7840,7841,7842,7843,7844,7845,7846]],"id":"feature_2708"},{"properties":{"depth":13},"type":"Polygon","arcs":[[7847,-8677]],"id":"feature_2709"},{"properties":{"depth":13},"type":"Polygon","arcs":[[7848,7849,12872,7850,11781,12867,12868,7851,12870,7852]],"id":"feature_2710"},{"properties":{"depth":13},"type":"Polygon","arcs":[[7853,7854,7855,-9627,-9626,-9625,-9624,-9623]],"id":"feature_2711"},{"properties":{"depth":13},"type":"Polygon","arcs":[[7856]],"id":"feature_2712"},{"properties":{"depth":13},"type":"Polygon","arcs":[[-11553,7857,7858,7859,-11559,7860,7861,7862,-11565,7863,11176,11177,7864,7865]],"id":"feature_2713"},{"properties":{"depth":13},"type":"Polygon","arcs":[[-9622,-9621,-9620,-9619,7866,7867,7868,7869,7870,7871,7872,7873,7874,7875]],"id":"feature_2714"},{"properties":{"depth":13},"type":"Polygon","arcs":[[7876,7877,-8701,-8700,8699,-8699,7878]],"id":"feature_2715"},{"properties":{"depth":13},"type":"Polygon","arcs":[[7879,-9617,-9616,-9615]],"id":"feature_2716"},{"properties":{"depth":13},"type":"Polygon","arcs":[[7880,-8725,-8724,-8723,-8722,-8721,-8720,-8719,-8718,-8717,-8716,-8715,-8714,8713,7881,7882,7883,7884,7885,7886,7887,7888,7889,7890,7891,7892,7893,7894,7895,7896,7897,7898,7899,7900,7901,7902,7903,-8737,-8736,-8735,-8734,-8733,7904,7905,7906,7907,7908,7909,7910,7911,7912,7913,7914,7915,7916,7917,7918,7919,7920]],"id":"feature_2717"},{"properties":{"depth":13},"type":"Polygon","arcs":[[7921,7922,7923,7924,7925,7926,7927,7928,7929,-8704]],"id":"feature_2718"},{"properties":{"depth":13},"type":"Polygon","arcs":[[7930,-8743,7931,7932,7933,7934,7935,7936,7937,-8794,-8793,-8792,-8791,-8790,-8789,-8788,-8787,-8786,-8785,-8784,-8783,-8782,-8781,-8780,-8779,7938,-8775,7939,7940,7941,7942,7943,7944,7945,7946,7947,-8712,-8711],[7948,7949]],"id":"feature_2719"},{"properties":{"depth":13},"type":"Polygon","arcs":[[7950,-7951]],"id":"feature_2720"},{"properties":{"depth":13},"type":"Polygon","arcs":[[11908,7951,7952,-11877,7953,7954,7955,12057,7956]],"id":"feature_2721"},{"properties":{"depth":13},"type":"Polygon","arcs":[[-8748,7957]],"id":"feature_2722"},{"properties":{"depth":13},"type":"Polygon","arcs":[[7958,7959,7960,11975,7961,11302,7962]],"id":"feature_2723"},{"properties":{"depth":13},"type":"Polygon","arcs":[[7963,-8754]],"id":"feature_2724"},{"properties":{"depth":13},"type":"Polygon","arcs":[[11389,7964,11391,7965,-8798]],"id":"feature_2725"},{"properties":{"depth":13},"type":"Polygon","arcs":[[7966,7967,-8809,7968]],"id":"feature_2726"},{"properties":{"depth":13},"type":"Polygon","arcs":[[7969,7970]],"id":"feature_2727"},{"properties":{"depth":13},"type":"Polygon","arcs":[[12059,7971]],"id":"feature_2728"},{"properties":{"depth":13},"type":"Polygon","arcs":[[7972,7973,7974,7975]],"id":"feature_2729"},{"properties":{"depth":13},"type":"Polygon","arcs":[[7976,7977]],"id":"feature_2730"},{"properties":{"depth":13},"type":"Polygon","arcs":[[7978,7979,7980,7981,7982]],"id":"feature_2731"},{"properties":{"depth":13},"type":"Polygon","arcs":[[7983,7984,-8817,7985]],"id":"feature_2732"},{"properties":{"depth":13},"type":"Polygon","arcs":[[7986,7987,-8773,7988,7989,7990,7991,7992,7993,7994,7995,7996,7997,7998,7999,8000,8001,8002]],"id":"feature_2733"},{"properties":{"depth":13},"type":"Polygon","arcs":[[8003,8004,11539,8005]],"id":"feature_2734"},{"properties":{"depth":13},"type":"Polygon","arcs":[[8006,-8007]],"id":"feature_2735"},{"properties":{"depth":13},"type":"Polygon","arcs":[[8007,-8771]],"id":"feature_2736"},{"properties":{"depth":13},"type":"Polygon","arcs":[[8008,8009,8010,8011,8012,8013,8014,8015,8016,11271,8017,-11276,8018,11277,8019,12005,8020,13076,8021,8022,8023,8024,8025,8026,13231,8027,-13234,8028,8029,8030,8031,8032,8033,8034,8035,8036,8037,8038,8039,8040,8041,8042,8043,8044,8045,8046,11426,12451,8047,12453,8048,13412,8049,-13415,8050,12459,8051,12461,8052,12463,8053,8054,8055,8056,8057,8058,8059,8060,8061,8062,13616,8063,13618,8064,12505,8065,8066,8067,8068,8069,8070,12020,8071,-12023,11312,8072,12025,8073,-12029,8074,8075,8076,11287,8077,8078,8079,8080,8081,8082,8083,8084,8085,11192,8086,11194,8087,8088,8089,8090,8091],[8092],[8840],[8093],[-12678,-8975,13596,-8976],[12686,8094,8095,11532,12728,8096,8097,8098,8099,8100,-13660,8101,-13624,8102,12724,8103,-12671,8104,12659,8105,12691,8106,12693,8107,12684,8108],[8947],[8836],[8109,8110,13543,8111,12682,8112,12471,8113,12473,8114,12475,8115,8116,11492,11493,8117,13475,8118],[-11472,8119,12654,8120]],"id":"feature_2737"},{"properties":{"depth":13},"type":"Polygon","arcs":[[8121,-8769]],"id":"feature_2738"},{"properties":{"depth":13},"type":"Polygon","arcs":[[8122,-11327,8123]],"id":"feature_2739"},{"properties":{"depth":13},"type":"Polygon","arcs":[[-8767,8124]],"id":"feature_2740"},{"properties":{"depth":13},"type":"Polygon","arcs":[[8125,8126,-8764]],"id":"feature_2741"},{"properties":{"depth":13},"type":"Polygon","arcs":[[8127,-8970,8128,-8963]],"id":"feature_2742"},{"properties":{"depth":13},"type":"Polygon","arcs":[[8129,8130,8131,8132,8133,8134]],"id":"feature_2743"},{"properties":{"depth":13},"type":"Polygon","arcs":[[8135,8136,-8967]],"id":"feature_2744"},{"properties":{"depth":13},"type":"Polygon","arcs":[[8137,8138]],"id":"feature_2745"},{"properties":{"depth":13},"type":"Polygon","arcs":[[8139,-9493,8140,8141,-8961]],"id":"feature_2746"},{"properties":{"depth":13},"type":"Polygon","arcs":[[8142,8143]],"id":"feature_2747"},{"properties":{"depth":13},"type":"Polygon","arcs":[[-8547,-8972,8144,-8965]],"id":"feature_2748"},{"properties":{"depth":13},"type":"Polygon","arcs":[[-9491,8145]],"id":"feature_2749"},{"properties":{"depth":13},"type":"Polygon","arcs":[[-9490,8146]],"id":"feature_2750"},{"properties":{"depth":13},"type":"Polygon","arcs":[[8147,-9488]],"id":"feature_2751"},{"properties":{"depth":13},"type":"Polygon","arcs":[[8148]],"id":"feature_2752"},{"properties":{"depth":13},"type":"Polygon","arcs":[[9572]],"id":"feature_2753"},{"properties":{"depth":13},"type":"Polygon","arcs":[[8149,8150,8151,8152,8153,8154,8155]],"id":"feature_2754"},{"properties":{"depth":13},"type":"Polygon","arcs":[[9560]],"id":"feature_2755"},{"properties":{"depth":13},"type":"Polygon","arcs":[[9577]],"id":"feature_2756"},{"properties":{"depth":13},"type":"Polygon","arcs":[[-9581,-9580,-9579,-9582]],"id":"feature_2757"},{"properties":{"depth":13},"type":"Polygon","arcs":[[9556]],"id":"feature_2758"},{"properties":{"depth":13},"type":"Polygon","arcs":[[-9589,-9590]],"id":"feature_2759"},{"properties":{"depth":13},"type":"Polygon","arcs":[[-8852,-8851,8156,8851]],"id":"feature_2760"},{"properties":{"depth":13},"type":"Polygon","arcs":[[8157,-9279]],"id":"feature_2761"},{"properties":{"depth":13},"type":"Polygon","arcs":[[9586]],"id":"feature_2762"},{"properties":{"depth":13},"type":"Polygon","arcs":[[8158,-9024]],"id":"feature_2763"},{"properties":{"depth":13},"type":"Polygon","arcs":[[8853,-8854]],"id":"feature_2764"},{"properties":{"depth":13},"type":"Polygon","arcs":[[8854,-8855]],"id":"feature_2765"},{"properties":{"depth":13},"type":"Polygon","arcs":[[-12620,-9028,-13534,-13732,-9027,-13533,-9026,8159,11440,8160,-9031,-12516,-9030,-13540,-9029]],"id":"feature_2766"},{"properties":{"depth":13},"type":"Polygon","arcs":[[8856,-8857]],"id":"feature_2767"},{"properties":{"depth":13},"type":"Polygon","arcs":[[-12633,-13559,-9289]],"id":"feature_2768"},{"properties":{"depth":13},"type":"Polygon","arcs":[[9596]],"id":"feature_2769"},{"properties":{"depth":13},"type":"Polygon","arcs":[[-9060,-13512,-9059,-9061]],"id":"feature_2770"},{"properties":{"depth":13},"type":"Polygon","arcs":[[8161,8162,-9321,8163,-9317,8164,-9315,8165,-9313,8166,-8862,-8861,-8860,-8859,8167]],"id":"feature_2771"},{"properties":{"depth":13},"type":"Polygon","arcs":[[8168,13097,8169,12035,8170,8171,8172,8173,8174,13093,8175,8176,12102,8177,8178,8179,11738,8180,8181,11184,8182,12795,8183,12797,8184,12782,8185,12784,8186,8187,8188,8189,8190,8191,8192,12099,8193,8194,8195,8196,8197,8198,13348,8199,12336,8200,8201,8202,11452,8203,8204,8205,11423,8206,8207,8208,12704,8209,-9046,-13556,-9045,-9044,-11489,-9043,-9042,-13591,-9041,-9040,12559,-9039,-13756,-9038,13464,-9037,13466,-9036,-9035,-13404,-9034,8210,8211],[8212],[8213],[8214,-12789,8215,-12787],[8647],[8751],[-11732,-8670,11733,-8669,-12956,-12955,-8668,-8667,11748,-8671]],"id":"feature_2772"},{"properties":{"depth":13},"type":"Polygon","arcs":[[9564]],"id":"feature_2773"},{"properties":{"depth":13},"type":"Polygon","arcs":[[-8960,-8959,-8958,8216,8217,8218,8219,8220,8221,8222,8223,8224,8225,8226,8227]],"id":"feature_2774"},{"properties":{"depth":13},"type":"Polygon","arcs":[[9592]],"id":"feature_2775"},{"properties":{"depth":13},"type":"Polygon","arcs":[[8228,8229]],"id":"feature_2776"},{"properties":{"depth":13},"type":"Polygon","arcs":[[9569]],"id":"feature_2777"},{"properties":{"depth":13},"type":"Polygon","arcs":[[9585]],"id":"feature_2778"},{"properties":{"depth":13},"type":"Polygon","arcs":[[8230,-9311,8231,-9309,8232,-8865,-8864,8863,-8863]],"id":"feature_2779"},{"properties":{"depth":13},"type":"Polygon","arcs":[[8233,-8867]],"id":"feature_2780"},{"properties":{"depth":13},"type":"Polygon","arcs":[[9571]],"id":"feature_2781"},{"properties":{"depth":13},"type":"Polygon","arcs":[[9298]],"id":"feature_2782"},{"properties":{"depth":13},"type":"Polygon","arcs":[[8234,8235,8236,8237,-9458,8238]],"id":"feature_2783"},{"properties":{"depth":13},"type":"Polygon","arcs":[[8239,-9464]],"id":"feature_2784"},{"properties":{"depth":13},"type":"Polygon","arcs":[[8240,8241,8242,8243,8244,8245,8246,8247,8248,8249,8250,8251,8252]],"id":"feature_2785"},{"properties":{"depth":13},"type":"Polygon","arcs":[[9461,-9462]],"id":"feature_2786"},{"properties":{"depth":13},"type":"Polygon","arcs":[[8253,8254,8255,11057,8256,12707,8257,11060,8258,-12233,8259,11475,8260,-9051,-13375,-9050,-13372,-9049,-13441,-9048,8261]],"id":"feature_2787"},{"properties":{"depth":13},"type":"Polygon","arcs":[[9459,-9460]],"id":"feature_2788"},{"properties":{"depth":13},"type":"Polygon","arcs":[[9062]],"id":"feature_2789"},{"properties":{"depth":13},"type":"Polygon","arcs":[[8262]],"id":"feature_2790"},{"properties":{"depth":13},"type":"Polygon","arcs":[[8263,-8264]],"id":"feature_2791"},{"properties":{"depth":13},"type":"Polygon","arcs":[[8264,-9343,8265,-8870]],"id":"feature_2792"},{"properties":{"depth":13},"type":"Polygon","arcs":[[9056]],"id":"feature_2793"},{"properties":{"depth":13},"type":"Polygon","arcs":[[8266,8267]],"id":"feature_2794"},{"properties":{"depth":13},"type":"Polygon","arcs":[[-8996,-8995,-8994,-8993,-8992,8268,-8990,8269]],"id":"feature_2795"},{"properties":{"depth":13},"type":"Polygon","arcs":[[8270,8271]],"id":"feature_2796"},{"properties":{"depth":13},"type":"Polygon","arcs":[[9063]],"id":"feature_2797"},{"properties":{"depth":13},"type":"Polygon","arcs":[[8272,-8872]],"id":"feature_2798"},{"properties":{"depth":13},"type":"Polygon","arcs":[[8273,8274,-8873]],"id":"feature_2799"},{"properties":{"depth":13},"type":"Polygon","arcs":[[9061]],"id":"feature_2800"},{"properties":{"depth":13},"type":"Polygon","arcs":[[8275,8876,8276,-9341,8277,-9335,8278,-9333,8279,8280,-9331,-9330,9329,8281,-9328,8282,8283]],"id":"feature_2801"},{"properties":{"depth":13},"type":"Polygon","arcs":[[-9455,8284]],"id":"feature_2802"},{"properties":{"depth":13},"type":"Polygon","arcs":[[-9019,12405,-9018,8285]],"id":"feature_2803"},{"properties":{"depth":13},"type":"Polygon","arcs":[[-8988,-8987,-8986,-8985,-8984,-8983,-8982,-8981,-8980,-8979,-8978,8286,-8956,-8955,-8954,8287,8288,8289,8290,8291,8292,8293,8294,8295,8296,8297,8298,8299,8300,8301,8302]],"id":"feature_2804"},{"properties":{"depth":13},"type":"Polygon","arcs":[[-9453,8303,8304,8305]],"id":"feature_2805"},{"properties":{"depth":13},"type":"Polygon","arcs":[[-9022,-9021,8306]],"id":"feature_2806"},{"properties":{"depth":13},"type":"Polygon","arcs":[[8307,-9451,8308,8309]],"id":"feature_2807"},{"properties":{"depth":13},"type":"Polygon","arcs":[[-12226,-9058]],"id":"feature_2808"},{"properties":{"depth":13},"type":"Polygon","arcs":[[-9448,-9447,-9446,-9445,-9444,-9443,-9442,-9441,-9440,-9439,9438,-9438,8310,8311,9444,8312,8313,8314,8315,8316,8317,-9449]],"id":"feature_2809"},{"properties":{"depth":13},"type":"Polygon","arcs":[[8318,8319,8320,8321,8322,8323,8324,8325,8326]],"id":"feature_2810"},{"properties":{"depth":13},"type":"Polygon","arcs":[[8327]],"id":"feature_2811"},{"properties":{"depth":13},"type":"Polygon","arcs":[[8328,-8329]],"id":"feature_2812"},{"properties":{"depth":13},"type":"Polygon","arcs":[[8329]],"id":"feature_2813"},{"properties":{"depth":13},"type":"Polygon","arcs":[[9561]],"id":"feature_2814"},{"properties":{"depth":13},"type":"Polygon","arcs":[[-8556,-9504,-9503,-9502,-9501,-9500]],"id":"feature_2815"},{"properties":{"depth":13},"type":"Polygon","arcs":[[9559]],"id":"feature_2816"},{"properties":{"depth":13},"type":"Polygon","arcs":[[8330,8331,8332,8333,8334,-9119,8335,8336]],"id":"feature_2817"},{"properties":{"depth":13},"type":"Polygon","arcs":[[8337,-8890]],"id":"feature_2818"},{"properties":{"depth":13},"type":"Polygon","arcs":[[8338]],"id":"feature_2819"},{"properties":{"depth":13},"type":"Polygon","arcs":[[-9603,-9604]],"id":"feature_2820"},{"properties":{"depth":13},"type":"Polygon","arcs":[[13120,-9653,9652,8339]],"id":"feature_2821"},{"properties":{"depth":13},"type":"Polygon","arcs":[[8340,8341,8342,9154,8343,8344,-9156,-9155,-9173,8345,-9117,8346]],"id":"feature_2822"},{"properties":{"depth":13},"type":"Polygon","arcs":[[9147]],"id":"feature_2823"},{"properties":{"depth":13},"type":"Polygon","arcs":[[9583]],"id":"feature_2824"},{"properties":{"depth":13},"type":"Polygon","arcs":[[8347,-9016,-12442,-9015,12329,-9014,-13291,-9013,12187,-9012,12246,-9011,8348,-9007]],"id":"feature_2825"},{"properties":{"depth":13},"type":"Polygon","arcs":[[9593]],"id":"feature_2826"},{"properties":{"depth":13},"type":"Polygon","arcs":[[8349,-9137,-12115,-9136,-12113,-9135]],"id":"feature_2827"},{"properties":{"depth":13},"type":"Polygon","arcs":[[9562]],"id":"feature_2828"},{"properties":{"depth":13},"type":"Polygon","arcs":[[8350]],"id":"feature_2829"},{"properties":{"depth":13},"type":"Polygon","arcs":[[9557]],"id":"feature_2830"},{"properties":{"depth":13},"type":"Polygon","arcs":[[-8352,8351,8352,8353,8354,8355,8356,8357,8358,8359,8360,8361,8362]],"id":"feature_2831"},{"properties":{"depth":13},"type":"Polygon","arcs":[[9584]],"id":"feature_2832"},{"properties":{"depth":13},"type":"Polygon","arcs":[[-11987,-9301]],"id":"feature_2833"},{"properties":{"depth":13},"type":"Polygon","arcs":[[9550]],"id":"feature_2834"},{"properties":{"depth":13},"type":"Polygon","arcs":[[8363,8364]],"id":"feature_2835"},{"properties":{"depth":13},"type":"Polygon","arcs":[[9565]],"id":"feature_2836"},{"properties":{"depth":13},"type":"Polygon","arcs":[[8365]],"id":"feature_2837"},{"properties":{"depth":13},"type":"Polygon","arcs":[[-9435,-9434,-9433,-9432,-9431,-9430,-9429,-9428,8366,8367,8368,8369,8370,8371,8372,-9436]],"id":"feature_2838"},{"properties":{"depth":13},"type":"Polygon","arcs":[[8373,8374,8375,8376]],"id":"feature_2839"},{"properties":{"depth":13},"type":"Polygon","arcs":[[9587]],"id":"feature_2840"},{"properties":{"depth":13},"type":"Polygon","arcs":[[8377,8378,8379,8380,8381,-8998,8382,8383,8384,8385,8386,-9002,8387,8388,8389,8390,8391,8392,8393,8394,8395,8396,8397,8398,8399,8400,8401,8402,8403],[8999],[8998]],"id":"feature_2841"},{"properties":{"depth":13},"type":"Polygon","arcs":[[9548]],"id":"feature_2842"},{"properties":{"depth":13},"type":"Polygon","arcs":[[9563]],"id":"feature_2843"},{"properties":{"depth":13},"type":"Polygon","arcs":[[9659,9660,9661,8404,8405]],"id":"feature_2844"},{"properties":{"depth":13},"type":"Polygon","arcs":[[8406,8407,-9159,8408,8409]],"id":"feature_2845"},{"properties":{"depth":13},"type":"Polygon","arcs":[[8410,-9161]],"id":"feature_2846"},{"properties":{"depth":13},"type":"Polygon","arcs":[[9595]],"id":"feature_2847"},{"properties":{"depth":13},"type":"Polygon","arcs":[[8411,-9162]],"id":"feature_2848"},{"properties":{"depth":13},"type":"Polygon","arcs":[[-11999,-9302]],"id":"feature_2849"},{"properties":{"depth":13},"type":"Polygon","arcs":[[9610],[9209],[9207]],"id":"feature_2850"},{"properties":{"depth":13},"type":"Polygon","arcs":[[9299]],"id":"feature_2851"},{"properties":{"depth":13},"type":"Polygon","arcs":[[9549]],"id":"feature_2852"},{"properties":{"depth":13},"type":"Polygon","arcs":[[8412,8413,8414]],"id":"feature_2853"},{"properties":{"depth":13},"type":"Polygon","arcs":[[8415,8416]],"id":"feature_2854"},{"properties":{"depth":13},"type":"Polygon","arcs":[[8417,-9164]],"id":"feature_2855"},{"properties":{"depth":13},"type":"Polygon","arcs":[[9295]],"id":"feature_2856"},{"properties":{"depth":13},"type":"Polygon","arcs":[[8418,-9166,8419]],"id":"feature_2857"},{"properties":{"depth":13},"type":"Polygon","arcs":[[9289]],"id":"feature_2858"},{"properties":{"depth":13},"type":"Polygon","arcs":[[8928]],"id":"feature_2859"},{"properties":{"depth":13},"type":"Polygon","arcs":[[9297]],"id":"feature_2860"},{"properties":{"depth":13},"type":"Polygon","arcs":[[-9423,8420,8421,8422,8423,8424,8425,8426,8427,8428,8429,8430,8431,-9424],[9208]],"id":"feature_2861"},{"properties":{"depth":13},"type":"Polygon","arcs":[[9293]],"id":"feature_2862"},{"properties":{"depth":13},"type":"Polygon","arcs":[[8931]],"id":"feature_2863"},{"properties":{"depth":13},"type":"Polygon","arcs":[[9302]],"id":"feature_2864"},{"properties":{"depth":13},"type":"Polygon","arcs":[[8432,8433,8434,-9426]],"id":"feature_2865"},{"properties":{"depth":13},"type":"Polygon","arcs":[[-9608,-9607,-9606,-9609]],"id":"feature_2866"},{"properties":{"depth":13},"type":"Polygon","arcs":[[8435,8436,8437,8438,8439,-9421,-9420,-9419,-9418,-9417,-9416,-9415,-9414,9413,-9413],[8440]],"id":"feature_2867"},{"properties":{"depth":13},"type":"Polygon","arcs":[[8441,-9211]],"id":"feature_2868"},{"properties":{"depth":13},"type":"Polygon","arcs":[[8442,-9283],[8443],[8444,8445,-8447,8446,8447,8448,8449]],"id":"feature_2869"},{"properties":{"depth":13},"type":"Polygon","arcs":[[8450]],"id":"feature_2870"},{"properties":{"depth":13},"type":"Polygon","arcs":[[-9548,-9547]],"id":"feature_2871"},{"properties":{"depth":13},"type":"Polygon","arcs":[[-9215,8451]],"id":"feature_2872"},{"properties":{"depth":13},"type":"Polygon","arcs":[[9294]],"id":"feature_2873"},{"properties":{"depth":13},"type":"Polygon","arcs":[[8452]],"id":"feature_2874"},{"properties":{"depth":13},"type":"Polygon","arcs":[[9604]],"id":"feature_2875"},{"properties":{"depth":13},"type":"Polygon","arcs":[[8453,8454,8455,8456,8457,11165,8458,8459,11167,8460,11169,8461,11171,8462,8463,8464,8465,-9125,-9124,-11759,-9123,-11757,-9122,-11164,-9121,8466,11145,8467,11147,8468,-9185,-12847,-9184]],"id":"feature_2876"},{"properties":{"depth":13},"type":"Polygon","arcs":[[8469,-9287]],"id":"feature_2877"},{"properties":{"depth":13},"type":"Polygon","arcs":[[9591]],"id":"feature_2878"},{"properties":{"depth":13},"type":"Polygon","arcs":[[9296]],"id":"feature_2879"},{"properties":{"depth":13},"type":"Polygon","arcs":[[8929]],"id":"feature_2880"},{"properties":{"depth":13},"type":"Polygon","arcs":[[8470,12840,8471,12842,8472,8473,8474,8475,8476,8477,8478,8479,8480,8481,8482,8483,-9180]],"id":"feature_2881"},{"properties":{"depth":13},"type":"Polygon","arcs":[[8930]],"id":"feature_2882"},{"properties":{"depth":13},"type":"Polygon","arcs":[[8484,-9153,8485,-9250,11156,-9249,-11127,-9248,9246,-9246,-9245,9244,-9244,-9243,-11131,-9242,-11129,-9241,-11723,-9240,-11704,-9239,11136,-9238,-11693,-9237],[9119],[9148],[-11140,-9154]],"id":"feature_2883"},{"properties":{"depth":13},"type":"Polygon","arcs":[[8486,8487,8488,8489,-9178,-12836,-9177,8490]],"id":"feature_2884"},{"properties":{"depth":13},"type":"Polygon","arcs":[[8491]],"id":"feature_2885"},{"properties":{"depth":13},"type":"Polygon","arcs":[[8492,8493,8494,-9200,-9199,-11099,-9198,-11097,-9197,8495,-9219,-9218,-9217],[-9218,9217]],"id":"feature_2886"},{"properties":{"depth":13},"type":"Polygon","arcs":[[8496,8497,-9194,-9193,9192,-9192,-12805,-9191,-12803,-9190,8498,-9205,-12772,-9204,-11658,-9203,-9202]],"id":"feature_2887"},{"properties":{"depth":13},"type":"Polygon","arcs":[[-8906,8499,-8902,8500]],"id":"feature_2888"},{"properties":{"depth":13},"type":"Polygon","arcs":[[-9293,-11680,-9292,-12828,-9291]],"id":"feature_2889"},{"properties":{"depth":13},"type":"Polygon","arcs":[[8501,-9196,8502,-9285]],"id":"feature_2890"},{"properties":{"depth":13},"type":"Polygon","arcs":[[-8900,8503]],"id":"feature_2891"},{"properties":{"depth":13},"type":"Polygon","arcs":[[8504,-9229,8505,-9227,8506,-9234,-11112,-9233,-9232,9231,-9231],[8507],[8508],[9149],[8509],[8510,8511,8512,8513],[8514],[8515]],"id":"feature_2892"},{"properties":{"depth":15},"type":"Polygon","arcs":[[-8922,-8921,-8920,8516,-9067,8517,-9004,8518],[9064]],"id":"feature_2893"},{"properties":{"depth":15},"type":"Polygon","arcs":[[8519,-9171]],"id":"feature_2894"},{"properties":{"depth":15},"type":"Polygon","arcs":[[-8646,8520,-8666,8521]],"id":"feature_2895"},{"properties":{"depth":15},"type":"Polygon","arcs":[[9558]],"id":"feature_2896"},{"properties":{"depth":15},"type":"Polygon","arcs":[[8522,-8660]],"id":"feature_2897"},{"properties":{"depth":15},"type":"Polygon","arcs":[[8523,-9225]],"id":"feature_2898"},{"properties":{"depth":15},"type":"Polygon","arcs":[[8524,-8686,8525,-8658]],"id":"feature_2899"},{"properties":{"depth":15},"type":"Polygon","arcs":[[8526,-9513]],"id":"feature_2900"},{"properties":{"depth":15},"type":"Polygon","arcs":[[-9638,-9637,-9636,-9635,-9634,-9639]],"id":"feature_2901"},{"properties":{"depth":15},"type":"Polygon","arcs":[[8527,-9304,8528,-9306,8529,-9223,8530,8531,8532,8533,-9168]],"id":"feature_2902"},{"properties":{"depth":15},"type":"Polygon","arcs":[[8534,-8708]],"id":"feature_2903"},{"properties":{"depth":15},"type":"Polygon","arcs":[[8535,-9511]],"id":"feature_2904"},{"properties":{"depth":15},"type":"Polygon","arcs":[[-9613,8536]],"id":"feature_2905"},{"properties":{"depth":15},"type":"Polygon","arcs":[[8537,-9509]],"id":"feature_2906"},{"properties":{"depth":15},"type":"Polygon","arcs":[[8538,-8706]],"id":"feature_2907"},{"properties":{"depth":15},"type":"Polygon","arcs":[[8539,-8908]],"id":"feature_2908"},{"properties":{"depth":15},"type":"Polygon","arcs":[[8540,-8750]],"id":"feature_2909"},{"properties":{"depth":15},"type":"Polygon","arcs":[[8541,-8910]],"id":"feature_2910"},{"properties":{"depth":15},"type":"Polygon","arcs":[[8542,-8835]],"id":"feature_2911"},{"properties":{"depth":15},"type":"Polygon","arcs":[[8543,-9507]],"id":"feature_2912"},{"properties":{"depth":15},"type":"Polygon","arcs":[[8544,-8952,-8951,8950,-8950,8545,-8973,8546,-8969,8547,-8762,-8761,8760,-8760,-8759,-8758,-8757,-8756]],"id":"feature_2913"},{"properties":{"depth":15},"type":"Polygon","arcs":[[8548,-8912]],"id":"feature_2914"},{"properties":{"depth":15},"type":"Polygon","arcs":[[8935]],"id":"feature_2915"},{"properties":{"depth":15},"type":"Polygon","arcs":[[8549,-8916,-8915,-8914]],"id":"feature_2916"},{"properties":{"depth":15},"type":"Polygon","arcs":[[8550,-8926]],"id":"feature_2917"},{"properties":{"depth":15},"type":"Polygon","arcs":[[8932]],"id":"feature_2918"},{"properties":{"depth":15},"type":"Polygon","arcs":[[8551,-8924]],"id":"feature_2919"},{"properties":{"depth":15},"type":"Polygon","arcs":[[9568]],"id":"feature_2920"},{"properties":{"depth":15},"type":"Polygon","arcs":[[8552,-9497,-9496,-9495]],"id":"feature_2921"},{"properties":{"depth":15},"type":"Polygon","arcs":[[8553,-8918]],"id":"feature_2922"},{"properties":{"depth":15},"type":"Polygon","arcs":[[9551]],"id":"feature_2923"},{"properties":{"depth":15},"type":"Polygon","arcs":[[-8946,-8945,-8944,-8943,-8942,-8941,-8940,-8939,-8947]],"id":"feature_2924"},{"properties":{"depth":15},"type":"Polygon","arcs":[[9582]],"id":"feature_2925"},{"properties":{"depth":15},"type":"Polygon","arcs":[[-9576,-9575,-9574,-9577]],"id":"feature_2926"},{"properties":{"depth":15},"type":"Polygon","arcs":[[8554,-9505,8555,-9499]],"id":"feature_2927"},{"properties":{"depth":15},"type":"Polygon","arcs":[[-9600,-9601]],"id":"feature_2928"},{"properties":{"depth":15},"type":"Polygon","arcs":[[9601]],"id":"feature_2929"},{"properties":{"depth":15},"type":"Polygon","arcs":[[9570]],"id":"feature_2930"},{"properties":{"depth":15},"type":"Polygon","arcs":[[-8937,-8938]],"id":"feature_2931"},{"properties":{"depth":15},"type":"Polygon","arcs":[[-9555,-9556]],"id":"feature_2932"},{"properties":{"depth":15},"type":"Polygon","arcs":[[-8934,-8935]],"id":"feature_2933"},{"properties":{"depth":15},"type":"Polygon","arcs":[[9590]],"id":"feature_2934"},{"properties":{"depth":15},"type":"Polygon","arcs":[[-9553,-9554]],"id":"feature_2935"},{"properties":{"depth":15},"type":"Polygon","arcs":[[-9598,-9599]],"id":"feature_2936"},{"properties":{"depth":15},"type":"Polygon","arcs":[[-9567,-9568]],"id":"feature_2937"},{"properties":{"depth":12},"type":"Polygon","arcs":[[-8616,-8615,8614,-8614,8556,-8611,8557,-8608,-8607,-8623,8558,8559,8560,8561,8609,8562,8563,8564,8565,8566,8567,8568,8569,8570,8571,8572,8573,8574,8575,8576,8577,8578,8579,8580,8581,8582,8583,8584]],"id":"feature_2938"},{"properties":{"depth":12},"type":"Polygon","arcs":[[-8606,-8605,-8604,8585,8586,8587,8588,8589,8590,8591,8626,-8626,8625,-8625]],"id":"feature_2939"},{"properties":{"depth":13},"type":"Polygon","arcs":[[-9484,-9483,-9482,-9481,-9480,-9479,-9478,-9477,-9476,-9475,-9474,-9473,-9472,9471,8592,-9469,-9468,-9467,9466,-9466,8593,8594,8595,8596,8597,8598,9473,8599,8600,8601,8602,8603,8604,8605,-8624,8606,8607,8608,8609,8610,8611,8612,8613,-8615,8614,8615,8616,8617,8618,-8620,8619,8620,8621]],"id":"feature_2940"},{"properties":{"depth":11},"type":"Polygon","arcs":[[8622,8623,8624,-8626,8625,-8627,8626,8627],[8628]],"id":"feature_2941"},{"properties":{"depth":15},"type":"Polygon","arcs":[[-9540,-9539,-9538,-9537,-9536,-9535,-9534,-9533,-9532,-9531,-9530,-9529,-9528,-9527,-9526,-9525,-9524,-9523,-9522,-9521,-9520,-9519,8629,8630,8631,-9115,-9114,-9113,-9112,-9111,-9110,-9109,-9108,-9107,-9106,-9105,-9104,8632,8633,-9100,-9099,-9098,8634,-9092,-9091,-9090,-9089,-9088,-9087,-9086,-9085,-9084,-9083,8635,-9069,-9072,-9071,8636,8637,8638,8639,-9082,-9081,-9080,-9079,-9078,-9077,-9076,-9075,8640,8641,8642,8643,-9409,-9408,-9407,-9406,-9545,-9544,-9543,-9542,-9541],[9067]],"id":"feature_2942"},{"properties":{"depth":14},"type":"Polygon","arcs":[[8644,8645,8646]],"id":"feature_2943"},{"properties":{"depth":14},"type":"Polygon","arcs":[[8647]],"id":"feature_2944"},{"properties":{"depth":14},"type":"Polygon","arcs":[[8648,8649,8650,-8652,8651,8652,-8654,8653,8654,8655,8656,8657,8658,8659,8660,8661,8662,8663,8664,8665]],"id":"feature_2945"},{"properties":{"depth":14},"type":"Polygon","arcs":[[-11749,8666,8667,12954,12955,8668,-11734,8669,11731,8670]],"id":"feature_2946"},{"properties":{"depth":14},"type":"Polygon","arcs":[[8671,8672,8673,8674]],"id":"feature_2947"},{"properties":{"depth":14},"type":"Polygon","arcs":[[8675,8676,8677,8678,8679,8680],[8681]],"id":"feature_2948"},{"properties":{"depth":14},"type":"Polygon","arcs":[[-12142,8682,12143,8683]],"id":"feature_2949"},{"properties":{"depth":14},"type":"Polygon","arcs":[[8684,8685]],"id":"feature_2950"},{"properties":{"depth":14},"type":"Polygon","arcs":[[8686]],"id":"feature_2951"},{"properties":{"depth":14},"type":"Polygon","arcs":[[11932,8687,-12908,8688,-12906,8689,11924,8690,11926,8691,12139,8692,-11291,-11929,8693,11930,8694,-11884,8695,-11935,8696,11268,8697]],"id":"feature_2952"},{"properties":{"depth":14},"type":"Polygon","arcs":[[8698,-8700,8699,8700,8701,8702,8703,8704,8705,8706,8707,8708]],"id":"feature_2953"},{"properties":{"depth":14},"type":"Polygon","arcs":[[8709,8710,8711,8712,8713,8714,8715,8716,8717,8718,8719,8720,8721,8722,8723,8724]],"id":"feature_2954"},{"properties":{"depth":14},"type":"Polygon","arcs":[[8725,8726]],"id":"feature_2955"},{"properties":{"depth":14},"type":"Polygon","arcs":[[8727,8728,8729,8730,8731,8732,8733,8734,8735,8736]],"id":"feature_2956"},{"properties":{"depth":14},"type":"Polygon","arcs":[[12151,8737,12154,8738]],"id":"feature_2957"},{"properties":{"depth":14},"type":"Polygon","arcs":[[8739,8740,8741,8742]],"id":"feature_2958"},{"properties":{"depth":14},"type":"Polygon","arcs":[[12157,8743,12109,8744,-12122,8745,8746]],"id":"feature_2959"},{"properties":{"depth":14},"type":"Polygon","arcs":[[8747,8748,8749,8750]],"id":"feature_2960"},{"properties":{"depth":14},"type":"Polygon","arcs":[[8751]],"id":"feature_2961"},{"properties":{"depth":14},"type":"Polygon","arcs":[[8752,8753,8754,8755,8756,8757,8758,8759,-8761,8760,8761,8762,8763,8764,8765,8766,8767,8768,8769,8770,8771,8772,8773,8774,8775,8776,8777,8778,8779,8780,8781,8782,8783,8784,8785,8786,8787,8788,8789,8790,8791,8792,8793]],"id":"feature_2962"},{"properties":{"depth":14},"type":"Polygon","arcs":[[8794,11944,8795,8796,8797,8798,8799,13173,8800,-13168,8801,-11408,8802,-13281,8803,13275,8804,12213,8805,-13172,8806]],"id":"feature_2963"},{"properties":{"depth":14},"type":"Polygon","arcs":[[8807,8808]],"id":"feature_2964"},{"properties":{"depth":14},"type":"Polygon","arcs":[[12306,8809,12310,12311,8810,12313,8811,12316,8812,12322,8813,12320,8814,12318,8815]],"id":"feature_2965"},{"properties":{"depth":14},"type":"Polygon","arcs":[[8816,8817]],"id":"feature_2966"},{"properties":{"depth":14},"type":"Polygon","arcs":[[-12357,8818,13186,8819,12361,8820,12070,8821,12364,13181,8822,13184,8823,12368,8824,-12373,8825,-12377,8826,-12375,8827]],"id":"feature_2967"},{"properties":{"depth":14},"type":"Polygon","arcs":[[8828,8829,8830,8831,8832,8833,8834,8835]],"id":"feature_2968"},{"properties":{"depth":14},"type":"Polygon","arcs":[[8836]],"id":"feature_2969"},{"properties":{"depth":14},"type":"Polygon","arcs":[[8837,8838,8839]],"id":"feature_2970"},{"properties":{"depth":14},"type":"Polygon","arcs":[[8840]],"id":"feature_2971"},{"properties":{"depth":14},"type":"Polygon","arcs":[[-9394,8841,8842,-9402,-9400,-9387,8843,-9385,-9384,-9383,-9376,8844,-9369,8845,8846,8847,8848,8849,8850,8851,8852,8853,-8855,8854,8855,8856,8857,8858,8859,8860,8861,8862,-8864,8863,8864,8865,8866,8867,-9359,-9358,9357,-9357,-9356,8868,8869,8870,8871,8872,8873,8874,8875,8876,8877,8878,8879,8880,8881,8882,8883,8884,8885,8886,8887,8888,8889,8890,8891,8892,8893,8894,8895,8896,8897,8898,8899,8900,8901,8902,8903,8904,8905,8906,8907,8908,8909,8910,8911,8912,8913,8914,8915,8916,8917,8918,8919,8920,8921,8922,8923,8924,8925,8926,8927],[8928],[8929],[8930],[8931],[8932],[8933,8934],[8935],[8936,8937],[8938,8939,8940,8941,8942,8943,8944,8945,8946]],"id":"feature_2972"},{"properties":{"depth":14},"type":"Polygon","arcs":[[8947]],"id":"feature_2973"},{"properties":{"depth":14},"type":"Polygon","arcs":[[8948,8949,-8951,8950,8951]],"id":"feature_2974"},{"properties":{"depth":14},"type":"Polygon","arcs":[[8952,8953,8954,8955,8956,8957,8958,8959]],"id":"feature_2975"},{"properties":{"depth":14},"type":"Polygon","arcs":[[8960,8961,8962,8963]],"id":"feature_2976"},{"properties":{"depth":14},"type":"Polygon","arcs":[[8964,8965,8966,8967,8968]],"id":"feature_2977"},{"properties":{"depth":14},"type":"Polygon","arcs":[[8969,8970,8971,8972,8973]],"id":"feature_2978"},{"properties":{"depth":14},"type":"Polygon","arcs":[[-13597,8974,12677,8975]],"id":"feature_2979"},{"properties":{"depth":14},"type":"Polygon","arcs":[[8976,8977,8978,8979,8980,8981,8982,8983,8984,8985,8986,8987,8988,8989]],"id":"feature_2980"},{"properties":{"depth":14},"type":"Polygon","arcs":[[8990,8991,8992,8993,8994,8995,8996,8997]],"id":"feature_2981"},{"properties":{"depth":14},"type":"Polygon","arcs":[[8998]],"id":"feature_2982"},{"properties":{"depth":14},"type":"Polygon","arcs":[[8999]],"id":"feature_2983"},{"properties":{"depth":14},"type":"Polygon","arcs":[[9000,9001]],"id":"feature_2984"},{"properties":{"depth":14},"type":"Polygon","arcs":[[9002,9003]],"id":"feature_2985"},{"properties":{"depth":14},"type":"Polygon","arcs":[[13693,9004,13695,9005,9006,9007,9008,9009,9010,-12247,9011,-12188,9012,13290,9013,-12330,9014,12441,9015,9016,9017,-12406,9018,9019,9020,9021,9022,9023,9024,9025,13532,9026,13731,13533,9027,12619,9028,13539,9029,12515,9030,11442,9031,11444,9032,9033,13403,9034,9035,-13467,9036,-13465,9037,13755,9038,-12560,9039,9040,13590,9041,9042,11488,9043,9044,13555,9045,9046,9047,13440,9048,13371,9049,13374,9050,12485,9051,12487,9052,12489,9053],[9054],[9055],[9056],[12225,9057],[9058,13511,9059,9060],[9061],[9062],[9063]],"id":"feature_2986"},{"properties":{"depth":14},"type":"Polygon","arcs":[[9064]],"id":"feature_2987"},{"properties":{"depth":14},"type":"Polygon","arcs":[[9065,9066]],"id":"feature_2988"},{"properties":{"depth":14},"type":"Polygon","arcs":[[9067]],"id":"feature_2989"},{"properties":{"depth":14},"type":"Polygon","arcs":[[9068,9069,9070,9071]],"id":"feature_2990"},{"properties":{"depth":14},"type":"Polygon","arcs":[[9072,9073,9074,9075,9076,9077,9078,9079,9080,9081]],"id":"feature_2991"},{"properties":{"depth":14},"type":"Polygon","arcs":[[9082,9083,9084,9085,9086,9087,9088,9089,9090,9091,9092,9093,9094,9095]],"id":"feature_2992"},{"properties":{"depth":14},"type":"Polygon","arcs":[[9096,9097,9098,9099]],"id":"feature_2993"},{"properties":{"depth":14},"type":"Polygon","arcs":[[9100,9101,9102,9103,9104,9105,9106,9107,9108,9109,9110,9111,9112,9113,9114]],"id":"feature_2994"},{"properties":{"depth":14},"type":"Polygon","arcs":[[9115,9116,9117,9118]],"id":"feature_2995"},{"properties":{"depth":14},"type":"Polygon","arcs":[[9119]],"id":"feature_2996"},{"properties":{"depth":14},"type":"Polygon","arcs":[[9120,11163,9121,11756,9122,11758,9123,9124,9125,-11212,9126,9127,11214,9128,-11256,9129,11284,9130,11280,9131,13057,9132,13059,9133,9134,12112,9135,12114,9136,9137,9138,9139,11887,9140,11210,9141,11851,9142,11853,9143,11855,9144,11802,9145,11762,9146],[9147]],"id":"feature_2997"},{"properties":{"depth":14},"type":"Polygon","arcs":[[9148]],"id":"feature_2998"},{"properties":{"depth":14},"type":"Polygon","arcs":[[9149]],"id":"feature_2999"},{"properties":{"depth":14},"type":"Polygon","arcs":[[9150,11714,9151,9152]],"id":"feature_3000"},{"properties":{"depth":14},"type":"Polygon","arcs":[[11139,9153]],"id":"feature_3001"},{"properties":{"depth":14},"type":"Polygon","arcs":[[9154,9155,9156,9157,9158,9159,9160,9161,9162,9163,9164,9165,9166,9167,9168,9169,9170,9171,9172],[9173]],"id":"feature_3002"},{"properties":{"depth":14},"type":"Polygon","arcs":[[9174]],"id":"feature_3003"},{"properties":{"depth":14},"type":"Polygon","arcs":[[9175,9176,12835,9177,12837,9178,9179,9180,9181,9182,9183,12846,9184,9185,9186,12857,9187,12859,9188,9189,12802,9190,12804,9191,-9193,9192,9193]],"id":"feature_3004"},{"properties":{"depth":14},"type":"Polygon","arcs":[[9194,9195]],"id":"feature_3005"},{"properties":{"depth":14},"type":"Polygon","arcs":[[9196,11096,9197,11098,9198,9199,9200,9201,9202,11657,9203,12771,9204,9205,9206]],"id":"feature_3006"},{"properties":{"depth":14},"type":"Polygon","arcs":[[9207]],"id":"feature_3007"},{"properties":{"depth":14},"type":"Polygon","arcs":[[9208]],"id":"feature_3008"},{"properties":{"depth":14},"type":"Polygon","arcs":[[9209]],"id":"feature_3009"},{"properties":{"depth":14},"type":"Polygon","arcs":[[9210,9211,9212,9213,9214,9215,9216,9217,9218,9219,11076,9220,11078,9221,9222,9223,9224,9225]],"id":"feature_3010"},{"properties":{"depth":14},"type":"Polygon","arcs":[[9226,9227,9228,9229,9230,-9232,9231,9232,11111,9233,9234,12819,9235,9236,11692,9237,-11137,9238,11703,9239,11722,9240,11128,9241,11130,9242,9243,-9245,9244,9245,9246,9247,11126,9248,-11157,9249,9250,11860,9251,11862,9252,11864,9253,11866,9254,12929,9255,11968,9256,12169,9257,11240,9258,12044,9259,13030,9260,13032,9261,13034,9262,-11509,9263,-13602,9264,13547,9265,9266,9267,9268,9269,9270,9271,12604,9272,12606,9273,12608,9274,9275,13484,9276,9277,9278,9279,9280,12049,9281,9282,9283,9284,9285,9286,9287],[13558,12632,9288],[9289],[9290,12827,9291,11679,9292],[9293],[9294],[9295],[9296],[9297],[9298],[9299],[11986,9300],[11998,9301],[9302]],"id":"feature_3011"},{"properties":{"depth":14},"type":"Polygon","arcs":[[9303,9304]],"id":"feature_3012"},{"properties":{"depth":14},"type":"Polygon","arcs":[[9305,9306]],"id":"feature_3013"},{"properties":{"depth":11},"type":"Polygon","arcs":[[-9362,-9361,9307,9308,9309,9310,9311,9312,9313,9314,9315,9316,9317,9318,9319,9320,9321,9322,9323]],"id":"feature_3014"},{"properties":{"depth":11},"type":"Polygon","arcs":[[-9364,9324,9325,9326,9327,9328,9329,9330,9331,9332,9333,9334,9335,9336,9337,9338,9339,9340,9341,9342,9343,9344,-9354,9345,-9352,9346,-9350,9347]],"id":"feature_3015"},{"properties":{"depth":13},"type":"Polygon","arcs":[[9348,9349,9350,9351,9352,9353,9354,9355,9356,-9358,9357,9358,9359,9360,9361,9362,9363]],"id":"feature_3016"},{"properties":{"depth":11},"type":"Polygon","arcs":[[9376,-9377]],"id":"feature_3017"},{"properties":{"depth":11},"type":"Polygon","arcs":[[9364,9365,9366,9367,9368,9369,-9374,9370,9371]],"id":"feature_3018"},{"properties":{"depth":12},"type":"Polygon","arcs":[[9372,9373,9374,9375,-9382,9376,9377,9378],[9379]],"id":"feature_3019"},{"properties":{"depth":11},"type":"Polygon","arcs":[[9380,9381,9382,9383,-9384,-9389]],"id":"feature_3020"},{"properties":{"depth":12},"type":"Polygon","arcs":[[9383,9384,9385,9386,-9399,9387,-9397,9388]],"id":"feature_3021"},{"properties":{"depth":11},"type":"Polygon","arcs":[[9389,9390,9391,-9405,9392,9393,9394]],"id":"feature_3022"},{"properties":{"depth":11},"type":"Polygon","arcs":[[9395,9396,9397,9398,9399,-9401]],"id":"feature_3023"},{"properties":{"depth":12},"type":"Polygon","arcs":[[9400,9401,9402,9403,9404]],"id":"feature_3024"},{"properties":{"depth":14},"type":"Polygon","arcs":[[9405,9406,9407,9408,9409,9410,9411,9412,-9414,9413,9414,9415,9416,9417,9418,9419,9420,9421,9422,9423,9424,9425,9426,9427,9428,9429,9430,9431,9432,9433,9434,9435,9436,9437,-9439,9438,9439,9440,9441,9442,9443,9444,9445,9446,9447,9448,9449,9450,9451,9452,9453,9454,9455,9456,9457,9458,9459,9460,9461,9462,9463,9464,9465,-9467,9466,9467,9468,9469,9470,-9472,9471,9472,9473,9474,9475,9476,9477,9478,9479,9480,9481,9482,9483,9484,9485,9486,9487,9488,9489,9490,9491,9492,9493,9494,9495,9496,9497,9498,9499,9500,9501,9502,9503,9504,9505,9506,9507,9508,9509,9510,9511,9512,9513,9514,9515,9516,9517,9518,9519,9520,9521,9522,9523,9524,9525,9526,9527,9528,9529,9530,9531,9532,9533,9534,9535,9536,9537,9538,9539,9540,9541,9542,9543,9544],[9545],[9546,9547],[9548],[9549],[9550],[9551],[9552,9553],[9554,9555],[9556],[9557],[9558],[9559],[9560],[9561],[9562],[9563],[9564],[9565],[9566,9567],[9568],[9569],[9570],[9571],[9572],[9573,9574,9575,9576],[9577],[9578,9579,9580,9581],[9582],[9583],[9584],[9585],[9586],[9587],[9588,9589],[9590],[9591],[9592],[9593],[9594],[9595],[9596],[9597,9598],[9599,9600],[9601],[9602,9603],[9604],[9605,9606,9607,9608],[9609],[9610]],"id":"feature_3025"},{"properties":{"depth":14},"type":"Polygon","arcs":[[9611,9612,9613,9614,9615,9616,9617,9618,9619,9620,9621,9622,9623,9624,9625,9626,9627,9628,9629,9630,9631,9632],[9633,9634,9635,9636,9637,9638]],"id":"feature_3026"},{"properties":{"depth":13},"type":"Polygon","arcs":[[9639,-9645,9640]],"id":"feature_3027"},{"properties":{"depth":13},"type":"Polygon","arcs":[[9646,9641]],"id":"feature_3028"},{"properties":{"depth":13},"type":"Polygon","arcs":[[9648,-9649]],"id":"feature_3029"},{"properties":{"depth":13},"type":"Polygon","arcs":[[9650,-9651]],"id":"feature_3030"},{"properties":{"depth":13},"type":"Polygon","arcs":[[9642,-9643]],"id":"feature_3031"},{"properties":{"depth":11},"type":"Polygon","arcs":[[9643,9644,9645,9646,9647,9648,9649,9650,9651,9652,-9653,-13121,9653,-13119,-13118,9654,-13116,9655,-12201,9656,11307,9657,-12009,-12008,9658,9659,9660,9661,9662,9663]],"id":"feature_3032"},{"properties":{"depth":13},"type":"Polygon","arcs":[[9664]],"id":"feature_3033"},{"properties":{"depth":11},"type":"Polygon","arcs":[[-10177,9665,-9810],[9666],[10028]],"id":"feature_3034"},{"properties":{"depth":11},"type":"Polygon","arcs":[[9667,-10203,-9820,-9819,9818,-9818,-10196,-9817,-10194,-9816,9668,-9825]],"id":"feature_3035"},{"properties":{"depth":11},"type":"Polygon","arcs":[[-9823,-9672,9669]],"id":"feature_3036"},{"properties":{"depth":11},"type":"Polygon","arcs":[[-9822,9670,9671]],"id":"feature_3037"},{"properties":{"depth":11},"type":"Polygon","arcs":[[9672,-9837]],"id":"feature_3038"},{"properties":{"depth":11},"type":"Polygon","arcs":[[-9832,-10211,-9831,-10209,9673]],"id":"feature_3039"},{"properties":{"depth":11},"type":"Polygon","arcs":[[-9842,10239,10224,10245,-9841,9674],[-10246,10245]],"id":"feature_3040"},{"properties":{"depth":11},"type":"Polygon","arcs":[[-9829,9675]],"id":"feature_3041"},{"properties":{"depth":11},"type":"Polygon","arcs":[[-9828,9676,-9850,9677]],"id":"feature_3042"},{"properties":{"depth":11},"type":"Polygon","arcs":[[10224,-10225]],"id":"feature_3043"},{"properties":{"depth":11},"type":"Polygon","arcs":[[9678,-9834]],"id":"feature_3044"},{"properties":{"depth":11},"type":"Polygon","arcs":[[9852,-10220,9679,-10217,-9851,-10215,9680]],"id":"feature_3045"},{"properties":{"depth":11},"type":"Polygon","arcs":[[9681,-10905,-9857,9682,-9848]],"id":"feature_3046"},{"properties":{"depth":11},"type":"Polygon","arcs":[[9683,10236,-9865,-10235,-9864,-10233,-9863,10242,-9862,9684]],"id":"feature_3047"},{"properties":{"depth":11},"type":"Polygon","arcs":[[9685,-9859]],"id":"feature_3048"},{"properties":{"depth":11},"type":"Polygon","arcs":[[9686,-9869,-10245,-10657,-10242,-9861]],"id":"feature_3049"},{"properties":{"depth":11},"type":"Polygon","arcs":[[-9845,-10287,-9844,9687,9688]],"id":"feature_3050"},{"properties":{"depth":11},"type":"Polygon","arcs":[[-10229,9689,-10227,-10911,9690]],"id":"feature_3051"},{"properties":{"depth":11},"type":"Polygon","arcs":[[9691,-10249,-9873,-9871]],"id":"feature_3052"},{"properties":{"depth":11},"type":"Polygon","arcs":[[-9884,-10265,-9881,-10263,9692]],"id":"feature_3053"},{"properties":{"depth":11},"type":"Polygon","arcs":[[-9891,9693]],"id":"feature_3054"},{"properties":{"depth":11},"type":"Polygon","arcs":[[-9877,9694,-9855,9695,-9895,-10344,-9894,-10342,-9893,9696]],"id":"feature_3055"},{"properties":{"depth":11},"type":"Polygon","arcs":[[-9900,9697]],"id":"feature_3056"},{"properties":{"depth":11},"type":"Polygon","arcs":[[-9905,-10318,-9886,-10315,-9883,9698]],"id":"feature_3057"},{"properties":{"depth":11},"type":"Polygon","arcs":[[-9902,9699]],"id":"feature_3058"},{"properties":{"depth":11},"type":"Polygon","arcs":[[-9911,9700]],"id":"feature_3059"},{"properties":{"depth":11},"type":"Polygon","arcs":[[-10705,-10929,-10721,9701]],"id":"feature_3060"},{"properties":{"depth":11},"type":"Polygon","arcs":[[-9918,9702]],"id":"feature_3061"},{"properties":{"depth":11},"type":"Polygon","arcs":[[-10308,-9947,9703,-10719]],"id":"feature_3062"},{"properties":{"depth":11},"type":"Polygon","arcs":[[-9955,-10301,-9954,9704,-10303]],"id":"feature_3063"},{"properties":{"depth":11},"type":"Polygon","arcs":[[-9907,9705]],"id":"feature_3064"},{"properties":{"depth":11},"type":"Polygon","arcs":[[9706]],"id":"feature_3065"},{"properties":{"depth":11},"type":"Polygon","arcs":[[-9909,-10701,-9904,9707]],"id":"feature_3066"},{"properties":{"depth":11},"type":"Polygon","arcs":[[-9945,-10716,-10715,-10927,9708]],"id":"feature_3067"},{"properties":{"depth":11},"type":"Polygon","arcs":[[-9914,9709]],"id":"feature_3068"},{"properties":{"depth":11},"type":"Polygon","arcs":[[-10336,9960,9710,-9963,-10331,-9962,-10329,-9961,10335]],"id":"feature_3069"},{"properties":{"depth":11},"type":"Polygon","arcs":[[-9924,-9923,9711]],"id":"feature_3070"},{"properties":{"depth":11},"type":"Polygon","arcs":[[-10353,-9968,9712,-9969]],"id":"feature_3071"},{"properties":{"depth":11},"type":"Polygon","arcs":[[-9921,9713]],"id":"feature_3072"},{"properties":{"depth":11},"type":"Polygon","arcs":[[-9982,9714]],"id":"feature_3073"},{"properties":{"depth":11},"type":"Polygon","arcs":[[-9986,9715]],"id":"feature_3074"},{"properties":{"depth":11},"type":"Polygon","arcs":[[10777,-9990,9716]],"id":"feature_3075"},{"properties":{"depth":11},"type":"Polygon","arcs":[[9717,-9980,-10189,-9979]],"id":"feature_3076"},{"properties":{"depth":11},"type":"Polygon","arcs":[[9718,-9928]],"id":"feature_3077"},{"properties":{"depth":11},"type":"Polygon","arcs":[[-9993,9719]],"id":"feature_3078"},{"properties":{"depth":11},"type":"Polygon","arcs":[[-9932,-10433,9720]],"id":"feature_3079"},{"properties":{"depth":11},"type":"Polygon","arcs":[[9721,-9977]],"id":"feature_3080"},{"properties":{"depth":11},"type":"Polygon","arcs":[[-9938,-10364,-9937,10377,-9936,-10361,9722,-10359,-9920,-10712,10711,9723]],"id":"feature_3081"},{"properties":{"depth":11},"type":"Polygon","arcs":[[-10382,-9995,9724]],"id":"feature_3082"},{"properties":{"depth":11},"type":"Polygon","arcs":[[-9948,9725]],"id":"feature_3083"},{"properties":{"depth":11},"type":"Polygon","arcs":[[-10183,-10007,9726]],"id":"feature_3084"},{"properties":{"depth":11},"type":"Polygon","arcs":[[-9942,-10430,-9941,9727]],"id":"feature_3085"},{"properties":{"depth":11},"type":"Polygon","arcs":[[9728,-10009]],"id":"feature_3086"},{"properties":{"depth":11},"type":"Polygon","arcs":[[9729,-9950]],"id":"feature_3087"},{"properties":{"depth":11},"type":"Polygon","arcs":[[9730,-10005]],"id":"feature_3088"},{"properties":{"depth":11},"type":"Polygon","arcs":[[-10371,-9960,-10369,-9957,-9952,9731]],"id":"feature_3089"},{"properties":{"depth":11},"type":"Polygon","arcs":[[-10003,-10181,-10016,9732]],"id":"feature_3090"},{"properties":{"depth":11},"type":"Polygon","arcs":[[-10522,-9966,-10373,9733]],"id":"feature_3091"},{"properties":{"depth":11},"type":"Polygon","arcs":[[-10179,-9813,9734,-10014]],"id":"feature_3092"},{"properties":{"depth":11},"type":"Polygon","arcs":[[-9971,9735]],"id":"feature_3093"},{"properties":{"depth":11},"type":"Polygon","arcs":[[-9812,9736]],"id":"feature_3094"},{"properties":{"depth":11},"type":"Polygon","arcs":[[-9984,-10002,-10001,10000,-10000,-10470,-9999,-10008,9737]],"id":"feature_3095"},{"properties":{"depth":11},"type":"Polygon","arcs":[[-10018,9738,-10020,9739]],"id":"feature_3096"},{"properties":{"depth":11},"type":"Polygon","arcs":[[-10025,9740,-10027,10789,9741]],"id":"feature_3097"},{"properties":{"depth":11},"type":"Polygon","arcs":[[11053,-11054]],"id":"feature_3098"},{"properties":{"depth":11},"type":"Polygon","arcs":[[9742]],"id":"feature_3099"},{"properties":{"depth":11},"type":"Polygon","arcs":[[9743,9744,9745,9746,9747,10054,9748,-10446,9749,-10078,-10046,10445,-10045,-10044,-10427,-10043,-10425,9750,-10423,-10041,-10421,-10040,-10419,-10039,-10417,9751,-10415,-10037,-10413,-10036,-10411,-10035,-10409,-10034,-10407,-10033,-10405,9752,-10403,-10031]],"id":"feature_3100"},{"properties":{"depth":11},"type":"Polygon","arcs":[[-10073,9753]],"id":"feature_3101"},{"properties":{"depth":11},"type":"Polygon","arcs":[[-10792,9754]],"id":"feature_3102"},{"properties":{"depth":11},"type":"Polygon","arcs":[[-10052,-10056,9755]],"id":"feature_3103"},{"properties":{"depth":11},"type":"Polygon","arcs":[[-10458,9756,-10612]],"id":"feature_3104"},{"properties":{"depth":11},"type":"Polygon","arcs":[[9757,-10061]],"id":"feature_3105"},{"properties":{"depth":11},"type":"Polygon","arcs":[[-10081,-10080,-10086,9758]],"id":"feature_3106"},{"properties":{"depth":11},"type":"Polygon","arcs":[[-10996,-10076,-10075,-10077,-10528,-10809,9759]],"id":"feature_3107"},{"properties":{"depth":11},"type":"Polygon","arcs":[[-10088,9760,-10474]],"id":"feature_3108"},{"properties":{"depth":11},"type":"Polygon","arcs":[[-10098,9761,-10095,-10489,9762,-10466,-10093,-10464,-10083,9763]],"id":"feature_3109"},{"properties":{"depth":11},"type":"Polygon","arcs":[[-10115,9764]],"id":"feature_3110"},{"properties":{"depth":11},"type":"Polygon","arcs":[[-10843,-10090,9765]],"id":"feature_3111"},{"properties":{"depth":11},"type":"Polygon","arcs":[[-10839,9766,-10091]],"id":"feature_3112"},{"properties":{"depth":11},"type":"Polygon","arcs":[[9767,-9768]],"id":"feature_3113"},{"properties":{"depth":11},"type":"Polygon","arcs":[[9768]],"id":"feature_3114"},{"properties":{"depth":11},"type":"Polygon","arcs":[[10852,9769,-10531,-10499,-10118,-10117,-10105,-10493,-10108,9770]],"id":"feature_3115"},{"properties":{"depth":11},"type":"Polygon","arcs":[[9771,9772,9773,-10066,-10065,-10064,-10063]],"id":"feature_3116"},{"properties":{"depth":11},"type":"Polygon","arcs":[[-10120,9774]],"id":"feature_3117"},{"properties":{"depth":11},"type":"Polygon","arcs":[[-10069,-10068,9775]],"id":"feature_3118"},{"properties":{"depth":11},"type":"Polygon","arcs":[[-10071,9776]],"id":"feature_3119"},{"properties":{"depth":11},"type":"Polygon","arcs":[[9777,-10113]],"id":"feature_3120"},{"properties":{"depth":11},"type":"Polygon","arcs":[[-10890,-10534,-10136,9778]],"id":"feature_3121"},{"properties":{"depth":11},"type":"Polygon","arcs":[[10566,-10567]],"id":"feature_3122"},{"properties":{"depth":11},"type":"Polygon","arcs":[[9779,-10506,-10142,-10504,-10141,-10502,-10140]],"id":"feature_3123"},{"properties":{"depth":11},"type":"Polygon","arcs":[[-10133,-10542,-10132,9780]],"id":"feature_3124"},{"properties":{"depth":11},"type":"Polygon","arcs":[[10883,-10150,-10559,-10149,-10881,-10148,-10147,-10553,-10146,-11016,9781,9782,9783,10555,9784,10557,9785]],"id":"feature_3125"},{"properties":{"depth":11},"type":"Polygon","arcs":[[10103]],"id":"feature_3126"},{"properties":{"depth":11},"type":"Polygon","arcs":[[9786,9787,-10538,-10154,-10536,-10153]],"id":"feature_3127"},{"properties":{"depth":11},"type":"Polygon","arcs":[[-10508,9788,-10510,-10159]],"id":"feature_3128"},{"properties":{"depth":11},"type":"Polygon","arcs":[[-10111,9789]],"id":"feature_3129"},{"properties":{"depth":11},"type":"Polygon","arcs":[[-10565,-10163,-10563,-10162,-10575,-10161,-10573,-10175,9790,9791]],"id":"feature_3130"},{"properties":{"depth":11},"type":"Polygon","arcs":[[9792,10101]],"id":"feature_3131"},{"properties":{"depth":11},"type":"Polygon","arcs":[[-10173,-10861,-10172,9793,10860,9794]],"id":"feature_3132"},{"properties":{"depth":11},"type":"Polygon","arcs":[[9795,9796,10165,10586,10166,10588,9797,10168,10169]],"id":"feature_3133"},{"properties":{"depth":11},"type":"Polygon","arcs":[[9798,9799,10159,10583]],"id":"feature_3134"},{"properties":{"depth":11},"type":"Polygon","arcs":[[-10109,-10603,9800]],"id":"feature_3135"},{"properties":{"depth":11},"type":"Polygon","arcs":[[9801,9802,-10158,-10579,-10157]],"id":"feature_3136"},{"properties":{"depth":11},"type":"Polygon","arcs":[[-10103,9803]],"id":"feature_3137"},{"properties":{"depth":11},"type":"Polygon","arcs":[[-10144,-10513,-10152,9804]],"id":"feature_3138"},{"properties":{"depth":11},"type":"Polygon","arcs":[[-10122,9805]],"id":"feature_3139"},{"properties":{"depth":11},"type":"Polygon","arcs":[[-10127,9806,9807]],"id":"feature_3140"},{"properties":{"depth":11},"type":"Polygon","arcs":[[9808,-10599,-10138]],"id":"feature_3141"},{"properties":{"depth":11},"type":"Polygon","arcs":[[10514,-10515]],"id":"feature_3142"},{"properties":{"depth":12},"type":"Polygon","arcs":[[9809,9810,9811,9812,-10178]],"id":"feature_3143"},{"properties":{"depth":12},"type":"Polygon","arcs":[[9813,-10201,-10628,-10197,-10196,-10195,-10194,-10193,9814,9815,10193,9816,10195,9817,-9819,9818,9819]],"id":"feature_3144"},{"properties":{"depth":12},"type":"Polygon","arcs":[[-10200,9820,9821,9822,9823,-10631]],"id":"feature_3145"},{"properties":{"depth":12},"type":"Polygon","arcs":[[9824,9825]],"id":"feature_3146"},{"properties":{"depth":12},"type":"Polygon","arcs":[[-10206,9826,9827,9828,9829]],"id":"feature_3147"},{"properties":{"depth":12},"type":"Polygon","arcs":[[9830,10210,9831,9832,9833,9834,-10212,9835]],"id":"feature_3148"},{"properties":{"depth":12},"type":"Polygon","arcs":[[9836,9837,-10284,9838]],"id":"feature_3149"},{"properties":{"depth":12},"type":"Polygon","arcs":[[9839,9840,-10246,-10225,-10240,9841,-10271,-10270,10269,-10269]],"id":"feature_3150"},{"properties":{"depth":12},"type":"Polygon","arcs":[[9842,9843,10286,9844,9845,-10288,-10287,-10286]],"id":"feature_3151"},{"properties":{"depth":12},"type":"Polygon","arcs":[[9846,9847,9848,9849]],"id":"feature_3152"},{"properties":{"depth":12},"type":"Polygon","arcs":[[-10639,-10259,-10637,-10282]],"id":"feature_3153"},{"properties":{"depth":12},"type":"Polygon","arcs":[[10214,9850,9851,10219,-9853,9852,-10220,-10219,-10218,-10217,-10216,-10215,-10214,10213]],"id":"feature_3154"},{"properties":{"depth":12},"type":"Polygon","arcs":[[9853,9854]],"id":"feature_3155"},{"properties":{"depth":12},"type":"Polygon","arcs":[[-10904,9855,9856]],"id":"feature_3156"},{"properties":{"depth":12},"type":"Polygon","arcs":[[9857,9858,9859,9860,-10241,-10655]],"id":"feature_3157"},{"properties":{"depth":12},"type":"Polygon","arcs":[[9861,-10243,9862,10232,9863,10234,9864,-10237,-10236,-10235,-10234,-10233,-10232,-10231]],"id":"feature_3158"},{"properties":{"depth":12},"type":"Polygon","arcs":[[9865]],"id":"feature_3159"},{"properties":{"depth":12},"type":"Polygon","arcs":[[9866,-10229,-10228]],"id":"feature_3160"},{"properties":{"depth":12},"type":"Polygon","arcs":[[9867]],"id":"feature_3161"},{"properties":{"depth":12},"type":"Polygon","arcs":[[9868,9869,9870,-10663,-10248,9871,-10659,-10244]],"id":"feature_3162"},{"properties":{"depth":12},"type":"Polygon","arcs":[[9872,9873,-10664]],"id":"feature_3163"},{"properties":{"depth":12},"type":"Polygon","arcs":[[9874,-10674,9875,-10251]],"id":"feature_3164"},{"properties":{"depth":12},"type":"Polygon","arcs":[[9876,9877]],"id":"feature_3165"},{"properties":{"depth":12},"type":"Polygon","arcs":[[9878,-10257,-10672,-10256,-10670,-10255]],"id":"feature_3166"},{"properties":{"depth":12},"type":"Polygon","arcs":[[9879,-10261]],"id":"feature_3167"},{"properties":{"depth":12},"type":"Polygon","arcs":[[-10264,9880]],"id":"feature_3168"},{"properties":{"depth":12},"type":"Polygon","arcs":[[-10314,-10694,-10313,-10692,-10312,-10690,-10310,9881,9882]],"id":"feature_3169"},{"properties":{"depth":12},"type":"Polygon","arcs":[[-11035,-10266,9883,9884,-10273]],"id":"feature_3170"},{"properties":{"depth":12},"type":"Polygon","arcs":[[-10317,-10696,-10316,9885]],"id":"feature_3171"},{"properties":{"depth":12},"type":"Polygon","arcs":[[-10667,9886]],"id":"feature_3172"},{"properties":{"depth":12},"type":"Polygon","arcs":[[9887]],"id":"feature_3173"},{"properties":{"depth":12},"type":"Polygon","arcs":[[9888,-10682,-10276,-10680,-10931,-10709,9889,9890,9891,-10678]],"id":"feature_3174"},{"properties":{"depth":12},"type":"Polygon","arcs":[[9892,10341,9893,10343,9894,-10267,9895,-10917,9896,-10345,-10344,-10343,-10342,-10341,9897]],"id":"feature_3175"},{"properties":{"depth":12},"type":"Polygon","arcs":[[-10279,9898,9899,9900,9901,9902,-11025,-10290,-11040,-11039]],"id":"feature_3176"},{"properties":{"depth":12},"type":"Polygon","arcs":[[9903,-10700,-10326,-10951,-10698,-10319,9904,9905,9906,9907]],"id":"feature_3177"},{"properties":{"depth":12},"type":"Polygon","arcs":[[-10334,-10702,9908,9909]],"id":"feature_3178"},{"properties":{"depth":12},"type":"Polygon","arcs":[[9910,9911,-10293,9912]],"id":"feature_3179"},{"properties":{"depth":12},"type":"Polygon","arcs":[[9913,9914,-10339,9915]],"id":"feature_3180"},{"properties":{"depth":12},"type":"Polygon","arcs":[[9916,9917,9918,-10295]],"id":"feature_3181"},{"properties":{"depth":12},"type":"Polygon","arcs":[[-10358,-10713,-10712,10711,9919]],"id":"feature_3182"},{"properties":{"depth":12},"type":"Polygon","arcs":[[9920,9921,9922,9923,9924,-10348,-10347,-10346,-10731,-10351,-10729,-10357,9925]],"id":"feature_3183"},{"properties":{"depth":12},"type":"Polygon","arcs":[[9926,9927,9928,-10355,-10727,-10392,-10725,-10397,-10723,-10436]],"id":"feature_3184"},{"properties":{"depth":12},"type":"Polygon","arcs":[[-10297,9929]],"id":"feature_3185"},{"properties":{"depth":12},"type":"Polygon","arcs":[[9930,-10434,9931]],"id":"feature_3186"},{"properties":{"depth":12},"type":"Polygon","arcs":[[-10298,9932]],"id":"feature_3187"},{"properties":{"depth":12},"type":"Polygon","arcs":[[9933,-10363,-10362,-10361,-10360,9934,9935,-10378,9936,10363,9937,9938]],"id":"feature_3188"},{"properties":{"depth":12},"type":"Polygon","arcs":[[10305]],"id":"feature_3189"},{"properties":{"depth":12},"type":"Polygon","arcs":[[9939,9940,10429,9941,9942,9943,-10429]],"id":"feature_3190"},{"properties":{"depth":12},"type":"Polygon","arcs":[[-10717,-10716,10715,9944,9945,9946,-10307]],"id":"feature_3191"},{"properties":{"depth":12},"type":"Polygon","arcs":[[-10367,9947,9948,9949,9950,9951]],"id":"feature_3192"},{"properties":{"depth":12},"type":"Polygon","arcs":[[9952,9953,10300,9954,-10302,9955]],"id":"feature_3193"},{"properties":{"depth":12},"type":"Polygon","arcs":[[-10368,9956]],"id":"feature_3194"},{"properties":{"depth":12},"type":"Polygon","arcs":[[-10320,9957]],"id":"feature_3195"},{"properties":{"depth":12},"type":"Polygon","arcs":[[-10323,-10741,-10322,9958]],"id":"feature_3196"},{"properties":{"depth":12},"type":"Polygon","arcs":[[9959,-10370]],"id":"feature_3197"},{"properties":{"depth":12},"type":"Polygon","arcs":[[-10337,-10336,9960,10328,9961,10330,9962,9963,-10332,9964,-10329,-10328,-10746,-10327,10335,10336]],"id":"feature_3198"},{"properties":{"depth":12},"type":"Polygon","arcs":[[-10521,-10755,-10374,9965]],"id":"feature_3199"},{"properties":{"depth":12},"type":"Polygon","arcs":[[-10353,-10352,9966,9967,10352,9968,9969,-10750,-10354]],"id":"feature_3200"},{"properties":{"depth":12},"type":"Polygon","arcs":[[9970,9971,-10440,9972,-10448,-10760,9973,-10758,-10451,-10756,-10453,9974]],"id":"feature_3201"},{"properties":{"depth":12},"type":"Polygon","arcs":[[-10622,-10190,-10189,-10188,9975,9976,9977,9978,10188,9979,9980,9981,9982]],"id":"feature_3202"},{"properties":{"depth":12},"type":"Polygon","arcs":[[9983,9984,-10459]],"id":"feature_3203"},{"properties":{"depth":12},"type":"Polygon","arcs":[[9985,9986,-10377,9987]],"id":"feature_3204"},{"properties":{"depth":12},"type":"Polygon","arcs":[[-10778,10777,-10380,9988,9989]],"id":"feature_3205"},{"properties":{"depth":12},"type":"Polygon","arcs":[[-10620,9990,9991,9992,9993,-10186]],"id":"feature_3206"},{"properties":{"depth":12},"type":"Polygon","arcs":[[9994,9995,-10770,9996]],"id":"feature_3207"},{"properties":{"depth":12},"type":"Polygon","arcs":[[-10461,-10830,-10471,9997,-10828,9998,10469,9999,-10001,10000,10001]],"id":"feature_3208"},{"properties":{"depth":12},"type":"Polygon","arcs":[[-10182,10002,10003,10004,10005,10006]],"id":"feature_3209"},{"properties":{"depth":12},"type":"Polygon","arcs":[[-10827,10007]],"id":"feature_3210"},{"properties":{"depth":12},"type":"Polygon","arcs":[[10008,10009,-10384,10010]],"id":"feature_3211"},{"properties":{"depth":12},"type":"Polygon","arcs":[[10011,-10388,10012,-10386]],"id":"feature_3212"},{"properties":{"depth":12},"type":"Polygon","arcs":[[-10180,10013,10014,10015]],"id":"feature_3213"},{"properties":{"depth":12},"type":"Polygon","arcs":[[10016,10017,10018,-10390]],"id":"feature_3214"},{"properties":{"depth":12},"type":"Polygon","arcs":[[10019,10020,-10393,10021]],"id":"feature_3215"},{"properties":{"depth":12},"type":"Polygon","arcs":[[10823,10479,10022]],"id":"feature_3216"},{"properties":{"depth":12},"type":"Polygon","arcs":[[-10395,10023,10024,10025]],"id":"feature_3217"},{"properties":{"depth":12},"type":"Polygon","arcs":[[-10398,-10782,10026,10027,10397]],"id":"feature_3218"},{"properties":{"depth":12},"type":"Polygon","arcs":[[10028]],"id":"feature_3219"},{"properties":{"depth":12},"type":"Polygon","arcs":[[10029,10030,10031,10032,10406,10033,10408,10034,10410,10035,10412,10036,10414,10037,10038,10418,10039,10420,10040,10041,10424,10042,10426,10043,10044,-10446,10045,-10443,-10786,-10785,-10428,10046,-10425,-10424,-10423,10047,-10419,-10418,-10417,-10416,-10415,-10414,-10413,-10412,-10411,-10410,10048,-10407,-10406,-10405,-10404,10049,-10401,-10400]],"id":"feature_3220"},{"properties":{"depth":12},"type":"Polygon","arcs":[[10050]],"id":"feature_3221"},{"properties":{"depth":12},"type":"Polygon","arcs":[[10051,10052,-10820,-10525,10053]],"id":"feature_3222"},{"properties":{"depth":12},"type":"Polygon","arcs":[[10054,-10055]],"id":"feature_3223"},{"properties":{"depth":12},"type":"Polygon","arcs":[[10055,10056]],"id":"feature_3224"},{"properties":{"depth":12},"type":"Polygon","arcs":[[10057,-10548,-10547,-10546,-10545,10058,-10533,10059,10060,10061,10062,10063,10064,10065,10066,10067,10068,10069,10070]],"id":"feature_3225"},{"properties":{"depth":12},"type":"Polygon","arcs":[[10071,10072,10073,-10615]],"id":"feature_3226"},{"properties":{"depth":12},"type":"Polygon","arcs":[[10074,10075,-11000,-10811,-10529,10076]],"id":"feature_3227"},{"properties":{"depth":12},"type":"Polygon","arcs":[[10077,10078,-10444]],"id":"feature_3228"},{"properties":{"depth":12},"type":"Polygon","arcs":[[10079,10080,10081,10082,10083,10084,10085]],"id":"feature_3229"},{"properties":{"depth":12},"type":"Polygon","arcs":[[10812,10086,10087,-10473]],"id":"feature_3230"},{"properties":{"depth":12},"type":"Polygon","arcs":[[-10478,10088,10089,-10842]],"id":"feature_3231"},{"properties":{"depth":12},"type":"Polygon","arcs":[[-10476,-10840,10090,10091]],"id":"feature_3232"},{"properties":{"depth":12},"type":"Polygon","arcs":[[10092,10093,10094,10095,-10490,-10489,-10488,10845,-10487,-10467,-10466,-10465]],"id":"feature_3233"},{"properties":{"depth":12},"type":"Polygon","arcs":[[10096]],"id":"feature_3234"},{"properties":{"depth":12},"type":"Polygon","arcs":[[10097,-10098]],"id":"feature_3235"},{"properties":{"depth":12},"type":"Polygon","arcs":[[10098,-10484]],"id":"feature_3236"},{"properties":{"depth":12},"type":"Polygon","arcs":[[-10568,-10567,-10566,-10849,10099,-10552,10100,10101,10102],[10103]],"id":"feature_3237"},{"properties":{"depth":12},"type":"Polygon","arcs":[[10492,10104,10105,-10492,10106,10107]],"id":"feature_3238"},{"properties":{"depth":12},"type":"Polygon","arcs":[[10108,10109,10110,10111,10112,10113,10114,10115,-10526,-10818,-10561,-10816,-10604]],"id":"feature_3239"},{"properties":{"depth":12},"type":"Polygon","arcs":[[-10498,-10857,-10497,-10798,-10496,-10796,-10495,10116,10117]],"id":"feature_3240"},{"properties":{"depth":12},"type":"Polygon","arcs":[[-10482,10118,10119,10120]],"id":"feature_3241"},{"properties":{"depth":12},"type":"Polygon","arcs":[[10121,10122,-10593,10123]],"id":"feature_3242"},{"properties":{"depth":12},"type":"Polygon","arcs":[[10124]],"id":"feature_3243"},{"properties":{"depth":12},"type":"Polygon","arcs":[[10125,10126,10127,-10601]],"id":"feature_3244"},{"properties":{"depth":12},"type":"Polygon","arcs":[[10128,-10888,10129,-10542,-10541,10130,10131,10541,10132,10133,-10549,10134,10135]],"id":"feature_3245"},{"properties":{"depth":12},"type":"Polygon","arcs":[[10136,10137,-10598,-10872,-10596]],"id":"feature_3246"},{"properties":{"depth":12},"type":"Polygon","arcs":[[10138,10139,10501,10140,10503,10141,-10505,-10504,10142,-10501]],"id":"feature_3247"},{"properties":{"depth":12},"type":"Polygon","arcs":[[10143,10144,-10515,-10514]],"id":"feature_3248"},{"properties":{"depth":12},"type":"Polygon","arcs":[[-10883,-10560,-10559,-10558,-10557,-10556,-10555,-10554,-10553,-10879,-11017,-11016,11015,10145,10552,10146,10147,10880,10148,10558,10149]],"id":"feature_3249"},{"properties":{"depth":12},"type":"Polygon","arcs":[[10150,10151,-10512]],"id":"feature_3250"},{"properties":{"depth":12},"type":"Polygon","arcs":[[10152,10535,10153,10154,10155,-10539,-10538,-10537,-10536,-10535,-10886]],"id":"feature_3251"},{"properties":{"depth":12},"type":"Polygon","arcs":[[-10157,10156,10578,-10158,-10580,-10579]],"id":"feature_3252"},{"properties":{"depth":12},"type":"Polygon","arcs":[[10158,-10509]],"id":"feature_3253"},{"properties":{"depth":12},"type":"Polygon","arcs":[[-10584,-10583,-10582,10159,10583]],"id":"feature_3254"},{"properties":{"depth":12},"type":"Polygon","arcs":[[-10565,-10564,-10563,-10562,-10864,-10576,-10575,-10574,10160,10574,10161,10562,10162,10564]],"id":"feature_3255"},{"properties":{"depth":12},"type":"Polygon","arcs":[[-10862,-10861,-10860,-10592,10163,-10589,10164,-10586,10165,10586,10166,10167,10168,10169,10170,10171,10860,10172,10173,-10570]],"id":"feature_3256"},{"properties":{"depth":12},"type":"Polygon","arcs":[[10174,-10572]],"id":"feature_3257"},{"properties":{"depth":13},"type":"Polygon","arcs":[[10175,10176,10177,10178,10179,10180,10181,10182,10183,10184,10185,10186,10187,10188,10189,10190,-10619]],"id":"feature_3258"},{"properties":{"depth":13},"type":"Polygon","arcs":[[10191,10192,10193,10194,10195,10196,-10627]],"id":"feature_3259"},{"properties":{"depth":13},"type":"Polygon","arcs":[[-10630,10197,-10644,10198,10199]],"id":"feature_3260"},{"properties":{"depth":13},"type":"Polygon","arcs":[[-10629,10200,10201,10202,10203]],"id":"feature_3261"},{"properties":{"depth":13},"type":"Polygon","arcs":[[-10642,10204,10205,10206]],"id":"feature_3262"},{"properties":{"depth":13},"type":"Polygon","arcs":[[10207]],"id":"feature_3263"},{"properties":{"depth":13},"type":"Polygon","arcs":[[10208,10209,10210,10211,10212,10213,10214,10215,10216,10217,10218,10219,10220,-10646,10221]],"id":"feature_3264"},{"properties":{"depth":13},"type":"Polygon","arcs":[[-10903,10222]],"id":"feature_3265"},{"properties":{"depth":13},"type":"Polygon","arcs":[[-10651,10223]],"id":"feature_3266"},{"properties":{"depth":13},"type":"Polygon","arcs":[[10224,-10225]],"id":"feature_3267"},{"properties":{"depth":13},"type":"Polygon","arcs":[[-10901,10225,-10912,-10911,10910,10226,10227,10228,10229,10230,10231,10232,10233,10234,10235,10236,10237,10238,-10649]],"id":"feature_3268"},{"properties":{"depth":13},"type":"Polygon","arcs":[[10239,-10240]],"id":"feature_3269"},{"properties":{"depth":13},"type":"Polygon","arcs":[[10240,10241,-10656]],"id":"feature_3270"},{"properties":{"depth":13},"type":"Polygon","arcs":[[10242,-10243]],"id":"feature_3271"},{"properties":{"depth":13},"type":"Polygon","arcs":[[10243,-10658,10244]],"id":"feature_3272"},{"properties":{"depth":13},"type":"Polygon","arcs":[[10245,-10246]],"id":"feature_3273"},{"properties":{"depth":13},"type":"Polygon","arcs":[[-10662,-10920,-10915,10246,10247]],"id":"feature_3274"},{"properties":{"depth":13},"type":"Polygon","arcs":[[10248,10249,10250,10251]],"id":"feature_3275"},{"properties":{"depth":13},"type":"Polygon","arcs":[[-10673,-10672,-10671,-10670,-10669,10252,10253,10254,10669,10255,10671,10256,10257]],"id":"feature_3276"},{"properties":{"depth":13},"type":"Polygon","arcs":[[10258,-10638]],"id":"feature_3277"},{"properties":{"depth":13},"type":"Polygon","arcs":[[10259,10260,10261,10262,10263,10264,10265,-11034]],"id":"feature_3278"},{"properties":{"depth":13},"type":"Polygon","arcs":[[10266,10267,10268,-10270,10269,10270,10271,-10734]],"id":"feature_3279"},{"properties":{"depth":13},"type":"Polygon","arcs":[[10272,10273,-11036]],"id":"feature_3280"},{"properties":{"depth":13},"type":"Polygon","arcs":[[10632,-10633]],"id":"feature_3281"},{"properties":{"depth":13},"type":"Polygon","arcs":[[-10677,-10935,-10676,-10933,-10683,10274,10275,10276]],"id":"feature_3282"},{"properties":{"depth":13},"type":"Polygon","arcs":[[10277,10278,-11038]],"id":"feature_3283"},{"properties":{"depth":13},"type":"Polygon","arcs":[[-10687,10279,-10645,10632,10280,10281,-10636,10282,10283,10284,10285,10286,10287,10288]],"id":"feature_3284"},{"properties":{"depth":13},"type":"Polygon","arcs":[[11039,-11040,10289,-11041]],"id":"feature_3285"},{"properties":{"depth":13},"type":"Polygon","arcs":[[10290,-11026,10291,10292]],"id":"feature_3286"},{"properties":{"depth":13},"type":"Polygon","arcs":[[10293,-10707]],"id":"feature_3287"},{"properties":{"depth":13},"type":"Polygon","arcs":[[10294,10295,10296,10297,10298,10299,10300,10301,10302,10303,-11028,10304],[10305]],"id":"feature_3288"},{"properties":{"depth":13},"type":"Polygon","arcs":[[10306,10307,-10718]],"id":"feature_3289"},{"properties":{"depth":13},"type":"Polygon","arcs":[[10308,10309,-10689]],"id":"feature_3290"},{"properties":{"depth":13},"type":"Polygon","arcs":[[-11030,10310]],"id":"feature_3291"},{"properties":{"depth":13},"type":"Polygon","arcs":[[-10691,10311]],"id":"feature_3292"},{"properties":{"depth":13},"type":"Polygon","arcs":[[-10693,10312]],"id":"feature_3293"},{"properties":{"depth":13},"type":"Polygon","arcs":[[-10695,10313,10314,10315]],"id":"feature_3294"},{"properties":{"depth":13},"type":"Polygon","arcs":[[10316,10317,10318,-10697]],"id":"feature_3295"},{"properties":{"depth":13},"type":"Polygon","arcs":[[10319,10320,10321,10740,10322,10323,-10742,-10741,-10740,10324]],"id":"feature_3296"},{"properties":{"depth":13},"type":"Polygon","arcs":[[-10699,-10952,10325]],"id":"feature_3297"},{"properties":{"depth":13},"type":"Polygon","arcs":[[-10337,-10336,10326,10745,10327,10328,10329,10330,10331,10332,-10747,-10746,-10745]],"id":"feature_3298"},{"properties":{"depth":13},"type":"Polygon","arcs":[[-10703,10333,10334]],"id":"feature_3299"},{"properties":{"depth":13},"type":"Polygon","arcs":[[10336,10335,-10336,-10337]],"id":"feature_3300"},{"properties":{"depth":13},"type":"Polygon","arcs":[[10337,10338,10339,10340,10341,10342,10343,10344,-10732,10345,10346,10347],[10348]],"id":"feature_3301"},{"properties":{"depth":13},"type":"Polygon","arcs":[[10349,-10350]],"id":"feature_3302"},{"properties":{"depth":13},"type":"Polygon","arcs":[[10350,-10730]],"id":"feature_3303"},{"properties":{"depth":13},"type":"Polygon","arcs":[[10351,10352,10353,-10749]],"id":"feature_3304"},{"properties":{"depth":13},"type":"Polygon","arcs":[[10354,10355,10356,-10728]],"id":"feature_3305"},{"properties":{"depth":13},"type":"Polygon","arcs":[[-10754,-10966,-10714,10357,10358,10359,10360,10361,10362,10363,10364,10365,10366,10367,10368,10369,10370,10371,10372,10373]],"id":"feature_3306"},{"properties":{"depth":13},"type":"Polygon","arcs":[[10374,-10767,10375,10376]],"id":"feature_3307"},{"properties":{"depth":13},"type":"Polygon","arcs":[[10377,-10378]],"id":"feature_3308"},{"properties":{"depth":13},"type":"Polygon","arcs":[[10775,-10776,-10765,10378,10379]],"id":"feature_3309"},{"properties":{"depth":13},"type":"Polygon","arcs":[[10768,10380,10381,10382,10383,10384,10385,10386,-10771,-10770,-10769]],"id":"feature_3310"},{"properties":{"depth":13},"type":"Polygon","arcs":[[10387,10388,10389,10390]],"id":"feature_3311"},{"properties":{"depth":13},"type":"Polygon","arcs":[[10391,-10726]],"id":"feature_3312"},{"properties":{"depth":13},"type":"Polygon","arcs":[[10392,10393,10394,10395]],"id":"feature_3313"},{"properties":{"depth":13},"type":"Polygon","arcs":[[-10724,10396]],"id":"feature_3314"},{"properties":{"depth":13},"type":"Polygon","arcs":[[10397,10398,10399,10400,10401,10402,10403,10404,10405,10406,10407,10408,10409,10410,10411,10412,10413,10414,10415,10416,10417,10418,10419,10420,10421,10422,10423,10424,10425,10426,10427,10784,-10785,-10784,-10783]],"id":"feature_3315"},{"properties":{"depth":13},"type":"Polygon","arcs":[[10428,10429,10430,10431,10432,10433,10434,10435,-10722,10436]],"id":"feature_3316"},{"properties":{"depth":13},"type":"Polygon","arcs":[[10437,-10438]],"id":"feature_3317"},{"properties":{"depth":13},"type":"Polygon","arcs":[[10438,10439,10440,-10743]],"id":"feature_3318"},{"properties":{"depth":13},"type":"Polygon","arcs":[[-10617,10441]],"id":"feature_3319"},{"properties":{"depth":13},"type":"Polygon","arcs":[[-10786,10785,10442,10443,10444,-10787]],"id":"feature_3320"},{"properties":{"depth":13},"type":"Polygon","arcs":[[10445,-10446]],"id":"feature_3321"},{"properties":{"depth":13},"type":"Polygon","arcs":[[10446,10447,10448,-10761,-10760,-10759]],"id":"feature_3322"},{"properties":{"depth":13},"type":"Polygon","arcs":[[10449]],"id":"feature_3323"},{"properties":{"depth":13},"type":"Polygon","arcs":[[10450,-10757]],"id":"feature_3324"},{"properties":{"depth":13},"type":"Polygon","arcs":[[-10614,10451]],"id":"feature_3325"},{"properties":{"depth":13},"type":"Polygon","arcs":[[10452,-10764,10453,10774,10454,-10780,10455]],"id":"feature_3326"},{"properties":{"depth":13},"type":"Polygon","arcs":[[10456,10457,-10611]],"id":"feature_3327"},{"properties":{"depth":13},"type":"Polygon","arcs":[[10458,10459,-10831,10460]],"id":"feature_3328"},{"properties":{"depth":13},"type":"Polygon","arcs":[[10461,10462,10463,10464,10465,10466,-10794,10467]],"id":"feature_3329"},{"properties":{"depth":13},"type":"Polygon","arcs":[[10468,10469,10470,-10829]],"id":"feature_3330"},{"properties":{"depth":13},"type":"Polygon","arcs":[[10471,10811,10472,10473,10474,-10609]],"id":"feature_3331"},{"properties":{"depth":13},"type":"Polygon","arcs":[[-11048,-11044]],"id":"feature_3332"},{"properties":{"depth":13},"type":"Polygon","arcs":[[-10841,10475,10476,10477]],"id":"feature_3333"},{"properties":{"depth":13},"type":"Polygon","arcs":[[10478,-10825,10479]],"id":"feature_3334"},{"properties":{"depth":13},"type":"Polygon","arcs":[[-10837,10480,10481,10482,10483,10484]],"id":"feature_3335"},{"properties":{"depth":13},"type":"Polygon","arcs":[[10485,-10822]],"id":"feature_3336"},{"properties":{"depth":13},"type":"Polygon","arcs":[[10486,-10846,10487,10488,10489,10490,10491,10492,10493,10494,10795,10495,10797,10496,-10856,10497,10498,10499,10500,10501,10502,10503,10504,10505,10506,10507,10508,10509,10510,10511,10512,10513,10514,10515,10516,-10993,-10868,-10867,-10866,-10991,-10799,-10798,10517,-10795],[10518]],"id":"feature_3337"},{"properties":{"depth":13},"type":"Polygon","arcs":[[10519,-10752,10520,10521,10522,-11045,-11052,-11042,10523,11046,-10807]],"id":"feature_3338"},{"properties":{"depth":13},"type":"Polygon","arcs":[[10524,-10819,10525,10526]],"id":"feature_3339"},{"properties":{"depth":13},"type":"Polygon","arcs":[[10527,10528,-10810]],"id":"feature_3340"},{"properties":{"depth":13},"type":"Polygon","arcs":[[10529,10530]],"id":"feature_3341"},{"properties":{"depth":13},"type":"Polygon","arcs":[[10531,10532]],"id":"feature_3342"},{"properties":{"depth":13},"type":"Polygon","arcs":[[10533,-10889,-10888,-10887,-10886,10885,10534,10535,10536,10537,10538,10539,10540,10541,10542]],"id":"feature_3343"},{"properties":{"depth":13},"type":"Polygon","arcs":[[10543,10544,10545,10546,10547]],"id":"feature_3344"},{"properties":{"depth":13},"type":"Polygon","arcs":[[10548,10549]],"id":"feature_3345"},{"properties":{"depth":13},"type":"Polygon","arcs":[[10550,10551]],"id":"feature_3346"},{"properties":{"depth":13},"type":"Polygon","arcs":[[-10882,-10881,-10880,-10879,-11017,-11016,11015,11016,10878,10552,10553,10554,10555,10556,10557,10558,10559]],"id":"feature_3347"},{"properties":{"depth":13},"type":"Polygon","arcs":[[-10817,10560]],"id":"feature_3348"},{"properties":{"depth":13},"type":"Polygon","arcs":[[-11014,-10865,10561,10562,10563,10564,11014]],"id":"feature_3349"},{"properties":{"depth":13},"type":"Polygon","arcs":[[10565,10566,10567,10568,-10851,-10850]],"id":"feature_3350"},{"properties":{"depth":13},"type":"Polygon","arcs":[[10569,10570,10571,10572,10573,10574,10575,-10863]],"id":"feature_3351"},{"properties":{"depth":13},"type":"Polygon","arcs":[[-10847,10576]],"id":"feature_3352"},{"properties":{"depth":13},"type":"Polygon","arcs":[[-10859,-11023,10577,10578,10579,10580,10581,10582,10583,10584,10585,10586,10587,10588,10589,10590,10591]],"id":"feature_3353"},{"properties":{"depth":13},"type":"Polygon","arcs":[[10592,10593,-10854,10594]],"id":"feature_3354"},{"properties":{"depth":13},"type":"Polygon","arcs":[[10595,-10871,10596]],"id":"feature_3355"},{"properties":{"depth":13},"type":"Polygon","arcs":[[10597,10598,10599,10600,10601,10602,10603,-10815,10604,-10844,10605,-10873]],"id":"feature_3356"},{"properties":{"depth":14},"type":"Polygon","arcs":[[-10950,10606,-10892,10607,10608,10609,10610,10611,10612,10613,10614,10615,10616,10617,10618,10619,10620,10621,10622]],"id":"feature_3357"},{"properties":{"depth":14},"type":"Polygon","arcs":[[10623,-10895,10624,10625,10626,10627,10628]],"id":"feature_3358"},{"properties":{"depth":14},"type":"Polygon","arcs":[[10629,10630,10631]],"id":"feature_3359"},{"properties":{"depth":14},"type":"Polygon","arcs":[[10632,10633,-10899,10634,10635,10636,10637,10638,10639]],"id":"feature_3360"},{"properties":{"depth":14},"type":"Polygon","arcs":[[10640,10641,10642,10643]],"id":"feature_3361"},{"properties":{"depth":14},"type":"Polygon","arcs":[[10644,-10645]],"id":"feature_3362"},{"properties":{"depth":14},"type":"Polygon","arcs":[[10645,10646,-10897,10647]],"id":"feature_3363"},{"properties":{"depth":14},"type":"Polygon","arcs":[[-10902,10648,10649]],"id":"feature_3364"},{"properties":{"depth":14},"type":"Polygon","arcs":[[10650,10651,-10907,10652]],"id":"feature_3365"},{"properties":{"depth":14},"type":"Polygon","arcs":[[10653,10654,10655,10656,10657,10658,10659,-10909]],"id":"feature_3366"},{"properties":{"depth":14},"type":"Polygon","arcs":[[10660]],"id":"feature_3367"},{"properties":{"depth":14},"type":"Polygon","arcs":[[10661,10662,10663,10664,-10921]],"id":"feature_3368"},{"properties":{"depth":14},"type":"Polygon","arcs":[[-10939,10938,-10938,10665,10666,10667,10668,10669,10670,10671,10672,10924,-10925,-10940]],"id":"feature_3369"},{"properties":{"depth":14},"type":"Polygon","arcs":[[10673,10674]],"id":"feature_3370"},{"properties":{"depth":14},"type":"Polygon","arcs":[[-10936,-10935,-10934,10675,10934,10676,10677,10678]],"id":"feature_3371"},{"properties":{"depth":14},"type":"Polygon","arcs":[[-10932,10679,10680,10681,10682]],"id":"feature_3372"},{"properties":{"depth":14},"type":"Polygon","arcs":[[-10958,10683,-10924,10684,-10906,10685,10686,10687,10688,10689,10690,10691,10692,10693,10694,10695,10696,10697,-10953,10698,10699,10700,10701,10702,10703],[10941],[10943],[10940]],"id":"feature_3373"},{"properties":{"depth":14},"type":"Polygon","arcs":[[10704,10705,10706,10707,10708,-10930]],"id":"feature_3374"},{"properties":{"depth":14},"type":"Polygon","arcs":[[10709,-10963,10710,10711,10712,10713,-10965]],"id":"feature_3375"},{"properties":{"depth":14},"type":"Polygon","arcs":[[-10928,10714,10715,10716,10717,10718,10719,10720]],"id":"feature_3376"},{"properties":{"depth":14},"type":"Polygon","arcs":[[10721,10722,10723,10724,10725,10726,10727,10728,10729,10730,10731,10732,10733,10734,-10918,-10917,-10916,10735,-10948,10736]],"id":"feature_3377"},{"properties":{"depth":14},"type":"Polygon","arcs":[[10737,-10946,10738,10739,10740,10741]],"id":"feature_3378"},{"properties":{"depth":14},"type":"Polygon","arcs":[[10742,10743]],"id":"feature_3379"},{"properties":{"depth":14},"type":"Polygon","arcs":[[10744,10745,10746,10747,10748,10749,10750]],"id":"feature_3380"},{"properties":{"depth":14},"type":"Polygon","arcs":[[10751,10752,-10967,10753,10754]],"id":"feature_3381"},{"properties":{"depth":14},"type":"Polygon","arcs":[[10755,10756,10757,10758,10759,10760,10761,-10970,10762,10763]],"id":"feature_3382"},{"properties":{"depth":14},"type":"Polygon","arcs":[[10764,10775,10765,10766,10767,10768,10769,10770,10771,-10957,-10956,-10955,10772],[10773]],"id":"feature_3383"},{"properties":{"depth":14},"type":"Polygon","arcs":[[10774,-10775]],"id":"feature_3384"},{"properties":{"depth":14},"type":"Polygon","arcs":[[10775,10776,10777]],"id":"feature_3385"},{"properties":{"depth":14},"type":"Polygon","arcs":[[-10960,10778]],"id":"feature_3386"},{"properties":{"depth":14},"type":"Polygon","arcs":[[10779,10780]],"id":"feature_3387"},{"properties":{"depth":14},"type":"Polygon","arcs":[[-10790,10781,10782,10783,10784,10785,10786,10787,-10968,10788,10789]],"id":"feature_3388"},{"properties":{"depth":14},"type":"Polygon","arcs":[[10790,-10983]],"id":"feature_3389"},{"properties":{"depth":14},"type":"Polygon","arcs":[[10791,10792,10793,10794,10795,10796,10797,10798,-10990,10799,-10981,10800,-10977,10801,-10972,10802]],"id":"feature_3390"},{"properties":{"depth":14},"type":"Polygon","arcs":[[-10999,10803,-10979,10804,-10974,10805,10806,-11047,10807,10808,10809,10810]],"id":"feature_3391"},{"properties":{"depth":14},"type":"Polygon","arcs":[[10811,10812,10813]],"id":"feature_3392"},{"properties":{"depth":14},"type":"Polygon","arcs":[[10814,10815,10816,10817,10818,10819,10820,10821,10822,10823,10824,10825,10826,10827,10828,10829,10830,10831,-10985,10832,-10989,10833]],"id":"feature_3393"},{"properties":{"depth":14},"type":"Polygon","arcs":[[10834,-10987,10835,10836,10837,10838,10839,10840,10841,10842]],"id":"feature_3394"},{"properties":{"depth":14},"type":"Polygon","arcs":[[10843,10844]],"id":"feature_3395"},{"properties":{"depth":14},"type":"Polygon","arcs":[[10845,-10846]],"id":"feature_3396"},{"properties":{"depth":14},"type":"Polygon","arcs":[[10846,10847,10848,10849,10850,10851],[-11007,-11006,-11005,-11004,-11003,-11008]],"id":"feature_3397"},{"properties":{"depth":14},"type":"Polygon","arcs":[[10852,-10853]],"id":"feature_3398"},{"properties":{"depth":14},"type":"Polygon","arcs":[[10853,10854]],"id":"feature_3399"},{"properties":{"depth":14},"type":"Polygon","arcs":[[10855,10856]],"id":"feature_3400"},{"properties":{"depth":14},"type":"Polygon","arcs":[[10857,-11024,10858,10859,10860,10861,10862,10863,10864,-11013]],"id":"feature_3401"},{"properties":{"depth":14},"type":"Polygon","arcs":[[10865,10866,10867,10868,10869,10870,10871,10872,10873,-11012,10874,-11021,10875,-11009,10876,-10994,-10993,-10992]],"id":"feature_3402"},{"properties":{"depth":14},"type":"Polygon","arcs":[[-11002,10877,-11018,10878,10879,10880,10881,10882,-10884,10883,10884,10885,10886,10887,10888,10889,10890]],"id":"feature_3403"},{"properties":{"depth":15},"type":"Polygon","arcs":[[10891,10892]],"id":"feature_3404"},{"properties":{"depth":15},"type":"Polygon","arcs":[[10893,10894]],"id":"feature_3405"},{"properties":{"depth":15},"type":"Polygon","arcs":[[10895,10896]],"id":"feature_3406"},{"properties":{"depth":15},"type":"Polygon","arcs":[[10897,10898]],"id":"feature_3407"},{"properties":{"depth":15},"type":"Polygon","arcs":[[10899,10900,10901,10902,10903,10904]],"id":"feature_3408"},{"properties":{"depth":15},"type":"Polygon","arcs":[[10905,-10906]],"id":"feature_3409"},{"properties":{"depth":15},"type":"Polygon","arcs":[[10906,10907,10908,10909]],"id":"feature_3410"},{"properties":{"depth":15},"type":"Polygon","arcs":[[10910,10911,10912]],"id":"feature_3411"},{"properties":{"depth":15},"type":"Polygon","arcs":[[10913,10914]],"id":"feature_3412"},{"properties":{"depth":15},"type":"Polygon","arcs":[[10915,10916,10917,10918]],"id":"feature_3413"},{"properties":{"depth":15},"type":"Polygon","arcs":[[10919,10920,10921]],"id":"feature_3414"},{"properties":{"depth":15},"type":"Polygon","arcs":[[10922,10923]],"id":"feature_3415"},{"properties":{"depth":15},"type":"Polygon","arcs":[[10924,10925,10926,10927,10928,10929,10930,10931,10932,10933,10934,10935,10936,10937,-10939,10938,10939]],"id":"feature_3416"},{"properties":{"depth":15},"type":"Polygon","arcs":[[10940]],"id":"feature_3417"},{"properties":{"depth":15},"type":"Polygon","arcs":[[10941]],"id":"feature_3418"},{"properties":{"depth":15},"type":"Polygon","arcs":[[10942,-11032]],"id":"feature_3419"},{"properties":{"depth":15},"type":"Polygon","arcs":[[10943]],"id":"feature_3420"},{"properties":{"depth":15},"type":"Polygon","arcs":[[10944,10945]],"id":"feature_3421"},{"properties":{"depth":15},"type":"Polygon","arcs":[[10946,10947]],"id":"feature_3422"},{"properties":{"depth":15},"type":"Polygon","arcs":[[10948,10949]],"id":"feature_3423"},{"properties":{"depth":15},"type":"Polygon","arcs":[[10950,10951,10952]],"id":"feature_3424"},{"properties":{"depth":15},"type":"Polygon","arcs":[[10953,10954,10955,10956]],"id":"feature_3425"},{"properties":{"depth":15},"type":"Polygon","arcs":[[10957,10958]],"id":"feature_3426"},{"properties":{"depth":15},"type":"Polygon","arcs":[[10959,10960]],"id":"feature_3427"},{"properties":{"depth":15},"type":"Polygon","arcs":[[10961,10962]],"id":"feature_3428"},{"properties":{"depth":15},"type":"Polygon","arcs":[[10963,10964,10965,10966]],"id":"feature_3429"},{"properties":{"depth":15},"type":"Polygon","arcs":[[10967,10968]],"id":"feature_3430"},{"properties":{"depth":15},"type":"Polygon","arcs":[[10969,10970]],"id":"feature_3431"},{"properties":{"depth":15},"type":"Polygon","arcs":[[10971,10972]],"id":"feature_3432"},{"properties":{"depth":15},"type":"Polygon","arcs":[[10973,10974]],"id":"feature_3433"},{"properties":{"depth":15},"type":"Polygon","arcs":[[10975,10976]],"id":"feature_3434"},{"properties":{"depth":15},"type":"Polygon","arcs":[[10977,10978]],"id":"feature_3435"},{"properties":{"depth":15},"type":"Polygon","arcs":[[10979,10980]],"id":"feature_3436"},{"properties":{"depth":15},"type":"Polygon","arcs":[[10981,10982,10983,10984]],"id":"feature_3437"},{"properties":{"depth":15},"type":"Polygon","arcs":[[10985,10986]],"id":"feature_3438"},{"properties":{"depth":15},"type":"Polygon","arcs":[[10987,10988]],"id":"feature_3439"},{"properties":{"depth":15},"type":"Polygon","arcs":[[10989,10990,10991,10992,10993,10994]],"id":"feature_3440"},{"properties":{"depth":15},"type":"Polygon","arcs":[[10995,10996,10997,10998,10999]],"id":"feature_3441"},{"properties":{"depth":15},"type":"Polygon","arcs":[[11000,11001]],"id":"feature_3442"},{"properties":{"depth":15},"type":"Polygon","arcs":[[11002,11003,11004,11005,11006,11007]],"id":"feature_3443"},{"properties":{"depth":15},"type":"Polygon","arcs":[[11008,11009]],"id":"feature_3444"},{"properties":{"depth":15},"type":"Polygon","arcs":[[11010,11011]],"id":"feature_3445"},{"properties":{"depth":15},"type":"Polygon","arcs":[[11012,11013,-11015,11014,11015,11016,11017,11018]],"id":"feature_3446"},{"properties":{"depth":15},"type":"Polygon","arcs":[[11019,11020]],"id":"feature_3447"},{"properties":{"depth":15},"type":"Polygon","arcs":[[11021,11022,11023]],"id":"feature_3448"},{"properties":{"depth":14},"type":"Polygon","arcs":[[11024,11025,11026,11027,11028,11029,11030,11031,11032,11033,11034,11035,11036,11037,11038,11039,11040]],"id":"feature_3449"},{"properties":{"depth":11},"type":"Polygon","arcs":[[-11047,-11050,11041,11042,11043,-11053,11044,11045,11046]],"id":"feature_3450"},{"properties":{"depth":12},"type":"Polygon","arcs":[[11047,11048,11049,11050,11051,11052],[-11054,11053]],"id":"feature_3451"},{"properties":{"depth":11},"type":"Polygon","arcs":[[11054,-12614,11055,11056,11057,11058,-12714,11059,-12712,-12711,12710,-12710,11060,11061,-12231,-13493,-12230,-13461,-12229,-13444,-12228,-13238,-12227,-12226,-12225,11062,-12211,11063,-12185,-13147,-12184,11064,-12290,11065,-13218,-12333,-12332,-12331,-12330,-12329,11066,-12345,11067,-12387,11068,-12343,11069,-12407,-12406,-12405,-13333,-12537,11070,-12547,-13433,-12551,-12550,-13439,-12555,-13437,-12594,-13435,-12546,-13520,-12681],[12302],[12637],[12511],[-12443,-12442],[12466],[12338],[11071],[12422],[12528],[11072],[12443],[12449]],"id":"feature_3452"},{"properties":{"depth":11},"type":"Polygon","arcs":[[11073]],"id":"feature_3453"},{"properties":{"depth":11},"type":"Polygon","arcs":[[-11625,11074,-11628,11075,11076,11077,11078,11079]],"id":"feature_3454"},{"properties":{"depth":11},"type":"Polygon","arcs":[[11080,11081,11082,11083,-11646]],"id":"feature_3455"},{"properties":{"depth":11},"type":"Polygon","arcs":[[11084,11085,11086,11087,11088,11089,-11634,-11633,-11632,-11631,-11630,-12782,-11642,11090,-11654],[-11636,-11637]],"id":"feature_3456"},{"properties":{"depth":11},"type":"Polygon","arcs":[[11091,11092,11093,-11648]],"id":"feature_3457"},{"properties":{"depth":11},"type":"Polygon","arcs":[[-11659,-11658,-11657,-12768,-11639,11094,11095,11096,11097,11098,11099]],"id":"feature_3458"},{"properties":{"depth":11},"type":"Polygon","arcs":[[11100,-11578]],"id":"feature_3459"},{"properties":{"depth":11},"type":"Polygon","arcs":[[11101,-11582,11102]],"id":"feature_3460"},{"properties":{"depth":11},"type":"Polygon","arcs":[[11103,-11664]],"id":"feature_3461"},{"properties":{"depth":11},"type":"Polygon","arcs":[[11104,-11560,-11559,-11558]],"id":"feature_3462"},{"properties":{"depth":11},"type":"Polygon","arcs":[[11105,-11675,11106,-11660]],"id":"feature_3463"},{"properties":{"depth":11},"type":"Polygon","arcs":[[11107,-11576,-11575,-11574,-11573]],"id":"feature_3464"},{"properties":{"depth":11},"type":"Polygon","arcs":[[11108,-11667,11109,-11668]],"id":"feature_3465"},{"properties":{"depth":11},"type":"Polygon","arcs":[[-11677,11110,11111,11112]],"id":"feature_3466"},{"properties":{"depth":11},"type":"Polygon","arcs":[[11598]],"id":"feature_3467"},{"properties":{"depth":11},"type":"Polygon","arcs":[[-11681,-11680,-11679,-12829,-12828,-12827,-11684,11113]],"id":"feature_3468"},{"properties":{"depth":11},"type":"Polygon","arcs":[[-11603,-11604]],"id":"feature_3469"},{"properties":{"depth":11},"type":"Polygon","arcs":[[-11689,11114]],"id":"feature_3470"},{"properties":{"depth":11},"type":"Polygon","arcs":[[-11602,-11601]],"id":"feature_3471"},{"properties":{"depth":11},"type":"Polygon","arcs":[[-12824,11115]],"id":"feature_3472"},{"properties":{"depth":11},"type":"Polygon","arcs":[[-12928,-13683,-11586,11116,11117,-13687,-12777,11118,-13711]],"id":"feature_3473"},{"properties":{"depth":11},"type":"Polygon","arcs":[[11119,-11695,-12834,-11687]],"id":"feature_3474"},{"properties":{"depth":11},"type":"Polygon","arcs":[[-11693,-11692,11120,-11705,-11704,-11703,11121,-11721,11122,11123,11124,11125,11126,11127,11128,11129,11130,11131,-11710,11132]],"id":"feature_3475"},{"properties":{"depth":11},"type":"Polygon","arcs":[[-11702,11133,-11713,11134,-11724,11135,11136,11137],[11138],[11139,11140]],"id":"feature_3476"},{"properties":{"depth":11},"type":"Polygon","arcs":[[11141,-12095],[11654]],"id":"feature_3477"},{"properties":{"depth":11},"type":"Polygon","arcs":[[-11709,11142]],"id":"feature_3478"},{"properties":{"depth":11},"type":"Polygon","arcs":[[11706,-11707]],"id":"feature_3479"},{"properties":{"depth":11},"type":"Polygon","arcs":[[11599]],"id":"feature_3480"},{"properties":{"depth":11},"type":"Polygon","arcs":[[-12093,-11204,-12091,11143,-12094]],"id":"feature_3481"},{"properties":{"depth":11},"type":"Polygon","arcs":[[-11728,-12853,11144,11145,11146,11147,11148,-12855]],"id":"feature_3482"},{"properties":{"depth":11},"type":"Polygon","arcs":[[11597]],"id":"feature_3483"},{"properties":{"depth":11},"type":"Polygon","arcs":[[-11741,11149]],"id":"feature_3484"},{"properties":{"depth":11},"type":"Polygon","arcs":[[11150,-11754,11151,-12851]],"id":"feature_3485"},{"properties":{"depth":11},"type":"Polygon","arcs":[[11595]],"id":"feature_3486"},{"properties":{"depth":11},"type":"Polygon","arcs":[[11152,-12914,-11839,11153,-12897,-11793,11154,-11747,11155,11156,11157,-11869,-12934,11158,-11828,-11827,-11826,11824,-11824,-11823,-11822,11818,11819,11820,-11818,11159],[11812],[-12903,-11800],[11752],[11160,-11784]],"id":"feature_3487"},{"properties":{"depth":11},"type":"Polygon","arcs":[[12107]],"id":"feature_3488"},{"properties":{"depth":11},"type":"Polygon","arcs":[[-11743,11161]],"id":"feature_3489"},{"properties":{"depth":11},"type":"Polygon","arcs":[[-11739,-11738,11162,-11740]],"id":"feature_3490"},{"properties":{"depth":11},"type":"Polygon","arcs":[[11604]],"id":"feature_3491"},{"properties":{"depth":11},"type":"Polygon","arcs":[[-11760,-11759,-11758,-11757,-11756,11163,11164,11165,11166,11167,11168,11169,11170,11171,11172]],"id":"feature_3492"},{"properties":{"depth":11},"type":"Polygon","arcs":[[11173,-11622,-11621,-11620]],"id":"feature_3493"},{"properties":{"depth":11},"type":"Polygon","arcs":[[-12899,-11802,11174,-11811]],"id":"feature_3494"},{"properties":{"depth":11},"type":"Polygon","arcs":[[11175,11176,11177,11178,-11612]],"id":"feature_3495"},{"properties":{"depth":11},"type":"Polygon","arcs":[[-11791,11179]],"id":"feature_3496"},{"properties":{"depth":11},"type":"Polygon","arcs":[[11180,-11618,-11617,-11616]],"id":"feature_3497"},{"properties":{"depth":11},"type":"Polygon","arcs":[[11181,-11614]],"id":"feature_3498"},{"properties":{"depth":11},"type":"Polygon","arcs":[[-11789,-11809,11182]],"id":"feature_3499"},{"properties":{"depth":11},"type":"Polygon","arcs":[[-11690,-12791,-11730,11183,11184,11185,-11697,-12793]],"id":"feature_3500"},{"properties":{"depth":11},"type":"Polygon","arcs":[[-11807,11186]],"id":"feature_3501"},{"properties":{"depth":11},"type":"Polygon","arcs":[[-11875,11187,11188,11189,11190,11191,11192,11193,11194,11195,-12032,11196,11197,11198,11199,11200,11201,-11880,-12919,-11846,11202],[-11894,-11895]],"id":"feature_3502"},{"properties":{"depth":11},"type":"Polygon","arcs":[[-12912,-11840]],"id":"feature_3503"},{"properties":{"depth":11},"type":"Polygon","arcs":[[11203,-12092]],"id":"feature_3504"},{"properties":{"depth":11},"type":"Polygon","arcs":[[-11844,11204]],"id":"feature_3505"},{"properties":{"depth":11},"type":"Polygon","arcs":[[-12890,-11751]],"id":"feature_3506"},{"properties":{"depth":11},"type":"Polygon","arcs":[[-11837,11205]],"id":"feature_3507"},{"properties":{"depth":11},"type":"Polygon","arcs":[[11206,-11904,11207,-11835]],"id":"feature_3508"},{"properties":{"depth":11},"type":"Polygon","arcs":[[-11833,11208]],"id":"feature_3509"},{"properties":{"depth":11},"type":"Polygon","arcs":[[-11886,11209,11210,-11848,11211,11212,11213,11214,11215]],"id":"feature_3510"},{"properties":{"depth":11},"type":"Polygon","arcs":[[11849,-11850]],"id":"feature_3511"},{"properties":{"depth":11},"type":"Polygon","arcs":[[-13084,-13700,-13083,-11872]],"id":"feature_3512"},{"properties":{"depth":11},"type":"Polygon","arcs":[[11216,12932,-11882,11217,-11971,11218,-11897,-12942,-11830]],"id":"feature_3513"},{"properties":{"depth":11},"type":"Polygon","arcs":[[-11831,-12940,11219]],"id":"feature_3514"},{"properties":{"depth":11},"type":"Polygon","arcs":[[11596]],"id":"feature_3515"},{"properties":{"depth":11},"type":"Polygon","arcs":[[-13081,-11873]],"id":"feature_3516"},{"properties":{"depth":11},"type":"Polygon","arcs":[[-11920,11220]],"id":"feature_3517"},{"properties":{"depth":11},"type":"Polygon","arcs":[[-12944,-11896,11221]],"id":"feature_3518"},{"properties":{"depth":11},"type":"Polygon","arcs":[[-13086,-11871]],"id":"feature_3519"},{"properties":{"depth":11},"type":"Polygon","arcs":[[11905]],"id":"feature_3520"},{"properties":{"depth":11},"type":"Polygon","arcs":[[-11927,-11926,-11925,-11924,-12905,-13725,11222]],"id":"feature_3521"},{"properties":{"depth":11},"type":"Polygon","arcs":[[-11902,11223]],"id":"feature_3522"},{"properties":{"depth":11},"type":"Polygon","arcs":[[-11590,-11589,-11588,11224,11225,11226]],"id":"feature_3523"},{"properties":{"depth":11},"type":"Polygon","arcs":[[-11918,11227]],"id":"feature_3524"},{"properties":{"depth":11},"type":"Polygon","arcs":[[-12957,-12956,-11815]],"id":"feature_3525"},{"properties":{"depth":11},"type":"Polygon","arcs":[[11228,-11911]],"id":"feature_3526"},{"properties":{"depth":11},"type":"Polygon","arcs":[[11229]],"id":"feature_3527"},{"properties":{"depth":11},"type":"Polygon","arcs":[[11230,-11949]],"id":"feature_3528"},{"properties":{"depth":11},"type":"Polygon","arcs":[[11231,-11233,-12097,-12983,-12096]],"id":"feature_3529"},{"properties":{"depth":11},"type":"Polygon","arcs":[[11906]],"id":"feature_3530"},{"properties":{"depth":11},"type":"Polygon","arcs":[[-12100,-12099,-13017,-12098,11232,11233,-11663,11234,-11736,-12881,-11735,-11734,-11733,-11732,-12884,-11750,-12867,-11749,-12915,-11816,-12953,-11746,-12951,-11814,11235],[11673],[11716],[11724],[11699],[11804],[11705]],"id":"feature_3531"},{"properties":{"depth":11},"type":"Polygon","arcs":[[-11994,11236],[11955]],"id":"feature_3532"},{"properties":{"depth":11},"type":"Polygon","arcs":[[-11913,11237]],"id":"feature_3533"},{"properties":{"depth":11},"type":"Polygon","arcs":[[-13092,-11810,-12089]],"id":"feature_3534"},{"properties":{"depth":11},"type":"Polygon","arcs":[[11920]],"id":"feature_3535"},{"properties":{"depth":11},"type":"Polygon","arcs":[[13018]],"id":"feature_3536"},{"properties":{"depth":11},"type":"Polygon","arcs":[[11922]],"id":"feature_3537"},{"properties":{"depth":11},"type":"Polygon","arcs":[[12106]],"id":"feature_3538"},{"properties":{"depth":11},"type":"Polygon","arcs":[[-11900,11238,-12172,11239,11240,11241,-12043,11242,-11985,11243,-12978,-11915,11244]],"id":"feature_3539"},{"properties":{"depth":11},"type":"Polygon","arcs":[[-12993,11245]],"id":"feature_3540"},{"properties":{"depth":11},"type":"Polygon","arcs":[[11921]],"id":"feature_3541"},{"properties":{"depth":11},"type":"Polygon","arcs":[[11594]],"id":"feature_3542"},{"properties":{"depth":11},"type":"Polygon","arcs":[[11246,-11982]],"id":"feature_3543"},{"properties":{"depth":11},"type":"Polygon","arcs":[[11247,-11997,-12972,-12073,-12981,-11996]],"id":"feature_3544"},{"properties":{"depth":11},"type":"Polygon","arcs":[[11248,-12145]],"id":"feature_3545"},{"properties":{"depth":11},"type":"Polygon","arcs":[[-12976,-11916]],"id":"feature_3546"},{"properties":{"depth":11},"type":"Polygon","arcs":[[-12147,11249]],"id":"feature_3547"},{"properties":{"depth":11},"type":"Polygon","arcs":[[-12987,-12068,-12985,-12057,11250,-12062,11251]],"id":"feature_3548"},{"properties":{"depth":11},"type":"Polygon","arcs":[[11252,-11992]],"id":"feature_3549"},{"properties":{"depth":11},"type":"Polygon","arcs":[[-11885,-11884]],"id":"feature_3550"},{"properties":{"depth":11},"type":"Polygon","arcs":[[11253,11254,11255,11256]],"id":"feature_3551"},{"properties":{"depth":11},"type":"Polygon","arcs":[[11257,-12148]],"id":"feature_3552"},{"properties":{"depth":11},"type":"Polygon","arcs":[[-12996,-12999,11258,-12041,-13011,-12109,-12040,-12990,-11990,-13004,11259]],"id":"feature_3553"},{"properties":{"depth":11},"type":"Polygon","arcs":[[-12964,-12087,11260]],"id":"feature_3554"},{"properties":{"depth":11},"type":"Polygon","arcs":[[-12936,-11606,-12970,-11609,-11608,-11607]],"id":"feature_3555"},{"properties":{"depth":11},"type":"Polygon","arcs":[[11261,-11262]],"id":"feature_3556"},{"properties":{"depth":11},"type":"Polygon","arcs":[[-12140,-12164,11262,-13676,11263,-12143,-12142,-12141]],"id":"feature_3557"},{"properties":{"depth":11},"type":"Polygon","arcs":[[11264,-12053,-13026,-12052,11265,-12119,11266,-12085,-12962,-12082],[12120]],"id":"feature_3558"},{"properties":{"depth":11},"type":"Polygon","arcs":[[11267,11268,11269,-11938]],"id":"feature_3559"},{"properties":{"depth":11},"type":"Polygon","arcs":[[-12002,11270,11271,11272]],"id":"feature_3560"},{"properties":{"depth":11},"type":"Polygon","arcs":[[11273,-12055]],"id":"feature_3561"},{"properties":{"depth":11},"type":"Polygon","arcs":[[-13009,-11537]],"id":"feature_3562"},{"properties":{"depth":11},"type":"Polygon","arcs":[[11274,11275,11276,11277,11278,-12003]],"id":"feature_3563"},{"properties":{"depth":11},"type":"Polygon","arcs":[[-12352,11279]],"id":"feature_3564"},{"properties":{"depth":11},"type":"Polygon","arcs":[[11280,11281,-12196,-13066,12134,11282,-12116,-12115,-12114,-12113,-12112,11283,11284,11285]],"id":"feature_3565"},{"properties":{"depth":11},"type":"Polygon","arcs":[[12105]],"id":"feature_3566"},{"properties":{"depth":11},"type":"Polygon","arcs":[[-12030,-12029,-12028,11286,11287,11288,11289]],"id":"feature_3567"},{"properties":{"depth":11},"type":"Polygon","arcs":[[-11936,-11935,-11934,-11933,-11932,-11931,-11930,11290,11291,-11891,11292],[11882]],"id":"feature_3568"},{"properties":{"depth":11},"type":"Polygon","arcs":[[-12007,-12006,-12005,11293,-12008]],"id":"feature_3569"},{"properties":{"depth":11},"type":"Polygon","arcs":[[11294,-12126]],"id":"feature_3570"},{"properties":{"depth":11},"type":"Polygon","arcs":[[12033]],"id":"feature_3571"},{"properties":{"depth":11},"type":"Polygon","arcs":[[-12392,-12391,-13383,-11979,-13048,-13047,-13046,11295,11296]],"id":"feature_3572"},{"properties":{"depth":11},"type":"Polygon","arcs":[[-13022,-12047]],"id":"feature_3573"},{"properties":{"depth":11},"type":"Polygon","arcs":[[11297,11298,-12163]],"id":"feature_3574"},{"properties":{"depth":11},"type":"Polygon","arcs":[[-12150,11299]],"id":"feature_3575"},{"properties":{"depth":11},"type":"Polygon","arcs":[[12032]],"id":"feature_3576"},{"properties":{"depth":11},"type":"Polygon","arcs":[[-11945,-11944,11300,-12354,11301,11302,11303,-13044,-11978,11304,-12946,-13728,-11946]],"id":"feature_3577"},{"properties":{"depth":11},"type":"Polygon","arcs":[[-12192,11305]],"id":"feature_3578"},{"properties":{"depth":11},"type":"Polygon","arcs":[[-12201,-12203,-13077,-12011,11306,11307,11308]],"id":"feature_3579"},{"properties":{"depth":11},"type":"Polygon","arcs":[[-13102,-12035]],"id":"feature_3580"},{"properties":{"depth":11},"type":"Polygon","arcs":[[12136,11309]],"id":"feature_3581"},{"properties":{"depth":11},"type":"Polygon","arcs":[[-12190,-13140,-12189,-12188,-12187,11310]],"id":"feature_3582"},{"properties":{"depth":11},"type":"Polygon","arcs":[[-12074,11311,-12069,-13069]],"id":"feature_3583"},{"properties":{"depth":11},"type":"Polygon","arcs":[[11312,11313,-12024,-12023]],"id":"feature_3584"},{"properties":{"depth":11},"type":"Polygon","arcs":[[11314,-12161]],"id":"feature_3585"},{"properties":{"depth":11},"type":"Polygon","arcs":[[12192]],"id":"feature_3586"},{"properties":{"depth":11},"type":"Polygon","arcs":[[11315,-12209]],"id":"feature_3587"},{"properties":{"depth":11},"type":"Polygon","arcs":[[-13050,-12037,-12036,-13100,-12038]],"id":"feature_3588"},{"properties":{"depth":11},"type":"Polygon","arcs":[[11316,-13145,-12180]],"id":"feature_3589"},{"properties":{"depth":11},"type":"Polygon","arcs":[[12164]],"id":"feature_3590"},{"properties":{"depth":11},"type":"Polygon","arcs":[[-12207,11317,-12311,-12310,11318,11319,11320,-12159,-12158,-12157,11321,-12124,11322,-12200,-12199,-12198,11323,11324,11325,11326,11327,11328,11329],[-12110,-12111],[-12122,-12123]],"id":"feature_3591"},{"properties":{"depth":11},"type":"Polygon","arcs":[[-12266,-12263,-12262,-13119,11330]],"id":"feature_3592"},{"properties":{"depth":11},"type":"Polygon","arcs":[[11331,-12260,-13163,-12259,-13150,-12253]],"id":"feature_3593"},{"properties":{"depth":11},"type":"Polygon","arcs":[[-12103,-12102,-13344]],"id":"feature_3594"},{"properties":{"depth":11},"type":"Polygon","arcs":[[11332,-12248,-12247,-12246,-13203,-12243,-13194,-12286,-13192,-12242,11333,-12240,11334,-13152,-12258]],"id":"feature_3595"},{"properties":{"depth":11},"type":"Polygon","arcs":[[12133]],"id":"feature_3596"},{"properties":{"depth":11},"type":"Polygon","arcs":[[-12018,11335,-12019]],"id":"feature_3597"},{"properties":{"depth":11},"type":"Polygon","arcs":[[12167]],"id":"feature_3598"},{"properties":{"depth":11},"type":"Polygon","arcs":[[-13063,-12276,11336,-13157,-12301,-13155,11337]],"id":"feature_3599"},{"properties":{"depth":11},"type":"Polygon","arcs":[[-13342,-11955,-12104]],"id":"feature_3600"},{"properties":{"depth":11},"type":"Polygon","arcs":[[-13176,11338,-13177]],"id":"feature_3601"},{"properties":{"depth":11},"type":"Polygon","arcs":[[11339,-12156,-12155,-12154]],"id":"feature_3602"},{"properties":{"depth":11},"type":"Polygon","arcs":[[-12014,11340,-12015]],"id":"feature_3603"},{"properties":{"depth":11},"type":"Polygon","arcs":[[-13295,-12244,-13201,-12245]],"id":"feature_3604"},{"properties":{"depth":11},"type":"Polygon","arcs":[[12166]],"id":"feature_3605"},{"properties":{"depth":11},"type":"Polygon","arcs":[[-12325,-13220,11341]],"id":"feature_3606"},{"properties":{"depth":11},"type":"Polygon","arcs":[[11609]],"id":"feature_3607"},{"properties":{"depth":11},"type":"Polygon","arcs":[[-13222,-12270,11342]],"id":"feature_3608"},{"properties":{"depth":11},"type":"Polygon","arcs":[[-11962,-13054,-11961,11343,-11951,-11950,-11953,11344]],"id":"feature_3609"},{"properties":{"depth":11},"type":"Polygon","arcs":[[11345,-12076]],"id":"feature_3610"},{"properties":{"depth":11},"type":"Polygon","arcs":[[12333]],"id":"feature_3611"},{"properties":{"depth":11},"type":"Polygon","arcs":[[11346,11347,11348,11349,11350,11351,11352,11353,-12083,11354,-11959,-11958,-11957,11355,11356,11357,11358,11359,11360,-11765,-12869,-12868,-11782,-11781,-11780,-11779,-11778,-11777,-11776,-11775,-11774,-11773,-11772,-11771,-11770,-11769,-11768,-11767,11361,11362,11363,11364,11365,11366,11367,11368,11369,11370,-11650,11371,11372,-11556,-11555,-11554,-11553,-11552,-12808,-11551,-11550,-11549,11373,-11547,-11546,-11545,-11544,-11543,-11542,11374],[-11711,-11712],[11841],[-11858,-11859],[12119],[11800],[-11798,-11797,-11796,-11795,-11794,-11799],[11982],[-11787,-11786,-11785,-11788],[-13001,-11878,-11877,-11876,-13003,-11909,-11908],[-12060,-12059,-12058,-12061],[-12255,-12256]],"id":"feature_3612"},{"properties":{"depth":11},"type":"Polygon","arcs":[[-12238,11375,-13284,-13283]],"id":"feature_3613"},{"properties":{"depth":11},"type":"Polygon","arcs":[[11376,-12327]],"id":"feature_3614"},{"properties":{"depth":11},"type":"Polygon","arcs":[[-11540,-11539,11377,11378,11379]],"id":"feature_3615"},{"properties":{"depth":11},"type":"Polygon","arcs":[[12358]],"id":"feature_3616"},{"properties":{"depth":11},"type":"Polygon","arcs":[[-13226,11380,-12381]],"id":"feature_3617"},{"properties":{"depth":11},"type":"Polygon","arcs":[[11381,-12132]],"id":"feature_3618"},{"properties":{"depth":11},"type":"Polygon","arcs":[[11382,11383,11384,-12130,-12129,-12128,11385,-12067]],"id":"feature_3619"},{"properties":{"depth":11},"type":"Polygon","arcs":[[-12088,-13357]],"id":"feature_3620"},{"properties":{"depth":11},"type":"Polygon","arcs":[[12165]],"id":"feature_3621"},{"properties":{"depth":11},"type":"Polygon","arcs":[[11386,-12419]],"id":"feature_3622"},{"properties":{"depth":11},"type":"Polygon","arcs":[[11387,-11941,-11940,11388,11389,11390,11391,11392,11393,11394,11395,11396,11397,11398,-12361,-13189,-12176,-12175,-12174],[11399,11400]],"id":"feature_3623"},{"properties":{"depth":11},"type":"Polygon","arcs":[[-13110,11401,-13160,-12363]],"id":"feature_3624"},{"properties":{"depth":11},"type":"Polygon","arcs":[[-13325,-12296,11402,-12279,-12278]],"id":"feature_3625"},{"properties":{"depth":11},"type":"Polygon","arcs":[[-13302,-12249]],"id":"feature_3626"},{"properties":{"depth":11},"type":"Polygon","arcs":[[-12222,-12221,-12220,-12219,12220,-12218,-12217,-12216,11403,11404]],"id":"feature_3627"},{"properties":{"depth":11},"type":"Polygon","arcs":[[12204,11405,-12294,-13245]],"id":"feature_3628"},{"properties":{"depth":11},"type":"Polygon","arcs":[[-13185,-13184,11406,-12366]],"id":"feature_3629"},{"properties":{"depth":11},"type":"Polygon","arcs":[[11407,-12178,-13167,-12349]],"id":"feature_3630"},{"properties":{"depth":11},"type":"Polygon","arcs":[[-12273,-13347,11408]],"id":"feature_3631"},{"properties":{"depth":11},"type":"Polygon","arcs":[[12379]],"id":"feature_3632"},{"properties":{"depth":11},"type":"Polygon","arcs":[[11409]],"id":"feature_3633"},{"properties":{"depth":11},"type":"Polygon","arcs":[[12249]],"id":"feature_3634"},{"properties":{"depth":11},"type":"Polygon","arcs":[[11410,-12308,-12307,-12306]],"id":"feature_3635"},{"properties":{"depth":11},"type":"Polygon","arcs":[[-13211,11411,-12389]],"id":"feature_3636"},{"properties":{"depth":11},"type":"Polygon","arcs":[[-12369,-12368,11412,-12370]],"id":"feature_3637"},{"properties":{"depth":11},"type":"Polygon","arcs":[[-13264,-12288,11413,-12285,-13240,-12261,-13247,-12293]],"id":"feature_3638"},{"properties":{"depth":11},"type":"Polygon","arcs":[[-12291,-13323,-12403]],"id":"feature_3639"},{"properties":{"depth":11},"type":"Polygon","arcs":[[-12324,-12323,-12322,-12321,-12320,-12319,-12318,-12317,-12316,11414]],"id":"feature_3640"},{"properties":{"depth":11},"type":"Polygon","arcs":[[-12378,-12377,-12376,-12375,-12374,-12373,-12372,11415]],"id":"feature_3641"},{"properties":{"depth":11},"type":"Polygon","arcs":[[11416]],"id":"feature_3642"},{"properties":{"depth":11},"type":"Polygon","arcs":[[-13355,-13745,-13354,-13353,-12388,-13351,-12338,-12337,-12336,-13349,-12272,11417,11418,11419,11420,11421,11422,11423,11424]],"id":"feature_3643"},{"properties":{"depth":11},"type":"Polygon","arcs":[[-12399,-13321]],"id":"feature_3644"},{"properties":{"depth":11},"type":"Polygon","arcs":[[-12451,11425,11426]],"id":"feature_3645"},{"properties":{"depth":11},"type":"Polygon","arcs":[[11427,-12563]],"id":"feature_3646"},{"properties":{"depth":11},"type":"Polygon","arcs":[[-13195,-12360,11428,-12561,-13455,-12496,-12495,-12494,-12745,-12341,-12302,-12742,-12741,-12340,-12736,-12735,-12484,11429,-13306,-12396,-13301,-12385,-13272,-12298,-13270,-13287,-12358,-12357,-12356,11430,-13197,-12210]],"id":"feature_3647"},{"properties":{"depth":11},"type":"Polygon","arcs":[[-12411,-12400,-13320,11431]],"id":"feature_3648"},{"properties":{"depth":11},"type":"Polygon","arcs":[[12455]],"id":"feature_3649"},{"properties":{"depth":11},"type":"Polygon","arcs":[[-12565,11432]],"id":"feature_3650"},{"properties":{"depth":11},"type":"Polygon","arcs":[[-12414,11433]],"id":"feature_3651"},{"properties":{"depth":11},"type":"Polygon","arcs":[[-13653,-12401]],"id":"feature_3652"},{"properties":{"depth":11},"type":"Polygon","arcs":[[-12567,11434,11435,11436,11437]],"id":"feature_3653"},{"properties":{"depth":11},"type":"Polygon","arcs":[[12403]],"id":"feature_3654"},{"properties":{"depth":11},"type":"Polygon","arcs":[[12497]],"id":"feature_3655"},{"properties":{"depth":11},"type":"Polygon","arcs":[[-12581,-12580,-12579,-12578,-12577,-12576,-12575,-12574,-12573,-12572,11438]],"id":"feature_3656"},{"properties":{"depth":11},"type":"Polygon","arcs":[[-12458,-13662]],"id":"feature_3657"},{"properties":{"depth":11},"type":"Polygon","arcs":[[11439,11440,11441,11442,11443,11444,11445,-12519]],"id":"feature_3658"},{"properties":{"depth":11},"type":"Polygon","arcs":[[-12585,-12584,-12583,11446,11447,11448]],"id":"feature_3659"},{"properties":{"depth":11},"type":"Polygon","arcs":[[-13367,-12236]],"id":"feature_3660"},{"properties":{"depth":11},"type":"Polygon","arcs":[[-12524,-13405,-13404,-12523,11449,-12531,11450]],"id":"feature_3661"},{"properties":{"depth":11},"type":"Polygon","arcs":[[-13359,-12252]],"id":"feature_3662"},{"properties":{"depth":11},"type":"Polygon","arcs":[[12440]],"id":"feature_3663"},{"properties":{"depth":11},"type":"Polygon","arcs":[[-13469,-12533,11451,11452,11453,-12521,11454,-12500]],"id":"feature_3664"},{"properties":{"depth":11},"type":"Polygon","arcs":[[-13136,-12470]],"id":"feature_3665"},{"properties":{"depth":11},"type":"Polygon","arcs":[[12610]],"id":"feature_3666"},{"properties":{"depth":11},"type":"Polygon","arcs":[[12481],[11455]],"id":"feature_3667"},{"properties":{"depth":11},"type":"Polygon","arcs":[[-12517,-12516,-13542,11456,11457]],"id":"feature_3668"},{"properties":{"depth":11},"type":"Polygon","arcs":[[-12428,-13420,11458,12513,11459]],"id":"feature_3669"},{"properties":{"depth":11},"type":"Polygon","arcs":[[-13393,-12446,-13645,-12590,11460,12498,11461,-12466]],"id":"feature_3670"},{"properties":{"depth":11},"type":"Polygon","arcs":[[11462,-12603]],"id":"feature_3671"},{"properties":{"depth":11},"type":"Polygon","arcs":[[11463,-12651]],"id":"feature_3672"},{"properties":{"depth":11},"type":"Polygon","arcs":[[-12439,11464,-13431]],"id":"feature_3673"},{"properties":{"depth":11},"type":"Polygon","arcs":[[11465,-13748,-13530,11466,-12623]],"id":"feature_3674"},{"properties":{"depth":11},"type":"Polygon","arcs":[[-12656,-12655,-12654,11467]],"id":"feature_3675"},{"properties":{"depth":11},"type":"Polygon","arcs":[[11468,-12643,11469,12596,11470,-12435]],"id":"feature_3676"},{"properties":{"depth":11},"type":"Polygon","arcs":[[11471,11472,-12658]],"id":"feature_3677"},{"properties":{"depth":11},"type":"Polygon","arcs":[[11473,-13373,-13372,-13371,-12235,11474,11475,11476,-12485]],"id":"feature_3678"},{"properties":{"depth":11},"type":"Polygon","arcs":[[-12629,-13492,-12627,11477]],"id":"feature_3679"},{"properties":{"depth":11},"type":"Polygon","arcs":[[-12481,11478,-13112]],"id":"feature_3680"},{"properties":{"depth":11},"type":"Polygon","arcs":[[-13481,-12526,11479,12557]],"id":"feature_3681"},{"properties":{"depth":11},"type":"Polygon","arcs":[[-13463,-12251]],"id":"feature_3682"},{"properties":{"depth":11},"type":"Polygon","arcs":[[-13490,-12628]],"id":"feature_3683"},{"properties":{"depth":11},"type":"Polygon","arcs":[[11480,-12503]],"id":"feature_3684"},{"properties":{"depth":11},"type":"Polygon","arcs":[[-13536,-13535,-13534,11481,-12621,-12620,-12619,13535]],"id":"feature_3685"},{"properties":{"depth":11},"type":"Polygon","arcs":[[11482,-12535]],"id":"feature_3686"},{"properties":{"depth":11},"type":"Polygon","arcs":[[-12676,11483,-12649,11484]],"id":"feature_3687"},{"properties":{"depth":11},"type":"Polygon","arcs":[[12547]],"id":"feature_3688"},{"properties":{"depth":11},"type":"Polygon","arcs":[[-13605,-12600]],"id":"feature_3689"},{"properties":{"depth":11},"type":"Polygon","arcs":[[-12726,-13561,-12632,-12631,11485]],"id":"feature_3690"},{"properties":{"depth":11},"type":"Polygon","arcs":[[-13331,-13330,11486]],"id":"feature_3691"},{"properties":{"depth":11},"type":"Polygon","arcs":[[-12595,11487,11488,11489]],"id":"feature_3692"},{"properties":{"depth":11},"type":"Polygon","arcs":[[11490,-13551,-12601,-13603,-13602,-13601]],"id":"feature_3693"},{"properties":{"depth":11},"type":"Polygon","arcs":[[11491,11492,11493,11494,-12479]],"id":"feature_3694"},{"properties":{"depth":11},"type":"Polygon","arcs":[[-13559,-13558,-12634,-12633]],"id":"feature_3695"},{"properties":{"depth":11},"type":"Polygon","arcs":[[-12445,-13449,-12554,-13472,-12553,11495,-12674,11496,-12431,11497,-12591,11498,-13446]],"id":"feature_3696"},{"properties":{"depth":11},"type":"Polygon","arcs":[[-13575,-12587,11499]],"id":"feature_3697"},{"properties":{"depth":11},"type":"Polygon","arcs":[[11500,-13599,-12599]],"id":"feature_3698"},{"properties":{"depth":11},"type":"Polygon","arcs":[[12661]],"id":"feature_3699"},{"properties":{"depth":11},"type":"Polygon","arcs":[[11501,11502,11503,-13205]],"id":"feature_3700"},{"properties":{"depth":11},"type":"Polygon","arcs":[[11504,-12703,-12702,-12701]],"id":"feature_3701"},{"properties":{"depth":11},"type":"Polygon","arcs":[[11505,11506,-12718,11507,11508,11509,11510,11511]],"id":"feature_3702"},{"properties":{"depth":11},"type":"Polygon","arcs":[[-12545,11512,-13500]],"id":"feature_3703"},{"properties":{"depth":11},"type":"Polygon","arcs":[[-12642,-13636,11513,-12639]],"id":"feature_3704"},{"properties":{"depth":11},"type":"Polygon","arcs":[[11514,-12679,-12678,11515,-12647,11516,-12433]],"id":"feature_3705"},{"properties":{"depth":11},"type":"Polygon","arcs":[[11517,-12664]],"id":"feature_3706"},{"properties":{"depth":11},"type":"Polygon","arcs":[[-12645,11518]],"id":"feature_3707"},{"properties":{"depth":11},"type":"Polygon","arcs":[[11519]],"id":"feature_3708"},{"properties":{"depth":11},"type":"Polygon","arcs":[[12636]],"id":"feature_3709"},{"properties":{"depth":11},"type":"Polygon","arcs":[[12665]],"id":"feature_3710"},{"properties":{"depth":11},"type":"Polygon","arcs":[[11520,-12682]],"id":"feature_3711"},{"properties":{"depth":11},"type":"Polygon","arcs":[[11521,-13510]],"id":"feature_3712"},{"properties":{"depth":11},"type":"Polygon","arcs":[[-13516,-13515,11522]],"id":"feature_3713"},{"properties":{"depth":11},"type":"Polygon","arcs":[[-12616,11523,-13592,-13591,-12673,-13594,11524]],"id":"feature_3714"},{"properties":{"depth":11},"type":"Polygon","arcs":[[11525,-12672,-12671,-12670]],"id":"feature_3715"},{"properties":{"depth":11},"type":"Polygon","arcs":[[11526,-13508]],"id":"feature_3716"},{"properties":{"depth":11},"type":"Polygon","arcs":[[11527,-12694,-12693,-12692,-12691]],"id":"feature_3717"},{"properties":{"depth":11},"type":"Polygon","arcs":[[11528,-12541]],"id":"feature_3718"},{"properties":{"depth":11},"type":"Polygon","arcs":[[11529,-12543]],"id":"feature_3719"},{"properties":{"depth":11},"type":"Polygon","arcs":[[11530,-12668]],"id":"feature_3720"},{"properties":{"depth":11},"type":"Polygon","arcs":[[-12728,11531,11532]],"id":"feature_3721"},{"properties":{"depth":11},"type":"Polygon","arcs":[[-12754,11533,-12748,-12493,11534]],"id":"feature_3722"},{"properties":{"depth":11},"type":"Polygon","arcs":[[11535,-12698]],"id":"feature_3723"},{"properties":{"depth":12},"type":"Polygon","arcs":[[11536,-13008,11537,11538,11539,11540,11541,11542,11543,11544,11545,11546,11547,11548,11549,11550,-12814,-12813,-12812,-12811,-12810,-12809,11551,11552,11553,11554,11555,11556,11557,11558,11559,11560,11561,11562,11563,11564,11565,11566,11567,11568,11569,11570,11571,11572,11573,11574,11575,11576,11577,11578,11579,11580,11581,11582,11583,11584,11585,-13682,-12927,-12926,12925,-12924,11586,11587,11588,11589,11590,11591,11592,11593,-13006],[11594],[13141],[11595],[11596],[11597],[11598],[-13025,-13024],[11599],[11600,11601],[11602,11603],[11604],[-12971,11605,-12939,-12938,-12937,11606,11607,11608],[11609],[-12767,11610,11611,11612,11613,11614,11615,11616,11617,11618,11619,11620,11621,11622]],"id":"feature_3724"},{"properties":{"depth":12},"type":"Polygon","arcs":[[11623,11624]],"id":"feature_3725"},{"properties":{"depth":12},"type":"Polygon","arcs":[[11625,-12765,11626,11627]],"id":"feature_3726"},{"properties":{"depth":12},"type":"Polygon","arcs":[[11628,-12779,11629,11630,11631,11632,11633]],"id":"feature_3727"},{"properties":{"depth":12},"type":"Polygon","arcs":[[-12761,11634]],"id":"feature_3728"},{"properties":{"depth":12},"type":"Polygon","arcs":[[11635,11636]],"id":"feature_3729"},{"properties":{"depth":12},"type":"Polygon","arcs":[[-12776,11637,11638]],"id":"feature_3730"},{"properties":{"depth":12},"type":"Polygon","arcs":[[11639]],"id":"feature_3731"},{"properties":{"depth":12},"type":"Polygon","arcs":[[-12781,11640,11641]],"id":"feature_3732"},{"properties":{"depth":12},"type":"Polygon","arcs":[[11642,11643,11644,11645,11646,11647,11648,11649]],"id":"feature_3733"},{"properties":{"depth":12},"type":"Polygon","arcs":[[11650,12799,11651,12800,11652,11653]],"id":"feature_3734"},{"properties":{"depth":12},"type":"Polygon","arcs":[[11654]],"id":"feature_3735"},{"properties":{"depth":12},"type":"Polygon","arcs":[[11655,-12769,11656,11657,11658]],"id":"feature_3736"},{"properties":{"depth":12},"type":"Polygon","arcs":[[11659,11660]],"id":"feature_3737"},{"properties":{"depth":12},"type":"Polygon","arcs":[[11661,11662]],"id":"feature_3738"},{"properties":{"depth":12},"type":"Polygon","arcs":[[11663,11664]],"id":"feature_3739"},{"properties":{"depth":12},"type":"Polygon","arcs":[[11665,11666]],"id":"feature_3740"},{"properties":{"depth":12},"type":"Polygon","arcs":[[11667,11668,-12816,11669,-12806,-12805,-12804,-12803,-12802,11670,-12773,-12772,-12771,11671]],"id":"feature_3741"},{"properties":{"depth":12},"type":"Polygon","arcs":[[11672]],"id":"feature_3742"},{"properties":{"depth":12},"type":"Polygon","arcs":[[11673]],"id":"feature_3743"},{"properties":{"depth":12},"type":"Polygon","arcs":[[11674,11675,11676,11677]],"id":"feature_3744"},{"properties":{"depth":12},"type":"Polygon","arcs":[[-12830,11678,11679,11680,11681]],"id":"feature_3745"},{"properties":{"depth":12},"type":"Polygon","arcs":[[11682,11683,-12826]],"id":"feature_3746"},{"properties":{"depth":12},"type":"Polygon","arcs":[[-12862,11684]],"id":"feature_3747"},{"properties":{"depth":12},"type":"Polygon","arcs":[[11685,11686,-12833,11687,11688]],"id":"feature_3748"},{"properties":{"depth":12},"type":"Polygon","arcs":[[-12792,11689]],"id":"feature_3749"},{"properties":{"depth":12},"type":"Polygon","arcs":[[11690,11691,11692,11693,-12822]],"id":"feature_3750"},{"properties":{"depth":12},"type":"Polygon","arcs":[[11694,11695,-12839,-12838,-12837,-12836,-12835]],"id":"feature_3751"},{"properties":{"depth":12},"type":"Polygon","arcs":[[-12794,11696,11697]],"id":"feature_3752"},{"properties":{"depth":12},"type":"Polygon","arcs":[[11698,-12845]],"id":"feature_3753"},{"properties":{"depth":12},"type":"Polygon","arcs":[[11699]],"id":"feature_3754"},{"properties":{"depth":12},"type":"Polygon","arcs":[[11700,11701,11702,11703,11704]],"id":"feature_3755"},{"properties":{"depth":12},"type":"Polygon","arcs":[[11705]],"id":"feature_3756"},{"properties":{"depth":12},"type":"Polygon","arcs":[[11706,11707,11708,11709]],"id":"feature_3757"},{"properties":{"depth":12},"type":"Polygon","arcs":[[11710,11711]],"id":"feature_3758"},{"properties":{"depth":12},"type":"Polygon","arcs":[[12864]],"id":"feature_3759"},{"properties":{"depth":12},"type":"Polygon","arcs":[[11712,11713,11714,11715]],"id":"feature_3760"},{"properties":{"depth":12},"type":"Polygon","arcs":[[12863]],"id":"feature_3761"},{"properties":{"depth":12},"type":"Polygon","arcs":[[11716]],"id":"feature_3762"},{"properties":{"depth":12},"type":"Polygon","arcs":[[11717]],"id":"feature_3763"},{"properties":{"depth":12},"type":"Polygon","arcs":[[-12832,11718,-12817,-13673]],"id":"feature_3764"},{"properties":{"depth":12},"type":"Polygon","arcs":[[11719,11720,11721,11722,11723]],"id":"feature_3765"},{"properties":{"depth":12},"type":"Polygon","arcs":[[11724]],"id":"feature_3766"},{"properties":{"depth":12},"type":"Polygon","arcs":[[11725,11726]],"id":"feature_3767"},{"properties":{"depth":12},"type":"Polygon","arcs":[[11727,-12854]],"id":"feature_3768"},{"properties":{"depth":12},"type":"Polygon","arcs":[[11728,11729,-12790,-12789,-12788,-12787,-12786,-12785,11730,-12885,11731,11732,11733,11734,-12880,11735,11736,11737,11738,11739]],"id":"feature_3769"},{"properties":{"depth":12},"type":"Polygon","arcs":[[11740,11741,11742,11743,-12849,11744]],"id":"feature_3770"},{"properties":{"depth":12},"type":"Polygon","arcs":[[11745,-12952]],"id":"feature_3771"},{"properties":{"depth":12},"type":"Polygon","arcs":[[11746,11747]],"id":"feature_3772"},{"properties":{"depth":12},"type":"Polygon","arcs":[[-12916,11748,-12866,11749,-12892,-13692,-12891,11750,-12889,11751]],"id":"feature_3773"},{"properties":{"depth":12},"type":"Polygon","arcs":[[11752]],"id":"feature_3774"},{"properties":{"depth":12},"type":"Polygon","arcs":[[11753,11754,11755,11756,11757,11758,11759,11760,-12883,11761,11762,11763]],"id":"feature_3775"},{"properties":{"depth":12},"type":"Polygon","arcs":[[-12879,-12878,-12877,-12876,-12875,-12874,-12873,-12872,-12871,-12870,11764,11765,11766,11767,11768,11769,11770,11771,11772,11773,11774,11775,11776,11777,11778,11779,11780,11781]],"id":"feature_3776"},{"properties":{"depth":12},"type":"Polygon","arcs":[[11782,11783]],"id":"feature_3777"},{"properties":{"depth":12},"type":"Polygon","arcs":[[11784,11785,11786,11787]],"id":"feature_3778"},{"properties":{"depth":12},"type":"Polygon","arcs":[[-12896,11788,11789,11790,11791,11792]],"id":"feature_3779"},{"properties":{"depth":12},"type":"Polygon","arcs":[[11793,11794,11795,11796,11797,11798]],"id":"feature_3780"},{"properties":{"depth":12},"type":"Polygon","arcs":[[11799,-12904]],"id":"feature_3781"},{"properties":{"depth":12},"type":"Polygon","arcs":[[11800]],"id":"feature_3782"},{"properties":{"depth":12},"type":"Polygon","arcs":[[11801,-12898,11802,11803]],"id":"feature_3783"},{"properties":{"depth":12},"type":"Polygon","arcs":[[11804]],"id":"feature_3784"},{"properties":{"depth":12},"type":"Polygon","arcs":[[11805,11806,11807,11808,-12895,-12894]],"id":"feature_3785"},{"properties":{"depth":12},"type":"Polygon","arcs":[[11809,-13091]],"id":"feature_3786"},{"properties":{"depth":12},"type":"Polygon","arcs":[[-12900,11810,11811]],"id":"feature_3787"},{"properties":{"depth":12},"type":"Polygon","arcs":[[11812]],"id":"feature_3788"},{"properties":{"depth":12},"type":"Polygon","arcs":[[11813,-12958,11814,-12955,-12954,11815,-12918,11816]],"id":"feature_3789"},{"properties":{"depth":12},"type":"Polygon","arcs":[[11817,11818,11819,11820,11821,11822,11823,11824,11825,11826,11827,11828,11829,-12941,11830,11831,11832,11833,11834,11835,11836,11837,11838,-12913,11839,-12911,11840]],"id":"feature_3790"},{"properties":{"depth":12},"type":"Polygon","arcs":[[11841]],"id":"feature_3791"},{"properties":{"depth":12},"type":"Polygon","arcs":[[11842]],"id":"feature_3792"},{"properties":{"depth":12},"type":"Polygon","arcs":[[11843,11844,11845,-12922,11846,11847,11848,11849,11850,11851,11852,11853,11854,11855,11856]],"id":"feature_3793"},{"properties":{"depth":12},"type":"Polygon","arcs":[[11857,11858]],"id":"feature_3794"},{"properties":{"depth":12},"type":"Polygon","arcs":[[11859,11860,11861,11862,11863,11864,11865,11866,11867,-12935,11868]],"id":"feature_3795"},{"properties":{"depth":12},"type":"Polygon","arcs":[[11869,-13087,11870,-13085,11871,-13082,11872,-13105]],"id":"feature_3796"},{"properties":{"depth":12},"type":"Polygon","arcs":[[11873,11874]],"id":"feature_3797"},{"properties":{"depth":12},"type":"Polygon","arcs":[[-13000,11875,11876,11877]],"id":"feature_3798"},{"properties":{"depth":12},"type":"Polygon","arcs":[[11878,-12920,11879]],"id":"feature_3799"},{"properties":{"depth":12},"type":"Polygon","arcs":[[11880,11881,-12933,-12932]],"id":"feature_3800"},{"properties":{"depth":12},"type":"Polygon","arcs":[[11882],[11883,11884]],"id":"feature_3801"},{"properties":{"depth":12},"type":"Polygon","arcs":[[11885,11886,11887,11888]],"id":"feature_3802"},{"properties":{"depth":12},"type":"Polygon","arcs":[[11889,11890,11891,11892]],"id":"feature_3803"},{"properties":{"depth":12},"type":"Polygon","arcs":[[11893,11894]],"id":"feature_3804"},{"properties":{"depth":12},"type":"Polygon","arcs":[[11895,-12943,11896,11897,-13016,11898,11899,11900,11901,11902,11903,11904],[11905],[11906]],"id":"feature_3805"},{"properties":{"depth":12},"type":"Polygon","arcs":[[-13002,11907,11908]],"id":"feature_3806"},{"properties":{"depth":12},"type":"Polygon","arcs":[[11909,11910,11911,11912,11913,11914,-12977,11915,-12975,11916,11917,11918,11919],[11920],[11921],[11922]],"id":"feature_3807"},{"properties":{"depth":12},"type":"Polygon","arcs":[[11923,11924,11925,11926,11927,11928,11929,11930,11931,11932,11933,11934,11935,11936,11937,11938,11939,11940,11941,11942,11943,11944,11945,-13727,-12910,-12909,-12908,-12907,-12906]],"id":"feature_3808"},{"properties":{"depth":12},"type":"Polygon","arcs":[[11946,-12968,11947,11948]],"id":"feature_3809"},{"properties":{"depth":12},"type":"Polygon","arcs":[[11949,11950,11951,11952]],"id":"feature_3810"},{"properties":{"depth":12},"type":"Polygon","arcs":[[11953,-12949]],"id":"feature_3811"},{"properties":{"depth":12},"type":"Polygon","arcs":[[11954,-13341]],"id":"feature_3812"},{"properties":{"depth":12},"type":"Polygon","arcs":[[11955]],"id":"feature_3813"},{"properties":{"depth":12},"type":"Polygon","arcs":[[11956,11957,11958,11959,11960,-13055,11961,11962,11963,11964,11965,11966]],"id":"feature_3814"},{"properties":{"depth":12},"type":"Polygon","arcs":[[11967,11968,11969,11970]],"id":"feature_3815"},{"properties":{"depth":12},"type":"Polygon","arcs":[[-13382,11971,11972,11973,-13029,11974,-13014,-13737,-12995,11975,11976,11977,11978]],"id":"feature_3816"},{"properties":{"depth":12},"type":"Polygon","arcs":[[11979,-12966,11980,11981]],"id":"feature_3817"},{"properties":{"depth":12},"type":"Polygon","arcs":[[11982]],"id":"feature_3818"},{"properties":{"depth":12},"type":"Polygon","arcs":[[11983,11984,11985,11986,11987,-12997,-12996,11988,13003,11989,-12989,11990,11991,11992,11993,11994,11995,-12980],[-13004,-13005]],"id":"feature_3819"},{"properties":{"depth":12},"type":"Polygon","arcs":[[-12973,11996,11997,11998,11999]],"id":"feature_3820"},{"properties":{"depth":12},"type":"Polygon","arcs":[[12000,12001,12002,12003,12004,12005,12006,12007,12008,12009,-13053,12010,-13076,12011,12012,12013,12014,12015,12016,12017,12018,12019,12020,12021,12022,12023,12024,12025,12026,12027,12028,12029,12030,12031],[12032],[12033],[13048]],"id":"feature_3821"},{"properties":{"depth":12},"type":"Polygon","arcs":[[-13103,12034,-13101,12035,12036,-13051,12037,-13099,-13098,-13097,12038]],"id":"feature_3822"},{"properties":{"depth":12},"type":"Polygon","arcs":[[-12991,12039,-13012,12040,12041,12042,12043,12044,12045,-13023,12046,-13021,12047,-13043,-13042,-13041,12048,12049,12050,12051,-13027,12052,12053,12054,12055,12056]],"id":"feature_3823"},{"properties":{"depth":12},"type":"Polygon","arcs":[[12057,12058,12059,12060]],"id":"feature_3824"},{"properties":{"depth":12},"type":"Polygon","arcs":[[12061,12062,-12959,12063]],"id":"feature_3825"},{"properties":{"depth":12},"type":"Polygon","arcs":[[12064,12065,12066]],"id":"feature_3826"},{"properties":{"depth":12},"type":"Polygon","arcs":[[12067,-12986]],"id":"feature_3827"},{"properties":{"depth":12},"type":"Polygon","arcs":[[-13070,12068,12069,12070,12071]],"id":"feature_3828"},{"properties":{"depth":12},"type":"Polygon","arcs":[[12072,-12982]],"id":"feature_3829"},{"properties":{"depth":12},"type":"Polygon","arcs":[[12073,-13068,12074,12075,12076,12077,12078,12079]],"id":"feature_3830"},{"properties":{"depth":12},"type":"Polygon","arcs":[[12080,12081,-12961]],"id":"feature_3831"},{"properties":{"depth":12},"type":"Polygon","arcs":[[12082,12083]],"id":"feature_3832"},{"properties":{"depth":12},"type":"Polygon","arcs":[[-12963,12084,12085,12086]],"id":"feature_3833"},{"properties":{"depth":12},"type":"Polygon","arcs":[[12087,-13356]],"id":"feature_3834"},{"properties":{"depth":12},"type":"Polygon","arcs":[[-13095,-13094,-13093,12088,-13090,12089,12090,12091,12092,12093,12094,12095,-12984,12096,12097,-13018,12098,12099,12100,-13345,12101,12102,-13343,12103,-13340,12104],[12901],[12105],[12106],[12107]],"id":"feature_3835"},{"properties":{"depth":12},"type":"Polygon","arcs":[[12108,-13010]],"id":"feature_3836"},{"properties":{"depth":12},"type":"Polygon","arcs":[[12109,12110]],"id":"feature_3837"},{"properties":{"depth":12},"type":"Polygon","arcs":[[12111,12112,12113,12114,12115,12116]],"id":"feature_3838"},{"properties":{"depth":12},"type":"Polygon","arcs":[[12117,12118]],"id":"feature_3839"},{"properties":{"depth":12},"type":"Polygon","arcs":[[12119]],"id":"feature_3840"},{"properties":{"depth":12},"type":"Polygon","arcs":[[12120]],"id":"feature_3841"},{"properties":{"depth":12},"type":"Polygon","arcs":[[12121,12122]],"id":"feature_3842"},{"properties":{"depth":12},"type":"Polygon","arcs":[[12123,12124,12125,12126,12127,12128,12129,12130,12131,12132],[12133]],"id":"feature_3843"},{"properties":{"depth":12},"type":"Polygon","arcs":[[12134,12135,12136,12137,13158,12138,13064]],"id":"feature_3844"},{"properties":{"depth":12},"type":"Polygon","arcs":[[12139,12140,12141,12142,12143,12144,12145,12146,12147,12148,12149,12150,12151,12152,12153,12154,12155,12156,12157,12158,12159,12160,12161,12162,12163],[12164],[12165],[12166],[12167]],"id":"feature_3845"},{"properties":{"depth":12},"type":"Polygon","arcs":[[12168,12169,12170,12171]],"id":"feature_3846"},{"properties":{"depth":12},"type":"Polygon","arcs":[[12172,12173,12174,12175,-13188,-13187,-13186,-13198]],"id":"feature_3847"},{"properties":{"depth":12},"type":"Polygon","arcs":[[12176,-13169,-13168,12177]],"id":"feature_3848"},{"properties":{"depth":12},"type":"Polygon","arcs":[[12178,12179,-13144,12180,-13107,12181,12182,12183,-13148,12184,12185,12186,12187,12188,-13141,12189,12190,12191],[12192],[13164],[-13177,12193,-13180,-13179,-13178]],"id":"feature_3849"},{"properties":{"depth":12},"type":"Polygon","arcs":[[12194,-13056,12195]],"id":"feature_3850"},{"properties":{"depth":12},"type":"Polygon","arcs":[[12196,12197,12198,12199]],"id":"feature_3851"},{"properties":{"depth":12},"type":"Polygon","arcs":[[12200,12201,-13078,12202]],"id":"feature_3852"},{"properties":{"depth":12},"type":"Polygon","arcs":[[12203,13242,13243,12204]],"id":"feature_3853"},{"properties":{"depth":12},"type":"Polygon","arcs":[[12205,12206]],"id":"feature_3854"},{"properties":{"depth":12},"type":"Polygon","arcs":[[12207,-13071,12208]],"id":"feature_3855"},{"properties":{"depth":12},"type":"Polygon","arcs":[[12209,-13196]],"id":"feature_3856"},{"properties":{"depth":12},"type":"Polygon","arcs":[[12210,12211]],"id":"feature_3857"},{"properties":{"depth":12},"type":"Polygon","arcs":[[12212,12213,12214,12215,12216,12217,-12221,12218,12219,12220,12221,12222,-13277,-13276,-13275]],"id":"feature_3858"},{"properties":{"depth":12},"type":"Polygon","arcs":[[12223,12224,12225,12226,-13239,12227,-13443,-13442,13441,-13441,-13440,12228,-13462,12229,-13494,12230,12231,12232,12233,12234,-13370,13368,-13368,12235,-13378,12236,12237,-13286,12238,12239,12240,12241,-13191,12242,-13202,12243,-13294,12244,-13200,12245,12246,12247],[13487],[13268],[13362],[-13303,12248,-13305,-13304],[12249],[13364],[-13464,12250],[12251,-13360]],"id":"feature_3859"},{"properties":{"depth":12},"type":"Polygon","arcs":[[12252,-13149,12253]],"id":"feature_3860"},{"properties":{"depth":12},"type":"Polygon","arcs":[[12254,12255]],"id":"feature_3861"},{"properties":{"depth":12},"type":"Polygon","arcs":[[12256,12257,-13151,12258,-13164,12259]],"id":"feature_3862"},{"properties":{"depth":12},"type":"Polygon","arcs":[[-13248,12260]],"id":"feature_3863"},{"properties":{"depth":12},"type":"Polygon","arcs":[[-13122,-13121,-13120,12261,12262]],"id":"feature_3864"},{"properties":{"depth":12},"type":"Polygon","arcs":[[-13235,-13234,-13233,-13232,-13231,12263,-12282,12264,-13123,12265,12266,12267,12268,12269]],"id":"feature_3865"},{"properties":{"depth":12},"type":"Polygon","arcs":[[-13279,12270]],"id":"feature_3866"},{"properties":{"depth":12},"type":"Polygon","arcs":[[12271,-13348,12272,12273]],"id":"feature_3867"},{"properties":{"depth":12},"type":"Polygon","arcs":[[-13062,12274,12275]],"id":"feature_3868"},{"properties":{"depth":12},"type":"Polygon","arcs":[[13357]],"id":"feature_3869"},{"properties":{"depth":12},"type":"Polygon","arcs":[[12276,-13080]],"id":"feature_3870"},{"properties":{"depth":12},"type":"Polygon","arcs":[[12277,12278,12279,-13317]],"id":"feature_3871"},{"properties":{"depth":12},"type":"Polygon","arcs":[[-13125,12280,12281,12282]],"id":"feature_3872"},{"properties":{"depth":12},"type":"Polygon","arcs":[[12283,-13241,12284]],"id":"feature_3873"},{"properties":{"depth":12},"type":"Polygon","arcs":[[-13193,12285]],"id":"feature_3874"},{"properties":{"depth":12},"type":"Polygon","arcs":[[-13263,12286,12287]],"id":"feature_3875"},{"properties":{"depth":12},"type":"Polygon","arcs":[[12288,12289]],"id":"feature_3876"},{"properties":{"depth":12},"type":"Polygon","arcs":[[-13324,12290,12291,-13267,-13266,-13265,12292,-13246,12293,12294,12295]],"id":"feature_3877"},{"properties":{"depth":12},"type":"Polygon","arcs":[[12296,-13039]],"id":"feature_3878"},{"properties":{"depth":12},"type":"Polygon","arcs":[[12297,-13271]],"id":"feature_3879"},{"properties":{"depth":12},"type":"Polygon","arcs":[[12298,-13214]],"id":"feature_3880"},{"properties":{"depth":12},"type":"Polygon","arcs":[[-13282,12299,-13288]],"id":"feature_3881"},{"properties":{"depth":12},"type":"Polygon","arcs":[[12300,-13156]],"id":"feature_3882"},{"properties":{"depth":12},"type":"Polygon","arcs":[[12301,-12743]],"id":"feature_3883"},{"properties":{"depth":12},"type":"Polygon","arcs":[[12302]],"id":"feature_3884"},{"properties":{"depth":12},"type":"Polygon","arcs":[[12303,-13127]],"id":"feature_3885"},{"properties":{"depth":12},"type":"Polygon","arcs":[[12304,12305,12306,12307,12308,12309,12310,12311,12312,12313,12314,12315,12316,12317,12318,12319,12320,12321,12322,12323]],"id":"feature_3886"},{"properties":{"depth":12},"type":"Polygon","arcs":[[12324,12325,12326,12327,12328,12329,12330,12331,12332,-13217],[-13291,-13292],[12333]],"id":"feature_3887"},{"properties":{"depth":12},"type":"Polygon","arcs":[[12334,-13258]],"id":"feature_3888"},{"properties":{"depth":12},"type":"Polygon","arcs":[[-13350,-13349,13348,12335,12336,12337]],"id":"feature_3889"},{"properties":{"depth":12},"type":"Polygon","arcs":[[12338]],"id":"feature_3890"},{"properties":{"depth":12},"type":"Polygon","arcs":[[12339,-12740,-12739,-12738,-12737]],"id":"feature_3891"},{"properties":{"depth":12},"type":"Polygon","arcs":[[12340,-12744]],"id":"feature_3892"},{"properties":{"depth":12},"type":"Polygon","arcs":[[-13256,12341,12342,12343,12344,12345]],"id":"feature_3893"},{"properties":{"depth":12},"type":"Polygon","arcs":[[-13290,12346,-13237,12347,12348,-13166,-13146,13145,-13175,-13174,-13173,-13172,-13171,12349,12350,12351,12352,12353,12354,12355,12356,12357],[13292],[12358]],"id":"feature_3894"},{"properties":{"depth":12},"type":"Polygon","arcs":[[12359,-13199,-13190,12360,12361,-13111,12362,-13162,12363,12364,-13181,12365,12366,12367,12368,12369,12370,12371,12372,12373,12374,12375,12376,12377,12378],[12379],[13220],[13203]],"id":"feature_3895"},{"properties":{"depth":12},"type":"Polygon","arcs":[[12380,12381,-13229,12382,-13227]],"id":"feature_3896"},{"properties":{"depth":12},"type":"Polygon","arcs":[[-13300,12383,-13273,12384]],"id":"feature_3897"},{"properties":{"depth":12},"type":"Polygon","arcs":[[12385,12386]],"id":"feature_3898"},{"properties":{"depth":12},"type":"Polygon","arcs":[[12387,-13352]],"id":"feature_3899"},{"properties":{"depth":12},"type":"Polygon","arcs":[[12388,12389,-13212]],"id":"feature_3900"},{"properties":{"depth":12},"type":"Polygon","arcs":[[-13386,-13385,-13384,12390,12391,12392,12393,12394,-13296,12395,-13308,12396]],"id":"feature_3901"},{"properties":{"depth":12},"type":"Polygon","arcs":[[12397,-13074]],"id":"feature_3902"},{"properties":{"depth":12},"type":"Polygon","arcs":[[12398,12399,-13608,12400,-13652,12401,12402,-13322],[12403]],"id":"feature_3903"},{"properties":{"depth":12},"type":"Polygon","arcs":[[-13334,12404,12405,12406,12407,-13316,12408,12409]],"id":"feature_3904"},{"properties":{"depth":12},"type":"Polygon","arcs":[[12410,12411,-13609]],"id":"feature_3905"},{"properties":{"depth":12},"type":"Polygon","arcs":[[12412,-13254]],"id":"feature_3906"},{"properties":{"depth":12},"type":"Polygon","arcs":[[12413,12414]],"id":"feature_3907"},{"properties":{"depth":12},"type":"Polygon","arcs":[[-12426,12415]],"id":"feature_3908"},{"properties":{"depth":12},"type":"Polygon","arcs":[[12416,-13129,12417,12418,12419,-13313]],"id":"feature_3909"},{"properties":{"depth":12},"type":"Polygon","arcs":[[12420,-13260]],"id":"feature_3910"},{"properties":{"depth":12},"type":"Polygon","arcs":[[12421,-12422]],"id":"feature_3911"},{"properties":{"depth":12},"type":"Polygon","arcs":[[12422]],"id":"feature_3912"},{"properties":{"depth":12},"type":"Polygon","arcs":[[12423,-13252]],"id":"feature_3913"},{"properties":{"depth":12},"type":"Polygon","arcs":[[-13410,12424,12425,12426]],"id":"feature_3914"},{"properties":{"depth":12},"type":"Polygon","arcs":[[-13418,12427,12428,-13224,12429,12430,12431,12432,12433,12434,12435,-13483,12436,-13421,-13407,-13398,12437,12438,-13430,12439],[12440],[13402],[13470],[13477]],"id":"feature_3915"},{"properties":{"depth":12},"type":"Polygon","arcs":[[13665]],"id":"feature_3916"},{"properties":{"depth":12},"type":"Polygon","arcs":[[12441,12442]],"id":"feature_3917"},{"properties":{"depth":12},"type":"Polygon","arcs":[[13308,-13309]],"id":"feature_3918"},{"properties":{"depth":12},"type":"Polygon","arcs":[[12443]],"id":"feature_3919"},{"properties":{"depth":12},"type":"Polygon","arcs":[[12444,-13450]],"id":"feature_3920"},{"properties":{"depth":12},"type":"Polygon","arcs":[[12445,-13396,-13753,-13362,12446,-13650,12447,-13648,12448,-13646]],"id":"feature_3921"},{"properties":{"depth":12},"type":"Polygon","arcs":[[12759]],"id":"feature_3922"},{"properties":{"depth":12},"type":"Polygon","arcs":[[12449],[13380],[13391]],"id":"feature_3923"},{"properties":{"depth":12},"type":"Polygon","arcs":[[12450,12451,12452,12453,12454,-13412],[12455]],"id":"feature_3924"},{"properties":{"depth":12},"type":"Polygon","arcs":[[-13311,12456]],"id":"feature_3925"},{"properties":{"depth":12},"type":"Polygon","arcs":[[12457,-13663]],"id":"feature_3926"},{"properties":{"depth":12},"type":"Polygon","arcs":[[13459]],"id":"feature_3927"},{"properties":{"depth":12},"type":"Polygon","arcs":[[13215]],"id":"feature_3928"},{"properties":{"depth":12},"type":"Polygon","arcs":[[12458,12459,12460,-13380,12461,12462,12463,12464,-13394,-13393,13392,12465]],"id":"feature_3929"},{"properties":{"depth":12},"type":"Polygon","arcs":[[12466]],"id":"feature_3930"},{"properties":{"depth":12},"type":"Polygon","arcs":[[-13615,-13614,-13613,13612,-13612,-13611,12467]],"id":"feature_3931"},{"properties":{"depth":12},"type":"Polygon","arcs":[[12468,-13137,12469,-13135,12470,12471,12472,12473,12474,12475,12476,12477,12478,12479,12480,-13139],[12481]],"id":"feature_3932"},{"properties":{"depth":12},"type":"Polygon","arcs":[[12482,12483,-12734]],"id":"feature_3933"},{"properties":{"depth":12},"type":"Polygon","arcs":[[12484,12485,12486,12487,12488,12489,12490]],"id":"feature_3934"},{"properties":{"depth":12},"type":"Polygon","arcs":[[13658]],"id":"feature_3935"},{"properties":{"depth":12},"type":"Polygon","arcs":[[12491,-13209]],"id":"feature_3936"},{"properties":{"depth":12},"type":"Polygon","arcs":[[13653]],"id":"feature_3937"},{"properties":{"depth":12},"type":"Polygon","arcs":[[12492,-12747,-12746,12493,12494,12495,-13459,-13573,-13572,-13588,-13721,-13668,12496],[12497]],"id":"feature_3938"},{"properties":{"depth":12},"type":"Polygon","arcs":[[13337]],"id":"feature_3939"},{"properties":{"depth":12},"type":"Polygon","arcs":[[12498,-12499]],"id":"feature_3940"},{"properties":{"depth":12},"type":"Polygon","arcs":[[13336]],"id":"feature_3941"},{"properties":{"depth":12},"type":"Polygon","arcs":[[-13470,12499,12500]],"id":"feature_3942"},{"properties":{"depth":12},"type":"Polygon","arcs":[[-13114,12501,12502,12503,-13477,-13476,-13475,12504,12505,12506,12507]],"id":"feature_3943"},{"properties":{"depth":12},"type":"Polygon","arcs":[[12508,-13133]],"id":"feature_3944"},{"properties":{"depth":12},"type":"Polygon","arcs":[[-13131,12509]],"id":"feature_3945"},{"properties":{"depth":12},"type":"Polygon","arcs":[[12510]],"id":"feature_3946"},{"properties":{"depth":12},"type":"Polygon","arcs":[[12511]],"id":"feature_3947"},{"properties":{"depth":12},"type":"Polygon","arcs":[[12512]],"id":"feature_3948"},{"properties":{"depth":12},"type":"Polygon","arcs":[[12513,-12514]],"id":"feature_3949"},{"properties":{"depth":12},"type":"Polygon","arcs":[[12514,-13207]],"id":"feature_3950"},{"properties":{"depth":12},"type":"Polygon","arcs":[[13401,-13402]],"id":"feature_3951"},{"properties":{"depth":12},"type":"Polygon","arcs":[[-13537,12515,12516,12517,12518,12519,12520,12521,12522,-13406,12523,12524,12525,-13480]],"id":"feature_3952"},{"properties":{"depth":12},"type":"Polygon","arcs":[[-13400,12526]],"id":"feature_3953"},{"properties":{"depth":12},"type":"Polygon","arcs":[[13641,-13642]],"id":"feature_3954"},{"properties":{"depth":12},"type":"Polygon","arcs":[[12527,-13451,-13454,13453,-13262,-13703]],"id":"feature_3955"},{"properties":{"depth":12},"type":"Polygon","arcs":[[12528]],"id":"feature_3956"},{"properties":{"depth":12},"type":"Polygon","arcs":[[12529,12530,12531,12532,-13468,-13467,-13466,-13465,-13758,-13495]],"id":"feature_3957"},{"properties":{"depth":12},"type":"Polygon","arcs":[[12533,12534,12535,12536,-13332,12537,-13330,-13329,12538,-13527,12539,12540,12541,12542,12543,-13504,-13503,13502,-13502,12544,-13499,12545,-13434,12546],[13444],[12547]],"id":"feature_3958"},{"properties":{"depth":12},"type":"Polygon","arcs":[[-13664,12548]],"id":"feature_3959"},{"properties":{"depth":12},"type":"Polygon","arcs":[[-13432,12549,12550]],"id":"feature_3960"},{"properties":{"depth":12},"type":"Polygon","arcs":[[-13448,12551,12552,-13473,12553]],"id":"feature_3961"},{"properties":{"depth":12},"type":"Polygon","arcs":[[-13438,12554]],"id":"feature_3962"},{"properties":{"depth":12},"type":"Polygon","arcs":[[12555,13639]],"id":"feature_3963"},{"properties":{"depth":12},"type":"Polygon","arcs":[[12556,12557,13478,13537]],"id":"feature_3964"},{"properties":{"depth":12},"type":"Polygon","arcs":[[13426,-13427]],"id":"feature_3965"},{"properties":{"depth":12},"type":"Polygon","arcs":[[13424,-13425]],"id":"feature_3966"},{"properties":{"depth":12},"type":"Polygon","arcs":[[-13496,-13756,-13755,12558,12559]],"id":"feature_3967"},{"properties":{"depth":12},"type":"Polygon","arcs":[[-13574,-13458,-13457,-13456,12560,12561,12562,12563,12564,12565,12566,12567,12568,12569,12570,12571,12572,12573,12574,12575,12576,12577,12578,12579,12580,12581,12582,12583,12584,12585,12586],[12587],[13363]],"id":"feature_3968"},{"properties":{"depth":12},"type":"Polygon","arcs":[[13422,-13423]],"id":"feature_3969"},{"properties":{"depth":12},"type":"Polygon","arcs":[[13719,-13720]],"id":"feature_3970"},{"properties":{"depth":12},"type":"Polygon","arcs":[[-13644,12588,12589]],"id":"feature_3971"},{"properties":{"depth":12},"type":"Polygon","arcs":[[12590,12591]],"id":"feature_3972"},{"properties":{"depth":12},"type":"Polygon","arcs":[[12592]],"id":"feature_3973"},{"properties":{"depth":12},"type":"Polygon","arcs":[[12593,-13436]],"id":"feature_3974"},{"properties":{"depth":12},"type":"Polygon","arcs":[[12594,12595]],"id":"feature_3975"},{"properties":{"depth":12},"type":"Polygon","arcs":[[12596,-12597]],"id":"feature_3976"},{"properties":{"depth":12},"type":"Polygon","arcs":[[12597,12598,-13606,12599,-13604,12600,-13550,12601,12602,12603,12604,12605,12606,12607,12608,12609,-13037],[12610]],"id":"feature_3977"},{"properties":{"depth":12},"type":"Polygon","arcs":[[12611,-13570,12612,12613],[13554]],"id":"feature_3978"},{"properties":{"depth":12},"type":"Polygon","arcs":[[12614,12615,12616,-13506,12617,-13523,-13536,12618,12619,12620,12621,12622,12623,-13566]],"id":"feature_3979"},{"properties":{"depth":12},"type":"Polygon","arcs":[[12624,-13487,12625,12626,-13491,12627,-13489,12628,12629,12630,12631,-13560,12632,12633,-13564,12634,12635],[12636]],"id":"feature_3980"},{"properties":{"depth":12},"type":"Polygon","arcs":[[12637]],"id":"feature_3981"},{"properties":{"depth":12},"type":"Polygon","arcs":[[12638,12639,-13638]],"id":"feature_3982"},{"properties":{"depth":12},"type":"Polygon","arcs":[[13634,12640]],"id":"feature_3983"},{"properties":{"depth":12},"type":"Polygon","arcs":[[-13637,12641]],"id":"feature_3984"},{"properties":{"depth":12},"type":"Polygon","arcs":[[12642,12643,12644,12645,12646,12647,12648,12649,12650,12651,-13417,12652,12653,12654,12655,12656,12657,12658,12659,12660],[12661],[13570],[12662,12663,12664],[13553],[12665],[12666,12667,12668,12669,12670,12671]],"id":"feature_3985"},{"properties":{"depth":12},"type":"Polygon","arcs":[[-13590,12672]],"id":"feature_3986"},{"properties":{"depth":12},"type":"Polygon","arcs":[[12673,12674,12675,12676,12677,12678,12679],[-13597,-13596,-13589,13588,-13595,-13598]],"id":"feature_3987"},{"properties":{"depth":12},"type":"Polygon","arcs":[[-13519,12680]],"id":"feature_3988"},{"properties":{"depth":12},"type":"Polygon","arcs":[[12681,12682,12683,12684,12685,12686,12687,-13545,-13544,-13543,12688]],"id":"feature_3989"},{"properties":{"depth":12},"type":"Polygon","arcs":[[-13634,12689]],"id":"feature_3990"},{"properties":{"depth":12},"type":"Polygon","arcs":[[-12691,12690,12691,12692,12693,12694]],"id":"feature_3991"},{"properties":{"depth":12},"type":"Polygon","arcs":[[13632,-13633]],"id":"feature_3992"},{"properties":{"depth":12},"type":"Polygon","arcs":[[12695,-13515,-13514,12696,12697,12698,-13517]],"id":"feature_3993"},{"properties":{"depth":12},"type":"Polygon","arcs":[[12699,12700,12701,12702,12703,12704,12705,-13568],[-13556,-13557]],"id":"feature_3994"},{"properties":{"depth":12},"type":"Polygon","arcs":[[12706,12707,12708,12709,-12711,12710,12711]],"id":"feature_3995"},{"properties":{"depth":12},"type":"Polygon","arcs":[[12712,12713]],"id":"feature_3996"},{"properties":{"depth":12},"type":"Polygon","arcs":[[12714,-13526,-13738,-13525,12715,-13671]],"id":"feature_3997"},{"properties":{"depth":12},"type":"Polygon","arcs":[[-13584,-13583,-13582,-13581,-13580,12716,12717,12718]],"id":"feature_3998"},{"properties":{"depth":12},"type":"Polygon","arcs":[[13520]],"id":"feature_3999"},{"properties":{"depth":12},"type":"Polygon","arcs":[[12719,12720,12721,-12756]],"id":"feature_4000"},{"properties":{"depth":12},"type":"Polygon","arcs":[[13630,-13631]],"id":"feature_4001"},{"properties":{"depth":12},"type":"Polygon","arcs":[[-13660,-13661]],"id":"feature_4002"},{"properties":{"depth":12},"type":"Polygon","arcs":[[13521]],"id":"feature_4003"},{"properties":{"depth":12},"type":"Polygon","arcs":[[12722,-12732]],"id":"feature_4004"},{"properties":{"depth":12},"type":"Polygon","arcs":[[12723]],"id":"feature_4005"},{"properties":{"depth":12},"type":"Polygon","arcs":[[12724,-12725]],"id":"feature_4006"},{"properties":{"depth":12},"type":"Polygon","arcs":[[-13562,12725,12726]],"id":"feature_4007"},{"properties":{"depth":12},"type":"Polygon","arcs":[[13628,-13629]],"id":"feature_4008"},{"properties":{"depth":12},"type":"Polygon","arcs":[[12727,12728,12729,-13621,12730]],"id":"feature_4009"},{"properties":{"depth":12},"type":"Polygon","arcs":[[13626,-13627]],"id":"feature_4010"},{"properties":{"depth":13},"type":"Polygon","arcs":[[12731,12732,12733,12734,12735,12736,12737,12738,12739,12740,12741,12742,12743,12744,12745,12746,12747,12748,12749,12750,12751,12752,12753,12754,12755,12756,12757,12758],[13761],[-13760,-13761],[12759],[13743]],"id":"feature_4011"},{"properties":{"depth":13},"type":"Polygon","arcs":[[12760,12761,-13678,12762]],"id":"feature_4012"},{"properties":{"depth":13},"type":"Polygon","arcs":[[12763,12764]],"id":"feature_4013"},{"properties":{"depth":13},"type":"Polygon","arcs":[[12765,12766]],"id":"feature_4014"},{"properties":{"depth":13},"type":"Polygon","arcs":[[12767,12768,12769,12770,12771,12772,12773,-13685,12774,12775]],"id":"feature_4015"},{"properties":{"depth":13},"type":"Polygon","arcs":[[12776,-13686,12777]],"id":"feature_4016"},{"properties":{"depth":13},"type":"Polygon","arcs":[[12778,12779,12780,12781]],"id":"feature_4017"},{"properties":{"depth":13},"type":"Polygon","arcs":[[12782,12783,12784,12785,12786,12787,12788,12789,12790,12791,12792,12793,12794,12795,12796,12797,12798]],"id":"feature_4018"},{"properties":{"depth":13},"type":"Polygon","arcs":[[12799,-12800]],"id":"feature_4019"},{"properties":{"depth":13},"type":"Polygon","arcs":[[12800,-12801]],"id":"feature_4020"},{"properties":{"depth":13},"type":"Polygon","arcs":[[12801,12802,12803,12804,12805,12806]],"id":"feature_4021"},{"properties":{"depth":13},"type":"Polygon","arcs":[[12807,12808,12809,12810,12811,12812,12813]],"id":"feature_4022"},{"properties":{"depth":13},"type":"Polygon","arcs":[[12814,12815]],"id":"feature_4023"},{"properties":{"depth":13},"type":"Polygon","arcs":[[-13674,12816,12817]],"id":"feature_4024"},{"properties":{"depth":13},"type":"Polygon","arcs":[[12818,12819,12820,12821,12822,12823,12824,12825,12826,12827,12828,12829]],"id":"feature_4025"},{"properties":{"depth":13},"type":"Polygon","arcs":[[12830,12831,-13672]],"id":"feature_4026"},{"properties":{"depth":13},"type":"Polygon","arcs":[[12832,12833,12834,12835,12836,12837,12838,12839,12840,12841,12842,12843,12844,12845,12846,12847,12848,12849,12850,12851,12852,12853,12854,12855,-13691,12856,12857,12858,12859,12860,12861,12862],[12863],[12864]],"id":"feature_4027"},{"properties":{"depth":13},"type":"Polygon","arcs":[[12865,12866]],"id":"feature_4028"},{"properties":{"depth":13},"type":"Polygon","arcs":[[12867,12868,12869,12870,12871,12872,12873,12874,12875,12876,12877,12878]],"id":"feature_4029"},{"properties":{"depth":13},"type":"Polygon","arcs":[[12879,12880]],"id":"feature_4030"},{"properties":{"depth":13},"type":"Polygon","arcs":[[12881,12882]],"id":"feature_4031"},{"properties":{"depth":13},"type":"Polygon","arcs":[[12883,12884,12885,12886,12887,12888,12889,12890,-13693,12891]],"id":"feature_4032"},{"properties":{"depth":13},"type":"Polygon","arcs":[[12892,12893,12894,12895,12896]],"id":"feature_4033"},{"properties":{"depth":13},"type":"Polygon","arcs":[[12897,12898,12899,12900]],"id":"feature_4034"},{"properties":{"depth":13},"type":"Polygon","arcs":[[12901]],"id":"feature_4035"},{"properties":{"depth":13},"type":"Polygon","arcs":[[12902,12903]],"id":"feature_4036"},{"properties":{"depth":13},"type":"Polygon","arcs":[[12904,12905,12906,12907,12908,12909,-13726]],"id":"feature_4037"},{"properties":{"depth":13},"type":"Polygon","arcs":[[12910,12911,12912,12913]],"id":"feature_4038"},{"properties":{"depth":13},"type":"Polygon","arcs":[[12914,12915,12916,12917]],"id":"feature_4039"},{"properties":{"depth":13},"type":"Polygon","arcs":[[12918,12919,12920,12921]],"id":"feature_4040"},{"properties":{"depth":13},"type":"Polygon","arcs":[[12922,12923,12924,12925,12926,-13681,12927,-13713],[13707]],"id":"feature_4041"},{"properties":{"depth":13},"type":"Polygon","arcs":[[12928,12929,12930,12931,12932,12933,12934]],"id":"feature_4042"},{"properties":{"depth":13},"type":"Polygon","arcs":[[12935,12936,12937,12938]],"id":"feature_4043"},{"properties":{"depth":13},"type":"Polygon","arcs":[[12939,12940,12941,12942,12943,12944]],"id":"feature_4044"},{"properties":{"depth":13},"type":"Polygon","arcs":[[-13723,12945,12946,12947]],"id":"feature_4045"},{"properties":{"depth":13},"type":"Polygon","arcs":[[12948,12949]],"id":"feature_4046"},{"properties":{"depth":13},"type":"Polygon","arcs":[[12950,12951,12952,12953,12954,12955,12956,12957]],"id":"feature_4047"},{"properties":{"depth":13},"type":"Polygon","arcs":[[12958,12959,12960,12961,12962,12963,12964,12965,12966,12967,12968]],"id":"feature_4048"},{"properties":{"depth":13},"type":"Polygon","arcs":[[12969,12970]],"id":"feature_4049"},{"properties":{"depth":13},"type":"Polygon","arcs":[[12971,12972,12973,12974,12975,12976,12977,12978,12979,12980,12981]],"id":"feature_4050"},{"properties":{"depth":13},"type":"Polygon","arcs":[[12982,12983]],"id":"feature_4051"},{"properties":{"depth":13},"type":"Polygon","arcs":[[12984,12985,12986,12987,12988,12989,12990]],"id":"feature_4052"},{"properties":{"depth":13},"type":"Polygon","arcs":[[-13736,12991,12992,12993,12994]],"id":"feature_4053"},{"properties":{"depth":13},"type":"Polygon","arcs":[[12995,12996,12997,12998]],"id":"feature_4054"},{"properties":{"depth":13},"type":"Polygon","arcs":[[12999,13000,13001,13002]],"id":"feature_4055"},{"properties":{"depth":13},"type":"Polygon","arcs":[[13003,13004]],"id":"feature_4056"},{"properties":{"depth":13},"type":"Polygon","arcs":[[13005,13006,13007,13008]],"id":"feature_4057"},{"properties":{"depth":13},"type":"Polygon","arcs":[[13009,13010,13011]],"id":"feature_4058"},{"properties":{"depth":13},"type":"Polygon","arcs":[[13012,-13734,13013]],"id":"feature_4059"},{"properties":{"depth":13},"type":"Polygon","arcs":[[13014,13015]],"id":"feature_4060"},{"properties":{"depth":13},"type":"Polygon","arcs":[[13016,13017],[13018]],"id":"feature_4061"},{"properties":{"depth":13},"type":"Polygon","arcs":[[13019,13020,13021,13022]],"id":"feature_4062"},{"properties":{"depth":13},"type":"Polygon","arcs":[[13023,13024]],"id":"feature_4063"},{"properties":{"depth":13},"type":"Polygon","arcs":[[13025,13026]],"id":"feature_4064"},{"properties":{"depth":13},"type":"Polygon","arcs":[[13027,13028]],"id":"feature_4065"},{"properties":{"depth":13},"type":"Polygon","arcs":[[13029,13030,13031,13032,13033,13034,13035,13036,13037,13038,13039,13040,13041,13042]],"id":"feature_4066"},{"properties":{"depth":13},"type":"Polygon","arcs":[[13043,13044,13045,13046,13047]],"id":"feature_4067"},{"properties":{"depth":13},"type":"Polygon","arcs":[[13048]],"id":"feature_4068"},{"properties":{"depth":13},"type":"Polygon","arcs":[[13049,13050]],"id":"feature_4069"},{"properties":{"depth":13},"type":"Polygon","arcs":[[13051,13052]],"id":"feature_4070"},{"properties":{"depth":13},"type":"Polygon","arcs":[[13053,13054]],"id":"feature_4071"},{"properties":{"depth":13},"type":"Polygon","arcs":[[13055,13056,13057,13058,13059,13060,13061,13062,13063,13064,13065]],"id":"feature_4072"},{"properties":{"depth":13},"type":"Polygon","arcs":[[13066,13067,13068,13069]],"id":"feature_4073"},{"properties":{"depth":13},"type":"Polygon","arcs":[[13070,13071,13072,13073,13074,13075,13076,13077],[13078,13079]],"id":"feature_4074"},{"properties":{"depth":13},"type":"Polygon","arcs":[[13080,13081,13082,13699,13083,13084,13085,13086,13087,-13706,13088,13089,13090,13091,13092,13093,13094,13095,13096,13097,13098,13099,13100,13101,13102,13103,13104],[-13700,-13701]],"id":"feature_4075"},{"properties":{"depth":13},"type":"Polygon","arcs":[[13105,13106,13107,-13698]],"id":"feature_4076"},{"properties":{"depth":13},"type":"Polygon","arcs":[[13108,13109,13110]],"id":"feature_4077"},{"properties":{"depth":13},"type":"Polygon","arcs":[[13111,13112,13113,13114,13115,13116,13117,13118,13119,13120,13121,13122,13123,13124,13125,13126,13127,13128,13129,13130,13131,13132,13133,13134,13135,13136,13137,13138]],"id":"feature_4078"},{"properties":{"depth":13},"type":"Polygon","arcs":[[13139,13140]],"id":"feature_4079"},{"properties":{"depth":13},"type":"Polygon","arcs":[[13141]],"id":"feature_4080"},{"properties":{"depth":13},"type":"Polygon","arcs":[[13142,13143,13144]],"id":"feature_4081"},{"properties":{"depth":13},"type":"Polygon","arcs":[[13145,-13146]],"id":"feature_4082"},{"properties":{"depth":13},"type":"Polygon","arcs":[[13146,13147]],"id":"feature_4083"},{"properties":{"depth":13},"type":"Polygon","arcs":[[13148,13149,13150,13151,13152]],"id":"feature_4084"},{"properties":{"depth":13},"type":"Polygon","arcs":[[13153,13154,13155,13156,13157,13158]],"id":"feature_4085"},{"properties":{"depth":13},"type":"Polygon","arcs":[[13159,13160,13161]],"id":"feature_4086"},{"properties":{"depth":13},"type":"Polygon","arcs":[[13162,13163]],"id":"feature_4087"},{"properties":{"depth":13},"type":"Polygon","arcs":[[13164]],"id":"feature_4088"},{"properties":{"depth":13},"type":"Polygon","arcs":[[13165,13166,13167,13168,13169,13170,13171,13172,13173,13174]],"id":"feature_4089"},{"properties":{"depth":13},"type":"Polygon","arcs":[[13175,13176,13177,13178,13179]],"id":"feature_4090"},{"properties":{"depth":13},"type":"Polygon","arcs":[[13180,13181,13182,13183,13184]],"id":"feature_4091"},{"properties":{"depth":13},"type":"Polygon","arcs":[[13185,13186,13187,13188,13189]],"id":"feature_4092"},{"properties":{"depth":13},"type":"Polygon","arcs":[[13190,13191,13192,13193]],"id":"feature_4093"},{"properties":{"depth":13},"type":"Polygon","arcs":[[13194,13195,13196,13197,13198]],"id":"feature_4094"},{"properties":{"depth":13},"type":"Polygon","arcs":[[13199,13200,13201,13202]],"id":"feature_4095"},{"properties":{"depth":13},"type":"Polygon","arcs":[[13203]],"id":"feature_4096"},{"properties":{"depth":13},"type":"Polygon","arcs":[[13204,13205,13206,13207,13208,13209,13210,13211,13212,13213,13214],[13215]],"id":"feature_4097"},{"properties":{"depth":13},"type":"Polygon","arcs":[[13216,13217,13218,13219]],"id":"feature_4098"},{"properties":{"depth":13},"type":"Polygon","arcs":[[13220]],"id":"feature_4099"},{"properties":{"depth":13},"type":"Polygon","arcs":[[13221,13222,13223,13224,13225,13226,13227,13228,13229,13230,13231,13232,13233,13234]],"id":"feature_4100"},{"properties":{"depth":13},"type":"Polygon","arcs":[[13235,13236]],"id":"feature_4101"},{"properties":{"depth":13},"type":"Polygon","arcs":[[13237,13238]],"id":"feature_4102"},{"properties":{"depth":13},"type":"Polygon","arcs":[[13239,13240,13241,13242,13243,13244,13245,13246,13247]],"id":"feature_4103"},{"properties":{"depth":13},"type":"Polygon","arcs":[[13248,-13327,13249,-13336,13250,13251,13252,13253,13254,13255,13256,13257,13258,13259,13260,-13704,13261]],"id":"feature_4104"},{"properties":{"depth":13},"type":"Polygon","arcs":[[13262,13263,13264,13265,13266,13267]],"id":"feature_4105"},{"properties":{"depth":13},"type":"Polygon","arcs":[[13268]],"id":"feature_4106"},{"properties":{"depth":13},"type":"Polygon","arcs":[[13269,13270,13271,13272,13273,13274,13275,13276,13277,13278,13279,13280,13281]],"id":"feature_4107"},{"properties":{"depth":13},"type":"Polygon","arcs":[[13282,13283,13284,13285]],"id":"feature_4108"},{"properties":{"depth":13},"type":"Polygon","arcs":[[13286,13287,13288,13289]],"id":"feature_4109"},{"properties":{"depth":13},"type":"Polygon","arcs":[[13290,13291]],"id":"feature_4110"},{"properties":{"depth":13},"type":"Polygon","arcs":[[13292]],"id":"feature_4111"},{"properties":{"depth":13},"type":"Polygon","arcs":[[13293,13294]],"id":"feature_4112"},{"properties":{"depth":13},"type":"Polygon","arcs":[[13295,13296,13297,13298,13299,13300]],"id":"feature_4113"},{"properties":{"depth":13},"type":"Polygon","arcs":[[13301,13302,13303,13304]],"id":"feature_4114"},{"properties":{"depth":13},"type":"Polygon","arcs":[[13305,13306,13307]],"id":"feature_4115"},{"properties":{"depth":13},"type":"Polygon","arcs":[[13308,13309,13310,13311,13312,13313]],"id":"feature_4116"},{"properties":{"depth":13},"type":"Polygon","arcs":[[13314,13315]],"id":"feature_4117"},{"properties":{"depth":13},"type":"Polygon","arcs":[[13316,13317,13318,13319,13320,13321,13322,13323,13324],[13742]],"id":"feature_4118"},{"properties":{"depth":13},"type":"Polygon","arcs":[[13325,13326,13327,13328,13329,13330,13331,13332,13333,13334,13335],[13336],[13706],[13713],[13337]],"id":"feature_4119"},{"properties":{"depth":13},"type":"Polygon","arcs":[[13338,13339,13340,13341,13342,13343,13344,13345,13346,13347,13348,13349,13350,13351,13352,13353,-13746,13354],[13739],[13355,13356],[13357]],"id":"feature_4120"},{"properties":{"depth":13},"type":"Polygon","arcs":[[13358,13359]],"id":"feature_4121"},{"properties":{"depth":13},"type":"Polygon","arcs":[[-13752,13360,13361]],"id":"feature_4122"},{"properties":{"depth":13},"type":"Polygon","arcs":[[13362]],"id":"feature_4123"},{"properties":{"depth":13},"type":"Polygon","arcs":[[13363]],"id":"feature_4124"},{"properties":{"depth":13},"type":"Polygon","arcs":[[13364]],"id":"feature_4125"},{"properties":{"depth":13},"type":"Polygon","arcs":[[13365]],"id":"feature_4126"},{"properties":{"depth":13},"type":"Polygon","arcs":[[13366,13367,13368,13369,13370,13371,13372,13373,13374,13375,13376,13377]],"id":"feature_4127"},{"properties":{"depth":13},"type":"Polygon","arcs":[[13378,13379]],"id":"feature_4128"},{"properties":{"depth":13},"type":"Polygon","arcs":[[13380]],"id":"feature_4129"},{"properties":{"depth":13},"type":"Polygon","arcs":[[13381,13382,13383,13384,13385,13386,13387,13388,13389,13390]],"id":"feature_4130"},{"properties":{"depth":13},"type":"Polygon","arcs":[[13391]],"id":"feature_4131"},{"properties":{"depth":13},"type":"Polygon","arcs":[[13392,13393,13394,-13750,13395]],"id":"feature_4132"},{"properties":{"depth":13},"type":"Polygon","arcs":[[13396,13397,13398,13399,13400,13401]],"id":"feature_4133"},{"properties":{"depth":13},"type":"Polygon","arcs":[[13402]],"id":"feature_4134"},{"properties":{"depth":13},"type":"Polygon","arcs":[[13403,13404,13405]],"id":"feature_4135"},{"properties":{"depth":13},"type":"Polygon","arcs":[[13406,13407]],"id":"feature_4136"},{"properties":{"depth":13},"type":"Polygon","arcs":[[13408,13409,13410,13411,13412,13413,13414,13415,13416]],"id":"feature_4137"},{"properties":{"depth":13},"type":"Polygon","arcs":[[13417,13418,13419]],"id":"feature_4138"},{"properties":{"depth":13},"type":"Polygon","arcs":[[13420,13421,13422,13423,13424,13425,13426,13427]],"id":"feature_4139"},{"properties":{"depth":13},"type":"Polygon","arcs":[[13428,13429,13430]],"id":"feature_4140"},{"properties":{"depth":13},"type":"Polygon","arcs":[[13431,13432,13433,13434,13435,13436,13437,13438]],"id":"feature_4141"},{"properties":{"depth":13},"type":"Polygon","arcs":[[13439,13440,-13442,13441,13442,13443]],"id":"feature_4142"},{"properties":{"depth":13},"type":"Polygon","arcs":[[13444]],"id":"feature_4143"},{"properties":{"depth":13},"type":"Polygon","arcs":[[13445,13446,13447,13448,13449]],"id":"feature_4144"},{"properties":{"depth":13},"type":"Polygon","arcs":[[13450,13451,-13710,13452,13453]],"id":"feature_4145"},{"properties":{"depth":13},"type":"Polygon","arcs":[[13454,13455,13456,13457,13458],[13459]],"id":"feature_4146"},{"properties":{"depth":13},"type":"Polygon","arcs":[[13460,13461]],"id":"feature_4147"},{"properties":{"depth":13},"type":"Polygon","arcs":[[13462,13463]],"id":"feature_4148"},{"properties":{"depth":13},"type":"Polygon","arcs":[[13464,13465,13466,13467,13468,13469,-13759]],"id":"feature_4149"},{"properties":{"depth":13},"type":"Polygon","arcs":[[13470]],"id":"feature_4150"},{"properties":{"depth":13},"type":"Polygon","arcs":[[13471,13472]],"id":"feature_4151"},{"properties":{"depth":13},"type":"Polygon","arcs":[[13473,13474,13475,13476]],"id":"feature_4152"},{"properties":{"depth":13},"type":"Polygon","arcs":[[13477]],"id":"feature_4153"},{"properties":{"depth":13},"type":"Polygon","arcs":[[13478,13479,13480]],"id":"feature_4154"},{"properties":{"depth":13},"type":"Polygon","arcs":[[13481,13482]],"id":"feature_4155"},{"properties":{"depth":13},"type":"Polygon","arcs":[[13483,13484,13485,13486]],"id":"feature_4156"},{"properties":{"depth":13},"type":"Polygon","arcs":[[13487]],"id":"feature_4157"},{"properties":{"depth":13},"type":"Polygon","arcs":[[13488,13489,13490,13491]],"id":"feature_4158"},{"properties":{"depth":13},"type":"Polygon","arcs":[[13492,13493]],"id":"feature_4159"},{"properties":{"depth":13},"type":"Polygon","arcs":[[13494,-13757,13495,13496]],"id":"feature_4160"},{"properties":{"depth":13},"type":"Polygon","arcs":[[13497,-13730]],"id":"feature_4161"},{"properties":{"depth":13},"type":"Polygon","arcs":[[13498,13499,13500,13501,-13503,13502,13503,13504,13505,13506,13507,13508,13509,13510,13511,13512,13513,13514,13515,13516,13517,13518,13519],[13520],[13521]],"id":"feature_4162"},{"properties":{"depth":13},"type":"Polygon","arcs":[[13522,13523,13524,-13739,13525,13526,13527,-13552,13528,13529,-13747,13530,-13742,13531,13532,-13733,13533,13534,13535]],"id":"feature_4163"},{"properties":{"depth":13},"type":"Polygon","arcs":[[13536,13537,13538,13539,13540,13541]],"id":"feature_4164"},{"properties":{"depth":13},"type":"Polygon","arcs":[[13542,13543,13544,13545]],"id":"feature_4165"},{"properties":{"depth":13},"type":"Polygon","arcs":[[13546,13547,13548,13549,13550]],"id":"feature_4166"},{"properties":{"depth":13},"type":"Polygon","arcs":[[13551,13552]],"id":"feature_4167"},{"properties":{"depth":13},"type":"Polygon","arcs":[[13553]],"id":"feature_4168"},{"properties":{"depth":13},"type":"Polygon","arcs":[[13554]],"id":"feature_4169"},{"properties":{"depth":13},"type":"Polygon","arcs":[[13555,13556]],"id":"feature_4170"},{"properties":{"depth":13},"type":"Polygon","arcs":[[13557,13558,13559,13560,13561,13562,13563]],"id":"feature_4171"},{"properties":{"depth":13},"type":"Polygon","arcs":[[13564,13565]],"id":"feature_4172"},{"properties":{"depth":13},"type":"Polygon","arcs":[[13566,13567,13568,13569]],"id":"feature_4173"},{"properties":{"depth":13},"type":"Polygon","arcs":[[13570]],"id":"feature_4174"},{"properties":{"depth":13},"type":"Polygon","arcs":[[13571,13572,13573,13574,13575,13576,13577,13578,13579,13580,13581,13582,13583,13584,13585,13586,-13716,-13715,-13722,13587]],"id":"feature_4175"},{"properties":{"depth":13},"type":"Polygon","arcs":[[13588,-13589]],"id":"feature_4176"},{"properties":{"depth":13},"type":"Polygon","arcs":[[13589,13590,13591,13592,13593]],"id":"feature_4177"},{"properties":{"depth":13},"type":"Polygon","arcs":[[13594,13595,13596,13597]],"id":"feature_4178"},{"properties":{"depth":13},"type":"Polygon","arcs":[[13598,13599,13600,13601,13602,13603,13604,13605]],"id":"feature_4179"},{"properties":{"depth":13},"type":"Polygon","arcs":[[13606]],"id":"feature_4180"},{"properties":{"depth":13},"type":"Polygon","arcs":[[13607,13608,13609,13610,13611,-13613,13612,13613,13614,13615,13616,13617,13618,13619,13620,13621,13622,13623,13624,13625,13626,13627,13628,13629,13630,13631,13632,13633,13634,13635,13636,13637,13638,13639,13640,13641,13642,13643,13644,13645,13646,13647,13648,13649,13650,13651,13652],[13653],[13654,-13657],[13655],[13656,13657],[13658],[13659,13660],[13661,13662],[13663,13664],[13665]],"id":"feature_4181"},{"properties":{"depth":13},"type":"Polygon","arcs":[[13717,13666,13667,-13720,13668]],"id":"feature_4182"},{"properties":{"depth":13},"type":"Polygon","arcs":[[13669,13670]],"id":"feature_4183"},{"properties":{"depth":14},"type":"Polygon","arcs":[[13671,13672,13673,13674,13675,13676]],"id":"feature_4184"},{"properties":{"depth":14},"type":"Polygon","arcs":[[13677,13678]],"id":"feature_4185"},{"properties":{"depth":14},"type":"Polygon","arcs":[[13679]],"id":"feature_4186"},{"properties":{"depth":14},"type":"Polygon","arcs":[[13680,13681,13682]],"id":"feature_4187"},{"properties":{"depth":14},"type":"Polygon","arcs":[[13683,13684]],"id":"feature_4188"},{"properties":{"depth":14},"type":"Polygon","arcs":[[13685,13686,13687,13688]],"id":"feature_4189"},{"properties":{"depth":14},"type":"Polygon","arcs":[[13689,13690]],"id":"feature_4190"},{"properties":{"depth":14},"type":"Polygon","arcs":[[13691,13692]],"id":"feature_4191"},{"properties":{"depth":14},"type":"Polygon","arcs":[[13693,13694,13695,13696,13697,13698]],"id":"feature_4192"},{"properties":{"depth":14},"type":"Polygon","arcs":[[13699,13700]],"id":"feature_4193"},{"properties":{"depth":14},"type":"Polygon","arcs":[[13701,13702,13703]],"id":"feature_4194"},{"properties":{"depth":14},"type":"Polygon","arcs":[[13704,13705]],"id":"feature_4195"},{"properties":{"depth":14},"type":"Polygon","arcs":[[13706]],"id":"feature_4196"},{"properties":{"depth":14},"type":"Polygon","arcs":[[13707]],"id":"feature_4197"},{"properties":{"depth":14},"type":"Polygon","arcs":[[13708,13709]],"id":"feature_4198"},{"properties":{"depth":14},"type":"Polygon","arcs":[[13710,13711,13712]],"id":"feature_4199"},{"properties":{"depth":14},"type":"Polygon","arcs":[[13713]],"id":"feature_4200"},{"properties":{"depth":14},"type":"Polygon","arcs":[[13714,13715,13716,13717,13718,13719,13720,13721]],"id":"feature_4201"},{"properties":{"depth":14},"type":"Polygon","arcs":[[13722,13723,13724,13725,13726,13727]],"id":"feature_4202"},{"properties":{"depth":14},"type":"Polygon","arcs":[[13728,13729,13730,13731,13732]],"id":"feature_4203"},{"properties":{"depth":14},"type":"Polygon","arcs":[[13733,13734,13735,13736]],"id":"feature_4204"},{"properties":{"depth":14},"type":"Polygon","arcs":[[13737,13738]],"id":"feature_4205"},{"properties":{"depth":14},"type":"Polygon","arcs":[[13739]],"id":"feature_4206"},{"properties":{"depth":14},"type":"Polygon","arcs":[[13740,13741]],"id":"feature_4207"},{"properties":{"depth":14},"type":"Polygon","arcs":[[13742]],"id":"feature_4208"},{"properties":{"depth":14},"type":"Polygon","arcs":[[13743]],"id":"feature_4209"},{"properties":{"depth":14},"type":"Polygon","arcs":[[13744,13745]],"id":"feature_4210"},{"properties":{"depth":14},"type":"Polygon","arcs":[[13746,13747,13748]],"id":"feature_4211"},{"properties":{"depth":14},"type":"Polygon","arcs":[[13749,13750,13751,13752]],"id":"feature_4212"},{"properties":{"depth":14},"type":"Polygon","arcs":[[13753,13754,13755,13756,13757,13758]],"id":"feature_4213"},{"properties":{"depth":14},"type":"Polygon","arcs":[[13759,13760]],"id":"feature_4214"},{"properties":{"depth":14},"type":"Polygon","arcs":[[13761]],"id":"feature_4215"},{"properties":{"depth":11},"type":"Polygon","arcs":[[14599,13762]],"id":"feature_4216"},{"properties":{"depth":11},"type":"Polygon","arcs":[[-14538,-14273,-14513,15381,-14512,-14207,-15249]],"id":"feature_4217"},{"properties":{"depth":11},"type":"Polygon","arcs":[[-14555,-14114]],"id":"feature_4218"},{"properties":{"depth":11},"type":"Polygon","arcs":[[13763,-14549]],"id":"feature_4219"},{"properties":{"depth":11},"type":"Polygon","arcs":[[-14229,-13828,15188,-13829,-15187,-14225,-15185,-14224,13764,-13834]],"id":"feature_4220"},{"properties":{"depth":11},"type":"Polygon","arcs":[[-14231,-13833,13765]],"id":"feature_4221"},{"properties":{"depth":11},"type":"Polygon","arcs":[[-13840,13766]],"id":"feature_4222"},{"properties":{"depth":11},"type":"Polygon","arcs":[[13767,13768,13769,-13843]],"id":"feature_4223"},{"properties":{"depth":11},"type":"Polygon","arcs":[[13770,13771,13772,-14150]],"id":"feature_4224"},{"properties":{"depth":11},"type":"Polygon","arcs":[[13773,-14152]],"id":"feature_4225"},{"properties":{"depth":11},"type":"Polygon","arcs":[[-14527,13774]],"id":"feature_4226"},{"properties":{"depth":11},"type":"Polygon","arcs":[[-14280,15363,-14279,-15222,-14278,-15220,-14277,-15218,-14276,-14275,-15215,-14274,-14532]],"id":"feature_4227"},{"properties":{"depth":11},"type":"Polygon","arcs":[[13775,-14413,-13862]],"id":"feature_4228"},{"properties":{"depth":11},"type":"Polygon","arcs":[[-13881,13776]],"id":"feature_4229"},{"properties":{"depth":11},"type":"Polygon","arcs":[[13777,-14400]],"id":"feature_4230"},{"properties":{"depth":11},"type":"Polygon","arcs":[[-14395,13778,-14396]],"id":"feature_4231"},{"properties":{"depth":11},"type":"Polygon","arcs":[[-13878,13779]],"id":"feature_4232"},{"properties":{"depth":11},"type":"Polygon","arcs":[[-13873,13780]],"id":"feature_4233"},{"properties":{"depth":11},"type":"Polygon","arcs":[[-14391,13781]],"id":"feature_4234"},{"properties":{"depth":11},"type":"Polygon","arcs":[[-13876,-14393,13782]],"id":"feature_4235"},{"properties":{"depth":11},"type":"Polygon","arcs":[[13783,-13871]],"id":"feature_4236"},{"properties":{"depth":11},"type":"Polygon","arcs":[[13784,-14379,13785,-14485,13786,-13944]],"id":"feature_4237"},{"properties":{"depth":11},"type":"Polygon","arcs":[[-14127,-14425,-14139,13787,-14483,-14427]],"id":"feature_4238"},{"properties":{"depth":11},"type":"Polygon","arcs":[[13788,-14383]],"id":"feature_4239"},{"properties":{"depth":11},"type":"Polygon","arcs":[[-14385,13789]],"id":"feature_4240"},{"properties":{"depth":11},"type":"Polygon","arcs":[[-14594,13790]],"id":"feature_4241"},{"properties":{"depth":11},"type":"Polygon","arcs":[[-14491,13791]],"id":"feature_4242"},{"properties":{"depth":11},"type":"Polygon","arcs":[[-14428,-14481]],"id":"feature_4243"},{"properties":{"depth":11},"type":"Polygon","arcs":[[-13894,-14350,-14138,-14348,-14137,-14346,-13901,13792]],"id":"feature_4244"},{"properties":{"depth":11},"type":"Polygon","arcs":[[-13891,13793,-13899,-14352,-13896,13794]],"id":"feature_4245"},{"properties":{"depth":11},"type":"Polygon","arcs":[[13795,-14099,-14101,-13909,-14448,-14062,-14462,-13910]],"id":"feature_4246"},{"properties":{"depth":11},"type":"Polygon","arcs":[[13796,-13916,-14455,-13913]],"id":"feature_4247"},{"properties":{"depth":11},"type":"Polygon","arcs":[[-13915,13797,-14457]],"id":"feature_4248"},{"properties":{"depth":11},"type":"Polygon","arcs":[[13798,-14452]],"id":"feature_4249"},{"properties":{"depth":11},"type":"Polygon","arcs":[[13799,-13939,-14188]],"id":"feature_4250"},{"properties":{"depth":11},"type":"Polygon","arcs":[[-14339,13800,-14341,-14063]],"id":"feature_4251"},{"properties":{"depth":11},"type":"Polygon","arcs":[[-13898,13801,-13889,-14354]],"id":"feature_4252"},{"properties":{"depth":11},"type":"Polygon","arcs":[[13802,-13950]],"id":"feature_4253"},{"properties":{"depth":11},"type":"Polygon","arcs":[[13803,-13919,-14356,-13893,-14365,-13906,-14369,-13905]],"id":"feature_4254"},{"properties":{"depth":11},"type":"Polygon","arcs":[[13804,-13923]],"id":"feature_4255"},{"properties":{"depth":11},"type":"Polygon","arcs":[[-14331,-13926,13805]],"id":"feature_4256"},{"properties":{"depth":11},"type":"Polygon","arcs":[[-13933,13806,-13927,13807,-13930,-13958]],"id":"feature_4257"},{"properties":{"depth":11},"type":"Polygon","arcs":[[-13954,13808,-13936]],"id":"feature_4258"},{"properties":{"depth":11},"type":"Polygon","arcs":[[13809,-13952]],"id":"feature_4259"},{"properties":{"depth":11},"type":"Polygon","arcs":[[-14381,13810]],"id":"feature_4260"},{"properties":{"depth":11},"type":"Polygon","arcs":[[-14388,-13867,13811,-13869]],"id":"feature_4261"},{"properties":{"depth":11},"type":"Polygon","arcs":[[-13975,13812]],"id":"feature_4262"},{"properties":{"depth":11},"type":"Polygon","arcs":[[-14025,-14292,13813,-14290]],"id":"feature_4263"},{"properties":{"depth":11},"type":"Polygon","arcs":[[13814,-13973]],"id":"feature_4264"},{"properties":{"depth":11},"type":"Polygon","arcs":[[13815,-13966]],"id":"feature_4265"},{"properties":{"depth":11},"type":"Polygon","arcs":[[13816,-13967]],"id":"feature_4266"},{"properties":{"depth":11},"type":"Polygon","arcs":[[13817,-14499]],"id":"feature_4267"},{"properties":{"depth":11},"type":"Polygon","arcs":[[13818,-14501]],"id":"feature_4268"},{"properties":{"depth":11},"type":"Polygon","arcs":[[13819,-14495,13820,-14503]],"id":"feature_4269"},{"properties":{"depth":11},"type":"Polygon","arcs":[[13821,-13854]],"id":"feature_4270"},{"properties":{"depth":11},"type":"Polygon","arcs":[[-13856,13822]],"id":"feature_4271"},{"properties":{"depth":11},"type":"Polygon","arcs":[[13823,-13858]],"id":"feature_4272"},{"properties":{"depth":11},"type":"Polygon","arcs":[[-14324,-13977,-14322,-14509]],"id":"feature_4273"},{"properties":{"depth":11},"type":"Polygon","arcs":[[-14321,14506,-14506]],"id":"feature_4274"},{"properties":{"depth":12},"type":"Polygon","arcs":[[13824,-14211,13825,15265,13826,-14037,-13979]],"id":"feature_4275"},{"properties":{"depth":12},"type":"Polygon","arcs":[[-15189,13827,-14228,-14227,-14226,15186,13828]],"id":"feature_4276"},{"properties":{"depth":12},"type":"Polygon","arcs":[[-14221,-13831,-14219,-15177,13829]],"id":"feature_4277"},{"properties":{"depth":11},"type":"Polygon","arcs":[[-14220,-15179,13830]],"id":"feature_4278"},{"properties":{"depth":12},"type":"Polygon","arcs":[[13831,13832,-14230,13833]],"id":"feature_4279"},{"properties":{"depth":12},"type":"Polygon","arcs":[[13834,13835,13836,-13995,-14234,-14233,13837,13838,13839,13840,14673,13841,13842,13843,-13980,-15197,-13983]],"id":"feature_4280"},{"properties":{"depth":12},"type":"Polygon","arcs":[[-13985,13844,-14113]],"id":"feature_4281"},{"properties":{"depth":12},"type":"Polygon","arcs":[[-15358,-14284,-15356,-14283,13845,-14285]],"id":"feature_4282"},{"properties":{"depth":12},"type":"Polygon","arcs":[[-14249,13846]],"id":"feature_4283"},{"properties":{"depth":12},"type":"Polygon","arcs":[[13847,-14251]],"id":"feature_4284"},{"properties":{"depth":12},"type":"Polygon","arcs":[[13848,-14253]],"id":"feature_4285"},{"properties":{"depth":12},"type":"Polygon","arcs":[[-14247,13849]],"id":"feature_4286"},{"properties":{"depth":12},"type":"Polygon","arcs":[[13850,-14143,13851,-14305,13852,13853,13854,13855,13856,13857]],"id":"feature_4287"},{"properties":{"depth":12},"type":"Polygon","arcs":[[13858,-13990]],"id":"feature_4288"},{"properties":{"depth":12},"type":"Polygon","arcs":[[13859,-13988]],"id":"feature_4289"},{"properties":{"depth":12},"type":"Polygon","arcs":[[-14412,-14411,-14410,13860,13861]],"id":"feature_4290"},{"properties":{"depth":12},"type":"Polygon","arcs":[[13862,-14422]],"id":"feature_4291"},{"properties":{"depth":12},"type":"Polygon","arcs":[[13863,-14420]],"id":"feature_4292"},{"properties":{"depth":12},"type":"Polygon","arcs":[[-14418,13864]],"id":"feature_4293"},{"properties":{"depth":12},"type":"Polygon","arcs":[[-14064,13865,-14416]],"id":"feature_4294"},{"properties":{"depth":12},"type":"Polygon","arcs":[[13866,-14387,13867]],"id":"feature_4295"},{"properties":{"depth":12},"type":"Polygon","arcs":[[-14389,13868,13869,13870,13871]],"id":"feature_4296"},{"properties":{"depth":12},"type":"Polygon","arcs":[[13872,13873,14394,13874,13875,13876,13877,13878]],"id":"feature_4297"},{"properties":{"depth":12},"type":"Polygon","arcs":[[-14402,13879,13880,13881]],"id":"feature_4298"},{"properties":{"depth":12},"type":"Polygon","arcs":[[-14107,13882,-14375,13883]],"id":"feature_4299"},{"properties":{"depth":12},"type":"Polygon","arcs":[[13884,-14585,-14372]],"id":"feature_4300"},{"properties":{"depth":12},"type":"Polygon","arcs":[[13885,-14408]],"id":"feature_4301"},{"properties":{"depth":12},"type":"Polygon","arcs":[[13886,-14406]],"id":"feature_4302"},{"properties":{"depth":12},"type":"Polygon","arcs":[[13887,-14439]],"id":"feature_4303"},{"properties":{"depth":12},"type":"Polygon","arcs":[[-14344,-14577]],"id":"feature_4304"},{"properties":{"depth":12},"type":"Polygon","arcs":[[13888,13889,13890,13891,-14366,13892,-14355]],"id":"feature_4305"},{"properties":{"depth":12},"type":"Polygon","arcs":[[13893,13894,13895,-14351]],"id":"feature_4306"},{"properties":{"depth":12},"type":"Polygon","arcs":[[13896,13897,-14353,13898]],"id":"feature_4307"},{"properties":{"depth":12},"type":"Polygon","arcs":[[13899,13900,-14345]],"id":"feature_4308"},{"properties":{"depth":12},"type":"Polygon","arcs":[[-14368,13901,-13945,13902,-13948,13903,13904]],"id":"feature_4309"},{"properties":{"depth":12},"type":"Polygon","arcs":[[-14364,13905]],"id":"feature_4310"},{"properties":{"depth":12},"type":"Polygon","arcs":[[-14335,13906]],"id":"feature_4311"},{"properties":{"depth":11},"type":"Polygon","arcs":[[-14337,13907]],"id":"feature_4312"},{"properties":{"depth":12},"type":"Polygon","arcs":[[-14449,13908,-14103]],"id":"feature_4313"},{"properties":{"depth":12},"type":"Polygon","arcs":[[13909,-14461,13910]],"id":"feature_4314"},{"properties":{"depth":12},"type":"Polygon","arcs":[[-14454,13911,13912]],"id":"feature_4315"},{"properties":{"depth":12},"type":"Polygon","arcs":[[13913,13914,-14456,13915]],"id":"feature_4316"},{"properties":{"depth":12},"type":"Polygon","arcs":[[13916,-14435]],"id":"feature_4317"},{"properties":{"depth":12},"type":"Polygon","arcs":[[13917,-14437]],"id":"feature_4318"},{"properties":{"depth":12},"type":"Polygon","arcs":[[13918,13919,-14357]],"id":"feature_4319"},{"properties":{"depth":12},"type":"Polygon","arcs":[[13920,-14359,13921,13922]],"id":"feature_4320"},{"properties":{"depth":12},"type":"Polygon","arcs":[[13923,-14361,13924,-14325]],"id":"feature_4321"},{"properties":{"depth":12},"type":"Polygon","arcs":[[-14330,-14105,13925]],"id":"feature_4322"},{"properties":{"depth":12},"type":"Polygon","arcs":[[13926,13927]],"id":"feature_4323"},{"properties":{"depth":12},"type":"Polygon","arcs":[[13928,-14327]],"id":"feature_4324"},{"properties":{"depth":12},"type":"Polygon","arcs":[[13929,13930,-13959]],"id":"feature_4325"},{"properties":{"depth":12},"type":"Polygon","arcs":[[13931,13932,-13957]],"id":"feature_4326"},{"properties":{"depth":12},"type":"Polygon","arcs":[[-13961,13933]],"id":"feature_4327"},{"properties":{"depth":12},"type":"Polygon","arcs":[[13934,-13955,13935]],"id":"feature_4328"},{"properties":{"depth":13},"type":"Polygon","arcs":[[13936,-14196]],"id":"feature_4329"},{"properties":{"depth":13},"type":"Polygon","arcs":[[-14191,13937]],"id":"feature_4330"},{"properties":{"depth":13},"type":"Polygon","arcs":[[13938,-14189]],"id":"feature_4331"},{"properties":{"depth":13},"type":"Polygon","arcs":[[-14185,-14560]],"id":"feature_4332"},{"properties":{"depth":13},"type":"Polygon","arcs":[[-14186,-14558]],"id":"feature_4333"},{"properties":{"depth":13},"type":"Polygon","arcs":[[-14198,13939]],"id":"feature_4334"},{"properties":{"depth":13},"type":"Polygon","arcs":[[13940,-14180]],"id":"feature_4335"},{"properties":{"depth":13},"type":"Polygon","arcs":[[-14068,13941]],"id":"feature_4336"},{"properties":{"depth":13},"type":"Polygon","arcs":[[13942,13943]],"id":"feature_4337"},{"properties":{"depth":13},"type":"Polygon","arcs":[[13944,13945]],"id":"feature_4338"},{"properties":{"depth":13},"type":"Polygon","arcs":[[13946,13947,13948,13949]],"id":"feature_4339"},{"properties":{"depth":13},"type":"Polygon","arcs":[[-14590,-14589,13950,13951,13952,13953,13954,13955,13956,13957,13958,13959,13960,13961]],"id":"feature_4340"},{"properties":{"depth":13},"type":"Polygon","arcs":[[-14607,-14045,-14605,-14044,13962,-14046]],"id":"feature_4341"},{"properties":{"depth":13},"type":"Polygon","arcs":[[-14058,-14615,-14057,-14613,-14056,-14611,-14055,-14054,-15403,-14053,-15401,-14052,-15282,-14051,13963]],"id":"feature_4342"},{"properties":{"depth":13},"type":"Polygon","arcs":[[-14523,13964,-14521,-14031]],"id":"feature_4343"},{"properties":{"depth":12},"type":"Polygon","arcs":[[13965,13966,13967,-14300,13968]],"id":"feature_4344"},{"properties":{"depth":12},"type":"Polygon","arcs":[[13969,-14298]],"id":"feature_4345"},{"properties":{"depth":12},"type":"Polygon","arcs":[[13970,-14296,13971,13972]],"id":"feature_4346"},{"properties":{"depth":12},"type":"Polygon","arcs":[[-14030,13973,13974,-14294]],"id":"feature_4347"},{"properties":{"depth":12},"type":"Polygon","arcs":[[-14028,13975]],"id":"feature_4348"},{"properties":{"depth":12},"type":"Polygon","arcs":[[-14323,13976]],"id":"feature_4349"},{"properties":{"depth":13},"type":"Polygon","arcs":[[-14036,13977,13978]],"id":"feature_4350"},{"properties":{"depth":13},"type":"Polygon","arcs":[[15196,13979,13980,-14148,-13997,13981,13982]],"id":"feature_4351"},{"properties":{"depth":13},"type":"Polygon","arcs":[[-14146,13983,13984,-13998]],"id":"feature_4352"},{"properties":{"depth":13},"type":"Polygon","arcs":[[13985]],"id":"feature_4353"},{"properties":{"depth":13},"type":"Polygon","arcs":[[13986,13987,13988,13989,13990,-14016]],"id":"feature_4354"},{"properties":{"depth":13},"type":"Polygon","arcs":[[-14085,13991,-14000]],"id":"feature_4355"},{"properties":{"depth":12},"type":"Polygon","arcs":[[13992,-14002]],"id":"feature_4356"},{"properties":{"depth":12},"type":"Polygon","arcs":[[13993,-14005]],"id":"feature_4357"},{"properties":{"depth":14},"type":"Polygon","arcs":[[15157,-14235,13994,13995,13996,-14147,13997,-14112,13998]],"id":"feature_4358"},{"properties":{"depth":14},"type":"Polygon","arcs":[[-14086,13999,14000,14001,14002,-14007,14003]],"id":"feature_4359"},{"properties":{"depth":13},"type":"Polygon","arcs":[[14004,14005,14006,14007]],"id":"feature_4360"},{"properties":{"depth":14},"type":"Polygon","arcs":[[14008,-14129,14009,-14133,-14087]],"id":"feature_4361"},{"properties":{"depth":14},"type":"Polygon","arcs":[[14010,-14174]],"id":"feature_4362"},{"properties":{"depth":14},"type":"Polygon","arcs":[[-14172,14011]],"id":"feature_4363"},{"properties":{"depth":14},"type":"Polygon","arcs":[[14012,-14170]],"id":"feature_4364"},{"properties":{"depth":14},"type":"Polygon","arcs":[[14013,-14168]],"id":"feature_4365"},{"properties":{"depth":14},"type":"Polygon","arcs":[[14014,14015,14016,-14166]],"id":"feature_4366"},{"properties":{"depth":14},"type":"Polygon","arcs":[[14017,-14078]],"id":"feature_4367"},{"properties":{"depth":14},"type":"Polygon","arcs":[[-14097,14018,-14093,14019,-14072]],"id":"feature_4368"},{"properties":{"depth":14},"type":"Polygon","arcs":[[-14076,14020,-14074,14021]],"id":"feature_4369"},{"properties":{"depth":14},"type":"Polygon","arcs":[[-14090,-14119,14022]],"id":"feature_4370"},{"properties":{"depth":14},"type":"Polygon","arcs":[[14023,-14092]],"id":"feature_4371"},{"properties":{"depth":14},"type":"Polygon","arcs":[[-14293,14024,-14289,14025,-14115,14026,14027,14028,14029]],"id":"feature_4372"},{"properties":{"depth":14},"type":"Polygon","arcs":[[-14287,-14524,14030,-14520]],"id":"feature_4373"},{"properties":{"depth":14},"type":"Polygon","arcs":[[14031,15267,14032,15269,14033,-14208,-14515,-14272,14034,14035,14036]],"id":"feature_4374"},{"properties":{"depth":14},"type":"Polygon","arcs":[[14037,-14270,14038,-14268,14039,-14154]],"id":"feature_4375"},{"properties":{"depth":14},"type":"Polygon","arcs":[[-14266,14264,-14264,14040]],"id":"feature_4376"},{"properties":{"depth":14},"type":"Polygon","arcs":[[-14259,14041,15224,14042]],"id":"feature_4377"},{"properties":{"depth":14},"type":"Polygon","arcs":[[14043,14604,14044,14606,14045,14046,14047,14744,14048,-14123,-15286,-14122,-15284,-14121,14049,14050,15281,14051,15400,14052,15402,14053,14054,14610,14055,14612,14056,14614,14057,14058,-14257,14059]],"id":"feature_4378"},{"properties":{"depth":14},"type":"Polygon","arcs":[[-14255,14060]],"id":"feature_4379"},{"properties":{"depth":14},"type":"Polygon","arcs":[[-14155,-14431,-14567]],"id":"feature_4380"},{"properties":{"depth":14},"type":"Polygon","arcs":[[14061,-14463]],"id":"feature_4381"},{"properties":{"depth":14},"type":"Polygon","arcs":[[-14569,-14430]],"id":"feature_4382"},{"properties":{"depth":14},"type":"Polygon","arcs":[[14062,-14340]],"id":"feature_4383"},{"properties":{"depth":14},"type":"Polygon","arcs":[[14063,-14415,14064]],"id":"feature_4384"},{"properties":{"depth":14},"type":"Polygon","arcs":[[14065,-14142,14066,14067,14068,-14071]],"id":"feature_4385"},{"properties":{"depth":11},"type":"Polygon","arcs":[[14069,14070]],"id":"feature_4386"},{"properties":{"depth":15},"type":"Polygon","arcs":[[-14095,14071,14072,14073,14074,14075,14076]],"id":"feature_4387"},{"properties":{"depth":15},"type":"Polygon","arcs":[[14077,14078,-14081,14079]],"id":"feature_4388"},{"properties":{"depth":14},"type":"Polygon","arcs":[[14080,14081]],"id":"feature_4389"},{"properties":{"depth":15},"type":"Polygon","arcs":[[14082,-14204]],"id":"feature_4390"},{"properties":{"depth":15},"type":"Polygon","arcs":[[14083,14084,14085]],"id":"feature_4391"},{"properties":{"depth":15},"type":"Polygon","arcs":[[14086,-14132,-14128,-14135,14087]],"id":"feature_4392"},{"properties":{"depth":15},"type":"Polygon","arcs":[[14088,-14120,14089,14090,14091]],"id":"feature_4393"},{"properties":{"depth":11},"type":"Polygon","arcs":[[14092,14093]],"id":"feature_4394"},{"properties":{"depth":11},"type":"Polygon","arcs":[[14094,14095,14096]],"id":"feature_4395"},{"properties":{"depth":14},"type":"Polygon","arcs":[[14097]],"id":"feature_4396"},{"properties":{"depth":12},"type":"Polygon","arcs":[[-14102,14098,14099,-14450]],"id":"feature_4397"},{"properties":{"depth":13},"type":"Polygon","arcs":[[14100,14101,14102]],"id":"feature_4398"},{"properties":{"depth":11},"type":"Polygon","arcs":[[14103,14104,-14329]],"id":"feature_4399"},{"properties":{"depth":13},"type":"Polygon","arcs":[[14105,14106]],"id":"feature_4400"},{"properties":{"depth":13},"type":"Polygon","arcs":[[14107,-14477]],"id":"feature_4401"},{"properties":{"depth":12},"type":"Polygon","arcs":[[-14429,-14571]],"id":"feature_4402"},{"properties":{"depth":13},"type":"Polygon","arcs":[[-14479,14108,-14574]],"id":"feature_4403"},{"properties":{"depth":13},"type":"Polygon","arcs":[[-14194,14109]],"id":"feature_4404"},{"properties":{"depth":13},"type":"Polygon","arcs":[[14110,14111,14112]],"id":"feature_4405"},{"properties":{"depth":13},"type":"Polygon","arcs":[[14113,-14556]],"id":"feature_4406"},{"properties":{"depth":13},"type":"Polygon","arcs":[[14114,14115]],"id":"feature_4407"},{"properties":{"depth":11},"type":"Polygon","arcs":[[-14302,14116]],"id":"feature_4408"},{"properties":{"depth":13},"type":"Polygon","arcs":[[14117,14118,14119]],"id":"feature_4409"},{"properties":{"depth":13},"type":"Polygon","arcs":[[14120,15283,14121,15285,14122,14123,15273,14124]],"id":"feature_4410"},{"properties":{"depth":12},"type":"Polygon","arcs":[[-14464,14125]],"id":"feature_4411"},{"properties":{"depth":12},"type":"Polygon","arcs":[[14126,-14426]],"id":"feature_4412"},{"properties":{"depth":14},"type":"Polygon","arcs":[[14127,-14131]],"id":"feature_4413"},{"properties":{"depth":13},"type":"Polygon","arcs":[[14128,14129]],"id":"feature_4414"},{"properties":{"depth":13},"type":"Polygon","arcs":[[14130,14131,14132,14133,14134]],"id":"feature_4415"},{"properties":{"depth":11},"type":"Polygon","arcs":[[-14398,14135]],"id":"feature_4416"},{"properties":{"depth":12},"type":"Polygon","arcs":[[14136,-14347]],"id":"feature_4417"},{"properties":{"depth":12},"type":"Polygon","arcs":[[-14349,14137]],"id":"feature_4418"},{"properties":{"depth":13},"type":"Polygon","arcs":[[-14184,-14562]],"id":"feature_4419"},{"properties":{"depth":12},"type":"Polygon","arcs":[[14138,-14424,14139]],"id":"feature_4420"},{"properties":{"depth":13},"type":"Polygon","arcs":[[14140,14141]],"id":"feature_4421"},{"properties":{"depth":11},"type":"Polygon","arcs":[[14142,14143]],"id":"feature_4422"},{"properties":{"depth":12},"type":"Polygon","arcs":[[14144,14145,14146,14147,14148,14149,14150,14151]],"id":"feature_4423"},{"properties":{"depth":13},"type":"Polygon","arcs":[[14152,14153]],"id":"feature_4424"},{"properties":{"depth":12},"type":"Polygon","arcs":[[-14432,14154,-14566,-14182]],"id":"feature_4425"},{"properties":{"depth":11},"type":"Polygon","arcs":[[-15253,-14517,-15251,-14518]],"id":"feature_4426"},{"properties":{"depth":11},"type":"Polygon","arcs":[[-15257,-14519]],"id":"feature_4427"},{"properties":{"depth":11},"type":"Polygon","arcs":[[14491]],"id":"feature_4428"},{"properties":{"depth":11},"type":"Polygon","arcs":[[14492]],"id":"feature_4429"},{"properties":{"depth":11},"type":"Polygon","arcs":[[-15203,-14242]],"id":"feature_4430"},{"properties":{"depth":11},"type":"Polygon","arcs":[[-15206,-14240]],"id":"feature_4431"},{"properties":{"depth":12},"type":"Polygon","arcs":[[14308]],"id":"feature_4432"},{"properties":{"depth":12},"type":"Polygon","arcs":[[14317]],"id":"feature_4433"},{"properties":{"depth":12},"type":"Polygon","arcs":[[14312]],"id":"feature_4434"},{"properties":{"depth":12},"type":"Polygon","arcs":[[14309]],"id":"feature_4435"},{"properties":{"depth":12},"type":"Polygon","arcs":[[14441]],"id":"feature_4436"},{"properties":{"depth":12},"type":"Polygon","arcs":[[14444]],"id":"feature_4437"},{"properties":{"depth":12},"type":"Polygon","arcs":[[14443]],"id":"feature_4438"},{"properties":{"depth":12},"type":"Polygon","arcs":[[14370]],"id":"feature_4439"},{"properties":{"depth":12},"type":"Polygon","arcs":[[14369]],"id":"feature_4440"},{"properties":{"depth":12},"type":"Polygon","arcs":[[14465]],"id":"feature_4441"},{"properties":{"depth":12},"type":"Polygon","arcs":[[14467]],"id":"feature_4442"},{"properties":{"depth":12},"type":"Polygon","arcs":[[14446]],"id":"feature_4443"},{"properties":{"depth":13},"type":"Polygon","arcs":[[14198]],"id":"feature_4444"},{"properties":{"depth":12},"type":"Polygon","arcs":[[14305]],"id":"feature_4445"},{"properties":{"depth":13},"type":"Polygon","arcs":[[-15391,-14553,-15389,-14552,-15387,-14554]],"id":"feature_4446"},{"properties":{"depth":11},"type":"Polygon","arcs":[[14240]],"id":"feature_4447"},{"properties":{"depth":11},"type":"Polygon","arcs":[[14236]],"id":"feature_4448"},{"properties":{"depth":11},"type":"Polygon","arcs":[[-15209,-14244,15165,-14245]],"id":"feature_4449"},{"properties":{"depth":11},"type":"Polygon","arcs":[[-15200,-14239]],"id":"feature_4450"},{"properties":{"depth":11},"type":"Polygon","arcs":[[14237]],"id":"feature_4451"},{"properties":{"depth":14},"type":"Polygon","arcs":[[14176]],"id":"feature_4452"},{"properties":{"depth":14},"type":"Polygon","arcs":[[14177]],"id":"feature_4453"},{"properties":{"depth":14},"type":"Polygon","arcs":[[14175]],"id":"feature_4454"},{"properties":{"depth":14},"type":"Polygon","arcs":[[14319]],"id":"feature_4455"},{"properties":{"depth":14},"type":"Polygon","arcs":[[14155]],"id":"feature_4456"},{"properties":{"depth":14},"type":"Polygon","arcs":[[14314]],"id":"feature_4457"},{"properties":{"depth":14},"type":"Polygon","arcs":[[14318]],"id":"feature_4458"},{"properties":{"depth":14},"type":"Polygon","arcs":[[14307]],"id":"feature_4459"},{"properties":{"depth":14},"type":"Polygon","arcs":[[14315]],"id":"feature_4460"},{"properties":{"depth":14},"type":"Polygon","arcs":[[14313]],"id":"feature_4461"},{"properties":{"depth":15},"type":"Polygon","arcs":[[-14205,-14206]],"id":"feature_4462"},{"properties":{"depth":12},"type":"Polygon","arcs":[[14579]],"id":"feature_4463"},{"properties":{"depth":12},"type":"Polygon","arcs":[[14580]],"id":"feature_4464"},{"properties":{"depth":11},"type":"Polygon","arcs":[[-14516,-15255]],"id":"feature_4465"},{"properties":{"depth":13},"type":"Polygon","arcs":[[14556]],"id":"feature_4466"},{"properties":{"depth":13},"type":"Polygon","arcs":[[14163]],"id":"feature_4467"},{"properties":{"depth":13},"type":"Polygon","arcs":[[14509]],"id":"feature_4468"},{"properties":{"depth":12},"type":"Polygon","arcs":[[14156]],"id":"feature_4469"},{"properties":{"depth":12},"type":"Polygon","arcs":[[14376]],"id":"feature_4470"},{"properties":{"depth":12},"type":"Polygon","arcs":[[14404]],"id":"feature_4471"},{"properties":{"depth":12},"type":"Polygon","arcs":[[14157]],"id":"feature_4472"},{"properties":{"depth":11},"type":"Polygon","arcs":[[14159]],"id":"feature_4473"},{"properties":{"depth":11},"type":"Polygon","arcs":[[14160]],"id":"feature_4474"},{"properties":{"depth":13},"type":"Polygon","arcs":[[14158]],"id":"feature_4475"},{"properties":{"depth":12},"type":"Polygon","arcs":[[14442],[14158]],"id":"feature_4476"},{"properties":{"depth":12},"type":"Polygon","arcs":[[14445],[14159],[14160]],"id":"feature_4477"},{"properties":{"depth":14},"type":"Polygon","arcs":[[-14262,-15228,-14261,14161,14717,14162],[14163]],"id":"feature_4478"},{"properties":{"depth":15},"type":"Polygon","arcs":[[-14202,14204,-14201,14164,14165,14166,14167,14168,14169,14170,14171,14172,14173,14174],[14175],[14176],[14177]],"id":"feature_4479"},{"properties":{"depth":14},"type":"Polygon","arcs":[[14178,14179,14180,-14433,14181,-14565,14182,-14563,14183,-14561,14184,-14559,14185,-14579,-14343,14186,14187,14188,14189,14190,14191,-14459,14192,14193,14194,14195,14196,14197],[14198]],"id":"feature_4480"},{"properties":{"depth":14},"type":"Polygon","arcs":[[14199,14200,-14205,14201,14202,14203],[14204,14205]],"id":"feature_4481"},{"properties":{"depth":13},"type":"Polygon","arcs":[[-14547,15161,-14546,15210,-14545,-15235,-14544,-15233,-14543,15237,-14542,15239,15240,-14541,15243,-14540,15245,-14539,15247,15248,14206,-14511,14207,14208,15263,14209,14210,14211,14212,14213,15167,14214,15169,14215,14216,14217,15176,14218,15178,14219,14220,14221,15182,14222,14223,15184,14224,14225,14226,14227,14228,14229,14230,14231,14232,14233,14234,15158,14235],[14236],[14237],[15199,14238],[15205,14239],[14240],[15202,14241],[14242],[-15166,14243,15208,14244]],"id":"feature_4482"},{"properties":{"depth":13},"type":"Polygon","arcs":[[14245,14246,14247,14248,14249,14250,14251,14252,14253,14254,14255,14256,14257,14258,14259,14260,15227,14261,14262,14263,14264,14265,14266,14267,14268,14269,14270,14271,-14514,14272,-14537,15379,-14536,-15377,-14535,-15375,-14534,-14533,14273,15214,14274,14275,15217,14276,15219,14277,15221,14278,-15364,14279,-14531,-15362,-14530,15351,-14529,14280,15353,14281,14282,15355,14283,15357,14284,14285,-14525,14286,-14551,14287,14288,14289,14290,14291,14292,14293,14294,14295,14296,14297,14298,14299,14300,14301,14302,-14497,14303,14304],[14305],[14306],[14307],[14308],[14309],[14310],[14311],[14312],[14313],[14314],[14315],[14316],[14317],[14318],[14319],[-14507,14320,-14505,14321,14322,14323,-14508]],"id":"feature_4483"},{"properties":{"depth":13},"type":"Polygon","arcs":[[14324,14325,14326,14327,14328,14329,14330,14331,-14470,14332,-14472,14333,14334,14335,14336,14337,14338,14339,14340,14341,14342,-14578,14343,-14576,14344,14345,14346,14347,14348,14349,14350,14351,14352,14353,14354,14355,14356,14357,14358,14359,14360,14361],[14362]],"id":"feature_4484"},{"properties":{"depth":13},"type":"Polygon","arcs":[[14363,14364,14365,14366,14367,14368],[14369],[14370]],"id":"feature_4485"},{"properties":{"depth":13},"type":"Polygon","arcs":[[14371,-14584,14372,-14474,14373,14374,14375],[14376]],"id":"feature_4486"},{"properties":{"depth":13},"type":"Polygon","arcs":[[-14487,14377,14378,14379,14380,14381,14382,14383,14384,14385,14386,14387,14388,14389,14390,14391,14392,14393,14394,14395,14396,14397,14398,14399,14400,14401,14402,-14596,14403],[14404]],"id":"feature_4487"},{"properties":{"depth":13},"type":"Polygon","arcs":[[14405,14406,14407,14408,14409,14410,14411,14412,14413,14414,14415,14416,14417,14418,14419,14420,14421,14422,14423,14424,14425,14426,-14482,14427,-14480,-14572,14428,-14570,14429,-14568,14430,14431,14432,14433,14434,14435,14436,14437,14438,14439],[14440],[14441],[14442],[14443],[14444],[14445],[14446]],"id":"feature_4488"},{"properties":{"depth":13},"type":"Polygon","arcs":[[14447,14448,14449,14450,14451,14452,14453,14454,14455,14456,14457,14458,14459,14460,14461,14462],[14463,14464],[14465],[14466],[14467]],"id":"feature_4489"},{"properties":{"depth":12},"type":"Polygon","arcs":[[14468,14469,14470,14471],[14472]],"id":"feature_4490"},{"properties":{"depth":12},"type":"Polygon","arcs":[[14473,14474,-14582,14475,14476,14477,14478,-14573,14479,14480,14481,14482,14483,14484,14485,14486,14487],[14488],[14489,14490],[14491],[14492]],"id":"feature_4491"},{"properties":{"depth":12},"type":"Polygon","arcs":[[14493,14494,14495,14496,14497,14498,14499,14500,14501,14502],[14503]],"id":"feature_4492"},{"properties":{"depth":12},"type":"Polygon","arcs":[[14504,14505,-14507,14506,14507,14508],[14509]],"id":"feature_4493"},{"properties":{"depth":12},"type":"Polygon","arcs":[[14510,14511,-15382,14512,14513,14514],[14515,15254],[15250,14516,15252,14517],[15256,14518]],"id":"feature_4494"},{"properties":{"depth":12},"type":"Polygon","arcs":[[14519,14520,14521,14522,14523,14524,14525,14526,14527,14528,-15352,14529,15361,14530,14531,14532,14533,15374,14534,15376,14535,-15380,14536,14537,-15248,14538,-15246,14539,-15244,14540,-15241,-15240,14541,-15238,14542,15232,14543,15234,14544,-15211,14545,-15162,14546,14547,14548,14549,14550],[15386,14551,15388,14552,15390,14553],[14554,14555],[14556]],"id":"feature_4495"},{"properties":{"depth":11},"type":"Polygon","arcs":[[14557,14558,14559,14560,14561,14562,14563,14564,14565,14566,14567,14568,14569,14570,14571,14572,14573,14574,14575,14576,14577,14578],[14579],[14580]],"id":"feature_4496"},{"properties":{"depth":11},"type":"Polygon","arcs":[[14581,14582,14583,14584,14585],[14586]],"id":"feature_4497"},{"properties":{"depth":12},"type":"Polygon","arcs":[[-14592,14587,14588]],"id":"feature_4498"},{"properties":{"depth":11},"type":"Polygon","arcs":[[14589,14590,14591]],"id":"feature_4499"},{"properties":{"depth":12},"type":"Polygon","arcs":[[-14599,14592,14593,14594,14595,14596]],"id":"feature_4500"},{"properties":{"depth":11},"type":"Polygon","arcs":[[14597,14598]],"id":"feature_4501"},{"properties":{"depth":11},"type":"Polygon","arcs":[[14599,14600]],"id":"feature_4502"},{"properties":{"depth":11},"type":"Polygon","arcs":[[14601,-14708,-15089,-15098]],"id":"feature_4503"},{"properties":{"depth":11},"type":"Polygon","arcs":[[14602,-15271,-15398]],"id":"feature_4504"},{"properties":{"depth":11},"type":"Polygon","arcs":[[14603,14604,14605,14606,14607,-15406,14608,-15404,-15403,-15402,-15401,-15400,-15283,-15282,-15281,-14653,-15279,-14657,14609,14610,14611,14612,14613,14614,14615,-14655]],"id":"feature_4505"},{"properties":{"depth":11},"type":"Polygon","arcs":[[-15270,-15269,-15268,-15267,-15266,-15265,-15264,-15263,-14720,-15261]],"id":"feature_4506"},{"properties":{"depth":11},"type":"Polygon","arcs":[[-15242,-15241,-14661]],"id":"feature_4507"},{"properties":{"depth":11},"type":"Polygon","arcs":[[-14664,-14759,-14758,-14667,14616]],"id":"feature_4508"},{"properties":{"depth":11},"type":"Polygon","arcs":[[-14766,14617]],"id":"feature_4509"},{"properties":{"depth":11},"type":"Polygon","arcs":[[-14674,-14673,14618,-14675]],"id":"feature_4510"},{"properties":{"depth":11},"type":"Polygon","arcs":[[-15191,-14780,14619,-14671,-14770]],"id":"feature_4511"},{"properties":{"depth":11},"type":"Polygon","arcs":[[14620,-15171,-15170,-15169,-15168]],"id":"feature_4512"},{"properties":{"depth":11},"type":"Polygon","arcs":[[14621,-15173]],"id":"feature_4513"},{"properties":{"depth":11},"type":"Polygon","arcs":[[-14730,-15121,14622]],"id":"feature_4514"},{"properties":{"depth":11},"type":"Polygon","arcs":[[-14790,-14689,-14788,14623,-15308]],"id":"feature_4515"},{"properties":{"depth":11},"type":"Polygon","arcs":[[-14803,14624,-15305]],"id":"feature_4516"},{"properties":{"depth":11},"type":"Polygon","arcs":[[-14800,14625,-14691]],"id":"feature_4517"},{"properties":{"depth":11},"type":"Polygon","arcs":[[14626,-14798]],"id":"feature_4518"},{"properties":{"depth":11},"type":"Polygon","arcs":[[14627,-14796]],"id":"feature_4519"},{"properties":{"depth":11},"type":"Polygon","arcs":[[14628,-15315]],"id":"feature_4520"},{"properties":{"depth":11},"type":"Polygon","arcs":[[-14816,-15296]],"id":"feature_4521"},{"properties":{"depth":11},"type":"Polygon","arcs":[[-14815,-15294]],"id":"feature_4522"},{"properties":{"depth":11},"type":"Polygon","arcs":[[14629]],"id":"feature_4523"},{"properties":{"depth":11},"type":"Polygon","arcs":[[14630,-14701]],"id":"feature_4524"},{"properties":{"depth":11},"type":"Polygon","arcs":[[14631,-14698]],"id":"feature_4525"},{"properties":{"depth":11},"type":"Polygon","arcs":[[14632,-14707]],"id":"feature_4526"},{"properties":{"depth":11},"type":"Polygon","arcs":[[14633,-14705]],"id":"feature_4527"},{"properties":{"depth":11},"type":"Polygon","arcs":[[14634,-15084]],"id":"feature_4528"},{"properties":{"depth":11},"type":"Polygon","arcs":[[14635]],"id":"feature_4529"},{"properties":{"depth":11},"type":"Polygon","arcs":[[14636,-14713,14637,-14703]],"id":"feature_4530"},{"properties":{"depth":11},"type":"Polygon","arcs":[[-14807,-15298]],"id":"feature_4531"},{"properties":{"depth":11},"type":"Polygon","arcs":[[-14808,-15327,-14810,-14692]],"id":"feature_4532"},{"properties":{"depth":11},"type":"Polygon","arcs":[[14638,-14811,-15325]],"id":"feature_4533"},{"properties":{"depth":11},"type":"Polygon","arcs":[[14639,-15129,-15095,-15086]],"id":"feature_4534"},{"properties":{"depth":11},"type":"Polygon","arcs":[[14640,-14711]],"id":"feature_4535"},{"properties":{"depth":11},"type":"Polygon","arcs":[[14641,-15092]],"id":"feature_4536"},{"properties":{"depth":11},"type":"Polygon","arcs":[[14642,-15108]],"id":"feature_4537"},{"properties":{"depth":11},"type":"Polygon","arcs":[[14643,-15106]],"id":"feature_4538"},{"properties":{"depth":11},"type":"Polygon","arcs":[[14644,-15104]],"id":"feature_4539"},{"properties":{"depth":11},"type":"Polygon","arcs":[[-15112,14645,-15102]],"id":"feature_4540"},{"properties":{"depth":11},"type":"Polygon","arcs":[[14646,-15110,-15101]],"id":"feature_4541"},{"properties":{"depth":11},"type":"Polygon","arcs":[[14647]],"id":"feature_4542"},{"properties":{"depth":12},"type":"Polygon","arcs":[[-14745,-14744,14648,-14746]],"id":"feature_4543"},{"properties":{"depth":12},"type":"Polygon","arcs":[[14649,-14714,-14748]],"id":"feature_4544"},{"properties":{"depth":12},"type":"Polygon","arcs":[[14650,-14742]],"id":"feature_4545"},{"properties":{"depth":12},"type":"Polygon","arcs":[[14651,-14752]],"id":"feature_4546"},{"properties":{"depth":12},"type":"Polygon","arcs":[[14652,-15280]],"id":"feature_4547"},{"properties":{"depth":12},"type":"Polygon","arcs":[[14653,14654]],"id":"feature_4548"},{"properties":{"depth":12},"type":"Polygon","arcs":[[-15278,14655,14656]],"id":"feature_4549"},{"properties":{"depth":12},"type":"Polygon","arcs":[[-15222,-15221,-15365,-15364,-15363,-15362,-15361,-15223]],"id":"feature_4550"},{"properties":{"depth":12},"type":"Polygon","arcs":[[-15369,-15216,-15215]],"id":"feature_4551"},{"properties":{"depth":12},"type":"Polygon","arcs":[[-15367,-15220,-15219,-15218,-15217]],"id":"feature_4552"},{"properties":{"depth":12},"type":"Polygon","arcs":[[-15372,-15260]],"id":"feature_4553"},{"properties":{"depth":12},"type":"Polygon","arcs":[[-15374,-15259]],"id":"feature_4554"},{"properties":{"depth":12},"type":"Polygon","arcs":[[14657,-14740,14658,-14737,-15385,14659,-15383,-15382,-15381,-15380,-15379,-15258,-15257,-15256,-15255,-15254,-15253,-15252,-15251,-15250,-15249,-15248,-15247,-15246,-15245,-15244,-15243,14660,-15240,-15239,-15238,-15237,-15164,-14756,14661,-14764]],"id":"feature_4555"},{"properties":{"depth":12},"type":"Polygon","arcs":[[14662,-14762]],"id":"feature_4556"},{"properties":{"depth":12},"type":"Polygon","arcs":[[-14760,14663,14664]],"id":"feature_4557"},{"properties":{"depth":12},"type":"Polygon","arcs":[[14665,14666,-14757,-15154,14667]],"id":"feature_4558"},{"properties":{"depth":12},"type":"Polygon","arcs":[[14668,-15194,14669,-14772,-14771,14670,14671,14672,14673,14674]],"id":"feature_4559"},{"properties":{"depth":12},"type":"Polygon","arcs":[[14675,-14778]],"id":"feature_4560"},{"properties":{"depth":12},"type":"Polygon","arcs":[[14676,-14775]],"id":"feature_4561"},{"properties":{"depth":12},"type":"Polygon","arcs":[[-15179,14677,-15180]],"id":"feature_4562"},{"properties":{"depth":12},"type":"Polygon","arcs":[[14678,-15175]],"id":"feature_4563"},{"properties":{"depth":12},"type":"Polygon","arcs":[[14679,-14722]],"id":"feature_4564"},{"properties":{"depth":12},"type":"Polygon","arcs":[[-14727,14680]],"id":"feature_4565"},{"properties":{"depth":12},"type":"Polygon","arcs":[[-14725,14681]],"id":"feature_4566"},{"properties":{"depth":12},"type":"Polygon","arcs":[[-14723,14682]],"id":"feature_4567"},{"properties":{"depth":12},"type":"Polygon","arcs":[[14683,-14734]],"id":"feature_4568"},{"properties":{"depth":12},"type":"Polygon","arcs":[[14684,-14736]],"id":"feature_4569"},{"properties":{"depth":12},"type":"Polygon","arcs":[[14685,-14783,-14823]],"id":"feature_4570"},{"properties":{"depth":12},"type":"Polygon","arcs":[[14686,-14785]],"id":"feature_4571"},{"properties":{"depth":12},"type":"Polygon","arcs":[[14687,-14789,14688,-14792]],"id":"feature_4572"},{"properties":{"depth":12},"type":"Polygon","arcs":[[14689,-14801,14690]],"id":"feature_4573"},{"properties":{"depth":12},"type":"Polygon","arcs":[[-14809,14691]],"id":"feature_4574"},{"properties":{"depth":12},"type":"Polygon","arcs":[[14692,-14813]],"id":"feature_4575"},{"properties":{"depth":12},"type":"Polygon","arcs":[[-15338,14693,-14820]],"id":"feature_4576"},{"properties":{"depth":12},"type":"Polygon","arcs":[[14694,-15340,-14819,-15080]],"id":"feature_4577"},{"properties":{"depth":12},"type":"Polygon","arcs":[[14695,-15333,14696,14697,14698,-15082,-14818,14699,14700]],"id":"feature_4578"},{"properties":{"depth":12},"type":"Polygon","arcs":[[14701,14702,14703,14704,14705,14706]],"id":"feature_4579"},{"properties":{"depth":12},"type":"Polygon","arcs":[[14707,14708,-15090]],"id":"feature_4580"},{"properties":{"depth":12},"type":"Polygon","arcs":[[14709,14710,14711,14712]],"id":"feature_4581"},{"properties":{"depth":14},"type":"Polygon","arcs":[[14713,14714,-14749]],"id":"feature_4582"},{"properties":{"depth":14},"type":"Polygon","arcs":[[14715,-15276]],"id":"feature_4583"},{"properties":{"depth":14},"type":"Polygon","arcs":[[-15227,14716,14717,14718,-15229,-15228]],"id":"feature_4584"},{"properties":{"depth":14},"type":"Polygon","arcs":[[14719,-15262]],"id":"feature_4585"},{"properties":{"depth":14},"type":"Polygon","arcs":[[14720,14721]],"id":"feature_4586"},{"properties":{"depth":14},"type":"Polygon","arcs":[[14722,14723,14724,14725,14726,14727,-15120,14728,-15122,14729,14730]],"id":"feature_4587"},{"properties":{"depth":13},"type":"Polygon","arcs":[[14731]],"id":"feature_4588"},{"properties":{"depth":14},"type":"Polygon","arcs":[[14732,14733]],"id":"feature_4589"},{"properties":{"depth":14},"type":"Polygon","arcs":[[14734,14735]],"id":"feature_4590"},{"properties":{"depth":11},"type":"Polygon","arcs":[[14736,14737]],"id":"feature_4591"},{"properties":{"depth":11},"type":"Polygon","arcs":[[14738,14739]],"id":"feature_4592"},{"properties":{"depth":13},"type":"Polygon","arcs":[[14740,14741,14742,14743,14744,14745,14746,14747,14748,14749,-15396,-15394,-15413,-15393,-15410,14750,14751]],"id":"feature_4593"},{"properties":{"depth":13},"type":"Polygon","arcs":[[-15408,14752]],"id":"feature_4594"},{"properties":{"depth":13},"type":"Polygon","arcs":[[14753,14754,14755,-15163,-15162,-15161]],"id":"feature_4595"},{"properties":{"depth":13},"type":"Polygon","arcs":[[14756,14757,14758,14759,14760,14761,14762,14763,14764,-15156,-15155]],"id":"feature_4596"},{"properties":{"depth":13},"type":"Polygon","arcs":[[14765,14766,-15198,-15197,-15196,14767,-15118,14768]],"id":"feature_4597"},{"properties":{"depth":13},"type":"Polygon","arcs":[[14769,14770,14771,14772,-15192]],"id":"feature_4598"},{"properties":{"depth":13},"type":"Polygon","arcs":[[-15189,-15188,-15187,-15186,-15185,-15184,-15183,-15182,14773,14774,14775,14776,14777,14778,14779,-15190]],"id":"feature_4599"},{"properties":{"depth":13},"type":"Polygon","arcs":[[14780,-15078,14781,-15313]],"id":"feature_4600"},{"properties":{"depth":13},"type":"Polygon","arcs":[[-14824,14782,14783,14784,14785,-15311]],"id":"feature_4601"},{"properties":{"depth":13},"type":"Polygon","arcs":[[14786,14787,14788]],"id":"feature_4602"},{"properties":{"depth":13},"type":"Polygon","arcs":[[14789,-15307,14790,14791]],"id":"feature_4603"},{"properties":{"depth":13},"type":"Polygon","arcs":[[14792,-15302]],"id":"feature_4604"},{"properties":{"depth":13},"type":"Polygon","arcs":[[14793,-15317]],"id":"feature_4605"},{"properties":{"depth":13},"type":"Polygon","arcs":[[14794,14795,14796,14797,14798,14799,14800,14801,14802,-15304]],"id":"feature_4606"},{"properties":{"depth":13},"type":"Polygon","arcs":[[-15345,-15300]],"id":"feature_4607"},{"properties":{"depth":13},"type":"Polygon","arcs":[[14803,-15319]],"id":"feature_4608"},{"properties":{"depth":13},"type":"Polygon","arcs":[[14804,-15321]],"id":"feature_4609"},{"properties":{"depth":13},"type":"Polygon","arcs":[[14805,-15347,-15299,14806,-15297,14807,14808,14809,-15326,14810,14811,14812]],"id":"feature_4610"},{"properties":{"depth":13},"type":"Polygon","arcs":[[14813,-15323]],"id":"feature_4611"},{"properties":{"depth":13},"type":"Polygon","arcs":[[14814,-15293,14815,-15295]],"id":"feature_4612"},{"properties":{"depth":13},"type":"Polygon","arcs":[[14816,14817,-15081,14818,-15339,14819,14820,-15336,-15291]],"id":"feature_4613"},{"properties":{"depth":11},"type":"Polygon","arcs":[[14821,14822,14823,-15310]],"id":"feature_4614"},{"properties":{"depth":11},"type":"Polygon","arcs":[[14824]],"id":"feature_4615"},{"properties":{"depth":11},"type":"Polygon","arcs":[[14825,-15036]],"id":"feature_4616"},{"properties":{"depth":11},"type":"Polygon","arcs":[[14826,14827,14828,-14961]],"id":"feature_4617"},{"properties":{"depth":11},"type":"Polygon","arcs":[[-14963,-14873,14829]],"id":"feature_4618"},{"properties":{"depth":11},"type":"Polygon","arcs":[[14830,14831,14832,-14875,-15143,-14879,-14878,-14877]],"id":"feature_4619"},{"properties":{"depth":11},"type":"Polygon","arcs":[[-14881,-14880,-15141,-15140,-15139,-14884,14833]],"id":"feature_4620"},{"properties":{"depth":11},"type":"Polygon","arcs":[[-14886,-14885,-15137,-14888,-14965,14834]],"id":"feature_4621"},{"properties":{"depth":11},"type":"Polygon","arcs":[[14835]],"id":"feature_4622"},{"properties":{"depth":11},"type":"Polygon","arcs":[[14836,-14901]],"id":"feature_4623"},{"properties":{"depth":11},"type":"Polygon","arcs":[[-14976,-14975,14837,-14907,14838,-14899]],"id":"feature_4624"},{"properties":{"depth":11},"type":"Polygon","arcs":[[14839,-14905]],"id":"feature_4625"},{"properties":{"depth":11},"type":"Polygon","arcs":[[14840,-14984,14841,-14903,-14902,-14909,14842,-14911,14843,-14913]],"id":"feature_4626"},{"properties":{"depth":11},"type":"Polygon","arcs":[[-14986,14844,-15126,-14916,14845,-14982,-14915]],"id":"feature_4627"},{"properties":{"depth":11},"type":"Polygon","arcs":[[-14937,14846]],"id":"feature_4628"},{"properties":{"depth":11},"type":"Polygon","arcs":[[-14935,14847]],"id":"feature_4629"},{"properties":{"depth":11},"type":"Polygon","arcs":[[-14921,-14994,14848]],"id":"feature_4630"},{"properties":{"depth":11},"type":"Polygon","arcs":[[-14923,-14996,-14920,14849]],"id":"feature_4631"},{"properties":{"depth":11},"type":"Polygon","arcs":[[14850,-14927]],"id":"feature_4632"},{"properties":{"depth":11},"type":"Polygon","arcs":[[-14931,14851]],"id":"feature_4633"},{"properties":{"depth":11},"type":"Polygon","arcs":[[14852,-15000,14853,14854,14855,-14933,14856,14857]],"id":"feature_4634"},{"properties":{"depth":11},"type":"Polygon","arcs":[[14858,14859,14860,-15002,-14940]],"id":"feature_4635"},{"properties":{"depth":11},"type":"Polygon","arcs":[[14861,-15067,-15075,-15074,14862,-15064]],"id":"feature_4636"},{"properties":{"depth":11},"type":"Polygon","arcs":[[14863,-14889,-15135,-14891]],"id":"feature_4637"},{"properties":{"depth":11},"type":"Polygon","arcs":[[-14893,14864]],"id":"feature_4638"},{"properties":{"depth":11},"type":"Polygon","arcs":[[14865,-15031,-15030,-15029,-14945]],"id":"feature_4639"},{"properties":{"depth":11},"type":"Polygon","arcs":[[-15025,-15024,-15023,-14943]],"id":"feature_4640"},{"properties":{"depth":11},"type":"Polygon","arcs":[[14866,-15016,-14949]],"id":"feature_4641"},{"properties":{"depth":11},"type":"Polygon","arcs":[[-15013,14867,-14950]],"id":"feature_4642"},{"properties":{"depth":11},"type":"Polygon","arcs":[[14868,-14955,-15010]],"id":"feature_4643"},{"properties":{"depth":11},"type":"Polygon","arcs":[[-14952,14869,-15048]],"id":"feature_4644"},{"properties":{"depth":12},"type":"Polygon","arcs":[[-15034,-15422,-15421,-15033,-15420,-15419,-15418,14870,-15424]],"id":"feature_4645"},{"properties":{"depth":12},"type":"Polygon","arcs":[[-15147,14871,14872,-15056]],"id":"feature_4646"},{"properties":{"depth":12},"type":"Polygon","arcs":[[-15146,14873]],"id":"feature_4647"},{"properties":{"depth":12},"type":"Polygon","arcs":[[-15144,14874,14875]],"id":"feature_4648"},{"properties":{"depth":12},"type":"Polygon","arcs":[[14876,14877,14878,-15142,14879,14880,14881]],"id":"feature_4649"},{"properties":{"depth":12},"type":"Polygon","arcs":[[14882,14883,-15138,14884,14885]],"id":"feature_4650"},{"properties":{"depth":12},"type":"Polygon","arcs":[[14886,-14968,-14967,-14966,14887,-15136,14888]],"id":"feature_4651"},{"properties":{"depth":12},"type":"Polygon","arcs":[[14889,14890,-15134,14891,14892]],"id":"feature_4652"},{"properties":{"depth":12},"type":"Polygon","arcs":[[14893,-15149,-15055]],"id":"feature_4653"},{"properties":{"depth":12},"type":"Polygon","arcs":[[14894,-15151]],"id":"feature_4654"},{"properties":{"depth":12},"type":"Polygon","arcs":[[14895,14896,-14972]],"id":"feature_4655"},{"properties":{"depth":12},"type":"Polygon","arcs":[[14897,-14977,14898,14899,14900]],"id":"feature_4656"},{"properties":{"depth":12},"type":"Polygon","arcs":[[14901,14902,14903,14904,14905,-14980,14906,14907,14908]],"id":"feature_4657"},{"properties":{"depth":12},"type":"Polygon","arcs":[[14909,14910]],"id":"feature_4658"},{"properties":{"depth":12},"type":"Polygon","arcs":[[14911,14912]],"id":"feature_4659"},{"properties":{"depth":12},"type":"Polygon","arcs":[[-14981,14913,-14989,-14988,-14987,14914]],"id":"feature_4660"},{"properties":{"depth":12},"type":"Polygon","arcs":[[14915,-15125,14916]],"id":"feature_4661"},{"properties":{"depth":12},"type":"Polygon","arcs":[[14917,-14991,14918,14919,-14995,14920,14921]],"id":"feature_4662"},{"properties":{"depth":12},"type":"Polygon","arcs":[[-14997,14922,14923]],"id":"feature_4663"},{"properties":{"depth":12},"type":"Polygon","arcs":[[-14993,14924,14925,14926,14927]],"id":"feature_4664"},{"properties":{"depth":12},"type":"Polygon","arcs":[[14928,14929,14930,14931]],"id":"feature_4665"},{"properties":{"depth":12},"type":"Polygon","arcs":[[14932,14933]],"id":"feature_4666"},{"properties":{"depth":12},"type":"Polygon","arcs":[[14934,14935,14936,14937]],"id":"feature_4667"},{"properties":{"depth":12},"type":"Polygon","arcs":[[-15007,14938,14939]],"id":"feature_4668"},{"properties":{"depth":12},"type":"Polygon","arcs":[[14940,-15005]],"id":"feature_4669"},{"properties":{"depth":12},"type":"Polygon","arcs":[[-15069,14941,-15072]],"id":"feature_4670"},{"properties":{"depth":12},"type":"Polygon","arcs":[[-15028,-15027,-15026,14942,-15022,14943,14944]],"id":"feature_4671"},{"properties":{"depth":12},"type":"Polygon","arcs":[[14945,-15019]],"id":"feature_4672"},{"properties":{"depth":12},"type":"Polygon","arcs":[[-15040,14946,-14958]],"id":"feature_4673"},{"properties":{"depth":12},"type":"Polygon","arcs":[[14947,14948,-15015,-15014,14949]],"id":"feature_4674"},{"properties":{"depth":12},"type":"Polygon","arcs":[[14950,14951,-15047,-15046,-15045]],"id":"feature_4675"},{"properties":{"depth":12},"type":"Polygon","arcs":[[-15051,14952,14953,-15008]],"id":"feature_4676"},{"properties":{"depth":12},"type":"Polygon","arcs":[[14954,14955,-15011]],"id":"feature_4677"},{"properties":{"depth":11},"type":"Polygon","arcs":[[14956,-15041,14957]],"id":"feature_4678"},{"properties":{"depth":13},"type":"Polygon","arcs":[[14958,-15038,14959,14960]],"id":"feature_4679"},{"properties":{"depth":13},"type":"Polygon","arcs":[[14961,-15053]],"id":"feature_4680"},{"properties":{"depth":13},"type":"Polygon","arcs":[[14962,14963,-15057]],"id":"feature_4681"},{"properties":{"depth":13},"type":"Polygon","arcs":[[14964,14965,14966,14967,14968]],"id":"feature_4682"},{"properties":{"depth":13},"type":"Polygon","arcs":[[14969,-15070,14970,14971]],"id":"feature_4683"},{"properties":{"depth":13},"type":"Polygon","arcs":[[14972]],"id":"feature_4684"},{"properties":{"depth":13},"type":"Polygon","arcs":[[14973,14974,14975,14976]],"id":"feature_4685"},{"properties":{"depth":13},"type":"Polygon","arcs":[[14977,14978,14979]],"id":"feature_4686"},{"properties":{"depth":13},"type":"Polygon","arcs":[[14980,14981,14982,14983,14984]],"id":"feature_4687"},{"properties":{"depth":13},"type":"Polygon","arcs":[[14985,14986,14987,14988,14989]],"id":"feature_4688"},{"properties":{"depth":13},"type":"Polygon","arcs":[[14990,14991]],"id":"feature_4689"},{"properties":{"depth":13},"type":"Polygon","arcs":[[14992,14993,14994,14995,14996,14997]],"id":"feature_4690"},{"properties":{"depth":13},"type":"Polygon","arcs":[[-15061,14998,14999,15000]],"id":"feature_4691"},{"properties":{"depth":13},"type":"Polygon","arcs":[[15001,15002,-15066,15003,15004,15005,15006]],"id":"feature_4692"},{"properties":{"depth":13},"type":"Polygon","arcs":[[15007,15008,15009,15010,15011,15012,15013,15014,15015,15016,-15052]],"id":"feature_4693"},{"properties":{"depth":13},"type":"Polygon","arcs":[[15017,15018,15019,-15043,15020,15021,15022,15023,15024,15025,15026,15027,15028,15029,15030]],"id":"feature_4694"},{"properties":{"depth":13},"type":"Polygon","arcs":[[15031,-15414,15032,-15426]],"id":"feature_4695"},{"properties":{"depth":13},"type":"Polygon","arcs":[[15033,-15423]],"id":"feature_4696"},{"properties":{"depth":14},"type":"Polygon","arcs":[[15034,15035,15036,15037]],"id":"feature_4697"},{"properties":{"depth":14},"type":"Polygon","arcs":[[15038,15039,15040,15041,15042,15043,15044,15045,15046,15047,15048,15049,15050,15051]],"id":"feature_4698"},{"properties":{"depth":14},"type":"Polygon","arcs":[[15052,15053,15054,-15148,15055,15056,15057,15058,15059]],"id":"feature_4699"},{"properties":{"depth":14},"type":"Polygon","arcs":[[15060,15061]],"id":"feature_4700"},{"properties":{"depth":14},"type":"Polygon","arcs":[[15062,15063,15064,15065]],"id":"feature_4701"},{"properties":{"depth":14},"type":"Polygon","arcs":[[-15076,15066,15067,15068]],"id":"feature_4702"},{"properties":{"depth":14},"type":"Polygon","arcs":[[15069,15070]],"id":"feature_4703"},{"properties":{"depth":13},"type":"Polygon","arcs":[[15071,15072,15073,15074,15075]],"id":"feature_4704"},{"properties":{"depth":11},"type":"Polygon","arcs":[[15076,15077]],"id":"feature_4705"},{"properties":{"depth":11},"type":"Polygon","arcs":[[15078,15079,15080,15081]],"id":"feature_4706"},{"properties":{"depth":12},"type":"Polygon","arcs":[[15082,15083]],"id":"feature_4707"},{"properties":{"depth":13},"type":"Polygon","arcs":[[15084,15085,-15094]],"id":"feature_4708"},{"properties":{"depth":13},"type":"Polygon","arcs":[[-15115,15086,-15096]],"id":"feature_4709"},{"properties":{"depth":13},"type":"Polygon","arcs":[[15087,-15099,15088,15089]],"id":"feature_4710"},{"properties":{"depth":11},"type":"Polygon","arcs":[[15090]],"id":"feature_4711"},{"properties":{"depth":12},"type":"Polygon","arcs":[[15091,15092,15093,15094,-15132,-15116,15095,15096,-15127,15097,15098,15099,15100,-15113,15101,15102,15103,15104,15105,15106,15107,15108]],"id":"feature_4712"},{"properties":{"depth":13},"type":"Polygon","arcs":[[15109,15110,15111,15112]],"id":"feature_4713"},{"properties":{"depth":12},"type":"Polygon","arcs":[[15113,15114,15115,-15131]],"id":"feature_4714"},{"properties":{"depth":12},"type":"Polygon","arcs":[[15116,15117]],"id":"feature_4715"},{"properties":{"depth":13},"type":"Polygon","arcs":[[15118,15119]],"id":"feature_4716"},{"properties":{"depth":13},"type":"Polygon","arcs":[[15120,15121,15122]],"id":"feature_4717"},{"properties":{"depth":13},"type":"Polygon","arcs":[[15123,15124,15125]],"id":"feature_4718"},{"properties":{"depth":11},"type":"Polygon","arcs":[[15126,15127]],"id":"feature_4719"},{"properties":{"depth":11},"type":"Polygon","arcs":[[15410]],"id":"feature_4720"},{"properties":{"depth":11},"type":"Polygon","arcs":[[15207]],"id":"feature_4721"},{"properties":{"depth":11},"type":"Polygon","arcs":[[15329]],"id":"feature_4722"},{"properties":{"depth":11},"type":"Polygon","arcs":[[15291]],"id":"feature_4723"},{"properties":{"depth":11},"type":"Polygon","arcs":[[15330]],"id":"feature_4724"},{"properties":{"depth":11},"type":"Polygon","arcs":[[15327]],"id":"feature_4725"},{"properties":{"depth":11},"type":"Polygon","arcs":[[15328]],"id":"feature_4726"},{"properties":{"depth":12},"type":"Polygon","arcs":[[-15391,-15390,-15389,-15388,-15387,-15392]],"id":"feature_4727"},{"properties":{"depth":12},"type":"Polygon","arcs":[[-15203,-15204]],"id":"feature_4728"},{"properties":{"depth":12},"type":"Polygon","arcs":[[-15206,-15207]],"id":"feature_4729"},{"properties":{"depth":12},"type":"Polygon","arcs":[[15201]],"id":"feature_4730"},{"properties":{"depth":12},"type":"Polygon","arcs":[[15204]],"id":"feature_4731"},{"properties":{"depth":12},"type":"Polygon","arcs":[[-15209,-15210]],"id":"feature_4732"},{"properties":{"depth":12},"type":"Polygon","arcs":[[-15200,-15201]],"id":"feature_4733"},{"properties":{"depth":12},"type":"Polygon","arcs":[[15213]],"id":"feature_4734"},{"properties":{"depth":12},"type":"Polygon","arcs":[[15341]],"id":"feature_4735"},{"properties":{"depth":12},"type":"Polygon","arcs":[[15340]],"id":"feature_4736"},{"properties":{"depth":14},"type":"Polygon","arcs":[[-15286,-15285,-15284,-15287]],"id":"feature_4737"},{"properties":{"depth":13},"type":"Polygon","arcs":[[-15211,-15212]],"id":"feature_4738"},{"properties":{"depth":12},"type":"Polygon","arcs":[[15152]],"id":"feature_4739"},{"properties":{"depth":12},"type":"Polygon","arcs":[[15350]],"id":"feature_4740"},{"properties":{"depth":12},"type":"Polygon","arcs":[[15132]],"id":"feature_4741"},{"properties":{"depth":13},"type":"Polygon","arcs":[[15128,15129,15130,15131],[15132]],"id":"feature_4742"},{"properties":{"depth":13},"type":"Polygon","arcs":[[15133,15134,15135,15136,15137,15138,15139,15140,15141,15142,15143,15144,15145,15146,15147,15148,15149,15150,15151],[15152]],"id":"feature_4743"},{"properties":{"depth":14},"type":"Polygon","arcs":[[15153,15154,15155,15156,15157,15158,15159,15160,15161,15162,15163,-15236,-15235,-15234,-15233,-15232,15164,15165,15166,15167,15168,15169,15170,15171,15172,15173,15174,15175,15176,15177,15178,15179,15180,15181,15182,15183,15184,15185,15186,15187,15188,15189,15190,15191,15192,15193,15194,15195,15196,15197,15198],[15199,15200],[15201],[15202,15203],[15204],[15205,15206],[15207],[15208,15209],[15210,15211]],"id":"feature_4744"},{"properties":{"depth":13},"type":"Polygon","arcs":[[15212,-15289,-15349],[15213]],"id":"feature_4745"},{"properties":{"depth":13},"type":"Polygon","arcs":[[-15370,15214,15215,-15368,15216,15217,15218,15219,-15366,15220,15221,15222,-15360,15223,15224,15225,15226,15227,15228,15229,15230,15231,15232,15233,15234,15235,15236,15237,15238,15239,15240,15241,15242,15243,15244,15245,15246,15247,15248,15249,15250,15251,15252,15253,15254,15255,15256,15257,-15378,-15377,-15376,-15375,15258,-15373,15259,-15371],[15260,15261,15262,15263,15264,15265,15266,15267,15268,15269]],"id":"feature_4746"},{"properties":{"depth":13},"type":"Polygon","arcs":[[15270,15271,15272,15273,15274,15275,15276,15277,15278,15279,15280,15281,15282,-15399],[15283,15284,15285,15286]],"id":"feature_4747"},{"properties":{"depth":12},"type":"Polygon","arcs":[[-15335,15287,-15350,15288,15289,15290],[15291],[15292,15293,15294,15295]],"id":"feature_4748"},{"properties":{"depth":12},"type":"Polygon","arcs":[[15296,15297,15298,-15346,15299,-15344,15300,15301,15302,15303,15304,15305,15306,15307,15308,15309,15310,15311,15312,15313,15314,15315,15316,15317,15318,15319,15320,15321,15322,15323,15324,15325,15326],[15327],[15328],[15329],[15330]],"id":"feature_4749"},{"properties":{"depth":11},"type":"Polygon","arcs":[[15331,15332,15333,15334,15335,15336,15337,15338,15339],[15340],[15341]],"id":"feature_4750"},{"properties":{"depth":11},"type":"Polygon","arcs":[[15342,15343,15344,15345,15346,15347,15348,15349],[15350]],"id":"feature_4751"},{"properties":{"depth":11},"type":"Polygon","arcs":[[15351,15352,15353,15354,15355,15356,15357,15358,15359,15360,15361,15362,15363,15364,15365,15366,15367,15368,15369,15370,15371,15372,15373,15374,15375,15376,15377,15378,15379,15380,15381,15382,15383,15384,15385],[15386,15387,15388,15389,15390,15391]],"id":"feature_4752"},{"properties":{"depth":11},"type":"Polygon","arcs":[[15392,-15412,15393,-15395]],"id":"feature_4753"},{"properties":{"depth":12},"type":"Polygon","arcs":[[15394,15395,15396,15397,15398,15399,15400,15401,15402,15403,15404,15405,15406,15407,15408,15409],[15410]],"id":"feature_4754"},{"properties":{"depth":12},"type":"Polygon","arcs":[[15411,15412]],"id":"feature_4755"},{"properties":{"depth":14},"type":"Polygon","arcs":[[15413,15414,15415,15416,15417,15418,15419]],"id":"feature_4756"},{"properties":{"depth":14},"type":"Polygon","arcs":[[15420,15421,15422,15423,15424,15425]],"id":"feature_4757"}],"type":"GeometryCollection"}},"bbox":[133.8123,33.5645,134.7037,34.1714],"transform":{"scale":[8.914891489148959e-05,6.0696069606960295e-05],"translate":[133.8123,33.5645]},"arcs":[[[4698,8056],[10,-1]],[[4702,8055],[-1,0]],[[4711,8061],[-3,10]],[[4717,8053],[-2,3]],[[4718,8071],[19,-5]],[[4748,8078],[-5,5]],[[4748,8073],[5,-15]],[[4751,8084],[-1,0]],[[4750,8084],[1,0]],[[4755,8091],[5,0]],[[4757,8089],[-2,-1]],[[4764,8101],[6,1]],[[4770,8102],[-7,-1]],[[4763,8101],[-6,0]],[[4760,8102],[3,-1]],[[4805,8102],[-7,-1]],[[4798,8101],[5,10]],[[4825,8119],[-7,-3]],[[4818,8116],[-9,0]],[[4809,8116],[12,0]],[[4829,8109],[-10,-2]],[[4818,8112],[10,4]],[[4875,8134],[11,11]],[[4897,8149],[-3,-4]],[[4894,8144],[-14,-10]],[[4863,8119],[-21,-2]],[[4845,8117],[17,7]],[[4829,8109],[-1,7]],[[4828,8116],[1,-7]],[[4821,8116],[4,3]],[[4825,8119],[-4,-3]],[[4818,8112],[1,-5]],[[4819,8107],[-14,-5]],[[4805,8102],[-2,9]],[[4803,8111],[5,1]],[[4792,8106],[6,-5]],[[4766,8096],[-4,-2]],[[4761,8094],[-10,-3]],[[4751,8096],[2,3]],[[4754,8099],[10,-1]],[[4766,8098],[3,1]],[[4743,8083],[5,-5]],[[4748,8078],[-5,5]],[[4725,8061],[7,0]],[[4726,8050],[-6,3]],[[4720,8053],[3,8]],[[4743,8058],[-6,-8]],[[4715,8056],[-1,0]],[[4713,8056],[-2,5]],[[4713,8061],[0,4]],[[4717,8065],[-2,-9]],[[4719,8073],[-1,0],[-4,1],[5,-1]],[[4717,8065],[-4,0]],[[4713,8065],[-5,6]],[[4708,8071],[3,3]],[[4713,8074],[5,-3]],[[4718,8071],[-1,-6]],[[4732,8050],[0,11]],[[4732,8061],[5,5]],[[4737,8066],[6,-8]],[[4743,8058],[-6,-8]],[[4748,8073],[0,-15]],[[4744,8058],[4,15]],[[4754,8088],[1,0]],[[4755,8088],[-4,-4]],[[4751,8086],[4,5]],[[4755,8091],[-1,-2]],[[4769,8096],[0,3]],[[4769,8099],[1,0]],[[4771,8099],[-1,-3]],[[4757,8102],[0,-1]],[[4757,8101],[-2,1]],[[4755,8102],[-3,-1]],[[4752,8101],[-1,-2],[-1,-3],[1,5],[1,0]],[[4755,8102],[2,0]],[[4784,8102],[8,4]],[[4792,8106],[1,-5]],[[4793,8101],[-11,1]],[[4863,8119],[-1,5]],[[4862,8124],[1,-5]],[[4880,8134],[14,10]],[[4894,8144],[0,1]],[[4894,8145],[-14,-11]],[[4886,8145],[-11,-11]],[[4875,8134],[11,11]],[[4894,8145],[1,4]],[[4897,8149],[-3,-4]],[[4775,8104],[5,2],[1,-2],[-8,-2],[2,2]],[[7535,8790],[50,10]],[[7544,8753],[-14,9]],[[7531,8729],[13,24]],[[7557,8707],[-16,15]],[[7558,8697],[0,3]],[[7574,8644],[2,-5]],[[7572,8633],[0,11]],[[7567,8633],[4,0]],[[7567,8643],[0,-9]],[[7604,8724],[13,34]],[[7773,8668],[-45,-65]],[[7724,8598],[-24,-5]],[[7705,8587],[-10,-45]],[[7581,8575],[-5,7]],[[7574,8595],[-21,2]],[[7547,8590],[-3,15]],[[7620,8800],[-4,51]],[[7858,8712],[-33,-26]],[[7918,8535],[-5,-3]],[[7912,8523],[-1,-3]],[[7908,8515],[0,-2]],[[7894,8530],[1,-10]],[[7907,8510],[-18,-35]],[[7880,8474],[74,197]],[[7955,8671],[15,8]],[[7981,8679],[14,10]],[[7947,8510],[-2,5]],[[7923,8527],[-1,8]],[[7925,8535],[4,-1]],[[7947,8492],[-32,-8]],[[7912,8513],[14,7]],[[7942,8391],[-16,-18]],[[7904,8383],[-85,5]],[[7864,8381],[13,17]],[[7878,8398],[9,-8]],[[7931,8449],[16,3]],[[7892,8452],[-2,7]],[[7899,8467],[52,20]],[[8205,8429],[-136,17]],[[8061,8446],[-9,-2]],[[7958,8391],[-9,0]],[[8039,8401],[-41,-5]],[[7997,8396],[-30,-6]],[[8089,8421],[-9,-13]],[[8077,8408],[-24,-12]],[[8052,8396],[-10,5]],[[8238,8388],[79,-104]],[[8317,8282],[25,-44]],[[8274,8139],[-22,43]],[[8245,8182],[11,142]],[[8255,8324],[-49,52]],[[8204,8381],[-18,38]],[[8186,8416],[-17,8]],[[8162,8424],[36,0]],[[8206,8424],[9,-6]],[[8272,8335],[-2,36]],[[8358,8429],[1,8]],[[8362,8437],[10,-5]],[[8346,8436],[-2,0]],[[8356,8401],[0,7]],[[8308,8408],[32,-13]],[[8311,8439],[16,-7]],[[8325,8432],[-1,-1],[0,1],[1,0]],[[8325,8432],[-14,5]],[[8407,8406],[-6,13]],[[8404,8423],[15,5]],[[8513,8366],[-33,12]],[[8615,8414],[-4,5],[4,30],[11,-7],[-11,-28]],[[8334,8216],[-18,-41]],[[7300,7810],[0,10]],[[7246,7856],[5,5]],[[7331,7801],[-29,9]],[[7364,7793],[-17,2]],[[7373,7801],[-2,0]],[[7425,7790],[-10,6]],[[7406,7848],[5,1]],[[7412,7849],[45,-15]],[[7481,7795],[-25,10]],[[7411,7858],[1,-9]],[[7412,7849],[-1,0]],[[7438,7859],[-10,20]],[[7452,7805],[-10,-12]],[[7509,7886],[0,3]],[[7501,7884],[8,2]],[[7509,7884],[-1,-8]],[[7516,7877],[-4,-21]],[[7518,7810],[-9,-5]],[[7582,8046],[11,2]],[[7580,7987],[6,15]],[[7599,8055],[-4,8]],[[7594,8091],[23,53]],[[7625,8164],[1,-7]],[[7646,8135],[-1,-18]],[[7618,8147],[1,10]],[[7520,8829],[0,-61]],[[7616,8851],[4,-51]],[[7620,8800],[-4,51]],[[7678,8813],[22,67]],[[7553,8597],[-17,-27]],[[7528,8583],[19,7]],[[7547,8590],[6,7]],[[7580,8560],[1,15]],[[7581,8575],[-5,7]],[[7576,8582],[-2,13]],[[7574,8595],[28,8]],[[7603,8590],[1,-12]],[[7604,8578],[0,-1]],[[7604,8577],[5,6]],[[7630,8590],[0,2]],[[7704,8577],[-9,-35]],[[7695,8542],[-14,-30]],[[7886,8809],[-11,17]],[[7878,8826],[16,-5]],[[7894,8821],[1,0]],[[8068,8508],[-16,-11]],[[8219,8421],[-17,71]],[[8218,8505],[-1,8]],[[8223,8535],[5,5]],[[8214,8416],[1,2]],[[8215,8418],[23,-30]],[[8238,8388],[-24,28]],[[8372,8432],[3,-1]],[[8357,8418],[1,11]],[[8358,8429],[14,3]],[[8373,8282],[-19,4]],[[8418,8294],[-10,-17]],[[8342,8238],[-8,-22]],[[8334,8216],[-16,9]],[[8317,8225],[-1,-50]],[[8316,8175],[-42,-36]],[[8274,8139],[-19,117]],[[8263,8256],[79,-18]],[[8453,8523],[11,-33]],[[8483,8530],[1,2]],[[8485,8537],[2,7]],[[8489,8547],[25,-14]],[[8481,8517],[1,6]],[[8274,8638],[19,-41]],[[8276,8649],[-13,42]],[[8265,8691],[4,-2]],[[8271,8689],[19,-12]],[[8187,8687],[77,-23]],[[8265,8663],[1,-7]],[[7731,8823],[-53,-10]],[[7678,8813],[22,67]],[[7700,8880],[18,2]],[[7722,8882],[15,0]],[[7738,8882],[17,-3]],[[7802,8679],[-14,-13]],[[7804,8674],[-4,10]],[[8016,8798],[29,-18]],[[8043,8780],[-45,-27]],[[7936,8816],[19,-2]],[[7962,8814],[8,0]],[[7963,8796],[-1,0]],[[7951,8796],[-12,2]],[[7908,8513],[-1,-1]],[[7907,8512],[-10,-2]],[[7897,8512],[0,5]],[[7896,8520],[0,3]],[[7902,8525],[6,-12]],[[7913,8503],[0,-5]],[[7911,8484],[-4,21]],[[7866,8469],[-2,-38]],[[7812,8457],[30,7]],[[7834,8409],[-15,-9]],[[7819,8400],[15,9]],[[7807,8322],[7,-13]],[[7676,8127],[-1,-6]],[[7645,8109],[0,8]],[[7645,8117],[2,4]],[[7686,8129],[-1,-3]],[[7611,8068],[-8,-8]],[[7603,8060],[-4,-5]],[[7599,8055],[4,5]],[[7603,8084],[1,9]],[[7585,8030],[-5,5]],[[7601,8020],[-6,-25]],[[7590,7997],[-4,5]],[[7586,8002],[1,5]],[[7593,8048],[8,-28]],[[7601,8020],[-1,-2]],[[7591,8012],[-4,-5]],[[7587,8007],[-2,23]],[[7585,8030],[-5,5]],[[7580,8035],[2,11]],[[7582,8046],[11,2]],[[7590,7997],[5,-2]],[[7595,7995],[-15,-8]],[[7580,7987],[10,10]],[[7603,8060],[-8,3]],[[7595,8063],[-1,28]],[[7594,8091],[9,-7]],[[7603,8084],[0,-24]],[[7647,8121],[-1,14]],[[7646,8135],[-20,22]],[[7626,8157],[24,3]],[[7671,8160],[-24,-39]],[[7619,8157],[6,7]],[[7625,8164],[-8,-20]],[[7617,8144],[1,3]],[[7618,8147],[1,10]],[[7657,8168],[12,24]],[[7739,8178],[-40,-28]],[[7669,8261],[8,10]],[[7686,8230],[-6,6]],[[7681,8213],[6,8]],[[7676,8192],[4,11]],[[7695,8198],[-5,-5]],[[7701,8198],[-6,2]],[[7772,8213],[-14,-13]],[[7791,8251],[-7,-15]],[[7815,8332],[-8,-10]],[[7807,8322],[-1,5]],[[7805,8329],[0,5]],[[7812,8340],[0,-6]],[[7822,8345],[-3,-2]],[[7816,8357],[14,1]],[[7831,8358],[-5,-13]],[[7826,8345],[-4,0]],[[7822,8345],[4,0]],[[7894,8441],[-7,-51]],[[7887,8390],[-9,8]],[[7878,8398],[-1,0]],[[7877,8398],[-13,-17]],[[7864,8381],[-45,7]],[[7819,8388],[-25,-18]],[[7789,8398],[76,31]],[[7807,8454],[5,3]],[[7812,8457],[0,-5]],[[7819,8400],[-10,-7]],[[7801,8401],[2,2]],[[7810,8406],[3,2]],[[7825,8444],[17,20]],[[7842,8464],[24,5]],[[7866,8469],[-2,-38]],[[7864,8431],[-30,-22]],[[7834,8409],[-15,-9]],[[7926,8373],[-1,0]],[[7905,8376],[-1,7]],[[7904,8383],[22,-10]],[[7925,8373],[-20,3]],[[7905,8376],[20,-3]],[[7894,8441],[-29,-12]],[[7865,8429],[25,20]],[[7880,8474],[9,1]],[[7889,8475],[-9,-1]],[[7892,8477],[3,-2]],[[7890,8459],[2,7]],[[7892,8469],[3,6]],[[7895,8475],[4,-8]],[[7899,8467],[-9,-8]],[[7901,8528],[1,-3]],[[7902,8525],[-6,-2]],[[7896,8523],[-1,7]],[[7894,8530],[5,0]],[[7929,8534],[12,-14]],[[7943,8513],[1,-3]],[[7944,8502],[0,-2]],[[7944,8498],[4,-8]],[[7947,8492],[-21,28]],[[7926,8520],[-3,7]],[[7923,8527],[6,7]],[[8025,8492],[6,2]],[[8033,8494],[17,0]],[[8012,8707],[92,10]],[[8357,8636],[49,-35]],[[8418,8593],[4,-3]],[[8481,8533],[0,-3]],[[8482,8537],[0,-3]],[[8445,8507],[2,-13]],[[8327,8523],[44,-15]],[[8387,8523],[-7,-13]],[[8376,8508],[-5,0]],[[8371,8508],[-26,10]],[[7895,8821],[7,-2]],[[7907,8819],[29,-3]],[[7936,8816],[2,-16]],[[7939,8798],[-19,3]],[[7918,8801],[-32,8]],[[7892,8811],[1,5]],[[7894,8816],[1,5]],[[7970,8814],[103,-28]],[[8057,8786],[-94,10]],[[7963,8796],[0,7]],[[7964,8803],[2,1]],[[7966,8806],[4,8]],[[7600,8018],[-9,-6]],[[7591,8012],[9,6]],[[7456,7867],[9,4]],[[7472,7866],[-15,-13]],[[7453,7879],[0,-10]],[[7520,7823],[-2,-13]],[[7518,7810],[-3,1]],[[7353,7849],[50,20]],[[7399,7848],[-7,-10]],[[7403,7800],[-14,18]],[[7393,7836],[13,12]],[[7406,7848],[34,-28]],[[7447,7816],[9,-11]],[[7456,7805],[-4,0]],[[7452,7805],[-8,3]],[[7457,7834],[-1,12]],[[7461,7828],[-4,6]],[[7453,7849],[-10,12]],[[7428,7879],[10,0]],[[7443,7862],[-5,-3]],[[7438,7859],[-10,20]],[[7438,7879],[15,0]],[[7453,7879],[0,-10]],[[7453,7869],[-10,-7]],[[7443,7862],[-5,17]],[[7457,7853],[-4,-4]],[[7453,7849],[-10,12]],[[7443,7861],[13,6]],[[7456,7867],[1,-14]],[[7465,7871],[7,-5]],[[7472,7866],[-7,5]],[[7512,7882],[-3,7]],[[7509,7889],[0,2]],[[7519,7905],[-3,-1]],[[7515,7902],[1,-25]],[[7516,7877],[-3,4]],[[7539,7912],[6,8],[1,-1],[-5,-9],[-2,2]],[[7553,7926],[-4,-1],[9,22],[4,-13],[-9,-8]],[[7509,7886],[0,-2]],[[7509,7884],[3,-2]],[[7512,7882],[1,-1]],[[7513,7881],[-5,-5]],[[7508,7876],[1,10]],[[7494,7879],[7,5]],[[7501,7884],[7,-8]],[[7508,7876],[0,-5]],[[7401,7858],[10,0]],[[7411,7858],[0,-9]],[[7411,7849],[-10,0]],[[7599,8793],[9,-2]],[[7621,8773],[-11,-112]],[[7651,8616],[-15,17]],[[7636,8633],[-29,43]],[[7734,8643],[2,-2]],[[7697,8593],[8,-6]],[[7705,8587],[-1,-10]],[[7704,8577],[-74,15]],[[7630,8592],[-86,13]],[[7544,8605],[-5,8]],[[7623,8621],[-1,18]],[[7631,8638],[5,-5]],[[7684,8597],[11,-4]],[[7630,8590],[-21,-7]],[[7609,8583],[-6,7]],[[7603,8590],[-1,13]],[[7602,8603],[28,-13]],[[7695,8593],[2,0]],[[7697,8593],[-2,0]],[[7649,8550],[-2,-18]],[[7509,8595],[11,-10]],[[7503,8577],[0,16]],[[7755,8879],[34,-15]],[[7796,8861],[7,-4]],[[7805,8857],[-3,-15]],[[7800,8842],[-12,-13]],[[7787,8829],[-15,7]],[[7768,8836],[-37,-13]],[[7731,8823],[20,44]],[[7751,8869],[4,10]],[[7401,7858],[0,-9]],[[7401,7849],[-2,-1]],[[7399,7848],[4,21]],[[7403,7869],[-2,-11]],[[7287,7877],[45,-1]],[[7311,7862],[-4,-1]],[[7283,7844],[-28,-8]],[[7255,7836],[-9,20]],[[7246,7856],[6,0]],[[7259,7864],[28,13]],[[7287,7877],[20,-16]],[[7307,7861],[-24,-17]],[[7283,7844],[-28,-8]],[[7251,7861],[8,3]],[[7259,7864],[-7,-8]],[[7252,7856],[-1,5]],[[7311,7862],[21,14]],[[7332,7876],[-21,-14]],[[8063,8413],[-4,6]],[[8073,8413],[-10,0]],[[8115,8436],[-1,-2]],[[8059,8419],[-4,-6]],[[8036,8439],[30,7]],[[8066,8446],[3,0]],[[8069,8446],[46,-10]],[[8115,8436],[-1,-2]],[[8114,8434],[-25,-13]],[[8089,8421],[-16,-8]],[[8073,8413],[-10,0]],[[8063,8413],[-4,6]],[[8052,8451],[0,-7]],[[8052,8444],[-12,-3]],[[7960,8409],[1,15]],[[7942,8391],[7,0]],[[7949,8391],[-7,0]],[[7750,8294],[-2,15]],[[7765,8322],[19,-3]],[[7794,8322],[11,7]],[[7805,8329],[7,5]],[[7812,8334],[3,-2]],[[7815,8332],[-9,-5]],[[7806,8327],[-5,-27]],[[7794,8322],[-9,-3]],[[7785,8319],[9,3]],[[7792,8335],[-7,-16]],[[7785,8319],[-1,0]],[[7784,8319],[-14,15]],[[7767,8347],[7,1]],[[7767,8347],[3,-13]],[[7770,8334],[-3,13]],[[7830,8358],[1,0]],[[7804,8403],[-1,3]],[[7807,8406],[-3,-3]],[[7809,8393],[-15,7]],[[7798,8401],[3,0]],[[7801,8401],[8,-8]],[[7890,8449],[2,3]],[[7892,8452],[55,0]],[[7947,8452],[-16,-3]],[[7931,8449],[-37,-8]],[[7894,8441],[-4,8]],[[7911,8484],[0,10]],[[7912,8494],[1,4]],[[7913,8498],[2,-14]],[[7915,8484],[-4,0]],[[7913,8503],[-6,2]],[[7907,8505],[5,8]],[[7912,8513],[1,-10]],[[7897,8517],[-2,3]],[[7895,8520],[1,0]],[[7896,8520],[1,-3]],[[8265,8656],[1,0]],[[8266,8656],[10,-15]],[[8274,8639],[0,-1]],[[8274,8638],[-7,10]],[[8209,8494],[5,1]],[[8215,8495],[5,0]],[[8221,8495],[36,-25]],[[8234,8404],[-15,17]],[[8219,8421],[-10,73]],[[8333,8322],[4,15]],[[8429,8428],[35,41]],[[8441,8370],[-34,36]],[[8407,8406],[12,22]],[[8481,8517],[1,-19]],[[8468,8479],[-1,-4]],[[8467,8469],[-3,0]],[[8464,8469],[17,48]],[[8485,8537],[-1,-5]],[[8484,8532],[-1,-2]],[[8483,8530],[-2,3]],[[8481,8533],[1,1]],[[8482,8534],[3,3]],[[7683,8783],[0,8]],[[7608,8791],[13,-18]],[[7621,8773],[-13,18]],[[7467,8573],[-9,-18],[-6,-1],[9,28],[6,-9]],[[7622,8639],[9,-1]],[[7631,8638],[-9,1]],[[7643,8530],[3,0]],[[7700,8315],[49,12]],[[7732,8309],[-8,26]],[[7509,7891],[6,11]],[[7515,7902],[1,2]],[[7516,7904],[3,1]],[[7519,7905],[-10,-14]],[[7456,7846],[17,18]],[[7467,7843],[-11,3]],[[7438,7792],[-13,-2]],[[7425,7790],[1,8]],[[7388,7821],[-15,-20]],[[7373,7801],[9,12]],[[7373,7813],[-5,-12]],[[7370,7800],[-6,-7]],[[7364,7793],[-2,5]],[[7300,7820],[4,1]],[[7302,7810],[-2,0]],[[7300,7810],[0,10]],[[7840,8829],[43,-26]],[[7585,8636],[1,-8],[-5,-2],[-1,10],[5,0]],[[8135,8522],[9,22],[25,-21],[-23,-20],[-11,19]],[[8555,8461],[4,3],[7,2],[-2,-7],[-9,2]],[[7497,7816],[-11,-20],[-16,7],[1,15],[26,-2]],[[7535,8639],[4,0],[-9,-3],[0,3],[5,0]],[[7768,8271],[0,-2],[-2,0],[2,3],[0,-1]],[[7580,8651],[0,2],[0,-2]],[[7407,7813],[-5,0],[3,7],[2,0],[0,-7]],[[8483,8530],[-1,-7]],[[8482,8523],[-1,0]],[[8477,8523],[-67,26]],[[8407,8549],[-20,-26]],[[8387,8523],[-25,7]],[[8359,8530],[-14,-12]],[[8345,8518],[-18,5]],[[8327,8523],[21,-29]],[[8353,8492],[23,16]],[[8376,8508],[4,2]],[[8380,8510],[73,13]],[[8453,8523],[-8,-16]],[[8445,8507],[4,-43]],[[8452,8464],[-5,30]],[[8447,8494],[17,-4]],[[8464,8490],[-12,-43]],[[8450,8447],[-3,-3]],[[8444,8442],[-6,-8]],[[8437,8434],[-8,-3]],[[8413,8431],[-93,13]],[[8319,8444],[-101,61]],[[8218,8505],[-1,8]],[[8217,8513],[-2,5]],[[8215,8520],[8,15]],[[8223,8535],[5,5]],[[8228,8540],[52,103]],[[8280,8643],[-4,6]],[[8276,8649],[14,28]],[[8290,8677],[67,-41]],[[8357,8636],[49,-35]],[[8406,8601],[12,-8]],[[8418,8593],[4,-3]],[[8422,8590],[67,-43]],[[8489,8547],[-2,-3]],[[8487,8544],[-5,-7]],[[8482,8537],[-5,-7]],[[8480,8530],[1,0]],[[8481,8530],[2,0]],[[8437,8534],[-9,3],[1,-10],[11,-2],[-3,9]],[[8376,8590],[5,-13],[5,-2],[3,12],[-13,3]],[[8342,8534],[10,11],[-16,7],[-6,-10],[12,-8]],[[8225,8512],[7,-12],[12,17],[-15,13],[-4,-18]],[[7304,7821],[49,28]],[[7353,7849],[39,-11]],[[7392,7838],[-4,-17]],[[7388,7821],[-6,-8]],[[7382,7813],[-9,0]],[[7373,7813],[-5,-12]],[[7368,7801],[3,0]],[[7371,7801],[-1,-1]],[[7370,7800],[-8,-2]],[[7362,7798],[-15,-3]],[[7347,7795],[-16,6]],[[7331,7801],[-29,9]],[[7302,7810],[2,11]],[[7390,7833],[1,8],[-4,0],[-1,-8],[4,0]],[[7363,7825],[9,0],[-1,19],[-15,-5],[7,-14]],[[8467,8469],[0,6]],[[8467,8475],[1,4]],[[8468,8479],[14,19]],[[8482,8498],[32,35]],[[8514,8533],[95,-69]],[[8512,8371],[-38,7]],[[8474,8378],[-10,-3]],[[8459,8375],[-18,-5]],[[8441,8370],[26,99]],[[8559,8461],[7,0],[0,5],[-11,-5],[4,0]],[[8543,8464],[3,-3],[3,14],[-4,-1],[-2,-10]],[[8489,8391],[3,2],[11,15],[-8,5],[-6,-22]],[[8356,8401],[0,7]],[[8356,8408],[1,10]],[[8357,8418],[18,13]],[[8375,8431],[37,-74]],[[8412,8350],[6,-56]],[[8418,8294],[-10,-17]],[[8408,8277],[-35,5]],[[8373,8282],[-19,4]],[[8354,8286],[-80,46]],[[8333,8322],[4,15]],[[8353,8363],[3,38]],[[8377,8365],[2,1]],[[8383,8366],[-6,-3]],[[7953,8595],[7,3]],[[7971,8590],[-2,0]],[[7774,8348],[33,106]],[[7807,8454],[5,-2]],[[7812,8452],[13,-8]],[[7825,8444],[-12,-36]],[[7813,8408],[-3,-2]],[[7810,8406],[-3,0]],[[7807,8406],[-4,0]],[[7803,8406],[1,-3]],[[7804,8403],[-1,0]],[[7803,8403],[-5,-2]],[[7798,8401],[-4,-1]],[[7794,8400],[-5,-2]],[[7789,8398],[5,-28]],[[7794,8370],[22,-13]],[[7816,8357],[3,-14]],[[7819,8343],[-7,-3]],[[7812,8340],[-7,-6]],[[7805,8334],[-13,1]],[[7792,8335],[-18,13]],[[7801,8352],[0,-7],[9,10],[-4,0],[-5,-3]],[[7814,8426],[0,10],[-4,0],[0,-10],[4,0]],[[7801,8423],[2,1],[-1,12],[-6,-7],[5,-6]],[[8055,8494],[15,9]],[[8076,8505],[11,8]],[[8088,8513],[27,51]],[[8118,8567],[18,6]],[[8137,8573],[61,-124]],[[8112,8502],[1,3],[9,-3],[-12,6],[2,-6]],[[8129,8522],[17,-19],[23,20],[-25,21],[-15,-22]],[[7461,7828],[6,15]],[[7467,7843],[6,21]],[[7473,7864],[21,15]],[[7494,7879],[14,-8]],[[7508,7871],[4,-15]],[[7512,7856],[8,-33]],[[7520,7823],[-1,0]],[[7519,7823],[-8,7]],[[7510,7830],[1,0]],[[7511,7830],[4,-19]],[[7515,7811],[-6,-6]],[[7509,7805],[-28,-10]],[[7481,7795],[-20,33]],[[7504,7828],[0,16],[-7,0],[2,-11],[5,-5]],[[7500,7816],[-29,2],[-1,-15],[16,-7],[14,20]],[[7389,7818],[4,18]],[[7393,7836],[47,-16]],[[7440,7820],[7,-4]],[[7447,7816],[-3,-8]],[[7444,7808],[-2,-15]],[[7442,7793],[-4,-1]],[[7438,7792],[-12,6]],[[7426,7798],[-11,-2]],[[7415,7796],[-12,4]],[[7403,7800],[-14,18]],[[7406,7813],[1,7],[-2,0],[-3,-7],[4,0]],[[7998,8753],[-30,-13]],[[7933,8740],[-15,2]],[[7811,8836],[29,-7]],[[7840,8829],[0,-3]],[[7846,8826],[0,-10]],[[7857,8816],[8,-7]],[[7874,8801],[9,2]],[[7883,8803],[133,-5]],[[8016,8798],[-7,-10]],[[8009,8785],[0,-4]],[[8005,8785],[-1,-5]],[[8008,8776],[-8,-1]],[[7998,8775],[0,-22]],[[7944,8773],[-3,0],[1,-7],[3,0],[-1,7]],[[7960,8768],[-13,-2],[1,-11],[13,-3],[-1,16]],[[8500,8256],[-2,8]],[[8496,8264],[9,98]],[[8507,8362],[27,-12]],[[8539,8350],[15,8]],[[8556,8360],[-56,-104]],[[8500,8256],[12,-12],[5,24],[-14,8],[-3,-20]],[[8546,8284],[4,20],[-13,1],[2,-19],[7,-2]],[[8585,8329],[-26,-4],[-5,-20],[40,-1],[-9,25]],[[7703,8287],[0,22]],[[7700,8315],[24,20]],[[7724,8335],[8,-26]],[[7732,8309],[17,18]],[[7749,8327],[16,-5]],[[7765,8322],[-17,-13]],[[7748,8309],[2,-15]],[[7750,8294],[51,6]],[[7801,8300],[13,5]],[[7768,8269],[0,3],[-2,-1],[0,-2],[2,0]],[[7681,8127],[4,-1]],[[7685,8126],[0,-2]],[[7653,8081],[-42,-13]],[[7611,8068],[-7,25]],[[7604,8093],[41,16]],[[7645,8109],[18,15]],[[7663,8126],[0,-2]],[[7663,8124],[12,-3]],[[7675,8121],[1,6]],[[7676,8127],[-4,33]],[[7643,8086],[3,3],[-1,5],[-6,-3],[4,-5]],[[7653,8081],[32,43]],[[7685,8124],[-32,-43]],[[7680,8098],[-2,0],[0,-5],[3,1],[-1,4]],[[8104,8717],[83,-30]],[[8187,8687],[78,-31]],[[8265,8656],[2,-8]],[[8267,8648],[26,-51]],[[8293,8597],[-86,-97]],[[8205,8498],[-21,20]],[[8184,8525],[-40,52]],[[8141,8577],[-50,-49]],[[8092,8527],[-2,-7]],[[8089,8520],[-8,-8]],[[8072,8512],[-4,-4]],[[8068,8508],[-18,-11]],[[8029,8497],[-30,-2]],[[7994,8495],[-10,0]],[[8035,8606],[7,15]],[[8043,8623],[-9,21]],[[8016,8694],[88,23]],[[8164,8610],[2,8],[-5,3],[0,-15],[3,4]],[[8243,8578],[3,15],[-18,-5],[4,-10],[11,0]],[[8255,8600],[-9,23],[-7,-3],[-2,-19],[18,-1]],[[7791,8729],[6,14]],[[7800,8745],[-14,21]],[[7783,8766],[-5,0]],[[7777,8766],[6,-32]],[[7779,8719],[-3,-5]],[[7775,8714],[-11,-2]],[[7678,8783],[5,0]],[[7683,8783],[0,8]],[[7683,8791],[-6,0]],[[7684,8804],[89,24]],[[7774,8828],[37,8]],[[7809,8831],[-7,-65]],[[7801,8766],[-3,-9]],[[7800,8757],[0,-12]],[[7802,8745],[46,17]],[[7851,8762],[35,-4]],[[7889,8758],[16,-10]],[[7910,8748],[1,-1]],[[7914,8742],[-12,-4]],[[7717,8793],[4,7],[-12,-2],[1,-7],[7,2]],[[7764,8813],[1,0]],[[8512,8371],[65,81]],[[8581,8452],[28,12]],[[8611,8464],[-98,-98]],[[8513,8366],[-1,5]],[[8563,8391],[6,30],[-5,3],[-11,-23],[10,-10]],[[8308,8408],[21,-8]],[[8329,8398],[5,-2]],[[8339,8393],[1,2]],[[8340,8395],[13,-32]],[[8353,8363],[-16,-26]],[[8337,8337],[-4,-15]],[[8333,8322],[-7,0]],[[8325,8322],[-51,10]],[[8274,8332],[-2,3]],[[8272,8335],[55,17]],[[8327,8357],[-21,5]],[[8304,8362],[-34,9]],[[8270,8371],[-36,33]],[[8234,8404],[23,66]],[[8257,8470],[54,-31]],[[8311,8439],[0,-2]],[[8311,8437],[-11,-14]],[[8300,8421],[8,-13]],[[8253,8396],[0,4]],[[8020,8403],[-53,-13]],[[7967,8390],[-9,1]],[[7958,8391],[2,18]],[[7960,8409],[1,15]],[[7961,8424],[55,35]],[[8027,8459],[25,-8]],[[8052,8451],[-12,-10]],[[8040,8441],[-4,-2]],[[8036,8439],[19,-26]],[[8055,8413],[-13,-12]],[[8042,8401],[-3,0]],[[8039,8401],[-18,2]],[[7993,8411],[-5,0]],[[8017,8446],[-13,-4],[13,0],[0,4]],[[7951,8487],[8,-2]],[[7962,8485],[9,2]],[[7971,8487],[10,3]],[[7984,8490],[22,0]],[[8025,8492],[25,-2]],[[8050,8492],[0,2]],[[8050,8494],[5,0]],[[8055,8494],[9,4]],[[8067,8498],[131,-49]],[[8198,8449],[7,-20]],[[8205,8429],[-254,58]],[[8186,8434],[-17,8],[-96,12],[113,-22],[0,2]],[[7995,8689],[17,18]],[[8012,8707],[4,-13]],[[8016,8694],[8,-23]],[[8029,8663],[5,-19]],[[8034,8644],[-23,-8]],[[8007,8634],[1,-16]],[[8012,8618],[-10,3]],[[8004,8621],[-36,-11]],[[7968,8603],[-8,-5]],[[7960,8598],[-7,-3]],[[7953,8595],[49,-46]],[[8009,8549],[5,1]],[[8020,8554],[-3,24]],[[8016,8578],[5,17]],[[8024,8597],[11,9]],[[8035,8606],[25,-42]],[[8059,8564],[-30,-37]],[[8026,8527],[-42,-32]],[[7984,8495],[-37,8]],[[7947,8503],[-2,12]],[[7945,8515],[-16,19]],[[7929,8534],[-4,3]],[[7922,8537],[-4,-2]],[[7918,8535],[22,65]],[[7938,8600],[0,3]],[[7943,8605],[52,48]],[[7996,8654],[-2,12]],[[7995,8666],[0,-2]],[[7996,8664],[-1,25]],[[7973,8518],[3,12]],[[7791,8729],[40,0]],[[7831,8729],[-1,0]],[[7830,8729],[72,9]],[[7902,8738],[-40,-23]],[[7858,8712],[-33,-26]],[[7825,8686],[-21,-12]],[[7804,8674],[-4,10]],[[7800,8684],[2,-5]],[[7802,8679],[-14,-13]],[[7788,8666],[-15,2]],[[7773,8668],[-39,-25]],[[7734,8643],[2,-2]],[[7736,8641],[-8,-38]],[[7728,8603],[-4,-5]],[[7724,8598],[-24,-5]],[[7700,8593],[-16,4]],[[7684,8597],[-48,36]],[[7636,8633],[15,-17]],[[7651,8616],[-44,60]],[[7607,8676],[-3,48]],[[7604,8724],[13,34]],[[7617,8758],[67,46]],[[7684,8804],[-7,-13]],[[7677,8791],[1,-8]],[[7678,8783],[86,-71]],[[7764,8712],[11,2]],[[7775,8714],[1,0]],[[7776,8714],[3,5]],[[7779,8719],[6,11]],[[7785,8730],[6,-1]],[[7809,8700],[3,7],[-2,8],[-5,-1],[4,-14]],[[7651,8671],[8,1],[-2,9],[-10,-5],[4,-5]],[[7695,8720],[-10,-15],[8,-6],[12,21],[-10,0]],[[7649,8785],[-2,-23],[12,0],[-2,24],[-8,-1]],[[7658,8699],[23,15],[-32,23],[-4,-7],[13,-31]],[[7539,8613],[-26,8]],[[7558,8696],[0,1]],[[7558,8697],[0,3]],[[7558,8700],[-1,7]],[[7557,8707],[-16,15]],[[7541,8722],[-10,7]],[[7531,8729],[13,24]],[[7544,8753],[-14,9]],[[7530,8762],[5,28]],[[7535,8790],[50,10]],[[7585,8800],[14,-7]],[[7599,8793],[11,-132]],[[7610,8661],[13,-40]],[[7623,8621],[-84,-8]],[[7580,8653],[0,0],[0,0]],[[7583,8636],[-3,0],[1,-10],[5,2],[-3,8]],[[7600,8634],[0,15],[-2,0],[-4,-16],[6,1]],[[7574,8644],[-2,0]],[[7572,8644],[-5,-1]],[[7567,8643],[0,-9]],[[7567,8634],[0,-1]],[[7567,8633],[4,0]],[[7571,8633],[1,0]],[[7572,8633],[4,6]],[[7576,8639],[-2,5]],[[7672,8160],[-1,0]],[[7671,8160],[-21,0]],[[7650,8160],[7,8]],[[7657,8168],[12,24]],[[7669,8192],[7,0]],[[7676,8192],[14,1]],[[7690,8193],[11,5]],[[7701,8198],[-6,2]],[[7695,8200],[0,-2]],[[7695,8198],[-11,10]],[[7684,8208],[0,-2]],[[7684,8206],[-4,-3]],[[7680,8203],[1,10]],[[7681,8213],[6,8]],[[7687,8221],[-1,9]],[[7686,8230],[-6,6]],[[7680,8236],[-11,25]],[[7669,8261],[-2,-5],[1,-2],[1,7]],[[7669,8261],[8,10]],[[7677,8271],[23,44]],[[7700,8315],[3,-6]],[[7703,8309],[0,-22]],[[7703,8287],[91,-5]],[[7794,8282],[-7,4]],[[7784,8284],[-1,-2],[-5,0],[4,2],[2,0]],[[7784,8284],[3,2]],[[7787,8286],[7,-4]],[[7794,8282],[20,23]],[[7814,8305],[0,4]],[[7814,8309],[-23,-58]],[[7791,8251],[-7,-15]],[[7784,8236],[-12,-23]],[[7772,8213],[-14,-13]],[[7758,8200],[-19,-22]],[[7739,8178],[-40,-28]],[[7699,8150],[-13,-21]],[[7686,8129],[-5,-2]],[[7681,8127],[-9,33]],[[7719,8203],[-5,0]],[[7743,8248],[2,-9],[9,2],[-5,8],[-6,-1]],[[7728,8216],[-2,22],[-8,-2],[0,-16],[10,-4]],[[7759,8211],[-1,10],[3,18],[-10,-9],[8,-19]],[[7719,8203],[-5,0]],[[7714,8203],[5,0]],[[7649,8550],[-6,-20]],[[7643,8530],[3,0]],[[7646,8530],[1,2]],[[7647,8532],[34,-20]],[[7681,8512],[-101,48]],[[7580,8560],[69,-10]],[[7643,8545],[-6,4],[0,-14],[9,4],[-3,6]],[[7596,8520],[36,2],[-1,13],[-12,9],[-23,-24]],[[7513,8621],[-4,-26]],[[7509,8595],[-6,-2]],[[7503,8593],[0,-16]],[[7503,8577],[17,8]],[[7520,8585],[8,-2]],[[7528,8583],[8,-13]],[[7536,8570],[22,126]],[[7558,8696],[-45,-75]],[[7498,8572],[-3,0],[0,-7],[2,0],[1,7]],[[7530,8639],[0,-3],[9,3],[-9,0]],[[7520,8768],[0,61]],[[7520,8829],[0,-61]],[[7491,8772],[11,56],[-11,3],[-21,-22],[21,-37]],[[7599,7552],[1,17]],[[7603,7577],[0,-5]],[[7601,7572],[-10,12]],[[7590,7590],[-7,10]],[[7583,7607],[-3,10]],[[7584,7615],[5,8]],[[7643,7598],[-11,-1]],[[7632,7592],[-1,-2]],[[7663,7577],[-17,13]],[[7654,7584],[9,-7]],[[7686,7585],[-9,-1]],[[7595,7582],[-4,2]],[[7591,7584],[-1,6]],[[7590,7590],[0,5]],[[7647,7640],[13,-8]],[[7584,7600],[-1,0]],[[7583,7600],[0,7]],[[7583,7607],[-3,10]],[[7580,7617],[4,-2]],[[7584,7615],[3,2]],[[7765,7598],[-8,-3]],[[7761,7622],[6,0]],[[7683,7615],[7,0]],[[7702,7623],[0,9]],[[7663,7798],[-5,-10]],[[7623,7790],[16,26]],[[7644,7833],[4,13]],[[7654,7849],[9,12]],[[7682,7887],[13,4]],[[7747,7834],[4,-1]],[[7682,7801],[4,9]],[[7699,7793],[-21,-1]],[[7737,7775],[-5,12]],[[7731,7787],[-8,3]],[[7763,7770],[-15,7]],[[7801,7759],[-5,5]],[[7840,7754],[-11,-4]],[[7847,7726],[0,4]],[[7851,7734],[5,-17]],[[7847,7730],[-9,2]],[[7842,7707],[1,7]],[[7852,7714],[-14,-7]],[[7903,7724],[-16,3]],[[7935,7745],[-3,-3]],[[7944,7754],[-4,-2]],[[7870,7844],[6,-3]],[[7881,7844],[2,2]],[[7777,7830],[6,0]],[[7794,7862],[9,9]],[[7822,7866],[9,-5]],[[7834,7859],[5,-1]],[[7973,7900],[7,36]],[[7995,7942],[16,12]],[[8013,7962],[8,12]],[[8091,7876],[-22,-5]],[[8080,7980],[-3,30]],[[8077,8010],[92,91]],[[8162,8098],[-6,-2]],[[8149,8088],[0,-2]],[[8049,7959],[27,8]],[[8071,7970],[2,12]],[[8163,8096],[12,5]],[[8291,8109],[6,-7]],[[8307,8093],[9,-10]],[[8297,7977],[0,-13]],[[8275,7957],[-63,5]],[[8212,7959],[84,-18]],[[8267,7917],[-3,0]],[[8241,7897],[11,-21]],[[8238,7869],[-6,3]],[[8226,7851],[-18,0]],[[8247,7839],[-4,9]],[[8248,7854],[-5,10]],[[8248,7869],[2,-3]],[[8251,7866],[46,-8]],[[8274,7846],[-18,-2]],[[8195,7839],[-11,-6]],[[7622,7561],[0,-5]],[[7622,7554],[-1,-2]],[[7620,7556],[2,0]],[[7622,7556],[0,-2]],[[7622,7554],[-1,-2]],[[7632,7592],[-1,-2]],[[7631,7590],[-2,2]],[[7632,7597],[0,-5]],[[7643,7598],[1,2]],[[7648,7590],[-2,0]],[[7646,7590],[-3,8]],[[7706,7608],[4,-8]],[[7711,7595],[-8,0]],[[7692,7600],[-9,15]],[[7683,7615],[7,0]],[[7690,7615],[12,8]],[[7702,7623],[4,5]],[[7705,7632],[-3,0]],[[7702,7632],[3,1]],[[7710,7605],[-4,3]],[[7709,7635],[2,18]],[[7710,7653],[0,7]],[[7767,7622],[3,-5]],[[7766,7620],[1,2]],[[7765,7598],[-4,2]],[[7770,7608],[-5,-10]],[[7838,7707],[4,0]],[[7842,7707],[-4,0]],[[7852,7714],[-9,0]],[[7843,7714],[4,12]],[[7847,7726],[9,-9]],[[7856,7717],[-4,-3]],[[7840,7757],[-11,-7]],[[7847,7732],[-9,0]],[[7838,7732],[4,7]],[[7899,7722],[-9,12]],[[7936,7749],[-1,-4]],[[7935,7745],[-4,-1]],[[7883,7849],[9,-10]],[[7995,7942],[-15,-6]],[[7980,7936],[15,6]],[[8077,8010],[4,8],[14,5],[-10,-31],[-8,18]],[[8138,8030],[11,56]],[[8149,8086],[14,10]],[[8163,8096],[9,-22]],[[8149,8088],[7,8]],[[8156,8096],[-7,-8]],[[8162,8098],[7,3]],[[8169,8101],[-7,-3]],[[8246,8000],[7,13]],[[8297,7977],[-8,0]],[[8275,7957],[22,7]],[[8297,7964],[-22,-7]],[[8267,7917],[3,9]],[[8278,7937],[18,4]],[[8296,7941],[-29,-24]],[[8236,7896],[5,1]],[[8241,7897],[-2,-10]],[[8252,7876],[-4,-7]],[[8248,7869],[-5,-5]],[[8243,7864],[-1,3]],[[8250,7879],[2,-3]],[[8247,7839],[-4,9]],[[8243,7848],[5,6]],[[8255,7861],[1,-17]],[[8256,7844],[-9,-5]],[[8274,7846],[18,28]],[[8292,7872],[5,-14]],[[8297,7858],[-23,-12]],[[8151,7869],[11,0]],[[8197,7778],[-4,-11]],[[8128,7881],[-10,1]],[[8271,8079],[29,-28]],[[8395,7954],[-18,0]],[[8366,7956],[-7,1]],[[8390,7964],[-8,3]],[[8350,7961],[-13,-7]],[[8289,7977],[-7,7]],[[8296,7982],[-7,-5]],[[8275,7985],[-31,2]],[[8244,7999],[2,1]],[[8246,8000],[15,7]],[[8258,8012],[-5,1]],[[8253,8013],[0,10]],[[8244,7999],[0,-12]],[[8244,7987],[0,12]],[[8282,7984],[-7,1]],[[8275,7985],[-4,17]],[[8285,8040],[14,6]],[[8296,7990],[-14,-6]],[[8264,8083],[-11,-12]],[[8234,7999],[-16,-10]],[[8210,7951],[6,-2]],[[8264,7917],[-43,-15]],[[8229,7944],[49,-7]],[[8278,7937],[-8,-11]],[[8270,7926],[-6,-9]],[[8199,7879],[37,17]],[[8236,7896],[3,-9]],[[8239,7887],[4,-3]],[[8246,7884],[4,-5]],[[8250,7879],[-8,-12]],[[8242,7867],[-4,2]],[[8238,7869],[-3,5]],[[8082,7922],[-4,-5]],[[8048,7915],[4,-3]],[[8054,7900],[-3,4]],[[7990,7897],[6,0]],[[8083,7856],[0,2],[16,4],[-2,-16],[-14,10]],[[8141,7854],[-14,-3]],[[8124,7853],[-7,6]],[[8103,7861],[3,5]],[[8108,7866],[41,3]],[[8149,7869],[2,0]],[[8151,7869],[0,-3]],[[8151,7864],[1,-2]],[[8153,7862],[9,7]],[[8162,7869],[6,2]],[[8168,7871],[16,3]],[[8182,7869],[-1,-10]],[[8177,7854],[-9,17]],[[7747,7828],[4,5]],[[7751,7833],[12,-2]],[[7752,7801],[-5,0]],[[7746,7800],[5,0]],[[7740,7801],[-1,-1]],[[7699,7793],[-21,-1]],[[7678,7792],[4,9]],[[7682,7801],[10,7]],[[7692,7808],[1,-2]],[[7702,7805],[0,-4]],[[7702,7798],[7,2]],[[7705,7793],[-6,0]],[[7696,7820],[-4,-12]],[[7692,7808],[-6,2]],[[7686,7810],[6,13]],[[7710,7810],[-8,-5]],[[7699,7831],[32,10]],[[7801,7759],[-5,5]],[[7796,7764],[-2,18]],[[7755,7778],[-7,-1]],[[7748,7777],[-2,3]],[[7741,7780],[-4,-5]],[[7737,7775],[-3,8]],[[7709,7800],[5,6]],[[7702,7805],[-9,1]],[[7693,7806],[6,9]],[[7699,7815],[3,-10]],[[7702,7798],[0,3]],[[7702,7801],[0,-3]],[[7779,7821],[4,9]],[[7783,7830],[11,-7]],[[7603,7577],[-8,5]],[[7595,7582],[-5,13]],[[7590,7595],[-6,5]],[[7584,7600],[7,17]],[[7602,7610],[1,-33]],[[7621,7552],[-9,4]],[[7621,7561],[-1,-5]],[[7620,7556],[1,-4]],[[7620,7590],[0,2]],[[7609,7598],[0,9]],[[7635,7600],[-3,-3]],[[7632,7597],[-1,-3]],[[7651,7584],[-3,6]],[[7648,7590],[-4,10]],[[7644,7600],[-8,2]],[[7636,7632],[50,-47]],[[7686,7585],[-9,-1]],[[7677,7584],[-3,-4]],[[7669,7579],[-6,-2]],[[7663,7577],[-12,7]],[[7674,7580],[-5,-1]],[[7669,7579],[-15,5]],[[7654,7584],[-3,0]],[[7651,7584],[23,-4]],[[7602,7623],[0,-13]],[[7602,7610],[-11,7]],[[7591,7617],[-4,0]],[[7587,7617],[2,6]],[[7589,7623],[12,15]],[[7613,7643],[5,8],[9,-5],[-13,-1],[-1,-2]],[[7636,7643],[-4,2],[7,-4],[-3,2]],[[7647,7640],[13,-8]],[[7660,7632],[-13,8]],[[7770,7613],[0,-5]],[[7770,7608],[-9,-8]],[[7761,7600],[-4,-5]],[[7757,7595],[-10,2]],[[7750,7608],[10,10]],[[7766,7620],[4,-3]],[[7766,7620],[-6,-2]],[[7760,7618],[1,4]],[[7761,7622],[5,-2]],[[7710,7605],[-4,3]],[[7706,7608],[0,20]],[[7706,7628],[-1,4]],[[7705,7632],[0,1]],[[7705,7633],[4,2]],[[7709,7635],[3,0]],[[7745,7636],[-34,-41]],[[7711,7595],[-1,5]],[[7710,7600],[0,5]],[[7692,7600],[11,-5]],[[7703,7595],[-11,5]],[[7710,7671],[22,-5]],[[7711,7653],[-1,0]],[[7710,7653],[0,7]],[[7710,7660],[0,11]],[[7710,7671],[22,-5]],[[7732,7666],[13,-30]],[[7745,7636],[-33,-1]],[[7712,7635],[-1,18]],[[7755,7651],[-15,27]],[[7739,7679],[-5,14]],[[7726,7737],[1,3]],[[7732,7737],[9,0]],[[7729,7716],[-1,14]],[[7727,7735],[-1,2]],[[7726,7737],[1,2]],[[7728,7730],[-1,5]],[[7727,7735],[0,4]],[[7727,7739],[0,1]],[[7727,7740],[5,-3]],[[7732,7737],[-4,-7]],[[7706,7709],[-2,0]],[[7704,7706],[-38,41]],[[7671,7750],[10,-8]],[[7681,7742],[23,-8]],[[7723,7711],[0,-4]],[[7712,7711],[-31,31]],[[7717,7730],[6,-19]],[[7723,7711],[-11,16]],[[7706,7709],[6,2]],[[7715,7702],[-11,4]],[[7704,7706],[0,3]],[[7704,7709],[2,0]],[[7713,7707],[-1,2]],[[7712,7709],[0,2]],[[7712,7711],[8,-2]],[[7723,7707],[-8,-5]],[[7715,7702],[-2,5]],[[7713,7707],[7,2]],[[7720,7709],[3,-2]],[[7712,7727],[-8,7]],[[7704,7734],[13,-4]],[[7717,7730],[-5,-3]],[[7628,7790],[-5,0]],[[7623,7790],[9,13]],[[7634,7790],[-6,0]],[[7628,7790],[4,10]],[[7712,7874],[0,-23]],[[7659,7853],[4,8]],[[7663,7861],[17,21]],[[7639,7811],[0,5]],[[7639,7816],[1,0]],[[7654,7844],[-6,2]],[[7648,7846],[5,2]],[[7686,7887],[8,0]],[[7694,7887],[-7,-5]],[[7694,7887],[1,4]],[[7695,7891],[8,-9]],[[7701,7884],[-7,3]],[[7682,7887],[4,0]],[[7686,7887],[1,-5]],[[7687,7882],[-7,0]],[[7680,7882],[2,5]],[[7712,7874],[-11,10]],[[7701,7884],[2,-2]],[[7703,7882],[9,-8]],[[7785,7841],[2,5]],[[7789,7849],[5,13]],[[7794,7862],[9,9]],[[7803,7871],[10,3]],[[7816,7869],[6,-3]],[[7822,7866],[2,-4]],[[7831,7861],[3,-2]],[[7834,7859],[5,-1]],[[7839,7858],[9,-5]],[[7826,7861],[5,0]],[[7807,7862],[6,12]],[[7813,7874],[3,-5]],[[7816,7869],[-3,-7]],[[7793,7854],[11,8]],[[7824,7862],[2,-1]],[[7826,7861],[13,-7]],[[7819,7861],[5,1]],[[7840,7836],[-3,-3]],[[7826,7823],[-4,-3]],[[7830,7849],[5,4]],[[7848,7851],[-2,-8]],[[7823,7844],[-3,-3]],[[7820,7841],[1,7]],[[7796,7836],[-11,5]],[[7785,7841],[2,5]],[[7787,7846],[2,3]],[[7789,7849],[4,5]],[[7793,7854],[11,8]],[[7804,7862],[3,0]],[[7807,7862],[6,0]],[[7813,7862],[6,-1]],[[7819,7861],[0,-7]],[[7803,7851],[-7,-15]],[[7830,7843],[2,0]],[[7951,7780],[-1,-10]],[[7921,7861],[1,20]],[[7913,7843],[8,11]],[[7941,7798],[1,-8]],[[7903,7724],[-4,-2]],[[7899,7722],[-9,12]],[[7890,7734],[-1,3]],[[7931,7745],[0,-1]],[[7931,7744],[1,-2]],[[7932,7742],[-29,-18]],[[7938,7767],[12,3]],[[7950,7770],[-6,-16]],[[7944,7754],[-4,-2]],[[7940,7752],[-4,-3]],[[7936,7749],[-5,-4]],[[7931,7745],[-2,14]],[[7889,7737],[-2,-10]],[[7887,7727],[-23,40]],[[7892,7759],[-3,-22]],[[7850,7785],[7,-5]],[[8258,8012],[2,3]],[[8279,8051],[2,-5]],[[8282,8043],[3,-3]],[[8285,8040],[-14,-38]],[[8271,8002],[-10,5]],[[8261,8007],[-3,5]],[[8417,8018],[-22,-64]],[[8395,7954],[4,7]],[[7903,7828],[5,8]],[[7656,7849],[2,4]],[[7659,7853],[-1,0]],[[7658,7853],[-1,-5]],[[7843,7755],[-3,-1]],[[7840,7754],[0,3]],[[7772,7768],[-4,2]],[[8076,7941],[-7,5]],[[8344,8063],[4,-3]],[[8282,8043],[-1,3]],[[8281,8046],[1,-3]],[[7666,7747],[5,3]],[[7671,7750],[-5,-3]],[[7654,7790],[-11,0]],[[7770,7617],[0,-4]],[[7770,7613],[0,4]],[[7770,7617],[0,-2]],[[7750,7608],[-3,-11]],[[7747,7597],[3,11]],[[7723,7589],[13,6],[-19,-8],[6,2]],[[7696,7584],[0,-2],[-3,0],[0,2],[3,0]],[[7601,7638],[1,-15]],[[7602,7623],[-1,15]],[[7599,7552],[1,17]],[[7600,7569],[1,3]],[[7601,7572],[2,0]],[[7603,7572],[-4,-20]],[[8016,7932],[10,17],[16,-3],[-19,-19],[-7,5]],[[7792,7798],[0,10],[6,-2],[-1,-8],[-5,0]],[[7902,7816],[-3,-3],[-2,2],[1,3],[4,-2]],[[7908,7773],[-5,2],[-10,-3],[12,18],[3,-17]],[[7714,7806],[-4,4]],[[7710,7810],[-11,5]],[[7699,7815],[-3,5]],[[7696,7820],[-4,3]],[[7692,7823],[7,8]],[[7699,7831],[32,10]],[[7731,7841],[16,-7]],[[7747,7834],[0,-6]],[[7747,7828],[16,3]],[[7763,7831],[14,-1]],[[7777,7830],[2,-9]],[[7779,7821],[15,2]],[[7794,7823],[13,-8]],[[7829,7750],[-28,9]],[[7801,7759],[-7,23]],[[7794,7782],[-22,-14]],[[7772,7768],[-4,2]],[[7768,7770],[-5,0]],[[7763,7770],[-8,8]],[[7755,7778],[-9,2]],[[7746,7780],[-5,0]],[[7741,7780],[-7,3]],[[7734,7783],[-2,4]],[[7732,7787],[-1,0]],[[7731,7787],[-8,3]],[[7723,7790],[-18,3]],[[7705,7793],[4,7]],[[7709,7800],[5,6]],[[7797,7783],[1,0],[0,2],[-1,-2]],[[7752,7821],[-1,0],[-1,-5],[2,0],[0,5]],[[7736,7788],[-2,4],[-2,0],[0,-4],[4,0]],[[7775,7805],[-1,-4],[4,0],[0,4],[-3,0]],[[7786,7810],[-3,1],[-1,-3],[3,-2],[1,4]],[[7803,7801],[2,-1],[4,0],[0,3],[-6,-2]],[[7739,7811],[3,0],[1,5],[-4,2],[0,-7]],[[7822,7773],[0,7],[-4,0],[0,-5],[4,-2]],[[7788,7798],[9,0],[1,8],[-6,2],[-4,-10]],[[7746,7800],[5,0]],[[7751,7800],[1,1]],[[7752,7801],[-5,0]],[[7747,7801],[-7,0]],[[7740,7801],[-1,-1]],[[7739,7800],[7,0]],[[7807,7815],[63,29]],[[7870,7844],[6,-3]],[[7876,7841],[5,3]],[[7881,7844],[2,2]],[[7883,7846],[0,3]],[[7883,7849],[9,-10]],[[7892,7839],[10,-9]],[[7874,7775],[-10,-8]],[[7864,7767],[-13,-33]],[[7851,7734],[-4,-4]],[[7847,7730],[0,2]],[[7847,7732],[-5,7]],[[7842,7739],[1,16]],[[7843,7755],[-3,2]],[[7840,7757],[-11,-7]],[[7829,7750],[-22,65]],[[7837,7815],[0,-4],[2,0],[0,2],[-2,2]],[[7838,7782],[4,0],[0,3],[-4,0],[0,-3]],[[7837,7767],[-2,-2],[3,-3],[0,10],[-1,-5]],[[7877,7813],[7,-2],[0,4],[-6,3],[-1,-5]],[[7860,7816],[-2,5],[-3,-11],[9,-2],[-4,8]],[[7885,7798],[7,2],[-3,16],[-4,-1],[0,-17]],[[7813,7795],[13,-5],[5,13],[-18,-3],[0,-5]],[[7868,7788],[0,10],[-13,2],[6,-13],[7,1]],[[7853,7808],[-7,8],[-5,-18],[14,2],[-2,8]],[[7865,7831],[-4,7],[-10,-12],[15,-5],[-1,10]],[[7850,7785],[7,-5]],[[7857,7780],[-7,5]],[[7938,7796],[1,-6]],[[7936,7767],[-7,-8]],[[7929,7759],[-37,0]],[[7892,7759],[-18,16]],[[7874,7775],[43,35]],[[7908,7800],[3,-5],[4,6],[-4,0],[-3,-1]],[[7922,7773],[0,5],[-5,0],[0,-5],[5,0]],[[7923,7792],[0,-10],[2,0],[1,10],[-3,0]],[[7908,7782],[-3,8],[-12,-18],[15,1],[0,9]],[[7920,7813],[-18,17]],[[7902,7830],[1,-2]],[[7903,7828],[5,8]],[[7908,7836],[5,7]],[[7913,7843],[8,11]],[[7921,7854],[0,7]],[[7921,7861],[1,20]],[[7922,7881],[41,8]],[[7953,7851],[4,-3]],[[7906,7820],[-3,-2],[1,-3],[3,1],[-1,4]],[[7927,7828],[-2,-2],[1,-6],[1,5],[0,3]],[[7902,7818],[-4,0],[-1,-3],[5,0],[0,3]],[[7934,7828],[-2,5],[-5,0],[5,-7],[2,2]],[[7930,7843],[-7,-2],[1,-8],[9,6],[-3,4]],[[7846,7843],[-6,-7]],[[7840,7836],[-3,-3]],[[7837,7833],[-11,-10]],[[7826,7823],[-4,-3]],[[7822,7820],[-26,16]],[[7796,7836],[24,5]],[[7820,7841],[3,3]],[[7823,7844],[-2,4]],[[7821,7848],[-18,3]],[[7803,7851],[16,3]],[[7819,7854],[0,-1]],[[7819,7853],[11,-4]],[[7830,7849],[5,4]],[[7835,7853],[4,1]],[[7839,7854],[9,-1]],[[7848,7853],[0,-2]],[[7848,7851],[-2,-8]],[[7832,7843],[-2,0]],[[7830,7843],[2,0]],[[7938,7767],[-2,0]],[[7936,7767],[3,23]],[[7939,7790],[3,0]],[[7942,7790],[-1,8]],[[7941,7798],[-3,-2]],[[7938,7796],[-21,14]],[[7917,7810],[3,3]],[[7920,7813],[37,35]],[[7957,7848],[-4,3]],[[7953,7851],[10,38]],[[7963,7889],[-12,-109]],[[7951,7780],[-13,-13]],[[7967,7872],[-12,2],[-1,-8],[7,-2],[6,8]],[[7639,7811],[1,5]],[[7640,7816],[4,17]],[[7644,7833],[10,11]],[[7654,7844],[-1,4]],[[7653,7848],[1,1]],[[7654,7849],[2,0]],[[7656,7849],[1,-1]],[[7657,7848],[55,3]],[[7712,7851],[-49,-53]],[[7663,7798],[-5,-10]],[[7658,7788],[-4,2]],[[7654,7790],[-11,0]],[[7643,7790],[-9,0]],[[7634,7790],[-2,10]],[[7632,7800],[0,3]],[[7632,7803],[7,8]],[[7693,7844],[11,5],[-2,9],[-7,-5],[-2,-9]],[[7755,7651],[-15,27]],[[7740,7678],[-1,1]],[[7739,7679],[-5,14]],[[7734,7693],[-5,23]],[[7729,7716],[12,21]],[[7741,7737],[14,-86]],[[7755,7678],[-4,1],[-2,-5],[3,-1],[3,5]],[[8132,8010],[6,20]],[[8138,8030],[34,44]],[[8172,8074],[2,14]],[[8179,7946],[-1,-12]],[[8150,7884],[-22,-3]],[[8128,7881],[-10,1]],[[8118,7882],[-12,2]],[[8092,7949],[-4,8]],[[8112,7947],[6,-18]],[[8124,7924],[0,0]],[[8153,7914],[1,13],[-7,-2],[6,-11]],[[7609,7598],[0,9]],[[7609,7607],[27,25]],[[7636,7632],[0,-30]],[[7636,7602],[-1,-2]],[[7635,7600],[-4,-6]],[[7631,7594],[-2,-2]],[[7629,7592],[-7,-31]],[[7622,7561],[-1,0]],[[7621,7561],[-9,-5]],[[7612,7556],[-3,42]],[[7620,7592],[0,-2]],[[7620,7590],[0,2]],[[8152,7853],[1,-2]],[[8155,7851],[22,3]],[[8177,7854],[4,5]],[[8181,7859],[1,10]],[[8182,7869],[2,5]],[[8184,7874],[15,5]],[[8199,7879],[36,-5]],[[8235,7874],[-3,-2]],[[8232,7872],[-6,-21]],[[8226,7851],[-18,0]],[[8208,7851],[-13,-12]],[[8195,7839],[-11,-6]],[[8183,7833],[-8,-3]],[[8173,7830],[-4,1]],[[8168,7831],[-5,-5]],[[8187,7846],[-9,0],[0,-10],[5,-2],[4,12]],[[8132,8010],[-14,-81]],[[8118,7929],[-6,18]],[[8112,7947],[-8,14]],[[8101,7961],[-13,-4]],[[8088,7957],[44,53]],[[8129,7985],[6,-1],[2,8],[-8,1],[0,-8]],[[8013,7962],[8,12]],[[8021,7974],[28,-15]],[[8049,7959],[27,8]],[[8076,7967],[-5,3]],[[8071,7970],[2,12]],[[8073,7982],[7,-2]],[[8080,7980],[12,-31]],[[8092,7949],[14,-65]],[[8106,7884],[-15,-8]],[[8091,7876],[-22,-5]],[[8069,7871],[-96,29]],[[7973,7900],[17,-3]],[[7990,7897],[6,0]],[[7996,7897],[15,57]],[[8011,7954],[2,8]],[[8063,7897],[3,-1],[2,11],[-6,2],[1,-12]],[[8094,7891],[4,0],[1,13],[-7,-7],[2,-6]],[[8087,7910],[7,-5],[1,7],[-7,2],[-1,-4]],[[8004,7882],[4,0],[1,10],[-7,2],[2,-12]],[[8078,7917],[4,5]],[[8082,7922],[-4,-5]],[[8016,7931],[7,-4],[19,19],[-16,3],[-10,-18]],[[8069,7946],[7,-5]],[[8076,7941],[-7,5]],[[8052,7912],[-4,3]],[[8048,7915],[3,-11]],[[8051,7904],[3,-4]],[[8054,7900],[-2,12]],[[8016,7909],[4,-32],[12,-3],[0,46],[-16,-11]],[[8162,7825],[-6,-9]],[[8156,7815],[0,-10]],[[8160,7806],[37,-28]],[[8197,7778],[-4,-11]],[[8193,7767],[-5,-27]],[[8188,7740],[-23,-46]],[[8164,7694],[-61,167]],[[8103,7861],[14,-2]],[[8117,7859],[7,-6]],[[8124,7853],[3,-2]],[[8127,7851],[2,-5]],[[8131,7846],[-2,0]],[[8129,7846],[8,-10]],[[8137,7843],[3,10]],[[8143,7854],[7,-1]],[[8151,7853],[1,0]],[[8152,7853],[1,-15]],[[8155,7838],[8,-12]],[[8124,7836],[-3,3],[-2,-5],[4,0],[1,2]],[[8146,7782],[3,-12],[2,2],[-5,10]],[[8141,7750],[-3,9],[-4,-7],[3,-3],[4,1]],[[8151,7838],[0,-2]],[[8316,8083],[17,-17]],[[8349,8058],[68,-40]],[[8417,8018],[-18,-57]],[[8399,7961],[-9,3]],[[8390,7964],[-8,3]],[[8382,7967],[-5,-13]],[[8377,7954],[-11,2]],[[8366,7956],[-7,1]],[[8359,7957],[-9,4]],[[8350,7961],[-13,-7]],[[8337,7954],[-40,23]],[[8297,7977],[-1,5]],[[8296,7982],[0,8]],[[8296,7990],[3,56]],[[8299,8046],[1,5]],[[8300,8051],[16,32]],[[8315,8040],[-6,1],[-3,-13],[5,-1],[4,13]],[[8251,8065],[28,-14]],[[8279,8051],[-19,-36]],[[8260,8015],[-7,8]],[[8253,8023],[-3,12]],[[8250,8035],[5,-2],[1,10],[-1,0],[-5,-8]],[[8250,8035],[-16,-36]],[[8234,7999],[-16,-10]],[[8218,7989],[-6,-27]],[[8212,7962],[0,-3]],[[8212,7959],[-2,-8]],[[8210,7951],[6,-2]],[[8216,7949],[13,-5]],[[8229,7944],[-8,-42]],[[8221,7902],[-71,-18]],[[8150,7884],[28,50]],[[8178,7934],[1,12]],[[8179,7946],[-5,142]],[[8174,8088],[1,13]],[[8175,8101],[35,0]],[[8182,7922],[-5,3],[-5,-1],[8,-5],[2,3]],[[8197,7990],[3,-6],[5,11],[-5,2],[-3,-7]],[[8178,7896],[8,9],[-12,10],[-4,-6],[8,-13]],[[8233,8035],[-4,21],[-32,2],[2,-28],[34,5]],[[8348,8060],[1,-2]],[[8349,8058],[-16,8]],[[8333,8066],[11,-3]],[[8344,8063],[4,-3]],[[8344,8025],[4,-3],[2,5],[-6,3],[0,-5]],[[8330,8051],[9,-1],[1,5],[-9,3],[-1,-7]],[[8338,8033],[-5,2],[-3,-15],[5,-2],[3,15]],[[8324,7990],[5,-8],[4,13],[-7,2],[-2,-7]],[[8210,8101],[42,54]],[[8252,8164],[-6,89]],[[8246,8266],[45,-157]],[[8291,8109],[6,-7]],[[8297,8102],[10,-9]],[[8307,8093],[-28,-19]],[[8279,8074],[1,0]],[[8280,8074],[-9,5]],[[8271,8079],[-7,4]],[[8264,8083],[-11,-12]],[[8253,8071],[-2,-6]],[[8251,8065],[-41,36]],[[8291,8197],[-1,0]],[[8267,8244],[-7,0],[0,-1],[10,-5],[-3,6]],[[8298,8211],[6,-6],[4,10],[-10,5],[0,-9]],[[8269,8188],[6,-10],[3,20],[-9,0],[0,-10]],[[8265,8106],[11,-5],[0,20],[-10,-9],[-1,-6]],[[8331,8164],[-4,18],[15,31],[-29,-45],[18,-4]],[[8104,7961],[-3,0]],[[8101,7961],[3,0]],[[8107,7964],[0,5],[-4,1],[1,-8],[3,2]],[[5797,731],[1,22]],[[5811,771],[23,3]],[[5771,662],[19,-10]],[[5982,767],[6,45]],[[5997,830],[48,-105]],[[6052,830],[-15,-1],[-5,18],[7,1],[13,-18]],[[5955,746],[3,3]],[[6120,763],[-18,-50]],[[6115,687],[-11,-43]],[[6111,635],[10,-22]],[[6097,508],[4,-2]],[[6090,498],[1,6]],[[6067,455],[-8,3]],[[6121,613],[2,-29]],[[6065,822],[-10,13]],[[6047,858],[7,2]],[[6042,852],[5,6]],[[5679,1314],[-1,-9]],[[5482,1263],[9,17]],[[5557,1257],[5,-2]],[[5696,640],[2,0]],[[6156,485],[-15,-20]],[[6151,445],[-45,12]],[[6132,471],[24,24]],[[6098,501],[8,-3]],[[5680,584],[2,3]],[[5790,652],[35,-5]],[[5787,649],[3,3]],[[6046,580],[-50,28]],[[6110,698],[5,-11]],[[6115,687],[-9,-15]],[[6120,763],[-17,-12]],[[6116,784],[4,-21]],[[6106,824],[6,-19]],[[5982,767],[6,45]],[[5988,812],[9,18]],[[5997,830],[-6,-66]],[[5955,746],[3,3]],[[5958,749],[24,18]],[[5977,723],[-22,23]],[[5913,733],[1,10]],[[5945,649],[-8,11]],[[5797,731],[43,-8]],[[5882,672],[-85,59]],[[5824,763],[10,11]],[[5746,923],[-4,11],[13,-1],[-8,-15],[-1,5]],[[5610,1076],[41,10]],[[5557,1257],[5,-2]],[[5562,1255],[13,2]],[[5553,1248],[4,9]],[[5674,1314],[5,0]],[[5707,621],[-11,19]],[[5696,640],[2,0]],[[5698,640],[8,-11]],[[5700,602],[8,5]],[[5730,650],[37,10]],[[6156,485],[0,10]],[[6156,495],[0,-10]],[[6151,445],[-10,20]],[[6141,465],[10,-20]],[[6008,493],[-5,5]],[[6072,471],[-4,-9]],[[6059,462],[31,36]],[[6090,498],[1,6]],[[6091,504],[-3,0]],[[6090,516],[7,-8]],[[6097,508],[1,-7]],[[6098,501],[11,-8]],[[6113,490],[2,-12]],[[6094,465],[-20,6]],[[6068,462],[-1,-7]],[[6067,455],[-8,3]],[[6059,458],[0,4]],[[6059,462],[9,0]],[[5996,539],[-9,-1]],[[5987,544],[74,-26]],[[6064,508],[-42,25]],[[6004,513],[-3,13]],[[5983,511],[-5,0]],[[5755,531],[-4,-7],[-3,0],[3,7],[4,0]],[[5834,774],[53,-54]],[[5879,698],[-39,25]],[[5840,723],[-42,30]],[[5798,753],[13,18]],[[5811,771],[13,-8]],[[5824,763],[10,11]],[[5882,672],[8,20]],[[5908,662],[-26,10]],[[5945,652],[-8,8]],[[5937,660],[-1,2]],[[5937,664],[4,9]],[[5942,720],[69,-70]],[[6046,580],[-16,17]],[[6040,608],[6,-28]],[[6051,584],[-12,36]],[[6075,657],[-26,-8]],[[6044,642],[7,125]],[[6096,758],[7,-7]],[[6103,751],[-1,-38]],[[6102,713],[8,-15]],[[6110,698],[-4,-26]],[[6106,672],[-10,-18]],[[6045,725],[-68,-2]],[[5977,723],[5,44]],[[5982,767],[9,-3]],[[5991,764],[54,-39]],[[5923,725],[-10,8]],[[5913,733],[1,10]],[[5914,743],[14,-15]],[[6066,794],[0,23]],[[5641,904],[6,9]],[[5643,871],[1,9]],[[5708,914],[-2,-10]],[[5652,908],[48,10]],[[5697,924],[12,-3]],[[5665,974],[-2,3]],[[5672,995],[3,23]],[[5687,1035],[-12,-17]],[[5675,1018],[14,20]],[[5616,1078],[35,8]],[[5651,1086],[-35,-16]],[[5574,1088],[6,0]],[[5585,1140],[3,-8]],[[5510,1240],[1,8]],[[5528,1226],[-18,14]],[[5501,1265],[-10,15]],[[5491,1280],[47,-23]],[[5638,1309],[15,2]],[[5638,1309],[15,2]],[[5653,1311],[21,3]],[[5674,1314],[5,0]],[[5679,1314],[-1,-9]],[[5678,1305],[-13,-25]],[[5643,1290],[-5,19]],[[5683,1265],[5,-10]],[[5673,1273],[9,-8]],[[5646,1203],[9,22]],[[5601,1242],[18,-14]],[[5592,1225],[-1,0]],[[5584,1215],[-11,8]],[[5482,1263],[19,2]],[[5501,1265],[26,-7]],[[5527,1250],[-45,13]],[[5511,1247],[-1,-7]],[[5510,1240],[1,8]],[[5511,1247],[0,1]],[[5511,1248],[14,0]],[[5525,1245],[-14,2]],[[5592,1188],[1,-3]],[[5569,1155],[12,28]],[[5585,1165],[0,-5]],[[5585,1140],[0,-1]],[[5583,1157],[2,-17]],[[5680,982],[-5,2]],[[5709,921],[-1,-7]],[[5708,914],[-8,4]],[[5700,918],[-3,6]],[[5697,924],[12,-3]],[[5652,908],[1,0]],[[5647,906],[0,7]],[[5647,913],[5,-5]],[[5673,883],[-7,0]],[[5696,883],[-12,7]],[[5705,886],[4,-59]],[[5690,820],[3,28]],[[5688,779],[12,10]],[[5669,781],[9,0]],[[5664,772],[0,2]],[[5683,721],[0,10]],[[5671,753],[13,8]],[[5677,767],[-8,5]],[[5696,883],[-12,7]],[[5684,890],[-11,-7]],[[5673,883],[-7,0]],[[5666,883],[-23,-12]],[[5643,871],[1,9]],[[5644,880],[-3,24]],[[5641,904],[6,2]],[[5647,906],[6,2]],[[5653,908],[53,-4]],[[5706,904],[-1,-18]],[[5705,886],[4,-59]],[[5709,827],[6,-63]],[[5697,774],[3,15]],[[5700,789],[-10,31]],[[5690,820],[3,28]],[[5693,848],[3,35]],[[5908,662],[-18,30]],[[5890,692],[-11,6]],[[5879,698],[8,22]],[[5887,720],[50,-56]],[[5937,664],[-1,-2]],[[5936,662],[-28,0]],[[5938,690],[-15,35]],[[5923,725],[5,3]],[[5928,728],[14,-8]],[[5942,720],[-1,-47]],[[5941,673],[-3,9]],[[6056,604],[-17,16]],[[6039,620],[5,22]],[[6044,642],[4,5]],[[6094,566],[-19,6]],[[6070,572],[-6,2]],[[6082,660],[5,2]],[[6116,784],[-20,-26]],[[6096,758],[-45,9]],[[6051,767],[15,27]],[[6066,794],[0,23]],[[6066,817],[-1,5]],[[6065,822],[-10,13]],[[6055,835],[51,-11]],[[6106,824],[6,-19]],[[6112,805],[4,-21]],[[6074,471],[-2,0]],[[6072,471],[43,7]],[[6115,478],[17,-7]],[[6132,471],[9,-6]],[[6141,465],[-35,-8]],[[6106,457],[-12,8]],[[6094,465],[-20,6]],[[6109,493],[-3,5]],[[6106,498],[-5,8]],[[6101,506],[12,-16]],[[6113,490],[-4,3]],[[6064,508],[-3,10]],[[6061,518],[29,-2]],[[6090,516],[-2,-12]],[[6088,504],[-24,4]],[[6001,526],[-5,13]],[[5996,539],[21,-6]],[[6018,523],[-9,-4]],[[6009,519],[-8,7]],[[5799,536],[17,5],[-7,-32],[-3,24],[-7,3]],[[5704,554],[19,-16],[24,-7],[-33,-10],[-10,33]],[[5680,584],[2,3]],[[5682,587],[18,15]],[[5700,602],[7,3]],[[5720,574],[-40,10]],[[5711,610],[-4,11]],[[5707,621],[-1,8]],[[5706,629],[8,-8]],[[5732,639],[-2,11]],[[5730,650],[37,10]],[[5767,660],[2,2]],[[5771,662],[4,-7]],[[5769,662],[2,0]],[[5771,662],[-2,0]],[[5921,622],[60,-45]],[[5953,561],[-5,0]],[[5948,508],[-17,-12]],[[5861,539],[30,13],[10,-18],[-19,-36],[-21,41]],[[5861,559],[10,7]],[[6146,547],[-19,9]],[[6094,566],[-1,9]],[[6111,561],[-17,5]],[[6056,604],[29,-25]],[[6086,575],[-11,-3]],[[6075,572],[-5,0]],[[6070,572],[-6,2]],[[6064,574],[-13,10]],[[6051,584],[5,20]],[[6096,654],[8,-10]],[[6104,644],[7,-9]],[[6111,635],[3,-14]],[[6076,594],[-28,53]],[[6048,647],[1,2]],[[6049,649],[26,8]],[[6075,657],[7,3]],[[6082,660],[5,2]],[[6087,662],[9,-8]],[[5746,852],[-7,-10],[-2,29],[7,2],[2,-21]],[[5687,1035],[2,3]],[[5689,1038],[-9,-56]],[[5680,982],[-5,2]],[[5675,984],[-10,-10]],[[5665,974],[-2,3]],[[5663,977],[9,18]],[[5672,995],[15,40]],[[5574,1088],[6,0]],[[5580,1088],[24,-14]],[[5608,1074],[2,2]],[[5610,1076],[6,2]],[[5616,1078],[0,-8]],[[5616,1070],[-42,18]],[[5588,1132],[-19,23]],[[5569,1155],[12,28]],[[5581,1183],[11,5]],[[5592,1188],[0,-6]],[[5592,1182],[-7,-17]],[[5585,1165],[0,-5]],[[5585,1160],[-2,-3]],[[5583,1157],[2,-18]],[[5585,1139],[3,-7]],[[5661,1221],[-6,4]],[[5655,1225],[-12,65]],[[5643,1290],[22,-10]],[[5665,1280],[8,-7]],[[5673,1273],[9,-8]],[[5682,1265],[1,0]],[[5683,1265],[5,-10]],[[5688,1255],[0,-18]],[[5545,1240],[8,8]],[[5553,1248],[19,-3]],[[5544,1216],[-16,10]],[[5528,1226],[-3,19]],[[5525,1245],[0,3]],[[5525,1248],[22,-16]],[[5527,1258],[11,-1]],[[5538,1257],[-11,-7]],[[5527,1250],[0,8]],[[5572,1245],[3,12]],[[5575,1257],[26,-15]],[[5601,1242],[-10,-17]],[[5591,1225],[-46,15]],[[5545,1240],[27,5]],[[5584,1215],[-11,8]],[[5573,1223],[-29,-7]],[[5544,1216],[3,16]],[[5547,1232],[37,-17]],[[5603,1230],[16,-2]],[[5619,1228],[-16,-12]],[[5641,1195],[5,8]],[[5646,1203],[15,18]],[[5661,1221],[27,16]],[[5688,1237],[-34,-44]],[[5641,1195],[13,-2]],[[5654,1193],[-13,2]],[[5592,1225],[11,5]],[[5603,1230],[0,-14]],[[5603,1216],[-11,9]],[[5608,1074],[-4,0]],[[5604,1074],[4,0]],[[5828,580],[-10,-21]],[[5816,552],[-64,-11]],[[5948,508],[-17,-12]],[[5931,496],[17,12]],[[5987,544],[0,-6]],[[5987,538],[-4,-27]],[[5983,511],[-5,0]],[[5978,511],[9,33]],[[6004,513],[5,6]],[[6009,519],[-1,-26]],[[6008,493],[-5,5]],[[6003,498],[1,15]],[[6022,533],[-4,-10]],[[6018,523],[-1,10]],[[6017,533],[5,0]],[[6141,561],[-14,-5]],[[6127,556],[-16,5]],[[6111,561],[-18,14]],[[6093,575],[-7,0]],[[6086,575],[-1,4]],[[6085,579],[-9,15]],[[6076,594],[38,27]],[[6114,621],[7,-8]],[[6121,613],[2,-29]],[[6123,584],[25,-18]],[[5939,575],[9,-14]],[[5948,561],[-19,3]],[[5936,567],[1,2]],[[6042,852],[5,6]],[[6047,858],[7,2]],[[6054,860],[-12,-8]],[[6146,547],[-5,14]],[[6141,561],[7,5]],[[6148,566],[-2,-19]],[[5938,690],[0,-8]],[[5938,682],[0,8]],[[5592,1182],[1,3]],[[5593,1185],[-1,-3]],[[5715,764],[-32,-43]],[[5683,721],[0,10]],[[5683,731],[-12,22]],[[5671,753],[13,8]],[[5684,761],[-7,6]],[[5677,767],[-8,5]],[[5669,772],[-5,0]],[[5664,772],[0,2]],[[5664,774],[5,7]],[[5669,781],[9,0]],[[5678,781],[10,-2]],[[5688,779],[9,-5]],[[5697,774],[18,-10]],[[5693,769],[-2,5],[-1,-10],[3,5]],[[5953,561],[28,16]],[[5981,577],[-28,-16]],[[5988,559],[3,-2],[1,4],[-5,3],[1,-5]],[[5866,590],[20,-15]],[[5885,562],[-69,-10]],[[5816,552],[2,7]],[[5818,559],[43,0]],[[5861,559],[10,7]],[[5871,566],[-43,14]],[[5828,580],[-76,-39]],[[5752,541],[-32,33]],[[5720,574],[-13,31]],[[5707,605],[1,2]],[[5708,607],[3,3]],[[5711,610],[3,11]],[[5714,621],[18,18]],[[5732,639],[43,16]],[[5775,655],[5,-5]],[[5810,607],[17,-17]],[[5784,604],[0,-10],[9,0],[0,10],[-9,0]],[[5996,608],[-51,41]],[[5945,649],[0,3]],[[5945,652],[66,-2]],[[6011,650],[29,-42]],[[6040,608],[-10,-11]],[[6030,597],[-34,11]],[[6023,620],[-2,2],[-3,-4],[2,-3],[3,5]],[[5885,562],[1,13]],[[5886,575],[-12,30]],[[5874,605],[0,-1]],[[5874,604],[-8,-14]],[[5866,590],[-39,0]],[[5827,590],[-17,17]],[[5810,607],[-30,43]],[[5780,650],[7,-1]],[[5787,649],[38,-2]],[[5825,647],[96,-25]],[[5921,622],[18,-47]],[[5939,575],[-2,-6]],[[5937,569],[-1,-2]],[[5936,567],[-7,-3]],[[5929,564],[-44,-2]],[[5861,600],[2,10],[-23,5],[12,-20],[9,5]],[[6576,8870],[-43,68]],[[6721,8875],[-54,-11]],[[6671,8829],[-38,-18]],[[6622,8829],[-37,51]],[[6533,8938],[-4,55]],[[6561,9040],[9,10]],[[6538,9040],[23,0]],[[6569,9070],[52,40]],[[6704,9155],[22,7]],[[6911,9072],[-7,-2]],[[6864,9090],[6,10]],[[6825,9064],[34,23]],[[6772,9031],[48,29]],[[6792,8897],[-48,-17]],[[6878,8923],[-69,-25]],[[6809,8900],[-7,0]],[[6915,8941],[-23,-13]],[[6939,8951],[-8,5]],[[6995,8958],[-43,-7]],[[6991,8974],[5,-4]],[[6956,9012],[4,-1]],[[6975,9148],[-17,-6]],[[7031,9143],[-14,-1]],[[7019,9204],[57,4]],[[7125,9191],[29,-36]],[[7097,9157],[-7,0]],[[7091,9224],[0,9]],[[7105,9244],[0,10]],[[7214,9358],[-8,-15]],[[7354,9341],[-34,5]],[[7319,9346],[1,30]],[[7320,9373],[-11,-3]],[[7305,9370],[48,-19]],[[7299,9313],[-1,12],[12,2],[0,-7],[-11,-7]],[[7388,9282],[-88,20]],[[7366,9305],[2,-8]],[[7369,9290],[4,-3]],[[7301,9272],[-15,-10]],[[7282,9257],[-37,-13]],[[7235,9236],[-20,8]],[[7209,9272],[8,-3]],[[7186,9233],[-19,1]],[[7160,9238],[-7,-9]],[[7130,9068],[-46,-8]],[[7054,9073],[-22,-23]],[[6561,9032],[0,8]],[[6561,9040],[9,10]],[[6570,9050],[15,0]],[[6587,9070],[-18,0]],[[6569,9070],[18,38]],[[6211,9095],[-9,11]],[[6208,9111],[12,-16]],[[6680,9036],[13,-4]],[[6704,9032],[9,0]],[[6962,8976],[-10,-25]],[[6952,8951],[-13,0]],[[6939,8951],[-8,5]],[[6931,8956],[-8,9]],[[7076,9208],[12,3]],[[7098,9190],[-36,-32]],[[7102,9133],[13,-15]],[[7145,9178],[9,-23]],[[7154,9155],[-24,-87]],[[7130,9068],[-46,-8]],[[7084,9060],[-19,33]],[[7034,9135],[-3,8]],[[7031,9143],[45,65]],[[7061,9092],[-7,-19]],[[7054,9073],[-13,-1]],[[7167,9234],[0,4]],[[7177,9272],[32,0]],[[7209,9272],[3,-15]],[[7213,9244],[-27,-11]],[[7186,9233],[-19,1]],[[7237,9266],[57,19]],[[7298,9277],[3,-5]],[[7301,9272],[-15,-10]],[[7286,9262],[-4,-5]],[[7282,9257],[-37,-13]],[[7245,9244],[-10,-8]],[[7235,9236],[0,6]],[[7300,9302],[60,28]],[[7360,9330],[5,-13]],[[7365,9310],[1,-5]],[[7366,9305],[-66,-3]],[[7213,9439],[-6,0]],[[7142,9406],[22,11]],[[7141,9391],[-1,-7]],[[7206,9343],[0,-2]],[[7213,9368],[1,-10]],[[7214,9358],[-8,-15]],[[7111,9234],[-20,-10]],[[7091,9224],[0,9]],[[7091,9233],[14,11]],[[7105,9244],[6,0]],[[7163,9272],[-46,-34]],[[7111,9247],[-6,7]],[[7105,9254],[-1,7]],[[6621,9110],[49,21]],[[6215,9092],[5,3]],[[6220,9095],[2,-10]],[[6208,9111],[-6,-5]],[[6202,9106],[6,5]],[[7202,9439],[-4,0]],[[7088,9211],[89,61]],[[7177,9272],[-10,-34]],[[7167,9238],[-7,0]],[[7160,9238],[-8,-4]],[[7146,9226],[-4,-2]],[[7120,9191],[-22,-1]],[[7098,9190],[-10,21]],[[7062,9158],[28,-1]],[[7090,9157],[7,0]],[[7097,9157],[15,3]],[[7133,9175],[12,3]],[[7145,9178],[-30,-60]],[[7115,9118],[-13,15]],[[7102,9133],[-40,25]],[[7065,9093],[-4,-1]],[[7061,9092],[-20,-20]],[[7041,9072],[-12,-8]],[[7019,9097],[20,5]],[[7038,9115],[27,-22]],[[7005,9143],[-2,7]],[[7019,9160],[-2,-18]],[[7017,9142],[0,-1]],[[6971,8999],[20,-25]],[[6991,8974],[-29,2]],[[6962,8976],[5,17]],[[6922,8973],[1,-8]],[[6923,8965],[-10,-4]],[[6811,8913],[-11,27]],[[6713,9032],[16,-3]],[[6670,9039],[10,-3]],[[6680,9036],[13,-4]],[[6693,9032],[11,0]],[[6704,9032],[9,0]],[[6664,8885],[1,-5]],[[6667,8862],[3,-20]],[[6568,9004],[-39,-11]],[[6529,8993],[0,18]],[[6561,9032],[24,18]],[[6585,9050],[7,-1]],[[6688,9045],[-66,4]],[[6611,9040],[14,-4]],[[6529,9011],[-1,8]],[[6528,9024],[10,16]],[[6538,9040],[23,-8]],[[6561,9032],[-32,-21]],[[6528,9019],[0,5]],[[6528,9024],[0,-5]],[[7217,9269],[20,-3]],[[7237,9266],[-2,-24]],[[7235,9242],[-20,2]],[[7215,9244],[-2,0]],[[7213,9244],[-1,13]],[[7212,9257],[5,12]],[[6775,9007],[0,-3]],[[6757,9024],[1,0]],[[6787,8999],[3,0]],[[6776,8994],[-1,10]],[[6775,9004],[10,-5]],[[6668,9039],[2,0]],[[6670,9039],[-2,-12]],[[6651,9036],[12,3]],[[6663,9039],[0,-10]],[[6727,9158],[-1,4]],[[6726,9162],[43,0]],[[6766,9047],[-39,-8]],[[6778,9065],[-12,-18]],[[6766,9047],[-3,3]],[[6644,8993],[-6,5]],[[6758,9024],[14,7]],[[6772,9031],[3,-24]],[[6775,9007],[-17,17]],[[6802,8900],[-10,-3]],[[6792,8897],[10,3]],[[6967,9004],[4,-5]],[[6971,8999],[-4,-6]],[[6967,8993],[-17,1]],[[6860,9075],[-1,5]],[[6870,9085],[7,0]],[[6870,9085],[-11,-5]],[[6859,9080],[0,7]],[[6859,9087],[5,3]],[[6864,9090],[6,-5]],[[6822,9150],[86,83]],[[6912,9229],[55,-26]],[[6973,9203],[18,0]],[[7001,9203],[18,1]],[[7019,9204],[-5,-11]],[[7012,9185],[7,-25]],[[7019,9160],[-14,2]],[[6976,9163],[-3,10]],[[6957,9165],[-1,-18]],[[6891,9162],[-14,-4]],[[6862,9118],[-23,21]],[[6912,9229],[-4,4]],[[6908,9233],[4,-4]],[[6839,9139],[-17,11]],[[6822,9150],[17,-11]],[[6957,9165],[16,8]],[[6973,9173],[-16,-8]],[[6975,9148],[1,15]],[[6976,9163],[9,0]],[[6976,9148],[-1,0]],[[7019,9062],[10,2]],[[7029,9064],[3,-14]],[[7126,9200],[-1,-9]],[[7125,9191],[-5,0]],[[7120,9191],[6,15]],[[7135,9211],[-9,-11]],[[7126,9200],[0,6]],[[7126,9206],[4,3]],[[7135,9223],[5,0]],[[7143,9219],[-6,-6]],[[7140,9223],[2,1]],[[7142,9224],[1,-5]],[[7143,9219],[-3,4]],[[7152,9234],[1,-5]],[[7153,9229],[-7,-3]],[[7146,9226],[6,8]],[[7135,9223],[2,-10]],[[7137,9213],[-2,-2]],[[7135,9211],[-5,-2]],[[7130,9209],[5,14]],[[7117,9238],[-6,-4]],[[7111,9234],[0,10]],[[7111,9244],[0,3]],[[7111,9247],[6,-9]],[[7014,9193],[-2,-8]],[[7012,9185],[2,8]],[[7373,9287],[15,-5]],[[7388,9282],[-15,5]],[[6656,8928],[-8,25]],[[6996,8970],[-1,-12]],[[6995,8958],[1,12]],[[7112,9160],[21,15]],[[7133,9175],[-21,-15]],[[6714,8961],[-16,-5],[-3,14],[19,9],[0,-18]],[[6865,8958],[19,2],[0,-10],[-18,-10],[-1,18]],[[6778,9065],[-15,-15]],[[6763,9050],[-36,-10]],[[6727,9158],[42,4]],[[6769,9162],[9,-97]],[[6748,9121],[-17,-1],[4,-47],[27,2],[-14,46]],[[6704,9155],[23,3]],[[6727,9158],[0,-118]],[[6727,9040],[0,-1]],[[6727,9039],[-39,6]],[[6688,9045],[-66,4]],[[6622,9049],[-35,21]],[[6587,9070],[0,38]],[[6587,9108],[34,2]],[[6621,9110],[49,21]],[[6670,9131],[34,24]],[[6620,9093],[-21,2],[0,-13],[22,-9],[-1,20]],[[6823,8971],[-27,-11]],[[6720,8910],[56,83]],[[6776,8994],[14,5]],[[6790,8999],[7,18]],[[6890,9040],[15,4]],[[6941,9029],[15,-17]],[[6956,9012],[4,-1]],[[6960,9011],[7,-7]],[[6967,9004],[-17,-10]],[[6950,8994],[-28,-21]],[[6922,8973],[-18,-2]],[[6930,9026],[-9,-12],[19,-2],[-10,9],[0,5]],[[6888,9001],[0,-17],[42,12],[-16,16],[-26,-11]],[[6958,9142],[4,-6]],[[6919,9045],[-14,-1]],[[6905,9044],[6,28]],[[6911,9072],[-7,-2]],[[6904,9070],[-14,-30]],[[6890,9040],[-93,-23]],[[6797,9017],[23,43]],[[6820,9060],[5,4]],[[6825,9064],[35,11]],[[6860,9075],[17,10]],[[6877,9085],[-7,15]],[[6870,9100],[-8,18]],[[6862,9118],[15,40]],[[6877,9158],[14,4]],[[6891,9162],[65,-15]],[[6956,9147],[2,-5]],[[6827,9026],[-9,-9],[23,15],[-15,2],[1,-8]],[[6823,8971],[81,0]],[[6904,8971],[9,-10]],[[6913,8961],[2,-20]],[[6915,8941],[-23,-13]],[[6892,8928],[-14,-5]],[[6878,8923],[-67,-10]],[[6811,8913],[-11,27]],[[6800,8940],[-56,-60]],[[6744,8880],[-23,-5]],[[6721,8875],[-1,35]],[[6721,8910],[22,12]],[[6743,8923],[52,38]],[[6796,8960],[27,11]],[[6872,8958],[-7,0],[1,-18],[18,10],[-12,8]],[[6665,8880],[2,-16]],[[6667,8864],[0,-2]],[[6667,8862],[3,-20]],[[6670,8842],[1,-13]],[[6671,8829],[-38,-18]],[[6633,8811],[-11,18]],[[6622,8829],[-37,51]],[[6585,8880],[-9,-10]],[[6576,8870],[-17,50]],[[6547,8900],[-14,38]],[[6533,8938],[43,48]],[[6576,8988],[-8,16]],[[6568,9004],[24,45]],[[6592,9049],[19,-9]],[[6611,9040],[14,-4]],[[6625,9036],[3,0]],[[6648,9036],[3,0]],[[6651,9036],[12,-7]],[[6663,9029],[5,-2]],[[6668,9027],[64,2]],[[6738,9029],[19,-5]],[[6757,9024],[19,-30]],[[6776,8994],[0,-1]],[[6776,8993],[-112,-108]],[[6664,8885],[1,-5]],[[6666,9022],[-8,0],[-3,-6],[11,0],[0,6]],[[6578,8958],[-7,-26],[13,-5],[1,11],[-7,20]],[[6714,8966],[0,13],[-19,-9],[3,-14],[16,10]],[[6644,8993],[-6,5]],[[6638,8998],[6,-5]],[[6648,8953],[8,-25]],[[6656,8928],[-8,25]],[[7206,9341],[-43,-69]],[[7163,9272],[-59,-11]],[[7104,9261],[36,143]],[[7141,9404],[1,2]],[[7142,9406],[22,11]],[[7164,9417],[49,-49]],[[7213,9368],[-7,-27]],[[7141,9391],[-1,-7]],[[7140,9384],[1,7]],[[6962,9136],[14,12]],[[6976,9148],[9,15]],[[6985,9163],[20,-1]],[[7005,9162],[-2,-12]],[[7003,9150],[2,-7]],[[7005,9143],[12,-2]],[[7017,9141],[17,-6]],[[7034,9135],[4,-20]],[[7038,9115],[1,-13]],[[7039,9102],[-20,-5]],[[7019,9097],[0,-35]],[[7019,9062],[13,-12]],[[7032,9050],[-91,-21]],[[6941,9029],[-22,16]],[[6919,9045],[43,91]],[[6942,9044],[0,-7],[10,3],[-1,9],[-9,-5]],[[6975,9138],[-2,-12],[14,0],[-1,12],[-11,0]],[[6985,9029],[13,13],[-2,28],[-10,0],[-1,-41]],[[6964,9110],[-3,-27],[15,4],[4,23],[-16,0]],[[6215,9092],[7,-7]],[[6222,9085],[247,-91]],[[6469,8991],[0,-3]],[[6471,8988],[2,-4]],[[6473,8983],[-74,-108]],[[6399,8875],[-12,5]],[[6386,8877],[29,-43]],[[6417,8832],[-206,263]],[[6211,9095],[4,-3]],[[6334,9007],[-6,-14],[31,-5],[-4,21],[-21,-2]],[[8559,4666],[3,-7]],[[8562,4658],[-3,8]],[[8615,4681],[2,0]],[[8677,4674],[-22,-10]],[[8656,4664],[-44,0]],[[8589,4676],[-3,10]],[[8618,4707],[5,5]],[[8643,4714],[-3,-8]],[[8792,4737],[-17,18]],[[8811,4725],[-7,-1]],[[8786,4891],[0,-2]],[[8786,4886],[-10,-30]],[[8678,4936],[56,-33]],[[8738,4893],[3,-7]],[[8744,4879],[4,-3]],[[8741,4862],[-64,62]],[[8723,4950],[14,-11]],[[8673,4970],[5,-34]],[[8672,4932],[-17,20]],[[8718,4965],[3,-5]],[[8664,5007],[4,-19]],[[8655,4993],[-8,10]],[[8647,5005],[-6,18]],[[8639,5031],[17,10]],[[8681,5068],[3,-5]],[[8741,5087],[59,10]],[[8798,5043],[-10,8]],[[8852,5114],[1,2]],[[8856,5116],[7,0]],[[8815,5087],[15,0]],[[8830,5087],[3,15]],[[8879,5152],[9,10]],[[9018,5152],[-22,-8]],[[8984,5152],[-6,30]],[[8978,5185],[8,87]],[[8986,5274],[5,8]],[[9093,5254],[5,-10]],[[9081,5191],[-19,-8]],[[9109,5170],[-5,18]],[[9121,5196],[3,-18]],[[9124,5243],[26,1]],[[8954,5427],[3,32]],[[8976,5502],[-6,18]],[[8979,5506],[-3,-4]],[[8976,5502],[-1,9]],[[9029,5475],[3,14]],[[8963,5447],[-6,12]],[[8957,5459],[16,6]],[[8987,5429],[-32,-2]],[[8955,5427],[12,10]],[[8967,5437],[2,2]],[[8997,5446],[-9,-15]],[[8996,5144],[-12,8]],[[8984,5152],[-6,30]],[[8978,5182],[0,3]],[[8978,5185],[7,13]],[[8984,5198],[7,28]],[[9007,5158],[-11,-14]],[[9050,5172],[-12,-5]],[[9038,5167],[-20,-15]],[[9018,5152],[-3,8]],[[9041,5172],[6,5]],[[9071,5191],[-4,-3]],[[9093,5201],[-5,-3]],[[9088,5198],[-7,-7]],[[9081,5191],[-2,5]],[[9119,5195],[5,-17]],[[9124,5178],[-15,-8]],[[9109,5170],[-5,18]],[[9104,5188],[0,2]],[[9138,5238],[12,6]],[[9150,5244],[3,-10]],[[9100,5243],[20,-2]],[[9072,5261],[17,-7]],[[9089,5254],[4,0]],[[9093,5254],[-1,-6]],[[8875,5137],[4,15]],[[8879,5152],[8,0]],[[8866,5117],[8,20]],[[8833,5102],[19,12]],[[8852,5114],[-1,-5]],[[8831,5084],[-1,3]],[[8830,5087],[3,15]],[[8909,5069],[-26,-21]],[[8871,5043],[-10,-5]],[[8804,5038],[-6,5]],[[8798,5043],[4,25]],[[8802,5068],[12,-4]],[[8788,5051],[-10,8]],[[8748,5086],[0,3]],[[8747,5089],[-4,22]],[[8788,5074],[0,-23]],[[8800,5097],[15,-10]],[[8815,5087],[0,-4]],[[8769,5107],[31,-10]],[[8757,5076],[-4,3]],[[8743,5086],[-2,1]],[[8741,5087],[3,-1]],[[8747,5112],[5,-5]],[[8714,5066],[1,7]],[[8656,5041],[7,-24]],[[8656,5005],[-9,-2]],[[8647,5003],[0,2]],[[8647,5005],[-6,18]],[[8641,5023],[-2,8]],[[8639,5031],[17,10]],[[8655,4993],[6,-1]],[[8658,4970],[-3,23]],[[8666,4984],[2,4]],[[8668,4988],[5,-18]],[[8673,4970],[1,-6]],[[8674,4955],[4,-19]],[[8678,4936],[-1,-12]],[[8677,4924],[-5,8]],[[8672,4932],[-17,20]],[[8655,4952],[3,18]],[[8734,4903],[4,-10]],[[8738,4893],[-4,10]],[[8741,4886],[3,-7]],[[8744,4879],[-3,7]],[[8752,4851],[-11,11]],[[8741,4862],[6,2]],[[8768,4844],[16,-26]],[[8775,4755],[36,-30]],[[8811,4725],[-7,-1]],[[8804,4724],[-12,13]],[[8792,4737],[-17,18]],[[8737,4745],[0,10]],[[8755,4757],[-3,-2]],[[8744,4762],[6,5]],[[8636,4707],[4,-1]],[[8640,4706],[-10,-14]],[[8786,4903],[0,-12]],[[8786,4891],[-10,-35]],[[8776,4856],[-14,10]],[[8770,4927],[15,-18]],[[8709,4972],[9,-7]],[[8718,4965],[-3,-3]],[[8559,4666],[4,-7]],[[8562,4659],[0,-1]],[[8562,4658],[-3,8]],[[8593,4679],[-7,7]],[[8586,4686],[31,20]],[[8608,4684],[-15,-5]],[[8609,4676],[3,-12]],[[8612,4664],[-4,15]],[[8621,4683],[26,29]],[[8659,4686],[-39,-10]],[[8661,4683],[6,-4]],[[8672,4674],[-11,9]],[[8638,4725],[4,4]],[[8648,4724],[-5,-10]],[[8643,4714],[-2,3]],[[8624,4711],[-1,1]],[[8623,4712],[9,9]],[[8975,5578],[2,12]],[[8980,5603],[11,12]],[[8978,5593],[2,5]],[[8972,5539],[10,26]],[[8975,5511],[-5,9]],[[8970,5520],[7,7]],[[8977,5512],[-2,-1]],[[9055,5460],[-2,2]],[[9060,5492],[3,-17]],[[9045,5460],[-8,17]],[[9052,5462],[-6,-2]],[[9013,5470],[-1,-1]],[[8997,5449],[0,-3]],[[8997,5446],[-3,-2]],[[8979,5429],[-12,8]],[[8967,5437],[2,2]],[[8969,5439],[-6,8]],[[8963,5447],[10,18]],[[8973,5465],[19,17]],[[9036,5312],[-36,38],[0,5],[27,-23],[19,-33],[-10,13]],[[8986,5274],[4,-17]],[[8988,5257],[-2,15]],[[8986,5272],[0,2]],[[8995,5309],[0,3]],[[9120,5208],[1,-12]],[[9121,5196],[-2,-1]],[[9119,5195],[-15,-5]],[[9104,5190],[-7,6]],[[9120,5241],[4,2]],[[9124,5243],[14,-5]],[[9138,5238],[15,-4]],[[9153,5234],[-29,-26]],[[9111,5233],[9,8]],[[8887,5147],[0,5]],[[8887,5152],[1,10]],[[8888,5162],[8,8]],[[8753,5079],[-10,7]],[[8743,5086],[1,0]],[[8744,5086],[4,0]],[[8748,5086],[30,-27]],[[8778,5059],[-21,17]],[[8757,5076],[-4,3]],[[8934,5223],[10,3]],[[8715,5073],[10,3]],[[8725,5076],[8,0]],[[8727,5064],[-13,2]],[[8714,5066],[1,7]],[[8705,5061],[-7,-13],[-15,-8],[13,21],[9,0]],[[8684,5063],[-3,5]],[[8681,5068],[3,-5]],[[8664,5007],[-8,-2]],[[8656,5005],[7,12]],[[8663,5017],[1,-10]],[[8666,4984],[-8,-14]],[[8658,4970],[3,22]],[[8661,4992],[5,-8]],[[8721,4944],[-8,5]],[[8720,4960],[1,0]],[[8721,4960],[2,-10]],[[8723,4950],[-2,-6]],[[8762,4866],[-18,35]],[[8747,4939],[23,-12]],[[8770,4927],[15,-18]],[[8785,4909],[1,-6]],[[8786,4903],[-24,-37]],[[8747,4864],[0,8]],[[8747,4872],[1,4]],[[8748,4876],[20,-32]],[[8768,4844],[-9,0]],[[8752,4846],[0,5]],[[8752,4851],[-5,13]],[[8789,4787],[-2,8]],[[8795,4800],[-29,-40]],[[8766,4760],[23,25]],[[8752,4755],[-15,-10]],[[8737,4745],[2,8]],[[8742,4753],[10,2]],[[8659,4686],[-12,26]],[[8647,4712],[18,22]],[[8687,4686],[-10,-12]],[[8677,4674],[-5,0]],[[8672,4674],[-5,5]],[[8667,4679],[-6,4]],[[8661,4683],[-2,3]],[[8642,4729],[6,-5]],[[8648,4724],[-6,5]],[[8617,4706],[1,1]],[[8618,4707],[6,4]],[[8624,4711],[8,10]],[[8636,4722],[2,3]],[[8638,4725],[3,-8]],[[8641,4717],[-5,-10]],[[8636,4707],[-10,-13]],[[8619,4686],[-11,-2]],[[8608,4684],[9,22]],[[8608,4679],[7,2]],[[8615,4681],[-4,-5]],[[8609,4676],[-1,3]],[[8617,4681],[4,2]],[[8621,4683],[-1,-7]],[[8620,4676],[-3,5]],[[8665,4732],[0,2]],[[8665,4734],[22,-48]],[[8687,4686],[-22,46]],[[8626,4694],[4,-2]],[[8630,4692],[-11,-6]],[[8619,4686],[7,8]],[[8784,4818],[11,-18]],[[8795,4800],[-8,-5]],[[8787,4795],[-3,23]],[[8737,4939],[10,0]],[[8747,4939],[-3,-38]],[[8744,4901],[-23,43]],[[8721,4944],[16,-5]],[[8713,4949],[-4,23]],[[8709,4972],[6,-10]],[[8715,4962],[5,-2]],[[8720,4960],[-7,-11]],[[8733,5076],[-6,-12]],[[8727,5064],[6,12]],[[8994,5299],[1,10]],[[8995,5309],[0,3]],[[8995,5312],[45,-129]],[[9100,5243],[2,-4]],[[9108,5239],[3,-5]],[[9041,5183],[31,78]],[[9072,5261],[-1,-5]],[[9074,5256],[18,-8]],[[9092,5248],[6,-4]],[[9098,5244],[2,-1]],[[9053,5462],[-1,0]],[[9052,5462],[-15,15]],[[9037,5477],[-5,12]],[[9032,5489],[28,3]],[[9060,5492],[-7,-30]],[[9093,5201],[4,7]],[[9106,5215],[14,-7]],[[9120,5208],[-23,-12]],[[9097,5196],[-4,5]],[[9124,5208],[-18,7]],[[9111,5233],[13,-25]],[[8632,4721],[4,1]],[[8636,4722],[-4,-1]],[[9049,5447],[-20,28]],[[9029,5475],[12,-13]],[[9041,5462],[5,-8]],[[9049,5454],[6,6]],[[9055,5460],[8,15]],[[9063,5475],[-12,-28]],[[9060,5454],[-1,3],[-3,2],[2,-4],[2,-1]],[[8988,5431],[-1,-2]],[[8987,5429],[-8,0]],[[8979,5429],[13,53]],[[8992,5482],[-13,24]],[[8979,5506],[-2,6]],[[8977,5512],[0,15]],[[8977,5527],[-5,12]],[[8972,5539],[10,26]],[[8982,5565],[-7,13]],[[8975,5578],[2,12]],[[8977,5590],[1,3]],[[8978,5593],[2,5]],[[8980,5598],[0,5]],[[8980,5603],[11,12]],[[8991,5615],[22,-145]],[[9013,5470],[-1,-1]],[[9012,5469],[-15,-20]],[[8997,5449],[-3,-5]],[[8994,5444],[-6,-13]],[[8985,5514],[3,0],[1,5],[-4,-2],[0,-3]],[[8944,5226],[14,13]],[[8959,5239],[-50,-170]],[[8909,5069],[-10,0]],[[8885,5140],[2,7]],[[8887,5147],[9,23]],[[8896,5170],[38,53]],[[8934,5223],[10,3]],[[8895,5117],[3,0],[0,4],[-3,0],[0,-4]],[[8909,5116],[4,-2],[0,3],[-4,2],[0,-3]],[[8933,5125],[-13,14],[-4,-27],[10,-5],[7,18]],[[8899,5069],[-16,-21]],[[8883,5048],[-12,-5]],[[8871,5043],[-10,-5]],[[8861,5038],[-33,-7]],[[8828,5031],[16,25]],[[8844,5056],[-22,0]],[[8817,5053],[-3,11]],[[8814,5064],[-12,4]],[[8802,5068],[-14,6]],[[8788,5074],[-45,37]],[[8743,5111],[4,1]],[[8747,5112],[5,-5]],[[8752,5107],[17,0]],[[8769,5107],[46,-24]],[[8819,5083],[12,1]],[[8831,5084],[22,25]],[[8856,5109],[7,7]],[[8863,5116],[3,1]],[[8866,5117],[8,20]],[[8874,5137],[1,0]],[[8875,5137],[10,3]],[[8885,5140],[14,-71]],[[8878,5087],[6,2],[0,5],[-6,0],[0,-7]],[[9079,5196],[-8,-5]],[[9071,5191],[-4,-3]],[[9067,5188],[-5,-5]],[[9062,5183],[-12,-11]],[[9050,5172],[-3,5]],[[9047,5177],[-5,1]],[[9041,5178],[0,-6]],[[9041,5172],[-26,-12]],[[9015,5160],[-8,-2]],[[9007,5158],[-16,68]],[[8991,5226],[0,56]],[[8991,5282],[3,17]],[[8994,5299],[46,-116]],[[9040,5183],[1,0]],[[9041,5183],[26,5]],[[9067,5188],[44,46]],[[9111,5234],[0,-1]],[[9111,5233],[-5,-18]],[[9106,5215],[-9,-7]],[[9097,5208],[-18,-12]],[[8999,5239],[4,-1],[1,3],[-4,2],[-1,-4]],[[8828,5031],[-24,7]],[[8804,5038],[13,15]],[[8817,5053],[5,3]],[[8822,5056],[6,-25]],[[8810,5038],[3,-2],[1,4],[-4,1],[0,-3]],[[8752,4846],[7,-2]],[[8759,4844],[7,-84]],[[8766,4760],[-11,-3]],[[8755,4757],[-5,10]],[[8750,4767],[-6,-5]],[[8744,4762],[-2,-9]],[[8742,4753],[-3,0]],[[8739,4753],[-2,2]],[[8737,4755],[15,91]],[[8738,4762],[1,-2],[1,-2],[0,5],[-2,-1]],[[5904,8408],[-4,10]],[[5898,8419],[13,-3]],[[5925,8414],[14,2]],[[5926,8409],[0,5]],[[5939,8416],[3,0]],[[5942,8418],[22,21]],[[6023,8413],[5,5]],[[6031,8418],[-46,-9]],[[6077,8413],[-32,-2]],[[6094,8428],[-17,-15]],[[6061,8431],[-1,6]],[[6142,8472],[8,-5]],[[6136,8466],[4,6]],[[6147,8462],[-4,-3]],[[6389,8485],[12,2],[2,-5],[-13,0],[-1,3]],[[6528,8507],[4,5]],[[6528,8507],[4,5]],[[6532,8512],[-4,-5]],[[6564,8517],[9,6],[0,-5],[-9,-1]],[[6588,8545],[-7,-5]],[[6581,8544],[7,3]],[[6615,8562],[-2,20],[16,6],[5,-15],[-19,-11]],[[6588,8545],[0,2]],[[6588,8547],[0,-2]],[[6581,8544],[0,-4]],[[6581,8540],[0,4]],[[6444,8482],[11,2],[0,-4],[-11,-1],[0,3]],[[6152,8470],[0,14],[7,8],[1,-3],[-8,-19]],[[6150,8467],[-3,-5]],[[6147,8462],[-4,-3]],[[6143,8459],[-4,-5]],[[6141,8467],[-1,5]],[[6140,8472],[2,0]],[[6142,8472],[8,-5]],[[6136,8462],[0,4]],[[6136,8466],[5,1]],[[6141,8467],[-4,-5]],[[5898,8419],[2,-1]],[[5900,8418],[-1,0]],[[5898,8416],[0,3]],[[5926,8409],[0,5]],[[5926,8414],[-1,0]],[[5925,8414],[14,2]],[[5939,8416],[3,0]],[[5942,8416],[0,2]],[[5942,8418],[6,1]],[[5948,8413],[-44,-5]],[[5904,8408],[7,8]],[[5911,8416],[15,-7]],[[5898,8416],[1,2]],[[5899,8418],[-1,-2]],[[5978,8418],[-3,0]],[[5948,8416],[0,3]],[[5948,8419],[21,13]],[[5964,8439],[6,-3]],[[5969,8432],[-5,7]],[[5975,8418],[-27,-5]],[[5948,8413],[0,3]],[[5948,8416],[27,2]],[[5987,8432],[7,-3]],[[5994,8429],[2,-8]],[[5987,8429],[0,3]],[[5987,8432],[7,-3]],[[5985,8409],[46,9]],[[6031,8418],[-3,0]],[[6028,8418],[-5,-5]],[[6023,8413],[-23,5]],[[5999,8418],[-14,-9]],[[6094,8429],[-33,2]],[[6061,8431],[-1,6]],[[6060,8437],[15,2]],[[6094,8428],[-17,-15]],[[6077,8413],[-32,-2]],[[6045,8411],[49,17]],[[6120,8442],[-5,-1]],[[6125,8446],[-5,-4]],[[6120,8442],[-1,4]],[[6121,8466],[6,-7]],[[5978,8418],[-9,14]],[[5969,8432],[1,4]],[[5970,8436],[17,-7]],[[5987,8429],[9,-8]],[[5996,8421],[-18,-3]],[[6041,8419],[-3,0],[4,2],[-1,-2]],[[6127,8459],[9,3]],[[6136,8462],[1,0]],[[6137,8462],[2,-8]],[[6139,8454],[-14,-8]],[[6125,8446],[-6,0]],[[6119,8446],[-4,-5]],[[6115,8441],[-21,-12]],[[6094,8429],[-19,10]],[[6075,8439],[46,27]],[[6121,8466],[6,-7]],[[6097,8449],[1,-12],[2,0],[0,12],[-3,0]],[[5206,82],[-13,7],[4,14],[14,-6],[-5,-15]],[[5212,97],[17,-18]],[[5212,97],[8,-5]],[[5220,75],[-8,22]],[[5203,74],[-5,6],[-13,12],[20,-12],[-2,-6]],[[5221,56],[6,14]],[[5206,28],[3,9]],[[5184,34],[3,10],[9,-5],[-1,-8],[-11,3]],[[5219,34],[3,2],[-3,15],[9,-17],[-9,0]],[[5287,11],[-11,17]],[[5329,13],[-17,0]],[[5220,75],[0,17]],[[5220,92],[9,-13]],[[5229,79],[-9,-4]],[[5221,56],[6,14]],[[5227,70],[-6,-14]],[[5206,28],[3,9]],[[5209,37],[-3,-9]],[[5223,13],[1,8]],[[5286,29],[8,0]],[[5286,19],[-10,9]],[[5276,28],[10,1]],[[5296,13],[-9,-2]],[[5287,11],[9,7]],[[5296,13],[0,5]],[[5296,18],[-10,1]],[[5286,19],[0,10]],[[5286,29],[8,0]],[[5294,29],[35,-16]],[[5329,13],[-17,0]],[[5312,13],[-16,0]],[[5225,21],[-2,-10]],[[5223,11],[0,2]],[[5223,13],[1,8]],[[5224,21],[1,0]],[[5225,21],[-2,-10]],[[8552,7806],[10,-62]],[[8592,7742],[4,2],[3,-5],[-13,0],[6,3]],[[8455,7798],[48,22]],[[8300,7858],[-2,0]],[[8306,7826],[-6,5]],[[8322,7594],[5,-32]],[[8339,7584],[0,3],[-4,8],[-6,7],[-8,5],[18,-23]],[[8339,7584],[-1,0]],[[8331,7584],[-14,31]],[[8297,7714],[-1,-43]],[[8329,7541],[8,-28]],[[8353,7509],[-10,38]],[[8166,7504],[-49,10]],[[8101,7536],[0,-2]],[[8086,7504],[4,15]],[[8079,7516],[-4,10]],[[8145,7590],[-3,-5]],[[8112,7577],[19,58]],[[8136,7289],[-2,0]],[[8122,7289],[-8,4]],[[8106,7298],[26,6]],[[8188,7263],[-15,-2]],[[8285,7278],[-20,-9]],[[8356,7414],[-14,-20]],[[8441,7466],[8,20]],[[8543,7485],[-5,-9]],[[8556,7465],[16,1]],[[8584,7458],[7,0]],[[8569,7404],[-11,1]],[[8569,7381],[-1,0]],[[8559,7382],[10,22]],[[8545,7414],[-25,-10]],[[8508,7405],[1,0]],[[8510,7405],[17,-16]],[[8734,7432],[7,-28]],[[8715,7358],[29,-29]],[[8735,7264],[9,-32]],[[8702,7309],[53,-36]],[[8589,7353],[-3,-9]],[[8518,7278],[-33,26]],[[8594,7159],[-2,-3]],[[8519,7246],[3,0]],[[8617,7152],[10,4]],[[8612,7134],[-8,12]],[[8838,7116],[-10,3]],[[8779,6883],[-19,-20]],[[8756,6865],[-21,-10]],[[8769,6896],[-12,-31]],[[8707,6877],[-25,39]],[[8537,7080],[-1,21]],[[8368,7088],[27,18]],[[8395,7106],[5,8]],[[8445,7096],[-118,-8]],[[8407,7123],[-12,-17]],[[8318,7109],[-1,14]],[[8312,7137],[14,12]],[[8328,7099],[-15,2]],[[8307,7096],[-16,2]],[[8278,7080],[1,-14]],[[8279,7057],[1,-10]],[[8278,7042],[-11,-17]],[[8221,6974],[0,5]],[[8182,6984],[-22,-3]],[[8143,6976],[-37,11]],[[8104,7071],[-1,23],[11,-3],[5,-13],[-15,-7]],[[8104,7042],[17,31]],[[8145,7088],[14,3]],[[8201,7144],[-10,-18]],[[8184,7136],[-1,1]],[[8199,7166],[7,3]],[[8596,7648],[-42,-50]],[[8538,7592],[-52,-13]],[[8244,6862],[-3,0]],[[8329,6840],[23,-33]],[[8345,6648],[-2,-10]],[[8321,6645],[-14,7]],[[8264,6622],[-14,-20]],[[8239,6351],[46,25]],[[8174,6313],[22,25]],[[8244,6261],[-12,-12]],[[8193,6247],[-27,-11]],[[8166,6236],[-59,-53]],[[8067,6201],[8,12]],[[8027,6112],[18,33]],[[8059,6132],[-37,-34]],[[8002,6147],[2,23]],[[7994,6067],[-12,-13]],[[7963,6034],[-22,-9],[-14,0],[-26,9],[62,0]],[[7849,6082],[16,0]],[[7896,6035],[-48,35]],[[7720,6042],[-5,7]],[[7720,6042],[1,2]],[[7746,6049],[-26,-7]],[[7779,6082],[70,0]],[[7849,6082],[-1,-12]],[[7848,6070],[-90,-3]],[[7895,6044],[-30,38]],[[7865,6082],[25,8]],[[7881,6133],[14,4]],[[7906,6117],[-19,-5]],[[8187,6249],[-21,-13]],[[8166,6236],[-1,6]],[[8162,6252],[30,5]],[[8100,7004],[9,28]],[[8230,7065],[2,-25]],[[8237,7027],[-1,-27]],[[8236,7009],[-2,6]],[[8308,7131],[9,-8]],[[8317,7123],[1,-14]],[[8318,7109],[-5,-8]],[[8313,7101],[-6,-5]],[[8307,7096],[-16,2]],[[8291,7098],[-10,31]],[[8315,7170],[6,-8]],[[8321,7162],[-8,-6]],[[8331,7194],[-18,-17]],[[8349,7174],[-16,18]],[[8347,7212],[2,-38]],[[8124,7057],[-3,16]],[[8121,7073],[17,13]],[[8549,7098],[-27,28]],[[8513,7182],[-4,12]],[[8584,7111],[-26,-15]],[[8537,7080],[-1,21]],[[8536,7101],[-21,10]],[[8522,7126],[27,-30]],[[8560,7094],[18,10]],[[8577,7066],[-40,14]],[[8620,7055],[-7,-10]],[[8584,7066],[-7,0]],[[8577,7066],[1,38]],[[8578,7104],[6,7]],[[8584,7111],[30,17]],[[8584,7066],[29,-21]],[[8613,7045],[-29,21]],[[8655,7063],[-35,-8]],[[8620,7055],[12,51]],[[8214,7164],[-13,-20]],[[8201,7144],[-18,-7]],[[8183,7137],[16,29]],[[8199,7166],[8,-2]],[[8234,7349],[-7,-8]],[[8227,7341],[-3,-5]],[[8221,7333],[13,21]],[[8285,7316],[8,-4]],[[8287,7296],[-24,-23]],[[8315,7331],[-7,7]],[[8244,7379],[8,16]],[[8356,7414],[-12,16]],[[8357,7443],[-1,-29]],[[8330,7527],[7,-14]],[[8337,7513],[1,-25]],[[8359,7476],[-2,-21]],[[8420,7412],[2,23]],[[8437,7381],[7,-12]],[[8441,7466],[11,14]],[[8432,7455],[9,11]],[[8471,7508],[20,-10]],[[8584,7458],[-12,8]],[[8572,7466],[12,-8]],[[8243,7536],[-13,6]],[[8262,7693],[-9,-2]],[[8224,7724],[3,-3]],[[8284,7691],[1,0]],[[8287,7691],[9,-20]],[[8296,7671],[-17,-53]],[[8270,7740],[6,-13]],[[8278,7722],[-40,4]],[[8244,7734],[4,6]],[[8099,7537],[-9,-18]],[[8090,7519],[-11,-3]],[[8079,7516],[-4,10]],[[8075,7526],[24,21]],[[8100,7551],[8,23]],[[8144,7516],[-26,3]],[[8166,7504],[-1,2]],[[8189,7524],[-23,-20]],[[8161,7823],[18,-3]],[[8158,7810],[-2,5]],[[8156,7815],[0,1]],[[8156,7816],[-1,4]],[[8138,7830],[-1,6]],[[8137,7836],[0,7]],[[8103,7864],[46,5]],[[8163,7871],[-13,-4],[-1,5],[16,2],[-2,-3]],[[8118,7783],[10,35]],[[8260,7874],[-10,-8]],[[8246,7884],[14,-8]],[[8243,7864],[-2,-15]],[[8300,7871],[-8,0]],[[8293,7902],[10,0]],[[8313,7902],[27,-13]],[[8322,7820],[4,8]],[[8316,7798],[1,5]],[[8391,7813],[1,3]],[[8399,7815],[5,-9]],[[8485,7795],[18,25]],[[8503,7820],[11,-2]],[[8553,7730],[0,-1]],[[8925,7101],[15,-2]],[[8807,7040],[31,-91]],[[8792,6928],[-52,5]],[[8762,7020],[4,0]],[[8790,6885],[69,68],[44,-43],[-59,5],[-54,-30]],[[8695,7014],[-23,11]],[[8549,7212],[-27,34]],[[8522,7246],[24,23]],[[8543,7278],[38,21]],[[8575,7294],[-20,-10]],[[8586,7314],[1,30]],[[8560,7353],[3,-2]],[[8548,7359],[8,-5]],[[8571,7354],[-11,-1]],[[8560,7353],[-4,1]],[[8556,7354],[-9,7]],[[8564,7377],[4,4]],[[8568,7381],[6,-10]],[[8564,7351],[7,3]],[[8571,7354],[1,0]],[[8572,7354],[2,-6]],[[8515,7391],[12,-2]],[[8527,7389],[2,-7]],[[8357,7294],[14,54]],[[8375,7366],[41,36]],[[8417,7402],[20,-21]],[[8437,7381],[7,-12]],[[8444,7369],[3,-6]],[[8461,7341],[4,-8]],[[8465,7333],[16,-64]],[[8481,7269],[17,-6]],[[8493,7246],[-3,-5],[-3,-1],[4,1],[2,5]],[[8505,7245],[14,1]],[[8519,7246],[73,-90]],[[8592,7156],[-8,-45]],[[8584,7111],[-75,83]],[[8509,7194],[-1,8]],[[8508,7205],[-5,5]],[[8500,7210],[-4,3]],[[8485,7213],[-2,2]],[[8312,7137],[-4,-6]],[[8308,7131],[-27,-2]],[[8281,7129],[40,107]],[[8349,7217],[-2,-5]],[[8347,7212],[-14,-20]],[[8333,7192],[-2,2]],[[8331,7194],[-18,-17]],[[8313,7177],[2,-7]],[[8315,7170],[-2,-14]],[[8313,7156],[-1,-19]],[[8380,7142],[-18,20]],[[8385,7147],[-2,-3]],[[8389,7128],[-2,-9]],[[8407,7123],[-4,21]],[[8441,7170],[-16,-21]],[[8425,7147],[-18,-24]],[[8403,7109],[-3,5]],[[8400,7114],[25,33]],[[8425,7147],[0,2]],[[8425,7149],[16,20]],[[8522,7126],[-1,2]],[[8521,7128],[-9,47]],[[8512,7180],[1,2]],[[8513,7182],[9,-56]],[[8558,7096],[-9,2]],[[8549,7098],[9,-2]],[[8560,7094],[-11,2]],[[8549,7096],[0,2]],[[8549,7098],[11,-4]],[[8655,7061],[0,2]],[[8655,7063],[-16,35]],[[8886,7070],[50,-65]],[[8505,7245],[-12,1]],[[8493,7246],[12,-1]],[[8498,7263],[-5,-17]],[[8493,7246],[5,17]],[[8492,7288],[6,-24]],[[8492,7271],[6,-7]],[[8498,7264],[-8,2]],[[8492,7288],[-7,-7]],[[8487,7294],[5,-6]],[[8527,7424],[-7,-20]],[[8520,7404],[-10,1]],[[8510,7405],[-1,0]],[[8509,7405],[-1,0]],[[8508,7405],[-10,-1]],[[8498,7404],[29,20]],[[8504,7395],[11,-4]],[[8515,7391],[14,-12]],[[8466,7363],[1,16]],[[8559,7382],[5,-5]],[[8564,7377],[-17,-16]],[[8547,7361],[-7,2]],[[8546,7379],[13,3]],[[8587,7448],[4,10]],[[8591,7458],[8,-1]],[[8681,7329],[-66,40]],[[8518,7278],[-10,13]],[[8528,7274],[-10,4]],[[8404,7926],[31,-62]],[[8313,7902],[12,-11]],[[8302,7882],[1,20]],[[8303,7902],[10,0]],[[8248,7867],[2,-1]],[[8250,7866],[1,0]],[[8251,7866],[9,8]],[[8260,7874],[0,2]],[[8260,7876],[33,26]],[[8293,7902],[0,-11]],[[8248,7854],[-5,10]],[[8151,7866],[11,3]],[[8162,7869],[-9,-7]],[[8153,7862],[-1,0]],[[8152,7862],[-1,4]],[[8306,7826],[-6,5]],[[8300,7831],[6,-5]],[[8383,7861],[-47,18]],[[8337,7881],[20,33]],[[8404,7926],[31,-62]],[[8435,7864],[-52,-3]],[[8383,7861],[-26,53]],[[8357,7914],[47,12]],[[8144,7598],[-13,37]],[[8131,7635],[13,109]],[[8101,7536],[-2,1]],[[8099,7537],[0,10]],[[8099,7547],[1,4]],[[8100,7551],[8,23]],[[8108,7574],[4,3]],[[8112,7577],[30,8]],[[8142,7585],[-1,-3]],[[8134,7575],[-6,-6]],[[8127,7569],[-5,-10]],[[8119,7557],[-1,-1]],[[8118,7554],[-17,-18]],[[8103,7534],[-2,0]],[[8101,7534],[17,20]],[[8118,7554],[0,2]],[[8118,7556],[1,1]],[[8119,7557],[3,2]],[[8122,7559],[5,10]],[[8127,7569],[1,0]],[[8128,7569],[6,6]],[[8134,7575],[7,7]],[[8141,7582],[4,8]],[[8145,7590],[2,4]],[[8147,7594],[2,-2]],[[8140,7577],[-5,-7]],[[8086,7504],[21,22]],[[8118,7521],[0,-2]],[[8118,7519],[-1,-5]],[[8117,7514],[-31,-10]],[[8353,7509],[-10,38]],[[8343,7547],[-12,37]],[[8331,7584],[7,0]],[[8338,7584],[1,0]],[[8339,7584],[-19,33]],[[8350,7641],[2,-11]],[[8367,7632],[14,0],[4,-85],[1,-3],[6,0],[3,2],[-14,87],[-14,-1]],[[8386,7646],[18,-100]],[[8408,7526],[2,-28]],[[8402,7478],[-49,31]],[[8109,7032],[-5,10]],[[8104,7042],[20,15]],[[8124,7057],[17,26]],[[8121,7038],[-12,-6]],[[8132,6984],[-5,7]],[[8100,7004],[21,18]],[[8118,7002],[-12,-15]],[[8106,6987],[-6,17]],[[8144,7288],[18,5]],[[8162,7293],[-16,-4]],[[8177,7328],[13,-14]],[[8191,7314],[-29,-21]],[[8221,6974],[15,35]],[[8236,7009],[0,-9]],[[8236,7000],[-15,-26]],[[8344,6796],[-1,-2]],[[8321,6645],[-14,7]],[[8307,6652],[-13,5]],[[8329,6660],[16,-12]],[[8345,6648],[-2,-10]],[[8343,6638],[-22,7]],[[8298,6407],[42,4],[21,-35],[-24,-7],[-39,38]],[[8299,6307],[9,-9]],[[8316,6358],[-18,-51]],[[8292,6312],[11,41]],[[8239,6351],[17,10]],[[8267,6376],[18,0]],[[8285,6376],[-41,-66]],[[8174,6313],[22,25]],[[8196,6338],[22,8]],[[8145,6285],[29,28]],[[8162,6252],[3,-10]],[[8165,6242],[-24,-10]],[[8125,6239],[37,13]],[[7890,6090],[5,-46]],[[7895,6044],[1,-5]],[[7933,6098],[-43,-8]],[[7881,6133],[6,-21]],[[7887,6112],[-6,21]],[[7758,6067],[-7,-5]],[[7728,6063],[51,19]],[[7779,6082],[-21,-15]],[[7728,6063],[23,-1]],[[7751,6062],[-5,-13]],[[7746,6049],[-25,-5]],[[7721,6044],[-6,5]],[[7715,6049],[13,14]],[[7896,6035],[0,4]],[[7896,6039],[37,59]],[[7933,6098],[46,2]],[[7969,6044],[-73,-9]],[[8039,6206],[-12,-41]],[[8075,6203],[0,10]],[[8075,6213],[13,11]],[[8244,6310],[-99,-25]],[[8145,6285],[73,61]],[[8218,6346],[21,5]],[[8239,6351],[5,-41]],[[8193,6247],[-6,2]],[[8187,6249],[5,8]],[[8192,6257],[37,23]],[[8233,6255],[-1,-6]],[[8232,6249],[-39,-2]],[[8238,6285],[34,12]],[[8271,6270],[-25,-9]],[[8316,6358],[-13,-5]],[[8303,6353],[13,5]],[[8250,6887],[1,-27]],[[8289,6900],[21,11]],[[8316,6905],[-16,-15]],[[8297,6887],[-1,1]],[[8352,6807],[-8,-11]],[[8344,6796],[-1,-2]],[[8343,6794],[-31,46]],[[8328,6844],[1,-4]],[[8329,6840],[23,-33]],[[8309,6809],[-9,-8]],[[8307,6794],[0,-5],[-4,2],[3,5],[1,-2]],[[8301,6796],[3,0],[-2,-3],[-1,3]],[[8234,7015],[-11,-21]],[[8226,7038],[6,2]],[[8232,7040],[2,-7]],[[8235,7027],[-1,-12]],[[8226,7123],[-1,-4]],[[8196,7118],[12,19]],[[8184,7136],[7,-10]],[[8191,7126],[-7,10]],[[8187,7291],[-14,-30]],[[8173,7261],[-42,-8]],[[8136,7253],[26,40]],[[8162,7293],[34,21]],[[8244,7273],[-17,-7]],[[8318,7334],[-5,32]],[[8329,7366],[2,-25]],[[8329,7534],[0,-3]],[[8199,7737],[26,-76]],[[8171,7577],[-31,0]],[[8140,7577],[9,15]],[[8149,7592],[-2,2]],[[8147,7594],[-3,4]],[[8144,7598],[0,146]],[[8144,7744],[-1,21]],[[8188,7740],[-24,-46]],[[8164,7694],[1,0]],[[8165,7694],[23,43]],[[8189,7740],[2,7]],[[8838,6949],[-46,-21]],[[8792,6928],[46,21]],[[8135,7570],[45,2]],[[8145,7521],[-27,0]],[[8118,7521],[-11,5]],[[8107,7526],[-4,8]],[[8103,7534],[32,36]],[[8352,7735],[-4,-54]],[[8348,7679],[2,-38]],[[8350,7641],[-38,-5]],[[8312,7636],[3,33]],[[8315,7679],[-4,75]],[[8312,7768],[4,30]],[[8316,7798],[8,0]],[[8400,7834],[-8,-18]],[[8392,7816],[-1,-3]],[[8391,7813],[13,-7]],[[8404,7806],[-11,-1]],[[8392,7805],[-3,0]],[[8387,7805],[-35,-68]],[[8367,7632],[-15,-2]],[[8352,7630],[-4,49]],[[8348,7679],[0,2]],[[8348,7681],[4,54]],[[8352,7735],[0,2]],[[8370,7732],[16,-86]],[[8386,7646],[-19,-14]],[[8352,7630],[15,2]],[[8367,7632],[-15,-2]],[[8456,7569],[-20,64]],[[8464,7666],[89,-20]],[[8553,7641],[29,-9]],[[8558,7608],[-5,-1]],[[8549,7605],[-10,-5]],[[8521,7598],[-1,0]],[[8515,7598],[-12,7]],[[8503,7605],[-16,17],[-1,-2],[6,-3],[11,-12]],[[8485,7742],[4,2]],[[8492,7744],[-8,-2]],[[8481,7744],[-22,-25]],[[8422,7653],[25,139]],[[8544,7808],[8,-2]],[[8552,7806],[10,-62]],[[8562,7744],[-63,31]],[[8300,7858],[0,13]],[[8300,7871],[2,11]],[[8302,7882],[23,9]],[[8325,7891],[15,-2]],[[8340,7889],[-3,-8]],[[8337,7881],[-1,-2]],[[8336,7879],[-36,-21]],[[8248,7854],[7,7]],[[8255,7861],[38,30]],[[8293,7891],[-1,-17]],[[8292,7874],[0,-2]],[[8292,7872],[0,-1]],[[8292,7871],[5,-13]],[[8297,7858],[1,0]],[[8298,7858],[-45,-17]],[[8248,7867],[-5,-3]],[[8243,7864],[-11,8]],[[8232,7872],[-8,-11]],[[8205,7877],[38,7]],[[8243,7884],[3,0]],[[8246,7884],[6,-8]],[[8252,7876],[-4,-9]],[[8226,7825],[-22,-29]],[[8278,7740],[-8,0]],[[8270,7740],[-22,0]],[[8248,7740],[-4,0]],[[8282,7820],[-2,-15]],[[8280,7801],[-1,-8]],[[8279,7793],[-1,-11],[-4,-5],[-3,-9],[8,25]],[[8297,7778],[0,-21]],[[8807,7256],[16,-13]],[[8743,7264],[12,9]],[[8755,7273],[33,0]],[[8027,6112],[-5,-14]],[[8022,6098],[-28,-31]],[[7994,6067],[-12,-13]],[[7982,6054],[-13,-10]],[[7969,6044],[10,56]],[[7979,6100],[48,12]],[[8059,6132],[-14,13]],[[8045,6145],[17,50]],[[8077,6196],[11,28]],[[8088,6224],[11,7]],[[8113,6209],[-6,-26]],[[8107,6183],[-48,-51]],[[8027,6180],[0,-15]],[[8027,6165],[-25,-18]],[[8002,6147],[2,23]],[[8004,6170],[21,26]],[[8238,6285],[8,-24]],[[8246,6261],[-2,0]],[[8244,6261],[-11,-6]],[[8233,6255],[-4,25]],[[8229,6280],[9,5]],[[8299,6307],[9,-9]],[[8308,6298],[-9,9]],[[8292,6312],[6,-5]],[[8298,6307],[-8,-10]],[[8287,6305],[5,7]],[[8297,6887],[3,3]],[[8300,6890],[28,-46]],[[8328,6844],[-16,-4]],[[8312,6840],[-23,60]],[[8289,6900],[7,-12]],[[8296,6888],[1,-1]],[[8244,6862],[-3,0]],[[8241,6862],[9,25]],[[8250,6887],[1,-27]],[[8251,6860],[-7,2]],[[8207,6887],[0,1],[7,-5],[-3,-1],[-4,5]],[[8189,7109],[7,9]],[[8196,7118],[29,1]],[[8225,7119],[-46,-92]],[[8179,7027],[-30,-13]],[[8287,6305],[3,-8]],[[8290,6297],[-19,-27]],[[8271,6270],[1,27]],[[8272,6297],[15,8]],[[8027,6180],[-2,16]],[[8025,6196],[14,10]],[[8039,6206],[-12,-26]],[[8099,6231],[19,5]],[[8113,6209],[-14,22]],[[8165,7060],[-16,-45]],[[8179,7027],[27,28]],[[8226,7124],[-18,13]],[[8208,7137],[27,33]],[[8238,7162],[-12,-38]],[[8244,7164],[1,-20]],[[8235,7149],[4,11]],[[8125,6239],[16,-7]],[[8141,6232],[-28,-23]],[[8113,6209],[5,27]],[[8118,6236],[7,3]],[[8143,6976],[-11,8]],[[8132,6984],[13,8]],[[8150,6984],[-7,-8]],[[8485,7304],[-9,16]],[[8492,7309],[-7,-5]],[[8465,7333],[22,-39]],[[8487,7294],[-2,-13]],[[8485,7281],[7,-10]],[[8492,7271],[-2,-5]],[[8490,7266],[-9,3]],[[8481,7269],[-16,64]],[[8447,7363],[14,-22]],[[8461,7341],[-14,22]],[[8417,7402],[-1,0]],[[8416,7402],[1,0]],[[8371,7348],[4,18]],[[8375,7366],[-4,-18]],[[8458,7192],[0,5]],[[8458,7198],[25,17]],[[8483,7215],[2,-2]],[[8485,7213],[11,0]],[[8496,7213],[4,-3]],[[8500,7210],[3,0]],[[8503,7210],[5,-5]],[[8508,7205],[0,-3]],[[8508,7202],[1,-8]],[[8509,7194],[3,-14]],[[8512,7180],[0,-5]],[[8512,7175],[9,-47]],[[8521,7128],[-22,6]],[[8483,7215],[-5,8]],[[8483,7230],[0,-15]],[[8159,7861],[7,13],[9,-7],[-6,-6],[-10,0]],[[8363,7768],[24,37]],[[8387,7805],[2,0]],[[8389,7805],[3,0]],[[8392,7805],[1,0]],[[8393,7805],[-19,-46]],[[8363,7768],[11,-9]],[[8374,7759],[-4,-27]],[[8370,7732],[-18,5]],[[8352,7737],[11,31]],[[8311,7754],[1,14]],[[8312,7768],[-1,-14]],[[8297,7714],[-19,26]],[[8278,7740],[19,17]],[[8297,7757],[0,-43]],[[8258,7702],[-8,19]],[[8250,7721],[-23,0]],[[8227,7721],[57,-30]],[[8284,7691],[-26,11]],[[8258,7702],[-8,19]],[[8285,7691],[-7,31]],[[8278,7722],[-2,5]],[[8276,7727],[11,-36]],[[8287,7691],[-2,0]],[[8315,7669],[0,10]],[[8315,7679],[0,-10]],[[8304,7656],[-3,8],[10,17],[0,-25],[-7,0]],[[8312,7636],[8,-19]],[[8320,7617],[-3,-2]],[[8317,7615],[-5,21]],[[8282,7625],[33,-17]],[[8276,7452],[-4,-23]],[[8250,7433],[20,20]],[[8227,7341],[7,8]],[[8234,7349],[0,5]],[[8227,7266],[-39,-3]],[[8188,7263],[-1,28]],[[8187,7291],[11,23]],[[8201,7314],[9,2]],[[8223,7273],[4,-7]],[[8201,7316],[0,-2]],[[8201,7316],[0,-2]],[[8201,7314],[-3,0]],[[8198,7314],[-2,0]],[[8196,7314],[-5,0]],[[8191,7314],[-1,0]],[[8190,7314],[11,2]],[[8106,7298],[8,-5]],[[8114,7293],[-8,5]],[[8214,7164],[-7,0]],[[8207,7164],[-1,5]],[[8206,7169],[8,-5]],[[8238,7162],[-3,8]],[[8235,7170],[3,-8]],[[8244,7164],[-5,-4]],[[8239,7160],[5,4]],[[8247,7094],[-2,2],[9,23],[-7,40],[1,3],[7,-44],[-8,-24]],[[8230,7065],[-4,-27]],[[8226,7038],[-3,-44]],[[8223,6994],[-2,-15]],[[8221,6979],[-39,5]],[[8182,6984],[-22,-3]],[[8160,6981],[-10,3]],[[8150,6984],[-4,7]],[[8149,7012],[30,15]],[[8179,7027],[27,28]],[[8206,7055],[20,68]],[[8226,7123],[0,1]],[[8226,7124],[9,25]],[[8235,7149],[10,-5]],[[8245,7144],[-15,-79]],[[8237,7075],[-1,0],[9,18],[1,-5],[-9,-13]],[[8236,7047],[-3,13],[3,13],[-1,-15],[1,-11]],[[8237,7027],[-2,0]],[[8235,7027],[-1,6]],[[8234,7033],[3,-6]],[[8280,7047],[-2,-5]],[[8278,7042],[-11,-17]],[[8267,7025],[11,55]],[[8278,7080],[1,-14]],[[8279,7066],[0,-9]],[[8279,7057],[1,-10]],[[8921,7101],[0,-18]],[[8807,7040],[-41,-20]],[[8766,7020],[41,20]],[[8683,7033],[-8,-5]],[[8683,7033],[-8,-5]],[[8675,7028],[-3,-3]],[[8672,7025],[-17,36]],[[8655,7061],[-16,37]],[[8639,7098],[-7,8]],[[8632,7106],[-18,22]],[[8614,7128],[1,3]],[[8620,7124],[30,-36]],[[8817,7043],[-55,-23]],[[8762,7020],[-22,-87]],[[8740,6933],[-1,-4]],[[8701,7002],[-6,12]],[[8695,7014],[-12,19]],[[8707,6888],[-25,28]],[[8682,6916],[-4,22]],[[8678,6939],[3,4]],[[8678,6938],[-13,10]],[[8707,6877],[0,6]],[[8737,6868],[-2,-13]],[[8735,6855],[-28,22]],[[8779,6883],[-19,-20]],[[8760,6863],[19,20]],[[8309,6809],[-9,-8]],[[8300,6801],[9,8]],[[8267,6376],[-11,-15]],[[8256,6361],[11,15]],[[8067,6201],[8,2]],[[8075,6203],[2,-7]],[[8077,6196],[-15,-1]],[[8062,6195],[5,6]],[[7906,6117],[-11,20]],[[7895,6137],[11,-20]],[[8250,6602],[79,58]],[[8329,6660],[-35,-3]],[[8294,6657],[-30,-35]],[[8264,6622],[-14,-20]],[[8612,7371],[-18,-7]],[[8563,7349],[0,2]],[[8563,7351],[1,0]],[[8564,7351],[10,-3]],[[8574,7348],[-3,0]],[[8404,7546],[4,-20]],[[8408,7526],[-4,20]],[[8410,7498],[-8,-20]],[[8402,7478],[8,20]],[[8539,7600],[10,5]],[[8549,7605],[4,2]],[[8553,7607],[1,-9]],[[8554,7598],[-16,-6]],[[8538,7592],[-52,-13]],[[8486,7579],[-30,-10]],[[8456,7569],[-20,64]],[[8436,7633],[-14,20]],[[8422,7653],[37,66]],[[8459,7719],[5,-53]],[[8464,7666],[39,-61]],[[8503,7605],[12,-7]],[[8515,7598],[5,0]],[[8520,7598],[1,0]],[[8521,7598],[18,2]],[[8539,7600],[-2,0],[-13,-2],[13,0],[2,2]],[[8596,7648],[-38,-40]],[[8558,7608],[24,24]],[[8582,7632],[1,0]],[[8586,7655],[10,-7]],[[8553,7730],[0,-1]],[[8553,7729],[0,1]],[[8485,7742],[-1,0]],[[8484,7742],[-3,2]],[[8481,7744],[-34,48]],[[8447,7792],[8,6]],[[8455,7798],[30,-3]],[[8485,7795],[29,23]],[[8514,7818],[30,-10]],[[8544,7808],[-45,-33]],[[8499,7775],[-14,-33]],[[8492,7744],[-3,0]],[[8489,7744],[3,0]],[[8285,7278],[2,18]],[[8287,7296],[6,16]],[[8293,7312],[22,19]],[[8315,7331],[3,3]],[[8318,7334],[13,7]],[[8331,7341],[-46,-63]],[[8282,7333],[-4,10],[3,5],[6,-15],[-5,0]],[[8299,7549],[3,3],[5,-11],[-7,-4],[-1,12]],[[8847,7035],[-14,23],[2,10],[14,-3],[-2,-30]],[[8553,7641],[0,5]],[[8553,7646],[33,9]],[[8586,7655],[-3,-23]],[[8583,7632],[-30,9]],[[8459,7116],[-2,0]],[[8457,7096],[-12,0]],[[8445,7096],[-42,13]],[[8403,7109],[38,60]],[[8441,7169],[17,23]],[[8458,7192],[43,-36]],[[8456,7184],[-3,-10],[15,-4],[-3,14],[-9,0]],[[8499,7134],[16,-23]],[[8515,7111],[-58,-15]],[[8457,7096],[0,20]],[[8457,7116],[2,0]],[[8459,7116],[42,40]],[[8501,7156],[-2,-22]],[[8495,7131],[-3,-2],[-1,-11],[7,0],[-3,13]],[[8886,7070],[-1,1]],[[8885,7071],[-2,4]],[[8770,7238],[18,35]],[[8788,7273],[19,-17]],[[8807,7256],[16,-13]],[[8823,7243],[102,-142]],[[8925,7101],[-4,0]],[[8921,7101],[0,-18]],[[8921,7083],[19,16]],[[8940,7099],[-54,-29]],[[8890,7118],[3,-9],[4,7],[-2,2],[-5,0]],[[8489,7359],[40,20]],[[8529,7379],[0,3]],[[8529,7382],[17,-3]],[[8546,7379],[-6,-16]],[[8540,7363],[-2,0],[-15,-7],[13,3],[4,4]],[[8502,7353],[2,0],[7,5],[9,-2],[0,2],[-9,1],[-9,-6]],[[8189,7109],[-24,-49]],[[8165,7060],[-16,-45]],[[8149,7015],[0,-1]],[[8149,7014],[0,-2]],[[8149,7012],[-3,-21]],[[8146,6991],[-1,1]],[[8145,6992],[-18,-1]],[[8127,6991],[-9,11]],[[8118,7002],[3,20]],[[8121,7022],[0,16]],[[8121,7038],[20,45]],[[8141,7083],[-3,3]],[[8138,7086],[7,2]],[[8145,7088],[14,3]],[[8159,7091],[30,18]],[[8126,7042],[0,-4],[10,-10],[-4,7],[-6,7]],[[8317,6903],[-1,2]],[[8316,6905],[-6,6]],[[8310,6911],[15,-8]],[[8317,6903],[8,0]],[[8325,6903],[-9,2]],[[8316,6905],[1,-2]],[[8234,7354],[10,25]],[[8244,7379],[11,12]],[[8288,7392],[5,10]],[[8338,7488],[21,-12]],[[8359,7476],[-2,-21]],[[8357,7455],[0,-12]],[[8357,7443],[-13,-13]],[[8344,7430],[-2,-36]],[[8342,7394],[-13,-28]],[[8329,7366],[-16,0]],[[8313,7366],[-5,-28]],[[8308,7338],[-23,-22]],[[8285,7316],[-22,-43]],[[8263,7273],[2,-4]],[[8265,7269],[-21,4]],[[8244,7273],[-21,0]],[[8223,7273],[-13,43]],[[8210,7316],[11,17]],[[8221,7333],[3,3]],[[8224,7336],[3,5]],[[8227,7341],[7,13]],[[8284,7333],[1,13],[-4,2],[-2,-12],[5,-3]],[[8238,7363],[-2,-7],[8,-7],[2,12],[-8,2]],[[8324,7504],[14,-16]],[[8338,7488],[-45,-86]],[[8293,7402],[-5,-10]],[[8288,7392],[-33,-1]],[[8255,7391],[-3,4]],[[8252,7395],[-2,38]],[[8250,7433],[22,-4]],[[8272,7429],[4,23]],[[8276,7452],[-6,1]],[[8270,7453],[11,37]],[[8287,7552],[20,-28]],[[8294,7453],[4,5],[2,3],[1,2],[2,3],[10,35],[-1,15],[-3,7],[-15,-70]],[[8230,7542],[-41,-18]],[[8189,7524],[-24,-18]],[[8165,7506],[-21,10]],[[8144,7516],[1,5]],[[8145,7521],[35,51]],[[8180,7572],[-9,5]],[[8171,7577],[54,84]],[[8225,7661],[28,30]],[[8253,7691],[9,2]],[[8262,7693],[17,-75]],[[8279,7618],[3,7]],[[8282,7625],[33,-17]],[[8315,7608],[7,-14]],[[8322,7594],[5,-32]],[[8327,7562],[2,-21]],[[8329,7541],[0,-7]],[[8329,7534],[0,-3]],[[8329,7531],[1,-4]],[[8330,7527],[-6,-23]],[[8324,7504],[-17,20]],[[8307,7524],[-20,28]],[[8287,7552],[-6,-62]],[[8281,7490],[-38,46]],[[8243,7536],[-13,6]],[[8299,7574],[1,8],[-7,-3],[1,-7],[5,2]],[[8298,7549],[2,-12],[7,4],[-5,11],[-4,-3]],[[8253,7542],[13,4],[-6,15],[-9,-9],[2,-10]],[[8236,7572],[14,26],[-8,15],[-19,-23],[13,-18]],[[8408,7848],[-9,-33]],[[8399,7815],[-7,1]],[[8392,7816],[8,18]],[[8400,7834],[-76,-36]],[[8324,7798],[-7,5]],[[8317,7803],[5,17]],[[8322,7820],[4,8]],[[8326,7828],[80,20]],[[8408,7848],[-2,0]],[[8406,7848],[-6,-14]],[[8400,7834],[8,14]],[[8191,7747],[-3,-7]],[[8188,7740],[1,0]],[[8189,7740],[-1,-3]],[[8188,7737],[0,3]],[[8188,7740],[-45,25]],[[8143,7765],[-25,18]],[[8118,7783],[10,35]],[[8128,7818],[10,12]],[[8138,7830],[13,6]],[[8151,7836],[0,2]],[[8151,7838],[2,0]],[[8153,7838],[2,0]],[[8155,7838],[0,13]],[[8155,7851],[-2,0]],[[8153,7851],[-2,2]],[[8151,7853],[-1,0]],[[8150,7853],[-7,1]],[[8143,7854],[-2,0]],[[8141,7854],[-1,-1]],[[8140,7853],[-3,-10]],[[8137,7843],[-6,3]],[[8131,7846],[-28,18]],[[8103,7864],[3,2]],[[8106,7866],[2,0]],[[8108,7866],[41,3]],[[8149,7869],[2,-3]],[[8151,7866],[0,-2]],[[8151,7864],[54,13]],[[8205,7877],[19,-16]],[[8224,7861],[17,-12]],[[8241,7849],[7,5]],[[8248,7854],[5,-13]],[[8253,7841],[-27,-16]],[[8226,7825],[-22,-29]],[[8204,7796],[93,-18]],[[8297,7778],[-18,15]],[[8279,7793],[1,8]],[[8280,7801],[0,4]],[[8280,7805],[2,15]],[[8282,7820],[-38,-80]],[[8244,7740],[0,-6]],[[8244,7734],[-6,-8]],[[8238,7726],[-14,-2]],[[8224,7724],[-25,13]],[[8199,7737],[-8,10]],[[8217,7841],[-2,-5],[8,-2],[-2,9],[-4,-2]],[[8184,7833],[-1,0]],[[8183,7833],[1,0]],[[8175,7830],[-2,0]],[[8173,7830],[-4,1]],[[8169,7831],[-1,0]],[[8168,7831],[-5,-5]],[[8163,7826],[-1,-1]],[[8162,7825],[-1,-2]],[[8161,7823],[-6,-3]],[[8155,7820],[3,-10]],[[8158,7810],[2,-4]],[[8160,7806],[-4,-1]],[[8156,7805],[23,15]],[[8179,7820],[-4,10]],[[8720,7268],[24,-36]],[[8744,7232],[-9,32]],[[8735,7264],[8,0]],[[8743,7264],[27,-26]],[[8770,7238],[113,-163]],[[8883,7075],[-45,41]],[[8838,7116],[-10,3]],[[8828,7119],[57,-48]],[[8885,7071],[51,-66]],[[8936,7005],[-119,38]],[[8817,7043],[-167,45]],[[8650,7088],[-30,36]],[[8620,7124],[-5,7]],[[8615,7131],[-3,3]],[[8612,7134],[15,22]],[[8627,7156],[-10,-4]],[[8617,7152],[-9,5]],[[8606,7207],[2,3]],[[8667,7151],[2,-9],[1,-1],[-2,8],[-3,7],[2,-5]],[[8627,7159],[1,-3],[10,4],[-5,-1],[-6,0]],[[8907,6949],[1,0],[-2,8],[-2,-1],[3,-7]],[[8657,7160],[7,-1],[-3,7],[-7,9],[3,-15]],[[8764,7149],[-8,-2],[0,-3],[9,2],[-1,3]],[[8639,7159],[18,1],[0,2],[-12,0],[-6,-3]],[[8888,6971],[-10,10],[-26,46],[-1,0],[27,-48],[10,-8]],[[8906,6957],[-8,4],[-3,6],[-6,5],[17,-15]],[[8755,7144],[-5,5],[-85,11],[74,-11],[16,-5]],[[8723,7093],[1,-7],[19,8],[-6,10],[-14,-11]],[[8848,7050],[1,15],[-14,3],[12,-33],[1,15]],[[8702,7448],[32,-16]],[[8734,7432],[-2,-30]],[[8723,7405],[-2,-1],[4,-9],[0,12],[-2,-2]],[[8587,7448],[12,9]],[[8599,7457],[103,-9]],[[8702,7448],[30,-46]],[[8732,7402],[9,2]],[[8741,7404],[-26,-46]],[[8715,7358],[29,-29]],[[8744,7329],[-63,0]],[[8681,7329],[-66,40]],[[8615,7369],[87,-60]],[[8702,7309],[18,-41]],[[8720,7268],[-112,-58]],[[8608,7210],[-2,-3]],[[8606,7207],[2,-50]],[[8608,7157],[-4,-11]],[[8604,7146],[-10,13]],[[8594,7159],[-45,53]],[[8549,7212],[-3,57]],[[8546,7269],[-3,9]],[[8543,7278],[3,-9]],[[8546,7269],[35,30]],[[8581,7299],[-6,-5]],[[8575,7294],[-20,-10]],[[8555,7284],[-27,-10]],[[8528,7274],[-20,17]],[[8508,7291],[-16,18]],[[8492,7309],[0,17]],[[8503,7344],[37,19]],[[8540,7363],[8,-4]],[[8548,7359],[15,-10]],[[8563,7349],[8,-1]],[[8571,7348],[1,6]],[[8572,7354],[2,17]],[[8574,7371],[-5,10]],[[8569,7381],[0,23]],[[8569,7404],[-5,25]],[[8548,7463],[8,2]],[[8556,7465],[31,-17]],[[8589,7361],[-13,10],[-1,-2],[11,-8],[3,0]],[[8578,7339],[0,-6],[6,1],[-3,2],[-3,3]],[[8586,7182],[6,10],[-1,11],[-9,-1],[4,-20]],[[8612,7371],[-18,-7]],[[8594,7364],[18,7]],[[8586,7344],[0,-30]],[[8586,7314],[1,30]],[[8587,7344],[2,9]],[[8589,7353],[-3,-9]],[[8543,7485],[-5,-9]],[[8538,7476],[10,-13]],[[8548,7463],[16,-34]],[[8564,7429],[-6,-24]],[[8558,7405],[-13,9]],[[8545,7414],[-18,10]],[[8527,7424],[-29,-20]],[[8498,7404],[6,-9]],[[8504,7395],[-37,-16]],[[8467,7379],[-1,-16]],[[8466,7363],[23,-4]],[[8489,7359],[14,-15]],[[8503,7344],[-11,-18]],[[8492,7326],[-16,-6]],[[8476,7320],[-56,92]],[[8420,7412],[2,23]],[[8422,7435],[10,20]],[[8432,7455],[25,11]],[[8457,7466],[-1,0]],[[8456,7466],[-4,14]],[[8452,7480],[-3,6]],[[8449,7486],[22,22]],[[8471,7508],[20,-10]],[[8491,7498],[52,-13]],[[8500,7419],[-4,5],[0,1],[17,35],[-13,-41]],[[8476,7455],[4,10],[-13,0],[2,-8],[7,-2]],[[8502,7463],[-7,-3],[4,-8],[11,8],[-8,3]],[[8455,7419],[17,6],[-1,12],[-16,0],[0,-18]],[[8672,7025],[29,-23]],[[8701,7002],[38,-73]],[[8739,6929],[30,-33]],[[8769,6896],[-12,-31]],[[8757,6865],[-1,0]],[[8756,6865],[-19,3]],[[8737,6868],[-30,15]],[[8707,6883],[0,5]],[[8707,6888],[-26,55]],[[8681,6943],[-3,-4]],[[8678,6939],[0,-1]],[[8678,6938],[-13,10]],[[8665,6948],[7,77]],[[8712,6933],[15,-10],[20,-7],[-8,7],[-27,10]],[[8357,7294],[126,-64]],[[8483,7230],[-5,-7]],[[8478,7223],[-20,-25]],[[8458,7198],[0,-1]],[[8458,7197],[-17,-27]],[[8441,7170],[-38,-26]],[[8403,7144],[-18,3]],[[8385,7147],[-23,15]],[[8362,7162],[18,-20]],[[8380,7142],[3,2]],[[8383,7144],[6,-16]],[[8389,7128],[-2,-9]],[[8387,7119],[8,-13]],[[8395,7106],[-27,-18]],[[8368,7088],[-4,0],[-3,-2],[5,0],[2,2]],[[8368,7088],[-41,0]],[[8327,7088],[1,11]],[[8328,7099],[-2,50]],[[8326,7149],[-5,13]],[[8321,7162],[28,12]],[[8349,7174],[0,43]],[[8349,7217],[-28,19]],[[8321,7236],[36,58]],[[8391,7164],[16,3],[-1,12],[-16,-5],[1,-10]],[[8177,7328],[-31,-39]],[[8146,7289],[-2,-1]],[[8144,7288],[-3,0],[-4,1],[0,-1],[7,0]],[[8144,7288],[-8,-35]],[[8136,7253],[-5,0]],[[8131,7253],[-9,36]],[[8122,7289],[12,0]],[[8134,7289],[2,0]],[[8136,7289],[-4,15]],[[8132,7304],[45,24]],[[8128,7281],[-11,2],[-4,-7],[15,-5],[0,10]],[[8573,9893],[-4,0]],[[8568,9893],[-5,2]],[[8563,9902],[-4,3]],[[8595,9872],[-5,8]],[[8560,9831],[-12,1]],[[8566,9845],[24,4]],[[8546,9834],[-1,2]],[[8583,9808],[-6,-4]],[[8584,9789],[9,-3]],[[8600,9778],[-11,-5]],[[8586,9766],[-4,-6]],[[8578,9749],[2,22]],[[8586,9756],[4,-1]],[[8586,9746],[-2,1]],[[8605,9756],[-6,2]],[[8592,9734],[-3,4]],[[8687,9668],[-8,-1]],[[8893,9657],[-1,0]],[[8851,9647],[0,5],[5,-7],[-5,2]],[[8968,9940],[-2,-4]],[[8949,9951],[20,5]],[[8969,9956],[-1,-13]],[[8927,9933],[4,3]],[[8943,9900],[-5,-2]],[[8955,9915],[-7,-13]],[[8709,9982],[14,-3]],[[8615,9892],[-6,11]],[[8613,9966],[4,-10],[-9,0],[-2,8],[7,2]],[[8615,9948],[-7,0],[0,6],[3,0],[4,-6]],[[8604,9946],[11,2]],[[8650,9905],[-12,-8]],[[8694,9972],[3,4]],[[8678,9931],[-2,-3]],[[8670,9938],[11,20]],[[8683,9961],[2,3]],[[8706,9982],[3,0]],[[8709,9982],[3,-6]],[[8720,9977],[3,2]],[[8723,9979],[2,2]],[[8649,9890],[3,3]],[[8652,9893],[12,12]],[[8664,9906],[18,7]],[[8658,9883],[6,-3]],[[8665,9875],[-8,-1]],[[8623,9882],[1,0]],[[8627,9882],[8,1]],[[8608,9880],[6,2]],[[8595,9872],[0,8]],[[8601,9869],[-6,3]],[[8548,9832],[-2,2]],[[8546,9834],[-1,2]],[[8545,9836],[21,9]],[[8566,9845],[-18,-13]],[[8590,9849],[-30,-18]],[[8560,9831],[30,18]],[[8578,9827],[9,9],[3,-4],[-12,-5]],[[8585,9816],[-2,-8]],[[8583,9808],[-6,-4]],[[8577,9804],[-9,13]],[[8580,9826],[2,-5]],[[8589,9738],[-3,8]],[[8586,9746],[4,9]],[[8590,9755],[15,1]],[[8605,9756],[-6,2]],[[8599,9758],[-7,-15]],[[8592,9743],[-3,-5]],[[8587,9771],[2,2]],[[8589,9773],[-3,-7]],[[8586,9766],[0,5]],[[8578,9749],[4,11]],[[8582,9760],[4,-4]],[[8586,9756],[-2,-9]],[[8584,9747],[-6,2]],[[8592,9743],[0,-9]],[[8592,9734],[0,9]],[[8800,9860],[-7,4]],[[8785,9860],[-5,-1]],[[8790,9885],[-2,-10]],[[8741,9872],[5,2]],[[8746,9862],[-4,0]],[[8721,9902],[-6,-2]],[[8709,9915],[7,3]],[[8719,9918],[5,-16]],[[8737,9968],[5,1]],[[8753,9963],[-4,0]],[[8756,9991],[2,3]],[[8764,9994],[13,-2]],[[8779,9992],[16,-6]],[[8762,9961],[-3,-2]],[[8759,9963],[-1,1]],[[8770,9954],[0,4]],[[8792,9966],[1,0]],[[8732,9812],[0,5]],[[8738,9817],[-4,-8]],[[8870,9892],[1,13]],[[8913,9916],[1,7]],[[8917,9923],[10,10]],[[8930,9918],[1,18]],[[8931,9936],[18,15]],[[8949,9951],[1,-13]],[[8950,9938],[16,-2]],[[8966,9936],[-5,-10]],[[8961,9926],[-6,-11]],[[8955,9915],[-7,-13]],[[8948,9902],[-5,-2]],[[8943,9900],[-5,-2]],[[8938,9898],[2,-13]],[[8929,9892],[-15,11]],[[8934,9870],[-1,-1]],[[8932,9867],[-2,-2]],[[8926,9862],[-2,-3]],[[8679,9671],[8,-3]],[[8687,9668],[-8,-1]],[[8679,9667],[0,1]],[[8593,9786],[7,-8]],[[8600,9778],[-14,-2]],[[8580,9776],[4,13]],[[8584,9789],[9,-3]],[[8793,9966],[2,13]],[[8795,9979],[0,7]],[[8795,9986],[26,-17]],[[8822,9969],[0,-1]],[[8822,9963],[-3,3]],[[8813,9968],[-2,-2]],[[8807,9966],[-3,-3]],[[8804,9959],[-8,-8]],[[8795,9949],[1,-3]],[[8783,9949],[0,2]],[[8792,9951],[1,15]],[[8819,9954],[3,-1]],[[8807,9938],[0,2]],[[8819,9900],[-6,-3]],[[8812,9893],[7,4]],[[8819,9897],[-5,-17]],[[8800,9864],[0,3]],[[8807,9869],[5,1]],[[8792,9893],[-4,-1]],[[8776,9923],[3,2]],[[8788,9875],[-4,-5]],[[8778,9887],[10,-12]],[[8784,9890],[-7,5]],[[8768,9870],[-4,-1]],[[8711,9819],[1,-10]],[[8707,9826],[3,-5]],[[8637,9931],[14,5]],[[8651,9959],[6,5]],[[8669,9954],[-19,-49]],[[8650,9905],[-12,-8]],[[8638,9897],[-15,-4]],[[8609,9908],[0,7]],[[8617,9892],[-2,0]],[[8615,9892],[-1,6]],[[8593,9900],[7,-2]],[[8586,9890],[-9,2]],[[8615,9915],[-3,1]],[[8613,9916],[0,-8]],[[8624,9915],[4,-5]],[[8629,9854],[0,-9]],[[8580,9826],[-12,-9]],[[8568,9817],[12,9]],[[8610,9941],[5,2]],[[8552,9923],[11,7]],[[8563,9923],[-4,-2]],[[8562,9910],[-3,-5]],[[8559,9905],[-4,5]],[[8621,9948],[11,0]],[[8632,9944],[-11,-3]],[[8635,9949],[0,5],[3,0],[1,-3],[-4,-2]],[[8654,9953],[4,1]],[[8785,9860],[-5,-1]],[[8780,9859],[5,1]],[[8687,9958],[-2,6]],[[8685,9964],[9,8]],[[8694,9972],[4,-8]],[[8586,9776],[1,-5]],[[8587,9771],[-1,0]],[[8586,9771],[-6,0]],[[8580,9771],[0,5]],[[8580,9776],[6,0]],[[8676,9928],[-6,5]],[[8670,9938],[6,-10]],[[8741,9872],[1,-10]],[[8742,9862],[-1,10]],[[8721,9902],[-5,16]],[[8716,9918],[3,0]],[[8719,9918],[5,-16]],[[8724,9902],[-3,0]],[[8657,9964],[12,-10]],[[8669,9954],[-12,10]],[[8563,9902],[0,-7]],[[8563,9895],[0,7]],[[8783,9801],[0,7],[3,3],[3,-7],[-6,-3]],[[8730,9857],[11,3],[2,-16],[-6,-2],[-7,15]],[[8733,9862],[1,-2],[-4,-1],[0,5],[3,-2]],[[8686,9831],[-17,-2],[-1,10],[17,1],[1,-9]],[[8575,9933],[29,13]],[[8604,9946],[6,-5]],[[8610,9941],[5,2]],[[8615,9943],[0,5]],[[8615,9948],[6,0]],[[8621,9948],[0,-7]],[[8621,9941],[11,3]],[[8632,9944],[0,4]],[[8632,9948],[19,11]],[[8651,9959],[3,-6]],[[8654,9953],[4,1]],[[8658,9954],[-7,-18]],[[8651,9936],[-14,-5]],[[8637,9931],[-13,-16]],[[8624,9915],[4,-5]],[[8628,9910],[-5,-17]],[[8623,9893],[-6,-1]],[[8617,9892],[-3,6]],[[8614,9898],[-5,5]],[[8609,9903],[-8,-13]],[[8600,9890],[0,8]],[[8600,9898],[-7,2]],[[8593,9900],[-6,-5]],[[8640,9948],[1,-2],[7,3],[-5,0],[-3,-1]],[[8609,9915],[0,-7]],[[8609,9908],[4,0]],[[8613,9908],[2,7]],[[8615,9915],[-3,1]],[[8612,9916],[1,0]],[[8613,9916],[-4,-1]],[[8871,9905],[-3,23]],[[8870,9928],[34,-20]],[[8906,9908],[7,8]],[[8913,9916],[1,-13]],[[8914,9903],[15,-11]],[[8929,9892],[11,-7]],[[8940,9885],[3,-5]],[[8943,9878],[-9,-8]],[[8934,9870],[-1,-1]],[[8933,9869],[-1,-2]],[[8932,9867],[-2,-2]],[[8930,9865],[-4,-3]],[[8926,9862],[-2,-3]],[[8924,9859],[-56,-66]],[[8868,9804],[2,88]],[[8870,9892],[1,13]],[[8906,9905],[0,3]],[[8906,9908],[-2,0]],[[8904,9908],[2,-6]],[[8881,9814],[4,-2],[2,5],[-6,2],[0,-5]],[[8892,9905],[11,-2],[-10,7],[-1,-5]],[[8771,9941],[4,2]],[[8775,9944],[3,4]],[[8781,9948],[2,-5]],[[8783,9948],[0,1]],[[8783,9949],[13,-3]],[[8796,9946],[11,-8]],[[8807,9938],[0,2]],[[8807,9940],[6,28]],[[8813,9968],[6,-2]],[[8819,9966],[0,-12]],[[8819,9954],[3,-1]],[[8822,9953],[4,6]],[[8828,9954],[41,-49]],[[8869,9900],[-15,-40]],[[8854,9854],[14,-50]],[[8868,9804],[0,-11]],[[8868,9793],[0,-2]],[[8868,9789],[6,-5]],[[8876,9784],[18,20]],[[8896,9804],[49,35]],[[8945,9836],[-23,-85]],[[8922,9747],[-9,-69]],[[8913,9675],[-74,-28]],[[8839,9647],[-24,8]],[[8815,9655],[-49,26]],[[8766,9690],[-7,19]],[[8759,9711],[-2,2]],[[8756,9713],[2,11]],[[8757,9724],[3,27]],[[8761,9751],[-23,66]],[[8738,9817],[-6,0]],[[8732,9817],[6,9]],[[8738,9831],[8,31]],[[8746,9862],[0,12]],[[8746,9874],[-37,41]],[[8709,9915],[6,-15]],[[8715,9900],[-50,-25]],[[8665,9875],[-1,5]],[[8664,9880],[-6,3]],[[8658,9883],[-1,7]],[[8656,9892],[26,21]],[[8682,9913],[-4,18]],[[8678,9931],[9,27]],[[8687,9958],[11,6]],[[8698,9964],[-1,12]],[[8697,9976],[9,6]],[[8706,9982],[10,-6]],[[8716,9976],[4,1]],[[8720,9977],[5,4]],[[8725,9981],[12,-13]],[[8737,9968],[5,-7]],[[8742,9964],[0,5]],[[8742,9969],[14,22]],[[8756,9991],[5,3]],[[8764,9994],[-2,-5]],[[8766,9989],[7,-2]],[[8774,9987],[16,0]],[[8790,9987],[5,-8]],[[8795,9979],[-7,-20]],[[8788,9964],[4,2]],[[8792,9966],[0,-15]],[[8792,9951],[-8,0]],[[8784,9951],[-1,0]],[[8783,9951],[-12,-2]],[[8711,9964],[2,0],[-3,2],[1,-2]],[[8810,9826],[0,-2],[-3,-2],[4,0],[-1,4]],[[8710,9954],[4,2],[-1,3],[-4,-3],[1,-2]],[[8812,9816],[3,-2],[1,3],[-3,4],[-1,-5]],[[8843,9928],[-2,0],[5,-5],[1,5],[-4,0]],[[8789,9913],[11,3],[0,2],[-11,-2],[0,-3]],[[8704,9921],[2,2],[-2,13],[-2,-1],[2,-14]],[[8709,9951],[2,-7],[5,-1],[-5,10],[-2,-2]],[[8685,9920],[8,5],[0,5],[-10,-7],[2,-3]],[[8760,9791],[-1,-8],[7,6],[-2,5],[-4,-3]],[[8706,9883],[-1,14],[-3,-2],[4,-12]],[[8737,9943],[2,-10],[4,0],[-10,20],[4,-10]],[[8783,9806],[-2,-8],[8,6],[-3,7],[-3,-5]],[[8794,9898],[8,2],[-1,5],[-8,-2],[1,-5]],[[8712,9883],[3,0],[-8,14],[5,-14]],[[8693,9941],[-4,-1],[12,-5],[-9,9],[1,-3]],[[8752,9928],[1,-7],[9,4],[-2,11],[-8,-8]],[[8800,9928],[2,0]],[[8820,9814],[13,-10],[7,13],[-7,-6],[-13,3]],[[8908,9690],[-11,3],[-7,0],[9,-13],[9,10]],[[8703,9948],[-7,-4],[16,-19],[0,16],[-9,7]],[[8904,9743],[0,-2]],[[8861,9821],[0,-2]],[[8840,9758],[36,2],[-4,23],[-21,-5],[-11,-20]],[[8771,9949],[-1,5]],[[8770,9954],[0,4]],[[8770,9958],[-8,3]],[[8762,9961],[-4,3]],[[8758,9964],[-3,-1]],[[8755,9963],[0,11]],[[8753,9974],[-4,-11]],[[8749,9963],[22,-14]],[[8764,9869],[36,-9]],[[8800,9860],[0,4]],[[8800,9864],[25,6]],[[8825,9870],[14,0],[0,2],[-14,-2]],[[8825,9870],[0,5]],[[8825,9877],[3,5]],[[8829,9882],[-10,15]],[[8819,9898],[0,2]],[[8819,9900],[-6,-3]],[[8813,9897],[-1,-4]],[[8812,9893],[2,-13]],[[8814,9880],[1,-5]],[[8815,9875],[-3,-5]],[[8812,9870],[-5,-1]],[[8807,9869],[-7,-2]],[[8800,9867],[-7,-3]],[[8793,9864],[-3,21]],[[8790,9885],[2,8]],[[8792,9893],[-13,32]],[[8779,9925],[-3,-2]],[[8776,9923],[12,-31]],[[8788,9892],[-4,-2]],[[8784,9890],[-7,5]],[[8777,9895],[1,-8]],[[8778,9887],[6,-17]],[[8784,9870],[-16,0]],[[8768,9870],[-4,-1]],[[8563,9930],[12,3]],[[8575,9933],[12,-38]],[[8587,9895],[-10,-3]],[[8577,9892],[-4,1]],[[8573,9893],[-10,30]],[[8563,9923],[-4,-2]],[[8559,9921],[3,-11]],[[8562,9910],[-7,0]],[[8555,9910],[-3,13]],[[8552,9923],[11,7]],[[8569,9923],[4,2],[0,5],[-5,-2],[1,-5]],[[8629,9854],[0,-9]],[[8629,9845],[28,2]],[[8658,9847],[49,-21]],[[8707,9826],[3,-5]],[[8710,9821],[1,-2]],[[8711,9819],[1,-10]],[[8712,9809],[20,3]],[[8732,9812],[2,-3]],[[8734,9809],[10,-33]],[[8751,9776],[-10,-45]],[[8741,9731],[12,-10]],[[8752,9721],[-73,-50]],[[8679,9671],[0,-3]],[[8679,9668],[-31,33]],[[8648,9701],[-19,22]],[[8629,9724],[31,22]],[[8660,9746],[0,5]],[[8660,9751],[-34,81]],[[8626,9832],[-2,5]],[[8624,9840],[-4,7]],[[8620,9842],[1,-3]],[[8621,9837],[-36,-21]],[[8585,9816],[-3,5]],[[8582,9821],[19,48]],[[8601,9869],[3,11]],[[8605,9880],[3,0]],[[8608,9880],[10,2]],[[8619,9882],[4,0]],[[8623,9874],[13,9]],[[8636,9883],[13,7]],[[8649,9890],[8,-16]],[[8657,9874],[-28,-20]],[[8670,9723],[6,0],[0,1],[-6,0],[0,-1]],[[8639,9875],[2,-6],[4,3],[-2,3],[-4,0]],[[8697,9708],[13,1],[0,2],[-13,-2],[0,-1]],[[8648,9709],[1,-1],[6,5],[-4,3],[-3,-7]],[[8703,9806],[2,2],[-1,11],[-3,-2],[2,-11]],[[8658,9711],[-4,-2],[10,-3],[-3,10],[-3,-5]],[[8707,9783],[3,0]],[[8675,9736],[16,5],[6,33],[-25,-3],[3,-35]],[[4500,8121],[-43,14]],[[4450,8135],[44,19]],[[4494,8152],[14,-8]],[[4526,8107],[-2,0]],[[4523,8107],[-15,14]],[[4558,8099],[-17,7]],[[4517,8139],[25,11]],[[4588,8142],[-2,17]],[[4675,8178],[-26,-38]],[[4616,8147],[13,8]],[[4629,8164],[29,33]],[[4585,8035],[-7,41]],[[4627,8045],[-3,-27]],[[4625,7977],[-46,30]],[[4707,8018],[-65,9]],[[4729,8036],[-11,-14]],[[4747,8045],[-4,-7]],[[4757,8069],[4,-8]],[[4760,8061],[-4,2]],[[4754,8079],[1,-5]],[[4743,8165],[56,-23]],[[4802,8142],[5,2]],[[4807,8147],[42,12]],[[4719,8175],[25,-5]],[[4863,8164],[-10,13]],[[4848,8177],[19,16]],[[4871,8193],[12,-3]],[[4941,8173],[-31,-14]],[[4970,8246],[37,-3]],[[4901,8258],[55,6]],[[4900,8233],[-14,11]],[[4886,8244],[-5,-5]],[[4878,8239],[-17,19]],[[4861,8259],[33,4]],[[4910,8206],[17,19]],[[4934,8228],[-2,10]],[[4956,8264],[14,-18]],[[4970,8246],[-2,-12]],[[4952,8249],[4,15]],[[4977,8236],[27,3]],[[4894,8263],[7,-5]],[[4901,8258],[51,-9]],[[4936,8236],[-4,2]],[[4932,8238],[-32,-5]],[[4900,8233],[-14,11]],[[4886,8244],[8,19]],[[4910,8159],[-12,-9]],[[4886,8147],[15,41]],[[4898,8193],[12,13]],[[4910,8206],[17,19]],[[4927,8225],[7,3]],[[4934,8228],[10,-2]],[[4944,8195],[0,-2]],[[4931,8182],[-21,-23]],[[4867,8164],[19,19]],[[4886,8172],[-5,-27]],[[4829,8119],[7,21]],[[4770,8137],[8,-10]],[[4742,8150],[13,-16]],[[4754,8129],[8,-20]],[[4687,8035],[-29,8]],[[4718,8036],[0,-14]],[[4718,8022],[-11,-4]],[[4707,8018],[-15,23]],[[4729,8036],[-2,2]],[[4741,8045],[2,-7]],[[4743,8038],[-14,-2]],[[4609,8127],[0,-5]],[[4609,8121],[28,-17]],[[4642,8104],[-5,-20]],[[4636,8081],[-9,-36]],[[4627,8045],[-12,-2]],[[4596,8040],[-7,46]],[[4580,8126],[8,16]],[[4588,8142],[3,3]],[[4591,8145],[4,0]],[[4614,8035],[10,-17]],[[4624,8018],[1,-41]],[[4623,7974],[-26,39]],[[4579,8007],[-1,5]],[[4578,8015],[7,15]],[[4587,8027],[-8,-20]],[[4568,8134],[12,-8]],[[4546,8132],[-4,18]],[[4542,8150],[18,-11]],[[4508,8121],[-8,0]],[[4500,8121],[8,23]],[[4508,8144],[9,-5]],[[4517,8139],[9,-4]],[[4527,8111],[-19,10]],[[4763,8107],[12,-3]],[[4841,8114],[-71,-20]],[[4770,8102],[5,2]],[[4775,8104],[34,12]],[[4809,8116],[9,0]],[[4818,8116],[11,3]],[[4829,8119],[52,26]],[[4881,8145],[5,2]],[[4886,8147],[12,3]],[[4898,8150],[-28,-24]],[[4711,8074],[-4,4]],[[4706,8079],[14,0]],[[4742,8106],[20,3]],[[4762,8109],[1,-2]],[[4763,8107],[0,-6]],[[4750,8084],[0,-8]],[[4646,8056],[7,23]],[[4683,8073],[5,0]],[[4693,8053],[-1,-12]],[[4692,8041],[-5,-6]],[[4687,8035],[-29,8]],[[4704,8065],[4,6]],[[4754,8055],[-7,-10]],[[4747,8045],[-6,0]],[[4741,8045],[-14,-7]],[[4727,8038],[-9,-2]],[[4718,8036],[-3,10]],[[4711,8046],[-3,9]],[[4705,8055],[-3,0]],[[4702,8055],[-4,1]],[[4597,8013],[-10,14]],[[4587,8027],[-2,3]],[[4585,8033],[0,2]],[[4585,8035],[11,5]],[[4596,8040],[19,3]],[[4615,8043],[-1,-8]],[[4614,8035],[-17,-22]],[[4633,8081],[4,3]],[[4637,8084],[-1,-3]],[[4636,8081],[-2,0]],[[4650,8149],[-8,-9]],[[4616,8127],[-7,0]],[[4609,8127],[-14,18]],[[4595,8145],[21,2]],[[4616,8147],[13,2]],[[4586,8159],[5,-14]],[[4591,8145],[-5,14]],[[4658,8043],[-16,-16]],[[4642,8027],[4,29]],[[4646,8056],[12,-13]],[[4750,8076],[7,-5]],[[4757,8071],[0,-2]],[[4757,8069],[-1,-6]],[[4756,8063],[-2,-3]],[[4754,8060],[-6,-2]],[[4748,8058],[-2,-3]],[[4746,8053],[-5,-3]],[[4729,8050],[-9,3]],[[4720,8053],[-7,8]],[[4713,8061],[-2,0]],[[4711,8061],[-3,10]],[[4708,8071],[3,3]],[[4711,8074],[2,0]],[[4713,8074],[37,2]],[[4751,8096],[1,5]],[[4752,8101],[3,1]],[[4755,8102],[2,0]],[[4757,8102],[3,0]],[[4760,8102],[3,-1]],[[4763,8101],[1,0]],[[4764,8101],[6,1]],[[4770,8102],[0,-3]],[[4770,8099],[0,-3]],[[4770,8096],[0,-2]],[[4770,8094],[-13,-3]],[[4751,8089],[0,2]],[[4751,8091],[0,5]],[[4742,8159],[0,-9]],[[4742,8150],[-18,-18]],[[4658,8197],[17,-19]],[[4675,8178],[-17,19]],[[4629,8149],[21,0]],[[4650,8149],[-21,0]],[[4616,8127],[26,13]],[[4642,8140],[7,0]],[[4649,8140],[-4,-16]],[[4637,8119],[-21,8]],[[4870,8126],[-29,-12]],[[4841,8114],[29,12]],[[4931,8182],[13,11]],[[4944,8193],[-3,-20]],[[4941,8173],[-10,9]],[[5053,8215],[-33,-5]],[[5069,8243],[12,-18]],[[4836,8140],[13,15]],[[4867,8164],[-31,-24]],[[4849,8155],[0,4]],[[4849,8159],[11,5]],[[4866,8164],[-17,-9]],[[4710,8131],[5,0]],[[4720,8168],[-1,7]],[[4719,8175],[25,-5]],[[4744,8170],[-1,-5]],[[4743,8165],[-1,-6]],[[4742,8159],[-14,0]],[[4645,8124],[-3,-20]],[[4642,8104],[-5,0]],[[4637,8104],[0,15]],[[4637,8119],[8,5]],[[4750,8084],[1,5]],[[4751,8089],[6,2]],[[4757,8091],[-3,-12]],[[4754,8079],[-4,5]],[[4770,8137],[8,-10]],[[4778,8127],[-24,2]],[[4754,8129],[1,5]],[[4755,8134],[15,3]],[[4886,8172],[0,11]],[[4886,8183],[-3,7]],[[4883,8190],[1,0]],[[4889,8193],[9,0]],[[4898,8193],[3,-5]],[[4901,8188],[-15,-16]],[[4634,7952],[-1,7],[3,-10],[-2,3]],[[4713,8114],[5,-12],[-14,2],[-2,12],[11,-2]],[[4728,8159],[-4,-27]],[[4724,8132],[18,-26]],[[4742,8106],[-14,-33]],[[4725,8073],[-5,6]],[[4720,8079],[-16,-14]],[[4704,8065],[-6,-9]],[[4698,8056],[-5,-3]],[[4693,8053],[-5,20]],[[4688,8073],[-5,0]],[[4683,8073],[-30,6]],[[4653,8079],[6,25]],[[4660,8104],[1,0]],[[4661,8101],[22,-8]],[[4683,8096],[25,35]],[[4708,8127],[7,4]],[[4715,8131],[5,37]],[[4720,8168],[8,-9]],[[4709,8114],[-5,-10],[14,-2],[-1,12],[-8,0]],[[4944,8226],[-8,10]],[[4936,8236],[16,13]],[[4952,8249],[16,-15]],[[4968,8234],[9,2]],[[4977,8236],[27,3]],[[5004,8239],[3,4]],[[5007,8243],[62,0]],[[5069,8243],[12,-18]],[[5081,8225],[-28,-10]],[[5053,8215],[-33,-5]],[[5020,8210],[-76,-15]],[[4944,8195],[0,31]],[[5014,8223],[-19,-5],[1,-8],[20,3],[-2,10]],[[4529,8111],[-2,0]],[[4527,8111],[-1,24]],[[4526,8135],[20,-3]],[[4546,8132],[14,7]],[[4560,8139],[8,-5]],[[4568,8134],[12,-8]],[[4580,8126],[9,-40]],[[4589,8086],[-11,-10]],[[4578,8076],[-10,17]],[[4567,8091],[-9,8]],[[4558,8099],[-17,7]],[[4541,8106],[-12,5]],[[4558,8111],[1,3]],[[2830,7836],[2,-10]],[[2827,7826],[-9,2]],[[2820,7831],[7,-1]],[[2827,7836],[-6,2]],[[2823,7839],[7,-3]],[[2832,7866],[3,-2]],[[2832,7862],[-1,0]],[[2826,7864],[6,27]],[[2891,7907],[-32,-23]],[[2860,7884],[30,23]],[[2830,7858],[2,4]],[[2832,7862],[1,0]],[[2833,7854],[0,-3]],[[2824,7853],[1,5]],[[2833,7849],[2,-1]],[[2836,7844],[-5,4]],[[2825,7869],[0,-5],[-1,0],[0,5],[1,0]],[[2832,7887],[0,-21]],[[2832,7866],[-1,-4]],[[2831,7862],[-5,2]],[[2826,7864],[6,25]],[[2844,7831],[-3,13]],[[2827,7830],[0,6]],[[2827,7836],[3,0]],[[2830,7836],[-3,-6]],[[2833,7821],[-6,5]],[[2827,7826],[5,0]],[[2832,7826],[0,-3]],[[2818,7828],[-1,-7]],[[2815,7823],[5,8]],[[2820,7831],[-2,-3]],[[2821,7838],[2,1]],[[2823,7839],[-2,-1]],[[2814,7806],[-2,0]],[[2814,7808],[0,-2]],[[2814,7806],[-2,0]],[[2812,7806],[1,2]],[[2815,7813],[-1,-5]],[[2814,7808],[-1,0]],[[2813,7808],[1,5]],[[2814,7816],[1,4]],[[2816,7820],[0,-4]],[[2816,7816],[-1,-3]],[[2815,7813],[-1,0]],[[2814,7813],[0,3]],[[2814,7816],[2,0]],[[2815,7820],[0,3]],[[2815,7823],[2,-2]],[[2817,7821],[-1,-1]],[[2816,7820],[-1,0]],[[2852,7765],[2,-1]],[[2854,7712],[-4,-3]],[[2832,7658],[-2,3]],[[2838,7679],[3,-13]],[[2836,7673],[-2,0]],[[2842,7693],[-2,-5]],[[2849,7706],[0,-7]],[[2851,7777],[1,-9]],[[2845,7755],[8,-1]],[[2854,7754],[3,-24]],[[2854,7730],[-6,4]],[[2840,7719],[1,10]],[[2849,7709],[-4,5]],[[2858,7724],[-2,-12]],[[2856,7712],[-2,0]],[[2854,7712],[-4,-3]],[[2842,7694],[-1,0]],[[2831,7678],[5,24]],[[2856,7730],[1,0]],[[2857,7730],[1,0]],[[2859,7730],[0,-6]],[[2832,7889],[0,2]],[[2832,7891],[12,-43]],[[2845,7844],[-7,-19]],[[2836,7825],[8,6]],[[2844,7831],[-3,13]],[[2841,7844],[-5,0]],[[2836,7844],[-1,4]],[[2835,7848],[-2,6]],[[2833,7854],[0,8]],[[2833,7862],[1,0]],[[2835,7862],[0,2]],[[2835,7864],[-3,23]],[[2832,7887],[0,2]],[[2831,7848],[-7,5]],[[2824,7853],[1,5]],[[2825,7858],[5,0]],[[2830,7858],[3,-7]],[[2833,7851],[0,-2]],[[2833,7849],[-2,-1]],[[2836,7825],[2,0]],[[2838,7825],[-5,-4]],[[2833,7821],[-1,2]],[[2832,7823],[4,2]],[[2844,7745],[7,32]],[[2851,7777],[1,-9]],[[2852,7768],[0,-3]],[[2852,7765],[2,-1]],[[2854,7764],[0,-10]],[[2854,7754],[-1,0]],[[2853,7754],[-8,1]],[[2845,7755],[-1,-10]],[[2849,7764],[-1,0],[-1,-2],[1,0],[1,2]],[[2836,7673],[2,3]],[[2838,7676],[3,-10]],[[2841,7666],[-9,-8]],[[2832,7658],[-2,3]],[[2830,7661],[1,17]],[[2831,7678],[5,24]],[[2836,7702],[4,17]],[[2840,7719],[1,10]],[[2841,7729],[3,16]],[[2844,7745],[4,-11]],[[2848,7734],[6,-4]],[[2854,7730],[4,-6]],[[2859,7724],[-1,0]],[[2858,7724],[-13,-10]],[[2845,7714],[-3,-3]],[[2842,7711],[0,1],[-1,-1],[1,0]],[[2842,7711],[3,-2]],[[2845,7709],[4,-3]],[[2849,7706],[0,-7]],[[2849,7699],[-7,-5]],[[2842,7694],[-1,0]],[[2841,7694],[1,-1]],[[2842,7693],[-2,-5]],[[2840,7688],[-2,-9]],[[2838,7679],[0,-3]],[[2838,7676],[-4,-3]],[[2834,7673],[2,0]],[[2835,7669],[-2,0],[3,-1],[-1,1]],[[2847,7727],[1,0]],[[2842,7719],[2,-2],[3,5],[-3,2],[-2,-5]],[[2847,7727],[1,0]],[[2848,7727],[-1,0]],[[7675,4521],[-6,-12]],[[7636,4542],[1,2],[0,-2],[-1,0]],[[7636,4542],[4,-3]],[[7600,4503],[5,-20]],[[7605,4483],[2,0],[1,-2],[-3,0],[0,2]],[[7667,4555],[-5,22]],[[7578,4659],[-9,9]],[[7590,4648],[-5,8]],[[7567,4664],[-5,4]],[[7556,4674],[-2,2]],[[7550,4679],[-9,-1]],[[7539,4681],[1,11]],[[7540,4692],[-25,27]],[[7495,4722],[0,17]],[[7492,4757],[-2,10]],[[7488,4772],[0,5]],[[7482,4783],[-3,7]],[[7503,4811],[7,-21]],[[7519,4854],[-16,-18]],[[7548,4866],[-10,-5]],[[7600,4854],[-19,3]],[[7604,4854],[-2,0]],[[7610,4854],[-2,-3]],[[7619,4846],[-6,10]],[[7629,4844],[-7,-1]],[[7663,4829],[-7,7]],[[7687,4862],[-3,0]],[[7677,4861],[6,1]],[[7683,4862],[2,0]],[[7685,4862],[4,0]],[[7689,4862],[7,2]],[[7701,4864],[-7,0]],[[7819,4862],[-1,-8]],[[7811,4872],[2,-3]],[[7813,4869],[6,-7]],[[7805,4886],[1,-5]],[[7802,4903],[1,-9]],[[7795,4921],[0,-5]],[[7787,4939],[10,-10]],[[7755,4952],[9,0]],[[7693,5010],[0,-7]],[[7693,5003],[0,9]],[[7687,5031],[0,20]],[[7674,5051],[0,-39]],[[7690,4997],[1,8]],[[7675,4988],[2,-18]],[[7746,4931],[-13,-32]],[[7733,4899],[12,20]],[[7732,4899],[-50,-13]],[[7745,4879],[9,4]],[[7657,4511],[-46,-2]],[[7608,4508],[-4,-2]],[[7658,4511],[5,3]],[[7508,4844],[10,10]],[[7532,4862],[-13,-8]],[[7620,4862],[5,-3]],[[7701,4866],[-16,-4]],[[7683,4862],[-6,-1]],[[7677,4861],[55,11]],[[7671,4861],[2,0]],[[7766,4893],[11,36]],[[7784,4934],[-1,3]],[[7778,4941],[-9,8]],[[7769,4949],[-5,1]],[[7511,4778],[-4,9]],[[7549,4725],[-17,20]],[[7631,4536],[0,-2],[-1,0],[1,2]],[[7631,4536],[-5,3]],[[7626,4539],[9,3]],[[7635,4542],[1,0]],[[7603,4508],[6,6]],[[7608,4517],[-6,7]],[[7669,4509],[-11,-5]],[[7658,4504],[9,10]],[[7666,4514],[3,-5]],[[7662,4577],[-3,3]],[[7663,4579],[-1,-2]],[[7610,4638],[-20,10]],[[7590,4648],[3,5]],[[7562,4714],[7,-7]],[[7563,4669],[-7,5]],[[7495,4739],[5,8]],[[7500,4725],[-5,14]],[[7500,4717],[2,-3]],[[7499,4711],[-4,11]],[[7495,4722],[2,2]],[[7508,4788],[2,2]],[[7510,4790],[5,-15]],[[7490,4767],[-2,5]],[[7488,4772],[2,1]],[[7492,4767],[-2,0]],[[7486,4780],[-4,3]],[[7482,4783],[1,2]],[[7500,4828],[0,-9]],[[7500,4831],[0,2]],[[7503,4834],[-3,-6]],[[7499,4826],[0,-3]],[[7539,4864],[-1,-3]],[[7538,4861],[-10,-2]],[[7602,4856],[0,-2]],[[7602,4854],[-2,0]],[[7600,4854],[-7,7]],[[7589,4859],[-3,-2]],[[7581,4857],[0,4]],[[7582,4861],[-1,-4]],[[7608,4854],[0,-3]],[[7608,4851],[-4,3]],[[7604,4854],[0,2]],[[7621,4843],[-2,3]],[[7619,4846],[-6,8]],[[7635,4843],[-6,1]],[[7629,4844],[-7,5]],[[7662,4836],[-6,0]],[[7656,4836],[-1,0]],[[7689,4821],[-9,3]],[[7705,4808],[-2,0]],[[7730,4762],[-3,1]],[[7737,4762],[-3,-2]],[[7739,4775],[1,-7]],[[7724,4749],[4,1]],[[7728,4742],[0,0]],[[7728,4742],[-11,-17]],[[7824,4815],[-1,-10]],[[7809,4833],[-3,1]],[[7810,4841],[9,-20]],[[7815,4867],[1,-3]],[[7803,4876],[8,-4]],[[7811,4872],[1,-3]],[[7805,4886],[1,-5]],[[7806,4881],[-2,0]],[[7802,4891],[3,-5]],[[7796,4904],[6,-1]],[[7802,4903],[-1,-5]],[[7793,4924],[2,-8]],[[7795,4916],[1,-8]],[[7777,4947],[3,-3]],[[7722,4957],[4,-2]],[[7726,4955],[10,-3]],[[7736,4952],[12,0]],[[7748,4952],[7,0]],[[7755,4952],[3,-2]],[[7699,4962],[-2,2]],[[7700,4960],[-1,2]],[[7693,5002],[-1,-17]],[[7709,4924],[-16,5]],[[7745,4924],[0,-3]],[[7745,4921],[0,-2]],[[7745,4924],[0,-5]],[[7745,4919],[-4,-8]],[[7733,4901],[0,-2]],[[7733,4899],[12,22]],[[7745,4921],[1,10]],[[7746,4931],[-37,-7]],[[7793,4909],[-5,4]],[[7788,4913],[6,-4]],[[7815,4864],[0,3]],[[7815,4867],[-2,2]],[[7813,4869],[-1,0]],[[7812,4869],[-9,7]],[[7803,4876],[1,5]],[[7804,4881],[-2,10]],[[7802,4891],[1,3]],[[7803,4894],[-2,4]],[[7801,4898],[-5,6]],[[7796,4904],[0,4]],[[7796,4908],[-2,1]],[[7664,4843],[3,-9]],[[7667,4834],[-5,2]],[[7662,4836],[-6,5]],[[7654,4839],[-19,4]],[[7635,4843],[-6,8]],[[7662,4848],[0,-4]],[[7604,4856],[-2,0]],[[7602,4856],[-2,1]],[[7611,4856],[-1,-2]],[[7610,4854],[-2,0]],[[7608,4854],[-4,2]],[[7586,4857],[-1,0]],[[7585,4857],[-3,4]],[[7582,4861],[-1,0]],[[7581,4861],[-6,6]],[[7575,4867],[18,-6]],[[7589,4861],[0,-2]],[[7589,4859],[-3,-2]],[[7565,4709],[4,-2]],[[7569,4707],[0,-3]],[[7550,4727],[7,-8]],[[7596,4499],[2,-5]],[[7595,4499],[8,9]],[[7603,4508],[6,6]],[[7609,4514],[-1,3]],[[7608,4517],[-6,7]],[[7595,4527],[-1,2]],[[7590,4534],[21,-25]],[[7611,4509],[-3,-1]],[[7608,4508],[-4,-2]],[[7604,4506],[53,5]],[[7657,4511],[1,0]],[[7658,4511],[5,3]],[[7663,4514],[12,7]],[[7675,4521],[-126,204]],[[7549,4725],[-17,20]],[[7532,4745],[18,-18]],[[7550,4727],[7,-8]],[[7557,4719],[5,-5]],[[7562,4714],[3,-5]],[[7565,4709],[4,-5]],[[7569,4704],[13,-12]],[[7685,4569],[-10,-48]],[[7675,4521],[-8,-7]],[[7667,4514],[-1,0]],[[7666,4514],[-8,-10]],[[7658,4504],[-7,0]],[[7614,4509],[-14,-6]],[[7582,4692],[103,-123]],[[7685,4569],[-103,123]],[[7662,4580],[-3,0]],[[7659,4580],[-32,46]],[[7667,4555],[1,0]],[[7640,4537],[0,2]],[[7640,4539],[27,16]],[[7590,4532],[0,2]],[[7590,4534],[1,-3]],[[7602,4524],[-7,3]],[[7595,4527],[7,-3]],[[7614,4511],[37,-7]],[[7651,4504],[-26,5]],[[7596,4499],[4,4]],[[7600,4503],[-4,-4]],[[7605,4483],[-10,16]],[[7595,4499],[3,-5]],[[7598,4494],[7,-11]],[[7512,4775],[-1,3]],[[7501,4811],[2,0]],[[7503,4811],[5,-23]],[[7508,4788],[3,-6]],[[7683,4854],[1,8]],[[7666,4843],[-2,0]],[[7664,4843],[-2,1]],[[7662,4844],[15,5]],[[7659,4851],[3,-3]],[[7662,4848],[-5,0]],[[7696,4864],[4,0]],[[7689,4862],[5,2]],[[7717,4867],[-9,0]],[[7733,4768],[-6,-5]],[[7727,4763],[-1,17]],[[7726,4780],[-4,7]],[[7775,4801],[-19,-11]],[[7756,4790],[29,21]],[[7804,4800],[-29,1]],[[7775,4803],[-5,2]],[[7770,4806],[0,-1]],[[7770,4805],[5,-2]],[[7775,4801],[1,-1],[-1,0],[0,1]],[[7775,4801],[0,2]],[[7785,4811],[-15,-5]],[[7770,4806],[-14,-16]],[[7756,4790],[0,5]],[[7807,4793],[-3,7]],[[7804,4800],[-17,11]],[[7806,4805],[1,-5]],[[7823,4818],[0,-13]],[[7823,4805],[-4,-7]],[[7810,4841],[-6,-5]],[[7815,4864],[1,0]],[[7816,4864],[3,-2]],[[7819,4862],[-1,-1]],[[7791,4924],[-2,-6]],[[7798,4927],[-3,-6]],[[7795,4921],[1,5]],[[7791,4929],[-3,0]],[[7789,4929],[2,0]],[[7778,4941],[-5,6]],[[7764,4950],[-6,0]],[[7758,4950],[6,2]],[[7764,4952],[13,-5]],[[7777,4947],[3,-3]],[[7780,4944],[7,-5]],[[7787,4939],[0,-8]],[[7764,4950],[-38,5]],[[7726,4955],[-7,4]],[[7719,4959],[-16,0]],[[7700,4960],[-3,4]],[[7697,4964],[-7,33]],[[7690,4997],[1,8]],[[7691,5005],[2,7]],[[7693,5012],[-6,19]],[[7687,5031],[0,20]],[[7687,5051],[6,-33]],[[7693,5018],[0,-6]],[[7693,5010],[0,-7]],[[7693,5003],[0,-1]],[[7693,5002],[-1,-17]],[[7692,4985],[5,-21]],[[7697,4964],[2,-2]],[[7703,4959],[12,1]],[[7748,4952],[10,-2]],[[7758,4950],[11,-1]],[[7769,4949],[4,-2]],[[7773,4947],[-4,2]],[[7769,4949],[-5,1]],[[7682,4886],[0,0]],[[7682,4886],[-10,-2]],[[7669,4884],[-49,2]],[[7613,4886],[-60,-3]],[[7561,4884],[31,5]],[[7596,4889],[11,0]],[[7720,4899],[12,0]],[[7732,4899],[-50,-13]],[[7720,4899],[-8,-1]],[[7689,4891],[31,8]],[[7720,4899],[-8,-1]],[[7695,4929],[14,-5]],[[7709,4924],[36,0]],[[7745,4924],[-4,-13]],[[7741,4911],[0,-2]],[[7741,4909],[-8,-8]],[[7733,4901],[-24,23]],[[7709,4924],[-15,5]],[[7669,4884],[3,0]],[[7672,4884],[-3,0]],[[7613,4886],[7,0]],[[7620,4886],[-7,0]],[[7592,4889],[4,0]],[[7596,4889],[-4,0]],[[7499,4819],[1,0]],[[7500,4819],[1,-8]],[[7501,4811],[-2,-1]],[[7500,4749],[10,-5]],[[7511,4742],[-3,-26]],[[7508,4714],[-2,-2]],[[7503,4716],[-2,3]],[[7503,4709],[-4,2]],[[7499,4711],[-5,0],[0,1],[3,0],[2,-1]],[[7499,4711],[1,0]],[[7500,4711],[3,-2]],[[7503,4709],[5,5]],[[7508,4714],[0,2]],[[7508,4716],[21,1]],[[7529,4717],[-14,4]],[[7504,4734],[0,1],[-1,-1],[1,0]],[[7504,4734],[-2,-9]],[[7501,4725],[1,0]],[[7502,4725],[-1,-6]],[[7501,4719],[-1,-2]],[[7500,4717],[-3,7]],[[7497,4724],[3,1]],[[7500,4725],[4,15]],[[7503,4740],[-3,7]],[[7500,4747],[0,2]],[[7500,4749],[3,-9]],[[7503,4740],[1,0]],[[7504,4740],[6,4]],[[7510,4744],[1,-2]],[[7511,4742],[-7,-8]],[[7506,4712],[-6,-1]],[[7500,4711],[2,3]],[[7502,4714],[1,2]],[[7503,4716],[3,-4]],[[7515,4721],[0,-2]],[[7515,4719],[-12,-10]],[[7503,4709],[5,5]],[[7508,4714],[7,7]],[[7489,4704],[0,-2]],[[7489,4704],[0,-2]],[[7489,4702],[0,2]],[[7562,4674],[-6,0]],[[7556,4674],[-2,2]],[[7550,4679],[-1,2]],[[7543,4678],[2,1]],[[7545,4679],[-2,15]],[[7541,4696],[-2,1]],[[7541,4699],[25,-28]],[[7565,4669],[-3,5]],[[7562,4674],[-13,7]],[[7549,4681],[-4,-2]],[[7569,4668],[-2,-2]],[[7566,4671],[65,-135]],[[7631,4536],[5,6]],[[7636,4542],[-10,-3]],[[7626,4539],[9,3]],[[7635,4542],[5,-5]],[[7640,4537],[28,18]],[[7668,4555],[-5,24]],[[7663,4579],[-1,1]],[[7662,4580],[-35,46]],[[7627,4626],[-1,2]],[[7621,4633],[-11,5]],[[7610,4638],[-17,15]],[[7593,4653],[-8,3]],[[7585,4656],[-4,3]],[[7571,4668],[-2,0]],[[7566,4671],[1,-5]],[[7567,4666],[0,-2]],[[7567,4664],[-5,4]],[[7562,4668],[1,1]],[[7563,4669],[2,0]],[[7565,4669],[1,2]],[[7578,4659],[-7,9]],[[7571,4668],[10,-9]],[[7581,4659],[-3,0]],[[7594,4529],[-4,3]],[[7590,4532],[1,-1]],[[7591,4531],[3,-2]],[[7695,4929],[-1,0]],[[7694,4929],[-1,0]],[[7693,4929],[-18,96]],[[7675,5025],[-1,-13]],[[7674,5012],[1,-24]],[[7675,4988],[2,-18]],[[7677,4970],[17,-41]],[[7703,4959],[-3,1]],[[7699,4962],[1,-2]],[[7700,4960],[3,-1]],[[7712,4898],[-23,-7]],[[7689,4891],[-76,-5]],[[7613,4886],[-6,3]],[[7607,4889],[82,2]],[[7689,4891],[23,7]],[[7539,4866],[7,1]],[[7504,4869],[2,0]],[[7502,4866],[-1,0]],[[7501,4866],[-3,-4]],[[7482,4836],[16,26]],[[7498,4862],[3,4]],[[7501,4866],[3,3]],[[7504,4869],[-2,-3]],[[7498,4862],[3,4]],[[7501,4866],[-19,-30]],[[7482,4836],[-3,-12]],[[7479,4824],[1,0],[0,-9],[2,-9],[0,-3],[-2,-3],[-3,-2],[-2,-2],[4,28]],[[7477,4828],[5,8]],[[7482,4836],[16,26]],[[7479,4824],[-2,4]],[[7477,4828],[2,-4]],[[7473,4796],[1,-3],[-4,-3],[-3,0],[6,6]],[[7492,4767],[-2,6]],[[7490,4773],[1,0]],[[7492,4755],[0,2]],[[7492,4757],[0,10]],[[7540,4692],[1,2]],[[7541,4694],[0,2]],[[7541,4696],[2,-2]],[[7543,4694],[-2,0]],[[7554,4676],[-2,2]],[[7552,4678],[-2,1]],[[7550,4679],[4,-3]],[[7538,4681],[0,-2],[-1,0],[1,2]],[[7541,4678],[-2,3]],[[7539,4681],[0,0]],[[7539,4681],[2,-3]],[[7543,4678],[-2,0]],[[7621,4633],[5,-5]],[[7626,4628],[-5,5]],[[7614,4511],[11,-2]],[[7625,4509],[-11,0]],[[7614,4509],[0,2]],[[7479,4790],[13,-35]],[[7492,4755],[-1,18]],[[7491,4773],[-3,4]],[[7488,4777],[-2,3]],[[7486,4780],[-3,5]],[[7483,4785],[-4,5]],[[7553,4883],[8,1]],[[7561,4884],[-8,-1]],[[7622,4851],[0,-2]],[[7622,4849],[-1,0]],[[7621,4849],[-5,5]],[[7621,4848],[1,-5]],[[7622,4843],[-1,0]],[[7621,4843],[0,5]],[[7621,4848],[0,1]],[[7656,4841],[-1,-5]],[[7655,4836],[-1,3]],[[7654,4839],[2,2]],[[7700,4816],[-8,3]],[[7703,4808],[-3,8]],[[7702,4815],[1,-7]],[[7740,4768],[-3,-6]],[[7737,4762],[3,6]],[[7732,4762],[2,-2]],[[7734,4760],[-4,-11]],[[7717,4727],[10,17]],[[7729,4744],[-1,-2]],[[7728,4742],[-11,-17]],[[7717,4725],[0,-1]],[[7717,4727],[0,-3]],[[7717,4724],[0,3]],[[7816,4801],[-2,2]],[[7810,4803],[0,2]],[[7813,4826],[5,-8]],[[7818,4818],[-2,-17]],[[7823,4818],[-3,0]],[[7820,4818],[-2,0]],[[7818,4818],[1,3]],[[7819,4821],[5,-6]],[[7824,4815],[-1,3]],[[7814,4803],[2,-2]],[[7816,4801],[3,-3]],[[7819,4798],[-5,-10]],[[7812,4796],[-2,7]],[[7810,4803],[4,0]],[[7821,4782],[-14,11]],[[7807,4793],[0,7]],[[7807,4800],[5,-4]],[[7812,4796],[2,-8]],[[7814,4788],[16,-1]],[[7821,4782],[9,5]],[[7830,4787],[-9,-5]],[[7821,4782],[0,0]],[[7719,4959],[-4,1]],[[7715,4960],[3,0]],[[7718,4960],[1,-1]],[[7722,4957],[2,-2]],[[7726,4955],[6,-3]],[[7732,4952],[16,0]],[[7748,4952],[-12,0]],[[7736,4952],[-4,0]],[[7732,4952],[-6,3]],[[7726,4955],[-2,0]],[[7724,4955],[-2,2]],[[7722,4957],[-3,2]],[[7693,5010],[0,2]],[[7693,5012],[0,-2]],[[7506,4869],[47,14]],[[7553,4883],[-51,-17]],[[7502,4866],[4,3]],[[7529,4717],[12,-18]],[[7541,4699],[-2,-2]],[[7539,4697],[-10,20]],[[7674,5051],[1,-26]],[[7675,5025],[-1,26]],[[7800,4929],[2,5],[5,-3],[-4,1],[-3,-3]],[[7792,4927],[-3,-1],[0,1],[3,0]],[[7736,4806],[2,-3],[-1,-26],[-1,0],[0,29]],[[7796,4926],[-3,-2]],[[7793,4924],[-2,0]],[[7791,4924],[-2,-6]],[[7789,4918],[-1,-5]],[[7788,4913],[5,-4]],[[7793,4909],[1,0]],[[7794,4909],[0,-6]],[[7793,4903],[-1,0],[0,-2],[1,0],[0,2]],[[7793,4903],[1,0]],[[7794,4903],[9,-27]],[[7803,4876],[12,-12]],[[7815,4864],[3,-3]],[[7818,4861],[0,-7]],[[7818,4854],[-8,-13]],[[7810,4841],[-6,-5]],[[7804,4836],[2,-2]],[[7806,4834],[1,-1]],[[7760,4884],[-1,-1]],[[7750,4874],[-14,-64]],[[7736,4810],[1,3]],[[7807,4810],[-20,1]],[[7787,4811],[-2,0]],[[7785,4811],[-29,-16]],[[7756,4795],[-17,-20]],[[7739,4775],[-7,-13]],[[7732,4762],[-2,-13]],[[7730,4749],[-1,-5]],[[7729,4744],[-2,0]],[[7727,4744],[-3,5]],[[7724,4749],[4,1]],[[7728,4750],[2,12]],[[7730,4762],[3,6]],[[7733,4768],[-3,10]],[[7730,4778],[-1,0]],[[7729,4778],[-3,2]],[[7726,4780],[0,7]],[[7717,4867],[1,2]],[[7718,4869],[5,0]],[[7723,4869],[-13,-2]],[[7708,4867],[-7,-1]],[[7701,4864],[-1,0]],[[7700,4864],[-4,0]],[[7696,4864],[-2,0]],[[7694,4864],[-5,-2]],[[7687,4862],[-2,0]],[[7685,4862],[-1,0]],[[7684,4862],[-1,0]],[[7683,4862],[-10,-1]],[[7673,4861],[-2,0]],[[7671,4861],[-12,-8]],[[7659,4853],[0,-2]],[[7659,4851],[-2,-3]],[[7657,4848],[-16,-2]],[[7641,4846],[5,0],[0,-2],[-5,2]],[[7641,4846],[-12,5]],[[7629,4851],[-7,0]],[[7622,4851],[-6,3]],[[7616,4854],[-3,0]],[[7613,4854],[0,2]],[[7613,4856],[-2,0]],[[7611,4856],[-11,1]],[[7600,4857],[-7,4]],[[7593,4861],[-4,0]],[[7589,4861],[-14,6]],[[7575,4867],[-27,-1]],[[7548,4866],[-9,-2]],[[7539,4864],[-7,-2]],[[7532,4862],[-4,-3]],[[7528,4859],[-9,-5]],[[7519,4854],[-11,-10]],[[7508,4844],[-5,-8]],[[7503,4836],[0,-2]],[[7503,4834],[-3,-3]],[[7500,4831],[0,-3]],[[7500,4828],[-1,-2]],[[7499,4826],[0,-3]],[[7499,4823],[0,-4]],[[7499,4819],[0,-4]],[[7499,4815],[0,-5]],[[7499,4810],[12,-28]],[[7511,4782],[4,-7]],[[7515,4775],[-3,0]],[[7512,4775],[-1,3]],[[7511,4778],[-4,9]],[[7507,4787],[-8,23]],[[7499,4810],[1,21]],[[7500,4831],[0,2]],[[7500,4833],[8,11]],[[7508,4844],[10,10]],[[7518,4854],[1,0]],[[7519,4854],[13,8]],[[7532,4862],[7,4]],[[7539,4866],[7,1]],[[7546,4867],[19,0]],[[7565,4867],[7,0]],[[7572,4867],[48,-5]],[[7620,4862],[5,-3]],[[7625,4859],[48,2]],[[7673,4861],[4,0]],[[7677,4861],[8,1]],[[7685,4862],[18,4]],[[7703,4866],[29,6]],[[7732,4872],[13,7]],[[7745,4879],[9,4]],[[7754,4883],[5,0]],[[7759,4883],[7,10]],[[7766,4893],[4,6]],[[7773,4904],[3,10]],[[7776,4916],[1,5]],[[7777,4922],[0,7]],[[7777,4929],[7,5]],[[7784,4934],[-1,3]],[[7783,4937],[-5,4]],[[7778,4941],[9,-9]],[[7787,4932],[0,2]],[[7787,4934],[0,-3]],[[7787,4931],[1,-2]],[[7788,4929],[1,0]],[[7789,4929],[2,0]],[[7791,4929],[4,0]],[[7795,4929],[2,0]],[[7797,4929],[1,-2]],[[7798,4927],[-2,-1]],[[7793,4927],[-4,0],[0,-1],[3,1],[1,0]],[[7639,4853],[-2,0],[-1,-5],[2,0],[1,5]],[[7777,4922],[0,-1]],[[7777,4921],[-1,-5]],[[7776,4916],[0,-2]],[[7776,4914],[-3,-10]],[[7773,4904],[-3,-5]],[[7770,4899],[0,0]],[[7770,4899],[7,23]],[[7736,4808],[0,-31],[1,0],[1,26],[-2,5]],[[7752,4876],[6,5]],[[7758,4881],[-4,2]],[[7754,4883],[-9,-4]],[[7745,4879],[5,-5]],[[7705,4808],[-3,7]],[[7702,4815],[-2,1]],[[7700,4816],[-8,3]],[[7692,4819],[-3,2]],[[7689,4821],[-9,3]],[[7680,4824],[-5,-1]],[[7669,4841],[-3,2]],[[7666,4843],[11,6]],[[7677,4849],[6,5]],[[7683,4854],[4,8]],[[7687,4862],[2,0]],[[7689,4862],[12,2]],[[7701,4864],[0,2]],[[7701,4866],[2,0]],[[7703,4866],[5,1]],[[7708,4867],[2,0]],[[7710,4867],[7,0]],[[7717,4867],[9,-80]],[[7726,4787],[-4,0]],[[7722,4787],[-17,21]],[[7680,4829],[-2,0],[-1,-3],[3,0],[0,3]],[[7676,4829],[-1,0]],[[7669,4841],[6,-12]],[[7675,4829],[1,0]],[[7676,4829],[-1,-6]],[[7675,4823],[-12,6]],[[7663,4829],[4,5]],[[7667,4834],[2,7]],[[7666,4826],[1,-5],[6,2],[-1,5],[-6,-2]],[[7750,4874],[2,2]],[[7752,4876],[6,5]],[[7758,4881],[0,0]],[[7758,4881],[1,2]],[[7759,4883],[1,1]],[[7760,4884],[45,-51]],[[7806,4833],[1,0]],[[7807,4833],[2,0]],[[7809,4833],[4,-7]],[[7813,4826],[-2,0]],[[7811,4826],[-1,-21]],[[7810,4805],[-1,0]],[[7809,4805],[2,21]],[[7809,4826],[-2,-16]],[[7807,4810],[2,-5]],[[7809,4805],[-3,0]],[[7806,4805],[1,5]],[[7807,4810],[-70,3]],[[7737,4813],[-1,-3]],[[7736,4810],[55,28]],[[7791,4839],[-41,35]],[[7786,4834],[7,-1],[-4,5],[-3,-4]],[[7806,4833],[-1,0]],[[7805,4833],[-14,6]],[[7791,4839],[0,-1]],[[7791,4838],[14,-5]],[[7805,4833],[4,-7]],[[7809,4826],[2,0]],[[7811,4826],[-5,7]],[[7786,4851],[-8,2],[0,-5],[7,-2],[1,5]],[[8061,2692],[-3,30]],[[8055,2742],[-1,4]],[[8040,2758],[5,-10]],[[8046,2738],[-21,-10]],[[8024,2745],[20,39]],[[8016,2725],[-3,12]],[[8101,2743],[-2,-1]],[[8078,2784],[-10,7]],[[8103,2765],[-22,19]],[[8127,2814],[13,-35]],[[8121,2793],[0,3]],[[8154,2773],[4,-10]],[[8095,2801],[4,3]],[[8091,2809],[3,-8]],[[8082,2847],[4,-8]],[[8042,2850],[-1,-3]],[[7979,2846],[8,3]],[[7861,2753],[-5,7]],[[7795,2903],[3,12]],[[8020,2877],[-18,6]],[[8016,2872],[0,3]],[[8032,2898],[7,2]],[[8098,2892],[-9,1]],[[8114,2902],[-5,-4]],[[8086,2906],[17,27]],[[8115,2941],[4,2]],[[8057,2727],[0,1]],[[8033,2737],[-8,-9]],[[8025,2728],[-9,-3]],[[8016,2725],[-3,12]],[[8013,2737],[11,8]],[[8024,2745],[3,-2]],[[8041,2847],[-6,-5]],[[8040,2859],[2,-9]],[[8042,2850],[-1,-3]],[[8018,2842],[-5,-2]],[[7980,2840],[7,9]],[[7987,2849],[7,-2]],[[7980,2816],[-8,-4]],[[7958,2814],[1,2]],[[7910,2783],[10,-4]],[[7877,2788],[7,-2]],[[7872,2774],[4,-11]],[[7878,2755],[-17,-2]],[[7861,2753],[-5,7]],[[7856,2760],[13,28]],[[7814,2918],[-3,-3]],[[7802,2920],[9,5]],[[7881,2826],[12,-14]],[[7879,2799],[-18,5]],[[7917,2798],[-6,6]],[[8021,2887],[-19,-4]],[[8002,2883],[15,14]],[[8036,2882],[-20,-10]],[[8016,2872],[0,3]],[[8016,2875],[4,2]],[[8020,2877],[7,11]],[[8061,2874],[-1,-2]],[[8057,2874],[3,3]],[[8089,2893],[-2,2]],[[8091,2897],[-2,-4]],[[8103,2933],[4,3]],[[8092,2791],[-11,-7]],[[8081,2784],[-3,0]],[[8078,2784],[1,12]],[[8062,2808],[4,14]],[[8082,2844],[4,-5]],[[8086,2839],[5,-30]],[[8091,2809],[0,-10]],[[8100,2776],[-6,8]],[[8127,2814],[-6,-6]],[[8121,2808],[1,0]],[[8122,2808],[-1,-12]],[[8099,2801],[0,3]],[[8099,2804],[28,10]],[[8063,2676],[-1,4]],[[8063,2723],[-5,-1]],[[8058,2722],[-1,5]],[[8057,2727],[1,1]],[[8052,2763],[31,3]],[[8027,2743],[6,-6]],[[8033,2737],[-6,6]],[[8068,2791],[-6,17]],[[8062,2808],[25,0]],[[8086,2808],[1,0]],[[8087,2808],[-8,-12]],[[8079,2796],[-11,-5]],[[8082,2847],[0,-3]],[[8082,2844],[-16,-22]],[[8066,2822],[16,25]],[[7991,2842],[3,5]],[[7994,2847],[46,12]],[[8040,2859],[-10,-10]],[[8031,2840],[-13,2]],[[8018,2842],[-5,2]],[[8009,2839],[-29,-23]],[[7980,2816],[-3,6]],[[7976,2844],[3,2]],[[7979,2846],[1,-6]],[[7980,2840],[-1,-1]],[[7958,2814],[14,-2]],[[7972,2812],[-14,2]],[[7958,2817],[2,7]],[[7959,2817],[-1,0]],[[7872,2774],[-3,14]],[[7869,2788],[8,0]],[[7877,2788],[7,-2]],[[7884,2786],[26,-3]],[[7910,2783],[2,-7]],[[7913,2776],[7,3]],[[7920,2779],[6,4]],[[7934,2788],[-56,-33]],[[7878,2755],[-2,8]],[[7876,2763],[-4,11]],[[7879,2799],[14,13]],[[7893,2812],[-14,-13]],[[7814,2918],[-3,7]],[[7811,2925],[3,-7]],[[7795,2903],[3,12]],[[7798,2915],[4,5]],[[7802,2920],[9,-5]],[[7811,2915],[-16,-12]],[[7917,2798],[-6,6]],[[7911,2804],[13,22]],[[7939,2814],[-22,-16]],[[7950,2832],[-9,-18]],[[7948,2855],[6,-8]],[[8027,2888],[-6,-1]],[[8021,2887],[-4,10]],[[8017,2897],[15,1]],[[8032,2898],[7,2]],[[8039,2900],[-3,-18]],[[8036,2882],[-9,6]],[[8109,2898],[-11,-6]],[[8098,2892],[-7,5]],[[8091,2897],[-4,-2]],[[8087,2895],[-4,2]],[[8071,2895],[-3,0]],[[8068,2895],[18,11]],[[8086,2906],[23,-8]],[[8107,2936],[8,5]],[[8115,2941],[4,2]],[[8119,2943],[-5,-41]],[[8114,2902],[-11,31]],[[8103,2933],[4,3]],[[8083,2897],[-14,-2]],[[8068,2895],[1,0]],[[8069,2895],[2,0]],[[8071,2895],[12,2]],[[8061,2874],[-1,3]],[[8060,2877],[1,-3]],[[8057,2874],[3,-2]],[[8060,2872],[-3,2]],[[8060,2859],[-1,0],[-1,5],[2,-4],[0,-1]],[[7924,2826],[24,29]],[[7948,2855],[6,-8]],[[7954,2847],[0,0]],[[7954,2847],[-4,-15]],[[7950,2832],[-9,-18]],[[7941,2814],[-2,0]],[[7939,2814],[-15,12]],[[7912,2776],[1,0]],[[7913,2776],[-1,0]],[[7926,2783],[8,5]],[[7934,2788],[-8,-5]],[[8013,2844],[0,-4]],[[8013,2840],[-4,-1]],[[8009,2839],[4,5]],[[8031,2840],[-1,9]],[[8030,2849],[5,-7]],[[8035,2842],[-4,-2]],[[8076,2652],[0,7]],[[8063,2661],[0,15]],[[8063,2676],[-1,4]],[[8062,2680],[-1,12]],[[8061,2692],[2,31]],[[8063,2723],[-5,5]],[[8058,2728],[-1,0]],[[8057,2728],[-2,10]],[[8061,2740],[-2,0]],[[8059,2742],[-5,4]],[[8054,2746],[-2,17]],[[8052,2763],[-1,-3]],[[8043,2761],[-3,-3]],[[8040,2758],[4,26]],[[8044,2784],[8,-21]],[[8052,2763],[31,3]],[[8083,2766],[18,-23]],[[8101,2743],[-2,-1]],[[8099,2742],[-32,-108]],[[8121,2794],[19,-15]],[[8140,2779],[14,-6]],[[8154,2773],[4,-10]],[[8158,2763],[-7,-5]],[[7979,2839],[12,3]],[[7991,2842],[-14,-20]],[[7977,2822],[-18,-6]],[[7959,2816],[0,1]],[[7959,2819],[0,-2]],[[7959,2817],[1,0]],[[7960,2817],[-1,2]],[[7959,2819],[1,0]],[[7960,2817],[0,2]],[[7960,2819],[0,5]],[[7960,2824],[16,20]],[[7976,2844],[3,-5]],[[8128,2761],[0,7],[4,0],[0,-7],[-4,0]],[[8059,2740],[-4,-2]],[[8055,2738],[-9,0]],[[8046,2738],[-1,10]],[[8045,2748],[-2,13]],[[8043,2761],[7,-1]],[[8050,2761],[0,-1]],[[8050,2760],[1,0]],[[8051,2760],[4,-18]],[[8055,2742],[4,0]],[[8059,2742],[0,-2]],[[8059,2740],[-8,0]],[[8094,2784],[-2,7]],[[8092,2791],[-1,8]],[[8091,2799],[3,2]],[[8094,2801],[1,0]],[[8095,2801],[4,0]],[[8099,2801],[22,-5]],[[8121,2796],[0,-2]],[[8121,2794],[0,-1]],[[8121,2793],[30,-35]],[[8151,2758],[-48,7]],[[8103,2765],[-3,11]],[[8100,2776],[-6,8]],[[8129,2761],[3,0],[0,7],[-4,0],[1,-7]],[[7861,2804],[20,22]],[[7881,2826],[-20,-22]],[[7864,2826],[3,-4],[3,7],[-3,3],[-3,-6]],[[8076,2652],[-9,-18]],[[8067,2634],[-4,27]],[[8063,2661],[13,-2]],[[8076,2659],[0,-7]],[[8073,2649],[-9,0],[0,-5],[9,0],[0,5]],[[6860,8294],[-4,0]],[[6939,8274],[-21,8]],[[6900,8309],[2,-7]],[[6974,8363],[4,5]],[[7068,8211],[-33,4]],[[7019,8221],[-23,-1]],[[6860,8294],[-13,10]],[[6822,8305],[64,-1]],[[6823,8310],[-1,-1]],[[6812,8296],[8,-2]],[[6797,8330],[13,-18]],[[6803,8319],[2,3]],[[6794,8375],[5,-37]],[[6648,8484],[27,23]],[[6765,8437],[18,-47]],[[6622,8467],[-66,-56]],[[6282,8195],[4,3]],[[6176,8263],[220,82]],[[6405,8337],[-23,-84]],[[6365,8243],[6,-38]],[[6370,8198],[-38,-51]],[[6124,8248],[-26,-7]],[[6086,8241],[-104,45]],[[5972,8296],[3,-4]],[[5975,8289],[-21,0]],[[5935,8282],[11,-1]],[[5953,8286],[15,1]],[[5990,8208],[25,8]],[[5976,8173],[1,33]],[[6794,8375],[-11,15]],[[6783,8390],[11,-15]],[[6816,8304],[3,1],[-1,-9],[-4,1],[2,7]],[[6823,8310],[-1,-1]],[[6822,8309],[0,-4]],[[6822,8305],[1,-8]],[[6823,8297],[-3,-3]],[[6820,8294],[-17,25]],[[6803,8319],[2,3]],[[6805,8322],[18,-12]],[[6810,8312],[2,-16]],[[6812,8296],[-2,16]],[[6886,8304],[19,-17]],[[6904,8284],[-18,20]],[[6765,8437],[-21,14]],[[6743,8452],[-68,55]],[[6675,8507],[90,-70]],[[6712,8518],[-36,-8]],[[6676,8654],[4,0]],[[6659,8610],[-6,-15]],[[6504,8390],[-113,-42]],[[6396,8345],[9,-8]],[[6405,8337],[-9,8]],[[6362,8332],[-13,-10]],[[5977,8206],[13,2]],[[5990,8208],[-13,-2]],[[6086,8241],[12,0]],[[6098,8241],[-12,0]],[[6495,8373],[16,13]],[[6294,8127],[-15,-5]],[[6233,8129],[-9,6]],[[6391,8353],[0,-5]],[[6391,8348],[-29,-16]],[[6362,8332],[-13,-2]],[[6349,8327],[0,-5]],[[6349,8322],[-130,-83]],[[6234,8358],[-7,-5]],[[6249,8403],[14,3]],[[6266,8386],[-10,-8]],[[6441,8517],[15,-10]],[[6430,8503],[0,10]],[[6412,8480],[15,10]],[[6462,8494],[61,28]],[[6532,8510],[6,-5]],[[6551,8505],[-34,-13]],[[6579,8535],[-1,5]],[[6591,8559],[43,42]],[[6643,8611],[10,-16]],[[6653,8595],[-1,-3]],[[6657,8590],[9,-12]],[[6663,8577],[-20,-13]],[[6605,8534],[-44,-24]],[[6672,8654],[4,0]],[[6676,8654],[-27,-39]],[[6648,8621],[-2,7]],[[6796,8385],[-10,5]],[[6863,8368],[3,-6]],[[6849,8388],[14,-20]],[[6863,8368],[-7,-5]],[[6828,8406],[17,-15]],[[6791,8396],[-5,-6]],[[6786,8390],[-15,80]],[[6743,8345],[13,2]],[[6759,8338],[-36,2]],[[6725,8330],[57,-18]],[[6774,8309],[-45,13]],[[6612,8393],[5,0]],[[6613,8380],[-13,1]],[[6535,8376],[-8,4]],[[7768,8836],[35,21]],[[7803,8857],[2,0]],[[7805,8857],[-3,-15]],[[7802,8842],[-2,0]],[[7800,8842],[-12,-13]],[[7788,8829],[-1,0]],[[7787,8829],[-15,7]],[[7772,8836],[-4,0]],[[7902,8798],[22,-3],[2,-17],[-39,2],[15,18]],[[7984,8798],[25,-10]],[[8009,8788],[0,-3]],[[8009,8785],[-4,0]],[[8005,8785],[-50,6]],[[8004,8806],[-35,2]],[[7969,8813],[39,-7]],[[7955,8791],[24,7]],[[7979,8791],[-24,0]],[[7979,8798],[5,0]],[[7984,8798],[-5,-7]],[[7979,8791],[0,7]],[[7109,8540],[-3,9]],[[7094,8572],[23,25]],[[7152,8603],[23,-5]],[[7190,8595],[14,5]],[[7222,8603],[23,3]],[[7278,8605],[-165,-78]],[[7120,8606],[-4,24]],[[7043,8457],[-21,-36]],[[7094,8489],[2,-12],[-8,0],[6,12]],[[7022,8421],[-9,-46]],[[7013,8375],[11,69]],[[7044,8447],[-22,-26]],[[7022,8421],[-9,-46]],[[7245,8606],[33,-1]],[[7278,8605],[-33,1]],[[7316,8608],[-38,3]],[[7231,8610],[-8,-2]],[[7204,8600],[18,3]],[[7222,8603],[-18,-3]],[[7190,8595],[-1,-35]],[[7188,8560],[-13,38]],[[7175,8598],[15,-3]],[[7144,8601],[8,2]],[[7152,8603],[-35,-6]],[[7117,8597],[6,1]],[[7094,8572],[12,-23]],[[7106,8549],[-12,23]],[[7113,8527],[-4,13]],[[7109,8540],[4,-13]],[[7250,8525],[0,-8],[-10,-9],[-1,14],[11,3]],[[7200,8651],[8,-2]],[[7190,8601],[-46,9]],[[7122,8606],[-2,0]],[[7120,8606],[-4,19]],[[7100,8540],[2,-8]],[[7067,8492],[17,21]],[[7034,8572],[8,0]],[[7066,8573],[13,7]],[[7079,8580],[11,-3]],[[7074,8573],[5,7]],[[7042,8572],[11,0]],[[7052,8559],[-8,0]],[[7047,8565],[-5,7]],[[7144,8601],[-21,-3]],[[7123,8598],[21,3]],[[7144,8610],[-22,-4]],[[7122,8606],[22,4]],[[7116,8625],[0,5]],[[7129,8634],[-13,-9]],[[7090,8577],[10,-37]],[[7100,8540],[-48,19]],[[7052,8559],[1,13]],[[7053,8572],[13,1]],[[7066,8573],[8,0]],[[7074,8573],[16,4]],[[7025,8555],[22,10]],[[7047,8565],[-3,-6]],[[7044,8559],[-11,-7]],[[7052,8472],[50,60]],[[7102,8532],[-51,-66]],[[7024,8444],[19,13]],[[7043,8457],[1,-10]],[[7044,8447],[-20,-3]],[[7010,8419],[-71,-145]],[[6939,8274],[-21,8]],[[6918,8282],[-88,32]],[[6811,8348],[2,7]],[[6900,8310],[0,-1]],[[6900,8309],[2,-7]],[[6902,8302],[8,-5]],[[6956,8299],[41,15]],[[6993,8320],[-4,60]],[[6993,8386],[3,2]],[[6996,8390],[1,3]],[[6996,8388],[0,2]],[[6996,8390],[0,-2]],[[6866,8362],[108,1]],[[6974,8363],[19,-43]],[[6993,8320],[4,-6]],[[6997,8314],[-41,-15]],[[6956,8299],[-46,-2]],[[6910,8297],[-10,13]],[[6900,8310],[-13,14]],[[6840,8383],[5,8]],[[6845,8391],[4,-3]],[[6849,8388],[7,-25]],[[6856,8363],[1,-3]],[[6848,8342],[-2,1]],[[6836,8357],[-5,21]],[[6661,8449],[5,-3]],[[6699,8439],[30,-18]],[[6725,8398],[-108,30]],[[6723,8340],[2,-10]],[[6725,8330],[4,-8]],[[6729,8322],[-116,58]],[[6613,8380],[3,0]],[[6644,8381],[99,-36]],[[6743,8345],[-20,-5]],[[6802,8286],[0,3]],[[6801,8289],[-27,20]],[[6774,8309],[8,3]],[[6782,8312],[41,-15]],[[6823,8297],[24,7]],[[6847,8304],[9,-10]],[[6856,8294],[-55,-22]],[[6805,8398],[-9,-13]],[[6796,8385],[-5,11]],[[6791,8396],[-5,12]],[[6814,8362],[21,-9]],[[6731,8456],[12,-4]],[[6743,8452],[1,-1]],[[6744,8451],[-41,3]],[[6707,8457],[20,0]],[[6753,8362],[-28,36]],[[6725,8398],[4,23]],[[6729,8421],[57,-56]],[[6805,8398],[-19,10]],[[6786,8408],[54,-25]],[[6840,8383],[-9,-5]],[[6831,8378],[-26,20]],[[6887,8324],[-39,18]],[[6848,8342],[9,18]],[[6857,8360],[9,2]],[[6866,8362],[21,-38]],[[6835,8353],[1,4]],[[6836,8357],[10,-14]],[[6846,8343],[-33,12]],[[6813,8355],[1,7]],[[6814,8362],[21,-9]],[[6811,8348],[19,-34]],[[6830,8314],[-7,-2]],[[6803,8340],[8,8]],[[6797,8330],[-13,2]],[[6783,8343],[16,-5]],[[6799,8338],[-2,-8]],[[6648,8621],[1,-6]],[[6649,8615],[-6,-4]],[[6643,8611],[-9,-10]],[[6634,8601],[14,20]],[[6657,8590],[-5,2]],[[6652,8592],[5,-2]],[[6628,8560],[10,2]],[[6578,8540],[-2,10]],[[6581,8554],[-3,-14]],[[6530,8517],[-7,5]],[[6523,8522],[-1,11]],[[6522,8533],[-14,1]],[[6509,8545],[14,-3]],[[5941,8274],[5,7]],[[5946,8281],[7,5]],[[5953,8286],[15,1]],[[5968,8287],[4,0]],[[5917,8205],[36,107]],[[5954,8292],[0,-3]],[[5954,8289],[-16,-5]],[[5928,8287],[7,-5]],[[5935,8282],[0,-8]],[[5975,8289],[0,3]],[[5975,8292],[47,2]],[[5986,8284],[-4,2]],[[5982,8286],[-7,3]],[[6227,8353],[-11,-29]],[[6042,8292],[3,5]],[[6046,8297],[131,61]],[[6192,8325],[10,10]],[[6178,8358],[26,0]],[[6224,8365],[-2,5]],[[6204,8358],[0,22]],[[6227,8391],[17,10]],[[6569,8528],[10,7]],[[6579,8535],[-18,-25]],[[6561,8510],[-10,-5]],[[6551,8505],[-13,0]],[[6538,8505],[-6,5]],[[6532,8510],[-2,7]],[[6536,8517],[1,0]],[[8004,8806],[4,0]],[[8008,8806],[-4,0]],[[6084,8256],[26,0]],[[6110,8256],[-26,0]],[[5986,8284],[19,-13]],[[6005,8271],[-19,13]],[[6210,8381],[11,4]],[[6676,8513],[0,-3]],[[6676,8510],[-23,-7]],[[6649,8505],[-27,-38]],[[6622,8467],[23,36]],[[6625,8462],[12,10]],[[6617,8388],[0,5]],[[6617,8393],[27,-12]],[[6489,8365],[26,15]],[[6516,8376],[-19,-11]],[[6495,8373],[-7,-7]],[[6459,8353],[36,20]],[[6515,8380],[-4,6]],[[6511,8386],[22,9]],[[6535,8376],[-8,4]],[[6527,8380],[1,-5]],[[6528,8375],[-5,1]],[[6201,8208],[5,-8]],[[6698,8469],[-22,-8]],[[6904,8284],[1,3]],[[6905,8287],[10,-11]],[[6904,8279],[0,5]],[[6883,8286],[16,-9]],[[6721,8664],[16,2]],[[6818,8423],[10,-17]],[[6828,8406],[-11,10]],[[6771,8470],[37,-42]],[[6810,8426],[-39,44]],[[6817,8416],[-7,10]],[[6810,8426],[-2,2]],[[6808,8428],[10,-5]],[[6817,8421],[0,-5]],[[6802,8286],[-1,-14]],[[6801,8272],[1,14]],[[6803,8340],[20,-28]],[[6823,8312],[-20,28]],[[6021,8234],[21,-11]],[[6015,8220],[-59,-18]],[[5970,8230],[0,-5]],[[6344,8381],[5,-6]],[[6346,8352],[2,-14]],[[6341,8337],[-2,0]],[[6326,8334],[-8,4]],[[6296,8342],[-3,-7]],[[6224,8320],[10,38]],[[6234,8358],[4,4]],[[6256,8378],[10,8]],[[6266,8386],[18,10]],[[6556,8411],[-45,-16]],[[6560,8418],[-4,-7]],[[6506,8490],[11,2]],[[6517,8492],[36,-7]],[[6561,8480],[5,-3]],[[6561,8456],[-8,-2]],[[6469,8464],[-4,15]],[[6587,8485],[12,-1]],[[6612,8484],[-25,-9]],[[6638,8562],[5,2]],[[6643,8564],[20,13]],[[6663,8577],[3,1]],[[6666,8578],[-17,-73]],[[6649,8505],[-4,-2]],[[6645,8503],[-12,7]],[[6608,8490],[-3,44]],[[6605,8534],[23,26]],[[6628,8560],[10,2]],[[6581,8554],[-5,-4]],[[6576,8550],[15,9]],[[6591,8559],[-10,-5]],[[6537,8517],[32,11]],[[6569,8528],[-32,-11]],[[6530,8517],[-4,16]],[[6522,8533],[1,9]],[[6523,8542],[13,-25]],[[6536,8517],[-6,0]],[[6509,8545],[-1,-11]],[[6508,8534],[1,11]],[[6672,8654],[-26,-26]],[[6646,8628],[26,26]],[[6833,8605],[7,15],[16,-4],[-2,-18],[-21,7]],[[6637,8472],[7,5]],[[6677,8489],[7,0]],[[6709,8469],[-11,0]],[[6698,8469],[-22,-8]],[[6676,8461],[-11,1]],[[6629,8461],[8,11]],[[6707,8457],[20,0]],[[6727,8457],[4,-1]],[[6731,8456],[-28,-2]],[[6703,8454],[4,3]],[[6753,8362],[33,3]],[[6786,8365],[-3,-22]],[[6783,8343],[1,-11]],[[6784,8332],[-25,6]],[[6759,8338],[-3,9]],[[6756,8347],[-3,15]],[[6601,8393],[-2,0]],[[6573,8401],[28,-6]],[[6528,8375],[7,1]],[[6535,8376],[-2,19]],[[6533,8395],[28,6]],[[6576,8380],[-48,-5]],[[6523,8376],[-7,0]],[[6516,8376],[-1,4]],[[6515,8380],[8,-4]],[[6497,8365],[-38,-12]],[[6459,8353],[23,5]],[[6484,8358],[4,8]],[[6488,8366],[1,-1]],[[6489,8365],[8,0]],[[6365,8251],[3,0]],[[6370,8249],[-5,-6]],[[6365,8243],[-3,3]],[[6377,8203],[3,-10]],[[6378,8193],[-2,5]],[[6342,8203],[-54,27]],[[6302,8243],[3,0]],[[6289,8192],[-3,6]],[[6286,8198],[38,-5]],[[6316,8132],[-22,-5]],[[6277,8226],[-11,-8]],[[6253,8183],[14,2]],[[6266,8112],[-16,-3]],[[6279,8122],[-13,-10]],[[6206,8149],[-83,-7]],[[6114,8132],[-3,7]],[[6033,8180],[-1,2]],[[6066,8180],[-5,-2]],[[6051,8129],[-77,39]],[[6032,8140],[3,-1]],[[5962,8165],[-2,17],[7,-4],[-5,-13]],[[5955,8180],[-4,-16]],[[5950,8157],[-8,-5]],[[5926,8185],[-7,7]],[[5941,8152],[-5,2]],[[5936,8154],[1,1]],[[6196,8208],[5,0]],[[6201,8208],[5,-8]],[[6206,8200],[2,-7]],[[5938,8284],[-10,3]],[[5928,8287],[10,-3]],[[5954,8292],[-1,20]],[[5953,8312],[19,-16]],[[5972,8296],[-18,-4]],[[5935,8274],[6,0]],[[5941,8274],[-6,0]],[[5956,8202],[-1,-22]],[[5951,8180],[0,-16]],[[5951,8164],[-1,-7]],[[5950,8157],[-8,-5]],[[5941,8152],[-4,3]],[[5937,8155],[-11,30]],[[5926,8185],[-7,7]],[[5919,8192],[-2,13]],[[5917,8205],[48,38]],[[5965,8243],[-9,-41]],[[6061,8178],[-28,2]],[[6033,8180],[28,-2]],[[6144,8243],[32,20]],[[6176,8263],[-1,-38]],[[6298,8185],[26,8]],[[6324,8193],[18,10]],[[6342,8203],[-37,40]],[[6305,8243],[40,15]],[[6345,8259],[-47,-74]],[[6282,8195],[20,48]],[[6302,8243],[-14,-13]],[[6288,8230],[-11,-4]],[[6277,8226],[-11,-8]],[[6266,8218],[16,-23]],[[6279,8122],[-13,-10]],[[6266,8112],[-16,0]],[[6250,8111],[0,-2]],[[6250,8109],[-17,20]],[[6233,8129],[46,-7]],[[6365,8251],[-3,-5]],[[6362,8246],[3,5]],[[6368,8251],[14,2]],[[6382,8253],[-12,-4]],[[6370,8249],[-2,2]],[[6370,8198],[1,7]],[[6371,8205],[6,-2]],[[6377,8203],[-1,-5]],[[6376,8198],[-6,0]],[[6341,8337],[7,1]],[[6348,8338],[-7,-1]],[[6326,8334],[13,3]],[[6339,8337],[-13,-3]],[[6296,8342],[22,-4]],[[6318,8338],[-22,4]],[[6346,8352],[3,23]],[[6349,8375],[-3,-23]],[[6321,8408],[2,0]],[[6362,8395],[6,-4]],[[6436,8375],[-45,-22]],[[6391,8353],[-47,28]],[[6344,8381],[-60,15]],[[6284,8396],[-21,10]],[[6263,8406],[59,10]],[[6587,8485],[0,-10]],[[6587,8475],[-26,-19]],[[6561,8456],[5,21]],[[6566,8477],[21,8]],[[6553,8485],[8,-5]],[[6561,8480],[-8,5]],[[6608,8490],[25,20]],[[6633,8510],[-21,-26]],[[6612,8484],[-13,0]],[[6599,8484],[9,6]],[[6653,8503],[3,14]],[[6664,8512],[-11,-9]],[[6684,8489],[27,5]],[[6711,8494],[-27,-5]],[[6677,8489],[-18,-10]],[[6659,8477],[-15,0]],[[6644,8477],[4,7]],[[6648,8484],[1,0]],[[6651,8484],[26,5]],[[6709,8469],[2,25]],[[6711,8494],[-2,-25]],[[6699,8439],[-33,7]],[[6666,8446],[33,-7]],[[6629,8461],[36,1]],[[6665,8462],[-4,-13]],[[6661,8449],[-44,-21]],[[6617,8428],[8,34]],[[6625,8462],[4,-1]],[[6617,8388],[27,-7]],[[6644,8381],[-28,-1]],[[6616,8380],[1,8]],[[6599,8393],[1,-12]],[[6600,8381],[-24,-1]],[[6576,8380],[-15,21]],[[6561,8401],[12,0]],[[6573,8401],[26,-8]],[[6601,8393],[0,2]],[[6601,8395],[11,-2]],[[6612,8393],[-11,0]],[[6659,8610],[21,44]],[[6680,8654],[41,10]],[[6721,8664],[16,2]],[[6737,8666],[-78,-56]],[[6021,8263],[2,-5],[-6,0],[0,5],[4,0]],[[6470,8456],[-1,8]],[[6469,8464],[-4,15]],[[6465,8479],[-53,1]],[[6412,8480],[15,10]],[[6427,8490],[3,13]],[[6430,8503],[0,10]],[[6430,8513],[11,4]],[[6441,8517],[15,-10]],[[6456,8507],[6,-13]],[[6462,8494],[44,-4]],[[6506,8490],[47,-36]],[[6553,8454],[-57,-5]],[[6477,8466],[-1,0]],[[6267,8185],[22,7]],[[6289,8192],[9,-7]],[[6298,8185],[34,-38]],[[6332,8147],[-16,-15]],[[6316,8132],[-22,-5]],[[6294,8127],[-70,8]],[[6224,8135],[-18,14]],[[6206,8149],[-83,-7]],[[6123,8142],[-9,-10]],[[6114,8132],[-3,7]],[[6111,8139],[-60,-10]],[[6051,8129],[-16,10]],[[6035,8139],[31,41]],[[6066,8180],[-34,2]],[[6032,8182],[0,-42]],[[6032,8140],[-15,9]],[[6015,8149],[-37,19]],[[5974,8168],[2,5]],[[5976,8173],[39,43]],[[6015,8216],[0,4]],[[6015,8220],[27,3]],[[6042,8223],[25,0]],[[6147,8210],[49,-2]],[[6196,8208],[12,-15]],[[6208,8193],[45,-10]],[[6253,8183],[14,2]],[[6252,8160],[0,13],[-5,-1],[0,-12],[5,0]],[[5972,8287],[49,-53]],[[6021,8234],[-51,-9]],[[5970,8225],[0,5]],[[5970,8230],[-8,4]],[[5965,8234],[0,9]],[[5965,8243],[8,0]],[[5976,8243],[-4,44]],[[5979,8248],[9,0],[-1,6],[-8,-1],[0,-5]],[[6147,8210],[-80,13]],[[6067,8223],[77,20]],[[6144,8243],[31,-18]],[[6175,8225],[-28,-15]],[[6109,8197],[-8,5],[-3,-9],[5,4],[6,0]],[[6119,8192],[3,8],[-9,5],[1,-8],[5,-5]],[[6712,8518],[-36,-5]],[[6676,8513],[-12,-1]],[[6664,8512],[-8,5]],[[6656,8517],[175,139],[64,-119],[-183,-19]],[[6792,8577],[9,13],[-34,-5],[0,-3],[25,-5]],[[6449,8380],[-13,-5]],[[6436,8375],[-68,16]],[[6368,8391],[-6,4]],[[6362,8395],[-39,13]],[[6323,8408],[-2,0]],[[6321,8408],[1,8]],[[6322,8416],[148,40]],[[6470,8456],[26,-7]],[[6496,8449],[-7,-7]],[[6361,8421],[2,-8],[26,1],[-2,12],[-26,-5]],[[6005,8271],[17,23]],[[6022,8294],[20,-2]],[[6042,8292],[42,-36]],[[6084,8256],[-79,15]],[[6017,8263],[0,-5],[6,0],[0,5],[-6,0]],[[6045,8276],[4,0],[0,10],[-5,0],[1,-10]],[[6449,8380],[40,62]],[[6489,8442],[71,-24]],[[6560,8418],[-49,-23]],[[6511,8395],[-7,-5]],[[6504,8390],[-55,-10]],[[6474,8406],[3,-11],[6,11],[-2,3],[-7,-3]],[[6465,8398],[3,-12],[5,2],[-2,12],[-6,-2]],[[6470,8409],[-6,7],[-10,-10],[6,-8],[10,11]],[[6860,8294],[23,-8]],[[6883,8286],[16,-9]],[[6899,8277],[5,2]],[[6904,8279],[11,-3]],[[6915,8276],[153,-65]],[[7068,8211],[-33,4]],[[7035,8215],[-16,6]],[[7019,8225],[-23,-5]],[[6996,8220],[-106,24]],[[6890,8248],[-30,46]],[[6877,8268],[11,-2],[3,3],[-12,5],[-2,-6]],[[6997,8393],[-4,-7]],[[6993,8386],[-4,-6]],[[6989,8380],[-11,-12]],[[6978,8368],[56,204]],[[7034,8572],[-9,-17]],[[7025,8555],[8,-3]],[[7033,8552],[51,-39]],[[7084,8513],[-17,-21]],[[7067,8492],[-15,-20]],[[7052,8472],[-1,-6]],[[7051,8466],[-41,-47]],[[7010,8419],[-13,-26]],[[7017,8527],[-52,-10],[13,-51],[25,19],[14,42]],[[7157,8636],[-28,-2]],[[7129,8634],[-13,-4]],[[7116,8630],[84,21]],[[7200,8651],[-4,-12]],[[7196,8638],[12,11]],[[7208,8649],[108,-41]],[[7316,8608],[-38,3]],[[7278,8611],[-47,-1]],[[7231,8610],[-8,-2]],[[7223,8608],[-33,-7]],[[7190,8601],[-10,38]],[[7179,8639],[-22,-3]],[[7157,8636],[0,2]],[[6256,8378],[-18,-16]],[[6238,8362],[-11,-9]],[[6227,8353],[-25,-18]],[[6202,8335],[-10,-10]],[[6192,8325],[-15,33]],[[6177,8358],[1,0]],[[6178,8358],[26,0]],[[6204,8358],[0,22]],[[6204,8380],[6,1]],[[6210,8381],[11,4]],[[6221,8385],[6,6]],[[6227,8391],[17,10]],[[6244,8401],[5,2]],[[6249,8403],[7,-25]],[[6224,8365],[-2,5]],[[6222,8370],[2,-5]],[[6216,8324],[8,-4]],[[6224,8320],[69,15]],[[6293,8335],[-74,-96]],[[6219,8239],[-95,9]],[[6124,8248],[-14,8]],[[6110,8256],[106,68]],[[6211,8264],[5,2],[8,-12],[-2,15],[-11,-5]],[[6262,8259],[-35,5],[0,-15],[31,5],[4,5]],[[8921,4326],[-4,5]],[[8925,4328],[4,-10],[0,-4],[-8,9],[4,5]],[[9022,4329],[33,55]],[[9004,4331],[3,-2]],[[9003,4321],[-4,13]],[[9015,4308],[-8,10]],[[9069,4354],[-6,-6]],[[9064,4341],[4,2],[1,-2],[-6,-5],[1,5]],[[9084,4369],[-6,-17]],[[9082,4377],[-1,-1],[3,18],[5,-12],[-7,-5]],[[9091,4430],[2,51]],[[9101,4443],[-4,-8]],[[9060,4428],[9,20]],[[9127,4499],[-11,-41]],[[9098,4509],[-8,4]],[[9090,4559],[-13,15]],[[9181,4541],[-1,-9]],[[9169,4526],[2,-23]],[[9118,4623],[-7,2]],[[9074,4630],[0,10]],[[9118,4623],[-7,2]],[[9111,4625],[7,-2]],[[9091,4597],[-13,20]],[[9091,4583],[0,5]],[[9097,4580],[-6,3]],[[9086,4583],[5,0]],[[9091,4583],[-4,-6]],[[9181,4541],[-2,-7]],[[9175,4539],[6,2]],[[9151,4555],[23,-14]],[[9165,4524],[6,-21]],[[9171,4503],[-33,3]],[[9127,4499],[-4,0]],[[9096,4484],[12,22]],[[9091,4430],[-3,23]],[[9107,4450],[-6,-7]],[[9101,4443],[-4,-8]],[[9097,4435],[-6,-5]],[[9105,4513],[-7,-4]],[[9098,4509],[-8,4]],[[9090,4513],[1,6]],[[8980,4377],[-10,10]],[[8939,4362],[3,12]],[[8952,4361],[-6,-4]],[[8922,4349],[7,18],[5,4],[-7,-22],[-5,0]],[[8926,4328],[0,5],[5,6],[0,-8],[-5,-3]],[[8963,4361],[-11,0]],[[8952,4361],[-10,13]],[[8942,4374],[25,-2]],[[8921,4326],[-4,5]],[[8917,4331],[4,-5]],[[9017,4314],[-9,7]],[[9023,4321],[-4,-7]],[[9035,4354],[14,12]],[[9079,4395],[-2,-5]],[[9062,4418],[-2,10]],[[9060,4428],[9,20]],[[9069,4448],[10,-48]],[[9169,4526],[-4,-2]],[[9165,4524],[-27,-18]],[[9138,4506],[-11,-7]],[[9127,4499],[-4,0]],[[9123,4499],[-7,-41]],[[9116,4458],[-9,-8]],[[9107,4450],[-19,3]],[[9088,4453],[5,28]],[[9093,4481],[3,3]],[[9096,4484],[12,22]],[[9108,4506],[29,51]],[[9137,4560],[14,-5]],[[9151,4555],[23,-14]],[[9174,4541],[1,-2]],[[9175,4539],[4,-5]],[[9179,4534],[1,-2]],[[9180,4532],[-11,-6]],[[9080,4633],[-6,7]],[[9074,4640],[5,10]],[[9081,4653],[24,-43]],[[9113,4598],[17,-33]],[[9130,4560],[-1,-5]],[[9090,4537],[-1,17]],[[9137,4557],[0,3]],[[9137,4560],[0,-3]],[[9084,4369],[-6,-17]],[[9078,4352],[6,17]],[[9003,4321],[4,8]],[[9007,4329],[16,-8]],[[9023,4321],[-15,0]],[[9008,4321],[-1,-3]],[[9007,4318],[-4,3]],[[8963,4361],[4,11]],[[8967,4372],[-4,-11]],[[8980,4377],[-10,10]],[[8970,4387],[10,-10]],[[8939,4362],[7,-5]],[[8946,4357],[-7,5]],[[9086,4583],[1,-6]],[[9087,4577],[4,-2]],[[9092,4570],[-15,4]],[[9077,4574],[9,9]],[[9096,4574],[-4,-4]],[[9092,4570],[-1,5]],[[9091,4575],[2,2]],[[9096,4562],[-7,-8]],[[9089,4554],[1,5]],[[9090,4559],[6,8]],[[9079,4400],[0,-5]],[[9079,4395],[0,5]],[[9019,4314],[-4,-6]],[[9015,4308],[2,6]],[[9017,4314],[2,0]],[[9081,4653],[-2,-3]],[[9079,4650],[2,3]],[[8999,4334],[5,-3]],[[9004,4331],[-5,3]],[[9105,4513],[-14,6]],[[9091,4519],[-1,18]],[[9090,4537],[6,25]],[[9096,4562],[0,5]],[[9096,4567],[0,7]],[[9096,4574],[-3,3]],[[9093,4577],[4,3]],[[9097,4580],[-6,8]],[[9091,4588],[0,9]],[[9091,4597],[-13,20]],[[9078,4617],[-4,13]],[[9074,4630],[6,3]],[[9080,4633],[25,-23]],[[9105,4610],[8,-12]],[[9113,4598],[17,-33]],[[9130,4565],[0,-5]],[[9130,4560],[-1,-5]],[[9129,4555],[-24,-42]],[[9109,4532],[0,5],[4,7],[-8,-2],[4,-10]],[[9049,4366],[6,18]],[[9055,4384],[7,34]],[[9062,4418],[15,-28]],[[9077,4390],[-8,-36]],[[9069,4354],[-6,-6]],[[9063,4348],[-41,-19]],[[9022,4329],[13,25]],[[9035,4354],[14,12]],[[9068,4366],[-7,0],[-1,-10],[3,0],[5,10]],[[8505,8362],[2,0]],[[8507,8362],[27,-12]],[[8534,8350],[5,0]],[[8539,8350],[15,8]],[[8605,8324],[-174,-37]],[[8418,8348],[87,14]],[[8954,9902],[-2,-7],[1,7],[1,0]],[[4145,8284],[-13,-5]],[[4132,8279],[54,12]],[[8936,9485],[63,-56]],[[4228,8277],[18,38]],[[8946,9911],[-16,7]],[[8927,9933],[40,25]],[[8969,9956],[-1,-12]],[[8968,9941],[0,-1]],[[8968,9940],[-14,-37]],[[8954,9902],[-20,-7]],[[8934,9895],[9,-15]],[[8943,9880],[0,-2]],[[8943,9878],[-11,-11]],[[4252,8329],[172,123]],[[8984,9402],[-51,-82]],[[4403,8107],[-19,95]],[[8913,9543],[1,-32]],[[8875,9632],[-23,13]],[[4423,8111],[-17,-5]],[[8852,9645],[-20,-3]],[[4428,8470],[41,10]],[[4474,8485],[30,-3]],[[4515,8434],[10,-13]],[[8839,9082],[-13,6]],[[8808,9075],[-34,67]],[[4568,8388],[14,-8]],[[8802,8340],[-22,-40]],[[4570,8074],[5,7]],[[4579,8068],[-2,5]],[[4610,7993],[-32,19]],[[4578,8012],[0,3]],[[4578,8015],[0,30]],[[4590,8381],[13,-1]],[[8756,9444],[9,-12],[25,13],[-14,10],[-20,-11]],[[4626,7999],[-1,-22]],[[4625,7977],[-2,-3]],[[4623,7974],[-13,19]],[[4627,8376],[42,5]],[[4701,8055],[-3,1]],[[4698,8056],[-5,-3]],[[4693,8053],[-38,43]],[[8746,9130],[11,-45]],[[4669,8383],[14,30]],[[4686,8408],[1,-2]],[[8769,9675],[-25,20]],[[4684,8414],[46,-16]],[[4753,8053],[-6,-8]],[[4747,8045],[-4,-7]],[[4743,8038],[-38,8]],[[8727,9233],[-11,13]],[[8701,8643],[-3,15]],[[4780,8390],[14,1]],[[8700,9264],[-9,10]],[[4931,8152],[-51,-20]],[[8682,9959],[1,2]],[[8683,9964],[59,30]],[[8755,9994],[22,-2]],[[8777,9992],[2,0]],[[8779,9992],[4,0]],[[5131,8107],[-194,43]],[[4958,8469],[6,1]],[[5111,8467],[2,0]],[[8640,8272],[-16,52]],[[5132,8475],[7,15]],[[8626,9832],[-3,42]],[[8623,9874],[0,8]],[[8623,9882],[25,6]],[[8649,9888],[3,5]],[[5182,8102],[-13,9]],[[8621,8329],[-7,8]],[[5353,8459],[-139,8]],[[5191,8446],[191,16]],[[8705,8117],[-73,113]],[[5196,8091],[122,-26]],[[5342,8076],[-146,15]],[[8647,9701],[-35,37]],[[8606,9668],[11,33]],[[8658,9599],[-1,-31]],[[8606,8393],[6,39]],[[5418,8073],[-13,3]],[[5405,8076],[-41,7]],[[5364,8083],[6,1]],[[8593,8373],[8,12]],[[5442,8545],[0,-3]],[[5441,8542],[-2,-2]],[[5415,8494],[33,53]],[[8636,8705],[9,10]],[[8696,8669],[-111,22]],[[8682,8692],[-10,-18]],[[8666,8671],[20,36]],[[5463,8076],[-36,-3]],[[8679,9241],[-1,-5]],[[8682,9236],[18,-71]],[[8706,9167],[22,8]],[[5448,8547],[11,7]],[[8613,9345],[-29,-10]],[[8582,9335],[-23,5]],[[5684,8737],[4,1]],[[5698,8745],[1,0]],[[5738,8271],[-38,10]],[[5701,8748],[1,2]],[[5716,8753],[10,10]],[[5726,8763],[0,0]],[[5729,8768],[18,2]],[[8396,8961],[3,13]],[[8412,9011],[-16,100]],[[5746,8772],[23,4]],[[8394,9188],[60,30]],[[5749,8268],[-4,0]],[[8362,9178],[3,-15]],[[5788,8770],[-4,5]],[[5781,8776],[68,12]],[[5802,8259],[-7,-3]],[[8302,8444],[25,-12]],[[8327,8432],[-2,0]],[[8325,8432],[-25,-9]],[[8300,8423],[0,-2]],[[8300,8421],[29,-21]],[[8329,8400],[0,-2]],[[8329,8398],[5,-2]],[[8334,8396],[5,-3]],[[8339,8393],[5,43]],[[8344,8436],[2,0]],[[8359,8437],[3,0]],[[8362,8437],[13,-6]],[[8375,8431],[7,-5]],[[5816,8269],[-8,-1]],[[8271,8335],[-11,25]],[[6009,8114],[-188,157]],[[8246,9796],[341,144]],[[8587,9940],[-52,-2]],[[5861,8788],[149,-33]],[[6006,8755],[-20,-3]],[[8211,9602],[-10,-18]],[[6022,8107],[-10,7]],[[8204,8424],[2,0]],[[8206,8424],[8,-8]],[[8250,8366],[8,-16]],[[8291,8297],[26,-13]],[[8317,8284],[0,-2]],[[8317,8282],[1,-57]],[[8318,8225],[-1,0]],[[8317,8225],[9,-25]],[[8303,8159],[-51,-4]],[[8252,8155],[0,9]],[[8252,8164],[0,18]],[[8252,8182],[-7,0]],[[8245,8182],[1,71]],[[8246,8253],[0,3]],[[8246,8268],[-40,108]],[[8206,8376],[-2,5]],[[8204,8381],[-18,35]],[[8186,8416],[0,3]],[[8186,8419],[-17,5]],[[8169,8424],[-7,0]],[[8162,8424],[-47,12]],[[8115,8436],[-1,0]],[[6012,8755],[29,-5]],[[6037,8114],[96,-25]],[[6133,8089],[-98,23]],[[6042,8750],[4,0]],[[6049,8750],[16,5]],[[7971,8490],[-24,13]],[[7947,8503],[0,7]],[[7947,8510],[-22,27]],[[7925,8537],[-3,0]],[[7922,8537],[-4,-2]],[[7918,8535],[-5,-3]],[[7913,8530],[-2,-8]],[[7894,8532],[60,139]],[[7954,8671],[1,0]],[[7955,8671],[15,8]],[[7970,8679],[11,0]],[[7981,8679],[31,28]],[[8012,8707],[22,20]],[[7912,8522],[0,1]],[[7912,8523],[1,7]],[[7913,8530],[0,2]],[[7913,8532],[9,3]],[[7922,8535],[3,0]],[[7925,8535],[16,-15]],[[7941,8520],[2,-7]],[[7943,8513],[1,-3]],[[7944,8510],[0,-8]],[[7944,8502],[0,-2]],[[7944,8500],[0,-2]],[[7944,8498],[3,-6]],[[7947,8492],[1,-2]],[[7948,8490],[11,-5]],[[7959,8485],[3,0]],[[7962,8485],[9,2]],[[8104,8419],[-51,-23]],[[8053,8396],[-1,0]],[[8052,8396],[-54,0]],[[7998,8396],[-1,0]],[[7997,8396],[-4,15]],[[7993,8411],[-5,0]],[[7988,8411],[-96,55]],[[7892,8466],[0,3]],[[7892,8469],[0,8]],[[7892,8477],[10,15]],[[8118,9407],[-60,-5]],[[8055,9404],[-113,134]],[[7939,9538],[-74,89]],[[7865,9627],[28,3]],[[7893,9615],[28,-3]],[[7921,9615],[2,15]],[[6143,8088],[0,0]],[[6144,8093],[0,0]],[[6155,8102],[-6,-9]],[[7438,9615],[19,-13]],[[7728,9609],[-542,-88]],[[7565,9670],[0,0]],[[7669,8371],[-116,-33]],[[6174,8111],[-13,-2]],[[6212,8107],[-38,4]],[[7548,8337],[0,0]],[[6299,8111],[3,3]],[[6313,8112],[-14,-1]],[[7548,8340],[-120,-21]],[[6298,8114],[0,0]],[[7426,8314],[-49,-23]],[[6299,8114],[0,0]],[[6318,8121],[-3,-5]],[[7409,8299],[0,0]],[[6386,8183],[0,0]],[[6386,8183],[-44,-48]],[[6370,8274],[25,-23]],[[6400,8234],[-8,-9]],[[7370,8304],[-105,6]],[[6508,8243],[-8,3]],[[7232,8286],[-4,-14],[-9,9],[2,3],[11,2]],[[6525,8248],[-5,3]],[[7198,9521],[0,0]],[[6573,8213],[-8,18]],[[6658,8216],[40,18]],[[6835,8210],[-121,23]],[[6799,9186],[-12,-3]],[[6787,9186],[-6,28]],[[7197,8220],[-20,19],[22,30],[-12,-18],[10,-31]],[[7171,8180],[-38,-35]],[[6793,9282],[8,7]],[[7096,8131],[-248,80]],[[6848,8211],[137,-38]],[[6801,9289],[18,10]],[[6850,9308],[59,58]],[[6909,9366],[9,17]],[[6918,9383],[147,102]],[[8612,9738],[14,94]],[[8626,9832],[31,58]],[[8657,9890],[-1,2]],[[8656,9892],[-4,1]],[[8652,9893],[12,12]],[[8664,9905],[0,1]],[[8664,9906],[6,27]],[[8670,9933],[0,5]],[[8670,9938],[12,21]],[[8682,9959],[4,-5]],[[8688,9956],[12,-10]],[[8704,9946],[67,-5]],[[8771,9949],[-12,10]],[[8759,9959],[0,4]],[[8759,9963],[-4,0]],[[8755,9963],[-2,0]],[[8753,9963],[-2,13]],[[8749,9976],[7,15]],[[8756,9991],[2,-2]],[[8759,9989],[3,0]],[[8762,9989],[4,0]],[[8766,9989],[2,-2]],[[8769,9987],[14,5]],[[8783,9992],[20,-11]],[[8821,9971],[47,-43]],[[8871,9928],[42,-10]],[[8913,9921],[1,2]],[[8916,9923],[1,0]],[[8917,9923],[10,10]],[[8927,9933],[3,-15]],[[8930,9918],[16,-7]],[[8946,9911],[-14,-5]],[[8932,9906],[-26,-1]],[[8906,9905],[0,-3]],[[8906,9902],[26,-35]],[[8932,9867],[13,-28]],[[8945,9839],[0,-2]],[[8945,9836],[-18,-163]],[[8927,9671],[0,-11]],[[8927,9660],[2,-10]],[[8929,9635],[-41,-3]],[[8883,9632],[-31,13]],[[8852,9645],[-20,-3]],[[8832,9642],[-63,33]],[[8769,9675],[-7,23]],[[8762,9700],[-3,9]],[[8759,9709],[0,2]],[[8759,9711],[-6,10]],[[8753,9721],[-1,0]],[[8752,9721],[-8,-26]],[[8744,9695],[-70,-61]],[[8674,9642],[-11,38]],[[8648,9701],[6,35]],[[8660,9746],[0,5]],[[8660,9751],[0,0]],[[8660,9751],[-48,-13]],[[8784,9701],[9,2],[-1,6],[-8,-1],[0,-7]],[[8741,9859],[2,-15],[13,-12],[-4,28],[-11,-1]],[[8826,9925],[-6,-15]],[[8828,9910],[4,16]],[[8686,9763],[-7,-52],[37,8],[-15,44],[-15,0]],[[4132,8279],[14,5]],[[4146,8284],[40,7]],[[4186,8291],[42,-14]],[[4228,8277],[20,10]],[[4135,8272],[-3,7]],[[8917,9256],[-37,-115]],[[4246,8315],[6,14]],[[4252,8329],[172,123]],[[4424,8452],[6,4]],[[4255,8302],[-9,13]],[[4352,8385],[-10,0],[-8,-17],[15,-3],[3,20]],[[8832,9088],[-30,57]],[[4384,8202],[11,1]],[[4352,8167],[32,35]],[[4349,8172],[7,0],[1,-2],[-1,2],[-7,0]],[[8747,9639],[24,9]],[[8768,9617],[-1,23],[-11,-5],[5,-25],[7,7]],[[4388,8131],[-13,8]],[[4370,8147],[-5,5]],[[4424,8114],[-1,-3]],[[4423,8111],[-17,-5]],[[4406,8106],[-3,1]],[[4403,8107],[-14,24]],[[4397,8121],[0,0]],[[8728,9175],[3,-8]],[[8714,9162],[14,13]],[[4405,8205],[27,0]],[[4428,8470],[43,0]],[[4430,8456],[-2,14]],[[4469,8480],[5,5]],[[4474,8485],[30,-3]],[[4504,8482],[11,-48]],[[4515,8434],[0,-3]],[[4470,8474],[-1,6]],[[8701,8643],[5,0]],[[8706,8626],[-5,17]],[[4516,8424],[9,-3]],[[4525,8421],[43,-33]],[[4568,8388],[-1,-13]],[[4572,8084],[-4,5]],[[8707,8664],[-9,-6]],[[8698,8658],[-2,11]],[[8696,8669],[4,5]],[[4570,8074],[7,-1]],[[4577,8073],[-7,1]],[[8714,9045],[-22,2]],[[4573,8376],[9,4]],[[4582,8380],[8,1]],[[4590,8381],[13,-1]],[[4603,8380],[5,-4]],[[8748,9201],[-21,32]],[[8727,9233],[-11,13]],[[8716,9246],[-16,18]],[[8700,9264],[-9,10]],[[8691,9274],[-6,8]],[[4625,8012],[1,-13]],[[4626,7999],[-16,-6]],[[4610,7993],[-25,37]],[[4585,8030],[0,1]],[[4585,8033],[-7,12]],[[4578,8045],[1,23]],[[4579,8068],[-3,11]],[[8838,9566],[75,-23]],[[8913,9543],[1,-32]],[[8914,9511],[22,-26]],[[8936,9485],[63,-56]],[[8999,9429],[-15,-27]],[[8984,9402],[-51,-82]],[[8933,9320],[2,-21]],[[8705,9511],[1,-8],[16,2],[-2,20],[-15,-14]],[[8718,9465],[15,-11],[33,38],[-13,14],[-35,-41]],[[8944,9401],[-9,54],[-27,-29],[15,0],[21,-25]],[[8744,9434],[102,-50],[38,23],[-140,29]],[[8678,9106],[36,56]],[[8741,9142],[5,-12]],[[8746,9130],[11,-45]],[[8757,9085],[3,-17]],[[4627,8376],[5,-1]],[[4621,8371],[6,5]],[[4669,8378],[0,3]],[[4669,8381],[0,2]],[[4669,8383],[9,3]],[[4633,8375],[-1,0]],[[4632,8375],[33,3]],[[8697,8712],[-14,17]],[[8674,8729],[-5,3]],[[8665,9531],[28,48]],[[8674,9045],[1,-6]],[[8674,9039],[1,-17]],[[8676,9022],[31,-3]],[[4655,8096],[3,20]],[[4700,8061],[-2,-5]],[[4698,8056],[-43,40]],[[4687,8406],[-1,2]],[[4686,8408],[-3,5]],[[4683,8413],[1,1]],[[4684,8414],[7,9]],[[4679,8393],[8,13]],[[8659,8734],[5,-7]],[[8664,8727],[-6,7]],[[4697,8431],[31,-23]],[[8652,8734],[-4,-4]],[[4752,8055],[-6,0]],[[4746,8055],[0,-2]],[[4746,8053],[-31,-7]],[[4715,8046],[-4,0]],[[4711,8046],[-6,0]],[[4705,8046],[-4,9]],[[4701,8055],[1,6]],[[4702,8060],[0,1]],[[4702,8061],[-1,0]],[[8646,8730],[-3,4]],[[4757,8091],[4,0]],[[4760,8091],[-5,-17]],[[4755,8074],[6,-13]],[[4761,8061],[-1,0]],[[4760,8061],[-6,-6]],[[8670,8955],[2,0]],[[8714,8966],[-2,-13]],[[4766,8098],[7,1]],[[5131,8107],[-194,43]],[[4937,8150],[-6,2]],[[4931,8152],[-51,-20]],[[4880,8132],[-82,-31]],[[4798,8101],[-5,0]],[[4793,8101],[-23,-5]],[[4770,8096],[-1,0]],[[4769,8096],[-3,0]],[[4766,8096],[-1,0]],[[5004,8188],[1,-5],[6,-1],[0,5],[-7,1]],[[4774,8218],[0,36]],[[4771,8277],[32,9]],[[4788,8150],[0,-1]],[[4773,8183],[0,-13],[10,-2],[2,12],[-12,3]],[[8642,8734],[-1,-5]],[[8639,8729],[-4,1]],[[8635,8730],[7,-15]],[[8645,8715],[-13,0]],[[8636,8705],[14,7],[23,-26],[-8,-9],[-29,28]],[[8636,8705],[-51,-14]],[[8585,8691],[-12,6]],[[4998,8459],[7,7]],[[5007,8462],[-8,-5]],[[8641,9249],[-11,3]],[[5013,8470],[1,-4]],[[8664,9652],[1,-22]],[[8658,9630],[-4,-1]],[[8650,9601],[-21,62]],[[5051,8479],[5,8]],[[8664,9302],[-36,21]],[[5073,8218],[13,2]],[[5111,8467],[2,0]],[[5113,8467],[19,8]],[[5132,8475],[7,15]],[[5139,8490],[0,-1]],[[5119,8457],[-8,10]],[[5166,8111],[-24,3]],[[5418,8073],[-12,3]],[[5405,8076],[-32,8]],[[5373,8084],[-9,-1]],[[5364,8083],[-22,-7]],[[5342,8076],[-24,-10]],[[5318,8066],[-122,25]],[[5196,8091],[-14,11]],[[5318,8065],[33,26]],[[8626,9665],[3,35]],[[5191,8446],[20,21]],[[5211,8467],[142,-8]],[[5192,8439],[-1,7]],[[5378,8459],[-8,-7]],[[5362,8459],[15,5]],[[5439,8540],[2,2]],[[5441,8542],[1,0]],[[5442,8542],[0,3]],[[5442,8545],[6,2]],[[5448,8547],[11,7]],[[5459,8554],[6,0]],[[5421,8498],[-6,-4]],[[5415,8494],[24,46]],[[5527,8068],[-64,8]],[[5463,8076],[-30,-2]],[[8605,9660],[1,8]],[[8606,9668],[51,-99]],[[8657,9568],[-39,-108]],[[8635,9551],[-7,10]],[[8626,9574],[-4,8]],[[8619,9579],[-7,26]],[[8611,9605],[0,-33]],[[5541,8593],[1,0]],[[8593,8373],[8,12]],[[8601,8385],[5,8]],[[8606,8393],[6,39]],[[8612,8432],[1,10]],[[8783,8385],[19,-45]],[[8802,8340],[-22,-40]],[[8780,8300],[-75,-183]],[[8705,8117],[-73,113]],[[8632,8230],[8,42]],[[8640,8272],[-16,52]],[[8624,8324],[-3,5]],[[8621,8329],[-7,8]],[[8614,8337],[-21,36]],[[5485,8562],[1,2]],[[8594,9261],[-10,5]],[[8581,9190],[3,1]],[[8584,9191],[57,-38]],[[5545,8605],[0,0]],[[8615,9343],[-2,2]],[[8613,9345],[-13,-9]],[[8592,9336],[-27,20]],[[8587,9940],[9,-2]],[[8558,9943],[-15,-2]],[[8535,9940],[52,0]],[[5674,8700],[4,2]],[[5688,8155],[-35,-49]],[[8554,8358],[2,2]],[[8556,8360],[49,-36]],[[8605,8324],[-51,34]],[[5684,8735],[0,2]],[[5684,8737],[4,1]],[[5688,8738],[5,2]],[[5693,8740],[2,2]],[[5695,8742],[3,3]],[[5698,8745],[1,0]],[[5699,8745],[2,3]],[[5701,8748],[1,2]],[[5702,8750],[0,2]],[[5702,8752],[3,0]],[[5705,8752],[1,0]],[[5706,8752],[9,1]],[[5715,8753],[1,0]],[[5716,8753],[10,10]],[[5726,8763],[3,5]],[[5729,8768],[18,2]],[[5747,8770],[-1,2]],[[5746,8772],[23,4]],[[5769,8776],[12,0]],[[5781,8776],[3,-1]],[[5784,8775],[4,-5]],[[5788,8770],[61,18]],[[5849,8788],[7,-12]],[[5678,8704],[-3,0]],[[5675,8704],[9,31]],[[8573,9224],[5,-3]],[[8578,9214],[2,-21]],[[5754,8271],[-5,-3]],[[5749,8268],[-4,0]],[[5745,8268],[-6,4]],[[5739,8272],[-39,9]],[[5700,8281],[-19,1]],[[5738,8271],[1,1]],[[8529,8910],[5,22]],[[5761,8274],[-5,-2]],[[5781,8276],[-6,-12]],[[5775,8264],[-2,0]],[[5773,8264],[-12,10]],[[5782,8271],[-1,5]],[[8524,8842],[2,0]],[[8537,8717],[-39,35]],[[8528,8823],[-1,-7],[0,-3],[4,10],[-3,0]],[[8526,8795],[-4,-10],[9,-4],[0,12],[-5,2]],[[8530,8933],[-2,-1]],[[8527,8930],[-1,2]],[[5861,8788],[115,-35]],[[5976,8753],[0,2]],[[5976,8755],[10,-3]],[[5986,8752],[20,3]],[[6006,8755],[4,0]],[[6010,8755],[2,0]],[[6012,8755],[29,-5]],[[6041,8750],[1,0]],[[6042,8750],[4,0]],[[6046,8750],[3,0]],[[6049,8750],[8,-7]],[[5857,8776],[4,12]],[[8557,9358],[2,-17]],[[6057,8747],[8,8]],[[6128,8760],[8,6]],[[6138,8766],[-10,-4]],[[8498,8264],[-2,0]],[[8496,8264],[2,0]],[[6273,8793],[16,15]],[[8484,9259],[53,38]],[[8500,9703],[11,8],[-9,15],[-4,-5],[2,-18]],[[8504,9312],[-31,-32]],[[8599,8246],[-75,20],[-65,44],[5,25],[135,-89]],[[8422,9173],[32,45]],[[8404,9637],[8,-2]],[[8394,9188],[25,-12]],[[8406,8948],[7,63]],[[8413,9036],[5,36]],[[8416,9072],[39,6]],[[8459,9078],[-19,22]],[[8439,9100],[-14,5]],[[8420,9105],[-24,6]],[[8396,9111],[-2,17]],[[8394,9136],[-1,6]],[[8393,9158],[1,30]],[[6459,8908],[-5,9]],[[6387,8880],[87,90]],[[6473,8983],[16,38]],[[8407,8930],[5,0]],[[8390,8950],[6,11]],[[8396,8961],[3,-10]],[[6378,8197],[-1,5]],[[6376,8203],[1,0]],[[6377,8203],[9,-20]],[[6386,8183],[-10,-3]],[[6373,8180],[-31,-45]],[[6342,8135],[-2,4]],[[8373,8282],[-20,2]],[[6371,8225],[5,-22]],[[8346,8436],[13,1]],[[8359,8437],[-13,-1]],[[6390,8253],[5,-2]],[[6395,8251],[5,-17]],[[6400,8234],[-8,-9]],[[6392,8225],[-21,0]],[[8347,9155],[18,8]],[[8365,9163],[2,-10]],[[6382,8263],[8,-10]],[[8336,9653],[7,0]],[[6489,8266],[-1,5]],[[8326,8200],[-23,-41]],[[8303,8159],[-13,38]],[[8290,8197],[1,0]],[[8291,8197],[35,3]],[[6509,8251],[-1,-8]],[[6508,8243],[-8,3]],[[6500,8246],[4,10]],[[8267,8462],[35,-18]],[[8302,8444],[78,-23]],[[8322,8289],[-5,0]],[[8274,8330],[-3,5]],[[8271,8335],[54,-13]],[[8325,8322],[1,0]],[[8326,8322],[1,30]],[[8327,8352],[0,5]],[[8327,8357],[-21,5]],[[8306,8362],[-2,0]],[[8304,8362],[-44,-2]],[[8260,8360],[-26,43]],[[6518,9049],[5,-5]],[[8246,8256],[0,10]],[[8246,8266],[0,2]],[[8246,8268],[17,-12]],[[8263,8256],[-8,0]],[[8255,8256],[-9,0]],[[6520,8251],[2,2]],[[6550,8230],[-25,18]],[[6525,8248],[-5,3]],[[8258,8350],[33,-53]],[[8291,8297],[-35,27]],[[8256,8324],[-1,0]],[[8255,8324],[3,26]],[[8246,9796],[42,18]],[[8288,9814],[-3,2],[0,8],[2,0],[1,-10]],[[8288,9814],[11,0]],[[8301,9814],[234,126]],[[8535,9940],[0,-2]],[[8440,9874],[-11,-15]],[[8269,9793],[-23,3]],[[6565,8231],[4,2]],[[6570,8233],[6,-18]],[[6576,8215],[-3,-2]],[[6573,8213],[-8,18]],[[6642,8213],[47,25]],[[6692,8239],[63,-8]],[[7102,8135],[-6,-4]],[[7096,8131],[-2,1]],[[7088,8132],[-103,36]],[[6985,8168],[-137,43]],[[6848,8211],[-13,-1]],[[6835,8210],[-121,23]],[[6714,8233],[-16,1]],[[6698,8234],[-40,-18]],[[6658,8216],[-16,-3]],[[6801,9186],[-2,0]],[[6799,9186],[-18,28]],[[6781,9214],[12,9]],[[8214,8416],[36,-50]],[[8250,8366],[-36,50]],[[6787,9183],[0,3]],[[8189,9778],[25,1]],[[8227,9779],[20,5]],[[6793,9282],[9,2]],[[6796,9275],[-3,7]],[[6819,9299],[7,-9]],[[6801,9289],[18,10]],[[8212,9605],[-1,-3]],[[8211,9602],[-4,-1]],[[8195,9601],[-7,-14]],[[8191,9587],[10,-3]],[[8201,9584],[-6,-7]],[[8181,9594],[-1,7]],[[6850,9304],[0,4]],[[6850,9308],[37,57]],[[6887,9365],[22,1]],[[8145,9068],[-9,10]],[[8066,8507],[-14,-10]],[[8052,8497],[-2,0]],[[8050,8497],[-1,0]],[[6920,9373],[-2,10]],[[6922,9386],[143,99]],[[7065,9485],[2,0]],[[8011,8636],[-4,-2]],[[8007,8634],[1,-16]],[[8008,8618],[4,0]],[[8012,8618],[-10,3]],[[8002,8621],[2,0]],[[8004,8621],[-9,32]],[[7995,8653],[1,1]],[[7996,8654],[-2,12]],[[7994,8666],[1,0]],[[7995,8666],[0,-2]],[[7995,8664],[1,0]],[[7996,8664],[15,-28]],[[7113,8147],[-7,-8]],[[8169,9746],[-7,5]],[[8040,9685],[-8,1]],[[8027,9698],[-9,-3]],[[7996,9695],[-3,8]],[[7150,8157],[2,2]],[[7164,8178],[7,2]],[[7177,8193],[-7,-13]],[[7170,8180],[-18,-21]],[[7151,8159],[-1,-2]],[[7148,8157],[-4,-2]],[[7142,8154],[-9,-9]],[[7133,8145],[-18,2]],[[7971,8487],[10,3]],[[7981,8490],[3,0]],[[7984,8490],[22,0]],[[8006,8490],[19,2]],[[8025,8492],[6,2]],[[8031,8494],[1,0]],[[8033,8494],[17,-4]],[[8050,8492],[5,2]],[[8055,8494],[9,4]],[[8198,8449],[6,-25]],[[8204,8424],[-6,0]],[[8198,8424],[-84,12]],[[8114,8436],[0,-2]],[[8114,8434],[-10,-15]],[[8104,8419],[-24,-11]],[[8080,8408],[-3,0]],[[8077,8408],[-56,-5]],[[8021,8403],[-1,0]],[[8020,8403],[-4,56]],[[8016,8459],[11,0]],[[8027,8459],[34,-13]],[[8061,8446],[5,0]],[[8066,8446],[-95,41]],[[7186,9521],[110,-8]],[[7200,9515],[-8,0]],[[7170,9510],[16,11]],[[7695,8432],[-26,-61]],[[7669,8371],[-116,-33]],[[7553,8338],[-5,2]],[[7548,8340],[-120,-21]],[[7428,8319],[-2,-5]],[[7426,8314],[-49,-23]],[[7377,8291],[-7,13]],[[7370,8304],[-105,6]],[[7298,9520],[59,31]],[[7313,9525],[-15,-5]],[[8034,8727],[15,3]],[[8070,8729],[39,-14]],[[8007,8494],[-8,1]],[[7999,8495],[-5,0]],[[7994,8495],[-23,-5]],[[7971,8490],[2,28]],[[7973,8518],[3,12]],[[7976,8530],[26,19]],[[8002,8549],[7,0]],[[8009,8549],[5,1]],[[8014,8550],[6,4]],[[8020,8554],[-3,24]],[[8017,8578],[-1,0]],[[8016,8578],[5,17]],[[8021,8595],[3,2]],[[8024,8597],[18,24]],[[8042,8621],[1,2]],[[8043,8623],[-14,40]],[[8029,8663],[-5,8]],[[8024,8671],[10,56]],[[7357,9551],[71,68]],[[7968,8603],[3,-13]],[[7971,8590],[-2,0]],[[7969,8590],[-29,10]],[[7940,8600],[-2,0]],[[7938,8600],[0,3]],[[7938,8603],[5,2]],[[7943,8605],[25,5]],[[7968,8610],[0,-7]],[[7435,9246],[1,-23],[18,18],[-9,8],[-10,-3]],[[7436,9289],[-28,-14],[3,-11],[37,-3],[-12,28]],[[7962,9695],[-10,-4]],[[7961,9685],[10,-38]],[[8002,9622],[-2,-3]],[[8007,9587],[1,-13]],[[8048,9533],[1,-8]],[[8059,9515],[13,1]],[[8082,9495],[0,-3]],[[8100,9470],[26,0]],[[8180,9556],[-62,-149]],[[8118,9407],[-111,129]],[[8003,9536],[-53,40]],[[7950,9581],[-27,49]],[[7923,9630],[0,18]],[[7923,9648],[36,55]],[[7899,8498],[13,24]],[[7912,8522],[-5,-17]],[[7907,8505],[5,-11]],[[7912,8494],[-1,0]],[[7911,8494],[-3,-2]],[[7899,8530],[2,-2]],[[7901,8528],[10,-6]],[[7911,8522],[0,-2]],[[7911,8520],[-3,-5]],[[7908,8515],[-1,-3]],[[7907,8512],[0,-2]],[[7907,8510],[-9,-10]],[[7897,8498],[0,12]],[[7897,8510],[0,2]],[[7897,8512],[-2,18]],[[7895,8530],[-1,0]],[[7894,8530],[0,2]],[[7894,8532],[5,-2]],[[7734,9060],[2,0]],[[7438,9615],[19,-14]],[[7457,9601],[32,11]],[[7489,9614],[-12,-17]],[[7712,9609],[14,1]],[[7499,9619],[8,3]],[[7704,9277],[-4,8]],[[7512,9625],[18,5]],[[7686,9275],[4,-8]],[[7530,9630],[7,9]],[[7654,9655],[45,-36]],[[7539,9639],[28,31]],[[7617,9683],[38,-23]],[[7577,9673],[39,12]],[[8372,8950],[4,3]],[[8386,8946],[4,4]],[[8392,8950],[7,1]],[[8399,8951],[0,-1]],[[8399,8948],[7,0]],[[8406,8948],[50,116]],[[8456,9062],[-37,114]],[[8419,9176],[3,-3]],[[8422,9173],[32,45]],[[8454,9218],[30,41]],[[8484,9259],[27,8]],[[8521,9257],[16,40]],[[8537,9297],[43,10]],[[8592,9308],[16,-1]],[[8604,9295],[75,-54]],[[8679,9241],[-11,-2]],[[8664,9242],[-23,7]],[[8641,9249],[-11,3]],[[8630,9252],[-20,4]],[[8604,9256],[-10,5]],[[8594,9261],[-10,5]],[[8584,9266],[-4,0]],[[8575,9266],[-2,-42]],[[8573,9224],[-1,-8]],[[8572,9216],[8,-23]],[[8580,9193],[1,-3]],[[8581,9190],[5,-7]],[[8587,9183],[2,-7]],[[8592,9172],[49,-19]],[[8641,9153],[37,-47]],[[8678,9106],[31,9]],[[8711,9115],[49,-47]],[[8760,9068],[15,-61]],[[8776,9007],[5,-168]],[[8868,8705],[-104,-105]],[[8729,8615],[-23,11]],[[8706,8626],[0,17]],[[8706,8643],[1,21]],[[8707,8664],[-7,10]],[[8700,8674],[-3,38]],[[8697,8712],[-28,20]],[[8669,8732],[-5,-5]],[[8664,8727],[-6,7]],[[8658,8734],[1,0]],[[8659,8734],[-7,0]],[[8652,8734],[-4,-4]],[[8648,8730],[-2,0]],[[8646,8730],[-3,4]],[[8643,8734],[-1,0]],[[8642,8734],[-7,-4]],[[8635,8730],[-9,-1]],[[8626,8725],[-53,-28]],[[8573,8697],[-36,20]],[[8537,8717],[-11,125]],[[8526,8842],[29,5]],[[8554,8847],[-6,0]],[[8540,8847],[-1,0]],[[8534,8847],[-6,-1]],[[8526,8846],[-6,0]],[[8530,8904],[9,3]],[[8540,8912],[-1,10]],[[8536,8922],[-2,10]],[[8534,8932],[-4,1]],[[8530,8933],[-6,8]],[[8524,8938],[2,-6]],[[8526,8932],[0,-17]],[[8349,8943],[17,8]],[[8582,8984],[-8,5],[-1,-10],[3,-1],[6,6]],[[8562,8884],[-3,-15],[0,-7],[7,22],[-4,0]],[[8532,8885],[-5,-34]],[[8529,8851],[1,3]],[[8532,8854],[0,25]],[[8721,8763],[-23,-8],[3,-13],[18,-2],[2,23]],[[8412,8930],[-5,0]],[[8407,8932],[10,-2]],[[8417,8930],[-7,0]],[[8581,9098],[-8,-5]],[[8575,9087],[-2,-51]],[[8572,9032],[13,66]],[[8712,8953],[2,13]],[[8714,8966],[6,13]],[[8722,8984],[-15,2]],[[8697,8984],[-25,-29]],[[8672,8955],[-2,0]],[[8670,8955],[-6,0]],[[8664,8955],[-22,-14]],[[8642,8936],[70,17]],[[8664,9014],[1,0]],[[8668,9014],[39,5]],[[8707,9019],[7,26]],[[8714,9045],[1,14]],[[8692,9047],[-14,-2]],[[8675,9045],[-1,0]],[[8674,9045],[-10,-14]],[[8664,9024],[0,-10]],[[8874,9437],[3,5],[10,-11],[-7,-7],[-6,13]],[[4248,8287],[7,15]],[[4255,8302],[44,116]],[[4299,8418],[131,38]],[[4430,8456],[41,14]],[[4471,8470],[-1,4]],[[4470,8474],[45,-43]],[[4515,8431],[1,-7]],[[4516,8424],[51,-49]],[[4567,8375],[6,1]],[[4573,8376],[19,-6]],[[4267,8297],[-7,-6]],[[4137,8266],[-2,6]],[[4135,8272],[10,12]],[[4145,8284],[1,0]],[[4146,8284],[102,3]],[[4344,8291],[-24,-14]],[[8847,9515],[22,8],[9,-12],[-31,-29],[0,33]],[[8867,8762],[1,-25]],[[4446,8309],[-95,-15]],[[4361,8167],[34,36]],[[4395,8203],[10,2]],[[4405,8205],[27,0]],[[4432,8205],[63,-23]],[[4459,8117],[-35,-3]],[[4424,8114],[-35,17]],[[4389,8131],[-1,0]],[[4388,8131],[-13,8]],[[4375,8139],[-5,8]],[[4370,8147],[-5,5]],[[4365,8152],[-4,3]],[[8798,8844],[65,-44]],[[8803,9981],[18,-10]],[[8821,9971],[-8,-5]],[[8811,9966],[-27,-15]],[[8788,9964],[7,8]],[[8795,9979],[8,2]],[[4559,8098],[-35,9]],[[4524,8107],[-1,0]],[[4523,8107],[-62,9]],[[8778,9783],[18,5],[2,-20],[-19,-3],[-1,18]],[[8811,9902],[8,-4]],[[8819,9898],[0,-1]],[[8819,9897],[93,-57]],[[8907,9840],[-13,-36]],[[8894,9804],[2,0]],[[8896,9804],[-26,-16]],[[8868,9789],[-7,28]],[[8861,9821],[6,5]],[[8867,9826],[-57,80]],[[4633,8068],[-8,-56]],[[4625,8012],[-28,1]],[[4597,8013],[-12,18]],[[4585,8031],[0,2]],[[4585,8033],[-7,43]],[[4578,8076],[-2,3]],[[4576,8079],[-1,2]],[[4575,8081],[-3,3]],[[4572,8084],[-4,5]],[[4568,8089],[-9,9]],[[4621,8371],[12,4]],[[4633,8375],[32,3]],[[4623,8363],[-2,8]],[[4638,8091],[-3,-17]],[[4658,8116],[32,49]],[[4773,8099],[-8,-1]],[[4765,8098],[0,-2]],[[4765,8096],[-3,-2]],[[4762,8094],[-1,0]],[[4761,8094],[0,-3]],[[4761,8091],[-1,0]],[[4760,8091],[-3,0]],[[4757,8091],[0,-2]],[[4757,8089],[-2,-1]],[[4755,8088],[-1,1]],[[4754,8089],[0,-1]],[[4754,8088],[-3,-2]],[[4751,8086],[0,-2]],[[4751,8084],[4,-10]],[[4755,8074],[2,-3]],[[4757,8071],[-1,-8]],[[4756,8063],[-2,-3]],[[4754,8060],[0,-5]],[[4754,8055],[-1,-2]],[[4753,8053],[-1,2]],[[4752,8055],[1,3]],[[4753,8058],[-5,0]],[[4748,8058],[-4,0]],[[4726,8050],[-6,3]],[[4720,8053],[-3,0]],[[4717,8053],[-3,3]],[[4714,8056],[-1,0]],[[4713,8056],[-5,-1]],[[4708,8055],[-3,0]],[[4705,8055],[-4,6]],[[4701,8061],[-1,0]],[[4700,8061],[7,17]],[[4707,8078],[-1,1]],[[4706,8079],[-23,14]],[[4683,8093],[0,3]],[[4683,8096],[-22,5]],[[4661,8101],[0,3]],[[4661,8104],[-1,0]],[[4660,8104],[-1,0]],[[4659,8104],[-1,12]],[[4670,8376],[8,10]],[[4678,8386],[1,7]],[[4679,8393],[12,30]],[[4691,8423],[6,8]],[[4697,8431],[31,-23]],[[4728,8408],[2,-10]],[[4730,8398],[50,-8]],[[4780,8390],[14,1]],[[4794,8391],[2,-6]],[[4725,8216],[7,20]],[[4774,8228],[0,-10]],[[4774,8218],[25,-76]],[[4799,8142],[3,0]],[[4802,8142],[5,2]],[[4807,8144],[0,3]],[[4807,8147],[-4,139]],[[4803,8286],[70,3]],[[5062,8216],[35,7]],[[5130,8116],[-233,33]],[[4897,8149],[-2,0]],[[4895,8149],[-50,-32]],[[4845,8117],[-3,0]],[[4842,8117],[-24,-5]],[[4818,8112],[-10,0]],[[4808,8112],[-24,-10]],[[4784,8102],[-2,0]],[[4782,8102],[-6,-1]],[[4867,8193],[4,0]],[[4871,8193],[-4,0]],[[4788,8150],[0,-1]],[[8729,9857],[4,-18]],[[8733,9839],[1,-5]],[[8738,9834],[0,-3]],[[8738,9831],[0,-5]],[[8738,9826],[-27,0]],[[8711,9840],[4,14]],[[4824,8406],[121,33]],[[8714,9162],[17,5]],[[8731,9167],[10,-25]],[[8741,9142],[-9,-29]],[[8730,9113],[-8,0]],[[8722,9121],[-8,41]],[[4908,8282],[20,-5]],[[8707,9052],[0,-3]],[[8701,9049],[-3,0]],[[4958,8469],[6,1]],[[4964,8470],[0,-23]],[[4956,8446],[2,23]],[[4998,8459],[1,-2]],[[4999,8457],[-1,2]],[[8672,9827],[15,4]],[[5005,8466],[8,4]],[[5013,8470],[1,-4]],[[5014,8466],[-7,-4]],[[5007,8462],[-2,4]],[[5051,8479],[5,8]],[[5056,8487],[-5,-8]],[[8650,9601],[4,28]],[[8654,9629],[4,1]],[[8658,9630],[7,0]],[[8665,9630],[-7,-31]],[[8658,9599],[-8,2]],[[5119,8457],[20,32]],[[5139,8489],[2,-27]],[[5121,8456],[-2,1]],[[5131,8107],[1,2]],[[5132,8109],[1,5]],[[5434,8083],[-1,-9]],[[5433,8074],[-6,-1]],[[5427,8073],[-8,0]],[[5419,8073],[-1,0]],[[5418,8073],[-45,11]],[[5373,8084],[-3,0]],[[5370,8084],[-19,9]],[[5351,8093],[0,-2]],[[5351,8091],[-33,-25]],[[5318,8066],[0,-1]],[[5318,8065],[-136,37]],[[5182,8102],[-13,9]],[[5169,8111],[-3,0]],[[5166,8111],[-24,3]],[[5142,8114],[-11,-7]],[[8647,9701],[1,0]],[[8648,9701],[17,-21]],[[8663,9680],[-16,21]],[[5406,8076],[-1,0]],[[5463,8088],[-14,-7]],[[7952,9691],[10,4]],[[7962,9695],[-3,11]],[[7959,9706],[34,-3]],[[7993,9703],[3,-8]],[[7996,9695],[22,0]],[[8018,9695],[9,3]],[[8027,9698],[5,-12]],[[8032,9686],[8,-1]],[[8040,9685],[10,3]],[[8053,9695],[16,5]],[[8069,9696],[2,10]],[[8077,9706],[17,13]],[[8097,9721],[46,5]],[[8146,9726],[12,8]],[[8158,9734],[4,17]],[[8162,9751],[7,-5]],[[8169,9746],[17,7]],[[8186,9753],[-2,5]],[[8184,9758],[36,10]],[[8227,9768],[5,0]],[[8233,9765],[14,19]],[[8247,9784],[22,9]],[[8269,9793],[32,21]],[[8301,9814],[128,45]],[[8429,9859],[11,15]],[[8440,9874],[95,64]],[[8535,9938],[8,3]],[[8543,9941],[47,-61]],[[8590,9880],[5,0]],[[8595,9880],[9,0]],[[8604,9880],[1,0]],[[8605,9880],[9,2]],[[8614,9882],[4,0]],[[8618,9882],[1,0]],[[8619,9882],[1,-35]],[[8620,9847],[0,-5]],[[8620,9842],[1,-3]],[[8621,9839],[0,-2]],[[8621,9837],[-52,-94]],[[8567,9741],[1,-8]],[[8568,9731],[-28,-13]],[[8532,9718],[-15,3]],[[8518,9721],[20,-8]],[[8541,9713],[35,15]],[[8577,9728],[4,-2]],[[8582,9726],[23,-66]],[[8605,9660],[6,-88]],[[8611,9572],[8,7]],[[8619,9579],[3,3]],[[8622,9582],[4,-8]],[[8626,9574],[2,-13]],[[8628,9561],[7,-10]],[[8635,9551],[-17,-91]],[[8618,9460],[-105,35]],[[8513,9495],[-36,82]],[[8477,9579],[-34,30]],[[8441,9609],[-141,16]],[[8299,9625],[-87,-20]],[[8212,9605],[-32,-4]],[[8180,9601],[1,-7]],[[8181,9594],[12,-17]],[[8193,9577],[-13,-21]],[[8180,9556],[-12,0]],[[8164,9556],[-5,2]],[[8159,9549],[-4,-23]],[[8155,9525],[-15,-42]],[[8140,9480],[-14,-10]],[[8126,9470],[-26,0]],[[8100,9470],[-2,-3]],[[8097,9467],[-15,25]],[[8082,9492],[0,3]],[[8082,9495],[-10,21]],[[8072,9516],[-13,-1]],[[8059,9515],[-10,10]],[[8049,9525],[-1,8]],[[8048,9533],[-40,41]],[[8008,9574],[-1,13]],[[8007,9587],[2,12]],[[8008,9599],[-2,6]],[[8006,9607],[-6,12]],[[8000,9619],[2,3]],[[8002,9622],[-31,25]],[[7971,9647],[-10,38]],[[7961,9685],[-9,6]],[[8427,9634],[0,0]],[[8285,9632],[26,0],[4,13],[-21,7],[-9,-20]],[[8399,9650],[5,-13]],[[8404,9637],[0,-17]],[[8410,9620],[2,15]],[[8412,9635],[4,15]],[[8416,9650],[7,-3]],[[8423,9647],[2,1]],[[8425,9648],[0,4]],[[8423,9655],[-10,-5]],[[8415,9650],[-11,2]],[[8403,9652],[-9,13]],[[8386,9665],[-2,-2]],[[8383,9663],[0,-3]],[[8384,9658],[1,-1]],[[8384,9653],[0,-1]],[[8387,9652],[9,-2]],[[8366,9630],[2,0]],[[8368,9630],[11,2]],[[8377,9634],[-7,14]],[[8370,9650],[-4,3]],[[8365,9653],[-6,7]],[[8356,9662],[-2,-5]],[[8352,9655],[-9,-2]],[[8343,9653],[-6,0]],[[8331,9653],[5,-24]],[[8347,9629],[19,1]],[[8485,9719],[15,12]],[[8496,9731],[-10,-10]],[[5478,8079],[-9,9]],[[8632,8715],[4,-10]],[[8637,8710],[-5,5]],[[5523,8073],[-18,1]],[[5653,8109],[0,-3]],[[5653,8106],[-66,-32]],[[5673,8256],[16,-5]],[[5672,8248],[-1,0]],[[8626,9665],[1,-2]],[[8627,9663],[2,0]],[[8629,9663],[11,2]],[[8640,9665],[24,-13]],[[8664,9652],[-34,48]],[[8630,9700],[-4,-35]],[[5693,8167],[-5,-12]],[[5688,8155],[-16,-8]],[[8617,9701],[12,-1]],[[8629,9700],[-12,1]],[[5679,8282],[20,12]],[[5720,8294],[-39,-12]],[[5681,8282],[-1,-1]],[[8613,8442],[170,-57]],[[8783,8385],[-83,-263],[-87,320]],[[5712,8226],[-8,-24]],[[5735,8286],[-10,6]],[[5739,8281],[-4,5]],[[5749,8272],[-5,9]],[[8581,9607],[0,0]],[[8558,9943],[38,-5]],[[8596,9938],[5,-48]],[[8601,9890],[-1,0]],[[8600,9890],[-14,0]],[[8586,9890],[-17,3]],[[8569,9893],[-1,0]],[[8568,9893],[-10,50]],[[6035,8740],[15,-5]],[[8522,8823],[-3,-20]],[[8501,9490],[1,-5]],[[8501,9480],[23,-78]],[[8526,9402],[6,-8]],[[6057,8743],[0,4]],[[6057,8747],[10,6]],[[6079,8753],[41,-6]],[[6121,8747],[7,13]],[[6128,8762],[8,4]],[[6138,8766],[4,-4]],[[6057,8742],[0,1]],[[8665,9531],[16,12]],[[8684,9543],[8,15]],[[8692,9561],[1,18]],[[8693,9579],[54,60]],[[8747,9639],[24,9]],[[8771,9648],[67,-82]],[[8838,9566],[-117,-23]],[[8718,9543],[-32,-37]],[[8686,9506],[20,-33]],[[8703,9482],[232,-183]],[[8935,9299],[-18,-43]],[[8917,9256],[-22,-35]],[[8895,9219],[-15,-78]],[[8880,9141],[-29,-195]],[[8847,8945],[-28,77]],[[8820,9026],[2,8]],[[8817,9042],[-2,5]],[[8824,9045],[16,23]],[[8841,9070],[2,7]],[[8843,9077],[-4,5]],[[8839,9082],[-7,6]],[[8832,9088],[-30,57]],[[8802,9145],[-28,-3]],[[8774,9142],[-26,59]],[[8748,9201],[-55,89]],[[8691,9289],[-6,-7]],[[8685,9282],[-21,20]],[[8664,9302],[-36,21]],[[8628,9323],[-14,13]],[[8614,9336],[1,7]],[[8615,9343],[2,2]],[[8617,9346],[-14,-1]],[[8600,9345],[-35,11]],[[8565,9356],[-8,2]],[[8557,9358],[-26,0]],[[8528,9358],[31,-17]],[[8559,9341],[0,-1]],[[8559,9340],[-11,-7]],[[8547,9333],[-43,-21]],[[8504,9312],[-31,-32]],[[8473,9280],[-1,-11]],[[8465,9259],[-52,-26]],[[8559,9391],[100,127]],[[8659,9518],[6,13]],[[8742,9572],[-1,-8],[5,-15],[11,4],[-15,19]],[[8837,9330],[3,16],[-15,2],[9,-7],[3,-11]],[[8860,9045],[-1,-6]],[[8859,9040],[0,2]],[[8599,8484],[10,-20]],[[8609,8464],[2,0]],[[8611,8464],[-98,-98]],[[8513,8366],[-33,12]],[[8480,8378],[-6,0]],[[8474,8378],[-10,-3]],[[8464,8375],[-5,0]],[[8459,8375],[-58,44]],[[8401,8419],[3,4]],[[8404,8423],[15,5]],[[8419,8428],[10,0]],[[8429,8428],[34,33]],[[8412,9011],[-13,-37]],[[8399,8974],[13,37]],[[6142,8762],[1,0]],[[6146,8762],[7,3]],[[6153,8766],[21,-3]],[[6174,8762],[38,1]],[[6370,8274],[12,-11]],[[6382,8263],[8,-10]],[[6390,8253],[-19,-28]],[[6371,8225],[-7,3]],[[6359,8284],[11,-10]],[[6364,8218],[1,-13]],[[8322,8289],[55,74]],[[8377,8363],[0,2]],[[8377,8365],[2,1]],[[8379,8366],[4,0]],[[8383,8366],[-3,55]],[[8380,8421],[2,5]],[[8382,8426],[30,-69]],[[8412,8357],[0,-7]],[[8412,8350],[6,-2]],[[8418,8348],[13,-61]],[[8431,8287],[-58,-5]],[[8373,8282],[-20,2]],[[8353,8284],[-31,5]],[[8362,9178],[-15,-23]],[[8347,9155],[20,-2]],[[8367,9153],[26,-73]],[[8393,9077],[7,-32]],[[8400,9037],[0,-10]],[[8400,9024],[-39,-50]],[[8361,8976],[-14,-2]],[[8344,8974],[-37,10]],[[8366,9204],[-4,-26]],[[6367,8205],[0,0]],[[8299,9814],[2,0]],[[6376,8870],[11,10]],[[6388,8880],[11,-5]],[[8274,8330],[43,-41]],[[8317,8289],[-43,41]],[[8281,8684],[10,-5]],[[8280,8643],[-17,49]],[[8253,8396],[0,4]],[[8253,8400],[0,-4]],[[6400,8877],[35,33]],[[6435,8910],[19,7]],[[6454,8917],[0,-7]],[[6462,8908],[1,-1]],[[6465,8907],[9,63]],[[6473,8978],[16,34]],[[6489,9021],[17,13]],[[6509,9034],[14,10]],[[6523,9044],[-5,5]],[[6524,9050],[12,7]],[[6542,9064],[6,-2]],[[6548,9062],[-86,-154]],[[6477,8291],[-8,24]],[[8227,9399],[-10,107]],[[8430,8587],[17,-12]],[[8464,8467],[17,56]],[[8481,8523],[-4,0]],[[8477,8523],[-25,-76]],[[8452,8447],[-2,0]],[[8450,8447],[-3,-3]],[[8447,8444],[-3,-2]],[[8444,8442],[-6,-8]],[[8438,8434],[-1,0]],[[8437,8434],[-8,-3]],[[8429,8431],[-16,0]],[[8413,8431],[-93,13]],[[8320,8444],[-1,0]],[[8319,8444],[-104,74]],[[8215,8518],[0,2]],[[8215,8520],[13,20]],[[8228,8540],[69,58]],[[6493,8272],[-4,-6]],[[6489,8266],[-1,5]],[[6488,8271],[-8,16]],[[8215,9521],[2,63]],[[6504,8256],[5,2]],[[6514,8259],[-5,-8]],[[6509,8251],[-5,5]],[[6888,8246],[-130,-15]],[[6758,8231],[-66,8]],[[6690,8238],[-48,-25]],[[6642,8213],[-66,2]],[[6576,8215],[-11,16]],[[6565,8231],[-15,-1]],[[6550,8230],[-28,23]],[[6522,8253],[-3,11]],[[8267,8462],[-33,-59]],[[8234,8403],[0,1]],[[8234,8404],[-32,88]],[[8202,8492],[7,2]],[[8209,8494],[5,1]],[[8214,8495],[1,0]],[[8215,8495],[5,0]],[[8220,8495],[1,0]],[[8221,8495],[46,-33]],[[6556,9070],[0,0]],[[8195,9577],[-2,0]],[[6561,9070],[1,0],[-1,0]],[[6793,9223],[3,52]],[[6796,9275],[6,9]],[[6802,9284],[-1,5]],[[6801,9289],[25,1]],[[6826,9290],[0,-3]],[[6804,9186],[-3,0]],[[6801,9186],[-8,37]],[[6799,9118],[17,37]],[[6808,9165],[0,2],[6,-10],[-6,8]],[[8174,9758],[-2,0]],[[6850,9304],[16,36]],[[6866,9340],[-1,0]],[[6865,9340],[43,25]],[[6909,9365],[0,1]],[[6909,9366],[12,5]],[[6872,9277],[-6,-2]],[[6833,9289],[17,15]],[[8165,9247],[63,76]],[[8150,9065],[-34,41]],[[8112,9345],[-18,21]],[[8070,8437],[26,-8],[1,-10],[-28,-1],[1,19]],[[8198,8447],[0,2]],[[8198,8449],[-131,49]],[[8067,8498],[-3,0]],[[8064,8498],[6,5]],[[8070,8503],[6,2]],[[8076,8505],[11,8]],[[8087,8513],[1,0]],[[8088,8513],[27,51]],[[8115,8564],[3,3]],[[8118,8567],[18,6]],[[8136,8573],[1,0]],[[8137,8573],[61,-124]],[[8049,8730],[21,-1]],[[8070,8729],[-21,1]],[[8052,8444],[12,-7],[0,-8],[-23,2],[11,13]],[[7105,8144],[1,-5]],[[7106,8139],[-4,-4]],[[7102,8135],[-8,-3]],[[7094,8132],[-6,0]],[[7088,8132],[-103,36]],[[6985,8168],[0,5]],[[6985,8173],[-95,71]],[[8032,8494],[1,0]],[[8033,8494],[17,-2]],[[8050,8492],[0,-2]],[[8050,8490],[-18,4]],[[8026,8527],[3,0]],[[8029,8527],[30,37]],[[8059,8564],[1,0]],[[8060,8564],[49,151]],[[8109,8715],[142,-16]],[[8261,8692],[3,-28]],[[8264,8664],[1,-1]],[[8265,8663],[11,-22]],[[8276,8641],[-2,-2]],[[8274,8639],[-28,-84]],[[8237,8552],[-30,-52]],[[8207,8500],[-2,-2]],[[8205,8498],[-21,20]],[[8184,8518],[0,7]],[[8184,8525],[-40,52]],[[8144,8577],[-3,0]],[[8141,8577],[-50,-49]],[[8091,8528],[1,-1]],[[8092,8527],[-2,-7]],[[8090,8520],[-1,0]],[[8089,8520],[-8,-8]],[[8081,8512],[-9,0]],[[8072,8512],[-6,-5]],[[8066,8507],[-17,-10]],[[8049,8497],[-20,0]],[[8029,8497],[-22,-3]],[[8007,8494],[19,33]],[[7959,9706],[0,2]],[[7959,9708],[8,1]],[[6921,9386],[1,0]],[[6922,9386],[3,-2]],[[6921,9378],[-3,5]],[[6918,9383],[3,3]],[[6941,9399],[25,-5]],[[6966,9394],[32,-11]],[[7899,8498],[9,-6]],[[7908,8492],[-6,0]],[[7902,8492],[-3,6]],[[7897,8498],[1,2]],[[7898,8500],[-1,-2]],[[7000,9384],[13,0]],[[7067,9485],[17,10]],[[7013,9394],[54,91]],[[7197,8282],[-20,-89]],[[7177,8193],[-6,-13]],[[7171,8180],[-1,0]],[[7170,8180],[-6,-2]],[[7164,8178],[2,0]],[[7166,8178],[-14,-19]],[[7152,8159],[-1,0]],[[7151,8159],[-1,-2]],[[7150,8157],[-2,0]],[[7148,8157],[-4,-2]],[[7144,8155],[-2,-1]],[[7142,8154],[-20,-7]],[[7114,8150],[1,-3]],[[7115,8147],[-2,0]],[[7113,8147],[-1,0]],[[7704,8485],[-9,-53]],[[7695,8432],[-157,-52]],[[7538,8380],[0,-2]],[[7538,8378],[-273,-68]],[[7265,8310],[-67,-31]],[[7409,8324],[-3,6],[-23,-11],[11,-5],[15,10]],[[7170,9510],[8,3]],[[7796,9014],[-147,-16]],[[7785,9037],[-8,-5],[-1,-6],[12,-5],[-3,16]],[[7750,9037],[-1,0]],[[7749,9037],[-1,7]],[[7747,9044],[1,0]],[[7748,9044],[-12,16]],[[7736,9060],[-2,0]],[[7734,9060],[16,-23]],[[7189,9571],[2,-7],[-8,0],[2,7],[4,0]],[[7213,9511],[57,-9]],[[7231,8661],[20,20],[49,-30],[-66,-61],[-3,71]],[[7589,9668],[27,17]],[[7616,9685],[1,-2]],[[7617,9683],[38,-23]],[[7655,9660],[-1,-5]],[[7654,9655],[36,-38]],[[7694,9617],[5,2]],[[7699,9619],[0,-2]],[[7699,9614],[2,-2]],[[7702,9612],[3,-3]],[[7705,9605],[7,4]],[[7712,9609],[14,1]],[[7726,9610],[2,-1]],[[7728,9609],[3,-7]],[[7641,9604],[-39,16]],[[7601,9622],[-8,-2]],[[7590,9620],[-16,-3]],[[7255,9059],[-24,-12]],[[7462,9582],[3,0]],[[7469,9584],[8,5]],[[7477,9597],[12,15]],[[7489,9612],[0,2]],[[7489,9614],[9,5]],[[7498,9619],[1,0]],[[7499,9619],[8,3]],[[7507,9622],[0,3]],[[7507,9625],[5,0]],[[7512,9625],[18,4]],[[7530,9629],[0,1]],[[7530,9630],[7,9]],[[7537,9639],[2,0]],[[7539,9639],[11,-2]],[[7501,9526],[99,79]],[[7740,9510],[32,-5]],[[7428,9619],[10,-4]],[[7438,9615],[19,-13]],[[7457,9602],[0,-1]],[[7457,9601],[3,-14]],[[7428,9614],[0,5]],[[7425,8512],[3,-35],[-9,-3],[-7,49],[13,-11]],[[7271,9502],[25,11]],[[7296,9513],[2,7]],[[7298,9520],[15,6]],[[7298,9493],[-1,-6]],[[7332,9525],[25,26]],[[7357,9551],[63,61]],[[7375,9483],[-7,-1]],[[7361,9195],[4,3]],[[7393,9172],[-47,14]],[[7377,9095],[-7,0]],[[7362,9095],[-7,0]],[[7371,9285],[31,-26]],[[7545,9092],[0,19]],[[7458,9126],[-1,-6]],[[7381,9150],[0,152]],[[7405,9315],[2,-3],[3,1],[-2,4],[-3,-2]],[[7399,9333],[4,-15],[14,9],[-3,9],[-15,-3]],[[7651,9128],[-1,-26],[12,-4],[4,18],[-15,12]],[[7690,9267],[14,10]],[[7704,9277],[-4,8]],[[7700,9285],[-14,-10]],[[7686,9275],[4,-8]],[[7580,9264],[-8,-35],[9,-23],[19,32],[-20,26]],[[7412,9299],[4,-14],[-18,-3],[35,-129],[28,139],[-49,7]],[[6528,8763],[-86,-43]],[[6430,8722],[-91,-53]],[[6252,8681],[-108,28]],[[7194,9424],[12,-13]],[[4241,8276],[5,0]],[[4251,8261],[-112,-2]],[[4507,8315],[-32,0]],[[7162,9460],[-11,10]],[[4612,8360],[2,-13]],[[4601,8315],[-24,-6]],[[7123,8839],[13,3]],[[7137,9468],[5,-3]],[[7154,9457],[7,-7]],[[7167,9447],[8,5]],[[7205,9445],[-41,-28]],[[7164,9417],[-23,-13]],[[7141,9404],[-1,0]],[[7140,9404],[-28,0]],[[4635,8329],[-10,24]],[[7078,8831],[9,1]],[[4635,8202],[28,-38]],[[6962,8838],[25,4]],[[4673,8334],[-32,-9]],[[7033,8951],[-50,2]],[[4847,8395],[-21,-2]],[[6978,8953],[-31,-5]],[[5318,8419],[-17,-8]],[[6883,8796],[29,22]],[[5476,8173],[167,19]],[[5644,8193],[22,27]],[[5707,8218],[0,-8]],[[5665,8134],[-1,-7]],[[6905,8935],[-26,-13]],[[6858,8910],[-35,-28]],[[5745,8615],[-18,-10]],[[6032,8696],[-94,-43]],[[5892,8404],[73,111]],[[6812,8872],[-19,-16]],[[6631,8648],[128,20]],[[6738,8601],[-1,0]],[[5950,8157],[87,-43]],[[6178,8114],[72,-3]],[[6263,8109],[-48,-7]],[[6215,8102],[0,2]],[[6215,8104],[-3,3]],[[6212,8107],[-34,10]],[[6178,8114],[-4,-3]],[[6174,8111],[-13,-2]],[[6161,8109],[-5,-2]],[[6156,8107],[-1,-3]],[[6155,8104],[0,-2]],[[6155,8102],[-6,-9]],[[6149,8093],[-7,0]],[[6142,8093],[1,-5]],[[6143,8088],[-10,1]],[[6133,8089],[-98,25]],[[6035,8114],[0,-2]],[[6035,8112],[-13,-5]],[[6022,8107],[-10,7]],[[6012,8114],[-3,0]],[[6009,8114],[-67,38]],[[5942,8152],[-1,0]],[[5941,8152],[-5,0]],[[5936,8152],[-115,119]],[[5821,8271],[-5,-2]],[[5816,8269],[-8,-1]],[[5808,8268],[-6,-9]],[[5802,8259],[-7,-3]],[[5795,8256],[0,5]],[[6324,8129],[-6,-8]],[[6318,8121],[-3,-5]],[[6315,8116],[-2,-4]],[[6313,8112],[-8,2]],[[6305,8114],[-6,-3]],[[6299,8111],[-2,5]],[[6297,8116],[0,1]],[[6340,8162],[38,35]],[[6376,8203],[1,-1]],[[6377,8202],[1,-9]],[[6378,8193],[2,0]],[[6380,8193],[-4,-13]],[[6376,8180],[-3,0]],[[6373,8180],[-34,-21]],[[6339,8157],[1,-18]],[[6340,8139],[-3,0]],[[6337,8139],[-1,0]],[[6336,8139],[-12,-10]],[[6324,8129],[-19,-15]],[[6305,8114],[-3,0]],[[6302,8114],[-6,8]],[[6282,8119],[-32,-7]],[[6250,8112],[0,-1]],[[6250,8111],[-72,6]],[[6178,8117],[0,-3]],[[6178,8114],[-141,0]],[[6037,8114],[-2,0]],[[6035,8114],[-85,43]],[[5950,8157],[-14,-3]],[[5936,8152],[0,2]],[[5936,8154],[-141,107]],[[5795,8261],[-13,10]],[[5782,8271],[-1,5]],[[5781,8276],[-14,-7]],[[5767,8268],[0,1]],[[5767,8269],[-6,5]],[[5761,8274],[-4,-2]],[[6263,8109],[19,10]],[[6282,8119],[14,3]],[[6296,8122],[1,-3]],[[6298,8119],[-1,0]],[[6297,8117],[0,2]],[[6297,8119],[-34,-10]],[[6285,8116],[0,0]],[[7751,8879],[38,-15]],[[7789,8864],[7,-3]],[[7796,8861],[42,-20]],[[7894,8821],[8,-2]],[[7902,8819],[5,0]],[[7925,8816],[10,-2]],[[7969,8813],[54,-4]],[[8032,8806],[41,-20]],[[8073,8786],[-16,0]],[[8057,8786],[-12,-6]],[[8045,8780],[-2,0]],[[7997,8755],[-29,-15]],[[7968,8740],[-35,0]],[[7933,8740],[-15,2]],[[7918,8742],[-3,0]],[[4137,8266],[104,10]],[[4241,8276],[-102,-17]],[[4139,8259],[-2,7]],[[8798,9605],[10,-13],[-27,-16],[17,15],[0,14]],[[4246,8276],[14,15]],[[4260,8291],[7,6]],[[4267,8297],[86,32]],[[4355,8329],[-2,0]],[[4353,8329],[80,107]],[[4433,8439],[0,-3]],[[4433,8436],[159,-66]],[[4592,8370],[16,6]],[[4608,8376],[4,-16]],[[4612,8360],[-35,-51]],[[4577,8309],[-70,6]],[[4507,8315],[-32,0]],[[4475,8315],[-29,-6]],[[4446,8309],[-95,-15]],[[4351,8294],[-7,-3]],[[4344,8291],[-24,-14]],[[4320,8277],[-69,-16]],[[4251,8261],[-5,15]],[[8795,9167],[-3,26]],[[8792,9193],[-21,-5]],[[8766,9195],[49,13]],[[8816,9208],[6,-20]],[[8832,9188],[-35,-21]],[[4352,8167],[9,0]],[[4361,8167],[0,-10]],[[4361,8157],[0,-2]],[[4361,8155],[-9,12]],[[8781,8839],[17,5]],[[8798,8844],[65,-44]],[[8863,8800],[4,-38]],[[8867,8762],[1,-25]],[[8868,8737],[0,-32]],[[8868,8705],[-87,134]],[[8805,8758],[3,-15],[20,7],[-4,13],[-19,-5]],[[8751,8884],[0,-15]],[[8751,8866],[0,16]],[[4614,8347],[-13,-32]],[[4601,8315],[13,32]],[[8732,9034],[-8,5],[6,10],[7,-13],[-5,-2]],[[8734,9021],[37,-20]],[[8775,8998],[-4,-14]],[[8770,8981],[-6,0]],[[8762,8981],[-2,-16]],[[8760,8961],[-21,-26]],[[8733,8935],[9,23]],[[8749,8958],[-11,35]],[[8738,8999],[-10,10]],[[8728,9012],[-6,-1]],[[8722,9022],[-6,12]],[[8718,9034],[17,-13]],[[4623,8363],[18,5]],[[4641,8370],[0,-2]],[[4641,8368],[24,10]],[[4665,8378],[4,0]],[[4669,8378],[1,-2]],[[4670,8376],[126,9]],[[4796,8385],[-123,-51]],[[4673,8334],[-32,-9]],[[4641,8325],[-6,4]],[[4635,8329],[-10,24]],[[4625,8353],[-2,10]],[[4690,8165],[35,51]],[[4725,8216],[37,-107]],[[4762,8109],[14,-8]],[[4776,8101],[-1,-2]],[[4775,8099],[-2,0]],[[4773,8099],[-2,0]],[[4771,8099],[-1,0]],[[4770,8099],[-4,-1]],[[4766,8098],[-1,0]],[[4765,8098],[-1,0]],[[4764,8098],[-10,1]],[[4754,8099],[-1,0]],[[4753,8099],[-45,28]],[[4708,8127],[0,4]],[[4708,8131],[2,0]],[[4710,8131],[-20,34]],[[8764,8600],[-35,15]],[[8729,8615],[35,-15]],[[4744,8058],[-3,-8]],[[4741,8050],[-4,0]],[[4737,8050],[-5,0]],[[4732,8050],[-3,0]],[[4729,8050],[-3,0]],[[4726,8050],[-1,11]],[[4725,8061],[-2,0]],[[4723,8061],[2,12]],[[4725,8073],[3,0]],[[4728,8073],[16,-15]],[[8695,8826],[-9,-2]],[[8686,8823],[10,8]],[[4732,8236],[39,41]],[[4771,8277],[3,-23]],[[4774,8254],[0,-26]],[[4774,8228],[-42,8]],[[8669,8877],[-1,5]],[[8666,8884],[-9,14]],[[8655,8908],[6,2]],[[8661,8910],[9,-40]],[[4824,8406],[121,33]],[[4945,8439],[-98,-44]],[[4847,8395],[-21,-2]],[[4826,8393],[-2,13]],[[8673,9393],[30,-28],[-17,-30],[-38,43],[25,15]],[[4873,8289],[35,-7]],[[4908,8282],[20,-5]],[[4928,8277],[548,-104]],[[5476,8173],[1,-47]],[[5477,8126],[14,-14]],[[5491,8112],[0,2]],[[5491,8114],[-14,12]],[[5477,8126],[96,-47]],[[5573,8081],[0,-2]],[[5573,8079],[91,48]],[[5664,8127],[-11,-18]],[[5653,8109],[-66,-35]],[[5587,8074],[-60,-6]],[[5527,8068],[-4,5]],[[5523,8073],[-18,1]],[[5505,8074],[-27,5]],[[5478,8079],[-9,9]],[[5469,8088],[-6,0]],[[5463,8088],[-14,-7]],[[5449,8081],[-15,2]],[[5434,8083],[-301,31]],[[5133,8114],[-3,2]],[[5130,8116],[-33,107]],[[5097,8223],[-11,-3]],[[5086,8220],[-13,-2]],[[5073,8218],[-11,-2]],[[5062,8216],[-9,-1]],[[5053,8215],[-33,-5]],[[5020,8210],[-122,-60]],[[4898,8150],[-38,14]],[[4860,8164],[3,0]],[[4863,8164],[3,0]],[[4866,8164],[1,0]],[[4867,8164],[-14,13]],[[4853,8177],[-5,0]],[[4848,8177],[36,13]],[[4884,8190],[5,3]],[[4889,8193],[-8,46]],[[4881,8239],[-3,0]],[[4878,8239],[-17,19]],[[4861,8258],[0,1]],[[4861,8259],[12,30]],[[8714,9068],[-2,9]],[[8712,9080],[3,-21]],[[8715,9059],[-9,-4]],[[8706,9055],[-8,-6]],[[8698,9049],[-6,-2]],[[8692,9047],[-35,31]],[[8655,9078],[-4,10]],[[8645,9087],[-3,13]],[[8639,9102],[-27,28]],[[8617,9130],[23,-7]],[[8639,9121],[26,-15]],[[8665,9103],[22,-11]],[[8689,9090],[25,-22]],[[4964,8447],[-8,-1]],[[4956,8446],[8,1]],[[8629,8925],[8,-40]],[[8618,8880],[-8,5]],[[8609,8885],[-17,28]],[[8600,8913],[0,2]],[[8600,8922],[5,0]],[[8605,8915],[0,-2]],[[8611,8915],[15,10]],[[5121,8456],[20,6]],[[5141,8462],[-20,-6]],[[8611,9044],[41,-18]],[[8652,9024],[12,-10]],[[8664,9006],[6,-38]],[[8665,8968],[-1,0]],[[8664,8955],[-22,-5]],[[8642,8956],[-15,-8]],[[8613,8946],[-10,-1]],[[8602,8945],[-2,33]],[[8601,8979],[0,5]],[[8604,8984],[2,56]],[[5192,8439],[19,28]],[[5211,8467],[3,0]],[[5214,8467],[139,-8]],[[5353,8459],[9,0]],[[5362,8459],[8,-7]],[[5370,8452],[-52,-33]],[[5318,8419],[-17,-8]],[[5301,8411],[-109,28]],[[8515,9778],[14,8],[20,-23],[-23,-16],[-11,31]],[[5377,8464],[5,-2]],[[5382,8462],[-4,-3]],[[5378,8459],[-1,5]],[[8505,9809],[8,7],[19,-7],[-15,-16],[-12,16]],[[5473,8554],[69,39]],[[5542,8593],[18,12]],[[5572,8615],[8,5]],[[5624,8633],[0,1]],[[5625,8634],[53,68]],[[5678,8702],[0,2]],[[5678,8704],[178,72]],[[5856,8776],[1,0]],[[5857,8776],[178,-36]],[[6035,8740],[15,-5]],[[6050,8735],[1,0]],[[6051,8735],[0,2]],[[6051,8737],[1,1]],[[6052,8737],[0,1]],[[6052,8738],[0,4]],[[6052,8742],[3,0]],[[6055,8742],[2,0]],[[6057,8742],[68,-7]],[[6125,8735],[0,-1]],[[6125,8734],[16,28]],[[6141,8762],[1,0]],[[6142,8762],[15,-17]],[[6156,8745],[1,0]],[[6157,8745],[17,18]],[[6174,8763],[0,-1]],[[6174,8762],[38,1]],[[6212,8763],[-1,-6]],[[6370,8859],[6,11]],[[6376,8870],[23,5]],[[6399,8875],[1,2]],[[6400,8877],[35,33]],[[6435,8910],[19,0]],[[6454,8910],[5,-2]],[[6459,8908],[3,0]],[[6462,8908],[1,-1]],[[6463,8907],[2,0]],[[6465,8907],[83,155]],[[6548,9062],[44,-13]],[[6592,9049],[36,-13]],[[6628,9036],[20,0]],[[6648,9036],[15,3]],[[6663,9039],[5,0]],[[6668,9039],[12,-3]],[[6680,9036],[33,-4]],[[6713,9032],[16,-3]],[[6729,9029],[3,0]],[[6732,9029],[6,0]],[[6738,9029],[61,89]],[[6799,9118],[17,37]],[[6816,9155],[151,48]],[[6967,9203],[6,0]],[[6973,9203],[18,0]],[[6991,9203],[10,0]],[[7001,9203],[364,114]],[[7365,9317],[0,-7]],[[7365,9310],[3,-13]],[[7368,9297],[1,-7]],[[7369,9290],[2,-5]],[[7371,9285],[31,-26]],[[7402,9259],[-9,-87]],[[7393,9172],[-28,26]],[[7365,9198],[-71,87]],[[7294,9285],[4,-8]],[[7298,9277],[63,-82]],[[7361,9195],[-15,-9]],[[7346,9186],[-313,-235]],[[7033,8951],[-50,2]],[[6983,8953],[-5,0]],[[6978,8953],[-31,-5]],[[6947,8948],[-42,-13]],[[6905,8935],[-26,-13]],[[6879,8922],[-21,-12]],[[6858,8910],[-49,-10]],[[6809,8900],[0,-2]],[[6809,8898],[14,-16]],[[6823,8882],[-11,-10]],[[6812,8872],[-19,-16]],[[6793,8856],[-265,-93]],[[6528,8763],[-113,71]],[[6415,8834],[2,-2]],[[6417,8832],[-273,-123]],[[6144,8709],[-112,-13]],[[6032,8696],[-156,52],[-140,-76],[202,-19]],[[5938,8653],[-193,-38]],[[5745,8615],[-18,-10]],[[5727,8605],[-306,-107]],[[5421,8498],[49,52]],[[7020,9188],[-5,-12],[9,-3],[1,13],[-5,2]],[[7263,9170],[-5,5],[-12,-8],[9,-9],[8,12]],[[7286,9224],[1,23],[-26,-16],[6,-10],[19,3]],[[7060,9073],[-7,-24],[26,5],[0,14],[-19,5]],[[6820,8951],[-13,-11],[53,-2],[-14,17],[-26,-4]],[[6547,8900],[12,20]],[[6559,8920],[-12,-20]],[[5696,8620],[-68,-15],[-3,-18],[46,-7],[25,40]],[[6576,8988],[0,-2]],[[6576,8986],[0,2]],[[6721,8910],[-1,0]],[[6720,8910],[23,12]],[[6743,8922],[0,1]],[[6743,8923],[52,38]],[[6795,8961],[1,-1]],[[6796,8960],[-9,39]],[[6787,8999],[-2,0]],[[6785,8999],[-9,-5]],[[6776,8994],[-55,-84]],[[8513,9596],[13,-2],[10,0],[-31,-26],[8,28]],[[5643,8192],[1,1]],[[5644,8193],[10,-10]],[[5654,8185],[0,-2]],[[5654,8183],[-11,9]],[[8463,8461],[1,6]],[[8464,8467],[16,63]],[[8480,8530],[-3,0]],[[8477,8530],[-30,45]],[[8447,8575],[152,-91]],[[8599,8484],[-18,-32]],[[8581,8452],[-4,0]],[[8577,8452],[-114,9]],[[5679,8282],[1,-1]],[[5680,8281],[-7,-25]],[[5673,8256],[-2,-8]],[[5671,8248],[8,34]],[[5707,8210],[-3,-8]],[[5704,8202],[-11,-35]],[[5693,8167],[-21,-20]],[[5672,8147],[-7,-13]],[[5665,8134],[42,76]],[[5672,8248],[17,3]],[[5689,8251],[23,-25]],[[5712,8226],[-5,-8]],[[5707,8218],[-41,2]],[[5666,8220],[6,28]],[[8410,9799],[-14,-23]],[[8395,9776],[7,23]],[[8291,8679],[139,-92]],[[8430,8587],[-20,-38]],[[8410,8549],[-3,0]],[[8407,8549],[-48,-19]],[[8359,8530],[3,0]],[[8362,8530],[25,-7]],[[8387,8523],[60,-29]],[[8447,8494],[5,-30]],[[8452,8464],[-3,0]],[[8449,8464],[-96,28]],[[8353,8492],[-5,2]],[[8348,8494],[-51,104]],[[8297,8598],[-17,45]],[[8280,8643],[11,36]],[[8251,8699],[30,-15]],[[8281,8684],[-10,5]],[[8271,8689],[-2,0]],[[8269,8689],[-4,2]],[[8265,8691],[-2,0]],[[8263,8691],[0,1]],[[8263,8692],[-2,0]],[[8261,8692],[-10,7]],[[8250,8623],[10,-2],[1,-20],[-14,7],[3,15]],[[8248,8651],[3,2],[7,-15],[-13,-4],[3,17]],[[8246,8555],[-9,-3]],[[8237,8552],[9,3]],[[6339,8669],[-87,12]],[[6252,8681],[87,-12]],[[8150,9231],[0,7]],[[8150,9241],[15,6]],[[8165,9247],[-49,-141]],[[8116,9106],[20,-28]],[[8136,9078],[9,-10]],[[8145,9068],[5,-3]],[[8150,9065],[39,8]],[[8189,9083],[-17,118]],[[8175,9201],[59,71]],[[8236,9275],[14,5]],[[8250,9284],[4,1]],[[8260,9285],[-32,38]],[[8228,9323],[-1,76]],[[8227,9399],[30,91]],[[8257,9492],[-40,14]],[[8217,9506],[-2,15]],[[8215,9521],[2,55]],[[8217,9576],[0,8]],[[8217,9584],[284,-94]],[[8501,9490],[1,-5]],[[8502,9485],[-1,-5]],[[8501,9480],[-28,-16]],[[8473,9462],[-4,-23]],[[8469,9436],[0,-12]],[[8471,9424],[20,-7]],[[8493,9417],[6,-3]],[[8500,9414],[32,-20]],[[8534,9394],[2,0]],[[8537,9394],[22,-3]],[[8559,9391],[-32,-18]],[[8520,9373],[-11,-3]],[[8509,9370],[-2,-5]],[[8505,9365],[-11,-14]],[[8492,9351],[-14,-3]],[[8478,9351],[-10,-5]],[[8467,9346],[-17,-6]],[[8450,9340],[-7,10]],[[8441,9341],[3,-8]],[[8444,9333],[8,-5]],[[8453,9328],[3,-18]],[[8456,9310],[-2,-43]],[[8452,9267],[-39,-34]],[[8413,9233],[-47,-29]],[[8366,9204],[-44,-11]],[[8322,9190],[8,-197]],[[8322,8993],[-11,1]],[[8310,8994],[-3,-10]],[[8306,8983],[-3,0]],[[8302,8983],[-9,10]],[[8291,8993],[-140,230]],[[8343,9427],[0,0]],[[8402,9490],[-4,-10],[1,0],[3,10]],[[8309,9162],[-6,8],[-9,-3],[9,-9],[6,4]],[[8208,9103],[-1,0]],[[8435,9323],[-15,-6]],[[8420,9315],[11,-16]],[[8431,9299],[4,24]],[[8283,9355],[-32,8],[-5,-20],[29,0],[8,12]],[[8330,9551],[-18,12],[-12,-9],[19,-26],[11,23]],[[8296,9549],[-23,9],[-21,-5],[23,-23],[21,19]],[[6427,8800],[10,0],[0,-10],[-10,0],[0,10]],[[6442,8720],[-12,2]],[[6430,8722],[12,-2]],[[8051,8788],[-10,5],[3,11],[15,-9],[-8,-7]],[[8022,8803],[1,6]],[[8023,8809],[9,-3]],[[8032,8806],[-12,-3]],[[8020,8803],[2,0]],[[8043,8780],[-45,-27]],[[7998,8753],[-1,2]],[[7997,8755],[1,20]],[[7998,8775],[2,0]],[[8000,8775],[8,1]],[[8008,8776],[-4,4]],[[8004,8780],[1,5]],[[8005,8785],[4,-4]],[[8009,8781],[7,17]],[[8016,8798],[27,-18]],[[7969,8813],[0,-5]],[[7969,8808],[-3,-2]],[[7966,8806],[0,-2]],[[7966,8804],[-2,-1]],[[7964,8803],[-1,0]],[[7963,8803],[-1,-7]],[[7962,8796],[-11,0]],[[7951,8796],[-12,2]],[[7939,8798],[-1,2]],[[7938,8800],[-3,14]],[[7935,8814],[1,2]],[[7936,8816],[19,-2]],[[7955,8814],[7,0]],[[7962,8814],[7,-1]],[[7907,8819],[18,-3]],[[7925,8816],[-5,-15]],[[7920,8801],[-2,0]],[[7918,8801],[-11,18]],[[7838,8841],[37,-15]],[[7875,8826],[3,0]],[[7878,8826],[16,-5]],[[7894,8821],[0,-5]],[[7894,8816],[-1,0]],[[7893,8816],[-1,-5]],[[7892,8811],[-6,-2]],[[7886,8809],[-12,-8]],[[7874,8801],[-9,8]],[[7865,8809],[-8,7]],[[7857,8816],[-11,0]],[[7846,8816],[0,10]],[[7846,8826],[-6,0]],[[7840,8826],[0,3]],[[7840,8829],[-2,12]],[[6826,9287],[7,2]],[[6833,9289],[33,-14]],[[6866,9275],[-62,-89]],[[6804,9186],[22,101]],[[7660,9482],[5,-15],[-9,0],[-3,13],[7,2]],[[7641,9604],[49,1]],[[7690,9607],[4,-2]],[[7694,9602],[9,-10]],[[7711,9592],[6,-10]],[[7717,9582],[14,20]],[[7731,9602],[162,-102]],[[7895,9500],[6,0]],[[7901,9500],[6,2]],[[7910,9502],[133,-88]],[[8048,9411],[35,-18]],[[8094,9393],[44,47]],[[8143,9447],[25,51]],[[8171,9503],[4,17]],[[8175,9523],[-63,-178]],[[8112,9345],[-7,25]],[[8105,9371],[-1,2]],[[8098,9371],[-4,-5]],[[8094,9366],[-2,0]],[[8092,9366],[-68,68]],[[8024,9434],[-83,46]],[[7939,9480],[-32,13]],[[7906,9493],[-10,4]],[[7890,9497],[-19,5]],[[7869,9502],[-4,1]],[[7859,9503],[-121,15]],[[7737,9518],[-42,48]],[[7694,9566],[-53,38]],[[8186,9398],[-12,24],[-13,-33],[10,-15],[15,24]],[[7649,9503],[-12,3],[-2,10],[19,2],[-5,-15]],[[7620,9100],[-2,21],[21,-18],[-17,3],[-2,-6]],[[7600,9605],[32,-14]],[[7640,9589],[100,-79]],[[7740,9510],[-140,95]],[[7608,9538],[3,0]],[[6908,9365],[1,0]],[[6909,9365],[12,6]],[[6921,9371],[-1,2]],[[6920,9373],[1,5]],[[6921,9378],[4,6]],[[6925,9384],[16,15]],[[6941,9399],[25,-5]],[[6966,9394],[32,-11]],[[6998,9383],[2,1]],[[7000,9384],[13,0]],[[7013,9384],[0,10]],[[7013,9394],[71,101]],[[7084,9495],[53,-27]],[[7137,9468],[-25,-64]],[[7112,9404],[-145,-79],[174,79]],[[7141,9404],[53,20]],[[7194,9424],[12,-13]],[[7206,9411],[147,-71],[-481,-63]],[[6872,9277],[36,88]],[[7273,9328],[8,-23],[5,2],[-1,5],[-12,16]],[[7387,8325],[19,5],[3,-3],[-15,-13],[-7,11]],[[7420,9612],[8,2]],[[7428,9614],[24,-28]],[[7453,9586],[7,1]],[[7461,9587],[1,-5]],[[7462,9582],[88,55]],[[7550,9637],[17,33]],[[7567,9670],[10,3]],[[7577,9673],[12,-5]],[[7589,9668],[6,2]],[[7596,9662],[-22,-45]],[[7574,9617],[-31,-15]],[[7543,9602],[-49,-64]],[[7489,9538],[-7,1]],[[7475,9539],[-100,-56]],[[7375,9483],[7,9]],[[7383,9493],[3,5]],[[7392,9500],[-4,30]],[[7387,9530],[1,0]],[[7388,9530],[32,82]],[[7370,9095],[-8,0]],[[7362,9095],[8,0]],[[7298,9493],[6,5]],[[7304,9500],[10,5]],[[7314,9508],[-1,17]],[[7313,9525],[0,1]],[[7313,9526],[19,-1]],[[7332,9525],[6,-32]],[[7338,9493],[8,2]],[[7348,9495],[20,-8]],[[7370,9487],[-2,-5]],[[7368,9482],[-49,-35]],[[7319,9447],[-21,46]],[[7008,8694],[9,3],[0,-29],[-16,6],[7,20]],[[7107,8319],[17,-22],[-50,-1],[7,49],[26,-26]],[[7081,8714],[5,-4],[0,-8],[-5,0],[0,12]],[[7170,9510],[8,3]],[[7178,9513],[14,2]],[[7192,9515],[8,0]],[[7200,9515],[13,-4]],[[7213,9511],[57,-9]],[[7270,9502],[1,0]],[[7271,9502],[24,-17]],[[7295,9485],[1,2]],[[7296,9487],[1,0]],[[7297,9487],[-62,-47]],[[7232,9442],[-14,3]],[[7215,9445],[-10,0]],[[7205,9445],[-30,7]],[[7175,9452],[-13,8]],[[7162,9460],[-11,10]],[[7151,9470],[19,40]],[[7381,9150],[76,-30]],[[7457,9120],[1,6]],[[7458,9126],[87,-15]],[[7545,9111],[0,-19]],[[7545,9092],[222,233]],[[7768,9325],[-1,0]],[[7767,9325],[-370,-7]],[[7401,9310],[-20,-8]],[[7381,9302],[38,185]],[[7421,9487],[80,39]],[[7501,9526],[-40,-53]],[[7460,9462],[62,20]],[[7526,9482],[-15,20]],[[7511,9505],[60,-51]],[[7571,9455],[45,-69]],[[7611,9393],[-3,5]],[[7599,9398],[-50,4]],[[7549,9402],[65,-21]],[[7614,9383],[0,-2]],[[7614,9381],[18,-13]],[[7632,9368],[11,-5],[4,10],[-6,3],[-9,-8]],[[7632,9368],[26,53]],[[7662,9421],[126,81]],[[7782,9502],[-10,3]],[[7772,9505],[87,-15]],[[7870,9488],[1,-1]],[[7872,9487],[2,-2]],[[7875,9485],[8,-3]],[[7886,9482],[18,-7]],[[7905,9473],[97,-52]],[[8004,9419],[132,-147]],[[8140,9269],[-6,-12]],[[8136,9249],[-45,-138]],[[8091,9105],[194,-155]],[[8291,8948],[8,-3]],[[8302,8945],[23,0]],[[8346,8948],[3,-5]],[[8349,8940],[100,-46]],[[8455,8894],[41,46]],[[8499,8940],[27,-25]],[[8526,8915],[2,-5]],[[8528,8910],[1,0]],[[8529,8910],[1,-6]],[[8530,8904],[-12,-55]],[[8518,8849],[2,-3]],[[8520,8846],[-2,1]],[[8517,8847],[-44,5]],[[8468,8852],[-111,46]],[[8352,8900],[-2,-6]],[[8350,8894],[163,-53]],[[8517,8841],[7,1]],[[8524,8842],[-2,-19]],[[8522,8823],[-3,-20]],[[8519,8803],[-21,-51]],[[8498,8752],[-328,178]],[[8164,8930],[-368,84]],[[7796,9014],[-147,-16]],[[7649,8998],[-272,97]],[[7377,9095],[-22,0]],[[7355,9095],[-100,-36]],[[7255,9059],[-24,-12]],[[7231,9047],[-117,-92],[267,195]],[[8449,8836],[-6,10]],[[7871,9073],[-10,12],[-3,-10],[12,-8],[1,6]],[[7409,9462],[5,0]],[[7410,9462],[-19,0]],[[7390,9462],[19,0]],[[7838,9147],[23,-8],[1,18],[-15,5],[-9,-15]],[[7613,9060],[-1,-26],[13,-2],[0,35],[-12,-7]],[[7912,9219],[-17,15],[-12,-13],[33,-12],[-4,10]],[[7509,9067],[17,-7],[-1,30],[-13,-5],[-3,-18]],[[7871,9045],[-24,2],[-3,-18],[35,0],[-8,16]],[[8349,8880],[3,-39],[25,3],[-23,12],[-5,24]],[[7926,9029],[-20,-12],[6,-33],[26,22],[-12,23]],[[8052,9188],[2,5]],[[8007,9206],[0,-6]],[[7811,9181],[-42,48],[-30,-20],[46,-57],[26,29]],[[7154,9457],[-12,8]],[[7142,9465],[12,-8]],[[7167,9447],[-6,3]],[[7161,9450],[6,-3]],[[6267,8791],[-114,-25]],[[6153,8766],[0,-1]],[[6153,8765],[-7,-3]],[[6146,8762],[-3,0]],[[6143,8762],[-5,4]],[[6138,8766],[-2,0]],[[6136,8766],[-8,-4]],[[6128,8762],[0,-2]],[[6128,8760],[-7,-13]],[[6121,8747],[-1,0]],[[6120,8747],[-32,10]],[[6088,8757],[0,-2]],[[6088,8755],[-9,-2]],[[6079,8753],[-12,0]],[[6067,8753],[-2,2]],[[6065,8755],[23,2]],[[6088,8757],[180,36]],[[6270,8793],[199,198]],[[6469,8991],[0,3]],[[6469,8994],[73,70]],[[6542,9064],[-6,-7]],[[6536,9057],[-13,-5]],[[6523,9052],[1,-2]],[[6524,9050],[-6,-1]],[[6518,9049],[-9,-15]],[[6509,9034],[-3,0]],[[6506,9034],[-17,-13]],[[6489,9021],[0,-9]],[[6489,9012],[-16,-29]],[[6473,8983],[0,1]],[[6473,8984],[-2,4]],[[6471,8988],[-2,0]],[[6469,8988],[4,-10]],[[6473,8978],[1,-8]],[[6474,8970],[-86,-90]],[[6388,8880],[-1,0]],[[6387,8880],[-1,-3]],[[6386,8877],[-24,-18]],[[6359,8856],[-47,-35]],[[6308,8821],[-19,-13]],[[6288,8808],[-15,-15]],[[6273,8793],[15,15]],[[6288,8808],[1,0]],[[6289,8808],[19,13]],[[6308,8821],[4,0]],[[6312,8821],[47,35]],[[6359,8856],[3,3]],[[6362,8859],[8,0]],[[6370,8859],[-64,-61]],[[6306,8798],[-8,3]],[[6297,8801],[1,0]],[[6298,8801],[-87,-44]],[[6211,8757],[56,34]],[[6267,8791],[1,0]],[[6268,8791],[0,2]],[[6268,8793],[2,0]],[[6270,8793],[3,0]],[[5605,8641],[79,94]],[[5684,8735],[-9,-31]],[[5675,8704],[-1,-4]],[[5674,8700],[-49,-66]],[[5625,8634],[-1,0]],[[5624,8634],[-7,9]],[[5616,8643],[-1,-2]],[[5615,8641],[-10,0]],[[5615,8641],[1,2]],[[5616,8643],[1,0]],[[5617,8643],[7,-10]],[[5624,8633],[-23,5]],[[5600,8641],[3,0]],[[5603,8641],[2,0]],[[5605,8641],[10,0]],[[5609,8638],[0,0]],[[5571,8630],[29,11]],[[5600,8641],[1,-3]],[[5601,8638],[-18,-15]],[[5583,8623],[0,-2]],[[5583,8621],[-3,-1]],[[5580,8620],[-8,-5]],[[5572,8615],[-3,-2]],[[5565,8616],[3,2]],[[5571,8630],[12,-7]],[[5465,8554],[20,8]],[[5485,8562],[1,2]],[[5486,8564],[57,33]],[[5539,8595],[-66,-41]],[[5473,8554],[-3,-4]],[[5470,8550],[-5,4]],[[5543,8597],[28,33]],[[5571,8630],[-3,-12]],[[5568,8618],[-3,-2]],[[5565,8616],[4,-3]],[[5569,8613],[-6,-5]],[[5543,8597],[20,11]],[[5563,8608],[-3,-3]],[[5560,8605],[-19,-12]],[[5541,8593],[-2,2]],[[5539,8595],[4,2]],[[7905,8748],[5,0]],[[7910,8748],[1,-1]],[[7911,8747],[3,-5]],[[7914,8742],[1,0]],[[7915,8742],[-53,-27]],[[7862,8715],[-4,-3]],[[7858,8712],[-154,-227]],[[7704,8485],[-322,-115]],[[7381,8370],[1,0]],[[7382,8370],[-21,-12]],[[7361,8358],[1,0]],[[7362,8358],[-92,111]],[[7270,8469],[0,-2]],[[7270,8467],[-81,93]],[[7189,8560],[-1,0]],[[7188,8560],[10,-281]],[[7198,8279],[-1,3]],[[7197,8282],[-8,0]],[[7189,8282],[-169,141],[102,-276]],[[7122,8147],[-8,3]],[[7114,8150],[-2,-3]],[[7112,8147],[-7,-3]],[[7105,8144],[-86,77]],[[7019,8221],[0,4]],[[7019,8225],[-6,11]],[[7013,8236],[1,0]],[[7014,8236],[-121,17]],[[6893,8253],[1,0]],[[6894,8253],[-4,-5]],[[6890,8248],[0,-2]],[[6890,8246],[0,-2]],[[6890,8244],[-2,2]],[[6888,8246],[-71,41]],[[6816,8287],[1,0]],[[6817,8287],[-15,2]],[[6802,8289],[-1,0]],[[6801,8289],[-43,-58]],[[6758,8231],[-3,0]],[[6755,8231],[-63,8]],[[6692,8239],[-2,-1]],[[6690,8238],[-1,0]],[[6689,8238],[-119,-5]],[[6570,8233],[-1,0]],[[6569,8233],[-50,31]],[[6519,8264],[-5,-5]],[[6514,8259],[-5,-1]],[[6509,8258],[-16,14]],[[6493,8272],[-13,15]],[[6480,8287],[-3,4]],[[6477,8291],[-8,24]],[[6469,8315],[-110,-31]],[[6359,8284],[-8,-2],[3,0],[5,2]],[[6359,8284],[5,-56]],[[6364,8228],[0,-5]],[[6364,8223],[1,-2]],[[6365,8221],[0,-1]],[[6365,8220],[-1,0]],[[6364,8220],[0,-2]],[[6364,8218],[1,-13]],[[6365,8205],[11,-2]],[[6376,8203],[0,-1]],[[6377,8202],[-1,0]],[[6376,8202],[0,-4]],[[6376,8198],[2,-1]],[[6378,8197],[0,-4]],[[6378,8193],[-38,-31]],[[6339,8162],[1,0]],[[6340,8162],[-1,-3]],[[6339,8159],[0,-2]],[[6339,8157],[-45,-30]],[[6294,8127],[-68,-20]],[[6226,8107],[0,-1]],[[6226,8106],[-209,43]],[[6017,8149],[-2,0]],[[6015,8149],[-37,19]],[[5978,8168],[-4,0]],[[5974,8168],[-23,12]],[[5951,8180],[4,0]],[[5955,8180],[-198,92]],[[5757,8272],[-1,0]],[[5756,8272],[-2,-1]],[[5754,8271],[-5,1]],[[5749,8272],[-5,9]],[[5744,8281],[-5,0]],[[5739,8281],[-4,5]],[[5735,8286],[-10,6]],[[5725,8292],[-5,2]],[[5720,8294],[-21,0]],[[5699,8294],[193,110]],[[5892,8404],[108,14]],[[6000,8418],[-1,0]],[[5999,8418],[-34,97]],[[5965,8515],[666,133]],[[6631,8648],[106,-47]],[[6737,8601],[7,-19]],[[6744,8582],[-4,-10]],[[6740,8572],[-4,-30],[7,-25],[11,47],[-14,8]],[[6740,8572],[4,10]],[[6744,8582],[-6,19]],[[6738,8601],[21,67]],[[6759,8668],[124,128]],[[6883,8796],[29,22]],[[6912,8818],[50,20]],[[6962,8838],[25,4]],[[6987,8842],[91,-11]],[[7078,8831],[9,1]],[[7087,8832],[36,7]],[[7123,8839],[13,3]],[[7136,8842],[582,40]],[[7718,8882],[4,0]],[[7722,8882],[15,0]],[[7737,8882],[1,0]],[[7738,8882],[13,-3]],[[7751,8879],[0,-10]],[[7751,8869],[0,-2]],[[7751,8867],[-20,-44]],[[7731,8823],[42,5]],[[7773,8828],[1,0]],[[7774,8828],[37,8]],[[7811,8836],[-2,-5]],[[7809,8831],[-8,-65]],[[7801,8766],[1,0]],[[7802,8766],[-2,-9]],[[7800,8757],[-2,0]],[[7798,8757],[-12,9]],[[7786,8766],[-3,0]],[[7783,8766],[-5,0]],[[7778,8766],[-1,0]],[[7777,8766],[-12,47]],[[7765,8813],[-1,0]],[[7764,8813],[19,-79]],[[7783,8734],[2,-4]],[[7785,8730],[12,13]],[[7797,8743],[3,2]],[[7800,8745],[2,0]],[[7802,8745],[46,17]],[[7848,8762],[3,0]],[[7851,8762],[35,-4]],[[7886,8758],[3,0]],[[7889,8758],[16,-10]],[[6392,8324],[7,5],[1,1],[-8,-6]],[[7196,8639],[0,-1]],[[7196,8638],[0,1]],[[6914,8636],[0,-11],[6,-2],[0,11],[-6,2]],[[6985,8762],[-2,-15],[5,0],[3,1],[-6,14]],[[6882,8355],[-5,0],[4,-13],[4,1],[-3,12]],[[6029,8512],[1,-12],[8,3],[-3,10],[-6,-1]],[[6526,8533],[-4,0]],[[6522,8533],[4,0]],[[6349,8327],[0,3]],[[6349,8330],[0,-3]],[[6001,8294],[-1,-8],[15,0],[0,6],[-14,2]],[[6876,8621],[1,-11],[7,-2],[0,17],[-8,-4]],[[7181,8809],[13,4],[1,8],[-16,-3],[2,-9]],[[6771,8613],[4,-10],[0,-11],[6,21],[-10,0]],[[5902,8261],[-4,0],[-3,-12],[14,2],[-7,10]],[[6712,8535],[-5,0],[-6,-5],[16,-3],[-5,8]],[[6857,8620],[7,-12],[8,2],[-2,11],[-13,-1]],[[6928,8605],[-14,-4],[0,-3],[19,-1],[-5,8]],[[6074,8210],[-5,-17],[8,-8],[2,17],[-5,8]],[[6886,8527],[-8,5],[0,-17],[17,7],[-9,5]],[[6476,8466],[1,0]],[[6477,8466],[-1,0]],[[6790,8365],[15,-7],[4,5],[-10,13],[-9,-11]],[[6107,8220],[-1,-17],[15,3],[-1,14],[-13,0]],[[6309,8466],[-6,-12],[3,-12],[12,14],[-9,10]],[[6253,8498],[-2,5],[-12,-3],[15,-18],[-1,16]],[[5862,8327],[-1,-27],[14,7],[-1,12],[-12,8]],[[6649,8484],[2,0]],[[6651,8484],[8,-5]],[[6659,8479],[0,-2]],[[6659,8477],[-10,7]],[[5938,8289],[8,-3],[3,19],[-14,4],[3,-20]],[[5962,8234],[3,0]],[[5965,8234],[11,9]],[[5976,8243],[-3,0]],[[5973,8243],[-11,-9]],[[6070,8532],[-14,-7],[1,-13],[17,-5],[-4,25]],[[6862,8692],[-20,-21],[2,-12],[11,-1],[7,34]],[[6877,8437],[-1,-34],[15,3],[1,26],[-15,5]],[[6157,8375],[0,11],[-17,-10],[20,-23],[-3,22]],[[6063,8197],[-11,-2],[-15,13],[4,-26],[22,15]],[[6913,8411],[0,-31],[23,10],[-7,18],[-16,3]],[[6046,8297],[-1,0]],[[6045,8297],[1,0]],[[6371,8517],[-1,-27],[20,27],[-4,5],[-15,-5]],[[7248,8800],[-5,-15],[35,-13],[-7,26],[-23,2]],[[6118,8426],[-17,-10],[0,-15],[27,-3],[-10,28]],[[6884,8592],[8,11],[-51,-8],[38,-12],[5,9]],[[7412,8513],[0,-31],[15,-7],[6,47],[-21,-9]],[[6996,8740],[-45,-3],[-1,-12],[43,-8],[3,23]],[[6079,8299],[-7,5],[-17,0],[39,-35],[-15,30]],[[6482,8358],[2,0]],[[6484,8358],[-2,0]],[[6345,8259],[0,-1]],[[6345,8258],[0,1]],[[6581,8554],[-10,-36],[46,26],[-19,24],[-17,-14]],[[6818,8423],[-1,-2]],[[6817,8421],[1,2]],[[7250,8760],[-22,-64],[68,0],[-18,54],[-28,10]],[[7157,8638],[0,-2]],[[7157,8636],[22,3]],[[7179,8639],[1,0]],[[7180,8639],[-23,-1]],[[7227,8601],[50,4],[19,67],[-64,2],[-5,-73]],[[7137,8705],[-120,29],[-50,-104],[28,-30],[142,105]],[[4495,8182],[140,20]],[[4635,8202],[28,-38]],[[4663,8164],[-25,-73]],[[4638,8091],[-5,-10]],[[4633,8081],[1,0]],[[4634,8081],[1,-7]],[[4635,8074],[-2,-6]],[[4633,8068],[-37,-28]],[[4596,8040],[-28,53]],[[4568,8093],[-1,-2]],[[4567,8091],[-8,7]],[[4559,8098],[-1,13]],[[4558,8111],[1,3]],[[4559,8114],[-30,-3]],[[4529,8111],[-3,-4]],[[4526,8107],[-65,9]],[[4461,8116],[-2,1]],[[4459,8117],[-9,18]],[[4450,8135],[7,0]],[[4457,8135],[37,19]],[[4494,8154],[0,-2]],[[4494,8152],[1,30]],[[4616,8147],[-7,-25]],[[4609,8122],[0,-1]],[[4609,8121],[20,28]],[[4629,8149],[0,6]],[[4629,8155],[0,9]],[[4629,8164],[-13,-17]],[[8184,9758],[2,-3]],[[8183,9760],[1,-2]],[[8182,9756],[2,-1]],[[8172,9758],[0,0]],[[8181,9778],[2,-18]],[[8183,9760],[3,-5]],[[8186,9755],[-2,0]],[[8184,9755],[-2,1]],[[8182,9756],[-2,0]],[[8180,9756],[-2,4]],[[8178,9760],[-1,1]],[[8177,9761],[-2,0]],[[8175,9761],[-1,0]],[[8174,9761],[0,-3]],[[8172,9758],[-3,3]],[[8163,9758],[-2,-2]],[[8158,9756],[-9,-20]],[[8147,9736],[-7,0]],[[8138,9739],[-6,-3]],[[8119,9733],[-152,-24]],[[7967,9709],[-8,-1]],[[7959,9708],[0,-5]],[[7959,9703],[0,3]],[[7959,9706],[-36,-58]],[[7923,9648],[258,130]],[[8172,9760],[0,0]],[[1569,7764],[-147,23]],[[1542,7772],[0,0]],[[4060,7931],[8,56]],[[4120,8101],[-72,-199]],[[30,7633],[-21,41]],[[29,7610],[1,23]],[[30,7633],[2,0]],[[3993,7881],[2,137]],[[101,7707],[25,10]],[[3948,8292],[160,-38]],[[126,7638],[-6,-3]],[[140,7650],[5,1]],[[213,7666],[-87,-28]],[[134,7721],[15,3]],[[205,7735],[-3,0]],[[185,7737],[22,0]],[[230,7684],[5,5]],[[236,7686],[-7,-7]],[[286,7689],[5,2]],[[331,7712],[-45,-23]],[[289,7775],[6,-2]],[[327,7772],[56,10]],[[3985,8058],[-5,8]],[[3980,8066],[-38,30]],[[336,7711],[18,3]],[[361,7716],[-26,-5]],[[419,7790],[24,3]],[[518,7826],[80,12]],[[584,7699],[-9,5]],[[3739,8305],[143,-6]],[[3890,8296],[42,-14]],[[3598,8317],[141,-10]],[[608,7834],[4,0]],[[3838,8093],[-202,-15]],[[627,7826],[9,-6]],[[667,7815],[14,0]],[[731,7625],[-29,15]],[[719,7815],[5,1]],[[768,7663],[-13,-33]],[[768,7790],[-5,-23]],[[3617,8079],[-38,7]],[[793,7714],[-2,-7],[-15,4],[1,3],[16,0]],[[3577,8086],[-11,3]],[[800,7691],[-19,-20]],[[3519,8300],[71,4]],[[948,7759],[17,31]],[[3431,8225],[82,59]],[[969,7788],[39,-20]],[[3423,8216],[4,5]],[[1067,7734],[-31,-10]],[[1076,7861],[64,108]],[[1082,7826],[9,25]],[[1089,7737],[-7,2]],[[3402,8197],[15,9]],[[1104,7752],[0,-2]],[[3353,8154],[2,8]],[[1112,7729],[-4,0]],[[3424,7997],[23,43]],[[3452,8063],[-110,-83]],[[1142,7970],[10,5]],[[3335,7977],[-9,2]],[[1164,7772],[-11,0]],[[3320,8129],[31,13]],[[1159,7979],[40,24]],[[3319,7987],[-11,5]],[[1207,7770],[-39,2]],[[3294,7992],[-30,20]],[[1235,7772],[-23,-2]],[[3259,8015],[-16,26]],[[1253,7783],[-12,-10]],[[3130,8111],[163,6]],[[1412,7777],[-159,6]],[[3043,8172],[73,-51]],[[1301,8012],[16,0]],[[1316,8008],[-15,2]],[[1403,7985],[8,-3]],[[1413,7979],[-10,5]],[[1412,7788],[12,-3],[-3,0],[-9,3]],[[1453,7965],[20,2]],[[1473,7967],[38,-5]],[[1511,7962],[6,3]],[[1517,7965],[13,-4]],[[1530,7961],[61,0]],[[1591,7965],[64,-6]],[[1658,7959],[36,-87]],[[1639,7962],[-17,3]],[[1595,7964],[-65,-3]],[[1466,7965],[-1,-1]],[[1690,7722],[-14,5]],[[1712,7864],[17,-20]],[[2899,8107],[29,35]],[[1743,7734],[-5,-10]],[[2870,7806],[-2,-16]],[[1746,7861],[185,121]],[[2893,7897],[-29,3]],[[1779,7792],[-22,-22]],[[2077,7962],[56,-40]],[[2097,7924],[-27,45]],[[1946,7984],[130,-20]],[[2851,8098],[44,1]],[[1990,7775],[-19,10]],[[2044,7752],[-11,0]],[[2141,7924],[0,0]],[[2850,7707],[0,0]],[[2247,7952],[89,53]],[[2141,7926],[106,28]],[[2858,7734],[0,-4]],[[2858,7730],[1,0]],[[2859,7730],[-3,-18]],[[2183,7780],[0,-3]],[[2854,7706],[-7,-13]],[[2847,7691],[-14,-25]],[[2826,8060],[23,36]],[[2371,7849],[-27,5]],[[2392,8033],[43,-64]],[[2423,7872],[-4,-5]],[[2458,7866],[-5,-4]],[[2453,7862],[-4,-3]],[[2449,7859],[-12,-5]],[[2436,7854],[-3,-1]],[[2432,7853],[-9,-10]],[[2431,7858],[-4,16]],[[2427,7874],[1,0]],[[2439,7965],[100,34]],[[2806,8036],[17,19]],[[2503,7872],[-18,-3]],[[2485,7869],[-26,-3]],[[2772,7801],[62,-61]],[[2523,7854],[-2,10]],[[2520,7864],[-16,3]],[[2525,7854],[8,5]],[[2533,7859],[27,-1]],[[2551,7854],[-15,5]],[[2561,7859],[4,0]],[[2565,7859],[4,-5]],[[2745,7982],[57,46]],[[2575,7862],[0,0]],[[2575,7862],[-5,-8]],[[2772,7801],[-44,43]],[[2603,7992],[26,-20]],[[2684,7869],[1,2]],[[2677,7962],[-3,-1]],[[2674,7961],[19,4]],[[2655,7961],[13,-4]],[[1556,7772],[-134,15]],[[1422,7787],[-10,-10]],[[1412,7777],[-159,6]],[[1253,7783],[-12,-1]],[[4070,7987],[3,10]],[[4118,8096],[2,5]],[[4120,8101],[-4,-13]],[[4111,8078],[-11,-23]],[[4098,8051],[-14,-52]],[[4085,7999],[-1,0]],[[4084,7999],[-14,-12]],[[34,7605],[-5,5]],[[29,7610],[3,23]],[[32,7633],[-23,41]],[[9,7674],[-6,7]],[[4060,7931],[-12,-29]],[[4048,7902],[12,29]],[[137,7646],[3,4]],[[140,7650],[-14,-12]],[[126,7638],[-6,-3]],[[120,7635],[-26,-18]],[[104,7709],[15,5]],[[120,7714],[6,3]],[[126,7717],[8,4]],[[134,7721],[15,3]],[[149,7724],[8,3]],[[120,7714],[-16,-5]],[[3993,7881],[2,137]],[[3995,8018],[3,0]],[[3999,7882],[-6,-1]],[[3947,8287],[1,5]],[[3948,8292],[26,-8]],[[3976,8287],[132,-33]],[[3986,8058],[-1,0]],[[3985,8058],[-5,8]],[[3978,8066],[-36,30]],[[3942,8096],[-3,0]],[[145,7651],[85,33]],[[230,7684],[-1,-5]],[[229,7679],[-16,-13]],[[213,7666],[-68,-15]],[[188,7737],[10,-2]],[[198,7735],[7,0]],[[207,7737],[-1,-2]],[[3882,8299],[8,-3]],[[3890,8296],[-8,3]],[[239,7689],[-3,-3]],[[236,7686],[-1,2]],[[288,7783],[1,-8]],[[289,7775],[6,-2]],[[295,7773],[32,-1]],[[327,7772],[-2,-12]],[[331,7712],[-8,-8]],[[322,7702],[-7,-3]],[[313,7699],[-10,-3]],[[301,7696],[-9,-5]],[[3868,8304],[2,0],[1,-2],[-3,2]],[[354,7714],[-19,-3]],[[3836,8266],[0,0]],[[345,7762],[38,20]],[[383,7782],[36,8]],[[419,7790],[8,-2]],[[379,7767],[-27,-8]],[[427,7788],[15,4]],[[442,7792],[-14,-7]],[[456,7795],[7,6]],[[463,7795],[-6,0]],[[3739,8305],[0,2]],[[3739,8307],[0,-2]],[[492,7726],[-20,3]],[[498,7811],[10,5]],[[524,7833],[16,13]],[[3852,8098],[-14,-5]],[[3838,8093],[-142,-20]],[[543,7843],[55,-5]],[[598,7838],[4,-8]],[[3679,8081],[-10,3]],[[558,7729],[-9,11]],[[3645,8366],[0,0]],[[591,7704],[74,-41]],[[696,7668],[-112,31]],[[584,7699],[-9,5]],[[575,7704],[0,2]],[[3598,8317],[5,2]],[[3603,8320],[173,-48]],[[3776,8268],[156,14]],[[3926,8279],[-17,5]],[[3907,8284],[-20,7]],[[3602,8312],[-4,5]],[[604,7826],[4,8]],[[608,7834],[4,0]],[[612,7834],[15,-8]],[[627,7826],[9,-6]],[[636,7820],[33,-17]],[[3577,8086],[1,5]],[[3660,8083],[-24,-5]],[[3636,8078],[-19,1]],[[3617,8079],[-38,7]],[[3579,8086],[-2,0]],[[3566,8094],[0,-5]],[[3566,8089],[-12,5]],[[667,7815],[14,0]],[[681,7815],[8,-4]],[[669,7806],[-2,9]],[[3519,8300],[71,4]],[[3590,8304],[8,0]],[[3521,8300],[-2,0]],[[719,7810],[0,5]],[[719,7815],[5,1]],[[724,7816],[13,-20]],[[3452,8063],[-4,-20]],[[3423,8216],[4,5]],[[3427,8221],[4,4]],[[3431,8225],[35,44]],[[3466,8269],[47,15]],[[3513,8284],[6,-2]],[[3423,8210],[0,6]],[[3366,8172],[36,25]],[[3402,8197],[15,9]],[[3417,8206],[4,4]],[[741,7796],[1,2]],[[3355,8162],[3,2]],[[3355,8155],[0,7]],[[742,7798],[9,-5]],[[3341,7984],[59,5]],[[3447,8040],[-24,-43]],[[3423,7997],[-21,-8]],[[3401,7989],[-1,0]],[[3399,7989],[-57,-9]],[[3342,7980],[-1,4]],[[3310,8116],[10,13]],[[3320,8129],[18,-7]],[[3339,8122],[12,20]],[[3351,8142],[3,0]],[[3354,8142],[-16,-20]],[[796,7684],[-15,-13]],[[781,7671],[-13,-8]],[[768,7663],[-9,-22]],[[3335,7977],[-9,2]],[[3326,7979],[-7,8]],[[3319,7987],[-11,5]],[[3308,7992],[-14,0]],[[3294,7992],[-2,1]],[[766,7790],[2,0]],[[768,7790],[-2,-7]],[[766,7780],[-7,-13]],[[766,7780],[0,10]],[[3292,7993],[-6,0]],[[812,7726],[7,6]],[[824,7739],[12,13]],[[3284,7997],[-17,11]],[[944,7757],[4,2]],[[955,7764],[10,18]],[[965,7785],[0,5]],[[965,7790],[1,-2]],[[965,7785],[-10,-21]],[[3259,8017],[-15,23]],[[968,7788],[1,0]],[[969,7788],[-1,-3]],[[968,7780],[40,-12]],[[1008,7768],[-12,-4]],[[3130,8111],[163,6]],[[3293,8117],[0,-3]],[[3289,8116],[-1,0]],[[3271,8117],[-24,4]],[[3131,8107],[-1,4]],[[1107,7742],[5,-13]],[[1112,7729],[-4,0]],[[1108,7729],[-19,8]],[[1089,7737],[0,3]],[[1088,7742],[-6,-3]],[[1082,7739],[-15,-5]],[[1067,7734],[-31,-10]],[[1036,7724],[-10,0]],[[3094,8127],[22,-6]],[[3116,8121],[0,-4]],[[1076,7861],[64,108]],[[1140,7969],[-3,-5]],[[1081,7854],[-5,7]],[[1085,7828],[-3,-2]],[[1082,7826],[8,23]],[[1132,7765],[14,2]],[[1146,7767],[-42,-15]],[[1104,7752],[0,-2]],[[1104,7750],[-3,-1]],[[1142,7970],[9,4]],[[1151,7974],[-9,-7]],[[1141,7967],[1,3]],[[3060,8162],[-3,2]],[[3045,8170],[14,-8]],[[3060,8162],[13,-15]],[[3073,8145],[0,2]],[[3073,8147],[21,-20]],[[1234,7777],[-22,-7]],[[1212,7770],[-5,0]],[[1207,7770],[-39,2]],[[1168,7772],[-4,0]],[[1164,7772],[-11,1]],[[3043,8172],[2,-2]],[[1159,7979],[40,24]],[[1199,8003],[5,4]],[[1159,7977],[0,2]],[[1213,8012],[40,1]],[[1245,8012],[-31,-2]],[[1241,7780],[0,-7]],[[1241,7773],[-6,-1]],[[1235,7772],[0,5]],[[1295,8013],[6,-1]],[[1301,8012],[0,-2]],[[1301,8010],[-6,0]],[[1316,8008],[1,4]],[[1317,8012],[9,-2]],[[1326,8007],[-10,1]],[[3019,8168],[-23,-1]],[[1392,7989],[11,-4]],[[1403,7985],[0,-1]],[[1403,7984],[-11,3]],[[1415,7979],[-4,3]],[[1411,7982],[15,-8]],[[1425,7795],[6,3],[15,-6],[9,4],[-7,-9],[-23,8]],[[1452,7964],[1,1]],[[1453,7965],[12,-3]],[[1465,7962],[7,3]],[[1472,7965],[1,2]],[[1474,7967],[34,-5]],[[1511,7962],[1,2]],[[1517,7965],[10,2]],[[1528,7967],[2,-5]],[[1530,7961],[66,3]],[[1596,7964],[1,3]],[[1601,7967],[5,-2]],[[1613,7965],[8,0]],[[1621,7965],[18,-3]],[[1640,7962],[5,-1]],[[1646,7961],[5,-2]],[[1651,7959],[4,0]],[[1658,7959],[24,-77]],[[1646,7961],[-6,1]],[[1621,7965],[-20,2]],[[1511,7962],[-37,5]],[[1465,7964],[0,-3]],[[1542,7768],[0,0]],[[2900,8104],[28,38]],[[2928,8142],[18,10]],[[2901,8104],[-1,0]],[[1591,7961],[0,4]],[[2899,8107],[1,-3]],[[2900,8104],[-1,3]],[[2833,7666],[1,17]],[[2842,7719],[3,26]],[[2872,7815],[-2,-9]],[[2870,7806],[-2,-16]],[[2868,7790],[-10,-56]],[[2858,7734],[-4,-4]],[[2854,7730],[2,0]],[[2856,7730],[2,-6]],[[2858,7724],[-2,-12]],[[2856,7712],[-2,-6]],[[2854,7706],[-5,-7]],[[2849,7699],[-2,-6]],[[2847,7693],[0,-2]],[[2847,7691],[-14,-25]],[[1723,7719],[-33,3]],[[1690,7722],[-14,5]],[[1676,7727],[-12,3]],[[2859,7884],[1,0]],[[2860,7884],[0,-2]],[[2881,7879],[-22,5]],[[1682,7882],[12,-10]],[[1694,7872],[-3,-1]],[[1896,7970],[-1,0]],[[1895,7970],[36,12]],[[1931,7982],[15,2]],[[1946,7984],[101,16]],[[2047,8000],[-301,-141]],[[1746,7859],[0,2]],[[1746,7861],[150,109]],[[1776,7792],[3,0]],[[1779,7792],[-19,-15]],[[2012,7759],[-22,16]],[[1990,7775],[-1,3]],[[2034,7759],[-1,-7]],[[2033,7752],[-8,2]],[[2056,7989],[9,-20]],[[2065,7969],[32,-50]],[[2097,7919],[36,3]],[[2133,7922],[2,-2]],[[2060,7989],[0,0]],[[2077,7962],[-1,2]],[[2120,7768],[-23,-8]],[[2839,7773],[-4,-11]],[[2834,7744],[0,-4]],[[2834,7740],[-62,61]],[[2772,7801],[-44,43]],[[2825,7796],[-4,2],[-3,-10],[5,-1],[2,9]],[[2145,7926],[18,11]],[[2163,7937],[-19,-11]],[[2141,7924],[0,2]],[[2141,7926],[3,0]],[[2750,7982],[52,46]],[[2802,8028],[4,8]],[[2806,8036],[17,19]],[[2823,8055],[3,5]],[[2826,8060],[23,36]],[[2849,8096],[2,2]],[[2851,8098],[44,1]],[[2895,8099],[4,2]],[[2163,7937],[84,15]],[[2247,7952],[88,45]],[[2180,7780],[3,0]],[[2183,7780],[0,-3]],[[2183,7777],[-4,0]],[[2684,7869],[1,2]],[[2685,7871],[1,0]],[[2686,7869],[-2,0]],[[2245,7949],[0,0]],[[2674,7961],[3,1]],[[2677,7962],[16,3]],[[2693,7965],[9,-3]],[[2369,7853],[3,0]],[[2374,7853],[47,19]],[[2423,7874],[0,-2]],[[2423,7872],[-1,0]],[[2421,7872],[-2,-5]],[[2419,7867],[-30,-14]],[[2376,7849],[-5,0]],[[2371,7849],[-2,4]],[[2649,7957],[6,4]],[[2655,7961],[11,-4]],[[2383,8045],[9,-12]],[[2392,8033],[27,-48]],[[2419,7982],[8,-3]],[[2427,7975],[6,-6]],[[2427,7979],[-8,6]],[[2611,7980],[18,-8]],[[2629,7972],[-4,-3]],[[2456,7866],[-3,-2]],[[2453,7862],[-4,-3]],[[2449,7859],[-3,0]],[[2442,7858],[-10,-5]],[[2431,7851],[-8,-7]],[[2585,7999],[18,-7]],[[2603,7992],[2,-7]],[[2431,7858],[14,18]],[[2441,7876],[-8,-2]],[[2433,7874],[-6,0]],[[2427,7874],[-1,2]],[[2575,7862],[-1,0]],[[2573,7862],[-3,-8]],[[2439,7956],[100,41]],[[2569,7854],[-5,5]],[[2491,7871],[-6,-2]],[[2484,7869],[-7,2]],[[2468,7871],[-6,-4]],[[2533,7859],[18,-5]],[[2554,7854],[4,2]],[[2560,7858],[-2,-2]],[[2557,7856],[-3,-2]],[[2554,7854],[-18,5]],[[2536,7859],[-8,0]],[[2528,7859],[-3,-5]],[[2525,7854],[-2,0]],[[2523,7854],[-2,10]],[[2520,7864],[-16,3]],[[2504,7867],[2,4]],[[2503,7872],[-6,-1]],[[1576,7760],[-7,4]],[[1569,7764],[-13,8]],[[1556,7772],[-315,10]],[[1241,7782],[0,-2]],[[1241,7780],[-6,-3]],[[1235,7777],[-1,0]],[[1234,7777],[-81,-4]],[[1153,7773],[0,-1]],[[1153,7772],[-7,-5]],[[1146,7767],[-15,-2]],[[1131,7765],[-30,-16]],[[1101,7749],[6,-7]],[[1107,7742],[-18,-2]],[[1089,7740],[-1,2]],[[1088,7742],[-36,-10]],[[1052,7732],[80,33]],[[4109,8079],[9,17]],[[4118,8096],[-2,-8]],[[4116,8088],[-5,-10]],[[4111,8078],[-11,-23]],[[4100,8055],[-2,-4]],[[4098,8051],[-10,-28]],[[30,7671],[66,-21]],[[77,7607],[-43,-2]],[[34,7605],[-7,61]],[[4076,8003],[-3,-6]],[[4073,7997],[-3,-10]],[[4070,7987],[-2,0]],[[4068,7987],[3,16]],[[119,7643],[18,3]],[[137,7646],[-43,-29]],[[94,7617],[-9,-4]],[[3978,8287],[0,0]],[[101,7707],[3,2]],[[104,7709],[15,5]],[[119,7714],[1,0]],[[120,7714],[37,13]],[[157,7727],[26,10]],[[183,7737],[2,0]],[[185,7737],[3,0]],[[188,7737],[10,-2]],[[198,7735],[4,0]],[[202,7735],[2,-1]],[[204,7734],[1,1]],[[205,7735],[1,0]],[[206,7735],[-2,-1]],[[101,7701],[0,6]],[[254,7693],[-15,-4]],[[263,7764],[6,6]],[[3976,8284],[-1,0]],[[306,7707],[37,10]],[[360,7716],[-6,-2]],[[354,7714],[-18,-3]],[[336,7711],[-1,0]],[[335,7711],[-4,1]],[[331,7712],[-8,-8]],[[323,7704],[-8,-5]],[[315,7699],[-2,0]],[[313,7699],[-10,-3]],[[303,7696],[-2,0]],[[301,7696],[-10,-5]],[[291,7691],[1,0]],[[292,7691],[-6,-2]],[[286,7689],[-12,4]],[[3976,8287],[0,-3]],[[295,7770],[30,-10]],[[325,7760],[0,-5]],[[322,7702],[1,2]],[[345,7762],[6,-3]],[[335,7754],[10,8]],[[3975,8284],[-1,0]],[[381,7767],[-2,0]],[[379,7767],[37,18]],[[442,7792],[1,1]],[[443,7793],[13,2]],[[456,7795],[1,0]],[[457,7795],[-15,-3]],[[527,7739],[-35,-13]],[[492,7726],[0,0]],[[492,7726],[-12,6]],[[479,7732],[-5,-2]],[[472,7730],[0,-1]],[[472,7729],[-24,-3]],[[3947,8104],[0,3]],[[501,7796],[-3,15]],[[498,7811],[10,5]],[[508,7816],[10,10]],[[518,7826],[6,7]],[[524,7833],[16,13]],[[540,7846],[3,-3]],[[543,7843],[9,-7]],[[3926,8279],[6,3]],[[3932,8282],[15,5]],[[3947,8287],[151,-34]],[[4098,8251],[0,2]],[[4098,8253],[10,1]],[[4108,8254],[5,-10]],[[571,7834],[31,-4]],[[602,7830],[-3,-10]],[[665,7663],[2,-2]],[[667,7661],[-1,2]],[[666,7663],[-75,41]],[[600,7816],[4,10]],[[604,7826],[24,-1]],[[3884,8104],[8,0]],[[3897,8104],[29,3]],[[3926,8107],[0,-1]],[[4008,7887],[-9,-5]],[[3999,7882],[-1,136]],[[3998,8018],[-12,40]],[[3986,8058],[-6,8]],[[3980,8066],[-2,0]],[[3978,8066],[-39,30]],[[3939,8096],[-56,5]],[[647,7810],[20,-10]],[[689,7811],[21,-13]],[[669,7803],[0,3]],[[669,7806],[20,5]],[[703,7643],[7,10]],[[719,7810],[18,-14]],[[737,7796],[4,0]],[[741,7796],[1,2]],[[742,7798],[9,-5]],[[751,7793],[15,-3]],[[766,7790],[0,-7]],[[766,7783],[0,-3]],[[766,7780],[-7,-13]],[[759,7767],[4,0]],[[763,7767],[-18,-2]],[[719,7806],[0,4]],[[752,7768],[3,10],[-7,0],[-1,-8],[5,-2]],[[775,7666],[-16,-25]],[[759,7641],[-3,-6]],[[3870,8101],[-18,-3]],[[3852,8098],[-27,-7]],[[744,7762],[0,-3]],[[3807,8081],[-49,-21]],[[3749,8060],[-36,6]],[[3707,8068],[-11,5]],[[3696,8073],[-17,8]],[[3679,8081],[-4,7]],[[3674,8088],[-5,-4]],[[3669,8084],[-9,-1]],[[3660,8083],[-8,8]],[[812,7726],[7,6]],[[819,7732],[5,7]],[[824,7739],[13,10]],[[837,7750],[-1,2]],[[836,7752],[6,7]],[[822,7726],[-10,0]],[[3611,8093],[-16,-5]],[[944,7757],[0,-2]],[[947,7755],[1,4]],[[948,7759],[7,5]],[[955,7764],[10,18]],[[965,7782],[0,3]],[[965,7785],[1,3]],[[966,7788],[1,0]],[[3556,8099],[-2,-5]],[[3554,8094],[-6,4]],[[944,7757],[-1,0]],[[943,7757],[-1,0]],[[3519,8282],[2,18]],[[3521,8300],[77,4]],[[3598,8304],[4,8]],[[3602,8312],[1,7]],[[3603,8319],[0,1]],[[3603,8320],[173,-48]],[[3776,8272],[0,-4]],[[3776,8268],[111,23]],[[3468,8266],[-2,3]],[[3466,8269],[1,0]],[[3467,8269],[52,13]],[[3835,8266],[0,0]],[[948,7759],[0,0]],[[3445,8241],[6,8]],[[968,7788],[0,-3]],[[968,7785],[0,-5]],[[968,7780],[27,-16]],[[3421,8206],[0,4]],[[3421,8210],[2,0]],[[3423,8210],[15,10]],[[3450,8060],[-2,-17]],[[3448,8043],[-1,-3]],[[3447,8040],[-23,-43]],[[3424,7997],[-1,0]],[[3423,7997],[-21,-8]],[[3402,7989],[-2,0]],[[3400,7989],[-1,0]],[[3399,7989],[-58,-5]],[[3341,7984],[-6,-7]],[[3335,7977],[-43,16]],[[3292,7993],[-6,0]],[[3286,7993],[-2,4]],[[3284,7997],[-17,11]],[[3267,8008],[-3,4]],[[3264,8012],[-5,3]],[[3259,8015],[0,2]],[[3259,8017],[-5,10]],[[1137,7964],[0,-2]],[[1093,7861],[-12,-7]],[[1081,7854],[56,110]],[[3401,7989],[1,0]],[[1087,7831],[-2,-3]],[[1085,7828],[5,21]],[[1141,7967],[10,7]],[[1151,7974],[1,1]],[[1152,7975],[7,2]],[[1159,7977],[45,30]],[[1204,8007],[9,5]],[[1213,8012],[1,-2]],[[1214,8010],[-40,-33]],[[1245,8012],[8,1]],[[1253,8013],[42,0]],[[1295,8013],[0,-3]],[[1295,8010],[-50,2]],[[3395,8185],[25,18]],[[1326,8007],[0,3]],[[1326,8010],[66,-21]],[[1392,7989],[0,-2]],[[1392,7987],[-66,20]],[[3377,8177],[9,6]],[[1426,7974],[1,0]],[[1427,7974],[25,-10]],[[1452,7964],[14,-3]],[[1466,7961],[-1,0]],[[1465,7961],[0,1]],[[1465,7962],[0,2]],[[1465,7964],[1,1]],[[1466,7965],[6,0]],[[1472,7965],[1,2]],[[1473,7967],[1,0]],[[1474,7967],[34,-5]],[[1508,7962],[3,0]],[[1511,7962],[1,2]],[[1512,7964],[5,1]],[[1517,7965],[10,2]],[[1527,7967],[1,0]],[[1528,7967],[2,-5]],[[1530,7962],[0,-1]],[[1530,7961],[65,3]],[[1595,7964],[1,0]],[[1596,7964],[1,3]],[[1597,7967],[4,0]],[[1601,7967],[5,-2]],[[1606,7965],[7,0]],[[1613,7965],[8,0]],[[1621,7965],[1,0]],[[1622,7965],[17,-3]],[[1639,7962],[1,0]],[[1640,7962],[5,-1]],[[1645,7961],[1,0]],[[1646,7961],[5,-2]],[[3310,8116],[28,6]],[[3338,8122],[1,0]],[[3339,8122],[15,20]],[[3354,8142],[-1,12]],[[3353,8154],[2,1]],[[3355,8155],[3,9]],[[3358,8164],[8,8]],[[3366,8172],[1,-4]],[[3309,8099],[1,17]],[[1453,7965],[0,0]],[[3286,8111],[3,5]],[[3289,8116],[4,-2]],[[3293,8114],[1,-3]],[[1638,7737],[-34,12]],[[1655,7956],[27,-74]],[[1682,7882],[9,-11]],[[1691,7871],[-7,0]],[[1658,7959],[-3,0]],[[3247,8121],[26,-4]],[[3273,8117],[15,-1]],[[3288,8116],[-7,-7]],[[1692,7874],[0,0]],[[3161,8102],[78,20]],[[1732,7722],[-9,-3]],[[3131,8107],[17,-6]],[[3148,8096],[-1,0]],[[3146,8096],[-4,2]],[[3131,8102],[0,5]],[[1747,7749],[-4,-15]],[[1743,7734],[-2,0]],[[3094,8127],[22,-10]],[[3116,8117],[0,-10]],[[3066,8150],[28,-23]],[[1746,7859],[200,125]],[[1946,7984],[101,16]],[[2047,8000],[9,-11]],[[2056,7989],[9,-20]],[[2065,7969],[5,0]],[[2070,7969],[-1,-7]],[[1744,7848],[2,11]],[[3057,8164],[2,-2]],[[3059,8162],[1,0]],[[3060,8162],[4,-10]],[[1756,7778],[9,9]],[[1777,7790],[-17,-13]],[[1760,7777],[-3,-7]],[[1757,7770],[-6,-8]],[[2027,7760],[-2,-6]],[[2025,7754],[-13,5]],[[2012,7759],[1,8]],[[3019,8168],[4,-1]],[[2997,8160],[22,8]],[[2142,7777],[38,3]],[[2180,7780],[-1,-3]],[[2179,7777],[-59,-9]],[[2120,7768],[-23,-8]],[[2097,7760],[-48,-8]],[[2954,8154],[15,3]],[[2069,7962],[21,-40]],[[2091,7920],[6,4]],[[2097,7924],[0,-5]],[[2097,7919],[38,1]],[[2135,7920],[6,4]],[[2141,7924],[3,2]],[[2144,7926],[1,0]],[[2145,7926],[18,11]],[[2163,7937],[3,4]],[[2168,7941],[62,0]],[[2230,7942],[31,9]],[[2301,7942],[34,55]],[[2335,7997],[2,10]],[[2337,8007],[46,38]],[[2383,8045],[36,-60]],[[2419,7985],[0,-3]],[[2419,7982],[8,-3]],[[2427,7979],[0,-4]],[[2427,7975],[6,-6]],[[2433,7969],[2,0]],[[2435,7969],[4,-4]],[[2439,7965],[0,-9]],[[2439,7956],[100,41]],[[2539,7997],[0,2]],[[2539,7999],[46,0]],[[2585,7999],[20,-14]],[[2605,7985],[6,-5]],[[2611,7980],[12,-10]],[[2623,7970],[2,-1]],[[2625,7969],[-1,-2]],[[2624,7967],[-189,-25]],[[2230,7941],[-64,0]],[[2244,7949],[0,0]],[[3130,8030],[117,11]],[[3247,8040],[-3,0]],[[3244,8040],[-1,1]],[[3243,8041],[-158,-29]],[[2990,7899],[-50,6]],[[2901,8104],[43,43]],[[2906,8093],[-7,8]],[[2899,8101],[2,3]],[[2886,7889],[-5,-10]],[[2881,7879],[-4,-3]],[[2336,8005],[1,2]],[[2337,8007],[-1,-2]],[[2845,7745],[27,70]],[[2872,7815],[-27,-70]],[[2369,7853],[0,1]],[[2433,7859],[12,17]],[[2445,7876],[-4,0]],[[2441,7876],[-8,-2]],[[2433,7874],[-5,0]],[[2428,7874],[-2,2]],[[2426,7876],[-3,-2]],[[2423,7874],[-1,-2]],[[2422,7872],[-1,0]],[[2421,7872],[-52,-19]],[[2834,7683],[8,36]],[[2842,7719],[7,-10]],[[2849,7709],[1,0]],[[2850,7709],[-10,-21]],[[2840,7688],[-6,-5]],[[2376,7849],[13,4]],[[2389,7853],[-13,-4]],[[2835,7762],[-1,-18]],[[2834,7744],[1,18]],[[2453,7864],[0,-2]],[[2453,7862],[-4,-3]],[[2449,7859],[-12,-5]],[[2437,7854],[-1,0]],[[2436,7854],[-3,-1]],[[2433,7853],[-1,0]],[[2432,7853],[-1,-2]],[[2431,7851],[-5,-3]],[[2814,8040],[92,49]],[[2477,7874],[0,-3]],[[2477,7871],[-9,0]],[[2468,7871],[-6,-4]],[[2462,7867],[-3,-1]],[[2827,7788],[-7,12]],[[2820,7800],[0,-2]],[[2820,7798],[-92,46]],[[2728,7844],[-6,5]],[[2511,7869],[-5,2]],[[2506,7871],[-3,1]],[[2503,7872],[-6,-1]],[[2497,7871],[-6,0]],[[2491,7871],[-6,-2]],[[2485,7869],[-1,0]],[[2484,7869],[-2,5]],[[2696,7866],[7,3]],[[2558,7862],[16,0]],[[2574,7862],[-1,0]],[[2573,7862],[-3,-8]],[[2570,7854],[-1,0]],[[2569,7854],[-4,5]],[[2565,7859],[-1,0]],[[2564,7859],[-3,0]],[[2561,7859],[-1,-1]],[[2560,7858],[-2,-2]],[[2558,7856],[-1,0]],[[2557,7856],[-3,-2]],[[2554,7854],[-3,0]],[[2551,7854],[-15,5]],[[2536,7859],[-3,0]],[[2533,7859],[-5,0]],[[2686,7869],[0,2]],[[2686,7871],[3,-2]],[[2689,7867],[-3,2]],[[2649,7957],[4,-11]],[[2640,7951],[9,6]],[[2666,7954],[0,3]],[[2666,7957],[2,0]],[[2668,7957],[6,4]],[[2674,7961],[28,1]],[[2702,7962],[43,20]],[[2745,7982],[5,0]],[[2750,7982],[54,41]],[[2735,7959],[-1,0]],[[2721,7952],[-19,-5]],[[1121,7782],[86,79]],[[1752,7782],[4,-4]],[[1756,7778],[-5,-16]],[[1751,7762],[-4,-13]],[[1747,7749],[-6,-15]],[[1741,7734],[-3,-10]],[[1738,7724],[-6,-2]],[[1732,7722],[-9,-3]],[[1723,7719],[-59,11]],[[1664,7730],[-26,7]],[[1638,7737],[-34,12]],[[1604,7749],[-28,11]],[[1576,7760],[-444,5]],[[1132,7765],[-1,0]],[[1131,7765],[-79,-33]],[[1052,7732],[-26,-8]],[[1026,7724],[25,20]],[[4071,8003],[0,5]],[[4075,8027],[0,0]],[[4075,8027],[34,52]],[[4109,8079],[-21,-56]],[[4088,8023],[-12,-20]],[[4076,8003],[-5,0]],[[30,7671],[-3,-5]],[[27,7666],[-24,15]],[[3,7681],[27,-10]],[[3893,8104],[4,0]],[[3897,8104],[74,-6]],[[4055,7979],[-47,-92]],[[4008,7887],[-82,219]],[[3926,8106],[21,-2]],[[3947,8104],[0,3]],[[3947,8107],[-21,0]],[[3926,8107],[-33,-3]],[[96,7650],[23,-7]],[[119,7643],[-34,-30]],[[85,7613],[-8,-6]],[[77,7607],[19,43]],[[3893,8104],[-1,0]],[[101,7701],[103,33]],[[204,7734],[-1,-2]],[[166,7699],[-65,2]],[[295,7702],[-21,-9]],[[274,7693],[-20,0]],[[263,7764],[6,6]],[[269,7770],[13,15]],[[270,7755],[-7,9]],[[287,7788],[1,-5]],[[288,7783],[7,-13]],[[295,7770],[30,-15]],[[325,7755],[10,-1]],[[335,7754],[16,5]],[[351,7759],[1,0]],[[352,7759],[-47,-9]],[[3700,8378],[0,0]],[[409,7780],[7,5]],[[416,7785],[11,3]],[[427,7788],[1,-3]],[[428,7785],[-11,-5]],[[563,7734],[-5,-5]],[[558,7729],[-9,11]],[[549,7740],[-22,-1]],[[527,7739],[-47,-7]],[[480,7732],[-1,0]],[[479,7732],[-5,-2]],[[474,7730],[-2,0]],[[472,7730],[-24,-4]],[[463,7795],[0,6]],[[463,7801],[0,-6]],[[607,7706],[-7,3]],[[597,7711],[-6,-7]],[[591,7704],[-16,2]],[[575,7706],[-13,23]],[[673,7663],[-6,-2]],[[667,7661],[-1,2]],[[666,7663],[-1,0]],[[665,7663],[-30,31]],[[3519,8109],[254,66]],[[3845,8137],[17,-11]],[[3863,8126],[21,-22]],[[3884,8104],[-1,-3]],[[3883,8101],[-13,0]],[[3870,8101],[-45,-10]],[[3825,8091],[-18,-10]],[[3807,8081],[-49,-21]],[[3758,8060],[-9,0]],[[3749,8060],[-36,6]],[[3713,8066],[-6,2]],[[3707,8068],[-32,20]],[[3675,8088],[-1,0]],[[3674,8088],[-22,3]],[[3652,8091],[-36,0]],[[3597,8096],[-2,-8]],[[3595,8088],[-17,3]],[[3578,8091],[-12,3]],[[3566,8094],[-10,5]],[[3556,8099],[-8,-1]],[[3548,8098],[-29,3]],[[726,7632],[-24,8]],[[702,7640],[1,3]],[[703,7643],[7,10]],[[710,7653],[-14,15]],[[696,7668],[-3,0]],[[3441,8046],[71,61]],[[3513,8101],[-59,-36]],[[3454,8065],[-2,-2]],[[3452,8063],[-2,-3]],[[3450,8060],[-8,-22]],[[796,7689],[1,-3]],[[797,7686],[-1,-2]],[[796,7684],[-21,-18]],[[775,7666],[-19,-31]],[[756,7635],[-1,-5]],[[755,7630],[-24,-5]],[[731,7625],[-1,2]],[[3309,8099],[58,69]],[[3367,8168],[10,9]],[[3377,8177],[9,6]],[[3386,8183],[9,2]],[[3395,8185],[25,18]],[[3420,8203],[1,3]],[[3421,8206],[17,14]],[[3438,8220],[7,21]],[[3445,8241],[6,8]],[[3451,8249],[17,17]],[[3468,8266],[419,25]],[[3887,8291],[39,-12]],[[3926,8279],[187,-35]],[[4113,8244],[10,-23]],[[3817,8238],[-65,33]],[[3574,8243],[-265,-144]],[[842,7759],[5,-4]],[[830,7732],[-8,-6]],[[822,7726],[15,23]],[[837,7749],[0,1]],[[837,7750],[5,9]],[[3286,8111],[8,0]],[[3294,8111],[-8,0]],[[942,7757],[2,-2]],[[944,7755],[3,0]],[[947,7755],[20,33]],[[967,7788],[1,0]],[[968,7788],[27,-24]],[[995,7764],[1,0]],[[996,7764],[-54,-7]],[[3247,8040],[0,1]],[[3247,8041],[101,-16]],[[3439,8027],[-185,0]],[[3254,8027],[-7,13]],[[3148,8101],[13,1]],[[3161,8102],[78,20]],[[3239,8122],[8,-1]],[[3247,8121],[24,-4]],[[3271,8117],[2,0]],[[3273,8117],[8,-8]],[[3281,8109],[-41,-5]],[[3207,8099],[-59,-3]],[[3148,8096],[0,5]],[[1087,7831],[3,18]],[[1091,7853],[2,8]],[[1093,7861],[44,101]],[[1137,7962],[3,3]],[[1140,7965],[1,2]],[[1141,7967],[1,0]],[[1142,7967],[32,10]],[[1174,7977],[-7,-10]],[[1098,7843],[-11,-12]],[[1098,7872],[-1,-5],[27,52],[-3,-2],[-23,-45]],[[3147,8096],[-1,0]],[[1090,7849],[1,4]],[[1091,7853],[0,-2]],[[1091,7851],[-1,-2]],[[1198,7882],[-58,-62]],[[3131,8102],[11,-4]],[[3142,8098],[-11,4]],[[1415,7979],[11,-5]],[[1426,7974],[48,-7]],[[1474,7967],[177,-8]],[[1651,7959],[3,-3]],[[1654,7956],[1,0]],[[1655,7956],[29,-85]],[[1684,7871],[-12,0]],[[1435,7961],[-20,18]],[[1415,7979],[-2,0]],[[3055,8079],[-16,-10]],[[1712,7864],[17,-20]],[[1729,7844],[15,4]],[[1744,7848],[325,114]],[[2069,7962],[97,-21]],[[2166,7941],[2,0]],[[2168,7941],[62,0]],[[2230,7941],[0,1]],[[2230,7942],[42,0]],[[2134,7874],[-41,23]],[[1962,7848],[-39,11]],[[1790,7843],[-4,-2]],[[1711,7849],[1,15]],[[2891,7907],[118,52]],[[3057,7980],[18,30]],[[3119,8033],[11,-3]],[[3130,8030],[-191,-125]],[[2940,7905],[-47,-8]],[[2893,7897],[-7,-8]],[[2886,7889],[-9,-13]],[[2877,7876],[-10,0]],[[1765,7787],[12,3]],[[1777,7790],[-1,2]],[[1776,7792],[-11,-5]],[[2735,7959],[69,64]],[[2804,8023],[10,17]],[[2814,8040],[92,49]],[[2906,8089],[0,4]],[[2906,8093],[38,54]],[[2944,8147],[2,5]],[[2946,8152],[8,2]],[[2954,8154],[15,3]],[[2969,8157],[27,10]],[[2996,8167],[1,-7]],[[2997,8160],[26,7]],[[3023,8167],[20,5]],[[3043,8172],[2,-2]],[[3045,8170],[12,-6]],[[3057,8164],[7,-12]],[[3064,8152],[2,-2]],[[3066,8150],[50,-43]],[[3116,8107],[-24,-8]],[[3032,8063],[-69,-35]],[[2930,8015],[-195,-56]],[[1971,7785],[30,-5]],[[2018,7775],[124,2]],[[2142,7777],[-93,-25]],[[2049,7752],[-5,0]],[[2044,7752],[-10,7]],[[2034,7759],[-7,1]],[[2027,7760],[-14,7]],[[2013,7767],[-24,11]],[[1989,7778],[-18,7]],[[2721,7952],[13,7]],[[2734,7959],[-13,-7]],[[2091,7920],[-1,2]],[[2696,7866],[7,3]],[[2703,7869],[136,-96]],[[2839,7773],[-12,15]],[[2827,7788],[-12,25]],[[2815,7813],[-93,36]],[[2722,7849],[-26,17]],[[2247,7954],[0,-2]],[[2689,7867],[0,2]],[[2689,7869],[0,-2]],[[2301,7942],[-40,9]],[[2261,7951],[40,-9]],[[2478,7877],[33,2]],[[2541,7864],[-13,-5]],[[2528,7859],[-7,5]],[[2521,7864],[-1,0]],[[2520,7864],[-9,5]],[[2511,7869],[-29,5]],[[2482,7874],[-5,0]],[[2477,7874],[-5,0]],[[2292,7941],[108,58]],[[2400,7999],[-1,0]],[[2399,7999],[34,-57]],[[2433,7942],[191,25]],[[2624,7967],[16,-16]],[[2640,7951],[13,-5]],[[2653,7946],[13,8]],[[2666,7954],[36,-7]],[[2702,7947],[-68,-18]],[[2582,7926],[-18,0]],[[2551,7929],[-30,7]],[[2437,7927],[-5,0]],[[2414,7881],[37,-4]],[[2454,7866],[-1,-2]],[[2453,7864],[-7,-5]],[[2446,7859],[-4,-1]],[[2442,7858],[-16,-10]],[[2426,7848],[-3,-4]],[[2423,7843],[0,1]],[[2423,7844],[8,14]],[[2431,7858],[2,1]],[[2433,7859],[-59,-6]],[[2374,7853],[-2,0]],[[2372,7853],[-3,1]],[[2369,7854],[-25,0]],[[2344,7854],[7,15]],[[1752,7782],[-545,79]],[[1207,7861],[545,-79]],[[4071,8008],[4,19]],[[4075,8027],[-4,-19]],[[203,7732],[-37,-33]],[[166,7699],[37,33]],[[3971,8098],[84,-119]],[[4055,7979],[-84,119]],[[235,7689],[71,18]],[[306,7707],[-11,-5]],[[295,7702],[-41,-9]],[[254,7693],[-15,-4]],[[239,7689],[-4,-1]],[[235,7688],[0,1]],[[3863,8126],[-1,0]],[[270,7755],[12,30]],[[282,7785],[5,3]],[[287,7788],[18,-38]],[[305,7750],[-35,5]],[[361,7716],[-1,0]],[[360,7716],[-17,1]],[[343,7717],[18,-1]],[[404,7777],[-23,-10]],[[381,7767],[23,10]],[[3817,8238],[90,46]],[[3907,8284],[2,0]],[[3909,8284],[214,-63]],[[4123,8221],[-306,17]],[[404,7777],[5,3]],[[409,7780],[8,0]],[[417,7780],[-13,-3]],[[3773,8175],[72,-38]],[[3845,8137],[-72,38]],[[448,7726],[-2,0]],[[446,7726],[354,-35]],[[800,7691],[-4,-2]],[[796,7689],[-66,-62]],[[730,7627],[-4,5]],[[726,7632],[-33,36]],[[693,7668],[-20,-5]],[[673,7663],[-38,31]],[[635,7694],[-28,12]],[[607,7706],[-7,3]],[[600,7709],[-3,2]],[[597,7711],[-35,18]],[[562,7729],[1,5]],[[563,7734],[-72,-2]],[[491,7730],[0,2]],[[491,7732],[-43,-6]],[[3726,8168],[22,-23],[-6,-26],[-28,23],[12,26]],[[3678,8164],[12,-14],[-11,-11],[-12,8],[11,17]],[[726,7760],[-216,36]],[[3666,8122],[8,13],[22,-14],[-7,-15],[-23,16]],[[847,7755],[-17,-23]],[[830,7732],[17,23]],[[3752,8271],[-178,-28]],[[3574,8243],[178,28]],[[1051,7744],[70,38]],[[1121,7782],[-70,-38]],[[3616,8091],[-5,2]],[[3611,8093],[-14,3]],[[3597,8096],[19,-5]],[[1167,7967],[-69,-124]],[[1098,7843],[18,51]],[[1116,7894],[2,0]],[[1118,7894],[49,73]],[[3519,8109],[0,-8]],[[3519,8101],[0,8]],[[1198,7882],[-58,-62]],[[1140,7820],[58,62]],[[3512,8107],[1,-6]],[[3513,8101],[-1,6]],[[3348,8025],[93,21]],[[3441,8046],[1,-8]],[[3442,8038],[-3,-11]],[[3439,8027],[-91,-2]],[[1435,7961],[237,-90]],[[1672,7871],[-237,90]],[[3207,8099],[33,5]],[[3240,8104],[-33,-5]],[[1711,7849],[75,-8]],[[1786,7841],[-75,8]],[[3119,8033],[-44,-23]],[[3075,8010],[44,23]],[[1923,7859],[-133,-16]],[[1790,7843],[133,16]],[[3009,7959],[48,21]],[[3057,7980],[-48,-21]],[[2093,7897],[-131,-49]],[[1962,7848],[131,49]],[[3092,8099],[-37,-20]],[[3055,8079],[-16,-10]],[[3039,8069],[-7,-6]],[[3032,8063],[60,36]],[[2001,7780],[17,-5]],[[2018,7775],[-17,5]],[[2963,8028],[-33,-13]],[[2930,8015],[33,13]],[[2134,7874],[138,68]],[[2272,7942],[20,-1]],[[2292,7941],[141,1]],[[2433,7942],[2,0]],[[2435,7942],[-3,-15]],[[2432,7927],[-298,-53]],[[2860,7882],[4,18]],[[2864,7900],[26,7]],[[2890,7907],[1,0]],[[2891,7907],[-24,-31]],[[2867,7876],[-7,6]],[[2351,7869],[63,12]],[[2414,7881],[-63,-12]],[[2834,7862],[1,0]],[[2835,7862],[9,-14]],[[2844,7848],[1,-4]],[[2845,7844],[-18,-18]],[[2827,7826],[-9,2]],[[2818,7828],[16,34]],[[2437,7927],[84,9]],[[2521,7936],[-84,-9]],[[2634,7929],[-52,-3]],[[2582,7926],[52,3]],[[2478,7877],[-6,-3]],[[2472,7874],[-14,-8]],[[2459,7866],[-1,0]],[[2458,7866],[-2,0]],[[2456,7866],[-2,0]],[[2454,7866],[-3,11]],[[2451,7877],[27,0]],[[2564,7926],[-13,3]],[[2551,7929],[13,-3]],[[2511,7879],[47,-17]],[[2558,7862],[-17,2]],[[2541,7864],[-30,15]],[[667,7800],[2,3]],[[669,7803],[41,-5]],[[710,7798],[9,8]],[[719,7806],[26,-41]],[[745,7765],[-97,20],[-26,-7],[122,-16]],[[744,7762],[0,-3]],[[744,7759],[-18,1]],[[726,7760],[-216,36]],[[510,7796],[-9,0]],[[501,7796],[51,40]],[[552,7836],[19,-2]],[[571,7834],[28,-14]],[[599,7820],[1,-4]],[[600,7816],[28,9]],[[628,7825],[18,-15]],[[646,7810],[1,0]],[[647,7810],[20,-10]],[[2990,7899],[6,0]],[[2996,7899],[32,25]],[[3028,7924],[7,5]],[[3079,7997],[6,15]],[[3085,8012],[-145,-107]],[[2940,7905],[-1,0]],[[3035,7929],[-7,-5]],[[3028,7924],[-38,-25]],[[2990,7899],[-50,6]],[[2940,7905],[56,-6]],[[2996,7899],[83,98]],[[3079,7997],[-44,-68]],[[2996,7899],[0,0]],[[8368,9247],[2,-3]],[[8358,9209],[7,-46]],[[8365,9163],[28,-83]],[[8393,9080],[0,-3]],[[8393,9077],[-3,-4]],[[8382,9073],[0,-5]],[[8400,9027],[0,-3]],[[8400,9024],[-24,-43]],[[8163,9121],[-1,5]],[[8161,9135],[3,13]],[[8172,9244],[26,22]],[[8221,9272],[3,0]],[[8235,9338],[-11,109]],[[8225,9460],[2,-1]],[[8229,9470],[-2,-2]],[[8229,9478],[28,5]],[[8316,9310],[2,-13]],[[8264,9312],[-8,0],[0,-8],[7,0],[1,8]],[[8264,9312],[15,5],[-1,10],[-15,0],[1,-15]],[[9052,9627],[-10,-43],[-42,-46],[-11,3],[63,86]],[[7215,9497],[62,-33]],[[7264,9419],[-29,21]],[[7235,9440],[-3,2]],[[7232,9442],[-14,3]],[[7218,9445],[-3,0]],[[7215,9445],[0,43]],[[8950,9938],[18,6]],[[8968,9944],[0,-1]],[[8968,9943],[0,-2]],[[8968,9941],[-7,-15]],[[7354,9343],[0,-2]],[[7354,9341],[-156,98]],[[7198,9439],[4,0]],[[7202,9439],[5,0]],[[7207,9439],[6,0]],[[7213,9439],[52,-30]],[[7342,9365],[1,0]],[[8932,9906],[22,-3]],[[8954,9903],[0,-1]],[[8954,9902],[-20,-7]],[[7319,9447],[-21,46]],[[7298,9493],[6,5]],[[7304,9498],[0,2]],[[7304,9500],[10,5]],[[7314,9505],[0,3]],[[7314,9508],[46,-10]],[[8929,9667],[-2,-7]],[[8905,9634],[0,0]],[[8923,9634],[-18,0]],[[7364,9323],[-4,7]],[[8933,9883],[-10,-29]],[[7380,9442],[-8,-81]],[[7369,9365],[-5,6]],[[8926,9690],[1,-19]],[[7364,9508],[1,-5]],[[7360,9503],[13,33]],[[7387,9328],[10,-10]],[[7397,9318],[4,-8]],[[7401,9310],[-26,18]],[[7429,9462],[-48,-17]],[[7432,9579],[-2,10]],[[7442,9482],[-6,0]],[[8881,9632],[-6,0]],[[8875,9632],[-38,11]],[[8816,9653],[-1,2]],[[7438,9591],[23,3]],[[7495,9513],[24,-2]],[[7520,9488],[51,-41]],[[7591,9445],[2,-13]],[[7593,9432],[-44,-30]],[[7549,9402],[46,15]],[[7595,9417],[63,4]],[[7658,9421],[4,0]],[[7662,9421],[-46,-35]],[[7616,9386],[-5,7]],[[7611,9393],[-3,5]],[[7608,9398],[-9,0]],[[7599,9398],[-52,24]],[[7520,9426],[-60,36]],[[7525,9513],[65,56]],[[7655,9571],[-54,-99]],[[7571,9455],[-45,27]],[[7526,9482],[-4,0]],[[7522,9482],[-2,6]],[[7609,9582],[5,-14],[27,0],[-28,16],[-4,-2]],[[7611,9538],[-3,0]],[[7608,9538],[3,0]],[[8915,9511],[-32,-87]],[[7535,9409],[-15,17]],[[8892,9564],[23,-53]],[[7622,9615],[-20,5]],[[7602,9620],[-1,2]],[[7601,9622],[-8,-2]],[[7593,9620],[-3,0]],[[7590,9620],[-14,-3]],[[7649,9639],[16,-2]],[[7674,9591],[8,0]],[[7681,9574],[-16,23]],[[7788,9467],[16,-60]],[[7801,9388],[-49,34]],[[7719,9401],[-50,124]],[[7682,9551],[100,-49]],[[7782,9502],[6,0]],[[7788,9502],[22,-5]],[[7905,9465],[-3,-25]],[[7839,9467],[-51,0]],[[7730,9492],[-2,16]],[[7667,9637],[9,-18]],[[8902,9224],[-43,-141]],[[7690,9605],[0,2]],[[7690,9607],[0,10]],[[7690,9617],[4,0]],[[7694,9617],[5,0]],[[7699,9617],[0,-3]],[[7699,9614],[2,-2]],[[7701,9612],[1,0]],[[7702,9612],[3,-3]],[[7705,9609],[0,-4]],[[7705,9605],[10,-18]],[[8844,9882],[9,29]],[[7732,9536],[15,45]],[[8841,9816],[20,1]],[[8861,9817],[0,2]],[[8861,9819],[0,2]],[[8861,9821],[8,-4]],[[7736,9401],[-7,-2]],[[8839,9862],[1,7]],[[8867,9826],[-29,21]],[[7743,9409],[-3,-2]],[[8854,8966],[-3,-20]],[[8851,8946],[-4,-1]],[[8847,8945],[-18,43]],[[7752,9417],[-5,-8]],[[7865,9627],[28,3]],[[7893,9630],[0,-15]],[[7893,9615],[28,-3]],[[7921,9612],[0,3]],[[7921,9615],[88,-16]],[[8009,9599],[-1,0]],[[8008,9599],[-2,6]],[[8006,9605],[0,2]],[[8006,9607],[11,10]],[[8068,9543],[-19,-18]],[[8049,9525],[-42,11]],[[8007,9536],[-4,0]],[[8003,9536],[-61,2]],[[7942,9538],[-3,0]],[[7939,9538],[-51,-10]],[[7850,9528],[1,97]],[[8866,9530],[-8,-10]],[[7806,9538],[25,-10]],[[7835,9383],[-16,1]],[[7881,9422],[43,-44]],[[7925,9356],[-73,22]],[[7905,9414],[-21,12]],[[7914,9490],[-7,3]],[[7907,9493],[-1,0]],[[7895,9500],[-2,0]],[[7893,9500],[8,0]],[[7901,9500],[6,2]],[[7907,9502],[3,0]],[[7910,9502],[77,-34]],[[7907,9437],[-2,30]],[[7947,9452],[51,-35]],[[8030,9389],[-5,-15]],[[7924,9409],[-6,3]],[[7942,9221],[1,68]],[[7924,9383],[5,23]],[[8765,8960],[-5,1]],[[7968,9358],[-29,-7]],[[8767,9693],[-1,-3]],[[8766,9690],[0,-9]],[[8766,9681],[-8,22]],[[7962,9223],[-20,-5]],[[7944,9289],[9,-5]],[[7955,9282],[0,0]],[[8003,8989],[-36,50]],[[8883,9424],[-139,13]],[[8744,9436],[0,1]],[[8744,9437],[152,-109]],[[8913,9295],[-11,-69]],[[8741,9218],[-50,71]],[[8008,9139],[-1,37]],[[7962,9285],[18,22]],[[8110,9297],[21,-15]],[[8126,9275],[8,-18]],[[8134,9257],[2,-8]],[[8136,9249],[-44,-97]],[[8067,9160],[-3,51]],[[8066,9213],[-33,57]],[[7986,9307],[1,43]],[[8747,9116],[-7,-5]],[[8027,8970],[-27,0]],[[8007,9180],[0,15]],[[8751,8866],[0,-14]],[[8749,8842],[-14,-16]],[[8034,9032],[-1,-1]],[[8013,9039],[-2,53]],[[8011,9113],[-2,20]],[[8055,9404],[3,-2]],[[8058,9402],[-10,9]],[[8048,9411],[-5,3]],[[8043,9414],[12,-10]],[[8735,8826],[-11,-10]],[[8054,9162],[10,-2]],[[8045,9141],[-8,22]],[[8081,8976],[-44,-8]],[[8040,9213],[0,0]],[[8725,8946],[42,2]],[[8769,8867],[-18,2]],[[8042,9040],[10,14]],[[8152,8933],[-39,18]],[[8107,8953],[-24,43]],[[8715,9031],[1,3]],[[8716,9034],[2,0]],[[8718,9034],[-2,11]],[[8054,9688],[-4,0]],[[8050,9688],[3,7]],[[8053,9695],[7,-7]],[[8058,9065],[5,17]],[[8060,9688],[9,8]],[[8069,9696],[0,4]],[[8069,9700],[2,6]],[[8071,9706],[6,0]],[[8077,9706],[2,0]],[[8711,9115],[7,-17]],[[8138,9440],[5,7]],[[8143,9447],[7,5]],[[8136,9315],[-44,51]],[[8081,9379],[2,14]],[[8083,9393],[11,0]],[[8094,9393],[44,47]],[[8137,9460],[-39,7]],[[8098,9467],[-1,0]],[[8097,9467],[-15,28]],[[8082,9495],[4,51]],[[8743,8958],[-1,0]],[[8742,8958],[-11,12]],[[8729,8984],[-15,27]],[[8080,9706],[46,30]],[[8715,8795],[6,-32]],[[8700,9162],[-96,94]],[[8604,9256],[1,0]],[[8705,8915],[7,38]],[[8712,8953],[13,-7]],[[8716,8834],[-13,4]],[[8712,9075],[-9,-5]],[[8714,9095],[8,18]],[[8722,9113],[0,8]],[[8722,9121],[-20,36]],[[8725,9115],[35,-42]],[[8140,9157],[0,24]],[[8142,9724],[-2,12]],[[8140,9736],[-2,3]],[[8138,9739],[11,-3]],[[8186,9280],[-46,28]],[[8160,9163],[-16,-6]],[[8697,8984],[0,-8]],[[8159,9556],[0,-7]],[[8159,9549],[-1,-1]],[[8694,8910],[2,-10]],[[8158,9734],[1,7]],[[8159,9219],[2,4]],[[8643,8859],[-6,20]],[[8637,8941],[5,0]],[[8642,8941],[0,-5]],[[8642,8936],[19,-26]],[[8684,8816],[20,-20]],[[8649,8778],[-6,-38]],[[8641,8729],[1,-14]],[[8642,8715],[3,0]],[[8645,8715],[-8,-5]],[[8637,8710],[-1,-5]],[[8636,8705],[-10,20]],[[8626,8725],[0,4]],[[8626,8729],[5,135]],[[8166,9763],[6,11]],[[8165,9068],[1,4]],[[8166,9075],[0,2]],[[8205,9050],[-8,4]],[[8188,9034],[-2,0]],[[8190,9587],[-15,-16]],[[8206,9427],[4,-31]],[[8189,9391],[-12,45]],[[8181,9165],[0,5]],[[8695,8819],[-11,-3]],[[8202,9601],[-7,-14]],[[8214,9290],[11,15]],[[8214,9779],[13,0]],[[8735,9931],[-14,-5]],[[8703,9920],[-26,29]],[[8665,8993],[0,6]],[[8624,9837],[0,3]],[[8624,9840],[0,42]],[[8624,9882],[3,0]],[[8627,9882],[8,1]],[[8635,9883],[1,0]],[[8636,9883],[12,5]],[[8648,9888],[1,0]],[[8649,9888],[16,15]],[[8700,9916],[30,47]],[[8710,9981],[32,13]],[[8742,9994],[13,0]],[[8755,9994],[3,0]],[[8758,9994],[3,0]],[[8761,9994],[3,0]],[[8764,9994],[26,-7]],[[8815,9974],[6,-5]],[[8821,9969],[1,0]],[[8822,9969],[46,-41]],[[8868,9928],[2,0]],[[8870,9928],[1,0]],[[8871,9928],[42,-10]],[[8913,9918],[0,3]],[[8913,9921],[1,2]],[[8914,9923],[2,0]],[[8916,9923],[2,2]],[[8924,9893],[19,-13]],[[8943,9880],[-21,10]],[[8743,9793],[-4,26]],[[8629,9711],[-5,126]],[[8258,9014],[-1,0]],[[8230,9320],[5,16]],[[8693,9648],[-19,-14]],[[8674,9634],[0,8]],[[8674,9642],[-11,38]],[[8238,9755],[-1,-8]],[[8660,8737],[1,16]],[[8674,8676],[-2,-2]],[[8672,8674],[-6,-3]],[[8666,8671],[-7,58]],[[8718,8750],[-32,-43]],[[8246,9738],[-3,3]],[[8648,9047],[48,20]],[[8714,9068],[-8,-13]],[[8706,9055],[1,-3]],[[8707,9052],[0,-3]],[[8707,9049],[-6,0]],[[8701,9049],[-23,-4]],[[8678,9045],[-3,0]],[[8675,9045],[0,-6]],[[8675,9039],[-1,0]],[[8674,9039],[2,-17]],[[8676,9022],[-1,0]],[[8675,9022],[-11,-8]],[[8675,9045],[17,2]],[[8692,9047],[-17,-2]],[[8664,8999],[0,-6]],[[8661,9597],[-4,-29]],[[8658,9103],[-8,-1]],[[8650,9102],[-9,1]],[[8640,9695],[7,-9]],[[8642,8948],[-10,-7]],[[8639,9102],[3,-2]],[[8628,9325],[-7,3]],[[8618,9332],[0,0]],[[8610,8936],[18,4]],[[8266,8866],[-19,11]],[[8627,8941],[-16,-1]],[[8602,9642],[2,26]],[[8587,8895],[-2,30]],[[8603,8936],[-21,48]],[[8574,9798],[1,-4],[1,-5],[1,-1],[-1,-20],[-2,30]],[[8614,9336],[-14,0]],[[8600,9336],[-8,0]],[[8592,9336],[-8,-1]],[[8584,9335],[-2,0]],[[8582,9335],[-23,5]],[[8559,9340],[-11,-7]],[[8548,9333],[-1,0]],[[8547,9333],[5,38]],[[8559,9749],[10,-6]],[[8569,9743],[-3,0]],[[8575,8994],[-8,-36]],[[8582,9017],[-4,9]],[[8562,9219],[1,7]],[[8637,9044],[0,-2]],[[8559,9457],[-4,0]],[[8555,8930],[4,-5]],[[8552,9801],[0,-3]],[[8562,8925],[-7,-78]],[[8555,8847],[-1,0]],[[8554,8847],[-6,0]],[[8548,8847],[-8,0]],[[8526,8846],[10,76]],[[8523,9402],[1,0]],[[8524,9402],[2,0]],[[8526,9402],[6,-8]],[[8532,9394],[2,0]],[[8534,9394],[2,0]],[[8536,9394],[1,0]],[[8537,9394],[6,-5]],[[8531,8935],[-3,-3]],[[8528,8932],[-1,-2]],[[8527,8930],[-10,6]],[[8524,9365],[-4,-2]],[[8509,9370],[0,1]],[[8514,9360],[17,-2]],[[8531,9358],[-3,0]],[[8528,9358],[0,5]],[[8546,9363],[-47,-30]],[[8289,9711],[-5,-6],[9,-7],[-1,10],[-3,3]],[[8495,9419],[0,0]],[[8495,9419],[12,-7]],[[8302,9763],[-17,2]],[[8285,9766],[-1,0]],[[8491,9708],[1,5]],[[8492,9714],[21,5]],[[8522,8867],[-4,-18]],[[8483,9786],[17,2]],[[8291,9761],[11,0]],[[8486,9436],[-1,67]],[[8484,9526],[8,-105]],[[8499,9729],[-19,-1]],[[8357,9706],[1,0]],[[8353,9675],[-3,-2]],[[8346,9671],[-2,2]],[[8485,9719],[1,2]],[[8486,9721],[4,-18]],[[8302,8994],[18,-1]],[[8348,8974],[-1,0]],[[8347,8974],[-3,0]],[[8344,8974],[-37,10]],[[8511,8806],[-40,-40]],[[8329,9660],[-21,-8]],[[8496,9368],[-29,-13]],[[8317,9643],[41,2]],[[8469,9437],[15,-11]],[[8325,9295],[9,18]],[[8469,9786],[2,-2]],[[8457,9783],[-1,1]],[[8456,8772],[-10,3]],[[8359,9485],[-28,-5]],[[8447,9308],[5,20]],[[8452,9328],[1,0]],[[8453,9328],[3,-18]],[[8449,8907],[9,10]],[[8338,9662],[-1,-9]],[[8337,9653],[-1,0]],[[8336,9653],[-5,0]],[[8331,9653],[2,7]],[[8501,9791],[-19,-3]],[[8355,9819],[-1,-2]],[[8343,9819],[0,2]],[[8338,9831],[215,-22]],[[8456,8922],[-18,11]],[[8347,8940],[83,-51]],[[8348,8895],[2,-1]],[[8350,8894],[17,-73]],[[8367,8821],[-17,7]],[[8430,9299],[1,0]],[[8376,8953],[10,-7]],[[8386,8946],[-1,-6]],[[8385,8936],[-36,4]],[[8349,8940],[0,3]],[[8349,8943],[17,8]],[[8366,8951],[6,-1]],[[8372,8950],[4,3]],[[8357,9404],[11,-2]],[[8436,9663],[2,-1]],[[8355,9770],[2,1]],[[8396,9776],[-11,-5]],[[8357,9766],[-2,0]],[[8430,9683],[5,-5]],[[8357,9726],[1,12]],[[8431,9318],[-4,-5],[-1,2],[2,0],[3,3]],[[8368,9640],[2,8]],[[8423,9332],[0,-15]],[[8381,9280],[-7,-10]],[[8450,9340],[-6,-7]],[[8435,9323],[9,45]],[[8394,9686],[10,-8]],[[8431,9370],[-9,-34]],[[8384,9660],[0,-7]],[[8427,9546],[-15,-7]],[[8401,9528],[18,-48]],[[8415,9686],[-6,4]],[[8407,9609],[-3,11]],[[8404,9620],[3,0]],[[8418,9105],[31,-22]],[[8446,9077],[-39,28]],[[8406,9305],[10,-3]],[[8729,9706],[2,-10]],[[8737,9673],[-44,-25]],[[8693,9648],[-28,32]],[[8665,9680],[-2,0]],[[8663,9680],[-34,31]],[[8629,9711],[0,11]],[[8629,9722],[0,2]],[[8629,9724],[0,-1]],[[8629,9723],[25,13]],[[8654,9736],[6,10]],[[8660,9746],[79,73]],[[8739,9819],[4,-26]],[[8743,9793],[1,-17]],[[8744,9776],[7,0]],[[8751,9776],[49,94]],[[8814,9880],[-3,22]],[[8811,9902],[-1,4]],[[8810,9906],[10,4]],[[8820,9910],[8,0]],[[8828,9910],[94,-20]],[[8922,9890],[11,-7]],[[8933,9883],[-26,-43]],[[8907,9840],[5,0]],[[8912,9840],[11,14]],[[8923,9854],[-11,-14]],[[8912,9840],[-36,-56]],[[8876,9784],[-8,7]],[[8868,9791],[0,-2]],[[8868,9789],[2,-1]],[[8870,9788],[4,-4]],[[8874,9784],[2,0]],[[8876,9784],[69,53]],[[8945,9837],[0,-1]],[[8945,9836],[-23,-85]],[[8922,9751],[0,-4]],[[8922,9747],[4,-57]],[[8926,9690],[-13,-12]],[[8913,9678],[0,-3]],[[8913,9675],[14,-2]],[[8927,9673],[0,-2]],[[8927,9671],[2,-4]],[[8929,9667],[-2,-7]],[[8927,9660],[2,-10]],[[8929,9650],[0,-15]],[[8929,9635],[-6,-1]],[[8923,9634],[-18,0]],[[8905,9634],[-17,-2]],[[8888,9632],[-5,0]],[[8883,9632],[-2,0]],[[8881,9632],[-42,15]],[[8766,9705],[1,-12]],[[8767,9693],[-5,5]],[[8762,9698],[0,2]],[[8762,9700],[-4,3]],[[8758,9703],[-1,10]],[[8757,9713],[-1,0]],[[8756,9713],[-12,-18]],[[8744,9695],[2,-12]],[[8738,9778],[3,-2],[1,7],[-4,0],[0,-5]],[[8861,9852],[7,0],[1,10],[-7,2],[-1,-12]],[[8786,9832],[2,-8],[10,5],[-2,7],[-10,-4]],[[8879,9847],[-11,2],[-3,-13],[10,0],[4,11]],[[8915,9784],[-21,-3],[20,-7],[1,10]],[[8870,9850],[20,-1],[2,8],[-21,7],[-1,-14]],[[8892,9657],[1,0]],[[8893,9657],[-1,0]],[[8904,9741],[0,2]],[[8904,9743],[0,-2]],[[8876,9758],[-1,10],[-23,6],[5,-21],[19,5]],[[8741,9731],[16,-2]],[[8762,9734],[-1,17]],[[8761,9751],[-1,0]],[[8760,9751],[-20,-15]],[[8692,9736],[20,-23],[-16,70],[-24,-27],[20,-20]],[[8840,9811],[1,5]],[[8841,9816],[28,1]],[[8869,9817],[-2,9]],[[8867,9826],[-29,21]],[[8838,9847],[1,15]],[[8839,9862],[15,-8]],[[8854,9854],[0,6]],[[8854,9860],[-14,9]],[[8840,9869],[4,13]],[[8844,9882],[25,18]],[[8869,9900],[0,5]],[[8869,9905],[-16,6]],[[8853,9911],[-14,-102]],[[7215,9488],[0,9]],[[7215,9497],[0,-9]],[[7277,9464],[18,1]],[[7315,9427],[-51,-8]],[[7264,9419],[13,45]],[[7265,9409],[54,12]],[[7334,9376],[-14,0]],[[7320,9376],[0,-3]],[[7320,9373],[-11,-3]],[[7309,9370],[-4,0]],[[7305,9370],[-40,39]],[[8995,9632],[28,-20]],[[7319,9346],[1,0]],[[7320,9346],[-1,0]],[[7320,9447],[-1,0]],[[7319,9447],[8,45]],[[8933,9852],[-3,2],[11,-5],[-1,-5],[-7,8]],[[7340,9374],[2,-9]],[[7342,9365],[-8,9]],[[8918,9925],[49,33]],[[8967,9958],[2,-2]],[[8969,9956],[-19,-18]],[[8950,9938],[11,-12]],[[8961,9926],[-29,-20]],[[8932,9906],[2,-11]],[[8934,9895],[-10,-2]],[[8924,9893],[-6,32]],[[7343,9365],[9,-10]],[[7353,9351],[0,-1]],[[7354,9345],[0,-2]],[[7354,9343],[-11,22]],[[8896,9424],[37,46],[7,13],[-11,-23],[-33,-36]],[[7360,9498],[2,-8]],[[7338,9493],[8,2]],[[7346,9495],[2,0]],[[7348,9495],[12,3]],[[7380,9442],[-16,-71]],[[7364,9371],[16,71]],[[8896,9328],[17,-33]],[[8913,9295],[-17,33]],[[7364,9323],[-4,7]],[[7360,9330],[4,-7]],[[7365,9503],[-5,0]],[[7360,9503],[5,0]],[[7364,9508],[9,28]],[[7373,9536],[15,10]],[[7411,9541],[3,-35]],[[7374,9487],[-2,0]],[[7366,9487],[-2,21]],[[7366,9495],[2,0],[0,-2],[-2,2]],[[8866,9366],[36,-10],[0,-3],[-33,5],[-3,8]],[[7369,9365],[3,-4]],[[7372,9361],[15,-33]],[[7387,9328],[-12,0]],[[7375,9328],[-6,37]],[[7409,9462],[-18,0]],[[7391,9462],[-1,0]],[[7390,9462],[-9,-17]],[[7381,9445],[6,22]],[[7430,9475],[-1,-13]],[[7429,9462],[-11,0]],[[7460,9534],[-34,27]],[[7430,9589],[8,2]],[[7438,9591],[1,-9]],[[7434,9579],[-2,0]],[[7432,9579],[-2,10]],[[8850,8965],[-7,1]],[[7502,9525],[-7,-12]],[[7495,9513],[-34,-40]],[[7461,9473],[-1,-11]],[[7460,9462],[-13,21]],[[7444,9586],[17,8]],[[7461,9594],[3,-7]],[[8842,8976],[-13,12]],[[8829,8988],[0,1]],[[7493,9602],[22,13]],[[8838,9378],[24,-25],[1,-3],[-42,13],[17,15]],[[7519,9511],[6,2]],[[7525,9513],[-5,-25]],[[7520,9488],[-9,14]],[[7511,9502],[0,3]],[[7511,9505],[8,6]],[[8820,9411],[87,-23],[5,-10],[-75,13],[-17,20]],[[7547,9422],[-6,2]],[[7541,9424],[-6,-15]],[[7535,9409],[-15,17]],[[7520,9426],[27,-4]],[[8802,9928],[-2,0]],[[8800,9928],[2,0]],[[7655,9571],[-65,-2]],[[7590,9569],[42,22]],[[7632,9591],[8,-2]],[[7640,9589],[15,-18]],[[8801,9417],[24,-24],[-30,6],[6,18]],[[7549,9402],[7,17],[17,-2],[1,-16],[-25,1]],[[8814,8875],[0,-13]],[[7601,9472],[-10,-27]],[[7591,9445],[-20,2]],[[7571,9447],[0,7]],[[7571,9454],[0,1]],[[7571,9455],[30,17]],[[8792,9386],[27,-2],[1,-5],[-28,-9],[0,16]],[[7593,9432],[2,-15]],[[7595,9417],[-2,15]],[[7622,9617],[-22,7]],[[8859,9083],[-5,-117]],[[8854,8966],[-3,-1]],[[8840,9068],[3,9]],[[8822,9188],[10,0]],[[8832,9188],[-16,20]],[[8816,9208],[-1,0]],[[8815,9208],[-11,-2]],[[8787,9241],[115,-15]],[[8902,9226],[0,-2]],[[8902,9224],[-7,-3]],[[8895,9221],[0,-2]],[[8895,9219],[-36,-136]],[[7649,9639],[16,-2]],[[7665,9637],[2,0]],[[7667,9637],[9,-18]],[[7676,9619],[0,-4]],[[7634,9640],[15,-1]],[[8786,9233],[-1,-17]],[[7682,9551],[-13,-26]],[[7669,9525],[13,26]],[[8795,9167],[2,0]],[[8815,9206],[1,0]],[[8807,9092],[-6,13]],[[8785,9120],[-7,23]],[[7678,9503],[21,3],[12,-28],[-31,5],[-2,20]],[[7681,9574],[1,17]],[[7682,9591],[8,14]],[[7690,9605],[4,0]],[[7694,9605],[0,-3]],[[7694,9602],[9,-10]],[[7703,9592],[8,0]],[[7711,9592],[4,-5]],[[7715,9587],[2,-5]],[[7701,9564],[-6,2]],[[7695,9566],[-1,0]],[[7694,9566],[-13,8]],[[8788,9964],[2,23]],[[8790,9987],[25,-13]],[[8815,9974],[7,-6]],[[8822,9968],[0,-5]],[[8822,9963],[4,-4]],[[8826,9959],[2,-5]],[[8828,9954],[4,-28]],[[8832,9926],[-6,-1]],[[8826,9925],[-43,18]],[[8783,9943],[0,5]],[[8783,9948],[-2,0]],[[8781,9948],[-3,0]],[[8778,9948],[-3,-4]],[[8775,9944],[0,-1]],[[8775,9943],[-4,-2]],[[8771,9941],[0,8]],[[8771,9949],[13,2]],[[8784,9951],[4,0]],[[7728,9508],[2,-16]],[[7730,9492],[-2,16]],[[8768,9987],[1,0]],[[8769,9987],[4,0]],[[8773,9987],[1,0]],[[8774,9987],[-6,0]],[[7740,9411],[0,-4]],[[7740,9407],[-4,-6]],[[7736,9401],[-7,-2]],[[7729,9399],[-10,2]],[[7719,9401],[5,13]],[[8755,9974],[-2,0]],[[8753,9974],[-2,2]],[[8751,9976],[-2,0]],[[8749,9976],[9,13]],[[8758,9989],[1,0]],[[8759,9989],[-4,-15]],[[7739,9442],[17,-10]],[[8758,9862],[2,-8],[-11,-9],[-2,15],[11,2]],[[7732,9536],[23,32]],[[7738,9518],[-1,0]],[[7737,9518],[-5,18]],[[8742,9416],[8,18],[43,-13],[-3,-22],[-48,17]],[[7752,9421],[0,-4]],[[7752,9417],[-5,-8]],[[7747,9409],[-4,0]],[[7743,9409],[-3,2]],[[8762,9577],[-18,-9]],[[7755,9569],[-8,12]],[[7747,9581],[12,-12]],[[7776,9462],[6,-2],[-2,-6],[-3,0],[-1,8]],[[8741,9218],[9,10]],[[8766,9196],[1,-8]],[[8792,9193],[2,-17]],[[8769,9157],[-28,61]],[[7839,9467],[5,-7]],[[7844,9460],[0,1]],[[7844,9461],[0,1]],[[7844,9462],[0,-2]],[[7844,9460],[7,-5]],[[7851,9455],[9,-10]],[[7860,9445],[2,5]],[[7862,9450],[-1,4],[0,-2],[1,-2]],[[7862,9450],[-2,-5]],[[7860,9445],[-21,22]],[[7839,9467],[63,-27]],[[7902,9440],[5,-3]],[[7907,9437],[38,-33]],[[7925,9412],[-7,0]],[[7918,9412],[-13,2]],[[7905,9414],[-21,12]],[[7884,9426],[-3,-4]],[[7881,9422],[-29,-44]],[[7852,9378],[-17,5]],[[7835,9383],[-16,1]],[[7819,9384],[-18,4]],[[7801,9388],[-4,10]],[[7803,9398],[8,1]],[[7804,9407],[35,60]],[[8740,9829],[11,2],[0,-4],[-11,-1],[0,3]],[[7788,9467],[3,11],[13,-3],[-9,-26],[-7,18]],[[7806,9538],[25,-10]],[[7831,9528],[19,0]],[[7850,9528],[24,-3]],[[7885,9502],[10,-2]],[[7895,9500],[11,-7]],[[7906,9493],[-7,4]],[[7899,9497],[-2,0]],[[7897,9497],[-1,0]],[[7896,9497],[-6,0]],[[7890,9497],[-19,5]],[[7871,9502],[-2,0]],[[7869,9502],[-4,1]],[[7865,9503],[-6,0]],[[7859,9503],[-53,35]],[[8742,9964],[0,-3]],[[8742,9961],[0,3]],[[7810,9497],[49,-7]],[[7859,9490],[11,-2]],[[7870,9488],[1,-1]],[[7871,9487],[1,0]],[[7872,9487],[2,-2]],[[7874,9485],[1,0]],[[7875,9485],[8,-3]],[[7883,9482],[3,0]],[[7886,9482],[12,-5]],[[7895,9468],[-85,29]],[[8760,9648],[1,0]],[[8762,9640],[7,-1]],[[8794,9612],[0,-21]],[[8786,9596],[-16,6]],[[7851,9625],[14,2]],[[7865,9627],[-14,-2]],[[8738,9839],[0,-5]],[[8738,9834],[-4,0]],[[8734,9834],[-1,5]],[[7888,9528],[-5,-22]],[[7885,9526],[3,2]],[[7905,9472],[42,-20]],[[7947,9452],[-42,13]],[[8734,9017],[-1,-16],[-12,1],[2,9],[11,6]],[[8728,9012],[0,-3]],[[8728,9009],[0,3]],[[7914,9490],[73,-22]],[[7987,9468],[-46,12]],[[7941,9480],[-2,0]],[[7939,9480],[-25,10]],[[8722,8984],[7,0]],[[8729,8984],[2,-14]],[[8731,8970],[-11,9]],[[8720,8979],[2,5]],[[7950,9581],[0,-5]],[[7950,9576],[0,5]],[[7924,9383],[20,11]],[[7945,9398],[80,-24]],[[8025,9374],[37,-23]],[[8077,9338],[33,-41]],[[8110,9297],[-123,53]],[[7987,9350],[-19,8]],[[7968,9358],[-29,-7]],[[7939,9351],[-14,5]],[[7925,9356],[-1,22]],[[7924,9378],[0,5]],[[7932,9366],[2,-1],[0,11],[-2,0],[0,-10]],[[7968,9370],[0,6],[-8,2],[0,-8],[8,0]],[[8732,9845],[-17,9]],[[8715,9854],[14,3]],[[7943,9289],[1,0]],[[7944,9289],[9,-5]],[[7953,9284],[9,1]],[[7962,9285],[18,22]],[[7980,9307],[6,0]],[[7986,9307],[47,-38]],[[8021,9259],[-6,-8]],[[8006,9221],[-44,2]],[[7962,9223],[-20,-5]],[[7942,9218],[0,3]],[[7942,9221],[1,68]],[[7978,9279],[4,1],[0,9],[-5,0],[1,-10]],[[8005,9228],[-8,6],[-4,-8],[11,2],[1,0]],[[7985,9254],[6,-3],[13,-17],[-6,25],[-13,-5]],[[8770,8981],[-6,0]],[[8764,8981],[-2,0]],[[8762,8981],[-2,-16]],[[8760,8965],[0,-4]],[[8760,8961],[-11,-3]],[[8749,8958],[-6,0]],[[8743,8958],[-5,35]],[[8738,8993],[0,6]],[[8738,8999],[-3,22]],[[8735,9021],[-1,0]],[[8734,9021],[-12,1]],[[8722,9022],[0,-11]],[[8722,9011],[-8,0]],[[8714,9011],[1,20]],[[8715,9031],[1,14]],[[8716,9045],[-2,23]],[[8714,9068],[-8,-13]],[[8706,9055],[-10,12]],[[8696,9067],[7,3]],[[8703,9070],[9,5]],[[8712,9075],[0,2]],[[8712,9077],[0,3]],[[8712,9080],[63,-68]],[[7967,9039],[19,0]],[[8005,8994],[-2,-5]],[[8003,8989],[-36,50]],[[8700,9946],[4,0]],[[8704,9946],[17,-20]],[[8721,9926],[-18,-6]],[[8703,9920],[-3,26]],[[7987,9465],[37,-31]],[[8679,9508],[7,-2]],[[7995,9145],[-7,3],[7,10],[0,-13]],[[8710,9981],[2,-5]],[[8712,9976],[4,0]],[[8716,9976],[14,-13]],[[8730,9963],[5,-32]],[[8735,9931],[-47,25]],[[8686,9954],[-9,-5]],[[8677,9949],[4,9]],[[8681,9958],[2,3]],[[8683,9961],[0,3]],[[8683,9964],[14,12]],[[8697,9976],[13,5]],[[7998,9417],[4,4]],[[8002,9421],[2,-2]],[[8004,9419],[26,-30]],[[8030,9389],[-32,28]],[[8677,9238],[1,-2]],[[8678,9236],[4,0]],[[8682,9236],[20,-27]],[[8711,9190],[19,-28]],[[8732,9113],[-2,0]],[[8730,9113],[-5,2]],[[8725,9115],[-16,45]],[[8709,9160],[-34,71]],[[8000,8970],[6,21]],[[8031,8970],[-4,0]],[[8027,8970],[-27,0]],[[8675,9877],[12,0],[-6,-17],[-5,-1],[-1,18]],[[8044,9216],[22,-3]],[[8066,9213],[-2,-2]],[[8064,9211],[-10,-18]],[[8054,9193],[-2,-5]],[[8052,9188],[-3,-7]],[[8040,9163],[5,-22]],[[8050,9141],[9,-23]],[[8011,9108],[0,5]],[[8011,9113],[-2,20]],[[8009,9133],[-1,6]],[[8008,9139],[-1,37]],[[8007,9176],[0,4]],[[8007,9180],[33,33]],[[8018,9203],[-11,-8]],[[8007,9195],[0,5]],[[8007,9200],[0,6]],[[8007,9206],[0,5]],[[8017,9617],[37,71]],[[8054,9688],[6,0]],[[8060,9688],[19,18]],[[8079,9706],[1,0]],[[8080,9706],[14,13]],[[8094,9719],[3,2]],[[8097,9721],[22,12]],[[8119,9733],[7,3]],[[8126,9736],[6,0]],[[8132,9736],[4,-12]],[[8142,9724],[1,2]],[[8218,9612],[-11,-11]],[[8207,9601],[-5,0]],[[8202,9601],[-7,0]],[[8195,9601],[0,-14]],[[8195,9587],[-4,0]],[[8191,9587],[-1,0]],[[8190,9587],[-2,0]],[[8188,9587],[-13,-16]],[[8175,9571],[-7,-15]],[[8168,9556],[-4,0]],[[8164,9556],[-5,0]],[[8159,9556],[0,2]],[[8159,9558],[-1,-10]],[[8158,9548],[-3,-22]],[[8155,9526],[0,-1]],[[8155,9525],[-18,-65]],[[8137,9460],[3,20]],[[8140,9480],[0,3]],[[8140,9483],[-54,63]],[[8086,9546],[-18,-3]],[[8068,9543],[-51,74]],[[8133,9670],[1,7],[-15,-2],[0,-5],[14,0]],[[8107,9673],[1,15],[-10,-5],[1,-6],[8,-4]],[[8712,9568],[-9,-4]],[[8692,9558],[0,3]],[[8692,9561],[0,3]],[[8687,9564],[0,-6]],[[8670,9541],[36,61]],[[8063,9118],[-2,17]],[[8060,9145],[4,15]],[[8064,9160],[3,0]],[[8067,9160],[25,-8]],[[8092,9152],[-1,-41]],[[8091,9111],[0,-6]],[[8091,9105],[12,-32]],[[8100,9062],[1,3]],[[8104,9072],[13,-15]],[[8199,8923],[-29,7]],[[8170,8930],[-6,0]],[[8164,8930],[-12,3]],[[8152,8933],[-57,88]],[[8083,9022],[-31,32]],[[8052,9054],[6,11]],[[8058,9065],[5,17]],[[8063,9082],[-29,-50]],[[8034,9032],[28,53]],[[8711,9826],[0,14]],[[8711,9840],[-24,-9]],[[8687,9831],[-15,-4]],[[8672,9827],[39,-1]],[[8013,9039],[20,-8]],[[8033,9031],[-11,-14]],[[8014,9031],[-1,8]],[[8686,8707],[-4,-15]],[[8682,8692],[-8,-16]],[[8674,8676],[12,31]],[[8027,9092],[-6,0]],[[8693,8976],[4,0]],[[8697,8976],[-27,-8]],[[8670,8968],[-5,0]],[[8665,8968],[0,5]],[[8039,9213],[-14,-5]],[[8697,8984],[-5,-1]],[[8665,8979],[0,14]],[[8665,8993],[0,6]],[[8665,8999],[0,15]],[[8665,9014],[3,0]],[[8668,9014],[39,-28]],[[8707,8986],[-10,-2]],[[8029,9024],[13,16]],[[8042,9040],[0,-16]],[[8700,9916],[-35,-13]],[[8665,9903],[35,13]],[[8042,9016],[41,-20]],[[8083,8996],[-2,-20]],[[8081,8976],[-42,3]],[[8663,9312],[3,6]],[[8742,9564],[20,13]],[[8872,9569],[20,-5]],[[8892,9564],[-26,-34]],[[8866,9530],[-8,-10]],[[8858,9520],[8,10]],[[8866,9530],[49,-19]],[[8915,9511],[-32,-87]],[[8883,9424],[-119,119]],[[8748,9518],[-4,-82]],[[8744,9436],[0,-2]],[[8742,9427],[-49,-137]],[[8693,9290],[-2,-1]],[[8691,9289],[-17,5]],[[8689,9459],[17,14]],[[8706,9473],[-3,9]],[[8703,9505],[-24,3]],[[8660,9513],[-1,5]],[[8713,9523],[-2,-12],[8,0],[1,12],[-7,0]],[[8741,9304],[5,-7],[9,11],[-6,7],[-8,-11]],[[8869,9457],[24,28],[-13,15],[-22,-28],[11,-15]],[[8061,9135],[-1,6]],[[8668,8882],[-2,2]],[[8666,8884],[2,-2]],[[8081,9379],[24,-9]],[[8105,9370],[0,1]],[[8105,9371],[-1,2]],[[8104,9373],[-6,-2]],[[8098,9371],[-6,-5]],[[8092,9366],[-11,13]],[[8113,8951],[-6,2]],[[8107,8953],[6,-2]],[[8654,9801],[0,10],[9,0],[1,-5],[-10,-5]],[[8128,8976],[0,-5],[-10,2],[1,6],[9,-3]],[[8655,8908],[2,-10]],[[8657,8898],[-2,10]],[[8649,8778],[55,18]],[[8704,8796],[11,-1]],[[8715,8795],[6,-32]],[[8721,8763],[-3,-13]],[[8718,8750],[-35,-21]],[[8683,8729],[-9,0]],[[8674,8729],[-15,0]],[[8659,8729],[1,8]],[[8660,8737],[1,16]],[[8661,8753],[-12,25]],[[8686,8783],[-3,2],[-2,-5],[5,-4],[0,7]],[[8159,9411],[-23,-96]],[[8136,9315],[4,-7]],[[8140,9308],[46,-28]],[[8186,9280],[30,61]],[[8175,9370],[-11,34]],[[8739,8935],[-6,0]],[[8733,8935],[18,-51]],[[8751,8884],[0,-2]],[[8751,8882],[0,-13]],[[8751,8869],[0,-3]],[[8751,8866],[0,-14]],[[8751,8852],[-2,-10]],[[8749,8842],[-14,-16]],[[8735,8826],[-11,-10]],[[8724,8816],[-8,18]],[[8716,8834],[-13,4]],[[8703,8838],[-7,-7]],[[8696,8831],[-1,-5]],[[8695,8826],[0,-7]],[[8695,8819],[-9,5]],[[8686,8824],[0,-1]],[[8686,8823],[-2,-7]],[[8684,8816],[-14,54]],[[8670,8870],[-1,7]],[[8669,8877],[-8,33]],[[8661,8910],[33,0]],[[8694,8910],[2,-10]],[[8696,8900],[9,15]],[[8705,8915],[20,31]],[[8725,8946],[14,-11]],[[8689,8894],[3,4],[-3,4],[-2,-2],[2,-6]],[[8655,8839],[-1,-5],[4,-2],[0,7],[-3,0]],[[8676,8880],[1,7],[-4,-2],[1,-5],[2,0]],[[8687,8889],[-2,6],[-6,-1],[2,-7],[6,2]],[[8131,9282],[5,-10]],[[8136,9272],[4,-3]],[[8140,9269],[-14,6]],[[8126,9275],[5,7]],[[8637,9042],[11,5]],[[8648,9047],[16,-16]],[[8664,9031],[0,-7]],[[8664,9024],[-10,0]],[[8642,9100],[7,0]],[[8645,9087],[-3,13]],[[8140,9181],[19,38]],[[8159,9219],[9,2]],[[8165,9238],[-2,1]],[[8158,9244],[7,3]],[[8165,9247],[7,-3]],[[8172,9244],[-1,-96]],[[8170,9148],[-6,0]],[[8164,9148],[-4,15]],[[8160,9163],[15,38]],[[8175,9201],[-3,0]],[[8172,9201],[-8,10]],[[8163,9204],[-19,-47]],[[8144,9157],[-4,0]],[[8140,9157],[0,24]],[[8154,9190],[-2,-7],[6,-2],[1,7],[-5,2]],[[8182,9170],[-1,-5]],[[8150,9452],[13,35]],[[8149,9431],[1,21]],[[8643,8740],[-2,-11]],[[8641,8729],[-2,0]],[[8639,8729],[-4,1]],[[8635,8730],[8,10]],[[8147,9736],[2,0]],[[8149,9736],[9,-2]],[[8146,9726],[1,10]],[[8640,9695],[-11,5]],[[8635,9685],[5,10]],[[8631,8864],[12,-5]],[[8643,8859],[-12,5]],[[8159,9741],[5,-3]],[[8158,9734],[1,7]],[[8629,9040],[4,0]],[[8161,9135],[1,-9]],[[8162,9126],[-1,9]],[[8637,9157],[28,-51]],[[8665,9106],[0,-3]],[[8665,9103],[-7,0]],[[8658,9103],[-6,7]],[[8652,9110],[0,-6]],[[8652,9104],[-2,-2]],[[8650,9105],[2,5]],[[8652,9110],[-2,-5]],[[8650,9105],[0,-3]],[[8650,9102],[-9,1]],[[8641,9103],[-3,2]],[[8166,9077],[-3,44]],[[8163,9121],[44,-18]],[[8207,9103],[1,0]],[[8208,9103],[11,25]],[[8215,9130],[93,43]],[[8308,9180],[22,-62]],[[8334,9102],[5,0]],[[8344,9067],[32,-86]],[[8376,8981],[-15,-5]],[[8361,8976],[0,-2]],[[8361,8974],[-13,0]],[[8348,8974],[-14,19]],[[8289,9047],[-11,-3]],[[8265,9006],[-7,8]],[[8258,9014],[-33,7]],[[8225,9019],[-37,15]],[[8188,9034],[9,20]],[[8197,9054],[8,-4]],[[8205,9050],[1,2]],[[8199,9067],[0,3]],[[8206,9068],[28,-26]],[[8251,9052],[-45,18]],[[8190,9082],[-1,1]],[[8189,9083],[0,-10]],[[8189,9073],[-23,4]],[[8245,9064],[-1,1]],[[8256,9088],[0,22],[-9,-12],[9,-10]],[[8320,9073],[0,-1]],[[8287,9123],[-8,8]],[[8165,9068],[5,-3]],[[8170,9047],[-5,21]],[[8657,9847],[1,0]],[[8658,9847],[-1,0]],[[8166,9072],[0,3]],[[8166,9075],[22,-20]],[[8177,9064],[1,1]],[[8173,9067],[-7,5]],[[8640,9665],[-17,2]],[[8169,9761],[9,-1]],[[8178,9760],[8,-7]],[[8216,9760],[-18,-9]],[[8195,9751],[-8,-4]],[[8186,9753],[-14,21]],[[8172,9774],[9,4]],[[8181,9778],[8,0]],[[8189,9778],[25,1]],[[8214,9779],[13,-5]],[[8623,9121],[-5,9]],[[8614,9336],[3,9]],[[8626,9338],[-5,-10]],[[8621,9328],[-7,8]],[[8204,9452],[2,-25]],[[8206,9427],[-27,15]],[[8189,9693],[13,-13]],[[8642,9581],[15,-12]],[[8657,9569],[0,-1]],[[8657,9568],[-17,-63]],[[8188,9746],[7,5]],[[8195,9751],[3,0]],[[8198,9751],[7,-8]],[[8604,9668],[1,10]],[[8621,9673],[-17,-5]],[[8197,9055],[-5,9]],[[8602,9639],[0,3]],[[8602,9642],[9,-3]],[[8198,9266],[23,6]],[[8221,9272],[-23,-6]],[[8599,9577],[-2,14]],[[8597,9591],[3,23]],[[8639,9609],[8,46]],[[8646,9675],[1,11]],[[8647,9686],[14,-89]],[[8661,9597],[-18,-13]],[[8218,8922],[-18,0]],[[8595,9135],[1,15]],[[8211,8894],[-11,10]],[[8612,9130],[-16,-5]],[[8200,9386],[10,0]],[[8591,9133],[-2,-15]],[[8205,9236],[2,2],[-5,-10],[2,5],[1,3]],[[8258,9683],[2,-12]],[[8585,8925],[25,11]],[[8610,8936],[16,-11]],[[8626,8925],[3,0]],[[8629,8925],[-1,15]],[[8628,8940],[9,1]],[[8637,8941],[0,-56]],[[8637,8885],[0,-6]],[[8637,8879],[-19,1]],[[8618,8880],[-8,5]],[[8610,8885],[-1,0]],[[8609,8885],[-22,10]],[[8587,8895],[5,18]],[[8592,8913],[8,0]],[[8600,8913],[5,0]],[[8605,8913],[6,2]],[[8611,8915],[-6,7]],[[8605,8922],[0,-7]],[[8605,8915],[-5,0]],[[8600,8915],[0,7]],[[8600,8922],[-15,3]],[[8215,9290],[10,15]],[[8225,9305],[5,15]],[[8230,9320],[5,16]],[[8235,9336],[0,2]],[[8235,9338],[15,-54]],[[8250,9284],[0,-4]],[[8250,9280],[1,-1]],[[8251,9279],[1,0]],[[8252,9279],[-20,-9]],[[8232,9274],[1,10],[-9,1],[1,-3],[7,-8]],[[8216,9571],[1,5]],[[8617,9346],[-14,-1]],[[8603,9345],[-3,0]],[[8600,9345],[-16,0]],[[8219,9251],[5,1],[0,-13],[-4,0],[-1,12]],[[8584,9191],[7,-15]],[[8589,9118],[-3,-15]],[[8232,9483],[-3,-5]],[[8229,9478],[-2,-10]],[[8227,9468],[-2,-8]],[[8225,9460],[-1,-13]],[[8224,9447],[-3,36]],[[8600,9116],[8,9]],[[8628,9111],[11,-9]],[[8639,9102],[6,-20]],[[8695,9098],[14,17]],[[8709,9115],[2,0]],[[8711,9115],[7,-17]],[[8718,9098],[-4,-3]],[[8714,9095],[-11,-25]],[[8703,9070],[-66,-26]],[[8637,9044],[-26,0]],[[8611,9044],[-5,-4]],[[8606,9040],[-16,50]],[[8665,9062],[4,5],[-2,8],[-7,-3],[5,-10]],[[8582,9017],[45,22]],[[8656,9012],[8,2]],[[8664,9014],[0,-8]],[[8658,8998],[-11,-9]],[[8664,8988],[0,-20]],[[8664,8968],[0,-2]],[[8642,8956],[-10,-15]],[[8632,8941],[-5,0]],[[8627,8941],[0,7]],[[8627,8948],[-14,-2]],[[8613,8946],[-2,-6]],[[8611,8940],[-8,-4]],[[8603,8936],[-1,9]],[[8602,8945],[1,0]],[[8603,8945],[1,39]],[[8604,8984],[-3,0]],[[8601,8984],[0,-5]],[[8601,8979],[-1,-1]],[[8600,8978],[-18,6]],[[8582,8984],[0,33]],[[8621,8963],[-1,7],[-3,0],[2,-9],[2,2]],[[8236,9755],[1,-8]],[[8237,9747],[-2,-1]],[[8234,9746],[-2,-3]],[[8582,9206],[15,-26]],[[8596,9160],[-19,49]],[[8227,9459],[2,11]],[[8229,9470],[-2,-11]],[[8578,9346],[-14,7]],[[8262,8890],[-15,-13]],[[8247,8877],[-15,8]],[[8673,9233],[-63,23]],[[8610,9256],[-5,0]],[[8605,9256],[-25,10]],[[8580,9266],[-5,0]],[[8575,9266],[3,-43]],[[8572,9216],[-3,3]],[[8563,9228],[-3,1]],[[8236,9629],[-4,-4]],[[8564,9485],[-1,-2]],[[8563,9483],[-5,0]],[[8556,9591],[6,0]],[[8595,9619],[2,-28]],[[8597,9591],[-1,-15]],[[8536,9576],[0,-10],[3,0],[4,10],[-7,0]],[[8251,9495],[6,-3]],[[8257,9492],[0,-2]],[[8257,9490],[0,-7]],[[8257,9483],[-12,2]],[[8243,9483],[-11,0]],[[8232,9483],[13,33]],[[8558,9483],[-3,-26]],[[8555,9457],[-2,-21]],[[8251,9531],[-8,-16]],[[8552,9801],[0,-3]],[[8552,9798],[0,3]],[[8549,9794],[1,2]],[[8269,9773],[18,-24]],[[8243,9711],[3,27]],[[8246,9738],[-3,3]],[[8243,9741],[-2,14]],[[8236,9614],[7,5]],[[8544,9817],[0,0]],[[8248,9363],[-1,-2],[-3,12],[7,0],[-3,-10]],[[8255,9539],[-2,-5]],[[8543,9791],[6,3]],[[8549,9794],[1,2]],[[8550,9796],[13,-38]],[[8300,9771],[-16,-5]],[[8284,9766],[-31,7]],[[8252,9786],[91,33]],[[8343,9819],[11,-2]],[[8354,9817],[1,-47]],[[8355,9770],[0,-4]],[[8355,9766],[2,-60]],[[8357,9706],[-13,-33]],[[8344,9673],[-2,0]],[[8331,9671],[-10,9]],[[8294,9728],[-3,33]],[[8291,9761],[11,-1]],[[8318,9765],[-9,0]],[[8282,9781],[3,3],[-2,7],[-4,-2],[3,-8]],[[8254,9285],[6,0]],[[8260,9285],[-6,0]],[[8275,9216],[3,26],[-24,10],[39,-6],[-18,-30]],[[8531,9824],[13,-7]],[[8529,9693],[0,0]],[[8597,9642],[0,-3]],[[8593,9639],[-19,-9]],[[8571,9629],[-12,-7]],[[8279,9388],[-16,18],[16,61],[25,-79],[-25,0]],[[8559,9749],[7,-6]],[[8566,9743],[1,-2]],[[8567,9741],[1,-8]],[[8568,9733],[0,-2]],[[8568,9731],[-28,-13]],[[8554,9734],[1,-1],[1,0],[0,1],[-2,0]],[[8261,9771],[6,2]],[[8521,9647],[1,-7]],[[8513,9719],[25,-6]],[[8538,9713],[3,0]],[[8541,9713],[3,0]],[[8576,9728],[1,0]],[[8577,9728],[4,-2]],[[8581,9726],[1,0]],[[8582,9726],[14,-10]],[[8529,9695],[-16,24]],[[8272,9193],[1,5],[9,-2],[-1,-6],[-9,3]],[[8513,9493],[0,2]],[[8296,9663],[-9,5]],[[8280,9729],[4,0]],[[8285,9729],[81,-76]],[[8366,9653],[-1,0]],[[8365,9653],[-6,7]],[[8359,9660],[-3,2]],[[8356,9662],[-2,-5]],[[8354,9657],[-2,-2]],[[8352,9655],[-2,-2],[-3,0],[0,2],[5,0]],[[8352,9655],[-14,7]],[[8338,9662],[-5,-2]],[[8333,9660],[-4,0]],[[8329,9660],[-25,0]],[[8293,9716],[-13,-11],[12,-15],[7,3],[-6,23]],[[8555,9229],[7,-10]],[[8562,9219],[-5,-16]],[[8302,8994],[5,-10]],[[8307,8984],[-1,-1]],[[8306,8983],[-3,0]],[[8303,8983],[-1,0]],[[8302,8983],[-9,10]],[[8293,8993],[-2,0]],[[8291,8993],[11,1]],[[8283,8859],[-4,0]],[[8446,9077],[4,5]],[[8585,9098],[-12,-5]],[[8573,9093],[2,-6]],[[8575,9087],[-10,-27]],[[8443,9073],[3,4]],[[8547,9106],[-4,10],[-11,-13],[3,-5],[12,8]],[[8492,9713],[0,1]],[[8503,9355],[-4,-22]],[[8499,9333],[-7,12]],[[8303,9637],[14,6]],[[8317,9643],[41,2]],[[8358,9645],[8,-15]],[[8328,9627],[-28,-2]],[[8300,9625],[-1,0]],[[8299,9625],[-14,0]],[[8285,9625],[0,0]],[[8283,9734],[1,-1]],[[8285,9741],[-1,-2]],[[8495,9729],[-3,0],[3,0]],[[8285,9274],[5,1],[0,-8],[-5,-1],[0,8]],[[8491,9726],[0,0]],[[8285,9765],[0,1]],[[8297,8851],[-6,3]],[[8499,9414],[1,0]],[[8500,9414],[7,-2]],[[8507,9412],[16,-10]],[[8523,9402],[20,-13]],[[8543,9389],[3,-26]],[[8546,9363],[-18,0]],[[8528,9363],[-4,2]],[[8524,9365],[3,8]],[[8513,9371],[-4,0]],[[8509,9371],[-13,-3]],[[8496,9368],[-7,5]],[[8297,9716],[-4,3]],[[8294,9612],[24,-2]],[[8308,9229],[0,-11],[-12,-2],[2,23],[10,-10]],[[8481,9360],[28,10]],[[8509,9370],[11,-7]],[[8520,9363],[-6,-3]],[[8514,9360],[-9,-4]],[[8318,9297],[7,-2]],[[8325,9295],[9,18]],[[8334,9313],[-18,-3]],[[8316,9310],[-17,173]],[[8331,9480],[28,3]],[[8361,9500],[2,10]],[[8422,9515],[5,31]],[[8427,9546],[-15,-7]],[[8412,9539],[-11,-11]],[[8401,9528],[18,-48]],[[8419,9480],[-3,-28]],[[8357,9404],[-3,-18]],[[8348,9290],[-1,-16]],[[8321,9262],[-3,35]],[[8356,9455],[-34,2],[0,-15],[13,-8],[21,21]],[[8489,9566],[-13,25]],[[8303,9244],[8,12]],[[8311,9256],[-1,0]],[[8527,9794],[-26,-3]],[[8501,9791],[-20,31]],[[8476,9829],[53,-2]],[[8330,9231],[-27,8]],[[8478,9635],[-6,5]],[[8468,9419],[-1,-64]],[[8467,9355],[6,16]],[[8489,9341],[-22,5]],[[8467,9346],[1,0]],[[8574,9039],[4,-13]],[[8578,9026],[-3,-32]],[[8575,8994],[-8,-36]],[[8567,8958],[-12,-28]],[[8555,8930],[4,-5]],[[8559,8925],[3,0]],[[8562,8925],[-22,-78]],[[8540,8847],[-1,0]],[[8539,8847],[-5,0]],[[8534,8847],[-6,-1]],[[8528,8846],[-2,0]],[[8526,8846],[1,5]],[[8527,8851],[2,0]],[[8529,8851],[1,3]],[[8530,8854],[2,0]],[[8532,8854],[0,25]],[[8532,8879],[0,6]],[[8532,8885],[7,22]],[[8539,8907],[1,5]],[[8540,8912],[-1,10]],[[8539,8922],[-3,0]],[[8536,8922],[-5,13]],[[8531,8935],[-7,6]],[[8524,8941],[0,-3]],[[8524,8938],[-7,-2]],[[8517,8936],[-61,-14]],[[8456,8922],[-6,13]],[[8515,8998],[3,-5],[6,3],[-4,5],[-5,-3]],[[8483,9634],[8,74]],[[8491,9708],[22,-23]],[[8338,9831],[5,-10]],[[8343,9821],[-5,10]],[[8339,9673],[0,0]],[[8358,9244],[-16,-11]],[[8447,9308],[9,2]],[[8456,9310],[-9,-2]],[[8350,9673],[-4,-2]],[[8346,8940],[1,0]],[[8347,8940],[83,-58]],[[8448,8859],[11,3]],[[8473,8864],[1,33]],[[8503,8938],[19,-71]],[[8522,8867],[-4,-18]],[[8518,8849],[0,-2]],[[8518,8847],[-1,0]],[[8517,8847],[-44,5]],[[8473,8852],[-5,0]],[[8468,8852],[-111,46]],[[8357,8898],[-5,2]],[[8352,8900],[-4,0]],[[8495,8889],[7,-5],[5,6],[-6,4],[-6,-5]],[[8370,9244],[33,40]],[[8416,9238],[-58,-29]],[[8358,9209],[12,35]],[[8465,9419],[-15,-79]],[[8450,9340],[-6,28]],[[8444,9368],[-1,21]],[[8436,9434],[12,3]],[[8466,9434],[3,-10]],[[8469,9424],[2,0]],[[8471,9424],[13,2]],[[8484,9426],[2,10]],[[8486,9436],[6,-15]],[[8492,9421],[-26,1]],[[8350,8894],[131,-50]],[[8511,8808],[0,-2]],[[8511,8806],[-21,-21]],[[8477,8791],[-9,-3]],[[8489,8778],[-18,-12]],[[8471,8766],[-15,6]],[[8456,8772],[12,16]],[[8468,8788],[-14,18]],[[8443,8839],[6,-3]],[[8449,8836],[3,6]],[[8398,8813],[-31,8]],[[8367,8821],[-17,73]],[[8373,8857],[-6,-16],[9,-9],[9,22],[-12,3]],[[8352,9082],[2,-2],[2,-12],[-4,0],[0,14]],[[8430,9655],[8,7]],[[8438,9662],[17,-14]],[[8436,9663],[-6,8]],[[8432,9660],[-2,-5]],[[8353,9675],[5,31]],[[8358,9706],[-1,20]],[[8357,9726],[1,12]],[[8358,9738],[-1,28]],[[8357,9766],[28,5]],[[8385,9771],[72,12]],[[8457,9783],[14,1]],[[8471,9784],[12,2]],[[8483,9786],[17,2]],[[8500,9788],[10,1]],[[8514,9723],[-15,6]],[[8499,9729],[1,2]],[[8500,9731],[-4,0]],[[8496,9731],[-16,-3]],[[8480,9728],[5,-9]],[[8485,9719],[5,-16]],[[8490,9703],[-106,-40]],[[8384,9663],[-1,0]],[[8383,9663],[-30,12]],[[8435,9703],[10,3],[0,7],[-8,-2],[-2,-8]],[[8423,9709],[7,-26]],[[8430,9683],[5,-5]],[[8435,9678],[-12,31]],[[8427,9770],[-1,-21],[17,0],[0,14],[-16,7]],[[8404,9678],[11,8]],[[8415,9686],[-6,4]],[[8409,9690],[-15,-4]],[[8394,9686],[-8,-21]],[[8386,9665],[8,0]],[[8394,9665],[10,13]],[[8429,9356],[14,-6]],[[8355,9819],[127,-31]],[[8482,9788],[-13,-2]],[[8469,9786],[-13,-2]],[[8456,9784],[-60,-8]],[[8396,9776],[-1,0]],[[8395,9776],[-38,-5]],[[8357,9771],[-2,48]],[[8368,9247],[-12,5]],[[8368,9640],[2,8]],[[8370,9648],[0,2]],[[8370,9650],[14,2]],[[8384,9652],[3,0]],[[8387,9652],[9,-2]],[[8396,9650],[3,0]],[[8399,9650],[2,-10]],[[8368,9630],[0,10]],[[8423,9670],[7,1]],[[8384,9660],[-1,0]],[[8383,9660],[1,-2]],[[8384,9658],[1,-1]],[[8385,9657],[-1,-4]],[[8384,9653],[-1,7]],[[8374,9270],[6,10]],[[8402,9304],[4,1]],[[8406,9305],[10,-3]],[[8416,9302],[-34,-40]],[[8427,9295],[3,4]],[[8430,9299],[11,-10]],[[8441,9289],[1,-1]],[[8442,9288],[-11,11]],[[8431,9299],[41,-30]],[[8472,9269],[-7,-10]],[[8465,9259],[-37,-17]],[[8382,9068],[18,-23]],[[8400,9045],[0,-8]],[[8400,9037],[0,-10]],[[8400,9027],[-18,37]],[[8383,9064],[-1,0]],[[8382,9064],[0,4]],[[8390,9073],[-8,0]],[[8382,9073],[8,0]],[[8421,9488],[1,27]],[[8440,9465],[-3,3]],[[8407,8930],[-22,6]],[[8385,8936],[0,4]],[[8385,8940],[5,10]],[[8396,9123],[-2,5]],[[8394,9128],[0,8]],[[8394,9136],[-1,5]],[[8418,9167],[23,33]],[[8401,9652],[0,0]],[[8404,9652],[-1,0]],[[8447,8793],[-1,-18]],[[8446,8775],[-43,34]],[[8407,9609],[0,11]],[[8407,9620],[3,0]],[[8410,9620],[2,0]],[[8408,9609],[-1,0]],[[8418,9167],[23,33]],[[8441,9200],[114,29]],[[8555,9229],[2,-26]],[[8557,9203],[23,-10]],[[8580,9193],[4,-2]],[[8584,9191],[2,-8]],[[8586,9183],[1,0]],[[8587,9183],[2,-7]],[[8589,9176],[2,0]],[[8591,9176],[1,-4]],[[8592,9172],[-1,-39]],[[8591,9133],[-2,-15]],[[8589,9118],[-3,-15]],[[8586,9103],[-1,-5]],[[8585,9098],[-4,0]],[[8581,9098],[-131,-16]],[[8450,9082],[-1,1]],[[8449,9083],[-9,17]],[[8440,9100],[-1,0]],[[8439,9100],[-14,5]],[[8425,9105],[-5,0]],[[8420,9105],[-2,0]],[[8418,9105],[-11,0]],[[8407,9105],[-11,18]],[[8396,9123],[-3,18]],[[8393,9141],[0,1]],[[8393,9142],[0,16]],[[8393,9158],[25,9]],[[8541,9186],[-11,-3],[-9,-21],[14,1],[6,23]],[[8995,9632],[28,-20]],[[9023,9612],[-34,-20]],[[8986,9597],[9,35]],[[7295,9465],[20,-38]],[[7315,9427],[-20,38]],[[8839,9809],[1,2]],[[8840,9811],[-1,-2]],[[7327,9492],[11,1]],[[7338,9493],[24,-3]],[[7362,9490],[4,-3]],[[7366,9487],[2,0]],[[7368,9487],[2,0]],[[7370,9487],[2,0]],[[7372,9487],[-12,-7]],[[7332,9457],[-12,-10]],[[7320,9447],[7,45]],[[8816,9653],[6,-5]],[[8820,9645],[-4,8]],[[7334,9376],[-15,45]],[[7319,9421],[21,-47]],[[7340,9374],[-6,0]],[[7334,9374],[0,2]],[[8815,9047],[9,-2]],[[8824,9045],[16,23]],[[8840,9068],[1,2]],[[8841,9070],[19,-25]],[[8860,9045],[-1,-3]],[[8859,9042],[0,-2]],[[8859,9040],[0,-1]],[[8859,9039],[-8,-74]],[[8851,8965],[-1,0]],[[8850,8965],[-7,1]],[[8843,8966],[-1,10]],[[8842,8976],[-13,13]],[[8829,8989],[-10,33]],[[8819,9022],[1,4]],[[8820,9026],[2,8]],[[8822,9034],[-5,8]],[[8817,9042],[-2,5]],[[7352,9355],[1,-4]],[[7353,9350],[1,-5]],[[7374,9487],[8,5]],[[7382,9492],[1,1]],[[7383,9493],[3,5]],[[7386,9498],[6,2]],[[7392,9500],[22,6]],[[7414,9506],[-40,-19]],[[8800,9870],[14,10]],[[8814,9880],[15,2]],[[8829,9882],[-1,0]],[[8828,9882],[-3,-5]],[[8825,9877],[0,-2]],[[8825,9875],[-10,0]],[[8815,9875],[-15,-5]],[[7388,9546],[23,-5]],[[7411,9541],[-23,5]],[[8795,8862],[19,0]],[[8814,8862],[-20,-16]],[[7387,9467],[32,20]],[[7419,9487],[2,0]],[[7421,9487],[81,38]],[[7502,9525],[-55,-42]],[[7447,9483],[-5,-1]],[[7442,9482],[-6,0]],[[7436,9482],[-6,-7]],[[7430,9475],[-12,-13]],[[7418,9462],[-4,0]],[[7414,9462],[-4,0]],[[7410,9462],[-1,0]],[[7409,9462],[-22,5]],[[8812,8892],[2,-17]],[[8814,8875],[-19,0]],[[7434,9579],[5,3]],[[7439,9582],[5,4]],[[7444,9586],[8,0]],[[7452,9586],[1,0]],[[7453,9586],[7,1]],[[7460,9587],[1,0]],[[7461,9587],[3,0]],[[7464,9587],[1,-5]],[[7465,9582],[4,2]],[[7469,9584],[8,5]],[[7477,9589],[0,8]],[[7477,9597],[16,5]],[[7493,9602],[22,13]],[[7515,9615],[80,55]],[[7595,9670],[1,-8]],[[7596,9662],[38,-22]],[[7634,9640],[42,-25]],[[7676,9615],[-2,-24]],[[7674,9591],[-9,6]],[[7665,9597],[-43,18]],[[7622,9615],[0,2]],[[7622,9617],[-22,7]],[[7600,9624],[-24,-7]],[[7576,9617],[-33,-15]],[[7509,9568],[-15,-30]],[[7494,9538],[-5,0]],[[7489,9538],[-7,1]],[[7482,9539],[-7,0]],[[7475,9539],[-15,-5]],[[7460,9534],[-34,27]],[[7426,9561],[8,18]],[[7544,9614],[0,-7],[10,7],[-1,5],[-9,-5]],[[7541,9605],[-5,5],[-13,-13],[3,0],[15,8]],[[8815,9206],[-18,-39]],[[8797,9167],[18,39]],[[8788,9951],[0,8]],[[8788,9959],[0,5]],[[8788,9964],[7,8]],[[8795,9972],[0,7]],[[8795,9979],[18,-13]],[[8813,9966],[-2,0]],[[8811,9966],[-4,0]],[[8807,9966],[-3,-3]],[[8804,9963],[0,-4]],[[8804,9959],[-8,-8]],[[8796,9951],[-1,-2]],[[8795,9949],[-7,2]],[[8787,9241],[17,-35]],[[8804,9206],[-17,35]],[[7717,9582],[-16,-18]],[[7701,9564],[16,18]],[[8816,9206],[6,-18]],[[8822,9188],[21,-111]],[[8843,9077],[-17,11]],[[8826,9088],[-18,-13]],[[8808,9075],[-23,45]],[[8785,9120],[16,-15]],[[8801,9105],[6,-13]],[[8807,9092],[16,8]],[[8810,9121],[6,85]],[[7752,9422],[0,-1]],[[7752,9421],[-5,-12]],[[7747,9409],[-7,2]],[[7740,9411],[-16,3]],[[7724,9414],[28,8]],[[7738,9518],[17,50]],[[7755,9568],[0,1]],[[7755,9569],[4,0]],[[7759,9569],[-21,-51]],[[8773,9563],[3,0],[5,-5],[-8,-9],[0,14]],[[7756,9432],[-17,10]],[[7739,9442],[17,-10]],[[8770,8976],[0,5]],[[8770,8981],[1,3]],[[8771,8984],[4,14]],[[8775,8998],[-4,3]],[[8771,9001],[4,6]],[[8775,9007],[1,0]],[[7804,9407],[7,-8]],[[7811,9399],[-8,-1]],[[7803,9398],[-6,0]],[[7797,9398],[7,9]],[[8794,9176],[1,-9]],[[8795,9167],[-17,-24]],[[8778,9143],[-9,14]],[[8769,9157],[25,19]],[[7874,9525],[11,1]],[[7885,9526],[-2,-20]],[[7883,9506],[2,-4]],[[7885,9502],[-11,23]],[[8777,9677],[-11,28]],[[8766,9705],[42,-14]],[[8808,9691],[0,-1]],[[8808,9690],[0,1]],[[8808,9691],[25,-24]],[[8823,9648],[-9,9]],[[7898,9477],[6,-2]],[[7904,9475],[1,-2]],[[7905,9473],[0,-1]],[[7905,9472],[0,-5]],[[7905,9467],[0,-2]],[[7905,9465],[-10,3]],[[7895,9468],[3,9]],[[8757,9729],[5,5]],[[8762,9734],[-4,-10]],[[8758,9724],[-1,0]],[[8757,9724],[0,5]],[[7924,9409],[1,3]],[[7925,9412],[20,-8]],[[7945,9404],[0,-6]],[[7945,9398],[-1,-4]],[[7944,9394],[-15,12]],[[7929,9406],[-5,3]],[[8761,9070],[-1,3]],[[8760,9073],[-3,12]],[[8757,9085],[16,-10]],[[7987,9465],[37,-31]],[[8024,9434],[-37,31]],[[8750,9228],[36,5]],[[8786,9233],[-1,-17]],[[8785,9216],[7,-23]],[[8792,9193],[-21,-5]],[[8771,9188],[-4,0]],[[8767,9188],[-1,7]],[[8766,9195],[0,1]],[[8766,9196],[-16,32]],[[8014,9031],[8,-14]],[[8022,9017],[7,7]],[[8029,9024],[13,0]],[[8042,9024],[0,-8]],[[8042,9016],[-3,-37]],[[8039,8979],[-2,-11]],[[8037,8968],[-6,2]],[[8031,8970],[-25,21]],[[8006,8991],[-1,3]],[[8005,8994],[-19,45]],[[7986,9039],[28,-8]],[[8740,9736],[1,-5]],[[8741,9731],[-1,5]],[[8025,9208],[-7,-5]],[[8018,9203],[-11,8]],[[8007,9211],[-1,10]],[[8006,9221],[9,30]],[[8015,9251],[6,8]],[[8021,9259],[12,10]],[[8033,9269],[0,1]],[[8033,9270],[11,-54]],[[8044,9216],[-4,-3]],[[8040,9213],[-1,0]],[[8039,9213],[-14,-5]],[[8764,9543],[-16,-25]],[[8748,9518],[16,25]],[[8062,9085],[-35,7]],[[8027,9092],[-6,0]],[[8021,9092],[-10,0]],[[8011,9092],[0,16]],[[8011,9108],[48,10]],[[8059,9118],[4,0]],[[8063,9118],[-1,-33]],[[8740,9139],[7,-23]],[[8747,9116],[-7,-5]],[[8740,9111],[-8,2]],[[8732,9113],[-1,25]],[[8040,9163],[-3,0]],[[8037,9163],[12,18]],[[8049,9181],[5,-19]],[[8054,9162],[-14,1]],[[8738,9839],[-5,0]],[[8733,9839],[-1,6]],[[8732,9845],[-3,12]],[[8729,9857],[9,-18]],[[8045,9141],[5,0]],[[8050,9141],[-5,0]],[[8729,9706],[17,-23]],[[8746,9683],[-9,-10]],[[8737,9673],[-6,23]],[[8731,9696],[-2,10]],[[8061,9135],[-1,6]],[[8060,9141],[0,4]],[[8060,9145],[1,-10]],[[8730,9162],[4,-12]],[[8729,9148],[1,14]],[[8062,9351],[15,-13]],[[8077,9338],[-15,13]],[[8744,9434],[-2,-7]],[[8742,9427],[2,7]],[[8743,9432],[0,2],[-1,0],[1,-2]],[[8103,9073],[1,-1]],[[8104,9072],[-3,-7]],[[8101,9065],[-1,-3]],[[8100,9062],[3,11]],[[8707,9783],[3,0]],[[8710,9783],[-3,0]],[[8095,9021],[-12,1]],[[8083,9022],[12,-1]],[[8702,9209],[9,-19]],[[8711,9190],[-9,19]],[[8117,9057],[168,-107]],[[8285,8950],[6,-2]],[[8291,8948],[8,-3]],[[8299,8945],[3,0]],[[8302,8945],[23,0]],[[8325,8945],[21,3]],[[8346,8948],[0,-8]],[[8346,8940],[2,-40]],[[8348,8900],[-130,22]],[[8218,8922],[-18,0]],[[8200,8922],[-1,1]],[[8199,8923],[-3,30]],[[8196,8953],[1,0]],[[8197,8953],[-80,104]],[[8709,9160],[-7,-3]],[[8702,9157],[-2,5]],[[8700,9162],[0,3]],[[8700,9165],[6,2]],[[8706,9167],[3,-7]],[[8129,9662],[16,0],[-1,-17],[-15,-2],[0,19]],[[8692,9564],[-5,0]],[[8687,9564],[5,0]],[[8136,9724],[6,0]],[[8142,9724],[-6,0]],[[8688,9956],[-2,-2]],[[8686,9954],[2,2]],[[8149,9431],[14,56]],[[8163,9487],[5,11]],[[8168,9498],[3,5]],[[8171,9503],[4,17]],[[8175,9520],[0,3]],[[8175,9523],[29,-71]],[[8204,9452],[-25,-10]],[[8179,9442],[-2,-6]],[[8177,9436],[-13,-32]],[[8164,9404],[-5,7]],[[8159,9411],[-10,20]],[[8665,8973],[0,6]],[[8665,8979],[27,4]],[[8692,8983],[1,-7]],[[8693,8976],[-28,-3]],[[8158,9734],[6,4]],[[8164,9738],[-5,5],[-3,3],[6,-5],[2,-3]],[[8164,9738],[72,-109]],[[8236,9629],[-4,-4]],[[8232,9625],[-14,-13]],[[8218,9612],[-75,114]],[[8143,9726],[3,0]],[[8146,9726],[12,8]],[[8202,9680],[-13,13]],[[8189,9693],[13,-13]],[[8770,9602],[16,-6]],[[8786,9596],[8,-5]],[[8794,9591],[11,16]],[[8805,9609],[-11,3]],[[8794,9612],[-25,27]],[[8769,9639],[-7,1]],[[8762,9640],[-1,8]],[[8761,9648],[36,-8]],[[8805,9630],[67,-61]],[[8872,9569],[-110,8]],[[8762,9577],[-18,-9]],[[8744,9568],[-2,-4]],[[8742,9564],[-21,-21]],[[8721,9543],[-3,0]],[[8718,9543],[-59,-25]],[[8659,9518],[11,23]],[[8670,9541],[11,2]],[[8681,9543],[3,0]],[[8684,9543],[3,15]],[[8687,9558],[5,0]],[[8692,9558],[11,6]],[[8703,9564],[9,4]],[[8712,9568],[-6,34]],[[8706,9602],[54,46]],[[8760,9648],[10,-46]],[[8151,9244],[7,0]],[[8158,9244],[5,-5]],[[8163,9239],[-5,-18]],[[8664,9006],[0,-7]],[[8664,8999],[-6,-1]],[[8658,8998],[6,8]],[[8304,9660],[4,-8]],[[8308,9652],[-5,-15]],[[8303,9637],[-18,-12]],[[8285,9625],[-127,131]],[[8158,9756],[3,0]],[[8161,9756],[2,2]],[[8163,9758],[3,5]],[[8166,9763],[3,-2]],[[8169,9761],[3,-3]],[[8172,9758],[2,0]],[[8174,9758],[12,-5]],[[8186,9753],[1,-6]],[[8187,9747],[1,-1]],[[8188,9746],[17,-3]],[[8205,9743],[53,-60]],[[8258,9683],[2,-12]],[[8260,9671],[-17,40]],[[8243,9711],[44,38]],[[8287,9749],[-2,-8]],[[8285,9741],[-1,-2]],[[8284,9739],[-1,-5]],[[8283,9734],[1,-1]],[[8284,9733],[1,-4]],[[8285,9729],[-1,0]],[[8284,9729],[-4,0]],[[8280,9729],[7,-61]],[[8287,9668],[9,-5]],[[8296,9663],[8,-3]],[[8164,9211],[-1,-7]],[[8163,9204],[1,7]],[[8664,9716],[1,-7],[-9,2],[0,5],[8,0]],[[8161,9223],[4,15]],[[8165,9238],[3,-17]],[[8168,9221],[-7,2]],[[8655,9070],[-1,0]],[[8171,9148],[-1,0]],[[8170,9148],[1,0]],[[8170,9047],[0,18]],[[8170,9065],[7,-1]],[[8177,9064],[11,-9]],[[8188,9055],[-2,-21]],[[8186,9034],[-16,13]],[[8175,9370],[14,21]],[[8189,9391],[11,-5]],[[8200,9386],[10,0]],[[8210,9386],[0,10]],[[8210,9396],[6,-55]],[[8216,9341],[-41,29]],[[8647,8989],[17,4]],[[8664,8993],[0,-5]],[[8664,8988],[-17,1]],[[8178,9065],[-5,2]],[[8173,9067],[5,-2]],[[8173,9228],[6,5],[4,-10],[-2,-4],[-8,9]],[[8654,9070],[-9,12]],[[8645,9082],[0,5]],[[8645,9087],[6,1]],[[8651,9088],[-2,12]],[[8649,9100],[46,-2]],[[8695,9098],[-6,-8]],[[8689,9090],[-2,2]],[[8687,9092],[-30,-14]],[[8657,9078],[-2,0]],[[8655,9078],[-1,-8]],[[8181,9165],[1,5]],[[8182,9170],[-1,0]],[[8181,9170],[0,-15]],[[8181,9155],[0,2]],[[8181,9157],[0,8]],[[8642,8956],[22,10]],[[8664,8966],[0,-11]],[[8664,8955],[-22,-7]],[[8642,8948],[0,2]],[[8642,8950],[0,6]],[[8642,9027],[10,-1]],[[8652,9026],[0,-2]],[[8652,9024],[2,0]],[[8654,9024],[2,-12]],[[8656,9012],[-14,15]],[[8199,9067],[7,-15]],[[8206,9052],[-9,3]],[[8197,9055],[-5,9]],[[8192,9064],[7,3]],[[8627,9039],[2,1]],[[8629,9040],[4,0]],[[8633,9040],[4,2]],[[8637,9042],[5,-15]],[[8642,9027],[-15,12]],[[8190,9082],[16,-12]],[[8206,9070],[0,-2]],[[8206,9068],[-7,2]],[[8199,9070],[-9,12]],[[8635,8994],[4,-18],[-19,-5],[-2,13],[17,10]],[[8348,8895],[2,-67]],[[8350,8828],[-53,23]],[[8297,8851],[-6,3]],[[8291,8854],[-8,5]],[[8283,8859],[-4,0]],[[8279,8859],[-13,7]],[[8266,8866],[-4,24]],[[8262,8890],[-30,-5]],[[8232,8885],[-21,9]],[[8211,8894],[-11,10]],[[8200,8904],[148,-9]],[[8275,8908],[-1,4],[-3,0],[2,-5],[2,1]],[[8215,9290],[17,-20]],[[8232,9270],[-8,2]],[[8224,9272],[-10,18]],[[8214,9290],[1,0]],[[8609,8953],[10,7],[2,-4],[0,-3],[-12,0]],[[8227,9774],[0,5]],[[8227,9779],[25,7]],[[8252,9786],[1,-13]],[[8253,9773],[-15,-18]],[[8238,9755],[-2,0]],[[8236,9755],[-4,-12]],[[8232,9743],[2,3]],[[8234,9746],[1,0]],[[8235,9746],[-19,14]],[[8216,9760],[4,8]],[[8220,9768],[7,0]],[[8227,9768],[6,-3]],[[8233,9765],[-1,3]],[[8232,9768],[-5,6]],[[8608,9125],[20,-14]],[[8628,9111],[-20,14]],[[8219,9128],[-4,2]],[[8215,9130],[4,-2]],[[8623,9667],[-2,6]],[[8621,9673],[-16,5]],[[8605,9678],[24,22]],[[8629,9700],[1,0]],[[8630,9700],[5,-15]],[[8635,9685],[11,-10]],[[8646,9675],[1,-20]],[[8647,9655],[-7,10]],[[8640,9665],[-17,2]],[[8317,9589],[-10,-2]],[[8306,9587],[-18,-8]],[[8285,9577],[-30,-38]],[[8255,9539],[-2,-5]],[[8253,9534],[-2,-3]],[[8251,9531],[-8,-16]],[[8243,9515],[-11,-32]],[[8232,9483],[-11,0]],[[8221,9483],[-5,88]],[[8216,9571],[1,5]],[[8217,9576],[19,38]],[[8236,9614],[7,5]],[[8243,9619],[28,-2]],[[8317,9599],[0,-10]],[[8602,9639],[9,0]],[[8611,9639],[28,-30]],[[8639,9609],[-27,-4]],[[8612,9605],[-1,0]],[[8611,9605],[-11,9]],[[8600,9614],[2,25]],[[8223,9198],[-3,-2],[-3,4],[6,6],[0,-8]],[[8594,9130],[1,5]],[[8595,9135],[1,15]],[[8596,9150],[0,10]],[[8596,9160],[1,20]],[[8597,9180],[40,-23]],[[8637,9157],[3,-34]],[[8640,9123],[-1,-2]],[[8639,9121],[-1,-16]],[[8638,9105],[-15,16]],[[8623,9121],[-5,9]],[[8618,9130],[-1,0]],[[8617,9130],[-5,0]],[[8612,9130],[-18,0]],[[8225,9021],[31,0]],[[8256,9021],[1,-7]],[[8257,9014],[-32,5]],[[8225,9019],[0,2]],[[8590,9090],[4,40]],[[8594,9130],[2,-5]],[[8596,9125],[4,-9]],[[8600,9116],[-10,-26]],[[8234,9272],[2,3]],[[8236,9275],[-2,-3]],[[8587,9052],[5,5],[8,-5],[-5,-7],[-8,7]],[[8251,9052],[-17,-10]],[[8234,9042],[17,10]],[[8572,9216],[6,7]],[[8578,9223],[0,-2]],[[8578,9221],[0,-7]],[[8578,9214],[4,-8]],[[8582,9206],[-5,3]],[[8577,9209],[-5,7]],[[8244,9065],[1,-1]],[[8245,9064],[1,-4]],[[8246,9060],[1,0]],[[8247,9060],[-3,5]],[[8569,9219],[-6,7]],[[8563,9226],[0,2]],[[8563,9228],[6,-9]],[[8254,9771],[4,0]],[[8258,9771],[3,0]],[[8261,9771],[6,2]],[[8267,9773],[2,0]],[[8269,9773],[-28,-18]],[[8241,9755],[13,16]],[[8245,9485],[-2,-2]],[[8243,9483],[2,2]],[[8642,9581],[-2,-76]],[[8640,9505],[-22,-45]],[[8618,9460],[-59,-3]],[[8559,9457],[4,26]],[[8563,9483],[1,2]],[[8564,9485],[32,91]],[[8596,9576],[3,1]],[[8599,9577],[44,7]],[[8643,9584],[-1,-3]],[[8288,9579],[18,8]],[[8306,9587],[1,0]],[[8307,9587],[54,-87]],[[8361,9500],[-2,-15]],[[8359,9485],[0,-2]],[[8359,9483],[-28,-3]],[[8331,9480],[-32,3]],[[8299,9483],[-48,12]],[[8251,9495],[-6,21]],[[8245,9516],[40,61]],[[8285,9577],[3,2]],[[8282,9561],[1,-8],[11,5],[-2,5],[-10,-2]],[[8281,9536],[21,-21],[9,31],[-13,8],[-17,-18]],[[8552,9371],[108,142]],[[8660,9513],[19,-5]],[[8679,9508],[7,-2]],[[8686,9506],[17,-1]],[[8703,9505],[0,-23]],[[8703,9482],[-14,-23]],[[8689,9459],[-15,-165]],[[8674,9294],[-46,31]],[[8628,9325],[-2,13]],[[8626,9338],[-9,7]],[[8617,9345],[0,1]],[[8617,9346],[-33,-1]],[[8584,9345],[-6,1]],[[8578,9346],[-14,7]],[[8564,9353],[-7,5]],[[8557,9358],[1,2]],[[8560,9370],[-8,1]],[[8663,9312],[3,6]],[[8666,9318],[-3,-6]],[[8611,9414],[10,-21],[27,24],[-26,10],[-11,-13]],[[8279,9131],[8,-8]],[[8287,9123],[-8,8]],[[8597,9657],[0,-15]],[[8597,9642],[-47,-5]],[[8255,9078],[7,7],[4,-3],[-11,-9],[0,5]],[[8545,8923],[9,0],[1,-10],[-9,-3],[-1,13]],[[8257,9047],[10,7],[5,-14],[-11,-3],[-4,10]],[[8549,9409],[-1,2],[-3,10],[7,0],[-3,-12]],[[8278,9044],[11,3]],[[8289,9047],[8,-26]],[[8297,9021],[-10,-4],[-2,-1],[3,1],[9,4]],[[8297,9021],[37,-28]],[[8334,8993],[-4,0]],[[8330,8993],[-8,0]],[[8322,8993],[-2,0]],[[8320,8993],[-9,1]],[[8311,8994],[-1,0]],[[8310,8994],[-8,0]],[[8302,8994],[-37,12]],[[8265,9006],[13,38]],[[8544,9713],[32,15]],[[8576,9728],[-32,-15]],[[8275,9434],[-10,6],[1,10],[13,-5],[-4,-11]],[[8677,9238],[-2,-7]],[[8675,9231],[-2,2]],[[8673,9233],[-5,6]],[[8668,9239],[-4,3]],[[8664,9242],[-104,-13]],[[8560,9229],[20,78]],[[8580,9307],[12,1]],[[8592,9308],[16,-1]],[[8608,9307],[-4,-12]],[[8604,9295],[73,-57]],[[8288,9407],[-18,14],[6,13],[15,-10],[-3,-17]],[[8529,9693],[0,2]],[[8529,9695],[67,21]],[[8596,9716],[5,-35]],[[8544,9650],[-15,43]],[[8291,9724],[3,4]],[[8294,9728],[7,-7]],[[8301,9721],[-4,-5]],[[8297,9716],[-4,3]],[[8293,9719],[-2,4]],[[8291,9723],[0,1]],[[8308,9779],[-9,0],[-2,9],[11,1],[0,-10]],[[8527,9373],[-7,0]],[[8520,9373],[-7,-2]],[[8513,9371],[14,2]],[[8301,9721],[6,-7]],[[8307,9714],[-6,7]],[[8510,9789],[33,2]],[[8543,9791],[20,-33]],[[8563,9758],[-4,-9]],[[8559,9749],[-19,-31]],[[8540,9718],[-8,0]],[[8532,9718],[-14,3]],[[8518,9721],[-1,0]],[[8517,9721],[-3,2]],[[8514,9723],[-4,66]],[[8300,9771],[9,-6]],[[8309,9765],[-7,-2]],[[8302,9763],[-2,8]],[[8307,9714],[14,-34]],[[8321,9680],[-5,8]],[[8316,9688],[0,2]],[[8316,9690],[-8,5]],[[8308,9695],[-1,3]],[[8307,9698],[-1,3]],[[8306,9701],[-2,2]],[[8304,9703],[3,11]],[[8302,9761],[16,4]],[[8318,9765],[-16,-5]],[[8302,9760],[0,1]],[[8303,9244],[7,12]],[[8310,9256],[11,6]],[[8321,9262],[26,12]],[[8347,9274],[11,-30]],[[8358,9244],[-16,-11]],[[8342,9233],[-12,-2]],[[8330,9231],[-27,8]],[[8303,9239],[0,5]],[[8308,9180],[14,13]],[[8322,9193],[0,-3]],[[8324,9190],[-2,0]],[[8322,9190],[-14,-17]],[[8308,9173],[0,7]],[[8312,9478],[6,-3],[-3,-8],[-4,0],[1,11]],[[8544,9817],[9,-8]],[[8553,9809],[-26,-15]],[[8527,9794],[2,33]],[[8529,9827],[2,-3]],[[8531,9824],[13,-7]],[[8317,9589],[1,21]],[[8318,9610],[15,-1]],[[8339,9607],[-21,-18]],[[8318,9589],[-1,0]],[[8565,9060],[9,-21]],[[8574,9039],[-1,-3]],[[8573,9036],[-1,-4]],[[8572,9032],[-73,-18]],[[8499,9014],[66,46]],[[8555,9072],[-21,-2],[-16,-53],[29,7],[8,48]],[[8330,9118],[4,-16]],[[8334,9102],[-4,16]],[[8320,9072],[0,1]],[[8320,9073],[0,-1]],[[8492,9351],[2,0]],[[8494,9351],[11,14]],[[8505,9365],[2,0]],[[8507,9365],[-2,-9]],[[8505,9356],[-2,-1]],[[8503,9355],[-11,-10]],[[8327,9766],[18,2],[1,-15],[-9,-2],[-10,15]],[[8481,9822],[-5,7]],[[8476,9829],[5,-7]],[[8366,9630],[-38,-3]],[[8328,9627],[8,2]],[[8336,9629],[11,0]],[[8347,9629],[19,1]],[[8328,9731],[19,0],[7,-15],[-18,-3],[-8,18]],[[8473,9371],[14,15]],[[8487,9386],[2,-13]],[[8489,9373],[-16,-2]],[[8342,9673],[-11,-2]],[[8331,9671],[11,2]],[[8481,8844],[32,-3]],[[8513,8841],[4,0]],[[8517,8841],[-6,-33]],[[8511,8808],[-30,36]],[[8336,9009],[6,2],[1,-7],[-4,-2],[-3,7]],[[8489,8778],[-21,10]],[[8468,8788],[9,3]],[[8477,8791],[13,-6]],[[8490,8785],[-1,-7]],[[8339,9102],[5,-35]],[[8344,9067],[-5,35]],[[8481,9360],[5,-7]],[[8478,9351],[-10,-5]],[[8468,9346],[13,14]],[[8471,9447],[-2,-5]],[[8348,9290],[6,96]],[[8354,9386],[14,16]],[[8368,9402],[-11,2]],[[8357,9404],[13,56]],[[8368,9460],[2,0]],[[8370,9460],[46,-8]],[[8416,9452],[20,-18]],[[8436,9434],[7,-45]],[[8443,9389],[-12,-19]],[[8431,9370],[-9,-34]],[[8422,9336],[1,-4]],[[8423,9332],[0,-15]],[[8423,9317],[-3,0]],[[8420,9317],[0,-2]],[[8420,9315],[-18,-11]],[[8402,9304],[-21,-24]],[[8381,9280],[-1,0]],[[8380,9280],[-6,-10]],[[8374,9270],[8,-8]],[[8382,9262],[-14,-15]],[[8368,9247],[-12,5]],[[8356,9252],[-8,38]],[[8420,9394],[1,-16],[11,0],[2,18],[-14,-2]],[[8420,9394],[0,20],[-21,7],[11,-22],[10,-5]],[[8465,9434],[-17,3]],[[8448,9437],[-8,28]],[[8440,9465],[15,10]],[[8454,9487],[-32,28]],[[8422,9515],[-59,-5]],[[8363,9510],[8,82]],[[8379,9592],[105,-66]],[[8484,9526],[-1,-13]],[[8476,9510],[-2,10]],[[8471,9492],[2,-28]],[[8473,9464],[0,-2]],[[8469,9437],[0,-1]],[[8469,9436],[-3,-2]],[[8466,9434],[-1,0]],[[8499,9414],[-12,-28]],[[8487,9386],[-19,33]],[[8468,9419],[23,-2]],[[8491,9417],[2,0]],[[8493,9417],[2,2]],[[8495,9419],[4,-5]],[[8368,9630],[11,2]],[[8379,9632],[-2,2]],[[8377,9634],[24,6]],[[8401,9640],[-33,-10]],[[8458,8917],[38,23]],[[8496,8940],[3,0]],[[8499,8940],[4,-2]],[[8503,8938],[-29,-41]],[[8474,8897],[-16,20]],[[8379,9592],[-8,0]],[[8371,9592],[8,0]],[[8482,9700],[-6,-12],[-18,8],[4,12],[20,-8]],[[8380,9228],[-10,-2],[0,16],[17,-3],[-7,-11]],[[8454,9267],[-2,0]],[[8452,9267],[2,0]],[[8452,8842],[-9,4]],[[8443,8846],[0,-7]],[[8443,8839],[11,-33]],[[8454,8806],[-7,-13]],[[8447,8793],[-44,16]],[[8403,8809],[-5,4]],[[8398,8813],[54,29]],[[8466,9422],[-1,-3]],[[8465,9419],[1,3]],[[8403,9284],[24,11]],[[8427,9295],[1,-53]],[[8428,9242],[-12,-4]],[[8416,9238],[-13,46]],[[8435,9733],[10,0],[1,-10],[-12,0],[1,10]],[[8455,9078],[4,0]],[[8459,9078],[40,-64]],[[8499,9014],[-49,-79]],[[8450,8935],[-12,-2]],[[8438,8933],[-21,-3]],[[8417,8930],[-5,0]],[[8412,8930],[-2,0]],[[8410,8930],[-3,0]],[[8407,8930],[0,2]],[[8407,8932],[-8,16]],[[8399,8948],[0,2]],[[8399,8950],[-7,0]],[[8392,8950],[-2,0]],[[8390,8950],[23,61]],[[8413,9011],[0,25]],[[8413,9036],[0,28]],[[8455,9075],[0,3]],[[8430,9793],[1,-2]],[[8429,9356],[14,-6]],[[8443,9350],[-2,-9]],[[8441,9341],[3,-8]],[[8444,9333],[-9,-10]],[[8435,9323],[-6,33]],[[8394,9801],[37,-10]],[[8431,9791],[-21,8]],[[8410,9799],[-8,0]],[[8402,9799],[-8,2]],[[8430,8882],[0,7]],[[8430,8889],[19,18]],[[8449,8907],[6,-13]],[[8455,8894],[-6,0]],[[8449,8894],[24,-30]],[[8473,8864],[-14,-2]],[[8459,8862],[-11,-3]],[[8448,8859],[-18,23]],[[8423,9709],[12,-6],[-4,-8],[-4,6],[-4,8]],[[8556,9591],[2,-108]],[[8558,9483],[-5,-47]],[[8553,9436],[-40,57]],[[8513,9493],[7,5]],[[8520,9498],[6,7]],[[8529,9506],[-3,-1]],[[8526,9505],[-6,-7]],[[8520,9498],[-7,-3]],[[8513,9495],[-36,82]],[[8477,9577],[0,2]],[[8477,9579],[-34,30]],[[8443,9609],[-2,0]],[[8441,9609],[-33,0]],[[8408,9609],[4,11]],[[8412,9620],[4,30]],[[8416,9650],[-1,0]],[[8415,9650],[-2,0]],[[8413,9650],[-10,2]],[[8403,9652],[5,13]],[[8408,9665],[2,0]],[[8410,9665],[1,0]],[[8411,9665],[1,0]],[[8412,9665],[6,3]],[[8418,9668],[1,2]],[[8419,9670],[2,0]],[[8421,9670],[2,0]],[[8423,9670],[7,1]],[[8430,9671],[6,-8]],[[8436,9663],[-4,-3]],[[8432,9660],[-2,-5]],[[8430,9655],[25,-7]],[[8455,9648],[17,-8]],[[8472,9640],[6,-5]],[[8478,9635],[3,-1]],[[8481,9634],[1,0]],[[8482,9634],[1,0]],[[8483,9634],[30,51]],[[8513,9685],[16,8]],[[8529,9693],[30,-71]],[[8559,9622],[12,7]],[[8571,9629],[3,1]],[[8574,9630],[19,9]],[[8593,9639],[4,0]],[[8597,9639],[-2,-20]],[[8595,9619],[-33,-28]],[[8562,9591],[-6,0]],[[8504,9556],[0,7],[-1,0],[-1,-7],[2,0]],[[8507,9515],[1,1]],[[8492,9556],[1,-5],[6,-10],[-6,15],[-1,0]],[[8507,9515],[1,1]],[[8508,9516],[-1,-1]],[[8510,9556],[1,10],[-3,0],[-1,-10],[3,0]],[[8423,9655],[2,-3]],[[8425,9652],[-2,3]],[[8522,9640],[-1,7]],[[8521,9647],[1,-7]],[[8489,9566],[-13,25]],[[8476,9591],[13,-25]],[[8543,9533],[-6,-8],[6,-10],[7,6],[-7,12]],[[8418,9072],[25,1]],[[8443,9073],[6,-8]],[[8449,9064],[-33,8]],[[8437,9468],[-16,20]],[[8421,9488],[16,-20]],[[8812,8892],[-17,-17]],[[8795,8875],[0,-13]],[[8795,8862],[-1,-16]],[[8794,8846],[-25,21]],[[8769,8867],[-2,81]],[[8767,8948],[45,-56]],[[8986,9597],[3,-5]],[[8989,9592],[-3,5]],[[7326,9444],[0,0]],[[8823,9648],[10,19]],[[8833,9667],[6,-20]],[[8839,9647],[-16,1]],[[7360,9480],[-28,-23]],[[7332,9457],[28,23]],[[8820,9645],[2,3]],[[8822,9648],[15,-5]],[[8837,9643],[-5,-1]],[[8832,9642],[-12,3]],[[7543,9602],[-34,-34]],[[7509,9568],[34,34]],[[8823,9100],[-13,21]],[[8810,9121],[13,-21]],[[8151,9223],[-1,8]],[[8150,9231],[0,7]],[[8150,9238],[0,3]],[[8150,9241],[1,3]],[[8151,9244],[7,-23]],[[8158,9221],[-7,2]],[[8805,9607],[0,2]],[[8805,9609],[0,-2]],[[8271,9617],[23,-5]],[[8294,9612],[23,-13]],[[8317,9599],[-46,18]],[[8797,9640],[8,-10]],[[8805,9630],[-8,10]],[[8331,9483],[-10,2],[5,13],[7,-1],[-2,-14]],[[8781,9695],[5,0],[1,-5],[-4,0],[-2,5]],[[8333,9609],[6,-2]],[[8339,9607],[-6,2]],[[8814,9657],[1,-2]],[[8815,9655],[-38,22]],[[8777,9677],[37,-20]],[[8344,9502],[10,-7],[0,-10],[-14,3],[4,14]],[[8456,9064],[0,-2]],[[8456,9062],[-43,2]],[[8413,9064],[3,8]],[[8416,9072],[2,0]],[[8418,9072],[31,-8]],[[8449,9064],[0,1]],[[8449,9065],[6,10]],[[8455,9075],[1,-11]],[[8761,9070],[12,5]],[[8773,9075],[-8,-115]],[[8765,8960],[5,16]],[[8770,8976],[6,31]],[[8776,9007],[-1,5]],[[8775,9012],[-14,58]],[[8473,9462],[-2,-15]],[[8471,9447],[-2,-5]],[[8469,9442],[0,-3]],[[8469,9439],[0,-2]],[[8469,9437],[4,25]],[[8729,9148],[5,2]],[[8734,9150],[6,-11]],[[8740,9139],[-9,-1]],[[8731,9138],[-2,10]],[[8455,9475],[-1,12]],[[8454,9487],[1,-12]],[[8646,9449],[10,0],[-1,-13],[-10,1],[1,12]],[[8474,9520],[-3,-28]],[[8471,9492],[3,28]],[[8575,9455],[-4,-15],[-8,0],[1,12],[11,3]],[[8461,9216],[19,26],[12,-16],[-23,-17],[-8,7]],[[8558,9360],[2,10]],[[8560,9370],[-2,-10]],[[8476,9510],[7,3]],[[8483,9513],[2,-10]],[[8485,9503],[-9,7]],[[8544,9650],[57,31]],[[8601,9681],[-4,-24]],[[8597,9657],[-47,-20]],[[8550,9637],[-6,13]],[[8492,9345],[-3,-4]],[[8489,9341],[-11,7]],[[8478,9348],[0,3]],[[8478,9351],[8,2]],[[8486,9353],[6,-2]],[[8492,9351],[0,-6]],[[8521,9257],[-10,10]],[[8511,9267],[10,-10]],[[8485,9261],[7,6],[4,-8],[-7,-3],[-4,5]],[[9969,6153],[-258,-58],[242,58]],[[9009,5842],[44,98]],[[9065,5634],[-37,45]],[[9015,5689],[-7,5]],[[8989,5712],[-17,10]],[[8960,5730],[-14,-18]],[[8946,5712],[-16,16]],[[8930,5728],[2,2]],[[8920,5737],[-6,-4]],[[8914,5733],[-2,4]],[[8912,5737],[-4,15]],[[8906,5758],[15,22]],[[9182,6025],[12,-1]],[[9097,6201],[-117,7]],[[8695,6384],[-13,50]],[[8756,6396],[-23,0]],[[8797,6397],[-12,0]],[[8820,6386],[-7,0]],[[8811,6386],[-6,-2]],[[8866,6397],[-10,-14]],[[8852,6384],[-30,7]],[[8913,6402],[-25,-9]],[[9017,6468],[-37,12]],[[8987,6490],[7,15]],[[9102,6480],[-58,7]],[[9065,6449],[54,-7]],[[8944,6495],[-9,1]],[[8926,6501],[-19,-18]],[[8831,6558],[11,11]],[[9006,6630],[-11,-10]],[[9289,6703],[-16,7]],[[9217,6835],[20,-36]],[[9252,6718],[-67,30]],[[9713,6459],[18,-32]],[[9804,6373],[14,-9]],[[9830,6348],[44,-10]],[[9752,6401],[10,-4]],[[9600,6528],[21,-23]],[[9551,6604],[22,-30]],[[9263,6821],[-7,79]],[[8917,6801],[-9,49]],[[8950,6887],[88,14]],[[9187,6989],[-3,63]],[[9282,7103],[20,3]],[[9325,7192],[6,-18]],[[9318,7170],[-18,4]],[[9278,7241],[4,9]],[[9247,7269],[7,-5]],[[8975,6472],[-9,-4]],[[8949,6407],[-36,-1]],[[8856,5955],[-32,-15]],[[8833,5959],[-2,10]],[[8812,5931],[-8,-5]],[[8776,5961],[-26,-8]],[[8750,5953],[-7,16]],[[8710,5983],[-18,4]],[[8685,6006],[9,28]],[[8672,6035],[-27,88]],[[8693,6047],[0,-2]],[[8622,6109],[-3,3]],[[8618,6123],[-18,0]],[[8595,6117],[-10,-7]],[[9248,5763],[-30,-15]],[[9217,5758],[6,13]],[[9225,5775],[1,0]],[[9073,5700],[0,5]],[[9075,5686],[-2,13]],[[9097,5613],[-15,8]],[[9093,5615],[-3,3]],[[9028,5679],[-13,10]],[[9015,5689],[-2,2]],[[9036,5681],[-8,-2]],[[8950,5737],[7,5]],[[8957,5742],[10,0]],[[8967,5742],[24,18]],[[9006,5694],[-11,10]],[[8995,5704],[-6,8]],[[8989,5712],[-17,10]],[[8972,5722],[-4,11]],[[8968,5735],[-8,-5]],[[8960,5730],[-28,0]],[[8932,5730],[4,3]],[[8925,5788],[32,30]],[[9223,6022],[-17,0]],[[9101,6143],[8,2]],[[9156,6148],[13,0]],[[9196,6147],[9,0]],[[9008,6153],[20,2]],[[8585,6110],[-7,0]],[[8571,6114],[0,5]],[[8631,6128],[-9,-19]],[[8622,6109],[-3,3]],[[8619,6112],[-1,11]],[[8618,6123],[-18,0]],[[8600,6123],[-5,-6]],[[8595,6117],[-10,-7]],[[8556,5761],[-9,2]],[[8599,5755],[-2,-3]],[[9130,6201],[-33,0]],[[9097,6201],[-11,30]],[[9024,6338],[46,53]],[[8986,6317],[27,16]],[[8938,6285],[42,28]],[[8909,6254],[27,26]],[[8949,6407],[-27,0]],[[8952,6416],[-3,-9]],[[8913,6407],[0,-1]],[[8913,6406],[0,-4]],[[8913,6402],[-25,-9]],[[8888,6393],[-17,11]],[[8811,6386],[-6,-2]],[[8805,6384],[-8,13]],[[8796,6397],[26,-4]],[[8822,6393],[0,-2]],[[8822,6391],[-2,-5]],[[8820,6386],[-7,0]],[[8813,6386],[-2,0]],[[8727,6396],[-32,-12]],[[8695,6384],[-13,50]],[[8682,6434],[24,15]],[[9102,6769],[31,-3]],[[9047,6779],[18,-1]],[[9182,6745],[2,0]],[[9356,6224],[-24,2]],[[9427,6219],[-62,8]],[[9451,6218],[-10,0]],[[9337,6814],[-81,86]],[[9256,6900],[-39,-65]],[[9217,6835],[-32,-87]],[[9185,6748],[-50,21]],[[9116,6877],[31,11]],[[9328,6746],[-55,-36]],[[9273,6710],[-21,8]],[[9252,6718],[-14,70]],[[9237,6799],[26,22]],[[9263,6821],[71,-10]],[[9239,6794],[-2,5]],[[9310,6693],[-21,10]],[[9289,6703],[26,25]],[[8990,6794],[-9,0]],[[8973,6794],[-33,5]],[[8932,6837],[18,50]],[[8950,6887],[14,-15]],[[9060,6857],[30,21]],[[9441,6870],[61,-143]],[[9512,6699],[2,-21]],[[9720,6416],[4,0]],[[9713,6459],[-9,-12]],[[9702,6463],[11,-4]],[[9787,6389],[17,-16]],[[9804,6373],[0,-10]],[[9818,6364],[12,-16]],[[9830,6348],[28,2]],[[9806,6359],[12,5]],[[9671,6161],[-65,-14]],[[9593,6147],[-42,13]],[[9043,6901],[-5,0]],[[9038,6901],[105,52]],[[9184,7052],[113,3]],[[9163,6977],[24,12]],[[9187,6989],[-3,63]],[[9220,7086],[3,2]],[[9242,7038],[-31,52]],[[9282,7103],[-6,-10]],[[9318,7170],[13,4]],[[9331,7174],[-13,-4]],[[9264,7157],[16,-23]],[[9302,7202],[-2,-28]],[[9300,7174],[-15,-4]],[[9320,7210],[5,-18]],[[9325,7192],[-16,8]],[[9238,7200],[-1,0]],[[9282,7250],[18,-9]],[[9288,7232],[-6,18]],[[9791,6282],[-5,-50]],[[9628,6496],[24,-11]],[[9607,6533],[14,-28]],[[9771,6226],[-8,-7]],[[9747,6211],[-17,-7]],[[8552,6272],[15,0]],[[9044,6487],[-27,-19]],[[9017,6468],[27,19]],[[8973,6794],[8,0]],[[8981,6794],[-8,0]],[[8908,6850],[24,-13]],[[8932,6837],[8,-38]],[[8940,6799],[-23,2]],[[8917,6801],[-9,49]],[[9216,7263],[31,6]],[[9247,7269],[7,-5]],[[9254,7264],[24,-23]],[[9278,7241],[10,-9]],[[9288,7232],[12,9]],[[9300,7241],[20,-31]],[[9320,7210],[-11,-10]],[[9309,7200],[-7,2]],[[9302,7202],[-17,-32]],[[9285,7170],[-47,30]],[[9238,7200],[-1,0]],[[9237,7200],[-22,51]],[[9336,6161],[73,-9]],[[9334,6042],[-14,35]],[[9109,5943],[-3,-2]],[[8776,5961],[-26,-8]],[[8750,5953],[-7,16]],[[8743,5969],[3,23]],[[8785,5963],[-9,-2]],[[8801,5946],[-14,7]],[[8804,5926],[-6,12]],[[8820,5940],[-8,-9]],[[8812,5931],[-8,-5]],[[8859,5959],[-3,-4]],[[8856,5955],[-32,-15]],[[8912,5971],[-27,-10]],[[8959,6032],[5,23]],[[9269,5771],[-21,-8]],[[9248,5763],[-12,18]],[[8939,5730],[-3,3]],[[8936,5733],[-14,5]],[[8940,5758],[10,-21]],[[8950,5737],[-9,-7]],[[8927,5785],[-2,3]],[[8925,5788],[23,16]],[[8567,5806],[5,17],[6,-24],[-6,0],[-5,7]],[[8573,5775],[26,-20]],[[8599,5755],[-2,-3]],[[8597,5752],[-41,9]],[[8556,5761],[-9,2]],[[8547,5763],[2,8]],[[8283,5804],[-5,-90]],[[8250,5644],[-9,0]],[[8204,5747],[-9,1]],[[8994,5758],[-3,2]],[[8991,5760],[-51,-2]],[[8940,5758],[-10,17]],[[8931,5776],[17,28]],[[8976,5827],[18,4]],[[8283,5758],[-5,-44]],[[8278,5714],[-28,-70]],[[8250,5644],[-9,0]],[[8241,5644],[-21,58]],[[8201,5770],[20,11]],[[8204,5747],[-9,1]],[[8195,5748],[6,22]],[[8201,5770],[19,-68]],[[8220,5702],[-16,45]],[[8261,5852],[-18,-36]],[[8238,5832],[6,19]],[[8383,5854],[-1,1]],[[8445,5827],[-10,7]],[[8454,5824],[-2,2]],[[8463,5823],[-4,0]],[[8566,5791],[7,-16]],[[8573,5775],[-24,-4]],[[8549,5771],[5,10]],[[8496,5935],[25,15]],[[8530,5963],[-7,-2]],[[8515,5964],[-20,15]],[[8463,6021],[1,-12]],[[8478,5991],[4,92]],[[8610,6058],[-45,-37]],[[8565,6058],[34,22]],[[8842,5964],[-7,7]],[[8984,5973],[-31,1]],[[8942,5979],[-30,-8]],[[8912,5971],[-27,-10]],[[8885,5961],[-26,-2]],[[8859,5959],[-1,-1]],[[9100,5958],[-9,-12]],[[9226,5775],[-1,1]],[[9221,5776],[0,2]],[[9218,5778],[-3,-3]],[[9274,5776],[-5,-5]],[[9269,5771],[-33,10]],[[9236,5781],[-10,-6]],[[9322,5814],[-29,-25]],[[9331,5869],[6,0]],[[9339,5837],[-2,-1]],[[9377,5875],[-13,-15]],[[9326,6042],[0,-3]],[[9326,6030],[3,-8]],[[9336,6161],[54,-26]],[[9395,6138],[4,2]],[[9399,6145],[10,7]],[[9409,6152],[81,-32]],[[9490,6120],[133,-50]],[[9627,6070],[-215,-137]],[[9386,5943],[-52,99]],[[9334,6042],[83,-84]],[[9417,5963],[2,11]],[[9419,5978],[0,1]],[[9419,5983],[-6,19]],[[9413,6002],[-11,17]],[[9401,6021],[6,29]],[[9401,6057],[-25,30]],[[9375,6090],[-55,-13]],[[9320,6077],[-20,3]],[[9283,6168],[53,-7]],[[9220,6145],[19,12]],[[9685,6439],[2,-12]],[[9549,6602],[12,-35]],[[8909,6254],[7,5]],[[8897,6201],[-201,45],[213,8]],[[8572,6231],[-20,28]],[[8549,6270],[3,2]],[[8552,6272],[15,0]],[[8567,6272],[11,-35]],[[8578,6237],[-6,-6]],[[8572,6231],[6,6]],[[8530,5964],[-35,15]],[[8495,5979],[-17,12]],[[8478,5991],[-14,18]],[[8464,6009],[-1,12]],[[8463,6021],[19,62]],[[8482,6083],[52,-117]],[[8496,5935],[25,15]],[[8521,5950],[-29,-35]],[[8486,5915],[10,20]],[[8486,5915],[6,0]],[[8492,5915],[-6,0]],[[8389,5913],[13,-8]],[[8221,5781],[62,23]],[[8283,5804],[0,-46]],[[8283,5758],[-62,23]],[[8261,5852],[-15,2]],[[8257,5895],[4,-43]],[[8599,6080],[10,-17]],[[8603,6062],[-38,-41]],[[8565,6021],[0,37]],[[8565,6058],[34,22]],[[8515,5964],[8,-3]],[[8523,5961],[-8,3]],[[8530,5964],[4,2]],[[8534,5966],[-4,-3]],[[8530,5963],[0,1]],[[8466,6050],[-1,2],[2,2],[1,-5],[-2,1]],[[9730,6425],[1,2]],[[9731,6427],[14,-30]],[[9724,6416],[6,9]],[[9730,6425],[-3,-18]],[[9727,6407],[-3,9]],[[9280,7111],[2,-8]],[[9282,7103],[-7,3]],[[9065,6778],[37,-9]],[[9102,6769],[-37,9]],[[9256,6713],[27,-14]],[[9307,6690],[1,0]],[[9775,6267],[10,10]],[[8957,5818],[19,9]],[[8976,5827],[-28,-23]],[[8948,5804],[9,14]],[[9165,5788],[-1,0]],[[8942,5979],[11,-5]],[[8953,5974],[-11,5]],[[8743,5999],[0,5]],[[8609,6063],[1,-5]],[[8610,6058],[-7,4]],[[8603,6062],[6,1]],[[9386,5943],[7,5]],[[9394,5946],[4,-3]],[[9399,5943],[13,-10]],[[9412,5933],[-8,-2]],[[9398,5931],[-12,12]],[[9712,6363],[0,3]],[[9120,6440],[12,-31]],[[8244,5860],[1,-3]],[[8238,5832],[5,-16]],[[8243,5816],[-5,16]],[[8244,5860],[1,-3]],[[8245,5857],[1,-3]],[[8246,5854],[-2,-3]],[[8244,5851],[13,44]],[[8257,5895],[-13,-35]],[[8777,6394],[-18,-5]],[[9317,6731],[2,4]],[[9320,6738],[2,3]],[[9065,6449],[-1,-4]],[[9059,6429],[6,20]],[[8552,6259],[-3,11]],[[8549,6270],[3,-11]],[[8571,6114],[7,-4]],[[8578,6110],[-7,4]],[[8921,5780],[6,5]],[[8927,5785],[4,-9]],[[8931,5776],[-1,-1]],[[8930,5775],[-8,-37]],[[8922,5738],[-2,-1]],[[8920,5737],[-12,15]],[[8908,5752],[-2,6]],[[8906,5758],[15,22]],[[9337,5836],[-15,-22]],[[9322,5814],[15,22]],[[9681,6208],[-12,46]],[[9015,6029],[18,-10],[-2,-22],[-25,17],[9,15]],[[9510,6351],[-14,2],[0,10],[18,-4],[-4,-8]],[[9308,6035],[0,-13],[-11,-1],[0,13],[11,1]],[[9530,6359],[-1,7],[-4,2],[0,-9],[5,0]],[[9138,6323],[-5,-2],[-4,-8],[5,-1],[4,11]],[[9129,6331],[-4,15],[-9,-10],[5,-8],[8,3]],[[9385,5928],[6,-5]],[[9393,5920],[-16,-43]],[[9384,5913],[-2,-5],[3,-6],[4,10],[-5,1]],[[8523,5877],[43,-86]],[[8566,5791],[-12,-10]],[[8554,5781],[-91,42]],[[8463,5823],[-4,0]],[[8459,5823],[-5,1]],[[8454,5824],[-2,2]],[[8452,5826],[-7,1]],[[8445,5827],[-10,7]],[[8435,5834],[-52,20]],[[8383,5854],[-1,1]],[[8382,5855],[-45,38]],[[8514,5811],[0,5],[-4,-5],[4,0]],[[8450,5860],[-2,2],[-3,-10],[4,-1],[1,9]],[[8511,5851],[-6,3],[-2,-17],[11,-3],[-3,17]],[[9763,6219],[-16,-8]],[[9747,6211],[-17,-7]],[[9730,6204],[-3,-1]],[[9684,6208],[-13,47]],[[9692,6292],[0,3]],[[9600,6411],[-13,-7]],[[9575,6427],[-10,20]],[[9560,6455],[-8,17]],[[9580,6562],[20,-34]],[[9600,6528],[7,5]],[[9607,6533],[14,-28]],[[9621,6505],[7,-9]],[[9628,6496],[24,-11]],[[9652,6485],[31,-15]],[[9754,6287],[21,-20]],[[9775,6267],[10,10]],[[9785,6277],[6,5]],[[9791,6282],[-5,-50]],[[9786,6232],[-15,-6]],[[9771,6226],[-8,-7]],[[9717,6252],[5,-8],[28,18],[-18,2],[-15,-12]],[[8402,5905],[121,-28]],[[8523,5877],[-104,2]],[[8417,5879],[-80,14]],[[8337,5893],[52,20]],[[8389,5913],[13,-8]],[[8417,5879],[2,0]],[[8419,5879],[-2,0]],[[9207,5836],[0,-9]],[[9235,5788],[-20,-13]],[[9215,5775],[1,-15]],[[9217,5760],[0,-2]],[[9217,5758],[1,-10]],[[9218,5748],[-33,-18]],[[9185,5730],[-68,-53]],[[9117,5677],[6,-16]],[[9118,5661],[-1,-8]],[[9117,5651],[9,6]],[[9126,5657],[-7,-36]],[[9119,5621],[-22,-8]],[[9096,5613],[-3,2]],[[9095,5616],[-5,2]],[[9090,5618],[-8,3]],[[9082,5621],[-15,18]],[[9065,5639],[0,-5]],[[9065,5634],[6,43]],[[9073,5677],[5,5]],[[9078,5682],[8,45]],[[9086,5727],[12,3],[-1,7],[-10,-2],[-1,-8]],[[9086,5727],[-13,-22]],[[9073,5705],[-37,-24]],[[9036,5681],[-23,10]],[[9013,5691],[-5,3]],[[9008,5694],[-2,0]],[[9006,5694],[1,1]],[[9007,5695],[-13,63]],[[8994,5758],[2,73]],[[8999,5831],[2,5]],[[9113,5669],[-4,-2],[1,-5],[3,4],[0,3]],[[9163,5728],[0,4],[-4,-2],[0,-2],[4,0]],[[9114,5694],[3,1]],[[9106,5620],[-1,0]],[[9130,5639],[-3,-1],[1,-4],[5,4],[-3,1]],[[9098,5620],[-2,0]],[[9102,5667],[0,-6],[6,5],[-3,5],[-3,-4]],[[9117,5684],[-3,0]],[[9108,5684],[9,-7]],[[8571,6119],[437,34]],[[9008,6153],[20,2]],[[9028,6155],[73,-12]],[[9101,6143],[8,2]],[[9109,6145],[47,3]],[[9156,6148],[13,0]],[[9169,6148],[27,-1]],[[9196,6147],[9,0]],[[9205,6147],[15,-2]],[[9220,6145],[19,12]],[[9239,6157],[44,11]],[[9283,6168],[17,-88]],[[9300,6080],[26,-38]],[[9326,6042],[3,-20]],[[9329,6022],[56,-94]],[[9385,5928],[-7,2]],[[9378,5923],[-1,-46]],[[9377,5877],[0,-2]],[[9377,5875],[-15,-5]],[[9362,5870],[-4,7],[-6,-3],[5,-7],[5,3]],[[9362,5870],[2,-10]],[[9364,5860],[-25,-23]],[[9339,5837],[-2,32]],[[9337,5869],[-6,0]],[[9331,5869],[-38,-80]],[[9293,5789],[-19,-13]],[[9274,5776],[-7,7]],[[9264,5851],[5,8]],[[9306,5935],[15,-12]],[[9325,5915],[15,-8]],[[9340,5907],[12,-18]],[[9353,5889],[10,-9]],[[9368,5882],[-37,41]],[[9331,5926],[-40,47]],[[9285,5974],[-1,0]],[[9228,6011],[-3,6]],[[9221,6017],[2,5]],[[9223,6022],[2,2]],[[9227,6024],[6,3]],[[9236,6027],[-30,-5]],[[9206,6022],[-17,5]],[[9090,5963],[-11,-4]],[[9035,5950],[-51,23]],[[8984,5973],[-149,-2]],[[8835,5971],[-4,-2]],[[8831,5969],[2,-10]],[[8833,5959],[9,5]],[[8842,5964],[16,-6]],[[8858,5958],[-34,-18]],[[8824,5940],[-4,0]],[[8820,5940],[-22,-2]],[[8798,5938],[3,8]],[[8801,5946],[-14,7]],[[8787,5953],[-2,10]],[[8785,5963],[-39,29]],[[8746,5992],[-3,7]],[[8743,5999],[0,5]],[[8743,6004],[-10,2]],[[8643,6128],[-12,0]],[[8631,6128],[-60,-9]],[[8987,6087],[1,8],[-9,3],[-1,-3],[9,-8]],[[9274,6040],[-1,-5],[17,4],[-1,1],[-15,0]],[[9290,5865],[-5,-11],[14,3],[-7,3],[-2,5]],[[9062,5981],[-6,-8],[11,-7],[0,12],[-5,3]],[[8742,6088],[5,12],[-8,2],[-4,-10],[7,-4]],[[9086,6017],[11,-5],[1,10],[-7,0],[-5,-5]],[[9303,6035],[-6,-1],[0,-13],[11,1],[-5,13]],[[8868,6125],[25,12],[0,3],[-25,-5],[0,-10]],[[9311,6034],[6,-2],[7,13],[-7,7],[-6,-18]],[[8997,6080],[-2,-30],[13,0],[-1,23],[-10,7]],[[9335,5941],[15,-5],[-21,35],[-1,-10],[7,-20]],[[9014,6029],[-8,-15],[25,-17],[2,22],[-19,10]],[[9092,6122],[-4,-27],[22,-10],[-3,32],[-15,5]],[[9097,6068],[-4,-24],[34,3],[-16,23],[-14,-2]],[[8672,6148],[15,-48],[52,19],[-39,8],[-28,21]],[[8923,6093],[-2,-1]],[[8935,6055],[24,-23]],[[8959,6032],[5,23]],[[8964,6055],[-11,8]],[[9220,7086],[-9,4]],[[9211,7090],[53,67]],[[9264,7157],[16,-23]],[[9280,7134],[0,-23]],[[9280,7111],[-5,-5]],[[9275,7106],[1,-13]],[[9276,7093],[26,13]],[[9302,7106],[15,-7]],[[9319,7093],[17,-12]],[[9352,7076],[89,-206]],[[9441,6870],[61,-143]],[[9502,6727],[10,-28]],[[9512,6699],[2,-21]],[[9514,6678],[37,-74]],[[9551,6604],[-2,-2]],[[9549,6602],[12,-35]],[[9561,6567],[12,7]],[[9573,6574],[7,-12]],[[9580,6562],[-56,-33]],[[9418,6645],[-79,36]],[[9310,6693],[5,35]],[[9315,6728],[2,3]],[[9317,6731],[2,4]],[[9319,6735],[1,3]],[[9320,6738],[2,3]],[[9322,6741],[6,5]],[[9328,6746],[-90,42]],[[9238,6788],[1,6]],[[9239,6794],[95,17]],[[9334,6811],[3,3]],[[9337,6814],[-190,74]],[[9147,6888],[-104,13]],[[9043,6901],[100,52]],[[9143,6953],[20,24]],[[9163,6977],[134,78]],[[9297,7055],[-55,-17]],[[9242,7038],[-19,50]],[[9223,7088],[-3,-2]],[[9445,6814],[-4,5],[-2,-5],[6,0]],[[9060,6857],[30,21]],[[9090,6878],[26,-1]],[[9116,6877],[19,-108]],[[9135,6769],[-145,25]],[[8990,6794],[-26,78]],[[8964,6872],[96,-15]],[[9110,6867],[5,-2],[0,8],[-2,0],[-3,-6]],[[9034,6850],[-13,-29],[24,-10],[5,26],[-16,13]],[[9182,6745],[-57,-64]],[[9116,6678],[-35,-25]],[[8878,6637],[169,142]],[[9047,6779],[86,-13]],[[9133,6766],[49,-21]],[[9049,6688],[-11,2],[-1,-2],[10,-5],[2,5]],[[8984,6510],[3,-20]],[[8987,6490],[-7,-10]],[[8980,6480],[-5,-8]],[[8975,6472],[-9,-4]],[[8966,6468],[-22,27]],[[8944,6495],[-9,1]],[[8935,6496],[-9,5]],[[8926,6501],[-19,-18]],[[8907,6483],[45,-67]],[[8952,6416],[-30,-9]],[[8922,6407],[-9,0]],[[8913,6407],[-42,-3]],[[8871,6404],[-5,-7]],[[8866,6397],[-10,-14]],[[8856,6383],[-4,1]],[[8852,6384],[-30,9]],[[8822,6393],[-25,4]],[[8797,6397],[-1,0]],[[8796,6397],[-11,0]],[[8785,6397],[-8,-3]],[[8777,6394],[-18,-5]],[[8759,6389],[-3,7]],[[8756,6396],[-23,0]],[[8733,6396],[-6,0]],[[8727,6396],[-21,53]],[[8706,6449],[83,59]],[[8867,6589],[13,18]],[[8967,6520],[-5,0],[0,-4],[5,0],[0,4]],[[9427,6219],[-62,8]],[[9365,6227],[-9,-3]],[[9356,6224],[-24,2]],[[9332,6226],[-202,-25]],[[9130,6201],[-37,81]],[[9093,6282],[0,-2]],[[9093,6280],[-7,-49]],[[9086,6231],[-106,-23]],[[8980,6208],[-83,-7]],[[8897,6201],[19,58]],[[8916,6259],[20,21]],[[8936,6280],[2,5]],[[8938,6285],[42,28]],[[8980,6313],[6,4]],[[8986,6317],[27,16]],[[9013,6333],[11,5]],[[9024,6338],[46,53]],[[9070,6391],[-11,38]],[[9059,6429],[5,16]],[[9064,6445],[56,-5]],[[9120,6440],[12,-31]],[[9132,6409],[15,3]],[[9361,6564],[35,8]],[[9404,6619],[5,16]],[[9556,6457],[3,-8]],[[9584,6399],[97,-191]],[[9681,6208],[3,0]],[[9684,6208],[43,-5]],[[9727,6203],[-56,-42]],[[9671,6161],[-65,-14]],[[9606,6147],[-13,0]],[[9593,6147],[-42,13]],[[9551,6160],[-100,58]],[[9451,6218],[-10,0]],[[9441,6218],[-14,1]],[[9513,6351],[1,8],[-18,4],[0,-10],[17,-2]],[[9238,6269],[-11,-4],[0,-10],[25,20],[-4,15],[-10,-21]],[[9539,6366],[-3,7],[-22,3],[11,-21],[14,11]],[[9463,6297],[-17,-7],[-2,-13],[16,-5],[3,25]],[[9418,6241],[27,18],[-9,23],[-6,3],[-12,-44]],[[9134,6348],[-20,-12],[23,-38],[8,22],[-11,28]],[[9430,6391],[-28,-35],[80,10],[-24,31],[-28,-6]],[[9687,6427],[33,-11]],[[9720,6416],[7,-9]],[[9727,6407],[18,-10]],[[9745,6397],[7,4]],[[9752,6401],[10,-4]],[[9762,6397],[25,-8]],[[9787,6389],[17,-26]],[[9804,6363],[2,-4]],[[9806,6359],[52,-9]],[[9858,6350],[16,-12]],[[9874,6338],[-120,-51]],[[9754,6287],[-71,183]],[[9683,6470],[19,-7]],[[9702,6463],[2,-16]],[[9704,6447],[-19,-8]],[[9685,6439],[2,-12]],[[9712,6363],[0,3]],[[9712,6366],[0,-3]],[[9697,6378],[-2,-2],[17,7],[-4,5],[-11,-10]],[[9689,6393],[9,1],[-6,13],[-5,-3],[2,-11]],[[9732,6363],[-1,-5],[-13,-5],[23,3],[-9,7]],[[9336,7081],[-17,12]],[[9319,7093],[-2,6]],[[9317,7099],[35,-23]],[[9352,7076],[-16,5]],[[9347,7099],[-3,-3],[8,0],[-4,5],[-1,-2]],[[8878,6637],[203,16]],[[9081,6653],[30,-28]],[[9240,6718],[16,-5]],[[9256,6713],[27,-14]],[[9283,6699],[24,-9]],[[9307,6690],[33,-15]],[[9404,6617],[-8,-45]],[[9396,6572],[-35,-8]],[[9361,6564],[104,-163],[-318,11]],[[9147,6412],[-28,30]],[[9119,6442],[-17,38]],[[9102,6480],[-108,25]],[[8994,6505],[-10,5]],[[8984,6510],[-104,97]],[[8880,6607],[-2,30]],[[9009,6652],[1,-9],[9,0],[-11,14],[1,-5]],[[8995,6620],[11,10]],[[9006,6630],[-11,-10]],[[9325,6475],[-19,-18],[11,-27],[9,15],[-1,30]],[[9283,6599],[-25,-65],[49,-16],[20,40],[-44,41]],[[8693,6045],[0,2]],[[8693,6047],[-48,76]],[[8645,6123],[-2,5]],[[8643,6128],[90,-122]],[[8733,6006],[-23,-23]],[[8710,5983],[-18,4]],[[8692,5987],[-7,19]],[[8685,6006],[9,28]],[[8694,6034],[-22,1]],[[8672,6035],[21,10]],[[8696,6052],[0,-3],[6,0],[0,3],[-6,0]],[[8935,6055],[-14,37]],[[8921,6092],[6,0]],[[8923,6093],[4,-1]],[[8927,6092],[26,-29]],[[8953,6063],[-18,-8]],[[8930,6063],[6,-5],[4,9],[-7,3],[-3,-7]],[[9235,5788],[-28,39]],[[9207,5827],[40,19]],[[9247,5852],[17,-1]],[[9264,5851],[3,-68]],[[9267,5783],[-32,5]],[[9275,5801],[0,-5]],[[9229,5808],[6,1]],[[9237,5809],[-8,5]],[[9275,5806],[0,-3]],[[9079,5959],[12,-13]],[[9091,5946],[15,-5]],[[9106,5941],[3,2]],[[9109,5943],[-9,15]],[[9100,5958],[-10,5]],[[9090,5963],[99,64]],[[9189,6027],[-7,-2]],[[9182,6025],[12,-1]],[[9194,6024],[34,-13]],[[9228,6011],[8,-7]],[[9236,6009],[45,-28]],[[9283,5981],[1,-7]],[[9284,5974],[22,-39]],[[9306,5935],[-7,-25]],[[9299,5910],[-7,3]],[[9291,5913],[-7,7]],[[9283,5920],[-20,-17]],[[9263,5902],[6,-43]],[[9269,5859],[-67,-18]],[[9202,5842],[-5,35]],[[9187,5877],[-18,-15]],[[9166,5862],[0,-5]],[[9169,5855],[13,-28]],[[9182,5824],[-9,-61]],[[9169,5763],[-21,3]],[[9147,5766],[-43,-6]],[[9104,5761],[-29,68]],[[9074,5829],[-73,7]],[[9001,5836],[8,6]],[[9009,5842],[44,98]],[[9053,5940],[-18,10]],[[9035,5950],[44,9]],[[9258,5950],[-1,1]],[[9257,5955],[8,8]],[[9256,5963],[6,-18]],[[9164,5788],[1,0]],[[9165,5788],[-1,0]],[[9104,5791],[6,-28],[17,0],[-13,45],[-10,-17]],[[9552,6472],[8,-17]],[[9560,6455],[5,-8]],[[9565,6447],[10,-20]],[[9575,6427],[12,-23]],[[9587,6404],[13,7]],[[9600,6411],[92,-116]],[[9692,6295],[0,-3]],[[9692,6292],[-21,-37]],[[9671,6255],[-2,-1]],[[9669,6254],[-85,145]],[[9584,6399],[-25,50]],[[9559,6449],[-3,8]],[[9556,6457],[-147,178]],[[9409,6635],[-5,-16]],[[9404,6619],[0,-2]],[[9404,6617],[-64,58]],[[9340,6675],[-32,15]],[[9308,6690],[2,3]],[[9310,6693],[29,-12]],[[9339,6681],[79,-36]],[[9418,6645],[106,-116]],[[9524,6529],[28,-57]],[[9385,6657],[-2,-7],[9,2],[-2,1],[-5,4]],[[9407,6645],[-2,2],[-7,3],[3,-15],[6,10]],[[9240,6718],[-71,-264],[-58,171]],[[9111,6625],[5,53]],[[9116,6678],[9,3]],[[9125,6681],[59,64]],[[9184,6745],[56,-27]],[[9170,6617],[-23,15],[-6,-23],[57,-4],[-28,12]],[[9210,7251],[6,12]],[[9216,7263],[-2,-8]],[[9214,7255],[1,-4]],[[9215,7251],[-5,0]],[[9210,7251],[4,4]],[[8816,6536],[15,22]],[[8831,6558],[11,11]],[[8842,6569],[25,20]],[[8867,6589],[-78,-81]],[[8789,6508],[7,23]],[[8796,6531],[20,5]],[[8816,6536],[-20,-5]],[[9953,6153],[16,0]],[[9969,6153],[-143,-53],[127,53]],[[9692,6039],[33,13]],[[9448,5917],[-13,11]],[[9366,6119],[24,16]],[[9390,6135],[5,3]],[[9395,6138],[4,2]],[[9399,6140],[0,5]],[[9399,6145],[27,3]],[[9413,6002],[1,-8]],[[9347,6009],[55,10]],[[9402,6019],[-1,2]],[[9401,6021],[6,29]],[[9407,6050],[-6,7]],[[9401,6057],[-25,30]],[[9376,6087],[-1,3]],[[9375,6090],[-12,17]],[[8914,5733],[-8,35]],[[8932,5717],[-2,11]],[[8962,5727],[-1,1]],[[8992,5699],[-21,24]],[[9123,5661],[3,-4]],[[9129,5648],[1,-2]],[[9133,5595],[-4,11]],[[9392,5809],[-8,10]],[[9450,5720],[25,66]],[[9467,5717],[-14,-5]],[[9488,5738],[-5,-24]],[[9492,5755],[-2,-13]],[[9403,5890],[92,2]],[[9496,5368],[-10,-3],[-2,6],[7,7],[5,-10]],[[9643,5423],[-9,-7]],[[9610,5431],[11,-5]],[[9596,5371],[-21,20]],[[9612,5365],[-14,8]],[[9711,5547],[-59,-159]],[[9818,5745],[54,-18],[17,-91],[-125,-8],[54,117]],[[9693,5664],[31,150]],[[9713,5799],[38,-62]],[[9684,5999],[12,-28]],[[9699,5973],[-4,10]],[[9714,5884],[1,11]],[[9833,5811],[15,-13]],[[9823,5824],[10,-11]],[[9817,5897],[9,-35]],[[9806,5921],[3,-4]],[[9754,6009],[7,-7]],[[9732,6025],[9,-8]],[[9812,6025],[66,-46],[121,-33],[-100,-56],[-87,135]],[[9601,6072],[42,-12]],[[9631,6040],[-11,-19]],[[9568,6075],[5,0]],[[9541,6085],[16,-7]],[[9383,5983],[31,-27]],[[9363,6107],[3,12]],[[9366,6119],[-3,-12]],[[9362,5992],[-15,17]],[[9347,6009],[18,-12]],[[8986,5842],[41,13]],[[9033,5859],[11,8]],[[9206,5872],[8,-15]],[[9165,5857],[1,-2]],[[9000,5837],[-8,-5]],[[8971,5834],[5,8]],[[8908,5761],[-2,7]],[[8906,5768],[64,66]],[[8922,5738],[-8,-5]],[[8914,5733],[-2,4]],[[8927,5738],[-5,0]],[[8961,5728],[-4,5]],[[8957,5742],[10,0]],[[8975,5727],[-4,-4]],[[8971,5723],[-9,4]],[[8962,5727],[6,6]],[[8968,5733],[0,2]],[[8968,5735],[-7,-7]],[[9016,5689],[-9,6]],[[9033,5649],[-5,10]],[[9093,5615],[-4,3]],[[9121,5625],[-2,-4]],[[9035,5578],[-23,-8]],[[9176,5618],[5,-5]],[[9162,5626],[7,-3]],[[9151,5634],[4,-5]],[[9175,5697],[-15,3]],[[9262,5730],[-10,5]],[[9378,5809],[3,-3]],[[9384,5794],[-13,-1]],[[9433,5808],[-31,6]],[[9401,5823],[27,14]],[[9453,5712],[-3,5]],[[9465,5717],[-12,-5]],[[9649,5926],[-6,19]],[[9713,5907],[-1,-14]],[[9660,5545],[7,40]],[[9629,5432],[-18,28]],[[9634,5416],[-106,-36]],[[9606,5437],[4,-6]],[[9610,5431],[11,-5]],[[9621,5426],[13,1]],[[9648,5431],[-5,-8]],[[9643,5423],[-9,-7]],[[9575,5391],[118,273]],[[9693,5664],[58,73]],[[9751,5737],[-139,-372]],[[9612,5365],[-14,8]],[[9598,5373],[-2,-2]],[[9596,5371],[-21,20]],[[9712,6047],[13,5]],[[9725,6052],[-4,-23]],[[9724,5814],[-10,70]],[[9714,5884],[1,11]],[[9715,5895],[-2,-96]],[[9713,5799],[11,15]],[[9619,6032],[1,-11]],[[9620,6021],[-2,-7]],[[9382,5955],[-16,29]],[[9384,5930],[7,-7]],[[9391,5923],[2,-3]],[[9393,5920],[-6,-23]],[[9217,5778],[-9,-7]],[[9012,5570],[23,8]],[[9035,5578],[-23,-8]],[[9151,5634],[4,-5]],[[9155,5629],[7,-3]],[[9162,5626],[7,-3]],[[9169,5623],[7,-5]],[[9176,5618],[5,-5]],[[9181,5613],[1,-3]],[[9180,5601],[-17,-1]],[[9133,5600],[-4,6]],[[9129,5606],[22,28]],[[9136,5657],[-9,15],[0,14],[17,14],[-8,-43]],[[9160,5700],[15,-3]],[[9175,5697],[-15,3]],[[9252,5735],[10,-5]],[[9262,5730],[-10,5]],[[9072,5879],[-28,-12]],[[9044,5867],[28,12]],[[9027,5855],[6,4]],[[9033,5859],[-6,-4]],[[9557,6078],[11,-3]],[[9568,6075],[5,0]],[[9573,6075],[28,-3]],[[9601,6072],[22,-2]],[[9623,6070],[4,0]],[[9627,6070],[16,-10]],[[9643,6060],[-12,-20]],[[9631,6040],[-12,-8]],[[9619,6032],[-1,-18]],[[9618,6014],[-78,-86]],[[9528,6092],[13,-7]],[[9541,6085],[16,-7]],[[9490,6120],[32,-25]],[[8999,5832],[2,4]],[[9001,5836],[-1,1]],[[9000,5837],[77,-8]],[[8918,5742],[-6,-5]],[[8912,5737],[-6,21]],[[8906,5758],[2,3]],[[8908,5761],[62,73]],[[8970,5834],[1,0]],[[8971,5834],[5,8]],[[8976,5842],[10,0]],[[8986,5842],[6,-10]],[[8992,5832],[0,-1]],[[8932,5717],[-2,11]],[[8930,5728],[3,5]],[[8955,5732],[-5,-17]],[[8946,5712],[-14,5]],[[8994,5705],[-19,22]],[[8975,5727],[-7,8]],[[8968,5735],[-1,7]],[[8967,5742],[12,11]],[[9082,5621],[-49,28]],[[9033,5649],[-5,10]],[[9028,5659],[0,20]],[[9028,5679],[-12,10]],[[9016,5689],[-9,6]],[[9007,5695],[-15,4]],[[8992,5699],[3,5]],[[9345,5793],[-13,-27]],[[9318,5761],[10,33]],[[9375,5803],[6,3]],[[9381,5806],[3,-12]],[[9384,5794],[-13,-1]],[[9371,5793],[-3,3]],[[9402,5814],[-10,-5]],[[9392,5809],[9,14]],[[9401,5823],[1,-9]],[[9428,5837],[2,5]],[[9454,5809],[-21,-1]],[[9433,5808],[-5,29]],[[9532,5799],[-22,7]],[[9518,5895],[37,20]],[[9487,5775],[5,-20]],[[9492,5755],[-2,-13]],[[9490,5742],[-2,-4]],[[9488,5738],[-5,-24]],[[9483,5714],[-16,3]],[[9467,5717],[-2,0]],[[9465,5717],[-15,0]],[[9450,5717],[0,3]],[[9450,5720],[23,45]],[[9591,5945],[13,5]],[[9613,5964],[12,23]],[[9712,5893],[-8,-59]],[[9673,5877],[-12,-5]],[[9631,5941],[18,-15]],[[9649,5926],[-6,19]],[[9643,5945],[-1,3]],[[9694,5969],[2,2]],[[9696,5971],[17,-64]],[[9713,5907],[-1,-14]],[[9662,6032],[19,-28]],[[9655,5704],[10,0]],[[9639,5699],[7,6]],[[9689,5664],[-41,-233]],[[9648,5431],[1,13]],[[9649,5459],[-2,20]],[[9650,5511],[17,74]],[[9667,5585],[-20,5]],[[9382,5814],[-4,-5]],[[9378,5809],[-3,-6]],[[9375,5803],[-3,-2]],[[9495,5365],[10,-18],[-10,-7],[-8,20],[8,5]],[[8976,5504],[-9,18]],[[8984,5427],[-29,0]],[[8955,5427],[-1,0]],[[8954,5427],[9,38]],[[8874,5152],[12,6]],[[8847,5114],[6,2]],[[8853,5116],[3,0]],[[8856,5116],[1,0]],[[8807,5089],[26,15]],[[8742,5084],[59,15]],[[8691,5069],[-10,-8],[-2,13],[9,9],[3,-14]],[[8639,5031],[17,12]],[[8661,5005],[2,-7]],[[8655,4988],[-17,37]],[[8668,4927],[-17,23]],[[8742,4881],[5,-9]],[[8741,4856],[-64,66]],[[8673,4975],[59,-71]],[[8737,4893],[3,-9]],[[8768,4762],[-12,-4]],[[8732,4753],[17,91]],[[8793,4735],[-15,22]],[[8808,4727],[-4,0]],[[8614,4704],[8,10]],[[8641,4714],[-4,-10]],[[8589,4676],[-8,-2]],[[8558,4658],[0,6]],[[8611,4676],[32,26]],[[8677,4673],[-22,-9]],[[8655,4664],[1,0]],[[8656,4664],[-48,2]],[[8608,4676],[1,0]],[[8609,4676],[2,0]],[[8785,4894],[1,-5]],[[8786,4889],[0,-3]],[[8786,4886],[-22,-25]],[[8724,4937],[-4,5]],[[8725,4950],[9,-13]],[[8796,5043],[-13,13]],[[8822,5030],[-19,8]],[[8979,5155],[1,116]],[[9105,5167],[-6,21]],[[9117,5198],[6,-15]],[[9119,5243],[26,1]],[[9089,5254],[7,-6]],[[9026,5472],[3,19]],[[8872,5139],[2,13]],[[8874,5152],[10,-2]],[[8862,5121],[10,18]],[[8860,5111],[-3,5]],[[8857,5116],[5,1]],[[8847,5114],[4,-5]],[[8851,5109],[2,0]],[[8853,5109],[3,0]],[[8830,5086],[0,1]],[[8830,5087],[3,17]],[[8833,5104],[14,10]],[[8801,5099],[6,-10]],[[8807,5089],[-3,-5]],[[8767,5106],[2,1]],[[8769,5107],[32,-8]],[[8783,5056],[-9,8]],[[8746,5089],[1,23]],[[8792,5074],[-9,-18]],[[8803,5038],[-7,5]],[[8796,5043],[18,23]],[[8824,5030],[-2,0]],[[8822,5030],[-19,8]],[[8905,5066],[-24,-18]],[[8870,5043],[-11,-5]],[[8710,5064],[5,9]],[[8715,5073],[3,0]],[[8656,5043],[4,-25]],[[8654,5005],[-16,20]],[[8638,5025],[1,6]],[[8639,5031],[17,12]],[[8674,4964],[0,-9]],[[8674,4955],[3,-33]],[[8677,4922],[-9,5]],[[8668,4927],[-17,23]],[[8651,4950],[7,17]],[[8655,4988],[8,10]],[[8663,4998],[10,-23]],[[8673,4975],[1,-11]],[[8732,4904],[5,-11]],[[8737,4893],[-5,11]],[[8740,4884],[2,-3]],[[8742,4881],[-2,3]],[[8770,4838],[15,-27]],[[8775,4778],[-18,66]],[[8732,4753],[3,-3]],[[8732,4742],[0,11]],[[8632,4721],[9,4]],[[8645,4722],[-4,-8]],[[8641,4714],[-2,3]],[[8623,4711],[-1,3]],[[8622,4714],[10,7]],[[8632,4707],[5,-3]],[[8637,4704],[-11,-10]],[[8601,4684],[-8,-5]],[[8593,4679],[-4,-3]],[[8589,4676],[-8,-2]],[[8581,4674],[33,30]],[[8563,4659],[-1,0]],[[8562,4659],[-4,-1]],[[8558,4658],[0,6]],[[8558,4664],[5,-5]],[[8608,4676],[0,-10]],[[8608,4666],[0,10]],[[8808,4727],[-4,0]],[[8804,4727],[-11,8]],[[8793,4735],[-15,22]],[[8778,4757],[30,-30]],[[8785,4898],[0,-4]],[[8785,4894],[-21,-13]],[[8769,4926],[14,-18]],[[8709,4967],[12,-5]],[[9038,5178],[0,-10]],[[9038,5167],[-59,-12]],[[8979,5155],[11,68]],[[8982,5276],[5,8]],[[9088,5198],[-11,-8]],[[9123,5183],[-18,-16]],[[9105,5167],[-4,23]],[[9114,5195],[9,-12]],[[9069,5261],[20,-7]],[[9089,5254],[-2,-5]],[[9107,5239],[1,0]],[[9108,5239],[8,4]],[[9134,5238],[11,6]],[[9145,5244],[3,-8]],[[9077,5190],[-18,-7]],[[9074,5196],[3,-6]],[[8963,5465],[13,10]],[[8994,5444],[-10,-17]],[[8984,5427],[-21,38]],[[8934,5134],[-1,-9]],[[8884,5150],[2,8]],[[8886,5158],[7,14]],[[8742,5084],[4,5]],[[8746,5089],[1,0]],[[8747,5089],[1,0]],[[8748,5089],[26,-25]],[[8774,5064],[-32,20]],[[8718,5073],[7,3]],[[8723,5063],[-13,1]],[[8710,5064],[8,9]],[[8703,5054],[-16,-13],[-12,-6],[29,31],[-1,-12]],[[8660,5018],[1,-13]],[[8661,5005],[-5,0]],[[8656,5005],[-2,0]],[[8654,5005],[6,13]],[[8658,4967],[0,3]],[[8658,4970],[-3,18]],[[8655,4988],[3,-21]],[[8770,4838],[-13,6]],[[8757,4844],[-8,0]],[[8749,4844],[-8,12]],[[8741,4856],[6,16]],[[8747,4872],[23,-34]],[[8768,4762],[7,16]],[[8775,4778],[14,7]],[[8789,4785],[0,2]],[[8789,4787],[-4,24]],[[8785,4811],[-17,-49]],[[8645,4722],[-4,3]],[[8641,4725],[4,-3]],[[8601,4684],[13,20]],[[8614,4704],[9,7]],[[8623,4711],[16,6]],[[8639,4717],[-7,-10]],[[8632,4707],[-6,-13]],[[8626,4694],[-25,-10]],[[8686,4686],[-9,-13]],[[8677,4673],[-34,29]],[[8643,4702],[22,30]],[[8764,4881],[0,-20]],[[8764,4861],[-21,40]],[[8748,4936],[21,-10]],[[8769,4926],[14,-18]],[[8783,4908],[2,-10]],[[8785,4898],[-21,-17]],[[9108,5234],[8,9]],[[9116,5243],[3,0]],[[9119,5243],[15,-5]],[[9134,5238],[14,-2]],[[9148,5236],[-31,-38]],[[9117,5198],[-3,-3]],[[9114,5195],[-10,-5]],[[9104,5190],[-3,0]],[[9101,5190],[-2,-2]],[[9099,5188],[-8,8]],[[8980,5271],[2,5]],[[8982,5276],[5,8]],[[8987,5284],[3,15]],[[9056,5182],[-18,-15]],[[9038,5167],[0,1]],[[9038,5168],[4,10]],[[9042,5178],[-1,0]],[[9041,5178],[-3,0]],[[9038,5178],[-54,20]],[[8984,5198],[1,0]],[[8985,5198],[5,25]],[[8990,5223],[0,34]],[[8990,5257],[-2,0]],[[8988,5257],[-8,14]],[[9056,5494],[4,-24]],[[9050,5459],[-4,1]],[[9041,5462],[-8,15]],[[8976,5475],[0,29]],[[8976,5504],[-9,18]],[[8967,5522],[27,-78]],[[8994,5444],[-18,31]],[[9091,5196],[-3,2]],[[9088,5198],[-14,-2]],[[9074,5196],[-15,-13]],[[9059,5183],[-3,-1]],[[9056,5182],[-66,117]],[[8990,5299],[79,-38]],[[9069,5261],[2,-5]],[[9071,5256],[3,0]],[[9074,5256],[13,-7]],[[9087,5249],[9,-1]],[[9096,5248],[6,-9]],[[9102,5239],[5,0]],[[9107,5239],[1,-5]],[[9108,5234],[-17,-38]],[[8934,5134],[-1,-9]],[[8933,5125],[-28,-59]],[[8905,5066],[-7,2]],[[8881,5140],[3,10]],[[8884,5150],[9,22]],[[8893,5172],[65,67]],[[8958,5239],[1,0]],[[8959,5239],[-25,-105]],[[8686,4686],[-21,46]],[[8665,4732],[21,-46]],[[8743,4901],[-19,36]],[[8724,4937],[10,0]],[[8734,4937],[14,-1]],[[8748,4936],[-5,-35]],[[8721,4950],[-1,-8]],[[8720,4942],[-11,25]],[[8709,4967],[9,-8]],[[8723,5063],[2,13]],[[8725,5076],[-2,-13]],[[8718,4959],[3,3]],[[8721,4962],[4,-12]],[[8725,4950],[-2,0]],[[8723,4950],[-2,0]],[[8721,4950],[-3,9]],[[9332,5766],[-14,-5]],[[9318,5761],[14,5]],[[9634,5427],[-5,5]],[[9629,5432],[20,27]],[[9649,5459],[0,-15]],[[9649,5444],[-15,-17]],[[9652,5388],[59,159]],[[9711,5547],[-59,-159]],[[9771,5908],[-72,65]],[[9699,5973],[5,6]],[[9689,5996],[-3,6]],[[9721,6029],[-4,-2]],[[9707,6042],[5,5]],[[9712,6047],[9,-18]],[[9818,5618],[7,2],[0,-7],[-7,2],[0,3]],[[9833,5811],[15,-13]],[[9848,5798],[-77,110]],[[9771,5908],[-67,71]],[[9704,5979],[-7,4]],[[9697,5996],[-11,6]],[[9686,6002],[-5,28]],[[9692,6039],[15,3]],[[9707,6042],[10,-15]],[[9717,6027],[15,-2]],[[9732,6025],[7,-9]],[[9752,6004],[9,-2]],[[9761,6002],[45,-81]],[[9806,5921],[3,-4]],[[9809,5917],[8,-20]],[[9817,5897],[9,-35]],[[9826,5862],[-3,-38]],[[9823,5824],[10,-11]],[[9833,5813],[0,-2]],[[9739,6016],[2,1]],[[9741,6017],[13,-8]],[[9754,6009],[-2,-5]],[[9752,6004],[-13,12]],[[9690,5992],[-1,4]],[[9689,5996],[8,0]],[[9697,5996],[1,0]],[[8950,5715],[-4,-3]],[[8946,5712],[4,3]],[[9182,5610],[-2,-9]],[[9180,5601],[2,9]],[[9133,5595],[0,5]],[[9133,5600],[30,0]],[[9163,5600],[-30,-5]],[[8756,4758],[-24,-16]],[[8732,4742],[3,8]],[[8735,4750],[21,8]],[[9692,6039],[-11,-9]],[[9681,6030],[11,9]],[[9697,5983],[-2,0]],[[9695,5983],[-5,9]],[[9690,5992],[8,4]],[[9698,5996],[-1,-13]],[[9698,5987],[-1,2],[-2,0],[1,-2],[2,0]],[[8824,5030],[-10,36]],[[8814,5066],[-22,8]],[[8792,5074],[-45,38]],[[8747,5112],[20,-6]],[[8767,5106],[37,-22]],[[8804,5084],[11,-1]],[[8815,5083],[4,0]],[[8819,5083],[11,3]],[[8830,5086],[26,23]],[[8856,5109],[4,2]],[[8860,5111],[2,6]],[[8862,5117],[0,4]],[[8862,5121],[10,18]],[[8872,5139],[9,1]],[[8881,5140],[17,-72]],[[8898,5068],[-17,-20]],[[8881,5048],[-11,-5]],[[8870,5043],[-11,-5]],[[8859,5038],[-35,-8]],[[8877,5086],[6,1],[-2,9],[-4,-2],[0,-8]],[[8927,5738],[-9,4]],[[8918,5742],[7,46]],[[8925,5788],[67,43]],[[8992,5831],[2,0]],[[8994,5831],[2,0]],[[8996,5831],[3,0]],[[8999,5831],[0,1]],[[8999,5832],[75,-3]],[[9074,5829],[1,0]],[[9075,5829],[2,0]],[[9077,5829],[6,-3]],[[9185,5730],[-68,-46]],[[9117,5684],[0,-7]],[[9117,5677],[6,-16]],[[9123,5661],[-5,0]],[[9118,5661],[-1,-8]],[[9117,5653],[0,-2]],[[9117,5651],[9,6]],[[9126,5657],[3,-9]],[[9129,5648],[1,-2]],[[9130,5646],[-9,-21]],[[9121,5625],[-2,-4]],[[9119,5621],[-22,-8]],[[9097,5613],[-1,0]],[[9096,5613],[-3,2]],[[9093,5615],[2,1]],[[9095,5616],[-6,2]],[[9089,5618],[-7,3]],[[9082,5621],[-15,18]],[[9067,5639],[-2,0]],[[9065,5639],[6,38]],[[9071,5677],[2,0]],[[9073,5677],[5,5]],[[9078,5682],[-3,4]],[[9075,5686],[-2,14]],[[9073,5700],[0,-1]],[[9073,5699],[-78,5]],[[8995,5704],[-1,1]],[[8994,5705],[-15,48]],[[8979,5753],[-22,-11]],[[8957,5742],[0,-9]],[[8957,5733],[-2,-1]],[[8955,5732],[-14,-2]],[[8941,5730],[-2,0]],[[8939,5730],[-6,3]],[[8933,5733],[-6,5]],[[9117,5695],[-3,-1]],[[9114,5694],[3,1]],[[9129,5641],[-3,-3],[6,0],[-3,3]],[[9096,5620],[2,0]],[[9098,5620],[-2,0]],[[9109,5664],[4,2],[-3,5],[-2,-2],[1,-5]],[[9105,5620],[1,0]],[[9106,5620],[-1,0]],[[9106,5669],[-4,3],[-3,-8],[3,-3],[4,8]],[[9114,5684],[-6,0]],[[9108,5684],[6,0]],[[9104,5761],[0,-1]],[[9104,5760],[0,1]],[[9704,5831],[-2,-30]],[[9671,5813],[-2,-2],[0,-3],[4,0],[-2,5]],[[9321,5923],[4,-8]],[[9325,5915],[15,-8]],[[9349,5898],[3,-9]],[[9352,5889],[1,0]],[[9353,5889],[10,-9]],[[9363,5880],[5,2]],[[9363,5889],[-32,34]],[[9331,5923],[0,3]],[[9331,5926],[-21,101]],[[9318,6065],[8,-26]],[[9326,6039],[0,-9]],[[9326,6030],[58,-100]],[[9384,5930],[-6,0]],[[9378,5930],[0,-7]],[[9378,5923],[9,-26]],[[9387,5897],[-118,-126]],[[9269,5771],[-84,-41]],[[9185,5730],[-12,33]],[[9173,5763],[-4,0]],[[9169,5763],[-21,3]],[[9148,5766],[-1,0]],[[9147,5766],[-64,60]],[[9083,5826],[99,-2]],[[9182,5824],[0,3]],[[9182,5827],[-13,28]],[[9169,5855],[-3,0]],[[9166,5855],[0,2]],[[9166,5857],[-1,0]],[[9165,5857],[1,5]],[[9166,5862],[3,0]],[[9169,5862],[18,15]],[[9187,5877],[10,0]],[[9197,5877],[5,-35]],[[9202,5842],[0,-1]],[[9202,5841],[5,-5]],[[9207,5836],[22,-22]],[[9229,5814],[0,-6]],[[9229,5808],[6,1]],[[9235,5809],[2,0]],[[9237,5809],[38,-13]],[[9275,5796],[0,5]],[[9275,5801],[0,2]],[[9275,5803],[0,3]],[[9275,5806],[8,111]],[[9292,5913],[7,-3]],[[9302,5908],[1,17]],[[9218,5778],[-1,0]],[[9217,5778],[-9,-7]],[[9208,5771],[8,-11]],[[9216,5760],[1,0]],[[9217,5760],[6,11]],[[9223,5771],[2,4]],[[9225,5775],[0,1]],[[9225,5776],[-4,0]],[[9221,5776],[0,2]],[[9221,5778],[-3,0]],[[9440,5941],[-5,-13]],[[9435,5928],[-23,5]],[[9412,5933],[-8,-2]],[[9404,5931],[-6,0]],[[9398,5931],[-16,24]],[[9382,5955],[-16,29]],[[9366,5984],[-4,8]],[[9362,5992],[3,5]],[[9365,5997],[18,-14]],[[9383,5983],[31,-27]],[[9414,5956],[3,2]],[[9417,5958],[0,5]],[[9417,5963],[4,1]],[[9393,5948],[1,-2]],[[9394,5946],[4,-3]],[[9398,5943],[1,0]],[[9399,5943],[-6,5]],[[9604,5659],[0,5]],[[9643,5798],[59,3]],[[9702,5801],[-13,-137]],[[9689,5664],[-50,-73]],[[9660,5789],[4,-29],[16,8],[-18,10],[-2,11]],[[9639,5699],[26,5]],[[9665,5704],[-10,0]],[[9655,5704],[-9,1]],[[9646,5705],[-7,-6]],[[9631,5941],[30,-69]],[[9661,5872],[12,5]],[[9673,5877],[22,-46]],[[9583,5799],[-5,0]],[[9555,5778],[-23,21]],[[9532,5799],[-22,7]],[[9510,5806],[-23,-31]],[[9487,5775],[-14,-10]],[[9473,5765],[2,21]],[[9475,5786],[-21,23]],[[9454,5809],[-24,33]],[[9430,5842],[-46,-23]],[[9384,5819],[-2,-5]],[[9382,5814],[-10,-13]],[[9372,5801],[-4,-5]],[[9368,5796],[-23,-3]],[[9345,5793],[-17,1]],[[9328,5794],[75,96]],[[9403,5890],[92,2]],[[9495,5892],[23,3]],[[9518,5895],[37,20]],[[9555,5915],[36,30]],[[9591,5945],[13,5]],[[9604,5950],[9,14]],[[9613,5964],[12,23]],[[9625,5987],[37,45]],[[9662,6032],[19,-28]],[[9681,6004],[3,-5]],[[9684,5999],[10,-30]],[[9694,5969],[-52,-21]],[[9642,5948],[-11,-7]],[[9612,5953],[-3,-2],[5,-11],[0,8],[-2,5]],[[9566,5826],[11,-2],[1,8],[-11,4],[-1,-10]],[[9541,5839],[-2,-10],[10,-3],[1,18],[-9,-5]],[[9660,5844],[-11,-15],[25,3],[-1,19],[-13,-7]],[[9611,5460],[-5,-23]],[[9606,5437],[-78,-57]],[[9528,5380],[76,279]],[[9604,5659],[35,-68]],[[9639,5591],[8,-1]],[[9647,5590],[13,-45]],[[9660,5545],[-10,-34]],[[9650,5511],[-3,-32]],[[9647,5479],[-36,-19]],[[9591,5465],[-9,5],[-2,-3],[11,-12],[0,10]],[[9632,5514],[-9,3],[-4,-11],[18,0],[-5,8]],[[9604,5664],[-49,114]],[[9555,5778],[23,21]],[[9578,5799],[5,0]],[[9583,5799],[112,32]],[[9695,5831],[9,3]],[[9704,5834],[0,-3]],[[9704,5831],[-61,-33]],[[9643,5798],[-39,-134]],[[9603,5752],[-8,19],[-12,-13],[8,-10],[12,4]],[[9236,6009],[0,-5]],[[9236,6004],[-11,13]],[[9225,6017],[-4,0]],[[9221,6017],[4,7]],[[9225,6024],[2,0]],[[9227,6024],[6,3]],[[9233,6027],[3,0]],[[9236,6027],[82,38]],[[9318,6065],[-8,-38]],[[9310,6027],[-29,-46]],[[9281,5981],[2,0]],[[9283,5981],[2,-7]],[[9285,5974],[6,-1]],[[9291,5973],[72,-84]],[[9363,5889],[5,-7]],[[9368,5882],[-19,16]],[[9349,5898],[-9,9]],[[9340,5907],[-19,16]],[[9321,5923],[-15,12]],[[9306,5935],[-3,-10]],[[9303,5925],[-1,-17]],[[9302,5908],[-3,2]],[[9299,5910],[-7,3]],[[9292,5913],[-1,0]],[[9291,5913],[-7,7]],[[9284,5920],[-1,0]],[[9283,5920],[0,-3]],[[9283,5917],[-20,-15]],[[9263,5902],[0,1]],[[9263,5903],[-16,-51]],[[9247,5852],[0,-6]],[[9247,5846],[-33,11]],[[9214,5857],[-8,15]],[[9206,5872],[-134,7]],[[9072,5879],[164,130]],[[9262,5945],[-4,5]],[[9258,5950],[-1,1]],[[9257,5951],[0,4]],[[9257,5955],[8,8]],[[9265,5963],[-9,0]],[[9256,5963],[6,-18]],[[9533,6078],[7,-10]],[[9532,6058],[-4,-1]],[[9533,6078],[-5,-21]],[[9528,6057],[12,-129]],[[9540,5928],[-92,-11]],[[9448,5917],[-8,24]],[[9440,5941],[-19,23]],[[9421,5964],[-2,10]],[[9419,5974],[0,4]],[[9419,5978],[0,1]],[[9419,5979],[0,4]],[[9419,5983],[-5,11]],[[9414,5994],[-1,8]],[[9413,6002],[13,146]],[[9426,6148],[64,-28]],[[9490,6120],[32,-25]],[[9522,6095],[6,-3]],[[9528,6092],[5,-14]],[[9449,6001],[9,-18],[10,13],[-10,16],[-9,-11]],[[9532,6058],[8,10]],[[9540,6068],[-8,-10]],[[9050,5459],[10,11]],[[9060,5470],[-9,-23]],[[9051,5447],[-2,0]],[[9049,5447],[-23,25]],[[9026,5472],[20,-18]],[[9046,5454],[3,0]],[[9049,5454],[1,5]],[[9046,5460],[-1,0]],[[9045,5460],[-4,2]],[[9041,5462],[-8,15]],[[9033,5477],[-4,14]],[[9029,5491],[27,3]],[[9056,5494],[-10,-34]]]}