{"type":"Topology","objects":{"data":{"geometries":[{"properties":{"price":201000,"use":"\u5927\u962a\u90fd\u5cf6","zone":"","station":"\u4f4f\u5b85"},"type":"Point","coordinates":[66147,60752],"id":"feature_0000"},{"properties":{"price":300000,"use":"\u5927\u962a\u90fd\u5cf6","zone":"","station":"\u4f4f\u5b85"},"type":"Point","coordinates":[67743,59041],"id":"feature_0001"},{"properties":{"price":344000,"use":"\u5927\u962a\u90fd\u5cf6","zone":"","station":"\u4f4f\u5b85"},"type":"Point","coordinates":[67483,58503],"id":"feature_0002"},{"properties":{"price":322000,"use":"\u5927\u962a\u90fd\u5cf6","zone":"","station":"\u4f4f\u5b85"},"type":"Point","coordinates":[66363,57158],"id":"feature_0003"},{"properties":{"price":326000,"use":"\u5927\u962a\u90fd\u5cf6","zone":"","station":"\u4f4f\u5b85"},"type":"Point","coordinates":[67496,57657],"id":"feature_0004"},{"properties":{"price":347000,"use":"\u5927\u962a\u90fd\u5cf6","zone":"","station":"\u4f4f\u5b85"},"type":"Point","coordinates":[65927,57655],"id":"feature_0005"},{"properties":{"price":330000,"use":"\u5927\u962a\u90fd\u5cf6","zone":"","station":"\u4f4f\u5b85"},"type":"Point","coordinates":[67429,59325],"id":"feature_0006"},{"properties":{"price":340000,"use":"\u5927\u962a\u90fd\u5cf6","zone":"","station":"\u4f4f\u5b85"},"type":"Point","coordinates":[67188,58162],"id":"feature_0007"},{"properties":{"price":693000,"use":"\u5927\u962a\u90fd\u5cf6","zone":"","station":"\u5e97\u8217\u517c\u4e8b\u52d9\u6240"},"type":"Point","coordinates":[67098,56588],"id":"feature_0008"},{"properties":{"price":553000,"use":"\u5927\u962a\u90fd\u5cf6","zone":"","station":"\u5e97\u8217\u517c\u5171\u540c\u4f4f\u5b85"},"type":"Point","coordinates":[66535,56067],"id":"feature_0009"},{"properties":{"price":559000,"use":"\u5927\u962a\u90fd\u5cf6","zone":"","station":"\u5e97\u8217\u517c\u4e8b\u52d9\u6240"},"type":"Point","coordinates":[66619,56672],"id":"feature_0010"},{"properties":{"price":340000,"use":"\u5927\u962a\u798f\u5cf6","zone":"","station":"\u4f4f\u5b85"},"type":"Point","coordinates":[58872,55715],"id":"feature_0011"},{"properties":{"price":345000,"use":"\u5927\u962a\u798f\u5cf6","zone":"","station":"\u4f4f\u5b85"},"type":"Point","coordinates":[59241,56507],"id":"feature_0012"},{"properties":{"price":299000,"use":"\u5927\u962a\u798f\u5cf6","zone":"","station":"\u4f4f\u5b85"},"type":"Point","coordinates":[57627,56925],"id":"feature_0013"},{"properties":{"price":301000,"use":"\u5927\u962a\u798f\u5cf6","zone":"","station":"\u5171\u540c\u4f4f\u5b85"},"type":"Point","coordinates":[57430,54708],"id":"feature_0014"},{"properties":{"price":387000,"use":"\u5927\u962a\u798f\u5cf6","zone":"","station":"\u5171\u540c\u4f4f\u5b85"},"type":"Point","coordinates":[57483,55391],"id":"feature_0015"},{"properties":{"price":338000,"use":"\u5927\u962a\u798f\u5cf6","zone":"","station":"\u4f4f\u5b85"},"type":"Point","coordinates":[57991,55093],"id":"feature_0016"},{"properties":{"price":1250000,"use":"\u5927\u962a\u798f\u5cf6","zone":"","station":"\u5171\u540c\u4f4f\u5b85"},"type":"Point","coordinates":[59732,55790],"id":"feature_0017"},{"properties":{"price":326000,"use":"\u5927\u962a\u798f\u5cf6","zone":"","station":"\u5e97\u8217"},"type":"Point","coordinates":[58075,55919],"id":"feature_0018"},{"properties":{"price":848000,"use":"\u5927\u962a\u798f\u5cf6","zone":"","station":"\u4e8b\u52d9\u6240\u517c\u5e97\u8217"},"type":"Point","coordinates":[57847,55979],"id":"feature_0019"},{"properties":{"price":1280000,"use":"\u5927\u962a\u798f\u5cf6","zone":"","station":"\u5e97\u8217\u517c\u5171\u540c\u4f4f\u5b85"},"type":"Point","coordinates":[60168,57261],"id":"feature_0020"},{"properties":{"price":1760000,"use":"\u5927\u962a\u798f\u5cf6","zone":"","station":"\u8a3a\u7642\u6240\u517c\u5171\u540c\u4f4f\u5b85"},"type":"Point","coordinates":[59947,57058],"id":"feature_0021"},{"properties":{"price":774000,"use":"\u5927\u962a\u798f\u5cf6","zone":"","station":"\u5e97\u8217\u517c\u5171\u540c\u4f4f\u5b85"},"type":"Point","coordinates":[58467,56834],"id":"feature_0022"},{"properties":{"price":606000,"use":"\u5927\u962a\u798f\u5cf6","zone":"","station":"\u4e8b\u52d9\u6240\u517c\u5171\u540c\u4f4f\u5b85"},"type":"Point","coordinates":[56984,55861],"id":"feature_0023"},{"properties":{"price":1260000,"use":"\u5927\u962a\u798f\u5cf6","zone":"","station":"\u4e8b\u52d9\u6240\u517c\u4f4f\u5b85"},"type":"Point","coordinates":[58495,56149],"id":"feature_0024"},{"properties":{"price":699000,"use":"\u5927\u962a\u798f\u5cf6","zone":"","station":"\u5e97\u8217"},"type":"Point","coordinates":[59753,56695],"id":"feature_0025"},{"properties":{"price":268000,"use":"\u5927\u962a\u6b64\u82b1","zone":"","station":"\u4e8b\u52d9\u6240\u517c\u4f4f\u5b85"},"type":"Point","coordinates":[56592,54726],"id":"feature_0026"},{"properties":{"price":194000,"use":"\u5927\u962a\u6b64\u82b1","zone":"","station":"\u4f4f\u5b85"},"type":"Point","coordinates":[53597,54327],"id":"feature_0027"},{"properties":{"price":143000,"use":"\u5927\u962a\u6b64\u82b1","zone":"","station":"\u4f4f\u5b85"},"type":"Point","coordinates":[51209,54430],"id":"feature_0028"},{"properties":{"price":221000,"use":"\u5927\u962a\u6b64\u82b1","zone":"","station":"\u4f4f\u5b85"},"type":"Point","coordinates":[54993,54409],"id":"feature_0029"},{"properties":{"price":190000,"use":"\u5927\u962a\u6b64\u82b1","zone":"","station":"\u4f4f\u5b85"},"type":"Point","coordinates":[54724,55317],"id":"feature_0030"},{"properties":{"price":185000,"use":"\u5927\u962a\u6b64\u82b1","zone":"","station":"\u4f4f\u5b85"},"type":"Point","coordinates":[54114,53979],"id":"feature_0031"},{"properties":{"price":241000,"use":"\u5927\u962a\u6b64\u82b1","zone":"","station":"\u5e97\u8217\u517c\u4f4f\u5b85"},"type":"Point","coordinates":[54836,54840],"id":"feature_0032"},{"properties":{"price":417000,"use":"\u5927\u962a\u6b64\u82b1","zone":"","station":"\u5e97\u8217\u517c\u4e8b\u52d9\u6240"},"type":"Point","coordinates":[56394,54484],"id":"feature_0033"},{"properties":{"price":111000,"use":"\u5927\u962a\u6b64\u82b1","zone":"","station":"\u5009\u5eab"},"type":"Point","coordinates":[46402,51592],"id":"feature_0034"},{"properties":{"price":798000,"use":"\u5927\u962a\u897f","zone":"","station":"\u5171\u540c\u4f4f\u5b85"},"type":"Point","coordinates":[59269,53366],"id":"feature_0035"},{"properties":{"price":326000,"use":"\u5927\u962a\u897f","zone":"","station":"\u5e97\u8217\u517c\u4f4f\u5b85"},"type":"Point","coordinates":[58252,53311],"id":"feature_0036"},{"properties":{"price":1400000,"use":"\u5927\u962a\u897f","zone":"","station":"\u4e8b\u52d9\u6240"},"type":"Point","coordinates":[61249,53993],"id":"feature_0037"},{"properties":{"price":1790000,"use":"\u5927\u962a\u897f","zone":"","station":"\u4e8b\u52d9\u6240"},"type":"Point","coordinates":[60749,54540],"id":"feature_0038"},{"properties":{"price":610000,"use":"\u5927\u962a\u897f","zone":"","station":"\u5e97\u8217\u517c\u5171\u540c\u4f4f\u5b85"},"type":"Point","coordinates":[58036,53538],"id":"feature_0039"},{"properties":{"price":1110000,"use":"\u5927\u962a\u897f","zone":"","station":"\u4e8b\u52d9\u6240"},"type":"Point","coordinates":[60973,55257],"id":"feature_0040"},{"properties":{"price":1630000,"use":"\u5927\u962a\u897f","zone":"","station":"\u4e8b\u52d9\u6240\u517c\u5e97\u8217"},"type":"Point","coordinates":[61251,53116],"id":"feature_0041"},{"properties":{"price":1150000,"use":"\u5927\u962a\u897f","zone":"","station":"\u4e8b\u52d9\u6240"},"type":"Point","coordinates":[60214,54947],"id":"feature_0042"},{"properties":{"price":819000,"use":"\u5927\u962a\u897f","zone":"","station":"\u4e8b\u52d9\u6240"},"type":"Point","coordinates":[59422,53080],"id":"feature_0043"},{"properties":{"price":910000,"use":"\u5927\u962a\u897f","zone":"","station":"\u5e97\u8217\u517c\u5171\u540c\u4f4f\u5b85"},"type":"Point","coordinates":[60483,54029],"id":"feature_0044"},{"properties":{"price":3740000,"use":"\u5927\u962a\u897f","zone":"","station":"\u5e97\u8217\u517c\u4e8b\u52d9\u6240"},"type":"Point","coordinates":[61492,55521],"id":"feature_0045"},{"properties":{"price":1230000,"use":"\u5927\u962a\u897f","zone":"","station":"\u5e97\u8217\u517c\u4e8b\u52d9\u6240"},"type":"Point","coordinates":[60709,53018],"id":"feature_0046"},{"properties":{"price":332000,"use":"\u5927\u962a\u897f","zone":"","station":"\u5e97\u8217\u517c\u5171\u540c\u4f4f\u5b85"},"type":"Point","coordinates":[57613,53796],"id":"feature_0047"},{"properties":{"price":2550000,"use":"\u5927\u962a\u897f","zone":"","station":"\u4e8b\u52d9\u6240\u517c\u5009\u5eab"},"type":"Point","coordinates":[61574,52867],"id":"feature_0048"},{"properties":{"price":2150000,"use":"\u5927\u962a\u897f","zone":"","station":"\u5e97\u8217\u517c\u4e8b\u52d9\u6240"},"type":"Point","coordinates":[60755,55236],"id":"feature_0049"},{"properties":{"price":1120000,"use":"\u5927\u962a\u897f","zone":"","station":"\u5e97\u8217\u3001\u4e8b\u52d9\u6240\u517c\u5171\u540c\u4f4f\u5b85"},"type":"Point","coordinates":[59497,54577],"id":"feature_0050"},{"properties":{"price":1900000,"use":"\u5927\u962a\u897f","zone":"","station":"\u4e8b\u52d9\u6240\u3001\u5009\u5eab\u517c\u4f4f\u5b85"},"type":"Point","coordinates":[60893,53106],"id":"feature_0051"},{"properties":{"price":337000,"use":"\u5927\u962a\u897f","zone":"","station":"\u4e8b\u52d9\u6240\u517c\u4f4f\u5b85"},"type":"Point","coordinates":[57222,53520],"id":"feature_0052"},{"properties":{"price":2200000,"use":"\u5927\u962a\u897f","zone":"","station":"\u4e8b\u52d9\u6240\u517c\u5e97\u8217"},"type":"Point","coordinates":[61498,54467],"id":"feature_0053"},{"properties":{"price":360000,"use":"\u5927\u962a\u897f","zone":"","station":"\u5e97\u8217\u3001\u4e8b\u52d9\u6240\u517c\u4f4f\u5b85"},"type":"Point","coordinates":[57780,52792],"id":"feature_0054"},{"properties":{"price":1270000,"use":"\u5927\u962a\u897f","zone":"","station":"\u4e8b\u52d9\u6240"},"type":"Point","coordinates":[60211,53799],"id":"feature_0055"},{"properties":{"price":280000,"use":"\u5927\u962a\u6e2f","zone":"","station":"\u4f4f\u5b85"},"type":"Point","coordinates":[54898,51734],"id":"feature_0056"},{"properties":{"price":255000,"use":"\u5927\u962a\u6e2f","zone":"","station":"\u4f4f\u5b85"},"type":"Point","coordinates":[54286,51196],"id":"feature_0057"},{"properties":{"price":280000,"use":"\u5927\u962a\u6e2f","zone":"","station":"\u5171\u540c\u4f4f\u5b85"},"type":"Point","coordinates":[56720,52394],"id":"feature_0058"},{"properties":{"price":213000,"use":"\u5927\u962a\u6e2f","zone":"","station":"\u4f4f\u5b85"},"type":"Point","coordinates":[52623,50910],"id":"feature_0059"},{"properties":{"price":220000,"use":"\u5927\u962a\u6e2f","zone":"","station":"\u4f4f\u5b85"},"type":"Point","coordinates":[53738,52023],"id":"feature_0060"},{"properties":{"price":296000,"use":"\u5927\u962a\u6e2f","zone":"","station":"\u4f4f\u5b85"},"type":"Point","coordinates":[56223,52866],"id":"feature_0061"},{"properties":{"price":206000,"use":"\u5927\u962a\u6e2f","zone":"","station":"\u4f4f\u5b85"},"type":"Point","coordinates":[57084,51945],"id":"feature_0062"},{"properties":{"price":183000,"use":"\u5927\u962a\u6e2f","zone":"","station":"\u4f4f\u5b85"},"type":"Point","coordinates":[51050,49904],"id":"feature_0063"},{"properties":{"price":452000,"use":"\u5927\u962a\u6e2f","zone":"","station":"\u5e97\u8217\u517c\u5171\u540c\u4f4f\u5b85"},"type":"Point","coordinates":[55174,52698],"id":"feature_0064"},{"properties":{"price":518000,"use":"\u5927\u962a\u6e2f","zone":"","station":"\u5e97\u8217\u517c\u5171\u540c\u4f4f\u5b85"},"type":"Point","coordinates":[56351,52671],"id":"feature_0065"},{"properties":{"price":208000,"use":"\u5927\u962a\u6e2f","zone":"","station":"\u5e97\u8217\u517c\u4f4f\u5b85"},"type":"Point","coordinates":[53130,50792],"id":"feature_0066"},{"properties":{"price":368000,"use":"\u5927\u962a\u6e2f","zone":"","station":"\u5e97\u8217\u517c\u4f4f\u5b85"},"type":"Point","coordinates":[54591,51378],"id":"feature_0067"},{"properties":{"price":116000,"use":"\u5927\u962a\u6e2f","zone":"","station":"\u5009\u5eab"},"type":"Point","coordinates":[54747,50503],"id":"feature_0068"},{"properties":{"price":225000,"use":"\u5927\u962a\u6e2f","zone":"","station":"\u5009\u5eab"},"type":"Point","coordinates":[54937,53183],"id":"feature_0069"},{"properties":{"price":167000,"use":"\u5927\u962a\u5927\u6b63","zone":"","station":"\u4f4f\u5b85"},"type":"Point","coordinates":[57470,48081],"id":"feature_0070"},{"properties":{"price":185000,"use":"\u5927\u962a\u5927\u6b63","zone":"","station":"\u4f4f\u5b85"},"type":"Point","coordinates":[56978,49903],"id":"feature_0071"},{"properties":{"price":195000,"use":"\u5927\u962a\u5927\u6b63","zone":"","station":"\u4f4f\u5b85"},"type":"Point","coordinates":[57952,50470],"id":"feature_0072"},{"properties":{"price":212000,"use":"\u5927\u962a\u5927\u6b63","zone":"","station":"\u4f4f\u5b85"},"type":"Point","coordinates":[58213,50796],"id":"feature_0073"},{"properties":{"price":195000,"use":"\u5927\u962a\u5927\u6b63","zone":"","station":"\u4f4f\u5b85"},"type":"Point","coordinates":[57316,50647],"id":"feature_0074"},{"properties":{"price":373000,"use":"\u5927\u962a\u5927\u6b63","zone":"","station":"\u5e97\u8217\u517c\u4e8b\u52d9\u6240"},"type":"Point","coordinates":[58616,51961],"id":"feature_0075"},{"properties":{"price":94500,"use":"\u5927\u962a\u5927\u6b63","zone":"","station":"\u4e8b\u52d9\u6240\u3001\u4f5c\u696d\u6240\u517c\u5009\u5eab"},"type":"Point","coordinates":[56054,49922],"id":"feature_0076"},{"properties":{"price":76300,"use":"\u5927\u962a\u5927\u6b63","zone":"","station":"\u5de5\u5834"},"type":"Point","coordinates":[58410,48159],"id":"feature_0077"},{"properties":{"price":139000,"use":"\u5927\u962a\u5927\u6b63","zone":"","station":"\u5de5\u5834"},"type":"Point","coordinates":[56820,48973],"id":"feature_0078"},{"properties":{"price":430000,"use":"\u5927\u962a\u5929\u738b\u5bfa","zone":"","station":"\u4f4f\u5b85"},"type":"Point","coordinates":[64124,50372],"id":"feature_0079"},{"properties":{"price":697000,"use":"\u5927\u962a\u5929\u738b\u5bfa","zone":"","station":"\u4f4f\u5b85"},"type":"Point","coordinates":[65761,50668],"id":"feature_0080"},{"properties":{"price":444000,"use":"\u5927\u962a\u5929\u738b\u5bfa","zone":"","station":"\u4f4f\u5b85"},"type":"Point","coordinates":[66614,51219],"id":"feature_0081"},{"properties":{"price":487000,"use":"\u5927\u962a\u5929\u738b\u5bfa","zone":"","station":"\u4f4f\u5b85"},"type":"Point","coordinates":[66714,52356],"id":"feature_0082"},{"properties":{"price":509000,"use":"\u5927\u962a\u5929\u738b\u5bfa","zone":"","station":"\u7a7a\u5730"},"type":"Point","coordinates":[65771,50226],"id":"feature_0083"},{"properties":{"price":954000,"use":"\u5927\u962a\u5929\u738b\u5bfa","zone":"","station":"\u5171\u540c\u4f4f\u5b85"},"type":"Point","coordinates":[64718,51483],"id":"feature_0084"},{"properties":{"price":546000,"use":"\u5927\u962a\u5929\u738b\u5bfa","zone":"","station":"\u4f4f\u5b85"},"type":"Point","coordinates":[65258,49605],"id":"feature_0085"},{"properties":{"price":658000,"use":"\u5927\u962a\u5929\u738b\u5bfa","zone":"","station":"\u4f4f\u5b85"},"type":"Point","coordinates":[64889,51177],"id":"feature_0086"},{"properties":{"price":1020000,"use":"\u5927\u962a\u5929\u738b\u5bfa","zone":"","station":"\u4e8b\u52d9\u6240\u517c\u5171\u540c\u4f4f\u5b85"},"type":"Point","coordinates":[65062,51278],"id":"feature_0087"},{"properties":{"price":1360000,"use":"\u5927\u962a\u5929\u738b\u5bfa","zone":"","station":"\u5e97\u8217\u517c\u4e8b\u52d9\u6240"},"type":"Point","coordinates":[65308,52158],"id":"feature_0088"},{"properties":{"price":930000,"use":"\u5927\u962a\u5929\u738b\u5bfa","zone":"","station":"\u5e97\u8217\u517c\u4e8b\u52d9\u6240"},"type":"Point","coordinates":[67393,53267],"id":"feature_0089"},{"properties":{"price":261000,"use":"\u5927\u962a\u5929\u738b\u5bfa","zone":"","station":"\u5e97\u8217\u517c\u4f4f\u5b85"},"type":"Point","coordinates":[67254,52968],"id":"feature_0090"},{"properties":{"price":445000,"use":"\u5927\u962a\u6d6a\u901f","zone":"","station":"\u5171\u540c\u4f4f\u5b85"},"type":"Point","coordinates":[60970,52042],"id":"feature_0091"},{"properties":{"price":1130000,"use":"\u5927\u962a\u6d6a\u901f","zone":"","station":"\u4e8b\u52d9\u6240\u3001\u5171\u540c\u4f4f\u5b85\u517c\u5e97\u8217"},"type":"Point","coordinates":[61675,51241],"id":"feature_0092"},{"properties":{"price":537000,"use":"\u5927\u962a\u6d6a\u901f","zone":"","station":"\u5e97\u8217\u517c\u5171\u540c\u4f4f\u5b85"},"type":"Point","coordinates":[63104,50174],"id":"feature_0093"},{"properties":{"price":1220000,"use":"\u5927\u962a\u6d6a\u901f","zone":"","station":"\u5e97\u8217\u517c\u4e8b\u52d9\u6240"},"type":"Point","coordinates":[63107,51053],"id":"feature_0094"},{"properties":{"price":505000,"use":"\u5927\u962a\u6d6a\u901f","zone":"","station":"\u4e8b\u52d9\u6240\u517c\u4f4f\u5b85"},"type":"Point","coordinates":[63567,51284],"id":"feature_0095"},{"properties":{"price":324000,"use":"\u5927\u962a\u6d6a\u901f","zone":"","station":"\u5e97\u8217\u517c\u4f4f\u5b85"},"type":"Point","coordinates":[62764,50229],"id":"feature_0096"},{"properties":{"price":692000,"use":"\u5927\u962a\u6d6a\u901f","zone":"","station":"\u4e8b\u52d9\u6240\u517c\u8eca\u5eab"},"type":"Point","coordinates":[59333,52407],"id":"feature_0097"},{"properties":{"price":453000,"use":"\u5927\u962a\u6d6a\u901f","zone":"","station":"\u5e97\u8217\u517c\u5171\u540c\u4f4f\u5b85"},"type":"Point","coordinates":[60527,51200],"id":"feature_0098"},{"properties":{"price":830000,"use":"\u5927\u962a\u6d6a\u901f","zone":"","station":"\u5e97\u8217\u517c\u4e8b\u52d9\u6240"},"type":"Point","coordinates":[62927,51411],"id":"feature_0099"},{"properties":{"price":604000,"use":"\u5927\u962a\u6d6a\u901f","zone":"","station":"\u8a3a\u7642\u6240\u517c\u4e8b\u52d9\u6240"},"type":"Point","coordinates":[62038,50385],"id":"feature_0100"},{"properties":{"price":576000,"use":"\u5927\u962a\u6d6a\u901f","zone":"","station":"\u4e8b\u52d9\u6240"},"type":"Point","coordinates":[60181,52034],"id":"feature_0101"},{"properties":{"price":245000,"use":"\u5927\u962a\u6d6a\u901f","zone":"","station":"\u4e8b\u52d9\u6240\u517c\u5009\u5eab"},"type":"Point","coordinates":[59246,51990],"id":"feature_0102"},{"properties":{"price":208000,"use":"\u5927\u962a\u897f\u6dc0\u5ddd","zone":"","station":"\u4f4f\u5b85"},"type":"Point","coordinates":[56131,58103],"id":"feature_0103"},{"properties":{"price":128000,"use":"\u5927\u962a\u897f\u6dc0\u5ddd","zone":"","station":"\u4f4f\u5b85"},"type":"Point","coordinates":[50453,57642],"id":"feature_0104"},{"properties":{"price":174000,"use":"\u5927\u962a\u897f\u6dc0\u5ddd","zone":"","station":"\u4f4f\u5b85"},"type":"Point","coordinates":[55894,57816],"id":"feature_0105"},{"properties":{"price":150000,"use":"\u5927\u962a\u897f\u6dc0\u5ddd","zone":"","station":"\u4f4f\u5b85"},"type":"Point","coordinates":[52318,57251],"id":"feature_0106"},{"properties":{"price":181000,"use":"\u5927\u962a\u897f\u6dc0\u5ddd","zone":"","station":"\u4f4f\u5b85"},"type":"Point","coordinates":[53492,58989],"id":"feature_0107"},{"properties":{"price":171000,"use":"\u5927\u962a\u897f\u6dc0\u5ddd","zone":"","station":"\u4f4f\u5b85"},"type":"Point","coordinates":[53507,57434],"id":"feature_0108"},{"properties":{"price":188000,"use":"\u5927\u962a\u897f\u6dc0\u5ddd","zone":"","station":"\u4f4f\u5b85"},"type":"Point","coordinates":[56192,59579],"id":"feature_0109"},{"properties":{"price":184000,"use":"\u5927\u962a\u897f\u6dc0\u5ddd","zone":"","station":"\u4f4f\u5b85"},"type":"Point","coordinates":[52887,58226],"id":"feature_0110"},{"properties":{"price":133000,"use":"\u5927\u962a\u897f\u6dc0\u5ddd","zone":"","station":"\u4f4f\u5b85"},"type":"Point","coordinates":[53497,59804],"id":"feature_0111"},{"properties":{"price":256000,"use":"\u5927\u962a\u897f\u6dc0\u5ddd","zone":"","station":"\u5e97\u8217\u517c\u5171\u540c\u4f4f\u5b85"},"type":"Point","coordinates":[55466,57917],"id":"feature_0112"},{"properties":{"price":311000,"use":"\u5927\u962a\u897f\u6dc0\u5ddd","zone":"","station":"\u5e97\u8217\u517c\u4e8b\u52d9\u6240"},"type":"Point","coordinates":[54850,58570],"id":"feature_0113"},{"properties":{"price":137000,"use":"\u5927\u962a\u897f\u6dc0\u5ddd","zone":"","station":"\u5009\u5eab"},"type":"Point","coordinates":[53405,56762],"id":"feature_0114"},{"properties":{"price":147000,"use":"\u5927\u962a\u897f\u6dc0\u5ddd","zone":"","station":"\u5009\u5eab"},"type":"Point","coordinates":[55293,60103],"id":"feature_0115"},{"properties":{"price":130000,"use":"\u5927\u962a\u897f\u6dc0\u5ddd","zone":"","station":"\u5de5\u5834"},"type":"Point","coordinates":[51649,58893],"id":"feature_0116"},{"properties":{"price":252000,"use":"\u5927\u962a\u6771\u6dc0\u5ddd","zone":"","station":"\u4f4f\u5b85"},"type":"Point","coordinates":[64848,63177],"id":"feature_0117"},{"properties":{"price":200000,"use":"\u5927\u962a\u6771\u6dc0\u5ddd","zone":"","station":"\u4f4f\u5b85"},"type":"Point","coordinates":[70068,66023],"id":"feature_0118"},{"properties":{"price":219000,"use":"\u5927\u962a\u6771\u6dc0\u5ddd","zone":"","station":"\u4f4f\u5b85"},"type":"Point","coordinates":[67826,63018],"id":"feature_0119"},{"properties":{"price":165000,"use":"\u5927\u962a\u6771\u6dc0\u5ddd","zone":"","station":"\u4f4f\u5b85"},"type":"Point","coordinates":[69386,66858],"id":"feature_0120"},{"properties":{"price":237000,"use":"\u5927\u962a\u6771\u6dc0\u5ddd","zone":"","station":"\u4f4f\u5b85"},"type":"Point","coordinates":[68574,64505],"id":"feature_0121"},{"properties":{"price":199000,"use":"\u5927\u962a\u6771\u6dc0\u5ddd","zone":"","station":"\u4f4f\u5b85"},"type":"Point","coordinates":[63478,62247],"id":"feature_0122"},{"properties":{"price":227000,"use":"\u5927\u962a\u6771\u6dc0\u5ddd","zone":"","station":"\u4f4f\u5b85"},"type":"Point","coordinates":[65162,63570],"id":"feature_0123"},{"properties":{"price":215000,"use":"\u5927\u962a\u6771\u6dc0\u5ddd","zone":"","station":"\u4f4f\u5b85"},"type":"Point","coordinates":[68262,65531],"id":"feature_0124"},{"properties":{"price":199000,"use":"\u5927\u962a\u6771\u6dc0\u5ddd","zone":"","station":"\u4f4f\u5b85"},"type":"Point","coordinates":[66070,63908],"id":"feature_0125"},{"properties":{"price":199000,"use":"\u5927\u962a\u6771\u6dc0\u5ddd","zone":"","station":"\u4f4f\u5b85"},"type":"Point","coordinates":[63796,63488],"id":"feature_0126"},{"properties":{"price":221000,"use":"\u5927\u962a\u6771\u6dc0\u5ddd","zone":"","station":"\u4f4f\u5b85"},"type":"Point","coordinates":[65012,62144],"id":"feature_0127"},{"properties":{"price":201000,"use":"\u5927\u962a\u6771\u6dc0\u5ddd","zone":"","station":"\u4f4f\u5b85"},"type":"Point","coordinates":[69355,64047],"id":"feature_0128"},{"properties":{"price":194000,"use":"\u5927\u962a\u6771\u6dc0\u5ddd","zone":"","station":"\u5171\u540c\u4f4f\u5b85"},"type":"Point","coordinates":[68728,65160],"id":"feature_0129"},{"properties":{"price":226000,"use":"\u5927\u962a\u6771\u6dc0\u5ddd","zone":"","station":"\u4f4f\u5b85"},"type":"Point","coordinates":[68782,63730],"id":"feature_0130"},{"properties":{"price":217000,"use":"\u5927\u962a\u6771\u6dc0\u5ddd","zone":"","station":"\u4f4f\u5b85"},"type":"Point","coordinates":[64047,62808],"id":"feature_0131"},{"properties":{"price":220000,"use":"\u5927\u962a\u6771\u6dc0\u5ddd","zone":"","station":"\u4f4f\u5b85"},"type":"Point","coordinates":[67396,63351],"id":"feature_0132"},{"properties":{"price":222000,"use":"\u5927\u962a\u6771\u6dc0\u5ddd","zone":"","station":"\u4f4f\u5b85"},"type":"Point","coordinates":[69096,62934],"id":"feature_0133"},{"properties":{"price":218000,"use":"\u5927\u962a\u6771\u6dc0\u5ddd","zone":"","station":"\u4f4f\u5b85"},"type":"Point","coordinates":[66855,62941],"id":"feature_0134"},{"properties":{"price":210000,"use":"\u5927\u962a\u6771\u6dc0\u5ddd","zone":"","station":"\u4f4f\u5b85"},"type":"Point","coordinates":[69778,64866],"id":"feature_0135"},{"properties":{"price":345000,"use":"\u5927\u962a\u6771\u6dc0\u5ddd","zone":"","station":"\u5e97\u8217\u517c\u4e8b\u52d9\u6240"},"type":"Point","coordinates":[64897,62966],"id":"feature_0136"},{"properties":{"price":692000,"use":"\u5927\u962a\u6771\u6dc0\u5ddd","zone":"","station":"\u4e8b\u52d9\u6240"},"type":"Point","coordinates":[62671,61961],"id":"feature_0137"},{"properties":{"price":338000,"use":"\u5927\u962a\u6771\u6dc0\u5ddd","zone":"","station":"\u5e97\u8217\u517c\u4e8b\u52d9\u6240"},"type":"Point","coordinates":[67570,64122],"id":"feature_0138"},{"properties":{"price":252000,"use":"\u5927\u962a\u6771\u6dc0\u5ddd","zone":"","station":"\u4e8b\u52d9\u6240\u517c\u4f4f\u5b85"},"type":"Point","coordinates":[67718,65639],"id":"feature_0139"},{"properties":{"price":304000,"use":"\u5927\u962a\u6771\u6dc0\u5ddd","zone":"","station":"\u5e97\u8217\u517c\u5171\u540c\u4f4f\u5b85"},"type":"Point","coordinates":[68371,64129],"id":"feature_0140"},{"properties":{"price":289000,"use":"\u5927\u962a\u6771\u6dc0\u5ddd","zone":"","station":"\u8a3a\u7642\u6240\u517c\u5171\u540c\u4f4f\u5b85"},"type":"Point","coordinates":[66029,62978],"id":"feature_0141"},{"properties":{"price":260000,"use":"\u5927\u962a\u6771\u6210","zone":"","station":"\u5efa\u7bc9\u4e2d"},"type":"Point","coordinates":[68871,53174],"id":"feature_0142"},{"properties":{"price":227000,"use":"\u5927\u962a\u6771\u6210","zone":"","station":"\u4f4f\u5b85"},"type":"Point","coordinates":[70237,52080],"id":"feature_0143"},{"properties":{"price":274000,"use":"\u5927\u962a\u6771\u6210","zone":"","station":"\u4f4f\u5b85"},"type":"Point","coordinates":[69970,54257],"id":"feature_0144"},{"properties":{"price":245000,"use":"\u5927\u962a\u6771\u6210","zone":"","station":"\u4f4f\u5b85"},"type":"Point","coordinates":[71648,52699],"id":"feature_0145"},{"properties":{"price":217000,"use":"\u5927\u962a\u6771\u6210","zone":"","station":"\u7a7a\u5730"},"type":"Point","coordinates":[70270,53422],"id":"feature_0146"},{"properties":{"price":253000,"use":"\u5927\u962a\u6771\u6210","zone":"","station":"\u4f5c\u696d\u5834\u517c\u4f4f\u5b85"},"type":"Point","coordinates":[68338,52665],"id":"feature_0147"},{"properties":{"price":377000,"use":"\u5927\u962a\u6771\u6210","zone":"","station":"\u5e97\u8217\u517c\u5171\u540c\u4f4f\u5b85"},"type":"Point","coordinates":[69163,52284],"id":"feature_0148"},{"properties":{"price":381000,"use":"\u5927\u962a\u6771\u6210","zone":"","station":"\u4e8b\u52d9\u6240"},"type":"Point","coordinates":[71413,53957],"id":"feature_0149"},{"properties":{"price":339000,"use":"\u5927\u962a\u6771\u6210","zone":"","station":"\u5e97\u8217\u517c\u4e8b\u52d9\u6240"},"type":"Point","coordinates":[67206,52292],"id":"feature_0150"},{"properties":{"price":220000,"use":"\u5927\u962a\u6771\u6210","zone":"","station":"\u4e8b\u52d9\u6240\u517c\u5009\u5eab"},"type":"Point","coordinates":[72335,53529],"id":"feature_0151"},{"properties":{"price":187000,"use":"\u5927\u962a\u751f\u91ce","zone":"","station":"\u4f4f\u5b85"},"type":"Point","coordinates":[71089,51051],"id":"feature_0152"},{"properties":{"price":148000,"use":"\u5927\u962a\u751f\u91ce","zone":"","station":"\u4f4f\u5b85"},"type":"Point","coordinates":[68728,51107],"id":"feature_0153"},{"properties":{"price":172000,"use":"\u5927\u962a\u751f\u91ce","zone":"","station":"\u4f4f\u5b85"},"type":"Point","coordinates":[71144,48968],"id":"feature_0154"},{"properties":{"price":182000,"use":"\u5927\u962a\u751f\u91ce","zone":"","station":"\u4f4f\u5b85"},"type":"Point","coordinates":[67746,48593],"id":"feature_0155"},{"properties":{"price":215000,"use":"\u5927\u962a\u751f\u91ce","zone":"","station":"\u4f5c\u696d\u6240\u517c\u4f4f\u5b85"},"type":"Point","coordinates":[67124,51224],"id":"feature_0156"},{"properties":{"price":165000,"use":"\u5927\u962a\u751f\u91ce","zone":"","station":"\u4f4f\u5b85"},"type":"Point","coordinates":[67579,49987],"id":"feature_0157"},{"properties":{"price":215000,"use":"\u5927\u962a\u751f\u91ce","zone":"","station":"\u5171\u540c\u4f4f\u5b85"},"type":"Point","coordinates":[69502,51644],"id":"feature_0158"},{"properties":{"price":160000,"use":"\u5927\u962a\u751f\u91ce","zone":"","station":"\u4f4f\u5b85"},"type":"Point","coordinates":[71623,51193],"id":"feature_0159"},{"properties":{"price":205000,"use":"\u5927\u962a\u751f\u91ce","zone":"","station":"\u4f4f\u5b85"},"type":"Point","coordinates":[66307,49512],"id":"feature_0160"},{"properties":{"price":191000,"use":"\u5927\u962a\u751f\u91ce","zone":"","station":"\u5e97\u8217\u517c\u4f4f\u5b85"},"type":"Point","coordinates":[67816,51731],"id":"feature_0161"},{"properties":{"price":172000,"use":"\u5927\u962a\u751f\u91ce","zone":"","station":"\u4f4f\u5b85"},"type":"Point","coordinates":[68866,49190],"id":"feature_0162"},{"properties":{"price":167000,"use":"\u5927\u962a\u751f\u91ce","zone":"","station":"\u4f4f\u5b85"},"type":"Point","coordinates":[69558,50752],"id":"feature_0163"},{"properties":{"price":277000,"use":"\u5927\u962a\u751f\u91ce","zone":"","station":"\u5e97\u8217\u517c\u5171\u540c\u4f4f\u5b85"},"type":"Point","coordinates":[70219,51608],"id":"feature_0164"},{"properties":{"price":228000,"use":"\u5927\u962a\u751f\u91ce","zone":"","station":"\u5e97\u8217\u517c\u4e8b\u52d9\u6240"},"type":"Point","coordinates":[68476,50271],"id":"feature_0165"},{"properties":{"price":154000,"use":"\u5927\u962a\u751f\u91ce","zone":"","station":"\u4f4f\u5b85\u3001\u4f5c\u696d\u6240\u517c\u4e8b\u52d9\u6240"},"type":"Point","coordinates":[69584,49589],"id":"feature_0166"},{"properties":{"price":291000,"use":"\u5927\u962a\u65ed","zone":"","station":"\u4f4f\u5b85"},"type":"Point","coordinates":[71407,59644],"id":"feature_0167"},{"properties":{"price":232000,"use":"\u5927\u962a\u65ed","zone":"","station":"\u4f4f\u5b85"},"type":"Point","coordinates":[70560,61936],"id":"feature_0168"},{"properties":{"price":183000,"use":"\u5927\u962a\u65ed","zone":"","station":"\u4f4f\u5b85"},"type":"Point","coordinates":[67339,61281],"id":"feature_0169"},{"properties":{"price":210000,"use":"\u5927\u962a\u65ed","zone":"","station":"\u4f4f\u5b85"},"type":"Point","coordinates":[68912,61437],"id":"feature_0170"},{"properties":{"price":211000,"use":"\u5927\u962a\u65ed","zone":"","station":"\u4f4f\u5b85"},"type":"Point","coordinates":[68845,60668],"id":"feature_0171"},{"properties":{"price":229000,"use":"\u5927\u962a\u65ed","zone":"","station":"\u4f4f\u5b85"},"type":"Point","coordinates":[69222,59338],"id":"feature_0172"},{"properties":{"price":236000,"use":"\u5927\u962a\u65ed","zone":"","station":"\u4f4f\u5b85"},"type":"Point","coordinates":[71364,60431],"id":"feature_0173"},{"properties":{"price":201000,"use":"\u5927\u962a\u65ed","zone":"","station":"\u4f4f\u5b85"},"type":"Point","coordinates":[67982,59689],"id":"feature_0174"},{"properties":{"price":224000,"use":"\u5927\u962a\u65ed","zone":"","station":"\u7a7a\u5730"},"type":"Point","coordinates":[69425,61003],"id":"feature_0175"},{"properties":{"price":305000,"use":"\u5927\u962a\u65ed","zone":"","station":"\u5e97\u8217\u517c\u5171\u540c\u4f4f\u5b85"},"type":"Point","coordinates":[70423,60074],"id":"feature_0176"},{"properties":{"price":289000,"use":"\u5927\u962a\u65ed","zone":"","station":"\u5e97\u8217\u517c\u4f4f\u5b85"},"type":"Point","coordinates":[70237,60602],"id":"feature_0177"},{"properties":{"price":295000,"use":"\u5927\u962a\u65ed","zone":"","station":"\u5e97\u8217\u517c\u5171\u540c\u4f4f\u5b85"},"type":"Point","coordinates":[69755,61317],"id":"feature_0178"},{"properties":{"price":280000,"use":"\u5927\u962a\u65ed","zone":"","station":"\u5e97\u8217\u517c\u5171\u540c\u4f4f\u5b85"},"type":"Point","coordinates":[67250,60456],"id":"feature_0179"},{"properties":{"price":309000,"use":"\u5927\u962a\u57ce\u6771","zone":"","station":"\u4f4f\u5b85"},"type":"Point","coordinates":[68199,57152],"id":"feature_0180"},{"properties":{"price":243000,"use":"\u5927\u962a\u57ce\u6771","zone":"","station":"\u4f4f\u5b85"},"type":"Point","coordinates":[69671,54977],"id":"feature_0181"},{"properties":{"price":251000,"use":"\u5927\u962a\u57ce\u6771","zone":"","station":"\u4f4f\u5b85"},"type":"Point","coordinates":[68584,55867],"id":"feature_0182"},{"properties":{"price":283000,"use":"\u5927\u962a\u57ce\u6771","zone":"","station":"\u4f4f\u5b85"},"type":"Point","coordinates":[70670,57092],"id":"feature_0183"},{"properties":{"price":215000,"use":"\u5927\u962a\u57ce\u6771","zone":"","station":"\u4f4f\u5b85"},"type":"Point","coordinates":[71136,56087],"id":"feature_0184"},{"properties":{"price":314000,"use":"\u5927\u962a\u57ce\u6771","zone":"","station":"\u4f4f\u5b85"},"type":"Point","coordinates":[70705,58290],"id":"feature_0185"},{"properties":{"price":225000,"use":"\u5927\u962a\u57ce\u6771","zone":"","station":"\u4f4f\u5b85"},"type":"Point","coordinates":[68779,58570],"id":"feature_0186"},{"properties":{"price":218000,"use":"\u5927\u962a\u57ce\u6771","zone":"","station":"\u4f4f\u5b85"},"type":"Point","coordinates":[70231,55712],"id":"feature_0187"},{"properties":{"price":314000,"use":"\u5927\u962a\u57ce\u6771","zone":"","station":"\u4f4f\u5b85"},"type":"Point","coordinates":[70659,58708],"id":"feature_0188"},{"properties":{"price":270000,"use":"\u5927\u962a\u57ce\u6771","zone":"","station":"\u4f4f\u5b85"},"type":"Point","coordinates":[71353,57441],"id":"feature_0189"},{"properties":{"price":282000,"use":"\u5927\u962a\u57ce\u6771","zone":"","station":"\u4e8b\u52d9\u6240\u517c\u4f4f\u5b85"},"type":"Point","coordinates":[68530,56849],"id":"feature_0190"},{"properties":{"price":223000,"use":"\u5927\u962a\u57ce\u6771","zone":"","station":"\u5171\u540c\u4f4f\u5b85"},"type":"Point","coordinates":[71551,54918],"id":"feature_0191"},{"properties":{"price":252000,"use":"\u5927\u962a\u57ce\u6771","zone":"","station":"\u4f4f\u5b85"},"type":"Point","coordinates":[69954,55986],"id":"feature_0192"},{"properties":{"price":268000,"use":"\u5927\u962a\u57ce\u6771","zone":"","station":"\u4f4f\u5b85"},"type":"Point","coordinates":[71917,59194],"id":"feature_0193"},{"properties":{"price":215000,"use":"\u5927\u962a\u57ce\u6771","zone":"","station":"\u5009\u5eab\u517c\u4f4f\u5b85"},"type":"Point","coordinates":[70687,55027],"id":"feature_0194"},{"properties":{"price":268000,"use":"\u5927\u962a\u57ce\u6771","zone":"","station":"\u5171\u540c\u4f4f\u5b85"},"type":"Point","coordinates":[68620,57743],"id":"feature_0195"},{"properties":{"price":334000,"use":"\u5927\u962a\u57ce\u6771","zone":"","station":"\u5171\u540c\u4f4f\u5b85"},"type":"Point","coordinates":[68999,57384],"id":"feature_0196"},{"properties":{"price":398000,"use":"\u5927\u962a\u57ce\u6771","zone":"","station":"\u5e97\u8217"},"type":"Point","coordinates":[69747,57780],"id":"feature_0197"},{"properties":{"price":244000,"use":"\u5927\u962a\u963f\u500d\u91ce","zone":"","station":"\u4f4f\u5b85"},"type":"Point","coordinates":[63140,47769],"id":"feature_0198"},{"properties":{"price":279000,"use":"\u5927\u962a\u963f\u500d\u91ce","zone":"","station":"\u4f4f\u5b85"},"type":"Point","coordinates":[66265,49076],"id":"feature_0199"},{"properties":{"price":400000,"use":"\u5927\u962a\u963f\u500d\u91ce","zone":"","station":"\u4f4f\u5b85"},"type":"Point","coordinates":[65737,47764],"id":"feature_0200"},{"properties":{"price":451000,"use":"\u5927\u962a\u963f\u500d\u91ce","zone":"","station":"\u4f4f\u5b85"},"type":"Point","coordinates":[63299,46268],"id":"feature_0201"},{"properties":{"price":341000,"use":"\u5927\u962a\u963f\u500d\u91ce","zone":"","station":"\u4f4f\u5b85"},"type":"Point","coordinates":[63417,47248],"id":"feature_0202"},{"properties":{"price":358000,"use":"\u5927\u962a\u963f\u500d\u91ce","zone":"","station":"\u4f4f\u5b85"},"type":"Point","coordinates":[64378,47633],"id":"feature_0203"},{"properties":{"price":345000,"use":"\u5927\u962a\u963f\u500d\u91ce","zone":"","station":"\u4f4f\u5b85"},"type":"Point","coordinates":[64173,45165],"id":"feature_0204"},{"properties":{"price":345000,"use":"\u5927\u962a\u963f\u500d\u91ce","zone":"","station":"\u4f4f\u5b85"},"type":"Point","coordinates":[65203,46278],"id":"feature_0205"},{"properties":{"price":337000,"use":"\u5927\u962a\u963f\u500d\u91ce","zone":"","station":"\u4f4f\u5b85"},"type":"Point","coordinates":[65405,48149],"id":"feature_0206"},{"properties":{"price":634000,"use":"\u5927\u962a\u963f\u500d\u91ce","zone":"","station":"\u5e97\u8217\u517c\u5171\u540c\u4f4f\u5b85"},"type":"Point","coordinates":[64910,47110],"id":"feature_0207"},{"properties":{"price":508000,"use":"\u5927\u962a\u963f\u500d\u91ce","zone":"","station":"\u5e97\u8217\u517c\u5171\u540c\u4f4f\u5b85"},"type":"Point","coordinates":[65177,48318],"id":"feature_0208"},{"properties":{"price":563000,"use":"\u5927\u962a\u963f\u500d\u91ce","zone":"","station":"\u4e8b\u52d9\u6240"},"type":"Point","coordinates":[64682,45920],"id":"feature_0209"},{"properties":{"price":3520000,"use":"\u5927\u962a\u963f\u500d\u91ce","zone":"","station":"\u5e97\u8217\u517c\u4e8b\u52d9\u6240"},"type":"Point","coordinates":[64219,49042],"id":"feature_0210"},{"properties":{"price":380000,"use":"\u5927\u962a\u4f4f\u5409","zone":"","station":"\u4f4f\u5b85"},"type":"Point","coordinates":[62266,45640],"id":"feature_0211"},{"properties":{"price":313000,"use":"\u5927\u962a\u4f4f\u5409","zone":"","station":"\u4f4f\u5b85"},"type":"Point","coordinates":[64774,43531],"id":"feature_0212"},{"properties":{"price":263000,"use":"\u5927\u962a\u4f4f\u5409","zone":"","station":"\u5171\u540c\u4f4f\u5b85"},"type":"Point","coordinates":[63581,42763],"id":"feature_0213"},{"properties":{"price":233000,"use":"\u5927\u962a\u4f4f\u5409","zone":"","station":"\u4f4f\u5b85"},"type":"Point","coordinates":[62722,44139],"id":"feature_0214"},{"properties":{"price":234000,"use":"\u5927\u962a\u4f4f\u5409","zone":"","station":"\u4f4f\u5b85"},"type":"Point","coordinates":[61287,43873],"id":"feature_0215"},{"properties":{"price":269000,"use":"\u5927\u962a\u4f4f\u5409","zone":"","station":"\u4f4f\u5b85"},"type":"Point","coordinates":[62330,43252],"id":"feature_0216"},{"properties":{"price":211000,"use":"\u5927\u962a\u4f4f\u5409","zone":"","station":"\u4f4f\u5b85"},"type":"Point","coordinates":[62310,41346],"id":"feature_0217"},{"properties":{"price":192000,"use":"\u5927\u962a\u4f4f\u5409","zone":"","station":"\u4f4f\u5b85"},"type":"Point","coordinates":[61019,41847],"id":"feature_0218"},{"properties":{"price":276000,"use":"\u5927\u962a\u4f4f\u5409","zone":"","station":"\u4f4f\u5b85"},"type":"Point","coordinates":[63432,43469],"id":"feature_0219"},{"properties":{"price":235000,"use":"\u5927\u962a\u4f4f\u5409","zone":"","station":"\u4f4f\u5b85"},"type":"Point","coordinates":[62948,42152],"id":"feature_0220"},{"properties":{"price":258000,"use":"\u5927\u962a\u4f4f\u5409","zone":"","station":"\u4f4f\u5b85"},"type":"Point","coordinates":[61073,45335],"id":"feature_0221"},{"properties":{"price":258000,"use":"\u5927\u962a\u4f4f\u5409","zone":"","station":"\u4f4f\u5b85"},"type":"Point","coordinates":[62461,44845],"id":"feature_0222"},{"properties":{"price":232000,"use":"\u5927\u962a\u4f4f\u5409","zone":"","station":"\u4f4f\u5b85"},"type":"Point","coordinates":[60931,43112],"id":"feature_0223"},{"properties":{"price":251000,"use":"\u5927\u962a\u4f4f\u5409","zone":"","station":"\u4f4f\u5b85"},"type":"Point","coordinates":[63127,45044],"id":"feature_0224"},{"properties":{"price":248000,"use":"\u5927\u962a\u4f4f\u5409","zone":"","station":"\u4f4f\u5b85"},"type":"Point","coordinates":[62251,42513],"id":"feature_0225"},{"properties":{"price":237000,"use":"\u5927\u962a\u4f4f\u5409","zone":"","station":"\u4f4f\u5b85\u517c\u5009\u5eab"},"type":"Point","coordinates":[63522,44340],"id":"feature_0226"},{"properties":{"price":161000,"use":"\u5927\u962a\u4f4f\u5409","zone":"","station":"\u4f4f\u5b85"},"type":"Point","coordinates":[65661,42173],"id":"feature_0227"},{"properties":{"price":586000,"use":"\u5927\u962a\u4f4f\u5409","zone":"","station":"\u5e97\u8217\u517c\u4f4f\u5b85"},"type":"Point","coordinates":[64251,42310],"id":"feature_0228"},{"properties":{"price":520000,"use":"\u5927\u962a\u4f4f\u5409","zone":"","station":"\u4e8b\u52d9\u6240\u517c\u5171\u540c\u4f4f\u5b85"},"type":"Point","coordinates":[64190,43672],"id":"feature_0229"},{"properties":{"price":227000,"use":"\u5927\u962a\u4f4f\u5409","zone":"","station":"\u5e97\u8217"},"type":"Point","coordinates":[61518,43175],"id":"feature_0230"},{"properties":{"price":273000,"use":"\u5927\u962a\u4f4f\u5409","zone":"","station":"\u5efa\u7bc9\u4e2d"},"type":"Point","coordinates":[63567,42468],"id":"feature_0231"},{"properties":{"price":294000,"use":"\u5927\u962a\u6771\u4f4f\u5409","zone":"","station":"\u4f4f\u5b85"},"type":"Point","coordinates":[65456,45777],"id":"feature_0232"},{"properties":{"price":239000,"use":"\u5927\u962a\u6771\u4f4f\u5409","zone":"","station":"\u4f4f\u5b85"},"type":"Point","coordinates":[68228,44489],"id":"feature_0233"},{"properties":{"price":289000,"use":"\u5927\u962a\u6771\u4f4f\u5409","zone":"","station":"\u4f4f\u5b85"},"type":"Point","coordinates":[66872,45591],"id":"feature_0234"},{"properties":{"price":255000,"use":"\u5927\u962a\u6771\u4f4f\u5409","zone":"","station":"\u4f4f\u5b85"},"type":"Point","coordinates":[67408,46134],"id":"feature_0235"},{"properties":{"price":146000,"use":"\u5927\u962a\u6771\u4f4f\u5409","zone":"","station":"\u4f4f\u5b85"},"type":"Point","coordinates":[66970,43371],"id":"feature_0236"},{"properties":{"price":275000,"use":"\u5927\u962a\u6771\u4f4f\u5409","zone":"","station":"\u4f4f\u5b85"},"type":"Point","coordinates":[65904,44865],"id":"feature_0237"},{"properties":{"price":271000,"use":"\u5927\u962a\u6771\u4f4f\u5409","zone":"","station":"\u4f4f\u5b85"},"type":"Point","coordinates":[67201,47046],"id":"feature_0238"},{"properties":{"price":243000,"use":"\u5927\u962a\u6771\u4f4f\u5409","zone":"","station":"\u4f4f\u5b85"},"type":"Point","coordinates":[66950,43986],"id":"feature_0239"},{"properties":{"price":224000,"use":"\u5927\u962a\u6771\u4f4f\u5409","zone":"","station":"\u4f4f\u5b85"},"type":"Point","coordinates":[67495,47997],"id":"feature_0240"},{"properties":{"price":232000,"use":"\u5927\u962a\u6771\u4f4f\u5409","zone":"","station":"\u7a7a\u5730"},"type":"Point","coordinates":[68223,47071],"id":"feature_0241"},{"properties":{"price":236000,"use":"\u5927\u962a\u6771\u4f4f\u5409","zone":"","station":"\u4f4f\u5b85"},"type":"Point","coordinates":[68015,46443],"id":"feature_0242"},{"properties":{"price":144000,"use":"\u5927\u962a\u6771\u4f4f\u5409","zone":"","station":"\u4f4f\u5b85"},"type":"Point","coordinates":[66115,42922],"id":"feature_0243"},{"properties":{"price":94500,"use":"\u5927\u962a\u6771\u4f4f\u5409","zone":"","station":"\u4f4f\u5b85"},"type":"Point","coordinates":[68584,42320],"id":"feature_0244"},{"properties":{"price":280000,"use":"\u5927\u962a\u6771\u4f4f\u5409","zone":"","station":"\u4f4f\u5b85"},"type":"Point","coordinates":[66457,47444],"id":"feature_0245"},{"properties":{"price":299000,"use":"\u5927\u962a\u6771\u4f4f\u5409","zone":"","station":"\u4f4f\u5b85"},"type":"Point","coordinates":[65791,46460],"id":"feature_0246"},{"properties":{"price":328000,"use":"\u5927\u962a\u6771\u4f4f\u5409","zone":"","station":"\u5e97\u8217\u517c\u4f4f\u5b85"},"type":"Point","coordinates":[67241,45417],"id":"feature_0247"},{"properties":{"price":258000,"use":"\u5927\u962a\u6771\u4f4f\u5409","zone":"","station":"\u5e97\u8217\u517c\u5171\u540c\u4f4f\u5b85"},"type":"Point","coordinates":[68374,43821],"id":"feature_0248"},{"properties":{"price":193000,"use":"\u5927\u962a\u897f\u6210","zone":"","station":"\u4f4f\u5b85"},"type":"Point","coordinates":[60781,46011],"id":"feature_0249"},{"properties":{"price":220000,"use":"\u5927\u962a\u897f\u6210","zone":"","station":"\u4f4f\u5b85"},"type":"Point","coordinates":[61529,46942],"id":"feature_0250"},{"properties":{"price":219000,"use":"\u5927\u962a\u897f\u6210","zone":"","station":"\u4f4f\u5b85"},"type":"Point","coordinates":[60401,46364],"id":"feature_0251"},{"properties":{"price":188000,"use":"\u5927\u962a\u897f\u6210","zone":"","station":"\u4f4f\u5b85"},"type":"Point","coordinates":[61027,48177],"id":"feature_0252"},{"properties":{"price":227000,"use":"\u5927\u962a\u897f\u6210","zone":"","station":"\u4f4f\u5b85"},"type":"Point","coordinates":[60993,46891],"id":"feature_0253"},{"properties":{"price":160000,"use":"\u5927\u962a\u897f\u6210","zone":"","station":"\u4f4f\u5b85"},"type":"Point","coordinates":[60824,47730],"id":"feature_0254"},{"properties":{"price":183000,"use":"\u5927\u962a\u897f\u6210","zone":"","station":"\u4f4f\u5b85"},"type":"Point","coordinates":[60885,48883],"id":"feature_0255"},{"properties":{"price":413000,"use":"\u5927\u962a\u897f\u6210","zone":"","station":"\u9280\u884c"},"type":"Point","coordinates":[61518,48996],"id":"feature_0256"},{"properties":{"price":196000,"use":"\u5927\u962a\u897f\u6210","zone":"","station":"\u8a3a\u7642\u6240"},"type":"Point","coordinates":[61810,47785],"id":"feature_0257"},{"properties":{"price":239000,"use":"\u5927\u962a\u897f\u6210","zone":"","station":"\u5e97\u8217"},"type":"Point","coordinates":[62394,49138],"id":"feature_0258"},{"properties":{"price":85500,"use":"\u5927\u962a\u897f\u6210","zone":"","station":"\u5de5\u5834"},"type":"Point","coordinates":[59066,48181],"id":"feature_0259"},{"properties":{"price":96000,"use":"\u5927\u962a\u897f\u6210","zone":"","station":"\u5de5\u5834\u3001\u5009\u5eab\u517c\u4e8b\u52d9\u6240"},"type":"Point","coordinates":[58487,46759],"id":"feature_0260"},{"properties":{"price":146000,"use":"\u5927\u962a\u897f\u6210","zone":"","station":"\u5de5\u5834"},"type":"Point","coordinates":[59597,46995],"id":"feature_0261"},{"properties":{"price":148000,"use":"\u5927\u962a\u897f\u6210","zone":"","station":"\u4f5c\u696d\u5834"},"type":"Point","coordinates":[60857,49844],"id":"feature_0262"},{"properties":{"price":268000,"use":"\u5927\u962a\u6dc0\u5ddd","zone":"","station":"\u4f4f\u5b85"},"type":"Point","coordinates":[60006,62595],"id":"feature_0263"},{"properties":{"price":270000,"use":"\u5927\u962a\u6dc0\u5ddd","zone":"","station":"\u4f4f\u5b85"},"type":"Point","coordinates":[58069,59110],"id":"feature_0264"},{"properties":{"price":233000,"use":"\u5927\u962a\u6dc0\u5ddd","zone":"","station":"\u4f4f\u5b85"},"type":"Point","coordinates":[59612,60905],"id":"feature_0265"},{"properties":{"price":185000,"use":"\u5927\u962a\u6dc0\u5ddd","zone":"","station":"\u4f4f\u5b85"},"type":"Point","coordinates":[60444,63910],"id":"feature_0266"},{"properties":{"price":253000,"use":"\u5927\u962a\u6dc0\u5ddd","zone":"","station":"\u4f4f\u5b85"},"type":"Point","coordinates":[60452,60559],"id":"feature_0267"},{"properties":{"price":210000,"use":"\u5927\u962a\u6dc0\u5ddd","zone":"","station":"\u4f4f\u5b85"},"type":"Point","coordinates":[57334,61446],"id":"feature_0268"},{"properties":{"price":253000,"use":"\u5927\u962a\u6dc0\u5ddd","zone":"","station":"\u4f4f\u5b85"},"type":"Point","coordinates":[56691,59704],"id":"feature_0269"},{"properties":{"price":245000,"use":"\u5927\u962a\u6dc0\u5ddd","zone":"","station":"\u4f4f\u5b85"},"type":"Point","coordinates":[62133,63512],"id":"feature_0270"},{"properties":{"price":240000,"use":"\u5927\u962a\u6dc0\u5ddd","zone":"","station":"\u4f4f\u5b85"},"type":"Point","coordinates":[60740,63335],"id":"feature_0271"},{"properties":{"price":285000,"use":"\u5927\u962a\u6dc0\u5ddd","zone":"","station":"\u4f4f\u5b85"},"type":"Point","coordinates":[61442,62982],"id":"feature_0272"},{"properties":{"price":181000,"use":"\u5927\u962a\u6dc0\u5ddd","zone":"","station":"\u4f4f\u5b85"},"type":"Point","coordinates":[54977,61588],"id":"feature_0273"},{"properties":{"price":265000,"use":"\u5927\u962a\u6dc0\u5ddd","zone":"","station":"\u5e97\u8217\u517c\u4f4f\u5b85"},"type":"Point","coordinates":[59666,62782],"id":"feature_0274"},{"properties":{"price":458000,"use":"\u5927\u962a\u6dc0\u5ddd","zone":"","station":"\u4e8b\u52d9\u6240"},"type":"Point","coordinates":[59643,59980],"id":"feature_0275"},{"properties":{"price":309000,"use":"\u5927\u962a\u6dc0\u5ddd","zone":"","station":"\u5e97\u8217\u517c\u4f4f\u5b85"},"type":"Point","coordinates":[57001,59035],"id":"feature_0276"},{"properties":{"price":677000,"use":"\u5927\u962a\u6dc0\u5ddd","zone":"","station":"\u4e8b\u52d9\u6240"},"type":"Point","coordinates":[61306,62346],"id":"feature_0277"},{"properties":{"price":281000,"use":"\u5927\u962a\u6dc0\u5ddd","zone":"","station":"\u5e97\u8217"},"type":"Point","coordinates":[62495,62932],"id":"feature_0278"},{"properties":{"price":281000,"use":"\u5927\u962a\u6dc0\u5ddd","zone":"","station":"\u5e97\u8217\u517c\u5171\u540c\u4f4f\u5b85"},"type":"Point","coordinates":[59177,62058],"id":"feature_0279"},{"properties":{"price":945000,"use":"\u5927\u962a\u6dc0\u5ddd","zone":"","station":"\u5e97\u8217\u3001\u4e8b\u52d9\u6240\u517c\u5171\u540c\u4f4f\u5b85"},"type":"Point","coordinates":[62128,61390],"id":"feature_0280"},{"properties":{"price":2320000,"use":"\u5927\u962a\u6dc0\u5ddd","zone":"","station":"\u5e97\u8217\u517c\u4e8b\u52d9\u6240"},"type":"Point","coordinates":[61272,62052],"id":"feature_0281"},{"properties":{"price":279000,"use":"\u5927\u962a\u6dc0\u5ddd","zone":"","station":"\u5e97\u8217\u517c\u4f4f\u5b85"},"type":"Point","coordinates":[59389,60149],"id":"feature_0282"},{"properties":{"price":156000,"use":"\u5927\u962a\u6dc0\u5ddd","zone":"","station":"\u5de5\u5834"},"type":"Point","coordinates":[56947,60628],"id":"feature_0283"},{"properties":{"price":116000,"use":"\u5927\u962a\u6dc0\u5ddd","zone":"","station":"\u5de5\u5834"},"type":"Point","coordinates":[60025,64039],"id":"feature_0284"},{"properties":{"price":252000,"use":"\u5927\u962a\u9db4\u898b","zone":"","station":"\u4f4f\u5b85"},"type":"Point","coordinates":[72207,58539],"id":"feature_0285"},{"properties":{"price":241000,"use":"\u5927\u962a\u9db4\u898b","zone":"","station":"\u5efa\u7bc9\u4e2d"},"type":"Point","coordinates":[75224,57562],"id":"feature_0286"},{"properties":{"price":227000,"use":"\u5927\u962a\u9db4\u898b","zone":"","station":"\u5171\u540c\u4f4f\u5b85"},"type":"Point","coordinates":[74928,55911],"id":"feature_0287"},{"properties":{"price":203000,"use":"\u5927\u962a\u9db4\u898b","zone":"","station":"\u4f4f\u5b85"},"type":"Point","coordinates":[75873,58364],"id":"feature_0288"},{"properties":{"price":275000,"use":"\u5927\u962a\u9db4\u898b","zone":"","station":"\u4f4f\u5b85"},"type":"Point","coordinates":[74161,57312],"id":"feature_0289"},{"properties":{"price":187000,"use":"\u5927\u962a\u9db4\u898b","zone":"","station":"\u4f4f\u5b85"},"type":"Point","coordinates":[76350,57947],"id":"feature_0290"},{"properties":{"price":256000,"use":"\u5927\u962a\u9db4\u898b","zone":"","station":"\u4f4f\u5b85"},"type":"Point","coordinates":[72581,57303],"id":"feature_0291"},{"properties":{"price":194000,"use":"\u5927\u962a\u9db4\u898b","zone":"","station":"\u4f4f\u5b85"},"type":"Point","coordinates":[73511,57062],"id":"feature_0292"},{"properties":{"price":260000,"use":"\u5927\u962a\u9db4\u898b","zone":"","station":"\u4f4f\u5b85"},"type":"Point","coordinates":[72227,55690],"id":"feature_0293"},{"properties":{"price":281000,"use":"\u5927\u962a\u9db4\u898b","zone":"","station":"\u4f4f\u5b85"},"type":"Point","coordinates":[74297,58063],"id":"feature_0294"},{"properties":{"price":161000,"use":"\u5927\u962a\u9db4\u898b","zone":"","station":"\u4f4f\u5b85"},"type":"Point","coordinates":[76426,57458],"id":"feature_0295"},{"properties":{"price":325000,"use":"\u5927\u962a\u9db4\u898b","zone":"","station":"\u5e97\u8217\u3001\u4e8b\u52d9\u6240\u517c\u5171\u540c\u4f4f\u5b85"},"type":"Point","coordinates":[72724,58087],"id":"feature_0296"},{"properties":{"price":426000,"use":"\u5927\u962a\u9db4\u898b","zone":"","station":"\u8a3a\u7642\u6240\u3001\u4e8b\u52d9\u6240\u517c\u5171\u540c\u4f4f\u5b85"},"type":"Point","coordinates":[74157,57580],"id":"feature_0297"},{"properties":{"price":167000,"use":"\u5927\u962a\u9db4\u898b","zone":"","station":"\u5009\u5eab\u3001\u4e8b\u52d9\u6240"},"type":"Point","coordinates":[73254,56648],"id":"feature_0298"},{"properties":{"price":134000,"use":"\u5927\u962a\u9db4\u898b","zone":"","station":"\u5de5\u5834"},"type":"Point","coordinates":[74753,56331],"id":"feature_0299"},{"properties":{"price":205000,"use":"\u5927\u962a\u9db4\u898b","zone":"","station":"\u5009\u5eab\u517c\u4e8b\u52d9\u6240"},"type":"Point","coordinates":[73997,55571],"id":"feature_0300"},{"properties":{"price":229000,"use":"\u5927\u962a\u4f4f\u4e4b\u6c5f","zone":"","station":"\u4f4f\u5b85"},"type":"Point","coordinates":[59707,42721],"id":"feature_0301"},{"properties":{"price":225000,"use":"\u5927\u962a\u4f4f\u4e4b\u6c5f","zone":"","station":"\u4f4f\u5b85"},"type":"Point","coordinates":[60155,43265],"id":"feature_0302"},{"properties":{"price":212000,"use":"\u5927\u962a\u4f4f\u4e4b\u6c5f","zone":"","station":"\u4f4f\u5b85"},"type":"Point","coordinates":[56632,43340],"id":"feature_0303"},{"properties":{"price":229000,"use":"\u5927\u962a\u4f4f\u4e4b\u6c5f","zone":"","station":"\u4f4f\u5b85"},"type":"Point","coordinates":[58634,44996],"id":"feature_0304"},{"properties":{"price":183000,"use":"\u5927\u962a\u4f4f\u4e4b\u6c5f","zone":"","station":"\u4f4f\u5b85"},"type":"Point","coordinates":[58239,42578],"id":"feature_0305"},{"properties":{"price":232000,"use":"\u5927\u962a\u4f4f\u4e4b\u6c5f","zone":"","station":"\u4f4f\u5b85"},"type":"Point","coordinates":[58147,43508],"id":"feature_0306"},{"properties":{"price":212000,"use":"\u5927\u962a\u4f4f\u4e4b\u6c5f","zone":"","station":"\u4f4f\u5b85"},"type":"Point","coordinates":[58726,44072],"id":"feature_0307"},{"properties":{"price":225000,"use":"\u5927\u962a\u4f4f\u4e4b\u6c5f","zone":"","station":"\u4f4f\u5b85"},"type":"Point","coordinates":[59417,45033],"id":"feature_0308"},{"properties":{"price":220000,"use":"\u5927\u962a\u4f4f\u4e4b\u6c5f","zone":"","station":"\u4f4f\u5b85"},"type":"Point","coordinates":[60470,44766],"id":"feature_0309"},{"properties":{"price":179000,"use":"\u5927\u962a\u4f4f\u4e4b\u6c5f","zone":"","station":"\u4f4f\u5b85\u517c\u5009\u5eab"},"type":"Point","coordinates":[58787,45910],"id":"feature_0310"},{"properties":{"price":151000,"use":"\u5927\u962a\u4f4f\u4e4b\u6c5f","zone":"","station":"\u4f4f\u5b85\u3001\u5009\u5eab\u517c\u4e8b\u52d9\u6240"},"type":"Point","coordinates":[55106,43789],"id":"feature_0311"},{"properties":{"price":310000,"use":"\u5927\u962a\u4f4f\u4e4b\u6c5f","zone":"","station":"\u8a3a\u7642\u6240\u3001\u5e97\u8217\u517c\u5171\u540c\u4f4f\u5b85\u7b49"},"type":"Point","coordinates":[57711,43463],"id":"feature_0312"},{"properties":{"price":93000,"use":"\u5927\u962a\u4f4f\u4e4b\u6c5f","zone":"","station":"\u5009\u5eab"},"type":"Point","coordinates":[54965,44209],"id":"feature_0313"},{"properties":{"price":145000,"use":"\u5927\u962a\u4f4f\u4e4b\u6c5f","zone":"","station":"\u5009\u5eab"},"type":"Point","coordinates":[50573,46255],"id":"feature_0314"},{"properties":{"price":155000,"use":"\u5927\u962a\u4f4f\u4e4b\u6c5f","zone":"","station":"\u4f5c\u696d\u5834\u3001\u4e8b\u52d9\u6240\u517c\u5009\u5eab"},"type":"Point","coordinates":[57009,42941],"id":"feature_0315"},{"properties":{"price":220000,"use":"\u5927\u962a\u5e73\u91ce","zone":"","station":"\u4f4f\u5b85"},"type":"Point","coordinates":[69099,45955],"id":"feature_0316"},{"properties":{"price":145000,"use":"\u5927\u962a\u5e73\u91ce","zone":"","station":"\u4f4f\u5b85"},"type":"Point","coordinates":[74710,41899],"id":"feature_0317"},{"properties":{"price":148000,"use":"\u5927\u962a\u5e73\u91ce","zone":"","station":"\u4f4f\u5b85"},"type":"Point","coordinates":[75543,43845],"id":"feature_0318"},{"properties":{"price":178000,"use":"\u5927\u962a\u5e73\u91ce","zone":"","station":"\u4f4f\u5b85"},"type":"Point","coordinates":[71513,44098],"id":"feature_0319"},{"properties":{"price":226000,"use":"\u5927\u962a\u5e73\u91ce","zone":"","station":"\u4f4f\u5b85"},"type":"Point","coordinates":[70798,45133],"id":"feature_0320"},{"properties":{"price":190000,"use":"\u5927\u962a\u5e73\u91ce","zone":"","station":"\u4f4f\u5b85"},"type":"Point","coordinates":[69593,43847],"id":"feature_0321"},{"properties":{"price":177000,"use":"\u5927\u962a\u5e73\u91ce","zone":"","station":"\u4f4f\u5b85"},"type":"Point","coordinates":[73652,42547],"id":"feature_0322"},{"properties":{"price":176000,"use":"\u5927\u962a\u5e73\u91ce","zone":"","station":"\u4f4f\u5b85"},"type":"Point","coordinates":[73039,44459],"id":"feature_0323"},{"properties":{"price":193000,"use":"\u5927\u962a\u5e73\u91ce","zone":"","station":"\u5009\u5eab\u517c\u4f4f\u5b85"},"type":"Point","coordinates":[69373,46888],"id":"feature_0324"},{"properties":{"price":177000,"use":"\u5927\u962a\u5e73\u91ce","zone":"","station":"\u7a7a\u5730"},"type":"Point","coordinates":[71453,46452],"id":"feature_0325"},{"properties":{"price":164000,"use":"\u5927\u962a\u5e73\u91ce","zone":"","station":"\u4f4f\u5b85"},"type":"Point","coordinates":[72210,47682],"id":"feature_0326"},{"properties":{"price":176000,"use":"\u5927\u962a\u5e73\u91ce","zone":"","station":"\u4f4f\u5b85"},"type":"Point","coordinates":[73109,46063],"id":"feature_0327"},{"properties":{"price":181000,"use":"\u5927\u962a\u5e73\u91ce","zone":"","station":"\u5171\u540c\u4f4f\u5b85"},"type":"Point","coordinates":[73050,43065],"id":"feature_0328"},{"properties":{"price":126000,"use":"\u5927\u962a\u5e73\u91ce","zone":"","station":"\u4f4f\u5b85"},"type":"Point","coordinates":[73083,42036],"id":"feature_0329"},{"properties":{"price":183000,"use":"\u5927\u962a\u5e73\u91ce","zone":"","station":"\u4f4f\u5b85"},"type":"Point","coordinates":[69617,43503],"id":"feature_0330"},{"properties":{"price":233000,"use":"\u5927\u962a\u5e73\u91ce","zone":"","station":"\u4f4f\u5b85"},"type":"Point","coordinates":[69835,45282],"id":"feature_0331"},{"properties":{"price":174000,"use":"\u5927\u962a\u5e73\u91ce","zone":"","station":"\u4f4f\u5b85"},"type":"Point","coordinates":[72315,43506],"id":"feature_0332"},{"properties":{"price":152000,"use":"\u5927\u962a\u5e73\u91ce","zone":"","station":"\u4f4f\u5b85"},"type":"Point","coordinates":[74599,43834],"id":"feature_0333"},{"properties":{"price":214000,"use":"\u5927\u962a\u5e73\u91ce","zone":"","station":"\u5e97\u8217\u517c\u4e8b\u52d9\u6240"},"type":"Point","coordinates":[72931,43452],"id":"feature_0334"},{"properties":{"price":250000,"use":"\u5927\u962a\u5e73\u91ce","zone":"","station":"\u7a7a\u5730"},"type":"Point","coordinates":[71107,46110],"id":"feature_0335"},{"properties":{"price":321000,"use":"\u5927\u962a\u5e73\u91ce","zone":"","station":"\u4e8b\u52d9\u6240"},"type":"Point","coordinates":[69872,45435],"id":"feature_0336"},{"properties":{"price":182000,"use":"\u5927\u962a\u5e73\u91ce","zone":"","station":"\u5009\u5eab"},"type":"Point","coordinates":[70410,47233],"id":"feature_0337"},{"properties":{"price":142000,"use":"\u5927\u962a\u5e73\u91ce","zone":"","station":"\u5de5\u5834"},"type":"Point","coordinates":[73779,46659],"id":"feature_0338"},{"properties":{"price":159000,"use":"\u5927\u962a\u5e73\u91ce","zone":"","station":"\u5de5\u5834\u517c\u4e8b\u52d9\u6240"},"type":"Point","coordinates":[71200,48749],"id":"feature_0339"},{"properties":{"price":141000,"use":"\u5927\u962a\u5e73\u91ce","zone":"","station":"\u5de5\u5834\u517c\u4e8b\u52d9\u6240"},"type":"Point","coordinates":[74466,42101],"id":"feature_0340"},{"properties":{"price":448000,"use":"\u5927\u962a\u5317","zone":"","station":"\u4f4f\u5b85\u517c\u8eca\u5eab"},"type":"Point","coordinates":[65417,56266],"id":"feature_0341"},{"properties":{"price":443000,"use":"\u5927\u962a\u5317","zone":"","station":"\u4f4f\u5b85"},"type":"Point","coordinates":[59041,57279],"id":"feature_0342"},{"properties":{"price":835000,"use":"\u5927\u962a\u5317","zone":"","station":"\u5171\u540c\u4f4f\u5b85"},"type":"Point","coordinates":[64228,56999],"id":"feature_0343"},{"properties":{"price":509000,"use":"\u5927\u962a\u5317","zone":"","station":"\u5171\u540c\u4f4f\u5b85"},"type":"Point","coordinates":[63179,59119],"id":"feature_0344"},{"properties":{"price":390000,"use":"\u5927\u962a\u5317","zone":"","station":"\u4f4f\u5b85"},"type":"Point","coordinates":[60637,58417],"id":"feature_0345"},{"properties":{"price":12700000,"use":"\u5927\u962a\u5317","zone":"","station":"\u5e97\u8217\u517c\u6620\u753b\u9928"},"type":"Point","coordinates":[62087,57544],"id":"feature_0346"},{"properties":{"price":6920000,"use":"\u5927\u962a\u5317","zone":"","station":"\u5e97\u8217\u517c\u4e8b\u52d9\u6240"},"type":"Point","coordinates":[62233,56499],"id":"feature_0347"},{"properties":{"price":2650000,"use":"\u5927\u962a\u5317","zone":"","station":"\u5e97\u8217"},"type":"Point","coordinates":[62251,57459],"id":"feature_0348"},{"properties":{"price":1740000,"use":"\u5927\u962a\u5317","zone":"","station":"\u5e97\u8217\u517c\u4e8b\u52d9\u6240"},"type":"Point","coordinates":[61026,56552],"id":"feature_0349"},{"properties":{"price":894000,"use":"\u5927\u962a\u5317","zone":"","station":"\u5e97\u8217\u517c\u4e8b\u52d9\u6240"},"type":"Point","coordinates":[64137,58572],"id":"feature_0350"},{"properties":{"price":739000,"use":"\u5927\u962a\u5317","zone":"","station":"\u5e97\u8217\u517c\u4f4f\u5b85"},"type":"Point","coordinates":[63983,57772],"id":"feature_0351"},{"properties":{"price":2000000,"use":"\u5927\u962a\u5317","zone":"","station":"\u5e97\u8217\u517c\u4e8b\u52d9\u6240"},"type":"Point","coordinates":[63544,56763],"id":"feature_0352"},{"properties":{"price":1100000,"use":"\u5927\u962a\u5317","zone":"","station":"\u5e97\u8217\u517c\u4e8b\u52d9\u6240"},"type":"Point","coordinates":[62533,56607],"id":"feature_0353"},{"properties":{"price":1400000,"use":"\u5927\u962a\u5317","zone":"","station":"\u5e97\u8217\u517c\u4e8b\u52d9\u6240"},"type":"Point","coordinates":[63955,56445],"id":"feature_0354"},{"properties":{"price":1820000,"use":"\u5927\u962a\u5317","zone":"","station":"\u4e8b\u52d9\u6240"},"type":"Point","coordinates":[62625,57792],"id":"feature_0355"},{"properties":{"price":848000,"use":"\u5927\u962a\u5317","zone":"","station":"\u5e97\u8217\u3001\u4e8b\u52d9\u6240\u517c\u5171\u540c\u4f4f\u5b85"},"type":"Point","coordinates":[64185,56154],"id":"feature_0356"},{"properties":{"price":1850000,"use":"\u5927\u962a\u5317","zone":"","station":"\u5e97\u8217\u517c\u4e8b\u52d9\u6240"},"type":"Point","coordinates":[63109,57376],"id":"feature_0357"},{"properties":{"price":6220000,"use":"\u5927\u962a\u5317","zone":"","station":"\u5e97\u8217\u517c\u4e8b\u52d9\u6240"},"type":"Point","coordinates":[61621,58018],"id":"feature_0358"},{"properties":{"price":1930000,"use":"\u5927\u962a\u5317","zone":"","station":"\u5e97\u8217\u517c\u4e8b\u52d9\u6240"},"type":"Point","coordinates":[61513,58475],"id":"feature_0359"},{"properties":{"price":1520000,"use":"\u5927\u962a\u5317","zone":"","station":"\u4e8b\u52d9\u6240"},"type":"Point","coordinates":[60056,57382],"id":"feature_0360"},{"properties":{"price":7350000,"use":"\u5927\u962a\u5317","zone":"","station":"\u5e97\u8217\u517c\u4e8b\u52d9\u6240"},"type":"Point","coordinates":[61869,58085],"id":"feature_0361"},{"properties":{"price":643000,"use":"\u5927\u962a\u5317","zone":"","station":"\u5e97\u8217\u517c\u5171\u540c\u4f4f\u5b85"},"type":"Point","coordinates":[63724,57932],"id":"feature_0362"},{"properties":{"price":5500000,"use":"\u5927\u962a\u5317","zone":"","station":"\u4e8b\u52d9\u6240"},"type":"Point","coordinates":[61871,56162],"id":"feature_0363"},{"properties":{"price":780000,"use":"\u5927\u962a\u5317","zone":"","station":"\u4e8b\u52d9\u6240"},"type":"Point","coordinates":[62991,57155],"id":"feature_0364"},{"properties":{"price":1180000,"use":"\u5927\u962a\u5317","zone":"","station":"\u4e8b\u52d9\u6240"},"type":"Point","coordinates":[63217,58299],"id":"feature_0365"},{"properties":{"price":715000,"use":"\u5927\u962a\u5317","zone":"","station":"\u4e8b\u52d9\u6240\u517c\u4f4f\u5b85"},"type":"Point","coordinates":[59681,57223],"id":"feature_0366"},{"properties":{"price":1580000,"use":"\u5927\u962a\u5317","zone":"","station":"\u5e97\u8217\u517c\u4e8b\u52d9\u6240"},"type":"Point","coordinates":[64633,56617],"id":"feature_0367"},{"properties":{"price":841000,"use":"\u5927\u962a\u5317","zone":"","station":"\u5e97\u8217\u517c\u4e8b\u52d9\u6240"},"type":"Point","coordinates":[62509,57912],"id":"feature_0368"},{"properties":{"price":1150000,"use":"\u5927\u962a\u5317","zone":"","station":"\u4e8b\u52d9\u6240"},"type":"Point","coordinates":[63908,57348],"id":"feature_0369"},{"properties":{"price":1050000,"use":"\u5927\u962a\u5317","zone":"","station":"\u4e8b\u52d9\u6240"},"type":"Point","coordinates":[61821,58572],"id":"feature_0370"},{"properties":{"price":1780000,"use":"\u5927\u962a\u5317","zone":"","station":"\u4e8b\u52d9\u6240"},"type":"Point","coordinates":[61925,56529],"id":"feature_0371"},{"properties":{"price":3090000,"use":"\u5927\u962a\u5317","zone":"","station":"\u5e97\u8217\u517c\u4e8b\u52d9\u6240"},"type":"Point","coordinates":[61136,56750],"id":"feature_0372"},{"properties":{"price":23600000,"use":"\u5927\u962a\u5317","zone":"","station":"\u5e97\u8217\u517c\u4e8b\u52d9\u6240"},"type":"Point","coordinates":[61242,57685],"id":"feature_0373"},{"properties":{"price":17800000,"use":"\u5927\u962a\u5317","zone":"","station":"\u5e97\u8217\u517c\u4e8b\u52d9\u6240"},"type":"Point","coordinates":[61554,57151],"id":"feature_0374"},{"properties":{"price":598000,"use":"\u5927\u962a\u4e2d\u592e","zone":"","station":"\u4f4f\u5b85"},"type":"Point","coordinates":[67247,53986],"id":"feature_0375"},{"properties":{"price":525000,"use":"\u5927\u962a\u4e2d\u592e","zone":"","station":"\u4e8b\u52d9\u6240\u517c\u4f4f\u5b85"},"type":"Point","coordinates":[64157,53091],"id":"feature_0376"},{"properties":{"price":865000,"use":"\u5927\u962a\u4e2d\u592e","zone":"","station":"\u5171\u540c\u4f4f\u5b85"},"type":"Point","coordinates":[66201,53690],"id":"feature_0377"},{"properties":{"price":8230000,"use":"\u5927\u962a\u4e2d\u592e","zone":"","station":"\u5e97\u8217\u517c\u4e8b\u52d9\u6240"},"type":"Point","coordinates":[62279,54865],"id":"feature_0378"},{"properties":{"price":21400000,"use":"\u5927\u962a\u4e2d\u592e","zone":"","station":"\u5e97\u8217"},"type":"Point","coordinates":[62346,52539],"id":"feature_0379"},{"properties":{"price":1860000,"use":"\u5927\u962a\u4e2d\u592e","zone":"","station":"\u4e8b\u52d9\u6240\u3001\u8a3a\u7642\u6240\u517c\u5e97\u8217"},"type":"Point","coordinates":[62791,54974],"id":"feature_0380"},{"properties":{"price":1340000,"use":"\u5927\u962a\u4e2d\u592e","zone":"","station":"\u4e8b\u52d9\u6240"},"type":"Point","coordinates":[61808,55544],"id":"feature_0381"},{"properties":{"price":1770000,"use":"\u5927\u962a\u4e2d\u592e","zone":"","station":"\u5e97\u8217\u517c\u4e8b\u52d9\u6240"},"type":"Point","coordinates":[62005,53917],"id":"feature_0382"},{"properties":{"price":1200000,"use":"\u5927\u962a\u4e2d\u592e","zone":"","station":"\u4e8b\u52d9\u6240\u517c\u5009\u5eab"},"type":"Point","coordinates":[64418,55031],"id":"feature_0383"},{"properties":{"price":2390000,"use":"\u5927\u962a\u4e2d\u592e","zone":"","station":"\u4e8b\u52d9\u6240"},"type":"Point","coordinates":[62892,54313],"id":"feature_0384"},{"properties":{"price":1420000,"use":"\u5927\u962a\u4e2d\u592e","zone":"","station":"\u4e8b\u52d9\u6240"},"type":"Point","coordinates":[63419,54851],"id":"feature_0385"},{"properties":{"price":4160000,"use":"\u5927\u962a\u4e2d\u592e","zone":"","station":"\u5e97\u8217\u517c\u4e8b\u52d9\u6240"},"type":"Point","coordinates":[62425,55967],"id":"feature_0386"},{"properties":{"price":1210000,"use":"\u5927\u962a\u4e2d\u592e","zone":"","station":"\u4e8b\u52d9\u6240\u517c\u5e97\u8217"},"type":"Point","coordinates":[62730,54147],"id":"feature_0387"},{"properties":{"price":1270000,"use":"\u5927\u962a\u4e2d\u592e","zone":"","station":"\u4e8b\u52d9\u6240\u517c\u4f4f\u5b85"},"type":"Point","coordinates":[64037,55239],"id":"feature_0388"},{"properties":{"price":1370000,"use":"\u5927\u962a\u4e2d\u592e","zone":"","station":"\u4e8b\u52d9\u6240"},"type":"Point","coordinates":[64280,54284],"id":"feature_0389"},{"properties":{"price":2530000,"use":"\u5927\u962a\u4e2d\u592e","zone":"","station":"\u4e8b\u52d9\u6240\u3001\u5e97\u8217\u517c\u99d0\u8eca\u5834\u7b49"},"type":"Point","coordinates":[62448,55229],"id":"feature_0390"},{"properties":{"price":3230000,"use":"\u5927\u962a\u4e2d\u592e","zone":"","station":"\u5e97\u8217\u517c\u4e8b\u52d9\u6240"},"type":"Point","coordinates":[63255,55559],"id":"feature_0391"},{"properties":{"price":8500000,"use":"\u5927\u962a\u4e2d\u592e","zone":"","station":"\u5e97\u8217"},"type":"Point","coordinates":[62295,52303],"id":"feature_0392"},{"properties":{"price":1450000,"use":"\u5927\u962a\u4e2d\u592e","zone":"","station":"\u4e8b\u52d9\u6240"},"type":"Point","coordinates":[64802,53245],"id":"feature_0393"},{"properties":{"price":740000,"use":"\u5927\u962a\u4e2d\u592e","zone":"","station":"\u8a3a\u7642\u6240\u517c\u4f4f\u5b85"},"type":"Point","coordinates":[63499,52459],"id":"feature_0394"},{"properties":{"price":12100000,"use":"\u5927\u962a\u4e2d\u592e","zone":"","station":"\u5e97\u8217\u517c\u4e8b\u52d9\u6240"},"type":"Point","coordinates":[62082,53077],"id":"feature_0395"},{"properties":{"price":6200000,"use":"\u5927\u962a\u4e2d\u592e","zone":"","station":"\u5e97\u8217"},"type":"Point","coordinates":[62471,52471],"id":"feature_0396"},{"properties":{"price":3360000,"use":"\u5927\u962a\u4e2d\u592e","zone":"","station":"\u5e97\u8217\u517c\u4e8b\u52d9\u6240"},"type":"Point","coordinates":[62043,52910],"id":"feature_0397"},{"properties":{"price":876000,"use":"\u5927\u962a\u4e2d\u592e","zone":"","station":"\u4e8b\u52d9\u6240\u517c\u5009\u5eab"},"type":"Point","coordinates":[64067,53121],"id":"feature_0398"},{"properties":{"price":1580000,"use":"\u5927\u962a\u4e2d\u592e","zone":"","station":"\u5e97\u8217\u517c\u4e8b\u52d9\u6240"},"type":"Point","coordinates":[63171,53006],"id":"feature_0399"},{"properties":{"price":15400000,"use":"\u5927\u962a\u4e2d\u592e","zone":"","station":"\u5e97\u8217"},"type":"Point","coordinates":[62272,52854],"id":"feature_0400"},{"properties":{"price":1120000,"use":"\u5927\u962a\u4e2d\u592e","zone":"","station":"\u5e97\u8217\u517c\u4e8b\u52d9\u6240"},"type":"Point","coordinates":[63216,52011],"id":"feature_0401"},{"properties":{"price":2500000,"use":"\u5927\u962a\u4e2d\u592e","zone":"","station":"\u5e97\u8217"},"type":"Point","coordinates":[62415,53134],"id":"feature_0402"},{"properties":{"price":1560000,"use":"\u5927\u962a\u4e2d\u592e","zone":"","station":"\u5e97\u8217\u517c\u4e8b\u52d9\u6240"},"type":"Point","coordinates":[62392,53606],"id":"feature_0403"},{"properties":{"price":1590000,"use":"\u5927\u962a\u4e2d\u592e","zone":"","station":"\u4e8b\u52d9\u6240"},"type":"Point","coordinates":[64710,54582],"id":"feature_0404"},{"properties":{"price":1940000,"use":"\u5927\u962a\u4e2d\u592e","zone":"","station":"\u5e97\u8217\u517c\u4e8b\u52d9\u6240"},"type":"Point","coordinates":[64877,55342],"id":"feature_0405"},{"properties":{"price":1400000,"use":"\u5927\u962a\u4e2d\u592e","zone":"","station":"\u4e8b\u52d9\u6240"},"type":"Point","coordinates":[67403,56035],"id":"feature_0406"},{"properties":{"price":802000,"use":"\u5927\u962a\u4e2d\u592e","zone":"","station":"\u5e97\u8217\u517c\u5171\u540c\u4f4f\u5b85"},"type":"Point","coordinates":[64687,53927],"id":"feature_0407"},{"properties":{"price":1810000,"use":"\u5927\u962a\u4e2d\u592e","zone":"","station":"\u5e97\u8217\u517c\u4e8b\u52d9\u6240"},"type":"Point","coordinates":[63411,53457],"id":"feature_0408"},{"properties":{"price":815000,"use":"\u5927\u962a\u4e2d\u592e","zone":"","station":"\u5e97\u8217\u3001\u4e8b\u52d9\u6240\u517c\u4f4f\u5b85"},"type":"Point","coordinates":[67360,54297],"id":"feature_0409"},{"properties":{"price":1890000,"use":"\u5927\u962a\u4e2d\u592e","zone":"","station":"\u4e8b\u52d9\u6240\u3001\u5e97\u8217\u517c\u8eca\u5eab"},"type":"Point","coordinates":[62896,55708],"id":"feature_0410"},{"properties":{"price":2270000,"use":"\u5927\u962a\u4e2d\u592e","zone":"","station":"\u5e97\u8217\u517c\u4e8b\u52d9\u6240"},"type":"Point","coordinates":[61953,52278],"id":"feature_0411"},{"properties":{"price":629000,"use":"\u5927\u962a\u4e2d\u592e","zone":"","station":"\u5e97\u8217\u517c\u4f4f\u5b85"},"type":"Point","coordinates":[62919,52092],"id":"feature_0412"},{"properties":{"price":8400000,"use":"\u5927\u962a\u4e2d\u592e","zone":"","station":"\u5e97\u8217\u517c\u4e8b\u52d9\u6240"},"type":"Point","coordinates":[62213,52113],"id":"feature_0413"},{"properties":{"price":1170000,"use":"\u5927\u962a\u4e2d\u592e","zone":"","station":"\u4e8b\u52d9\u6240"},"type":"Point","coordinates":[64183,55644],"id":"feature_0414"},{"properties":{"price":1470000,"use":"\u5927\u962a\u4e2d\u592e","zone":"","station":"\u5e97\u8217\u517c\u4e8b\u52d9\u6240"},"type":"Point","coordinates":[64767,53559],"id":"feature_0415"},{"properties":{"price":460000,"use":"\u5927\u962a\u4e2d\u592e","zone":"","station":"\u5e97\u8217\u517c\u4f4f\u5b85"},"type":"Point","coordinates":[64616,53155],"id":"feature_0416"},{"properties":{"price":3590000,"use":"\u5927\u962a\u4e2d\u592e","zone":"","station":"\u4e8b\u52d9\u6240"},"type":"Point","coordinates":[62587,54607],"id":"feature_0417"},{"properties":{"price":10800000,"use":"\u5927\u962a\u4e2d\u592e","zone":"","station":"\u5e97\u8217\u517c\u4e8b\u52d9\u6240"},"type":"Point","coordinates":[62067,53498],"id":"feature_0418"},{"properties":{"price":2520000,"use":"\u5927\u962a\u4e2d\u592e","zone":"","station":"\u5e97\u8217\u517c\u4e8b\u52d9\u6240"},"type":"Point","coordinates":[63083,53569],"id":"feature_0419"},{"properties":{"price":343000,"use":"\u583a\u583a","zone":"","station":"\u4f4f\u5b85"},"type":"Point","coordinates":[59728,38452],"id":"feature_0420"},{"properties":{"price":165000,"use":"\u583a\u583a","zone":"","station":"\u4f4f\u5b85"},"type":"Point","coordinates":[58985,40030],"id":"feature_0421"},{"properties":{"price":146000,"use":"\u583a\u583a","zone":"","station":"\u4f4f\u5b85"},"type":"Point","coordinates":[57539,36182],"id":"feature_0422"},{"properties":{"price":135000,"use":"\u583a\u583a","zone":"","station":"\u4f4f\u5b85"},"type":"Point","coordinates":[55744,37649],"id":"feature_0423"},{"properties":{"price":175000,"use":"\u583a\u583a","zone":"","station":"\u4f4f\u5b85"},"type":"Point","coordinates":[57772,39735],"id":"feature_0424"},{"properties":{"price":129000,"use":"\u583a\u583a","zone":"","station":"\u4f4f\u5b85"},"type":"Point","coordinates":[55498,38855],"id":"feature_0425"},{"properties":{"price":170000,"use":"\u583a\u583a","zone":"","station":"\u4f4f\u5b85"},"type":"Point","coordinates":[56912,35445],"id":"feature_0426"},{"properties":{"price":270000,"use":"\u583a\u583a","zone":"","station":"\u4f4f\u5b85"},"type":"Point","coordinates":[61541,37665],"id":"feature_0427"},{"properties":{"price":145000,"use":"\u583a\u583a","zone":"","station":"\u4f4f\u5b85"},"type":"Point","coordinates":[60165,40997],"id":"feature_0428"},{"properties":{"price":119000,"use":"\u583a\u583a","zone":"","station":"\u4f4f\u5b85"},"type":"Point","coordinates":[56555,35578],"id":"feature_0429"},{"properties":{"price":149000,"use":"\u583a\u583a","zone":"","station":"\u4f4f\u5b85"},"type":"Point","coordinates":[59243,40784],"id":"feature_0430"},{"properties":{"price":180000,"use":"\u583a\u583a","zone":"","station":"\u4f4f\u5b85"},"type":"Point","coordinates":[60903,40252],"id":"feature_0431"},{"properties":{"price":192000,"use":"\u583a\u583a","zone":"","station":"\u4f4f\u5b85"},"type":"Point","coordinates":[59564,39318],"id":"feature_0432"},{"properties":{"price":137000,"use":"\u583a\u583a","zone":"","station":"\u4f4f\u5b85"},"type":"Point","coordinates":[55800,38072],"id":"feature_0433"},{"properties":{"price":136000,"use":"\u583a\u583a","zone":"","station":"\u4f4f\u5b85"},"type":"Point","coordinates":[57143,37561],"id":"feature_0434"},{"properties":{"price":212000,"use":"\u583a\u583a","zone":"","station":"\u4f4f\u5b85"},"type":"Point","coordinates":[60419,39349],"id":"feature_0435"},{"properties":{"price":278000,"use":"\u583a\u583a","zone":"","station":"\u4f4f\u5b85"},"type":"Point","coordinates":[61100,38641],"id":"feature_0436"},{"properties":{"price":111000,"use":"\u583a\u583a","zone":"","station":"\u4f4f\u5b85"},"type":"Point","coordinates":[57468,40818],"id":"feature_0437"},{"properties":{"price":190000,"use":"\u583a\u583a","zone":"","station":"\u4f4f\u5b85"},"type":"Point","coordinates":[59281,37444],"id":"feature_0438"},{"properties":{"price":158000,"use":"\u583a\u583a","zone":"","station":"\u4f4f\u5b85"},"type":"Point","coordinates":[58251,36949],"id":"feature_0439"},{"properties":{"price":177000,"use":"\u583a\u583a","zone":"","station":"\u4f4f\u5b85"},"type":"Point","coordinates":[61843,40195],"id":"feature_0440"},{"properties":{"price":115000,"use":"\u583a\u583a","zone":"","station":"\u4f4f\u5b85"},"type":"Point","coordinates":[56691,40874],"id":"feature_0441"},{"properties":{"price":155000,"use":"\u583a\u583a","zone":"","station":"\u4f4f\u5b85"},"type":"Point","coordinates":[58377,36221],"id":"feature_0442"},{"properties":{"price":138000,"use":"\u583a\u583a","zone":"","station":"\u4f4f\u5b85"},"type":"Point","coordinates":[55899,38789],"id":"feature_0443"},{"properties":{"price":296000,"use":"\u583a\u583a","zone":"","station":"\u4f4f\u5b85"},"type":"Point","coordinates":[60544,38236],"id":"feature_0444"},{"properties":{"price":186000,"use":"\u583a\u583a","zone":"","station":"\u4f4f\u5b85"},"type":"Point","coordinates":[62007,39484],"id":"feature_0445"},{"properties":{"price":850000,"use":"\u583a\u583a","zone":"","station":"\u5e97\u8217\u517c\u4e8b\u52d9\u6240"},"type":"Point","coordinates":[59458,38766],"id":"feature_0446"},{"properties":{"price":239000,"use":"\u583a\u583a","zone":"","station":"\u5e97\u8217\u517c\u4e8b\u52d9\u6240"},"type":"Point","coordinates":[56876,39412],"id":"feature_0447"},{"properties":{"price":372000,"use":"\u583a\u583a","zone":"","station":"\u4e8b\u52d9\u6240"},"type":"Point","coordinates":[57458,38893],"id":"feature_0448"},{"properties":{"price":149000,"use":"\u583a\u583a","zone":"","station":"\u5e97\u8217\u517c\u4f4f\u5b85"},"type":"Point","coordinates":[56750,37873],"id":"feature_0449"},{"properties":{"price":266000,"use":"\u583a\u583a","zone":"","station":"\u5e97\u8217\u517c\u5171\u540c\u4f4f\u5b85"},"type":"Point","coordinates":[59848,39658],"id":"feature_0450"},{"properties":{"price":235000,"use":"\u583a\u583a","zone":"","station":"\u4e8b\u52d9\u6240\u517c\u4f4f\u5b85"},"type":"Point","coordinates":[58216,38909],"id":"feature_0451"},{"properties":{"price":63700,"use":"\u583a\u583a","zone":"","station":"\u5de5\u5834"},"type":"Point","coordinates":[55341,40301],"id":"feature_0452"},{"properties":{"price":107000,"use":"\u583a\u583a","zone":"","station":"\u4e8b\u52d9\u6240\u517c\u5009\u5eab"},"type":"Point","coordinates":[56558,36123],"id":"feature_0453"},{"properties":{"price":106000,"use":"\u583a\u583a","zone":"","station":"\u4f5c\u696d\u6240\u517c\u5009\u5eab"},"type":"Point","coordinates":[60603,41134],"id":"feature_0454"},{"properties":{"price":112000,"use":"\u583a\u583a","zone":"","station":"\u4e8b\u52d9\u6240\u517c\u5009\u5eab"},"type":"Point","coordinates":[57731,36947],"id":"feature_0455"},{"properties":{"price":97000,"use":"\u583a\u583a","zone":"","station":"\u4f5c\u696d\u5834\u517c\u4e8b\u52d9\u6240"},"type":"Point","coordinates":[56594,40572],"id":"feature_0456"},{"properties":{"price":111000,"use":"\u583a\u583a","zone":"","station":"\u5de5\u5834\u517c\u5009\u5eab"},"type":"Point","coordinates":[57603,41909],"id":"feature_0457"},{"properties":{"price":130000,"use":"\u583a\u583a","zone":"","station":"\u5009\u5eab"},"type":"Point","coordinates":[57193,41461],"id":"feature_0458"},{"properties":{"price":106000,"use":"\u583a\u583a","zone":"","station":"\u5009\u5eab"},"type":"Point","coordinates":[54332,42696],"id":"feature_0459"},{"properties":{"price":90500,"use":"\u583a\u4e2d","zone":"","station":"\u4f4f\u5b85"},"type":"Point","coordinates":[65928,31610],"id":"feature_0460"},{"properties":{"price":87100,"use":"\u583a\u4e2d","zone":"","station":"\u4f4f\u5b85"},"type":"Point","coordinates":[66507,30404],"id":"feature_0461"},{"properties":{"price":147000,"use":"\u583a\u4e2d","zone":"","station":"\u4f4f\u5b85"},"type":"Point","coordinates":[61023,32457],"id":"feature_0462"},{"properties":{"price":147000,"use":"\u583a\u4e2d","zone":"","station":"\u4f4f\u5b85"},"type":"Point","coordinates":[62786,32434],"id":"feature_0463"},{"properties":{"price":118000,"use":"\u583a\u4e2d","zone":"","station":"\u4f4f\u5b85"},"type":"Point","coordinates":[60339,31145],"id":"feature_0464"},{"properties":{"price":121000,"use":"\u583a\u4e2d","zone":"","station":"\u4f4f\u5b85"},"type":"Point","coordinates":[60918,33382],"id":"feature_0465"},{"properties":{"price":121000,"use":"\u583a\u4e2d","zone":"","station":"\u4f4f\u5b85"},"type":"Point","coordinates":[61682,34204],"id":"feature_0466"},{"properties":{"price":102000,"use":"\u583a\u4e2d","zone":"","station":"\u4f4f\u5b85"},"type":"Point","coordinates":[58095,32005],"id":"feature_0467"},{"properties":{"price":94500,"use":"\u583a\u4e2d","zone":"","station":"\u4f4f\u5b85"},"type":"Point","coordinates":[63037,30857],"id":"feature_0468"},{"properties":{"price":85000,"use":"\u583a\u4e2d","zone":"","station":"\u4f4f\u5b85"},"type":"Point","coordinates":[66962,29909],"id":"feature_0469"},{"properties":{"price":96500,"use":"\u583a\u4e2d","zone":"","station":"\u4f4f\u5b85"},"type":"Point","coordinates":[63099,29063],"id":"feature_0470"},{"properties":{"price":109000,"use":"\u583a\u4e2d","zone":"","station":"\u4f4f\u5b85"},"type":"Point","coordinates":[62340,33454],"id":"feature_0471"},{"properties":{"price":101000,"use":"\u583a\u4e2d","zone":"","station":"\u4f4f\u5b85"},"type":"Point","coordinates":[58890,30413],"id":"feature_0472"},{"properties":{"price":104000,"use":"\u583a\u4e2d","zone":"","station":"\u4f4f\u5b85"},"type":"Point","coordinates":[63737,32754],"id":"feature_0473"},{"properties":{"price":80000,"use":"\u583a\u4e2d","zone":"","station":"\u4f4f\u5b85"},"type":"Point","coordinates":[66688,31042],"id":"feature_0474"},{"properties":{"price":162000,"use":"\u583a\u4e2d","zone":"","station":"\u4f4f\u5b85"},"type":"Point","coordinates":[61821,32639],"id":"feature_0475"},{"properties":{"price":96000,"use":"\u583a\u4e2d","zone":"","station":"\u4f4f\u5b85"},"type":"Point","coordinates":[63601,30044],"id":"feature_0476"},{"properties":{"price":106000,"use":"\u583a\u4e2d","zone":"","station":"\u4f4f\u5b85"},"type":"Point","coordinates":[64583,33296],"id":"feature_0477"},{"properties":{"price":151000,"use":"\u583a\u4e2d","zone":"","station":"\u4e8b\u52d9\u6240\u517c\u5009\u5eab"},"type":"Point","coordinates":[60786,31902],"id":"feature_0478"},{"properties":{"price":216000,"use":"\u583a\u4e2d","zone":"","station":"\u5e97\u8217\u517c\u4e8b\u52d9\u6240"},"type":"Point","coordinates":[61500,32084],"id":"feature_0479"},{"properties":{"price":140000,"use":"\u583a\u4e2d","zone":"","station":"\u5e97\u8217"},"type":"Point","coordinates":[66404,30969],"id":"feature_0480"},{"properties":{"price":94300,"use":"\u583a\u4e2d","zone":"","station":"\u5009\u5eab\u517c\u4e8b\u52d9\u6240"},"type":"Point","coordinates":[57301,31339],"id":"feature_0481"},{"properties":{"price":121000,"use":"\u583a\u6771","zone":"","station":"\u4f4f\u5b85"},"type":"Point","coordinates":[70283,30285],"id":"feature_0482"},{"properties":{"price":113000,"use":"\u583a\u6771","zone":"","station":"\u4f4f\u5b85"},"type":"Point","coordinates":[67792,34365],"id":"feature_0483"},{"properties":{"price":137000,"use":"\u583a\u6771","zone":"","station":"\u4f4f\u5b85"},"type":"Point","coordinates":[69888,31238],"id":"feature_0484"},{"properties":{"price":114000,"use":"\u583a\u6771","zone":"","station":"\u4f4f\u5b85"},"type":"Point","coordinates":[68876,29951],"id":"feature_0485"},{"properties":{"price":125000,"use":"\u583a\u6771","zone":"","station":"\u4f4f\u5b85"},"type":"Point","coordinates":[66565,35016],"id":"feature_0486"},{"properties":{"price":174000,"use":"\u583a\u6771","zone":"","station":"\u4f4f\u5b85"},"type":"Point","coordinates":[68328,30920],"id":"feature_0487"},{"properties":{"price":107000,"use":"\u583a\u6771","zone":"","station":"\u4f4f\u5b85"},"type":"Point","coordinates":[67629,30649],"id":"feature_0488"},{"properties":{"price":119000,"use":"\u583a\u6771","zone":"","station":"\u4f4f\u5b85"},"type":"Point","coordinates":[68348,33035],"id":"feature_0489"},{"properties":{"price":138000,"use":"\u583a\u6771","zone":"","station":"\u4f4f\u5b85"},"type":"Point","coordinates":[67626,31483],"id":"feature_0490"},{"properties":{"price":117000,"use":"\u583a\u6771","zone":"","station":"\u4f4f\u5b85"},"type":"Point","coordinates":[66557,31912],"id":"feature_0491"},{"properties":{"price":127000,"use":"\u583a\u6771","zone":"","station":"\u4f4f\u5b85"},"type":"Point","coordinates":[65382,33423],"id":"feature_0492"},{"properties":{"price":114000,"use":"\u583a\u6771","zone":"","station":"\u4f4f\u5b85"},"type":"Point","coordinates":[68144,31859],"id":"feature_0493"},{"properties":{"price":111000,"use":"\u583a\u6771","zone":"","station":"\u4f4f\u5b85"},"type":"Point","coordinates":[66550,33135],"id":"feature_0494"},{"properties":{"price":129000,"use":"\u583a\u6771","zone":"","station":"\u4f4f\u5b85"},"type":"Point","coordinates":[65879,33803],"id":"feature_0495"},{"properties":{"price":144000,"use":"\u583a\u6771","zone":"","station":"\u4f4f\u5b85"},"type":"Point","coordinates":[66749,33533],"id":"feature_0496"},{"properties":{"price":218000,"use":"\u583a\u6771","zone":"","station":"\u8a3a\u7642\u6240"},"type":"Point","coordinates":[68717,31095],"id":"feature_0497"},{"properties":{"price":197000,"use":"\u583a\u897f","zone":"","station":"\u4f4f\u5b85"},"type":"Point","coordinates":[57782,35009],"id":"feature_0498"},{"properties":{"price":126000,"use":"\u583a\u897f","zone":"","station":"\u4f4f\u5b85"},"type":"Point","coordinates":[54775,34817],"id":"feature_0499"},{"properties":{"price":138000,"use":"\u583a\u897f","zone":"","station":"\u4f4f\u5b85"},"type":"Point","coordinates":[54603,33225],"id":"feature_0500"},{"properties":{"price":120000,"use":"\u583a\u897f","zone":"","station":"\u4f4f\u5b85"},"type":"Point","coordinates":[53797,35493],"id":"feature_0501"},{"properties":{"price":135000,"use":"\u583a\u897f","zone":"","station":"\u4f4f\u5b85"},"type":"Point","coordinates":[54148,32516],"id":"feature_0502"},{"properties":{"price":145000,"use":"\u583a\u897f","zone":"","station":"\u4f4f\u5b85"},"type":"Point","coordinates":[57667,33934],"id":"feature_0503"},{"properties":{"price":145000,"use":"\u583a\u897f","zone":"","station":"\u4f4f\u5b85"},"type":"Point","coordinates":[55254,33740],"id":"feature_0504"},{"properties":{"price":161000,"use":"\u583a\u897f","zone":"","station":"\u5171\u540c\u4f4f\u5b85"},"type":"Point","coordinates":[54460,31636],"id":"feature_0505"},{"properties":{"price":167000,"use":"\u583a\u897f","zone":"","station":"\u4f4f\u5b85"},"type":"Point","coordinates":[58544,34002],"id":"feature_0506"},{"properties":{"price":115000,"use":"\u583a\u897f","zone":"","station":"\u4f4f\u5b85"},"type":"Point","coordinates":[58808,32096],"id":"feature_0507"},{"properties":{"price":96000,"use":"\u583a\u897f","zone":"","station":"\u4f4f\u5b85"},"type":"Point","coordinates":[56348,30209],"id":"feature_0508"},{"properties":{"price":131000,"use":"\u583a\u897f","zone":"","station":"\u4f4f\u5b85"},"type":"Point","coordinates":[53217,34909],"id":"feature_0509"},{"properties":{"price":129000,"use":"\u583a\u897f","zone":"","station":"\u4f4f\u5b85"},"type":"Point","coordinates":[56637,31740],"id":"feature_0510"},{"properties":{"price":147000,"use":"\u583a\u897f","zone":"","station":"\u4f4f\u5b85"},"type":"Point","coordinates":[53614,34630],"id":"feature_0511"},{"properties":{"price":109000,"use":"\u583a\u897f","zone":"","station":"\u4f4f\u5b85"},"type":"Point","coordinates":[55446,35941],"id":"feature_0512"},{"properties":{"price":90800,"use":"\u583a\u897f","zone":"","station":"\u4f4f\u5b85"},"type":"Point","coordinates":[56510,28277],"id":"feature_0513"},{"properties":{"price":171000,"use":"\u583a\u897f","zone":"","station":"\u4f4f\u5b85"},"type":"Point","coordinates":[53451,33752],"id":"feature_0514"},{"properties":{"price":168000,"use":"\u583a\u897f","zone":"","station":"\u4f4f\u5b85"},"type":"Point","coordinates":[55320,31741],"id":"feature_0515"},{"properties":{"price":196000,"use":"\u583a\u897f","zone":"","station":"\u4f4f\u5b85"},"type":"Point","coordinates":[58959,34511],"id":"feature_0516"},{"properties":{"price":49700,"use":"\u583a\u897f","zone":"","station":"\u4f4f\u5b85"},"type":"Point","coordinates":[58154,28289],"id":"feature_0517"},{"properties":{"price":111000,"use":"\u583a\u897f","zone":"","station":"\u4f4f\u5b85"},"type":"Point","coordinates":[53779,35923],"id":"feature_0518"},{"properties":{"price":123000,"use":"\u583a\u897f","zone":"","station":"\u4f4f\u5b85"},"type":"Point","coordinates":[55303,30668],"id":"feature_0519"},{"properties":{"price":130000,"use":"\u583a\u897f","zone":"","station":"\u4f4f\u5b85"},"type":"Point","coordinates":[59742,34496],"id":"feature_0520"},{"properties":{"price":124000,"use":"\u583a\u897f","zone":"","station":"\u4f4f\u5b85"},"type":"Point","coordinates":[56417,31309],"id":"feature_0521"},{"properties":{"price":133000,"use":"\u583a\u897f","zone":"","station":"\u4f4f\u5b85"},"type":"Point","coordinates":[58278,33155],"id":"feature_0522"},{"properties":{"price":179000,"use":"\u583a\u897f","zone":"","station":"\u5e97\u8217"},"type":"Point","coordinates":[55390,34527],"id":"feature_0523"},{"properties":{"price":245000,"use":"\u583a\u897f","zone":"","station":"\u9280\u884c"},"type":"Point","coordinates":[57014,33663],"id":"feature_0524"},{"properties":{"price":363000,"use":"\u583a\u897f","zone":"","station":"\u5e97\u8217\u517c\u4e8b\u52d9\u6240"},"type":"Point","coordinates":[55541,32400],"id":"feature_0525"},{"properties":{"price":121000,"use":"\u583a\u897f","zone":"","station":"\u5de5\u5834"},"type":"Point","coordinates":[56592,33032],"id":"feature_0526"},{"properties":{"price":147000,"use":"\u583a\u897f","zone":"","station":"\u5de5\u5834"},"type":"Point","coordinates":[55320,36175],"id":"feature_0527"},{"properties":{"price":87000,"use":"\u583a\u5357","zone":"","station":"\u4f4f\u5b85"},"type":"Point","coordinates":[58324,26072],"id":"feature_0528"},{"properties":{"price":100000,"use":"\u583a\u5357","zone":"","station":"\u4f4f\u5b85"},"type":"Point","coordinates":[59258,24347],"id":"feature_0529"},{"properties":{"price":102000,"use":"\u583a\u5357","zone":"","station":"\u4f4f\u5b85"},"type":"Point","coordinates":[60001,26613],"id":"feature_0530"},{"properties":{"price":75000,"use":"\u583a\u5357","zone":"","station":"\u4f4f\u5b85"},"type":"Point","coordinates":[63547,28355],"id":"feature_0531"},{"properties":{"price":79500,"use":"\u583a\u5357","zone":"","station":"\u4f4f\u5b85"},"type":"Point","coordinates":[62886,22307],"id":"feature_0532"},{"properties":{"price":105000,"use":"\u583a\u5357","zone":"","station":"\u4f4f\u5b85"},"type":"Point","coordinates":[65979,26695],"id":"feature_0533"},{"properties":{"price":83000,"use":"\u583a\u5357","zone":"","station":"\u4f4f\u5b85"},"type":"Point","coordinates":[66968,24885],"id":"feature_0534"},{"properties":{"price":88600,"use":"\u583a\u5357","zone":"","station":"\u4f4f\u5b85"},"type":"Point","coordinates":[62473,23982],"id":"feature_0535"},{"properties":{"price":91300,"use":"\u583a\u5357","zone":"","station":"\u4f4f\u5b85"},"type":"Point","coordinates":[60673,22746],"id":"feature_0536"},{"properties":{"price":101000,"use":"\u583a\u5357","zone":"","station":"\u4f4f\u5b85"},"type":"Point","coordinates":[63453,25783],"id":"feature_0537"},{"properties":{"price":101000,"use":"\u583a\u5357","zone":"","station":"\u4f4f\u5b85"},"type":"Point","coordinates":[65417,26129],"id":"feature_0538"},{"properties":{"price":112000,"use":"\u583a\u5357","zone":"","station":"\u4f4f\u5b85"},"type":"Point","coordinates":[62968,27496],"id":"feature_0539"},{"properties":{"price":99000,"use":"\u583a\u5357","zone":"","station":"\u4f4f\u5b85"},"type":"Point","coordinates":[58746,25086],"id":"feature_0540"},{"properties":{"price":89300,"use":"\u583a\u5357","zone":"","station":"\u4f4f\u5b85"},"type":"Point","coordinates":[61707,22877],"id":"feature_0541"},{"properties":{"price":168000,"use":"\u583a\u5357","zone":"","station":"\u5e97\u8217"},"type":"Point","coordinates":[64415,27378],"id":"feature_0542"},{"properties":{"price":112000,"use":"\u583a\u5357","zone":"","station":"\u5009\u5eab\u517c\u4e8b\u52d9\u6240"},"type":"Point","coordinates":[61575,25907],"id":"feature_0543"},{"properties":{"price":194000,"use":"\u583a\u5317","zone":"","station":"\u4f4f\u5b85"},"type":"Point","coordinates":[65066,39369],"id":"feature_0544"},{"properties":{"price":204000,"use":"\u583a\u5317","zone":"","station":"\u4f4f\u5b85"},"type":"Point","coordinates":[61629,35961],"id":"feature_0545"},{"properties":{"price":295000,"use":"\u583a\u5317","zone":"","station":"\u4f4f\u5b85"},"type":"Point","coordinates":[63309,35714],"id":"feature_0546"},{"properties":{"price":170000,"use":"\u583a\u5317","zone":"","station":"\u4f4f\u5b85"},"type":"Point","coordinates":[62979,39567],"id":"feature_0547"},{"properties":{"price":220000,"use":"\u583a\u5317","zone":"","station":"\u4f4f\u5b85"},"type":"Point","coordinates":[65039,40428],"id":"feature_0548"},{"properties":{"price":244000,"use":"\u583a\u5317","zone":"","station":"\u4f4f\u5b85"},"type":"Point","coordinates":[62500,35103],"id":"feature_0549"},{"properties":{"price":241000,"use":"\u583a\u5317","zone":"","station":"\u4f4f\u5b85"},"type":"Point","coordinates":[65792,36953],"id":"feature_0550"},{"properties":{"price":158000,"use":"\u583a\u5317","zone":"","station":"\u4f4f\u5b85"},"type":"Point","coordinates":[61070,34722],"id":"feature_0551"},{"properties":{"price":253000,"use":"\u583a\u5317","zone":"","station":"\u5171\u540c\u4f4f\u5b85"},"type":"Point","coordinates":[64505,38355],"id":"feature_0552"},{"properties":{"price":265000,"use":"\u583a\u5317","zone":"","station":"\u4f4f\u5b85"},"type":"Point","coordinates":[62384,36431],"id":"feature_0553"},{"properties":{"price":159000,"use":"\u583a\u5317","zone":"","station":"\u4f4f\u5b85"},"type":"Point","coordinates":[60381,35462],"id":"feature_0554"},{"properties":{"price":170000,"use":"\u583a\u5317","zone":"","station":"\u4f4f\u5b85"},"type":"Point","coordinates":[63084,39035],"id":"feature_0555"},{"properties":{"price":220000,"use":"\u583a\u5317","zone":"","station":"\u4f4f\u5b85"},"type":"Point","coordinates":[61846,38391],"id":"feature_0556"},{"properties":{"price":216000,"use":"\u583a\u5317","zone":"","station":"\u4f4f\u5b85"},"type":"Point","coordinates":[64516,39290],"id":"feature_0557"},{"properties":{"price":240000,"use":"\u583a\u5317","zone":"","station":"\u4f4f\u5b85"},"type":"Point","coordinates":[65886,38034],"id":"feature_0558"},{"properties":{"price":240000,"use":"\u583a\u5317","zone":"","station":"\u5171\u540c\u4f4f\u5b85"},"type":"Point","coordinates":[65169,40167],"id":"feature_0559"},{"properties":{"price":171000,"use":"\u583a\u5317","zone":"","station":"\u4f4f\u5b85"},"type":"Point","coordinates":[64636,36004],"id":"feature_0560"},{"properties":{"price":228000,"use":"\u583a\u5317","zone":"","station":"\u4f4f\u5b85"},"type":"Point","coordinates":[60849,36644],"id":"feature_0561"},{"properties":{"price":185000,"use":"\u583a\u5317","zone":"","station":"\u4f4f\u5b85"},"type":"Point","coordinates":[62956,39919],"id":"feature_0562"},{"properties":{"price":152000,"use":"\u583a\u5317","zone":"","station":"\u4f4f\u5b85"},"type":"Point","coordinates":[65213,40901],"id":"feature_0563"},{"properties":{"price":318000,"use":"\u583a\u5317","zone":"","station":"\u5171\u540c\u4f4f\u5b85"},"type":"Point","coordinates":[63775,36268],"id":"feature_0564"},{"properties":{"price":185000,"use":"\u583a\u5317","zone":"","station":"\u4f4f\u5b85"},"type":"Point","coordinates":[61226,35753],"id":"feature_0565"},{"properties":{"price":201000,"use":"\u583a\u5317","zone":"","station":"\u4f4f\u5b85"},"type":"Point","coordinates":[65618,40254],"id":"feature_0566"},{"properties":{"price":242000,"use":"\u583a\u5317","zone":"","station":"\u5e97\u8217\u517c\u4e8b\u52d9\u6240"},"type":"Point","coordinates":[61026,34608],"id":"feature_0567"},{"properties":{"price":840000,"use":"\u583a\u5317","zone":"","station":"\u5e97\u8217\u517c\u5171\u540c\u4f4f\u5b85"},"type":"Point","coordinates":[62940,35948],"id":"feature_0568"},{"properties":{"price":121000,"use":"\u583a\u5317","zone":"","station":"\u5de5\u5834"},"type":"Point","coordinates":[67121,38505],"id":"feature_0569"},{"properties":{"price":72900,"use":"\u583a\u7f8e\u539f","zone":"","station":"\u4f4f\u5b85"},"type":"Point","coordinates":[69634,35112],"id":"feature_0570"},{"properties":{"price":76700,"use":"\u583a\u7f8e\u539f","zone":"","station":"\u4f4f\u5b85"},"type":"Point","coordinates":[71748,34689],"id":"feature_0571"},{"properties":{"price":77000,"use":"\u583a\u7f8e\u539f","zone":"","station":"\u4f4f\u5b85"},"type":"Point","coordinates":[74695,32970],"id":"feature_0572"},{"properties":{"price":86500,"use":"\u583a\u7f8e\u539f","zone":"","station":"\u4f4f\u5b85"},"type":"Point","coordinates":[70974,33159],"id":"feature_0573"},{"properties":{"price":88000,"use":"\u583a\u7f8e\u539f","zone":"","station":"\u4f4f\u5b85"},"type":"Point","coordinates":[69473,32323],"id":"feature_0574"},{"properties":{"price":68800,"use":"\u583a\u7f8e\u539f","zone":"","station":"\u4f4f\u5b85"},"type":"Point","coordinates":[72091,35389],"id":"feature_0575"},{"properties":{"price":91000,"use":"\u583a\u7f8e\u539f","zone":"","station":"\u4f4f\u5b85"},"type":"Point","coordinates":[69197,33911],"id":"feature_0576"},{"properties":{"price":42100,"use":"\u583a\u7f8e\u539f","zone":"","station":"\u4f4f\u5b85"},"type":"Point","coordinates":[72058,31597],"id":"feature_0577"},{"properties":{"price":58100,"use":"\u583a\u7f8e\u539f","zone":"","station":"\u4f4f\u5b85"},"type":"Point","coordinates":[74002,31762],"id":"feature_0578"},{"properties":{"price":80300,"use":"\u583a\u7f8e\u539f","zone":"","station":"\u4f4f\u5b85"},"type":"Point","coordinates":[70928,33735],"id":"feature_0579"},{"properties":{"price":83500,"use":"\u583a\u7f8e\u539f","zone":"","station":"\u4f4f\u5b85"},"type":"Point","coordinates":[70198,33476],"id":"feature_0580"},{"properties":{"price":133000,"use":"\u583a\u7f8e\u539f","zone":"","station":"\u5e97\u8217\u517c\u5009\u5eab"},"type":"Point","coordinates":[72365,32936],"id":"feature_0581"},{"properties":{"price":68000,"use":"\u583a\u7f8e\u539f","zone":"","station":"\u5009\u5eab"},"type":"Point","coordinates":[72580,34409],"id":"feature_0582"},{"properties":{"price":61000,"use":"\u583a\u7f8e\u539f","zone":"","station":"\u5de5\u5834"},"type":"Point","coordinates":[72484,35933],"id":"feature_0583"},{"properties":{"price":137000,"use":"\u5cb8\u548c\u7530","zone":"","station":"\u4f4f\u5b85"},"type":"Point","coordinates":[42076,21327],"id":"feature_0584"},{"properties":{"price":97900,"use":"\u5cb8\u548c\u7530","zone":"","station":"\u4f4f\u5b85"},"type":"Point","coordinates":[43187,24321],"id":"feature_0585"},{"properties":{"price":100000,"use":"\u5cb8\u548c\u7530","zone":"","station":"\u4f4f\u5b85"},"type":"Point","coordinates":[45209,25176],"id":"feature_0586"},{"properties":{"price":105000,"use":"\u5cb8\u548c\u7530","zone":"","station":"\u4f4f\u5b85"},"type":"Point","coordinates":[42137,19941],"id":"feature_0587"},{"properties":{"price":78700,"use":"\u5cb8\u548c\u7530","zone":"","station":"\u4f4f\u5b85"},"type":"Point","coordinates":[47250,20442],"id":"feature_0588"},{"properties":{"price":88800,"use":"\u5cb8\u548c\u7530","zone":"","station":"\u4f4f\u5b85"},"type":"Point","coordinates":[39364,21309],"id":"feature_0589"},{"properties":{"price":94500,"use":"\u5cb8\u548c\u7530","zone":"","station":"\u4f4f\u5b85"},"type":"Point","coordinates":[45609,22668],"id":"feature_0590"},{"properties":{"price":114000,"use":"\u5cb8\u548c\u7530","zone":"","station":"\u4f4f\u5b85"},"type":"Point","coordinates":[43072,23212],"id":"feature_0591"},{"properties":{"price":99900,"use":"\u5cb8\u548c\u7530","zone":"","station":"\u4f4f\u5b85"},"type":"Point","coordinates":[45997,23271],"id":"feature_0592"},{"properties":{"price":97600,"use":"\u5cb8\u548c\u7530","zone":"","station":"\u4f4f\u5b85"},"type":"Point","coordinates":[44424,21191],"id":"feature_0593"},{"properties":{"price":103000,"use":"\u5cb8\u548c\u7530","zone":"","station":"\u4f4f\u5b85"},"type":"Point","coordinates":[44059,22179],"id":"feature_0594"},{"properties":{"price":80400,"use":"\u5cb8\u548c\u7530","zone":"","station":"\u4f4f\u5b85"},"type":"Point","coordinates":[44178,18740],"id":"feature_0595"},{"properties":{"price":117000,"use":"\u5cb8\u548c\u7530","zone":"","station":"\u4f4f\u5b85"},"type":"Point","coordinates":[44716,23889],"id":"feature_0596"},{"properties":{"price":80600,"use":"\u5cb8\u548c\u7530","zone":"","station":"\u4f4f\u5b85"},"type":"Point","coordinates":[46966,21387],"id":"feature_0597"},{"properties":{"price":107000,"use":"\u5cb8\u548c\u7530","zone":"","station":"\u4f4f\u5b85"},"type":"Point","coordinates":[42131,20793],"id":"feature_0598"},{"properties":{"price":75700,"use":"\u5cb8\u548c\u7530","zone":"","station":"\u4f4f\u5b85"},"type":"Point","coordinates":[47843,23060],"id":"feature_0599"},{"properties":{"price":66200,"use":"\u5cb8\u548c\u7530","zone":"","station":"\u4f4f\u5b85"},"type":"Point","coordinates":[45429,17149],"id":"feature_0600"},{"properties":{"price":98000,"use":"\u5cb8\u548c\u7530","zone":"","station":"\u4f4f\u5b85"},"type":"Point","coordinates":[43553,19178],"id":"feature_0601"},{"properties":{"price":91000,"use":"\u5cb8\u548c\u7530","zone":"","station":"\u4f4f\u5b85"},"type":"Point","coordinates":[40461,22254],"id":"feature_0602"},{"properties":{"price":33000,"use":"\u5cb8\u548c\u7530","zone":"","station":"\u4f4f\u5b85"},"type":"Point","coordinates":[45888,17528],"id":"feature_0603"},{"properties":{"price":86200,"use":"\u5cb8\u548c\u7530","zone":"","station":"\u4f4f\u5b85"},"type":"Point","coordinates":[43807,26287],"id":"feature_0604"},{"properties":{"price":86700,"use":"\u5cb8\u548c\u7530","zone":"","station":"\u4f4f\u5b85"},"type":"Point","coordinates":[42803,25195],"id":"feature_0605"},{"properties":{"price":78600,"use":"\u5cb8\u548c\u7530","zone":"","station":"\u4f4f\u5b85"},"type":"Point","coordinates":[45611,19960],"id":"feature_0606"},{"properties":{"price":61000,"use":"\u5cb8\u548c\u7530","zone":"","station":"\u4f4f\u5b85"},"type":"Point","coordinates":[51604,21857],"id":"feature_0607"},{"properties":{"price":63000,"use":"\u5cb8\u548c\u7530","zone":"","station":"\u4f4f\u5b85"},"type":"Point","coordinates":[50036,20716],"id":"feature_0608"},{"properties":{"price":92000,"use":"\u5cb8\u548c\u7530","zone":"","station":"\u4f4f\u5b85"},"type":"Point","coordinates":[41519,22720],"id":"feature_0609"},{"properties":{"price":114000,"use":"\u5cb8\u548c\u7530","zone":"","station":"\u4f4f\u5b85"},"type":"Point","coordinates":[43792,23130],"id":"feature_0610"},{"properties":{"price":30600,"use":"\u5cb8\u548c\u7530","zone":"","station":"\u5e97\u8217\u517c\u4f4f\u5b85"},"type":"Point","coordinates":[48152,18240],"id":"feature_0611"},{"properties":{"price":107000,"use":"\u5cb8\u548c\u7530","zone":"","station":"\u4f4f\u5b85"},"type":"Point","coordinates":[43743,19677],"id":"feature_0612"},{"properties":{"price":98200,"use":"\u5cb8\u548c\u7530","zone":"","station":"\u4f4f\u5b85"},"type":"Point","coordinates":[45719,23858],"id":"feature_0613"},{"properties":{"price":65000,"use":"\u5cb8\u548c\u7530","zone":"","station":"\u4f4f\u5b85"},"type":"Point","coordinates":[50064,21937],"id":"feature_0614"},{"properties":{"price":91600,"use":"\u5cb8\u548c\u7530","zone":"","station":"\u4f4f\u5b85"},"type":"Point","coordinates":[42232,23594],"id":"feature_0615"},{"properties":{"price":91000,"use":"\u5cb8\u548c\u7530","zone":"","station":"\u4f4f\u5b85"},"type":"Point","coordinates":[45731,21723],"id":"feature_0616"},{"properties":{"price":56900,"use":"\u5cb8\u548c\u7530","zone":"","station":"\u4f4f\u5b85"},"type":"Point","coordinates":[50483,20459],"id":"feature_0617"},{"properties":{"price":84800,"use":"\u5cb8\u548c\u7530","zone":"","station":"\u4f4f\u5b85"},"type":"Point","coordinates":[42741,19011],"id":"feature_0618"},{"properties":{"price":128000,"use":"\u5cb8\u548c\u7530","zone":"","station":"\u4f4f\u5b85"},"type":"Point","coordinates":[42665,21238],"id":"feature_0619"},{"properties":{"price":84500,"use":"\u5cb8\u548c\u7530","zone":"","station":"\u4f4f\u5b85"},"type":"Point","coordinates":[44404,18591],"id":"feature_0620"},{"properties":{"price":59800,"use":"\u5cb8\u548c\u7530","zone":"","station":"\u4f4f\u5b85"},"type":"Point","coordinates":[49082,20050],"id":"feature_0621"},{"properties":{"price":90200,"use":"\u5cb8\u548c\u7530","zone":"","station":"\u4f4f\u5b85"},"type":"Point","coordinates":[43589,25184],"id":"feature_0622"},{"properties":{"price":68400,"use":"\u5cb8\u548c\u7530","zone":"","station":"\u4f4f\u5b85"},"type":"Point","coordinates":[48114,21613],"id":"feature_0623"},{"properties":{"price":112000,"use":"\u5cb8\u548c\u7530","zone":"","station":"\u4f4f\u5b85"},"type":"Point","coordinates":[41283,20646],"id":"feature_0624"},{"properties":{"price":106000,"use":"\u5cb8\u548c\u7530","zone":"","station":"\u4f4f\u5b85"},"type":"Point","coordinates":[43702,23862],"id":"feature_0625"},{"properties":{"price":240000,"use":"\u5cb8\u548c\u7530","zone":"","station":"\u5e97\u8217\u517c\u4e8b\u52d9\u6240"},"type":"Point","coordinates":[42290,21597],"id":"feature_0626"},{"properties":{"price":154000,"use":"\u5cb8\u548c\u7530","zone":"","station":"\u5e97\u8217\u517c\u4f4f\u5b85"},"type":"Point","coordinates":[43000,22849],"id":"feature_0627"},{"properties":{"price":116000,"use":"\u5cb8\u548c\u7530","zone":"","station":"\u5e97\u8217\u517c\u4f4f\u5b85"},"type":"Point","coordinates":[46743,22426],"id":"feature_0628"},{"properties":{"price":143000,"use":"\u5cb8\u548c\u7530","zone":"","station":"\u5e97\u8217\u517c\u4e8b\u52d9\u6240"},"type":"Point","coordinates":[42882,20198],"id":"feature_0629"},{"properties":{"price":140000,"use":"\u5cb8\u548c\u7530","zone":"","station":"\u5e97\u8217\u517c\u4e8b\u52d9\u6240"},"type":"Point","coordinates":[43077,21107],"id":"feature_0630"},{"properties":{"price":123000,"use":"\u5cb8\u548c\u7530","zone":"","station":"\u5e97\u8217"},"type":"Point","coordinates":[45309,22612],"id":"feature_0631"},{"properties":{"price":116000,"use":"\u5cb8\u548c\u7530","zone":"","station":"\u4e8b\u52d9\u6240"},"type":"Point","coordinates":[42531,22693],"id":"feature_0632"},{"properties":{"price":60500,"use":"\u5cb8\u548c\u7530","zone":"","station":"\u5009\u5eab"},"type":"Point","coordinates":[42314,24865],"id":"feature_0633"},{"properties":{"price":290000,"use":"\u8c4a\u4e2d","zone":"","station":"\u4f4f\u5b85"},"type":"Point","coordinates":[55616,70235],"id":"feature_0634"},{"properties":{"price":174000,"use":"\u8c4a\u4e2d","zone":"","station":"\u4f4f\u5b85"},"type":"Point","coordinates":[59760,65394],"id":"feature_0635"},{"properties":{"price":293000,"use":"\u8c4a\u4e2d","zone":"","station":"\u4f4f\u5b85"},"type":"Point","coordinates":[60896,70671],"id":"feature_0636"},{"properties":{"price":238000,"use":"\u8c4a\u4e2d","zone":"","station":"\u4f4f\u5b85"},"type":"Point","coordinates":[53507,70923],"id":"feature_0637"},{"properties":{"price":204000,"use":"\u8c4a\u4e2d","zone":"","station":"\u4f4f\u5b85"},"type":"Point","coordinates":[56348,67138],"id":"feature_0638"},{"properties":{"price":194000,"use":"\u8c4a\u4e2d","zone":"","station":"\u4f4f\u5b85"},"type":"Point","coordinates":[56540,73478],"id":"feature_0639"},{"properties":{"price":262000,"use":"\u8c4a\u4e2d","zone":"","station":"\u4f4f\u5b85"},"type":"Point","coordinates":[57055,70236],"id":"feature_0640"},{"properties":{"price":276000,"use":"\u8c4a\u4e2d","zone":"","station":"\u4f4f\u5b85"},"type":"Point","coordinates":[57811,68315],"id":"feature_0641"},{"properties":{"price":232000,"use":"\u8c4a\u4e2d","zone":"","station":"\u4f4f\u5b85"},"type":"Point","coordinates":[58234,73445],"id":"feature_0642"},{"properties":{"price":407000,"use":"\u8c4a\u4e2d","zone":"","station":"\u5171\u540c\u4f4f\u5b85"},"type":"Point","coordinates":[60654,68015],"id":"feature_0643"},{"properties":{"price":225000,"use":"\u8c4a\u4e2d","zone":"","station":"\u4f4f\u5b85"},"type":"Point","coordinates":[55907,69078],"id":"feature_0644"},{"properties":{"price":178000,"use":"\u8c4a\u4e2d","zone":"","station":"\u4f4f\u5b85"},"type":"Point","coordinates":[58556,65938],"id":"feature_0645"},{"properties":{"price":178000,"use":"\u8c4a\u4e2d","zone":"","station":"\u4f4f\u5b85"},"type":"Point","coordinates":[57152,65842],"id":"feature_0646"},{"properties":{"price":156000,"use":"\u8c4a\u4e2d","zone":"","station":"\u4f4f\u5b85"},"type":"Point","coordinates":[55582,65468],"id":"feature_0647"},{"properties":{"price":152000,"use":"\u8c4a\u4e2d","zone":"","station":"\u4f4f\u5b85"},"type":"Point","coordinates":[56851,62217],"id":"feature_0648"},{"properties":{"price":201000,"use":"\u8c4a\u4e2d","zone":"","station":"\u5171\u540c\u4f4f\u5b85"},"type":"Point","coordinates":[57772,64695],"id":"feature_0649"},{"properties":{"price":176000,"use":"\u8c4a\u4e2d","zone":"","station":"\u4f4f\u5b85"},"type":"Point","coordinates":[56829,63868],"id":"feature_0650"},{"properties":{"price":198000,"use":"\u8c4a\u4e2d","zone":"","station":"\u4f4f\u5b85"},"type":"Point","coordinates":[59153,66889],"id":"feature_0651"},{"properties":{"price":166000,"use":"\u8c4a\u4e2d","zone":"","station":"\u4f4f\u5b85"},"type":"Point","coordinates":[59305,70101],"id":"feature_0652"},{"properties":{"price":204000,"use":"\u8c4a\u4e2d","zone":"","station":"\u4f4f\u5b85"},"type":"Point","coordinates":[54550,71794],"id":"feature_0653"},{"properties":{"price":246000,"use":"\u8c4a\u4e2d","zone":"","station":"\u4f4f\u5b85"},"type":"Point","coordinates":[59484,73364],"id":"feature_0654"},{"properties":{"price":324000,"use":"\u8c4a\u4e2d","zone":"","station":"\u4f4f\u5b85"},"type":"Point","coordinates":[60015,73124],"id":"feature_0655"},{"properties":{"price":286000,"use":"\u8c4a\u4e2d","zone":"","station":"\u4f4f\u5b85"},"type":"Point","coordinates":[57155,69959],"id":"feature_0656"},{"properties":{"price":312000,"use":"\u8c4a\u4e2d","zone":"","station":"\u5171\u540c\u4f4f\u5b85"},"type":"Point","coordinates":[58098,72611],"id":"feature_0657"},{"properties":{"price":304000,"use":"\u8c4a\u4e2d","zone":"","station":"\u4f4f\u5b85"},"type":"Point","coordinates":[55616,69483],"id":"feature_0658"},{"properties":{"price":200000,"use":"\u8c4a\u4e2d","zone":"","station":"\u4f4f\u5b85"},"type":"Point","coordinates":[55738,71326],"id":"feature_0659"},{"properties":{"price":200000,"use":"\u8c4a\u4e2d","zone":"","station":"\u4f4f\u5b85"},"type":"Point","coordinates":[58807,68666],"id":"feature_0660"},{"properties":{"price":222000,"use":"\u8c4a\u4e2d","zone":"","station":"\u4f4f\u5b85"},"type":"Point","coordinates":[58757,72144],"id":"feature_0661"},{"properties":{"price":215000,"use":"\u8c4a\u4e2d","zone":"","station":"\u4f4f\u5b85"},"type":"Point","coordinates":[59947,70950],"id":"feature_0662"},{"properties":{"price":228000,"use":"\u8c4a\u4e2d","zone":"","station":"\u4f4f\u5b85"},"type":"Point","coordinates":[61743,75021],"id":"feature_0663"},{"properties":{"price":177000,"use":"\u8c4a\u4e2d","zone":"","station":"\u4f4f\u5b85"},"type":"Point","coordinates":[56929,73364],"id":"feature_0664"},{"properties":{"price":191000,"use":"\u8c4a\u4e2d","zone":"","station":"\u4f4f\u5b85"},"type":"Point","coordinates":[54365,70292],"id":"feature_0665"},{"properties":{"price":234000,"use":"\u8c4a\u4e2d","zone":"","station":"\u4f4f\u5b85"},"type":"Point","coordinates":[57330,71516],"id":"feature_0666"},{"properties":{"price":198000,"use":"\u8c4a\u4e2d","zone":"","station":"\u7a7a\u5730"},"type":"Point","coordinates":[62112,72435],"id":"feature_0667"},{"properties":{"price":254000,"use":"\u8c4a\u4e2d","zone":"","station":"\u4f4f\u5b85"},"type":"Point","coordinates":[56207,68214],"id":"feature_0668"},{"properties":{"price":187000,"use":"\u8c4a\u4e2d","zone":"","station":"\u4f4f\u5b85"},"type":"Point","coordinates":[56097,73254],"id":"feature_0669"},{"properties":{"price":163000,"use":"\u8c4a\u4e2d","zone":"","station":"\u4f4f\u5b85"},"type":"Point","coordinates":[59071,63429],"id":"feature_0670"},{"properties":{"price":220000,"use":"\u8c4a\u4e2d","zone":"","station":"\u4f4f\u5b85"},"type":"Point","coordinates":[58721,67474],"id":"feature_0671"},{"properties":{"price":197000,"use":"\u8c4a\u4e2d","zone":"","station":"\u4f4f\u5b85"},"type":"Point","coordinates":[60280,70581],"id":"feature_0672"},{"properties":{"price":190000,"use":"\u8c4a\u4e2d","zone":"","station":"\u4f4f\u5b85"},"type":"Point","coordinates":[55544,67788],"id":"feature_0673"},{"properties":{"price":167000,"use":"\u8c4a\u4e2d","zone":"","station":"\u4f4f\u5b85"},"type":"Point","coordinates":[54590,66035],"id":"feature_0674"},{"properties":{"price":205000,"use":"\u8c4a\u4e2d","zone":"","station":"\u4f4f\u5b85"},"type":"Point","coordinates":[55511,72652],"id":"feature_0675"},{"properties":{"price":213000,"use":"\u8c4a\u4e2d","zone":"","station":"\u4f4f\u5b85"},"type":"Point","coordinates":[54593,70742],"id":"feature_0676"},{"properties":{"price":178000,"use":"\u8c4a\u4e2d","zone":"","station":"\u4f4f\u5b85"},"type":"Point","coordinates":[57286,74352],"id":"feature_0677"},{"properties":{"price":204000,"use":"\u8c4a\u4e2d","zone":"","station":"\u4f4f\u5b85"},"type":"Point","coordinates":[55669,72214],"id":"feature_0678"},{"properties":{"price":231000,"use":"\u8c4a\u4e2d","zone":"","station":"\u4f4f\u5b85"},"type":"Point","coordinates":[58159,71920],"id":"feature_0679"},{"properties":{"price":300000,"use":"\u8c4a\u4e2d","zone":"","station":"\u4f4f\u5b85"},"type":"Point","coordinates":[57596,69023],"id":"feature_0680"},{"properties":{"price":255000,"use":"\u8c4a\u4e2d","zone":"","station":"\u4f4f\u5b85"},"type":"Point","coordinates":[56956,68346],"id":"feature_0681"},{"properties":{"price":176000,"use":"\u8c4a\u4e2d","zone":"","station":"\u4f4f\u5b85"},"type":"Point","coordinates":[56696,72403],"id":"feature_0682"},{"properties":{"price":215000,"use":"\u8c4a\u4e2d","zone":"","station":"\u4f4f\u5b85"},"type":"Point","coordinates":[59825,71927],"id":"feature_0683"},{"properties":{"price":230000,"use":"\u8c4a\u4e2d","zone":"","station":"\u4f4f\u5b85"},"type":"Point","coordinates":[57614,66673],"id":"feature_0684"},{"properties":{"price":204000,"use":"\u8c4a\u4e2d","zone":"","station":"\u4f4f\u5b85"},"type":"Point","coordinates":[54841,69508],"id":"feature_0685"},{"properties":{"price":159000,"use":"\u8c4a\u4e2d","zone":"","station":"\u4f4f\u5b85"},"type":"Point","coordinates":[53102,70465],"id":"feature_0686"},{"properties":{"price":159000,"use":"\u8c4a\u4e2d","zone":"","station":"\u4f4f\u5b85"},"type":"Point","coordinates":[59599,64694],"id":"feature_0687"},{"properties":{"price":321000,"use":"\u8c4a\u4e2d","zone":"","station":"\u4f4f\u5b85"},"type":"Point","coordinates":[62013,74014],"id":"feature_0688"},{"properties":{"price":730000,"use":"\u8c4a\u4e2d","zone":"","station":"\u5e97\u8217\u517c\u4e8b\u52d9\u6240"},"type":"Point","coordinates":[56015,70043],"id":"feature_0689"},{"properties":{"price":295000,"use":"\u8c4a\u4e2d","zone":"","station":"\u5e97\u8217\u517c\u8a3a\u7642\u6240"},"type":"Point","coordinates":[56441,68858],"id":"feature_0690"},{"properties":{"price":420000,"use":"\u8c4a\u4e2d","zone":"","station":"\u4e8b\u52d9\u6240"},"type":"Point","coordinates":[57042,69163],"id":"feature_0691"},{"properties":{"price":364000,"use":"\u8c4a\u4e2d","zone":"","station":"\u5e97\u8217\u517c\u4f4f\u5b85"},"type":"Point","coordinates":[58159,66488],"id":"feature_0692"},{"properties":{"price":426000,"use":"\u8c4a\u4e2d","zone":"","station":"\u5e97\u8217\u517c\u4e8b\u52d9\u6240"},"type":"Point","coordinates":[57955,64356],"id":"feature_0693"},{"properties":{"price":2050000,"use":"\u8c4a\u4e2d","zone":"","station":"\u5e97\u8217"},"type":"Point","coordinates":[61428,73255],"id":"feature_0694"},{"properties":{"price":530000,"use":"\u8c4a\u4e2d","zone":"","station":"\u5e97\u8217\u517c\u4e8b\u52d9\u6240"},"type":"Point","coordinates":[61208,68105],"id":"feature_0695"},{"properties":{"price":259000,"use":"\u8c4a\u4e2d","zone":"","station":"\u5e97\u8217"},"type":"Point","coordinates":[58810,71359],"id":"feature_0696"},{"properties":{"price":342000,"use":"\u8c4a\u4e2d","zone":"","station":"\u5e97\u8217\u517c\u4e8b\u52d9\u6240"},"type":"Point","coordinates":[53745,71202],"id":"feature_0697"},{"properties":{"price":286000,"use":"\u8c4a\u4e2d","zone":"","station":"\u5e97\u8217\u517c\u4e8b\u52d9\u6240"},"type":"Point","coordinates":[56674,67685],"id":"feature_0698"},{"properties":{"price":225000,"use":"\u8c4a\u4e2d","zone":"","station":"\u5e97\u8217\u517c\u4e8b\u52d9\u6240"},"type":"Point","coordinates":[56902,65543],"id":"feature_0699"},{"properties":{"price":155000,"use":"\u8c4a\u4e2d","zone":"","station":"\u5009\u5eab\u517c\u4f5c\u696d\u6240"},"type":"Point","coordinates":[54870,66423],"id":"feature_0700"},{"properties":{"price":157000,"use":"\u8c4a\u4e2d","zone":"","station":"\u5009\u5eab\u3001\u4e8b\u52d9\u6240\u517c\u4f4f\u5b85"},"type":"Point","coordinates":[55634,65065],"id":"feature_0701"},{"properties":{"price":139000,"use":"\u8c4a\u4e2d","zone":"","station":"\u5de5\u5834\u517c\u4e8b\u52d9\u6240"},"type":"Point","coordinates":[53902,69560],"id":"feature_0702"},{"properties":{"price":146000,"use":"\u8c4a\u4e2d","zone":"","station":"\u4e8b\u52d9\u6240\u517c\u5009\u5eab"},"type":"Point","coordinates":[55979,63786],"id":"feature_0703"},{"properties":{"price":210000,"use":"\u6c60\u7530","zone":"","station":"\u4f4f\u5b85"},"type":"Point","coordinates":[50720,74325],"id":"feature_0704"},{"properties":{"price":139000,"use":"\u6c60\u7530","zone":"","station":"\u4f4f\u5b85"},"type":"Point","coordinates":[49694,72966],"id":"feature_0705"},{"properties":{"price":189000,"use":"\u6c60\u7530","zone":"","station":"\u4f4f\u5b85"},"type":"Point","coordinates":[49370,73756],"id":"feature_0706"},{"properties":{"price":214000,"use":"\u6c60\u7530","zone":"","station":"\u4f4f\u5b85"},"type":"Point","coordinates":[52826,73803],"id":"feature_0707"},{"properties":{"price":197000,"use":"\u6c60\u7530","zone":"","station":"\u4f4f\u5b85"},"type":"Point","coordinates":[51867,74933],"id":"feature_0708"},{"properties":{"price":65500,"use":"\u6c60\u7530","zone":"","station":"\u4f4f\u5b85"},"type":"Point","coordinates":[52072,80555],"id":"feature_0709"},{"properties":{"price":331000,"use":"\u6c60\u7530","zone":"","station":"\u4f4f\u5b85"},"type":"Point","coordinates":[50594,74944],"id":"feature_0710"},{"properties":{"price":188000,"use":"\u6c60\u7530","zone":"","station":"\u4f4f\u5b85"},"type":"Point","coordinates":[52994,72020],"id":"feature_0711"},{"properties":{"price":200000,"use":"\u6c60\u7530","zone":"","station":"\u4f4f\u5b85"},"type":"Point","coordinates":[51649,72944],"id":"feature_0712"},{"properties":{"price":240000,"use":"\u6c60\u7530","zone":"","station":"\u4f4f\u5b85"},"type":"Point","coordinates":[50448,75618],"id":"feature_0713"},{"properties":{"price":202000,"use":"\u6c60\u7530","zone":"","station":"\u4f4f\u5b85"},"type":"Point","coordinates":[53766,74987],"id":"feature_0714"},{"properties":{"price":225000,"use":"\u6c60\u7530","zone":"","station":"\u4f4f\u5b85"},"type":"Point","coordinates":[49548,74468],"id":"feature_0715"},{"properties":{"price":40100,"use":"\u6c60\u7530","zone":"","station":"\u4f4f\u5b85"},"type":"Point","coordinates":[51555,79903],"id":"feature_0716"},{"properties":{"price":365000,"use":"\u6c60\u7530","zone":"","station":"\u5171\u540c\u4f4f\u5b85"},"type":"Point","coordinates":[50240,74560],"id":"feature_0717"},{"properties":{"price":179000,"use":"\u6c60\u7530","zone":"","station":"\u4f4f\u5b85"},"type":"Point","coordinates":[48841,74977],"id":"feature_0718"},{"properties":{"price":147000,"use":"\u6c60\u7530","zone":"","station":"\u4f4f\u5b85"},"type":"Point","coordinates":[53161,75870],"id":"feature_0719"},{"properties":{"price":174000,"use":"\u6c60\u7530","zone":"","station":"\u4f4f\u5b85"},"type":"Point","coordinates":[49772,73665],"id":"feature_0720"},{"properties":{"price":238000,"use":"\u6c60\u7530","zone":"","station":"\u4f4f\u5b85"},"type":"Point","coordinates":[53638,72704],"id":"feature_0721"},{"properties":{"price":191000,"use":"\u6c60\u7530","zone":"","station":"\u4f4f\u5b85"},"type":"Point","coordinates":[52165,75552],"id":"feature_0722"},{"properties":{"price":168000,"use":"\u6c60\u7530","zone":"","station":"\u4f4f\u5b85"},"type":"Point","coordinates":[51911,72231],"id":"feature_0723"},{"properties":{"price":630000,"use":"\u6c60\u7530","zone":"","station":"\u9280\u884c"},"type":"Point","coordinates":[49866,75126],"id":"feature_0724"},{"properties":{"price":366000,"use":"\u6c60\u7530","zone":"","station":"\u5e97\u8217\u517c\u4e8b\u52d9\u6240"},"type":"Point","coordinates":[52922,72950],"id":"feature_0725"},{"properties":{"price":368000,"use":"\u6c60\u7530","zone":"","station":"\u5e97\u8217\u3001\u4e8b\u52d9\u6240\u517c\u4f4f\u5b85"},"type":"Point","coordinates":[49725,74872],"id":"feature_0726"},{"properties":{"price":313000,"use":"\u6c60\u7530","zone":"","station":"\u4e8b\u52d9\u6240\u517c\u5171\u540c\u4f4f\u5b85"},"type":"Point","coordinates":[50105,75269],"id":"feature_0727"},{"properties":{"price":217000,"use":"\u5439\u7530","zone":"","station":"\u4f4f\u5b85"},"type":"Point","coordinates":[64451,68453],"id":"feature_0728"},{"properties":{"price":198000,"use":"\u5439\u7530","zone":"","station":"\u4f4f\u5b85"},"type":"Point","coordinates":[63947,65935],"id":"feature_0729"},{"properties":{"price":175000,"use":"\u5439\u7530","zone":"","station":"\u4f4f\u5b85"},"type":"Point","coordinates":[68417,67735],"id":"feature_0730"},{"properties":{"price":245000,"use":"\u5439\u7530","zone":"","station":"\u4f4f\u5b85"},"type":"Point","coordinates":[63129,67244],"id":"feature_0731"},{"properties":{"price":228000,"use":"\u5439\u7530","zone":"","station":"\u4f4f\u5b85"},"type":"Point","coordinates":[64095,66948],"id":"feature_0732"},{"properties":{"price":214000,"use":"\u5439\u7530","zone":"","station":"\u5171\u540c\u4f4f\u5b85"},"type":"Point","coordinates":[62507,64770],"id":"feature_0733"},{"properties":{"price":161000,"use":"\u5439\u7530","zone":"","station":"\u4f4f\u5b85"},"type":"Point","coordinates":[66876,68839],"id":"feature_0734"},{"properties":{"price":288000,"use":"\u5439\u7530","zone":"","station":"\u4f4f\u5b85"},"type":"Point","coordinates":[62691,68221],"id":"feature_0735"},{"properties":{"price":351000,"use":"\u5439\u7530","zone":"","station":"\u5171\u540c\u4f4f\u5b85"},"type":"Point","coordinates":[62445,70535],"id":"feature_0736"},{"properties":{"price":211000,"use":"\u5439\u7530","zone":"","station":"\u4f4f\u5b85"},"type":"Point","coordinates":[69171,70544],"id":"feature_0737"},{"properties":{"price":214000,"use":"\u5439\u7530","zone":"","station":"\u4f4f\u5b85"},"type":"Point","coordinates":[63872,65192],"id":"feature_0738"},{"properties":{"price":260000,"use":"\u5439\u7530","zone":"","station":"\u4f4f\u5b85"},"type":"Point","coordinates":[66899,66171],"id":"feature_0739"},{"properties":{"price":198000,"use":"\u5439\u7530","zone":"","station":"\u4f4f\u5b85"},"type":"Point","coordinates":[63550,69583],"id":"feature_0740"},{"properties":{"price":221000,"use":"\u5439\u7530","zone":"","station":"\u4f4f\u5b85"},"type":"Point","coordinates":[62824,66333],"id":"feature_0741"},{"properties":{"price":225000,"use":"\u5439\u7530","zone":"","station":"\u4f4f\u5b85"},"type":"Point","coordinates":[62561,65218],"id":"feature_0742"},{"properties":{"price":214000,"use":"\u5439\u7530","zone":"","station":"\u4f4f\u5b85"},"type":"Point","coordinates":[60726,65880],"id":"feature_0743"},{"properties":{"price":224000,"use":"\u5439\u7530","zone":"","station":"\u4f4f\u5b85"},"type":"Point","coordinates":[64365,71992],"id":"feature_0744"},{"properties":{"price":230000,"use":"\u5439\u7530","zone":"","station":"\u4f4f\u5b85"},"type":"Point","coordinates":[64000,68793],"id":"feature_0745"},{"properties":{"price":165000,"use":"\u5439\u7530","zone":"","station":"\u4f4f\u5b85"},"type":"Point","coordinates":[68856,68917],"id":"feature_0746"},{"properties":{"price":275000,"use":"\u5439\u7530","zone":"","station":"\u4f4f\u5b85"},"type":"Point","coordinates":[62674,69224],"id":"feature_0747"},{"properties":{"price":287000,"use":"\u5439\u7530","zone":"","station":"\u4f4f\u5b85"},"type":"Point","coordinates":[62745,70437],"id":"feature_0748"},{"properties":{"price":206000,"use":"\u5439\u7530","zone":"","station":"\u5171\u540c\u4f4f\u5b85"},"type":"Point","coordinates":[65123,68861],"id":"feature_0749"},{"properties":{"price":199000,"use":"\u5439\u7530","zone":"","station":"\u4f4f\u5b85"},"type":"Point","coordinates":[65256,71213],"id":"feature_0750"},{"properties":{"price":255000,"use":"\u5439\u7530","zone":"","station":"\u4f4f\u5b85"},"type":"Point","coordinates":[64698,71989],"id":"feature_0751"},{"properties":{"price":207000,"use":"\u5439\u7530","zone":"","station":"\u4f4f\u5b85"},"type":"Point","coordinates":[65681,69601],"id":"feature_0752"},{"properties":{"price":194000,"use":"\u5439\u7530","zone":"","station":"\u4f4f\u5b85"},"type":"Point","coordinates":[64741,65061],"id":"feature_0753"},{"properties":{"price":192000,"use":"\u5439\u7530","zone":"","station":"\u4f4f\u5b85"},"type":"Point","coordinates":[67925,66718],"id":"feature_0754"},{"properties":{"price":198000,"use":"\u5439\u7530","zone":"","station":"\u4f4f\u5b85"},"type":"Point","coordinates":[65510,67446],"id":"feature_0755"},{"properties":{"price":177000,"use":"\u5439\u7530","zone":"","station":"\u4f4f\u5b85"},"type":"Point","coordinates":[68133,71343],"id":"feature_0756"},{"properties":{"price":267000,"use":"\u5439\u7530","zone":"","station":"\u4f4f\u5b85"},"type":"Point","coordinates":[62039,71258],"id":"feature_0757"},{"properties":{"price":287000,"use":"\u5439\u7530","zone":"","station":"\u4f4f\u5b85"},"type":"Point","coordinates":[66553,66455],"id":"feature_0758"},{"properties":{"price":199000,"use":"\u5439\u7530","zone":"","station":"\u4f4f\u5b85"},"type":"Point","coordinates":[65131,70328],"id":"feature_0759"},{"properties":{"price":198000,"use":"\u5439\u7530","zone":"","station":"\u4f4f\u5b85"},"type":"Point","coordinates":[62066,75078],"id":"feature_0760"},{"properties":{"price":178000,"use":"\u5439\u7530","zone":"","station":"\u4f4f\u5b85"},"type":"Point","coordinates":[70081,67562],"id":"feature_0761"},{"properties":{"price":230000,"use":"\u5439\u7530","zone":"","station":"\u4f4f\u5b85"},"type":"Point","coordinates":[63941,75390],"id":"feature_0762"},{"properties":{"price":197000,"use":"\u5439\u7530","zone":"","station":"\u4f4f\u5b85"},"type":"Point","coordinates":[64298,69598],"id":"feature_0763"},{"properties":{"price":289000,"use":"\u5439\u7530","zone":"","station":"\u4f4f\u5b85"},"type":"Point","coordinates":[62049,68062],"id":"feature_0764"},{"properties":{"price":196000,"use":"\u5439\u7530","zone":"","station":"\u4f4f\u5b85"},"type":"Point","coordinates":[61334,69274],"id":"feature_0765"},{"properties":{"price":220000,"use":"\u5439\u7530","zone":"","station":"\u4f4f\u5b85"},"type":"Point","coordinates":[63640,73249],"id":"feature_0766"},{"properties":{"price":243000,"use":"\u5439\u7530","zone":"","station":"\u4f4f\u5b85"},"type":"Point","coordinates":[63417,68118],"id":"feature_0767"},{"properties":{"price":214000,"use":"\u5439\u7530","zone":"","station":"\u4f4f\u5b85"},"type":"Point","coordinates":[61444,66976],"id":"feature_0768"},{"properties":{"price":271000,"use":"\u5439\u7530","zone":"","station":"\u5171\u540c\u4f4f\u5b85"},"type":"Point","coordinates":[65226,72583],"id":"feature_0769"},{"properties":{"price":196000,"use":"\u5439\u7530","zone":"","station":"\u4f4f\u5b85"},"type":"Point","coordinates":[70546,72704],"id":"feature_0770"},{"properties":{"price":197000,"use":"\u5439\u7530","zone":"","station":"\u4f4f\u5b85"},"type":"Point","coordinates":[67208,70152],"id":"feature_0771"},{"properties":{"price":188000,"use":"\u5439\u7530","zone":"","station":"\u4f4f\u5b85"},"type":"Point","coordinates":[66821,67838],"id":"feature_0772"},{"properties":{"price":226000,"use":"\u5439\u7530","zone":"","station":"\u4f4f\u5b85"},"type":"Point","coordinates":[64695,65636],"id":"feature_0773"},{"properties":{"price":202000,"use":"\u5439\u7530","zone":"","station":"\u4f4f\u5b85"},"type":"Point","coordinates":[65817,65671],"id":"feature_0774"},{"properties":{"price":220000,"use":"\u5439\u7530","zone":"","station":"\u4f4f\u5b85"},"type":"Point","coordinates":[70265,71440],"id":"feature_0775"},{"properties":{"price":225000,"use":"\u5439\u7530","zone":"","station":"\u4f4f\u5b85"},"type":"Point","coordinates":[70592,71265],"id":"feature_0776"},{"properties":{"price":187000,"use":"\u5439\u7530","zone":"","station":"\u4f4f\u5b85"},"type":"Point","coordinates":[63202,64459],"id":"feature_0777"},{"properties":{"price":295000,"use":"\u5439\u7530","zone":"","station":"\u5171\u540c\u4f4f\u5b85"},"type":"Point","coordinates":[63306,68995],"id":"feature_0778"},{"properties":{"price":199000,"use":"\u5439\u7530","zone":"","station":"\u4f4f\u5b85"},"type":"Point","coordinates":[69261,71071],"id":"feature_0779"},{"properties":{"price":223000,"use":"\u5439\u7530","zone":"","station":"\u4f4f\u5b85"},"type":"Point","coordinates":[61987,69057],"id":"feature_0780"},{"properties":{"price":209000,"use":"\u5439\u7530","zone":"","station":"\u5171\u540c\u4f4f\u5b85"},"type":"Point","coordinates":[66553,70062],"id":"feature_0781"},{"properties":{"price":170000,"use":"\u5439\u7530","zone":"","station":"\u4f4f\u5b85"},"type":"Point","coordinates":[68613,66735],"id":"feature_0782"},{"properties":{"price":180000,"use":"\u5439\u7530","zone":"","station":"\u4f4f\u5b85"},"type":"Point","coordinates":[60078,65342],"id":"feature_0783"},{"properties":{"price":507000,"use":"\u5439\u7530","zone":"","station":"\u5e97\u8217\u517c\u4e8b\u52d9\u6240"},"type":"Point","coordinates":[66106,66243],"id":"feature_0784"},{"properties":{"price":2230000,"use":"\u5439\u7530","zone":"","station":"\u4e8b\u52d9\u6240\u517c\u5e97\u8217"},"type":"Point","coordinates":[61400,65587],"id":"feature_0785"},{"properties":{"price":312000,"use":"\u5439\u7530","zone":"","station":"\u5e97\u8217\u517c\u4e8b\u52d9\u6240"},"type":"Point","coordinates":[63591,66520],"id":"feature_0786"},{"properties":{"price":226000,"use":"\u5439\u7530","zone":"","station":"\u5e97\u8217\u517c\u4f4f\u5b85"},"type":"Point","coordinates":[69028,68323],"id":"feature_0787"},{"properties":{"price":1110000,"use":"\u5439\u7530","zone":"","station":"\u5e97\u8217\u517c\u5171\u540c\u4f4f\u5b85"},"type":"Point","coordinates":[61990,65899],"id":"feature_0788"},{"properties":{"price":670000,"use":"\u5439\u7530","zone":"","station":"\u5e97\u8217\u3001\u4e8b\u52d9\u6240\u517c\u30db\u30c6\u30eb"},"type":"Point","coordinates":[63458,70933],"id":"feature_0789"},{"properties":{"price":1550000,"use":"\u5439\u7530","zone":"","station":"\u5e97\u8217\u517c\u5171\u540c\u4f4f\u5b85"},"type":"Point","coordinates":[61874,65591],"id":"feature_0790"},{"properties":{"price":246000,"use":"\u5439\u7530","zone":"","station":"\u5e97\u8217\u517c\u5de5\u5834"},"type":"Point","coordinates":[62809,72540],"id":"feature_0791"},{"properties":{"price":257000,"use":"\u5439\u7530","zone":"","station":"\u5e97\u8217\u517c\u4f4f\u5b85"},"type":"Point","coordinates":[62346,70947],"id":"feature_0792"},{"properties":{"price":235000,"use":"\u5439\u7530","zone":"","station":"\u5e97\u8217\u517c\u5171\u540c\u4f4f\u5b85"},"type":"Point","coordinates":[65715,72064],"id":"feature_0793"},{"properties":{"price":290000,"use":"\u5439\u7530","zone":"","station":"\u4e8b\u52d9\u6240"},"type":"Point","coordinates":[65523,65522],"id":"feature_0794"},{"properties":{"price":460000,"use":"\u5439\u7530","zone":"","station":"\u5e97\u8217\u3001\u4f1a\u9928\u517c\u99d0\u8eca\u5834"},"type":"Point","coordinates":[63086,68724],"id":"feature_0795"},{"properties":{"price":196000,"use":"\u5439\u7530","zone":"","station":"\u5e97\u8217\u517c\u5171\u540c\u4f4f\u5b85"},"type":"Point","coordinates":[68509,68685],"id":"feature_0796"},{"properties":{"price":170000,"use":"\u5439\u7530","zone":"","station":"\u5009\u5eab\u517c\u4e8b\u52d9\u6240"},"type":"Point","coordinates":[64351,65292],"id":"feature_0797"},{"properties":{"price":103000,"use":"\u6cc9\u5927\u6d25","zone":"","station":"\u4f4f\u5b85"},"type":"Point","coordinates":[47499,29213],"id":"feature_0798"},{"properties":{"price":97800,"use":"\u6cc9\u5927\u6d25","zone":"","station":"\u4f4f\u5b85"},"type":"Point","coordinates":[49180,29935],"id":"feature_0799"},{"properties":{"price":128000,"use":"\u6cc9\u5927\u6d25","zone":"","station":"\u4f4f\u5b85"},"type":"Point","coordinates":[49279,28542],"id":"feature_0800"},{"properties":{"price":109000,"use":"\u6cc9\u5927\u6d25","zone":"","station":"\u4f4f\u5b85"},"type":"Point","coordinates":[48632,28069],"id":"feature_0801"},{"properties":{"price":96400,"use":"\u6cc9\u5927\u6d25","zone":"","station":"\u4f4f\u5b85"},"type":"Point","coordinates":[45752,27776],"id":"feature_0802"},{"properties":{"price":93200,"use":"\u6cc9\u5927\u6d25","zone":"","station":"\u4f4f\u5b85"},"type":"Point","coordinates":[48846,27397],"id":"feature_0803"},{"properties":{"price":102000,"use":"\u6cc9\u5927\u6d25","zone":"","station":"\u4f4f\u5b85"},"type":"Point","coordinates":[48012,26321],"id":"feature_0804"},{"properties":{"price":133000,"use":"\u6cc9\u5927\u6d25","zone":"","station":"\u4f4f\u5b85"},"type":"Point","coordinates":[47094,28056],"id":"feature_0805"},{"properties":{"price":99500,"use":"\u6cc9\u5927\u6d25","zone":"","station":"\u4f4f\u5b85"},"type":"Point","coordinates":[50279,28986],"id":"feature_0806"},{"properties":{"price":115000,"use":"\u6cc9\u5927\u6d25","zone":"","station":"\u4f4f\u5b85"},"type":"Point","coordinates":[48831,28918],"id":"feature_0807"},{"properties":{"price":103000,"use":"\u6cc9\u5927\u6d25","zone":"","station":"\u4f4f\u5b85"},"type":"Point","coordinates":[45947,28166],"id":"feature_0808"},{"properties":{"price":95000,"use":"\u6cc9\u5927\u6d25","zone":"","station":"\u4f4f\u5b85"},"type":"Point","coordinates":[47260,28791],"id":"feature_0809"},{"properties":{"price":170000,"use":"\u6cc9\u5927\u6d25","zone":"","station":"\u5e97\u8217"},"type":"Point","coordinates":[46682,28071],"id":"feature_0810"},{"properties":{"price":117000,"use":"\u6cc9\u5927\u6d25","zone":"","station":"\u5e97\u8217\u517c\u5171\u540c\u4f4f\u5b85"},"type":"Point","coordinates":[49544,26215],"id":"feature_0811"},{"properties":{"price":130000,"use":"\u6cc9\u5927\u6d25","zone":"","station":"\u5e97\u8217"},"type":"Point","coordinates":[49774,26748],"id":"feature_0812"},{"properties":{"price":116000,"use":"\u6cc9\u5927\u6d25","zone":"","station":"\u5e97\u8217"},"type":"Point","coordinates":[48422,26191],"id":"feature_0813"},{"properties":{"price":130000,"use":"\u6cc9\u5927\u6d25","zone":"","station":"\u5e97\u8217"},"type":"Point","coordinates":[47545,27367],"id":"feature_0814"},{"properties":{"price":51800,"use":"\u6cc9\u5927\u6d25","zone":"","station":"\u5009\u5eab"},"type":"Point","coordinates":[48030,30288],"id":"feature_0815"},{"properties":{"price":135000,"use":"\u9ad8\u69fb","zone":"","station":"\u4f4f\u5b85"},"type":"Point","coordinates":[76145,79445],"id":"feature_0816"},{"properties":{"price":211000,"use":"\u9ad8\u69fb","zone":"","station":"\u4f4f\u5b85"},"type":"Point","coordinates":[81132,80507],"id":"feature_0817"},{"properties":{"price":162000,"use":"\u9ad8\u69fb","zone":"","station":"\u4f4f\u5b85"},"type":"Point","coordinates":[84878,78930],"id":"feature_0818"},{"properties":{"price":173000,"use":"\u9ad8\u69fb","zone":"","station":"\u4f4f\u5b85"},"type":"Point","coordinates":[82529,77321],"id":"feature_0819"},{"properties":{"price":189000,"use":"\u9ad8\u69fb","zone":"","station":"\u4f4f\u5b85"},"type":"Point","coordinates":[77187,75242],"id":"feature_0820"},{"properties":{"price":213000,"use":"\u9ad8\u69fb","zone":"","station":"\u4f4f\u5b85"},"type":"Point","coordinates":[77923,77088],"id":"feature_0821"},{"properties":{"price":166000,"use":"\u9ad8\u69fb","zone":"","station":"\u4f4f\u5b85"},"type":"Point","coordinates":[79350,77688],"id":"feature_0822"},{"properties":{"price":122000,"use":"\u9ad8\u69fb","zone":"","station":"\u4f4f\u5b85"},"type":"Point","coordinates":[76306,81053],"id":"feature_0823"},{"properties":{"price":127000,"use":"\u9ad8\u69fb","zone":"","station":"\u4f4f\u5b85"},"type":"Point","coordinates":[80835,82378],"id":"feature_0824"},{"properties":{"price":184000,"use":"\u9ad8\u69fb","zone":"","station":"\u4f4f\u5b85"},"type":"Point","coordinates":[76872,78037],"id":"feature_0825"},{"properties":{"price":107000,"use":"\u9ad8\u69fb","zone":"","station":"\u4f4f\u5b85"},"type":"Point","coordinates":[79339,83119],"id":"feature_0826"},{"properties":{"price":166000,"use":"\u9ad8\u69fb","zone":"","station":"\u4f4f\u5b85"},"type":"Point","coordinates":[77630,75935],"id":"feature_0827"},{"properties":{"price":144000,"use":"\u9ad8\u69fb","zone":"","station":"\u4f4f\u5b85"},"type":"Point","coordinates":[80638,76068],"id":"feature_0828"},{"properties":{"price":154000,"use":"\u9ad8\u69fb","zone":"","station":"\u4f4f\u5b85"},"type":"Point","coordinates":[89159,81697],"id":"feature_0829"},{"properties":{"price":159000,"use":"\u9ad8\u69fb","zone":"","station":"\u4f4f\u5b85"},"type":"Point","coordinates":[78132,75376],"id":"feature_0830"},{"properties":{"price":202000,"use":"\u9ad8\u69fb","zone":"","station":"\u4f4f\u5b85"},"type":"Point","coordinates":[80864,78174],"id":"feature_0831"},{"properties":{"price":172000,"use":"\u9ad8\u69fb","zone":"","station":"\u4f4f\u5b85"},"type":"Point","coordinates":[79134,78915],"id":"feature_0832"},{"properties":{"price":121000,"use":"\u9ad8\u69fb","zone":"","station":"\u4f4f\u5b85"},"type":"Point","coordinates":[74458,79636],"id":"feature_0833"},{"properties":{"price":248000,"use":"\u9ad8\u69fb","zone":"","station":"\u4f4f\u5b85"},"type":"Point","coordinates":[80292,79847],"id":"feature_0834"},{"properties":{"price":170000,"use":"\u9ad8\u69fb","zone":"","station":"\u4f4f\u5b85"},"type":"Point","coordinates":[84937,80484],"id":"feature_0835"},{"properties":{"price":180000,"use":"\u9ad8\u69fb","zone":"","station":"\u4f4f\u5b85"},"type":"Point","coordinates":[79165,80272],"id":"feature_0836"},{"properties":{"price":111000,"use":"\u9ad8\u69fb","zone":"","station":"\u4f4f\u5b85"},"type":"Point","coordinates":[78678,70578],"id":"feature_0837"},{"properties":{"price":146000,"use":"\u9ad8\u69fb","zone":"","station":"\u4f4f\u5b85"},"type":"Point","coordinates":[78392,78995],"id":"feature_0838"},{"properties":{"price":150000,"use":"\u9ad8\u69fb","zone":"","station":"\u4f4f\u5b85"},"type":"Point","coordinates":[83864,77760],"id":"feature_0839"},{"properties":{"price":154000,"use":"\u9ad8\u69fb","zone":"","station":"\u4f4f\u5b85"},"type":"Point","coordinates":[80136,81930],"id":"feature_0840"},{"properties":{"price":145000,"use":"\u9ad8\u69fb","zone":"","station":"\u4f4f\u5b85"},"type":"Point","coordinates":[79905,80913],"id":"feature_0841"},{"properties":{"price":162000,"use":"\u9ad8\u69fb","zone":"","station":"\u4f4f\u5b85"},"type":"Point","coordinates":[82295,81200],"id":"feature_0842"},{"properties":{"price":195000,"use":"\u9ad8\u69fb","zone":"","station":"\u4f4f\u5b85"},"type":"Point","coordinates":[83454,78282],"id":"feature_0843"},{"properties":{"price":121000,"use":"\u9ad8\u69fb","zone":"","station":"\u4f4f\u5b85"},"type":"Point","coordinates":[83321,75311],"id":"feature_0844"},{"properties":{"price":158000,"use":"\u9ad8\u69fb","zone":"","station":"\u4f4f\u5b85"},"type":"Point","coordinates":[80674,77480],"id":"feature_0845"},{"properties":{"price":195000,"use":"\u9ad8\u69fb","zone":"","station":"\u4f4f\u5b85"},"type":"Point","coordinates":[76408,77123],"id":"feature_0846"},{"properties":{"price":67500,"use":"\u9ad8\u69fb","zone":"","station":"\u4f4f\u5b85"},"type":"Point","coordinates":[77397,81679],"id":"feature_0847"},{"properties":{"price":93800,"use":"\u9ad8\u69fb","zone":"","station":"\u4f4f\u5b85"},"type":"Point","coordinates":[81568,82885],"id":"feature_0848"},{"properties":{"price":59700,"use":"\u9ad8\u69fb","zone":"","station":"\u4f4f\u5b85"},"type":"Point","coordinates":[79311,70578],"id":"feature_0849"},{"properties":{"price":173000,"use":"\u9ad8\u69fb","zone":"","station":"\u4f4f\u5b85"},"type":"Point","coordinates":[81068,81183],"id":"feature_0850"},{"properties":{"price":57300,"use":"\u9ad8\u69fb","zone":"","station":"\u4f4f\u5b85"},"type":"Point","coordinates":[80518,73856],"id":"feature_0851"},{"properties":{"price":148000,"use":"\u9ad8\u69fb","zone":"","station":"\u4f4f\u5b85"},"type":"Point","coordinates":[75957,78416],"id":"feature_0852"},{"properties":{"price":135000,"use":"\u9ad8\u69fb","zone":"","station":"\u4f4f\u5b85"},"type":"Point","coordinates":[77827,80910],"id":"feature_0853"},{"properties":{"price":123000,"use":"\u9ad8\u69fb","zone":"","station":"\u4f4f\u5b85"},"type":"Point","coordinates":[83928,75229],"id":"feature_0854"},{"properties":{"price":161000,"use":"\u9ad8\u69fb","zone":"","station":"\u4f4f\u5b85"},"type":"Point","coordinates":[79154,75431],"id":"feature_0855"},{"properties":{"price":121000,"use":"\u9ad8\u69fb","zone":"","station":"\u4f4f\u5b85"},"type":"Point","coordinates":[84656,80739],"id":"feature_0856"},{"properties":{"price":260000,"use":"\u9ad8\u69fb","zone":"","station":"\u4f4f\u5b85"},"type":"Point","coordinates":[82459,79803],"id":"feature_0857"},{"properties":{"price":291000,"use":"\u9ad8\u69fb","zone":"","station":"\u5171\u540c\u4f4f\u5b85"},"type":"Point","coordinates":[80584,79941],"id":"feature_0858"},{"properties":{"price":242000,"use":"\u9ad8\u69fb","zone":"","station":"\u4f4f\u5b85"},"type":"Point","coordinates":[83518,79616],"id":"feature_0859"},{"properties":{"price":675000,"use":"\u9ad8\u69fb","zone":"","station":"\u5e97\u8217\u517c\u4e8b\u52d9\u6240"},"type":"Point","coordinates":[82355,79073],"id":"feature_0860"},{"properties":{"price":473000,"use":"\u9ad8\u69fb","zone":"","station":"\u5e97\u8217\u517c\u4e8b\u52d9\u6240"},"type":"Point","coordinates":[81881,79265],"id":"feature_0861"},{"properties":{"price":258000,"use":"\u9ad8\u69fb","zone":"","station":"\u5e97\u8217\u517c\u4f4f\u5b85"},"type":"Point","coordinates":[77528,77010],"id":"feature_0862"},{"properties":{"price":335000,"use":"\u9ad8\u69fb","zone":"","station":"\u5e97\u8217\u517c\u4f4f\u5b85"},"type":"Point","coordinates":[80992,79551],"id":"feature_0863"},{"properties":{"price":460000,"use":"\u9ad8\u69fb","zone":"","station":"\u5e97\u8217\u3001\u4e8b\u52d9\u6240\u517c\u4f4f\u5b85"},"type":"Point","coordinates":[81461,78890],"id":"feature_0864"},{"properties":{"price":177000,"use":"\u9ad8\u69fb","zone":"","station":"\u5e97\u8217"},"type":"Point","coordinates":[78689,78575],"id":"feature_0865"},{"properties":{"price":162000,"use":"\u9ad8\u69fb","zone":"","station":"\u4e8b\u52d9\u6240\u517c\u5009\u5eab"},"type":"Point","coordinates":[81889,76718],"id":"feature_0866"},{"properties":{"price":165000,"use":"\u9ad8\u69fb","zone":"","station":"\u5e97\u8217\u517c\u4e8b\u52d9\u6240"},"type":"Point","coordinates":[83471,77102],"id":"feature_0867"},{"properties":{"price":182000,"use":"\u9ad8\u69fb","zone":"","station":"\u7a7a\u5730"},"type":"Point","coordinates":[83892,79624],"id":"feature_0868"},{"properties":{"price":131000,"use":"\u9ad8\u69fb","zone":"","station":"\u5009\u5eab\u517c\u4e8b\u52d9\u6240"},"type":"Point","coordinates":[79667,73640],"id":"feature_0869"},{"properties":{"price":157000,"use":"\u9ad8\u69fb","zone":"","station":"\u5009\u5eab"},"type":"Point","coordinates":[80981,77024],"id":"feature_0870"},{"properties":{"price":81500,"use":"\u8c9d\u585a","zone":"","station":"\u4f4f\u5b85"},"type":"Point","coordinates":[38581,19269],"id":"feature_0871"},{"properties":{"price":66400,"use":"\u8c9d\u585a","zone":"","station":"\u4f4f\u5b85"},"type":"Point","coordinates":[37953,19941],"id":"feature_0872"},{"properties":{"price":61800,"use":"\u8c9d\u585a","zone":"","station":"\u4f4f\u5b85"},"type":"Point","coordinates":[38206,18112],"id":"feature_0873"},{"properties":{"price":68300,"use":"\u8c9d\u585a","zone":"","station":"\u4f4f\u5b85"},"type":"Point","coordinates":[35719,18747],"id":"feature_0874"},{"properties":{"price":66300,"use":"\u8c9d\u585a","zone":"","station":"\u4f4f\u5b85"},"type":"Point","coordinates":[41409,19851],"id":"feature_0875"},{"properties":{"price":65000,"use":"\u8c9d\u585a","zone":"","station":"\u4f4f\u5b85"},"type":"Point","coordinates":[38394,17167],"id":"feature_0876"},{"properties":{"price":50000,"use":"\u8c9d\u585a","zone":"","station":"\u4f4f\u5b85"},"type":"Point","coordinates":[41816,15867],"id":"feature_0877"},{"properties":{"price":89700,"use":"\u8c9d\u585a","zone":"","station":"\u4f4f\u5b85"},"type":"Point","coordinates":[38957,20236],"id":"feature_0878"},{"properties":{"price":70700,"use":"\u8c9d\u585a","zone":"","station":"\u4f4f\u5b85"},"type":"Point","coordinates":[36347,17081],"id":"feature_0879"},{"properties":{"price":57200,"use":"\u8c9d\u585a","zone":"","station":"\u4f4f\u5b85"},"type":"Point","coordinates":[40026,17844],"id":"feature_0880"},{"properties":{"price":55600,"use":"\u8c9d\u585a","zone":"","station":"\u4f4f\u5b85"},"type":"Point","coordinates":[40925,16384],"id":"feature_0881"},{"properties":{"price":68400,"use":"\u8c9d\u585a","zone":"","station":"\u4f4f\u5b85"},"type":"Point","coordinates":[41489,18647],"id":"feature_0882"},{"properties":{"price":36500,"use":"\u8c9d\u585a","zone":"","station":"\u4f4f\u5b85"},"type":"Point","coordinates":[42906,14142],"id":"feature_0883"},{"properties":{"price":67200,"use":"\u8c9d\u585a","zone":"","station":"\u4f4f\u5b85"},"type":"Point","coordinates":[35235,17692],"id":"feature_0884"},{"properties":{"price":20000,"use":"\u8c9d\u585a","zone":"","station":"\u4f4f\u5b85"},"type":"Point","coordinates":[45281,13806],"id":"feature_0885"},{"properties":{"price":60800,"use":"\u8c9d\u585a","zone":"","station":"\u4f4f\u5b85"},"type":"Point","coordinates":[37207,19247],"id":"feature_0886"},{"properties":{"price":62300,"use":"\u8c9d\u585a","zone":"","station":"\u4f4f\u5b85"},"type":"Point","coordinates":[40036,19792],"id":"feature_0887"},{"properties":{"price":29700,"use":"\u8c9d\u585a","zone":"","station":"\u4f4f\u5b85"},"type":"Point","coordinates":[43543,12578],"id":"feature_0888"},{"properties":{"price":64500,"use":"\u8c9d\u585a","zone":"","station":"\u4f4f\u5b85"},"type":"Point","coordinates":[42444,19341],"id":"feature_0889"},{"properties":{"price":50000,"use":"\u8c9d\u585a","zone":"","station":"\u4f4f\u5b85"},"type":"Point","coordinates":[41689,15389],"id":"feature_0890"},{"properties":{"price":61500,"use":"\u8c9d\u585a","zone":"","station":"\u4f4f\u5b85"},"type":"Point","coordinates":[37218,16905],"id":"feature_0891"},{"properties":{"price":56800,"use":"\u8c9d\u585a","zone":"","station":"\u4f4f\u5b85"},"type":"Point","coordinates":[36211,19472],"id":"feature_0892"},{"properties":{"price":54000,"use":"\u8c9d\u585a","zone":"","station":"\u4f4f\u5b85"},"type":"Point","coordinates":[44074,14682],"id":"feature_0893"},{"properties":{"price":145000,"use":"\u8c9d\u585a","zone":"","station":"\u5e97\u8217\u517c\u4e8b\u52d9\u6240"},"type":"Point","coordinates":[38561,19559],"id":"feature_0894"},{"properties":{"price":64800,"use":"\u8c9d\u585a","zone":"","station":"\u5e97\u8217"},"type":"Point","coordinates":[35688,18209],"id":"feature_0895"},{"properties":{"price":69900,"use":"\u8c9d\u585a","zone":"","station":"\u5e97\u8217"},"type":"Point","coordinates":[41064,17764],"id":"feature_0896"},{"properties":{"price":196000,"use":"\u5b88\u53e3","zone":"","station":"\u4f4f\u5b85"},"type":"Point","coordinates":[72862,61601],"id":"feature_0897"},{"properties":{"price":127000,"use":"\u5b88\u53e3","zone":"","station":"\u4f4f\u5b85"},"type":"Point","coordinates":[72133,64223],"id":"feature_0898"},{"properties":{"price":211000,"use":"\u5b88\u53e3","zone":"","station":"\u4f4f\u5b85"},"type":"Point","coordinates":[73475,62872],"id":"feature_0899"},{"properties":{"price":130000,"use":"\u5b88\u53e3","zone":"","station":"\u4f4f\u5b85"},"type":"Point","coordinates":[77308,65370],"id":"feature_0900"},{"properties":{"price":179000,"use":"\u5b88\u53e3","zone":"","station":"\u4f4f\u5b85"},"type":"Point","coordinates":[74248,62419],"id":"feature_0901"},{"properties":{"price":126000,"use":"\u5b88\u53e3","zone":"","station":"\u4f4f\u5b85"},"type":"Point","coordinates":[76490,65836],"id":"feature_0902"},{"properties":{"price":144000,"use":"\u5b88\u53e3","zone":"","station":"\u4f4f\u5b85"},"type":"Point","coordinates":[75066,60487],"id":"feature_0903"},{"properties":{"price":202000,"use":"\u5b88\u53e3","zone":"","station":"\u4f4f\u5b85"},"type":"Point","coordinates":[72007,61296],"id":"feature_0904"},{"properties":{"price":141000,"use":"\u5b88\u53e3","zone":"","station":"\u4f4f\u5b85"},"type":"Point","coordinates":[76685,64309],"id":"feature_0905"},{"properties":{"price":198000,"use":"\u5b88\u53e3","zone":"","station":"\u4f4f\u5b85"},"type":"Point","coordinates":[72691,63497],"id":"feature_0906"},{"properties":{"price":187000,"use":"\u5b88\u53e3","zone":"","station":"\u4f4f\u5b85"},"type":"Point","coordinates":[73027,60636],"id":"feature_0907"},{"properties":{"price":254000,"use":"\u5b88\u53e3","zone":"","station":"\u4f4f\u5b85"},"type":"Point","coordinates":[72230,62872],"id":"feature_0908"},{"properties":{"price":135000,"use":"\u5b88\u53e3","zone":"","station":"\u4f4f\u5b85"},"type":"Point","coordinates":[79052,64300],"id":"feature_0909"},{"properties":{"price":142000,"use":"\u5b88\u53e3","zone":"","station":"\u4f4f\u5b85"},"type":"Point","coordinates":[75007,65328],"id":"feature_0910"},{"properties":{"price":147000,"use":"\u5b88\u53e3","zone":"","station":"\u4f4f\u5b85"},"type":"Point","coordinates":[73600,64716],"id":"feature_0911"},{"properties":{"price":127000,"use":"\u5b88\u53e3","zone":"","station":"\u4f4f\u5b85"},"type":"Point","coordinates":[74822,63736],"id":"feature_0912"},{"properties":{"price":229000,"use":"\u5b88\u53e3","zone":"","station":"\u4f4f\u5b85"},"type":"Point","coordinates":[71354,61514],"id":"feature_0913"},{"properties":{"price":154000,"use":"\u5b88\u53e3","zone":"","station":"\u4f4f\u5b85"},"type":"Point","coordinates":[74321,61048],"id":"feature_0914"},{"properties":{"price":310000,"use":"\u5b88\u53e3","zone":"","station":"\u5e97\u8217\u3001\u5171\u540c\u4f4f\u5b85\u517c\u8eca\u5eab"},"type":"Point","coordinates":[71231,61700],"id":"feature_0915"},{"properties":{"price":209000,"use":"\u5b88\u53e3","zone":"","station":"\u8a3a\u7642\u6240\u517c\u4f4f\u5b85"},"type":"Point","coordinates":[72102,61558],"id":"feature_0916"},{"properties":{"price":195000,"use":"\u5b88\u53e3","zone":"","station":"\u5e97\u8217\u3001\u4e8b\u52d9\u6240\u517c\u4f4f\u5b85"},"type":"Point","coordinates":[73017,63486],"id":"feature_0917"},{"properties":{"price":246000,"use":"\u5b88\u53e3","zone":"","station":"\u5e97\u8217\u517c\u4e8b\u52d9\u6240"},"type":"Point","coordinates":[72529,62303],"id":"feature_0918"},{"properties":{"price":215000,"use":"\u5b88\u53e3","zone":"","station":"\u5e97\u8217\u517c\u4f5c\u696d\u6240"},"type":"Point","coordinates":[73783,60070],"id":"feature_0919"},{"properties":{"price":221000,"use":"\u5b88\u53e3","zone":"","station":"\u5e97\u8217\u3001\u4e8b\u52d9\u6240\u517c\u4f4f\u5b85"},"type":"Point","coordinates":[75985,65059],"id":"feature_0920"},{"properties":{"price":131000,"use":"\u5b88\u53e3","zone":"","station":"\u5de5\u5834\u517c\u5009\u5eab"},"type":"Point","coordinates":[74782,59769],"id":"feature_0921"},{"properties":{"price":142000,"use":"\u5b88\u53e3","zone":"","station":"\u5de5\u5834\u3001\u4f4f\u5b85\u517c\u8eca\u5eab"},"type":"Point","coordinates":[75025,60895],"id":"feature_0922"},{"properties":{"price":148000,"use":"\u5b88\u53e3","zone":"","station":"\u4e8b\u52d9\u6240\u517c\u5009\u5eab"},"type":"Point","coordinates":[74223,64039],"id":"feature_0923"},{"properties":{"price":163000,"use":"\u679a\u65b9","zone":"","station":"\u4f4f\u5b85"},"type":"Point","coordinates":[84919,69742],"id":"feature_0924"},{"properties":{"price":126000,"use":"\u679a\u65b9","zone":"","station":"\u4f4f\u5b85"},"type":"Point","coordinates":[87855,71236],"id":"feature_0925"},{"properties":{"price":141000,"use":"\u679a\u65b9","zone":"","station":"\u4f4f\u5b85"},"type":"Point","coordinates":[89088,77521],"id":"feature_0926"},{"properties":{"price":139000,"use":"\u679a\u65b9","zone":"","station":"\u5171\u540c\u4f4f\u5b85"},"type":"Point","coordinates":[84633,71632],"id":"feature_0927"},{"properties":{"price":148000,"use":"\u679a\u65b9","zone":"","station":"\u4f4f\u5b85"},"type":"Point","coordinates":[88517,76794],"id":"feature_0928"},{"properties":{"price":136000,"use":"\u679a\u65b9","zone":"","station":"\u4f4f\u5b85"},"type":"Point","coordinates":[88739,72679],"id":"feature_0929"},{"properties":{"price":168000,"use":"\u679a\u65b9","zone":"","station":"\u4f4f\u5b85"},"type":"Point","coordinates":[87087,73221],"id":"feature_0930"},{"properties":{"price":63500,"use":"\u679a\u65b9","zone":"","station":"\u4f4f\u5b85"},"type":"Point","coordinates":[99663,73261],"id":"feature_0931"},{"properties":{"price":135000,"use":"\u679a\u65b9","zone":"","station":"\u4f4f\u5b85"},"type":"Point","coordinates":[88547,78630],"id":"feature_0932"},{"properties":{"price":113000,"use":"\u679a\u65b9","zone":"","station":"\u4f4f\u5b85"},"type":"Point","coordinates":[91750,77456],"id":"feature_0933"},{"properties":{"price":129000,"use":"\u679a\u65b9","zone":"","station":"\u4f4f\u5b85"},"type":"Point","coordinates":[85967,70715],"id":"feature_0934"},{"properties":{"price":138000,"use":"\u679a\u65b9","zone":"","station":"\u4f4f\u5b85"},"type":"Point","coordinates":[90609,78380],"id":"feature_0935"},{"properties":{"price":134000,"use":"\u679a\u65b9","zone":"","station":"\u4f4f\u5b85"},"type":"Point","coordinates":[88882,74632],"id":"feature_0936"},{"properties":{"price":238000,"use":"\u679a\u65b9","zone":"","station":"\u4f4f\u5b85"},"type":"Point","coordinates":[92569,80363],"id":"feature_0937"},{"properties":{"price":225000,"use":"\u679a\u65b9","zone":"","station":"\u4f4f\u5b85"},"type":"Point","coordinates":[91886,81735],"id":"feature_0938"},{"properties":{"price":132000,"use":"\u679a\u65b9","zone":"","station":"\u4f4f\u5b85"},"type":"Point","coordinates":[91972,79054],"id":"feature_0939"},{"properties":{"price":106000,"use":"\u679a\u65b9","zone":"","station":"\u4f4f\u5b85"},"type":"Point","coordinates":[88578,70972],"id":"feature_0940"},{"properties":{"price":104000,"use":"\u679a\u65b9","zone":"","station":"\u4f4f\u5b85"},"type":"Point","coordinates":[95541,76560],"id":"feature_0941"},{"properties":{"price":107000,"use":"\u679a\u65b9","zone":"","station":"\u4f4f\u5b85"},"type":"Point","coordinates":[93397,71925],"id":"feature_0942"},{"properties":{"price":135000,"use":"\u679a\u65b9","zone":"","station":"\u4f4f\u5b85"},"type":"Point","coordinates":[93455,79925],"id":"feature_0943"},{"properties":{"price":179000,"use":"\u679a\u65b9","zone":"","station":"\u4f4f\u5b85"},"type":"Point","coordinates":[87464,75202],"id":"feature_0944"},{"properties":{"price":152000,"use":"\u679a\u65b9","zone":"","station":"\u4f4f\u5b85"},"type":"Point","coordinates":[88166,73703],"id":"feature_0945"},{"properties":{"price":166000,"use":"\u679a\u65b9","zone":"","station":"\u4f4f\u5b85"},"type":"Point","coordinates":[86484,73119],"id":"feature_0946"},{"properties":{"price":47100,"use":"\u679a\u65b9","zone":"","station":"\u4f4f\u5b85"},"type":"Point","coordinates":[99999,72027],"id":"feature_0947"},{"properties":{"price":113000,"use":"\u679a\u65b9","zone":"","station":"\u4f4f\u5b85"},"type":"Point","coordinates":[95410,71855],"id":"feature_0948"},{"properties":{"price":86700,"use":"\u679a\u65b9","zone":"","station":"\u4f4f\u5b85"},"type":"Point","coordinates":[98146,74201],"id":"feature_0949"},{"properties":{"price":132000,"use":"\u679a\u65b9","zone":"","station":"\u4f4f\u5b85"},"type":"Point","coordinates":[87304,69667],"id":"feature_0950"},{"properties":{"price":111000,"use":"\u679a\u65b9","zone":"","station":"\u4f4f\u5b85"},"type":"Point","coordinates":[82219,71976],"id":"feature_0951"},{"properties":{"price":107000,"use":"\u679a\u65b9","zone":"","station":"\u4f4f\u5b85"},"type":"Point","coordinates":[96976,74378],"id":"feature_0952"},{"properties":{"price":120000,"use":"\u679a\u65b9","zone":"","station":"\u4f4f\u5b85"},"type":"Point","coordinates":[94467,72783],"id":"feature_0953"},{"properties":{"price":144000,"use":"\u679a\u65b9","zone":"","station":"\u4f4f\u5b85"},"type":"Point","coordinates":[87232,76461],"id":"feature_0954"},{"properties":{"price":110000,"use":"\u679a\u65b9","zone":"","station":"\u7a7a\u5730"},"type":"Point","coordinates":[97537,74996],"id":"feature_0955"},{"properties":{"price":122000,"use":"\u679a\u65b9","zone":"","station":"\u4f4f\u5b85"},"type":"Point","coordinates":[95513,74871],"id":"feature_0956"},{"properties":{"price":117000,"use":"\u679a\u65b9","zone":"","station":"\u4f4f\u5b85"},"type":"Point","coordinates":[90310,71763],"id":"feature_0957"},{"properties":{"price":302000,"use":"\u679a\u65b9","zone":"","station":"\u4f4f\u5b85"},"type":"Point","coordinates":[91355,80432],"id":"feature_0958"},{"properties":{"price":168000,"use":"\u679a\u65b9","zone":"","station":"\u4f4f\u5b85"},"type":"Point","coordinates":[91455,82211],"id":"feature_0959"},{"properties":{"price":136000,"use":"\u679a\u65b9","zone":"","station":"\u4f4f\u5b85"},"type":"Point","coordinates":[86310,72009],"id":"feature_0960"},{"properties":{"price":106000,"use":"\u679a\u65b9","zone":"","station":"\u4f4f\u5b85"},"type":"Point","coordinates":[89716,69296],"id":"feature_0961"},{"properties":{"price":118000,"use":"\u679a\u65b9","zone":"","station":"\u4f4f\u5b85"},"type":"Point","coordinates":[89784,75249],"id":"feature_0962"},{"properties":{"price":114000,"use":"\u679a\u65b9","zone":"","station":"\u4f4f\u5b85"},"type":"Point","coordinates":[90888,75071],"id":"feature_0963"},{"properties":{"price":102000,"use":"\u679a\u65b9","zone":"","station":"\u4f4f\u5b85"},"type":"Point","coordinates":[94731,78864],"id":"feature_0964"},{"properties":{"price":107000,"use":"\u679a\u65b9","zone":"","station":"\u4f4f\u5b85"},"type":"Point","coordinates":[95974,77316],"id":"feature_0965"},{"properties":{"price":19900,"use":"\u679a\u65b9","zone":"","station":"\u4f4f\u5b85"},"type":"Point","coordinates":[99960,70709],"id":"feature_0966"},{"properties":{"price":101000,"use":"\u679a\u65b9","zone":"","station":"\u4f4f\u5b85"},"type":"Point","coordinates":[93943,75852],"id":"feature_0967"},{"properties":{"price":180000,"use":"\u679a\u65b9","zone":"","station":"\u4f4f\u5b85"},"type":"Point","coordinates":[92049,79709],"id":"feature_0968"},{"properties":{"price":115000,"use":"\u679a\u65b9","zone":"","station":"\u4f4f\u5b85"},"type":"Point","coordinates":[90277,76065],"id":"feature_0969"},{"properties":{"price":124000,"use":"\u679a\u65b9","zone":"","station":"\u4f4f\u5b85"},"type":"Point","coordinates":[90537,79022],"id":"feature_0970"},{"properties":{"price":109000,"use":"\u679a\u65b9","zone":"","station":"\u4f4f\u5b85"},"type":"Point","coordinates":[98100,75696],"id":"feature_0971"},{"properties":{"price":156000,"use":"\u679a\u65b9","zone":"","station":"\u4f4f\u5b85"},"type":"Point","coordinates":[85709,72483],"id":"feature_0972"},{"properties":{"price":177000,"use":"\u679a\u65b9","zone":"","station":"\u4f4f\u5b85"},"type":"Point","coordinates":[85078,73761],"id":"feature_0973"},{"properties":{"price":143000,"use":"\u679a\u65b9","zone":"","station":"\u4f4f\u5b85"},"type":"Point","coordinates":[83626,71802],"id":"feature_0974"},{"properties":{"price":110000,"use":"\u679a\u65b9","zone":"","station":"\u4f4f\u5b85"},"type":"Point","coordinates":[90761,73467],"id":"feature_0975"},{"properties":{"price":128000,"use":"\u679a\u65b9","zone":"","station":"\u4f4f\u5b85"},"type":"Point","coordinates":[83649,72814],"id":"feature_0976"},{"properties":{"price":106000,"use":"\u679a\u65b9","zone":"","station":"\u4f4f\u5b85"},"type":"Point","coordinates":[96825,76305],"id":"feature_0977"},{"properties":{"price":87700,"use":"\u679a\u65b9","zone":"","station":"\u4f4f\u5b85"},"type":"Point","coordinates":[96940,73454],"id":"feature_0978"},{"properties":{"price":89600,"use":"\u679a\u65b9","zone":"","station":"\u4f4f\u5b85"},"type":"Point","coordinates":[92805,73954],"id":"feature_0979"},{"properties":{"price":560000,"use":"\u679a\u65b9","zone":"","station":"\u5e97\u8217"},"type":"Point","coordinates":[86346,74179],"id":"feature_0980"},{"properties":{"price":145000,"use":"\u679a\u65b9","zone":"","station":"\u5e97\u8217"},"type":"Point","coordinates":[87961,68329],"id":"feature_0981"},{"properties":{"price":165000,"use":"\u679a\u65b9","zone":"","station":"\u5e97\u8217\u517c\u4e8b\u52d9\u6240"},"type":"Point","coordinates":[96666,75507],"id":"feature_0982"},{"properties":{"price":303000,"use":"\u679a\u65b9","zone":"","station":"\u5e97\u8217\u517c\u5171\u540c\u4f4f\u5b85"},"type":"Point","coordinates":[87327,74498],"id":"feature_0983"},{"properties":{"price":534000,"use":"\u679a\u65b9","zone":"","station":"\u5e97\u8217\u517c\u8a3a\u7642\u6240"},"type":"Point","coordinates":[90925,80757],"id":"feature_0984"},{"properties":{"price":183000,"use":"\u679a\u65b9","zone":"","station":"\u5e97\u8217"},"type":"Point","coordinates":[88844,73411],"id":"feature_0985"},{"properties":{"price":230000,"use":"\u679a\u65b9","zone":"","station":"\u5e97\u8217"},"type":"Point","coordinates":[84981,73369],"id":"feature_0986"},{"properties":{"price":177000,"use":"\u679a\u65b9","zone":"","station":"\u5e97\u8217\u517c\u5171\u540c\u4f4f\u5b85"},"type":"Point","coordinates":[89451,78345],"id":"feature_0987"},{"properties":{"price":123000,"use":"\u679a\u65b9","zone":"","station":"\u4f5c\u696d\u5834\u3001\u4e8b\u52d9\u6240\u517c\u5171\u540c\u4f4f\u5b85\u7b49"},"type":"Point","coordinates":[93446,73522],"id":"feature_0988"},{"properties":{"price":153000,"use":"\u679a\u65b9","zone":"","station":"\u5e97\u8217\u517c\u4f4f\u5b85"},"type":"Point","coordinates":[90266,78849],"id":"feature_0989"},{"properties":{"price":615000,"use":"\u679a\u65b9","zone":"","station":"\u9280\u884c"},"type":"Point","coordinates":[86707,74200],"id":"feature_0990"},{"properties":{"price":277000,"use":"\u679a\u65b9","zone":"","station":"\u5e97\u8217\u517c\u5171\u540c\u4f4f\u5b85"},"type":"Point","coordinates":[86797,74173],"id":"feature_0991"},{"properties":{"price":121000,"use":"\u679a\u65b9","zone":"","station":"\u5de5\u5834"},"type":"Point","coordinates":[93586,77729],"id":"feature_0992"},{"properties":{"price":107000,"use":"\u679a\u65b9","zone":"","station":"\u5009\u5eab\u517c\u4e8b\u52d9\u6240"},"type":"Point","coordinates":[92367,73016],"id":"feature_0993"},{"properties":{"price":100000,"use":"\u679a\u65b9","zone":"","station":"\u5de5\u5834\u517c\u4e8b\u52d9\u6240"},"type":"Point","coordinates":[91419,72161],"id":"feature_0994"},{"properties":{"price":287000,"use":"\u8328\u6728","zone":"","station":"\u4f4f\u5b85"},"type":"Point","coordinates":[72981,74599],"id":"feature_0995"},{"properties":{"price":260000,"use":"\u8328\u6728","zone":"","station":"\u4f4f\u5b85"},"type":"Point","coordinates":[75661,74243],"id":"feature_0996"},{"properties":{"price":170000,"use":"\u8328\u6728","zone":"","station":"\u4f4f\u5b85"},"type":"Point","coordinates":[70209,73339],"id":"feature_0997"},{"properties":{"price":297000,"use":"\u8328\u6728","zone":"","station":"\u4f4f\u5b85"},"type":"Point","coordinates":[74545,74826],"id":"feature_0998"},{"properties":{"price":217000,"use":"\u8328\u6728","zone":"","station":"\u4f4f\u5b85"},"type":"Point","coordinates":[75862,73192],"id":"feature_0999"},{"properties":{"price":167000,"use":"\u8328\u6728","zone":"","station":"\u4f4f\u5b85"},"type":"Point","coordinates":[77141,74300],"id":"feature_1000"},{"properties":{"price":261000,"use":"\u8328\u6728","zone":"","station":"\u4f4f\u5b85"},"type":"Point","coordinates":[73992,75073],"id":"feature_1001"},{"properties":{"price":284000,"use":"\u8328\u6728","zone":"","station":"\u4f4f\u5b85"},"type":"Point","coordinates":[73026,73205],"id":"feature_1002"},{"properties":{"price":158000,"use":"\u8328\u6728","zone":"","station":"\u4f4f\u5b85"},"type":"Point","coordinates":[69163,74408],"id":"feature_1003"},{"properties":{"price":195000,"use":"\u8328\u6728","zone":"","station":"\u4f4f\u5b85"},"type":"Point","coordinates":[71546,75230],"id":"feature_1004"},{"properties":{"price":150000,"use":"\u8328\u6728","zone":"","station":"\u4f4f\u5b85"},"type":"Point","coordinates":[76644,72341],"id":"feature_1005"},{"properties":{"price":168000,"use":"\u8328\u6728","zone":"","station":"\u4f4f\u5b85"},"type":"Point","coordinates":[75589,76186],"id":"feature_1006"},{"properties":{"price":168000,"use":"\u8328\u6728","zone":"","station":"\u4f4f\u5b85"},"type":"Point","coordinates":[73816,70730],"id":"feature_1007"},{"properties":{"price":181000,"use":"\u8328\u6728","zone":"","station":"\u4f4f\u5b85"},"type":"Point","coordinates":[76439,75067],"id":"feature_1008"},{"properties":{"price":31000,"use":"\u8328\u6728","zone":"","station":"\u4f4f\u5b85"},"type":"Point","coordinates":[69245,83058],"id":"feature_1009"},{"properties":{"price":131000,"use":"\u8328\u6728","zone":"","station":"\u4f4f\u5b85"},"type":"Point","coordinates":[70036,77648],"id":"feature_1010"},{"properties":{"price":140000,"use":"\u8328\u6728","zone":"","station":"\u4f4f\u5b85"},"type":"Point","coordinates":[75033,78128],"id":"feature_1011"},{"properties":{"price":177000,"use":"\u8328\u6728","zone":"","station":"\u4f4f\u5b85"},"type":"Point","coordinates":[71379,71157],"id":"feature_1012"},{"properties":{"price":365000,"use":"\u8328\u6728","zone":"","station":"\u5171\u540c\u4f4f\u5b85"},"type":"Point","coordinates":[71971,73803],"id":"feature_1013"},{"properties":{"price":133000,"use":"\u8328\u6728","zone":"","station":"\u4f4f\u5b85"},"type":"Point","coordinates":[73137,77764],"id":"feature_1014"},{"properties":{"price":59500,"use":"\u8328\u6728","zone":"","station":"\u4f4f\u5b85"},"type":"Point","coordinates":[66872,77558],"id":"feature_1015"},{"properties":{"price":61000,"use":"\u8328\u6728","zone":"","station":"\u4f4f\u5b85"},"type":"Point","coordinates":[72253,78843],"id":"feature_1016"},{"properties":{"price":135000,"use":"\u8328\u6728","zone":"","station":"\u4f4f\u5b85"},"type":"Point","coordinates":[71175,76846],"id":"feature_1017"},{"properties":{"price":71500,"use":"\u8328\u6728","zone":"","station":"\u4f4f\u5b85"},"type":"Point","coordinates":[71079,80645],"id":"feature_1018"},{"properties":{"price":151000,"use":"\u8328\u6728","zone":"","station":"\u4f4f\u5b85"},"type":"Point","coordinates":[73641,77363],"id":"feature_1019"},{"properties":{"price":206000,"use":"\u8328\u6728","zone":"","station":"\u4f4f\u5b85"},"type":"Point","coordinates":[74927,75650],"id":"feature_1020"},{"properties":{"price":165000,"use":"\u8328\u6728","zone":"","station":"\u4f4f\u5b85"},"type":"Point","coordinates":[74471,71203],"id":"feature_1021"},{"properties":{"price":184000,"use":"\u8328\u6728","zone":"","station":"\u4f4f\u5b85"},"type":"Point","coordinates":[74850,72593],"id":"feature_1022"},{"properties":{"price":206000,"use":"\u8328\u6728","zone":"","station":"\u4f4f\u5b85"},"type":"Point","coordinates":[74487,76234],"id":"feature_1023"},{"properties":{"price":200000,"use":"\u8328\u6728","zone":"","station":"\u7a7a\u5730"},"type":"Point","coordinates":[73459,72748],"id":"feature_1024"},{"properties":{"price":174000,"use":"\u8328\u6728","zone":"","station":"\u4f4f\u5b85"},"type":"Point","coordinates":[76688,73227],"id":"feature_1025"},{"properties":{"price":119000,"use":"\u8328\u6728","zone":"","station":"\u4f4f\u5b85"},"type":"Point","coordinates":[69865,77008],"id":"feature_1026"},{"properties":{"price":285000,"use":"\u8328\u6728","zone":"","station":"\u4f4f\u5b85"},"type":"Point","coordinates":[74203,73632],"id":"feature_1027"},{"properties":{"price":135000,"use":"\u8328\u6728","zone":"","station":"\u4f4f\u5b85"},"type":"Point","coordinates":[66698,79144],"id":"feature_1028"},{"properties":{"price":665000,"use":"\u8328\u6728","zone":"","station":"\u5e97\u8217\u517c\u4e8b\u52d9\u6240"},"type":"Point","coordinates":[72061,74193],"id":"feature_1029"},{"properties":{"price":700000,"use":"\u8328\u6728","zone":"","station":"\u5e97\u8217\u517c\u4e8b\u52d9\u6240"},"type":"Point","coordinates":[74759,74259],"id":"feature_1030"},{"properties":{"price":239000,"use":"\u8328\u6728","zone":"","station":"\u5e97\u8217\u517c\u4f4f\u5b85"},"type":"Point","coordinates":[75082,73187],"id":"feature_1031"},{"properties":{"price":405000,"use":"\u8328\u6728","zone":"","station":"\u5e97\u8217\u517c\u4e8b\u52d9\u6240"},"type":"Point","coordinates":[74553,74540],"id":"feature_1032"},{"properties":{"price":249000,"use":"\u8328\u6728","zone":"","station":"\u5e97\u8217\u517c\u4e8b\u52d9\u6240"},"type":"Point","coordinates":[71761,74527],"id":"feature_1033"},{"properties":{"price":202000,"use":"\u8328\u6728","zone":"","station":"\u5e97\u8217"},"type":"Point","coordinates":[72972,71734],"id":"feature_1034"},{"properties":{"price":388000,"use":"\u8328\u6728","zone":"","station":"\u5e97\u8217\u517c\u5171\u540c\u4f4f\u5b85"},"type":"Point","coordinates":[72822,74038],"id":"feature_1035"},{"properties":{"price":178000,"use":"\u8328\u6728","zone":"","station":"\u5e97\u8217"},"type":"Point","coordinates":[75499,77182],"id":"feature_1036"},{"properties":{"price":135000,"use":"\u8328\u6728","zone":"","station":"\u4e8b\u52d9\u6240\u517c\u5009\u5eab"},"type":"Point","coordinates":[71715,75813],"id":"feature_1037"},{"properties":{"price":151000,"use":"\u8328\u6728","zone":"","station":"\u5009\u5eab\u517c\u4e8b\u52d9\u6240"},"type":"Point","coordinates":[69338,77266],"id":"feature_1038"},{"properties":{"price":148000,"use":"\u8328\u6728","zone":"","station":"\u5009\u5eab\u517c\u4e8b\u52d9\u6240"},"type":"Point","coordinates":[72785,69655],"id":"feature_1039"},{"properties":{"price":166000,"use":"\u8328\u6728","zone":"","station":"\u5009\u5eab\u517c\u4e8b\u52d9\u6240"},"type":"Point","coordinates":[71672,71563],"id":"feature_1040"},{"properties":{"price":1730,"use":"\u8328\u6728","zone":"","station":"\u5c71\u6797\uff08\u96d1\u6728\u6797\uff09"},"type":"Point","coordinates":[66148,81259],"id":"feature_1041"},{"properties":{"price":122000,"use":"\u516b\u5c3e","zone":"","station":"\u4f4f\u5b85"},"type":"Point","coordinates":[80915,42883],"id":"feature_1042"},{"properties":{"price":218000,"use":"\u516b\u5c3e","zone":"","station":"\u4f4f\u5b85"},"type":"Point","coordinates":[81720,47163],"id":"feature_1043"},{"properties":{"price":93600,"use":"\u516b\u5c3e","zone":"","station":"\u4f4f\u5b85"},"type":"Point","coordinates":[80397,41352],"id":"feature_1044"},{"properties":{"price":226000,"use":"\u516b\u5c3e","zone":"","station":"\u4f4f\u5b85"},"type":"Point","coordinates":[82060,46026],"id":"feature_1045"},{"properties":{"price":104000,"use":"\u516b\u5c3e","zone":"","station":"\u4f4f\u5b85"},"type":"Point","coordinates":[72498,45161],"id":"feature_1046"},{"properties":{"price":210000,"use":"\u516b\u5c3e","zone":"","station":"\u4f4f\u5b85"},"type":"Point","coordinates":[80172,46744],"id":"feature_1047"},{"properties":{"price":145000,"use":"\u516b\u5c3e","zone":"","station":"\u4f4f\u5b85"},"type":"Point","coordinates":[81187,47558],"id":"feature_1048"},{"properties":{"price":115000,"use":"\u516b\u5c3e","zone":"","station":"\u4f4f\u5b85"},"type":"Point","coordinates":[78055,47990],"id":"feature_1049"},{"properties":{"price":137000,"use":"\u516b\u5c3e","zone":"","station":"\u4f4f\u5b85"},"type":"Point","coordinates":[78461,47628],"id":"feature_1050"},{"properties":{"price":132000,"use":"\u516b\u5c3e","zone":"","station":"\u4f4f\u5b85"},"type":"Point","coordinates":[79012,45438],"id":"feature_1051"},{"properties":{"price":131000,"use":"\u516b\u5c3e","zone":"","station":"\u4f4f\u5b85"},"type":"Point","coordinates":[77407,44391],"id":"feature_1052"},{"properties":{"price":142000,"use":"\u516b\u5c3e","zone":"","station":"\u4f4f\u5b85"},"type":"Point","coordinates":[77362,46905],"id":"feature_1053"},{"properties":{"price":176000,"use":"\u516b\u5c3e","zone":"","station":"\u4f4f\u5b85"},"type":"Point","coordinates":[80963,46822],"id":"feature_1054"},{"properties":{"price":107000,"use":"\u516b\u5c3e","zone":"","station":"\u4f4f\u5b85"},"type":"Point","coordinates":[76606,42913],"id":"feature_1055"},{"properties":{"price":92000,"use":"\u516b\u5c3e","zone":"","station":"\u4f4f\u5b85"},"type":"Point","coordinates":[83512,42682],"id":"feature_1056"},{"properties":{"price":72500,"use":"\u516b\u5c3e","zone":"","station":"\u4f4f\u5b85"},"type":"Point","coordinates":[77653,40835],"id":"feature_1057"},{"properties":{"price":105000,"use":"\u516b\u5c3e","zone":"","station":"\u4f4f\u5b85"},"type":"Point","coordinates":[81760,48035],"id":"feature_1058"},{"properties":{"price":153000,"use":"\u516b\u5c3e","zone":"","station":"\u4f4f\u5b85"},"type":"Point","coordinates":[80175,45764],"id":"feature_1059"},{"properties":{"price":178000,"use":"\u516b\u5c3e","zone":"","station":"\u4f4f\u5b85"},"type":"Point","coordinates":[81791,45030],"id":"feature_1060"},{"properties":{"price":108000,"use":"\u516b\u5c3e","zone":"","station":"\u4f4f\u5b85"},"type":"Point","coordinates":[83651,47200],"id":"feature_1061"},{"properties":{"price":154000,"use":"\u516b\u5c3e","zone":"","station":"\u4f4f\u5b85"},"type":"Point","coordinates":[81166,45671],"id":"feature_1062"},{"properties":{"price":140000,"use":"\u516b\u5c3e","zone":"","station":"\u4f4f\u5b85"},"type":"Point","coordinates":[77807,45666],"id":"feature_1063"},{"properties":{"price":145000,"use":"\u516b\u5c3e","zone":"","station":"\u4f4f\u5b85"},"type":"Point","coordinates":[83206,45888],"id":"feature_1064"},{"properties":{"price":131000,"use":"\u516b\u5c3e","zone":"","station":"\u4f4f\u5b85"},"type":"Point","coordinates":[81299,44695],"id":"feature_1065"},{"properties":{"price":118000,"use":"\u516b\u5c3e","zone":"","station":"\u4f4f\u5b85"},"type":"Point","coordinates":[82665,42926],"id":"feature_1066"},{"properties":{"price":42500,"use":"\u516b\u5c3e","zone":"","station":"\u4f4f\u5b85"},"type":"Point","coordinates":[85600,45917],"id":"feature_1067"},{"properties":{"price":122000,"use":"\u516b\u5c3e","zone":"","station":"\u4f4f\u5b85"},"type":"Point","coordinates":[80016,45033],"id":"feature_1068"},{"properties":{"price":89000,"use":"\u516b\u5c3e","zone":"","station":"\u4f4f\u5b85"},"type":"Point","coordinates":[85222,45258],"id":"feature_1069"},{"properties":{"price":98500,"use":"\u516b\u5c3e","zone":"","station":"\u4f4f\u5b85"},"type":"Point","coordinates":[78597,40470],"id":"feature_1070"},{"properties":{"price":99000,"use":"\u516b\u5c3e","zone":"","station":"\u4f4f\u5b85"},"type":"Point","coordinates":[83651,44452],"id":"feature_1071"},{"properties":{"price":100000,"use":"\u516b\u5c3e","zone":"","station":"\u4f4f\u5b85"},"type":"Point","coordinates":[78127,43929],"id":"feature_1072"},{"properties":{"price":118000,"use":"\u516b\u5c3e","zone":"","station":"\u4f4f\u5b85"},"type":"Point","coordinates":[76032,44673],"id":"feature_1073"},{"properties":{"price":88000,"use":"\u516b\u5c3e","zone":"","station":"\u4f4f\u5b85"},"type":"Point","coordinates":[81561,49129],"id":"feature_1074"},{"properties":{"price":137000,"use":"\u516b\u5c3e","zone":"","station":"\u4f4f\u5b85"},"type":"Point","coordinates":[83005,44685],"id":"feature_1075"},{"properties":{"price":166000,"use":"\u516b\u5c3e","zone":"","station":"\u4f4f\u5b85"},"type":"Point","coordinates":[76570,47850],"id":"feature_1076"},{"properties":{"price":120000,"use":"\u516b\u5c3e","zone":"","station":"\u4f4f\u5b85"},"type":"Point","coordinates":[81161,43647],"id":"feature_1077"},{"properties":{"price":324000,"use":"\u516b\u5c3e","zone":"","station":"\u5e97\u8217\u517c\u4f4f\u5b85"},"type":"Point","coordinates":[79068,46678],"id":"feature_1078"},{"properties":{"price":340000,"use":"\u516b\u5c3e","zone":"","station":"\u4e8b\u52d9\u6240"},"type":"Point","coordinates":[79191,46959],"id":"feature_1079"},{"properties":{"price":166000,"use":"\u516b\u5c3e","zone":"","station":"\u5e97\u8217\u517c\u5171\u540c\u4f4f\u5b85"},"type":"Point","coordinates":[80623,42497],"id":"feature_1080"},{"properties":{"price":166000,"use":"\u516b\u5c3e","zone":"","station":"\u5e97\u8217\u517c\u5171\u540c\u4f4f\u5b85"},"type":"Point","coordinates":[78617,45506],"id":"feature_1081"},{"properties":{"price":146000,"use":"\u516b\u5c3e","zone":"","station":"\u5e97\u8217\u517c\u4f4f\u5b85"},"type":"Point","coordinates":[82923,45084],"id":"feature_1082"},{"properties":{"price":208000,"use":"\u516b\u5c3e","zone":"","station":"\u5e97\u8217"},"type":"Point","coordinates":[79513,46064],"id":"feature_1083"},{"properties":{"price":164000,"use":"\u516b\u5c3e","zone":"","station":"\u55b6\u696d\u6240\u517c\u4f5c\u696d\u6240"},"type":"Point","coordinates":[77351,44104],"id":"feature_1084"},{"properties":{"price":110000,"use":"\u516b\u5c3e","zone":"","station":"\u5009\u5eab"},"type":"Point","coordinates":[80654,44355],"id":"feature_1085"},{"properties":{"price":95300,"use":"\u516b\u5c3e","zone":"","station":"\u5de5\u5834"},"type":"Point","coordinates":[74738,44620],"id":"feature_1086"},{"properties":{"price":130000,"use":"\u516b\u5c3e","zone":"","station":"\u5de5\u5834"},"type":"Point","coordinates":[75837,41629],"id":"feature_1087"},{"properties":{"price":70300,"use":"\u516b\u5c3e","zone":"","station":"\u5009\u5eab"},"type":"Point","coordinates":[79052,40963],"id":"feature_1088"},{"properties":{"price":146000,"use":"\u516b\u5c3e","zone":"","station":"\u5de5\u5834\u517c\u4e8b\u52d9\u6240"},"type":"Point","coordinates":[76186,46871],"id":"feature_1089"},{"properties":{"price":119000,"use":"\u516b\u5c3e","zone":"","station":"\u5009\u5eab"},"type":"Point","coordinates":[79052,49089],"id":"feature_1090"},{"properties":{"price":86500,"use":"\u516b\u5c3e","zone":"","station":"\u5de5\u5834"},"type":"Point","coordinates":[78676,49580],"id":"feature_1091"},{"properties":{"price":67500,"use":"\u6cc9\u4f50\u91ce","zone":"","station":"\u4f4f\u5b85"},"type":"Point","coordinates":[28884,13249],"id":"feature_1092"},{"properties":{"price":63200,"use":"\u6cc9\u4f50\u91ce","zone":"","station":"\u4f4f\u5b85"},"type":"Point","coordinates":[35258,13180],"id":"feature_1093"},{"properties":{"price":52700,"use":"\u6cc9\u4f50\u91ce","zone":"","station":"\u4f4f\u5b85"},"type":"Point","coordinates":[29617,11831],"id":"feature_1094"},{"properties":{"price":66100,"use":"\u6cc9\u4f50\u91ce","zone":"","station":"\u4f4f\u5b85"},"type":"Point","coordinates":[30306,14127],"id":"feature_1095"},{"properties":{"price":64300,"use":"\u6cc9\u4f50\u91ce","zone":"","station":"\u4f4f\u5b85"},"type":"Point","coordinates":[33298,12874],"id":"feature_1096"},{"properties":{"price":55900,"use":"\u6cc9\u4f50\u91ce","zone":"","station":"\u4f4f\u5b85"},"type":"Point","coordinates":[37541,15557],"id":"feature_1097"},{"properties":{"price":52900,"use":"\u6cc9\u4f50\u91ce","zone":"","station":"\u4f4f\u5b85"},"type":"Point","coordinates":[35814,16524],"id":"feature_1098"},{"properties":{"price":67100,"use":"\u6cc9\u4f50\u91ce","zone":"","station":"\u4f4f\u5b85"},"type":"Point","coordinates":[36180,14583],"id":"feature_1099"},{"properties":{"price":59300,"use":"\u6cc9\u4f50\u91ce","zone":"","station":"\u4f4f\u5b85"},"type":"Point","coordinates":[33583,15809],"id":"feature_1100"},{"properties":{"price":55800,"use":"\u6cc9\u4f50\u91ce","zone":"","station":"\u4f4f\u5b85"},"type":"Point","coordinates":[38292,15408],"id":"feature_1101"},{"properties":{"price":21200,"use":"\u6cc9\u4f50\u91ce","zone":"","station":"\u4f4f\u5b85"},"type":"Point","coordinates":[35207,8822],"id":"feature_1102"},{"properties":{"price":67800,"use":"\u6cc9\u4f50\u91ce","zone":"","station":"\u4f4f\u5b85"},"type":"Point","coordinates":[30524,12459],"id":"feature_1103"},{"properties":{"price":51200,"use":"\u6cc9\u4f50\u91ce","zone":"","station":"\u4f4f\u5b85"},"type":"Point","coordinates":[32775,10793],"id":"feature_1104"},{"properties":{"price":108000,"use":"\u6cc9\u4f50\u91ce","zone":"","station":"\u4f4f\u5b85"},"type":"Point","coordinates":[31732,13682],"id":"feature_1105"},{"properties":{"price":49400,"use":"\u6cc9\u4f50\u91ce","zone":"","station":"\u4f4f\u5b85"},"type":"Point","coordinates":[36675,15041],"id":"feature_1106"},{"properties":{"price":69500,"use":"\u6cc9\u4f50\u91ce","zone":"","station":"\u4f4f\u5b85"},"type":"Point","coordinates":[32921,13104],"id":"feature_1107"},{"properties":{"price":58500,"use":"\u6cc9\u4f50\u91ce","zone":"","station":"\u4f4f\u5b85"},"type":"Point","coordinates":[34174,16238],"id":"feature_1108"},{"properties":{"price":58700,"use":"\u6cc9\u4f50\u91ce","zone":"","station":"\u4f4f\u5b85"},"type":"Point","coordinates":[34740,15034],"id":"feature_1109"},{"properties":{"price":44300,"use":"\u6cc9\u4f50\u91ce","zone":"","station":"\u4f4f\u5b85"},"type":"Point","coordinates":[32099,10713],"id":"feature_1110"},{"properties":{"price":62300,"use":"\u6cc9\u4f50\u91ce","zone":"","station":"\u4f4f\u5b85"},"type":"Point","coordinates":[29862,13625],"id":"feature_1111"},{"properties":{"price":73900,"use":"\u6cc9\u4f50\u91ce","zone":"","station":"\u4f4f\u5b85"},"type":"Point","coordinates":[31243,14340],"id":"feature_1112"},{"properties":{"price":78500,"use":"\u6cc9\u4f50\u91ce","zone":"","station":"\u4f4f\u5b85"},"type":"Point","coordinates":[35051,10910],"id":"feature_1113"},{"properties":{"price":120000,"use":"\u6cc9\u4f50\u91ce","zone":"","station":"\u4e8b\u52d9\u6240"},"type":"Point","coordinates":[32624,14192],"id":"feature_1114"},{"properties":{"price":80000,"use":"\u6cc9\u4f50\u91ce","zone":"","station":"\u5e97\u8217"},"type":"Point","coordinates":[35601,16822],"id":"feature_1115"},{"properties":{"price":109000,"use":"\u6cc9\u4f50\u91ce","zone":"","station":"\u5e97\u8217\u517c\u4f4f\u5b85"},"type":"Point","coordinates":[31851,14517],"id":"feature_1116"},{"properties":{"price":88900,"use":"\u6cc9\u4f50\u91ce","zone":"","station":"\u5e97\u8217\u3001\u4e8b\u52d9\u6240\u517c\u5de5\u5834\u7b49"},"type":"Point","coordinates":[31523,13065],"id":"feature_1117"},{"properties":{"price":76700,"use":"\u6cc9\u4f50\u91ce","zone":"","station":"\u5e97\u8217"},"type":"Point","coordinates":[29327,13177],"id":"feature_1118"},{"properties":{"price":75100,"use":"\u6cc9\u4f50\u91ce","zone":"","station":"\u5e97\u8217\u517c\u4e8b\u52d9\u6240"},"type":"Point","coordinates":[33191,13292],"id":"feature_1119"},{"properties":{"price":124000,"use":"\u6cc9\u4f50\u91ce","zone":"","station":"\u5e97\u8217\u517c\u5171\u540c\u4f4f\u5b85"},"type":"Point","coordinates":[34461,11372],"id":"feature_1120"},{"properties":{"price":37700,"use":"\u6cc9\u4f50\u91ce","zone":"","station":"\u5009\u5eab"},"type":"Point","coordinates":[34098,16871],"id":"feature_1121"},{"properties":{"price":36500,"use":"\u6cc9\u4f50\u91ce","zone":"","station":"\u5009\u5eab"},"type":"Point","coordinates":[33898,17574],"id":"feature_1122"},{"properties":{"price":69900,"use":"\u6cc9\u4f50\u91ce","zone":"","station":"\u4e8b\u52d9\u6240\u3001\u5de5\u5834\u517c\u5009\u5eab"},"type":"Point","coordinates":[28226,13497],"id":"feature_1123"},{"properties":{"price":105000,"use":"\u5bcc\u7530\u6797","zone":"","station":"\u4f4f\u5b85"},"type":"Point","coordinates":[72893,28355],"id":"feature_1124"},{"properties":{"price":69700,"use":"\u5bcc\u7530\u6797","zone":"","station":"\u4f4f\u5b85"},"type":"Point","coordinates":[73524,24464],"id":"feature_1125"},{"properties":{"price":89200,"use":"\u5bcc\u7530\u6797","zone":"","station":"\u4f4f\u5b85"},"type":"Point","coordinates":[80284,31331],"id":"feature_1126"},{"properties":{"price":90500,"use":"\u5bcc\u7530\u6797","zone":"","station":"\u4f4f\u5b85"},"type":"Point","coordinates":[77364,27422],"id":"feature_1127"},{"properties":{"price":100000,"use":"\u5bcc\u7530\u6797","zone":"","station":"\u4f4f\u5b85"},"type":"Point","coordinates":[73915,27991],"id":"feature_1128"},{"properties":{"price":87000,"use":"\u5bcc\u7530\u6797","zone":"","station":"\u4f4f\u5b85"},"type":"Point","coordinates":[78942,31216],"id":"feature_1129"},{"properties":{"price":68300,"use":"\u5bcc\u7530\u6797","zone":"","station":"\u4f4f\u5b85"},"type":"Point","coordinates":[76039,26785],"id":"feature_1130"},{"properties":{"price":63100,"use":"\u5bcc\u7530\u6797","zone":"","station":"\u4f4f\u5b85"},"type":"Point","coordinates":[80400,30326],"id":"feature_1131"},{"properties":{"price":105000,"use":"\u5bcc\u7530\u6797","zone":"","station":"\u4f4f\u5b85"},"type":"Point","coordinates":[75420,28181],"id":"feature_1132"},{"properties":{"price":73600,"use":"\u5bcc\u7530\u6797","zone":"","station":"\u4f4f\u5b85"},"type":"Point","coordinates":[79673,28542],"id":"feature_1133"},{"properties":{"price":41900,"use":"\u5bcc\u7530\u6797","zone":"","station":"\u4f4f\u5b85"},"type":"Point","coordinates":[81412,27845],"id":"feature_1134"},{"properties":{"price":57900,"use":"\u5bcc\u7530\u6797","zone":"","station":"\u4f4f\u5b85"},"type":"Point","coordinates":[78137,29775],"id":"feature_1135"},{"properties":{"price":80500,"use":"\u5bcc\u7530\u6797","zone":"","station":"\u4f4f\u5b85"},"type":"Point","coordinates":[77369,26526],"id":"feature_1136"},{"properties":{"price":20700,"use":"\u5bcc\u7530\u6797","zone":"","station":"\u4f4f\u5b85"},"type":"Point","coordinates":[79065,24922],"id":"feature_1137"},{"properties":{"price":86200,"use":"\u5bcc\u7530\u6797","zone":"","station":"\u4f4f\u5b85"},"type":"Point","coordinates":[78712,27620],"id":"feature_1138"},{"properties":{"price":70700,"use":"\u5bcc\u7530\u6797","zone":"","station":"\u4f4f\u5b85"},"type":"Point","coordinates":[76974,27984],"id":"feature_1139"},{"properties":{"price":103000,"use":"\u5bcc\u7530\u6797","zone":"","station":"\u4f4f\u5b85"},"type":"Point","coordinates":[73313,25972],"id":"feature_1140"},{"properties":{"price":144000,"use":"\u5bcc\u7530\u6797","zone":"","station":"\u4f4f\u5b85"},"type":"Point","coordinates":[72137,27363],"id":"feature_1141"},{"properties":{"price":93400,"use":"\u5bcc\u7530\u6797","zone":"","station":"\u4f4f\u5b85"},"type":"Point","coordinates":[78105,31689],"id":"feature_1142"},{"properties":{"price":75200,"use":"\u5bcc\u7530\u6797","zone":"","station":"\u4f4f\u5b85"},"type":"Point","coordinates":[72586,29405],"id":"feature_1143"},{"properties":{"price":108000,"use":"\u5bcc\u7530\u6797","zone":"","station":"\u4f4f\u5b85"},"type":"Point","coordinates":[74630,27432],"id":"feature_1144"},{"properties":{"price":79700,"use":"\u5bcc\u7530\u6797","zone":"","station":"\u4f4f\u5b85"},"type":"Point","coordinates":[79019,28701],"id":"feature_1145"},{"properties":{"price":56500,"use":"\u5bcc\u7530\u6797","zone":"","station":"\u4f4f\u5b85"},"type":"Point","coordinates":[79363,26508],"id":"feature_1146"},{"properties":{"price":71000,"use":"\u5bcc\u7530\u6797","zone":"","station":"\u4f4f\u5b85"},"type":"Point","coordinates":[75944,24540],"id":"feature_1147"},{"properties":{"price":54900,"use":"\u5bcc\u7530\u6797","zone":"","station":"\u4f4f\u5b85"},"type":"Point","coordinates":[74638,26296],"id":"feature_1148"},{"properties":{"price":44600,"use":"\u5bcc\u7530\u6797","zone":"","station":"\u4f4f\u5b85"},"type":"Point","coordinates":[79928,25823],"id":"feature_1149"},{"properties":{"price":108000,"use":"\u5bcc\u7530\u6797","zone":"","station":"\u4f4f\u5b85"},"type":"Point","coordinates":[77992,28169],"id":"feature_1150"},{"properties":{"price":30500,"use":"\u5bcc\u7530\u6797","zone":"","station":"\u96d1\u7a2e\u5730"},"type":"Point","coordinates":[80580,31054],"id":"feature_1151"},{"properties":{"price":135000,"use":"\u5bcc\u7530\u6797","zone":"","station":"\u5e97\u8217\u517c\u4f4f\u5b85"},"type":"Point","coordinates":[78037,27686],"id":"feature_1152"},{"properties":{"price":144000,"use":"\u5bcc\u7530\u6797","zone":"","station":"\u5e97\u8217\u3001\u4e8b\u52d9\u6240\u517c\u5171\u540c\u4f4f\u5b85\u7b49"},"type":"Point","coordinates":[78478,28367],"id":"feature_1153"},{"properties":{"price":158000,"use":"\u5bcc\u7530\u6797","zone":"","station":"\u5e97\u8217\u3001\u5171\u540c\u4f4f\u5b85\u517c\u4e8b\u52d9\u6240\u7b49"},"type":"Point","coordinates":[79580,31106],"id":"feature_1154"},{"properties":{"price":113000,"use":"\u5bcc\u7530\u6797","zone":"","station":"\u5e97\u8217"},"type":"Point","coordinates":[78476,28734],"id":"feature_1155"},{"properties":{"price":79000,"use":"\u5bcc\u7530\u6797","zone":"","station":"\u5de5\u5834\u517c\u4e8b\u52d9\u6240"},"type":"Point","coordinates":[80864,29825],"id":"feature_1156"},{"properties":{"price":1120,"use":"\u5bcc\u7530\u6797","zone":"","station":"\u5c71\u6797\uff08\u7528\u6750\u6797\uff09"},"type":"Point","coordinates":[77087,20859],"id":"feature_1157"},{"properties":{"price":136000,"use":"\u5bdd\u5c4b\u5ddd","zone":"","station":"\u4f4f\u5b85"},"type":"Point","coordinates":[85591,69281],"id":"feature_1158"},{"properties":{"price":112000,"use":"\u5bdd\u5c4b\u5ddd","zone":"","station":"\u4f4f\u5b85"},"type":"Point","coordinates":[86904,64934],"id":"feature_1159"},{"properties":{"price":133000,"use":"\u5bdd\u5c4b\u5ddd","zone":"","station":"\u4f4f\u5b85"},"type":"Point","coordinates":[79675,64726],"id":"feature_1160"},{"properties":{"price":100000,"use":"\u5bdd\u5c4b\u5ddd","zone":"","station":"\u4f4f\u5b85"},"type":"Point","coordinates":[77510,66980],"id":"feature_1161"},{"properties":{"price":187000,"use":"\u5bdd\u5c4b\u5ddd","zone":"","station":"\u4f4f\u5b85"},"type":"Point","coordinates":[82741,67042],"id":"feature_1162"},{"properties":{"price":145000,"use":"\u5bdd\u5c4b\u5ddd","zone":"","station":"\u4f4f\u5b85"},"type":"Point","coordinates":[81056,64210],"id":"feature_1163"},{"properties":{"price":133000,"use":"\u5bdd\u5c4b\u5ddd","zone":"","station":"\u7a7a\u5730"},"type":"Point","coordinates":[80456,67164],"id":"feature_1164"},{"properties":{"price":129000,"use":"\u5bdd\u5c4b\u5ddd","zone":"","station":"\u4f4f\u5b85"},"type":"Point","coordinates":[83813,68343],"id":"feature_1165"},{"properties":{"price":110000,"use":"\u5bdd\u5c4b\u5ddd","zone":"","station":"\u4f4f\u5b85"},"type":"Point","coordinates":[83968,66321],"id":"feature_1166"},{"properties":{"price":99000,"use":"\u5bdd\u5c4b\u5ddd","zone":"","station":"\u4f4f\u5b85"},"type":"Point","coordinates":[82242,63273],"id":"feature_1167"},{"properties":{"price":152000,"use":"\u5bdd\u5c4b\u5ddd","zone":"","station":"\u4f4f\u5b85"},"type":"Point","coordinates":[81648,67499],"id":"feature_1168"},{"properties":{"price":151000,"use":"\u5bdd\u5c4b\u5ddd","zone":"","station":"\u4f4f\u5b85"},"type":"Point","coordinates":[81909,65960],"id":"feature_1169"},{"properties":{"price":138000,"use":"\u5bdd\u5c4b\u5ddd","zone":"","station":"\u4f4f\u5b85"},"type":"Point","coordinates":[82158,68461],"id":"feature_1170"},{"properties":{"price":123000,"use":"\u5bdd\u5c4b\u5ddd","zone":"","station":"\u4f4f\u5b85"},"type":"Point","coordinates":[83412,65042],"id":"feature_1171"},{"properties":{"price":116000,"use":"\u5bdd\u5c4b\u5ddd","zone":"","station":"\u4f4f\u5b85"},"type":"Point","coordinates":[79298,65994],"id":"feature_1172"},{"properties":{"price":134000,"use":"\u5bdd\u5c4b\u5ddd","zone":"","station":"\u4f4f\u5b85"},"type":"Point","coordinates":[81871,69563],"id":"feature_1173"},{"properties":{"price":109000,"use":"\u5bdd\u5c4b\u5ddd","zone":"","station":"\u4f4f\u5b85"},"type":"Point","coordinates":[84793,65596],"id":"feature_1174"},{"properties":{"price":107000,"use":"\u5bdd\u5c4b\u5ddd","zone":"","station":"\u4f4f\u5b85"},"type":"Point","coordinates":[87233,67738],"id":"feature_1175"},{"properties":{"price":160000,"use":"\u5bdd\u5c4b\u5ddd","zone":"","station":"\u4f4f\u5b85"},"type":"Point","coordinates":[82905,70211],"id":"feature_1176"},{"properties":{"price":113000,"use":"\u5bdd\u5c4b\u5ddd","zone":"","station":"\u4f4f\u5b85"},"type":"Point","coordinates":[86300,68722],"id":"feature_1177"},{"properties":{"price":115000,"use":"\u5bdd\u5c4b\u5ddd","zone":"","station":"\u4f4f\u5b85"},"type":"Point","coordinates":[83674,65792],"id":"feature_1178"},{"properties":{"price":158000,"use":"\u5bdd\u5c4b\u5ddd","zone":"","station":"\u4f4f\u5b85"},"type":"Point","coordinates":[80605,63755],"id":"feature_1179"},{"properties":{"price":145000,"use":"\u5bdd\u5c4b\u5ddd","zone":"","station":"\u4f4f\u5b85"},"type":"Point","coordinates":[81166,65829],"id":"feature_1180"},{"properties":{"price":106000,"use":"\u5bdd\u5c4b\u5ddd","zone":"","station":"\u4f4f\u5b85"},"type":"Point","coordinates":[84332,67584],"id":"feature_1181"},{"properties":{"price":121000,"use":"\u5bdd\u5c4b\u5ddd","zone":"","station":"\u4f4f\u5b85"},"type":"Point","coordinates":[83771,61364],"id":"feature_1182"},{"properties":{"price":122000,"use":"\u5bdd\u5c4b\u5ddd","zone":"","station":"\u4f4f\u5b85"},"type":"Point","coordinates":[85495,67234],"id":"feature_1183"},{"properties":{"price":104000,"use":"\u5bdd\u5c4b\u5ddd","zone":"","station":"\u4f4f\u5b85"},"type":"Point","coordinates":[79606,67714],"id":"feature_1184"},{"properties":{"price":103000,"use":"\u5bdd\u5c4b\u5ddd","zone":"","station":"\u4f4f\u5b85"},"type":"Point","coordinates":[88007,64511],"id":"feature_1185"},{"properties":{"price":304000,"use":"\u5bdd\u5c4b\u5ddd","zone":"","station":"\u4e8b\u52d9\u6240\u3001\u5e97\u8217\u517c\u8eca\u5eab"},"type":"Point","coordinates":[82085,66331],"id":"feature_1186"},{"properties":{"price":198000,"use":"\u5bdd\u5c4b\u5ddd","zone":"","station":"\u5e97\u8217\u517c\u4f4f\u5b85"},"type":"Point","coordinates":[83001,66949],"id":"feature_1187"},{"properties":{"price":216000,"use":"\u5bdd\u5c4b\u5ddd","zone":"","station":"\u5e97\u8217\u517c\u4f4f\u5b85"},"type":"Point","coordinates":[83031,69651],"id":"feature_1188"},{"properties":{"price":161000,"use":"\u5bdd\u5c4b\u5ddd","zone":"","station":"\u5e97\u8217\u517c\u8eca\u5eab"},"type":"Point","coordinates":[80087,67907],"id":"feature_1189"},{"properties":{"price":143000,"use":"\u5bdd\u5c4b\u5ddd","zone":"","station":"\u4e8b\u52d9\u6240"},"type":"Point","coordinates":[82416,64287],"id":"feature_1190"},{"properties":{"price":420000,"use":"\u5bdd\u5c4b\u5ddd","zone":"","station":"\u5e97\u8217"},"type":"Point","coordinates":[83438,69619],"id":"feature_1191"},{"properties":{"price":159000,"use":"\u5bdd\u5c4b\u5ddd","zone":"","station":"\u5e97\u8217"},"type":"Point","coordinates":[83735,65160],"id":"feature_1192"},{"properties":{"price":100000,"use":"\u5bdd\u5c4b\u5ddd","zone":"","station":"\u5de5\u5834"},"type":"Point","coordinates":[81169,68836],"id":"feature_1193"},{"properties":{"price":47700,"use":"\u6cb3\u5185\u9577\u91ce","zone":"","station":"\u4f4f\u5b85"},"type":"Point","coordinates":[74308,19382],"id":"feature_1194"},{"properties":{"price":38100,"use":"\u6cb3\u5185\u9577\u91ce","zone":"","station":"\u4f4f\u5b85"},"type":"Point","coordinates":[73311,16462],"id":"feature_1195"},{"properties":{"price":19100,"use":"\u6cb3\u5185\u9577\u91ce","zone":"","station":"\u4f4f\u5b85"},"type":"Point","coordinates":[69737,16135],"id":"feature_1196"},{"properties":{"price":82300,"use":"\u6cb3\u5185\u9577\u91ce","zone":"","station":"\u4f4f\u5b85"},"type":"Point","coordinates":[71937,24359],"id":"feature_1197"},{"properties":{"price":87000,"use":"\u6cb3\u5185\u9577\u91ce","zone":"","station":"\u4f4f\u5b85"},"type":"Point","coordinates":[73167,23535],"id":"feature_1198"},{"properties":{"price":62100,"use":"\u6cb3\u5185\u9577\u91ce","zone":"","station":"\u4f4f\u5b85"},"type":"Point","coordinates":[75424,22590],"id":"feature_1199"},{"properties":{"price":62400,"use":"\u6cb3\u5185\u9577\u91ce","zone":"","station":"\u4f4f\u5b85"},"type":"Point","coordinates":[72381,23420],"id":"feature_1200"},{"properties":{"price":90700,"use":"\u6cb3\u5185\u9577\u91ce","zone":"","station":"\u4f4f\u5b85"},"type":"Point","coordinates":[73111,21100],"id":"feature_1201"},{"properties":{"price":81900,"use":"\u6cb3\u5185\u9577\u91ce","zone":"","station":"\u4f4f\u5b85"},"type":"Point","coordinates":[73879,17519],"id":"feature_1202"},{"properties":{"price":109000,"use":"\u6cb3\u5185\u9577\u91ce","zone":"","station":"\u4f4f\u5b85"},"type":"Point","coordinates":[73370,22621],"id":"feature_1203"},{"properties":{"price":68300,"use":"\u6cb3\u5185\u9577\u91ce","zone":"","station":"\u4f4f\u5b85"},"type":"Point","coordinates":[72104,21367],"id":"feature_1204"},{"properties":{"price":41900,"use":"\u6cb3\u5185\u9577\u91ce","zone":"","station":"\u4f4f\u5b85"},"type":"Point","coordinates":[72056,18589],"id":"feature_1205"},{"properties":{"price":45600,"use":"\u6cb3\u5185\u9577\u91ce","zone":"","station":"\u4f4f\u5b85"},"type":"Point","coordinates":[72940,17516],"id":"feature_1206"},{"properties":{"price":62000,"use":"\u6cb3\u5185\u9577\u91ce","zone":"","station":"\u4f4f\u5b85"},"type":"Point","coordinates":[74786,23346],"id":"feature_1207"},{"properties":{"price":67600,"use":"\u6cb3\u5185\u9577\u91ce","zone":"","station":"\u4f4f\u5b85"},"type":"Point","coordinates":[73552,18821],"id":"feature_1208"},{"properties":{"price":20900,"use":"\u6cb3\u5185\u9577\u91ce","zone":"","station":"\u4f4f\u5b85"},"type":"Point","coordinates":[66844,17622],"id":"feature_1209"},{"properties":{"price":67300,"use":"\u6cb3\u5185\u9577\u91ce","zone":"","station":"\u4f4f\u5b85"},"type":"Point","coordinates":[71412,17653],"id":"feature_1210"},{"properties":{"price":68400,"use":"\u6cb3\u5185\u9577\u91ce","zone":"","station":"\u4f4f\u5b85"},"type":"Point","coordinates":[71582,23871],"id":"feature_1211"},{"properties":{"price":66500,"use":"\u6cb3\u5185\u9577\u91ce","zone":"","station":"\u4f4f\u5b85"},"type":"Point","coordinates":[73124,19951],"id":"feature_1212"},{"properties":{"price":27900,"use":"\u6cb3\u5185\u9577\u91ce","zone":"","station":"\u4f4f\u5b85"},"type":"Point","coordinates":[74651,16218],"id":"feature_1213"},{"properties":{"price":81800,"use":"\u6cb3\u5185\u9577\u91ce","zone":"","station":"\u4f4f\u5b85"},"type":"Point","coordinates":[72229,21882],"id":"feature_1214"},{"properties":{"price":55800,"use":"\u6cb3\u5185\u9577\u91ce","zone":"","station":"\u4f4f\u5b85"},"type":"Point","coordinates":[71103,21704],"id":"feature_1215"},{"properties":{"price":70000,"use":"\u6cb3\u5185\u9577\u91ce","zone":"","station":"\u4f4f\u5b85"},"type":"Point","coordinates":[71950,20007],"id":"feature_1216"},{"properties":{"price":67300,"use":"\u6cb3\u5185\u9577\u91ce","zone":"","station":"\u4f4f\u5b85"},"type":"Point","coordinates":[71067,23209],"id":"feature_1217"},{"properties":{"price":68100,"use":"\u6cb3\u5185\u9577\u91ce","zone":"","station":"\u4f4f\u5b85"},"type":"Point","coordinates":[72493,20479],"id":"feature_1218"},{"properties":{"price":78800,"use":"\u6cb3\u5185\u9577\u91ce","zone":"","station":"\u4f4f\u5b85"},"type":"Point","coordinates":[73455,20193],"id":"feature_1219"},{"properties":{"price":29700,"use":"\u6cb3\u5185\u9577\u91ce","zone":"","station":"\u4f4f\u5b85"},"type":"Point","coordinates":[72850,15839],"id":"feature_1220"},{"properties":{"price":138000,"use":"\u6cb3\u5185\u9577\u91ce","zone":"","station":"\u5e97\u8217\u517c\u4f4f\u5b85"},"type":"Point","coordinates":[74098,20509],"id":"feature_1221"},{"properties":{"price":189000,"use":"\u6cb3\u5185\u9577\u91ce","zone":"","station":"\u4e8b\u52d9\u6240"},"type":"Point","coordinates":[72829,22813],"id":"feature_1222"},{"properties":{"price":86900,"use":"\u6cb3\u5185\u9577\u91ce","zone":"","station":"\u5e97\u8217"},"type":"Point","coordinates":[71344,17208],"id":"feature_1223"},{"properties":{"price":96000,"use":"\u6cb3\u5185\u9577\u91ce","zone":"","station":"\u5e97\u8217"},"type":"Point","coordinates":[73769,20500],"id":"feature_1224"},{"properties":{"price":123000,"use":"\u6cb3\u5185\u9577\u91ce","zone":"","station":"\u55b6\u696d\u6240\u517c\u4f5c\u696d\u6240"},"type":"Point","coordinates":[72566,21044],"id":"feature_1225"},{"properties":{"price":68000,"use":"\u6cb3\u5185\u9577\u91ce","zone":"","station":"\u5009\u5eab\u517c\u5de5\u5834"},"type":"Point","coordinates":[71115,20137],"id":"feature_1226"},{"properties":{"price":136000,"use":"\u677e\u539f","zone":"","station":"\u4f4f\u5b85"},"type":"Point","coordinates":[65897,39116],"id":"feature_1227"},{"properties":{"price":93200,"use":"\u677e\u539f","zone":"","station":"\u4f4f\u5b85"},"type":"Point","coordinates":[68281,41728],"id":"feature_1228"},{"properties":{"price":196000,"use":"\u677e\u539f","zone":"","station":"\u4f4f\u5b85"},"type":"Point","coordinates":[68030,40835],"id":"feature_1229"},{"properties":{"price":118000,"use":"\u677e\u539f","zone":"","station":"\u4f4f\u5b85"},"type":"Point","coordinates":[68878,39869],"id":"feature_1230"},{"properties":{"price":127000,"use":"\u677e\u539f","zone":"","station":"\u4f4f\u5b85"},"type":"Point","coordinates":[71933,37620],"id":"feature_1231"},{"properties":{"price":106000,"use":"\u677e\u539f","zone":"","station":"\u4f4f\u5b85"},"type":"Point","coordinates":[69089,38818],"id":"feature_1232"},{"properties":{"price":132000,"use":"\u677e\u539f","zone":"","station":"\u4f4f\u5b85"},"type":"Point","coordinates":[69967,38868],"id":"feature_1233"},{"properties":{"price":158000,"use":"\u677e\u539f","zone":"","station":"\u4f4f\u5b85"},"type":"Point","coordinates":[70910,39207],"id":"feature_1234"},{"properties":{"price":93100,"use":"\u677e\u539f","zone":"","station":"\u4f4f\u5b85"},"type":"Point","coordinates":[74728,39875],"id":"feature_1235"},{"properties":{"price":96000,"use":"\u677e\u539f","zone":"","station":"\u4f4f\u5b85"},"type":"Point","coordinates":[70949,36834],"id":"feature_1236"},{"properties":{"price":81500,"use":"\u677e\u539f","zone":"","station":"\u4f4f\u5b85"},"type":"Point","coordinates":[67465,38750],"id":"feature_1237"},{"properties":{"price":80100,"use":"\u677e\u539f","zone":"","station":"\u4f4f\u5b85"},"type":"Point","coordinates":[71850,36171],"id":"feature_1238"},{"properties":{"price":89700,"use":"\u677e\u539f","zone":"","station":"\u4f4f\u5b85"},"type":"Point","coordinates":[71159,40355],"id":"feature_1239"},{"properties":{"price":155000,"use":"\u677e\u539f","zone":"","station":"\u4f4f\u5b85"},"type":"Point","coordinates":[72389,39495],"id":"feature_1240"},{"properties":{"price":91000,"use":"\u677e\u539f","zone":"","station":"\u4f4f\u5b85"},"type":"Point","coordinates":[69204,38026],"id":"feature_1241"},{"properties":{"price":116000,"use":"\u677e\u539f","zone":"","station":"\u4f4f\u5b85"},"type":"Point","coordinates":[69850,38385],"id":"feature_1242"},{"properties":{"price":109000,"use":"\u677e\u539f","zone":"","station":"\u4f4f\u5b85"},"type":"Point","coordinates":[66801,40475],"id":"feature_1243"},{"properties":{"price":79900,"use":"\u677e\u539f","zone":"","station":"\u4f4f\u5b85"},"type":"Point","coordinates":[73195,40565],"id":"feature_1244"},{"properties":{"price":212000,"use":"\u677e\u539f","zone":"","station":"\u4e8b\u52d9\u6240"},"type":"Point","coordinates":[70851,38902],"id":"feature_1245"},{"properties":{"price":138000,"use":"\u677e\u539f","zone":"","station":"\u5e97\u8217\u517c\u4f4f\u5b85"},"type":"Point","coordinates":[68453,40378],"id":"feature_1246"},{"properties":{"price":111000,"use":"\u677e\u539f","zone":"","station":"\u55b6\u696d\u6240\u517c\u4f5c\u696d\u6240"},"type":"Point","coordinates":[71728,36496],"id":"feature_1247"},{"properties":{"price":85500,"use":"\u677e\u539f","zone":"","station":"\u5009\u5eab"},"type":"Point","coordinates":[70984,41380],"id":"feature_1248"},{"properties":{"price":114000,"use":"\u677e\u539f","zone":"","station":"\u4e8b\u52d9\u6240\u3001\u5009\u5eab\u517c\u5bc4\u5bbf\u820e"},"type":"Point","coordinates":[73982,40003],"id":"feature_1249"},{"properties":{"price":187000,"use":"\u5927\u6771","zone":"","station":"\u4f4f\u5b85"},"type":"Point","coordinates":[84043,61538],"id":"feature_1250"},{"properties":{"price":105000,"use":"\u5927\u6771","zone":"","station":"\u4f4f\u5b85"},"type":"Point","coordinates":[82750,60560],"id":"feature_1251"},{"properties":{"price":159000,"use":"\u5927\u6771","zone":"","station":"\u4f4f\u5b85"},"type":"Point","coordinates":[82764,58497],"id":"feature_1252"},{"properties":{"price":137000,"use":"\u5927\u6771","zone":"","station":"\u4f4f\u5b85"},"type":"Point","coordinates":[83990,57945],"id":"feature_1253"},{"properties":{"price":97600,"use":"\u5927\u6771","zone":"","station":"\u4f4f\u5b85"},"type":"Point","coordinates":[85696,59226],"id":"feature_1254"},{"properties":{"price":146000,"use":"\u5927\u6771","zone":"","station":"\u4f4f\u5b85"},"type":"Point","coordinates":[84943,60052],"id":"feature_1255"},{"properties":{"price":132000,"use":"\u5927\u6771","zone":"","station":"\u4f4f\u5b85"},"type":"Point","coordinates":[80395,58167],"id":"feature_1256"},{"properties":{"price":141000,"use":"\u5927\u6771","zone":"","station":"\u4f4f\u5b85"},"type":"Point","coordinates":[80917,58861],"id":"feature_1257"},{"properties":{"price":138000,"use":"\u5927\u6771","zone":"","station":"\u4f4f\u5b85"},"type":"Point","coordinates":[83538,60114],"id":"feature_1258"},{"properties":{"price":130000,"use":"\u5927\u6771","zone":"","station":"\u4f4f\u5b85"},"type":"Point","coordinates":[80633,56961],"id":"feature_1259"},{"properties":{"price":129000,"use":"\u5927\u6771","zone":"","station":"\u4f4f\u5b85"},"type":"Point","coordinates":[82637,59899],"id":"feature_1260"},{"properties":{"price":78900,"use":"\u5927\u6771","zone":"","station":"\u4f4f\u5b85"},"type":"Point","coordinates":[86211,57966],"id":"feature_1261"},{"properties":{"price":127000,"use":"\u5927\u6771","zone":"","station":"\u4f4f\u5b85"},"type":"Point","coordinates":[83523,57614],"id":"feature_1262"},{"properties":{"price":147000,"use":"\u5927\u6771","zone":"","station":"\u4f4f\u5b85"},"type":"Point","coordinates":[78409,57434],"id":"feature_1263"},{"properties":{"price":172000,"use":"\u5927\u6771","zone":"","station":"\u4f4f\u5b85"},"type":"Point","coordinates":[84278,59346],"id":"feature_1264"},{"properties":{"price":167000,"use":"\u5927\u6771","zone":"","station":"\u4f4f\u5b85"},"type":"Point","coordinates":[85124,61196],"id":"feature_1265"},{"properties":{"price":74000,"use":"\u5927\u6771","zone":"","station":"\u4f4f\u5b85"},"type":"Point","coordinates":[86059,60506],"id":"feature_1266"},{"properties":{"price":200000,"use":"\u5927\u6771","zone":"","station":"\u5e97\u8217\u517c\u4f4f\u5b85"},"type":"Point","coordinates":[82355,58069],"id":"feature_1267"},{"properties":{"price":201000,"use":"\u5927\u6771","zone":"","station":"\u5e97\u8217"},"type":"Point","coordinates":[84858,59910],"id":"feature_1268"},{"properties":{"price":320000,"use":"\u5927\u6771","zone":"","station":"\u4e8b\u52d9\u6240"},"type":"Point","coordinates":[82032,58284],"id":"feature_1269"},{"properties":{"price":202000,"use":"\u5927\u6771","zone":"","station":"\u4e8b\u52d9\u6240"},"type":"Point","coordinates":[81351,57901],"id":"feature_1270"},{"properties":{"price":216000,"use":"\u5927\u6771","zone":"","station":"\u5e97\u8217\u517c\u5171\u540c\u4f4f\u5b85"},"type":"Point","coordinates":[81232,58525],"id":"feature_1271"},{"properties":{"price":146000,"use":"\u5927\u6771","zone":"","station":"\u4e8b\u52d9\u6240\u3001\u5e97\u8217\u517c\u5de5\u5834"},"type":"Point","coordinates":[84983,57817],"id":"feature_1272"},{"properties":{"price":114000,"use":"\u5927\u6771","zone":"","station":"\u5009\u5eab\u517c\u4e8b\u52d9\u6240"},"type":"Point","coordinates":[78862,58982],"id":"feature_1273"},{"properties":{"price":118000,"use":"\u5927\u6771","zone":"","station":"\u5de5\u5834"},"type":"Point","coordinates":[81173,59433],"id":"feature_1274"},{"properties":{"price":124000,"use":"\u5927\u6771","zone":"","station":"\u5009\u5eab"},"type":"Point","coordinates":[81069,59761],"id":"feature_1275"},{"properties":{"price":115000,"use":"\u5927\u6771","zone":"","station":"\u5009\u5eab\u517c\u4e8b\u52d9\u6240"},"type":"Point","coordinates":[79035,58348],"id":"feature_1276"},{"properties":{"price":83000,"use":"\u548c\u6cc9","zone":"","station":"\u4f4f\u5b85"},"type":"Point","coordinates":[53340,28855],"id":"feature_1277"},{"properties":{"price":98000,"use":"\u548c\u6cc9","zone":"","station":"\u4f4f\u5b85"},"type":"Point","coordinates":[52743,29226],"id":"feature_1278"},{"properties":{"price":77700,"use":"\u548c\u6cc9","zone":"","station":"\u4f4f\u5b85"},"type":"Point","coordinates":[51440,24191],"id":"feature_1279"},{"properties":{"price":80300,"use":"\u548c\u6cc9","zone":"","station":"\u4f4f\u5b85"},"type":"Point","coordinates":[53035,23122],"id":"feature_1280"},{"properties":{"price":94000,"use":"\u548c\u6cc9","zone":"","station":"\u4f4f\u5b85"},"type":"Point","coordinates":[52333,29052],"id":"feature_1281"},{"properties":{"price":95300,"use":"\u548c\u6cc9","zone":"","station":"\u4f4f\u5b85"},"type":"Point","coordinates":[57946,22698],"id":"feature_1282"},{"properties":{"price":64600,"use":"\u548c\u6cc9","zone":"","station":"\u4f4f\u5b85"},"type":"Point","coordinates":[57529,20439],"id":"feature_1283"},{"properties":{"price":86200,"use":"\u548c\u6cc9","zone":"","station":"\u4f4f\u5b85"},"type":"Point","coordinates":[55018,19291],"id":"feature_1284"},{"properties":{"price":82400,"use":"\u548c\u6cc9","zone":"","station":"\u4f4f\u5b85"},"type":"Point","coordinates":[57339,19353],"id":"feature_1285"},{"properties":{"price":81500,"use":"\u548c\u6cc9","zone":"","station":"\u4f4f\u5b85"},"type":"Point","coordinates":[50876,26571],"id":"feature_1286"},{"properties":{"price":65500,"use":"\u548c\u6cc9","zone":"","station":"\u4f4f\u5b85"},"type":"Point","coordinates":[50638,23507],"id":"feature_1287"},{"properties":{"price":73700,"use":"\u548c\u6cc9","zone":"","station":"\u4f4f\u5b85"},"type":"Point","coordinates":[49149,23842],"id":"feature_1288"},{"properties":{"price":70500,"use":"\u548c\u6cc9","zone":"","station":"\u4f4f\u5b85"},"type":"Point","coordinates":[52661,25439],"id":"feature_1289"},{"properties":{"price":71900,"use":"\u548c\u6cc9","zone":"","station":"\u4f4f\u5b85"},"type":"Point","coordinates":[54239,28479],"id":"feature_1290"},{"properties":{"price":72400,"use":"\u548c\u6cc9","zone":"","station":"\u4f4f\u5b85"},"type":"Point","coordinates":[54144,20407],"id":"feature_1291"},{"properties":{"price":88000,"use":"\u548c\u6cc9","zone":"","station":"\u4f4f\u5b85"},"type":"Point","coordinates":[56254,22428],"id":"feature_1292"},{"properties":{"price":65700,"use":"\u548c\u6cc9","zone":"","station":"\u4f4f\u5b85"},"type":"Point","coordinates":[55200,18651],"id":"feature_1293"},{"properties":{"price":60100,"use":"\u548c\u6cc9","zone":"","station":"\u4f4f\u5b85"},"type":"Point","coordinates":[54053,25288],"id":"feature_1294"},{"properties":{"price":92000,"use":"\u548c\u6cc9","zone":"","station":"\u4f4f\u5b85"},"type":"Point","coordinates":[57084,24161],"id":"feature_1295"},{"properties":{"price":83800,"use":"\u548c\u6cc9","zone":"","station":"\u4f4f\u5b85"},"type":"Point","coordinates":[48934,24630],"id":"feature_1296"},{"properties":{"price":92800,"use":"\u548c\u6cc9","zone":"","station":"\u4f4f\u5b85"},"type":"Point","coordinates":[48772,25115],"id":"feature_1297"},{"properties":{"price":67600,"use":"\u548c\u6cc9","zone":"","station":"\u4f4f\u5b85"},"type":"Point","coordinates":[52566,21983],"id":"feature_1298"},{"properties":{"price":76800,"use":"\u548c\u6cc9","zone":"","station":"\u4f4f\u5b85"},"type":"Point","coordinates":[60132,21545],"id":"feature_1299"},{"properties":{"price":72500,"use":"\u548c\u6cc9","zone":"","station":"\u4f4f\u5b85"},"type":"Point","coordinates":[50579,27242],"id":"feature_1300"},{"properties":{"price":80000,"use":"\u548c\u6cc9","zone":"","station":"\u4f4f\u5b85"},"type":"Point","coordinates":[51711,23414],"id":"feature_1301"},{"properties":{"price":77800,"use":"\u548c\u6cc9","zone":"","station":"\u4f4f\u5b85"},"type":"Point","coordinates":[52170,28259],"id":"feature_1302"},{"properties":{"price":98100,"use":"\u548c\u6cc9","zone":"","station":"\u4f4f\u5b85"},"type":"Point","coordinates":[55757,20660],"id":"feature_1303"},{"properties":{"price":104000,"use":"\u548c\u6cc9","zone":"","station":"\u4f4f\u5b85"},"type":"Point","coordinates":[50838,25506],"id":"feature_1304"},{"properties":{"price":20500,"use":"\u548c\u6cc9","zone":"","station":"\u4f4f\u5b85"},"type":"Point","coordinates":[60772,16283],"id":"feature_1305"},{"properties":{"price":103000,"use":"\u548c\u6cc9","zone":"","station":"\u4f4f\u5b85"},"type":"Point","coordinates":[50133,25304],"id":"feature_1306"},{"properties":{"price":62300,"use":"\u548c\u6cc9","zone":"","station":"\u4f4f\u5b85"},"type":"Point","coordinates":[55095,28697],"id":"feature_1307"},{"properties":{"price":67000,"use":"\u548c\u6cc9","zone":"","station":"\u4f4f\u5b85"},"type":"Point","coordinates":[51787,22693],"id":"feature_1308"},{"properties":{"price":109000,"use":"\u548c\u6cc9","zone":"","station":"\u4f4f\u5b85"},"type":"Point","coordinates":[55457,22344],"id":"feature_1309"},{"properties":{"price":203000,"use":"\u548c\u6cc9","zone":"","station":"\u5e97\u8217\u517c\u4e8b\u52d9\u6240"},"type":"Point","coordinates":[49705,25758],"id":"feature_1310"},{"properties":{"price":99000,"use":"\u548c\u6cc9","zone":"","station":"\u5e97\u8217\u517c\u5171\u540c\u4f4f\u5b85"},"type":"Point","coordinates":[51101,27450],"id":"feature_1311"},{"properties":{"price":150000,"use":"\u548c\u6cc9","zone":"","station":"\u5e97\u8217\u517c\u4f5c\u696d\u5834"},"type":"Point","coordinates":[55405,21751],"id":"feature_1312"},{"properties":{"price":220000,"use":"\u7b95\u9762","zone":"","station":"\u4f4f\u5b85"},"type":"Point","coordinates":[54768,75575],"id":"feature_1313"},{"properties":{"price":258000,"use":"\u7b95\u9762","zone":"","station":"\u4f4f\u5b85"},"type":"Point","coordinates":[56617,76448],"id":"feature_1314"},{"properties":{"price":237000,"use":"\u7b95\u9762","zone":"","station":"\u4f4f\u5b85"},"type":"Point","coordinates":[60034,76505],"id":"feature_1315"},{"properties":{"price":270000,"use":"\u7b95\u9762","zone":"","station":"\u4f4f\u5b85"},"type":"Point","coordinates":[55853,74613],"id":"feature_1316"},{"properties":{"price":184000,"use":"\u7b95\u9762","zone":"","station":"\u4f4f\u5b85"},"type":"Point","coordinates":[53855,74038],"id":"feature_1317"},{"properties":{"price":136000,"use":"\u7b95\u9762","zone":"","station":"\u4f4f\u5b85"},"type":"Point","coordinates":[64157,77606],"id":"feature_1318"},{"properties":{"price":178000,"use":"\u7b95\u9762","zone":"","station":"\u4f4f\u5b85"},"type":"Point","coordinates":[61618,77959],"id":"feature_1319"},{"properties":{"price":235000,"use":"\u7b95\u9762","zone":"","station":"\u4f4f\u5b85"},"type":"Point","coordinates":[57545,75476],"id":"feature_1320"},{"properties":{"price":204000,"use":"\u7b95\u9762","zone":"","station":"\u4f4f\u5b85"},"type":"Point","coordinates":[55548,73683],"id":"feature_1321"},{"properties":{"price":201000,"use":"\u7b95\u9762","zone":"","station":"\u4f4f\u5b85"},"type":"Point","coordinates":[61662,75808],"id":"feature_1322"},{"properties":{"price":215000,"use":"\u7b95\u9762","zone":"","station":"\u4f4f\u5b85"},"type":"Point","coordinates":[60660,77312],"id":"feature_1323"},{"properties":{"price":215000,"use":"\u7b95\u9762","zone":"","station":"\u4f4f\u5b85"},"type":"Point","coordinates":[64374,76079],"id":"feature_1324"},{"properties":{"price":107000,"use":"\u7b95\u9762","zone":"","station":"\u4f4f\u5b85"},"type":"Point","coordinates":[64775,79110],"id":"feature_1325"},{"properties":{"price":155000,"use":"\u7b95\u9762","zone":"","station":"\u4f4f\u5b85"},"type":"Point","coordinates":[57629,77260],"id":"feature_1326"},{"properties":{"price":255000,"use":"\u7b95\u9762","zone":"","station":"\u4f4f\u5b85"},"type":"Point","coordinates":[58116,76619],"id":"feature_1327"},{"properties":{"price":50500,"use":"\u7b95\u9762","zone":"","station":"\u4f4f\u5b85"},"type":"Point","coordinates":[63163,79020],"id":"feature_1328"},{"properties":{"price":258000,"use":"\u7b95\u9762","zone":"","station":"\u4f4f\u5b85"},"type":"Point","coordinates":[56596,74871],"id":"feature_1329"},{"properties":{"price":127000,"use":"\u7b95\u9762","zone":"","station":"\u4f4f\u5b85"},"type":"Point","coordinates":[64219,76781],"id":"feature_1330"},{"properties":{"price":276000,"use":"\u7b95\u9762","zone":"","station":"\u4f4f\u5b85"},"type":"Point","coordinates":[59525,75058],"id":"feature_1331"},{"properties":{"price":163000,"use":"\u7b95\u9762","zone":"","station":"\u4f4f\u5b85"},"type":"Point","coordinates":[63232,76645],"id":"feature_1332"},{"properties":{"price":200000,"use":"\u7b95\u9762","zone":"","station":"\u4f4f\u5b85"},"type":"Point","coordinates":[55615,76072],"id":"feature_1333"},{"properties":{"price":179000,"use":"\u7b95\u9762","zone":"","station":"\u4f4f\u5b85"},"type":"Point","coordinates":[66038,75964],"id":"feature_1334"},{"properties":{"price":186000,"use":"\u7b95\u9762","zone":"","station":"\u4f4f\u5b85"},"type":"Point","coordinates":[58794,77032],"id":"feature_1335"},{"properties":{"price":212000,"use":"\u7b95\u9762","zone":"","station":"\u4f4f\u5b85"},"type":"Point","coordinates":[54309,75145],"id":"feature_1336"},{"properties":{"price":206000,"use":"\u7b95\u9762","zone":"","station":"\u4f4f\u5b85"},"type":"Point","coordinates":[56810,75687],"id":"feature_1337"},{"properties":{"price":130000,"use":"\u7b95\u9762","zone":"","station":"\u4f4f\u5b85"},"type":"Point","coordinates":[64426,80239],"id":"feature_1338"},{"properties":{"price":72500,"use":"\u7b95\u9762","zone":"","station":"\u4f4f\u5b85"},"type":"Point","coordinates":[55156,84414],"id":"feature_1339"},{"properties":{"price":222000,"use":"\u7b95\u9762","zone":"","station":"\u5e97\u8217"},"type":"Point","coordinates":[55480,73796],"id":"feature_1340"},{"properties":{"price":310000,"use":"\u7b95\u9762","zone":"","station":"\u5e97\u8217"},"type":"Point","coordinates":[55675,74384],"id":"feature_1341"},{"properties":{"price":293000,"use":"\u7b95\u9762","zone":"","station":"\u5e97\u8217\u517c\u4f4f\u5b85"},"type":"Point","coordinates":[57467,75255],"id":"feature_1342"},{"properties":{"price":680000,"use":"\u7b95\u9762","zone":"","station":"\u5e97\u8217\u517c\u4e8b\u52d9\u6240"},"type":"Point","coordinates":[60496,75151],"id":"feature_1343"},{"properties":{"price":208000,"use":"\u7b95\u9762","zone":"","station":"\u5e97\u8217"},"type":"Point","coordinates":[64716,77054],"id":"feature_1344"},{"properties":{"price":380000,"use":"\u7b95\u9762","zone":"","station":"\u5e97\u8217"},"type":"Point","coordinates":[60344,76811],"id":"feature_1345"},{"properties":{"price":131000,"use":"\u67cf\u539f","zone":"","station":"\u4f4f\u5b85"},"type":"Point","coordinates":[84217,37192],"id":"feature_1346"},{"properties":{"price":76900,"use":"\u67cf\u539f","zone":"","station":"\u4f4f\u5b85"},"type":"Point","coordinates":[86192,37477],"id":"feature_1347"},{"properties":{"price":91000,"use":"\u67cf\u539f","zone":"","station":"\u4f4f\u5b85"},"type":"Point","coordinates":[85047,36930],"id":"feature_1348"},{"properties":{"price":127000,"use":"\u67cf\u539f","zone":"","station":"\u4f4f\u5b85"},"type":"Point","coordinates":[82687,41887],"id":"feature_1349"},{"properties":{"price":117000,"use":"\u67cf\u539f","zone":"","station":"\u4f4f\u5b85"},"type":"Point","coordinates":[81781,40420],"id":"feature_1350"},{"properties":{"price":149000,"use":"\u67cf\u539f","zone":"","station":"\u4f4f\u5b85"},"type":"Point","coordinates":[82724,40183],"id":"feature_1351"},{"properties":{"price":76700,"use":"\u67cf\u539f","zone":"","station":"\u4f4f\u5b85"},"type":"Point","coordinates":[82811,37046],"id":"feature_1352"},{"properties":{"price":81300,"use":"\u67cf\u539f","zone":"","station":"\u4f4f\u5b85"},"type":"Point","coordinates":[83794,40714],"id":"feature_1353"},{"properties":{"price":90800,"use":"\u67cf\u539f","zone":"","station":"\u4f4f\u5b85"},"type":"Point","coordinates":[81474,41041],"id":"feature_1354"},{"properties":{"price":29500,"use":"\u67cf\u539f","zone":"","station":"\u4f4f\u5b85"},"type":"Point","coordinates":[88057,38564],"id":"feature_1355"},{"properties":{"price":85800,"use":"\u67cf\u539f","zone":"","station":"\u4f4f\u5b85"},"type":"Point","coordinates":[84205,36109],"id":"feature_1356"},{"properties":{"price":83700,"use":"\u67cf\u539f","zone":"","station":"\u4f4f\u5b85"},"type":"Point","coordinates":[85998,38553],"id":"feature_1357"},{"properties":{"price":106000,"use":"\u67cf\u539f","zone":"","station":"\u4f4f\u5b85"},"type":"Point","coordinates":[81223,40092],"id":"feature_1358"},{"properties":{"price":104000,"use":"\u67cf\u539f","zone":"","station":"\u4f4f\u5b85"},"type":"Point","coordinates":[83676,37704],"id":"feature_1359"},{"properties":{"price":113000,"use":"\u67cf\u539f","zone":"","station":"\u4f4f\u5b85"},"type":"Point","coordinates":[83356,41797],"id":"feature_1360"},{"properties":{"price":86000,"use":"\u67cf\u539f","zone":"","station":"\u4f4f\u5b85"},"type":"Point","coordinates":[85478,37662],"id":"feature_1361"},{"properties":{"price":83400,"use":"\u67cf\u539f","zone":"","station":"\u4f4f\u5b85"},"type":"Point","coordinates":[85531,36260],"id":"feature_1362"},{"properties":{"price":174000,"use":"\u67cf\u539f","zone":"","station":"\u5e97\u8217\u517c\u4e8b\u52d9\u6240"},"type":"Point","coordinates":[84273,37432],"id":"feature_1363"},{"properties":{"price":160000,"use":"\u67cf\u539f","zone":"","station":"\u5e97\u8217\u517c\u4f4f\u5b85"},"type":"Point","coordinates":[82130,40327],"id":"feature_1364"},{"properties":{"price":78800,"use":"\u67cf\u539f","zone":"","station":"\u5de5\u5834\u517c\u4e8b\u52d9\u6240"},"type":"Point","coordinates":[80474,40991],"id":"feature_1365"},{"properties":{"price":54600,"use":"\u67cf\u539f","zone":"","station":"\u5de5\u5834\u517c\u4e8b\u52d9\u6240"},"type":"Point","coordinates":[83001,36019],"id":"feature_1366"},{"properties":{"price":165000,"use":"\u7fbd\u66f3\u91ce","zone":"","station":"\u4f4f\u5b85"},"type":"Point","coordinates":[79403,35607],"id":"feature_1367"},{"properties":{"price":87100,"use":"\u7fbd\u66f3\u91ce","zone":"","station":"\u4f4f\u5b85"},"type":"Point","coordinates":[75848,39259],"id":"feature_1368"},{"properties":{"price":88800,"use":"\u7fbd\u66f3\u91ce","zone":"","station":"\u4f4f\u5b85"},"type":"Point","coordinates":[75007,37652],"id":"feature_1369"},{"properties":{"price":85600,"use":"\u7fbd\u66f3\u91ce","zone":"","station":"\u4f4f\u5b85"},"type":"Point","coordinates":[78265,34816],"id":"feature_1370"},{"properties":{"price":76300,"use":"\u7fbd\u66f3\u91ce","zone":"","station":"\u4f4f\u5b85"},"type":"Point","coordinates":[76819,33561],"id":"feature_1371"},{"properties":{"price":101000,"use":"\u7fbd\u66f3\u91ce","zone":"","station":"\u4f4f\u5b85"},"type":"Point","coordinates":[80088,34287],"id":"feature_1372"},{"properties":{"price":79800,"use":"\u7fbd\u66f3\u91ce","zone":"","station":"\u4f4f\u5b85"},"type":"Point","coordinates":[75768,34854],"id":"feature_1373"},{"properties":{"price":80000,"use":"\u7fbd\u66f3\u91ce","zone":"","station":"\u4f4f\u5b85"},"type":"Point","coordinates":[77636,35910],"id":"feature_1374"},{"properties":{"price":96600,"use":"\u7fbd\u66f3\u91ce","zone":"","station":"\u4f4f\u5b85"},"type":"Point","coordinates":[80646,35044],"id":"feature_1375"},{"properties":{"price":73700,"use":"\u7fbd\u66f3\u91ce","zone":"","station":"\u4f4f\u5b85"},"type":"Point","coordinates":[74105,36314],"id":"feature_1376"},{"properties":{"price":69800,"use":"\u7fbd\u66f3\u91ce","zone":"","station":"\u4f4f\u5b85"},"type":"Point","coordinates":[80197,32257],"id":"feature_1377"},{"properties":{"price":89700,"use":"\u7fbd\u66f3\u91ce","zone":"","station":"\u4f4f\u5b85"},"type":"Point","coordinates":[77139,35389],"id":"feature_1378"},{"properties":{"price":100000,"use":"\u7fbd\u66f3\u91ce","zone":"","station":"\u4f4f\u5b85"},"type":"Point","coordinates":[80380,35988],"id":"feature_1379"},{"properties":{"price":101000,"use":"\u7fbd\u66f3\u91ce","zone":"","station":"\u4f4f\u5b85"},"type":"Point","coordinates":[74558,38758],"id":"feature_1380"},{"properties":{"price":109000,"use":"\u7fbd\u66f3\u91ce","zone":"","station":"\u4f4f\u5b85"},"type":"Point","coordinates":[73657,37883],"id":"feature_1381"},{"properties":{"price":36300,"use":"\u7fbd\u66f3\u91ce","zone":"","station":"\u4f4f\u5b85"},"type":"Point","coordinates":[82780,34001],"id":"feature_1382"},{"properties":{"price":65900,"use":"\u7fbd\u66f3\u91ce","zone":"","station":"\u4f4f\u5b85"},"type":"Point","coordinates":[76234,36591],"id":"feature_1383"},{"properties":{"price":53400,"use":"\u7fbd\u66f3\u91ce","zone":"","station":"\u4f4f\u5b85"},"type":"Point","coordinates":[74694,35114],"id":"feature_1384"},{"properties":{"price":92700,"use":"\u7fbd\u66f3\u91ce","zone":"","station":"\u4f4f\u5b85"},"type":"Point","coordinates":[76012,37261],"id":"feature_1385"},{"properties":{"price":82000,"use":"\u7fbd\u66f3\u91ce","zone":"","station":"\u4f4f\u5b85"},"type":"Point","coordinates":[75975,35781],"id":"feature_1386"},{"properties":{"price":96100,"use":"\u7fbd\u66f3\u91ce","zone":"","station":"\u4f4f\u5b85"},"type":"Point","coordinates":[75301,38180],"id":"feature_1387"},{"properties":{"price":136000,"use":"\u7fbd\u66f3\u91ce","zone":"","station":"\u5e97\u8217\u517c\u4f4f\u5b85"},"type":"Point","coordinates":[74254,38693],"id":"feature_1388"},{"properties":{"price":113000,"use":"\u7fbd\u66f3\u91ce","zone":"","station":"\u5e97\u8217"},"type":"Point","coordinates":[75765,36165],"id":"feature_1389"},{"properties":{"price":122000,"use":"\u7fbd\u66f3\u91ce","zone":"","station":"\u5e97\u8217"},"type":"Point","coordinates":[76129,38616],"id":"feature_1390"},{"properties":{"price":68700,"use":"\u7fbd\u66f3\u91ce","zone":"","station":"\u5de5\u5834"},"type":"Point","coordinates":[73339,36541],"id":"feature_1391"},{"properties":{"price":54600,"use":"\u7fbd\u66f3\u91ce","zone":"","station":"\u5009\u5eab"},"type":"Point","coordinates":[81005,32521],"id":"feature_1392"},{"properties":{"price":149000,"use":"\u9580\u771f","zone":"","station":"\u4f4f\u5b85"},"type":"Point","coordinates":[79787,63099],"id":"feature_1393"},{"properties":{"price":95600,"use":"\u9580\u771f","zone":"","station":"\u4f4f\u5b85"},"type":"Point","coordinates":[81909,60941],"id":"feature_1394"},{"properties":{"price":132000,"use":"\u9580\u771f","zone":"","station":"\u4f4f\u5b85"},"type":"Point","coordinates":[77482,63691],"id":"feature_1395"},{"properties":{"price":119000,"use":"\u9580\u771f","zone":"","station":"\u4f4f\u5b85"},"type":"Point","coordinates":[78617,61576],"id":"feature_1396"},{"properties":{"price":120000,"use":"\u9580\u771f","zone":"","station":"\u4f4f\u5b85"},"type":"Point","coordinates":[76798,61838],"id":"feature_1397"},{"properties":{"price":126000,"use":"\u9580\u771f","zone":"","station":"\u4f4f\u5b85"},"type":"Point","coordinates":[80215,60734],"id":"feature_1398"},{"properties":{"price":131000,"use":"\u9580\u771f","zone":"","station":"\u4f4f\u5b85"},"type":"Point","coordinates":[75819,63697],"id":"feature_1399"},{"properties":{"price":128000,"use":"\u9580\u771f","zone":"","station":"\u4f4f\u5b85"},"type":"Point","coordinates":[79701,62295],"id":"feature_1400"},{"properties":{"price":114000,"use":"\u9580\u771f","zone":"","station":"\u4f4f\u5b85"},"type":"Point","coordinates":[78143,60543],"id":"feature_1401"},{"properties":{"price":106000,"use":"\u9580\u771f","zone":"","station":"\u4f4f\u5b85"},"type":"Point","coordinates":[82130,62522],"id":"feature_1402"},{"properties":{"price":151000,"use":"\u9580\u771f","zone":"","station":"\u4f4f\u5b85"},"type":"Point","coordinates":[79227,63641],"id":"feature_1403"},{"properties":{"price":122000,"use":"\u9580\u771f","zone":"","station":"\u4f4f\u5b85"},"type":"Point","coordinates":[79570,61284],"id":"feature_1404"},{"properties":{"price":144000,"use":"\u9580\u771f","zone":"","station":"\u4f4f\u5b85"},"type":"Point","coordinates":[75043,62241],"id":"feature_1405"},{"properties":{"price":100000,"use":"\u9580\u771f","zone":"","station":"\u4f4f\u5b85"},"type":"Point","coordinates":[81209,60313],"id":"feature_1406"},{"properties":{"price":143000,"use":"\u9580\u771f","zone":"","station":"\u4f4f\u5b85"},"type":"Point","coordinates":[75155,62805],"id":"feature_1407"},{"properties":{"price":151000,"use":"\u9580\u771f","zone":"","station":"\u4f4f\u5b85"},"type":"Point","coordinates":[76452,62307],"id":"feature_1408"},{"properties":{"price":127000,"use":"\u9580\u771f","zone":"","station":"\u4f4f\u5b85"},"type":"Point","coordinates":[79319,62575],"id":"feature_1409"},{"properties":{"price":105000,"use":"\u9580\u771f","zone":"","station":"\u4f4f\u5b85"},"type":"Point","coordinates":[80044,61943],"id":"feature_1410"},{"properties":{"price":262000,"use":"\u9580\u771f","zone":"","station":"\u4e8b\u52d9\u6240"},"type":"Point","coordinates":[77231,62755],"id":"feature_1411"},{"properties":{"price":155000,"use":"\u9580\u771f","zone":"","station":"\u5e97\u8217\u517c\u5171\u540c\u4f4f\u5b85"},"type":"Point","coordinates":[75360,62978],"id":"feature_1412"},{"properties":{"price":195000,"use":"\u9580\u771f","zone":"","station":"\u5e97\u8217\u517c\u5171\u540c\u4f4f\u5b85"},"type":"Point","coordinates":[78752,63427],"id":"feature_1413"},{"properties":{"price":180000,"use":"\u9580\u771f","zone":"","station":"\u5e97\u8217"},"type":"Point","coordinates":[78324,62149],"id":"feature_1414"},{"properties":{"price":127000,"use":"\u9580\u771f","zone":"","station":"\u5009\u5eab\u517c\u4e8b\u52d9\u6240"},"type":"Point","coordinates":[79185,59630],"id":"feature_1415"},{"properties":{"price":131000,"use":"\u9580\u771f","zone":"","station":"\u5009\u5eab\u517c\u4e8b\u52d9\u6240"},"type":"Point","coordinates":[80841,61566],"id":"feature_1416"},{"properties":{"price":193000,"use":"\u6442\u6d25","zone":"","station":"\u4f4f\u5b85"},"type":"Point","coordinates":[70565,67683],"id":"feature_1417"},{"properties":{"price":122000,"use":"\u6442\u6d25","zone":"","station":"\u4f4f\u5b85"},"type":"Point","coordinates":[77574,69076],"id":"feature_1418"},{"properties":{"price":175000,"use":"\u6442\u6d25","zone":"","station":"\u4f4f\u5b85"},"type":"Point","coordinates":[68443,69636],"id":"feature_1419"},{"properties":{"price":211000,"use":"\u6442\u6d25","zone":"","station":"\u4f4f\u5b85"},"type":"Point","coordinates":[70900,70590],"id":"feature_1420"},{"properties":{"price":142000,"use":"\u6442\u6d25","zone":"","station":"\u4f4f\u5b85"},"type":"Point","coordinates":[74687,67602],"id":"feature_1421"},{"properties":{"price":150000,"use":"\u6442\u6d25","zone":"","station":"\u4f4f\u5b85"},"type":"Point","coordinates":[71610,67276],"id":"feature_1422"},{"properties":{"price":182000,"use":"\u6442\u6d25","zone":"","station":"\u4f4f\u5b85"},"type":"Point","coordinates":[70679,69106],"id":"feature_1423"},{"properties":{"price":149000,"use":"\u6442\u6d25","zone":"","station":"\u4f4f\u5b85"},"type":"Point","coordinates":[73250,66060],"id":"feature_1424"},{"properties":{"price":129000,"use":"\u6442\u6d25","zone":"","station":"\u4f4f\u5b85"},"type":"Point","coordinates":[75524,67163],"id":"feature_1425"},{"properties":{"price":155000,"use":"\u6442\u6d25","zone":"","station":"\u4f4f\u5b85"},"type":"Point","coordinates":[72963,69274],"id":"feature_1426"},{"properties":{"price":201000,"use":"\u6442\u6d25","zone":"","station":"\u4f4f\u5b85"},"type":"Point","coordinates":[71180,69953],"id":"feature_1427"},{"properties":{"price":159000,"use":"\u6442\u6d25","zone":"","station":"\u4f4f\u5b85"},"type":"Point","coordinates":[70843,66816],"id":"feature_1428"},{"properties":{"price":126000,"use":"\u6442\u6d25","zone":"","station":"\u4f4f\u5b85"},"type":"Point","coordinates":[76267,68155],"id":"feature_1429"},{"properties":{"price":208000,"use":"\u6442\u6d25","zone":"","station":"\u4f4f\u5b85"},"type":"Point","coordinates":[69338,69328],"id":"feature_1430"},{"properties":{"price":199000,"use":"\u6442\u6d25","zone":"","station":"\u5e97\u8217\u517c\u5171\u540c\u4f4f\u5b85"},"type":"Point","coordinates":[70190,68363],"id":"feature_1431"},{"properties":{"price":245000,"use":"\u6442\u6d25","zone":"","station":"\u5e97\u8217\u517c\u5171\u540c\u4f4f\u5b85"},"type":"Point","coordinates":[69790,68326],"id":"feature_1432"},{"properties":{"price":272000,"use":"\u6442\u6d25","zone":"","station":"\u5e97\u8217\u517c\u5171\u540c\u4f4f\u5b85"},"type":"Point","coordinates":[70131,70602],"id":"feature_1433"},{"properties":{"price":345000,"use":"\u6442\u6d25","zone":"","station":"\u5e97\u8217\u517c\u5171\u540c\u4f4f\u5b85"},"type":"Point","coordinates":[70657,70447],"id":"feature_1434"},{"properties":{"price":140000,"use":"\u6442\u6d25","zone":"","station":"\u4e8b\u52d9\u6240\u517c\u5009\u5eab"},"type":"Point","coordinates":[71672,66486],"id":"feature_1435"},{"properties":{"price":203000,"use":"\u6442\u6d25","zone":"","station":"\u5e97\u8217\u517c\u5171\u540c\u4f4f\u5b85"},"type":"Point","coordinates":[73477,66743],"id":"feature_1436"},{"properties":{"price":120000,"use":"\u6442\u6d25","zone":"","station":"\u5009\u5eab"},"type":"Point","coordinates":[77827,70440],"id":"feature_1437"},{"properties":{"price":133000,"use":"\u6442\u6d25","zone":"","station":"\u5de5\u5834\u517c\u5009\u5eab"},"type":"Point","coordinates":[69012,69592],"id":"feature_1438"},{"properties":{"price":135000,"use":"\u6442\u6d25","zone":"","station":"\u5009\u5eab"},"type":"Point","coordinates":[75917,68688],"id":"feature_1439"},{"properties":{"price":105000,"use":"\u6442\u6d25","zone":"","station":"\u5de5\u5834\u517c\u4e8b\u52d9\u6240"},"type":"Point","coordinates":[72622,66757],"id":"feature_1440"},{"properties":{"price":178000,"use":"\u9ad8\u77f3","zone":"","station":"\u4f4f\u5b85"},"type":"Point","coordinates":[52885,32409],"id":"feature_1441"},{"properties":{"price":136000,"use":"\u9ad8\u77f3","zone":"","station":"\u5171\u540c\u4f4f\u5b85"},"type":"Point","coordinates":[52098,31243],"id":"feature_1442"},{"properties":{"price":141000,"use":"\u9ad8\u77f3","zone":"","station":"\u4f4f\u5b85"},"type":"Point","coordinates":[51114,30332],"id":"feature_1443"},{"properties":{"price":148000,"use":"\u9ad8\u77f3","zone":"","station":"\u4f4f\u5b85"},"type":"Point","coordinates":[52065,32105],"id":"feature_1444"},{"properties":{"price":119000,"use":"\u9ad8\u77f3","zone":"","station":"\u4f4f\u5b85"},"type":"Point","coordinates":[53438,31109],"id":"feature_1445"},{"properties":{"price":122000,"use":"\u9ad8\u77f3","zone":"","station":"\u4f4f\u5b85"},"type":"Point","coordinates":[50573,31670],"id":"feature_1446"},{"properties":{"price":108000,"use":"\u9ad8\u77f3","zone":"","station":"\u4f4f\u5b85"},"type":"Point","coordinates":[49825,30500],"id":"feature_1447"},{"properties":{"price":127000,"use":"\u9ad8\u77f3","zone":"","station":"\u4f4f\u5b85"},"type":"Point","coordinates":[54580,30873],"id":"feature_1448"},{"properties":{"price":123000,"use":"\u9ad8\u77f3","zone":"","station":"\u4f4f\u5b85"},"type":"Point","coordinates":[52484,30083],"id":"feature_1449"},{"properties":{"price":117000,"use":"\u9ad8\u77f3","zone":"","station":"\u4f4f\u5b85"},"type":"Point","coordinates":[50327,31344],"id":"feature_1450"},{"properties":{"price":125000,"use":"\u9ad8\u77f3","zone":"","station":"\u4f4f\u5b85"},"type":"Point","coordinates":[51595,31154],"id":"feature_1451"},{"properties":{"price":135000,"use":"\u9ad8\u77f3","zone":"","station":"\u5e97\u8217"},"type":"Point","coordinates":[53296,30485],"id":"feature_1452"},{"properties":{"price":167000,"use":"\u9ad8\u77f3","zone":"","station":"\u5e97\u8217\u517c\u4f4f\u5b85"},"type":"Point","coordinates":[51063,30663],"id":"feature_1453"},{"properties":{"price":149000,"use":"\u9ad8\u77f3","zone":"","station":"\u5e97\u8217"},"type":"Point","coordinates":[52067,32676],"id":"feature_1454"},{"properties":{"price":226000,"use":"\u85e4\u4e95\u5bfa","zone":"","station":"\u4f4f\u5b85"},"type":"Point","coordinates":[77262,37659],"id":"feature_1455"},{"properties":{"price":116000,"use":"\u85e4\u4e95\u5bfa","zone":"","station":"\u4f4f\u5b85"},"type":"Point","coordinates":[82244,38803],"id":"feature_1456"},{"properties":{"price":87300,"use":"\u85e4\u4e95\u5bfa","zone":"","station":"\u4f4f\u5b85"},"type":"Point","coordinates":[77111,39825],"id":"feature_1457"},{"properties":{"price":170000,"use":"\u85e4\u4e95\u5bfa","zone":"","station":"\u4f4f\u5b85"},"type":"Point","coordinates":[78141,38438],"id":"feature_1458"},{"properties":{"price":123000,"use":"\u85e4\u4e95\u5bfa","zone":"","station":"\u4f4f\u5b85"},"type":"Point","coordinates":[78347,37419],"id":"feature_1459"},{"properties":{"price":99100,"use":"\u85e4\u4e95\u5bfa","zone":"","station":"\u4f4f\u5b85"},"type":"Point","coordinates":[78207,36141],"id":"feature_1460"},{"properties":{"price":212000,"use":"\u85e4\u4e95\u5bfa","zone":"","station":"\u4f4f\u5b85"},"type":"Point","coordinates":[76859,38280],"id":"feature_1461"},{"properties":{"price":102000,"use":"\u85e4\u4e95\u5bfa","zone":"","station":"\u4f4f\u5b85"},"type":"Point","coordinates":[80991,37275],"id":"feature_1462"},{"properties":{"price":93000,"use":"\u85e4\u4e95\u5bfa","zone":"","station":"\u4f4f\u5b85"},"type":"Point","coordinates":[78689,39327],"id":"feature_1463"},{"properties":{"price":94500,"use":"\u85e4\u4e95\u5bfa","zone":"","station":"\u4f4f\u5b85"},"type":"Point","coordinates":[80246,39306],"id":"feature_1464"},{"properties":{"price":134000,"use":"\u85e4\u4e95\u5bfa","zone":"","station":"\u4f4f\u5b85"},"type":"Point","coordinates":[78027,36835],"id":"feature_1465"},{"properties":{"price":100000,"use":"\u85e4\u4e95\u5bfa","zone":"","station":"\u4f4f\u5b85"},"type":"Point","coordinates":[79618,37401],"id":"feature_1466"},{"properties":{"price":104000,"use":"\u85e4\u4e95\u5bfa","zone":"","station":"\u4f4f\u5b85"},"type":"Point","coordinates":[77023,38970],"id":"feature_1467"},{"properties":{"price":262000,"use":"\u85e4\u4e95\u5bfa","zone":"","station":"\u4e8b\u52d9\u6240\u517c\u8eca\u5eab"},"type":"Point","coordinates":[77503,38376],"id":"feature_1468"},{"properties":{"price":129000,"use":"\u85e4\u4e95\u5bfa","zone":"","station":"\u5e97\u8217\u517c\u4f4f\u5b85"},"type":"Point","coordinates":[81742,37515],"id":"feature_1469"},{"properties":{"price":137000,"use":"\u85e4\u4e95\u5bfa","zone":"","station":"\u5e97\u8217\u3001\u4e8b\u52d9\u6240\u517c\u4f5c\u696d\u6240"},"type":"Point","coordinates":[79313,37512],"id":"feature_1470"},{"properties":{"price":86600,"use":"\u85e4\u4e95\u5bfa","zone":"","station":"\u5de5\u5834\u3001\u5009\u5eab"},"type":"Point","coordinates":[79831,39467],"id":"feature_1471"},{"properties":{"price":196000,"use":"\u6771\u5927\u962a","zone":"","station":"\u4f4f\u5b85"},"type":"Point","coordinates":[76926,51216],"id":"feature_1472"},{"properties":{"price":94500,"use":"\u6771\u5927\u962a","zone":"","station":"\u4f4f\u5b85"},"type":"Point","coordinates":[86262,53066],"id":"feature_1473"},{"properties":{"price":66100,"use":"\u6771\u5927\u962a","zone":"","station":"\u4f4f\u5b85"},"type":"Point","coordinates":[86730,50158],"id":"feature_1474"},{"properties":{"price":184000,"use":"\u6771\u5927\u962a","zone":"","station":"\u4f4f\u5b85"},"type":"Point","coordinates":[74499,50469],"id":"feature_1475"},{"properties":{"price":119000,"use":"\u6771\u5927\u962a","zone":"","station":"\u4f4f\u5b85"},"type":"Point","coordinates":[78976,50223],"id":"feature_1476"},{"properties":{"price":154000,"use":"\u6771\u5927\u962a","zone":"","station":"\u4f4f\u5b85"},"type":"Point","coordinates":[77351,50130],"id":"feature_1477"},{"properties":{"price":99000,"use":"\u6771\u5927\u962a","zone":"","station":"\u4f4f\u5b85"},"type":"Point","coordinates":[81479,49881],"id":"feature_1478"},{"properties":{"price":197000,"use":"\u6771\u5927\u962a","zone":"","station":"\u4f4f\u5b85"},"type":"Point","coordinates":[75424,50341],"id":"feature_1479"},{"properties":{"price":159000,"use":"\u6771\u5927\u962a","zone":"","station":"\u4f4f\u5b85"},"type":"Point","coordinates":[75460,55404],"id":"feature_1480"},{"properties":{"price":159000,"use":"\u6771\u5927\u962a","zone":"","station":"\u4f4f\u5b85"},"type":"Point","coordinates":[81873,51865],"id":"feature_1481"},{"properties":{"price":135000,"use":"\u6771\u5927\u962a","zone":"","station":"\u4f4f\u5b85"},"type":"Point","coordinates":[83069,53208],"id":"feature_1482"},{"properties":{"price":134000,"use":"\u6771\u5927\u962a","zone":"","station":"\u4f4f\u5b85"},"type":"Point","coordinates":[75602,47710],"id":"feature_1483"},{"properties":{"price":110000,"use":"\u6771\u5927\u962a","zone":"","station":"\u4f4f\u5b85"},"type":"Point","coordinates":[86157,51464],"id":"feature_1484"},{"properties":{"price":89000,"use":"\u6771\u5927\u962a","zone":"","station":"\u4f4f\u5b85"},"type":"Point","coordinates":[86525,56766],"id":"feature_1485"},{"properties":{"price":166000,"use":"\u6771\u5927\u962a","zone":"","station":"\u4f4f\u5b85"},"type":"Point","coordinates":[72830,54946],"id":"feature_1486"},{"properties":{"price":165000,"use":"\u6771\u5927\u962a","zone":"","station":"\u4f4f\u5b85"},"type":"Point","coordinates":[82011,51168],"id":"feature_1487"},{"properties":{"price":186000,"use":"\u6771\u5927\u962a","zone":"","station":"\u4f4f\u5b85"},"type":"Point","coordinates":[77143,52102],"id":"feature_1488"},{"properties":{"price":143000,"use":"\u6771\u5927\u962a","zone":"","station":"\u4f4f\u5b85"},"type":"Point","coordinates":[86848,54854],"id":"feature_1489"},{"properties":{"price":185000,"use":"\u6771\u5927\u962a","zone":"","station":"\u4f4f\u5b85"},"type":"Point","coordinates":[84561,51720],"id":"feature_1490"},{"properties":{"price":105000,"use":"\u6771\u5927\u962a","zone":"","station":"\u4f4f\u5b85"},"type":"Point","coordinates":[86188,55683],"id":"feature_1491"},{"properties":{"price":120000,"use":"\u6771\u5927\u962a","zone":"","station":"\u4f4f\u5b85"},"type":"Point","coordinates":[84563,50400],"id":"feature_1492"},{"properties":{"price":143000,"use":"\u6771\u5927\u962a","zone":"","station":"\u4f4f\u5b85"},"type":"Point","coordinates":[83282,50835],"id":"feature_1493"},{"properties":{"price":145000,"use":"\u6771\u5927\u962a","zone":"","station":"\u4f4f\u5b85"},"type":"Point","coordinates":[73580,48180],"id":"feature_1494"},{"properties":{"price":181000,"use":"\u6771\u5927\u962a","zone":"","station":"\u4f4f\u5b85"},"type":"Point","coordinates":[76467,50431],"id":"feature_1495"},{"properties":{"price":161000,"use":"\u6771\u5927\u962a","zone":"","station":"\u4f4f\u5b85"},"type":"Point","coordinates":[81694,54552],"id":"feature_1496"},{"properties":{"price":152000,"use":"\u6771\u5927\u962a","zone":"","station":"\u4f4f\u5b85"},"type":"Point","coordinates":[80367,54419],"id":"feature_1497"},{"properties":{"price":117000,"use":"\u6771\u5927\u962a","zone":"","station":"\u4f4f\u5b85"},"type":"Point","coordinates":[81850,56610],"id":"feature_1498"},{"properties":{"price":207000,"use":"\u6771\u5927\u962a","zone":"","station":"\u4f4f\u5b85"},"type":"Point","coordinates":[74641,51125],"id":"feature_1499"},{"properties":{"price":144000,"use":"\u6771\u5927\u962a","zone":"","station":"\u4f4f\u5b85"},"type":"Point","coordinates":[82537,53553],"id":"feature_1500"},{"properties":{"price":105000,"use":"\u6771\u5927\u962a","zone":"","station":"\u4f4f\u5b85"},"type":"Point","coordinates":[85962,52363],"id":"feature_1501"},{"properties":{"price":139000,"use":"\u6771\u5927\u962a","zone":"","station":"\u4f4f\u5b85"},"type":"Point","coordinates":[76455,48734],"id":"feature_1502"},{"properties":{"price":162000,"use":"\u6771\u5927\u962a","zone":"","station":"\u4f4f\u5b85"},"type":"Point","coordinates":[76140,47574],"id":"feature_1503"},{"properties":{"price":157000,"use":"\u6771\u5927\u962a","zone":"","station":"\u4f4f\u5b85"},"type":"Point","coordinates":[74002,54731],"id":"feature_1504"},{"properties":{"price":92300,"use":"\u6771\u5927\u962a","zone":"","station":"\u4f4f\u5b85"},"type":"Point","coordinates":[83963,49676],"id":"feature_1505"},{"properties":{"price":142000,"use":"\u6771\u5927\u962a","zone":"","station":"\u4f4f\u5b85"},"type":"Point","coordinates":[84484,51004],"id":"feature_1506"},{"properties":{"price":88300,"use":"\u6771\u5927\u962a","zone":"","station":"\u4f4f\u5b85"},"type":"Point","coordinates":[85823,49592],"id":"feature_1507"},{"properties":{"price":150000,"use":"\u6771\u5927\u962a","zone":"","station":"\u4f4f\u5b85"},"type":"Point","coordinates":[75327,49676],"id":"feature_1508"},{"properties":{"price":118000,"use":"\u6771\u5927\u962a","zone":"","station":"\u4f4f\u5b85"},"type":"Point","coordinates":[73908,49176],"id":"feature_1509"},{"properties":{"price":156000,"use":"\u6771\u5927\u962a","zone":"","station":"\u4f4f\u5b85"},"type":"Point","coordinates":[82398,52547],"id":"feature_1510"},{"properties":{"price":171000,"use":"\u6771\u5927\u962a","zone":"","station":"\u4f4f\u5b85"},"type":"Point","coordinates":[79523,56971],"id":"feature_1511"},{"properties":{"price":126000,"use":"\u6771\u5927\u962a","zone":"","station":"\u4f4f\u5b85"},"type":"Point","coordinates":[81988,55600],"id":"feature_1512"},{"properties":{"price":333000,"use":"\u6771\u5927\u962a","zone":"","station":"\u5171\u540c\u4f4f\u5b85"},"type":"Point","coordinates":[75635,51937],"id":"feature_1513"},{"properties":{"price":167000,"use":"\u6771\u5927\u962a","zone":"","station":"\u4f4f\u5b85"},"type":"Point","coordinates":[73280,50568],"id":"feature_1514"},{"properties":{"price":146000,"use":"\u6771\u5927\u962a","zone":"","station":"\u4f4f\u5b85"},"type":"Point","coordinates":[77020,53351],"id":"feature_1515"},{"properties":{"price":112000,"use":"\u6771\u5927\u962a","zone":"","station":"\u4f4f\u5b85"},"type":"Point","coordinates":[79112,55524],"id":"feature_1516"},{"properties":{"price":172000,"use":"\u6771\u5927\u962a","zone":"","station":"\u4f4f\u5b85"},"type":"Point","coordinates":[85741,54232],"id":"feature_1517"},{"properties":{"price":143000,"use":"\u6771\u5927\u962a","zone":"","station":"\u4f4f\u5b85"},"type":"Point","coordinates":[78832,52309],"id":"feature_1518"},{"properties":{"price":186000,"use":"\u6771\u5927\u962a","zone":"","station":"\u4f4f\u5b85"},"type":"Point","coordinates":[73049,54160],"id":"feature_1519"},{"properties":{"price":49900,"use":"\u6771\u5927\u962a","zone":"","station":"\u4f4f\u5b85"},"type":"Point","coordinates":[86799,52155],"id":"feature_1520"},{"properties":{"price":142000,"use":"\u6771\u5927\u962a","zone":"","station":"\u4f4f\u5b85"},"type":"Point","coordinates":[78862,50995],"id":"feature_1521"},{"properties":{"price":181000,"use":"\u6771\u5927\u962a","zone":"","station":"\u4f4f\u5b85"},"type":"Point","coordinates":[74325,52316],"id":"feature_1522"},{"properties":{"price":146000,"use":"\u6771\u5927\u962a","zone":"","station":"\u4f4f\u5b85"},"type":"Point","coordinates":[74433,49047],"id":"feature_1523"},{"properties":{"price":192000,"use":"\u6771\u5927\u962a","zone":"","station":"\u4f4f\u5b85"},"type":"Point","coordinates":[73710,50960],"id":"feature_1524"},{"properties":{"price":162000,"use":"\u6771\u5927\u962a","zone":"","station":"\u4f4f\u5b85"},"type":"Point","coordinates":[79086,56187],"id":"feature_1525"},{"properties":{"price":91500,"use":"\u6771\u5927\u962a","zone":"","station":"\u4f4f\u5b85"},"type":"Point","coordinates":[86451,50860],"id":"feature_1526"},{"properties":{"price":164000,"use":"\u6771\u5927\u962a","zone":"","station":"\u4f4f\u5b85"},"type":"Point","coordinates":[77579,57111],"id":"feature_1527"},{"properties":{"price":299000,"use":"\u6771\u5927\u962a","zone":"","station":"\u5e97\u8217\u517c\u4f4f\u5b85"},"type":"Point","coordinates":[72214,51703],"id":"feature_1528"},{"properties":{"price":246000,"use":"\u6771\u5927\u962a","zone":"","station":"\u5e97\u8217"},"type":"Point","coordinates":[82621,54106],"id":"feature_1529"},{"properties":{"price":284000,"use":"\u6771\u5927\u962a","zone":"","station":"\u5e97\u8217"},"type":"Point","coordinates":[72212,51939],"id":"feature_1530"},{"properties":{"price":208000,"use":"\u6771\u5927\u962a","zone":"","station":"\u5e97\u8217\u517c\u4f4f\u5b85"},"type":"Point","coordinates":[79744,51426],"id":"feature_1531"},{"properties":{"price":247000,"use":"\u6771\u5927\u962a","zone":"","station":"\u5e97\u8217\u517c\u4e8b\u52d9\u6240"},"type":"Point","coordinates":[75634,51675],"id":"feature_1532"},{"properties":{"price":200000,"use":"\u6771\u5927\u962a","zone":"","station":"\u5e97\u8217"},"type":"Point","coordinates":[85081,51134],"id":"feature_1533"},{"properties":{"price":182000,"use":"\u6771\u5927\u962a","zone":"","station":"\u5e97\u8217\u517c\u5171\u540c\u4f4f\u5b85"},"type":"Point","coordinates":[74656,49555],"id":"feature_1534"},{"properties":{"price":219000,"use":"\u6771\u5927\u962a","zone":"","station":"\u5e97\u8217"},"type":"Point","coordinates":[78743,56822],"id":"feature_1535"},{"properties":{"price":299000,"use":"\u6771\u5927\u962a","zone":"","station":"\u5e97\u8217\u517c\u4e8b\u52d9\u6240"},"type":"Point","coordinates":[76313,51772],"id":"feature_1536"},{"properties":{"price":152000,"use":"\u6771\u5927\u962a","zone":"","station":"\u5e97\u8217\u517c\u4f4f\u5b85"},"type":"Point","coordinates":[85209,53074],"id":"feature_1537"},{"properties":{"price":196000,"use":"\u6771\u5927\u962a","zone":"","station":"\u5e97\u8217"},"type":"Point","coordinates":[81719,51501],"id":"feature_1538"},{"properties":{"price":283000,"use":"\u6771\u5927\u962a","zone":"","station":"\u5e97\u8217\u517c\u5171\u540c\u4f4f\u5b85"},"type":"Point","coordinates":[77003,53856],"id":"feature_1539"},{"properties":{"price":331000,"use":"\u6771\u5927\u962a","zone":"","station":"\u5e97\u8217\u3001\u4e8b\u52d9\u6240\u517c\u4f4f\u5b85"},"type":"Point","coordinates":[72404,51583],"id":"feature_1540"},{"properties":{"price":181000,"use":"\u6771\u5927\u962a","zone":"","station":"\u5e97\u8217\u517c\u4f4f\u5b85"},"type":"Point","coordinates":[73327,51306],"id":"feature_1541"},{"properties":{"price":162000,"use":"\u6771\u5927\u962a","zone":"","station":"\u5e97\u8217"},"type":"Point","coordinates":[75991,48293],"id":"feature_1542"},{"properties":{"price":189000,"use":"\u6771\u5927\u962a","zone":"","station":"\u5e97\u8217\u517c\u5171\u540c\u4f4f\u5b85"},"type":"Point","coordinates":[75735,50649],"id":"feature_1543"},{"properties":{"price":163000,"use":"\u6771\u5927\u962a","zone":"","station":"\u5e97\u8217"},"type":"Point","coordinates":[84223,50929],"id":"feature_1544"},{"properties":{"price":139000,"use":"\u6771\u5927\u962a","zone":"","station":"\u4e8b\u52d9\u6240\u517c\u5de5\u5834"},"type":"Point","coordinates":[84302,54305],"id":"feature_1545"},{"properties":{"price":196000,"use":"\u6771\u5927\u962a","zone":"","station":"\u5009\u5eab"},"type":"Point","coordinates":[73800,53270],"id":"feature_1546"},{"properties":{"price":128000,"use":"\u6771\u5927\u962a","zone":"","station":"\u4f5c\u696d\u5834\u517c\u4e8b\u52d9\u6240"},"type":"Point","coordinates":[76365,56622],"id":"feature_1547"},{"properties":{"price":128000,"use":"\u6771\u5927\u962a","zone":"","station":"\u5de5\u5834\u517c\u4e8b\u52d9\u6240"},"type":"Point","coordinates":[83498,56286],"id":"feature_1548"},{"properties":{"price":121000,"use":"\u6771\u5927\u962a","zone":"","station":"\u5de5\u5834"},"type":"Point","coordinates":[73021,48951],"id":"feature_1549"},{"properties":{"price":145000,"use":"\u6771\u5927\u962a","zone":"","station":"\u5de5\u5834"},"type":"Point","coordinates":[79954,55307],"id":"feature_1550"},{"properties":{"price":93800,"use":"\u6771\u5927\u962a","zone":"","station":"\u5de5\u5834\u517c\u4e8b\u52d9\u6240"},"type":"Point","coordinates":[80344,50021],"id":"feature_1551"},{"properties":{"price":87800,"use":"\u6771\u5927\u962a","zone":"","station":"\u5de5\u5834"},"type":"Point","coordinates":[84899,56460],"id":"feature_1552"},{"properties":{"price":126000,"use":"\u6771\u5927\u962a","zone":"","station":"\u5de5\u5834"},"type":"Point","coordinates":[83923,57082],"id":"feature_1553"},{"properties":{"price":198000,"use":"\u6771\u5927\u962a","zone":"","station":"\u5de5\u5834\u517c\u4e8b\u52d9\u6240"},"type":"Point","coordinates":[76096,54097],"id":"feature_1554"},{"properties":{"price":135000,"use":"\u6771\u5927\u962a","zone":"","station":"\u5de5\u5834\u517c\u4e8b\u52d9\u6240"},"type":"Point","coordinates":[72596,49704],"id":"feature_1555"},{"properties":{"price":129000,"use":"\u6771\u5927\u962a","zone":"","station":"\u5009\u5eab"},"type":"Point","coordinates":[83830,53473],"id":"feature_1556"},{"properties":{"price":118000,"use":"\u6771\u5927\u962a","zone":"","station":"\u5de5\u5834\u517c\u4e8b\u52d9\u6240"},"type":"Point","coordinates":[80833,56297],"id":"feature_1557"},{"properties":{"price":151000,"use":"\u6771\u5927\u962a","zone":"","station":"\u4e8b\u52d9\u6240\u517c\u5009\u5eab"},"type":"Point","coordinates":[76204,55179],"id":"feature_1558"},{"properties":{"price":123000,"use":"\u6771\u5927\u962a","zone":"","station":"\u4e8b\u52d9\u6240\u517c\u5009\u5eab"},"type":"Point","coordinates":[84340,55594],"id":"feature_1559"},{"properties":{"price":164000,"use":"\u6771\u5927\u962a","zone":"","station":"\u5009\u5eab"},"type":"Point","coordinates":[80330,53616],"id":"feature_1560"},{"properties":{"price":54700,"use":"\u6cc9\u5357","zone":"","station":"\u4f4f\u5b85"},"type":"Point","coordinates":[22409,8785],"id":"feature_1561"},{"properties":{"price":33300,"use":"\u6cc9\u5357","zone":"","station":"\u4f4f\u5b85"},"type":"Point","coordinates":[23071,5632],"id":"feature_1562"},{"properties":{"price":48300,"use":"\u6cc9\u5357","zone":"","station":"\u4f4f\u5b85"},"type":"Point","coordinates":[29380,8356],"id":"feature_1563"},{"properties":{"price":14600,"use":"\u6cc9\u5357","zone":"","station":"\u4f4f\u5b85"},"type":"Point","coordinates":[27495,4763],"id":"feature_1564"},{"properties":{"price":47300,"use":"\u6cc9\u5357","zone":"","station":"\u4f4f\u5b85"},"type":"Point","coordinates":[24003,8889],"id":"feature_1565"},{"properties":{"price":56100,"use":"\u6cc9\u5357","zone":"","station":"\u4f4f\u5b85"},"type":"Point","coordinates":[24474,7588],"id":"feature_1566"},{"properties":{"price":52400,"use":"\u6cc9\u5357","zone":"","station":"\u4f4f\u5b85"},"type":"Point","coordinates":[26611,7049],"id":"feature_1567"},{"properties":{"price":51200,"use":"\u6cc9\u5357","zone":"","station":"\u4f4f\u5b85"},"type":"Point","coordinates":[29616,9226],"id":"feature_1568"},{"properties":{"price":38200,"use":"\u6cc9\u5357","zone":"","station":"\u4f4f\u5b85"},"type":"Point","coordinates":[25858,8731],"id":"feature_1569"},{"properties":{"price":46200,"use":"\u6cc9\u5357","zone":"","station":"\u4f4f\u5b85"},"type":"Point","coordinates":[23685,7574],"id":"feature_1570"},{"properties":{"price":37000,"use":"\u6cc9\u5357","zone":"","station":"\u4f4f\u5b85"},"type":"Point","coordinates":[28354,6645],"id":"feature_1571"},{"properties":{"price":46800,"use":"\u6cc9\u5357","zone":"","station":"\u4f4f\u5b85"},"type":"Point","coordinates":[25963,10270],"id":"feature_1572"},{"properties":{"price":35200,"use":"\u6cc9\u5357","zone":"","station":"\u4f4f\u5b85"},"type":"Point","coordinates":[22000,7002],"id":"feature_1573"},{"properties":{"price":29100,"use":"\u6cc9\u5357","zone":"","station":"\u4f4f\u5b85"},"type":"Point","coordinates":[29414,7715],"id":"feature_1574"},{"properties":{"price":44400,"use":"\u6cc9\u5357","zone":"","station":"\u4f4f\u5b85"},"type":"Point","coordinates":[27752,7550],"id":"feature_1575"},{"properties":{"price":40800,"use":"\u6cc9\u5357","zone":"","station":"\u4f4f\u5b85"},"type":"Point","coordinates":[27173,9260],"id":"feature_1576"},{"properties":{"price":53200,"use":"\u6cc9\u5357","zone":"","station":"\u4f4f\u5b85"},"type":"Point","coordinates":[22833,8028],"id":"feature_1577"},{"properties":{"price":48900,"use":"\u6cc9\u5357","zone":"","station":"\u4f4f\u5b85"},"type":"Point","coordinates":[21692,8825],"id":"feature_1578"},{"properties":{"price":36700,"use":"\u6cc9\u5357","zone":"","station":"\u4f4f\u5b85"},"type":"Point","coordinates":[26914,6111],"id":"feature_1579"},{"properties":{"price":46600,"use":"\u6cc9\u5357","zone":"","station":"\u4f4f\u5b85"},"type":"Point","coordinates":[25796,7715],"id":"feature_1580"},{"properties":{"price":58100,"use":"\u6cc9\u5357","zone":"","station":"\u5e97\u8217\u517c\u4e8b\u52d9\u6240"},"type":"Point","coordinates":[28956,8828],"id":"feature_1581"},{"properties":{"price":63800,"use":"\u6cc9\u5357","zone":"","station":"\u4e8b\u52d9\u6240\u517c\u5009\u5eab"},"type":"Point","coordinates":[23124,8980],"id":"feature_1582"},{"properties":{"price":143000,"use":"\u56db\u689d\u7577","zone":"","station":"\u4f4f\u5b85"},"type":"Point","coordinates":[86357,63929],"id":"feature_1583"},{"properties":{"price":28800,"use":"\u56db\u689d\u7577","zone":"","station":"\u4f4f\u5b85"},"type":"Point","coordinates":[94604,62519],"id":"feature_1584"},{"properties":{"price":103000,"use":"\u56db\u689d\u7577","zone":"","station":"\u4f4f\u5b85"},"type":"Point","coordinates":[83149,62511],"id":"feature_1585"},{"properties":{"price":125000,"use":"\u56db\u689d\u7577","zone":"","station":"\u4f4f\u5b85"},"type":"Point","coordinates":[85524,62390],"id":"feature_1586"},{"properties":{"price":85500,"use":"\u56db\u689d\u7577","zone":"","station":"\u4f4f\u5b85"},"type":"Point","coordinates":[87389,63136],"id":"feature_1587"},{"properties":{"price":140000,"use":"\u56db\u689d\u7577","zone":"","station":"\u4f4f\u5b85"},"type":"Point","coordinates":[84929,64050],"id":"feature_1588"},{"properties":{"price":119000,"use":"\u56db\u689d\u7577","zone":"","station":"\u4f4f\u5b85"},"type":"Point","coordinates":[85693,61946],"id":"feature_1589"},{"properties":{"price":87500,"use":"\u56db\u689d\u7577","zone":"","station":"\u4f4f\u5b85"},"type":"Point","coordinates":[84409,63890],"id":"feature_1590"},{"properties":{"price":122000,"use":"\u56db\u689d\u7577","zone":"","station":"\u4f4f\u5b85"},"type":"Point","coordinates":[84323,62381],"id":"feature_1591"},{"properties":{"price":63000,"use":"\u56db\u689d\u7577","zone":"","station":"\u4f4f\u5b85"},"type":"Point","coordinates":[93915,60643],"id":"feature_1592"},{"properties":{"price":212000,"use":"\u56db\u689d\u7577","zone":"","station":"\u8a3a\u7642\u6240"},"type":"Point","coordinates":[84868,61828],"id":"feature_1593"},{"properties":{"price":148000,"use":"\u56db\u689d\u7577","zone":"","station":"\u5e97\u8217"},"type":"Point","coordinates":[83608,62144],"id":"feature_1594"},{"properties":{"price":128000,"use":"\u56db\u689d\u7577","zone":"","station":"\u5e97\u8217"},"type":"Point","coordinates":[84461,63489],"id":"feature_1595"},{"properties":{"price":146000,"use":"\u56db\u689d\u7577","zone":"","station":"\u5009\u5eab"},"type":"Point","coordinates":[83243,63068],"id":"feature_1596"},{"properties":{"price":148000,"use":"\u4ea4\u91ce","zone":"","station":"\u4f4f\u5b85"},"type":"Point","coordinates":[91122,69747],"id":"feature_1597"},{"properties":{"price":161000,"use":"\u4ea4\u91ce","zone":"","station":"\u4f4f\u5b85"},"type":"Point","coordinates":[91119,68666],"id":"feature_1598"},{"properties":{"price":163000,"use":"\u4ea4\u91ce","zone":"","station":"\u4f4f\u5b85"},"type":"Point","coordinates":[89616,71004],"id":"feature_1599"},{"properties":{"price":85900,"use":"\u4ea4\u91ce","zone":"","station":"\u4f4f\u5b85"},"type":"Point","coordinates":[93141,66959],"id":"feature_1600"},{"properties":{"price":135000,"use":"\u4ea4\u91ce","zone":"","station":"\u4f4f\u5b85"},"type":"Point","coordinates":[91104,70333],"id":"feature_1601"},{"properties":{"price":114000,"use":"\u4ea4\u91ce","zone":"","station":"\u4f4f\u5b85"},"type":"Point","coordinates":[92500,70524],"id":"feature_1602"},{"properties":{"price":116000,"use":"\u4ea4\u91ce","zone":"","station":"\u4f4f\u5b85"},"type":"Point","coordinates":[91248,71155],"id":"feature_1603"},{"properties":{"price":129000,"use":"\u4ea4\u91ce","zone":"","station":"\u4f4f\u5b85"},"type":"Point","coordinates":[94345,71190],"id":"feature_1604"},{"properties":{"price":63400,"use":"\u4ea4\u91ce","zone":"","station":"\u4f4f\u5b85"},"type":"Point","coordinates":[91803,65789],"id":"feature_1605"},{"properties":{"price":111000,"use":"\u4ea4\u91ce","zone":"","station":"\u4f4f\u5b85"},"type":"Point","coordinates":[90655,67189],"id":"feature_1606"},{"properties":{"price":87300,"use":"\u4ea4\u91ce","zone":"","station":"\u4f4f\u5b85"},"type":"Point","coordinates":[89208,65297],"id":"feature_1607"},{"properties":{"price":101000,"use":"\u4ea4\u91ce","zone":"","station":"\u4f4f\u5b85"},"type":"Point","coordinates":[93610,68815],"id":"feature_1608"},{"properties":{"price":117000,"use":"\u4ea4\u91ce","zone":"","station":"\u4f4f\u5b85"},"type":"Point","coordinates":[92042,71303],"id":"feature_1609"},{"properties":{"price":104000,"use":"\u4ea4\u91ce","zone":"","station":"\u4f4f\u5b85"},"type":"Point","coordinates":[91714,67346],"id":"feature_1610"},{"properties":{"price":106000,"use":"\u4ea4\u91ce","zone":"","station":"\u4f4f\u5b85"},"type":"Point","coordinates":[92856,70960],"id":"feature_1611"},{"properties":{"price":48200,"use":"\u4ea4\u91ce","zone":"","station":"\u4f4f\u5b85"},"type":"Point","coordinates":[89936,67481],"id":"feature_1612"},{"properties":{"price":172000,"use":"\u4ea4\u91ce","zone":"","station":"\u5e97\u8217\u517c\u5171\u540c\u4f4f\u5b85"},"type":"Point","coordinates":[88954,66849],"id":"feature_1613"},{"properties":{"price":175000,"use":"\u4ea4\u91ce","zone":"","station":"\u5e97\u8217"},"type":"Point","coordinates":[91053,69946],"id":"feature_1614"},{"properties":{"price":113000,"use":"\u4ea4\u91ce","zone":"","station":"\u5de5\u5834\u517c\u4e8b\u52d9\u6240"},"type":"Point","coordinates":[89421,68097],"id":"feature_1615"},{"properties":{"price":146000,"use":"\u5927\u962a\u72ed\u5c71","zone":"","station":"\u4f4f\u5b85"},"type":"Point","coordinates":[72247,26431],"id":"feature_1616"},{"properties":{"price":92200,"use":"\u5927\u962a\u72ed\u5c71","zone":"","station":"\u4f4f\u5b85"},"type":"Point","coordinates":[70085,24649],"id":"feature_1617"},{"properties":{"price":96500,"use":"\u5927\u962a\u72ed\u5c71","zone":"","station":"\u4f4f\u5b85"},"type":"Point","coordinates":[70862,29325],"id":"feature_1618"},{"properties":{"price":77900,"use":"\u5927\u962a\u72ed\u5c71","zone":"","station":"\u4f4f\u5b85"},"type":"Point","coordinates":[70385,25774],"id":"feature_1619"},{"properties":{"price":84400,"use":"\u5927\u962a\u72ed\u5c71","zone":"","station":"\u4f4f\u5b85"},"type":"Point","coordinates":[71162,30386],"id":"feature_1620"},{"properties":{"price":170000,"use":"\u5927\u962a\u72ed\u5c71","zone":"","station":"\u4f4f\u5b85"},"type":"Point","coordinates":[70884,27793],"id":"feature_1621"},{"properties":{"price":140000,"use":"\u5927\u962a\u72ed\u5c71","zone":"","station":"\u4f4f\u5b85"},"type":"Point","coordinates":[71561,26781],"id":"feature_1622"},{"properties":{"price":125000,"use":"\u5927\u962a\u72ed\u5c71","zone":"","station":"\u4f4f\u5b85"},"type":"Point","coordinates":[71781,27600],"id":"feature_1623"},{"properties":{"price":73500,"use":"\u5927\u962a\u72ed\u5c71","zone":"","station":"\u4f4f\u5b85"},"type":"Point","coordinates":[68238,26216],"id":"feature_1624"},{"properties":{"price":121000,"use":"\u5927\u962a\u72ed\u5c71","zone":"","station":"\u4f4f\u5b85"},"type":"Point","coordinates":[69555,29449],"id":"feature_1625"},{"properties":{"price":102000,"use":"\u5927\u962a\u72ed\u5c71","zone":"","station":"\u4f4f\u5b85"},"type":"Point","coordinates":[71239,28744],"id":"feature_1626"},{"properties":{"price":35800,"use":"\u5927\u962a\u72ed\u5c71","zone":"","station":"\u4f4f\u5b85"},"type":"Point","coordinates":[68841,23370],"id":"feature_1627"},{"properties":{"price":216000,"use":"\u5927\u962a\u72ed\u5c71","zone":"","station":"\u5e97\u8217\u517c\u4e8b\u52d9\u6240"},"type":"Point","coordinates":[71920,26703],"id":"feature_1628"},{"properties":{"price":128000,"use":"\u5927\u962a\u72ed\u5c71","zone":"","station":"\u5e97\u8217"},"type":"Point","coordinates":[70398,26178],"id":"feature_1629"},{"properties":{"price":27800,"use":"\u962a\u5357","zone":"","station":"\u4f4f\u5b85"},"type":"Point","coordinates":[16194,4664],"id":"feature_1630"},{"properties":{"price":43300,"use":"\u962a\u5357","zone":"","station":"\u4f4f\u5b85"},"type":"Point","coordinates":[18444,5181],"id":"feature_1631"},{"properties":{"price":32400,"use":"\u962a\u5357","zone":"","station":"\u4f4f\u5b85"},"type":"Point","coordinates":[15620,3318],"id":"feature_1632"},{"properties":{"price":34600,"use":"\u962a\u5357","zone":"","station":"\u4f4f\u5b85"},"type":"Point","coordinates":[18544,5796],"id":"feature_1633"},{"properties":{"price":44500,"use":"\u962a\u5357","zone":"","station":"\u4f4f\u5b85"},"type":"Point","coordinates":[20668,7798],"id":"feature_1634"},{"properties":{"price":39700,"use":"\u962a\u5357","zone":"","station":"\u4f4f\u5b85"},"type":"Point","coordinates":[22248,4539],"id":"feature_1635"},{"properties":{"price":11300,"use":"\u962a\u5357","zone":"","station":"\u4f4f\u5b85"},"type":"Point","coordinates":[19619,2476],"id":"feature_1636"},{"properties":{"price":55900,"use":"\u962a\u5357","zone":"","station":"\u4f4f\u5b85"},"type":"Point","coordinates":[18858,6599],"id":"feature_1637"},{"properties":{"price":35800,"use":"\u962a\u5357","zone":"","station":"\u4f4f\u5b85"},"type":"Point","coordinates":[23040,3382],"id":"feature_1638"},{"properties":{"price":27300,"use":"\u962a\u5357","zone":"","station":"\u4f4f\u5b85"},"type":"Point","coordinates":[14129,2976],"id":"feature_1639"},{"properties":{"price":25300,"use":"\u962a\u5357","zone":"","station":"\u4f4f\u5b85"},"type":"Point","coordinates":[24595,2055],"id":"feature_1640"},{"properties":{"price":37300,"use":"\u962a\u5357","zone":"","station":"\u4f4f\u5b85"},"type":"Point","coordinates":[21014,3480],"id":"feature_1641"},{"properties":{"price":37900,"use":"\u962a\u5357","zone":"","station":"\u4f4f\u5b85"},"type":"Point","coordinates":[18933,4232],"id":"feature_1642"},{"properties":{"price":24400,"use":"\u962a\u5357","zone":"","station":"\u4f4f\u5b85"},"type":"Point","coordinates":[18131,4027],"id":"feature_1643"},{"properties":{"price":38300,"use":"\u962a\u5357","zone":"","station":"\u4f4f\u5b85"},"type":"Point","coordinates":[14765,4217],"id":"feature_1644"},{"properties":{"price":49400,"use":"\u962a\u5357","zone":"","station":"\u4f4f\u5b85"},"type":"Point","coordinates":[19123,7332],"id":"feature_1645"},{"properties":{"price":53500,"use":"\u962a\u5357","zone":"","station":"\u4f4f\u5b85"},"type":"Point","coordinates":[20098,6252],"id":"feature_1646"},{"properties":{"price":47800,"use":"\u962a\u5357","zone":"","station":"\u4f4f\u5b85"},"type":"Point","coordinates":[20619,6063],"id":"feature_1647"},{"properties":{"price":69600,"use":"\u962a\u5357","zone":"","station":"\u5e97\u8217\u517c\u4f4f\u5b85"},"type":"Point","coordinates":[19458,7242],"id":"feature_1648"},{"properties":{"price":147000,"use":"\u5cf6\u672c","zone":"","station":"\u4f4f\u5b85"},"type":"Point","coordinates":[89159,84825],"id":"feature_1649"},{"properties":{"price":199000,"use":"\u5cf6\u672c","zone":"","station":"\u4f4f\u5b85"},"type":"Point","coordinates":[89605,83868],"id":"feature_1650"},{"properties":{"price":183000,"use":"\u5cf6\u672c","zone":"","station":"\u4f4f\u5b85"},"type":"Point","coordinates":[89085,82965],"id":"feature_1651"},{"properties":{"price":176000,"use":"\u5cf6\u672c","zone":"","station":"\u4f4f\u5b85"},"type":"Point","coordinates":[90194,83883],"id":"feature_1652"},{"properties":{"price":123000,"use":"\u5cf6\u672c","zone":"","station":"\u4f4f\u5b85"},"type":"Point","coordinates":[87837,83970],"id":"feature_1653"},{"properties":{"price":234000,"use":"\u5cf6\u672c","zone":"","station":"\u5e97\u8217\u517c\u5009\u5eab"},"type":"Point","coordinates":[89513,83386],"id":"feature_1654"},{"properties":{"price":45000,"use":"\u8c4a\u80fd","zone":"","station":"\u4f4f\u5b85"},"type":"Point","coordinates":[52613,86438],"id":"feature_1655"},{"properties":{"price":44600,"use":"\u8c4a\u80fd","zone":"","station":"\u4f4f\u5b85"},"type":"Point","coordinates":[52375,86906],"id":"feature_1656"},{"properties":{"price":23500,"use":"\u8c4a\u80fd","zone":"","station":"\u4f4f\u5b85"},"type":"Point","coordinates":[63785,88864],"id":"feature_1657"},{"properties":{"price":48600,"use":"\u8c4a\u80fd","zone":"","station":"\u4f4f\u5b85"},"type":"Point","coordinates":[50838,87450],"id":"feature_1658"},{"properties":{"price":9900,"use":"\u8c4a\u80fd","zone":"","station":"\u4f4f\u5b85"},"type":"Point","coordinates":[61415,90869],"id":"feature_1659"},{"properties":{"price":550,"use":"\u8c4a\u80fd","zone":"","station":"\u5c71\u6797\uff08\u96d1\u6728\u6797\uff09"},"type":"Point","coordinates":[62528,91781],"id":"feature_1660"},{"properties":{"price":17900,"use":"\u80fd\u52e2","zone":"","station":"\u4f4f\u5b85"},"type":"Point","coordinates":[45696,96187],"id":"feature_1661"},{"properties":{"price":9200,"use":"\u80fd\u52e2","zone":"","station":"\u4f4f\u5b85"},"type":"Point","coordinates":[45006,98717],"id":"feature_1662"},{"properties":{"price":10100,"use":"\u80fd\u52e2","zone":"","station":"\u4f4f\u5b85"},"type":"Point","coordinates":[51828,99999],"id":"feature_1663"},{"properties":{"price":97000,"use":"\u5fe0\u5ca1","zone":"","station":"\u4f4f\u5b85"},"type":"Point","coordinates":[45406,25619],"id":"feature_1664"},{"properties":{"price":80600,"use":"\u5fe0\u5ca1","zone":"","station":"\u4f4f\u5b85"},"type":"Point","coordinates":[46346,26495],"id":"feature_1665"},{"properties":{"price":86300,"use":"\u5fe0\u5ca1","zone":"","station":"\u4f4f\u5b85"},"type":"Point","coordinates":[47017,24975],"id":"feature_1666"},{"properties":{"price":89100,"use":"\u5fe0\u5ca1","zone":"","station":"\u4f4f\u5b85"},"type":"Point","coordinates":[44607,26546],"id":"feature_1667"},{"properties":{"price":81300,"use":"\u5fe0\u5ca1","zone":"","station":"\u4f4f\u5b85"},"type":"Point","coordinates":[48012,24698],"id":"feature_1668"},{"properties":{"price":98000,"use":"\u5fe0\u5ca1","zone":"","station":"\u4f4f\u5b85"},"type":"Point","coordinates":[46075,26053],"id":"feature_1669"},{"properties":{"price":56000,"use":"\u5fe0\u5ca1","zone":"","station":"\u5009\u5eab"},"type":"Point","coordinates":[43241,26897],"id":"feature_1670"},{"properties":{"price":55500,"use":"\u718a\u53d6","zone":"","station":"\u7a7a\u5730"},"type":"Point","coordinates":[38273,13573],"id":"feature_1671"},{"properties":{"price":48400,"use":"\u718a\u53d6","zone":"","station":"\u4f4f\u5b85"},"type":"Point","coordinates":[39375,12883],"id":"feature_1672"},{"properties":{"price":65000,"use":"\u718a\u53d6","zone":"","station":"\u4f4f\u5b85"},"type":"Point","coordinates":[35808,12126],"id":"feature_1673"},{"properties":{"price":78600,"use":"\u718a\u53d6","zone":"","station":"\u4f4f\u5b85"},"type":"Point","coordinates":[35386,12869],"id":"feature_1674"},{"properties":{"price":58900,"use":"\u718a\u53d6","zone":"","station":"\u4f4f\u5b85"},"type":"Point","coordinates":[35973,13180],"id":"feature_1675"},{"properties":{"price":16100,"use":"\u718a\u53d6","zone":"","station":"\u4f4f\u5b85"},"type":"Point","coordinates":[41994,10308],"id":"feature_1676"},{"properties":{"price":64600,"use":"\u718a\u53d6","zone":"","station":"\u4f4f\u5b85"},"type":"Point","coordinates":[39013,13735],"id":"feature_1677"},{"properties":{"price":52400,"use":"\u718a\u53d6","zone":"","station":"\u4f4f\u5b85"},"type":"Point","coordinates":[39172,11620],"id":"feature_1678"},{"properties":{"price":52700,"use":"\u718a\u53d6","zone":"","station":"\u4f4f\u5b85"},"type":"Point","coordinates":[37918,11249],"id":"feature_1679"},{"properties":{"price":42600,"use":"\u718a\u53d6","zone":"","station":"\u4f4f\u5b85"},"type":"Point","coordinates":[37910,10413],"id":"feature_1680"},{"properties":{"price":53700,"use":"\u718a\u53d6","zone":"","station":"\u4f4f\u5b85"},"type":"Point","coordinates":[40098,14390],"id":"feature_1681"},{"properties":{"price":34400,"use":"\u718a\u53d6","zone":"","station":"\u4f4f\u5b85"},"type":"Point","coordinates":[40805,12810],"id":"feature_1682"},{"properties":{"price":47400,"use":"\u718a\u53d6","zone":"","station":"\u4f4f\u5b85"},"type":"Point","coordinates":[37052,12475],"id":"feature_1683"},{"properties":{"price":40500,"use":"\u718a\u53d6","zone":"","station":"\u4f4f\u5b85"},"type":"Point","coordinates":[41453,11984],"id":"feature_1684"},{"properties":{"price":34800,"use":"\u718a\u53d6","zone":"","station":"\u4f4f\u5b85"},"type":"Point","coordinates":[40746,11885],"id":"feature_1685"},{"properties":{"price":50700,"use":"\u718a\u53d6","zone":"","station":"\u4f4f\u5b85"},"type":"Point","coordinates":[38368,14677],"id":"feature_1686"},{"properties":{"price":77400,"use":"\u718a\u53d6","zone":"","station":"\u5e97\u8217"},"type":"Point","coordinates":[36713,13754],"id":"feature_1687"},{"properties":{"price":94000,"use":"\u718a\u53d6","zone":"","station":"\u5e97\u8217"},"type":"Point","coordinates":[36185,13729],"id":"feature_1688"},{"properties":{"price":55400,"use":"\u7530\u5c3b","zone":"","station":"\u4f4f\u5b85"},"type":"Point","coordinates":[27733,11019],"id":"feature_1689"},{"properties":{"price":62400,"use":"\u7530\u5c3b","zone":"","station":"\u4f4f\u5b85"},"type":"Point","coordinates":[27731,11767],"id":"feature_1690"},{"properties":{"price":44500,"use":"\u7530\u5c3b","zone":"","station":"\u4f4f\u5b85"},"type":"Point","coordinates":[26985,11878],"id":"feature_1691"},{"properties":{"price":61500,"use":"\u7530\u5c3b","zone":"","station":"\u4f4f\u5b85"},"type":"Point","coordinates":[26960,12018],"id":"feature_1692"},{"properties":{"price":16500,"use":"\u5cac","zone":"","station":"\u4f4f\u5b85"},"type":"Point","coordinates":[10194,1471],"id":"feature_1693"},{"properties":{"price":20500,"use":"\u5cac","zone":"","station":"\u4f4f\u5b85"},"type":"Point","coordinates":[9922,2926],"id":"feature_1694"},{"properties":{"price":20700,"use":"\u5cac","zone":"","station":"\u4f4f\u5b85"},"type":"Point","coordinates":[5144,1415],"id":"feature_1695"},{"properties":{"price":19300,"use":"\u5cac","zone":"","station":"\u4f4f\u5b85"},"type":"Point","coordinates":[3859,485],"id":"feature_1696"},{"properties":{"price":12200,"use":"\u5cac","zone":"","station":"\u4f4f\u5b85"},"type":"Point","coordinates":[0,1144],"id":"feature_1697"},{"properties":{"price":20900,"use":"\u5cac","zone":"","station":"\u4f4f\u5b85"},"type":"Point","coordinates":[8170,2897],"id":"feature_1698"},{"properties":{"price":16200,"use":"\u5cac","zone":"","station":"\u4f4f\u5b85"},"type":"Point","coordinates":[818,0],"id":"feature_1699"},{"properties":{"price":31300,"use":"\u5cac","zone":"","station":"\u4f4f\u5b85"},"type":"Point","coordinates":[7435,2462],"id":"feature_1700"},{"properties":{"price":16300,"use":"\u5cac","zone":"","station":"\u4f4f\u5b85"},"type":"Point","coordinates":[3997,1072],"id":"feature_1701"},{"properties":{"price":24400,"use":"\u5cac","zone":"","station":"\u4f4f\u5b85"},"type":"Point","coordinates":[6600,1262],"id":"feature_1702"},{"properties":{"price":22600,"use":"\u5cac","zone":"","station":"\u4f4f\u5b85"},"type":"Point","coordinates":[11003,2479],"id":"feature_1703"},{"properties":{"price":58300,"use":"\u5927\u962a\u592a\u5b50","zone":"","station":"\u4f4f\u5b85"},"type":"Point","coordinates":[85163,31868],"id":"feature_1704"},{"properties":{"price":51300,"use":"\u5927\u962a\u592a\u5b50","zone":"","station":"\u4f4f\u5b85"},"type":"Point","coordinates":[85455,30221],"id":"feature_1705"},{"properties":{"price":31100,"use":"\u5927\u962a\u592a\u5b50","zone":"","station":"\u4f4f\u5b85"},"type":"Point","coordinates":[86582,29627],"id":"feature_1706"},{"properties":{"price":60100,"use":"\u5927\u962a\u592a\u5b50","zone":"","station":"\u4f4f\u5b85"},"type":"Point","coordinates":[84676,31675],"id":"feature_1707"},{"properties":{"price":53400,"use":"\u5927\u962a\u592a\u5b50","zone":"","station":"\u4f4f\u5b85"},"type":"Point","coordinates":[85718,31860],"id":"feature_1708"},{"properties":{"price":24600,"use":"\u5927\u962a\u592a\u5b50","zone":"","station":"\u4f4f\u5b85"},"type":"Point","coordinates":[85140,29306],"id":"feature_1709"},{"properties":{"price":31400,"use":"\u5927\u962a\u6cb3\u5357","zone":"","station":"\u4f4f\u5b85"},"type":"Point","coordinates":[86259,24141],"id":"feature_1710"},{"properties":{"price":44000,"use":"\u5927\u962a\u6cb3\u5357","zone":"","station":"\u4f4f\u5b85\u517c\u4e8b\u52d9\u6240"},"type":"Point","coordinates":[84169,28137],"id":"feature_1711"},{"properties":{"price":29900,"use":"\u5927\u962a\u6cb3\u5357","zone":"","station":"\u4f4f\u5b85"},"type":"Point","coordinates":[82926,28414],"id":"feature_1712"},{"properties":{"price":20400,"use":"\u5927\u962a\u6cb3\u5357","zone":"","station":"\u4f4f\u5b85"},"type":"Point","coordinates":[84077,24092],"id":"feature_1713"},{"properties":{"price":24100,"use":"\u5343\u65e9\u8d64\u962a","zone":"","station":"\u4f4f\u5b85"},"type":"Point","coordinates":[79450,18772],"id":"feature_1714"}],"type":"GeometryCollection"}},"bbox":[135.12144,34.31287,135.73111,34.99126],"transform":{"scale":[6.0967609676096174e-06,6.783967839678399e-06],"translate":[135.12144,34.31287]},"arcs":[]}