{"type":"Topology","objects":{"data":{"geometries":[{"properties":{"zone":1},"type":"Polygon","arcs":[[-156,-68,-150,0,-148,1]],"id":"feature_0000"},{"properties":{"zone":1},"type":"Polygon","arcs":[[2,-841,3,-839,4,-837,-146]],"id":"feature_0001"},{"properties":{"zone":1},"type":"Polygon","arcs":[[-76,5,-74,6,-72,7,-70,-135,8,-133,-1249,-132,9,-130]],"id":"feature_0002"},{"properties":{"zone":1},"type":"Polygon","arcs":[[-36,10,-34,-85,11,-83,12,-1260,13,-1254,14,-1252,15,-169,16,-167,17,-165]],"id":"feature_0003"},{"properties":{"zone":1},"type":"Polygon","arcs":[[18,-1470,19,-1468,20,-1341,21,-1339,-1315,-1547,22,-81,-1477,23,-1475,-79,-160,24,-158],[1465]],"id":"feature_0004"},{"properties":{"zone":1},"type":"Polygon","arcs":[[-1080,25,-1078,-144]],"id":"feature_0005"},{"properties":{"zone":1},"type":"Polygon","arcs":[[-203,26,-1966,-1943,-2610,-2514,27,-2512,28,-2510,29,-2508,30]],"id":"feature_0006"},{"properties":{"zone":1},"type":"Polygon","arcs":[[-198,31,-196,32]],"id":"feature_0007"},{"properties":{"zone":8},"type":"Polygon","arcs":[[-106,-920,-981,-278]],"id":"feature_0008"},{"properties":{"zone":8},"type":"Polygon","arcs":[[-164,-80,-1479,-86,33,34,35]],"id":"feature_0009"},{"properties":{"zone":8},"type":"Polygon","arcs":[[-1632,-1642,-1637,36,-1635,-1583,-2516,-2505,37,-2503,38,-2501,-1656,-192,39,-190,-291,-92,-1169,-187,40,-185,41,-183,42,-181,-242,43,-1553,-1552]],"id":"feature_0010"},{"properties":{"zone":8},"type":"Polygon","arcs":[[-95,-2680,-1951,-303,-2624]],"id":"feature_0011"},{"properties":{"zone":8},"type":"Polygon","arcs":[[-94,-2601,44,-2599,45,-2597,46,-2595,-201,-2589,-1786,-2635,-1782,-302,-1774,-311,-1291,-1171]],"id":"feature_0012"},{"properties":{"zone":3},"type":"Polygon","arcs":[[-8088,47,-8086,48,-8084,49,-8082,50,51,-8282,-8177,52,-8175,53,-8173,54,-8171,55,-8169,56,-8167,57,-8165,58,-8104,59,-8102,60,-8100,61,-103,62,-101,63,-99,64]],"id":"feature_0013"},{"properties":{"zone":3},"type":"Polygon","arcs":[[-155,65,-153,66,-151,67]],"id":"feature_0014"},{"properties":{"zone":3},"type":"Polygon","arcs":[[-297,-138,68,-136,69,70,71,72,73,74,75,-129]],"id":"feature_0015"},{"properties":{"zone":3},"type":"Polygon","arcs":[[-173,-332,76]],"id":"feature_0016"},{"properties":{"zone":3},"type":"Polygon","arcs":[[333]],"id":"feature_0017"},{"properties":{"zone":3},"type":"Polygon","arcs":[[-163,77,-161,78,-1480,79]],"id":"feature_0018"},{"properties":{"zone":3},"type":"Polygon","arcs":[[-1478,80,81,82,83,84,85]],"id":"feature_0019"},{"properties":{"zone":3},"type":"Polygon","arcs":[[86,-239,87,-237,-1262,-179,88,-177,89,-175]],"id":"feature_0020"},{"properties":{"zone":3},"type":"Polygon","arcs":[[-328,-1785,-2617,90,-2615]],"id":"feature_0021"},{"properties":{"zone":3},"type":"Polygon","arcs":[[-1170,91,-290,-2604,92,-2602,93]],"id":"feature_0022"},{"properties":{"zone":3},"type":"Polygon","arcs":[[-2613,-2681,94,-2623,95,-2621,96,-2619,-1784,-329]],"id":"feature_0023"},{"properties":{"zone":5},"type":"Polygon","arcs":[[97,-8285,98,99,100,101,102,103,-235,104,-233,-2731,-1037,-304,-976,1025,-1026,-1025,-919,105,-277]],"id":"feature_0024"},{"properties":{"zone":5},"type":"Polygon","arcs":[[-232,106,-305,-1038,-2735,-295,-2736,-294,-2733]],"id":"feature_0025"},{"properties":{"zone":5},"type":"Polygon","arcs":[[-2547,-807,-800,-855,107,-853,108,-851,109,-849,-805,110,-803,-813,111,-811,112,-809,-2543,-867,113,-865,-2537,-565,114,-563,-1115,-1083,115,-1081,-1073,116,-1071,1094,-1095,-1094,117,-1092,118,-1090,119,-1088,120,-1086,121,-1084,-1113,-566,-2535,-1118,-1128,-1112,122,-1110,123,-1108,124,-1106,125,-1104,-685,-283,126,-281,127,-279,-678,-520,-548,-298,128,129,130,131,-1250,132,133,134,135,136,137,-296,-846,138,-844,-835,139,-833,-794,140,-792,-821],[-861,-556],[-670,141,-668,142,-666,-521,-557],[-1077,143]],"id":"feature_0026"},{"properties":{"zone":5},"type":"Polygon","arcs":[[144,145,-836,-848,-299,-546,146,147,148,149,150,151,152,153,154,155]],"id":"feature_0027"},{"properties":{"zone":5},"type":"Polygon","arcs":[[156,157,158,159,160,161,162,163,164,165,166,167,168,169,-1056,170,-1054,171,-330,-1472,-333,172]],"id":"feature_0028"},{"properties":{"zone":5},"type":"Polygon","arcs":[[173,174,175,176,177,178,-1261,-1228,-1207]],"id":"feature_0029"},{"properties":{"zone":5},"type":"Polygon","arcs":[[-245,179,-243,180,181,182,183,184,185,186,-1185,-1184,1183,-1183,-1271,187,-1269,188,-1267]],"id":"feature_0030"},{"properties":{"zone":5},"type":"Polygon","arcs":[[-1655,-292,189,190,191]],"id":"feature_0031"},{"properties":{"zone":5},"type":"Polygon","arcs":[[192,-1724,193,-1994,194,195,196,197]],"id":"feature_0032"},{"properties":{"zone":5},"type":"Polygon","arcs":[[-2594,198,-2592,199,-2590,200]],"id":"feature_0033"},{"properties":{"zone":5},"type":"Polygon","arcs":[[201,202]],"id":"feature_0034"},{"properties":{"zone":5},"type":"Polygon","arcs":[[-270,203,-267,204,-265,205,-263,-1726]],"id":"feature_0035"},{"properties":{"zone":5},"type":"Polygon","arcs":[[-1791,-317,-262,-9795,206,-9695,207,-9698,208,9592,209,-9591,210,-9589,211,9594,212,-9586,213,-9584,214,-9582,215,-9580,216,-9578,217]],"id":"feature_0036"},{"properties":{"zone":5},"type":"Polygon","arcs":[[-260,218,-10305,219,-10303,220,-10301,221,-10299,222,-10297,223,-10295,224,-10293,225,-10291,226,-1803,-9706,227,-9704,228,-9702,229,-9700]],"id":"feature_0037"},{"properties":{"zone":6},"type":"Polygon","arcs":[[230,231,-2732,232,233,234]],"id":"feature_0038"},{"properties":{"zone":6},"type":"Polygon","arcs":[[235,-1600,-289,-1263,236,237,238]],"id":"feature_0039"},{"properties":{"zone":6},"type":"Polygon","arcs":[[-258,239,-256,240,-254,241,242,243,244,-1266]],"id":"feature_0040"},{"properties":{"zone":6},"type":"Polygon","arcs":[[-288,245,-286,-1576,246,-1574,-1551,-1630,-1549,-1586,-1564,247,-1562,248,-1560,249,-1558,250,-1556,251,-1554,-1553,252,253,254,255,256,257,-1265]],"id":"feature_0041"},{"properties":{"zone":6},"type":"Polygon","arcs":[[-300,-1949,-2670,-2669]],"id":"feature_0042"},{"properties":{"zone":6},"type":"Polygon","arcs":[[-316,258,-9712,259,-9797,260,261]],"id":"feature_0043"},{"properties":{"zone":6},"type":"Polygon","arcs":[[-1727,262,263,264,265,266,267,-312,-336,-1788]],"id":"feature_0044"},{"properties":{"zone":6},"type":"Polygon","arcs":[[-1960,-1808,268,269,-1725,-2664,270,-2662,271,-2660,-1938,-2656,-1979,-2654,-1969,-1983,-2643,-1980,-1845,-1812,272,-1810,-1848,-1941,273,-1939]],"id":"feature_0045"},{"properties":{"zone":4},"type":"Polygon","arcs":[[-980,274,-8051,275,276,277]],"id":"feature_0046"},{"properties":{"zone":4},"type":"Polygon","arcs":[[-675,278,279,280,281,282,-684,283]],"id":"feature_0047"},{"properties":{"zone":4},"type":"Polygon","arcs":[[284,-1577,285,286,287,-1264,288,-1602]],"id":"feature_0048"},{"properties":{"zone":4},"type":"Polygon","arcs":[[289,290,291,-2499]],"id":"feature_0049"},{"properties":{"zone":4},"type":"Polygon","arcs":[[-337,-2496,292,-2494,-2608,-1962,-2606,-2498]],"id":"feature_0050"},{"properties":{"zone":9},"type":"Polygon","arcs":[[293,-2737,294,-2734]],"id":"feature_0051"},{"properties":{"zone":9},"type":"Polygon","arcs":[[295,296,297,-547,298,-847]],"id":"feature_0052"},{"properties":{"zone":9},"type":"Polygon","arcs":[[-1950,299,-2668,-1776,-2666,-1734,-1743,300,-1741,301,-1781,-2625,302]],"id":"feature_0053"},{"properties":{"zone":10},"type":"Polygon","arcs":[[-977,303,-1036,304,305,-2471,306,-2469,307,-2467,308,-2465]],"id":"feature_0054"},{"properties":{"zone":10},"type":"Polygon","arcs":[[-1773,309,-1292,310]],"id":"feature_0055"},{"properties":{"zone":7},"type":"Polygon","arcs":[[-335,311,312,-9710,313,-9708,314,315,316,-1790]],"id":"feature_0056"},{"properties":{"zone":11},"type":"Polygon","arcs":[[317,-473,318,-471,319,-469]],"id":"feature_0057"},{"properties":{"zone":11},"type":"Polygon","arcs":[[-941,-1030,-1020,320,-1018,-1016,321,-1461,-1449,-1454,322,-953,323,-951,324,-949,325,-947,-1062,-983,-927,-579,-897,-2481,-1035,-2489,326]],"id":"feature_0058"},{"properties":{"zone":8},"type":"Polygon","arcs":[[-1783,327,-2614,328]],"id":"feature_0059"},{"properties":{"zone":1},"type":"Polygon","arcs":[[-1471,329,330,331,332],[333]],"id":"feature_0060"},{"properties":{"zone":5},"type":"Polygon","arcs":[[334,-1789,335],[-1797,-1799]],"id":"feature_0061"},{"properties":{"zone":1},"type":"Polygon","arcs":[[-2497,336]],"id":"feature_0062"},{"properties":{"zone":1},"type":"Polygon","arcs":[[-400,-11199,337,-11141,338,-11139,339,-11153,340,-11151,341,-11145,342,-11143,343,-11149,344,-11263,345,-11163,346,347,-11174,348]],"id":"feature_0063"},{"properties":{"zone":1},"type":"Polygon","arcs":[[-371,349,-369,350,-367,-394,351,-392,352,-390,353,-388,-11099,354,-11086,355,-11077,356,-11075,357,-11083,358,-11081,359]],"id":"feature_0064"},{"properties":{"zone":3},"type":"Polygon","arcs":[[-379,360,-377,361,-375,362,-373,363,-397,-448,-443,364,-440],[395]],"id":"feature_0065"},{"properties":{"zone":5},"type":"Polygon","arcs":[[-11093,365,-395,366,367,368,369,370]],"id":"feature_0066"},{"properties":{"zone":6},"type":"Polygon","arcs":[[371,372,373,374,375,376,377,378,-442,379,-415,380,-413,381,-411,382,-409,383,-407,384,-8516,385,-11090,386,-11100,387,388,389,390,391,392,393,394]],"id":"feature_0067"},{"properties":{"zone":4},"type":"Polygon","arcs":[[395]],"id":"feature_0068"},{"properties":{"zone":10},"type":"Polygon","arcs":[[396,397,-444,-446]],"id":"feature_0069"},{"properties":{"zone":5},"type":"Polygon","arcs":[[-11203,398,399,400,-11255,401,-11253,402,-404]],"id":"feature_0070"},{"properties":{"zone":1},"type":"Polygon","arcs":[[403,-11216,404,-11214,405,-11219]],"id":"feature_0071"},{"properties":{"zone":1},"type":"Polygon","arcs":[[406,407,408,409,410,411,412,413,414,415,-450,416]],"id":"feature_0072"},{"properties":{"zone":1},"type":"Polygon","arcs":[[-423,417,-421,418]],"id":"feature_0073"},{"properties":{"zone":6},"type":"Polygon","arcs":[[419,420,421,422,423,-438,424,-8221,425,-437,426,-435,427,-433,428,-431]],"id":"feature_0074"},{"properties":{"zone":1},"type":"Polygon","arcs":[[-8182,429,430,431,432,433,434,435,436]],"id":"feature_0075"},{"properties":{"zone":1},"type":"Polygon","arcs":[[437,438]],"id":"feature_0076"},{"properties":{"zone":1},"type":"Polygon","arcs":[[439,440,441]],"id":"feature_0077"},{"properties":{"zone":1},"type":"Polygon","arcs":[[442,-447,443,444]],"id":"feature_0078"},{"properties":{"zone":5},"type":"Polygon","arcs":[[445,446,447]],"id":"feature_0079"},{"properties":{"zone":6},"type":"Polygon","arcs":[[448,449]],"id":"feature_0080"},{"properties":{"zone":1},"type":"Polygon","arcs":[[-459,-478,450,-496,-480]],"id":"feature_0081"},{"properties":{"zone":1},"type":"Polygon","arcs":[[451,-476,-502,452,-500,453,-498,454,-505,-507,-504,455,-494,456,-492,-463,457,-461]],"id":"feature_0082"},{"properties":{"zone":5},"type":"Polygon","arcs":[[-479,458]],"id":"feature_0083"},{"properties":{"zone":5},"type":"Polygon","arcs":[[459,460,461,462,-491,463,-489,464,-475,-485,465,-483,466,-481,467,468,469,470,471,472]],"id":"feature_0084"},{"properties":{"zone":4},"type":"Polygon","arcs":[[473,-486,474]],"id":"feature_0085"},{"properties":{"zone":10},"type":"Polygon","arcs":[[-495,475,476,477,478,479]],"id":"feature_0086"},{"properties":{"zone":3},"type":"Polygon","arcs":[[480,481,482,483,484,485,486]],"id":"feature_0087"},{"properties":{"zone":3},"type":"Polygon","arcs":[[487,488,489,490,491,492,493]],"id":"feature_0088"},{"properties":{"zone":8},"type":"Polygon","arcs":[[494,495,496,497,498,499,500,501]],"id":"feature_0089"},{"properties":{"zone":7},"type":"Polygon","arcs":[[502,503,-506,504]],"id":"feature_0090"},{"properties":{"zone":5},"type":"Polygon","arcs":[[505,506]],"id":"feature_0091"},{"properties":{"zone":1},"type":"Polygon","arcs":[[507,-1007,508,-1005,509,-575,510,-539,-526,-543]],"id":"feature_0092"},{"properties":{"zone":1},"type":"Polygon","arcs":[[-588,511,-586,-643,512,-641,513,-639,514,-637]],"id":"feature_0093"},{"properties":{"zone":1},"type":"Polygon","arcs":[[515,-555,516,-553,517,-551,518,-549,519,-677]],"id":"feature_0094"},{"properties":{"zone":1},"type":"Polygon","arcs":[[520,-665,-562,521,-560,522,-558]],"id":"feature_0095"},{"properties":{"zone":1},"type":"Polygon","arcs":[[-589,-877,-883,-655,523,-653,-633,-2562,524,-2560,-527,-590,-895,-673]],"id":"feature_0096"},{"properties":{"zone":1},"type":"Polygon","arcs":[[-592,-661]],"id":"feature_0097"},{"properties":{"zone":8},"type":"Polygon","arcs":[[-544,525,-541,-789]],"id":"feature_0098"},{"properties":{"zone":8},"type":"Polygon","arcs":[[-591,526,-2559,-593,-870]],"id":"feature_0099"},{"properties":{"zone":8},"type":"Polygon","arcs":[[-1045,-987,-963,-568,-1203,-634,-651]],"id":"feature_0100"},{"properties":{"zone":8},"type":"Polygon","arcs":[[-604,527,-602,-880]],"id":"feature_0101"},{"properties":{"zone":3},"type":"Polygon","arcs":[[-632,528,-630,529,-628,530,-626,-1189,-620,-2578,531,-2576,532,-2574,533,-2572,534,-2570,535,-2568,536,-2566,537,-2564]],"id":"feature_0102"},{"properties":{"zone":3},"type":"Polygon","arcs":[[538,539,-790,540]],"id":"feature_0103"},{"properties":{"zone":3},"type":"Polygon","arcs":[[541,542,543,-788]],"id":"feature_0104"},{"properties":{"zone":3},"type":"Polygon","arcs":[[544,545,546,547,548,549,550,551,552,553,554]],"id":"feature_0105"},{"properties":{"zone":3},"type":"Polygon","arcs":[[555,-862]],"id":"feature_0106"},{"properties":{"zone":3},"type":"Polygon","arcs":[[-671,556,557,558,559,560,561]],"id":"feature_0107"},{"properties":{"zone":3},"type":"Polygon","arcs":[[562,563,564,-2536,565,-1116]],"id":"feature_0108"},{"properties":{"zone":3},"type":"Polygon","arcs":[[-611,566,-609,-1150,-1130,-1204,567,-962,-1069]],"id":"feature_0109"},{"properties":{"zone":3},"type":"Polygon","arcs":[[-659,-607,568,-605,-887,-875]],"id":"feature_0110"},{"properties":{"zone":3},"type":"Polygon","arcs":[[-1122,-2526,569,-2524,-617,-686]],"id":"feature_0111"},{"properties":{"zone":3},"type":"Polygon","arcs":[[-616,570,-614,571,-612,-2522,572,-2520,-681]],"id":"feature_0112"},{"properties":{"zone":5},"type":"Polygon","arcs":[[-636,573,574,575,-2389,-902,576,-900,-1014,-899,-925,577,-923,-898,578,-935,579,-933,580,-931,581,-929,-990,-1039,-647,-908,582,-906,583,-904,-646,584,-644,585,586,587]],"id":"feature_0113"},{"properties":{"zone":5},"type":"Polygon","arcs":[[588,-672,-893,589,590,-869,-878]],"id":"feature_0114"},{"properties":{"zone":5},"type":"Polygon","arcs":[[-662,591,-660,-873,-892,-871,-885,-876,-868,592,-2558,593,-2556,594,-2554,595,-706,-720,-722,-714,596,-712,597,-710,598,-708,-700,-718,-705,-730,-729,-699,599,-697],[841]],"id":"feature_0115"},{"properties":{"zone":5},"type":"Polygon","arcs":[[-658,600,-656,-881,601,602,603,-888,604,605,606]],"id":"feature_0116"},{"properties":{"zone":5},"type":"Polygon","arcs":[[607,-1237,-1151,608,609,610,-1068]],"id":"feature_0117"},{"properties":{"zone":5},"type":"Polygon","arcs":[[-2523,611,612,613,614,615,-680,616]],"id":"feature_0118"},{"properties":{"zone":5},"type":"Polygon","arcs":[[-1202,-1135,-1152,-1284,-1136,-1154,-1180,-1281,-1147,617,-1145,618,-1143,-2579,619,-1200,620,-1198,621,-1196,622,-1194,623,-1192,624,-1190,625,626,627,628,629,630,631,-2563,632,-652,633]],"id":"feature_0119"},{"properties":{"zone":6},"type":"Polygon","arcs":[[634,635,636,637,638,639,640,641,642,643,644,645,-903,646,-1052,647,-1050,648,-1048,649,-1046,650,651,652,653,654,-882,655,656,657,658,-874,659,660,661,-696,-786,-776,662,-774,-777,-690,663,-688,-737]],"id":"feature_0120"},{"properties":{"zone":4},"type":"Polygon","arcs":[[664,665,666,667,668,669,670]],"id":"feature_0121"},{"properties":{"zone":2},"type":"Polygon","arcs":[[-894,671,672]],"id":"feature_0122"},{"properties":{"zone":10},"type":"Polygon","arcs":[[673,-1000,-959]],"id":"feature_0123"},{"properties":{"zone":10},"type":"Polygon","arcs":[[674,675,676,677]],"id":"feature_0124"},{"properties":{"zone":12},"type":"Polygon","arcs":[[-682,678]],"id":"feature_0125"},{"properties":{"zone":10},"type":"Polygon","arcs":[[679,680,-2519,681,682,683,684,-1103,-1123,685]],"id":"feature_0126"},{"properties":{"zone":1},"type":"Polygon","arcs":[[686,-738,687,688,689,-780,-783,-782,-727,690,-725,-748,691,-746,692,-744,693,-742,694,-740]],"id":"feature_0127"},{"properties":{"zone":1},"type":"Polygon","arcs":[[695,696,697,698,-728,-787]],"id":"feature_0128"},{"properties":{"zone":1},"type":"Polygon","arcs":[[-719,699,-717,700,-715]],"id":"feature_0129"},{"properties":{"zone":1},"type":"Polygon","arcs":[[-752,701,-750,-735,702,-733,703,-731,-730,729,704,-721,705,706,-768,-767]],"id":"feature_0130"},{"properties":{"zone":1},"type":"Polygon","arcs":[[707,708,709,710,711,712,713,-724,714,715,716]],"id":"feature_0131"},{"properties":{"zone":8},"type":"Polygon","arcs":[[717,718,-723,719,720]],"id":"feature_0132"},{"properties":{"zone":3},"type":"Polygon","arcs":[[721,722,723]],"id":"feature_0133"},{"properties":{"zone":3},"type":"Polygon","arcs":[[-749,724,725,726,-781,727,728,729,730,731,732,733,734]],"id":"feature_0134"},{"properties":{"zone":5},"type":"Polygon","arcs":[[735,736,737]],"id":"feature_0135"},{"properties":{"zone":4},"type":"Polygon","arcs":[[738,739,740,741,742,743,744,745,746,747,748,749,750,751,766,-766,752,-758,-773,-772,-771,-757]],"id":"feature_0136"},{"properties":{"zone":1},"type":"Polygon","arcs":[[753,-765,754,-763]],"id":"feature_0137"},{"properties":{"zone":1},"type":"Polygon","arcs":[[755,756,-770,757,758,-761]],"id":"feature_0138"},{"properties":{"zone":3},"type":"Polygon","arcs":[[759,760,761,762,763,764]],"id":"feature_0139"},{"properties":{"zone":1},"type":"Polygon","arcs":[[765,-767,766,767,768]],"id":"feature_0140"},{"properties":{"zone":1},"type":"Polygon","arcs":[[769,770,771,772]],"id":"feature_0141"},{"properties":{"zone":1},"type":"Polygon","arcs":[[773,774,775,-785,-778]],"id":"feature_0142"},{"properties":{"zone":3},"type":"Polygon","arcs":[[776,777,778,782,779]],"id":"feature_0143"},{"properties":{"zone":2},"type":"Polygon","arcs":[[780,781,782,783,784,785,786]],"id":"feature_0144"},{"properties":{"zone":1},"type":"Polygon","arcs":[[787,788,789,790]],"id":"feature_0145"},{"properties":{"zone":1},"type":"Polygon","arcs":[[791,792,793,-832,794,-830,795,-828,796,-826,797,-824,798,-822]],"id":"feature_0146"},{"properties":{"zone":1},"type":"Polygon","arcs":[[799,-817,800,-815,801,802,803,804,-860,-859,858,-858,805,-856]],"id":"feature_0147"},{"properties":{"zone":3},"type":"Polygon","arcs":[[806,-2546,807,-2544,808,809,810,811,812,813,814,815,816]],"id":"feature_0148"},{"properties":{"zone":3},"type":"Polygon","arcs":[[817,-2552,818,-2550,819,-2548,820,821,822,823,824,825,826,827,828,829,830,831,832,833,834,-843,835,836,837,838,839,840]],"id":"feature_0149"},{"properties":{"zone":8},"type":"Polygon","arcs":[[841]],"id":"feature_0150"},{"properties":{"zone":8},"type":"Polygon","arcs":[[842,843,844,845,846,847]],"id":"feature_0151"},{"properties":{"zone":3},"type":"Polygon","arcs":[[848,849,850,851,852,853,854,855,856,857,-859,858,859]],"id":"feature_0152"},{"properties":{"zone":1},"type":"Polygon","arcs":[[860,861]],"id":"feature_0153"},{"properties":{"zone":3},"type":"Polygon","arcs":[[-2542,862,-2540,863,-2538,864,865,866]],"id":"feature_0154"},{"properties":{"zone":8},"type":"Polygon","arcs":[[867,-879,868,869]],"id":"feature_0155"},{"properties":{"zone":4},"type":"Polygon","arcs":[[-886,870,-891,871,-889,872,873,874]],"id":"feature_0156"},{"properties":{"zone":8},"type":"Polygon","arcs":[[875,-884,876,877,878]],"id":"feature_0157"},{"properties":{"zone":9},"type":"Polygon","arcs":[[879,880,881,882,883,884,885,886,887]],"id":"feature_0158"},{"properties":{"zone":11},"type":"Polygon","arcs":[[888,889,890,891]],"id":"feature_0159"},{"properties":{"zone":3},"type":"Polygon","arcs":[[892,893,894]],"id":"feature_0160"},{"properties":{"zone":1},"type":"Polygon","arcs":[[-2388,-2392,-2396,-2484,895,-2482,896,897,-926,898,-1013,899,900,901]],"id":"feature_0161"},{"properties":{"zone":1},"type":"Polygon","arcs":[[902,903,904,905,906,907]],"id":"feature_0162"},{"properties":{"zone":8},"type":"Polygon","arcs":[[-2461,908,-2459,-975,909,-973,910,-971,911,-969,912,-967,913,-965,-2457,914,-2455,915,-2453,916,-2451,917]],"id":"feature_0163"},{"properties":{"zone":3},"type":"Polygon","arcs":[[918,-1024,-982,919]],"id":"feature_0164"},{"properties":{"zone":3},"type":"Polygon","arcs":[[-978,-2463,920,-1011,921,-1009]],"id":"feature_0165"},{"properties":{"zone":3},"type":"Polygon","arcs":[[922,923,924,925]],"id":"feature_0166"},{"properties":{"zone":3},"type":"Polygon","arcs":[[926,-993,927,-991,928,929,930,931,932,933,934]],"id":"feature_0167"},{"properties":{"zone":3},"type":"Polygon","arcs":[[-984,-1060,935,-945,936,-943]],"id":"feature_0168"},{"properties":{"zone":3},"type":"Polygon","arcs":[[937,-955,938,-1064,-957]],"id":"feature_0169"},{"properties":{"zone":5},"type":"Polygon","arcs":[[-961,939,-1031,940,941]],"id":"feature_0170"},{"properties":{"zone":5},"type":"Polygon","arcs":[[-985,942,943,944,945,-1067,-964]],"id":"feature_0171"},{"properties":{"zone":5},"type":"Polygon","arcs":[[946,947,948,949,950,951,952,953,954,955,956,-1063]],"id":"feature_0172"},{"properties":{"zone":6},"type":"Polygon","arcs":[[957,958,-999,-996]],"id":"feature_0173"},{"properties":{"zone":6},"type":"Polygon","arcs":[[959,-1022,-1033,960]],"id":"feature_0174"},{"properties":{"zone":4},"type":"Polygon","arcs":[[961,962,-986,963,-1070]],"id":"feature_0175"},{"properties":{"zone":9},"type":"Polygon","arcs":[[-2458,964,965,966,967,968,969,970,971,972,973,974]],"id":"feature_0176"},{"properties":{"zone":7},"type":"Polygon","arcs":[[-1023,-1026,975,976,-2464,977,-1008,978,979,980,981]],"id":"feature_0177"},{"properties":{"zone":7},"type":"Polygon","arcs":[[982,-1061,983,984,985,986,-1044,987,-1042,988,-1040,989,990,991,992]],"id":"feature_0178"},{"properties":{"zone":1},"type":"Polygon","arcs":[[993,-1003]],"id":"feature_0179"},{"properties":{"zone":1},"type":"Polygon","arcs":[[994,995,-998]],"id":"feature_0180"},{"properties":{"zone":5},"type":"Polygon","arcs":[[996,997,998,999,1000,1001,1002]],"id":"feature_0181"},{"properties":{"zone":5},"type":"Polygon","arcs":[[1003,1004,1005,1006]],"id":"feature_0182"},{"properties":{"zone":1},"type":"Polygon","arcs":[[1007,1008,1009,1010,1011]],"id":"feature_0183"},{"properties":{"zone":2},"type":"Polygon","arcs":[[1012,1013]],"id":"feature_0184"},{"properties":{"zone":5},"type":"Polygon","arcs":[[-1028,1014,1015,-1017]],"id":"feature_0185"},{"properties":{"zone":6},"type":"Polygon","arcs":[[-1029,1016,1017,1018,1019]],"id":"feature_0186"},{"properties":{"zone":5},"type":"Polygon","arcs":[[1020,-1034,1021]],"id":"feature_0187"},{"properties":{"zone":4},"type":"Polygon","arcs":[[1022,1023,1024,1025]],"id":"feature_0188"},{"properties":{"zone":7},"type":"Polygon","arcs":[[1026,1027,1028,1029,1030,1031,1032,1033]],"id":"feature_0189"},{"properties":{"zone":7},"type":"Polygon","arcs":[[1034,-2480]],"id":"feature_0190"},{"properties":{"zone":6},"type":"Polygon","arcs":[[1035,1036,-2730,1037]],"id":"feature_0191"},{"properties":{"zone":3},"type":"Polygon","arcs":[[1038,1039,1040,1041,1042,1043,1044,1045,1046,1047,1048,1049,1050,1051],[1052]],"id":"feature_0192"},{"properties":{"zone":4},"type":"Polygon","arcs":[[1052]],"id":"feature_0193"},{"properties":{"zone":1},"type":"Polygon","arcs":[[1053,1054,1055,1056]],"id":"feature_0194"},{"properties":{"zone":8},"type":"Polygon","arcs":[[-2474,-2448]],"id":"feature_0195"},{"properties":{"zone":4},"type":"Polygon","arcs":[[1057,-1065,1058,1059,1060,1061,1062,1063]],"id":"feature_0196"},{"properties":{"zone":3},"type":"Polygon","arcs":[[1064,1065]],"id":"feature_0197"},{"properties":{"zone":8},"type":"Polygon","arcs":[[2449]],"id":"feature_0198"},{"properties":{"zone":8},"type":"Polygon","arcs":[[1066,1067,1068,1069]],"id":"feature_0199"},{"properties":{"zone":8},"type":"Polygon","arcs":[[-1095,1070,1071,1072,-1102,1073,-1100,1074,-1098,1075,-1096],[1116]],"id":"feature_0200"},{"properties":{"zone":3},"type":"Polygon","arcs":[[1076,1077,1078,1079]],"id":"feature_0201"},{"properties":{"zone":3},"type":"Polygon","arcs":[[1080,1081,1082,-1114,1083,1084,1085,1086,1087,1088,1089,1090,1091,1092,1093,1094,1095,1096,1097,1098,1099,1100,1101]],"id":"feature_0202"},{"properties":{"zone":3},"type":"Polygon","arcs":[[-1127,-1124,1102,1103,1104,1105,1106,1107,1108,1109,1110,1111]],"id":"feature_0203"},{"properties":{"zone":4},"type":"Polygon","arcs":[[1112,1113,1114,1115]],"id":"feature_0204"},{"properties":{"zone":9},"type":"Polygon","arcs":[[1116]],"id":"feature_0205"},{"properties":{"zone":3},"type":"Polygon","arcs":[[1117,-2534,1118,-2532,1119,-2530,-1125,-1129]],"id":"feature_0206"},{"properties":{"zone":5},"type":"Polygon","arcs":[[-2529,1120,-2527,1121,1122,1123,-1126,1124]],"id":"feature_0207"},{"properties":{"zone":4},"type":"Polygon","arcs":[[1125,1126,1127,1128]],"id":"feature_0208"},{"properties":{"zone":8},"type":"Polygon","arcs":[[1129,-1149,-1233,-1218,1130,-1216,1131,-1214,1132,-1212,1133,-1210,-1221,-1182,-1153,1134,-1201]],"id":"feature_0209"},{"properties":{"zone":8},"type":"Polygon","arcs":[[1135,-1157,-1156,1155,-1155]],"id":"feature_0210"},{"properties":{"zone":8},"type":"Polygon","arcs":[[-1179,-1158,-1165,1136,-1163,1137,-1161,1138,-1159,-1174,-1142,-2585,1139,-2583,-1279]],"id":"feature_0211"},{"properties":{"zone":8},"type":"Polygon","arcs":[[-1173,1140,-2478,-2586,1141]],"id":"feature_0212"},{"properties":{"zone":3},"type":"Polygon","arcs":[[1142,1143,1144,1145,1146,-1280,-2582,1147,-2580]],"id":"feature_0213"},{"properties":{"zone":4},"type":"Polygon","arcs":[[-1205,-1234,1148,1149,1150,-1236]],"id":"feature_0214"},{"properties":{"zone":9},"type":"Polygon","arcs":[[-1285,1151,1152,-1181,1153,1154,-1156,1155,1156]],"id":"feature_0215"},{"properties":{"zone":9},"type":"Polygon","arcs":[[-1178,-1168,-1167,1166,-1166,1157]],"id":"feature_0216"},{"properties":{"zone":9},"type":"Polygon","arcs":[[-1177,-1187,-1176,-1287,-1175,1158,1159,1160,1161,1162,1163,1164,1165,-1167,1166,1167]],"id":"feature_0217"},{"properties":{"zone":9},"type":"Polygon","arcs":[[1168,1169,1170,-1290,1171,1172,1173,1174,-1286,1175,-1186,-1288,-1188,1176,1177,1178,-1278,-1282,-1277,1179,1180,1181,-1220,-1272,1182,-1184,1183,1184]],"id":"feature_0218"},{"properties":{"zone":9},"type":"Polygon","arcs":[[1185,1186,1187,-1289]],"id":"feature_0219"},{"properties":{"zone":8},"type":"Polygon","arcs":[[1188,1189,1190,1191,1192,1193,1194,1195,1196,1197,1198,1199]],"id":"feature_0220"},{"properties":{"zone":7},"type":"Polygon","arcs":[[1200,1201,1202,1203]],"id":"feature_0221"},{"properties":{"zone":3},"type":"Polygon","arcs":[[-1235,1204]],"id":"feature_0222"},{"properties":{"zone":3},"type":"Polygon","arcs":[[1205,1206,-1227,1207,-1225,-1239]],"id":"feature_0223"},{"properties":{"zone":3},"type":"Polygon","arcs":[[-1232,1208,-1230,-1222,1209,1210,1211,1212,1213,1214,1215,1216,1217]],"id":"feature_0224"},{"properties":{"zone":5},"type":"Polygon","arcs":[[-1229,-1275,1218,-1273,1219,1220,1221]],"id":"feature_0225"},{"properties":{"zone":6},"type":"Polygon","arcs":[[1222,-1258,-1246,1223,-1244,-1243,-1240,1224,1225,1226,1227,-1276,1228,1229,1230,1231,1232,1233,1234,1235,1236]],"id":"feature_0226"},{"properties":{"zone":4},"type":"Polygon","arcs":[[1237,1238,1239,1242,-1243,-1242]],"id":"feature_0227"},{"properties":{"zone":3},"type":"Polygon","arcs":[[-1257,-1248,1240,1241,1242,1243,1244,1245]],"id":"feature_0228"},{"properties":{"zone":6},"type":"Polygon","arcs":[[-1256,1246,1247]],"id":"feature_0229"},{"properties":{"zone":4},"type":"Polygon","arcs":[[1248,1249]],"id":"feature_0230"},{"properties":{"zone":5},"type":"Polygon","arcs":[[1250,1251,1252,1253,1254,1255,1256,1257]],"id":"feature_0231"},{"properties":{"zone":5},"type":"Polygon","arcs":[[1258,1259]],"id":"feature_0232"},{"properties":{"zone":8},"type":"Polygon","arcs":[[1260,1261,1262,1263,1264,1265,1266,1267,1268,1269,1270,1271,1272,1273,1274,1275]],"id":"feature_0233"},{"properties":{"zone":8},"type":"Polygon","arcs":[[1276,-1283,1277,1278,1279,1280]],"id":"feature_0234"},{"properties":{"zone":9},"type":"Polygon","arcs":[[1281,1282]],"id":"feature_0235"},{"properties":{"zone":8},"type":"Polygon","arcs":[[1283,1284]],"id":"feature_0236"},{"properties":{"zone":9},"type":"Polygon","arcs":[[1285,1286]],"id":"feature_0237"},{"properties":{"zone":9},"type":"Polygon","arcs":[[1287,1288]],"id":"feature_0238"},{"properties":{"zone":8},"type":"Polygon","arcs":[[1289,1290,1291,1292]],"id":"feature_0239"},{"properties":{"zone":1},"type":"Polygon","arcs":[[-13402,1293,-13400,1294,-13404,1295],[1517]],"id":"feature_0240"},{"properties":{"zone":1},"type":"Polygon","arcs":[[-1346,1296,-1317]],"id":"feature_0241"},{"properties":{"zone":1},"type":"Polygon","arcs":[[-1529,-1423,-1364,1297,-1362,-1309,1298,-1307,-1410]],"id":"feature_0242"},{"properties":{"zone":1},"type":"Polygon","arcs":[[-1352,1299,-1350,1300,-1348,-1332,1301,-1330,1302,-1625]],"id":"feature_0243"},{"properties":{"zone":1},"type":"Polygon","arcs":[[-1328,1303]],"id":"feature_0244"},{"properties":{"zone":8},"type":"Polygon","arcs":[[-1368,-1306,-1590,-1305,-1312]],"id":"feature_0245"},{"properties":{"zone":8},"type":"Polygon","arcs":[[-1434,-1412,-1310,-2490,-1593,-1366]],"id":"feature_0246"},{"properties":{"zone":3},"type":"Polygon","arcs":[[-1589,-1313,1304]],"id":"feature_0247"},{"properties":{"zone":3},"type":"Polygon","arcs":[[-1491,-1489,-1370,-1316,-1337]],"id":"feature_0248"},{"properties":{"zone":5},"type":"Polygon","arcs":[[-1367,-1596,-1591,1305]],"id":"feature_0249"},{"properties":{"zone":5},"type":"Polygon","arcs":[[-1311,1306,1307,1308,-1361,-1533]],"id":"feature_0250"},{"properties":{"zone":5},"type":"Polygon","arcs":[[-2491,1309,-1411,1310]],"id":"feature_0251"},{"properties":{"zone":5},"type":"Polygon","arcs":[[-1369,1311,1312,-1359,-1538,1313,-1545,1314,-1338,1315]],"id":"feature_0252"},{"properties":{"zone":5},"type":"Polygon","arcs":[[-1347,1316,1317,-1710,1318,-1700,1319,-1698,1320,-1696,-1674,-1668,1321,-1666,-1720,-1663,1322,-1707,1323,-1705,1324,-1704,1325,-1702,1326,1327,1328,1329,1330,1331]],"id":"feature_0253"},{"properties":{"zone":6},"type":"Polygon","arcs":[[1332,-1462,-1397,1333,-1395,1334,-1393,1335,-1391,-1430,-1486,-1492,1336,1337,1338,1339,1340,1341,-1473,1342,-1415,1343,-1413,-1447]],"id":"feature_0254"},{"properties":{"zone":6},"type":"Polygon","arcs":[[1344,1345,1346,1347,1348,1349,1350,1351,-1624,-1607,-1613,-1612,-1610,-1550,-1572,1352,-1570,1353,-1568,1354,-1566,1355,-1597,1356,-1542,-1541,1357,-1539,1358,-1588,-1595,-1536,1359,-1534,1360,1361,1362,1363,-1422,-1514]],"id":"feature_0255"},{"properties":{"zone":9},"type":"Polygon","arcs":[[-1504,1364,-1502,-1435,1365,-1592,1366,1367,1368,1369,-1488,-1484,-1428]],"id":"feature_0256"},{"properties":{"zone":5},"type":"Polygon","arcs":[[1370,-1380,1371,-1378,1372,-1657,1373]],"id":"feature_0257"},{"properties":{"zone":1},"type":"Polygon","arcs":[[1374,-1384,1375,-1382,1376,1377,1378,1379]],"id":"feature_0258"},{"properties":{"zone":4},"type":"Polygon","arcs":[[1380,1381,1382,1383]],"id":"feature_0259"},{"properties":{"zone":1},"type":"Polygon","arcs":[[-1465,1384,1385,-13383,1386,-13381,1387,-13379,1388,-13556,-1433,1389,-1431,1390,1391,1392,1393,1394,1395,1396]],"id":"feature_0260"},{"properties":{"zone":1},"type":"Polygon","arcs":[[-1429,-1482]],"id":"feature_0261"},{"properties":{"zone":1},"type":"Polygon","arcs":[[-1427,1397,-1425,-1500]],"id":"feature_0262"},{"properties":{"zone":3},"type":"Polygon","arcs":[[1398,-13468,1399,-13466,1400,1401,-13448,1402,-13446,1403,-13444,1404,-13442,1405,-13440,1406,-13438,1407,-1442,1408,-1440]],"id":"feature_0263"},{"properties":{"zone":3},"type":"Polygon","arcs":[[-1438,-1437,1409,1410,1411]],"id":"feature_0264"},{"properties":{"zone":5},"type":"Polygon","arcs":[[-1458,-1448,1412,1413,1414,1415]],"id":"feature_0265"},{"properties":{"zone":5},"type":"Polygon","arcs":[[1416,-1512,1417,-1510,1418,-1508,1419,-1524,-1517,1420,-1515,1421,1422,-1528,-1527,-1522,1423,-1520,-1525,1436,-1436,1424,1425,1426,-1505,1427,-1483,1428,-1481,1429,1430,1431,1432,13555]],"id":"feature_0266"},{"properties":{"zone":6},"type":"Polygon","arcs":[[1433,1434,-1501,-1499,1435,-1437,1436,1437]],"id":"feature_0267"},{"properties":{"zone":4},"type":"Polygon","arcs":[[1438,1439,1440,1441,1442,-13416,1443,1444,-13422,1445,-13420,1446,1447,-1457,-1456,1455,-1455,1448,-1460,1449,-1452]],"id":"feature_0268"},{"properties":{"zone":3},"type":"Polygon","arcs":[[1450,1451]],"id":"feature_0269"},{"properties":{"zone":10},"type":"Polygon","arcs":[[1452,1453,1454,-1456,1455,1456,1457]],"id":"feature_0270"},{"properties":{"zone":5},"type":"Polygon","arcs":[[1458,1459,1460]],"id":"feature_0271"},{"properties":{"zone":5},"type":"Polygon","arcs":[[1461,1462,-13560,1463,1464]],"id":"feature_0272"},{"properties":{"zone":5},"type":"Polygon","arcs":[[1465]],"id":"feature_0273"},{"properties":{"zone":5},"type":"Polygon","arcs":[[1466,1467,1468,1469]],"id":"feature_0274"},{"properties":{"zone":3},"type":"Polygon","arcs":[[1470,1471]],"id":"feature_0275"},{"properties":{"zone":5},"type":"Polygon","arcs":[[1472,1473]],"id":"feature_0276"},{"properties":{"zone":5},"type":"Polygon","arcs":[[1474,1475,1476,1477,1478,1479]],"id":"feature_0277"},{"properties":{"zone":1},"type":"Polygon","arcs":[[1480,1481,1482,1483,-1487,-1497,-1495,1484,-1493,1485]],"id":"feature_0278"},{"properties":{"zone":8},"type":"Polygon","arcs":[[-1498,1486,1487,1488,-1490]],"id":"feature_0279"},{"properties":{"zone":4},"type":"Polygon","arcs":[[-1496,1489,1490,1491,1492,1493,1494]],"id":"feature_0280"},{"properties":{"zone":4},"type":"Polygon","arcs":[[1495,1496,1497]],"id":"feature_0281"},{"properties":{"zone":3},"type":"Polygon","arcs":[[1498,-1506,1499]],"id":"feature_0282"},{"properties":{"zone":5},"type":"Polygon","arcs":[[1500,1501,1502,1503,1504,1505]],"id":"feature_0283"},{"properties":{"zone":1},"type":"Polygon","arcs":[[1506,1507,1508,1509,1510,1511]],"id":"feature_0284"},{"properties":{"zone":1},"type":"Polygon","arcs":[[1512,1513,1514,1515,1516]],"id":"feature_0285"},{"properties":{"zone":3},"type":"Polygon","arcs":[[1517]],"id":"feature_0286"},{"properties":{"zone":1},"type":"Polygon","arcs":[[1518,1519,1520,1521,1526]],"id":"feature_0287"},{"properties":{"zone":1},"type":"Polygon","arcs":[[1522,1523]],"id":"feature_0288"},{"properties":{"zone":2},"type":"Polygon","arcs":[[1524,1525,1526,1527,1528]],"id":"feature_0289"},{"properties":{"zone":1},"type":"Polygon","arcs":[[-13398,1529,-13396,1530],[1531]],"id":"feature_0290"},{"properties":{"zone":3},"type":"Polygon","arcs":[[1531]],"id":"feature_0291"},{"properties":{"zone":1},"type":"Polygon","arcs":[[1532,1533,1534,1535,-1594,-2492]],"id":"feature_0292"},{"properties":{"zone":1},"type":"Polygon","arcs":[[1536,1537,1538,1539,1540,-1544]],"id":"feature_0293"},{"properties":{"zone":1},"type":"Polygon","arcs":[[1541,1542,1543]],"id":"feature_0294"},{"properties":{"zone":1},"type":"Polygon","arcs":[[1544,1545,1546]],"id":"feature_0295"},{"properties":{"zone":1},"type":"Polygon","arcs":[[-1629,1547,-1581,-1579,-1587,1548]],"id":"feature_0296"},{"properties":{"zone":8},"type":"Polygon","arcs":[[1549,-1609,1550,-1573]],"id":"feature_0297"},{"properties":{"zone":3},"type":"Polygon","arcs":[[-1585,-1644,-1633,1551,1552,1553,1554,1555,1556,1557,1558,1559,1560,1561,1562,1563]],"id":"feature_0298"},{"properties":{"zone":5},"type":"Polygon","arcs":[[-1599,1564,1565,1566,1567,1568,1569,1570,1571,1572,1573,1574,1575,1576,1577]],"id":"feature_0299"},{"properties":{"zone":5},"type":"Polygon","arcs":[[-1584,1578,-1580,-1650]],"id":"feature_0300"},{"properties":{"zone":6},"type":"Polygon","arcs":[[-1651,-1647,-1648,1579,1580,1581,-2506,1582]],"id":"feature_0301"},{"properties":{"zone":7},"type":"Polygon","arcs":[[1583,-1646,-1638,1584,1585,1586]],"id":"feature_0302"},{"properties":{"zone":4},"type":"Polygon","arcs":[[1587,1588,1589,1590]],"id":"feature_0303"},{"properties":{"zone":8},"type":"Polygon","arcs":[[1591,1592,-2493,1593,1594,1595]],"id":"feature_0304"},{"properties":{"zone":1},"type":"Polygon","arcs":[[1596,1597]],"id":"feature_0305"},{"properties":{"zone":6},"type":"Polygon","arcs":[[1598,-1599]],"id":"feature_0306"},{"properties":{"zone":3},"type":"Polygon","arcs":[[1599,1600,1601]],"id":"feature_0307"},{"properties":{"zone":1},"type":"Polygon","arcs":[[1602,-1620]],"id":"feature_0308"},{"properties":{"zone":1},"type":"Polygon","arcs":[[-1627,1603,-1618,1604,-1616,1605,-1614,1606]],"id":"feature_0309"},{"properties":{"zone":1},"type":"Polygon","arcs":[[-1622,1607,-1631,1608,1609,-1611]],"id":"feature_0310"},{"properties":{"zone":1},"type":"Polygon","arcs":[[-1623,1610,1611]],"id":"feature_0311"},{"properties":{"zone":5},"type":"Polygon","arcs":[[1612,1613,1614,1615,1616,1617,1618,1619,1620,1621,1622]],"id":"feature_0312"},{"properties":{"zone":5},"type":"Polygon","arcs":[[1623,1624,1625,1626]],"id":"feature_0313"},{"properties":{"zone":5},"type":"Polygon","arcs":[[1627,1628,1629,1630]],"id":"feature_0314"},{"properties":{"zone":5},"type":"Polygon","arcs":[[-1643,1631,1632]],"id":"feature_0315"},{"properties":{"zone":5},"type":"Polygon","arcs":[[-1641,1633,-1639,-1652,1634,1635,1636]],"id":"feature_0316"},{"properties":{"zone":6},"type":"Polygon","arcs":[[1637,-1645,-1653,1638,1639,1640,1641,1642,1643]],"id":"feature_0317"},{"properties":{"zone":6},"type":"Polygon","arcs":[[2514]],"id":"feature_0318"},{"properties":{"zone":3},"type":"Polygon","arcs":[[1644,1645,-1649,1646,-1654]],"id":"feature_0319"},{"properties":{"zone":4},"type":"Polygon","arcs":[[1647,1648,1649]],"id":"feature_0320"},{"properties":{"zone":4},"type":"Polygon","arcs":[[1650,1651,1652,1653]],"id":"feature_0321"},{"properties":{"zone":6},"type":"Polygon","arcs":[[1654,1655,-2500]],"id":"feature_0322"},{"properties":{"zone":1},"type":"Polygon","arcs":[[1656,1657,-1691,-1664,-1672,1658,-1670,1659]],"id":"feature_0323"},{"properties":{"zone":1},"type":"Polygon","arcs":[[-1719,1660,-1717,-1687,-1680,1661,1662]],"id":"feature_0324"},{"properties":{"zone":8},"type":"Polygon","arcs":[[-1673,1663,-1690,1664,-1688,1665,1666,1667]],"id":"feature_0325"},{"properties":{"zone":3},"type":"Polygon","arcs":[[1668,1669,1670,1671,1672,1673,-1695,1674,-1693]],"id":"feature_0326"},{"properties":{"zone":3},"type":"Polygon","arcs":[[1675,-1682,-1714,1676,-1712]],"id":"feature_0327"},{"properties":{"zone":3},"type":"Polygon","arcs":[[-1686,1677,-1684,1678,1679]],"id":"feature_0328"},{"properties":{"zone":5},"type":"Polygon","arcs":[[1680,-1715,1681,1682,1683,1684,1685,1686,-1716,1687,1688,1689,1690]],"id":"feature_0329"},{"properties":{"zone":1},"type":"Polygon","arcs":[[1691,1692,1693,1694,1695,1696,1697,1698,1699]],"id":"feature_0330"},{"properties":{"zone":1},"type":"Polygon","arcs":[[1700,1701,1702,1703]],"id":"feature_0331"},{"properties":{"zone":1},"type":"Polygon","arcs":[[1704,1705,1706,1707],[1720]],"id":"feature_0332"},{"properties":{"zone":1},"type":"Polygon","arcs":[[1708,1709]],"id":"feature_0333"},{"properties":{"zone":1},"type":"Polygon","arcs":[[1710,1711,1712,1713,1714],[1721]],"id":"feature_0334"},{"properties":{"zone":8},"type":"Polygon","arcs":[[1715,1716,1717,1718,1719]],"id":"feature_0335"},{"properties":{"zone":3},"type":"Polygon","arcs":[[1720]],"id":"feature_0336"},{"properties":{"zone":4},"type":"Polygon","arcs":[[1721]],"id":"feature_0337"},{"properties":{"zone":1},"type":"Polygon","arcs":[[1722,1723]],"id":"feature_0338"},{"properties":{"zone":7},"type":"Polygon","arcs":[[1724,1725,1726,-1787,-1740,-1756,1727,-1754,1728,-1752,1729,-1750,1730,-1748,1731,-1746,1732,-1744,1733,-2665]],"id":"feature_0339"},{"properties":{"zone":11},"type":"Polygon","arcs":[[1734,-9890,1735,-9888,1736,-9883,-1761,1737,-1759,1738,-1757,1739,-1796]],"id":"feature_0340"},{"properties":{"zone":12},"type":"Polygon","arcs":[[1740,1741,1742,1743,1744,1745,1746,1747,1748,1749,1750,1751,1752,1753,1754,1755,1756,1757,1758,1759,1760,1761,-9881,1762,-9879,1763,-9877,1764,-9875,1765,-9873,1766,1767,-9570,1768,-9568,1769,-9566,1770,-9564,1771,1772,1773]],"id":"feature_0341"},{"properties":{"zone":12},"type":"Polygon","arcs":[[1774]],"id":"feature_0342"},{"properties":{"zone":6},"type":"Polygon","arcs":[[1775,-2667]],"id":"feature_0343"},{"properties":{"zone":5},"type":"Polygon","arcs":[[-2634,1776,-2632,1777,-2630,1778,-2628,1779,-2626,1780,1781]],"id":"feature_0344"},{"properties":{"zone":6},"type":"Polygon","arcs":[[1782,1783,-2618,1784]],"id":"feature_0345"},{"properties":{"zone":5},"type":"Polygon","arcs":[[-2588,1785]],"id":"feature_0346"},{"properties":{"zone":10},"type":"Polygon","arcs":[[1786,1787,1788,1789,1790,1791,-9576,1792,-9574,1793,-9572,1794,1795]],"id":"feature_0347"},{"properties":{"zone":8},"type":"Polygon","arcs":[[1796,-1798]],"id":"feature_0348"},{"properties":{"zone":8},"type":"Polygon","arcs":[[1797,1798]],"id":"feature_0349"},{"properties":{"zone":6},"type":"Polygon","arcs":[[1799,-9802,1800,-9800,1801,1802,1803,9804,9805,-9804]],"id":"feature_0350"},{"properties":{"zone":5},"type":"Polygon","arcs":[[9803,-9806,9805,1804]],"id":"feature_0351"},{"properties":{"zone":1},"type":"Polygon","arcs":[[-1968,1805,-2724,-1964,1806]],"id":"feature_0352"},{"properties":{"zone":1},"type":"Polygon","arcs":[[1807,-1959,-1851,1808]],"id":"feature_0353"},{"properties":{"zone":1},"type":"Polygon","arcs":[[1809,1810,1811,-1847,1812,-1849]],"id":"feature_0354"},{"properties":{"zone":1},"type":"Polygon","arcs":[[-1915,-2704,-1829,1813,-1827]],"id":"feature_0355"},{"properties":{"zone":1},"type":"Polygon","arcs":[[1814,-2691]],"id":"feature_0356"},{"properties":{"zone":1},"type":"Polygon","arcs":[[-1989,-2640,1815,-2638,-1842]],"id":"feature_0357"},{"properties":{"zone":1},"type":"Polygon","arcs":[[-2699,-2157,-1835,1816,-1833,1817,-1831]],"id":"feature_0358"},{"properties":{"zone":1},"type":"Polygon","arcs":[[1818,-2726]],"id":"feature_0359"},{"properties":{"zone":1},"type":"Polygon","arcs":[[-1841,1819,-1839,-2162,-2142,-1870,1820,-1868,1821,-1866]],"id":"feature_0360"},{"properties":{"zone":1},"type":"Polygon","arcs":[[-1929,-2172,1822,-2170,-1928,-2085,-1927,-1911,1823,-1909,-2168,1824,-2166,-2126,-1838,-1854,1825,-1852]],"id":"feature_0361"},{"properties":{"zone":8},"type":"Polygon","arcs":[[-1921,-1860,-2694]],"id":"feature_0362"},{"properties":{"zone":3},"type":"Polygon","arcs":[[-1914,1826,1827,1828,-2703,1829,-2701]],"id":"feature_0363"},{"properties":{"zone":3},"type":"MultiPolygon","arcs":[[[-2636,1830,1831,1832,1833,1834,-2156,-2695,-1859,1835,-1857,1836,-1855,1837,-2125,-2105,-2140,-2163,1838,1839,1840,-1865]],[[-2637,-1864,-2037,-2028,-2399,-1981,-1987,1841]]],"id":"feature_0364"},{"properties":{"zone":3},"type":"Polygon","arcs":[[-1918,-1873,-2104]],"id":"feature_0365"},{"properties":{"zone":3},"type":"Polygon","arcs":[[-2236,-2221,-1920,-1923,-2304,-2333,1842,-2331,-2267,-2263,1843,-2261]],"id":"feature_0366"},{"properties":{"zone":5},"type":"Polygon","arcs":[[1844,-1982,-2404,-2419,-2408,-2034,1845,1846]],"id":"feature_0367"},{"properties":{"zone":5},"type":"Polygon","arcs":[[1847,1848,1849,1850,-1958,-1942]],"id":"feature_0368"},{"properties":{"zone":5},"type":"Polygon","arcs":[[-2712,-1930,1851,1852,1853,1854,1855,1856,1857,1858,1859,-1922]],"id":"feature_0369"},{"properties":{"zone":5},"type":"Polygon","arcs":[[-2026,-2041,-2050,1860,-2048,1861,-2046,-2040,1862,-2038,1863,1864,1865,1866,1867,1868,1869,-2141,-2109,-2175,-2088,-2101,1870,-2099,1871,-2097,1872,-1917,1873,-2056,-2064,-2053,-2013,-2017,1874,-2015,-2012,-2044,-2005,1875,-2006,-2042,-2014,-2032,-2010,1876,-2008,1877,-2021,1878,-2019]],"id":"feature_0370"},{"properties":{"zone":5},"type":"Polygon","arcs":[[1879,-2346,1880,-2344,-2205,-2728]],"id":"feature_0371"},{"properties":{"zone":5},"type":"Polygon","arcs":[[-2707,-2185,1881,-2183,1882,-2181,1883,-2179,1884,-2177,-2705,-2218,1885,-2216,1886,-2214,1887,-2212,1888,-2210,1889,-9824,1890,-9822,1891,1892,-10018,-10017,1893,-10015,1894,-10013,1895,-10011,1896,-10009,1897,1898,-9811,1899,-9809,1900,1901,-10004,1902,-10002,1903,-2190,1904,-2188,1905,-2186,10097,1906,-2073,1907,-2071,-2149,-2114,-2164,1908,1909,1910,-1926,-2081,1911,-2079,-2087,-2078,1912,-2076]],"id":"feature_0372"},{"properties":{"zone":6},"type":"Polygon","arcs":[[1913,-2700,1914]],"id":"feature_0373"},{"properties":{"zone":6},"type":"Polygon","arcs":[[1915,1916,1917,-2103,-2090]],"id":"feature_0374"},{"properties":{"zone":6},"type":"Polygon","arcs":[[-2245,-2329,-2297,-1925,-1919,-2231,-2322]],"id":"feature_0375"},{"properties":{"zone":4},"type":"Polygon","arcs":[[1918,-1924,1919,-2223,-2232]],"id":"feature_0376"},{"properties":{"zone":9},"type":"Polygon","arcs":[[1920,-2693,-2713,1921]],"id":"feature_0377"},{"properties":{"zone":9},"type":"Polygon","arcs":[[-2305,1922,1923,1924]],"id":"feature_0378"},{"properties":{"zone":2},"type":"Polygon","arcs":[[-2070,-2709,-2082,1925,1926,-2084,1927,-2169,1928,1929,-2711]],"id":"feature_0379"},{"properties":{"zone":11},"type":"Polygon","arcs":[[-1934,1930,-2288,1931]],"id":"feature_0380"},{"properties":{"zone":12},"type":"Polygon","arcs":[[1932,1933]],"id":"feature_0381"},{"properties":{"zone":1},"type":"Polygon","arcs":[[1934,-2689,1935,-2687]],"id":"feature_0382"},{"properties":{"zone":1},"type":"Polygon","arcs":[[-2659,1936,-2657,1937]],"id":"feature_0383"},{"properties":{"zone":1},"type":"Polygon","arcs":[[-2612,-1944,-2683]],"id":"feature_0384"},{"properties":{"zone":1},"type":"Polygon","arcs":[[1938,1939,1940,1941,-1961]],"id":"feature_0385"},{"properties":{"zone":8},"type":"Polygon","arcs":[[-2611,1942,-1965,-2723,-2684,1943]],"id":"feature_0386"},{"properties":{"zone":8},"type":"Polygon","arcs":[[1951]],"id":"feature_0387"},{"properties":{"zone":3},"type":"Polygon","arcs":[[-2679,1944,-2677,1945,-2675,1946,-2673,1947,-2671,-2670,1948,1949,1950],[1951]],"id":"feature_0388"},{"properties":{"zone":4},"type":"Polygon","arcs":[[1952,-1975,1953,-2685,-2722,1954,-2720,1955,-2718,1956,-2716]],"id":"feature_0389"},{"properties":{"zone":2},"type":"Polygon","arcs":[[1957,1958,1959,1960]],"id":"feature_0390"},{"properties":{"zone":1},"type":"Polygon","arcs":[[1961,-2607]],"id":"feature_0391"},{"properties":{"zone":5},"type":"Polygon","arcs":[[1962,1963,1964,1965]],"id":"feature_0392"},{"properties":{"zone":5},"type":"Polygon","arcs":[[1966,1967]],"id":"feature_0393"},{"properties":{"zone":1},"type":"Polygon","arcs":[[-1984,1968,-2653,1969,-2651,-2650,2649,-2649,1970,-2647,-1992,1971,-1990,-2645,-1986,-1973]],"id":"feature_0394"},{"properties":{"zone":3},"type":"Polygon","arcs":[[-1985,1972]],"id":"feature_0395"},{"properties":{"zone":5},"type":"Polygon","arcs":[[1973,1974,1975,-1977]],"id":"feature_0396"},{"properties":{"zone":3},"type":"Polygon","arcs":[[1976,1977]],"id":"feature_0397"},{"properties":{"zone":1},"type":"Polygon","arcs":[[-2655,1978]],"id":"feature_0398"},{"properties":{"zone":8},"type":"Polygon","arcs":[[1979,-2642,-1988,1980,-2398,-2405,1981]],"id":"feature_0399"},{"properties":{"zone":2},"type":"Polygon","arcs":[[-2644,1982,1983,1984,1985]],"id":"feature_0400"},{"properties":{"zone":2},"type":"Polygon","arcs":[[1986,1987,-2641,1988]],"id":"feature_0401"},{"properties":{"zone":3},"type":"Polygon","arcs":[[-2646,1989,1990,1991]],"id":"feature_0402"},{"properties":{"zone":1},"type":"Polygon","arcs":[[1992,1993]],"id":"feature_0403"},{"properties":{"zone":5},"type":"Polygon","arcs":[[1994,-2004,1995,-2002,1996,-2000,1997,-2429]],"id":"feature_0404"},{"properties":{"zone":10},"type":"Polygon","arcs":[[1998,1999,2000,2001,2002,2003]],"id":"feature_0405"},{"properties":{"zone":1},"type":"Polygon","arcs":[[2004,-2043,2005,2006]],"id":"feature_0406"},{"properties":{"zone":1},"type":"Polygon","arcs":[[2007,2008]],"id":"feature_0407"},{"properties":{"zone":1},"type":"Polygon","arcs":[[2009,-2031,2010]],"id":"feature_0408"},{"properties":{"zone":8},"type":"Polygon","arcs":[[2011,-2018,2012,-2052,-2033,2013,-2045]],"id":"feature_0409"},{"properties":{"zone":3},"type":"Polygon","arcs":[[2014,2015,2016,2017]],"id":"feature_0410"},{"properties":{"zone":6},"type":"Polygon","arcs":[[-2027,2018,2019,2020,2021,-2413,2022,-2411,2023,-2409,-2417,-2401,2024]],"id":"feature_0411"},{"properties":{"zone":2},"type":"Polygon","arcs":[[2025,2026,2027,-2036]],"id":"feature_0412"},{"properties":{"zone":2},"type":"Polygon","arcs":[[-2054,-2059,-2055,2028,-2065,2029,2030,2031,2032]],"id":"feature_0413"},{"properties":{"zone":1},"type":"Polygon","arcs":[[2033,-2407,2034]],"id":"feature_0414"},{"properties":{"zone":1},"type":"Polygon","arcs":[[2035,2036,2037,2038,2039,-2051,2040]],"id":"feature_0415"},{"properties":{"zone":2},"type":"Polygon","arcs":[[2041,2042,2043,2044]],"id":"feature_0416"},{"properties":{"zone":3},"type":"Polygon","arcs":[[2045,2046,2047,2048,2049,2050]],"id":"feature_0417"},{"properties":{"zone":1},"type":"Polygon","arcs":[[2051,2052,-2063,-2060,2053]],"id":"feature_0418"},{"properties":{"zone":1},"type":"Polygon","arcs":[[2054,-2058,-2061,2055,2056]],"id":"feature_0419"},{"properties":{"zone":3},"type":"Polygon","arcs":[[2057,2058,2059,-2062]],"id":"feature_0420"},{"properties":{"zone":2},"type":"Polygon","arcs":[[2060,2061,2062,2063]],"id":"feature_0421"},{"properties":{"zone":1},"type":"Polygon","arcs":[[2064,2065]],"id":"feature_0422"},{"properties":{"zone":1},"type":"Polygon","arcs":[[-9604,2066,-9602,2067,9599,2068]],"id":"feature_0423"},{"properties":{"zone":1},"type":"Polygon","arcs":[[-2710,2069]],"id":"feature_0424"},{"properties":{"zone":1},"type":"Polygon","arcs":[[2070,2071,2072,2073,-9831,2074,-2150]],"id":"feature_0425"},{"properties":{"zone":1},"type":"Polygon","arcs":[[-2708,2075,2076,2077,-2086,2078,2079,2080,2081]],"id":"feature_0426"},{"properties":{"zone":1},"type":"Polygon","arcs":[[-2136,2082,-2091,-2155]],"id":"feature_0427"},{"properties":{"zone":3},"type":"Polygon","arcs":[[2083,2084]],"id":"feature_0428"},{"properties":{"zone":3},"type":"Polygon","arcs":[[2085,2086]],"id":"feature_0429"},{"properties":{"zone":3},"type":"Polygon","arcs":[[2087,-2174,-2138,-2094,-2110,-2095,-2152,-2093,2088,2089,-2102]],"id":"feature_0430"},{"properties":{"zone":6},"type":"Polygon","arcs":[[-2151,2090,2091,2092]],"id":"feature_0431"},{"properties":{"zone":1},"type":"Polygon","arcs":[[2093,-2137,-2153,2094,-2113,2095,-2111]],"id":"feature_0432"},{"properties":{"zone":1},"type":"Polygon","arcs":[[2096,2097,2098,2099,2100,2101,2102,2103]],"id":"feature_0433"},{"properties":{"zone":1},"type":"Polygon","arcs":[[-2139,2104,-2124,-2119,2105,-2117,2106,-2115,-2147,-2129,2107,-2127,-2176,2108,-2143,-2160]],"id":"feature_0434"},{"properties":{"zone":8},"type":"Polygon","arcs":[[2109,2110,2111,2112]],"id":"feature_0435"},{"properties":{"zone":3},"type":"Polygon","arcs":[[-2123,2113,-2148,2114,2115,2116,2117,2118]],"id":"feature_0436"},{"properties":{"zone":3},"type":"Polygon","arcs":[[2119,-2196,-2134,2120,-2132,2121,-2130,-2145,-2201]],"id":"feature_0437"},{"properties":{"zone":5},"type":"Polygon","arcs":[[-2165,2122,2123,2124,2125]],"id":"feature_0438"},{"properties":{"zone":5},"type":"Polygon","arcs":[[-2173,2126,2127,2128,-2146,2129,2130,2131,2132,2133,-2198,-2203,2134,2135,-2154,2136,2137]],"id":"feature_0439"},{"properties":{"zone":6},"type":"Polygon","arcs":[[2138,-2159,2139]],"id":"feature_0440"},{"properties":{"zone":2},"type":"Polygon","arcs":[[2140,2141,-2161,2142]],"id":"feature_0441"},{"properties":{"zone":2},"type":"Polygon","arcs":[[2143,-2199,2144,2145,2146,2147,2148,2149]],"id":"feature_0442"},{"properties":{"zone":2},"type":"Polygon","arcs":[[2150,2151,2152,2153,2154]],"id":"feature_0443"},{"properties":{"zone":1},"type":"Polygon","arcs":[[-2697,-2158]],"id":"feature_0444"},{"properties":{"zone":2},"type":"Polygon","arcs":[[-2696,2155,2156,-2698,2157]],"id":"feature_0445"},{"properties":{"zone":8},"type":"Polygon","arcs":[[2158,2159,2160,2161,2162]],"id":"feature_0446"},{"properties":{"zone":8},"type":"Polygon","arcs":[[2163,2164,2165,2166,2167]],"id":"feature_0447"},{"properties":{"zone":3},"type":"Polygon","arcs":[[2168,2169,2170,2171]],"id":"feature_0448"},{"properties":{"zone":6},"type":"Polygon","arcs":[[2172,2173,2174,2175]],"id":"feature_0449"},{"properties":{"zone":1},"type":"Polygon","arcs":[[-2706,2176,2177,2178,2179,2180,2181,2182,2183,2184]],"id":"feature_0450"},{"properties":{"zone":1},"type":"Polygon","arcs":[[-10098,2185,2186,2187,2188,2189,2190,-9816,2191,-9814,2192,-9999,2193,-9997,2194,-9995]],"id":"feature_0451"},{"properties":{"zone":1},"type":"Polygon","arcs":[[2195,2196,-2204,2197]],"id":"feature_0452"},{"properties":{"zone":1},"type":"Polygon","arcs":[[2198,2199,2200]],"id":"feature_0453"},{"properties":{"zone":6},"type":"Polygon","arcs":[[2201,2202,2203]],"id":"feature_0454"},{"properties":{"zone":8},"type":"Polygon","arcs":[[2204,-2351,2205,-2352,-2349,2206,2347,2207,9825,-9826,2208,2209,2210,2211,2212,2213,2214,2215,2216,2217,-2729]],"id":"feature_0455"},{"properties":{"zone":1},"type":"Polygon","arcs":[[-2250,-2239]],"id":"feature_0456"},{"properties":{"zone":1},"type":"Polygon","arcs":[[2218,-2228,2219,-2226]],"id":"feature_0457"},{"properties":{"zone":1},"type":"Polygon","arcs":[[2220,-2235,2221,-2233,2222]],"id":"feature_0458"},{"properties":{"zone":5},"type":"Polygon","arcs":[[2223,-2269,-2248,2224,2225,2226,2227]],"id":"feature_0459"},{"properties":{"zone":5},"type":"Polygon","arcs":[[2228,-2317,2229,-2323,2230,2231,2232,2233,2234,2235,-2260,2236,-2258,2237,-2256,-2251,2238,-2249,-2276,-2282,-2275,-2274,-2273,-2278,2239,-2314,2240,-2312,2241,-2310,2242,2243,-2324,2244,-2321,2245,-2319]],"id":"feature_0460"},{"properties":{"zone":6},"type":"Polygon","arcs":[[2246,2247,-2268,-2271,2248,2249,2250,-2255,2251,-2253]],"id":"feature_0461"},{"properties":{"zone":1},"type":"Polygon","arcs":[[2252,2253,2254,2255,2256,2257,2258,2259,2260,2261,2262,-2266,2263],[2282]],"id":"feature_0462"},{"properties":{"zone":6},"type":"Polygon","arcs":[[-2330,2264,2265,2266]],"id":"feature_0463"},{"properties":{"zone":1},"type":"Polygon","arcs":[[2267,2268,2269,-2280,-2272]],"id":"feature_0464"},{"properties":{"zone":8},"type":"Polygon","arcs":[[2270,2271,-2279,2272,2273,2274,-2281,2275]],"id":"feature_0465"},{"properties":{"zone":6},"type":"Polygon","arcs":[[2276,2277,2278,2279]],"id":"feature_0466"},{"properties":{"zone":9},"type":"Polygon","arcs":[[2280,2281]],"id":"feature_0467"},{"properties":{"zone":5},"type":"Polygon","arcs":[[2282]],"id":"feature_0468"},{"properties":{"zone":12},"type":"Polygon","arcs":[[2283,-2295,2284,-2293,2285,-2291,2286,2287],[2288]],"id":"feature_0469"},{"properties":{"zone":11},"type":"Polygon","arcs":[[2288]],"id":"feature_0470"},{"properties":{"zone":11},"type":"Polygon","arcs":[[2289,2290,2291,2292,2293,2294]],"id":"feature_0471"},{"properties":{"zone":1},"type":"Polygon","arcs":[[-2296,-2309,-2308,2307,-2307]],"id":"feature_0472"},{"properties":{"zone":8},"type":"Polygon","arcs":[[-2306,2295]],"id":"feature_0473"},{"properties":{"zone":5},"type":"Polygon","arcs":[[2296,-2328,2297,-2326,2298,-2342,2299,-2340,2300,-2338,2301,-2336,2302,-2334,2303,2304],[2305,2306,-2308,2307,2308]],"id":"feature_0474"},{"properties":{"zone":1},"type":"Polygon","arcs":[[2309,2310,2311,2312,2313,2314]],"id":"feature_0475"},{"properties":{"zone":1},"type":"Polygon","arcs":[[2315,2316,2317,2318,2319,2320,2321,2322]],"id":"feature_0476"},{"properties":{"zone":1},"type":"Polygon","arcs":[[2323,2324,2325,2326,2327,2328]],"id":"feature_0477"},{"properties":{"zone":1},"type":"Polygon","arcs":[[2329,2330,2331,2332,2333,2334,2335,2336,2337,2338,2339,2340,2341,2342]],"id":"feature_0478"},{"properties":{"zone":1},"type":"Polygon","arcs":[[2343,2344,2345,2346,2347,-9819,2348,-2354,2349,2350]],"id":"feature_0479"},{"properties":{"zone":5},"type":"Polygon","arcs":[[2351,2352,2353]],"id":"feature_0480"},{"properties":{"zone":5},"type":"Polygon","arcs":[[-2356,-2368,2354]],"id":"feature_0481"},{"properties":{"zone":10},"type":"Polygon","arcs":[[-2369,2355,2356]],"id":"feature_0482"},{"properties":{"zone":5},"type":"Polygon","arcs":[[-2377,2357]],"id":"feature_0483"},{"properties":{"zone":5},"type":"Polygon","arcs":[[2358,-2375,2359,-2373,2360,-2371,2361,-2386,2362,-2384,2363,-2382,2364,-2380,2365,-2378]],"id":"feature_0484"},{"properties":{"zone":1},"type":"Polygon","arcs":[[2366,2367,2368,2369,2370,2371,2372,2373,2374,2375,2376]],"id":"feature_0485"},{"properties":{"zone":1},"type":"Polygon","arcs":[[2377,2378,2379,2380,2381,2382,2383,2384,2385,2386]],"id":"feature_0486"},{"properties":{"zone":5},"type":"Polygon","arcs":[[-2393,2387,2388,2389]],"id":"feature_0487"},{"properties":{"zone":1},"type":"Polygon","arcs":[[2390,-2487,-2395]],"id":"feature_0488"},{"properties":{"zone":4},"type":"Polygon","arcs":[[-2486,-2397,2391,2392,2393,2394]],"id":"feature_0489"},{"properties":{"zone":1},"type":"Polygon","arcs":[[-2485,2395,2396]],"id":"feature_0490"},{"properties":{"zone":2},"type":"Polygon","arcs":[[-2402,2397,2398,2399,2400,-2416]],"id":"feature_0491"},{"properties":{"zone":3},"type":"Polygon","arcs":[[2401,-2415,2402,-2420,2403,2404]],"id":"feature_0492"},{"properties":{"zone":3},"type":"Polygon","arcs":[[2405,2406,2407,-2418,2408,2409,2410,2411,2412]],"id":"feature_0493"},{"properties":{"zone":1},"type":"Polygon","arcs":[[2413,2414,2415,2416,2417,2418,2419]],"id":"feature_0494"},{"properties":{"zone":8},"type":"Polygon","arcs":[[2420,-2426,2421,-2446,-2431]],"id":"feature_0495"},{"properties":{"zone":6},"type":"Polygon","arcs":[[-2424,2422]],"id":"feature_0496"},{"properties":{"zone":5},"type":"Polygon","arcs":[[2423,2424,2425,2426]],"id":"feature_0497"},{"properties":{"zone":6},"type":"Polygon","arcs":[[-2445,2427,2428,2429,2430]],"id":"feature_0498"},{"properties":{"zone":5},"type":"Polygon","arcs":[[-10289,2431,-10287,2432,-10285,2433,-10283,2434,-10281,2435,-10279,2436,-10277,2437,-10275,2438,-10273,2439,-10315,2440,-10313,2441,-10311,2442,-10309,2443,2444,2445,2446]],"id":"feature_0499"},{"properties":{"zone":8},"type":"Polygon","arcs":[[-2449,-2476]],"id":"feature_0500"},{"properties":{"zone":6},"type":"Polygon","arcs":[[-2475,2447,-2473,2448],[2449]],"id":"feature_0501"},{"properties":{"zone":6},"type":"Polygon","arcs":[[2476]],"id":"feature_0502"},{"properties":{"zone":6},"type":"Polygon","arcs":[[2450,2451,2452,2453,2454,2455,2456,2457,2458,2459,2460,2461,2462,2463,2464,2465,2466,2467,2468,2469,2470,2471],[2472,2473,2474,2475],[2476]],"id":"feature_0503"},{"properties":{"zone":10},"type":"Polygon","arcs":[[-2587,2477,2478]],"id":"feature_0504"},{"properties":{"zone":5},"type":"Polygon","arcs":[[2479,2480,2481,2482,2483,2484,2485,2486,2487,2488]],"id":"feature_0505"},{"properties":{"zone":3},"type":"Polygon","arcs":[[2489,2490,2491,2492]],"id":"feature_0506"},{"properties":{"zone":5},"type":"Polygon","arcs":[[-2609,2493,2494,2495,2496,2497,-2605,2498,2499,2500,2501,2502,2503,2504,-2517,2505,2506,2507,2508,2509,2510,2511,2512,2513],[2514]],"id":"feature_0507"},{"properties":{"zone":6},"type":"Polygon","arcs":[[2515,2516]],"id":"feature_0508"},{"properties":{"zone":9},"type":"Polygon","arcs":[[2517,2518,2519,2520,2521,2522,2523,2524,2525,2526,2527,2528,2529,2530,2531,2532,2533,2534,2535,2536,2537,2538,2539,2540,2541,2542,2543,2544,2545,2546,2547,2548,2549,2550,2551,2552,2553,2554,2555,2556,2557,2558,2559,2560,2561,2562,2563,2564,2565,2566,2567,2568,2569,2570,2571,2572,2573,2574,2575,2576,2577,2578,2579,2580,2581,2582,2583,2584,2585,2586]],"id":"feature_0509"},{"properties":{"zone":6},"type":"Polygon","arcs":[[2587,2588,2589,2590,2591,2592,2593,2594,2595,2596,2597,2598,2599,2600,2601,2602,2603,2604,2605,2606,2607,2608,2609,2610,2611,-2682,2612,2613,2614,2615,2616,2617,2618,2619,2620,2621,2622,2623,2624,2625,2626,2627,2628,2629,2630,2631,2632,2633,2634]],"id":"feature_0510"},{"properties":{"zone":5},"type":"Polygon","arcs":[[2635,2636,2637,2638,2639,2640,2641,2642,2643,2644,2645,2646,2647,2648,-2650,2649,2650,2651,2652,2653,2654,2655,2656,2657,2658,2659,2660,2661,2662,2663,2664,2665,2666,2667,2668,2669,2670,2671,2672,2673,2674,2675,2676,2677,2678,2679,2680,2681,2682,2683,2684,2685,2686,2687,2688,2689,2690,2691,-2714,2692,2693,2694,2695,2696,2697,2698],[2699,2700,2701,2702,2703]],"id":"feature_0511"},{"properties":{"zone":6},"type":"Polygon","arcs":[[2704,2705,2706,2707,2708,2709,2710,2711,2712,2713,2714,2715,2716,2717,2718,2719,2720,2721,2722,2723,2724,2725,2726,2727,2728]],"id":"feature_0512"},{"properties":{"zone":8},"type":"Polygon","arcs":[[2729,2730,2731,2732,2733,2734]],"id":"feature_0513"},{"properties":{"zone":8},"type":"Polygon","arcs":[[2735,2736]],"id":"feature_0514"},{"properties":{"zone":10},"type":"Polygon","arcs":[[-2747,2737,-2745,-2740,-2742,-2759,2738]],"id":"feature_0515"},{"properties":{"zone":8},"type":"Polygon","arcs":[[2739,-2752,2740,-2743]],"id":"feature_0516"},{"properties":{"zone":5},"type":"Polygon","arcs":[[-2760,2741,2742,2743]],"id":"feature_0517"},{"properties":{"zone":5},"type":"Polygon","arcs":[[2744,2745,2746,2747,-2757,2748,-2755,2749,-2753,2750,2751]],"id":"feature_0518"},{"properties":{"zone":10},"type":"Polygon","arcs":[[2752,2753,2754,2755,2756,2757]],"id":"feature_0519"},{"properties":{"zone":6},"type":"Polygon","arcs":[[2758,2759,2760]],"id":"feature_0520"},{"properties":{"zone":3},"type":"Polygon","arcs":[[2761,-2876,2762,-2874,2763,-2872]],"id":"feature_0521"},{"properties":{"zone":11},"type":"Polygon","arcs":[[2764]],"id":"feature_0522"},{"properties":{"zone":3},"type":"Polygon","arcs":[[-2778,2765,2775,-2775,-2913,2766,-2911,2767,-2909,2768,-2907,2769,-2905,2770,-2903,2771,-2901,2772,-2899,2773]],"id":"feature_0523"},{"properties":{"zone":1},"type":"Polygon","arcs":[[2774,2775,2776,2777,2778,-2914]],"id":"feature_0524"},{"properties":{"zone":1},"type":"Polygon","arcs":[[2895]],"id":"feature_0525"},{"properties":{"zone":10},"type":"Polygon","arcs":[[2779,-2880,2780,-2878,2781,-2940,-2795,-2884,2782,-2882]],"id":"feature_0526"},{"properties":{"zone":1},"type":"Polygon","arcs":[[2783,-2790,-2789,2788,-2788,2784,-2786,-2998]],"id":"feature_0527"},{"properties":{"zone":3},"type":"Polygon","arcs":[[-2999,2785,2786,2787,-2789,2788,2789,2790,-2870,2791,-2868,2792,-2866]],"id":"feature_0528"},{"properties":{"zone":8},"type":"Polygon","arcs":[[2894]],"id":"feature_0529"},{"properties":{"zone":8},"type":"Polygon","arcs":[[-2889,-2809]],"id":"feature_0530"},{"properties":{"zone":1},"type":"Polygon","arcs":[[2893]],"id":"feature_0531"},{"properties":{"zone":8},"type":"Polygon","arcs":[[-2938,-2803,-2811,-2796]],"id":"feature_0532"},{"properties":{"zone":11},"type":"Polygon","arcs":[[-2810,-2887,2793,-2885,2794,-2939,2795]],"id":"feature_0533"},{"properties":{"zone":11},"type":"Polygon","arcs":[[2796,-2923,-2802,2797,-2916]],"id":"feature_0534"},{"properties":{"zone":10},"type":"Polygon","arcs":[[2798,-2920,2799,-2918,2800,2801,-2922]],"id":"feature_0535"},{"properties":{"zone":6},"type":"Polygon","arcs":[[-2812,2802,-2937,-2863]],"id":"feature_0536"},{"properties":{"zone":1},"type":"Polygon","arcs":[[2892]],"id":"feature_0537"},{"properties":{"zone":8},"type":"Polygon","arcs":[[2814]],"id":"feature_0538"},{"properties":{"zone":6},"type":"Polygon","arcs":[[-2861,2803,-2859,2804,-2857,2805,-2855,2806,-2853,-2833,-2822,-2808,-2813]],"id":"feature_0539"},{"properties":{"zone":8},"type":"Polygon","arcs":[[-2821,-2814,2807]],"id":"feature_0540"},{"properties":{"zone":9},"type":"Polygon","arcs":[[-3005,-2865,-2890,2808,-2888,2809,2810,2811,-2862,2812,2813,-2820,-2816],[2814]],"id":"feature_0541"},{"properties":{"zone":8},"type":"Polygon","arcs":[[2815,-2819,2816,-3006]],"id":"feature_0542"},{"properties":{"zone":10},"type":"Polygon","arcs":[[-2832,2817,2818,2819,2820,2821]],"id":"feature_0543"},{"properties":{"zone":11},"type":"Polygon","arcs":[[2822,-2849,2823,-2847,2824,-2845,2825,-2843,2826,-2841,2827,-2839,2828,-2837,2829,-2835,-2982,2830,2831,2832,2833,-2851]],"id":"feature_0544"},{"properties":{"zone":8},"type":"Polygon","arcs":[[-2945,-3057,-2983,2834,2835,2836,2837,2838,2839,2840,2841,2842,2843,2844,2845,2846,2847,2848,2849,2850,2851,2852,2853,2854,2855,2856,2857,2858,2859,2860,2861,2862,-2936,2863,-2934]],"id":"feature_0545"},{"properties":{"zone":8},"type":"Polygon","arcs":[[-2891,2864,-3004]],"id":"feature_0546"},{"properties":{"zone":5},"type":"Polygon","arcs":[[2865,2866,2867,2868,2869,2870,2871,2872,2873,2874,2875,2876,2877,2878,2879,2880,2881,2882,2883,2884,2885,2886,2887,2888,2889,2890,-3003,-2898,2891,3000,-3000],[2892],[2893],[2894],[2895]],"id":"feature_0547"},{"properties":{"zone":1},"type":"Polygon","arcs":[[2896,2897,-3002]],"id":"feature_0548"},{"properties":{"zone":5},"type":"Polygon","arcs":[[2898,2899,2900,2901,2902,2903,2904,2905,2906,2907,2908,2909,2910,2911,2912,2913,2914,2915,2916,2917,2918,2919,2920,2921,2922,2923,-2966,-2964,2924,-2962,2925,-2960,2926,-2958,2927,-2956,2928,-2954,2929,-2952,2930,-2950,2931,-2948,2932,-2946,2933,2934,2935,2936,2937,2938,2939,2940]],"id":"feature_0549"},{"properties":{"zone":6},"type":"Polygon","arcs":[[-2965,-2977,2941,-3044,2942,-3042,2943,2944,2945,2946,2947,2948,2949,2950,2951,2952,2953,2954,2955,2956,2957,2958,2959,2960,2961,2962,2963]],"id":"feature_0550"},{"properties":{"zone":10},"type":"Polygon","arcs":[[-3023,-2978,2964,2965,2966]],"id":"feature_0551"},{"properties":{"zone":11},"type":"Polygon","arcs":[[2967,-2986,2968,-2984,2969,-2996,2970,-2994,2971,-2992,2972,-2990,2973,-2988]],"id":"feature_0552"},{"properties":{"zone":8},"type":"Polygon","arcs":[[2974,-3029,2975,2976,2977,-3022,2978,-3020,2979,-3018]],"id":"feature_0553"},{"properties":{"zone":10},"type":"Polygon","arcs":[[2980,2981,2982,-3056]],"id":"feature_0554"},{"properties":{"zone":10},"type":"Polygon","arcs":[[2983,2984,2985,2986,2987,2988,2989,2990,2991,2992,2993,2994,2995,2996,2997,2998,2999,-3001,3000,3001,3002,3003,3004,3005,3006]],"id":"feature_0555"},{"properties":{"zone":8},"type":"Polygon","arcs":[[-3062,3007,-3060,3008,-3058,3009,-3066,3010,-3064,3011]],"id":"feature_0556"},{"properties":{"zone":5},"type":"Polygon","arcs":[[-3039,3012,-3037,3013,-3035,3014,-3033,3015,-3031,3016,3017,3018,3019,3020,3021,3022,3023]],"id":"feature_0557"},{"properties":{"zone":6},"type":"Polygon","arcs":[[-3054,3024,-3052,3025,-3050,3026,-3048,3027,-3046,3028,3029,3030,3031,3032,3033,3034,3035,3036,3037,3038,3039]],"id":"feature_0558"},{"properties":{"zone":5},"type":"Polygon","arcs":[[3040,3041,3042,3043,3044,3045,3046,3047,3048,3049,3050,3051,3052,3053,3054,3055,3056],[3057,3058,3059,3060,3061,3062,3063,3064,3065,3066]],"id":"feature_0559"},{"properties":{"zone":5},"type":"Polygon","arcs":[[-3122,-3109,-3106,-3104]],"id":"feature_0560"},{"properties":{"zone":5},"type":"Polygon","arcs":[[-3076,-3085,-3084,3067,-13207,3068]],"id":"feature_0561"},{"properties":{"zone":11},"type":"Polygon","arcs":[[-3272,3069]],"id":"feature_0562"},{"properties":{"zone":3},"type":"Polygon","arcs":[[-3256,-3073,-13196,3070,-13194,3071,-13231,-13230,-3267]],"id":"feature_0563"},{"properties":{"zone":5},"type":"Polygon","arcs":[[3072,-3255,-3080,-13200,3073,-13198,3074]],"id":"feature_0564"},{"properties":{"zone":4},"type":"Polygon","arcs":[[-3254,3075,3076,-13204,3077,-13202,3078,3079]],"id":"feature_0565"},{"properties":{"zone":4},"type":"Polygon","arcs":[[3080,-13211,3081,-13209,3082,3083,-3245,-3115]],"id":"feature_0566"},{"properties":{"zone":8},"type":"Polygon","arcs":[[-3088,-3247,-3087,-3094]],"id":"feature_0567"},{"properties":{"zone":8},"type":"Polygon","arcs":[[-3246,3084,-3253,-3090,-3096,-3086]],"id":"feature_0568"},{"properties":{"zone":9},"type":"Polygon","arcs":[[3085,-3095,3086]],"id":"feature_0569"},{"properties":{"zone":4},"type":"Polygon","arcs":[[-3248,3087,-3093]],"id":"feature_0570"},{"properties":{"zone":1},"type":"Polygon","arcs":[[-3091,3088]],"id":"feature_0571"},{"properties":{"zone":4},"type":"Polygon","arcs":[[3089,-3252,-3097]],"id":"feature_0572"},{"properties":{"zone":9},"type":"Polygon","arcs":[[-3260,-3098]],"id":"feature_0573"},{"properties":{"zone":4},"type":"Polygon","arcs":[[3102]],"id":"feature_0574"},{"properties":{"zone":5},"type":"Polygon","arcs":[[3090,3091,-3249,3092,3093,3094,3095,3096,-3251,-3258,-3261,3097,-3259,-3284,3098,-3286,3099,-3127,-3125,-3113,-3107,-3110,3120,-3121,-3120,3100,-3580,3101],[3102]],"id":"feature_0575"},{"properties":{"zone":6},"type":"Polygon","arcs":[[3103,-3105,-3111,-3123]],"id":"feature_0576"},{"properties":{"zone":9},"type":"Polygon","arcs":[[3104,3105,-3108,3106,-3112]],"id":"feature_0577"},{"properties":{"zone":8},"type":"Polygon","arcs":[[3107,3108,-3121,3109]],"id":"feature_0578"},{"properties":{"zone":8},"type":"Polygon","arcs":[[-3124,3110,3111,3112]],"id":"feature_0579"},{"properties":{"zone":5},"type":"Polygon","arcs":[[-3244,3113,3114]],"id":"feature_0580"},{"properties":{"zone":5},"type":"Polygon","arcs":[[-3576,3115]],"id":"feature_0581"},{"properties":{"zone":11},"type":"Polygon","arcs":[[-3662,3116]],"id":"feature_0582"},{"properties":{"zone":12},"type":"Polygon","arcs":[[-3578,3117]],"id":"feature_0583"},{"properties":{"zone":3},"type":"Polygon","arcs":[[3118,3119,3120,3121,3122,3123,3124,-3126]],"id":"feature_0584"},{"properties":{"zone":10},"type":"Polygon","arcs":[[3125,3126,3127]],"id":"feature_0585"},{"properties":{"zone":12},"type":"Polygon","arcs":[[-4514,3128]],"id":"feature_0586"},{"properties":{"zone":10},"type":"Polygon","arcs":[[3129,-3133,3130,-3137]],"id":"feature_0587"},{"properties":{"zone":12},"type":"Polygon","arcs":[[3131,-3139]],"id":"feature_0588"},{"properties":{"zone":11},"type":"Polygon","arcs":[[3132,3133,-3143,3134]],"id":"feature_0589"},{"properties":{"zone":12},"type":"Polygon","arcs":[[3135,-3141]],"id":"feature_0590"},{"properties":{"zone":11},"type":"Polygon","arcs":[[3136,3137,3138,3139]],"id":"feature_0591"},{"properties":{"zone":10},"type":"Polygon","arcs":[[3140,3141,3142,3143,4532,3144]],"id":"feature_0592"},{"properties":{"zone":5},"type":"Polygon","arcs":[[3145,-5704,3146,-5702,3147,-5738,-5700,3148,-5615,3149,-5613]],"id":"feature_0593"},{"properties":{"zone":1},"type":"Polygon","arcs":[[-3153,3150]],"id":"feature_0594"},{"properties":{"zone":5},"type":"Polygon","arcs":[[-3505,-3511,3151,3152,3153]],"id":"feature_0595"},{"properties":{"zone":5},"type":"Polygon","arcs":[[-3171,3154,-3984,3155]],"id":"feature_0596"},{"properties":{"zone":1},"type":"Polygon","arcs":[[3156,-3532]],"id":"feature_0597"},{"properties":{"zone":1},"type":"Polygon","arcs":[[-4002,3157,-4000,3158,-3998,3159,-3996,3160,-3994,3161,-3992,3162,-3990,3163,-3988,3164,-3729,3165,-3727,3166,3167,-3725,3168,-3723,3169,3170,-3982,3171,-3980,3172,-3978,3173,-3976,-3534,3174]],"id":"feature_0598"},{"properties":{"zone":1},"type":"Polygon","arcs":[[-3530,3175]],"id":"feature_0599"},{"properties":{"zone":1},"type":"Polygon","arcs":[[-3528,3176]],"id":"feature_0600"},{"properties":{"zone":3},"type":"Polygon","arcs":[[-3569,-3515,-3178]],"id":"feature_0601"},{"properties":{"zone":4},"type":"Polygon","arcs":[[3177,-3514,-3570]],"id":"feature_0602"},{"properties":{"zone":5},"type":"Polygon","arcs":[[3178,-3556]],"id":"feature_0603"},{"properties":{"zone":8},"type":"Polygon","arcs":[[-3200,-3423,-3608]],"id":"feature_0604"},{"properties":{"zone":5},"type":"Polygon","arcs":[[3179,-4066,3180,-4064,-3419,-3194]],"id":"feature_0605"},{"properties":{"zone":5},"type":"Polygon","arcs":[[-3432,3431,-3431,-3874,3181,-3872,3182,-3870,3183,-3868,3184,-3866,3185,-4079,3186,-4077,3187,-4075,3188,-4073,3189,-4071,3190,-3192,-3433]],"id":"feature_0606"},{"properties":{"zone":8},"type":"Polygon","arcs":[[3191,-4347,3192,3193,-3418]],"id":"feature_0607"},{"properties":{"zone":5},"type":"Polygon","arcs":[[3194,-4087,3195,-4085,3196,-4083,-3211]],"id":"feature_0608"},{"properties":{"zone":5},"type":"Polygon","arcs":[[-3205,3197,-4081,-4245,3198]],"id":"feature_0609"},{"properties":{"zone":5},"type":"Polygon","arcs":[[3199,-3607,-3606,3605,-4211,3200,-3424]],"id":"feature_0610"},{"properties":{"zone":10},"type":"Polygon","arcs":[[3201,-4488,3202,-4486,3203,-4484,3204,3205,-3585,3206,-3278,-3274,-4095,3207,-4093,3208,-4091,3209,-4089,3210]],"id":"feature_0611"},{"properties":{"zone":11},"type":"Polygon","arcs":[[-4110,3211,-4108,-3450]],"id":"feature_0612"},{"properties":{"zone":11},"type":"Polygon","arcs":[[3464]],"id":"feature_0613"},{"properties":{"zone":11},"type":"Polygon","arcs":[[-3213,-3464]],"id":"feature_0614"},{"properties":{"zone":9},"type":"Polygon","arcs":[[3212,-3463]],"id":"feature_0615"},{"properties":{"zone":1},"type":"Polygon","arcs":[[-3545,-3471,-3435,-3521]],"id":"feature_0616"},{"properties":{"zone":2},"type":"Polygon","arcs":[[-3549,-3526,-3525,-3214]],"id":"feature_0617"},{"properties":{"zone":2},"type":"Polygon","arcs":[[-3550,3213,-3416]],"id":"feature_0618"},{"properties":{"zone":9},"type":"Polygon","arcs":[[-3390,-3215]],"id":"feature_0619"},{"properties":{"zone":9},"type":"Polygon","arcs":[[3214,-3389,-3378,-3385,-3377,-3391]],"id":"feature_0620"},{"properties":{"zone":2},"type":"Polygon","arcs":[[-3484,-3493,-3223,3215,-3481]],"id":"feature_0621"},{"properties":{"zone":3},"type":"Polygon","arcs":[[-3461,-3460,-3459,3216]],"id":"feature_0622"},{"properties":{"zone":9},"type":"Polygon","arcs":[[-3218,-3361,-3220]],"id":"feature_0623"},{"properties":{"zone":9},"type":"Polygon","arcs":[[3217,-3219,-3365,-3362]],"id":"feature_0624"},{"properties":{"zone":9},"type":"Polygon","arcs":[[-3221,-3360]],"id":"feature_0625"},{"properties":{"zone":9},"type":"Polygon","arcs":[[3218,3219,3220,-3359,-3366]],"id":"feature_0626"},{"properties":{"zone":8},"type":"Polygon","arcs":[[-3370,-3414]],"id":"feature_0627"},{"properties":{"zone":1},"type":"Polygon","arcs":[[-3491,-3356,-3408,-3224]],"id":"feature_0628"},{"properties":{"zone":1},"type":"Polygon","arcs":[[3221,3222,-3492,3223,-3407]],"id":"feature_0629"},{"properties":{"zone":8},"type":"Polygon","arcs":[[3224,-3309,-3322]],"id":"feature_0630"},{"properties":{"zone":3},"type":"Polygon","arcs":[[3225,-6144,3226,-6142,3227,-3319,-3312,-3642]],"id":"feature_0631"},{"properties":{"zone":5},"type":"Polygon","arcs":[[-3621,3228]],"id":"feature_0632"},{"properties":{"zone":5},"type":"Polygon","arcs":[[-3619,-3232,-3645,3229]],"id":"feature_0633"},{"properties":{"zone":11},"type":"Polygon","arcs":[[-3289,-3287,-3438,3230]],"id":"feature_0634"},{"properties":{"zone":2},"type":"Polygon","arcs":[[3231,-3646]],"id":"feature_0635"},{"properties":{"zone":8},"type":"Polygon","arcs":[[-3383,-3376,-3441,-3371,-3412]],"id":"feature_0636"},{"properties":{"zone":1},"type":"Polygon","arcs":[[3232,-5751,-3235,3233,-3517]],"id":"feature_0637"},{"properties":{"zone":5},"type":"Polygon","arcs":[[3234,3235,-3238,3236]],"id":"feature_0638"},{"properties":{"zone":1},"type":"Polygon","arcs":[[3237,3238,-5747,3239,-5745,3240,-5743,3241]],"id":"feature_0639"},{"properties":{"zone":2},"type":"Polygon","arcs":[[-3404,-3323,3242,-3354]],"id":"feature_0640"},{"properties":{"zone":6},"type":"Polygon","arcs":[[3243,3244,3245,3246,3247,3248,3249]],"id":"feature_0641"},{"properties":{"zone":6},"type":"Polygon","arcs":[[-3257,3250,3251,3252,3253,3254,3255,-3266]],"id":"feature_0642"},{"properties":{"zone":3},"type":"Polygon","arcs":[[3256,-3265,-3262,3257]],"id":"feature_0643"},{"properties":{"zone":8},"type":"Polygon","arcs":[[-3281,3258,3259,3260,3261,-3264]],"id":"feature_0644"},{"properties":{"zone":5},"type":"Polygon","arcs":[[3262,-3282,3263,3264,3265,3266,13229,-13230,-13229,3267,-13227,3268,-13225,3269,-13223,3270,3271]],"id":"feature_0645"},{"properties":{"zone":3},"type":"Polygon","arcs":[[-3457,3272,3273,-3277,3274]],"id":"feature_0646"},{"properties":{"zone":5},"type":"Polygon","arcs":[[3275,3276,3277]],"id":"feature_0647"},{"properties":{"zone":1},"type":"Polygon","arcs":[[3278,-3436]],"id":"feature_0648"},{"properties":{"zone":10},"type":"Polygon","arcs":[[-3379,-3387,-3280,-3443,-3375]],"id":"feature_0649"},{"properties":{"zone":8},"type":"Polygon","arcs":[[3279,-3386,-3444]],"id":"feature_0650"},{"properties":{"zone":3},"type":"Polygon","arcs":[[3280,3281,3282,3283]],"id":"feature_0651"},{"properties":{"zone":3},"type":"Polygon","arcs":[[3284,3285]],"id":"feature_0652"},{"properties":{"zone":8},"type":"Polygon","arcs":[[-3288,-3372,-3439,3286]],"id":"feature_0653"},{"properties":{"zone":5},"type":"Polygon","arcs":[[-3363,-3373,3287,3288,3289]],"id":"feature_0654"},{"properties":{"zone":3},"type":"Polygon","arcs":[[-3297,-3292,-3629,-3654,3290]],"id":"feature_0655"},{"properties":{"zone":8},"type":"Polygon","arcs":[[-3630,3291,-3296,-3301]],"id":"feature_0656"},{"properties":{"zone":1},"type":"Polygon","arcs":[[-6201,3292,-6199,3293,-6197,3294,-3299,3295,3296,3297]],"id":"feature_0657"},{"properties":{"zone":5},"type":"Polygon","arcs":[[3298,3299,-6054,-3302,-3631,3300]],"id":"feature_0658"},{"properties":{"zone":3},"type":"Polygon","arcs":[[3301,3302,-6120,3303,-6118,3304,-6131,3305,-6129,3306,-6127,3307,-3632]],"id":"feature_0659"},{"properties":{"zone":3},"type":"Polygon","arcs":[[-3315,3308,3309,-3313]],"id":"feature_0660"},{"properties":{"zone":2},"type":"Polygon","arcs":[[3310,-3643,3311,-3318]],"id":"feature_0661"},{"properties":{"zone":2},"type":"Polygon","arcs":[[-3316,3312,3313]],"id":"feature_0662"},{"properties":{"zone":5},"type":"Polygon","arcs":[[3314,3315,3316,3317,3318,3319,-6035,-6159,3320,3321]],"id":"feature_0663"},{"properties":{"zone":1},"type":"Polygon","arcs":[[3322,-3403,3323]],"id":"feature_0664"},{"properties":{"zone":1},"type":"Polygon","arcs":[[6007,3324,-6006,3325,-6165,3326,-5208,3327,-5206,3328,-5204,3329,-6184,3330,3331,-6082,3332,-6080,3333,-6078,3334,-6076,3335,-6074,3336,-6072,3337,-6193,3338,-6191,3339,-6189,-6114,3340,-6112,3341,-6110,3342,-6108,3343,-6106,3344,-6104,3345,-6102,3346,-6100,3347,-6098,3348,-6096,3349,-6094,3350,-6092,3351,-6090,3352,-3565,-3477,-3405,3353,3354]],"id":"feature_0665"},{"properties":{"zone":2},"type":"Polygon","arcs":[[-3657,-3627]],"id":"feature_0666"},{"properties":{"zone":1},"type":"Polygon","arcs":[[3355,-3490,-3409]],"id":"feature_0667"},{"properties":{"zone":1},"type":"Polygon","arcs":[[-3401,-3624]],"id":"feature_0668"},{"properties":{"zone":8},"type":"Polygon","arcs":[[-3400,-3369,-3368,-3357,-3655,-3661]],"id":"feature_0669"},{"properties":{"zone":5},"type":"Polygon","arcs":[[-3358,-3651,-3628,-3656,-3655,3356]],"id":"feature_0670"},{"properties":{"zone":8},"type":"Polygon","arcs":[[-3652,3357,3367,-3367,3358,3359,3360,3361,-3374,3362,3363]],"id":"feature_0671"},{"properties":{"zone":9},"type":"Polygon","arcs":[[3364,3365,3366,-3368,3367,3368,-3415,3369,-3413,3370,-3440,3371,3372,3373]],"id":"feature_0672"},{"properties":{"zone":3},"type":"Polygon","arcs":[[3374,-3442,3375,-3382,-3380]],"id":"feature_0673"},{"properties":{"zone":5},"type":"Polygon","arcs":[[-3496,-3392,3376,-3384,-3398]],"id":"feature_0674"},{"properties":{"zone":5},"type":"Polygon","arcs":[[-3381,3377,-3388,3378,3379]],"id":"feature_0675"},{"properties":{"zone":8},"type":"Polygon","arcs":[[3380,3381,3382,-3411,-3399,3383,3384]],"id":"feature_0676"},{"properties":{"zone":8},"type":"Polygon","arcs":[[-3394,-3446]],"id":"feature_0677"},{"properties":{"zone":9},"type":"Polygon","arcs":[[-3445,3385,3386,3387,3388,3389,3390,3391,-3495,3595,3392,-3523,-3434,-3469,3393]],"id":"feature_0678"},{"properties":{"zone":5},"type":"Polygon","arcs":[[-3473,-3417]],"id":"feature_0679"},{"properties":{"zone":5},"type":"Polygon","arcs":[[-3422,3394,-4057,3395,-4055,3396,-4053,-3475]],"id":"feature_0680"},{"properties":{"zone":1},"type":"Polygon","arcs":[[-3497,3397,3398,-3410]],"id":"feature_0681"},{"properties":{"zone":5},"type":"Polygon","arcs":[[3399,-3660,-3648,-3647,-3625,3400,-3623,3401,3402,3403,3404,-3476,-3479,3405,3406,3407,3408,-3489,-3610,-3494,-3498,3409,3410,3411,3412,3413,3414]],"id":"feature_0682"},{"properties":{"zone":1},"type":"Polygon","arcs":[[3415,3524,-3524,-3601,-3487,-3561,-3551]],"id":"feature_0683"},{"properties":{"zone":1},"type":"Polygon","arcs":[[-3542,-3541,-3474,3416,-3472,-3543]],"id":"feature_0684"},{"properties":{"zone":1},"type":"Polygon","arcs":[[3417,3418,-4063,3419,-4061,3420,-4059,3421,-3539,-3609,3422,3423,3424,-4209,3425,-3862,3426,-3860,-4049,3427,-4047,-3879,3428,-3877,3429,-3875,3430,-3432,3431,3432]],"id":"feature_0685"},{"properties":{"zone":5},"type":"Polygon","arcs":[[3433,-3522,3434,-3470]],"id":"feature_0686"},{"properties":{"zone":5},"type":"Polygon","arcs":[[3435,3436,3437,3438,3439,3440,3441,3442,3443,3444,3445,-3468,4420,3446,-4419,3447,-4417,3448,3449,-4107,3450,-4105,3451,-4103,3452,-4101,3453,-4099,3454,-4097,3455,3456,3457,3458,3459,3460,3461],[3462,3463],[3464]],"id":"feature_0687"},{"properties":{"zone":8},"type":"Polygon","arcs":[[3465,-4423,3466,-4421,3467,3468,3469,3470,-3544,3471,3472,3473,-3540,3474]],"id":"feature_0688"},{"properties":{"zone":5},"type":"Polygon","arcs":[[-3500,-3615]],"id":"feature_0689"},{"properties":{"zone":8},"type":"Polygon","arcs":[[3475,3476,-3564,-3563,-3554,-3483,-3480]],"id":"feature_0690"},{"properties":{"zone":1},"type":"Polygon","arcs":[[3477,3478,3479,-3482,-3485,3480]],"id":"feature_0691"},{"properties":{"zone":5},"type":"Polygon","arcs":[[-3553,-3486,3481,3482]],"id":"feature_0692"},{"properties":{"zone":8},"type":"Polygon","arcs":[[-3488,3483,3484,3485,-3552,3486,-3600]],"id":"feature_0693"},{"properties":{"zone":3},"type":"Polygon","arcs":[[3487,-3603,-3611,3488,3489,3490,3491,3492]],"id":"feature_0694"},{"properties":{"zone":1},"type":"Polygon","arcs":[[-3617,3493,-3618]],"id":"feature_0695"},{"properties":{"zone":8},"type":"Polygon","arcs":[[-3614,-3547,-3597,-3596,3494,3495,3496,3497,3616,3498,3499]],"id":"feature_0696"},{"properties":{"zone":1},"type":"Polygon","arcs":[[3500,-3573,-3509,-3503]],"id":"feature_0697"},{"properties":{"zone":5},"type":"Polygon","arcs":[[3501,3502,-3508,-3504]],"id":"feature_0698"},{"properties":{"zone":1},"type":"Polygon","arcs":[[3503,-3507,3504,3505]],"id":"feature_0699"},{"properties":{"zone":8},"type":"Polygon","arcs":[[3506,3507,3508,-3572,-3513,-3520,3509,3510]],"id":"feature_0700"},{"properties":{"zone":1},"type":"Polygon","arcs":[[3511,-3518,3512,-3571,3513,3514,-3568,3515,3516]],"id":"feature_0701"},{"properties":{"zone":3},"type":"Polygon","arcs":[[3517,3518,3519]],"id":"feature_0702"},{"properties":{"zone":1},"type":"Polygon","arcs":[[3520,3521,3522,-3599,-3546]],"id":"feature_0703"},{"properties":{"zone":1},"type":"Polygon","arcs":[[-3613,-3602,3523,-3525,3524,3525,-3548]],"id":"feature_0704"},{"properties":{"zone":5},"type":"Polygon","arcs":[[-3560,-3559,-3558,3526,3527,3528,3529,3530,3531,3532,3533,3534,-3974,3535,-3972,3536,-3970,-4401,-4214,3537,-3604,3538,3539,3540,3541,3542,3543,3544,3545,-3598,3546,3547,3548,3549,3550]],"id":"feature_0705"},{"properties":{"zone":1},"type":"Polygon","arcs":[[3551,3552,3553,3562,-3562,3554,3555,3556,3557,3558,3559,3560]],"id":"feature_0706"},{"properties":{"zone":5},"type":"Polygon","arcs":[[3561,-3563,3562,3563,3564,3565,-5688,3566,-5686,3567,3568,3569,3570,3571,3572,3573]],"id":"feature_0707"},{"properties":{"zone":11},"type":"Polygon","arcs":[[-3664,3574,3575,3576]],"id":"feature_0708"},{"properties":{"zone":11},"type":"Polygon","arcs":[[3577,3578,3579,3580]],"id":"feature_0709"},{"properties":{"zone":5},"type":"Polygon","arcs":[[-4551,3581,-4549,3582,-4547,3583,3584,3585,-4243,3586,-4563,3587,-4561,3588,-4559,3589,-4557,3590,-4555,3591,3592,3593]],"id":"feature_0710"},{"properties":{"zone":1},"type":"Polygon","arcs":[[3594,3595,3596,3597,3598]],"id":"feature_0711"},{"properties":{"zone":5},"type":"Polygon","arcs":[[3599,3600,3601,-3612,3602]],"id":"feature_0712"},{"properties":{"zone":1},"type":"Polygon","arcs":[[3603,3604,-4212,-3606,3605,3606,3607,3608]],"id":"feature_0713"},{"properties":{"zone":8},"type":"Polygon","arcs":[[3609,3610,3611,3612,3613,3614,3615,3616,3617]],"id":"feature_0714"},{"properties":{"zone":1},"type":"Polygon","arcs":[[3618,3619,3620,3621,3622,3623,3624,3646,3625,-3658,3626,3627,-3650,3628,3629,3630,3631,3632,-6124,3633,-6014,3634,3635,-6155,3636,-6153,3637,-6151,3638,-6149,3639,-6147,3640,3641,3642,3643,3644,3645]],"id":"feature_0715"},{"properties":{"zone":1},"type":"Polygon","arcs":[[3646,3647,-3659,3648]],"id":"feature_0716"},{"properties":{"zone":8},"type":"Polygon","arcs":[[3649,3650,3651,3652,3653]],"id":"feature_0717"},{"properties":{"zone":8},"type":"Polygon","arcs":[[3654,3655,3656,3657,3658,3659,3660]],"id":"feature_0718"},{"properties":{"zone":12},"type":"Polygon","arcs":[[3661,3662,3663,3664],[-3666,-3669,-3667,-3671]],"id":"feature_0719"},{"properties":{"zone":8},"type":"Polygon","arcs":[[-3670,3665]],"id":"feature_0720"},{"properties":{"zone":8},"type":"Polygon","arcs":[[-3668,3666]],"id":"feature_0721"},{"properties":{"zone":9},"type":"Polygon","arcs":[[3667,3668,3669,3670]],"id":"feature_0722"},{"properties":{"zone":1},"type":"Polygon","arcs":[[3671,-4222,-3792]],"id":"feature_0723"},{"properties":{"zone":1},"type":"Polygon","arcs":[[-4373,-4006,3672,-12404,3673,-12402,3674,-12400,3675,-12385,3676,-12383,3677,-12381,3678,-12379,3679]],"id":"feature_0724"},{"properties":{"zone":1},"type":"Polygon","arcs":[[3680,-3920,-4325,-3831]],"id":"feature_0725"},{"properties":{"zone":1},"type":"Polygon","arcs":[[3681,-3829,-3908,-3828,-4269,3682,-3916]],"id":"feature_0726"},{"properties":{"zone":1},"type":"Polygon","arcs":[[-4267,3683]],"id":"feature_0727"},{"properties":{"zone":1},"type":"Polygon","arcs":[[-4471,3684,3685,-12418,3686,-12416,3687,-12414,3688,-12412,3689,-12410,3690,-12408,3691,-12406,3692]],"id":"feature_0728"},{"properties":{"zone":1},"type":"Polygon","arcs":[[-4196,3693,-3834,3694,-12284,3695,-12282,3696,-12280,3697,-12278,3698,-12276,3699,-12274,3700,-12267,3701,-12265,3702,-12263,3703,-12261,3704,-12259,3705,-3945,3706]],"id":"feature_0729"},{"properties":{"zone":1},"type":"Polygon","arcs":[[-3943,-12230,-12251,3707,-12249,3708,-12247,3709,-12245,3710,-12243,3711,3712,-12619,3713]],"id":"feature_0730"},{"properties":{"zone":1},"type":"Polygon","arcs":[[3714,-12625,3715,-12622,3716,-12254,3717,-4016]],"id":"feature_0731"},{"properties":{"zone":1},"type":"Polygon","arcs":[[3718,-4004,-4468]],"id":"feature_0732"},{"properties":{"zone":1},"type":"Polygon","arcs":[[-3949,3719,-12257,3720]],"id":"feature_0733"},{"properties":{"zone":1},"type":"Polygon","arcs":[[-3986,3721,3722,3723,3724,3725,3726,3727,3728,3729]],"id":"feature_0734"},{"properties":{"zone":1},"type":"Polygon","arcs":[[-4069,-4204,-4203,-4277,-4334]],"id":"feature_0735"},{"properties":{"zone":1},"type":"Polygon","arcs":[[4013]],"id":"feature_0736"},{"properties":{"zone":1},"type":"Polygon","arcs":[[-3845,-4190,-4189,-4021]],"id":"feature_0737"},{"properties":{"zone":1},"type":"Polygon","arcs":[[4012]],"id":"feature_0738"},{"properties":{"zone":1},"type":"Polygon","arcs":[[-4215,-4399,-3969,-3864]],"id":"feature_0739"},{"properties":{"zone":1},"type":"Polygon","arcs":[[-4177,-3843,-4342,-4027]],"id":"feature_0740"},{"properties":{"zone":1},"type":"Polygon","arcs":[[3730,-3859,3958]],"id":"feature_0741"},{"properties":{"zone":1},"type":"Polygon","arcs":[[-3956,-3955,3954,-3954,-4165]],"id":"feature_0742"},{"properties":{"zone":1},"type":"Polygon","arcs":[[-4169,-3963,-3880,-3961]],"id":"feature_0743"},{"properties":{"zone":1},"type":"Polygon","arcs":[[-3966,-3882,-4349,-4202]],"id":"feature_0744"},{"properties":{"zone":1},"type":"Polygon","arcs":[[3731,-8462,3732,-8460,3733,-8499,3734,-8497,3735,-8495,3736,-8493,3737,-8491,3738,-8489,3739,-8487,3740,-8485,3741,-8483,3742,-8481,3743,-8479,3744,-8477,3745,-8475,3746,-8473,3747,-3825,-4118]],"id":"feature_0745"},{"properties":{"zone":1},"type":"Polygon","arcs":[[-3964,-4167,-4286,-4285,-4331,-4406]],"id":"feature_0746"},{"properties":{"zone":1},"type":"Polygon","arcs":[[-4255,-4301,-4142,-4141,4140,-3794]],"id":"feature_0747"},{"properties":{"zone":1},"type":"Polygon","arcs":[[3748,-12539,3749,-12537,3750,-12535,3751,-12533,3752,-12531,3753,-12529,3754,-12527,3755,-4158,3756,-12295,3757,-12293,3758,12297,-12273,-4159,3759,-12333,3760,-12331,3761,-12329,3762,-12327,3763,-12325,3764,-12323,3765,-12321,3766,3767,-3937]],"id":"feature_0748"},{"properties":{"zone":1},"type":"Polygon","arcs":[[-12544,3768,-12542,3769,-3940,3770,-12373,3771,-12371,3772,-12397,3773,-12395,3774,-12393,3775,-12437,3776,-12435,3777,3778,-12350,3779,-12348,3780,-12346,3781,-12344,3782]],"id":"feature_0749"},{"properties":{"zone":1},"type":"Polygon","arcs":[[-4224,3783,-3832]],"id":"feature_0750"},{"properties":{"zone":1},"type":"Polygon","arcs":[[3784,-12317,3785,-12315,3786,-4008]],"id":"feature_0751"},{"properties":{"zone":1},"type":"Polygon","arcs":[[-3946,-12629,3787,-12627,3788,-4152]],"id":"feature_0752"},{"properties":{"zone":1},"type":"Polygon","arcs":[[-3951,-4154,3789]],"id":"feature_0753"},{"properties":{"zone":1},"type":"Polygon","arcs":[[4011]],"id":"feature_0754"},{"properties":{"zone":1},"type":"Polygon","arcs":[[-4221,-3953,3790,3791]],"id":"feature_0755"},{"properties":{"zone":1},"type":"Polygon","arcs":[[-4025,3792]],"id":"feature_0756"},{"properties":{"zone":1},"type":"Polygon","arcs":[[-4256,3793,-4141,-4140,-4384]],"id":"feature_0757"},{"properties":{"zone":1},"type":"Polygon","arcs":[[-4308,3794]],"id":"feature_0758"},{"properties":{"zone":1},"type":"Polygon","arcs":[[-3936,-4320,-12299,-12605,3795,-12603,3796,-12601,3797,-12599,3798,-12597,3799,-12595,3800,-12593,3801,-12591,3802,-12589,3803,-12587,3804,-12585,3805,-12583,3806,-12581,3807,-12579,3808,-12577,3809,14398,3810,-14397,3811,-14395,3812]],"id":"feature_0759"},{"properties":{"zone":1},"type":"Polygon","arcs":[[-3918,3813,-4017,3814]],"id":"feature_0760"},{"properties":{"zone":1},"type":"Polygon","arcs":[[-4187,-4022]],"id":"feature_0761"},{"properties":{"zone":1},"type":"Polygon","arcs":[[-4598,3815]],"id":"feature_0762"},{"properties":{"zone":1},"type":"Polygon","arcs":[[-4192,-3852,-4029,-3851,-3850,3849,-3849,-3848,3847,-3847,3816]],"id":"feature_0763"},{"properties":{"zone":1},"type":"Polygon","arcs":[[-4596,-4622,-4595,-4620,-4594,-4618,-4617,-3844,-4175,3817]],"id":"feature_0764"},{"properties":{"zone":1},"type":"Polygon","arcs":[[3818,-4578]],"id":"feature_0765"},{"properties":{"zone":1},"type":"Polygon","arcs":[[3819,-11602,3820,-4580,-4610,-4575]],"id":"feature_0766"},{"properties":{"zone":1},"type":"Polygon","arcs":[[-4185,-3857,3821,-3855,-3854,3853,-3853,-4033,-4032,4031,-4031,-4193,3822,-4023]],"id":"feature_0767"},{"properties":{"zone":1},"type":"Polygon","arcs":[[-4041,-4040,-4181]],"id":"feature_0768"},{"properties":{"zone":10},"type":"Polygon","arcs":[[-4628,3823]],"id":"feature_0769"},{"properties":{"zone":1},"type":"Polygon","arcs":[[-4305,-4130,-4357,-4122]],"id":"feature_0770"},{"properties":{"zone":1},"type":"Polygon","arcs":[[-4359,-4131,-4303,-4254,-4123]],"id":"feature_0771"},{"properties":{"zone":3},"type":"Polygon","arcs":[[-4119,3824,3825,-8471,3826,-4132,-4229]],"id":"feature_0772"},{"properties":{"zone":3},"type":"Polygon","arcs":[[-4324,-4265,3827,-3907,3828,3829,3830]],"id":"feature_0773"},{"properties":{"zone":3},"type":"Polygon","arcs":[[-4216,3831,3832,-4050]],"id":"feature_0774"},{"properties":{"zone":3},"type":"Polygon","arcs":[[3833,3834,-12288,3835,-12286,3836],[3909]],"id":"feature_0775"},{"properties":{"zone":3},"type":"Polygon","arcs":[[3837,-3930]],"id":"feature_0776"},{"properties":{"zone":3},"type":"Polygon","arcs":[[3838,-12689,-3933,-4330,-3923]],"id":"feature_0777"},{"properties":{"zone":3},"type":"Polygon","arcs":[[3839,-3924,-4328,-3932]],"id":"feature_0778"},{"properties":{"zone":3},"type":"Polygon","arcs":[[-3926,3840]],"id":"feature_0779"},{"properties":{"zone":3},"type":"Polygon","arcs":[[-3928,3841]],"id":"feature_0780"},{"properties":{"zone":3},"type":"Polygon","arcs":[[-4616,-4587,-4584,-4036,-4343,3842,-4176,3843]],"id":"feature_0781"},{"properties":{"zone":3},"type":"Polygon","arcs":[[-4191,-4190,4189,3844,-4020,4312,-4312,-4019,3845,3846,-3848,3847,3848,-3850,3849,3850,-4030,3851],[3910]],"id":"feature_0782"},{"properties":{"zone":3},"type":"Polygon","arcs":[[3852,-3854,3853,3854,3855,-4034],[3908]],"id":"feature_0783"},{"properties":{"zone":3},"type":"Polygon","arcs":[[-4163,-3957]],"id":"feature_0784"},{"properties":{"zone":3},"type":"Polygon","arcs":[[-4028,-4340,-4042,-4179]],"id":"feature_0785"},{"properties":{"zone":3},"type":"Polygon","arcs":[[3856,-4184,3857]],"id":"feature_0786"},{"properties":{"zone":3},"type":"Polygon","arcs":[[-4274,-4038]],"id":"feature_0787"},{"properties":{"zone":3},"type":"Polygon","arcs":[[-4037,-4481,-4276]],"id":"feature_0788"},{"properties":{"zone":3},"type":"Polygon","arcs":[[-3959,3858,-4173,-3912,-4171,-3960]],"id":"feature_0789"},{"properties":{"zone":3},"type":"Polygon","arcs":[[3859,3860,3861,3862,-4208,-4045]],"id":"feature_0790"},{"properties":{"zone":3},"type":"Polygon","arcs":[[-4198,3863,-3968]],"id":"feature_0791"},{"properties":{"zone":3},"type":"Polygon","arcs":[[-4046,-4206,-4068,3864,3865,3866,3867,3868,3869,3870,3871,3872,3873,3874,3875,3876,3877,3878]],"id":"feature_0792"},{"properties":{"zone":3},"type":"Polygon","arcs":[[3879,-3962]],"id":"feature_0793"},{"properties":{"zone":3},"type":"Polygon","arcs":[[-3915,-4218,-4052,3880]],"id":"feature_0794"},{"properties":{"zone":3},"type":"Polygon","arcs":[[-4200,-3967]],"id":"feature_0795"},{"properties":{"zone":3},"type":"Polygon","arcs":[[-3965,-4352,-4403,3881]],"id":"feature_0796"},{"properties":{"zone":3},"type":"Polygon","arcs":[[-3913,-4044]],"id":"feature_0797"},{"properties":{"zone":3},"type":"Polygon","arcs":[[-4227,3882,-4120,3883,-4113,-4364,3884,-8447,3885,-8445,3886,3887,-8387,3888,-8385,3889,-8383,3890,-8381,-4115]],"id":"feature_0798"},{"properties":{"zone":3},"type":"Polygon","arcs":[[3891,-8371,3892,-8369,-8249,3893,-8246,3894,-8256,3895,-8241,3896,-8239,3897,-8435,3898,-8433,3899,-8431,3900,-8442,3901,-8440,3902,-8438,3903,-4362,-4129]],"id":"feature_0799"},{"properties":{"zone":3},"type":"Polygon","arcs":[[-4039,-4237,-4138,-4295]],"id":"feature_0800"},{"properties":{"zone":3},"type":"Polygon","arcs":[[-4124,-4257,-4393,-4252]],"id":"feature_0801"},{"properties":{"zone":3},"type":"Polygon","arcs":[[-4137,-4235,-4297]],"id":"feature_0802"},{"properties":{"zone":3},"type":"Polygon","arcs":[[3904,-8511,3905,-4126]],"id":"feature_0803"},{"properties":{"zone":4},"type":"Polygon","arcs":[[3906,3907]],"id":"feature_0804"},{"properties":{"zone":4},"type":"Polygon","arcs":[[3908]],"id":"feature_0805"},{"properties":{"zone":4},"type":"Polygon","arcs":[[3909]],"id":"feature_0806"},{"properties":{"zone":4},"type":"Polygon","arcs":[[3910]],"id":"feature_0807"},{"properties":{"zone":4},"type":"Polygon","arcs":[[-4625,-4645]],"id":"feature_0808"},{"properties":{"zone":4},"type":"Polygon","arcs":[[-4172,3911]],"id":"feature_0809"},{"properties":{"zone":4},"type":"Polygon","arcs":[[3912,-4043]],"id":"feature_0810"},{"properties":{"zone":5},"type":"Polygon","arcs":[[3913,-4425,-4282,-4219,3914]],"id":"feature_0811"},{"properties":{"zone":5},"type":"Polygon","arcs":[[3915,3916]],"id":"feature_0812"},{"properties":{"zone":5},"type":"Polygon","arcs":[[3917,3918]],"id":"feature_0813"},{"properties":{"zone":5},"type":"Polygon","arcs":[[3919,3920,-4326]],"id":"feature_0814"},{"properties":{"zone":5},"type":"Polygon","arcs":[[3921,3922,-4329,3923,3924,3925,3926,3927,3928,3929]],"id":"feature_0815"},{"properties":{"zone":5},"type":"Polygon","arcs":[[3930,3931,-4327,3932,3933,-12687,3934,-4315,-4321,3935]],"id":"feature_0816"},{"properties":{"zone":5},"type":"Polygon","arcs":[[3936,3937,-12235,3938,3939,3940]],"id":"feature_0817"},{"properties":{"zone":5},"type":"Polygon","arcs":[[3941,3942,3943,3944]],"id":"feature_0818"},{"properties":{"zone":5},"type":"Polygon","arcs":[[3945,-4151,3946,-12613,3947]],"id":"feature_0819"},{"properties":{"zone":5},"type":"Polygon","arcs":[[3948,3949]],"id":"feature_0820"},{"properties":{"zone":5},"type":"Polygon","arcs":[[-4155,3950,3951,3952,-4220,-4280,-4225,-4517,-4516,-4520,-4226,-4284,-4247,-4378,-4261,-4442,-4250,-4288,-4166,3953,-3955,3954,3955,-4164,3956,-4162,3957,3958,3959,-4170,3960,3961,3962,-4168,3963,-4405,-4353,3964,3965,-4201,3966,-4199,3967,3968,-4402,3969,3970,3971,3972,3973,3974,3975,3976,3977,3978,3979,3980,3981,3982,3983,3984,3985,3986,3987,3988,3989,3990,3991,3992,3993,3994,3995,3996,3997,3998,3999,4000,4001,4002,-4469,4003,4004,4005,-4372,4006,4007,-12226,4008,-12224,4009,-12311,4010],[4011],[4012],[4013]],"id":"feature_0821"},{"properties":{"zone":5},"type":"Polygon","arcs":[[4014,4015]],"id":"feature_0822"},{"properties":{"zone":5},"type":"Polygon","arcs":[[4016,4017,4018,-4314,-4313,4019,4020,-4188,4021,-4186,4022,4023,4024,4025]],"id":"feature_0823"},{"properties":{"zone":5},"type":"Polygon","arcs":[[-4178,4026,-4341,4027]],"id":"feature_0824"},{"properties":{"zone":5},"type":"Polygon","arcs":[[4028,4029]],"id":"feature_0825"},{"properties":{"zone":5},"type":"Polygon","arcs":[[4030,-4032,4031,4032,4033,4034,-4194]],"id":"feature_0826"},{"properties":{"zone":5},"type":"Polygon","arcs":[[-4338,-4337,4035,-4583,-4482,4036,-4275,4037,-4238,4038,-4294,-4642,-4182,4039,4040,-4180,4041,-4339],[4042,4043]],"id":"feature_0827"},{"properties":{"zone":5},"type":"Polygon","arcs":[[4044,-4207,4045,4046,4047,4048]],"id":"feature_0828"},{"properties":{"zone":5},"type":"Polygon","arcs":[[-4217,4049,4050,4051]],"id":"feature_0829"},{"properties":{"zone":5},"type":"Polygon","arcs":[[-4345,-4411,4052,4053,4054,4055,4056,4057,4058,4059,4060,4061,4062,4063,4064,4065,4066]],"id":"feature_0830"},{"properties":{"zone":5},"type":"Polygon","arcs":[[4067,-4205,-4204,4203,4068,-4333,-4413,-4344,4069,4070,4071,4072,4073,4074,4075,4076,4077,4078,4079]],"id":"feature_0831"},{"properties":{"zone":5},"type":"Polygon","arcs":[[-4278,-4350,-4409,-4246,4080,4081,-4483,4082,4083,4084,4085,4086,4087,4088,4089,4090,4091,4092,4093,4094,-4240,4095,4096,4097,4098,4099,4100,4101,4102,4103,4104,4105,4106,4107,4108,4109,4110,-4415,-4336]],"id":"feature_0832"},{"properties":{"zone":5},"type":"Polygon","arcs":[[4111,-4632,-4365,4112,4113,-4271]],"id":"feature_0833"},{"properties":{"zone":5},"type":"Polygon","arcs":[[-4228,4114,-8457,4115,-8455,4116,8463,4117,4118]],"id":"feature_0834"},{"properties":{"zone":5},"type":"Polygon","arcs":[[4119,4120]],"id":"feature_0835"},{"properties":{"zone":5},"type":"Polygon","arcs":[[-4248,-4292,-4490]],"id":"feature_0836"},{"properties":{"zone":5},"type":"Polygon","arcs":[[-4306,4121,-4360,4122,-4253,4123,-4251,-4428]],"id":"feature_0837"},{"properties":{"zone":5},"type":"Polygon","arcs":[[-8533,4124,-8531,4125,4126,-8528,4127,4128,-4361,-4630]],"id":"feature_0838"},{"properties":{"zone":5},"type":"Polygon","arcs":[[-4290,-4249,-4440]],"id":"feature_0839"},{"properties":{"zone":5},"type":"Polygon","arcs":[[4129,-4304,4130,-4358]],"id":"feature_0840"},{"properties":{"zone":5},"type":"Polygon","arcs":[[-4230,4131,4132,-4258,-4444,-4355]],"id":"feature_0841"},{"properties":{"zone":5},"type":"Polygon","arcs":[[-4291,-4438,-4389,4133,-4526,-4504,4134,-4497,-4530,4135,-4522,-4492]],"id":"feature_0842"},{"properties":{"zone":5},"type":"Polygon","arcs":[[-4236,4136,-4296,4137]],"id":"feature_0843"},{"properties":{"zone":5},"type":"Polygon","arcs":[[-4231,-4356,-4448,-4371]],"id":"feature_0844"},{"properties":{"zone":5},"type":"Polygon","arcs":[[-4510,-4434,4138,-4507]],"id":"feature_0845"},{"properties":{"zone":5},"type":"Polygon","arcs":[[-4385,4139,4140,4141,-4300,-4499,-4310]],"id":"feature_0846"},{"properties":{"zone":5},"type":"Polygon","arcs":[[-4232,-4369,4142]],"id":"feature_0847"},{"properties":{"zone":5},"type":"Polygon","arcs":[[-4260,4143,-8332,4144,-8266,4145,-8264,4146,-8308,4147,-8320,-4460]],"id":"feature_0848"},{"properties":{"zone":5},"type":"Polygon","arcs":[[-4387,-4311,-4503,-4437,-4366,4148]],"id":"feature_0849"},{"properties":{"zone":6},"type":"Polygon","arcs":[[-12271,4149,-12339,4150,4151,4152,4153,4154]],"id":"feature_0850"},{"properties":{"zone":6},"type":"Polygon","arcs":[[4155,-4473,4156,4157]],"id":"feature_0851"},{"properties":{"zone":6},"type":"Polygon","arcs":[[4158,12272,-12298,4159,-12341,4160]],"id":"feature_0852"},{"properties":{"zone":6},"type":"Polygon","arcs":[[4161,4162,4163,4164,4165,-4287,-4286,4285,4166,4167,4168,4169,4170,4171,4172]],"id":"feature_0853"},{"properties":{"zone":6},"type":"Polygon","arcs":[[4173,4174,4175,4176,4177,4178,4179,4180,4181,-4641,4656,-4656,4182,4183,4184,4185,4186,4187,4188,4189,4190,4191]],"id":"feature_0854"},{"properties":{"zone":6},"type":"Polygon","arcs":[[4192,4193,4194,4195,4196]],"id":"feature_0855"},{"properties":{"zone":6},"type":"Polygon","arcs":[[4197,4198,4199,4200,4201,-4348,4202,4203,4204,4205,4206,4207,4208,4209,4210,4211,4212,4213,-4400,4214]],"id":"feature_0856"},{"properties":{"zone":6},"type":"Polygon","arcs":[[4215,4216,4217,4218,-4281,4219,4220,4221,4222,4223]],"id":"feature_0857"},{"properties":{"zone":6},"type":"Polygon","arcs":[[4224,-4279,-4226,-4519,-4518]],"id":"feature_0858"},{"properties":{"zone":6},"type":"Polygon","arcs":[[4226,4227,4228,4229,-4354,4230,-4370,4231,4232,-4495,-8427,4233,-4298,4234,4235,4236,4237,-4273,4238]],"id":"feature_0859"},{"properties":{"zone":6},"type":"Polygon","arcs":[[4239,4240,4241]],"id":"feature_0860"},{"properties":{"zone":6},"type":"Polygon","arcs":[[-4408,-4565,4242,4243,4244,4245]],"id":"feature_0861"},{"properties":{"zone":6},"type":"Polygon","arcs":[[-4283,-4431,-4382,-4398,-4383,-4379,4246]],"id":"feature_0862"},{"properties":{"zone":6},"type":"Polygon","arcs":[[-4493,-4543,-4293,4247]],"id":"feature_0863"},{"properties":{"zone":6},"type":"Polygon","arcs":[[-4441,4248,-4289,4249]],"id":"feature_0864"},{"properties":{"zone":6},"type":"Polygon","arcs":[[4250,4251,-4392,-4264,-4263,4262,-4262,-4380,-4429]],"id":"feature_0865"},{"properties":{"zone":6},"type":"Polygon","arcs":[[4252,4253,-4302,4254,4255,-4394,4256]],"id":"feature_0866"},{"properties":{"zone":6},"type":"Polygon","arcs":[[-4445,4257,-8354,4258,4259,-4459]],"id":"feature_0867"},{"properties":{"zone":6},"type":"Polygon","arcs":[[4260,-4377,-4455,-4443]],"id":"feature_0868"},{"properties":{"zone":6},"type":"Polygon","arcs":[[-4391,-4381,4261,-4263,4262,4263]],"id":"feature_0869"},{"properties":{"zone":7},"type":"Polygon","arcs":[[4264,-4323,4265,4266,4267,4268]],"id":"feature_0870"},{"properties":{"zone":7},"type":"Polygon","arcs":[[-4480,4269,4270,4271,4272,4273,4274,4275]],"id":"feature_0871"},{"properties":{"zone":7},"type":"Polygon","arcs":[[4276,-4351,4277,-4335]],"id":"feature_0872"},{"properties":{"zone":7},"type":"Polygon","arcs":[[4278,4279,4280,4281,-4432,4282,4283]],"id":"feature_0873"},{"properties":{"zone":7},"type":"Polygon","arcs":[[4284,4285,4286,4287,4288,4289,-4439,4290,-4491,4291,4292,-4542,-4332]],"id":"feature_0874"},{"properties":{"zone":7},"type":"Polygon","arcs":[[4293,4294,4295,4296,4297,4298,-8425,-4500,4299,4300,4301,4302,4303,4304,4305,-4427,4306,4307,4308,-4636]],"id":"feature_0875"},{"properties":{"zone":7},"type":"Polygon","arcs":[[4309,-4498,4310,-4386]],"id":"feature_0876"},{"properties":{"zone":8},"type":"Polygon","arcs":[[4311,-4313,4312,4313]],"id":"feature_0877"},{"properties":{"zone":8},"type":"Polygon","arcs":[[4314,4315,-12305,4316,-12303,4317,-12301,4318,4319,4320]],"id":"feature_0878"},{"properties":{"zone":8},"type":"Polygon","arcs":[[4321,4322,4323,4324,4325]],"id":"feature_0879"},{"properties":{"zone":8},"type":"Polygon","arcs":[[4326,4327,4328,4329]],"id":"feature_0880"},{"properties":{"zone":8},"type":"Polygon","arcs":[[4330,4331,-4541,-4407]],"id":"feature_0881"},{"properties":{"zone":8},"type":"Polygon","arcs":[[-4414,4332,4333,4334,4335]],"id":"feature_0882"},{"properties":{"zone":8},"type":"Polygon","arcs":[[4336,4337,4338,4339,4340,4341,4342]],"id":"feature_0883"},{"properties":{"zone":8},"type":"Polygon","arcs":[[4343,-4412,4344,4345,4346]],"id":"feature_0884"},{"properties":{"zone":8},"type":"Polygon","arcs":[[4347,4348,-4410,4349,4350]],"id":"feature_0885"},{"properties":{"zone":8},"type":"Polygon","arcs":[[4351,4352,-4404]],"id":"feature_0886"},{"properties":{"zone":8},"type":"Polygon","arcs":[[4353,4354,-4449,4355]],"id":"feature_0887"},{"properties":{"zone":8},"type":"Polygon","arcs":[[4356,4357,4358,4359]],"id":"feature_0888"},{"properties":{"zone":8},"type":"Polygon","arcs":[[-4631,4360,4361,4362,4363,4364]],"id":"feature_0889"},{"properties":{"zone":8},"type":"Polygon","arcs":[[4365,-4436,4366]],"id":"feature_0890"},{"properties":{"zone":8},"type":"Polygon","arcs":[[4367,4368,4369,4370,-4447]],"id":"feature_0891"},{"properties":{"zone":8},"type":"Polygon","arcs":[[4371,4372,4373,-12377,4374,-12233,4375]],"id":"feature_0892"},{"properties":{"zone":8},"type":"Polygon","arcs":[[-4396,-4451,-4465,-4456,4376,4377,4378]],"id":"feature_0893"},{"properties":{"zone":8},"type":"Polygon","arcs":[[-4430,4379,4380,-4390,4381]],"id":"feature_0894"},{"properties":{"zone":8},"type":"Polygon","arcs":[[4382,-4397]],"id":"feature_0895"},{"properties":{"zone":8},"type":"Polygon","arcs":[[-4395,4383,4384,4385,4386,4387,4388,-4452]],"id":"feature_0896"},{"properties":{"zone":9},"type":"Polygon","arcs":[[4389,4390,4391,4392,4393,4394,-4458,-4450,4395,4396,4397]],"id":"feature_0897"},{"properties":{"zone":9},"type":"Polygon","arcs":[[4398,4399,4400,4401]],"id":"feature_0898"},{"properties":{"zone":9},"type":"Polygon","arcs":[[4402,4403,4404,4405,4406,-4566,4407,4408,4409]],"id":"feature_0899"},{"properties":{"zone":9},"type":"Polygon","arcs":[[4410,4411,4412,4413,4414,4415,4416,4417,4418,4419,4420,4421,4422,4423]],"id":"feature_0900"},{"properties":{"zone":9},"type":"Polygon","arcs":[[4424,4425,4426,4427,4428,4429,4430,4431]],"id":"feature_0901"},{"properties":{"zone":9},"type":"Polygon","arcs":[[-4502,4432,4433,-4509,4434,4435,4436]],"id":"feature_0902"},{"properties":{"zone":9},"type":"Polygon","arcs":[[-4466,-4453,4437,4438,4439,4440,4441,4442,-4454]],"id":"feature_0903"},{"properties":{"zone":9},"type":"Polygon","arcs":[[4443,4444,-4462,4445,4446,4447,4448]],"id":"feature_0904"},{"properties":{"zone":9},"type":"Polygon","arcs":[[4449,-4457,-4463,4450]],"id":"feature_0905"},{"properties":{"zone":9},"type":"Polygon","arcs":[[4451,4452,-4467,4453,4454,4455,-4464,4456,4457]],"id":"feature_0906"},{"properties":{"zone":9},"type":"Polygon","arcs":[[4458,4459,8319,4460,-8318,4461]],"id":"feature_0907"},{"properties":{"zone":9},"type":"Polygon","arcs":[[4462,4463,4464]],"id":"feature_0908"},{"properties":{"zone":9},"type":"Polygon","arcs":[[4465,4466]],"id":"feature_0909"},{"properties":{"zone":10},"type":"Polygon","arcs":[[4467,4468,4469,4470,4471]],"id":"feature_0910"},{"properties":{"zone":10},"type":"Polygon","arcs":[[4472,4473,4474,-12515,4475,-12513,4476,-12511,4477]],"id":"feature_0911"},{"properties":{"zone":10},"type":"Polygon","arcs":[[4478,4479,4480,4481,-4582]],"id":"feature_0912"},{"properties":{"zone":10},"type":"Polygon","arcs":[[4482,4483,4484,4485,4486,4487,4488]],"id":"feature_0913"},{"properties":{"zone":10},"type":"Polygon","arcs":[[4489,4490,4491,-4521,-4544,4492]],"id":"feature_0914"},{"properties":{"zone":10},"type":"Polygon","arcs":[[4493,4494]],"id":"feature_0915"},{"properties":{"zone":10},"type":"Polygon","arcs":[[4495,-4531,4496]],"id":"feature_0916"},{"properties":{"zone":10},"type":"Polygon","arcs":[[4497,4498,4499,4500,4501,4502]],"id":"feature_0917"},{"properties":{"zone":10},"type":"Polygon","arcs":[[4503,-4525,-4537,4504]],"id":"feature_0918"},{"properties":{"zone":10},"type":"Polygon","arcs":[[-4528,4505,-4511,4506,4507]],"id":"feature_0919"},{"properties":{"zone":10},"type":"Polygon","arcs":[[4508,4509,4510,4511]],"id":"feature_0920"},{"properties":{"zone":10},"type":"Polygon","arcs":[[4512,4513,4514,-4539]],"id":"feature_0921"},{"properties":{"zone":11},"type":"Polygon","arcs":[[4515,4516,4517,4518,4519]],"id":"feature_0922"},{"properties":{"zone":11},"type":"Polygon","arcs":[[4520,4521,4522,-4534,-4533,4523,-4545]],"id":"feature_0923"},{"properties":{"zone":11},"type":"Polygon","arcs":[[-4538,4524,4525,4526]],"id":"feature_0924"},{"properties":{"zone":12},"type":"Polygon","arcs":[[4527,4528]],"id":"feature_0925"},{"properties":{"zone":12},"type":"Polygon","arcs":[[4529,4530,4531]],"id":"feature_0926"},{"properties":{"zone":12},"type":"Polygon","arcs":[[4532,4533,4534]],"id":"feature_0927"},{"properties":{"zone":12},"type":"Polygon","arcs":[[4535,4536,4537]],"id":"feature_0928"},{"properties":{"zone":12},"type":"Polygon","arcs":[[4538,4539]],"id":"feature_0929"},{"properties":{"zone":5},"type":"Polygon","arcs":[[4540,4541,4542,4543,4544,4545,4546,4547,4548,4549,4550,4551,4552,4553,4554,4555,4556,4557,4558,4559,4560,4561,4562,4563,4564,4565]],"id":"feature_0930"},{"properties":{"zone":1},"type":"Polygon","arcs":[[-4570,-4601,-4590,4566,-11548,4567,-11546,4568]],"id":"feature_0931"},{"properties":{"zone":5},"type":"Polygon","arcs":[[-4603,4602,-4602,4569,4570,-11544,4571,-11542,-4576,-4604]],"id":"feature_0932"},{"properties":{"zone":1},"type":"Polygon","arcs":[[4572,-11599,4573,4574,-4609,-4605,4575]],"id":"feature_0933"},{"properties":{"zone":1},"type":"Polygon","arcs":[[4576,4577,4578,-4585,-4588,-4611,4579]],"id":"feature_0934"},{"properties":{"zone":5},"type":"Polygon","arcs":[[4580,-11460,4581,4582,4583,-4586,4584]],"id":"feature_0935"},{"properties":{"zone":3},"type":"Polygon","arcs":[[4585,4586,-4615,-4606,4587]],"id":"feature_0936"},{"properties":{"zone":5},"type":"Polygon","arcs":[[4588,4589,-4600,-4624,-4591]],"id":"feature_0937"},{"properties":{"zone":1},"type":"Polygon","arcs":[[4590,4591,-4621,4592,4617,4593,4619,4594,4621,4595,4596,4597,4598]],"id":"feature_0938"},{"properties":{"zone":3},"type":"Polygon","arcs":[[-4612,4599,4600,4601,-4603,4602,4603,4604,-4608]],"id":"feature_0939"},{"properties":{"zone":5},"type":"Polygon","arcs":[[4605,4606,-4613,4607,4608,4609,4610]],"id":"feature_0940"},{"properties":{"zone":8},"type":"Polygon","arcs":[[4611,4612,4613,4614,4615,4616,4617,4618,4619,4620,4621,4622,4623]],"id":"feature_0941"},{"properties":{"zone":8},"type":"Polygon","arcs":[[-4627,-4647,-4646,4624,-4644]],"id":"feature_0942"},{"properties":{"zone":1},"type":"Polygon","arcs":[[4625,-4654]],"id":"feature_0943"},{"properties":{"zone":5},"type":"Polygon","arcs":[[-4640,-4639,4638,-4638,-4648,-4647,4646,4626,-4643]],"id":"feature_0944"},{"properties":{"zone":11},"type":"Polygon","arcs":[[4627,4628]],"id":"feature_0945"},{"properties":{"zone":11},"type":"Polygon","arcs":[[4629,4630,4631,4632,-8545,4633,-8543,4634]],"id":"feature_0946"},{"properties":{"zone":1},"type":"Polygon","arcs":[[4635,4636,-4652,-4651,4650,-4650,-4649,4648,4637,-4639,4638,4639,-4658,-4657,4640,4641]],"id":"feature_0947"},{"properties":{"zone":3},"type":"Polygon","arcs":[[4642,4643,4644,4645,4646,4647,-4649,4648,4649,-4651,4650,4651,4652,4653,4654,4655,-4657,4656,4657]],"id":"feature_0948"},{"properties":{"zone":5},"type":"Polygon","arcs":[[4658,-4663]],"id":"feature_0949"},{"properties":{"zone":8},"type":"Polygon","arcs":[[4659,-4699,4660,-4666]],"id":"feature_0950"},{"properties":{"zone":3},"type":"Polygon","arcs":[[4661,4662,4663,-4701,4664,4665,4666,-4697]],"id":"feature_0951"},{"properties":{"zone":10},"type":"Polygon","arcs":[[-4703,4667,-4671,4668]],"id":"feature_0952"},{"properties":{"zone":5},"type":"Polygon","arcs":[[4669,4670]],"id":"feature_0953"},{"properties":{"zone":10},"type":"Polygon","arcs":[[-4677,4671]],"id":"feature_0954"},{"properties":{"zone":10},"type":"Polygon","arcs":[[4672]],"id":"feature_0955"},{"properties":{"zone":5},"type":"Polygon","arcs":[[4673,-4686]],"id":"feature_0956"},{"properties":{"zone":8},"type":"Polygon","arcs":[[4674,-4708]],"id":"feature_0957"},{"properties":{"zone":6},"type":"Polygon","arcs":[[4675,4676,4677,-4705]],"id":"feature_0958"},{"properties":{"zone":8},"type":"Polygon","arcs":[[-4683,-4714,4678,-4680,-4711]],"id":"feature_0959"},{"properties":{"zone":3},"type":"Polygon","arcs":[[4679,4680,-4712]],"id":"feature_0960"},{"properties":{"zone":10},"type":"Polygon","arcs":[[-4695,4681]],"id":"feature_0961"},{"properties":{"zone":9},"type":"Polygon","arcs":[[4682,-4710,4683,-4707,4684,4685,4686,-4690,4687,-4715]],"id":"feature_0962"},{"properties":{"zone":6},"type":"Polygon","arcs":[[-4717,4688,4689,4690,-4692]],"id":"feature_0963"},{"properties":{"zone":11},"type":"Polygon","arcs":[[-4718,4691,4692]],"id":"feature_0964"},{"properties":{"zone":5},"type":"Polygon","arcs":[[4693,4694,4695,4696,4697,4698,4699,4700,4701,4702,4703,4704,4705,4706,4707,4708,4709,4710,4711,4712,4713,4714,4715,4716,4717,4718,-4720]],"id":"feature_0965"},{"properties":{"zone":3},"type":"Polygon","arcs":[[4719,4720]],"id":"feature_0966"},{"properties":{"zone":3},"type":"Polygon","arcs":[[-4732,-4723,-4730,4721]],"id":"feature_0967"},{"properties":{"zone":8},"type":"Polygon","arcs":[[4722,-4731]],"id":"feature_0968"},{"properties":{"zone":10},"type":"Polygon","arcs":[[-4725,-4734,4723,-4736]],"id":"feature_0969"},{"properties":{"zone":8},"type":"Polygon","arcs":[[4724,-4735]],"id":"feature_0970"},{"properties":{"zone":8},"type":"Polygon","arcs":[[4725,-4728]],"id":"feature_0971"},{"properties":{"zone":5},"type":"Polygon","arcs":[[-4738,4726,4727,4728,4729,4730,4731,4732,4733,4734,4735,4736]],"id":"feature_0972"},{"properties":{"zone":10},"type":"Polygon","arcs":[[4737,4738]],"id":"feature_0973"},{"properties":{"zone":5},"type":"Polygon","arcs":[[-4793,4739]],"id":"feature_0974"},{"properties":{"zone":5},"type":"Polygon","arcs":[[-4791,-4754,-5090,4740]],"id":"feature_0975"},{"properties":{"zone":5},"type":"Polygon","arcs":[[-4789,-5189]],"id":"feature_0976"},{"properties":{"zone":12},"type":"Polygon","arcs":[[4741,-4756]],"id":"feature_0977"},{"properties":{"zone":11},"type":"Polygon","arcs":[[-4758,4742]],"id":"feature_0978"},{"properties":{"zone":10},"type":"Polygon","arcs":[[-4928,-4773,4743,-4770]],"id":"feature_0979"},{"properties":{"zone":10},"type":"Polygon","arcs":[[-4915,4744,-4919,-4999,-4769]],"id":"feature_0980"},{"properties":{"zone":10},"type":"Polygon","arcs":[[-4908,-4774,-4906,4745]],"id":"feature_0981"},{"properties":{"zone":10},"type":"Polygon","arcs":[[4746,-4903,4747,-4911]],"id":"feature_0982"},{"properties":{"zone":10},"type":"Polygon","arcs":[[4748]],"id":"feature_0983"},{"properties":{"zone":10},"type":"Polygon","arcs":[[-4901,-4779,4749]],"id":"feature_0984"},{"properties":{"zone":10},"type":"Polygon","arcs":[[-4777,4750]],"id":"feature_0985"},{"properties":{"zone":10},"type":"Polygon","arcs":[[-4766,4751]],"id":"feature_0986"},{"properties":{"zone":10},"type":"Polygon","arcs":[[4752,-4764,-4781]],"id":"feature_0987"},{"properties":{"zone":10},"type":"Polygon","arcs":[[-4816,-4795,-4831,-5091,4753,-4790,-4844,-4820,-4850,4754,4755,4756,4757,4758,-4817,-4841]],"id":"feature_0988"},{"properties":{"zone":10},"type":"Polygon","arcs":[[4759]],"id":"feature_0989"},{"properties":{"zone":10},"type":"Polygon","arcs":[[4760]],"id":"feature_0990"},{"properties":{"zone":10},"type":"Polygon","arcs":[[4761,-4947]],"id":"feature_0991"},{"properties":{"zone":9},"type":"Polygon","arcs":[[4762]],"id":"feature_0992"},{"properties":{"zone":9},"type":"Polygon","arcs":[[-4785,-4768,-4783,-4838,-4782,4763,4764,4765,4766,-4775,-4896]],"id":"feature_0993"},{"properties":{"zone":8},"type":"Polygon","arcs":[[4767,-4784]],"id":"feature_0994"},{"properties":{"zone":8},"type":"Polygon","arcs":[[-4802,-4936,-5177]],"id":"feature_0995"},{"properties":{"zone":8},"type":"Polygon","arcs":[[-4805,-4916,4768,-4800,-4923,4769,4770,-4930]],"id":"feature_0996"},{"properties":{"zone":8},"type":"Polygon","arcs":[[-4927,-5153,4771,4772]],"id":"feature_0997"},{"properties":{"zone":8},"type":"Polygon","arcs":[[4773,-4907]],"id":"feature_0998"},{"properties":{"zone":8},"type":"Polygon","arcs":[[4774,4775,4776,4777,4778,-4900,-4809,-4897]],"id":"feature_0999"},{"properties":{"zone":8},"type":"Polygon","arcs":[[-4837,-4819,4779,4780,4781]],"id":"feature_1000"},{"properties":{"zone":8},"type":"Polygon","arcs":[[-4886,-4814,-4839,4782,4783,4784,-4895,-4812]],"id":"feature_1001"},{"properties":{"zone":8},"type":"Polygon","arcs":[[-4992,-4881,4785,-4882]],"id":"feature_1002"},{"properties":{"zone":8},"type":"Polygon","arcs":[[4883]],"id":"feature_1003"},{"properties":{"zone":8},"type":"Polygon","arcs":[[4884]],"id":"feature_1004"},{"properties":{"zone":8},"type":"Polygon","arcs":[[-4984,-5129,-4875,-4988,-4874]],"id":"feature_1005"},{"properties":{"zone":8},"type":"Polygon","arcs":[[-5139,-4826]],"id":"feature_1006"},{"properties":{"zone":8},"type":"Polygon","arcs":[[-4824,-4976,-4865,-5100]],"id":"feature_1007"},{"properties":{"zone":8},"type":"Polygon","arcs":[[-5105,-4830,-5086,-4833]],"id":"feature_1008"},{"properties":{"zone":8},"type":"Polygon","arcs":[[-4856,-5032]],"id":"feature_1009"},{"properties":{"zone":8},"type":"Polygon","arcs":[[-4974,-4862]],"id":"feature_1010"},{"properties":{"zone":8},"type":"Polygon","arcs":[[-4967,-4971,-5070]],"id":"feature_1011"},{"properties":{"zone":8},"type":"Polygon","arcs":[[-5187,-4952,-5197,-4945,4786,-5194,-4949,4787,-4940,4788,-5188]],"id":"feature_1012"},{"properties":{"zone":7},"type":"Polygon","arcs":[[4789,4790,4791,4792,4793,-4845]],"id":"feature_1013"},{"properties":{"zone":7},"type":"Polygon","arcs":[[-5108,-4832,4794,-4815,-4835,-4813,-4888,-4811,-4892,4795,-4879]],"id":"feature_1014"},{"properties":{"zone":7},"type":"Polygon","arcs":[[-5015,4796,-5149,4797]],"id":"feature_1015"},{"properties":{"zone":7},"type":"Polygon","arcs":[[-4922,-5157,-4921,4798,-5151,-4926,-5159,-4925,-5164,-4924,4799,-4998,-5163]],"id":"feature_1016"},{"properties":{"zone":7},"type":"Polygon","arcs":[[4800,-4937,4801,-5176,4802,4803,5167,-4918,-5171,-4917,4804,-4929,-5175,-4932,4805,-4934,-4807]],"id":"feature_1017"},{"properties":{"zone":6},"type":"Polygon","arcs":[[4806,-4933,4807]],"id":"feature_1018"},{"properties":{"zone":6},"type":"Polygon","arcs":[[4808,-4899,4809,-4893,4810,-4887,4811,-4898]],"id":"feature_1019"},{"properties":{"zone":6},"type":"Polygon","arcs":[[-4891,-4890,-4889,4812,-4834,4813]],"id":"feature_1020"},{"properties":{"zone":6},"type":"Polygon","arcs":[[4814,4815,-4840,4816,4817,4818,-4836]],"id":"feature_1021"},{"properties":{"zone":6},"type":"Polygon","arcs":[[-5051,-4851,4819,-4843]],"id":"feature_1022"},{"properties":{"zone":6},"type":"Polygon","arcs":[[-4848,-4963,-4962,-4961,-4855,-5036,4820,-12850,4821,-5019,-4853,-4956,-5039,-5004,-4852,-5053,-4842,-5056,-5012,-5047]],"id":"feature_1023"},{"properties":{"zone":6},"type":"Polygon","arcs":[[4822,-5088,-4829,-5103,-4977,4823,-5099,-4877,-4979,-5120,4824,-5084]],"id":"feature_1024"},{"properties":{"zone":6},"type":"Polygon","arcs":[[4825,-5138,-4871,-5113,-4867,4826,-5118,-4981,-5116,-4876,-5132,-4873,-5143,4827,-5135,-4872,-5140]],"id":"feature_1025"},{"properties":{"zone":5},"type":"Polygon","arcs":[[4828,-5087,4829,-5104]],"id":"feature_1026"},{"properties":{"zone":5},"type":"Polygon","arcs":[[4830,4831,-5107,5109,-5106,4832,-5092]],"id":"feature_1027"},{"properties":{"zone":5},"type":"Polygon","arcs":[[4833,4834,4835,4836,4837,4838]],"id":"feature_1028"},{"properties":{"zone":5},"type":"Polygon","arcs":[[4839,4840]],"id":"feature_1029"},{"properties":{"zone":5},"type":"Polygon","arcs":[[4841,-5052,4842,4843,4844,4845,-5013,-5057]],"id":"feature_1030"},{"properties":{"zone":5},"type":"Polygon","arcs":[[4846,-5009,4847,-5011]],"id":"feature_1031"},{"properties":{"zone":5},"type":"Polygon","arcs":[[-5031,4848,-12926,4849,4850,-5050,-5049,5048,-5055,-5006,4851,-5005,-5045,-5003,-5043,-4955,-5041,-4957,4852]],"id":"feature_1032"},{"properties":{"zone":5},"type":"Polygon","arcs":[[4853,-5037,4854,-4960]],"id":"feature_1033"},{"properties":{"zone":5},"type":"Polygon","arcs":[[4855,-5033]],"id":"feature_1034"},{"properties":{"zone":5},"type":"Polygon","arcs":[[5033]],"id":"feature_1035"},{"properties":{"zone":5},"type":"Polygon","arcs":[[4856]],"id":"feature_1036"},{"properties":{"zone":5},"type":"Polygon","arcs":[[4857,-5080]],"id":"feature_1037"},{"properties":{"zone":5},"type":"Polygon","arcs":[[5081]],"id":"feature_1038"},{"properties":{"zone":5},"type":"Polygon","arcs":[[5082]],"id":"feature_1039"},{"properties":{"zone":5},"type":"Polygon","arcs":[[5062]],"id":"feature_1040"},{"properties":{"zone":5},"type":"Polygon","arcs":[[-4966,4858,-5062]],"id":"feature_1041"},{"properties":{"zone":5},"type":"Polygon","arcs":[[-4970,-5067,4859,-5065,4860,-5078,-4972,4861,-4973,-5076,4862,-5072]],"id":"feature_1042"},{"properties":{"zone":5},"type":"Polygon","arcs":[[-5074,4863]],"id":"feature_1043"},{"properties":{"zone":5},"type":"Polygon","arcs":[[-5101,4864,-4975]],"id":"feature_1044"},{"properties":{"zone":5},"type":"Polygon","arcs":[[4865,-5094]],"id":"feature_1045"},{"properties":{"zone":5},"type":"Polygon","arcs":[[4866,-5112,4867]],"id":"feature_1046"},{"properties":{"zone":5},"type":"Polygon","arcs":[[4868,-5133,4869,-5114,4870,-5137]],"id":"feature_1047"},{"properties":{"zone":5},"type":"Polygon","arcs":[[4871,-5141]],"id":"feature_1048"},{"properties":{"zone":5},"type":"Polygon","arcs":[[-5144,4872,-5131,-4985,4873,-4987,-5124,-4986,4874,-5128,-4983,-5126,4875,-5122,-4980,4876,-5098,-4978,-5096,4877,-5109,4878,4879,4880,-4991,-5146,-4990,-5148,-4993,4881,4882],[4883],[4988],[4884]],"id":"feature_1049"},{"properties":{"zone":5},"type":"Polygon","arcs":[[4885,4886,4887,4888,-4890,4890]],"id":"feature_1050"},{"properties":{"zone":5},"type":"Polygon","arcs":[[4891,4892,4893]],"id":"feature_1051"},{"properties":{"zone":5},"type":"Polygon","arcs":[[4894,4895,4896,4897]],"id":"feature_1052"},{"properties":{"zone":5},"type":"Polygon","arcs":[[4898,4899,4900,4901,4902,4903]],"id":"feature_1053"},{"properties":{"zone":5},"type":"Polygon","arcs":[[4904,4905,4906,4907,4908,-4995,4909,4910]],"id":"feature_1054"},{"properties":{"zone":5},"type":"Polygon","arcs":[[4911,-5017,4912,-4997]],"id":"feature_1055"},{"properties":{"zone":5},"type":"Polygon","arcs":[[4913,4914,4915,4916,-5170,4917,-5168,-5167]],"id":"feature_1056"},{"properties":{"zone":5},"type":"Polygon","arcs":[[4918,4919,4920,-5158,4921,-5162,-5000]],"id":"feature_1057"},{"properties":{"zone":5},"type":"Polygon","arcs":[[4922,4923,-5165,4924,-5160,4925,-5156,-5155,5154,-5154,4926,4927]],"id":"feature_1058"},{"properties":{"zone":5},"type":"Polygon","arcs":[[-5174,-5173,5172,-5172,4928,4929,4930,4931]],"id":"feature_1059"},{"properties":{"zone":5},"type":"Polygon","arcs":[[4932,4933,4934]],"id":"feature_1060"},{"properties":{"zone":5},"type":"Polygon","arcs":[[-5178,4935,4936,4937]],"id":"feature_1061"},{"properties":{"zone":5},"type":"Polygon","arcs":[[-5183,4938,-5190,4939,4940,-5185,4941,-5181,4942]],"id":"feature_1062"},{"properties":{"zone":5},"type":"Polygon","arcs":[[-5196,4943,4944]],"id":"feature_1063"},{"properties":{"zone":5},"type":"Polygon","arcs":[[4945,4946,4947,4948,-5193]],"id":"feature_1064"},{"properties":{"zone":5},"type":"Polygon","arcs":[[4949,-5200,4950,-5198,4951,5186,-5187,-5186,4952,-5001,4953,-5201]],"id":"feature_1065"},{"properties":{"zone":3},"type":"Polygon","arcs":[[4954,-5042]],"id":"feature_1066"},{"properties":{"zone":3},"type":"Polygon","arcs":[[-5040,4955,4956]],"id":"feature_1067"},{"properties":{"zone":3},"type":"Polygon","arcs":[[4957]],"id":"feature_1068"},{"properties":{"zone":3},"type":"Polygon","arcs":[[-4965,4958,4959,4960,4961,4962,-5008]],"id":"feature_1069"},{"properties":{"zone":3},"type":"Polygon","arcs":[[-5007,4963,4964]],"id":"feature_1070"},{"properties":{"zone":3},"type":"Polygon","arcs":[[4965,-5061,4966,-5069,4967]],"id":"feature_1071"},{"properties":{"zone":3},"type":"Polygon","arcs":[[4968,-5068,4969,-5071,4970,-5060]],"id":"feature_1072"},{"properties":{"zone":3},"type":"Polygon","arcs":[[4971,-5077,4972,4973]],"id":"feature_1073"},{"properties":{"zone":3},"type":"Polygon","arcs":[[-5102,4974,4975,4976]],"id":"feature_1074"},{"properties":{"zone":3},"type":"Polygon","arcs":[[4977,-5097]],"id":"feature_1075"},{"properties":{"zone":3},"type":"Polygon","arcs":[[-5121,4978,4979]],"id":"feature_1076"},{"properties":{"zone":3},"type":"Polygon","arcs":[[4980,-5117]],"id":"feature_1077"},{"properties":{"zone":3},"type":"Polygon","arcs":[[4981]],"id":"feature_1078"},{"properties":{"zone":3},"type":"Polygon","arcs":[[4982,-5127]],"id":"feature_1079"},{"properties":{"zone":3},"type":"Polygon","arcs":[[4983,4984,-5130]],"id":"feature_1080"},{"properties":{"zone":3},"type":"Polygon","arcs":[[4985,-5125,4986,4987]],"id":"feature_1081"},{"properties":{"zone":3},"type":"Polygon","arcs":[[4988]],"id":"feature_1082"},{"properties":{"zone":3},"type":"Polygon","arcs":[[4989,-5145,4990,4991,4992,-5147]],"id":"feature_1083"},{"properties":{"zone":3},"type":"Polygon","arcs":[[4993,4994,4995,4996]],"id":"feature_1084"},{"properties":{"zone":3},"type":"Polygon","arcs":[[-5161,4997,4998,4999]],"id":"feature_1085"},{"properties":{"zone":3},"type":"Polygon","arcs":[[5000,5001]],"id":"feature_1086"},{"properties":{"zone":1},"type":"Polygon","arcs":[[5002,-5044]],"id":"feature_1087"},{"properties":{"zone":1},"type":"Polygon","arcs":[[5003,-5046,5004]],"id":"feature_1088"},{"properties":{"zone":1},"type":"Polygon","arcs":[[5005,-5054]],"id":"feature_1089"},{"properties":{"zone":1},"type":"Polygon","arcs":[[5006,5007,5008,5009]],"id":"feature_1090"},{"properties":{"zone":1},"type":"Polygon","arcs":[[5010,-5048,5011,-5058,5012,5013]],"id":"feature_1091"},{"properties":{"zone":1},"type":"Polygon","arcs":[[5014,5015,5016,5017]],"id":"feature_1092"},{"properties":{"zone":1},"type":"Polygon","arcs":[[5018,5019,-12880,5020,-12878,5021,-12876,5022,-12874,5023,-12872,5024,-12870,5025,5026,-12924,5027,-12922,5028,-12928,5029,5030],[5031,5032],[5033]],"id":"feature_1093"},{"properties":{"zone":1},"type":"Polygon","arcs":[[5034,5035,5036],[5037]],"id":"feature_1094"},{"properties":{"zone":1},"type":"Polygon","arcs":[[5038,5039,5040,5041,5042,5043,5044,5045]],"id":"feature_1095"},{"properties":{"zone":1},"type":"Polygon","arcs":[[5046,5047]],"id":"feature_1096"},{"properties":{"zone":1},"type":"Polygon","arcs":[[-5049,5048,5049,5050,5051,5052,5053,5054]],"id":"feature_1097"},{"properties":{"zone":1},"type":"Polygon","arcs":[[5055,5056,5057]],"id":"feature_1098"},{"properties":{"zone":1},"type":"Polygon","arcs":[[5058,5059,5060,5061],[5062]],"id":"feature_1099"},{"properties":{"zone":1},"type":"Polygon","arcs":[[5063,5064]],"id":"feature_1100"},{"properties":{"zone":1},"type":"Polygon","arcs":[[5065,5066,5067]],"id":"feature_1101"},{"properties":{"zone":1},"type":"Polygon","arcs":[[5068,5069,5070,5071,5072,5073,5074]],"id":"feature_1102"},{"properties":{"zone":1},"type":"Polygon","arcs":[[5075,5076,5077,5078,5079,5080],[5081],[5082]],"id":"feature_1103"},{"properties":{"zone":1},"type":"Polygon","arcs":[[5083,5084]],"id":"feature_1104"},{"properties":{"zone":1},"type":"Polygon","arcs":[[5085,5086,5087,5088,5089,5090,5091]],"id":"feature_1105"},{"properties":{"zone":1},"type":"Polygon","arcs":[[-5110,-5111]],"id":"feature_1106"},{"properties":{"zone":1},"type":"Polygon","arcs":[[5092,5093,5094,5095,5096,5097,5098,5099,5100,5101,5102,5103,5104,5105,-5110,5106,5107,5108],[5109,5110]],"id":"feature_1107"},{"properties":{"zone":1},"type":"Polygon","arcs":[[5111,5112,5113,5114]],"id":"feature_1108"},{"properties":{"zone":1},"type":"Polygon","arcs":[[5115,5116,5117,5118,5119,5120,5121],[5122]],"id":"feature_1109"},{"properties":{"zone":1},"type":"Polygon","arcs":[[5123,5124]],"id":"feature_1110"},{"properties":{"zone":1},"type":"Polygon","arcs":[[5125,5126,5127,5128,5129,5130,5131]],"id":"feature_1111"},{"properties":{"zone":1},"type":"Polygon","arcs":[[5132,5133]],"id":"feature_1112"},{"properties":{"zone":1},"type":"Polygon","arcs":[[5134,5135,5136,5137,5138,5139,5140]],"id":"feature_1113"},{"properties":{"zone":1},"type":"Polygon","arcs":[[5141,5142,5143]],"id":"feature_1114"},{"properties":{"zone":1},"type":"Polygon","arcs":[[5144,5145]],"id":"feature_1115"},{"properties":{"zone":1},"type":"Polygon","arcs":[[5146,5147]],"id":"feature_1116"},{"properties":{"zone":1},"type":"Polygon","arcs":[[5148,5149]],"id":"feature_1117"},{"properties":{"zone":1},"type":"Polygon","arcs":[[5150,5151,5152,5153,-5155,5154,5155]],"id":"feature_1118"},{"properties":{"zone":1},"type":"Polygon","arcs":[[5156,5157]],"id":"feature_1119"},{"properties":{"zone":1},"type":"Polygon","arcs":[[5158,5159]],"id":"feature_1120"},{"properties":{"zone":1},"type":"Polygon","arcs":[[5160,5161,5162]],"id":"feature_1121"},{"properties":{"zone":1},"type":"Polygon","arcs":[[5163,5164]],"id":"feature_1122"},{"properties":{"zone":1},"type":"Polygon","arcs":[[5165,5166,5167,5168]],"id":"feature_1123"},{"properties":{"zone":1},"type":"Polygon","arcs":[[5169,5170]],"id":"feature_1124"},{"properties":{"zone":1},"type":"Polygon","arcs":[[5171,-5173,5172,5173,5174]],"id":"feature_1125"},{"properties":{"zone":1},"type":"Polygon","arcs":[[5175,5176,5177,5178]],"id":"feature_1126"},{"properties":{"zone":1},"type":"Polygon","arcs":[[5179,5180]],"id":"feature_1127"},{"properties":{"zone":1},"type":"Polygon","arcs":[[5181,5182]],"id":"feature_1128"},{"properties":{"zone":1},"type":"Polygon","arcs":[[5183,5184]],"id":"feature_1129"},{"properties":{"zone":1},"type":"Polygon","arcs":[[5185,5186,5187,5188,5189,5190]],"id":"feature_1130"},{"properties":{"zone":1},"type":"Polygon","arcs":[[5191,5192,5193,5194,5195,5196,5197]],"id":"feature_1131"},{"properties":{"zone":1},"type":"Polygon","arcs":[[5198,5199]],"id":"feature_1132"},{"properties":{"zone":1},"type":"Polygon","arcs":[[5200,5201]],"id":"feature_1133"},{"properties":{"zone":10},"type":"Polygon","arcs":[[-5463,-6237,-5386,-5402,-5450,-5499]],"id":"feature_1134"},{"properties":{"zone":1},"type":"Polygon","arcs":[[5202,-5691]],"id":"feature_1135"},{"properties":{"zone":5},"type":"Polygon","arcs":[[-6187,-6186,5203,5204,5205,5206,5207,5208]],"id":"feature_1136"},{"properties":{"zone":5},"type":"Polygon","arcs":[[-5224,5209]],"id":"feature_1137"},{"properties":{"zone":5},"type":"Polygon","arcs":[[-5265,5210,-8781,5211]],"id":"feature_1138"},{"properties":{"zone":5},"type":"Polygon","arcs":[[-5260,5212,-8785,5213]],"id":"feature_1139"},{"properties":{"zone":5},"type":"Polygon","arcs":[[-5229,-5259]],"id":"feature_1140"},{"properties":{"zone":5},"type":"Polygon","arcs":[[-5227,-5399,5214]],"id":"feature_1141"},{"properties":{"zone":5},"type":"Polygon","arcs":[[-5226,-5253,-5237,-5256]],"id":"feature_1142"},{"properties":{"zone":5},"type":"Polygon","arcs":[[-5221,-5250,-5239]],"id":"feature_1143"},{"properties":{"zone":5},"type":"Polygon","arcs":[[5215,-8793,5216,-8791,5217,-8789,5218,-8787,5219,-5397]],"id":"feature_1144"},{"properties":{"zone":8},"type":"Polygon","arcs":[[-5238,-5251,5220]],"id":"feature_1145"},{"properties":{"zone":1},"type":"Polygon","arcs":[[-5234,5221,-8737,5222,5223,5224,-5454,-5254,5225,-5255,-5236,-5230]],"id":"feature_1146"},{"properties":{"zone":1},"type":"Polygon","arcs":[[5226,5227,-5241,-5231,-5247,-5232,-5400],[5228,-5258]],"id":"feature_1147"},{"properties":{"zone":2},"type":"Polygon","arcs":[[-5235,5229]],"id":"feature_1148"},{"properties":{"zone":2},"type":"Polygon","arcs":[[-5248,5230,-5240]],"id":"feature_1149"},{"properties":{"zone":2},"type":"Polygon","arcs":[[-5246,-5434,-5401,5231]],"id":"feature_1150"},{"properties":{"zone":3},"type":"Polygon","arcs":[[5232,5233,5234,5235,-5257,5236,-5252,5237,5238,-5249,5239,5240,5241,-8671,5242,-8669,5243,-8667,5244,-8665]],"id":"feature_1151"},{"properties":{"zone":3},"type":"Polygon","arcs":[[-5453,-5435,5245,5246,5247,5248,5249,5250,5251,5252,5253]],"id":"feature_1152"},{"properties":{"zone":3},"type":"Polygon","arcs":[[5254,5255,5256]],"id":"feature_1153"},{"properties":{"zone":3},"type":"Polygon","arcs":[[-5478,-5456]],"id":"feature_1154"},{"properties":{"zone":3},"type":"Polygon","arcs":[[5257,5258]],"id":"feature_1155"},{"properties":{"zone":3},"type":"Polygon","arcs":[[5259,5260,-8721,5261,-8719,5262,-8717,5263,5264,5265]],"id":"feature_1156"},{"properties":{"zone":3},"type":"Polygon","arcs":[[-5312,-5676,-5298]],"id":"feature_1157"},{"properties":{"zone":3},"type":"Polygon","arcs":[[5266,-5668,-5318,-5679,-5562,-5658]],"id":"feature_1158"},{"properties":{"zone":1},"type":"Polygon","arcs":[[5267,-5304,5268,-5303]],"id":"feature_1159"},{"properties":{"zone":1},"type":"Polygon","arcs":[[-5503,5269]],"id":"feature_1160"},{"properties":{"zone":1},"type":"Polygon","arcs":[[-8601,5270,-8599,5271,-8629,5272,-8627,5273,-12490,5274,-12488,5275,-12486,5276,-5549,-5289,-5603,5277,-8613,5278,-8611,5279,-8609,5280,-8607,5281,-8605,5282,-8603,5283]],"id":"feature_1161"},{"properties":{"zone":1},"type":"Polygon","arcs":[[-5609,-5292,5284,-8558,5285]],"id":"feature_1162"},{"properties":{"zone":1},"type":"Polygon","arcs":[[-5306,5286,-5315,-5578,-5301]],"id":"feature_1163"},{"properties":{"zone":1},"type":"Polygon","arcs":[[-5788,5287]],"id":"feature_1164"},{"properties":{"zone":1},"type":"Polygon","arcs":[[-5604,5288,-5548]],"id":"feature_1165"},{"properties":{"zone":1},"type":"Polygon","arcs":[[5289,-8561,5290,5291,-5608,-5572,-5297]],"id":"feature_1166"},{"properties":{"zone":1},"type":"Polygon","arcs":[[5292,-8568,5293,-8566,5294,-8564,5295,5296,-5571]],"id":"feature_1167"},{"properties":{"zone":8},"type":"Polygon","arcs":[[-5319,-5666]],"id":"feature_1168"},{"properties":{"zone":8},"type":"Polygon","arcs":[[-5675,-5313,5297]],"id":"feature_1169"},{"properties":{"zone":8},"type":"Polygon","arcs":[[-5577,-5587,-5561,5298,-5309,5299,-5307,5300]],"id":"feature_1170"},{"properties":{"zone":8},"type":"Polygon","arcs":[[-5558,-5564,-5311]],"id":"feature_1171"},{"properties":{"zone":5},"type":"Polygon","arcs":[[5301,5302]],"id":"feature_1172"},{"properties":{"zone":5},"type":"Polygon","arcs":[[5303,5304,5305,5306,5307,5308,5309,-5559,5310,-5563,-5677,5311,5312,-5674,-5660,-5717,5313]],"id":"feature_1173"},{"properties":{"zone":5},"type":"Polygon","arcs":[[-5581,-5556,-5579,5314,5315,-8573,5316]],"id":"feature_1174"},{"properties":{"zone":5},"type":"Polygon","arcs":[[5317,-5667,5318,-5665]],"id":"feature_1175"},{"properties":{"zone":1},"type":"Polygon","arcs":[[5319,5320,-5325,-5356,-5447]],"id":"feature_1176"},{"properties":{"zone":3},"type":"Polygon","arcs":[[5321,-5350]],"id":"feature_1177"},{"properties":{"zone":3},"type":"Polygon","arcs":[[-5341,-5330,-5358,-5327]],"id":"feature_1178"},{"properties":{"zone":3},"type":"Polygon","arcs":[[-5445,-5328,-5337,5322,5323]],"id":"feature_1179"},{"properties":{"zone":5},"type":"Polygon","arcs":[[5324,5325,-5342,5326,-5357]],"id":"feature_1180"},{"properties":{"zone":5},"type":"Polygon","arcs":[[-5408,-5361]],"id":"feature_1181"},{"properties":{"zone":5},"type":"Polygon","arcs":[[-5333,5327,-5363,-5412,-10835]],"id":"feature_1182"},{"properties":{"zone":6},"type":"Polygon","arcs":[[5328,-10540,-5387,-5359,5329,-5340]],"id":"feature_1183"},{"properties":{"zone":8},"type":"Polygon","arcs":[[-5331,-5382]],"id":"feature_1184"},{"properties":{"zone":8},"type":"Polygon","arcs":[[-6230,-5410,-5360]],"id":"feature_1185"},{"properties":{"zone":9},"type":"Polygon","arcs":[[5330,-5381,-5332,-5383]],"id":"feature_1186"},{"properties":{"zone":9},"type":"Polygon","arcs":[[-5380,5331]],"id":"feature_1187"},{"properties":{"zone":1},"type":"Polygon","arcs":[[5332,-10834,5333,-10832,5334,-10850,5335,-10848,5336]],"id":"feature_1188"},{"properties":{"zone":1},"type":"Polygon","arcs":[[5337,-11027,5338,-5377,-5389]],"id":"feature_1189"},{"properties":{"zone":1},"type":"Polygon","arcs":[[5339,5340,5341,5342,-10693,5343,-10691,5344]],"id":"feature_1190"},{"properties":{"zone":1},"type":"Polygon","arcs":[[5345,-10610,5346,-10608,5347,-10606,5348,5349,5350,-5366]],"id":"feature_1191"},{"properties":{"zone":2},"type":"Polygon","arcs":[[5351,-10824,5352,-5379]],"id":"feature_1192"},{"properties":{"zone":3},"type":"Polygon","arcs":[[-5392,5353,-5375]],"id":"feature_1193"},{"properties":{"zone":3},"type":"Polygon","arcs":[[5431]],"id":"feature_1194"},{"properties":{"zone":3},"type":"Polygon","arcs":[[-6252,-5428]],"id":"feature_1195"},{"properties":{"zone":3},"type":"Polygon","arcs":[[-6256,-5421,-5384]],"id":"feature_1196"},{"properties":{"zone":3},"type":"Polygon","arcs":[[-5430,5354,-5414,-5362]],"id":"feature_1197"},{"properties":{"zone":5},"type":"Polygon","arcs":[[5355,5356,5357,5358,-6231,5359,-5409,5360,-5407,-5442]],"id":"feature_1198"},{"properties":{"zone":5},"type":"Polygon","arcs":[[-5444,-5406,-5438,-5431,5361,-5413,5362]],"id":"feature_1199"},{"properties":{"zone":5},"type":"Polygon","arcs":[[5363,-10822,-10821,-10612,5364,5365,5366,-10712,5367,-10710,5368,-10708,5369,-10706,5370,-10704,5371,-10702,5372,-10700,5373,-5394,-5423,-5393,5374,5375,-5390,5376,5377,5378],[5379,5380,5381,5382]],"id":"feature_1200"},{"properties":{"zone":5},"type":"Polygon","arcs":[[5383,-6254,-5427,-5440,-5405,-6257]],"id":"feature_1201"},{"properties":{"zone":6},"type":"Polygon","arcs":[[-5460,-5490,-6241,-5436]],"id":"feature_1202"},{"properties":{"zone":6},"type":"Polygon","arcs":[[5384,-5425,-5403,5385,-6236,-5420,-6232,5386,-10539,5387,5388,5389,5390,5391,5392,-5422]],"id":"feature_1203"},{"properties":{"zone":7},"type":"Polygon","arcs":[[5393,5394,-10562,5395,5396,5397,5398,5399,5400,-5433,-5451,5401,5402,-5424]],"id":"feature_1204"},{"properties":{"zone":9},"type":"Polygon","arcs":[[-5419,5403,-6258,5404,-5439,5405,-5443,5406,5407,5408,5409,-6234]],"id":"feature_1205"},{"properties":{"zone":1},"type":"Polygon","arcs":[[-10837,5410,5411,5412,5413,5414,10840,5415,-10839,5416]],"id":"feature_1206"},{"properties":{"zone":1},"type":"Polygon","arcs":[[-6239,-5462,-5437]],"id":"feature_1207"},{"properties":{"zone":1},"type":"Polygon","arcs":[[-6235,5417,5418,-6233,5419]],"id":"feature_1208"},{"properties":{"zone":1},"type":"Polygon","arcs":[[5420,-6255]],"id":"feature_1209"},{"properties":{"zone":1},"type":"Polygon","arcs":[[5421,5422,5423,5424,5425]],"id":"feature_1210"},{"properties":{"zone":1},"type":"Polygon","arcs":[[5426,-6253,5427,-6251,5428,5429,5430,-5441],[5431]],"id":"feature_1211"},{"properties":{"zone":1},"type":"Polygon","arcs":[[5432,5433,5434,-5452]],"id":"feature_1212"},{"properties":{"zone":3},"type":"Polygon","arcs":[[-5461,5435,-6240,5436]],"id":"feature_1213"},{"properties":{"zone":3},"type":"Polygon","arcs":[[5437,5438,5439,5440]],"id":"feature_1214"},{"properties":{"zone":3},"type":"Polygon","arcs":[[5441,5442,5443,5444,5445,5446]],"id":"feature_1215"},{"properties":{"zone":3},"type":"Polygon","arcs":[[-5488,-5472]],"id":"feature_1216"},{"properties":{"zone":3},"type":"Polygon","arcs":[[-5448,-5482]],"id":"feature_1217"},{"properties":{"zone":3},"type":"Polygon","arcs":[[6259]],"id":"feature_1218"},{"properties":{"zone":5},"type":"Polygon","arcs":[[-5492,-5459,-5464]],"id":"feature_1219"},{"properties":{"zone":5},"type":"Polygon","arcs":[[-5493,-5518,-5466,-5458,-5483,5447,-5481,-5506,-5538,5448]],"id":"feature_1220"},{"properties":{"zone":5},"type":"Polygon","arcs":[[-5457,-5529,-5468]],"id":"feature_1221"},{"properties":{"zone":5},"type":"Polygon","arcs":[[5542]],"id":"feature_1222"},{"properties":{"zone":6},"type":"Polygon","arcs":[[-5473,-5526,-5828,-5471,-5469]],"id":"feature_1223"},{"properties":{"zone":6},"type":"Polygon","arcs":[[5449,5450,5451,5452,5453,5454,-5479,5455,-5477,-5500]],"id":"feature_1224"},{"properties":{"zone":6},"type":"Polygon","arcs":[[-5467,-5516,-5530,5456]],"id":"feature_1225"},{"properties":{"zone":7},"type":"Polygon","arcs":[[5457,-5465,5458,-5491,5459,5460,5461,-6238,5462,-5498,-5508,-5484]],"id":"feature_1226"},{"properties":{"zone":8},"type":"Polygon","arcs":[[5463,5464,5465,-5517,5466,5467,-5528,-5475,-6243]],"id":"feature_1227"},{"properties":{"zone":8},"type":"Polygon","arcs":[[5468,-5470,-6245,-5474]],"id":"feature_1228"},{"properties":{"zone":8},"type":"Polygon","arcs":[[-6246,5469,5470,-5827,-5489,5471,-5487]],"id":"feature_1229"},{"properties":{"zone":9},"type":"Polygon","arcs":[[-5527,5472,5473,-6244,5474]],"id":"feature_1230"},{"properties":{"zone":1},"type":"Polygon","arcs":[[-5512,-5496,5475]],"id":"feature_1231"},{"properties":{"zone":1},"type":"Polygon","arcs":[[-5510,-5497]],"id":"feature_1232"},{"properties":{"zone":1},"type":"Polygon","arcs":[[5476,5477,5478,5479,-5501]],"id":"feature_1233"},{"properties":{"zone":1},"type":"Polygon","arcs":[[-5486,-6248]],"id":"feature_1234"},{"properties":{"zone":1},"type":"Polygon","arcs":[[5480,5481,5482,5483,-5507]],"id":"feature_1235"},{"properties":{"zone":1},"type":"Polygon","arcs":[[5484,-6249,5485,-6247,5486,5487,5488,-5826,-5495,-5892,-5542]],"id":"feature_1236"},{"properties":{"zone":3},"type":"Polygon","arcs":[[-6242,5489,5490,5491]],"id":"feature_1237"},{"properties":{"zone":1},"type":"Polygon","arcs":[[5492,5493,-5840,-5785,-5836,-5519]],"id":"feature_1238"},{"properties":{"zone":3},"type":"Polygon","arcs":[[-5893,5494,-5825]],"id":"feature_1239"},{"properties":{"zone":5},"type":"Polygon","arcs":[[5495,-5511,5496,-5509,5497,5498,5499,5500,5501,5502,5503,-5534,5504]],"id":"feature_1240"},{"properties":{"zone":6},"type":"Polygon","arcs":[[-5539,5505,5506,5507,5508,5509,5510,5511,5512]],"id":"feature_1241"},{"properties":{"zone":6},"type":"Polygon","arcs":[[5513,-5812,-5842,5514,-5537]],"id":"feature_1242"},{"properties":{"zone":7},"type":"Polygon","arcs":[[-5531,5515,5516,5517,5518,-5835,-5524]],"id":"feature_1243"},{"properties":{"zone":8},"type":"Polygon","arcs":[[5519,-5830,-5936,-5824,-5882,-5522]],"id":"feature_1244"},{"properties":{"zone":8},"type":"Polygon","arcs":[[-5525,-5833]],"id":"feature_1245"},{"properties":{"zone":8},"type":"Polygon","arcs":[[-5880,-5886,-5533,-5523]],"id":"feature_1246"},{"properties":{"zone":9},"type":"Polygon","arcs":[[-5832,5520,5521,-5881,5522,-5532,5523,-5834,5524]],"id":"feature_1247"},{"properties":{"zone":10},"type":"Polygon","arcs":[[5525,5526,5527,5528,5529,5530,5531,5532,-5889,-5829]],"id":"feature_1248"},{"properties":{"zone":1},"type":"Polygon","arcs":[[5533,5534]],"id":"feature_1249"},{"properties":{"zone":1},"type":"Polygon","arcs":[[5535,5536]],"id":"feature_1250"},{"properties":{"zone":1},"type":"Polygon","arcs":[[5537,5538,5539]],"id":"feature_1251"},{"properties":{"zone":1},"type":"Polygon","arcs":[[-5861,5540,5541,-5891],[5542]],"id":"feature_1252"},{"properties":{"zone":1},"type":"Polygon","arcs":[[-5822,5543,-5859]],"id":"feature_1253"},{"properties":{"zone":3},"type":"Polygon","arcs":[[5544,-12484,5545,-12482,5546,-5622,-5573,-5605,5547,5548]],"id":"feature_1254"},{"properties":{"zone":1},"type":"Polygon","arcs":[[5549,-5683,-5728,-5585]],"id":"feature_1255"},{"properties":{"zone":1},"type":"Polygon","arcs":[[-5583,5550,12557,5551,-12556]],"id":"feature_1256"},{"properties":{"zone":1},"type":"Polygon","arcs":[[-6206,-5641,-5588,-5576,5552]],"id":"feature_1257"},{"properties":{"zone":1},"type":"Polygon","arcs":[[-5636,-5630,5553,5590,5554,-5574]],"id":"feature_1258"},{"properties":{"zone":1},"type":"Polygon","arcs":[[-5580,5555]],"id":"feature_1259"},{"properties":{"zone":12},"type":"Polygon","arcs":[[-5567,5556,-5652]],"id":"feature_1260"},{"properties":{"zone":9},"type":"Polygon","arcs":[[-5586,-5726,-5565,5557,5558,5559,5560]],"id":"feature_1261"},{"properties":{"zone":8},"type":"Polygon","arcs":[[-5656,5561,-5678,5562,5563,5564,-5725]],"id":"feature_1262"},{"properties":{"zone":6},"type":"Polygon","arcs":[[-5762,5565,5566,-5651,-12549,5567,-5611,5568,-6216]],"id":"feature_1263"},{"properties":{"zone":6},"type":"Polygon","arcs":[[5569,-8571,5570,5571,-5607,-5638,-5606,5572,-5621,-6218,-5631,-5632,-5637,5573,5574,5575,5576,5577,5578,5579,5580],[5615]],"id":"feature_1264"},{"properties":{"zone":5},"type":"Polygon","arcs":[[-6208,5581,5582,-12555,-5647,5583,5584,-5727,5585,5586,5587,-5640]],"id":"feature_1265"},{"properties":{"zone":5},"type":"Polygon","arcs":[[-6212,5588]],"id":"feature_1266"},{"properties":{"zone":5},"type":"Polygon","arcs":[[5589,5590]],"id":"feature_1267"},{"properties":{"zone":5},"type":"Polygon","arcs":[[5591,5592,-8595,5593,-8593,5594,-8591,5595,-8589,5596,-8587,5597,5598,-8620,5599,-8618,5600,-8616,5601,5602,5603,5604,5605,-5639,5606,5607,5608]],"id":"feature_1268"},{"properties":{"zone":5},"type":"Polygon","arcs":[[5609,5610]],"id":"feature_1269"},{"properties":{"zone":5},"type":"Polygon","arcs":[[-5736,-5763,-6214,5611,5612,5613,5614]],"id":"feature_1270"},{"properties":{"zone":5},"type":"Polygon","arcs":[[5615]],"id":"feature_1271"},{"properties":{"zone":5},"type":"Polygon","arcs":[[5616,-12472,5617,-12470,5618,-12468,5619,-6220,-5628]],"id":"feature_1272"},{"properties":{"zone":4},"type":"Polygon","arcs":[[-6219,5620,5621,5622,-12480,5623,-12478,5624,-12476,5625,-12474,5626,5627]],"id":"feature_1273"},{"properties":{"zone":4},"type":"Polygon","arcs":[[5628,5629,-5635,-5633,5630,-6217,-6224]],"id":"feature_1274"},{"properties":{"zone":3},"type":"Polygon","arcs":[[-5634,5631,5632]],"id":"feature_1275"},{"properties":{"zone":3},"type":"Polygon","arcs":[[5633,5634,5635,5636]],"id":"feature_1276"},{"properties":{"zone":3},"type":"Polygon","arcs":[[5637,5638]],"id":"feature_1277"},{"properties":{"zone":3},"type":"Polygon","arcs":[[5639,5640]],"id":"feature_1278"},{"properties":{"zone":3},"type":"Polygon","arcs":[[5660]],"id":"feature_1279"},{"properties":{"zone":5},"type":"Polygon","arcs":[[-5655,5641,-5731]],"id":"feature_1280"},{"properties":{"zone":5},"type":"Polygon","arcs":[[-5659,-5719]],"id":"feature_1281"},{"properties":{"zone":6},"type":"Polygon","arcs":[[-5760,5642]],"id":"feature_1282"},{"properties":{"zone":6},"type":"Polygon","arcs":[[-5729,-5682]],"id":"feature_1283"},{"properties":{"zone":8},"type":"Polygon","arcs":[[-5791,-5715,-5912,-5645]],"id":"feature_1284"},{"properties":{"zone":9},"type":"Polygon","arcs":[[5643,-5792,5644,-5911,-5798]],"id":"feature_1285"},{"properties":{"zone":10},"type":"Polygon","arcs":[[5645,-5685]],"id":"feature_1286"},{"properties":{"zone":10},"type":"Polygon","arcs":[[5646,5647,-12553,5648,-12551,5649,5650,5651,5652]],"id":"feature_1287"},{"properties":{"zone":1},"type":"Polygon","arcs":[[-5671,-5722,-5664]],"id":"feature_1288"},{"properties":{"zone":1},"type":"Polygon","arcs":[[5653,5654,-5730,-5681]],"id":"feature_1289"},{"properties":{"zone":1},"type":"Polygon","arcs":[[5655,-5724,-5670,5656,5657]],"id":"feature_1290"},{"properties":{"zone":1},"type":"Polygon","arcs":[[-5720,5658,-5718,5659,-5673,-5663],[5660]],"id":"feature_1291"},{"properties":{"zone":1},"type":"Polygon","arcs":[[-5916,5661,-5914,-5714]],"id":"feature_1292"},{"properties":{"zone":2},"type":"Polygon","arcs":[[-5721,5662,-5672,5663]],"id":"feature_1293"},{"properties":{"zone":3},"type":"Polygon","arcs":[[5664,5665,5666,5667,5668,5669,-5723,5670,5671,5672,5673,5674,5675,5676,5677,5678]],"id":"feature_1294"},{"properties":{"zone":3},"type":"Polygon","arcs":[[5679,5680,5681,5682,5683,5684]],"id":"feature_1295"},{"properties":{"zone":5},"type":"Polygon","arcs":[[-5750,5685,5686,5687,5688,-6087,-6086,5689,5690,5691,-5754,-5694,-5749,5692]],"id":"feature_1296"},{"properties":{"zone":5},"type":"Polygon","arcs":[[5693,-5783]],"id":"feature_1297"},{"properties":{"zone":5},"type":"MultiPolygon","arcs":[[[5694,-5695]],[[5695,5711,5773,5696,5775,5697,5771,5731,5739,5732]]],"id":"feature_1298"},{"properties":{"zone":5},"type":"Polygon","arcs":[[-5765,-5739,-5738,-5737,5698,5699,5700,5701,5702,5703,5704]],"id":"feature_1299"},{"properties":{"zone":5},"type":"Polygon","arcs":[[5707,5765,5705,5779]],"id":"feature_1300"},{"properties":{"zone":6},"type":"Polygon","arcs":[[5706,-5778,5707,-5768,5708,-5770,-5735]],"id":"feature_1301"},{"properties":{"zone":6},"type":"Polygon","arcs":[[-5758,5709]],"id":"feature_1302"},{"properties":{"zone":6},"type":"Polygon","arcs":[[5710,5711,-5773]],"id":"feature_1303"},{"properties":{"zone":6},"type":"Polygon","arcs":[[5712,-5917,5713,-5913,5714,-5790,5715,5716,5717,5718,5719,5720,5721,5722,5723,5724,5725,5726,5727,5728,5729,5730]],"id":"feature_1304"},{"properties":{"zone":8},"type":"Polygon","arcs":[[-5769,5731,-5741,5732,5733,5734]],"id":"feature_1305"},{"properties":{"zone":8},"type":"Polygon","arcs":[[5735,5736,5737,5738,-5764]],"id":"feature_1306"},{"properties":{"zone":9},"type":"Polygon","arcs":[[5739,5740]],"id":"feature_1307"},{"properties":{"zone":1},"type":"Polygon","arcs":[[5741,5742,5743,5744,5745,5746,5747,5748,-5782]],"id":"feature_1308"},{"properties":{"zone":1},"type":"Polygon","arcs":[[5749,5750,5751,5752]],"id":"feature_1309"},{"properties":{"zone":1},"type":"Polygon","arcs":[[5753,5754,-5784]],"id":"feature_1310"},{"properties":{"zone":1},"type":"Polygon","arcs":[[5755,-5929,-5919]],"id":"feature_1311"},{"properties":{"zone":3},"type":"Polygon","arcs":[[5756,5757,5758,5759,5760,5761,-6215,5762,5763,5764]],"id":"feature_1312"},{"properties":{"zone":3},"type":"Polygon","arcs":[[5765,5766,5767]],"id":"feature_1313"},{"properties":{"zone":3},"type":"Polygon","arcs":[[5768,5769,5770,5771]],"id":"feature_1314"},{"properties":{"zone":3},"type":"Polygon","arcs":[[5772,5773,5774,5775,5776]],"id":"feature_1315"},{"properties":{"zone":3},"type":"Polygon","arcs":[[5777,5778,5779]],"id":"feature_1316"},{"properties":{"zone":3},"type":"Polygon","arcs":[[5780,5781,5782,5783]],"id":"feature_1317"},{"properties":{"zone":4},"type":"Polygon","arcs":[[-5805,-5997,-5976,-5800]],"id":"feature_1318"},{"properties":{"zone":4},"type":"Polygon","arcs":[[-5920,-5999,-5804,-5795]],"id":"feature_1319"},{"properties":{"zone":3},"type":"Polygon","arcs":[[-5799,-5848,-5807]],"id":"feature_1320"},{"properties":{"zone":3},"type":"Polygon","arcs":[[-5801,-5851,-5816]],"id":"feature_1321"},{"properties":{"zone":3},"type":"Polygon","arcs":[[-5839,-5794,-5837,5784]],"id":"feature_1322"},{"properties":{"zone":5},"type":"Polygon","arcs":[[-5802,-5810,-5845,5785,-5808,5786,5787,5788,5789,5790,5791,5792,-5796]],"id":"feature_1323"},{"properties":{"zone":5},"type":"Polygon","arcs":[[5793,-5838]],"id":"feature_1324"},{"properties":{"zone":6},"type":"Polygon","arcs":[[-5921,5794,-5803,5795,5796,5797]],"id":"feature_1325"},{"properties":{"zone":6},"type":"Polygon","arcs":[[-5975,-5987,-5986,-5877,-5820,-5814,-5849,5798,-5806,5799]],"id":"feature_1326"},{"properties":{"zone":8},"type":"Polygon","arcs":[[-5815,-5817,-5852,5800]],"id":"feature_1327"},{"properties":{"zone":8},"type":"Polygon","arcs":[[-5811,5801,5802,5803,-5998,5804,5805,5806,-5847]],"id":"feature_1328"},{"properties":{"zone":1},"type":"Polygon","arcs":[[5807,5808]],"id":"feature_1329"},{"properties":{"zone":1},"type":"Polygon","arcs":[[5809,5810,-5846]],"id":"feature_1330"},{"properties":{"zone":1},"type":"Polygon","arcs":[[-5843,5811,5812]],"id":"feature_1331"},{"properties":{"zone":1},"type":"Polygon","arcs":[[5813,-5819,-5943,-5854,-5818,5814,5815,-5850]],"id":"feature_1332"},{"properties":{"zone":3},"type":"Polygon","arcs":[[5816,5817,-5853]],"id":"feature_1333"},{"properties":{"zone":3},"type":"Polygon","arcs":[[5818,5819,-5876,-5944]],"id":"feature_1334"},{"properties":{"zone":3},"type":"Polygon","arcs":[[-5855,-5939,-5895]],"id":"feature_1335"},{"properties":{"zone":5},"type":"Polygon","arcs":[[-5873,5820,5821,-5858]],"id":"feature_1336"},{"properties":{"zone":5},"type":"Polygon","arcs":[[-5856,-5969,-5863,-5866,5822,-5864,-5869,-5883,5823,-5935]],"id":"feature_1337"},{"properties":{"zone":5},"type":"Polygon","arcs":[[5824,5825,5826,5827,5828,-5888,-5885,-5871,-5868,-5965,-5875,-5857,-5894],[5861]],"id":"feature_1338"},{"properties":{"zone":5},"type":"Polygon","arcs":[[5896,-5896,-5937,5829,5830,5831,5832,5833,5834,5835,5836,5837,5838,5839,5840,5841,5842,5843,5844,5845,5846,5847,5848,5849,5850,5851,5852,5853,-5942,-5899,-5940,5854,-5898]],"id":"feature_1339"},{"properties":{"zone":6},"type":"Polygon","arcs":[[-5970,5855,-5934,-5908]],"id":"feature_1340"},{"properties":{"zone":6},"type":"Polygon","arcs":[[-5890,5856,-5874,5857,5858,5859,5860]],"id":"feature_1341"},{"properties":{"zone":6},"type":"Polygon","arcs":[[5861]],"id":"feature_1342"},{"properties":{"zone":8},"type":"Polygon","arcs":[[-5968,-5879,-5867,5862]],"id":"feature_1343"},{"properties":{"zone":8},"type":"Polygon","arcs":[[-5870,5863,5864,5865,5866,-5878,-5966,5867]],"id":"feature_1344"},{"properties":{"zone":8},"type":"Polygon","arcs":[[5868,5869,5870,-5884]],"id":"feature_1345"},{"properties":{"zone":8},"type":"Polygon","arcs":[[-5964,5871,5872,5873,5874]],"id":"feature_1346"},{"properties":{"zone":8},"type":"Polygon","arcs":[[5875,5876,-5985,-5927,-5902,-5905,-5945]],"id":"feature_1347"},{"properties":{"zone":9},"type":"Polygon","arcs":[[-5957,-5924]],"id":"feature_1348"},{"properties":{"zone":9},"type":"Polygon","arcs":[[5877,5878,-5967]],"id":"feature_1349"},{"properties":{"zone":9},"type":"Polygon","arcs":[[5971]],"id":"feature_1350"},{"properties":{"zone":10},"type":"Polygon","arcs":[[5879,5880,5881,5882,5883,5884,-5887]],"id":"feature_1351"},{"properties":{"zone":12},"type":"Polygon","arcs":[[5885,5886,5887,5888]],"id":"feature_1352"},{"properties":{"zone":1},"type":"Polygon","arcs":[[5889,5890,5891,5892,5893]],"id":"feature_1353"},{"properties":{"zone":1},"type":"Polygon","arcs":[[5894,-5938,5895,-5897,5897]],"id":"feature_1354"},{"properties":{"zone":1},"type":"Polygon","arcs":[[-5941,5898]],"id":"feature_1355"},{"properties":{"zone":8},"type":"Polygon","arcs":[[-5953,-5961,-5952,-6062,-6061,-5910,5899]],"id":"feature_1356"},{"properties":{"zone":3},"type":"Polygon","arcs":[[5993]],"id":"feature_1357"},{"properties":{"zone":3},"type":"Polygon","arcs":[[5900,-6157,-6034,-5996]],"id":"feature_1358"},{"properties":{"zone":3},"type":"Polygon","arcs":[[-5926,-5906,5901]],"id":"feature_1359"},{"properties":{"zone":3},"type":"Polygon","arcs":[[5902,-5992,5903,-6029,-5979]],"id":"feature_1360"},{"properties":{"zone":5},"type":"Polygon","arcs":[[-5925,-5983,-5946,5904,5905]],"id":"feature_1361"},{"properties":{"zone":5},"type":"Polygon","arcs":[[-5923,5906,-5971,5907,-5933,-5981,-5947,-6026,-5949,-6064,-5950,-5959]],"id":"feature_1362"},{"properties":{"zone":5},"type":"Polygon","arcs":[[-6060,-6070,5908,5909]],"id":"feature_1363"},{"properties":{"zone":5},"type":"Polygon","arcs":[[5910,5911,5912,5913,5914,5915,5916,5917,5918,-5928,-5973,-6000,5919,5920]],"id":"feature_1364"},{"properties":{"zone":6},"type":"Polygon","arcs":[[-5956,5921,5922,-5958,5923]],"id":"feature_1365"},{"properties":{"zone":6},"type":"Polygon","arcs":[[5924,5925,5926,-5984]],"id":"feature_1366"},{"properties":{"zone":6},"type":"Polygon","arcs":[[5927,5928,5929,-6005,5930,-6003,5931,-5977,-5989,-5974]],"id":"feature_1367"},{"properties":{"zone":7},"type":"Polygon","arcs":[[5932,5933,5934,5935,5936,5937,5938,5939,5940,5941,5942,5943,5944,5945,-5982]],"id":"feature_1368"},{"properties":{"zone":7},"type":"Polygon","arcs":[[-6027,5946,-5980]],"id":"feature_1369"},{"properties":{"zone":7},"type":"Polygon","arcs":[[5947,-6067,-6017,-6041,-6012]],"id":"feature_1370"},{"properties":{"zone":7},"type":"Polygon","arcs":[[-6016,-6065,5948,-6025]],"id":"feature_1371"},{"properties":{"zone":8},"type":"Polygon","arcs":[[5949,5950,6061,5951,-5960]],"id":"feature_1372"},{"properties":{"zone":8},"type":"Polygon","arcs":[[5952,5953,-5962]],"id":"feature_1373"},{"properties":{"zone":9},"type":"Polygon","arcs":[[5954,5955,5956,5957,5958,5959,5960,5961,5962,5963,5964,5965,5966,5967,5968,5969,5970],[5971]],"id":"feature_1374"},{"properties":{"zone":10},"type":"Polygon","arcs":[[5972,5973,-5988,5974,5975,-6001]],"id":"feature_1375"},{"properties":{"zone":10},"type":"Polygon","arcs":[[5976,5977,5978,-6028,5979,5980,5981,5982,5983,5984,5985,-5990]],"id":"feature_1376"},{"properties":{"zone":12},"type":"Polygon","arcs":[[5986,5987,5988,5989]],"id":"feature_1377"},{"properties":{"zone":1},"type":"Polygon","arcs":[[-6031,5990,5991,5992],[5993]],"id":"feature_1378"},{"properties":{"zone":1},"type":"Polygon","arcs":[[5994,5995,-6033]],"id":"feature_1379"},{"properties":{"zone":1},"type":"Polygon","arcs":[[5996,5997,5998,5999,6000]],"id":"feature_1380"},{"properties":{"zone":1},"type":"Polygon","arcs":[[6001,6002,6003,6004]],"id":"feature_1381"},{"properties":{"zone":5},"type":"Polygon","arcs":[[6005,6006,6007,6008,-6161,6009]],"id":"feature_1382"},{"properties":{"zone":3},"type":"Polygon","arcs":[[-6056,-6203,6010,6011,-6040]],"id":"feature_1383"},{"properties":{"zone":3},"type":"Polygon","arcs":[[6012,6013,6014,-6123,-6059,-6132]],"id":"feature_1384"},{"properties":{"zone":3},"type":"Polygon","arcs":[[6015,-6024,-6115,-6023,-6042,6016,-6066]],"id":"feature_1385"},{"properties":{"zone":5},"type":"Polygon","arcs":[[6017,-6050,6018,-6044]],"id":"feature_1386"},{"properties":{"zone":5},"type":"Polygon","arcs":[[-6167,-6170,-6174,6019,-6179,-6178,-6047]],"id":"feature_1387"},{"properties":{"zone":5},"type":"Polygon","arcs":[[6020,-6163,6021,-6052]],"id":"feature_1388"},{"properties":{"zone":6},"type":"Polygon","arcs":[[6022,-6116,6023,6024,6025,6026,6027,6028,6029,6030,6031,6032,6033,-6160,6034,6035,-6140,6036,-6138,6037,-6136,6038,-6134,-6058]],"id":"feature_1389"},{"properties":{"zone":6},"type":"Polygon","arcs":[[-6057,6039,6040,6041]],"id":"feature_1390"},{"properties":{"zone":6},"type":"Polygon","arcs":[[6204]],"id":"feature_1391"},{"properties":{"zone":8},"type":"Polygon","arcs":[[6042,6043,6044,-6048,6045,-6168,6046,-6177]],"id":"feature_1392"},{"properties":{"zone":8},"type":"Polygon","arcs":[[6047,6048,6049,6050,6051,6052]],"id":"feature_1393"},{"properties":{"zone":8},"type":"Polygon","arcs":[[6053,6054,-6204,6055,6056,6057,-6133,6058,-6122]],"id":"feature_1394"},{"properties":{"zone":10},"type":"Polygon","arcs":[[6059,6060,6061,6062,6063,6064,6065,6066,6067]],"id":"feature_1395"},{"properties":{"zone":10},"type":"Polygon","arcs":[[6068,6069]],"id":"feature_1396"},{"properties":{"zone":1},"type":"Polygon","arcs":[[6070,6071,6072,6073,6074,6075,6076,6077,6078,6079,6080,6081,6082,-6209,6083,-6182,6084,6085,6086,6087,6088,6089,6090,6091,6092,6093,6094,6095,6096,6097,6098,6099,6100,6101,6102,6103,6104,6105,6106,6107,6108,6109,6110,6111,6112,6113,-6195]],"id":"feature_1397"},{"properties":{"zone":1},"type":"Polygon","arcs":[[6114,6115]],"id":"feature_1398"},{"properties":{"zone":1},"type":"Polygon","arcs":[[6116,6117,6118,6119,6120,6121,6122,6123,6124,6125,6126,6127,6128,6129,6130]],"id":"feature_1399"},{"properties":{"zone":1},"type":"Polygon","arcs":[[6131,6132,6133,6134,6135,6136,6137,6138,6139,6140,6141,6142,6143,6144,6145,6146,6147,6148,6149,6150,6151,6152,6153,6154,6155]],"id":"feature_1400"},{"properties":{"zone":1},"type":"Polygon","arcs":[[6156,6157,6158,6159]],"id":"feature_1401"},{"properties":{"zone":1},"type":"Polygon","arcs":[[6160,6161,6162,6163,6164,6165]],"id":"feature_1402"},{"properties":{"zone":3},"type":"Polygon","arcs":[[-6171,6166,6167,6168]],"id":"feature_1403"},{"properties":{"zone":3},"type":"Polygon","arcs":[[-6175,6169,6170,6171]],"id":"feature_1404"},{"properties":{"zone":3},"type":"Polygon","arcs":[[6172,6173,6174]],"id":"feature_1405"},{"properties":{"zone":3},"type":"Polygon","arcs":[[6175,6176,6177,-6181]],"id":"feature_1406"},{"properties":{"zone":3},"type":"Polygon","arcs":[[6178,6179,6180]],"id":"feature_1407"},{"properties":{"zone":3},"type":"Polygon","arcs":[[6181,6182,6183,6184,6185,6186,6187]],"id":"feature_1408"},{"properties":{"zone":3},"type":"Polygon","arcs":[[6188,6189,6190,6191,6192,6193,6194]],"id":"feature_1409"},{"properties":{"zone":1},"type":"Polygon","arcs":[[6195,6196,6197,6198,6199,6200,6201,6202,6203],[6204]],"id":"feature_1410"},{"properties":{"zone":3},"type":"Polygon","arcs":[[6205,6206,6207]],"id":"feature_1411"},{"properties":{"zone":10},"type":"Polygon","arcs":[[6208,6209]],"id":"feature_1412"},{"properties":{"zone":1},"type":"Polygon","arcs":[[6210,6211,6212,6213,6214,6215]],"id":"feature_1413"},{"properties":{"zone":8},"type":"Polygon","arcs":[[-6225,6216,6217,6218,6219,6220,-12457,6221]],"id":"feature_1414"},{"properties":{"zone":5},"type":"Polygon","arcs":[[12448,6222,6223,6224,6225,-12455,6226,-12453,6227,-12451,6228]],"id":"feature_1415"},{"properties":{"zone":5},"type":"MultiPolygon","arcs":[[[6229,6230,6231,6232,6233]],[[6234,6235,6236,6237,6238,6239,6240,6241,6242,6243,6244,6245,6246,6247,6248,6249,6250,6251,6252,6253,6254,6255,6256,6257,6258],[6259]]],"id":"feature_1416"},{"properties":{"zone":1},"type":"Polygon","arcs":[[-6571,-6330,-6480,-6376]],"id":"feature_1417"},{"properties":{"zone":1},"type":"Polygon","arcs":[[-6329,-6475]],"id":"feature_1418"},{"properties":{"zone":1},"type":"Polygon","arcs":[[-6407,6260,-6340,6261,-6409,6262,-6324,6263]],"id":"feature_1419"},{"properties":{"zone":1},"type":"Polygon","arcs":[[6264,-6489,6265,-6370,-6369,6368,-6368,-6311,-6448,-6593,-6414]],"id":"feature_1420"},{"properties":{"zone":1},"type":"Polygon","arcs":[[-6382,-6405,-6318,6266]],"id":"feature_1421"},{"properties":{"zone":1},"type":"Polygon","arcs":[[-6384,-6645,-6644,6643,-6437,6267]],"id":"feature_1422"},{"properties":{"zone":1},"type":"Polygon","arcs":[[-6452,6268,-6337,-6336,-6335]],"id":"feature_1423"},{"properties":{"zone":1},"type":"Polygon","arcs":[[-6319,6269,-6322,6270],[6341]],"id":"feature_1424"},{"properties":{"zone":1},"type":"Polygon","arcs":[[6271,-6388]],"id":"feature_1425"},{"properties":{"zone":1},"type":"Polygon","arcs":[[-6401,-6399,6272]],"id":"feature_1426"},{"properties":{"zone":1},"type":"Polygon","arcs":[[6273,-6390]],"id":"feature_1427"},{"properties":{"zone":1},"type":"Polygon","arcs":[[-6316,6274]],"id":"feature_1428"},{"properties":{"zone":1},"type":"Polygon","arcs":[[-6314,-6403,6275]],"id":"feature_1429"},{"properties":{"zone":1},"type":"Polygon","arcs":[[-6386,6276]],"id":"feature_1430"},{"properties":{"zone":1},"type":"Polygon","arcs":[[-6310,6277,-6435]],"id":"feature_1431"},{"properties":{"zone":1},"type":"Polygon","arcs":[[-6313,-6422,-6528,-6527,-6294,-6293,6292,-6292,-6560,6278,-6346,-6424]],"id":"feature_1432"},{"properties":{"zone":1},"type":"Polygon","arcs":[[6279,-10383,6280,-10381,6281,-10379,6282,10376,6283,-6355,-6604,-6464,-6298,-6297,6296,-6296,-6495]],"id":"feature_1433"},{"properties":{"zone":1},"type":"Polygon","arcs":[[-6460,-6509]],"id":"feature_1434"},{"properties":{"zone":1},"type":"Polygon","arcs":[[-6421,-6357,-6530]],"id":"feature_1435"},{"properties":{"zone":1},"type":"Polygon","arcs":[[-6419,-6491]],"id":"feature_1436"},{"properties":{"zone":1},"type":"Polygon","arcs":[[-6499,-6461]],"id":"feature_1437"},{"properties":{"zone":1},"type":"Polygon","arcs":[[-6459,-6358,-6511]],"id":"feature_1438"},{"properties":{"zone":1},"type":"Polygon","arcs":[[-6524,-6428,-6566]],"id":"feature_1439"},{"properties":{"zone":1},"type":"Polygon","arcs":[[6284,-6568,-6427,-6522]],"id":"feature_1440"},{"properties":{"zone":1},"type":"Polygon","arcs":[[-6290,6289,-6289,-6525,-6564,-6312,-6562,-6291]],"id":"feature_1441"},{"properties":{"zone":1},"type":"Polygon","arcs":[[-6466,-6360,6285]],"id":"feature_1442"},{"properties":{"zone":1},"type":"Polygon","arcs":[[-6353,6286]],"id":"feature_1443"},{"properties":{"zone":1},"type":"Polygon","arcs":[[6287,-6412]],"id":"feature_1444"},{"properties":{"zone":1},"type":"Polygon","arcs":[[-6497,-6295,-6462]],"id":"feature_1445"},{"properties":{"zone":1},"type":"Polygon","arcs":[[6288,-6290,6289,6290,-6561,6291,-6293,6292,6293,-6527,-6526]],"id":"feature_1446"},{"properties":{"zone":1},"type":"Polygon","arcs":[[-6463,6294,-6496,6295,-6297,6296,6297]],"id":"feature_1447"},{"properties":{"zone":1},"type":"Polygon","arcs":[[6298,-6439,-6610]],"id":"feature_1448"},{"properties":{"zone":1},"type":"Polygon","arcs":[[6299,-6441]],"id":"feature_1449"},{"properties":{"zone":1},"type":"Polygon","arcs":[[-6443,6300]],"id":"feature_1450"},{"properties":{"zone":1},"type":"Polygon","arcs":[[-6445,6301]],"id":"feature_1451"},{"properties":{"zone":1},"type":"Polygon","arcs":[[-6348,-6425,-6595,-6447,6302]],"id":"feature_1452"},{"properties":{"zone":1},"type":"Polygon","arcs":[[-6450,-6589,-6485,6303]],"id":"feature_1453"},{"properties":{"zone":1},"type":"Polygon","arcs":[[-6410,-6502,-6661,6304,-6308,-6333,6335,-6332,6305]],"id":"feature_1454"},{"properties":{"zone":1},"type":"Polygon","arcs":[[6306,-6487,-6449,-6367,-6454,-6334,6307,6308,6309,-6434,6310,-6372]],"id":"feature_1455"},{"properties":{"zone":1},"type":"Polygon","arcs":[[-6563,6311]],"id":"feature_1456"},{"properties":{"zone":1},"type":"Polygon","arcs":[[-6423,6312]],"id":"feature_1457"},{"properties":{"zone":1},"type":"Polygon","arcs":[[-6363,-6618]],"id":"feature_1458"},{"properties":{"zone":2},"type":"Polygon","arcs":[[-6404,6313,6314,6315,6316,6317]],"id":"feature_1459"},{"properties":{"zone":2},"type":"Polygon","arcs":[[6318,6319]],"id":"feature_1460"},{"properties":{"zone":2},"type":"Polygon","arcs":[[6320,6321,6322,6323]],"id":"feature_1461"},{"properties":{"zone":3},"type":"Polygon","arcs":[[-6378,-6472,-6375,6324]],"id":"feature_1462"},{"properties":{"zone":3},"type":"Polygon","arcs":[[-6478,6325,-6670,6326,-6672,-6373]],"id":"feature_1463"},{"properties":{"zone":3},"type":"Polygon","arcs":[[6327,-6578,-6476,6328,-6474,-6380]],"id":"feature_1464"},{"properties":{"zone":3},"type":"Polygon","arcs":[[-6570,-6481,6329]],"id":"feature_1465"},{"properties":{"zone":3},"type":"Polygon","arcs":[[-6583,-6392,6330,-6395]],"id":"feature_1466"},{"properties":{"zone":3},"type":"Polygon","arcs":[[-6581,-6393]],"id":"feature_1467"},{"properties":{"zone":3},"type":"Polygon","arcs":[[6331,-6336,6332,6333,-6453,6334,6335,6336,6337]],"id":"feature_1468"},{"properties":{"zone":3},"type":"Polygon","arcs":[[6338,-6397]],"id":"feature_1469"},{"properties":{"zone":3},"type":"Polygon","arcs":[[6339,6340]],"id":"feature_1470"},{"properties":{"zone":3},"type":"Polygon","arcs":[[6341]],"id":"feature_1471"},{"properties":{"zone":3},"type":"Polygon","arcs":[[-10398,6342,-10396,6343,-10394,6344,-6417,6345,6346]],"id":"feature_1472"},{"properties":{"zone":3},"type":"Polygon","arcs":[[-6532,-6600,-6470]],"id":"feature_1473"},{"properties":{"zone":3},"type":"Polygon","arcs":[[-6456,-6516]],"id":"feature_1474"},{"properties":{"zone":3},"type":"Polygon","arcs":[[-6519,-6426,6347,6348,-6557]],"id":"feature_1475"},{"properties":{"zone":3},"type":"Polygon","arcs":[[-6415,-6632,-6536,-6468,6349]],"id":"feature_1476"},{"properties":{"zone":3},"type":"Polygon","arcs":[[6350,-6503,-6559]],"id":"feature_1477"},{"properties":{"zone":3},"type":"Polygon","arcs":[[6351,6352,6353,-6506,-6605,6354]],"id":"feature_1478"},{"properties":{"zone":3},"type":"Polygon","arcs":[[6355,-6553,-6505]],"id":"feature_1479"},{"properties":{"zone":3},"type":"Polygon","arcs":[[-6534,-6469]],"id":"feature_1480"},{"properties":{"zone":3},"type":"Polygon","arcs":[[6356,-6420,-6602,-6531]],"id":"feature_1481"},{"properties":{"zone":3},"type":"Polygon","arcs":[[-6512,6357,-6458]],"id":"feature_1482"},{"properties":{"zone":3},"type":"Polygon","arcs":[[6358,6359,-6465,-6508]],"id":"feature_1483"},{"properties":{"zone":3},"type":"Polygon","arcs":[[-6457,-6514]],"id":"feature_1484"},{"properties":{"zone":3},"type":"Polygon","arcs":[[-6555,6360,-6520]],"id":"feature_1485"},{"properties":{"zone":3},"type":"Polygon","arcs":[[-6432,6361]],"id":"feature_1486"},{"properties":{"zone":3},"type":"Polygon","arcs":[[-6545,-6429,-6539,-6619,6362,-6617,-6669]],"id":"feature_1487"},{"properties":{"zone":3},"type":"Polygon","arcs":[[-6430,-6543,6363]],"id":"feature_1488"},{"properties":{"zone":3},"type":"Polygon","arcs":[[-6546,-6667,-6666,6665,-6665,6364]],"id":"feature_1489"},{"properties":{"zone":3},"type":"Polygon","arcs":[[6365,-6548]],"id":"feature_1490"},{"properties":{"zone":3},"type":"Polygon","arcs":[[6366,-6455]],"id":"feature_1491"},{"properties":{"zone":4},"type":"Polygon","arcs":[[6367,-6369,6368,6369,6370,6371]],"id":"feature_1492"},{"properties":{"zone":5},"type":"Polygon","arcs":[[-6479,6372,-6674,6373,6374,-6482,-6572,6375]],"id":"feature_1493"},{"properties":{"zone":5},"type":"Polygon","arcs":[[6376,-6579]],"id":"feature_1494"},{"properties":{"zone":5},"type":"Polygon","arcs":[[6377,6378,6379,-6473]],"id":"feature_1495"},{"properties":{"zone":5},"type":"Polygon","arcs":[[6380,-6575]],"id":"feature_1496"},{"properties":{"zone":5},"type":"Polygon","arcs":[[-6580,-6483,-6586,6381,6382,-6676,-6641,6383,6384,6385,6386,6387,6388,6389,6390,6391,-6582,6392]],"id":"feature_1497"},{"properties":{"zone":5},"type":"Polygon","arcs":[[-6549,6393,-6686,-6640]],"id":"feature_1498"},{"properties":{"zone":5},"type":"Polygon","arcs":[[6394,6395,6396,6397,6398,-6584]],"id":"feature_1499"},{"properties":{"zone":5},"type":"Polygon","arcs":[[-6550,-6638,-6684,6399]],"id":"feature_1500"},{"properties":{"zone":5},"type":"Polygon","arcs":[[6400,6401,6402,6403,6404,-6585]],"id":"feature_1501"},{"properties":{"zone":5},"type":"Polygon","arcs":[[6405,6406]],"id":"feature_1502"},{"properties":{"zone":5},"type":"Polygon","arcs":[[6407,6408]],"id":"feature_1503"},{"properties":{"zone":5},"type":"Polygon","arcs":[[-6592,-6616,-6500,6409,6410,6411,6412,6413]],"id":"feature_1504"},{"properties":{"zone":5},"type":"Polygon","arcs":[[-6679,-6612,-6633,6414,6415]],"id":"feature_1505"},{"properties":{"zone":5},"type":"Polygon","arcs":[[6416,6417,-6492,6418,-6490,-6597,-6624,-6603,6419,6420,-6529,6421,6422,6423]],"id":"feature_1506"},{"properties":{"zone":5},"type":"Polygon","arcs":[[-6501,-6614,-6657]],"id":"feature_1507"},{"properties":{"zone":5},"type":"Polygon","arcs":[[6424,6425,-6518,-6591,-6693,-6596]],"id":"feature_1508"},{"properties":{"zone":5},"type":"Polygon","arcs":[[-6659,-6613,-6682]],"id":"feature_1509"},{"properties":{"zone":5},"type":"Polygon","arcs":[[6426,-6567,6427,-6523]],"id":"feature_1510"},{"properties":{"zone":5},"type":"Polygon","arcs":[[-6540,6428,-6544,6429,6430,6431,6432]],"id":"feature_1511"},{"properties":{"zone":5},"type":"Polygon","arcs":[[6433,6434,6435,6436,-6644,-6643,6437,-6611,6438,6439,6440,6441,6442,6443,6444,6445,6446,-6594,6447]],"id":"feature_1512"},{"properties":{"zone":5},"type":"Polygon","arcs":[[6448,-6486,-6590,6449,6450,6451,6452,6453,6454]],"id":"feature_1513"},{"properties":{"zone":5},"type":"Polygon","arcs":[[-6630,-6651,-6637,-6647,-6629,-6608,-6517,6455,-6515,6456,-6513,6457,6458,-6510,6459,-6537]],"id":"feature_1514"},{"properties":{"zone":5},"type":"Polygon","arcs":[[-6599,6460,-6498,6461,6462,6463,-6607,6464,6465,6466,6467,-6535,6468,-6533,6469]],"id":"feature_1515"},{"properties":{"zone":5},"type":"Polygon","arcs":[[-6538,6470,-6621]],"id":"feature_1516"},{"properties":{"zone":6},"type":"Polygon","arcs":[[6471,6472,6473,6474,6475,-6577,6476,6477,6478,6479,6480,-6573,6481]],"id":"feature_1517"},{"properties":{"zone":6},"type":"Polygon","arcs":[[6482,-6587]],"id":"feature_1518"},{"properties":{"zone":6},"type":"Polygon","arcs":[[6483,6484,-6588,6485,6486,6487,6488]],"id":"feature_1519"},{"properties":{"zone":6},"type":"Polygon","arcs":[[-6598,6489,6490,6491,-10392,-10390,6492,-10388,6493,-10370,6494,6495,6496,6497,6498]],"id":"feature_1520"},{"properties":{"zone":6},"type":"Polygon","arcs":[[6499,-6615,6500,-6656,-6655,6654,-6654,6501]],"id":"feature_1521"},{"properties":{"zone":6},"type":"Polygon","arcs":[[-6552,6502,6503,6504]],"id":"feature_1522"},{"properties":{"zone":6},"type":"Polygon","arcs":[[-6606,6505,6506,6507]],"id":"feature_1523"},{"properties":{"zone":6},"type":"Polygon","arcs":[[6508,6509,6510,6511,6512,6513,6514,6515,6516,-6627,-6626,6517,6518,-6556,6519,6520,6521,6522,6523,-6565,6524,6525,6526,6527,6528,6529,6530,-6601,6531,6532,6533,6534,6535,-6631,6536]],"id":"feature_1524"},{"properties":{"zone":6},"type":"Polygon","arcs":[[6537,-6620,6538,6539,6540]],"id":"feature_1525"},{"properties":{"zone":6},"type":"Polygon","arcs":[[6541,6542,6543,6544,-6668,6545,6546,6547]],"id":"feature_1526"},{"properties":{"zone":7},"type":"Polygon","arcs":[[6548,-6639,6549,6550]],"id":"feature_1527"},{"properties":{"zone":7},"type":"Polygon","arcs":[[6551,6552,6553,6554,6555,6556,6557,6558]],"id":"feature_1528"},{"properties":{"zone":7},"type":"Polygon","arcs":[[6559,6560,6561,6562,6563,6564,6565,6566,6567,6568]],"id":"feature_1529"},{"properties":{"zone":8},"type":"Polygon","arcs":[[6569,6570,6571,6572]],"id":"feature_1530"},{"properties":{"zone":8},"type":"Polygon","arcs":[[6573,6574,6575,6576,6577,6578]],"id":"feature_1531"},{"properties":{"zone":8},"type":"Polygon","arcs":[[6579,6580,6581,6582,6583,6584,6585,6586]],"id":"feature_1532"},{"properties":{"zone":8},"type":"Polygon","arcs":[[6587,6588,6589]],"id":"feature_1533"},{"properties":{"zone":8},"type":"Polygon","arcs":[[-6692,-6691,-6694,6590,6625,-6625,6591,6592,6593,6594,6595]],"id":"feature_1534"},{"properties":{"zone":8},"type":"Polygon","arcs":[[6596,6597,6598,6599,6600,6601,6602,-6623]],"id":"feature_1535"},{"properties":{"zone":8},"type":"Polygon","arcs":[[6603,6604,6605,6606]],"id":"feature_1536"},{"properties":{"zone":8},"type":"Polygon","arcs":[[6607,-6628]],"id":"feature_1537"},{"properties":{"zone":8},"type":"Polygon","arcs":[[6608,6609,6610]],"id":"feature_1538"},{"properties":{"zone":8},"type":"Polygon","arcs":[[-6653,-6634,6611,-6678,6612,-6658,6613,6614,6615,-6635]],"id":"feature_1539"},{"properties":{"zone":8},"type":"Polygon","arcs":[[6616,6617,6618,6619,6620,6621,-6663]],"id":"feature_1540"},{"properties":{"zone":8},"type":"Polygon","arcs":[[-6649,-6636]],"id":"feature_1541"},{"properties":{"zone":9},"type":"Polygon","arcs":[[6622,6623]],"id":"feature_1542"},{"properties":{"zone":9},"type":"Polygon","arcs":[[6624,-6626,6625,6626,6627,6628,-6646,6629,6630,6631,6632,6633,-6652,6634]],"id":"feature_1543"},{"properties":{"zone":9},"type":"Polygon","arcs":[[6635,-6648,6636,-6650]],"id":"feature_1544"},{"properties":{"zone":10},"type":"Polygon","arcs":[[-6685,6637,6638,6639]],"id":"feature_1545"},{"properties":{"zone":10},"type":"Polygon","arcs":[[6640,-6675,6641,6642,6643,6644]],"id":"feature_1546"},{"properties":{"zone":10},"type":"Polygon","arcs":[[6645,6646,6647,6648,6649,6650]],"id":"feature_1547"},{"properties":{"zone":10},"type":"Polygon","arcs":[[6651,6652]],"id":"feature_1548"},{"properties":{"zone":10},"type":"Polygon","arcs":[[6653,-6655,6654,6655,6656,6657,6658,-6681,6659,6660]],"id":"feature_1549"},{"properties":{"zone":10},"type":"Polygon","arcs":[[-6689,6661]],"id":"feature_1550"},{"properties":{"zone":10},"type":"Polygon","arcs":[[6662,6663,6664,-6666,6665,6666,6667,6668]],"id":"feature_1551"},{"properties":{"zone":11},"type":"Polygon","arcs":[[6669,6670]],"id":"feature_1552"},{"properties":{"zone":11},"type":"Polygon","arcs":[[6671,6672,6673]],"id":"feature_1553"},{"properties":{"zone":11},"type":"Polygon","arcs":[[6674,6675,6676]],"id":"feature_1554"},{"properties":{"zone":11},"type":"Polygon","arcs":[[6677,6678,6679,6680,6681]],"id":"feature_1555"},{"properties":{"zone":12},"type":"Polygon","arcs":[[6682]],"id":"feature_1556"},{"properties":{"zone":12},"type":"Polygon","arcs":[[6683,6684,6685,6686]],"id":"feature_1557"},{"properties":{"zone":12},"type":"Polygon","arcs":[[6687]],"id":"feature_1558"},{"properties":{"zone":12},"type":"Polygon","arcs":[[6688,6689]],"id":"feature_1559"},{"properties":{"zone":9},"type":"Polygon","arcs":[[6690,6691,6692,6693]],"id":"feature_1560"},{"properties":{"zone":1},"type":"Polygon","arcs":[[6694,-6902,-6907]],"id":"feature_1561"},{"properties":{"zone":11},"type":"Polygon","arcs":[[6695]],"id":"feature_1562"},{"properties":{"zone":1},"type":"Polygon","arcs":[[-6778,-6763,-6766,6696]],"id":"feature_1563"},{"properties":{"zone":1},"type":"Polygon","arcs":[[-6776,-6768,-6762]],"id":"feature_1564"},{"properties":{"zone":1},"type":"Polygon","arcs":[[6697,-6764,-6774]],"id":"feature_1565"},{"properties":{"zone":1},"type":"Polygon","arcs":[[6698,-6850]],"id":"feature_1566"},{"properties":{"zone":1},"type":"Polygon","arcs":[[-6793,-6752,-6725,6699]],"id":"feature_1567"},{"properties":{"zone":5},"type":"Polygon","arcs":[[6883]],"id":"feature_1568"},{"properties":{"zone":1},"type":"Polygon","arcs":[[6700,-6717]],"id":"feature_1569"},{"properties":{"zone":3},"type":"Polygon","arcs":[[-6713,6701,-6799,-6731,-6803]],"id":"feature_1570"},{"properties":{"zone":3},"type":"Polygon","arcs":[[6713]],"id":"feature_1571"},{"properties":{"zone":3},"type":"Polygon","arcs":[[6728,-6770]],"id":"feature_1572"},{"properties":{"zone":3},"type":"Polygon","arcs":[[-6898,-6719,-6722,-6736,-6711]],"id":"feature_1573"},{"properties":{"zone":3},"type":"Polygon","arcs":[[6702,-6727,-6789]],"id":"feature_1574"},{"properties":{"zone":3},"type":"Polygon","arcs":[[-6787,-6757,-6861,6703]],"id":"feature_1575"},{"properties":{"zone":3},"type":"Polygon","arcs":[[-6859,6704]],"id":"feature_1576"},{"properties":{"zone":5},"type":"Polygon","arcs":[[-6905,-6912,6705,-6804,6706,-6909,-6901,6707]],"id":"feature_1577"},{"properties":{"zone":8},"type":"Polygon","arcs":[[6708]],"id":"feature_1578"},{"properties":{"zone":5},"type":"Polygon","arcs":[[-6721,-6888,6709,-6899,6710,-6735,-6916,-6834,-6829,-6848,-6828,-6846,-6827,-6842,-6821,-6781,-6761,6711,6712,-6802,-6733],[6713],[6714]],"id":"feature_1579"},{"properties":{"zone":5},"type":"Polygon","arcs":[[6715,6716,6717,-6881,-6723,6718,-6897,-6886,-6891,-6890,6719,6720,-6732,-6800]],"id":"feature_1580"},{"properties":{"zone":5},"type":"Polygon","arcs":[[-6797,-6740,-6857,-6853,-6737,6721,6722,-6883,6723,-6742]],"id":"feature_1581"},{"properties":{"zone":5},"type":"Polygon","arcs":[[6724,-6751,6725,-6790,6726,6727]],"id":"feature_1582"},{"properties":{"zone":5},"type":"Polygon","arcs":[[-6785,-6754,-6822,-6838,-6830,-6756]],"id":"feature_1583"},{"properties":{"zone":5},"type":"Polygon","arcs":[[-6824,-6753]],"id":"feature_1584"},{"properties":{"zone":5},"type":"Polygon","arcs":[[-6755,-6826,-6840,-6819,-6769,-6729,-6771,-6809,-6749,-6783]],"id":"feature_1585"},{"properties":{"zone":11},"type":"Polygon","arcs":[[6729]],"id":"feature_1586"},{"properties":{"zone":11},"type":"Polygon","arcs":[[6730,-6798,6731,6732,-6801]],"id":"feature_1587"},{"properties":{"zone":11},"type":"Polygon","arcs":[[6733,-6917,6734,6735,6736,-6852,-6815,6737,-6813,-6758]],"id":"feature_1588"},{"properties":{"zone":11},"type":"Polygon","arcs":[[-6759,-6817,-6865]],"id":"feature_1589"},{"properties":{"zone":11},"type":"Polygon","arcs":[[6738,-6869,-6858,6739,-6796,-6873,6740,-6871]],"id":"feature_1590"},{"properties":{"zone":11},"type":"Polygon","arcs":[[6741,6742,-15650,6743,-15648,6744,-15646,6745,-15644,-6875,-6795]],"id":"feature_1591"},{"properties":{"zone":11},"type":"Polygon","arcs":[[-15655,6746,-6879,6747]],"id":"feature_1592"},{"properties":{"zone":6},"type":"Polygon","arcs":[[-6810,6748,-6782]],"id":"feature_1593"},{"properties":{"zone":6},"type":"Polygon","arcs":[[6749,6750,6751,-6792]],"id":"feature_1594"},{"properties":{"zone":6},"type":"Polygon","arcs":[[-6825,6752,-6823,6753,-6784,6754]],"id":"feature_1595"},{"properties":{"zone":6},"type":"Polygon","arcs":[[6755,-6832,-6862,6756,-6786]],"id":"feature_1596"},{"properties":{"zone":6},"type":"Polygon","arcs":[[6757,-6818,6758,-6864,-6831,-6836]],"id":"feature_1597"},{"properties":{"zone":6},"type":"Polygon","arcs":[[-6780,6759,6760]],"id":"feature_1598"},{"properties":{"zone":3},"type":"Polygon","arcs":[[-6777,6761,-6767,6762]],"id":"feature_1599"},{"properties":{"zone":5},"type":"Polygon","arcs":[[-6775,6763,6764,6765,6766,6767]],"id":"feature_1600"},{"properties":{"zone":7},"type":"Polygon","arcs":[[-6820,6768,6769,6770,-6808,6771,-6806,6772,6773,6774,6775,6776,6777,6778,6779,6780]],"id":"feature_1601"},{"properties":{"zone":7},"type":"Polygon","arcs":[[6781,6782,6783,6784,6785,6786,6787,6788,6789,6790,6791,6792,6793,-6811]],"id":"feature_1602"},{"properties":{"zone":6},"type":"Polygon","arcs":[[6794,-6874,6795,6796]],"id":"feature_1603"},{"properties":{"zone":10},"type":"Polygon","arcs":[[6797,6798,6799]],"id":"feature_1604"},{"properties":{"zone":10},"type":"Polygon","arcs":[[6800,6801,6802]],"id":"feature_1605"},{"properties":{"zone":10},"type":"Polygon","arcs":[[6803,6804]],"id":"feature_1606"},{"properties":{"zone":10},"type":"Polygon","arcs":[[6805,6806]],"id":"feature_1607"},{"properties":{"zone":10},"type":"Polygon","arcs":[[6807,6808,6809,6810,6811]],"id":"feature_1608"},{"properties":{"zone":10},"type":"Polygon","arcs":[[6812,6813,6814,-6855,6815,6866,-6866,6816,6817]],"id":"feature_1609"},{"properties":{"zone":8},"type":"Polygon","arcs":[[6818,6819,6820,-6841]],"id":"feature_1610"},{"properties":{"zone":8},"type":"Polygon","arcs":[[-6839,6821,6822,6823,6824,6825]],"id":"feature_1611"},{"properties":{"zone":8},"type":"Polygon","arcs":[[6826,-6845,-6833,-6843]],"id":"feature_1612"},{"properties":{"zone":8},"type":"Polygon","arcs":[[6827,-6847]],"id":"feature_1613"},{"properties":{"zone":8},"type":"Polygon","arcs":[[6828,-6849]],"id":"feature_1614"},{"properties":{"zone":8},"type":"Polygon","arcs":[[6829,-6837,6830,-6863,6831]],"id":"feature_1615"},{"properties":{"zone":5},"type":"Polygon","arcs":[[-6844,6832]],"id":"feature_1616"},{"properties":{"zone":9},"type":"Polygon","arcs":[[6833,-6919,6834,6835,6836,6837,6838,6839,6840,6841,6842,6843,6844,6845,6846,6847,6848],[6884]],"id":"feature_1617"},{"properties":{"zone":3},"type":"Polygon","arcs":[[6849,6850]],"id":"feature_1618"},{"properties":{"zone":10},"type":"Polygon","arcs":[[6851,6852,-6856]],"id":"feature_1619"},{"properties":{"zone":6},"type":"Polygon","arcs":[[-6868,-6867,6853,6854,6855,6856,6857]],"id":"feature_1620"},{"properties":{"zone":5},"type":"Polygon","arcs":[[6858,6859,6860,6861,6862,6863,6864,6865,-6867,6866,6867,6868,6869,6870,6871,6872,6873,6874,-15643,6875,-15659,6876,-15657,6877,6878,6879]],"id":"feature_1621"},{"properties":{"zone":1},"type":"Polygon","arcs":[[6880,6881,6882],[6883]],"id":"feature_1622"},{"properties":{"zone":9},"type":"Polygon","arcs":[[6884]],"id":"feature_1623"},{"properties":{"zone":3},"type":"Polygon","arcs":[[6885,-6896,-6892]],"id":"feature_1624"},{"properties":{"zone":3},"type":"Polygon","arcs":[[-6894,6886,6887,6888,6889,-6893]],"id":"feature_1625"},{"properties":{"zone":6},"type":"Polygon","arcs":[[6890,6891,-6895,6892]],"id":"feature_1626"},{"properties":{"zone":4},"type":"Polygon","arcs":[[6893,6894,6895,6896,6897,6898,6899]],"id":"feature_1627"},{"properties":{"zone":6},"type":"Polygon","arcs":[[6900,-6908,6901,6902,-6922,-6915,6903,-6913,6904,6905]],"id":"feature_1628"},{"properties":{"zone":3},"type":"Polygon","arcs":[[6906,6907,6908,6909]],"id":"feature_1629"},{"properties":{"zone":3},"type":"Polygon","arcs":[[6910,6911,6912,6913,6914,-6921]],"id":"feature_1630"},{"properties":{"zone":10},"type":"Polygon","arcs":[[6915,6916,6917,6918]],"id":"feature_1631"},{"properties":{"zone":1},"type":"Polygon","arcs":[[6919,6920,6921]],"id":"feature_1632"},{"properties":{"zone":1},"type":"Polygon","arcs":[[-7085,6922]],"id":"feature_1633"},{"properties":{"zone":1},"type":"Polygon","arcs":[[6923,-7083]],"id":"feature_1634"},{"properties":{"zone":1},"type":"Polygon","arcs":[[6924]],"id":"feature_1635"},{"properties":{"zone":1},"type":"Polygon","arcs":[[-7171,-7007,6925,-6999]],"id":"feature_1636"},{"properties":{"zone":1},"type":"Polygon","arcs":[[-7169,-7002,6926,-7003]],"id":"feature_1637"},{"properties":{"zone":1},"type":"Polygon","arcs":[[-7236,6927,6928,-14408,6929,-14406,-14427,6930,-14425,6931,-14503,6932,-14450,6933,-14448,6934,6935,-14499,6936,-14497,6937,-14495,6938,-14493,6939,-14491,6940,-14489,6941,-14487,6942,-14485,6943,-14530,-7337,-7336,-7158]],"id":"feature_1638"},{"properties":{"zone":1},"type":"Polygon","arcs":[[-7139,-7043,-7133]],"id":"feature_1639"},{"properties":{"zone":1},"type":"Polygon","arcs":[[-7130,-7053,6944]],"id":"feature_1640"},{"properties":{"zone":1},"type":"Polygon","arcs":[[-7121,6945,-15208,-7047,-6969]],"id":"feature_1641"},{"properties":{"zone":1},"type":"Polygon","arcs":[[-7040,-7221,-7065,-7145,-7136,-7034,6946,-7032,6947]],"id":"feature_1642"},{"properties":{"zone":1},"type":"Polygon","arcs":[[-7039,-6992,-7112]],"id":"feature_1643"},{"properties":{"zone":1},"type":"Polygon","arcs":[[-7109,-7108,-6984,-7023]],"id":"feature_1644"},{"properties":{"zone":1},"type":"Polygon","arcs":[[-6982,-6949]],"id":"feature_1645"},{"properties":{"zone":1},"type":"Polygon","arcs":[[-6983,6948,-6981,6949]],"id":"feature_1646"},{"properties":{"zone":1},"type":"Polygon","arcs":[[6950,-7071,6951,-7069,-7154,6952,-7152,-7026,6953,-7073],[6954,-7318,6955,-7316,6956,-7320]],"id":"feature_1647"},{"properties":{"zone":1},"type":"Polygon","arcs":[[-7098,-7097,-7077,-7175,-7022]],"id":"feature_1648"},{"properties":{"zone":1},"type":"Polygon","arcs":[[-7095,-7075]],"id":"feature_1649"},{"properties":{"zone":1},"type":"Polygon","arcs":[[-7268,-7267,-7266,-7027,-7150,-7100,-7021]],"id":"feature_1650"},{"properties":{"zone":1},"type":"Polygon","arcs":[[6957,-6977]],"id":"feature_1651"},{"properties":{"zone":1},"type":"Polygon","arcs":[[-7035,-7134,-7143,-7078,-6987]],"id":"feature_1652"},{"properties":{"zone":1},"type":"Polygon","arcs":[[-6993,-7037,-6986]],"id":"feature_1653"},{"properties":{"zone":1},"type":"Polygon","arcs":[[-7082,-7118,-7324]],"id":"feature_1654"},{"properties":{"zone":1},"type":"Polygon","arcs":[[-6966,-7124,-7042]],"id":"feature_1655"},{"properties":{"zone":1},"type":"Polygon","arcs":[[-7005,6958]],"id":"feature_1656"},{"properties":{"zone":1},"type":"Polygon","arcs":[[-7089,6959]],"id":"feature_1657"},{"properties":{"zone":1},"type":"Polygon","arcs":[[6960]],"id":"feature_1658"},{"properties":{"zone":1},"type":"Polygon","arcs":[[6961,-7008,6962,-7017,-6975,-6974,6973,-6973,-6972,6971,-6971,-6989,-7013]],"id":"feature_1659"},{"properties":{"zone":1},"type":"Polygon","arcs":[[6963,-7066,6964,-7011,-7156,-6988,-7079,-7141,-7132]],"id":"feature_1660"},{"properties":{"zone":3},"type":"Polygon","arcs":[[6965,-7041,-7260,-7280,6966,-7256,-7117,-7125]],"id":"feature_1661"},{"properties":{"zone":3},"type":"Polygon","arcs":[[-7195,-6970,-7045,-6968,-7054]],"id":"feature_1662"},{"properties":{"zone":3},"type":"Polygon","arcs":[[6967,-7044,-7264,-7055]],"id":"feature_1663"},{"properties":{"zone":3},"type":"Polygon","arcs":[[-7194,-7122,6968,-7046,6969]],"id":"feature_1664"},{"properties":{"zone":3},"type":"MultiPolygon","arcs":[[[-6979,-7187,-7220,-7185,-6990,6970,-6972,6971,6972,-6974,6973,6974,-7016,6975,6976,6977],[7013]],[[6978,6979,6980,6981,6982,-7024,6983,6984,-7106,-6994,6985,-7036,6986,-7080,6987,-7155,-7010,6988,6989,-7184,-7218,-7186],[6990]]],"id":"feature_1665"},{"properties":{"zone":4},"type":"Polygon","arcs":[[-7105,6991,-7038,6992,6993]],"id":"feature_1666"},{"properties":{"zone":5},"type":"Polygon","arcs":[[6994]],"id":"feature_1667"},{"properties":{"zone":5},"type":"Polygon","arcs":[[6995,-7161]],"id":"feature_1668"},{"properties":{"zone":5},"type":"Polygon","arcs":[[-7163,6996]],"id":"feature_1669"},{"properties":{"zone":5},"type":"Polygon","arcs":[[-7165,6997]],"id":"feature_1670"},{"properties":{"zone":5},"type":"Polygon","arcs":[[-7172,6998,6999]],"id":"feature_1671"},{"properties":{"zone":5},"type":"Polygon","arcs":[[7000,7001,-7168]],"id":"feature_1672"},{"properties":{"zone":5},"type":"Polygon","arcs":[[-7170,7002,7003,7004,7005,7006]],"id":"feature_1673"},{"properties":{"zone":5},"type":"Polygon","arcs":[[7007,7008]],"id":"feature_1674"},{"properties":{"zone":5},"type":"Polygon","arcs":[[7009,-7157,7010,7011,7012]],"id":"feature_1675"},{"properties":{"zone":5},"type":"Polygon","arcs":[[7013]],"id":"feature_1676"},{"properties":{"zone":5},"type":"Polygon","arcs":[[-7019,7014,7015,7016,7017]],"id":"feature_1677"},{"properties":{"zone":5},"type":"Polygon","arcs":[[7018,7019]],"id":"feature_1678"},{"properties":{"zone":5},"type":"Polygon","arcs":[[7020,-7099,7021,-7174,-7209,-7110,7022,7023,7024,7025,-7151,7026,-7269]],"id":"feature_1679"},{"properties":{"zone":5},"type":"Polygon","arcs":[[-7102,7027,-14421,7028,-14419,7029,-7113,-7232]],"id":"feature_1680"},{"properties":{"zone":5},"type":"Polygon","arcs":[[7030,7031,7032,7033,-7135,7034,7035,7036,7037,7038,-7111,-7207,-7182,-7205,-7183,-7213,-7212,-7160,-7222,7039]],"id":"feature_1681"},{"properties":{"zone":5},"type":"Polygon","arcs":[[-7261,7040,7041,-7123,-7127,7042,-7138]],"id":"feature_1682"},{"properties":{"zone":5},"type":"Polygon","arcs":[[7043,7044,7045,7046,7047,-7295,7048,-7292,-7265]],"id":"feature_1683"},{"properties":{"zone":5},"type":"Polygon","arcs":[[-7173,-7304,7049,-7302,7050,7312,7051,7052,-7129,-7196,7053,7054,-7263,-7290,-7289,7055,-7287,7056,-7285,7057,-7283,7058,-7300,7059,-7298,15214,7060,-15205,7061,-15203,-7308,7062,-7306]],"id":"feature_1684"},{"properties":{"zone":5},"type":"Polygon","arcs":[[7063,-7146,7064,-7226]],"id":"feature_1685"},{"properties":{"zone":5},"type":"Polygon","arcs":[[7065,7066]],"id":"feature_1686"},{"properties":{"zone":5},"type":"Polygon","arcs":[[-7076,-7227,7067,-7104,-7216,-7203,-7177]],"id":"feature_1687"},{"properties":{"zone":5},"type":"Polygon","arcs":[[-7147,7068,7069,7070,7071,7072,7073]],"id":"feature_1688"},{"properties":{"zone":5},"type":"Polygon","arcs":[[7074,-7094,-7228,7075,-7178,-7201,-7200,-7199,7198,-7198,-7176,7076,-7097,-7096]],"id":"feature_1689"},{"properties":{"zone":5},"type":"Polygon","arcs":[[7077,-7142,7078,7079]],"id":"feature_1690"},{"properties":{"zone":5},"type":"Polygon","arcs":[[7080],[7187]],"id":"feature_1691"},{"properties":{"zone":5},"type":"Polygon","arcs":[[-7119,7081,-7323]],"id":"feature_1692"},{"properties":{"zone":5},"type":"Polygon","arcs":[[7082,7083,7084,7085],[7086]],"id":"feature_1693"},{"properties":{"zone":5},"type":"Polygon","arcs":[[-7241,7087,7088,7089]],"id":"feature_1694"},{"properties":{"zone":5},"type":"Polygon","arcs":[[7090]],"id":"feature_1695"},{"properties":{"zone":6},"type":"Polygon","arcs":[[7091,-7180,-7189,-7179,7092,-7229,7093,7094,7095,7096,7097,7098,7099,-7149]],"id":"feature_1696"},{"properties":{"zone":6},"type":"Polygon","arcs":[[7100,7101,-7231]],"id":"feature_1697"},{"properties":{"zone":6},"type":"Polygon","arcs":[[7102,-7239,-7210,7103]],"id":"feature_1698"},{"properties":{"zone":6},"type":"Polygon","arcs":[[7104,7105,7106,7107,7108,7109,-7208,7110,7111]],"id":"feature_1699"},{"properties":{"zone":6},"type":"Polygon","arcs":[[-7233,7112,7113,-14433,7114,-14431,7115]],"id":"feature_1700"},{"properties":{"zone":6},"type":"Polygon","arcs":[[7116,-7255,-7325,7117,7118,-7322,7119,7120,7121,-7193,-7126]],"id":"feature_1701"},{"properties":{"zone":6},"type":"Polygon","arcs":[[7122,7123,7124,7125,-7192,-7128]],"id":"feature_1702"},{"properties":{"zone":6},"type":"Polygon","arcs":[[7126,7127,-7191,7128,7129,7130,7131,-7140,7132]],"id":"feature_1703"},{"properties":{"zone":6},"type":"Polygon","arcs":[[7133,7134,7135,-7144]],"id":"feature_1704"},{"properties":{"zone":6},"type":"Polygon","arcs":[[7136,-7224,-7271,7137,7138,7139,7140,7141,7142,7143,7144,7145]],"id":"feature_1705"},{"properties":{"zone":6},"type":"Polygon","arcs":[[7146,7147,7148,7149,7150,7151,7152,7153]],"id":"feature_1706"},{"properties":{"zone":6},"type":"Polygon","arcs":[[7154,7155,7156]],"id":"feature_1707"},{"properties":{"zone":7},"type":"Polygon","arcs":[[7211,-7212,-7211,-7237,7157,-7335,-7281,7332,-7332,-7328,-7274,-7273,7158,7159]],"id":"feature_1708"},{"properties":{"zone":7},"type":"Polygon","arcs":[[7160,7161,7162,7163,7164,7165]],"id":"feature_1709"},{"properties":{"zone":8},"type":"Polygon","arcs":[[7166,7167,7168,7169,7170,7171]],"id":"feature_1710"},{"properties":{"zone":8},"type":"Polygon","arcs":[[7172,-7305]],"id":"feature_1711"},{"properties":{"zone":8},"type":"Polygon","arcs":[[-7197,7173,7174,7175]],"id":"feature_1712"},{"properties":{"zone":8},"type":"Polygon","arcs":[[7176,-7202,7177]],"id":"feature_1713"},{"properties":{"zone":8},"type":"Polygon","arcs":[[7178,-7190,7179,7180]],"id":"feature_1714"},{"properties":{"zone":8},"type":"Polygon","arcs":[[-7206,7181]],"id":"feature_1715"},{"properties":{"zone":8},"type":"Polygon","arcs":[[7182,-7204,-7214]],"id":"feature_1716"},{"properties":{"zone":8},"type":"Polygon","arcs":[[-7219,7183,7184]],"id":"feature_1717"},{"properties":{"zone":8},"type":"Polygon","arcs":[[7185,-7217,7186]],"id":"feature_1718"},{"properties":{"zone":8},"type":"Polygon","arcs":[[7187]],"id":"feature_1719"},{"properties":{"zone":9},"type":"Polygon","arcs":[[7188,7189]],"id":"feature_1720"},{"properties":{"zone":9},"type":"Polygon","arcs":[[7190,7191,7192,7193,7194,7195]],"id":"feature_1721"},{"properties":{"zone":9},"type":"Polygon","arcs":[[7196,7197,-7199,7198,7199,7200,7201,7202,-7215,7203,7204,7205,7206,7207,7208],[7313]],"id":"feature_1722"},{"properties":{"zone":9},"type":"Polygon","arcs":[[7209,-7238,7210,7211,7212,7213,7214,7215]],"id":"feature_1723"},{"properties":{"zone":9},"type":"Polygon","arcs":[[7216,7217,7218,7219]],"id":"feature_1724"},{"properties":{"zone":10},"type":"Polygon","arcs":[[7220,7221,7222,-7273,-7272,7223,7224,7225]],"id":"feature_1725"},{"properties":{"zone":10},"type":"Polygon","arcs":[[7226,7227,7228,7229,7230,7231,7232,7233,-14479,7234,7235,7236,7237,7238]],"id":"feature_1726"},{"properties":{"zone":11},"type":"Polygon","arcs":[[7239,7240,7241,-7251]],"id":"feature_1727"},{"properties":{"zone":11},"type":"Polygon","arcs":[[-7254,7242]],"id":"feature_1728"},{"properties":{"zone":11},"type":"Polygon","arcs":[[-7247,7243]],"id":"feature_1729"},{"properties":{"zone":11},"type":"Polygon","arcs":[[7244,-7249]],"id":"feature_1730"},{"properties":{"zone":12},"type":"Polygon","arcs":[[7245,7246,7247,7248]],"id":"feature_1731"},{"properties":{"zone":12},"type":"Polygon","arcs":[[7249]],"id":"feature_1732"},{"properties":{"zone":12},"type":"Polygon","arcs":[[7250,7251]],"id":"feature_1733"},{"properties":{"zone":11},"type":"Polygon","arcs":[[7252,7253]],"id":"feature_1734"},{"properties":{"zone":1},"type":"Polygon","arcs":[[-7326,7254,7255,7256,-7279,7257,-7277,7258,-7275]],"id":"feature_1735"},{"properties":{"zone":1},"type":"Polygon","arcs":[[7259,7260,-7270]],"id":"feature_1736"},{"properties":{"zone":1},"type":"Polygon","arcs":[[7261,-7293,-7292,-7291,-7290,7289,7262,7263,7264]],"id":"feature_1737"},{"properties":{"zone":1},"type":"Polygon","arcs":[[7265,7266,7267,7268]],"id":"feature_1738"},{"properties":{"zone":1},"type":"Polygon","arcs":[[7269,7270,7271,7272,7273,-7327,7274,7275,7276,7277,7278,7279]],"id":"feature_1739"},{"properties":{"zone":1},"type":"Polygon","arcs":[[7280,-7334,-7333]],"id":"feature_1740"},{"properties":{"zone":1},"type":"Polygon","arcs":[[7281,7282,7283,7284,7285,7286,7287,7288,7289,7290,7291,7292,7293,7294,7295,-15217,7296,7297,7298,7299]],"id":"feature_1741"},{"properties":{"zone":1},"type":"Polygon","arcs":[[7300,7301,7302,7303,7304,7305,7306,7307,-15200,7308,-15198,7309,-15196,7310,-15194,7311,7312]],"id":"feature_1742"},{"properties":{"zone":9},"type":"Polygon","arcs":[[7313]],"id":"feature_1743"},{"properties":{"zone":10},"type":"Polygon","arcs":[[7314,7315,7316,7317,7318,7319]],"id":"feature_1744"},{"properties":{"zone":10},"type":"Polygon","arcs":[[-7330,7320,7321,7322,7323,7324,7325,7326,7327,-7331,-7340]],"id":"feature_1745"},{"properties":{"zone":5},"type":"Polygon","arcs":[[7328,7329,-7339]],"id":"feature_1746"},{"properties":{"zone":5},"type":"Polygon","arcs":[[7330,7331,-7333,7332,7333,7334,7335,-7341]],"id":"feature_1747"},{"properties":{"zone":6},"type":"Polygon","arcs":[[7336,-14529,7337,7338,7339,7340]],"id":"feature_1748"},{"properties":{"zone":12},"type":"Polygon","arcs":[[7341]],"id":"feature_1749"},{"properties":{"zone":5},"type":"Polygon","arcs":[[-7354,7342]],"id":"feature_1750"},{"properties":{"zone":5},"type":"Polygon","arcs":[[-7352,7343]],"id":"feature_1751"},{"properties":{"zone":5},"type":"Polygon","arcs":[[7344,-7350]],"id":"feature_1752"},{"properties":{"zone":5},"type":"Polygon","arcs":[[-7357,7345,-7359]],"id":"feature_1753"},{"properties":{"zone":1},"type":"Polygon","arcs":[[-7366,-7348,7346]],"id":"feature_1754"},{"properties":{"zone":3},"type":"Polygon","arcs":[[7347,-7365,-7361,7348,7349,7350,7351,7352,7353,7354]],"id":"feature_1755"},{"properties":{"zone":3},"type":"Polygon","arcs":[[-7358,-7363,7355,7356]],"id":"feature_1756"},{"properties":{"zone":1},"type":"Polygon","arcs":[[-7364,7357,7358,7359,7360]],"id":"feature_1757"},{"properties":{"zone":5},"type":"Polygon","arcs":[[7361,7362,7363,7364,7365,7366,-7374,-7368,-7370]],"id":"feature_1758"},{"properties":{"zone":3},"type":"Polygon","arcs":[[-7371,7367,-7373,7368]],"id":"feature_1759"},{"properties":{"zone":1},"type":"Polygon","arcs":[[7369,7370,7371]],"id":"feature_1760"},{"properties":{"zone":1},"type":"Polygon","arcs":[[7372,7373,7374]],"id":"feature_1761"},{"properties":{"zone":3},"type":"Polygon","arcs":[[7375,-7379,-7441,-7422,-7421,-7378]],"id":"feature_1762"},{"properties":{"zone":1},"type":"Polygon","arcs":[[-7421,-7420,7376,7377,7420]],"id":"feature_1763"},{"properties":{"zone":10},"type":"Polygon","arcs":[[7378,7379,-7382,-7383,-7442]],"id":"feature_1764"},{"properties":{"zone":12},"type":"Polygon","arcs":[[7380,-7384,7381]],"id":"feature_1765"},{"properties":{"zone":11},"type":"Polygon","arcs":[[7382,7383,7384,-7388,-7386,-7443]],"id":"feature_1766"},{"properties":{"zone":10},"type":"Polygon","arcs":[[-7403,-7444,7385,-7387]],"id":"feature_1767"},{"properties":{"zone":12},"type":"Polygon","arcs":[[7386,7387,7388,-7392,7389,-7404]],"id":"feature_1768"},{"properties":{"zone":11},"type":"Polygon","arcs":[[-7406,7390,7391,7392,-7446]],"id":"feature_1769"},{"properties":{"zone":1},"type":"Polygon","arcs":[[-7448,7393,-7396]],"id":"feature_1770"},{"properties":{"zone":3},"type":"Polygon","arcs":[[7394,-7449,7395]],"id":"feature_1771"},{"properties":{"zone":1},"type":"Polygon","arcs":[[7396,-7418,7397,-7416,7398,-7414,7399,-7412,7400,-7410,7401,-7408]],"id":"feature_1772"},{"properties":{"zone":1},"type":"Polygon","arcs":[[7402,7403,7404,7405,-7445]],"id":"feature_1773"},{"properties":{"zone":8},"type":"Polygon","arcs":[[-7425,-7437]],"id":"feature_1774"},{"properties":{"zone":1},"type":"Polygon","arcs":[[-7407,-7434]],"id":"feature_1775"},{"properties":{"zone":6},"type":"Polygon","arcs":[[-7426,-7435,7406,-7457]],"id":"feature_1776"},{"properties":{"zone":1},"type":"Polygon","arcs":[[7407,7408,7409,7410,7411,7412,7413,7414,7415,7416,7417,7418,7419,7420,7421,-7440,7422]],"id":"feature_1777"},{"properties":{"zone":1},"type":"Polygon","arcs":[[-7461,-7454]],"id":"feature_1778"},{"properties":{"zone":1},"type":"Polygon","arcs":[[-7451,7423]],"id":"feature_1779"},{"properties":{"zone":5},"type":"Polygon","arcs":[[7492]],"id":"feature_1780"},{"properties":{"zone":8},"type":"Polygon","arcs":[[-7455,-7459,-7427]],"id":"feature_1781"},{"properties":{"zone":9},"type":"Polygon","arcs":[[-7477,-7466,-7489,-7438,7424,-7436,7425,-7456,7426,-7464]],"id":"feature_1782"},{"properties":{"zone":5},"type":"Polygon","arcs":[[-7517,-7490,7427,-7431,-7470]],"id":"feature_1783"},{"properties":{"zone":1},"type":"Polygon","arcs":[[-7453,7428,-7537]],"id":"feature_1784"},{"properties":{"zone":1},"type":"Polygon","arcs":[[-11179,7429,-7519,-7469,7430,7431,-11181,7432]],"id":"feature_1785"},{"properties":{"zone":5},"type":"Polygon","arcs":[[7433,7434,7435,7436,7437,-7488,-7468,7438,7439,7440,7441,7442,7443,7444,7445,7446,7447,7448,7449,7450,7451,7452,-7536,-7458,-7462,7453,-7460,7454,7455,7456]],"id":"feature_1786"},{"properties":{"zone":1},"type":"Polygon","arcs":[[7457,-7535,-7463]],"id":"feature_1787"},{"properties":{"zone":4},"type":"Polygon","arcs":[[7458,7459,7460,7461,7462,-7471,-7465,-7478,7463]],"id":"feature_1788"},{"properties":{"zone":3},"type":"Polygon","arcs":[[-7474,7464,-7473]],"id":"feature_1789"},{"properties":{"zone":3},"type":"Polygon","arcs":[[-7479,-7484,7465,-7476]],"id":"feature_1790"},{"properties":{"zone":3},"type":"Polygon","arcs":[[-7487,-7482,7466,7467]],"id":"feature_1791"},{"properties":{"zone":3},"type":"Polygon","arcs":[[7468,-7518,7469]],"id":"feature_1792"},{"properties":{"zone":3},"type":"Polygon","arcs":[[-7515,-7491]],"id":"feature_1793"},{"properties":{"zone":6},"type":"Polygon","arcs":[[7470,7471,-7499,-7475,7472]],"id":"feature_1794"},{"properties":{"zone":8},"type":"Polygon","arcs":[[7473,7474,-7498,-7480,7475,7476,7477]],"id":"feature_1795"},{"properties":{"zone":6},"type":"Polygon","arcs":[[-7497,-7485,7478,7479]],"id":"feature_1796"},{"properties":{"zone":6},"type":"Polygon","arcs":[[7480,7481,-7486,-7553]],"id":"feature_1797"},{"properties":{"zone":1},"type":"Polygon","arcs":[[-7512,7482]],"id":"feature_1798"},{"properties":{"zone":8},"type":"Polygon","arcs":[[7483,7484,-7496,-7667,-7559,-7554,7485,7486,7487,7488]],"id":"feature_1799"},{"properties":{"zone":1},"type":"Polygon","arcs":[[7489,-7516,7490,-7524,7491],[7492]],"id":"feature_1800"},{"properties":{"zone":5},"type":"Polygon","arcs":[[-7522,-7545,-7576]],"id":"feature_1801"},{"properties":{"zone":8},"type":"Polygon","arcs":[[-7540,7493,-7542,7494]],"id":"feature_1802"},{"properties":{"zone":3},"type":"Polygon","arcs":[[-7668,7495,7496,7497,7498,7499]],"id":"feature_1803"},{"properties":{"zone":5},"type":"Polygon","arcs":[[7527,-7527,-7502,7500,-7505]],"id":"feature_1804"},{"properties":{"zone":1},"type":"Polygon","arcs":[[7501,-7526,7502,-7564,7503]],"id":"feature_1805"},{"properties":{"zone":1},"type":"Polygon","arcs":[[-7529,-7528,7504,7505]],"id":"feature_1806"},{"properties":{"zone":1},"type":"Polygon","arcs":[[-7510,7506]],"id":"feature_1807"},{"properties":{"zone":1},"type":"Polygon","arcs":[[7507,-11224,7508,-7595,-7521]],"id":"feature_1808"},{"properties":{"zone":6},"type":"Polygon","arcs":[[7509,7510,7511,7512,-7543,7513]],"id":"feature_1809"},{"properties":{"zone":6},"type":"Polygon","arcs":[[7514,7515,7516,7517,7518,7519,7520,-7594,-7531,-7592,-7546,7521,-7575,-7581,-7600,-7587,7522,7523]],"id":"feature_1810"},{"properties":{"zone":6},"type":"Polygon","arcs":[[-7634,-7562,7524,7525,7526,-7528,7527,7528,7529,-7585]],"id":"feature_1811"},{"properties":{"zone":1},"type":"Polygon","arcs":[[7530,-7593]],"id":"feature_1812"},{"properties":{"zone":8},"type":"Polygon","arcs":[[-11235,-7549,7531,-11237,7532]],"id":"feature_1813"},{"properties":{"zone":6},"type":"Polygon","arcs":[[7533,7534,7535,7536,7537,-7568],[7538,7539,7540,7541]],"id":"feature_1814"},{"properties":{"zone":1},"type":"Polygon","arcs":[[7542,7543]],"id":"feature_1815"},{"properties":{"zone":8},"type":"Polygon","arcs":[[-7566,-7603,-7577,7544,7545,-7591]],"id":"feature_1816"},{"properties":{"zone":6},"type":"Polygon","arcs":[[-7555,-7557]],"id":"feature_1817"},{"properties":{"zone":5},"type":"Polygon","arcs":[[-11348,7546,-7551,7547,7548]],"id":"feature_1818"},{"properties":{"zone":10},"type":"Polygon","arcs":[[-7649,-7598,7549,7550]],"id":"feature_1819"},{"properties":{"zone":3},"type":"Polygon","arcs":[[-7625,7551,7552,7553,-7558,7554,-7560,-7556]],"id":"feature_1820"},{"properties":{"zone":6},"type":"Polygon","arcs":[[-7605,-7565]],"id":"feature_1821"},{"properties":{"zone":5},"type":"Polygon","arcs":[[-7572,-7618,-7626,7555]],"id":"feature_1822"},{"properties":{"zone":5},"type":"Polygon","arcs":[[7556,7557,7558,-7666,-7613,-7571,-7573,7559]],"id":"feature_1823"},{"properties":{"zone":3},"type":"Polygon","arcs":[[7560,7561,-7633,-7584,7562,7563]],"id":"feature_1824"},{"properties":{"zone":8},"type":"Polygon","arcs":[[-7609,-7608,-7607,7606,-7606,7564,-7604,7565,-7610]],"id":"feature_1825"},{"properties":{"zone":1},"type":"Polygon","arcs":[[7566,7567]],"id":"feature_1826"},{"properties":{"zone":1},"type":"Polygon","arcs":[[-7739,7568]],"id":"feature_1827"},{"properties":{"zone":1},"type":"Polygon","arcs":[[-7579,7569,-7623]],"id":"feature_1828"},{"properties":{"zone":9},"type":"Polygon","arcs":[[-7612,-7615,-7616,-7574,7570]],"id":"feature_1829"},{"properties":{"zone":8},"type":"Polygon","arcs":[[7571,7572,7573,-7619]],"id":"feature_1830"},{"properties":{"zone":1},"type":"Polygon","arcs":[[7574,7575,7576,-7602,-7582]],"id":"feature_1831"},{"properties":{"zone":5},"type":"Polygon","arcs":[[-7622,-7674,7577,7578]],"id":"feature_1832"},{"properties":{"zone":1},"type":"Polygon","arcs":[[7579,-7737]],"id":"feature_1833"},{"properties":{"zone":1},"type":"Polygon","arcs":[[7580,7581,-7601]],"id":"feature_1834"},{"properties":{"zone":8},"type":"Polygon","arcs":[[-7632,-7590,7582,7583]],"id":"feature_1835"},{"properties":{"zone":1},"type":"Polygon","arcs":[[-7635,7584,7585]],"id":"feature_1836"},{"properties":{"zone":1},"type":"Polygon","arcs":[[7586,-7599,-7653,-7779,7587]],"id":"feature_1837"},{"properties":{"zone":5},"type":"Polygon","arcs":[[-7614,-7664,-7642]],"id":"feature_1838"},{"properties":{"zone":3},"type":"Polygon","arcs":[[-7631,-7630,7588,7589]],"id":"feature_1839"},{"properties":{"zone":5},"type":"Polygon","arcs":[[7590,7591,7592,7593,7594,7595,7596,7597,-7648,-7703,-7654,7598,7599,7600,7601,7602,7603,7604,7605,-7607,7606,7607,7608,7609]],"id":"feature_1840"},{"properties":{"zone":1},"type":"Polygon","arcs":[[7610,-7741]],"id":"feature_1841"},{"properties":{"zone":8},"type":"Polygon","arcs":[[7611,7612,-7665,7613,-7641,-7657]],"id":"feature_1842"},{"properties":{"zone":8},"type":"Polygon","arcs":[[-7617,7614,-7656,-7647]],"id":"feature_1843"},{"properties":{"zone":5},"type":"Polygon","arcs":[[-7628,-7620,7615,7616,-7646]],"id":"feature_1844"},{"properties":{"zone":1},"type":"Polygon","arcs":[[7617,7618,7619,-7627]],"id":"feature_1845"},{"properties":{"zone":1},"type":"Polygon","arcs":[[7620,-7637]],"id":"feature_1846"},{"properties":{"zone":6},"type":"Polygon","arcs":[[7621,7622,7623,7624,7625,7626,7627,-7645,-7643,-7675]],"id":"feature_1847"},{"properties":{"zone":1},"type":"Polygon","arcs":[[7628,7629,-7640]],"id":"feature_1848"},{"properties":{"zone":5},"type":"Polygon","arcs":[[7630,7631,7632,7633,7634,7635,7636,7637,-7701,7638,7639]],"id":"feature_1849"},{"properties":{"zone":6},"type":"Polygon","arcs":[[-7662,7661,-7661,-7658,7640,7641,-7663]],"id":"feature_1850"},{"properties":{"zone":5},"type":"Polygon","arcs":[[-7644,-7676,7642]],"id":"feature_1851"},{"properties":{"zone":9},"type":"Polygon","arcs":[[-7679,-7683,-7677,7643,7644,7645,7646,-7655,-7691,-7687]],"id":"feature_1852"},{"properties":{"zone":1},"type":"Polygon","arcs":[[7856,-7856,-7704,7647,7648,7649,-11346,7650,-11352,7651,-7672]],"id":"feature_1853"},{"properties":{"zone":9},"type":"Polygon","arcs":[[-7780,7652,7653,-7706,-7853]],"id":"feature_1854"},{"properties":{"zone":5},"type":"Polygon","arcs":[[7654,7655,7656,7657,7658,-7694,-7671,-7692]],"id":"feature_1855"},{"properties":{"zone":1},"type":"Polygon","arcs":[[7659,7660,-7662,7661,7662,7663,7664,7665,7666,7667,7668,-7697,-7696,7695,-7695,7669,7670]],"id":"feature_1856"},{"properties":{"zone":5},"type":"Polygon","arcs":[[-7705,-7858,-7857,7671,7672,-11429,-7719]],"id":"feature_1857"},{"properties":{"zone":1},"type":"Polygon","arcs":[[7673,7674,7675,7676,-7682,7677]],"id":"feature_1858"},{"properties":{"zone":5},"type":"Polygon","arcs":[[7678,-7686,-7712,7679]],"id":"feature_1859"},{"properties":{"zone":5},"type":"Polygon","arcs":[[7680,7681,7682]],"id":"feature_1860"},{"properties":{"zone":1},"type":"Polygon","arcs":[[7683,-7689]],"id":"feature_1861"},{"properties":{"zone":1},"type":"Polygon","arcs":[[7684,-7735,-7698]],"id":"feature_1862"},{"properties":{"zone":8},"type":"Polygon","arcs":[[7685,7686,-7709,-7713]],"id":"feature_1863"},{"properties":{"zone":6},"type":"Polygon","arcs":[[7687,7688,7689,-7710,7690,7691,7692,7693,7694,-7696,7695,7696]],"id":"feature_1864"},{"properties":{"zone":5},"type":"Polygon","arcs":[[7697,-7734,-7722,7698]],"id":"feature_1865"},{"properties":{"zone":1},"type":"Polygon","arcs":[[7699,7700]],"id":"feature_1866"},{"properties":{"zone":1},"type":"Polygon","arcs":[[7701,-7777]],"id":"feature_1867"},{"properties":{"zone":8},"type":"Polygon","arcs":[[7702,7703,-7855,7704,-7718,-7787,-7806,-7783,-7782,-7707,-7854,7705]],"id":"feature_1868"},{"properties":{"zone":1},"type":"Polygon","arcs":[[-7832,-7746]],"id":"feature_1869"},{"properties":{"zone":1},"type":"Polygon","arcs":[[-7782,-7781,-7851,7706]],"id":"feature_1870"},{"properties":{"zone":1},"type":"Polygon","arcs":[[-7743,7707]],"id":"feature_1871"},{"properties":{"zone":5},"type":"Polygon","arcs":[[-7714,7708,7709,7710]],"id":"feature_1872"},{"properties":{"zone":3},"type":"Polygon","arcs":[[7711,7712,7713,7714,-7754,7715]],"id":"feature_1873"},{"properties":{"zone":8},"type":"Polygon","arcs":[[-7720,-7748]],"id":"feature_1874"},{"properties":{"zone":1},"type":"Polygon","arcs":[[7716,-7788,7717,7718]],"id":"feature_1875"},{"properties":{"zone":9},"type":"Polygon","arcs":[[-7723,-7749,7719,-7747,-7830]],"id":"feature_1876"},{"properties":{"zone":1},"type":"Polygon","arcs":[[-7733,7720,7721]],"id":"feature_1877"},{"properties":{"zone":8},"type":"Polygon","arcs":[[-7829,7722]],"id":"feature_1878"},{"properties":{"zone":3},"type":"Polygon","arcs":[[-7786,-7808]],"id":"feature_1879"},{"properties":{"zone":1},"type":"Polygon","arcs":[[-7745,-7836,-7753,-7834]],"id":"feature_1880"},{"properties":{"zone":1},"type":"Polygon","arcs":[[7723,-7726]],"id":"feature_1881"},{"properties":{"zone":5},"type":"Polygon","arcs":[[7724,7725,-7803]],"id":"feature_1882"},{"properties":{"zone":1},"type":"Polygon","arcs":[[-7731,-7730,7729,-7729,7726]],"id":"feature_1883"},{"properties":{"zone":6},"type":"Polygon","arcs":[[-7766,-7765,7727,7728,-7730,7729,7730,7731,7732,7733,7734,7735,7736,7737,7738,7739,7740,7741,7742,7743,-7756,-7761,-7760,-7837,7744,-7833,7745,-7831,7746,7747,7748,-7828,-7752,-7767]],"id":"feature_1884"},{"properties":{"zone":1},"type":"Polygon","arcs":[[-7790,7749]],"id":"feature_1885"},{"properties":{"zone":1},"type":"Polygon","arcs":[[-7775,-7814,7750]],"id":"feature_1886"},{"properties":{"zone":1},"type":"Polygon","arcs":[[-7768,7751,-7827]],"id":"feature_1887"},{"properties":{"zone":8},"type":"Polygon","arcs":[[7752,-7835]],"id":"feature_1888"},{"properties":{"zone":1},"type":"Polygon","arcs":[[7753,7754]],"id":"feature_1889"},{"properties":{"zone":1},"type":"Polygon","arcs":[[7760,7755,7756,7757]],"id":"feature_1890"},{"properties":{"zone":1},"type":"Polygon","arcs":[[7758,-7818,-7838,7759,7760,7761]],"id":"feature_1891"},{"properties":{"zone":5},"type":"Polygon","arcs":[[7762,-7770]],"id":"feature_1892"},{"properties":{"zone":1},"type":"Polygon","arcs":[[7763,-7824]],"id":"feature_1893"},{"properties":{"zone":1},"type":"Polygon","arcs":[[7764,7765,7766,7767,-7826,7768,7769,7770]],"id":"feature_1894"},{"properties":{"zone":5},"type":"Polygon","arcs":[[7771,-7843,7772,-7795,7773,-7815,7774,7775,7776,7777,7778,7779,-7852,7780,7781,7782,-7805,7783,-7797,-7800,-7812,-7799,7784,-7811,-7810,7809,-7809,7785,-7807,7786,7787,7788,7789,7790,7791,-7847]],"id":"feature_1895"},{"properties":{"zone":1},"type":"Polygon","arcs":[[7792,-7823]],"id":"feature_1896"},{"properties":{"zone":3},"type":"Polygon","arcs":[[7793,7794]],"id":"feature_1897"},{"properties":{"zone":3},"type":"Polygon","arcs":[[7821]],"id":"feature_1898"},{"properties":{"zone":3},"type":"Polygon","arcs":[[7795,-7801,7796]],"id":"feature_1899"},{"properties":{"zone":1},"type":"Polygon","arcs":[[7797,7798,-7813,7799,7800,7801,7802,7803,7804,7805,7806,7807,7808,-7810,7809,7810]],"id":"feature_1900"},{"properties":{"zone":3},"type":"Polygon","arcs":[[7811,7812]],"id":"feature_1901"},{"properties":{"zone":3},"type":"Polygon","arcs":[[7813,7814,7815]],"id":"feature_1902"},{"properties":{"zone":1},"type":"Polygon","arcs":[[7816,-7839,7817]],"id":"feature_1903"},{"properties":{"zone":1},"type":"Polygon","arcs":[[7818,-7820,-7840]],"id":"feature_1904"},{"properties":{"zone":1},"type":"Polygon","arcs":[[-7841,7819,7820],[7821]],"id":"feature_1905"},{"properties":{"zone":5},"type":"Polygon","arcs":[[7822,7823,7824,7825,7826,7827,7828,7829,7830,7831,7832,7833,7834,7835,7836,7837,7838,7839,7840,7841]],"id":"feature_1906"},{"properties":{"zone":1},"type":"Polygon","arcs":[[7842,7843,-7848,7844]],"id":"feature_1907"},{"properties":{"zone":1},"type":"Polygon","arcs":[[7845,7846]],"id":"feature_1908"},{"properties":{"zone":3},"type":"Polygon","arcs":[[7847,7848]],"id":"feature_1909"},{"properties":{"zone":6},"type":"Polygon","arcs":[[7849]],"id":"feature_1910"},{"properties":{"zone":8},"type":"Polygon","arcs":[[7850,7851,7852,7853]],"id":"feature_1911"},{"properties":{"zone":1},"type":"Polygon","arcs":[[7854,7855,-7857,7856,7857]],"id":"feature_1912"},{"properties":{"zone":1},"type":"Polygon","arcs":[[-7927,7858]],"id":"feature_1913"},{"properties":{"zone":7},"type":"Polygon","arcs":[[-7963,-7891,-7960,-7886,7859,-7925,-7868,-7921,-7866,-7905,-7939,-7951,-7947,-7870,-7907,-7872,7860]],"id":"feature_1914"},{"properties":{"zone":9},"type":"Polygon","arcs":[[-7944,-7953,-7941,-7918,-7949,-7917,-7956]],"id":"feature_1915"},{"properties":{"zone":12},"type":"Polygon","arcs":[[7861]],"id":"feature_1916"},{"properties":{"zone":1},"type":"Polygon","arcs":[[-7880,7862]],"id":"feature_1917"},{"properties":{"zone":1},"type":"Polygon","arcs":[[-7882,7863]],"id":"feature_1918"},{"properties":{"zone":1},"type":"Polygon","arcs":[[7864,-7889]],"id":"feature_1919"},{"properties":{"zone":1},"type":"Polygon","arcs":[[7865,-7920,-7906]],"id":"feature_1920"},{"properties":{"zone":1},"type":"Polygon","arcs":[[-7942,7866]],"id":"feature_1921"},{"properties":{"zone":1},"type":"Polygon","arcs":[[-7922,7867,-7924,-7888]],"id":"feature_1922"},{"properties":{"zone":1},"type":"Polygon","arcs":[[-7965,7868]],"id":"feature_1923"},{"properties":{"zone":1},"type":"Polygon","arcs":[[-7936,-7912,-7883]],"id":"feature_1924"},{"properties":{"zone":1},"type":"Polygon","arcs":[[-7910,-7884]],"id":"feature_1925"},{"properties":{"zone":1},"type":"Polygon","arcs":[[-7946,-7938,-7885,-7908,7869]],"id":"feature_1926"},{"properties":{"zone":1},"type":"Polygon","arcs":[[-7934,-7913]],"id":"feature_1927"},{"properties":{"zone":1},"type":"Polygon","arcs":[[-7929,7870,-7903]],"id":"feature_1928"},{"properties":{"zone":1},"type":"Polygon","arcs":[[7871,-7914,-7932,7872],[7901]],"id":"feature_1929"},{"properties":{"zone":1},"type":"Polygon","arcs":[[-7894,7873,-7898,7874,-7900,7875],[-7897,7876,-7895,-7916]],"id":"feature_1930"},{"properties":{"zone":1},"type":"Polygon","arcs":[[7877]],"id":"feature_1931"},{"properties":{"zone":2},"type":"Polygon","arcs":[[7878,7879,7880,7881]],"id":"feature_1932"},{"properties":{"zone":2},"type":"Polygon","arcs":[[-7937,7882,-7911,7883,-7909,7884]],"id":"feature_1933"},{"properties":{"zone":3},"type":"Polygon","arcs":[[7885,-7959,7886]],"id":"feature_1934"},{"properties":{"zone":3},"type":"Polygon","arcs":[[-7923,7887]],"id":"feature_1935"},{"properties":{"zone":3},"type":"Polygon","arcs":[[7888,7889,-7961,7890,-7962,7891]],"id":"feature_1936"},{"properties":{"zone":3},"type":"Polygon","arcs":[[7892,7893]],"id":"feature_1937"},{"properties":{"zone":3},"type":"Polygon","arcs":[[-7915,7894,7895,7896]],"id":"feature_1938"},{"properties":{"zone":3},"type":"Polygon","arcs":[[7897,7898]],"id":"feature_1939"},{"properties":{"zone":3},"type":"Polygon","arcs":[[7899,7900]],"id":"feature_1940"},{"properties":{"zone":3},"type":"Polygon","arcs":[[7901]],"id":"feature_1941"},{"properties":{"zone":3},"type":"Polygon","arcs":[[-7930,7902,7903]],"id":"feature_1942"},{"properties":{"zone":4},"type":"Polygon","arcs":[[7904,7905,-7919,-7940]],"id":"feature_1943"},{"properties":{"zone":4},"type":"Polygon","arcs":[[7906,7907,7908,7909,7910,7911,-7935,7912,-7933,7913]],"id":"feature_1944"},{"properties":{"zone":5},"type":"Polygon","arcs":[[7914,7915]],"id":"feature_1945"},{"properties":{"zone":5},"type":"Polygon","arcs":[[7916,-7950,7917,7918,7919,7920,7921,7922,7923,7924,7925,7926,7927,7928,7929,7930,7931,7932,7933,7934,7935,7936,7937,-7945,-7957]],"id":"feature_1946"},{"properties":{"zone":6},"type":"Polygon","arcs":[[-7952,7938,7939,7940]],"id":"feature_1947"},{"properties":{"zone":6},"type":"Polygon","arcs":[[7941,7942]],"id":"feature_1948"},{"properties":{"zone":6},"type":"Polygon","arcs":[[-7954,7943,-7955,7944,7945,7946]],"id":"feature_1949"},{"properties":{"zone":6},"type":"Polygon","arcs":[[7947]],"id":"feature_1950"},{"properties":{"zone":8},"type":"Polygon","arcs":[[7948,7949]],"id":"feature_1951"},{"properties":{"zone":8},"type":"Polygon","arcs":[[7950,7951,7952,7953]],"id":"feature_1952"},{"properties":{"zone":8},"type":"Polygon","arcs":[[7954,7955,7956]],"id":"feature_1953"},{"properties":{"zone":10},"type":"Polygon","arcs":[[7957,7958,7959,7960]],"id":"feature_1954"},{"properties":{"zone":10},"type":"Polygon","arcs":[[7961,7962,7963]],"id":"feature_1955"},{"properties":{"zone":10},"type":"Polygon","arcs":[[7964,7965]],"id":"feature_1956"},{"properties":{"zone":8},"type":"Polygon","arcs":[[-8008,-8012,-14648,7966]],"id":"feature_1957"},{"properties":{"zone":8},"type":"Polygon","arcs":[[-7982,-7992]],"id":"feature_1958"},{"properties":{"zone":8},"type":"Polygon","arcs":[[-7993,-7981]],"id":"feature_1959"},{"properties":{"zone":8},"type":"Polygon","arcs":[[-8002,-7973,-7995,-7980,-7985,-7979]],"id":"feature_1960"},{"properties":{"zone":8},"type":"Polygon","arcs":[[-7975,7967,-7997]],"id":"feature_1961"},{"properties":{"zone":8},"type":"Polygon","arcs":[[-7983,-7990,-7989,7988,-7987]],"id":"feature_1962"},{"properties":{"zone":12},"type":"Polygon","arcs":[[7968,-7971,-8006,-7977]],"id":"feature_1963"},{"properties":{"zone":10},"type":"Polygon","arcs":[[7969]],"id":"feature_1964"},{"properties":{"zone":10},"type":"Polygon","arcs":[[7970,7971,-8018,-8017,8016,-8007]],"id":"feature_1965"},{"properties":{"zone":10},"type":"Polygon","arcs":[[7972,-8001,7973,7974,-7996]],"id":"feature_1966"},{"properties":{"zone":10},"type":"Polygon","arcs":[[7975,7976,-8005]],"id":"feature_1967"},{"properties":{"zone":10},"type":"Polygon","arcs":[[7977,-8003,7978,-7984]],"id":"feature_1968"},{"properties":{"zone":9},"type":"Polygon","arcs":[[7979,-7994,7980,7981,-7991,7982,-7986]],"id":"feature_1969"},{"properties":{"zone":5},"type":"Polygon","arcs":[[7983,7984,7985,7986,-7989,7987]],"id":"feature_1970"},{"properties":{"zone":5},"type":"Polygon","arcs":[[7988,7989,7990,7991,7992,7993,7994,7995,7996,7997,-8015,7998,-8021,7999]],"id":"feature_1971"},{"properties":{"zone":5},"type":"Polygon","arcs":[[8000,8001,8002,8003]],"id":"feature_1972"},{"properties":{"zone":5},"type":"Polygon","arcs":[[8004,8005,8006,-8017,-8016,8007,8008,-14643,8009]],"id":"feature_1973"},{"properties":{"zone":5},"type":"Polygon","arcs":[[-14650,8010,8011,-8020,8012]],"id":"feature_1974"},{"properties":{"zone":3},"type":"Polygon","arcs":[[8013,8014]],"id":"feature_1975"},{"properties":{"zone":3},"type":"Polygon","arcs":[[8015,8016,8017,8018,8019]],"id":"feature_1976"},{"properties":{"zone":3},"type":"Polygon","arcs":[[8020,8021]],"id":"feature_1977"},{"properties":{"zone":10},"type":"Polygon","arcs":[[-8030,8022]],"id":"feature_1978"},{"properties":{"zone":3},"type":"Polygon","arcs":[[-8027,8023,-8037,8024,-8035]],"id":"feature_1979"},{"properties":{"zone":4},"type":"Polygon","arcs":[[8025,-8032,-8047,8026,-8034]],"id":"feature_1980"},{"properties":{"zone":5},"type":"Polygon","arcs":[[8027,-8041,8028,8029]],"id":"feature_1981"},{"properties":{"zone":8},"type":"Polygon","arcs":[[8057]],"id":"feature_1982"},{"properties":{"zone":2},"type":"Polygon","arcs":[[8043]],"id":"feature_1983"},{"properties":{"zone":1},"type":"Polygon","arcs":[[-8049,-8043]],"id":"feature_1984"},{"properties":{"zone":12},"type":"Polygon","arcs":[[-8056,8030]],"id":"feature_1985"},{"properties":{"zone":8},"type":"Polygon","arcs":[[-8064,-8135]],"id":"feature_1986"},{"properties":{"zone":1},"type":"Polygon","arcs":[[8031,8032,8033,8034,8035,8036,8037,-8046,8038,-8130,-8408,8039,8040,8041,-8050,8042,-8048],[8043]],"id":"feature_1987"},{"properties":{"zone":3},"type":"Polygon","arcs":[[8044,8045,8046,8047,8048,8049]],"id":"feature_1988"},{"properties":{"zone":3},"type":"Polygon","arcs":[[8050,-8406,-8054,8051]],"id":"feature_1989"},{"properties":{"zone":5},"type":"Polygon","arcs":[[-8078,8052,8053,-8405]],"id":"feature_1990"},{"properties":{"zone":10},"type":"Polygon","arcs":[[8054,8055,8056,-8138],[8057]],"id":"feature_1991"},{"properties":{"zone":1},"type":"Polygon","arcs":[[-8066,-8059]],"id":"feature_1992"},{"properties":{"zone":1},"type":"Polygon","arcs":[[-8067,8058,-8065,-8133]],"id":"feature_1993"},{"properties":{"zone":3},"type":"Polygon","arcs":[[-8128,-8060]],"id":"feature_1994"},{"properties":{"zone":1},"type":"Polygon","arcs":[[-8129,8059,-8127,-8410]],"id":"feature_1995"},{"properties":{"zone":1},"type":"Polygon","arcs":[[-8140,8060,-8072]],"id":"feature_1996"},{"properties":{"zone":1},"type":"Polygon","arcs":[[8061,-8069]],"id":"feature_1997"},{"properties":{"zone":3},"type":"Polygon","arcs":[[8062,-8136,8063,-8134,8064,8065,8066,-8132]],"id":"feature_1998"},{"properties":{"zone":5},"type":"Polygon","arcs":[[8067,8068,8069,-8079]],"id":"feature_1999"},{"properties":{"zone":4},"type":"Polygon","arcs":[[-8093,-8076]],"id":"feature_2000"},{"properties":{"zone":3},"type":"Polygon","arcs":[[-8142,8070,8071,8072]],"id":"feature_2001"},{"properties":{"zone":5},"type":"Polygon","arcs":[[-8092,8073,-8090,-8414,8074,-8094,8075]],"id":"feature_2002"},{"properties":{"zone":1},"type":"Polygon","arcs":[[-8125,-8096]],"id":"feature_2003"},{"properties":{"zone":3},"type":"Polygon","arcs":[[-8289,8076,8077,-8404]],"id":"feature_2004"},{"properties":{"zone":10},"type":"Polygon","arcs":[[8078,8079]],"id":"feature_2005"},{"properties":{"zone":1},"type":"Polygon","arcs":[[8080,8081,8082,8083,8084,8085,8086,8087,8088,-8284]],"id":"feature_2006"},{"properties":{"zone":3},"type":"Polygon","arcs":[[8089,8090,8091,8092,8093,8094,-8412,-8126,8095,-8124,-8415]],"id":"feature_2007"},{"properties":{"zone":1},"type":"Polygon","arcs":[[-8115,8096]],"id":"feature_2008"},{"properties":{"zone":3},"type":"Polygon","arcs":[[-8402,-8107,-8111,-8290]],"id":"feature_2009"},{"properties":{"zone":3},"type":"Polygon","arcs":[[8097,-8287]],"id":"feature_2010"},{"properties":{"zone":3},"type":"Polygon","arcs":[[-8119,8098,8099,8100,8101,8102,8103,8104,-8163]],"id":"feature_2011"},{"properties":{"zone":8},"type":"Polygon","arcs":[[-8145,-8151,-8108,-8400]],"id":"feature_2012"},{"properties":{"zone":1},"type":"Polygon","arcs":[[-8311,-8106]],"id":"feature_2013"},{"properties":{"zone":2},"type":"Polygon","arcs":[[-8310,-8117,-8312,8105]],"id":"feature_2014"},{"properties":{"zone":5},"type":"Polygon","arcs":[[-8112,8106,-8401,8107,-8150,-8109]],"id":"feature_2015"},{"properties":{"zone":8},"type":"Polygon","arcs":[[-8149,-8147,-8292,-8113,8108]],"id":"feature_2016"},{"properties":{"zone":1},"type":"Polygon","arcs":[[8109,-8120,-8211]],"id":"feature_2017"},{"properties":{"zone":6},"type":"Polygon","arcs":[[8110,8111,8112,-8291]],"id":"feature_2018"},{"properties":{"zone":1},"type":"Polygon","arcs":[[-8191,-8277,-8276]],"id":"feature_2019"},{"properties":{"zone":3},"type":"Polygon","arcs":[[-8144,8113,8114,8115,-8155]],"id":"feature_2020"},{"properties":{"zone":1},"type":"Polygon","arcs":[[-8313,8116]],"id":"feature_2021"},{"properties":{"zone":2},"type":"Polygon","arcs":[[8117,8118,-8162,-8212,8119]],"id":"feature_2022"},{"properties":{"zone":1},"type":"Polygon","arcs":[[-8123,-8159,8120,-8417]],"id":"feature_2023"},{"properties":{"zone":5},"type":"Polygon","arcs":[[-8189,-8222,8121]],"id":"feature_2024"},{"properties":{"zone":5},"type":"Polygon","arcs":[[8122,-8416,8123,8124,8125,-8411,8126,8127,8128,-8409,8129,8130,8131,8132,8133,8134,8135,8136,8137,8138,8139,8140,8141,8142,8143,-8154,-8185,-8160]],"id":"feature_2025"},{"properties":{"zone":3},"type":"Polygon","arcs":[[-8152,8144,-8399,8145,-8297]],"id":"feature_2026"},{"properties":{"zone":8},"type":"Polygon","arcs":[[-8148,-8293,8146]],"id":"feature_2027"},{"properties":{"zone":9},"type":"Polygon","arcs":[[-8183,-8294,8147,8148,8149,8150,8151,-8296]],"id":"feature_2028"},{"properties":{"zone":1},"type":"Polygon","arcs":[[8152,-8397,-8300]],"id":"feature_2029"},{"properties":{"zone":1},"type":"Polygon","arcs":[[-8202,-8186,8153,8154,8155,-8179]],"id":"feature_2030"},{"properties":{"zone":3},"type":"Polygon","arcs":[[8156,-8419,8157,8158,8159,-8184]],"id":"feature_2031"},{"properties":{"zone":5},"type":"Polygon","arcs":[[8160,-8192]],"id":"feature_2032"},{"properties":{"zone":1},"type":"Polygon","arcs":[[8161,8162,8163,8164,8165,8166,8167,8168,8169,8170,8171,8172,8173,8174,8175,8176,-8281,-8180,-8213]],"id":"feature_2033"},{"properties":{"zone":3},"type":"Polygon","arcs":[[8177,-8203,8178]],"id":"feature_2034"},{"properties":{"zone":3},"type":"Polygon","arcs":[[-8280,-8214,8179]],"id":"feature_2035"},{"properties":{"zone":5},"type":"Polygon","arcs":[[8180,8181,-8219,-8187]],"id":"feature_2036"},{"properties":{"zone":8},"type":"Polygon","arcs":[[8182,-8295]],"id":"feature_2037"},{"properties":{"zone":8},"type":"Polygon","arcs":[[-8421,8183,8184,8185,-8201]],"id":"feature_2038"},{"properties":{"zone":3},"type":"Polygon","arcs":[[8186,-8218,-8199,8187]],"id":"feature_2039"},{"properties":{"zone":3},"type":"Polygon","arcs":[[8188,8189,-8223]],"id":"feature_2040"},{"properties":{"zone":3},"type":"Polygon","arcs":[[-8261,-8278,-8277,8276,8190,-8275]],"id":"feature_2041"},{"properties":{"zone":11},"type":"Polygon","arcs":[[8191,8192,-8209,8193]],"id":"feature_2042"},{"properties":{"zone":5},"type":"Polygon","arcs":[[-8225,8194]],"id":"feature_2043"},{"properties":{"zone":3},"type":"Polygon","arcs":[[-8270,-8235]],"id":"feature_2044"},{"properties":{"zone":3},"type":"Polygon","arcs":[[-8216,-8252,-8200]],"id":"feature_2045"},{"properties":{"zone":3},"type":"Polygon","arcs":[[8195,-8197,-8518]],"id":"feature_2046"},{"properties":{"zone":3},"type":"Polygon","arcs":[[-8422,-8205]],"id":"feature_2047"},{"properties":{"zone":8},"type":"Polygon","arcs":[[8196,8197,8198,-8217,8199,-8251,-8243,-8519]],"id":"feature_2048"},{"properties":{"zone":1},"type":"Polygon","arcs":[[-8304,-8207]],"id":"feature_2049"},{"properties":{"zone":5},"type":"Polygon","arcs":[[8200,8201,8202,8203,-8423,8204]],"id":"feature_2050"},{"properties":{"zone":10},"type":"Polygon","arcs":[[-8329,-8267]],"id":"feature_2051"},{"properties":{"zone":4},"type":"Polygon","arcs":[[8205]],"id":"feature_2052"},{"properties":{"zone":3},"type":"Polygon","arcs":[[-8228,-8215]],"id":"feature_2053"},{"properties":{"zone":4},"type":"Polygon","arcs":[[8206,-8303,-8236,-8315,-8305]],"id":"feature_2054"},{"properties":{"zone":5},"type":"Polygon","arcs":[[-8227,8207,8208,8209,8210,8211,8212,8213,-8260,-8229,8214]],"id":"feature_2055"},{"properties":{"zone":6},"type":"Polygon","arcs":[[-8253,8215,8216,8217,8218,8219,8220,8221,8222,8223,8224,8225,8226,8227,8228,-8259,-8501,-8242]],"id":"feature_2056"},{"properties":{"zone":3},"type":"Polygon","arcs":[[-8339,8229,-8268,-8335]],"id":"feature_2057"},{"properties":{"zone":5},"type":"Polygon","arcs":[[-8306,-8322]],"id":"feature_2058"},{"properties":{"zone":3},"type":"Polygon","arcs":[[-8234,-8233,8232,-8232,-8348,-8272]],"id":"feature_2059"},{"properties":{"zone":3},"type":"Polygon","arcs":[[-8340,-8522]],"id":"feature_2060"},{"properties":{"zone":1},"type":"Polygon","arcs":[[8230,-8237,-8349,8231,-8233,8232,8233,-8271,8234]],"id":"feature_2061"},{"properties":{"zone":3},"type":"Polygon","arcs":[[-8244,-8343,-8360]],"id":"feature_2062"},{"properties":{"zone":8},"type":"Polygon","arcs":[[-8357,-8316,8235,-8302]],"id":"feature_2063"},{"properties":{"zone":5},"type":"Polygon","arcs":[[8236,8237,-8326,-8350]],"id":"feature_2064"},{"properties":{"zone":3},"type":"Polygon","arcs":[[8238,8239,8240,-8254,8241,-8510]],"id":"feature_2065"},{"properties":{"zone":9},"type":"Polygon","arcs":[[-8341,-8520,8242,-8250]],"id":"feature_2066"},{"properties":{"zone":1},"type":"Polygon","arcs":[[-8395,-8327,-8344,8243,-8359,-8301]],"id":"feature_2067"},{"properties":{"zone":3},"type":"Polygon","arcs":[[8244,8245,8246,-8248,-8258]],"id":"feature_2068"},{"properties":{"zone":5},"type":"Polygon","arcs":[[8247,8248,-8368,-8342,8249,8250,8251,8252,8253,8254,8255,8256,8257]],"id":"feature_2069"},{"properties":{"zone":8},"type":"Polygon","arcs":[[-8502,8258,8259,-8279,8260,-8274,-8262]],"id":"feature_2070"},{"properties":{"zone":9},"type":"Polygon","arcs":[[-8273,-8356,-8450,-8323,-8503,8261]],"id":"feature_2071"},{"properties":{"zone":5},"type":"Polygon","arcs":[[8262,8263,8264,8265,-8330,8266,-8328,8267,8268,8269,8270,8271,-8347,8272,8273,8274,8275,8276,8277,8278,8279,8280,8281,8282,8283,8284,8285,8286,8287,8288,-8403,8289,8290,8291,8292,8293,8294,8295,8296,8297,-8398,8298,8299,-8396,8300,-8358,8301,8302,8303,8304,-8314,8305,-8321,-8320,8306,8307],[8308],[8309,8310,8311,8312]],"id":"feature_2072"},{"properties":{"zone":9},"type":"Polygon","arcs":[[8313,8314,8315,-8365,-8364,8316,8317,8318,8319,8320,8321]],"id":"feature_2073"},{"properties":{"zone":8},"type":"Polygon","arcs":[[-8504,8322,-8449,8323]],"id":"feature_2074"},{"properties":{"zone":1},"type":"Polygon","arcs":[[8324,-8337,-8351,8325]],"id":"feature_2075"},{"properties":{"zone":3},"type":"Polygon","arcs":[[-8394,-8345,8326]],"id":"feature_2076"},{"properties":{"zone":4},"type":"Polygon","arcs":[[8327,8328,8329,8330,8331,8332,8333,-8336,8334]],"id":"feature_2077"},{"properties":{"zone":5},"type":"Polygon","arcs":[[8335,-8352,8336,8337,8338]],"id":"feature_2078"},{"properties":{"zone":8},"type":"Polygon","arcs":[[-8459,-8523,8339,-8521,8340,8341,-8373,-8525]],"id":"feature_2079"},{"properties":{"zone":3},"type":"Polygon","arcs":[[-8355,-8452]],"id":"feature_2080"},{"properties":{"zone":5},"type":"Polygon","arcs":[[-8361,8342,8343,8344,-8393,8345,-8375]],"id":"feature_2081"},{"properties":{"zone":6},"type":"Polygon","arcs":[[8346,8347,8348,8349,8350,8351,8352,8353,-8468,-8430,-8466,-8453,8354,-8451,8355]],"id":"feature_2082"},{"properties":{"zone":5},"type":"Polygon","arcs":[[-8366,8356,8357,8358,8359,8360,-8374,-8379,8361]],"id":"feature_2083"},{"properties":{"zone":5},"type":"Polygon","arcs":[[8362,8363,8364,8365,8366]],"id":"feature_2084"},{"properties":{"zone":3},"type":"Polygon","arcs":[[8367,8368,8369,8370,8371,-8526,8372]],"id":"feature_2085"},{"properties":{"zone":3},"type":"Polygon","arcs":[[8373,8374,8375,-8391,-8380]],"id":"feature_2086"},{"properties":{"zone":5},"type":"Polygon","arcs":[[-8390,-8552,8376,-8550,8377,8378,8379]],"id":"feature_2087"},{"properties":{"zone":3},"type":"Polygon","arcs":[[8380,8381,8382,8383,8384,8385,8386,8387,-8458]],"id":"feature_2088"},{"properties":{"zone":3},"type":"Polygon","arcs":[[8388,-8506]],"id":"feature_2089"},{"properties":{"zone":3},"type":"Polygon","arcs":[[8536]],"id":"feature_2090"},{"properties":{"zone":7},"type":"Polygon","arcs":[[-8553,8389,8390,8391,8392,8393,8394,8395,8396,8397,8398,8399,8400,8401,8402,8403,8404,8405,8406,8407,8408,8409,8410,8411,8412,8413,8414,8415,8416,8417,8418,8419,8420,8421,8422,8423,8424,8425,8426,8427,-8555,8428]],"id":"feature_2091"},{"properties":{"zone":2},"type":"Polygon","arcs":[[8429,-8467]],"id":"feature_2092"},{"properties":{"zone":3},"type":"Polygon","arcs":[[8430,8431,8432,8433,8434,8435,-8508,8436,8437,8438,8439,8440,8441,8442]],"id":"feature_2093"},{"properties":{"zone":5},"type":"Polygon","arcs":[[8443,8444,8445,8446,8447,8448,8449,8450,8451,8452,-8465,-8464,8453,8454,8455,8456,8457]],"id":"feature_2094"},{"properties":{"zone":3},"type":"Polygon","arcs":[[8458,-8524]],"id":"feature_2095"},{"properties":{"zone":1},"type":"Polygon","arcs":[[8459,8460,8461,8462,-8464,8463,8464,8465,8466,8467,8468,8469,8470,8471,8472,8473,8474,8475,8476,8477,8478,8479,8480,8481,8482,8483,8484,8485,8486,8487,8488,8489,8490,8491,8492,8493,8494,8495,8496,8497,8498,8499]],"id":"feature_2096"},{"properties":{"zone":5},"type":"Polygon","arcs":[[8500,8501,8502,8503,8504,8505,8506,8507,8508,8509]],"id":"feature_2097"},{"properties":{"zone":3},"type":"Polygon","arcs":[[8510,8511,-8530,8512]],"id":"feature_2098"},{"properties":{"zone":10},"type":"Polygon","arcs":[[-8535,-8540]],"id":"feature_2099"},{"properties":{"zone":5},"type":"Polygon","arcs":[[8513,-11123,8514,8515,8516,8517,8518,8519,8520,8521,8522,8523,8524,8525,8526,8527,8528,8529,8530,8531,8532,8533,-8541,8534,-8548,-8539,8535,-11125],[8536]],"id":"feature_2100"},{"properties":{"zone":10},"type":"Polygon","arcs":[[8537,8538,-8547]],"id":"feature_2101"},{"properties":{"zone":11},"type":"Polygon","arcs":[[8539,8540,8541,8542,8543,8544,8545,8546,8547]],"id":"feature_2102"},{"properties":{"zone":10},"type":"Polygon","arcs":[[8548,8549,8550,8551,8552,8553,8554]],"id":"feature_2103"},{"properties":{"zone":1},"type":"Polygon","arcs":[[-8584,8555,8556,8557,8558,8559,8560,8561,8562,8563,8564,8565,8566,8567,8568,-8570,-8580]],"id":"feature_2104"},{"properties":{"zone":5},"type":"Polygon","arcs":[[-8581,8569,8570,8571,8572,8573,-8646]],"id":"feature_2105"},{"properties":{"zone":1},"type":"Polygon","arcs":[[8574,-12504,8575,-12502,8576,-12500,8577,-12498,8578,-8631,-8637,-8639,-8645]],"id":"feature_2106"},{"properties":{"zone":2},"type":"Polygon","arcs":[[-8585,8579,8580,-8649,8581,-8622,8582]],"id":"feature_2107"},{"properties":{"zone":5},"type":"Polygon","arcs":[[8583,8584,8585,8586,8587,8588,8589,8590,8591,8592,8593,8594,8595]],"id":"feature_2108"},{"properties":{"zone":1},"type":"Polygon","arcs":[[-8642,8596,-12462,8597,-12460]],"id":"feature_2109"},{"properties":{"zone":1},"type":"Polygon","arcs":[[8598,8599,8600,8601,8602,8603,8604,8605,8606,8607,8608,8609,8610,8611,8612,8613,8614,8615,8616,8617,8618,8619,8620,8621,8622,-8634,8623,-12494,8624,-12492,8625,8626,8627,8628,8629]],"id":"feature_2110"},{"properties":{"zone":5},"type":"Polygon","arcs":[[-8636,8630,8631,-12496,8632,8633,8634,-8653]],"id":"feature_2111"},{"properties":{"zone":8},"type":"Polygon","arcs":[[8635,-8652,-8638,8636]],"id":"feature_2112"},{"properties":{"zone":6},"type":"Polygon","arcs":[[8637,-8651,-8640,8638]],"id":"feature_2113"},{"properties":{"zone":5},"type":"Polygon","arcs":[[8639,-8650,8640,8641,-12369,8642,-12367,8643,8644]],"id":"feature_2114"},{"properties":{"zone":1},"type":"Polygon","arcs":[[8645,8646,-8734,8647,8648]],"id":"feature_2115"},{"properties":{"zone":1},"type":"Polygon","arcs":[[8649,8650,8651,8652,8653]],"id":"feature_2116"},{"properties":{"zone":1},"type":"Polygon","arcs":[[8654,-8732]],"id":"feature_2117"},{"properties":{"zone":1},"type":"Polygon","arcs":[[-8659,-8661,-8726,8655]],"id":"feature_2118"},{"properties":{"zone":1},"type":"Polygon","arcs":[[-8675,-8674,8673,-8673,8656,-8724]],"id":"feature_2119"},{"properties":{"zone":1},"type":"Polygon","arcs":[[-8739,8657,-8679,-8684]],"id":"feature_2120"},{"properties":{"zone":1},"type":"Polygon","arcs":[[8658,8659,-8730,-8683,-8728,-8662]],"id":"feature_2121"},{"properties":{"zone":1},"type":"Polygon","arcs":[[8660,8661,-8727]],"id":"feature_2122"},{"properties":{"zone":1},"type":"Polygon","arcs":[[8662,-8677,8663,8664,8665,8666,8667,8668,8669,8670]],"id":"feature_2123"},{"properties":{"zone":1},"type":"Polygon","arcs":[[-8682,8690,-8690,-8681,8671,8672,-8674,8673,8674,-8723]],"id":"feature_2124"},{"properties":{"zone":5},"type":"Polygon","arcs":[[8675,8676,8677,-8706,-8685,8678]],"id":"feature_2125"},{"properties":{"zone":1},"type":"Polygon","arcs":[[-8689,8679,8680]],"id":"feature_2126"},{"properties":{"zone":1},"type":"Polygon","arcs":[[8681,-8761,-8692,-8691]],"id":"feature_2127"},{"properties":{"zone":1},"type":"Polygon","arcs":[[8682,-8729]],"id":"feature_2128"},{"properties":{"zone":1},"type":"Polygon","arcs":[[-8759,-8686]],"id":"feature_2129"},{"properties":{"zone":4},"type":"Polygon","arcs":[[8683,8684,-8705,-8740]],"id":"feature_2130"},{"properties":{"zone":1},"type":"Polygon","arcs":[[8685,-8758,8686,-8694,8687,8688,8689,-8691,8690,8691,-8760]],"id":"feature_2131"},{"properties":{"zone":1},"type":"Polygon","arcs":[[-8754,-8697]],"id":"feature_2132"},{"properties":{"zone":5},"type":"Polygon","arcs":[[8692,8693]],"id":"feature_2133"},{"properties":{"zone":12},"type":"Polygon","arcs":[[8694,-8712]],"id":"feature_2134"},{"properties":{"zone":1},"type":"Polygon","arcs":[[-8698,-8752]],"id":"feature_2135"},{"properties":{"zone":1},"type":"Polygon","arcs":[[-8704,-8847,8695]],"id":"feature_2136"},{"properties":{"zone":8},"type":"Polygon","arcs":[[-8755,8696,-8753,8697,-8751,-8824,-8750,-8714]],"id":"feature_2137"},{"properties":{"zone":1},"type":"Polygon","arcs":[[8698,-10732,8699,-10730,8700,-10728,8701,10725,-8742,-8710]],"id":"feature_2138"},{"properties":{"zone":5},"type":"Polygon","arcs":[[8702,-8765,-8848,8703]],"id":"feature_2139"},{"properties":{"zone":3},"type":"Polygon","arcs":[[-8741,8704,8705,8706,-8778,-10740,8707,-10738,8708,8709]],"id":"feature_2140"},{"properties":{"zone":10},"type":"Polygon","arcs":[[8710,8711,8712,-8763]],"id":"feature_2141"},{"properties":{"zone":1},"type":"Polygon","arcs":[[-8756,8713,-8749,8714,-8772]],"id":"feature_2142"},{"properties":{"zone":3},"type":"Polygon","arcs":[[8715,8716,8717,8718,8719,8720,8721,-8783]],"id":"feature_2143"},{"properties":{"zone":5},"type":"Polygon","arcs":[[8722,8723,8724,8725,8726,8727,8728,8729,8730,8731,8732,8733,8734,8735,8736,8737,8738,8739,8740,8741,-10726,8742,-8845,8743,-10602,8744,-10600,8745,-10598,-8878,-8860,-8889,-8888,8887,-8887,-8893,-8925,-8912,-8923,-8952,-8906,-8908,-8907,-8954,-8956,-9300,-8959,-8950,-9295,-8931,-8920,8746,-8871,-8839,-8832,-8837,8747,8748,8749,-8825,8750,8751,8752,8753,8754,8755,-8775,8756,8757,8758,8759,8760],[-8873,-8905]],"id":"feature_2144"},{"properties":{"zone":8},"type":"Polygon","arcs":[[8761,8762,8763,-8770,-8767]],"id":"feature_2145"},{"properties":{"zone":1},"type":"Polygon","arcs":[[-8826,-8828,-8849,8764,8765]],"id":"feature_2146"},{"properties":{"zone":12},"type":"Polygon","arcs":[[8766,-8769,8767]],"id":"feature_2147"},{"properties":{"zone":11},"type":"Polygon","arcs":[[8768,8769,8770]],"id":"feature_2148"},{"properties":{"zone":6},"type":"Polygon","arcs":[[-8806,-8805]],"id":"feature_2149"},{"properties":{"zone":1},"type":"Polygon","arcs":[[8771,8772,-8830,8773,8774]],"id":"feature_2150"},{"properties":{"zone":5},"type":"Polygon","arcs":[[8775,-10724,8776,8777,8778,8779,8780,8781,8782,8783,8784,8785,8786,8787,8788,8789,8790,8791,8792,-10590,8793,-10588,8794,-10586,8795,-10584,8796,-10582,8797,-10580,8798,-10578,8799,-10576,8800,-10574,8801,-10572,8802,-10570,8803,-10568,-8807,8804,-8823]],"id":"feature_2151"},{"properties":{"zone":3},"type":"Polygon","arcs":[[8805,8806,-10567,8807,-10663,8808,-10661,8809,-10659,8810,-10657,8811,-10655,8812,-10653,8813,-10651,8814,-10649,8815,-10647,8816,-10645,8817,-10643,8818,-10641,8819,-10639,8820,-10637,8821,-10635,8822]],"id":"feature_2152"},{"properties":{"zone":1},"type":"Polygon","arcs":[[8823,8824]],"id":"feature_2153"},{"properties":{"zone":3},"type":"Polygon","arcs":[[8825,-8829]],"id":"feature_2154"},{"properties":{"zone":5},"type":"Polygon","arcs":[[8826,-8834,-8850,8827,8828]],"id":"feature_2155"},{"properties":{"zone":5},"type":"Polygon","arcs":[[8829,8830]],"id":"feature_2156"},{"properties":{"zone":8},"type":"Polygon","arcs":[[8831,-8838]],"id":"feature_2157"},{"properties":{"zone":3},"type":"Polygon","arcs":[[8832,-8856,-8835,-8854,-8851,8833]],"id":"feature_2158"},{"properties":{"zone":8},"type":"Polygon","arcs":[[-8855,8834]],"id":"feature_2159"},{"properties":{"zone":3},"type":"Polygon","arcs":[[-8870,8835,8836,8837,8838]],"id":"feature_2160"},{"properties":{"zone":1},"type":"Polygon","arcs":[[8839,-10716,8840,-10672,8841,-10670,8842,-10668,8843,-10666,8844]],"id":"feature_2161"},{"properties":{"zone":7},"type":"Polygon","arcs":[[-8875,-8853,-8865,8845,8846,8847,8848,8849,8850,-8858,-8892,8851,-8899,-8867]],"id":"feature_2162"},{"properties":{"zone":3},"type":"Polygon","arcs":[[-8866,8852,-8874]],"id":"feature_2163"},{"properties":{"zone":8},"type":"Polygon","arcs":[[8868]],"id":"feature_2164"},{"properties":{"zone":1},"type":"Polygon","arcs":[[8853,8854,8855,8856,-8890,8857],[8858]],"id":"feature_2165"},{"properties":{"zone":3},"type":"Polygon","arcs":[[8858]],"id":"feature_2166"},{"properties":{"zone":8},"type":"Polygon","arcs":[[-8877,-8885,8859]],"id":"feature_2167"},{"properties":{"zone":5},"type":"Polygon","arcs":[[8860,-8903,8861,-8910,8862,-8898,8863,8864,8865,-8876,8866,-8901,8867,-8884],[8868]],"id":"feature_2168"},{"properties":{"zone":1},"type":"Polygon","arcs":[[8869,8870,8871]],"id":"feature_2169"},{"properties":{"zone":1},"type":"Polygon","arcs":[[-8904,8872]],"id":"feature_2170"},{"properties":{"zone":1},"type":"Polygon","arcs":[[8873,8874,8875]],"id":"feature_2171"},{"properties":{"zone":9},"type":"Polygon","arcs":[[-8882,8876,8877,8878,-10596,8879,-10594,8880,-10559,-8927,-8896]],"id":"feature_2172"},{"properties":{"zone":8},"type":"Polygon","arcs":[[8881,-8895,-8886]],"id":"feature_2173"},{"properties":{"zone":1},"type":"Polygon","arcs":[[8882,8883]],"id":"feature_2174"},{"properties":{"zone":6},"type":"Polygon","arcs":[[8884,8885,-8894,8886,-8888,8887,8888]],"id":"feature_2175"},{"properties":{"zone":5},"type":"Polygon","arcs":[[8889,8890,8891]],"id":"feature_2176"},{"properties":{"zone":8},"type":"Polygon","arcs":[[8892,8893,8894,8895,-8926]],"id":"feature_2177"},{"properties":{"zone":1},"type":"Polygon","arcs":[[8896,8897]],"id":"feature_2178"},{"properties":{"zone":1},"type":"Polygon","arcs":[[8898,8899,8900]],"id":"feature_2179"},{"properties":{"zone":1},"type":"Polygon","arcs":[[8901,8902]],"id":"feature_2180"},{"properties":{"zone":3},"type":"Polygon","arcs":[[8903,8904]],"id":"feature_2181"},{"properties":{"zone":1},"type":"Polygon","arcs":[[-8909,8905,-8951,8906]],"id":"feature_2182"},{"properties":{"zone":3},"type":"Polygon","arcs":[[8907,8908]],"id":"feature_2183"},{"properties":{"zone":1},"type":"Polygon","arcs":[[8909,8910]],"id":"feature_2184"},{"properties":{"zone":10},"type":"Polygon","arcs":[[-8924,8911]],"id":"feature_2185"},{"properties":{"zone":1},"type":"Polygon","arcs":[[-8929,-10556,-10547,8912,-10526,8913,-10524,8914,-10522,8915,-10520,8916,-10518,8917,-10516,8918,-8949,-9081]],"id":"feature_2186"},{"properties":{"zone":1},"type":"Polygon","arcs":[[8919,-8932,-9437,-8958,8920]],"id":"feature_2187"},{"properties":{"zone":7},"type":"Polygon","arcs":[[8921,9285,-8965,-8953,8922,8923,8924,8925,8926,-10558,8927,8928,-9080,-8930,-9076,-8966,-9107]],"id":"feature_2188"},{"properties":{"zone":1},"type":"Polygon","arcs":[[8929,-9079,-8962,-9077]],"id":"feature_2189"},{"properties":{"zone":8},"type":"Polygon","arcs":[[8930,-9294,-9438,8931]],"id":"feature_2190"},{"properties":{"zone":10},"type":"Polygon","arcs":[[8932,-10514,8933,-10512,8934,-10510,8935,-10508,8936,-10506,8937,-10504,8938,-10502,8939,-10490,8940,-10488,8941,-10486,8942,-10484,8943,-10482,8944,-10480,8945,-10478,8946,-10476,8947,-10474,-9082,8948]],"id":"feature_2191"},{"properties":{"zone":3},"type":"Polygon","arcs":[[-8960,-9296,8949]],"id":"feature_2192"},{"properties":{"zone":6},"type":"Polygon","arcs":[[8950,8951,8952,-8964,-8955,8953]],"id":"feature_2193"},{"properties":{"zone":8},"type":"Polygon","arcs":[[8954,-8963,-9301,8955]],"id":"feature_2194"},{"properties":{"zone":7},"type":"Polygon","arcs":[[-9453,-8968,8956,8957]],"id":"feature_2195"},{"properties":{"zone":8},"type":"Polygon","arcs":[[8958,-9299,-8961,-9297,8959]],"id":"feature_2196"},{"properties":{"zone":5},"type":"Polygon","arcs":[[-9298,8960]],"id":"feature_2197"},{"properties":{"zone":3},"type":"Polygon","arcs":[[-9078,8961]],"id":"feature_2198"},{"properties":{"zone":5},"type":"Polygon","arcs":[[-9285,-8967,-9302,8962,8963,8964,-9286]],"id":"feature_2199"},{"properties":{"zone":1},"type":"Polygon","arcs":[[-9075,-8970,-9072,8965]],"id":"feature_2200"},{"properties":{"zone":8},"type":"Polygon","arcs":[[8966,-9303]],"id":"feature_2201"},{"properties":{"zone":1},"type":"Polygon","arcs":[[8967,-9409,8968]],"id":"feature_2202"},{"properties":{"zone":3},"type":"Polygon","arcs":[[-9074,-9135,-9073,8969]],"id":"feature_2203"},{"properties":{"zone":1},"type":"Polygon","arcs":[[-8975,8970,-10759,8971,-10757,8972,-10755]],"id":"feature_2204"},{"properties":{"zone":5},"type":"Polygon","arcs":[[-8995,8973,8974,8975,-10420,8976,-10418,8977,-9002,8978]],"id":"feature_2205"},{"properties":{"zone":1},"type":"Polygon","arcs":[[-9003,-10929,8979,-10927,8980,-10925,8981,-10923,8982,-10921,8983,-10919,8984,-10778,8985,-10776,8986,-10774,8987,-10772,8988,-10770,8989,-10768,8990,-10766,8991,-10764,8992,-10762,8993,8994,8995]],"id":"feature_2206"},{"properties":{"zone":1},"type":"Polygon","arcs":[[-10748,8996,-10746,8997,-10744,8998,-10742,8999,-9010,9000,9001]],"id":"feature_2207"},{"properties":{"zone":6},"type":"Polygon","arcs":[[9006]],"id":"feature_2208"},{"properties":{"zone":5},"type":"Polygon","arcs":[[9002,9003,-10934,9004,-10932,9005,-10930],[9006]],"id":"feature_2209"},{"properties":{"zone":5},"type":"Polygon","arcs":[[9007,-9018,-9030,9008,9009]],"id":"feature_2210"},{"properties":{"zone":1},"type":"Polygon","arcs":[[-10895,9010,-10893,-9094,9011,-9013]],"id":"feature_2211"},{"properties":{"zone":5},"type":"Polygon","arcs":[[-10896,9012,9013,-9017]],"id":"feature_2212"},{"properties":{"zone":1},"type":"Polygon","arcs":[[9014,-10898,9015,9016]],"id":"feature_2213"},{"properties":{"zone":10},"type":"Polygon","arcs":[[-9025,-9031,9017,9018,-9052]],"id":"feature_2214"},{"properties":{"zone":1},"type":"Polygon","arcs":[[-9096,9019]],"id":"feature_2215"},{"properties":{"zone":1},"type":"Polygon","arcs":[[-9130,9020,-9028]],"id":"feature_2216"},{"properties":{"zone":8},"type":"Polygon","arcs":[[-9022,-9103]],"id":"feature_2217"},{"properties":{"zone":8},"type":"Polygon","arcs":[[9021,-9102,9022,-10881,9023,-10879,-10878,-9043,-9104]],"id":"feature_2218"},{"properties":{"zone":11},"type":"Polygon","arcs":[[-9032,9024,-9057]],"id":"feature_2219"},{"properties":{"zone":10},"type":"Polygon","arcs":[[9025,-9054,9026,-9110]],"id":"feature_2220"},{"properties":{"zone":6},"type":"Polygon","arcs":[[-9131,9027,9028,9029,9030,9031,-9042,-9058,-9205,-9122,-9138,-9119,-9068]],"id":"feature_2221"},{"properties":{"zone":10},"type":"Polygon","arcs":[[-9168,9032,-11002,9033,-10815,9034,-10813,9035,-10811,-9038,-9061]],"id":"feature_2222"},{"properties":{"zone":12},"type":"Polygon","arcs":[[-9067,9036,-9062,9037,9038,-10809,9039,-10807,9040,-9128]],"id":"feature_2223"},{"properties":{"zone":5},"type":"Polygon","arcs":[[9041,-9056,-9059]],"id":"feature_2224"},{"properties":{"zone":1},"type":"Polygon","arcs":[[9042,10877,-10878,9043,-10876,9044,-10874,9045,-10872,9046,-10870,9047,-10868,9048,-10866,9049,-10864,9050,-9105]],"id":"feature_2225"},{"properties":{"zone":12},"type":"Polygon","arcs":[[9051,9052,9053,9054,-9108,-9121,-9207,-9060,9055,9056]],"id":"feature_2226"},{"properties":{"zone":1},"type":"Polygon","arcs":[[9057,9058,9059,-9206]],"id":"feature_2227"},{"properties":{"zone":11},"type":"Polygon","arcs":[[-9069,-9169,9060,9061,9062,-9065,9063,-9115,-9114,9113,-9113]],"id":"feature_2228"},{"properties":{"zone":7},"type":"Polygon","arcs":[[-9126,9125,-9071,9064,9065,9066,-9127]],"id":"feature_2229"},{"properties":{"zone":11},"type":"Polygon","arcs":[[9067,-9118,-9132]],"id":"feature_2230"},{"properties":{"zone":1},"type":"Polygon","arcs":[[-9170,9068,-9112,-9184]],"id":"feature_2231"},{"properties":{"zone":1},"type":"Polygon","arcs":[[-9125,-9117,9069,9070,-9126]],"id":"feature_2232"},{"properties":{"zone":5},"type":"Polygon","arcs":[[9071,9072,-9134,9073,9074,9075,9076,9077,9078,9079,9080,9081,9082,-10472,9083,-10470,9084,-10468,-10467,-10466,9085,-10464,9086,-10459,9087,-10457,9088,-10455,9089,-10453,-10450,9090,-10448,9091,-10446,9092,9093,-10892,9094,9095,9096,-10890,9097,-10888,9098,-10886,9099,-10884,9100,9101,9102,9103,9104,9105,-9176,-9192,-9226,-9288,9106]],"id":"feature_2233"},{"properties":{"zone":11},"type":"Polygon","arcs":[[-9136,-9211,-9151,-9209,-9120,9107,9108,9109,9110]],"id":"feature_2234"},{"properties":{"zone":12},"type":"Polygon","arcs":[[-9146,-9123,-9185,9111,9112,-9114,9113,9114,9115,9116,-9124]],"id":"feature_2235"},{"properties":{"zone":7},"type":"Polygon","arcs":[[-9133,9117,9118,-9143]],"id":"feature_2236"},{"properties":{"zone":1},"type":"Polygon","arcs":[[9119,-9208,9120]],"id":"feature_2237"},{"properties":{"zone":8},"type":"Polygon","arcs":[[9121,-9204,-9149,-9139]],"id":"feature_2238"},{"properties":{"zone":5},"type":"Polygon","arcs":[[-9148,-9202,-9186,9122,-9145,-9144,9123,9124,9125,9126,9127,9128,9129,9130,9131,9132,-9142,-9140,-9154]],"id":"feature_2239"},{"properties":{"zone":1},"type":"Polygon","arcs":[[9133,9134]],"id":"feature_2240"},{"properties":{"zone":5},"type":"Polygon","arcs":[[-9158,-9175,-9189,-9180,-9150,-9178,-9195,9135,9136,-9155]],"id":"feature_2241"},{"properties":{"zone":9},"type":"Polygon","arcs":[[9137,9138,-9152,9139,-9141]],"id":"feature_2242"},{"properties":{"zone":8},"type":"Polygon","arcs":[[9140,9141,9142]],"id":"feature_2243"},{"properties":{"zone":4},"type":"Polygon","arcs":[[9143,-9147]],"id":"feature_2244"},{"properties":{"zone":3},"type":"Polygon","arcs":[[9144,9145,9146]],"id":"feature_2245"},{"properties":{"zone":6},"type":"Polygon","arcs":[[9147,-9153,9148,-9203]],"id":"feature_2246"},{"properties":{"zone":1},"type":"Polygon","arcs":[[-9179,9149]],"id":"feature_2247"},{"properties":{"zone":1},"type":"Polygon","arcs":[[-9210,9150]],"id":"feature_2248"},{"properties":{"zone":8},"type":"Polygon","arcs":[[9151,9152,9153]],"id":"feature_2249"},{"properties":{"zone":1},"type":"Polygon","arcs":[[9154,9155,-9159]],"id":"feature_2250"},{"properties":{"zone":1},"type":"Polygon","arcs":[[-9272,-9197]],"id":"feature_2251"},{"properties":{"zone":12},"type":"Polygon","arcs":[[-9182,-9171]],"id":"feature_2252"},{"properties":{"zone":2},"type":"Polygon","arcs":[[9156,-9173,9157,9158]],"id":"feature_2253"},{"properties":{"zone":5},"type":"Polygon","arcs":[[9159,-10916,9160,-10914,9161,-10912,9162,-10910,9163,-10908,9164,-10906,9165,-10904,9166,-11004,9167,9168,9169,-9183,9170,-9181,-9200,9171,-9215]],"id":"feature_2254"},{"properties":{"zone":1},"type":"Polygon","arcs":[[9172,9173,-9190,9174]],"id":"feature_2255"},{"properties":{"zone":1},"type":"Polygon","arcs":[[-9198,-9270]],"id":"feature_2256"},{"properties":{"zone":1},"type":"Polygon","arcs":[[-9241,-9193,9175,9176,-9220,-9225]],"id":"feature_2257"},{"properties":{"zone":8},"type":"Polygon","arcs":[[-9191,-9274,-9196,9177,9178,9179,-9188]],"id":"feature_2258"},{"properties":{"zone":11},"type":"Polygon","arcs":[[-9201,9180,9181,9182,9183,9184,9185]],"id":"feature_2259"},{"properties":{"zone":5},"type":"Polygon","arcs":[[9193]],"id":"feature_2260"},{"properties":{"zone":7},"type":"Polygon","arcs":[[9186,-9276,9187,9188,9189]],"id":"feature_2261"},{"properties":{"zone":8},"type":"Polygon","arcs":[[9190,-9275]],"id":"feature_2262"},{"properties":{"zone":1},"type":"Polygon","arcs":[[9276]],"id":"feature_2263"},{"properties":{"zone":1},"type":"Polygon","arcs":[[-9212,-9281]],"id":"feature_2264"},{"properties":{"zone":3},"type":"Polygon","arcs":[[-9240,-9217,9191,9192],[9193]],"id":"feature_2265"},{"properties":{"zone":7},"type":"Polygon","arcs":[[9194,9195,-9273,9196,-9271,9197,-9269,-9216,-9218,-9236,-9231,-9264,-9232,-9320,9198,9199,9200,9201,9202,9203,9204,9205,9206,9207,9208,9209,9210]],"id":"feature_2266"},{"properties":{"zone":2},"type":"Polygon","arcs":[[-9278,9211,-9280,-9213]],"id":"feature_2267"},{"properties":{"zone":1},"type":"Polygon","arcs":[[9212,-9279]],"id":"feature_2268"},{"properties":{"zone":1},"type":"Polygon","arcs":[[9213,9214]],"id":"feature_2269"},{"properties":{"zone":10},"type":"Polygon","arcs":[[-9268,-9252,-9219,9215]],"id":"feature_2270"},{"properties":{"zone":4},"type":"Polygon","arcs":[[-9229,-9227,9216]],"id":"feature_2271"},{"properties":{"zone":5},"type":"Polygon","arcs":[[-9249,-9222,-9247,-9230,-9237,9217,9218,-9256]],"id":"feature_2272"},{"properties":{"zone":5},"type":"Polygon","arcs":[[9219,9220,-9223]],"id":"feature_2273"},{"properties":{"zone":1},"type":"Polygon","arcs":[[-9234,-9260]],"id":"feature_2274"},{"properties":{"zone":1},"type":"Polygon","arcs":[[9221,-9248]],"id":"feature_2275"},{"properties":{"zone":1},"type":"Polygon","arcs":[[9222,9223,-9242,9224]],"id":"feature_2276"},{"properties":{"zone":8},"type":"Polygon","arcs":[[-9289,9225,9226,-9228]],"id":"feature_2277"},{"properties":{"zone":8},"type":"Polygon","arcs":[[-9290,9227,9228,-9244]],"id":"feature_2278"},{"properties":{"zone":4},"type":"Polygon","arcs":[[9229,-9246,-9238]],"id":"feature_2279"},{"properties":{"zone":3},"type":"Polygon","arcs":[[9230,-9239,-9265]],"id":"feature_2280"},{"properties":{"zone":5},"type":"Polygon","arcs":[[9234]],"id":"feature_2281"},{"properties":{"zone":6},"type":"Polygon","arcs":[[-9263,-9317,-9257,-9321,9231]],"id":"feature_2282"},{"properties":{"zone":1},"type":"Polygon","arcs":[[9232,-9314,-9261,9233,-9259],[9234]],"id":"feature_2283"},{"properties":{"zone":1},"type":"Polygon","arcs":[[9235,9236,9237,-9245,-9284,-9250,-9326,-9266,9238]],"id":"feature_2284"},{"properties":{"zone":9},"type":"Polygon","arcs":[[9303]],"id":"feature_2285"},{"properties":{"zone":5},"type":"Polygon","arcs":[[9239,9240,9241,9242,-9459,-9311,-9291,9243]],"id":"feature_2286"},{"properties":{"zone":3},"type":"Polygon","arcs":[[-9283,9244,9245,9246,9247,9248,-9255,-9251,-9253,-9327,9249]],"id":"feature_2287"},{"properties":{"zone":9},"type":"Polygon","arcs":[[-9309,-9308,-9292]],"id":"feature_2288"},{"properties":{"zone":8},"type":"Polygon","arcs":[[-9254,9250]],"id":"feature_2289"},{"properties":{"zone":1},"type":"Polygon","arcs":[[9251,-9267,-9462,9252,9253,9254,9255]],"id":"feature_2290"},{"properties":{"zone":3},"type":"Polygon","arcs":[[9256,-9316]],"id":"feature_2291"},{"properties":{"zone":9},"type":"Polygon","arcs":[[-9306,-9282]],"id":"feature_2292"},{"properties":{"zone":5},"type":"Polygon","arcs":[[9257,9258,9259,9260,-9313,9261,-9346,-9344,-9415,-9421,-9318,9262,9263,9264,9265,-9325,-9463,9266,9267,9268,9269,9270,9271,9272,9273,9274,9275],[9276],[9277,9278,9279,9280]],"id":"feature_2293"},{"properties":{"zone":9},"type":"Polygon","arcs":[[9281,-9305]],"id":"feature_2294"},{"properties":{"zone":4},"type":"Polygon","arcs":[[9282,9283]],"id":"feature_2295"},{"properties":{"zone":9},"type":"Polygon","arcs":[[9284,9285,9286,9287,9288,9289,9290,-9310,9291,9307,9292,-9442,-9324,-9439,9293,9294,9295,9296,9297,9298,9299,9300,9301,9302],[9303],[9304,9305]],"id":"feature_2296"},{"properties":{"zone":8},"type":"Polygon","arcs":[[-9455,-9443,9306,9307,9308,9309,9310,-9458,-9312,-9323]],"id":"feature_2297"},{"properties":{"zone":5},"type":"Polygon","arcs":[[-9322,9311,-9457]],"id":"feature_2298"},{"properties":{"zone":1},"type":"Polygon","arcs":[[9312,9313,9314]],"id":"feature_2299"},{"properties":{"zone":1},"type":"Polygon","arcs":[[9315,9316,9317,-9420,-9406,-9432,9318,9319,9320]],"id":"feature_2300"},{"properties":{"zone":6},"type":"Polygon","arcs":[[9321,-9456,9322]],"id":"feature_2301"},{"properties":{"zone":8},"type":"Polygon","arcs":[[-9441,-9446,-9440,9323]],"id":"feature_2302"},{"properties":{"zone":4},"type":"Polygon","arcs":[[9324,9325,9326,-9464]],"id":"feature_2303"},{"properties":{"zone":1},"type":"Polygon","arcs":[[-11893,9327]],"id":"feature_2304"},{"properties":{"zone":1},"type":"Polygon","arcs":[[-12058,9328,-12056,9329,-12054,9330,-12052,9331]],"id":"feature_2305"},{"properties":{"zone":7},"type":"Polygon","arcs":[[-9339,9332,-11633]],"id":"feature_2306"},{"properties":{"zone":5},"type":"Polygon","arcs":[[-9366,-9342,9333,-11668,9334,9335,-11690,9336,-11688,9337,-11686]],"id":"feature_2307"},{"properties":{"zone":5},"type":"Polygon","arcs":[[-9376,-11664,-11635,-11723,9338,-11896,9339,9340,-9345]],"id":"feature_2308"},{"properties":{"zone":11},"type":"Polygon","arcs":[[-9343,-9364,-9404]],"id":"feature_2309"},{"properties":{"zone":8},"type":"Polygon","arcs":[[-11670,9341,-9365,9342,-9407,-9423,9343,-9361]],"id":"feature_2310"},{"properties":{"zone":6},"type":"Polygon","arcs":[[9344,-11734,-9363,-9429,-9377]],"id":"feature_2311"},{"properties":{"zone":1},"type":"Polygon","arcs":[[9345,9346,-11919,9347,-11930,9348,-11928,9349,-11926,9350,-11924,-11923,9351,-11921,9352,-12024,9353,-12022,9354,-12020,9355,-12018,9356,-12016,9357,-12014,9358,-12012,9359,9360]],"id":"feature_2312"},{"properties":{"zone":5},"type":"Polygon","arcs":[[9361,-9378,-9397,-9425,9362]],"id":"feature_2313"},{"properties":{"zone":10},"type":"Polygon","arcs":[[-9412,-9405,9363,9364,9365,-11685,9366,-11683,9367,-11681,9368,-11679,9369,-11677,9370,-9380]],"id":"feature_2314"},{"properties":{"zone":7},"type":"Polygon","arcs":[[-9428,-9403,-9414,-9392,9371,-11907,9372,-11640,9373,-11638,9374,-11636,9375,9376]],"id":"feature_2315"},{"properties":{"zone":1},"type":"Polygon","arcs":[[9377,9378,-9393,-9398]],"id":"feature_2316"},{"properties":{"zone":5},"type":"Polygon","arcs":[[-9413,9379,9380,-11707,9381,-11705,9382,-11703,9383,-11701,9384,-11699,9385,-11697,9386,-11695,9387,-11693,9388,-11911,9389,-11909,9390,9391]],"id":"feature_2317"},{"properties":{"zone":5},"type":"Polygon","arcs":[[9392,9393,-9400,9394,-9416,-9402,-9396]],"id":"feature_2318"},{"properties":{"zone":8},"type":"Polygon","arcs":[[9395,-9401,-9426,9396,9397]],"id":"feature_2319"},{"properties":{"zone":1},"type":"Polygon","arcs":[[9398,9399]],"id":"feature_2320"},{"properties":{"zone":10},"type":"Polygon","arcs":[[9400,9401,-9419,-9410,9402,-9427]],"id":"feature_2321"},{"properties":{"zone":5},"type":"Polygon","arcs":[[9403,9404,-9411,-9433,9405,-9424,9406]],"id":"feature_2322"},{"properties":{"zone":5},"type":"Polygon","arcs":[[-9452,-9435,9407,9408]],"id":"feature_2323"},{"properties":{"zone":11},"type":"Polygon","arcs":[[9409,-9418,-9434,9410,9411,9412,9413]],"id":"feature_2324"},{"properties":{"zone":1},"type":"Polygon","arcs":[[-9422,9414]],"id":"feature_2325"},{"properties":{"zone":7},"type":"Polygon","arcs":[[9415,9416,-9430,9417,9418]],"id":"feature_2326"},{"properties":{"zone":3},"type":"Polygon","arcs":[[9419,9420,9421,9422,9423]],"id":"feature_2327"},{"properties":{"zone":9},"type":"Polygon","arcs":[[9424,9425,9426,9427,9428]],"id":"feature_2328"},{"properties":{"zone":10},"type":"Polygon","arcs":[[9429,9430,9431,9432,9433]],"id":"feature_2329"},{"properties":{"zone":1},"type":"Polygon","arcs":[[9434,-9451,-9445,9435]],"id":"feature_2330"},{"properties":{"zone":5},"type":"Polygon","arcs":[[9436,9437,9438,9439,-9447,9440,9441,9442,-9454]],"id":"feature_2331"},{"properties":{"zone":5},"type":"Polygon","arcs":[[-9450,9443,9444]],"id":"feature_2332"},{"properties":{"zone":6},"type":"Polygon","arcs":[[9445,9446]],"id":"feature_2333"},{"properties":{"zone":5},"type":"Polygon","arcs":[[9447,-9461]],"id":"feature_2334"},{"properties":{"zone":7},"type":"Polygon","arcs":[[9448,9449,9450,9451,9452,9453,9454,9455,9456,9457,9458,9459,9460]],"id":"feature_2335"},{"properties":{"zone":3},"type":"Polygon","arcs":[[9461,9462,9463]],"id":"feature_2336"},{"properties":{"zone":11},"type":"Polygon","arcs":[[9464]],"id":"feature_2337"},{"properties":{"zone":8},"type":"Polygon","arcs":[[9465,-9468]],"id":"feature_2338"},{"properties":{"zone":1},"type":"Polygon","arcs":[[-9470,9466,-9475]],"id":"feature_2339"},{"properties":{"zone":5},"type":"Polygon","arcs":[[9467,9468,9469,-9474,9470]],"id":"feature_2340"},{"properties":{"zone":10},"type":"Polygon","arcs":[[9471,-9480]],"id":"feature_2341"},{"properties":{"zone":6},"type":"Polygon","arcs":[[9472,9473,9474,9475,-9477]],"id":"feature_2342"},{"properties":{"zone":5},"type":"Polygon","arcs":[[9476,9477]],"id":"feature_2343"},{"properties":{"zone":5},"type":"Polygon","arcs":[[-9488,9478,9479,9480,-9483,-9554]],"id":"feature_2344"},{"properties":{"zone":10},"type":"Polygon","arcs":[[9481,-9539,-9485]],"id":"feature_2345"},{"properties":{"zone":8},"type":"Polygon","arcs":[[9482,9483,9484,-9538,9485,-9555]],"id":"feature_2346"},{"properties":{"zone":8},"type":"Polygon","arcs":[[-9501,9486,9487,-9553,9488,-9545,-9505,-9526,-9500]],"id":"feature_2347"},{"properties":{"zone":8},"type":"Polygon","arcs":[[9489,-9496,-9494,9490,-9541]],"id":"feature_2348"},{"properties":{"zone":10},"type":"Polygon","arcs":[[-9495,9491,-9506,-9543,9492,9493]],"id":"feature_2349"},{"properties":{"zone":5},"type":"Polygon","arcs":[[9494,9495,9496,-9557,-9520,9497,-9518,9498,-9516]],"id":"feature_2350"},{"properties":{"zone":6},"type":"Polygon","arcs":[[9499,-9525,-9502]],"id":"feature_2351"},{"properties":{"zone":5},"type":"Polygon","arcs":[[9500,9501,-9524,9502]],"id":"feature_2352"},{"properties":{"zone":5},"type":"Polygon","arcs":[[9503,-9511,-9508,-9527,9504,-9544,9505,9506,-9513]],"id":"feature_2353"},{"properties":{"zone":1},"type":"Polygon","arcs":[[9507,9508,-9522,-9528]],"id":"feature_2354"},{"properties":{"zone":1},"type":"Polygon","arcs":[[9509,9510,9511,9512,9513,9514,9515,9516,9517,9518,9519,-9559,9520,-9529,9521]],"id":"feature_2355"},{"properties":{"zone":7},"type":"Polygon","arcs":[[-9547,-9532,9522,9523,9524,9525,9526,9527,9528,9529,-9536,9530,-9533]],"id":"feature_2356"},{"properties":{"zone":5},"type":"Polygon","arcs":[[9531,-9550,-9549,-9548,9532,9533]],"id":"feature_2357"},{"properties":{"zone":5},"type":"Polygon","arcs":[[9534,9535]],"id":"feature_2358"},{"properties":{"zone":9},"type":"Polygon","arcs":[[-9551,9536,9537,9538,9539,9540,9541,9542,9543,9544,9545]],"id":"feature_2359"},{"properties":{"zone":6},"type":"Polygon","arcs":[[9546,9547,9548,9549]],"id":"feature_2360"},{"properties":{"zone":9},"type":"Polygon","arcs":[[9550,9551,9552,9553,9554,9555]],"id":"feature_2361"},{"properties":{"zone":1},"type":"Polygon","arcs":[[9556,9557,9558]],"id":"feature_2362"},{"properties":{"zone":12},"type":"Polygon","arcs":[[-9869,-9620,9559]],"id":"feature_2363"},{"properties":{"zone":12},"type":"Polygon","arcs":[[-10367,9560,-10365,9561,-10363,9562]],"id":"feature_2364"},{"properties":{"zone":12},"type":"Polygon","arcs":[[9563,9564,9565,9566,9567,9568,9569,9570]],"id":"feature_2365"},{"properties":{"zone":5},"type":"Polygon","arcs":[[9571,9572,9573,9574,9575,9576,9577,9578,9579,9580,9581,9582,9583,9584,9585,9586]],"id":"feature_2366"},{"properties":{"zone":5},"type":"Polygon","arcs":[[9587,9588,9589,9590,9591,9592,9593,9594]],"id":"feature_2367"},{"properties":{"zone":12},"type":"Polygon","arcs":[[-9597,9595]],"id":"feature_2368"},{"properties":{"zone":10},"type":"Polygon","arcs":[[9596,9597]],"id":"feature_2369"},{"properties":{"zone":1},"type":"Polygon","arcs":[[-9966,9598,9599,9600,9601,9602,9603,9604,-10108,-9973,-9968,9605]],"id":"feature_2370"},{"properties":{"zone":12},"type":"Polygon","arcs":[[-10361,9606]],"id":"feature_2371"},{"properties":{"zone":1},"type":"Polygon","arcs":[[-9727,9607,-9725,-9676,-9738,9608,-9736,9609,-9734,-9614,9610,-9731,9611,-10326,-9729,-9615]],"id":"feature_2372"},{"properties":{"zone":1},"type":"Polygon","arcs":[[9612,9613,-9733]],"id":"feature_2373"},{"properties":{"zone":1},"type":"Polygon","arcs":[[9739]],"id":"feature_2374"},{"properties":{"zone":1},"type":"Polygon","arcs":[[9740]],"id":"feature_2375"},{"properties":{"zone":1},"type":"Polygon","arcs":[[9614,-9728]],"id":"feature_2376"},{"properties":{"zone":1},"type":"Polygon","arcs":[[-9845,9615,-9721,9616]],"id":"feature_2377"},{"properties":{"zone":10},"type":"Polygon","arcs":[[-9868,9617,-9621,-10143,-9860,-10141,-9626,9618,9619]],"id":"feature_2378"},{"properties":{"zone":5},"type":"Polygon","arcs":[[-9866,-9624,-10144,9620,9621,-10150,-9895,-10148,-9864,-9623]],"id":"feature_2379"},{"properties":{"zone":9},"type":"Polygon","arcs":[[-9863,9622]],"id":"feature_2380"},{"properties":{"zone":5},"type":"Polygon","arcs":[[-10172,-10072,-10062,-10180,-10061,10175,-10175]],"id":"feature_2381"},{"properties":{"zone":1},"type":"Polygon","arcs":[[9623,-9865,-9872,-10145]],"id":"feature_2382"},{"properties":{"zone":5},"type":"Polygon","arcs":[[9624,9625,-10140]],"id":"feature_2383"},{"properties":{"zone":5},"type":"Polygon","arcs":[[-9627,-10136,-9853]],"id":"feature_2384"},{"properties":{"zone":9},"type":"Polygon","arcs":[[-9852,-9850,-9856,-9849,-9854,-10137,9626]],"id":"feature_2385"},{"properties":{"zone":12},"type":"Polygon","arcs":[[-9650,9627]],"id":"feature_2386"},{"properties":{"zone":1},"type":"Polygon","arcs":[[-9638,-9742,-9665,9628]],"id":"feature_2387"},{"properties":{"zone":5},"type":"Polygon","arcs":[[9629,-9663,-9659,-10357,9630,-10355,9631,-10353,9632,-10351,9633,-10349,-9675,-9670,-9636]],"id":"feature_2388"},{"properties":{"zone":1},"type":"Polygon","arcs":[[-9669,-9673,-9750,-9683,9634,9635]],"id":"feature_2389"},{"properties":{"zone":5},"type":"Polygon","arcs":[[9636,-9644,-9653,9637]],"id":"feature_2390"},{"properties":{"zone":1},"type":"Polygon","arcs":[[-9654,-9646,9638,-9682,9639,-9648,-9686,-9647,9640,-9672,9641,-9667,9642]],"id":"feature_2391"},{"properties":{"zone":1},"type":"Polygon","arcs":[[9643,9644,9645]],"id":"feature_2392"},{"properties":{"zone":3},"type":"Polygon","arcs":[[9646,-9687,9647,9648]],"id":"feature_2393"},{"properties":{"zone":10},"type":"Polygon","arcs":[[9649,9650]],"id":"feature_2394"},{"properties":{"zone":1},"type":"Polygon","arcs":[[9651,-9677,-9723]],"id":"feature_2395"},{"properties":{"zone":6},"type":"Polygon","arcs":[[-9656,-9661,-9743,9652,9653,9654]],"id":"feature_2396"},{"properties":{"zone":5},"type":"Polygon","arcs":[[9655,9656,-10359,-9658,-9662]],"id":"feature_2397"},{"properties":{"zone":8},"type":"Polygon","arcs":[[9657,-10358,9658,-9660]],"id":"feature_2398"},{"properties":{"zone":9},"type":"Polygon","arcs":[[9659,-9666,-9744,9660,9661]],"id":"feature_2399"},{"properties":{"zone":6},"type":"Polygon","arcs":[[9662,9663,9664,-9745,9665]],"id":"feature_2400"},{"properties":{"zone":3},"type":"Polygon","arcs":[[9666,9667]],"id":"feature_2401"},{"properties":{"zone":1},"type":"Polygon","arcs":[[-9680,-9674,9668,9669]],"id":"feature_2402"},{"properties":{"zone":5},"type":"Polygon","arcs":[[9670,9671]],"id":"feature_2403"},{"properties":{"zone":2},"type":"Polygon","arcs":[[-9679,-9747,-9746,-9751,9672,9673]],"id":"feature_2404"},{"properties":{"zone":6},"type":"Polygon","arcs":[[9674,-10348,-9739,9675,-9724,9676,9677,-9684,-9748,9678,9679]],"id":"feature_2405"},{"properties":{"zone":3},"type":"Polygon","arcs":[[9680,9681]],"id":"feature_2406"},{"properties":{"zone":5},"type":"Polygon","arcs":[[9682,-9749,9683,9684]],"id":"feature_2407"},{"properties":{"zone":4},"type":"Polygon","arcs":[[9685,9686]],"id":"feature_2408"},{"properties":{"zone":1},"type":"Polygon","arcs":[[-9688,-9718]],"id":"feature_2409"},{"properties":{"zone":1},"type":"Polygon","arcs":[[-9717,-9841,-9719,9687]],"id":"feature_2410"},{"properties":{"zone":5},"type":"Polygon","arcs":[[-10337,9688,-10335,9689,-10333,9690,-10331,9691,-10329,9692,-10327,-9838,-9843,-9837]],"id":"feature_2411"},{"properties":{"zone":1},"type":"Polygon","arcs":[[9693,-9892,-10152]],"id":"feature_2412"},{"properties":{"zone":5},"type":"Polygon","arcs":[[9694,9695,-9794,-9793,9803,-9806,-9805,9696,9697,9698]],"id":"feature_2413"},{"properties":{"zone":5},"type":"Polygon","arcs":[[-9798,9699,9700,9701,9702,9703,9704,9705]],"id":"feature_2414"},{"properties":{"zone":6},"type":"Polygon","arcs":[[9706,9707,9708,9709,9710,-10307,9711]],"id":"feature_2415"},{"properties":{"zone":5},"type":"Polygon","arcs":[[-10347,9712,-10345,9713,-10343,9714,-10341,9715,-10339,-9836,9716,9717,9718,-9840,9719,9720,9721,9722,9723,9724,9725,9726,9727,9728,9729,9730,9731,9732,9733,9734,9735,9736,9737,9738],[9739],[9740]],"id":"feature_2416"},{"properties":{"zone":5},"type":"Polygon","arcs":[[9741,9742,9743,9744]],"id":"feature_2417"},{"properties":{"zone":5},"type":"Polygon","arcs":[[-9752,9745]],"id":"feature_2418"},{"properties":{"zone":1},"type":"Polygon","arcs":[[9746,9747,9748,9749,9750,9751]],"id":"feature_2419"},{"properties":{"zone":6},"type":"Polygon","arcs":[[9784]],"id":"feature_2420"},{"properties":{"zone":8},"type":"Polygon","arcs":[[9788]],"id":"feature_2421"},{"properties":{"zone":6},"type":"Polygon","arcs":[[9752,-9761,9753,-9763,9754,-9772,9755,-9770,9756,-9768,9757,-9766,9758,-9764,-9777]],"id":"feature_2422"},{"properties":{"zone":1},"type":"Polygon","arcs":[[9759,9760]],"id":"feature_2423"},{"properties":{"zone":1},"type":"Polygon","arcs":[[9761,9762]],"id":"feature_2424"},{"properties":{"zone":5},"type":"Polygon","arcs":[[-9774,9763,9764,9765,9766,9767,9768,9769,9770,9771,9772]],"id":"feature_2425"},{"properties":{"zone":8},"type":"Polygon","arcs":[[9782]],"id":"feature_2426"},{"properties":{"zone":1},"type":"Polygon","arcs":[[9773,9774,-9779,9775,9776]],"id":"feature_2427"},{"properties":{"zone":5},"type":"Polygon","arcs":[[-9781,9777,9778,9779]],"id":"feature_2428"},{"properties":{"zone":1},"type":"Polygon","arcs":[[9780,9781],[9782]],"id":"feature_2429"},{"properties":{"zone":1},"type":"Polygon","arcs":[[9783],[9784]],"id":"feature_2430"},{"properties":{"zone":6},"type":"Polygon","arcs":[[-9787,-9790,9785]],"id":"feature_2431"},{"properties":{"zone":3},"type":"Polygon","arcs":[[9786,9787,-9791],[9788]],"id":"feature_2432"},{"properties":{"zone":1},"type":"Polygon","arcs":[[9789,9790,9791]],"id":"feature_2433"},{"properties":{"zone":6},"type":"MultiPolygon","arcs":[[[-9804,9792,9793,9794,9795,9796,9797,9798,9799,9800,9801,9802,9803]],[[9804,9805,9806]]],"id":"feature_2434"},{"properties":{"zone":1},"type":"Polygon","arcs":[[9807,9808,9809,9810,9811,-10269,9812,9813,9814,9815,9816,-10006]],"id":"feature_2435"},{"properties":{"zone":1},"type":"Polygon","arcs":[[9817,9818,9819,-10020,9820,9821,9822,9823,9824,9825]],"id":"feature_2436"},{"properties":{"zone":1},"type":"Polygon","arcs":[[-9951,9826]],"id":"feature_2437"},{"properties":{"zone":8},"type":"Polygon","arcs":[[-9900,9827,-9981,-9830]],"id":"feature_2438"},{"properties":{"zone":4},"type":"Polygon","arcs":[[-9980,9828,-9969,-9985,-9835,-9901,9829]],"id":"feature_2439"},{"properties":{"zone":1},"type":"Polygon","arcs":[[9830,9831,-10096,9832]],"id":"feature_2440"},{"properties":{"zone":8},"type":"Polygon","arcs":[[10024]],"id":"feature_2441"},{"properties":{"zone":1},"type":"Polygon","arcs":[[9833,-10231,-10023]],"id":"feature_2442"},{"properties":{"zone":5},"type":"Polygon","arcs":[[-10208,-9903,-10118,-9991,-9902,9834,-9984,-10110,-9898]],"id":"feature_2443"},{"properties":{"zone":6},"type":"Polygon","arcs":[[9835,-10338,9836,-9842,9837,9838,9839,9840]],"id":"feature_2444"},{"properties":{"zone":1},"type":"Polygon","arcs":[[9841,9842]],"id":"feature_2445"},{"properties":{"zone":5},"type":"Polygon","arcs":[[9843,9844,9845,-9848]],"id":"feature_2446"},{"properties":{"zone":1},"type":"Polygon","arcs":[[9846,9847]],"id":"feature_2447"},{"properties":{"zone":8},"type":"Polygon","arcs":[[-9855,9848]],"id":"feature_2448"},{"properties":{"zone":8},"type":"Polygon","arcs":[[9849,-9857]],"id":"feature_2449"},{"properties":{"zone":8},"type":"Polygon","arcs":[[-10135,-9861,-10167,9850,-9858,9851,9852]],"id":"feature_2450"},{"properties":{"zone":5},"type":"Polygon","arcs":[[-10138,9853,9854,9855,9856,9857,9858]],"id":"feature_2451"},{"properties":{"zone":5},"type":"Polygon","arcs":[[9859,-10142]],"id":"feature_2452"},{"properties":{"zone":5},"type":"Polygon","arcs":[[-10168,9860]],"id":"feature_2453"},{"properties":{"zone":5},"type":"Polygon","arcs":[[-10065,9861,-10161]],"id":"feature_2454"},{"properties":{"zone":8},"type":"Polygon","arcs":[[9862,9863,-10147,-9871,9864,9865]],"id":"feature_2455"},{"properties":{"zone":11},"type":"Polygon","arcs":[[9866,9867,9868]],"id":"feature_2456"},{"properties":{"zone":1},"type":"Polygon","arcs":[[-9894,9869,-10154]],"id":"feature_2457"},{"properties":{"zone":1},"type":"Polygon","arcs":[[9870,-10146,9871]],"id":"feature_2458"},{"properties":{"zone":12},"type":"Polygon","arcs":[[9872,9873,9874,9875,9876,9877,9878,9879,9880,9881,9882,9883,-9886,9884]],"id":"feature_2459"},{"properties":{"zone":11},"type":"Polygon","arcs":[[9885,9886,9887,9888,9889,9890]],"id":"feature_2460"},{"properties":{"zone":5},"type":"Polygon","arcs":[[-10153,9891,9892,9893]],"id":"feature_2461"},{"properties":{"zone":1},"type":"Polygon","arcs":[[-10149,9894]],"id":"feature_2462"},{"properties":{"zone":1},"type":"Polygon","arcs":[[-10109,-10197,-10213,9895,-10211,9896,-10209,9897]],"id":"feature_2463"},{"properties":{"zone":1},"type":"Polygon","arcs":[[-9993,9898,9899,9900,9901],[9989]],"id":"feature_2464"},{"properties":{"zone":8},"type":"Polygon","arcs":[[-10120,-9904,-10207]],"id":"feature_2465"},{"properties":{"zone":3},"type":"Polygon","arcs":[[9902,9903,-10119]],"id":"feature_2466"},{"properties":{"zone":5},"type":"Polygon","arcs":[[9904,-10195,-10194,10193,-10193,-10225,-10224,10223,-9919,-9922,-9906,-9929,-10056]],"id":"feature_2467"},{"properties":{"zone":1},"type":"Polygon","arcs":[[-9921,-9943,-9930,9905]],"id":"feature_2468"},{"properties":{"zone":3},"type":"Polygon","arcs":[[-9958,-9959,9906,-9949]],"id":"feature_2469"},{"properties":{"zone":11},"type":"Polygon","arcs":[[-9988,9907]],"id":"feature_2470"},{"properties":{"zone":5},"type":"Polygon","arcs":[[-10257,-10092,9908,-10090,9909,-10088,9910,-10086,9911,-10084,9912,-10082,9913,-9918,9914,-9933,-9941,-9916]],"id":"feature_2471"},{"properties":{"zone":1},"type":"Polygon","arcs":[[-9940,-10258,9915]],"id":"feature_2472"},{"properties":{"zone":1},"type":"Polygon","arcs":[[9916,9917]],"id":"feature_2473"},{"properties":{"zone":1},"type":"Polygon","arcs":[[9918,-10224,-10223,9919,-10266,-9947,-10262,-9923]],"id":"feature_2474"},{"properties":{"zone":2},"type":"Polygon","arcs":[[-10261,-9944,9920,9921,9922]],"id":"feature_2475"},{"properties":{"zone":1},"type":"Polygon","arcs":[[-9948,-10264]],"id":"feature_2476"},{"properties":{"zone":5},"type":"Polygon","arcs":[[-9926,9923]],"id":"feature_2477"},{"properties":{"zone":1},"type":"Polygon","arcs":[[-9931,-9936,9924,9925,9926]],"id":"feature_2478"},{"properties":{"zone":6},"type":"Polygon","arcs":[[9927,-10057,9928,9929,-9942,-9932,-9937,9930]],"id":"feature_2479"},{"properties":{"zone":1},"type":"Polygon","arcs":[[-9938,9931,-9946,-9939,9932,9933]],"id":"feature_2480"},{"properties":{"zone":5},"type":"Polygon","arcs":[[9934,9935,9936,9937]],"id":"feature_2481"},{"properties":{"zone":2},"type":"Polygon","arcs":[[9938,-9945,-10259,9939,9940]],"id":"feature_2482"},{"properties":{"zone":8},"type":"Polygon","arcs":[[9941,9942,9943,-10260,9944,9945]],"id":"feature_2483"},{"properties":{"zone":5},"type":"Polygon","arcs":[[9946,-10266,-10265,9947,-10263]],"id":"feature_2484"},{"properties":{"zone":4},"type":"Polygon","arcs":[[-9954,-9956,9948,9949]],"id":"feature_2485"},{"properties":{"zone":3},"type":"Polygon","arcs":[[9950,9951,-9964,9952,-9961,-9957,9953,9954]],"id":"feature_2486"},{"properties":{"zone":8},"type":"Polygon","arcs":[[9955,9956,-9960,9957]],"id":"feature_2487"},{"properties":{"zone":4},"type":"Polygon","arcs":[[9958,9959,9960,9961]],"id":"feature_2488"},{"properties":{"zone":1},"type":"Polygon","arcs":[[9962,9963]],"id":"feature_2489"},{"properties":{"zone":5},"type":"Polygon","arcs":[[9964,9965,9966,9967,-9974,-9986,9968,9969,-9977,-9972]],"id":"feature_2490"},{"properties":{"zone":1},"type":"Polygon","arcs":[[9970,9971]],"id":"feature_2491"},{"properties":{"zone":8},"type":"Polygon","arcs":[[9972,-10107,-9983,9973]],"id":"feature_2492"},{"properties":{"zone":1},"type":"Polygon","arcs":[[-9978,9974]],"id":"feature_2493"},{"properties":{"zone":1},"type":"Polygon","arcs":[[9975,9976]],"id":"feature_2494"},{"properties":{"zone":5},"type":"Polygon","arcs":[[9977,9978,9979,9980,9981]],"id":"feature_2495"},{"properties":{"zone":9},"type":"Polygon","arcs":[[9982,-10106,-10111,9983,9984,9985]],"id":"feature_2496"},{"properties":{"zone":11},"type":"Polygon","arcs":[[9986,9987,9988,-10128]],"id":"feature_2497"},{"properties":{"zone":3},"type":"Polygon","arcs":[[9989]],"id":"feature_2498"},{"properties":{"zone":8},"type":"Polygon","arcs":[[9990,-10117,9991,9992]],"id":"feature_2499"},{"properties":{"zone":1},"type":"Polygon","arcs":[[-10101,-10103,-9994,-10199]],"id":"feature_2500"},{"properties":{"zone":8},"type":"Polygon","arcs":[[9993,-10102,-10113,-10200]],"id":"feature_2501"},{"properties":{"zone":1},"type":"Polygon","arcs":[[-10099,9994,9995,9996,9997,9998,9999]],"id":"feature_2502"},{"properties":{"zone":5},"type":"Polygon","arcs":[[10000,10001,10002,10003,10004,10005]],"id":"feature_2503"},{"properties":{"zone":1},"type":"Polygon","arcs":[[10006,-10271,10007,10008,10009,10010,10011,10012,10013,10014,10015,10016,-10022]],"id":"feature_2504"},{"properties":{"zone":5},"type":"Polygon","arcs":[[10017,10018,10019,10020,10021]],"id":"feature_2505"},{"properties":{"zone":1},"type":"Polygon","arcs":[[10022,-10230,10023],[10024]],"id":"feature_2506"},{"properties":{"zone":8},"type":"Polygon","arcs":[[10054]],"id":"feature_2507"},{"properties":{"zone":6},"type":"Polygon","arcs":[[-10029,10025,-10032,-10034,-10037,-10043,10026,-10046,10027,-10047,-10040,-10051,-10050,10049,-10054]],"id":"feature_2508"},{"properties":{"zone":1},"type":"Polygon","arcs":[[10028,-10053,-10039,10029]],"id":"feature_2509"},{"properties":{"zone":1},"type":"Polygon","arcs":[[10030,-10035,10031]],"id":"feature_2510"},{"properties":{"zone":5},"type":"Polygon","arcs":[[10032,-10038,10033,10034]],"id":"feature_2511"},{"properties":{"zone":1},"type":"Polygon","arcs":[[10035,-10044,10036,10037]],"id":"feature_2512"},{"properties":{"zone":10},"type":"Polygon","arcs":[[10038,-10052,10039,-10049,10040]],"id":"feature_2513"},{"properties":{"zone":5},"type":"Polygon","arcs":[[10041,10042,10043]],"id":"feature_2514"},{"properties":{"zone":5},"type":"Polygon","arcs":[[10044,10045]],"id":"feature_2515"},{"properties":{"zone":5},"type":"Polygon","arcs":[[10046,10047,10048]],"id":"feature_2516"},{"properties":{"zone":5},"type":"Polygon","arcs":[[-10050,10049,10050,10051,10052,10053],[10054]],"id":"feature_2517"},{"properties":{"zone":1},"type":"Polygon","arcs":[[10055,10056,10057]],"id":"feature_2518"},{"properties":{"zone":2},"type":"Polygon","arcs":[[-10157,-10070,10058,-10066]],"id":"feature_2519"},{"properties":{"zone":5},"type":"Polygon","arcs":[[-10159,-10068,10059,-10063]],"id":"feature_2520"},{"properties":{"zone":5},"type":"Polygon","arcs":[[10060,-10179,-10169,-10173,-10176]],"id":"feature_2521"},{"properties":{"zone":2},"type":"Polygon","arcs":[[-10071,-10170,-10177,10061]],"id":"feature_2522"},{"properties":{"zone":1},"type":"Polygon","arcs":[[10062,10063,10064,-10160]],"id":"feature_2523"},{"properties":{"zone":1},"type":"Polygon","arcs":[[10065,10066,10067,-10158]],"id":"feature_2524"},{"properties":{"zone":1},"type":"Polygon","arcs":[[-10156,10068,10069]],"id":"feature_2525"},{"properties":{"zone":1},"type":"Polygon","arcs":[[-10171,10070,10071]],"id":"feature_2526"},{"properties":{"zone":1},"type":"Polygon","arcs":[[-10256,10072,-10254,10073,-10252,10074,-10250,10075,-10248,10076,-10246,10077,-10244,10078,-10242,10079,-10240,10080,10081,10082,10083,10084,10085,10086,10087,10088,10089,10090,10091]],"id":"feature_2527"},{"properties":{"zone":5},"type":"Polygon","arcs":[[10092,-10218,10093,-10221,10094,10095,10096,10097,10098,10099,-10115,-10104,10100,-10198,-10122,-10203]],"id":"feature_2528"},{"properties":{"zone":3},"type":"Polygon","arcs":[[-10114,10101,10102,10103]],"id":"feature_2529"},{"properties":{"zone":5},"type":"Polygon","arcs":[[10104,-10216,-10112,10105,10106,10107]],"id":"feature_2530"},{"properties":{"zone":3},"type":"Polygon","arcs":[[10108,10109,10110,10111,-10215]],"id":"feature_2531"},{"properties":{"zone":1},"type":"Polygon","arcs":[[10112,10113,10114,10115,10116,10117,10118,10119,-10206,10120,-10204,10121,-10201]],"id":"feature_2532"},{"properties":{"zone":5},"type":"Polygon","arcs":[[-10124,-10131,-10126,10122,-10321]],"id":"feature_2533"},{"properties":{"zone":3},"type":"Polygon","arcs":[[10123,-10320,-10132]],"id":"feature_2534"},{"properties":{"zone":1},"type":"Polygon","arcs":[[-10130,10124,10125]],"id":"feature_2535"},{"properties":{"zone":10},"type":"Polygon","arcs":[[-10318,10317,-10317,10126,10127,10128,10129,10130,10131,-10319]],"id":"feature_2536"},{"properties":{"zone":8},"type":"Polygon","arcs":[[10132,-10163]],"id":"feature_2537"},{"properties":{"zone":5},"type":"Polygon","arcs":[[-10165,10133]],"id":"feature_2538"},{"properties":{"zone":6},"type":"Polygon","arcs":[[10134,10135,10136,10137,10138,10139,10140,10141,10142,10143,10144,10145,10146,10147,10148,10149,10150,10151,10152,10153,10154,10155,10156,10157,10158,10159,10160,10161,10162,10163,10164,10165,10166,10167],[-10174,10168,-10178,10169,10170,10171]],"id":"feature_2539"},{"properties":{"zone":1},"type":"Polygon","arcs":[[10172,10173,10174,-10176,10175]],"id":"feature_2540"},{"properties":{"zone":1},"type":"Polygon","arcs":[[10176,10177,10178,10179]],"id":"feature_2541"},{"properties":{"zone":5},"type":"Polygon","arcs":[[-10227,-10192,10180,-10182]],"id":"feature_2542"},{"properties":{"zone":1},"type":"Polygon","arcs":[[-10228,10181,10182]],"id":"feature_2543"},{"properties":{"zone":5},"type":"Polygon","arcs":[[-10191,10183,-10185,-10235]],"id":"feature_2544"},{"properties":{"zone":1},"type":"Polygon","arcs":[[10184,10185,-10238,10186,-10236]],"id":"feature_2545"},{"properties":{"zone":1},"type":"Polygon","arcs":[[-10189,-10233,10187]],"id":"feature_2546"},{"properties":{"zone":1},"type":"Polygon","arcs":[[10188,10189,10190,-10234]],"id":"feature_2547"},{"properties":{"zone":1},"type":"Polygon","arcs":[[10191,-10226,10192,-10194,10193,10194,10195]],"id":"feature_2548"},{"properties":{"zone":3},"type":"Polygon","arcs":[[-10214,10196]],"id":"feature_2549"},{"properties":{"zone":3},"type":"Polygon","arcs":[[10197,10198,10199,10200]],"id":"feature_2550"},{"properties":{"zone":3},"type":"Polygon","arcs":[[10201,10202,10203,10204,10205,10206,10207,10208,10209,10210,10211,10212,-10220]],"id":"feature_2551"},{"properties":{"zone":1},"type":"MultiPolygon","arcs":[[[10213,10214,10215,10216,10217,10218,10219]],[[10220,10221]]],"id":"feature_2552"},{"properties":{"zone":6},"type":"Polygon","arcs":[[10222,10223,10224,10225,10226,10227,10228,10229,10230,10231,10232,10233,10234,10235,10236,10237,10238,10239,10240,10241,10242,10243,10244,10245,10246,10247,10248,10249,10250,10251,10252,10253,10254,10255,10256,10257,10258,10259,10260,10261,10262,10263,10264,10265,10266]],"id":"feature_2553"},{"properties":{"zone":5},"type":"Polygon","arcs":[[10267,10268,10269,10270]],"id":"feature_2554"},{"properties":{"zone":5},"type":"Polygon","arcs":[[10271]],"id":"feature_2555"},{"properties":{"zone":5},"type":"Polygon","arcs":[[10272,10273,10274,10275,10276,10277,10278,10279,10280,10281,10282,10283,10284,10285,10286,10287,10288,10289,10290,10291,10292,10293,10294,10295,10296,10297,10298,10299,10300,10301,10302,10303,10304,10305,10306,10307,10308,10309,10310,10311,10312,10313,10314,10315]],"id":"feature_2556"},{"properties":{"zone":1},"type":"Polygon","arcs":[[10316,-10318,10317,10318,10319,10320,10321]],"id":"feature_2557"},{"properties":{"zone":5},"type":"Polygon","arcs":[[10322]],"id":"feature_2558"},{"properties":{"zone":5},"type":"Polygon","arcs":[[10323]],"id":"feature_2559"},{"properties":{"zone":1},"type":"Polygon","arcs":[[10324,10325]],"id":"feature_2560"},{"properties":{"zone":10},"type":"Polygon","arcs":[[10326,10327,10328,10329,10330,10331,10332,10333,10334,10335,10336,10337,10338,10339,10340,10341,10342,10343,10344,10345,10346,10347,10348,10349,10350,10351,10352,10353,10354,10355,10356,10357,10358,10359,10360,10361,10362,10363,10364,10365,10366,10367]],"id":"feature_2561"},{"properties":{"zone":6},"type":"Polygon","arcs":[[-10372,10368,10369,10370]],"id":"feature_2562"},{"properties":{"zone":1},"type":"Polygon","arcs":[[10371,10372,10373,10374,10375,10376,10377,10378,10379,10380,10381,10382,10383]],"id":"feature_2563"},{"properties":{"zone":6},"type":"Polygon","arcs":[[10384,10385,10386,10387,10388,10389,-10391]],"id":"feature_2564"},{"properties":{"zone":3},"type":"Polygon","arcs":[[10390,10391,10392,10393,10394,10395,10396,10397,10398]],"id":"feature_2565"},{"properties":{"zone":1},"type":"Polygon","arcs":[[-10406,-10796,10399]],"id":"feature_2566"},{"properties":{"zone":5},"type":"Polygon","arcs":[[10400,-10794,-10414,-10408,-10403]],"id":"feature_2567"},{"properties":{"zone":8},"type":"Polygon","arcs":[[-10405,10401,10402,-10412]],"id":"feature_2568"},{"properties":{"zone":5},"type":"Polygon","arcs":[[-10411,10403,10404]],"id":"feature_2569"},{"properties":{"zone":5},"type":"Polygon","arcs":[[10405,10406,-10797]],"id":"feature_2570"},{"properties":{"zone":6},"type":"Polygon","arcs":[[10407,-10413,-10790,-10789,-10425,-10785,-10784,-10427,-10782,10408,-10428,10409,10410,10411]],"id":"feature_2571"},{"properties":{"zone":1},"type":"Polygon","arcs":[[-10793,-10792,-10791,10412,10413]],"id":"feature_2572"},{"properties":{"zone":3},"type":"Polygon","arcs":[[10414]],"id":"feature_2573"},{"properties":{"zone":3},"type":"Polygon","arcs":[[-10416,-10751]],"id":"feature_2574"},{"properties":{"zone":4},"type":"Polygon","arcs":[[-10422,-10424,-10752,10415,-10750]],"id":"feature_2575"},{"properties":{"zone":5},"type":"Polygon","arcs":[[10416,10417,10418,10419,10420,-10754,-10423,10421,-10749]],"id":"feature_2576"},{"properties":{"zone":8},"type":"Polygon","arcs":[[10422,-10753,10423]],"id":"feature_2577"},{"properties":{"zone":4},"type":"Polygon","arcs":[[-10426,-10786,-10785,10784,10424,10788,-10788]],"id":"feature_2578"},{"properties":{"zone":3},"type":"Polygon","arcs":[[-10787,10425]],"id":"feature_2579"},{"properties":{"zone":3},"type":"Polygon","arcs":[[10426,-10783]],"id":"feature_2580"},{"properties":{"zone":1},"type":"Polygon","arcs":[[10427,10428]],"id":"feature_2581"},{"properties":{"zone":3},"type":"Polygon","arcs":[[-10939,-10901,-10432,10429,-10780],[10430]],"id":"feature_2582"},{"properties":{"zone":8},"type":"Polygon","arcs":[[10430]],"id":"feature_2583"},{"properties":{"zone":1},"type":"Polygon","arcs":[[10431,-10803,10432]],"id":"feature_2584"},{"properties":{"zone":1},"type":"Polygon","arcs":[[10433,-10958,-11042]],"id":"feature_2585"},{"properties":{"zone":1},"type":"Polygon","arcs":[[-11040,-10438,-10437,10436,-10436,10434]],"id":"feature_2586"},{"properties":{"zone":3},"type":"Polygon","arcs":[[10435,-10437,10436,10437,-11039,-10859,-10500,-10497,-10495,-10441,10438]],"id":"feature_2587"},{"properties":{"zone":6},"type":"Polygon","arcs":[[-10494,-10443,10439,10440]],"id":"feature_2588"},{"properties":{"zone":5},"type":"Polygon","arcs":[[10441,10442,-10493,-10498]],"id":"feature_2589"},{"properties":{"zone":1},"type":"Polygon","arcs":[[10452,10443,10444,10445,10446,10447,10448,10449]],"id":"feature_2590"},{"properties":{"zone":5},"type":"Polygon","arcs":[[10450,10451,10452,10453,10454,10455,10456,10457,10458,10459,-10462]],"id":"feature_2591"},{"properties":{"zone":1},"type":"Polygon","arcs":[[10466,-10492,10460,10461,10462,10463,10464,10465]],"id":"feature_2592"},{"properties":{"zone":5},"type":"Polygon","arcs":[[-10467,10466,10467,10468,10469,10470,10471,10472,10473,10474,10475,10476,10477,10478,10479,10480,10481,10482,10483,10484,10485,10486,10487,10488,10489,10490,10491]],"id":"feature_2593"},{"properties":{"zone":8},"type":"Polygon","arcs":[[10492,10493,10494,-10496]],"id":"feature_2594"},{"properties":{"zone":9},"type":"Polygon","arcs":[[10495,10496,-10499,-10531,-10528,10497]],"id":"feature_2595"},{"properties":{"zone":5},"type":"Polygon","arcs":[[-10858,-10534,-10532,10498,10499]],"id":"feature_2596"},{"properties":{"zone":1},"type":"Polygon","arcs":[[-10552,10500,10501,10502,10503,10504,10505,10506,10507,10508,10509,10510,10511,10512,10513,10514,10515,10516,10517,10518,10519,10520,10521,10522,10523,10524,10525,10526,-10545,-10550,-10548,-10554,-10553,-10614]],"id":"feature_2597"},{"properties":{"zone":11},"type":"Polygon","arcs":[[10527,-10530,-10990,10528]],"id":"feature_2598"},{"properties":{"zone":8},"type":"Polygon","arcs":[[-11034,-10978,-10535,-10983,-10982,10529,10530,10531,-10533]],"id":"feature_2599"},{"properties":{"zone":8},"type":"Polygon","arcs":[[10532,10533,-10857,-11037,-10819,-11035]],"id":"feature_2600"},{"properties":{"zone":6},"type":"Polygon","arcs":[[10982,10534,-10977,10535,-10984,-10983]],"id":"feature_2601"},{"properties":{"zone":1},"type":"Polygon","arcs":[[10536,-10604,-10826,-11023,-10992]],"id":"feature_2602"},{"properties":{"zone":6},"type":"Polygon","arcs":[[-10565,-10618,-10615,-11029,10537,10538,10539,10540,10689,10541,-10685,-10682,-10633,-10632,-10627,-10621,-10625,-10630,-10628,-10678,-10687,-10974,-10966,-10843,10542,-10845,-10853,-10623,-10620,10543,-10988,-10979,-10976,-11032]],"id":"feature_2603"},{"properties":{"zone":5},"type":"Polygon","arcs":[[10544,10545,10546,-10555,-10554,10553,10547,-10549]],"id":"feature_2604"},{"properties":{"zone":8},"type":"Polygon","arcs":[[10548,10549]],"id":"feature_2605"},{"properties":{"zone":7},"type":"Polygon","arcs":[[10550,10551,-10613,10552,10553,10554,10555,10556,10557,10558,10559,-10592,10560,10561,10562,10563,-10714]],"id":"feature_2606"},{"properties":{"zone":11},"type":"Polygon","arcs":[[-11031,-10616,10564]],"id":"feature_2607"},{"properties":{"zone":5},"type":"Polygon","arcs":[[10565,10566,10567,10568,10569,10570,10571,10572,10573,10574,10575,10576,10577,10578,10579,10580,10581,10582,10583,10584,10585,10586,10587,10588,10589,10590,10591,10592,10593,10594,10595,10596,10597,10598,10599,10600,10601,10602,-10665]],"id":"feature_2608"},{"properties":{"zone":3},"type":"Polygon","arcs":[[10603,10604,10605,10606,10607,10608,10609,10610,10611,10820,-10821,-10820]],"id":"feature_2609"},{"properties":{"zone":5},"type":"Polygon","arcs":[[10612,10613]],"id":"feature_2610"},{"properties":{"zone":10},"type":"Polygon","arcs":[[-10617,-11030,10614]],"id":"feature_2611"},{"properties":{"zone":5},"type":"Polygon","arcs":[[10615,10616,10617]],"id":"feature_2612"},{"properties":{"zone":5},"type":"Polygon","arcs":[[-10622,10618,10619]],"id":"feature_2613"},{"properties":{"zone":3},"type":"Polygon","arcs":[[-10626,10620]],"id":"feature_2614"},{"properties":{"zone":3},"type":"Polygon","arcs":[[10621,10622,-10856,10623]],"id":"feature_2615"},{"properties":{"zone":5},"type":"Polygon","arcs":[[-10629,10624,10625,10626,-10631,-10675,-10679,10627]],"id":"feature_2616"},{"properties":{"zone":3},"type":"Polygon","arcs":[[10628,10629]],"id":"feature_2617"},{"properties":{"zone":3},"type":"Polygon","arcs":[[-10634,-10676,10630,10631]],"id":"feature_2618"},{"properties":{"zone":5},"type":"Polygon","arcs":[[10632,-10681,-10677,10633]],"id":"feature_2619"},{"properties":{"zone":3},"type":"Polygon","arcs":[[10634,10635,10636,10637,10638,10639,10640,10641,10642,10643,10644,10645,10646,10647,10648,10649,10650,10651,10652,10653,10654,10655,10656,10657,10658,10659,10660,10661,10662,10663,10664,10665,10666,10667,10668,10669,10670,10671,10672,-10715,10673,-10718,-10720]],"id":"feature_2620"},{"properties":{"zone":8},"type":"Polygon","arcs":[[-10680,10674,10675,10676,-10683]],"id":"feature_2621"},{"properties":{"zone":3},"type":"Polygon","arcs":[[-10688,10677,10678,10679]],"id":"feature_2622"},{"properties":{"zone":9},"type":"Polygon","arcs":[[10680,10681,-10684,-10698,-10689,10682]],"id":"feature_2623"},{"properties":{"zone":5},"type":"Polygon","arcs":[[-10968,10683,10684,-10696,10685]],"id":"feature_2624"},{"properties":{"zone":5},"type":"Polygon","arcs":[[-10975,10686,10687,10688]],"id":"feature_2625"},{"properties":{"zone":3},"type":"Polygon","arcs":[[10689,10690,10691,10692,10693,10694,10695,10696]],"id":"feature_2626"},{"properties":{"zone":8},"type":"Polygon","arcs":[[-10967,10697]],"id":"feature_2627"},{"properties":{"zone":5},"type":"Polygon","arcs":[[10698,10699,10700,10701,10702,10703,10704,10705,10706,10707,10708,10709,10710,10711,10712,10713]],"id":"feature_2628"},{"properties":{"zone":1},"type":"Polygon","arcs":[[10714,10715,10716]],"id":"feature_2629"},{"properties":{"zone":1},"type":"Polygon","arcs":[[-10721,10717,10718]],"id":"feature_2630"},{"properties":{"zone":5},"type":"Polygon","arcs":[[10719,10720,10721,-10734,-10735,10722,10723,10724]],"id":"feature_2631"},{"properties":{"zone":1},"type":"Polygon","arcs":[[10725,10726,10727,10728,10729,10730,10731,10732,-10736,10733]],"id":"feature_2632"},{"properties":{"zone":3},"type":"Polygon","arcs":[[10734,10735,10736,10737,10738,10739]],"id":"feature_2633"},{"properties":{"zone":1},"type":"Polygon","arcs":[[10740,10741,10742,10743,10744,10745,10746,10747,10748,10749,10750,10751,10752,10753,10754,10755,10756,10757,10758,10759,10760,10761,10762,10763,10764,10765,10766,10767,10768,10769,10770,10771,10772,10773,10774,10775,10776,10777,10778,-10940,10779,10780,10781,10782,10783,10784,10785,10786,10787,-10789,10788,10789,10790,10791,10792,10793,10794,10795,10796],[10797]],"id":"feature_2634"},{"properties":{"zone":1},"type":"Polygon","arcs":[[10798,-11014,-11013,11012,-11012]],"id":"feature_2635"},{"properties":{"zone":8},"type":"Polygon","arcs":[[-10800,-11048,-10954,-10953,-11052]],"id":"feature_2636"},{"properties":{"zone":9},"type":"Polygon","arcs":[[10799,-11051,-10801,-11049]],"id":"feature_2637"},{"properties":{"zone":8},"type":"Polygon","arcs":[[10800,-11050]],"id":"feature_2638"},{"properties":{"zone":3},"type":"Polygon","arcs":[[-10860,-11064]],"id":"feature_2639"},{"properties":{"zone":11},"type":"Polygon","arcs":[[-10804,-10956,-10827,10801]],"id":"feature_2640"},{"properties":{"zone":10},"type":"Polygon","arcs":[[10802,-10900,-10943,-10957,10803,10804]],"id":"feature_2641"},{"properties":{"zone":3},"type":"Polygon","arcs":[[11058]],"id":"feature_2642"},{"properties":{"zone":11},"type":"Polygon","arcs":[[-10902,-10998,-11054,-10952,-10936,10805,10806,10807,10808,10809,10810,10811,10812,10813,10814,10815,-11000]],"id":"feature_2643"},{"properties":{"zone":10},"type":"Polygon","arcs":[[-10817,-11070]],"id":"feature_2644"},{"properties":{"zone":10},"type":"Polygon","arcs":[[-10995,-11067]],"id":"feature_2645"},{"properties":{"zone":6},"type":"Polygon","arcs":[[-10996,-11073,-10818,-11071,10816,-11069]],"id":"feature_2646"},{"properties":{"zone":8},"type":"Polygon","arcs":[[10817,-11072]],"id":"feature_2647"},{"properties":{"zone":1},"type":"Polygon","arcs":[[11061]],"id":"feature_2648"},{"properties":{"zone":1},"type":"Polygon","arcs":[[10818,-11036]],"id":"feature_2649"},{"properties":{"zone":3},"type":"Polygon","arcs":[[10819,10820,10821,10822,10823,10824,-11024,10825]],"id":"feature_2650"},{"properties":{"zone":3},"type":"Polygon","arcs":[[10826,-10955,-11046,-10963,10827]],"id":"feature_2651"},{"properties":{"zone":1},"type":"Polygon","arcs":[[10828,-10970]],"id":"feature_2652"},{"properties":{"zone":1},"type":"Polygon","arcs":[[10829,-10852,10830,10831,10832,10833,10834,10835,10836,10837,10838,10839,10840,10841,10842,-10965,-10964,-10972,10843]],"id":"feature_2653"},{"properties":{"zone":3},"type":"Polygon","arcs":[[10844,10845,-10854]],"id":"feature_2654"},{"properties":{"zone":3},"type":"Polygon","arcs":[[10846,10847,10848,10849,10850,10851]],"id":"feature_2655"},{"properties":{"zone":5},"type":"Polygon","arcs":[[10852,10853,10854,10855]],"id":"feature_2656"},{"properties":{"zone":1},"type":"Polygon","arcs":[[10856,10857,10858,-11038]],"id":"feature_2657"},{"properties":{"zone":1},"type":"Polygon","arcs":[[-11063,10859]],"id":"feature_2658"},{"properties":{"zone":3},"type":"Polygon","arcs":[[-11044,-10960,10860,-10961]],"id":"feature_2659"},{"properties":{"zone":1},"type":"Polygon","arcs":[[10861,-11010]],"id":"feature_2660"},{"properties":{"zone":1},"type":"Polygon","arcs":[[10862,10863,10864,10865,10866,10867,10868,10869,10870,10871,10872,10873,10874,10875,10876,10877,10878,10879,10880,10881,10882,10883,10884,10885,10886,10887,10888,10889,10890,10891,10892,10893,10894,10895,10896,10897,10898,-11008]],"id":"feature_2661"},{"properties":{"zone":5},"type":"Polygon","arcs":[[-10944,10899,10900,-10938,-10948,-10941,-10946,-10942]],"id":"feature_2662"},{"properties":{"zone":5},"type":"Polygon","arcs":[[-10950,-10937]],"id":"feature_2663"},{"properties":{"zone":1},"type":"Polygon","arcs":[[10997,-10998,10901,-10999]],"id":"feature_2664"},{"properties":{"zone":1},"type":"Polygon","arcs":[[10902,10903,10904,10905,10906,10907,10908,10909,10910,10911,10912,10913,10914,10915,10916,-11006]],"id":"feature_2665"},{"properties":{"zone":1},"type":"Polygon","arcs":[[10917,10918,10919,10920,10921,10922,10923,10924,10925,10926,10927,10928,10929,10930,10931,10932,10933,10934,10935,-10951,10936,-10949,10937,10938,10939]],"id":"feature_2666"},{"properties":{"zone":1},"type":"Polygon","arcs":[[-10947,10940]],"id":"feature_2667"},{"properties":{"zone":1},"type":"Polygon","arcs":[[10941,-10945]],"id":"feature_2668"},{"properties":{"zone":7},"type":"Polygon","arcs":[[10942,10943,10944,10945,10946,10947,10948,10949,10950,10951,-11053,10952]],"id":"feature_2669"},{"properties":{"zone":7},"type":"Polygon","arcs":[[10953,-11047,10954,10955,10956]],"id":"feature_2670"},{"properties":{"zone":1},"type":"Polygon","arcs":[[10957,10958,10959,-11043]],"id":"feature_2671"},{"properties":{"zone":1},"type":"Polygon","arcs":[[11059]],"id":"feature_2672"},{"properties":{"zone":1},"type":"Polygon","arcs":[[11054]],"id":"feature_2673"},{"properties":{"zone":1},"type":"Polygon","arcs":[[11057]],"id":"feature_2674"},{"properties":{"zone":1},"type":"Polygon","arcs":[[11064]],"id":"feature_2675"},{"properties":{"zone":3},"type":"Polygon","arcs":[[-10993,-11021]],"id":"feature_2676"},{"properties":{"zone":1},"type":"Polygon","arcs":[[10960,10961,10962,-11045]],"id":"feature_2677"},{"properties":{"zone":8},"type":"Polygon","arcs":[[-10973,10963,10964,10965]],"id":"feature_2678"},{"properties":{"zone":3},"type":"Polygon","arcs":[[10966,10967,10968,10969,10970,10971,10972,10973,10974]],"id":"feature_2679"},{"properties":{"zone":8},"type":"Polygon","arcs":[[-11033,10975,-10981,10976,10977]],"id":"feature_2680"},{"properties":{"zone":11},"type":"Polygon","arcs":[[10978,-10987,-10986,10985,-10985,10979,10980]],"id":"feature_2681"},{"properties":{"zone":5},"type":"Polygon","arcs":[[10981,10982,10983,10984,-10986,10985,10986,10987,10988,10989]],"id":"feature_2682"},{"properties":{"zone":1},"type":"Polygon","arcs":[[11065]],"id":"feature_2683"},{"properties":{"zone":1},"type":"Polygon","arcs":[[11055]],"id":"feature_2684"},{"properties":{"zone":1},"type":"Polygon","arcs":[[11056]],"id":"feature_2685"},{"properties":{"zone":1},"type":"Polygon","arcs":[[10990,-11016]],"id":"feature_2686"},{"properties":{"zone":1},"type":"Polygon","arcs":[[10991,-11022,10992,-11020,10993]],"id":"feature_2687"},{"properties":{"zone":1},"type":"Polygon","arcs":[[10994,-11074,10995,-11068]],"id":"feature_2688"},{"properties":{"zone":1},"type":"Polygon","arcs":[[11060]],"id":"feature_2689"},{"properties":{"zone":1},"type":"Polygon","arcs":[[-11018,10996]],"id":"feature_2690"},{"properties":{"zone":5},"type":"Polygon","arcs":[[10997,10998,10999,11000,11001,11002,11003,11004,11005,11006,11007,11008,11009,11010,11011,-11013,11012,11013,11014,11015,11016,11017,11018,11019,11020,11021,11022,11023,11024,11025,11026,11027,11028,11029,11030,11031,11032,11033,11034,11035,11036,11037,11038,11039,11040,11041,11042,11043,11044,11045,11046,11047,11048,11049,11050,11051,11052,11053],[11054],[11055],[11056],[11057],[11058],[11059],[11060],[11061],[11062,11063],[11064],[11065],[11066,11067,11068,11069,11070,11071,11072,11073]],"id":"feature_2691"},{"properties":{"zone":1},"type":"Polygon","arcs":[[11074,11075,11076,11077,-11095,11078,11079,11080,11081,11082,11083]],"id":"feature_2692"},{"properties":{"zone":3},"type":"Polygon","arcs":[[-11397,-11121,-11088]],"id":"feature_2693"},{"properties":{"zone":1},"type":"Polygon","arcs":[[11084,11085,11086,-11097]],"id":"feature_2694"},{"properties":{"zone":5},"type":"Polygon","arcs":[[-11398,11087,-11120]],"id":"feature_2695"},{"properties":{"zone":1},"type":"Polygon","arcs":[[11088,11089,11090,-11394,-11104,-11102]],"id":"feature_2696"},{"properties":{"zone":5},"type":"Polygon","arcs":[[-11155,-11137,11091,11092,11093,11094,11095,11096,11097,11098,11099,11100,11101,-11103,-11106,-11113]],"id":"feature_2697"},{"properties":{"zone":3},"type":"Polygon","arcs":[[-11107,11102,11103,-11393,11104,-11109]],"id":"feature_2698"},{"properties":{"zone":8},"type":"Polygon","arcs":[[-11114,11105,11106]],"id":"feature_2699"},{"properties":{"zone":8},"type":"Polygon","arcs":[[11107,-11111,-11115,11108,11109,-11391]],"id":"feature_2700"},{"properties":{"zone":3},"type":"Polygon","arcs":[[11110,11111,-11389,-11388,11387,-11119,-11116]],"id":"feature_2701"},{"properties":{"zone":9},"type":"Polygon","arcs":[[-11189,-11156,11112,11113,11114,11115,-11118,-11135,-11131,-11117]],"id":"feature_2702"},{"properties":{"zone":8},"type":"Polygon","arcs":[[-11190,11116,-11129]],"id":"feature_2703"},{"properties":{"zone":8},"type":"Polygon","arcs":[[-11388,-11387,-11136,11117,11118]],"id":"feature_2704"},{"properties":{"zone":1},"type":"Polygon","arcs":[[-11127,-11399,11119,11120,-11396,11121,11122,11123,11124,11125]],"id":"feature_2705"},{"properties":{"zone":5},"type":"Polygon","arcs":[[11126,11127,-11133,-11400]],"id":"feature_2706"},{"properties":{"zone":3},"type":"Polygon","arcs":[[-11191,11128,-11130,-11168]],"id":"feature_2707"},{"properties":{"zone":8},"type":"Polygon","arcs":[[11169,-11169,11129,11130,-11134]],"id":"feature_2708"},{"properties":{"zone":3},"type":"Polygon","arcs":[[11131,-11401,11132]],"id":"feature_2709"},{"properties":{"zone":1},"type":"Polygon","arcs":[[-11187,-11157]],"id":"feature_2710"},{"properties":{"zone":3},"type":"Polygon","arcs":[[-11386,-11171,-11170,11133,11134,11135]],"id":"feature_2711"},{"properties":{"zone":1},"type":"Polygon","arcs":[[11136,-11154,11137,11138,11139,11140,11141]],"id":"feature_2712"},{"properties":{"zone":5},"type":"Polygon","arcs":[[11142,11143,11144,11145,-11160,-11147]],"id":"feature_2713"},{"properties":{"zone":1},"type":"Polygon","arcs":[[11146,11147,11148,11149]],"id":"feature_2714"},{"properties":{"zone":1},"type":"Polygon","arcs":[[-11158,-11185]],"id":"feature_2715"},{"properties":{"zone":6},"type":"Polygon","arcs":[[11150,11151,11152,11153,11154,11155,-11188,11156,-11186,11157,-11184,-11173,-11265,11158,11159]],"id":"feature_2716"},{"properties":{"zone":1},"type":"Polygon","arcs":[[-11332,11160,-11166]],"id":"feature_2717"},{"properties":{"zone":1},"type":"Polygon","arcs":[[11161,11162,11163,-11261]],"id":"feature_2718"},{"properties":{"zone":1},"type":"Polygon","arcs":[[-11259,11164]],"id":"feature_2719"},{"properties":{"zone":5},"type":"Polygon","arcs":[[-11333,11165,11166,-11200]],"id":"feature_2720"},{"properties":{"zone":1},"type":"Polygon","arcs":[[11167,11168,-11170,11169,11170,-11385,-11192]],"id":"feature_2721"},{"properties":{"zone":8},"type":"Polygon","arcs":[[-11183,-11283,11171,-11266,11172]],"id":"feature_2722"},{"properties":{"zone":3},"type":"Polygon","arcs":[[-11196,-11176]],"id":"feature_2723"},{"properties":{"zone":1},"type":"Polygon","arcs":[[11173,11174,-11257]],"id":"feature_2724"},{"properties":{"zone":1},"type":"Polygon","arcs":[[-11330,-11197,11175,11176,-11194,11177,11178,11179,11180,11181]],"id":"feature_2725"},{"properties":{"zone":5},"type":"Polygon","arcs":[[-11238,11237,-11241,-11284,11182,11183,11184,11185,11186,11187,11188,11189,11190,11191,-11384,-11239]],"id":"feature_2726"},{"properties":{"zone":6},"type":"Polygon","arcs":[[-11208,-11243,-11234,-11210,-11226,11192,11193,11194,11195,11196,-11329]],"id":"feature_2727"},{"properties":{"zone":1},"type":"Polygon","arcs":[[-11205,11197,11198]],"id":"feature_2728"},{"properties":{"zone":1},"type":"Polygon","arcs":[[11199,11200,-11207,-11334]],"id":"feature_2729"},{"properties":{"zone":5},"type":"Polygon","arcs":[[11201,11202,-11218,11203,11204]],"id":"feature_2730"},{"properties":{"zone":5},"type":"Polygon","arcs":[[11205,-11212,-11335,11206]],"id":"feature_2731"},{"properties":{"zone":1},"type":"Polygon","arcs":[[-11209,-11244,11207,-11328]],"id":"feature_2732"},{"properties":{"zone":5},"type":"Polygon","arcs":[[-11285,-11240,-11270]],"id":"feature_2733"},{"properties":{"zone":5},"type":"Polygon","arcs":[[-11221,-11245,11208,-11327]],"id":"feature_2734"},{"properties":{"zone":8},"type":"Polygon","arcs":[[11209,-11233,11210,-11227,-11222]],"id":"feature_2735"},{"properties":{"zone":1},"type":"Polygon","arcs":[[-11336,11211,11212,-11230]],"id":"feature_2736"},{"properties":{"zone":1},"type":"Polygon","arcs":[[11213,11214,11215,-11251,11216,11217,11218,11219]],"id":"feature_2737"},{"properties":{"zone":1},"type":"Polygon","arcs":[[-11293,-11246,11220,-11326]],"id":"feature_2738"},{"properties":{"zone":1},"type":"Polygon","arcs":[[11221,-11229,11222,11223,11224,11225]],"id":"feature_2739"},{"properties":{"zone":5},"type":"Polygon","arcs":[[11226,11227,11228]],"id":"feature_2740"},{"properties":{"zone":5},"type":"Polygon","arcs":[[-11337,11229,11230,-11275]],"id":"feature_2741"},{"properties":{"zone":9},"type":"Polygon","arcs":[[11231,11232,11233,-11247,-11349,11234,11235,11236]],"id":"feature_2742"},{"properties":{"zone":1},"type":"Polygon","arcs":[[-11238,11237,11238,-11383,-11271,11239,11240]],"id":"feature_2743"},{"properties":{"zone":2},"type":"Polygon","arcs":[[11241,-11249,-11316,-11269]],"id":"feature_2744"},{"properties":{"zone":8},"type":"Polygon","arcs":[[11242,11243,11244,11245,-11292,-11322,-11434,-11350,11246]],"id":"feature_2745"},{"properties":{"zone":1},"type":"Polygon","arcs":[[11247,-11317,11248]],"id":"feature_2746"},{"properties":{"zone":5},"type":"Polygon","arcs":[[11249,11250,11251,11252,11253,11254,11255,11256,11257,11258,11259,11260,11261,11262,11263,11264,11265,-11281,-11280,-11279,-11267,-11277,-11307]],"id":"feature_2747"},{"properties":{"zone":4},"type":"Polygon","arcs":[[-11278,11266]],"id":"feature_2748"},{"properties":{"zone":1},"type":"Polygon","arcs":[[-11403,11267,11268,-11315,-11309]],"id":"feature_2749"},{"properties":{"zone":1},"type":"Polygon","arcs":[[-11286,11269,11270,-11382,-11272]],"id":"feature_2750"},{"properties":{"zone":4},"type":"Polygon","arcs":[[-11288,-11273]],"id":"feature_2751"},{"properties":{"zone":1},"type":"Polygon","arcs":[[-11294,-11324,-11343,-11296]],"id":"feature_2752"},{"properties":{"zone":5},"type":"Polygon","arcs":[[-11287,11271,-11381,-11291,-11289,11272]],"id":"feature_2753"},{"properties":{"zone":1},"type":"Polygon","arcs":[[11273,-11297,-11338,11274]],"id":"feature_2754"},{"properties":{"zone":4},"type":"Polygon","arcs":[[11275]],"id":"feature_2755"},{"properties":{"zone":8},"type":"Polygon","arcs":[[-11304,-11308,11276,11277,11278,11279,11280,11281,11282,11283,11284,11285,11286,11287,11288,-11290,-11300,-11378]],"id":"feature_2756"},{"properties":{"zone":1},"type":"Polygon","arcs":[[-11380,-11301,11289,11290]],"id":"feature_2757"},{"properties":{"zone":5},"type":"Polygon","arcs":[[-11295,-11355,-11323,11291,11292,-11325,11293]],"id":"feature_2758"},{"properties":{"zone":3},"type":"Polygon","arcs":[[-11342,-11356,11294,11295]],"id":"feature_2759"},{"properties":{"zone":3},"type":"Polygon","arcs":[[11296,11297,-11320,-11339]],"id":"feature_2760"},{"properties":{"zone":4},"type":"Polygon","arcs":[[11298]],"id":"feature_2761"},{"properties":{"zone":1},"type":"Polygon","arcs":[[-11310,-11311,-11303,-11405]],"id":"feature_2762"},{"properties":{"zone":4},"type":"Polygon","arcs":[[-11302,-11407]],"id":"feature_2763"},{"properties":{"zone":5},"type":"Polygon","arcs":[[11299,11300,-11379]],"id":"feature_2764"},{"properties":{"zone":5},"type":"Polygon","arcs":[[11301,-11406,11302,-11313,-11408]],"id":"feature_2765"},{"properties":{"zone":5},"type":"Polygon","arcs":[[-11305,11303,-11377]],"id":"feature_2766"},{"properties":{"zone":1},"type":"Polygon","arcs":[[11304,-11376,11305,11306,11307]],"id":"feature_2767"},{"properties":{"zone":5},"type":"Polygon","arcs":[[-11404,11308,-11314,-11410,-11312,11309]],"id":"feature_2768"},{"properties":{"zone":10},"type":"Polygon","arcs":[[11310,11311,-11409,11312]],"id":"feature_2769"},{"properties":{"zone":3},"type":"Polygon","arcs":[[11313,11314,11315,11316,11317,-11458,-11411],[11318]],"id":"feature_2770"},{"properties":{"zone":6},"type":"Polygon","arcs":[[-11340,11319,11320,-11358]],"id":"feature_2771"},{"properties":{"zone":1},"type":"Polygon","arcs":[[11321,11322,-11354,-11435]],"id":"feature_2772"},{"properties":{"zone":7},"type":"Polygon","arcs":[[-11344,11323,11324,11325,11326,11327,11328,11329,11330,11331,11332,11333,11334,11335,11336,11337,11338,11339,-11360,-11363]],"id":"feature_2773"},{"properties":{"zone":8},"type":"Polygon","arcs":[[11340,-11483,-11357,11341,11342,11343,-11362]],"id":"feature_2774"},{"properties":{"zone":1},"type":"Polygon","arcs":[[-11433,11344,11345,11346,11347,11348,11349]],"id":"feature_2775"},{"properties":{"zone":1},"type":"Polygon","arcs":[[11350,11351,11352,-11431]],"id":"feature_2776"},{"properties":{"zone":6},"type":"Polygon","arcs":[[-11366,-11436,11353,11354,11355,11356,-11482,-11472]],"id":"feature_2777"},{"properties":{"zone":1},"type":"Polygon","arcs":[[11357,11358,-11364,11359]],"id":"feature_2778"},{"properties":{"zone":5},"type":"Polygon","arcs":[[-11485,11360,11361,11362,11363,11364,-11367,-11492]],"id":"feature_2779"},{"properties":{"zone":11},"type":"Polygon","arcs":[[-11437,11365,-11471,-11475]],"id":"feature_2780"},{"properties":{"zone":1},"type":"Polygon","arcs":[[-11371,-11488,11366,11367]],"id":"feature_2781"},{"properties":{"zone":1},"type":"Polygon","arcs":[[11368,-11463]],"id":"feature_2782"},{"properties":{"zone":1},"type":"Polygon","arcs":[[11369,-11374,-11418]],"id":"feature_2783"},{"properties":{"zone":3},"type":"Polygon","arcs":[[-11489,11370,11371,-11447,11372]],"id":"feature_2784"},{"properties":{"zone":5},"type":"Polygon","arcs":[[-11414,-11415,-11441]],"id":"feature_2785"},{"properties":{"zone":6},"type":"Polygon","arcs":[[-11419,11373,11374,11375,11376,11377,11378,11379,11380,11381,11382,11383,11384,11385,11386,11387,11388,11389,11390,11391,11392,11393,11394,11395,11396,11397,11398,11399,11400,11401,11402,11403,11404,11405,11406,11407,11408,11409,11410,-11457,-11422,11411,11412,-11420,-11517,-11416,11413,-11440]],"id":"feature_2786"},{"properties":{"zone":1},"type":"Polygon","arcs":[[11414,11415,-11516,-11442]],"id":"feature_2787"},{"properties":{"zone":5},"type":"Polygon","arcs":[[-11426,-11494,11416,11417,11418,-11439]],"id":"feature_2788"},{"properties":{"zone":9},"type":"Polygon","arcs":[[-11514,-11443]],"id":"feature_2789"},{"properties":{"zone":1},"type":"Polygon","arcs":[[-11424,-11518,11419,11420,-11454]],"id":"feature_2790"},{"properties":{"zone":1},"type":"Polygon","arcs":[[11421,-11456]],"id":"feature_2791"},{"properties":{"zone":4},"type":"Polygon","arcs":[[11422,-11452,-11467,-11519,11423]],"id":"feature_2792"},{"properties":{"zone":1},"type":"Polygon","arcs":[[-11428,11424]],"id":"feature_2793"},{"properties":{"zone":3},"type":"Polygon","arcs":[[11425,-11438,-11495]],"id":"feature_2794"},{"properties":{"zone":5},"type":"Polygon","arcs":[[11426,11427,11428,11429,11430,11431,11432,11433,11434,11435,11436,-11474,-11478]],"id":"feature_2795"},{"properties":{"zone":8},"type":"Polygon","arcs":[[-11496,11437,11438,11439,11440,11441,-11515,11442,-11513,-11449,-11501,-11510]],"id":"feature_2796"},{"properties":{"zone":4},"type":"Polygon","arcs":[[11486]],"id":"feature_2797"},{"properties":{"zone":9},"type":"Polygon","arcs":[[-11465,11443,-11445]],"id":"feature_2798"},{"properties":{"zone":8},"type":"Polygon","arcs":[[-11555,-11466,11444,11445,-11539,-11524]],"id":"feature_2799"},{"properties":{"zone":1},"type":"Polygon","arcs":[[11446,11447]],"id":"feature_2800"},{"properties":{"zone":3},"type":"Polygon","arcs":[[11448,-11512,-11502]],"id":"feature_2801"},{"properties":{"zone":1},"type":"Polygon","arcs":[[-11451,11449,-11469]],"id":"feature_2802"},{"properties":{"zone":5},"type":"Polygon","arcs":[[11450,-11468,11451,11452,11453,11454,11455,11456,11457,11458,11459,11460,11461,11462,11463,11464,11465,-11554,-11522]],"id":"feature_2803"},{"properties":{"zone":1},"type":"Polygon","arcs":[[-11537,-11525]],"id":"feature_2804"},{"properties":{"zone":10},"type":"Polygon","arcs":[[-11532,-11520,11466,11467,11468,11469]],"id":"feature_2805"},{"properties":{"zone":5},"type":"Polygon","arcs":[[11470,11471,-11481,11472,-11476]],"id":"feature_2806"},{"properties":{"zone":12},"type":"Polygon","arcs":[[-11479,11473,11474,11475,11476]],"id":"feature_2807"},{"properties":{"zone":3},"type":"Polygon","arcs":[[-11508,-11497]],"id":"feature_2808"},{"properties":{"zone":11},"type":"Polygon","arcs":[[11477,11478,11479]],"id":"feature_2809"},{"properties":{"zone":3},"type":"Polygon","arcs":[[11480,11481,11482,11483,11484,-11491,11485],[11486]],"id":"feature_2810"},{"properties":{"zone":7},"type":"Polygon","arcs":[[11487,11488,11489,11490,11491]],"id":"feature_2811"},{"properties":{"zone":1},"type":"Polygon","arcs":[[-11507,-11499,11492,11493,11494,11495,-11509,11496]],"id":"feature_2812"},{"properties":{"zone":1},"type":"Polygon","arcs":[[-11526,-11535,-11500]],"id":"feature_2813"},{"properties":{"zone":3},"type":"Polygon","arcs":[[11497,11498,-11506,-11503]],"id":"feature_2814"},{"properties":{"zone":3},"type":"Polygon","arcs":[[-11562,-11550]],"id":"feature_2815"},{"properties":{"zone":3},"type":"Polygon","arcs":[[11499,-11534,-11527]],"id":"feature_2816"},{"properties":{"zone":1},"type":"Polygon","arcs":[[11500,11501,-11511]],"id":"feature_2817"},{"properties":{"zone":1},"type":"Polygon","arcs":[[11502,-11505,11503]],"id":"feature_2818"},{"properties":{"zone":5},"type":"Polygon","arcs":[[11504,11505,11506,11507,11508,11509,11510,11511,11512,11513,11514,11515,11516,11517,11518,11519,-11531,-11530,-11529,11520]],"id":"feature_2819"},{"properties":{"zone":12},"type":"Polygon","arcs":[[11521,-11553,11522]],"id":"feature_2820"},{"properties":{"zone":5},"type":"Polygon","arcs":[[-11556,11523,-11538,11524,-11536,11525,11526,-11552,11527]],"id":"feature_2821"},{"properties":{"zone":11},"type":"Polygon","arcs":[[11528,11529,11530,11531,11532]],"id":"feature_2822"},{"properties":{"zone":6},"type":"Polygon","arcs":[[11533,11534,11535,11536,11537,11538,11539,-11600,11540,11541,11542,11543,11544,11545,11546,11547,11548,-11563,11549,-11561,-11558,-11559,-11567,11550,11551]],"id":"feature_2823"},{"properties":{"zone":11},"type":"Polygon","arcs":[[11552,11553,11554,11555,11556]],"id":"feature_2824"},{"properties":{"zone":1},"type":"Polygon","arcs":[[-11560,11557]],"id":"feature_2825"},{"properties":{"zone":5},"type":"Polygon","arcs":[[11558,11559,11560,11561,11562,11563,-11595,11564,-11594,-11590,-11568]],"id":"feature_2826"},{"properties":{"zone":10},"type":"Polygon","arcs":[[-11569,11565,11566,11567]],"id":"feature_2827"},{"properties":{"zone":5},"type":"Polygon","arcs":[[11568,-11589,11569,-11587,-11592,11570]],"id":"feature_2828"},{"properties":{"zone":7},"type":"Polygon","arcs":[[11571,-11573,-11575]],"id":"feature_2829"},{"properties":{"zone":5},"type":"Polygon","arcs":[[11572,11573,-11582,-11576]],"id":"feature_2830"},{"properties":{"zone":4},"type":"Polygon","arcs":[[-11580,-11577]],"id":"feature_2831"},{"properties":{"zone":1},"type":"Polygon","arcs":[[11574,11575,-11581,11576,-11579,11577]],"id":"feature_2832"},{"properties":{"zone":3},"type":"Polygon","arcs":[[11578,11579,11580,11581,11582]],"id":"feature_2833"},{"properties":{"zone":3},"type":"Polygon","arcs":[[-11585,11583]],"id":"feature_2834"},{"properties":{"zone":1},"type":"Polygon","arcs":[[11584,11585]],"id":"feature_2835"},{"properties":{"zone":10},"type":"Polygon","arcs":[[11586,11587,11588,11589,-11593]],"id":"feature_2836"},{"properties":{"zone":1},"type":"Polygon","arcs":[[11590,11591,11592,11593]],"id":"feature_2837"},{"properties":{"zone":1},"type":"Polygon","arcs":[[11594,11595]],"id":"feature_2838"},{"properties":{"zone":1},"type":"Polygon","arcs":[[11596,11597,11598,11599,11600,11601]],"id":"feature_2839"},{"properties":{"zone":8},"type":"Polygon","arcs":[[-11651,-11828,-11779]],"id":"feature_2840"},{"properties":{"zone":8},"type":"Polygon","arcs":[[-11830,-11650]],"id":"feature_2841"},{"properties":{"zone":8},"type":"Polygon","arcs":[[-11648,-11765,-11813]],"id":"feature_2842"},{"properties":{"zone":8},"type":"Polygon","arcs":[[11602,-11727,11603,-11624]],"id":"feature_2843"},{"properties":{"zone":8},"type":"Polygon","arcs":[[-11608,11604,-12045,-11750,-11889,-11768,-12130,-11767,11605,-11653]],"id":"feature_2844"},{"properties":{"zone":8},"type":"Polygon","arcs":[[11606,11607,-11652]],"id":"feature_2845"},{"properties":{"zone":8},"type":"Polygon","arcs":[[11608,-11659,-11844,11609,-11842,-11759]],"id":"feature_2846"},{"properties":{"zone":8},"type":"Polygon","arcs":[[-11619,11610,-11731]],"id":"feature_2847"},{"properties":{"zone":8},"type":"Polygon","arcs":[[-11812,11611,-11716,11612,-11831,-11649]],"id":"feature_2848"},{"properties":{"zone":8},"type":"Polygon","arcs":[[-11662,11613,-12032,-11846,-11660,-11790,-11656]],"id":"feature_2849"},{"properties":{"zone":8},"type":"Polygon","arcs":[[-11788,-11917,-11654]],"id":"feature_2850"},{"properties":{"zone":8},"type":"Polygon","arcs":[[11614,-11839,-11715,-11620,-11711]],"id":"feature_2851"},{"properties":{"zone":8},"type":"Polygon","arcs":[[-11629,-12129,-11740,11615]],"id":"feature_2852"},{"properties":{"zone":8},"type":"Polygon","arcs":[[-12117,11616,-11657,-11795,11617,-11980]],"id":"feature_2853"},{"properties":{"zone":8},"type":"Polygon","arcs":[[11618,-11730,-11646]],"id":"feature_2854"},{"properties":{"zone":8},"type":"Polygon","arcs":[[11619,-11714,-11982,-11748,-11855,-11744,11620,-12098,-11712]],"id":"feature_2855"},{"properties":{"zone":8},"type":"Polygon","arcs":[[-11732,11621,-11645,11622,11623,-11725,-11963,-11804,-12036]],"id":"feature_2856"},{"properties":{"zone":12},"type":"Polygon","arcs":[[-11754,11624]],"id":"feature_2857"},{"properties":{"zone":10},"type":"Polygon","arcs":[[-11946,-11738]],"id":"feature_2858"},{"properties":{"zone":7},"type":"Polygon","arcs":[[-11806,-11993,-11752,11625,-12042,11626]],"id":"feature_2859"},{"properties":{"zone":7},"type":"Polygon","arcs":[[-11937,-11825,-11742,11627,-12126,11628,11629,-11739,-11944,11630,11631,11895,11632,11633,-11722,11634,-11665,11635,11636,11637,11638,11639,11640,-11905,-11904,-11666,-12007,11641,-11881,11642,-12060,-12132,-11953,11643]],"id":"feature_2860"},{"properties":{"zone":9},"type":"Polygon","arcs":[[-11729,11644,11645]],"id":"feature_2861"},{"properties":{"zone":9},"type":"Polygon","arcs":[[11646,11647,11648,11649,-11829,11650,11651,11652]],"id":"feature_2862"},{"properties":{"zone":9},"type":"Polygon","arcs":[[-11789,11653,-11916,11654,11655]],"id":"feature_2863"},{"properties":{"zone":9},"type":"Polygon","arcs":[[11656,11657,-12115,-11796]],"id":"feature_2864"},{"properties":{"zone":5},"type":"Polygon","arcs":[[-11845,11658,-12090,11659]],"id":"feature_2865"},{"properties":{"zone":5},"type":"Polygon","arcs":[[11660,-12034,11661,11662,-11914]],"id":"feature_2866"},{"properties":{"zone":5},"type":"Polygon","arcs":[[-11747,-11856,-11746,-11852]],"id":"feature_2867"},{"properties":{"zone":5},"type":"Polygon","arcs":[[11663,11664]],"id":"feature_2868"},{"properties":{"zone":5},"type":"Polygon","arcs":[[11665,11903,-11903,11666,11667,11668,11669,-12010,11670,-12008]],"id":"feature_2869"},{"properties":{"zone":5},"type":"Polygon","arcs":[[-11880,11671,-11820,11672,-12064,11673,-12062,11674]],"id":"feature_2870"},{"properties":{"zone":5},"type":"Polygon","arcs":[[11675,11676,11677,11678,11679,11680,11681,11682,11683,11684,11685,11686,11687,11688,11689,11690,-11912,11691,11692,11693,11694,11695,11696,11697,11698,11699,11700,11701,11702,11703,11704,11705,11706,11707]],"id":"feature_2871"},{"properties":{"zone":5},"type":"Polygon","arcs":[[-11809,-11988,-11987,11708,-11836,-11879,11709,11710,11711,-12097]],"id":"feature_2872"},{"properties":{"zone":5},"type":"Polygon","arcs":[[11712,-11983,11713,11714,-11838,-11970,-11969]],"id":"feature_2873"},{"properties":{"zone":5},"type":"Polygon","arcs":[[-11763,-11858,-11783,11715,11716,-11810,-11764,-11815]],"id":"feature_2874"},{"properties":{"zone":5},"type":"Polygon","arcs":[[-12121,11717,-11823,-11932,11718,-12066]],"id":"feature_2875"},{"properties":{"zone":5},"type":"Polygon","arcs":[[12074,11719,12077,11720]],"id":"feature_2876"},{"properties":{"zone":5},"type":"Polygon","arcs":[[11721,11722]],"id":"feature_2877"},{"properties":{"zone":5},"type":"Polygon","arcs":[[11723,-11776,-11935,-11786,-12102,-11964,11724,11725,11726,11727,11728,11729,11730,11731,-12035,11732,11733,11734,-11901,11735,-11899,11736,-11947,11737,-11945,11738,11739,-12128,11740,11741,-11824,-11939]],"id":"feature_2878"},{"properties":{"zone":5},"type":"Polygon","arcs":[[-11808,-12100,11742,11743,11744,-11853,11745,-11857,11746,-11851,11747,-11981,11748,-11990]],"id":"feature_2879"},{"properties":{"zone":5},"type":"Polygon","arcs":[[11749,-12044,11750,11751,-11992,-11991,11990,-11998,11752,11753,11754,-12003,-11771,-11941,-11770,-11890]],"id":"feature_2880"},{"properties":{"zone":5},"type":"Polygon","arcs":[[-11792,-11865,11755,-11887,11756,-11867,-11791,-12088,11757,-12092,11758,-11841,11759,-12005,11760,-12086,11761,-11863,-11784,11762,-11816,11763,-11814,11764,11765,11766,-12131,11767,-11892,11768,11769,-11942,11770,11771,-11861,11772,-11999,11773,-12095,11774,-11974,-11875]],"id":"feature_2881"},{"properties":{"zone":5},"type":"Polygon","arcs":[[-11936,11775,11776,-12046,11777,11778,-11827,-11949,11779,-11952,11780,-11833,11781,11782,-11859,11783,-11862,-12072,11784,-12039,-12103,11785]],"id":"feature_2882"},{"properties":{"zone":5},"type":"Polygon","arcs":[[-11874,11786,-11800,-12048,-11799,-11918,11787,11788,11789,-12089,11790,-11866,11791]],"id":"feature_2883"},{"properties":{"zone":5},"type":"Polygon","arcs":[[11792,-11978,11793,11794,11795,11796,-12113,-11850,11797,11798,-12049,11799,11800,-11872,11801,-11958,-12139,11802,-11955]],"id":"feature_2884"},{"properties":{"zone":5},"type":"Polygon","arcs":[[-12109,-12037,11803,-11962]],"id":"feature_2885"},{"properties":{"zone":5},"type":"Polygon","arcs":[[11804,-11994,11805,11806,-11996]],"id":"feature_2886"},{"properties":{"zone":5},"type":"Polygon","arcs":[[11807,-11989,11808,-12101]],"id":"feature_2887"},{"properties":{"zone":3},"type":"Polygon","arcs":[[11809,11810,11811,11812,11813]],"id":"feature_2888"},{"properties":{"zone":3},"type":"Polygon","arcs":[[11814,11815]],"id":"feature_2889"},{"properties":{"zone":3},"type":"Polygon","arcs":[[11816,-11967]],"id":"feature_2890"},{"properties":{"zone":3},"type":"Polygon","arcs":[[11817,-12119,11818,-12124,11819,11820,-11883,11821,-11933,11822]],"id":"feature_2891"},{"properties":{"zone":3},"type":"Polygon","arcs":[[-11940,11823,11824]],"id":"feature_2892"},{"properties":{"zone":3},"type":"Polygon","arcs":[[11825,-11950,11826,11827,11828,11829,11830,11831,11832]],"id":"feature_2893"},{"properties":{"zone":3},"type":"Polygon","arcs":[[-11965,11833]],"id":"feature_2894"},{"properties":{"zone":3},"type":"Polygon","arcs":[[11834,11835,11836,-11971,-11970,11969,11837,11838]],"id":"feature_2895"},{"properties":{"zone":3},"type":"Polygon","arcs":[[11839,11840,11841,11842,11843,11844,11845,11846,-12030,11847,-12028]],"id":"feature_2896"},{"properties":{"zone":1},"type":"Polygon","arcs":[[11848,11849,-12112]],"id":"feature_2897"},{"properties":{"zone":1},"type":"Polygon","arcs":[[11850,11851,11852,11853,11854]],"id":"feature_2898"},{"properties":{"zone":1},"type":"Polygon","arcs":[[11855,11856]],"id":"feature_2899"},{"properties":{"zone":1},"type":"Polygon","arcs":[[11857,11858]],"id":"feature_2900"},{"properties":{"zone":1},"type":"Polygon","arcs":[[11859,-12001,11860]],"id":"feature_2901"},{"properties":{"zone":1},"type":"Polygon","arcs":[[-12073,11861,11862]],"id":"feature_2902"},{"properties":{"zone":1},"type":"Polygon","arcs":[[-11885,11863,11864,11865,11866,11867]],"id":"feature_2903"},{"properties":{"zone":1},"type":"Polygon","arcs":[[11868,-11876,11869,-11960,11870,11871,11872,11873,11874,-11973]],"id":"feature_2904"},{"properties":{"zone":1},"type":"Polygon","arcs":[[11875,11876]],"id":"feature_2905"},{"properties":{"zone":1},"type":"Polygon","arcs":[[11877,11878]],"id":"feature_2906"},{"properties":{"zone":1},"type":"Polygon","arcs":[[11879,11880,11881,11882,11883]],"id":"feature_2907"},{"properties":{"zone":1},"type":"Polygon","arcs":[[11884,11885,11886,11887]],"id":"feature_2908"},{"properties":{"zone":1},"type":"Polygon","arcs":[[11888,11889,11890,11891]],"id":"feature_2909"},{"properties":{"zone":1},"type":"Polygon","arcs":[[11892,11893]],"id":"feature_2910"},{"properties":{"zone":1},"type":"Polygon","arcs":[[11894,11895,11896,11897,11898,11899,11900]],"id":"feature_2911"},{"properties":{"zone":1},"type":"Polygon","arcs":[[11901,11902,-11904,11903,11904,11905,11906,11907,11908,11909,11910,11911]],"id":"feature_2912"},{"properties":{"zone":1},"type":"Polygon","arcs":[[11912,11913,11914,11915,11916,11917]],"id":"feature_2913"},{"properties":{"zone":1},"type":"Polygon","arcs":[[11918,11919,11920,11921,11922,11923,11924,11925,11926,11927,11928,11929,11930]],"id":"feature_2914"},{"properties":{"zone":1},"type":"Polygon","arcs":[[11931,11932,11933]],"id":"feature_2915"},{"properties":{"zone":1},"type":"Polygon","arcs":[[11934,11935]],"id":"feature_2916"},{"properties":{"zone":1},"type":"Polygon","arcs":[[11936,11937,11938,11939]],"id":"feature_2917"},{"properties":{"zone":1},"type":"Polygon","arcs":[[11940,11941]],"id":"feature_2918"},{"properties":{"zone":1},"type":"Polygon","arcs":[[11942,11943,11944,11945,11946]],"id":"feature_2919"},{"properties":{"zone":1},"type":"Polygon","arcs":[[11947,11948,11949,11950,11951]],"id":"feature_2920"},{"properties":{"zone":1},"type":"Polygon","arcs":[[11952,-12135,11953]],"id":"feature_2921"},{"properties":{"zone":1},"type":"Polygon","arcs":[[11954,11955,-12137,11956,-12140,11957,11958,11959,11960]],"id":"feature_2922"},{"properties":{"zone":1},"type":"Polygon","arcs":[[11961,11962,11963,-12110]],"id":"feature_2923"},{"properties":{"zone":1},"type":"Polygon","arcs":[[11964,11965,11966,11967,11968,11969,11970,11971]],"id":"feature_2924"},{"properties":{"zone":1},"type":"Polygon","arcs":[[11972,11973,11974,-12093,11975]],"id":"feature_2925"},{"properties":{"zone":1},"type":"Polygon","arcs":[[11976,11977,11978,-12118,11979]],"id":"feature_2926"},{"properties":{"zone":1},"type":"Polygon","arcs":[[11980,11981,11982,11983]],"id":"feature_2927"},{"properties":{"zone":1},"type":"Polygon","arcs":[[11984,-14208,11985,11986,11987,11988,11989]],"id":"feature_2928"},{"properties":{"zone":1},"type":"Polygon","arcs":[[-11991,11990,11991,11992,11993,11994,11995,11996,11997]],"id":"feature_2929"},{"properties":{"zone":1},"type":"Polygon","arcs":[[11998,11999,12000,12001,12002,12003]],"id":"feature_2930"},{"properties":{"zone":1},"type":"Polygon","arcs":[[12004,12005]],"id":"feature_2931"},{"properties":{"zone":1},"type":"Polygon","arcs":[[12006,12007,12008,12009,12010,12011,12012,12013,12014,12015,12016,12017,12018,12019,12020,12021,12022,12023,12024,-12050,12025]],"id":"feature_2932"},{"properties":{"zone":1},"type":"Polygon","arcs":[[12026,12027,12028,12029,12030,12031,12032,12033]],"id":"feature_2933"},{"properties":{"zone":1},"type":"Polygon","arcs":[[12034,12035,12036,-12108,12037]],"id":"feature_2934"},{"properties":{"zone":1},"type":"Polygon","arcs":[[-12104,12038,12039,-12070,12040]],"id":"feature_2935"},{"properties":{"zone":1},"type":"Polygon","arcs":[[12041,12042,12043,12044,12045,12046]],"id":"feature_2936"},{"properties":{"zone":1},"type":"Polygon","arcs":[[12047,12048]],"id":"feature_2937"},{"properties":{"zone":1},"type":"Polygon","arcs":[[12049,12050,12051,12052,12053,12054,12055,12056,12057,12058]],"id":"feature_2938"},{"properties":{"zone":1},"type":"Polygon","arcs":[[-12133,12059,12060,12061,12062,12063,12064,-12122,12065,12066]],"id":"feature_2939"},{"properties":{"zone":1},"type":"Polygon","arcs":[[12067,-12106]],"id":"feature_2940"},{"properties":{"zone":1},"type":"Polygon","arcs":[[-12083,-12082,-12081,12080,-12080,12068,12069,12070,12071,12072,12073,12074,12075,-12084]],"id":"feature_2941"},{"properties":{"zone":1},"type":"Polygon","arcs":[[12076,12077,12078,12079,-12081,12080,12081,12082,12083]],"id":"feature_2942"},{"properties":{"zone":1},"type":"Polygon","arcs":[[12084,12085]],"id":"feature_2943"},{"properties":{"zone":1},"type":"Polygon","arcs":[[12086,12087,12088,12089,12090,12091]],"id":"feature_2944"},{"properties":{"zone":1},"type":"Polygon","arcs":[[12092,12093,12094,12095]],"id":"feature_2945"},{"properties":{"zone":1},"type":"Polygon","arcs":[[12096,12097,12098,12099,12100]],"id":"feature_2946"},{"properties":{"zone":6},"type":"Polygon","arcs":[[12101,12102,12103,12104,12105,12106,12107,12108,12109]],"id":"feature_2947"},{"properties":{"zone":6},"type":"Polygon","arcs":[[12110,12111,12112,12113,12114,12115,12116,12117]],"id":"feature_2948"},{"properties":{"zone":4},"type":"Polygon","arcs":[[12118,12119,12120,12121,12122,12123,12124]],"id":"feature_2949"},{"properties":{"zone":4},"type":"Polygon","arcs":[[12125,12126,12127,12128]],"id":"feature_2950"},{"properties":{"zone":4},"type":"Polygon","arcs":[[12129,12130]],"id":"feature_2951"},{"properties":{"zone":2},"type":"Polygon","arcs":[[12131,12132,12133,12134]],"id":"feature_2952"},{"properties":{"zone":2},"type":"Polygon","arcs":[[12135,12136,12137,12138,12139]],"id":"feature_2953"},{"properties":{"zone":5},"type":"Polygon","arcs":[[12140,-12214,12141,12142,-12208,12143,-12206]],"id":"feature_2954"},{"properties":{"zone":9},"type":"Polygon","arcs":[[-12185,-12150]],"id":"feature_2955"},{"properties":{"zone":5},"type":"Polygon","arcs":[[12144,-12148,-12188]],"id":"feature_2956"},{"properties":{"zone":5},"type":"Polygon","arcs":[[-12192,-12191,12145,12146]],"id":"feature_2957"},{"properties":{"zone":8},"type":"Polygon","arcs":[[-12184,-12183,12182,-12155,-12158,-12189,12147,12148,-12186,12149]],"id":"feature_2958"},{"properties":{"zone":5},"type":"Polygon","arcs":[[-12152,12150]],"id":"feature_2959"},{"properties":{"zone":5},"type":"Polygon","arcs":[[12151,12152,-12165,12153]],"id":"feature_2960"},{"properties":{"zone":5},"type":"Polygon","arcs":[[-12159,12154,-12183,-12182,12155]],"id":"feature_2961"},{"properties":{"zone":8},"type":"Polygon","arcs":[[12156,-12191,-12190,12157,12158,12159]],"id":"feature_2962"},{"properties":{"zone":5},"type":"Polygon","arcs":[[12160,-12194,-12200,12161,-12196]],"id":"feature_2963"},{"properties":{"zone":5},"type":"Polygon","arcs":[[12162]],"id":"feature_2964"},{"properties":{"zone":6},"type":"Polygon","arcs":[[-12180,-12171,12163]],"id":"feature_2965"},{"properties":{"zone":10},"type":"Polygon","arcs":[[12164,12165]],"id":"feature_2966"},{"properties":{"zone":5},"type":"Polygon","arcs":[[-12217,-12210,12166]],"id":"feature_2967"},{"properties":{"zone":5},"type":"Polygon","arcs":[[-12176,-12211,12167]],"id":"feature_2968"},{"properties":{"zone":5},"type":"Polygon","arcs":[[12168,-12198]],"id":"feature_2969"},{"properties":{"zone":6},"type":"Polygon","arcs":[[-12174,-12173,12172,-12172,-12178,12169]],"id":"feature_2970"},{"properties":{"zone":5},"type":"Polygon","arcs":[[12170,-12179,12171,-12173,12172,12173,12174]],"id":"feature_2971"},{"properties":{"zone":7},"type":"Polygon","arcs":[[12175,12176,12177,12178,12179,12180,12181,12182,12183,12184,12185,12186,12187,12188,12189,12190,12191,12192,-12201,12193,12194,12195,12196,12197,12198,-12212]],"id":"feature_2972"},{"properties":{"zone":10},"type":"Polygon","arcs":[[12199,12200,12201,-12221,-12219,12202,12203]],"id":"feature_2973"},{"properties":{"zone":7},"type":"Polygon","arcs":[[-12216,12204,12205,12206,12207,12208,12209]],"id":"feature_2974"},{"properties":{"zone":10},"type":"Polygon","arcs":[[12210,12211,12212,12213,12214,12215,12216,12217]],"id":"feature_2975"},{"properties":{"zone":5},"type":"Polygon","arcs":[[12218,-12223,12219]],"id":"feature_2976"},{"properties":{"zone":7},"type":"Polygon","arcs":[[12220,12221,12222]],"id":"feature_2977"},{"properties":{"zone":1},"type":"Polygon","arcs":[[-12422,12422,12421]],"id":"feature_2978"},{"properties":{"zone":1},"type":"Polygon","arcs":[[12639,-12640]],"id":"feature_2979"},{"properties":{"zone":5},"type":"Polygon","arcs":[[12223,12224,12225,12226,-12313]],"id":"feature_2980"},{"properties":{"zone":5},"type":"Polygon","arcs":[[12227,-12309]],"id":"feature_2981"},{"properties":{"zone":5},"type":"Polygon","arcs":[[-12258,12228,-12252,12229,12230]],"id":"feature_2982"},{"properties":{"zone":8},"type":"Polygon","arcs":[[-12238,12231,12232,12233,-12376]],"id":"feature_2983"},{"properties":{"zone":5},"type":"Polygon","arcs":[[12234,12235,-12319,12236,12237,-12375]],"id":"feature_2984"},{"properties":{"zone":1},"type":"Polygon","arcs":[[12238,-12354]],"id":"feature_2985"},{"properties":{"zone":5},"type":"Polygon","arcs":[[-12390,12239,-12665]],"id":"feature_2986"},{"properties":{"zone":7},"type":"Polygon","arcs":[[-12680,-12426,12240]],"id":"feature_2987"},{"properties":{"zone":1},"type":"Polygon","arcs":[[12241,12242,12243,12244,12245,12246,12247,12248,12249,12250,12251,12252,12253,12254,-12623,-12622,-12621]],"id":"feature_2988"},{"properties":{"zone":5},"type":"Polygon","arcs":[[-12664,-12358,-12387,-12684]],"id":"feature_2989"},{"properties":{"zone":1},"type":"Polygon","arcs":[[-12291,-12290,12255,12256,12257,12258,12259,12260,12261,12262,12263,12264,12265,12266,12267]],"id":"feature_2990"},{"properties":{"zone":6},"type":"Polygon","arcs":[[-12298,-12297,12268,-12509,-12342,-12341,-12340,12269,12270,-12335,12271,12272]],"id":"feature_2991"},{"properties":{"zone":3},"type":"Polygon","arcs":[[-12291,12273,12274,12275,12276,12277,12278,12279,12280,12281,12282,12283,12284,12285,12286,12287,12288,12289,12290]],"id":"feature_2992"},{"properties":{"zone":1},"type":"Polygon","arcs":[[12291,12292,12293,12294,12295,12296,12297]],"id":"feature_2993"},{"properties":{"zone":8},"type":"Polygon","arcs":[[12298,12299,12300,12301,12302,12303,12304,12305,-12693,12306,-12631,-12611,-12636,-12446,-12652,-12364,-12572]],"id":"feature_2994"},{"properties":{"zone":1},"type":"Polygon","arcs":[[12307,12308,12309,12310,12311,12312,12313,12314,12315,12316,12317,12318,12319,12320,12321,12322,12323,12324,12325,12326,12327,12328,12329,12330,12331,12332,12333,12334]],"id":"feature_2995"},{"properties":{"zone":1},"type":"Polygon","arcs":[[12335,-12356]],"id":"feature_2996"},{"properties":{"zone":1},"type":"Polygon","arcs":[[12566,12441,12336,12545]],"id":"feature_2997"},{"properties":{"zone":6},"type":"Polygon","arcs":[[12337,12338,12339,12340,12341,-12508,-12615]],"id":"feature_2998"},{"properties":{"zone":6},"type":"Polygon","arcs":[[-12570,-12391,-12518,-12565,-12361,-12524]],"id":"feature_2999"},{"properties":{"zone":6},"type":"Polygon","arcs":[[-12431,-12633,-12507,-12562]],"id":"feature_3000"},{"properties":{"zone":3},"type":"Polygon","arcs":[[12342,12343,12344,12345,12346,12347,12348,12349,12350,-12433]],"id":"feature_3001"},{"properties":{"zone":1},"type":"Polygon","arcs":[[-12607,12351,-12521]],"id":"feature_3002"},{"properties":{"zone":6},"type":"Polygon","arcs":[[-12675,-12674,12673,-12646,-12359,-12422,-12421]],"id":"feature_3003"},{"properties":{"zone":7},"type":"Polygon","arcs":[[-12682,12352,12353,12354,12355,12356,-12444,-12388,12357,-12663]],"id":"feature_3004"},{"properties":{"zone":6},"type":"Polygon","arcs":[[-12423,12358,-12645,-12523,12359,-12427]],"id":"feature_3005"},{"properties":{"zone":6},"type":"Polygon","arcs":[[12360,-12564,-12517,12361,12362,-12525]],"id":"feature_3006"},{"properties":{"zone":5},"type":"Polygon","arcs":[[12363,-12662,12364,-12573]],"id":"feature_3007"},{"properties":{"zone":3},"type":"Polygon","arcs":[[12650]],"id":"feature_3008"},{"properties":{"zone":5},"type":"Polygon","arcs":[[-12465,-12459,-12506,12365,12366,12367,12368]],"id":"feature_3009"},{"properties":{"zone":1},"type":"Polygon","arcs":[[12369,12370,12371,12372,12373,12374,12375,12376,12377,12378,12379,12380,12381,12382,12383,12384,12385,-12398]],"id":"feature_3010"},{"properties":{"zone":3},"type":"Polygon","arcs":[[12386,12387,-12643,12388,12389,-12685]],"id":"feature_3011"},{"properties":{"zone":9},"type":"Polygon","arcs":[[-12610,-12430,-12519,12390,-12569,-12671]],"id":"feature_3012"},{"properties":{"zone":1},"type":"Polygon","arcs":[[12391,12392,12393,12394,12395,12396,12397,12398,12399,12400,12401,12402,12403,12404,12405,12406,12407,12408,12409,12410,12411,12412,12413,12414,12415,12416,12417,12418,-12439]],"id":"feature_3013"},{"properties":{"zone":1},"type":"Polygon","arcs":[[-12429,12419,-12424,-12676,12420,12421,12422]],"id":"feature_3014"},{"properties":{"zone":5},"type":"Polygon","arcs":[[12423,12424,12425,-12679,-12441,-12677]],"id":"feature_3015"},{"properties":{"zone":3},"type":"Polygon","arcs":[[12426,12427,12428]],"id":"feature_3016"},{"properties":{"zone":6},"type":"Polygon","arcs":[[-12520,12429,-12609,-12669,-12447,-12634,12430,-12561]],"id":"feature_3017"},{"properties":{"zone":1},"type":"Polygon","arcs":[[12431,-12617]],"id":"feature_3018"},{"properties":{"zone":3},"type":"Polygon","arcs":[[12432,12433,12434,12435,12436,12437,12438,12439]],"id":"feature_3019"},{"properties":{"zone":9},"type":"Polygon","arcs":[[12440,-12678]],"id":"feature_3020"},{"properties":{"zone":1},"type":"Polygon","arcs":[[-12568,12441,12442,-12648]],"id":"feature_3021"},{"properties":{"zone":6},"type":"Polygon","arcs":[[12443,12444,-12653,12445,-12635,12446,-12668,-12641,-12640,-12639]],"id":"feature_3022"},{"properties":{"zone":5},"type":"Polygon","arcs":[[12447,12448,12449,12450,12451,12452,12453,12454,12455,12456,12457,-12466,12458,-12464]],"id":"feature_3023"},{"properties":{"zone":1},"type":"Polygon","arcs":[[12459,12460,12461,12462,12463,12464]],"id":"feature_3024"},{"properties":{"zone":1},"type":"Polygon","arcs":[[12465,12466,12467,12468,12469,12470,12471,12472,12473,12474,12475,12476,12477,12478,12479,12480,12481,12482,12483,12484,12485,12486,12487,12488,12489,12490,12491,12492,12493,12494,12495,12496,12497,12498,12499,12500,12501,12502,12503,12504,12505]],"id":"feature_3025"},{"properties":{"zone":10},"type":"Polygon","arcs":[[12506,-12638,-12616,12507,12508,12509,12510,12511,12512,12513,12514,12515,12516,-12563]],"id":"feature_3026"},{"properties":{"zone":5},"type":"Polygon","arcs":[[-12566,12517,12518,12519]],"id":"feature_3027"},{"properties":{"zone":3},"type":"Polygon","arcs":[[-12608,12520,12521,12522,-12644]],"id":"feature_3028"},{"properties":{"zone":3},"type":"Polygon","arcs":[[-12571,12523,12524,12525,12526,12527,12528,12529,12530,12531,12532,12533,12534,12535,12536,12537,12538,12539,12540,12541,12542,12543,12544,12545]],"id":"feature_3029"},{"properties":{"zone":5},"type":"Polygon","arcs":[[-12560,12546]],"id":"feature_3030"},{"properties":{"zone":10},"type":"Polygon","arcs":[[12547,12548,12549,12550,12551,12552,12553,12554,12555,12556,12557,12558,12559]],"id":"feature_3031"},{"properties":{"zone":1},"type":"Polygon","arcs":[[12560,12561,12562,12563,12564,12565]],"id":"feature_3032"},{"properties":{"zone":5},"type":"Polygon","arcs":[[12566,12567,-12647,-12672,12568,12569,12570]],"id":"feature_3033"},{"properties":{"zone":1},"type":"Polygon","arcs":[[12571,12572,12573,-14401,12574,12575,12576,12577,12578,12579,12580,12581,12582,12583,12584,12585,12586,12587,12588,12589,12590,12591,12592,12593,12594,12595,12596,12597,12598,12599,12600,12601,12602,12603,12604]],"id":"feature_3034"},{"properties":{"zone":1},"type":"Polygon","arcs":[[-12650,12605,12606,12607]],"id":"feature_3035"},{"properties":{"zone":5},"type":"Polygon","arcs":[[-12670,12608,12609]],"id":"feature_3036"},{"properties":{"zone":5},"type":"Polygon","arcs":[[-12637,12610,-12630,12611,12612,12613,12614,12615]],"id":"feature_3037"},{"properties":{"zone":1},"type":"Polygon","arcs":[[12616,12617,12618,12619,12620,12621,12622,12623,12624,12625,12626,12627,12628,12629,12630,-12691,12631]],"id":"feature_3038"},{"properties":{"zone":1},"type":"Polygon","arcs":[[12632,12633,12634,12635,12636,12637]],"id":"feature_3039"},{"properties":{"zone":1},"type":"Polygon","arcs":[[12638,12639,12640,-12667,12641,12642]],"id":"feature_3040"},{"properties":{"zone":1},"type":"Polygon","arcs":[[12643,12644,12645,-12674,-12673,12646,12647,12648,12649],[12650],[12650]],"id":"feature_3041"},{"properties":{"zone":1},"type":"Polygon","arcs":[[12651,12652,12653,-14378,12654,-14376,12655,-14374,12656,-14388,12657,-14386,12658,-14384,12659,-14382,12660,12661]],"id":"feature_3042"},{"properties":{"zone":3},"type":"Polygon","arcs":[[-12683,12662,12663]],"id":"feature_3043"},{"properties":{"zone":8},"type":"Polygon","arcs":[[12664,12665,12666,12667,12668,12669,12670,12671,12672,12673,12674,12675,12676,12677,12678,12679,12680,12681,12682,12683,12684]],"id":"feature_3044"},{"properties":{"zone":5},"type":"Polygon","arcs":[[12685,12686,12687,12688,12689,12690,12691,12692]],"id":"feature_3045"},{"properties":{"zone":1},"type":"Polygon","arcs":[[12693,-12704,12694,-12709]],"id":"feature_3046"},{"properties":{"zone":1},"type":"Polygon","arcs":[[-12706,12695]],"id":"feature_3047"},{"properties":{"zone":3},"type":"Polygon","arcs":[[12696,-12713]],"id":"feature_3048"},{"properties":{"zone":1},"type":"Polygon","arcs":[[12697,-12723]],"id":"feature_3049"},{"properties":{"zone":3},"type":"Polygon","arcs":[[12698,-12711]],"id":"feature_3050"},{"properties":{"zone":1},"type":"Polygon","arcs":[[-12702,-12725,12699]],"id":"feature_3051"},{"properties":{"zone":5},"type":"Polygon","arcs":[[12700,-12718,-12726,12701]],"id":"feature_3052"},{"properties":{"zone":3},"type":"Polygon","arcs":[[12702,12703,12704,12705,12706,-12721,-12715,12707,12708]],"id":"feature_3053"},{"properties":{"zone":5},"type":"Polygon","arcs":[[-12720,-12717,12709,12710,12711,12712,12713,12714]],"id":"feature_3054"},{"properties":{"zone":3},"type":"Polygon","arcs":[[-12728,-12739,12715,12716]],"id":"feature_3055"},{"properties":{"zone":1},"type":"Polygon","arcs":[[-12730,-12727,12717,12718]],"id":"feature_3056"},{"properties":{"zone":7},"type":"Polygon","arcs":[[12719,12720,12721,12722,12723,12724,12725,12726,-12729,-12732,-12735,-12740,12727]],"id":"feature_3057"},{"properties":{"zone":3},"type":"Polygon","arcs":[[-12733,12728,12729,12730]],"id":"feature_3058"},{"properties":{"zone":5},"type":"Polygon","arcs":[[-12736,12731,12732,12733]],"id":"feature_3059"},{"properties":{"zone":3},"type":"Polygon","arcs":[[-12741,12734,12735,12736,-12743]],"id":"feature_3060"},{"properties":{"zone":10},"type":"Polygon","arcs":[[-12742,-12844,-12749,-12750,-12795,-12765,-12745,12737,12738,12739,12740]],"id":"feature_3061"},{"properties":{"zone":1},"type":"Polygon","arcs":[[-12845,12741,12742,12743,-12779]],"id":"feature_3062"},{"properties":{"zone":1},"type":"Polygon","arcs":[[12744,-12764,12745]],"id":"feature_3063"},{"properties":{"zone":1},"type":"Polygon","arcs":[[-12771,12746,-12769,12747]],"id":"feature_3064"},{"properties":{"zone":3},"type":"Polygon","arcs":[[-12801,-12751,12748,-12858]],"id":"feature_3065"},{"properties":{"zone":4},"type":"Polygon","arcs":[[-12753,-12754,-12757,-12796,12749,12750,12751,-12816]],"id":"feature_3066"},{"properties":{"zone":3},"type":"Polygon","arcs":[[-12776,12752,-12815]],"id":"feature_3067"},{"properties":{"zone":5},"type":"Polygon","arcs":[[-12775,-12758,12753]],"id":"feature_3068"},{"properties":{"zone":3},"type":"Polygon","arcs":[[-12756,-12802,-12856,-12808]],"id":"feature_3069"},{"properties":{"zone":1},"type":"Polygon","arcs":[[-12759,-12766,-12793]],"id":"feature_3070"},{"properties":{"zone":1},"type":"Polygon","arcs":[[-12777,12754]],"id":"feature_3071"},{"properties":{"zone":4},"type":"Polygon","arcs":[[-12773,-12803,12755,-12807]],"id":"feature_3072"},{"properties":{"zone":3},"type":"Polygon","arcs":[[-12813,-12797,12756,12757,-12774]],"id":"feature_3073"},{"properties":{"zone":5},"type":"Polygon","arcs":[[-12792,-12788,-12767,12758]],"id":"feature_3074"},{"properties":{"zone":3},"type":"Polygon","arcs":[[12759,-12762]],"id":"feature_3075"},{"properties":{"zone":5},"type":"Polygon","arcs":[[12760,12761,12762,-12785]],"id":"feature_3076"},{"properties":{"zone":3},"type":"Polygon","arcs":[[12763,12764,-12794,12765,12766,-12787,12767,12768,12769,12770,12771]],"id":"feature_3077"},{"properties":{"zone":3},"type":"Polygon","arcs":[[-12783,-12804,12772,-12806]],"id":"feature_3078"},{"properties":{"zone":1},"type":"Polygon","arcs":[[12773,12774,12775,-12814]],"id":"feature_3079"},{"properties":{"zone":5},"type":"Polygon","arcs":[[12776,12777,-12782,-12907,-12789,-12823,-12846,12778,12779]],"id":"feature_3080"},{"properties":{"zone":1},"type":"Polygon","arcs":[[12780,-12898,-12908,12781]],"id":"feature_3081"},{"properties":{"zone":1},"type":"Polygon","arcs":[[-12805,12782]],"id":"feature_3082"},{"properties":{"zone":3},"type":"Polygon","arcs":[[12783,12784]],"id":"feature_3083"},{"properties":{"zone":1},"type":"Polygon","arcs":[[-12791,12785,12786,12787]],"id":"feature_3084"},{"properties":{"zone":8},"type":"Polygon","arcs":[[-12824,12788,-12906,-12798]],"id":"feature_3085"},{"properties":{"zone":6},"type":"Polygon","arcs":[[12789,12790,12791,12792,12793,12794,12795,12796,-12812,-12818]],"id":"feature_3086"},{"properties":{"zone":5},"type":"Polygon","arcs":[[-12905,-12825,12797]],"id":"feature_3087"},{"properties":{"zone":1},"type":"Polygon","arcs":[[12798,-12810]],"id":"feature_3088"},{"properties":{"zone":5},"type":"Polygon","arcs":[[12799,12800,-12857,12801,12802,12803,12804,12805,12806,12807,-12855,-12841,12808,12809,12810,-12821,-12819,12811,12812,12813,12814,12815]],"id":"feature_3089"},{"properties":{"zone":3},"type":"Polygon","arcs":[[12816,12817,12818,-12820]],"id":"feature_3090"},{"properties":{"zone":1},"type":"Polygon","arcs":[[12819,12820,12821]],"id":"feature_3091"},{"properties":{"zone":9},"type":"Polygon","arcs":[[-12843,-12847,12822,12823,-12826]],"id":"feature_3092"},{"properties":{"zone":8},"type":"Polygon","arcs":[[12824,-12904,-12842,12825]],"id":"feature_3093"},{"properties":{"zone":3},"type":"Polygon","arcs":[[-12853,-12839,12826,-12837,12827,-12835,12828,-12833,12829,-12831]],"id":"feature_3094"},{"properties":{"zone":1},"type":"Polygon","arcs":[[12830,12831,12832,12833,12834,12835,12836,12837,12838,-12852,12839,12840,-12854]],"id":"feature_3095"},{"properties":{"zone":5},"type":"Polygon","arcs":[[12841,-12917,-12885,-12884,12883,-12883,-12848,12842]],"id":"feature_3096"},{"properties":{"zone":6},"type":"Polygon","arcs":[[12843,12844,12845,12846,12847,-12882,12848,12849,12850,12851,12852,12853,12854,12855,12856,12857]],"id":"feature_3097"},{"properties":{"zone":1},"type":"Polygon","arcs":[[-12896,-12868,-12865]],"id":"feature_3098"},{"properties":{"zone":5},"type":"Polygon","arcs":[[-12888,12858,-13033,12859,-13031,12860]],"id":"feature_3099"},{"properties":{"zone":10},"type":"Polygon","arcs":[[12861,-12890,-12901,-12864]],"id":"feature_3100"},{"properties":{"zone":3},"type":"Polygon","arcs":[[12885]],"id":"feature_3101"},{"properties":{"zone":3},"type":"Polygon","arcs":[[12862,12863,-12900]],"id":"feature_3102"},{"properties":{"zone":3},"type":"Polygon","arcs":[[-12867,-12912,-12897,12864]],"id":"feature_3103"},{"properties":{"zone":1},"type":"Polygon","arcs":[[12865,-12892,-12913,12866,12867,-12895]],"id":"feature_3104"},{"properties":{"zone":1},"type":"Polygon","arcs":[[12868,12869,12870,12871,12872,12873,12874,12875,12876,12877,12878,12879,12880,12881,12882,-12884,12883,12884,-12916,-12918],[12885]],"id":"feature_3105"},{"properties":{"zone":10},"type":"Polygon","arcs":[[12886,12887,12888,-12938]],"id":"feature_3106"},{"properties":{"zone":11},"type":"Polygon","arcs":[[-12936,-12902,12889,12890,-12940]],"id":"feature_3107"},{"properties":{"zone":1},"type":"Polygon","arcs":[[-12914,12891,12892,-12903]],"id":"feature_3108"},{"properties":{"zone":5},"type":"Polygon","arcs":[[12893,12894,12895,12896,-12911,-12910,12909,-12909,12897,12898,12899,12900,12901,-12935,-12915,12902]],"id":"feature_3109"},{"properties":{"zone":6},"type":"Polygon","arcs":[[12903,12904,12905,12906,12907,12908,-12910,12909,12910,12911,12912,12913,12914,-12934,-12931,-12919,12915,12916]],"id":"feature_3110"},{"properties":{"zone":1},"type":"Polygon","arcs":[[12917,12918,-12930,12919,12920,12921,12922,12923,12924]],"id":"feature_3111"},{"properties":{"zone":5},"type":"Polygon","arcs":[[-12933,12925,12926,12927,12928,12929,12930]],"id":"feature_3112"},{"properties":{"zone":10},"type":"Polygon","arcs":[[12931,12932,12933,12934,12935,-12939]],"id":"feature_3113"},{"properties":{"zone":11},"type":"Polygon","arcs":[[12936,12937]],"id":"feature_3114"},{"properties":{"zone":12},"type":"Polygon","arcs":[[12938,12939,12940]],"id":"feature_3115"},{"properties":{"zone":6},"type":"Polygon","arcs":[[12941,-12944]],"id":"feature_3116"},{"properties":{"zone":1},"type":"Polygon","arcs":[[12942,12943,12944,-12949]],"id":"feature_3117"},{"properties":{"zone":1},"type":"Polygon","arcs":[[-12947,12945]],"id":"feature_3118"},{"properties":{"zone":9},"type":"Polygon","arcs":[[12950]],"id":"feature_3119"},{"properties":{"zone":5},"type":"Polygon","arcs":[[12946,12947,12948,12949],[12950]],"id":"feature_3120"},{"properties":{"zone":1},"type":"Polygon","arcs":[[12951,-12965,12952,-12963,12953,-12961,12954,-12959,12955,-12967]],"id":"feature_3121"},{"properties":{"zone":1},"type":"Polygon","arcs":[[-13015,-12973,12956,-13017,-12972],[12957,12958,12959,12960,12961,12962,12963,12964,12965,12966]],"id":"feature_3122"},{"properties":{"zone":5},"type":"Polygon","arcs":[[12967]],"id":"feature_3123"},{"properties":{"zone":1},"type":"Polygon","arcs":[[-13019,12968,-12989,-12978]],"id":"feature_3124"},{"properties":{"zone":5},"type":"Polygon","arcs":[[12969,-12975]],"id":"feature_3125"},{"properties":{"zone":10},"type":"Polygon","arcs":[[12970,-12997]],"id":"feature_3126"},{"properties":{"zone":3},"type":"Polygon","arcs":[[12971,-13016]],"id":"feature_3127"},{"properties":{"zone":3},"type":"Polygon","arcs":[[12972,-13014,12973]],"id":"feature_3128"},{"properties":{"zone":1},"type":"Polygon","arcs":[[12974,12975,-12979,-12991,12976]],"id":"feature_3129"},{"properties":{"zone":3},"type":"Polygon","arcs":[[-12988,-13020,12977]],"id":"feature_3130"},{"properties":{"zone":8},"type":"Polygon","arcs":[[-12987,-12981,-13025,-13003,-13021]],"id":"feature_3131"},{"properties":{"zone":8},"type":"Polygon","arcs":[[12978,12979,-13008,-12982,-12992]],"id":"feature_3132"},{"properties":{"zone":3},"type":"Polygon","arcs":[[-13026,12980,-12986,-12984]],"id":"feature_3133"},{"properties":{"zone":9},"type":"Polygon","arcs":[[-12993,12981,-13007,-13001]],"id":"feature_3134"},{"properties":{"zone":1},"type":"Polygon","arcs":[[-12996,12982,-13027,12983]],"id":"feature_3135"},{"properties":{"zone":3},"type":"Polygon","arcs":[[-13012,12984]],"id":"feature_3136"},{"properties":{"zone":6},"type":"Polygon","arcs":[[12985,12986,12987,12988,12989,12990,12991,12992,-13000,-12999,12998,-13002,-13005,12993,-13028,12994,12995]],"id":"feature_3137"},{"properties":{"zone":11},"type":"Polygon","arcs":[[12996,12997]],"id":"feature_3138"},{"properties":{"zone":8},"type":"Polygon","arcs":[[-12999,12998,12999,13000,-13006,13001]],"id":"feature_3139"},{"properties":{"zone":9},"type":"Polygon","arcs":[[-13004,-13022,13002,-13024]],"id":"feature_3140"},{"properties":{"zone":8},"type":"Polygon","arcs":[[-13023,13003]],"id":"feature_3141"},{"properties":{"zone":5},"type":"Polygon","arcs":[[13004,13005,13006,13007,13008]],"id":"feature_3142"},{"properties":{"zone":5},"type":"Polygon","arcs":[[13009]],"id":"feature_3143"},{"properties":{"zone":5},"type":"Polygon","arcs":[[13010,13011,13012,13013,13014,13015,13016,13017,13018,13019,13020,13021,13022,13023,13024,13025,13026,13027,13028,-13035,13029,13030,13031,13032]],"id":"feature_3144"},{"properties":{"zone":10},"type":"Polygon","arcs":[[13033,13034]],"id":"feature_3145"},{"properties":{"zone":5},"type":"Polygon","arcs":[[-13038,13035]],"id":"feature_3146"},{"properties":{"zone":10},"type":"Polygon","arcs":[[13036,13037]],"id":"feature_3147"},{"properties":{"zone":10},"type":"Polygon","arcs":[[13038,-13043,-13041]],"id":"feature_3148"},{"properties":{"zone":11},"type":"Polygon","arcs":[[-13042,13039,13040]],"id":"feature_3149"},{"properties":{"zone":12},"type":"Polygon","arcs":[[13041,13042,13043]],"id":"feature_3150"},{"properties":{"zone":8},"type":"Polygon","arcs":[[-13047,-13059,-13045,-13063]],"id":"feature_3151"},{"properties":{"zone":3},"type":"Polygon","arcs":[[-13064,13044,-13058,13045]],"id":"feature_3152"},{"properties":{"zone":9},"type":"Polygon","arcs":[[-13060,13046,-13062,-13051]],"id":"feature_3153"},{"properties":{"zone":3},"type":"Polygon","arcs":[[-13056,13047]],"id":"feature_3154"},{"properties":{"zone":3},"type":"Polygon","arcs":[[-13054,13048]],"id":"feature_3155"},{"properties":{"zone":1},"type":"Polygon","arcs":[[-13066,13049]],"id":"feature_3156"},{"properties":{"zone":10},"type":"Polygon","arcs":[[13050,-13061]],"id":"feature_3157"},{"properties":{"zone":10},"type":"Polygon","arcs":[[13069]],"id":"feature_3158"},{"properties":{"zone":3},"type":"Polygon","arcs":[[13051,-13068]],"id":"feature_3159"},{"properties":{"zone":5},"type":"Polygon","arcs":[[13052,13053,13054,13055,13056,13057,13058,13059,13060,13061,13062,13063,13064,13065,13066,13067,13068,-13071],[13069]],"id":"feature_3160"},{"properties":{"zone":3},"type":"Polygon","arcs":[[13070,13071]],"id":"feature_3161"},{"properties":{"zone":10},"type":"Polygon","arcs":[[13072,-13249]],"id":"feature_3162"},{"properties":{"zone":1},"type":"Polygon","arcs":[[13073,-13251]],"id":"feature_3163"},{"properties":{"zone":1},"type":"Polygon","arcs":[[13074,-13247]],"id":"feature_3164"},{"properties":{"zone":1},"type":"Polygon","arcs":[[13075,-13079,13076,-13294,13077,-13296]],"id":"feature_3165"},{"properties":{"zone":3},"type":"Polygon","arcs":[[13078,13079]],"id":"feature_3166"},{"properties":{"zone":1},"type":"Polygon","arcs":[[-13286,13080,-13082,-13084]],"id":"feature_3167"},{"properties":{"zone":3},"type":"Polygon","arcs":[[-13288,-13085,13081,13082]],"id":"feature_3168"},{"properties":{"zone":8},"type":"Polygon","arcs":[[13083,13084,-13287]],"id":"feature_3169"},{"properties":{"zone":1},"type":"Polygon","arcs":[[-13089,13085,-13298,13086]],"id":"feature_3170"},{"properties":{"zone":3},"type":"Polygon","arcs":[[13087,13088,13089,-13302,13090,-13103]],"id":"feature_3171"},{"properties":{"zone":1},"type":"Polygon","arcs":[[13091,-13310,13092,-13097,13093,-13100]],"id":"feature_3172"},{"properties":{"zone":3},"type":"Polygon","arcs":[[13094,-13314,13095,13096]],"id":"feature_3173"},{"properties":{"zone":3},"type":"Polygon","arcs":[[13097,-13304]],"id":"feature_3174"},{"properties":{"zone":3},"type":"Polygon","arcs":[[13098,13099,13100,-13312]],"id":"feature_3175"},{"properties":{"zone":1},"type":"Polygon","arcs":[[13101,13102,13103,-13300]],"id":"feature_3176"},{"properties":{"zone":1},"type":"Polygon","arcs":[[13104,-13290]],"id":"feature_3177"},{"properties":{"zone":10},"type":"Polygon","arcs":[[13105,-13292,-13318,13106,-13331]],"id":"feature_3178"},{"properties":{"zone":1},"type":"Polygon","arcs":[[-13316,13107,-13335]],"id":"feature_3179"},{"properties":{"zone":3},"type":"Polygon","arcs":[[13108,-13329,-13110]],"id":"feature_3180"},{"properties":{"zone":10},"type":"Polygon","arcs":[[13109,-13328,13110]],"id":"feature_3181"},{"properties":{"zone":1},"type":"Polygon","arcs":[[13111,-13326]],"id":"feature_3182"},{"properties":{"zone":1},"type":"Polygon","arcs":[[-13252,-13324]],"id":"feature_3183"},{"properties":{"zone":1},"type":"Polygon","arcs":[[13112,-13322,-13254]],"id":"feature_3184"},{"properties":{"zone":5},"type":"Polygon","arcs":[[13113,-13134,-13116]],"id":"feature_3185"},{"properties":{"zone":9},"type":"Polygon","arcs":[[-13117,13114,13115,-13133]],"id":"feature_3186"},{"properties":{"zone":5},"type":"Polygon","arcs":[[13116,-13132,13117,-13130,-13121,13118]],"id":"feature_3187"},{"properties":{"zone":1},"type":"Polygon","arcs":[[-13129,-13122,13119,13120]],"id":"feature_3188"},{"properties":{"zone":3},"type":"Polygon","arcs":[[13121,-13138,-13127,-13125,-13128,-13136,13122,-13140,-13144,-13141,-13142,13123]],"id":"feature_3189"},{"properties":{"zone":1},"type":"Polygon","arcs":[[-13126,13124]],"id":"feature_3190"},{"properties":{"zone":8},"type":"Polygon","arcs":[[13125,13126,-13137,13127]],"id":"feature_3191"},{"properties":{"zone":6},"type":"Polygon","arcs":[[13128,13129,13130,13131,13132,13133,13134,13135,13136,13137]],"id":"feature_3192"},{"properties":{"zone":1},"type":"Polygon","arcs":[[13138,-13145,13139]],"id":"feature_3193"},{"properties":{"zone":1},"type":"Polygon","arcs":[[-13143,13140]],"id":"feature_3194"},{"properties":{"zone":6},"type":"Polygon","arcs":[[13141,13142,13143,13144,13145,-13274,13146]],"id":"feature_3195"},{"properties":{"zone":1},"type":"Polygon","arcs":[[-13272,13147,-13153,13148,-13268,13149]],"id":"feature_3196"},{"properties":{"zone":3},"type":"Polygon","arcs":[[13150,-13270,13151,13152]],"id":"feature_3197"},{"properties":{"zone":1},"type":"Polygon","arcs":[[-13160,-13349,-13346,-13278,13153]],"id":"feature_3198"},{"properties":{"zone":1},"type":"Polygon","arcs":[[-13276,13154,-13157]],"id":"feature_3199"},{"properties":{"zone":3},"type":"Polygon","arcs":[[13155,13156,13157,-13162,-13340,13158,-13338,-13347,13159]],"id":"feature_3200"},{"properties":{"zone":8},"type":"Polygon","arcs":[[-13167,-13172,13160,-13170,-13279,-13344]],"id":"feature_3201"},{"properties":{"zone":5},"type":"Polygon","arcs":[[13161,13162,-13165,13163,-13341]],"id":"feature_3202"},{"properties":{"zone":3},"type":"Polygon","arcs":[[13164,13165,-13173,13166,-13343,13167]],"id":"feature_3203"},{"properties":{"zone":1},"type":"Polygon","arcs":[[13168,-13280,13169,13170,13171,13172]],"id":"feature_3204"},{"properties":{"zone":3},"type":"Polygon","arcs":[[-13266,-13176,13173]],"id":"feature_3205"},{"properties":{"zone":1},"type":"Polygon","arcs":[[-13265,13174,13175]],"id":"feature_3206"},{"properties":{"zone":3},"type":"Polygon","arcs":[[-13181,13176]],"id":"feature_3207"},{"properties":{"zone":10},"type":"Polygon","arcs":[[-13261,-13186,-13214,13177]],"id":"feature_3208"},{"properties":{"zone":1},"type":"Polygon","arcs":[[13178,-13263,13179,13180]],"id":"feature_3209"},{"properties":{"zone":1},"type":"Polygon","arcs":[[13181,-13282]],"id":"feature_3210"},{"properties":{"zone":9},"type":"Polygon","arcs":[[13182,-13284]],"id":"feature_3211"},{"properties":{"zone":6},"type":"Polygon","arcs":[[-13260,13183,-13241,13184,-13215,13185]],"id":"feature_3212"},{"properties":{"zone":8},"type":"Polygon","arcs":[[13186,-13308]],"id":"feature_3213"},{"properties":{"zone":8},"type":"Polygon","arcs":[[13187,-13192,13188,-13219]],"id":"feature_3214"},{"properties":{"zone":9},"type":"Polygon","arcs":[[-13243,13189,-13234,-13221,13190,13191,13192,-13217]],"id":"feature_3215"},{"properties":{"zone":5},"type":"Polygon","arcs":[[13193,13194,13195,13196,13197,13198,13199,13200,13201,13202,13203,13204,13205,13206,13207,13208,13209,13210,13211,13212,13213,13214,13215,-13244,13216,13217,13218,13219,13220,-13235,-13238,13221,13222,13223,13224,13225,13226,13227,13228,13229,13230,13231],[13232]],"id":"feature_3216"},{"properties":{"zone":8},"type":"Polygon","arcs":[[13233,-13307,-13236,13234]],"id":"feature_3217"},{"properties":{"zone":6},"type":"Polygon","arcs":[[13235,-13306,13236,13237]],"id":"feature_3218"},{"properties":{"zone":10},"type":"Polygon","arcs":[[13238]],"id":"feature_3219"},{"properties":{"zone":8},"type":"Polygon","arcs":[[13255]],"id":"feature_3220"},{"properties":{"zone":8},"type":"Polygon","arcs":[[13239,13240,13241,-13258,13242,13243]],"id":"feature_3221"},{"properties":{"zone":5},"type":"MultiPolygon","arcs":[[[13244]],[[13245,13246,13247,13248,13249,13250]]],"id":"feature_3222"},{"properties":{"zone":3},"type":"Polygon","arcs":[[-13325,13251,13252,13253,-13337,13254],[13255]],"id":"feature_3223"},{"properties":{"zone":5},"type":"Polygon","arcs":[[13256,13257,13258,13259,13260,13261,13262,13263,13264,13265,13266,13267,13268,13269,13270,13271,13272,13273,13274,13275,13276,13277,-13345,13278,13279,13280,13281,13282,13283,13284,13285,13286,13287,13288,13289,13290,-13319,13291,13292,13293,13294,13295,13296,13297,13298,13299,13300,13301,13302,13303,13304,13305,13306,13307],[13308,13309,13310,13311,13312,13313]],"id":"feature_3224"},{"properties":{"zone":3},"type":"Polygon","arcs":[[13314,13315,-13334,-13321]],"id":"feature_3225"},{"properties":{"zone":6},"type":"Polygon","arcs":[[13316,13317,13318,13319,13320,-13333]],"id":"feature_3226"},{"properties":{"zone":5},"type":"Polygon","arcs":[[13321,13322,13323,13324,13325,13326,13327,13328,13329,13330,13331,13332,13333,13334,13335,13336]],"id":"feature_3227"},{"properties":{"zone":9},"type":"Polygon","arcs":[[-13348,13337,13338,13339,13340,13341,13342,13343,13344,13345]],"id":"feature_3228"},{"properties":{"zone":8},"type":"Polygon","arcs":[[13346,13347,13348]],"id":"feature_3229"},{"properties":{"zone":5},"type":"Polygon","arcs":[[-13352,13349]],"id":"feature_3230"},{"properties":{"zone":1},"type":"Polygon","arcs":[[13350,-13361,-13358]],"id":"feature_3231"},{"properties":{"zone":1},"type":"Polygon","arcs":[[13351,13352,-13356,13353]],"id":"feature_3232"},{"properties":{"zone":5},"type":"Polygon","arcs":[[-13363,13354,13355,13356,13357,-13360,13358]],"id":"feature_3233"},{"properties":{"zone":3},"type":"Polygon","arcs":[[13359,13360,13361]],"id":"feature_3234"},{"properties":{"zone":3},"type":"Polygon","arcs":[[13362,13363,-13366,13364]],"id":"feature_3235"},{"properties":{"zone":10},"type":"Polygon","arcs":[[13365,13366]],"id":"feature_3236"},{"properties":{"zone":1},"type":"Polygon","arcs":[[13367,-13371]],"id":"feature_3237"},{"properties":{"zone":5},"type":"Polygon","arcs":[[-13386,-13406,13368,-13394,13369,13370,13371,-13373]],"id":"feature_3238"},{"properties":{"zone":1},"type":"Polygon","arcs":[[-13387,13372,13373]],"id":"feature_3239"},{"properties":{"zone":5},"type":"Polygon","arcs":[[-13413,13374]],"id":"feature_3240"},{"properties":{"zone":8},"type":"Polygon","arcs":[[13375,-13389]],"id":"feature_3241"},{"properties":{"zone":5},"type":"Polygon","arcs":[[-13411,13376]],"id":"feature_3242"},{"properties":{"zone":1},"type":"Polygon","arcs":[[13377,13378,13379,13380,13381,13382,13383,-13558]],"id":"feature_3243"},{"properties":{"zone":1},"type":"Polygon","arcs":[[13384,-13546,-13391]],"id":"feature_3244"},{"properties":{"zone":3},"type":"Polygon","arcs":[[13385,13386,13387,13388,13389,13390,-13545,-13407]],"id":"feature_3245"},{"properties":{"zone":1},"type":"Polygon","arcs":[[13391,-13554,13392,13393]],"id":"feature_3246"},{"properties":{"zone":1},"type":"Polygon","arcs":[[13394,13395,13396,13397,13398,13399,13400,13401,13402,13403,13404,13405,13406,-13544]],"id":"feature_3247"},{"properties":{"zone":1},"type":"Polygon","arcs":[[13407,-13552]],"id":"feature_3248"},{"properties":{"zone":1},"type":"Polygon","arcs":[[-13542,13408]],"id":"feature_3249"},{"properties":{"zone":1},"type":"Polygon","arcs":[[13409,13410,13411,13412,13413,-13550]],"id":"feature_3250"},{"properties":{"zone":3},"type":"Polygon","arcs":[[13414,13415,13416,-13593]],"id":"feature_3251"},{"properties":{"zone":1},"type":"Polygon","arcs":[[13417,-13540]],"id":"feature_3252"},{"properties":{"zone":1},"type":"Polygon","arcs":[[-13434,13418]],"id":"feature_3253"},{"properties":{"zone":3},"type":"Polygon","arcs":[[13419,13420,13421,-13591,-13562]],"id":"feature_3254"},{"properties":{"zone":3},"type":"Polygon","arcs":[[13580]],"id":"feature_3255"},{"properties":{"zone":1},"type":"Polygon","arcs":[[13422,-13548]],"id":"feature_3256"},{"properties":{"zone":3},"type":"Polygon","arcs":[[-13565,-13425]],"id":"feature_3257"},{"properties":{"zone":3},"type":"Polygon","arcs":[[-13424,-13567]],"id":"feature_3258"},{"properties":{"zone":8},"type":"Polygon","arcs":[[-13427,-13568,13423,-13566,13424,-13564,-13454,-13570]],"id":"feature_3259"},{"properties":{"zone":3},"type":"Polygon","arcs":[[13606]],"id":"feature_3260"},{"properties":{"zone":1},"type":"Polygon","arcs":[[13425,-13538]],"id":"feature_3261"},{"properties":{"zone":3},"type":"Polygon","arcs":[[13426,-13569]],"id":"feature_3262"},{"properties":{"zone":5},"type":"Polygon","arcs":[[13528]],"id":"feature_3263"},{"properties":{"zone":3},"type":"Polygon","arcs":[[-13473,-13589]],"id":"feature_3264"},{"properties":{"zone":5},"type":"Polygon","arcs":[[-13429,13427]],"id":"feature_3265"},{"properties":{"zone":10},"type":"Polygon","arcs":[[13428,13429,-13463,13430]],"id":"feature_3266"},{"properties":{"zone":5},"type":"Polygon","arcs":[[13431,-13527,13432,13433]],"id":"feature_3267"},{"properties":{"zone":5},"type":"Polygon","arcs":[[-13455,13434]],"id":"feature_3268"},{"properties":{"zone":1},"type":"Polygon","arcs":[[13578]],"id":"feature_3269"},{"properties":{"zone":1},"type":"Polygon","arcs":[[-13536,13435]],"id":"feature_3270"},{"properties":{"zone":3},"type":"Polygon","arcs":[[13436,13437,13438,13439,13440,13441,13442,13443,13444,13445,13446,13447,13448,-13596]],"id":"feature_3271"},{"properties":{"zone":5},"type":"Polygon","arcs":[[-13452,13449,-13457,13450]],"id":"feature_3272"},{"properties":{"zone":1},"type":"Polygon","arcs":[[13451,13452]],"id":"feature_3273"},{"properties":{"zone":9},"type":"Polygon","arcs":[[13453,-13472,-13571]],"id":"feature_3274"},{"properties":{"zone":1},"type":"Polygon","arcs":[[13454,13455,13456,13457,-13461,13458]],"id":"feature_3275"},{"properties":{"zone":3},"type":"Polygon","arcs":[[-13474,-13587,-13586,-13585]],"id":"feature_3276"},{"properties":{"zone":6},"type":"Polygon","arcs":[[-13470,-13577]],"id":"feature_3277"},{"properties":{"zone":5},"type":"Polygon","arcs":[[-13475,13459,13460,13461]],"id":"feature_3278"},{"properties":{"zone":1},"type":"Polygon","arcs":[[13462,13463]],"id":"feature_3279"},{"properties":{"zone":3},"type":"Polygon","arcs":[[-13471,-13573]],"id":"feature_3280"},{"properties":{"zone":3},"type":"Polygon","arcs":[[13579]],"id":"feature_3281"},{"properties":{"zone":1},"type":"Polygon","arcs":[[13464,13465,13466,13467,13468,-13598]],"id":"feature_3282"},{"properties":{"zone":1},"type":"Polygon","arcs":[[13469,-13578]],"id":"feature_3283"},{"properties":{"zone":8},"type":"Polygon","arcs":[[-13483,-13574,13470,-13572,13471,-13563,-13590,13472,-13588,13473,-13584,-13480,-13582]],"id":"feature_3284"},{"properties":{"zone":1},"type":"Polygon","arcs":[[13474,13475]],"id":"feature_3285"},{"properties":{"zone":1},"type":"Polygon","arcs":[[-13534,13476]],"id":"feature_3286"},{"properties":{"zone":1},"type":"Polygon","arcs":[[-13532,13477]],"id":"feature_3287"},{"properties":{"zone":1},"type":"Polygon","arcs":[[13478,-13602]],"id":"feature_3288"},{"properties":{"zone":1},"type":"Polygon","arcs":[[13479,-13583]],"id":"feature_3289"},{"properties":{"zone":1},"type":"Polygon","arcs":[[-13604,13480]],"id":"feature_3290"},{"properties":{"zone":1},"type":"Polygon","arcs":[[-13530,13481]],"id":"feature_3291"},{"properties":{"zone":1},"type":"Polygon","arcs":[[-13575,13482,-13606,13483]],"id":"feature_3292"},{"properties":{"zone":5},"type":"Polygon","arcs":[[13484,-13488,-13492,-13487]],"id":"feature_3293"},{"properties":{"zone":10},"type":"Polygon","arcs":[[13485,13486,-13491,-13619]],"id":"feature_3294"},{"properties":{"zone":10},"type":"Polygon","arcs":[[-13621,-13493,13487,13488,-13625,-13496,-13495,13494,-13494,-13623,-13500]],"id":"feature_3295"},{"properties":{"zone":5},"type":"Polygon","arcs":[[13489,-13497]],"id":"feature_3296"},{"properties":{"zone":1},"type":"Polygon","arcs":[[13490,13491,13492,-13620]],"id":"feature_3297"},{"properties":{"zone":1},"type":"Polygon","arcs":[[13493,-13495,13494,13495,-13624]],"id":"feature_3298"},{"properties":{"zone":6},"type":"Polygon","arcs":[[13496,13497,-13617,-13511,-13503,13498]],"id":"feature_3299"},{"properties":{"zone":1},"type":"Polygon","arcs":[[13499,-13622]],"id":"feature_3300"},{"properties":{"zone":3},"type":"Polygon","arcs":[[13500,-13520]],"id":"feature_3301"},{"properties":{"zone":5},"type":"Polygon","arcs":[[-13510,13501,13502]],"id":"feature_3302"},{"properties":{"zone":1},"type":"Polygon","arcs":[[13631]],"id":"feature_3303"},{"properties":{"zone":5},"type":"Polygon","arcs":[[-13508,13503]],"id":"feature_3304"},{"properties":{"zone":1},"type":"Polygon","arcs":[[-13514,-13614,13504]],"id":"feature_3305"},{"properties":{"zone":8},"type":"Polygon","arcs":[[13505,-13523,-13609]],"id":"feature_3306"},{"properties":{"zone":1},"type":"Polygon","arcs":[[13506,13507,13508,13509,13510,-13616,-13513]],"id":"feature_3307"},{"properties":{"zone":2},"type":"Polygon","arcs":[[13511,13512,-13615,13513,13514,-13516]],"id":"feature_3308"},{"properties":{"zone":1},"type":"Polygon","arcs":[[13515,13516]],"id":"feature_3309"},{"properties":{"zone":1},"type":"Polygon","arcs":[[-13612,13517]],"id":"feature_3310"},{"properties":{"zone":1},"type":"Polygon","arcs":[[-13629,13518,13519,13520,-13627,13521]],"id":"feature_3311"},{"properties":{"zone":1},"type":"Polygon","arcs":[[-13610,13522,13523,-13631,13524]],"id":"feature_3312"},{"properties":{"zone":1},"type":"Polygon","arcs":[[13525,-13600]],"id":"feature_3313"},{"properties":{"zone":1},"type":"Polygon","arcs":[[13526,13527],[13528]],"id":"feature_3314"},{"properties":{"zone":5},"type":"Polygon","arcs":[[13529,13530,13531,13532,13533,13534,13535,13536,13537,13538,13539,13540,13541,13542,13543,13544,13545,13546,13547,13548,13549,13550,13551,13552,13553,13554,13555,13556,13557,13558,13559,13560,13561,13562,13563,13564,13565,13566,13567,13568,13569,13570,13571,13572,13573,13574,13575],[13576,13577],[13578],[13579],[13580]],"id":"feature_3315"},{"properties":{"zone":5},"type":"Polygon","arcs":[[13581,13582,13583,13584,13585,13586,13587,13588,13589,13590,13591,13592,13593,13594,13595,13596,13597,13598,13599,13600,13601,13602,13603,13604,13605],[13606]],"id":"feature_3316"},{"properties":{"zone":5},"type":"Polygon","arcs":[[13607,13608,13609,13610,13611,13612,13613,13614,13615,13616,13617,13618,13619,13620,13621,13622,13623,13624,13625,13626,13627,13628,13629,13630],[13631]],"id":"feature_3317"},{"properties":{"zone":8},"type":"Polygon","arcs":[[13633]],"id":"feature_3318"},{"properties":{"zone":5},"type":"Polygon","arcs":[[13632],[13633]],"id":"feature_3319"},{"properties":{"zone":5},"type":"Polygon","arcs":[[-13641,13634,-13639,13635,-13643,13636]],"id":"feature_3320"},{"properties":{"zone":3},"type":"Polygon","arcs":[[13637,-13645]],"id":"feature_3321"},{"properties":{"zone":1},"type":"Polygon","arcs":[[13638,13639,13640,13641,13642,13643,13644,13645]],"id":"feature_3322"},{"properties":{"zone":1},"type":"Polygon","arcs":[[-13648,-13652,13646]],"id":"feature_3323"},{"properties":{"zone":6},"type":"Polygon","arcs":[[13647,13648,-13653,-13752,-13655,-13660,-13650]],"id":"feature_3324"},{"properties":{"zone":3},"type":"Polygon","arcs":[[13649,-13659,-13665,-13668,13650,13651]],"id":"feature_3325"},{"properties":{"zone":1},"type":"Polygon","arcs":[[-13705,-13664,-13656,-13753,13652,13653]],"id":"feature_3326"},{"properties":{"zone":1},"type":"Polygon","arcs":[[-13657,-13661,13654,-13755]],"id":"feature_3327"},{"properties":{"zone":5},"type":"Polygon","arcs":[[13655,-13663,-13658,13656,-13754]],"id":"feature_3328"},{"properties":{"zone":8},"type":"Polygon","arcs":[[13657,-13662,-13772,-13673,-13666,13658,13659,13660]],"id":"feature_3329"},{"properties":{"zone":9},"type":"Polygon","arcs":[[13661,13662,13663,-13704,-13758,-13787,-13796,-13773]],"id":"feature_3330"},{"properties":{"zone":6},"type":"Polygon","arcs":[[13664,13665,-13672,-13770,13666,-13669]],"id":"feature_3331"},{"properties":{"zone":1},"type":"Polygon","arcs":[[13667,13668,13669,-13768,13670]],"id":"feature_3332"},{"properties":{"zone":1},"type":"Polygon","arcs":[[13671,13672,-13771]],"id":"feature_3333"},{"properties":{"zone":1},"type":"Polygon","arcs":[[13673,-13696]],"id":"feature_3334"},{"properties":{"zone":1},"type":"Polygon","arcs":[[-13785,-13802,13674]],"id":"feature_3335"},{"properties":{"zone":3},"type":"Polygon","arcs":[[13679]],"id":"feature_3336"},{"properties":{"zone":1},"type":"Polygon","arcs":[[-13766,13675]],"id":"feature_3337"},{"properties":{"zone":1},"type":"Polygon","arcs":[[-13764,13676]],"id":"feature_3338"},{"properties":{"zone":10},"type":"Polygon","arcs":[[13677,-13692]],"id":"feature_3339"},{"properties":{"zone":1},"type":"Polygon","arcs":[[-13695,13678],[13679]],"id":"feature_3340"},{"properties":{"zone":4},"type":"Polygon","arcs":[[-13681,-13699,-13686,-13684,-13708]],"id":"feature_3341"},{"properties":{"zone":3},"type":"Polygon","arcs":[[-13700,13680,-13707]],"id":"feature_3342"},{"properties":{"zone":10},"type":"Polygon","arcs":[[-13687,13681]],"id":"feature_3343"},{"properties":{"zone":10},"type":"Polygon","arcs":[[13682,-13727]],"id":"feature_3344"},{"properties":{"zone":8},"type":"Polygon","arcs":[[13683,-13685,-13690,-13709]],"id":"feature_3345"},{"properties":{"zone":1},"type":"Polygon","arcs":[[13684,13685,-13698,-13761,-13691]],"id":"feature_3346"},{"properties":{"zone":12},"type":"Polygon","arcs":[[13686,13687]],"id":"feature_3347"},{"properties":{"zone":1},"type":"Polygon","arcs":[[13688,-13702]],"id":"feature_3348"},{"properties":{"zone":3},"type":"Polygon","arcs":[[13689,13690,-13760,-13710]],"id":"feature_3349"},{"properties":{"zone":12},"type":"Polygon","arcs":[[13691,13692]],"id":"feature_3350"},{"properties":{"zone":6},"type":"Polygon","arcs":[[13693,13694,13695,13696,-13762,13697,13698,13699,-13706,-13721,-13817,13700,13701]],"id":"feature_3351"},{"properties":{"zone":5},"type":"Polygon","arcs":[[13702,-13756,13703,13704]],"id":"feature_3352"},{"properties":{"zone":1},"type":"Polygon","arcs":[[-13722,13705,13706,13707,13708,13709,-13759,-13711,-13716]],"id":"feature_3353"},{"properties":{"zone":8},"type":"Polygon","arcs":[[-13776,-13749,-13717,13710]],"id":"feature_3354"},{"properties":{"zone":3},"type":"Polygon","arcs":[[13711,-13807,13712,-13813,13713,-13811,13714,-13809]],"id":"feature_3355"},{"properties":{"zone":9},"type":"Polygon","arcs":[[13715,13716,-13748,-13723]],"id":"feature_3356"},{"properties":{"zone":12},"type":"Polygon","arcs":[[13717]],"id":"feature_3357"},{"properties":{"zone":3},"type":"Polygon","arcs":[[13718,-13819,-13720]],"id":"feature_3358"},{"properties":{"zone":5},"type":"Polygon","arcs":[[-13815,13719,-13818,13720,13721,13722,-13747,13723]],"id":"feature_3359"},{"properties":{"zone":6},"type":"Polygon","arcs":[[-13737,13724]],"id":"feature_3360"},{"properties":{"zone":3},"type":"Polygon","arcs":[[13725,-13730]],"id":"feature_3361"},{"properties":{"zone":12},"type":"Polygon","arcs":[[13726,13727]],"id":"feature_3362"},{"properties":{"zone":6},"type":"Polygon","arcs":[[-13732,13728,13729,13730,-13735]],"id":"feature_3363"},{"properties":{"zone":3},"type":"Polygon","arcs":[[13731,-13734,13732]],"id":"feature_3364"},{"properties":{"zone":1},"type":"Polygon","arcs":[[13733,13734,13735,13736,13737,-13742,13738]],"id":"feature_3365"},{"properties":{"zone":5},"type":"Polygon","arcs":[[13739,-13745,13740,13741]],"id":"feature_3366"},{"properties":{"zone":10},"type":"Polygon","arcs":[[13742,-13751,13743,13744,13745,13746,13747,13748,-13775]],"id":"feature_3367"},{"properties":{"zone":12},"type":"Polygon","arcs":[[13749,13750]],"id":"feature_3368"},{"properties":{"zone":3},"type":"Polygon","arcs":[[13751,13752,13753,13754]],"id":"feature_3369"},{"properties":{"zone":6},"type":"Polygon","arcs":[[13755,13756,-13788,13757]],"id":"feature_3370"},{"properties":{"zone":5},"type":"Polygon","arcs":[[13758,13759,13760,13761,13762,13763,13764,13765,13766,13767,13768,13769,13770,13771,13772,-13795,-13779,13773,13774,13775]],"id":"feature_3371"},{"properties":{"zone":1},"type":"Polygon","arcs":[[13776,-13804,-13784]],"id":"feature_3372"},{"properties":{"zone":1},"type":"Polygon","arcs":[[13777,-13806]],"id":"feature_3373"},{"properties":{"zone":1},"type":"Polygon","arcs":[[13778,-13794,13779]],"id":"feature_3374"},{"properties":{"zone":1},"type":"Polygon","arcs":[[-13798,-13786]],"id":"feature_3375"},{"properties":{"zone":1},"type":"Polygon","arcs":[[-13800,-13792,13780]],"id":"feature_3376"},{"properties":{"zone":1},"type":"Polygon","arcs":[[-13790,13781]],"id":"feature_3377"},{"properties":{"zone":5},"type":"Polygon","arcs":[[13782,13783,-13803,13784]],"id":"feature_3378"},{"properties":{"zone":5},"type":"Polygon","arcs":[[13785,-13797,13786,13787,13788,13789,13790,13791,-13799]],"id":"feature_3379"},{"properties":{"zone":6},"type":"Polygon","arcs":[[13792,13793,13794,13795,13796,13797,13798,13799,13800,13801,13802,13803,13804,13805]],"id":"feature_3380"},{"properties":{"zone":1},"type":"Polygon","arcs":[[13806,13807,13808,13809,13810,13811,13812,13813,13814,13815,13816,13817,13818,13819]],"id":"feature_3381"},{"properties":{"zone":8},"type":"Polygon","arcs":[[-13849,-13888,-13844,-13825,-13855,-13894]],"id":"feature_3382"},{"properties":{"zone":8},"type":"Polygon","arcs":[[-13905,-13835,-13823,-13821,-13836]],"id":"feature_3383"},{"properties":{"zone":8},"type":"Polygon","arcs":[[13820,-13822,-13837]],"id":"feature_3384"},{"properties":{"zone":8},"type":"Polygon","arcs":[[-13826,-13841]],"id":"feature_3385"},{"properties":{"zone":8},"type":"Polygon","arcs":[[-13824,-13833,-13896,-13854]],"id":"feature_3386"},{"properties":{"zone":10},"type":"Polygon","arcs":[[-13827,-13839]],"id":"feature_3387"},{"properties":{"zone":9},"type":"Polygon","arcs":[[-13838,13821,13822,-13834,13823,-13853,13824,-13843,-13842,13841,13825,-13840,13826]],"id":"feature_3388"},{"properties":{"zone":5},"type":"Polygon","arcs":[[-13867,13827,-13860,-13869,-13859,13828,-13856,-13879,13829,-13877,-13864,13830]],"id":"feature_3389"},{"properties":{"zone":5},"type":"Polygon","arcs":[[13831,-13897,13832,13833,13834,-13904,-13926]],"id":"feature_3390"},{"properties":{"zone":5},"type":"Polygon","arcs":[[-13902,13835,13836,13837,13838,13839,13840,-13842,13841,13842,13843,-13887,13844,-13923],[13845,-13928,13846,-13930]],"id":"feature_3391"},{"properties":{"zone":5},"type":"Polygon","arcs":[[-13890,13847]],"id":"feature_3392"},{"properties":{"zone":5},"type":"Polygon","arcs":[[-13885,13848,-13893,13849]],"id":"feature_3393"},{"properties":{"zone":5},"type":"Polygon","arcs":[[13850,-13901,13851,-13899]],"id":"feature_3394"},{"properties":{"zone":5},"type":"Polygon","arcs":[[13852,13853,-13895,13854]],"id":"feature_3395"},{"properties":{"zone":3},"type":"Polygon","arcs":[[13855,13856,-13880]],"id":"feature_3396"},{"properties":{"zone":3},"type":"Polygon","arcs":[[-13872,13857,13858]],"id":"feature_3397"},{"properties":{"zone":3},"type":"Polygon","arcs":[[-13870,13859,13860]],"id":"feature_3398"},{"properties":{"zone":3},"type":"Polygon","arcs":[[13861,-13882]],"id":"feature_3399"},{"properties":{"zone":3},"type":"Polygon","arcs":[[-13876,13862,13863]],"id":"feature_3400"},{"properties":{"zone":3},"type":"Polygon","arcs":[[13864,-13884,13865,13866]],"id":"feature_3401"},{"properties":{"zone":3},"type":"Polygon","arcs":[[13867,-13874]],"id":"feature_3402"},{"properties":{"zone":1},"type":"Polygon","arcs":[[13868,13869,13870,13871]],"id":"feature_3403"},{"properties":{"zone":1},"type":"Polygon","arcs":[[13872,13873,13874,13875,13876,13877,13878,13879,13880,13881],[13930]],"id":"feature_3404"},{"properties":{"zone":1},"type":"Polygon","arcs":[[13882,13883]],"id":"feature_3405"},{"properties":{"zone":6},"type":"Polygon","arcs":[[13884,13885,13886,13887]],"id":"feature_3406"},{"properties":{"zone":6},"type":"Polygon","arcs":[[13888,13889,13890,-13915,13891,13892,13893,13894,13895,13896,13897,13898,13899,13900]],"id":"feature_3407"},{"properties":{"zone":6},"type":"Polygon","arcs":[[13901,-13922,13902,-13924,13903,13904]],"id":"feature_3408"},{"properties":{"zone":4},"type":"Polygon","arcs":[[13905,-14908,13906,-14906,13907,-14904,13908,-14902,13909,-14900,13910,-14898,13911,-14896,13912,-14894,13913,13914,13915,-14918,13916,-14916,13917,-14914,13918,-14912,13919,-14910]],"id":"feature_3409"},{"properties":{"zone":4},"type":"Polygon","arcs":[[13920,13921,13922]],"id":"feature_3410"},{"properties":{"zone":4},"type":"Polygon","arcs":[[13923,13924,13925]],"id":"feature_3411"},{"properties":{"zone":4},"type":"Polygon","arcs":[[13926,13927,13928,13929]],"id":"feature_3412"},{"properties":{"zone":2},"type":"Polygon","arcs":[[13930]],"id":"feature_3413"},{"properties":{"zone":5},"type":"Polygon","arcs":[[-13933,-13969,13931,-13943]],"id":"feature_3414"},{"properties":{"zone":1},"type":"Polygon","arcs":[[-13942,-13937,-13970,13932]],"id":"feature_3415"},{"properties":{"zone":11},"type":"Polygon","arcs":[[13933,-13939]],"id":"feature_3416"},{"properties":{"zone":1},"type":"Polygon","arcs":[[13934,-13972,-13936]],"id":"feature_3417"},{"properties":{"zone":5},"type":"Polygon","arcs":[[-13974,13935,-13971,13936,-13941]],"id":"feature_3418"},{"properties":{"zone":10},"type":"Polygon","arcs":[[13937,13938,13939,-13946]],"id":"feature_3419"},{"properties":{"zone":3},"type":"Polygon","arcs":[[-13949,-13975,13940,13941,13942,13943,-13950]],"id":"feature_3420"},{"properties":{"zone":11},"type":"Polygon","arcs":[[13944,13945]],"id":"feature_3421"},{"properties":{"zone":6},"type":"Polygon","arcs":[[-13962,-13952,13946]],"id":"feature_3422"},{"properties":{"zone":4},"type":"Polygon","arcs":[[13947,-13957,-13955,-13976,13948,-13954]],"id":"feature_3423"},{"properties":{"zone":8},"type":"Polygon","arcs":[[13949,13950,13951,-13961,-13959,13952,13953]],"id":"feature_3424"},{"properties":{"zone":5},"type":"Polygon","arcs":[[-13964,-13977,13954,-13956]],"id":"feature_3425"},{"properties":{"zone":1},"type":"Polygon","arcs":[[13955,13956,13957,13958,-13960,-13965]],"id":"feature_3426"},{"properties":{"zone":5},"type":"Polygon","arcs":[[13959,13960,13961,13962,-13982,-13966]],"id":"feature_3427"},{"properties":{"zone":3},"type":"Polygon","arcs":[[13963,13964,13965,-13981,13966,-13978]],"id":"feature_3428"},{"properties":{"zone":1},"type":"Polygon","arcs":[[13967,-14016]],"id":"feature_3429"},{"properties":{"zone":1},"type":"Polygon","arcs":[[13968,13969,13970,13971,13972]],"id":"feature_3430"},{"properties":{"zone":10},"type":"Polygon","arcs":[[13973,13974,13975,13976,13977,13978]],"id":"feature_3431"},{"properties":{"zone":6},"type":"Polygon","arcs":[[13979,-14048]],"id":"feature_3432"},{"properties":{"zone":1},"type":"Polygon","arcs":[[13980,13981,13982]],"id":"feature_3433"},{"properties":{"zone":1},"type":"Polygon","arcs":[[-13990,13983]],"id":"feature_3434"},{"properties":{"zone":1},"type":"Polygon","arcs":[[13984,-13988,-14224,-14041]],"id":"feature_3435"},{"properties":{"zone":10},"type":"Polygon","arcs":[[-14046,-13992,13985]],"id":"feature_3436"},{"properties":{"zone":1},"type":"Polygon","arcs":[[-13996,13986]],"id":"feature_3437"},{"properties":{"zone":5},"type":"Polygon","arcs":[[-13998,-14225,13987,13988,-14033]],"id":"feature_3438"},{"properties":{"zone":3},"type":"Polygon","arcs":[[13989,13990,13991,-14009,-13994,-14001,-14011,13992]],"id":"feature_3439"},{"properties":{"zone":4},"type":"Polygon","arcs":[[-14008,-14002,13993]],"id":"feature_3440"},{"properties":{"zone":8},"type":"Polygon","arcs":[[14050]],"id":"feature_3441"},{"properties":{"zone":5},"type":"Polygon","arcs":[[-14022,13994,13995,13996,-14028,-14013]],"id":"feature_3442"},{"properties":{"zone":6},"type":"Polygon","arcs":[[-14032,-14038,-14226,13997]],"id":"feature_3443"},{"properties":{"zone":5},"type":"Polygon","arcs":[[-14242,-14061,13998,-14054]],"id":"feature_3444"},{"properties":{"zone":6},"type":"Polygon","arcs":[[13999,-14012,14000,14001,-14024]],"id":"feature_3445"},{"properties":{"zone":5},"type":"Polygon","arcs":[[-14056,14002,-14053]],"id":"feature_3446"},{"properties":{"zone":11},"type":"Polygon","arcs":[[-14035,14003,-14018]],"id":"feature_3447"},{"properties":{"zone":8},"type":"Polygon","arcs":[[-14059,-14030,14004]],"id":"feature_3448"},{"properties":{"zone":1},"type":"Polygon","arcs":[[14005,-14014]],"id":"feature_3449"},{"properties":{"zone":10},"type":"Polygon","arcs":[[-14221,14006,-14025,14007,14008,-14045]],"id":"feature_3450"},{"properties":{"zone":1},"type":"Polygon","arcs":[[14009,14010,14011]],"id":"feature_3451"},{"properties":{"zone":1},"type":"Polygon","arcs":[[-14023,14012,-14027,-14067]],"id":"feature_3452"},{"properties":{"zone":10},"type":"Polygon","arcs":[[14013,14014,14015,14016,-14020,-14036,14017,14018]],"id":"feature_3453"},{"properties":{"zone":4},"type":"Polygon","arcs":[[-14037,14019,14020,14021,14022,-14066]],"id":"feature_3454"},{"properties":{"zone":9},"type":"Polygon","arcs":[[-14043,-14062,-14092]],"id":"feature_3455"},{"properties":{"zone":1},"type":"Polygon","arcs":[[14023,14024,14025]],"id":"feature_3456"},{"properties":{"zone":3},"type":"Polygon","arcs":[[-14078,14026,14027,14028,14029,-14058]],"id":"feature_3457"},{"properties":{"zone":8},"type":"Polygon","arcs":[[14030,-14039,14031,14032]],"id":"feature_3458"},{"properties":{"zone":1},"type":"Polygon","arcs":[[14049]],"id":"feature_3459"},{"properties":{"zone":5},"type":"Polygon","arcs":[[-14069,14033,14034,14035,14036,-14065]],"id":"feature_3460"},{"properties":{"zone":9},"type":"Polygon","arcs":[[-14064,-14042,-14227,14037,14038,14039,-14085]],"id":"feature_3461"},{"properties":{"zone":3},"type":"Polygon","arcs":[[14040,14041,-14063,14042,-14091,-14132,14043,-14222,14044,14045,14046,14047,14048],[14049],[14050]],"id":"feature_3462"},{"properties":{"zone":1},"type":"Polygon","arcs":[[14051,-14083,-14057,14052]],"id":"feature_3463"},{"properties":{"zone":3},"type":"Polygon","arcs":[[14053,14054,14055,14056,-14082,-14079,14057,14058,14059,14060,-14241]],"id":"feature_3464"},{"properties":{"zone":9},"type":"Polygon","arcs":[[-14093,14061,14062,14063,-14084]],"id":"feature_3465"},{"properties":{"zone":6},"type":"Polygon","arcs":[[-14070,14064,14065,14066,-14077]],"id":"feature_3466"},{"properties":{"zone":1},"type":"Polygon","arcs":[[-14098,-14074,14067,14068,14069,-14076,14070]],"id":"feature_3467"},{"properties":{"zone":1},"type":"Polygon","arcs":[[14071,-14130]],"id":"feature_3468"},{"properties":{"zone":8},"type":"Polygon","arcs":[[-14097,-14108,14072,14073]],"id":"feature_3469"},{"properties":{"zone":8},"type":"Polygon","arcs":[[-14095,14074,14075,14076,14077,14078,-14081]],"id":"feature_3470"},{"properties":{"zone":10},"type":"Polygon","arcs":[[14079,-14110,-14096,14080,14081,14082]],"id":"feature_3471"},{"properties":{"zone":4},"type":"Polygon","arcs":[[-14087,-14101]],"id":"feature_3472"},{"properties":{"zone":3},"type":"Polygon","arcs":[[-14088,14083,14084,14085,-14102,14086,-14100]],"id":"feature_3473"},{"properties":{"zone":6},"type":"Polygon","arcs":[[14087,-14099,14088,-14106,14089,-14133,14090,14091,14092]],"id":"feature_3474"},{"properties":{"zone":3},"type":"Polygon","arcs":[[14093,14094,14095,-14109,14096,14097]],"id":"feature_3475"},{"properties":{"zone":1},"type":"Polygon","arcs":[[14098,14099,14100,14101,14102]],"id":"feature_3476"},{"properties":{"zone":3},"type":"Polygon","arcs":[[-14119,-14114]],"id":"feature_3477"},{"properties":{"zone":1},"type":"Polygon","arcs":[[14103,-14135,14104,14105]],"id":"feature_3478"},{"properties":{"zone":10},"type":"Polygon","arcs":[[-14112,14106]],"id":"feature_3479"},{"properties":{"zone":1},"type":"Polygon","arcs":[[14107,14108,14109,14110,14111,14112,-14120,14113,-14118,14114]],"id":"feature_3480"},{"properties":{"zone":1},"type":"Polygon","arcs":[[14115,-14123]],"id":"feature_3481"},{"properties":{"zone":10},"type":"Polygon","arcs":[[-14125,14116,14117,14118,14119,14120]],"id":"feature_3482"},{"properties":{"zone":5},"type":"Polygon","arcs":[[14121,14122,14123,-14128]],"id":"feature_3483"},{"properties":{"zone":1},"type":"Polygon","arcs":[[14124,14125]],"id":"feature_3484"},{"properties":{"zone":10},"type":"Polygon","arcs":[[-14138,14126,14127,14128,14129,14130,14131,14132,14133,14134,14135]],"id":"feature_3485"},{"properties":{"zone":1},"type":"Polygon","arcs":[[14136,14137]],"id":"feature_3486"},{"properties":{"zone":4},"type":"Polygon","arcs":[[14138,-14148]],"id":"feature_3487"},{"properties":{"zone":5},"type":"Polygon","arcs":[[14139,-14154,-14153,-14145,-14142]],"id":"feature_3488"},{"properties":{"zone":1},"type":"Polygon","arcs":[[14140,14141,-14144,-14169]],"id":"feature_3489"},{"properties":{"zone":5},"type":"Polygon","arcs":[[-14151,-14147]],"id":"feature_3490"},{"properties":{"zone":3},"type":"Polygon","arcs":[[-14156,-14163]],"id":"feature_3491"},{"properties":{"zone":1},"type":"Polygon","arcs":[[-14159,14142,-14167]],"id":"feature_3492"},{"properties":{"zone":8},"type":"Polygon","arcs":[[-14170,14143,14144,14152,14145,14146,-14150]],"id":"feature_3493"},{"properties":{"zone":3},"type":"Polygon","arcs":[[-14174,-14160]],"id":"feature_3494"},{"properties":{"zone":1},"type":"Polygon","arcs":[[14147,14148,-14171,14149,14150,14151,14152,14153,14154]],"id":"feature_3495"},{"properties":{"zone":1},"type":"Polygon","arcs":[[14155,-14162,14156,-14164]],"id":"feature_3496"},{"properties":{"zone":3},"type":"Polygon","arcs":[[-14166,14157,14158]],"id":"feature_3497"},{"properties":{"zone":5},"type":"Polygon","arcs":[[14159,-14177,14160,14161,14162,14163,14164,14165,14166,14167,14168,14169,14170,14171,-14175]],"id":"feature_3498"},{"properties":{"zone":5},"type":"Polygon","arcs":[[14172,-14178]],"id":"feature_3499"},{"properties":{"zone":1},"type":"Polygon","arcs":[[14173,14174,14175,14176]],"id":"feature_3500"},{"properties":{"zone":1},"type":"Polygon","arcs":[[-14183,-14182,14181,-14180,-14188]],"id":"feature_3501"},{"properties":{"zone":6},"type":"Polygon","arcs":[[14177,14178,-14189,14179,-14182,-14185,14180]],"id":"feature_3502"},{"properties":{"zone":3},"type":"Polygon","arcs":[[14181,14182,-14187,-14200,-14217,14183,14184]],"id":"feature_3503"},{"properties":{"zone":1},"type":"Polygon","arcs":[[14185,-14191]],"id":"feature_3504"},{"properties":{"zone":5},"type":"Polygon","arcs":[[14186,14187,14188,14189,14190,14191,-14193,-14201]],"id":"feature_3505"},{"properties":{"zone":1},"type":"Polygon","arcs":[[-14199,14192,14193,-14219]],"id":"feature_3506"},{"properties":{"zone":1},"type":"Polygon","arcs":[[14194,-14196,-14213]],"id":"feature_3507"},{"properties":{"zone":6},"type":"Polygon","arcs":[[-14198,-14202,-14214,14195,14196]],"id":"feature_3508"},{"properties":{"zone":5},"type":"Polygon","arcs":[[14197,-14203]],"id":"feature_3509"},{"properties":{"zone":8},"type":"Polygon","arcs":[[14198,-14218,14199,14200]],"id":"feature_3510"},{"properties":{"zone":1},"type":"Polygon","arcs":[[-14215,14201,14202,14203]],"id":"feature_3511"},{"properties":{"zone":5},"type":"Polygon","arcs":[[14204,-14206]],"id":"feature_3512"},{"properties":{"zone":1},"type":"Polygon","arcs":[[14205,14206,14207,14208,-14211,14209]],"id":"feature_3513"},{"properties":{"zone":5},"type":"Polygon","arcs":[[14210,14211,14212,14213,14214,14215,14216,14217,14218,14219]],"id":"feature_3514"},{"properties":{"zone":1},"type":"Polygon","arcs":[[14220,14221,14222]],"id":"feature_3515"},{"properties":{"zone":3},"type":"Polygon","arcs":[[14223,14224,14225,14226]],"id":"feature_3516"},{"properties":{"zone":3},"type":"Polygon","arcs":[[-14243,14227]],"id":"feature_3517"},{"properties":{"zone":3},"type":"Polygon","arcs":[[-14233,14228,-14235,14229]],"id":"feature_3518"},{"properties":{"zone":1},"type":"Polygon","arcs":[[-14245,14230,-14240,-14239,14238,-14238,14231,14232,14233,14234,14235]],"id":"feature_3519"},{"properties":{"zone":3},"type":"Polygon","arcs":[[14236,14237,-14239,14238,14239]],"id":"feature_3520"},{"properties":{"zone":1},"type":"Polygon","arcs":[[14240,14241]],"id":"feature_3521"},{"properties":{"zone":3},"type":"Polygon","arcs":[[14242,14243,14244,14245]],"id":"feature_3522"},{"properties":{"zone":12},"type":"Polygon","arcs":[[14246]],"id":"feature_3523"},{"properties":{"zone":1},"type":"Polygon","arcs":[[14247]],"id":"feature_3524"},{"properties":{"zone":5},"type":"Polygon","arcs":[[-14251,14248,-14254,14249]],"id":"feature_3525"},{"properties":{"zone":1},"type":"Polygon","arcs":[[14250,14251]],"id":"feature_3526"},{"properties":{"zone":1},"type":"Polygon","arcs":[[-14260,14252,-14256]],"id":"feature_3527"},{"properties":{"zone":1},"type":"Polygon","arcs":[[14253,14254]],"id":"feature_3528"},{"properties":{"zone":4},"type":"Polygon","arcs":[[-14269,-14258,14255,14256,-14275]],"id":"feature_3529"},{"properties":{"zone":3},"type":"Polygon","arcs":[[14257,-14268,14258,14259]],"id":"feature_3530"},{"properties":{"zone":1},"type":"Polygon","arcs":[[-14311,14260,-14291,-14283,-14279,14261,-14355]],"id":"feature_3531"},{"properties":{"zone":1},"type":"Polygon","arcs":[[14262,-14266]],"id":"feature_3532"},{"properties":{"zone":5},"type":"Polygon","arcs":[[14263,-14272,-14286,-14281,14264,14265]],"id":"feature_3533"},{"properties":{"zone":6},"type":"Polygon","arcs":[[14266,14267,14268,-14274,14269,-14277]],"id":"feature_3534"},{"properties":{"zone":1},"type":"Polygon","arcs":[[14270,-14297,-14287,14271]],"id":"feature_3535"},{"properties":{"zone":8},"type":"Polygon","arcs":[[14272,14273,14274]],"id":"feature_3536"},{"properties":{"zone":10},"type":"Polygon","arcs":[[14275,14276]],"id":"feature_3537"},{"properties":{"zone":6},"type":"Polygon","arcs":[[-14282,-14293,14277,14278]],"id":"feature_3538"},{"properties":{"zone":1},"type":"Polygon","arcs":[[-14285,14279,14280]],"id":"feature_3539"},{"properties":{"zone":3},"type":"Polygon","arcs":[[-14294,14281,14282]],"id":"feature_3540"},{"properties":{"zone":7},"type":"Polygon","arcs":[[14283,14284,14285,14286,-14296,14287,-14290]],"id":"feature_3541"},{"properties":{"zone":1},"type":"Polygon","arcs":[[14288,14289]],"id":"feature_3542"},{"properties":{"zone":5},"type":"Polygon","arcs":[[14290,14291,14292,14293]],"id":"feature_3543"},{"properties":{"zone":10},"type":"Polygon","arcs":[[14294,14295,14296,14297,-14300]],"id":"feature_3544"},{"properties":{"zone":3},"type":"Polygon","arcs":[[-14308,14298,14299,14300,-14303]],"id":"feature_3545"},{"properties":{"zone":5},"type":"Polygon","arcs":[[-14306,-14314,-14324,-14323,-14313,14301]],"id":"feature_3546"},{"properties":{"zone":1},"type":"Polygon","arcs":[[-14332,-14321,-14305,14302,14303]],"id":"feature_3547"},{"properties":{"zone":6},"type":"Polygon","arcs":[[14304,-14320,-14315,14305,14306,14307]],"id":"feature_3548"},{"properties":{"zone":3},"type":"Polygon","arcs":[[-14317,14316,-14316,14308,-14329,14309,14310,-14354,-14342,-14343,-14346,-14318]],"id":"feature_3549"},{"properties":{"zone":1},"type":"Polygon","arcs":[[-14336,-14330,-14340,14311,14312,-14327,-14326,14325,-14325,14313,14314,-14322]],"id":"feature_3550"},{"properties":{"zone":1},"type":"Polygon","arcs":[[14315,-14317,14316,14317,-14345,-14350,14349,-14349,14318]],"id":"feature_3551"},{"properties":{"zone":5},"type":"Polygon","arcs":[[14319,14320,-14331,-14334,14321]],"id":"feature_3552"},{"properties":{"zone":1},"type":"Polygon","arcs":[[14322,14323,14324,-14326,14325,14326]],"id":"feature_3553"},{"properties":{"zone":1},"type":"Polygon","arcs":[[14327,14328]],"id":"feature_3554"},{"properties":{"zone":8},"type":"Polygon","arcs":[[14329,-14335,14330,14331,14332,-14341]],"id":"feature_3555"},{"properties":{"zone":3},"type":"Polygon","arcs":[[14333,14334,14335]],"id":"feature_3556"},{"properties":{"zone":3},"type":"Polygon","arcs":[[14336,-14351,-14357,-14369,-14360,14337,-14371,14338,14339,14340]],"id":"feature_3557"},{"properties":{"zone":8},"type":"Polygon","arcs":[[14341,-14353,-14361,-14365,-14344]],"id":"feature_3558"},{"properties":{"zone":1},"type":"Polygon","arcs":[[14342,14343,-14364,-14347]],"id":"feature_3559"},{"properties":{"zone":5},"type":"Polygon","arcs":[[14344,14345,14346,-14368,14347,14348,-14350,14349]],"id":"feature_3560"},{"properties":{"zone":6},"type":"Polygon","arcs":[[14350,14351,-14358]],"id":"feature_3561"},{"properties":{"zone":6},"type":"Polygon","arcs":[[14352,14353,14354,14355,-14362]],"id":"feature_3562"},{"properties":{"zone":1},"type":"Polygon","arcs":[[-14370,14356,14357,14358,14359]],"id":"feature_3563"},{"properties":{"zone":1},"type":"Polygon","arcs":[[-14366,14360,14361,14362]],"id":"feature_3564"},{"properties":{"zone":3},"type":"Polygon","arcs":[[14363,14364,14365,14366,14367]],"id":"feature_3565"},{"properties":{"zone":4},"type":"Polygon","arcs":[[14368,14369]],"id":"feature_3566"},{"properties":{"zone":1},"type":"Polygon","arcs":[[14370,14371]],"id":"feature_3567"},{"properties":{"zone":5},"type":"Polygon","arcs":[[14372,14373,14374,14375,14376,14377,14378,-14390]],"id":"feature_3568"},{"properties":{"zone":1},"type":"Polygon","arcs":[[14379,-14393,14380,14381,14382,14383,14384,14385,14386,14387,14388,14389]],"id":"feature_3569"},{"properties":{"zone":5},"type":"Polygon","arcs":[[14390,-14404,-14403,14391,14392]],"id":"feature_3570"},{"properties":{"zone":1},"type":"Polygon","arcs":[[14393,14394,14395,14396,14397,14398,14399,14400,14401,14402,14403]],"id":"feature_3571"},{"properties":{"zone":8},"type":"Polygon","arcs":[[-14443,-14472,-14442,-14470,-14418,-14414]],"id":"feature_3572"},{"properties":{"zone":8},"type":"Polygon","arcs":[[-14477,14404,-14428,14405,14406,14407,14408]],"id":"feature_3573"},{"properties":{"zone":12},"type":"Polygon","arcs":[[14409],[14410]],"id":"feature_3574"},{"properties":{"zone":11},"type":"Polygon","arcs":[[14410]],"id":"feature_3575"},{"properties":{"zone":10},"type":"Polygon","arcs":[[14411,-14508,-14527,-14459]],"id":"feature_3576"},{"properties":{"zone":5},"type":"Polygon","arcs":[[-14520,-14507,14412,-14452]],"id":"feature_3577"},{"properties":{"zone":5},"type":"Polygon","arcs":[[14413,-14460,14414,-14523,-14456]],"id":"feature_3578"},{"properties":{"zone":5},"type":"Polygon","arcs":[[-14525,14415,-14457]],"id":"feature_3579"},{"properties":{"zone":5},"type":"Polygon","arcs":[[14416,-14461,14417,-14469]],"id":"feature_3580"},{"properties":{"zone":5},"type":"Polygon","arcs":[[14418,14419,14420,14421,-14480,14422,-14505,14423,14424,14425,14426,14427,14428,14429,14430,14431,14432,14433]],"id":"feature_3581"},{"properties":{"zone":5},"type":"Polygon","arcs":[[14434,-14483]],"id":"feature_3582"},{"properties":{"zone":5},"type":"Polygon","arcs":[[14435,-14464,14436,-14476,14437,-14509,14438,-14466,14439,-14516,-14518,14440,-14467,14441,-14471,14442,-14455,-14521,-14454]],"id":"feature_3583"},{"properties":{"zone":5},"type":"Polygon","arcs":[[-14511,14443,-14513,14444,-14474,14445]],"id":"feature_3584"},{"properties":{"zone":3},"type":"Polygon","arcs":[[-14501,14446,14447,14448,14449,14450]],"id":"feature_3585"},{"properties":{"zone":1},"type":"Polygon","arcs":[[14451,14452,14453]],"id":"feature_3586"},{"properties":{"zone":1},"type":"Polygon","arcs":[[14454,14455,-14522]],"id":"feature_3587"},{"properties":{"zone":1},"type":"Polygon","arcs":[[-14526,14456,14457,14458]],"id":"feature_3588"},{"properties":{"zone":1},"type":"Polygon","arcs":[[14459,14460,14461]],"id":"feature_3589"},{"properties":{"zone":1},"type":"Polygon","arcs":[[14462,14463]],"id":"feature_3590"},{"properties":{"zone":1},"type":"Polygon","arcs":[[14464,14465]],"id":"feature_3591"},{"properties":{"zone":1},"type":"Polygon","arcs":[[14466,14467,14468,14469]],"id":"feature_3592"},{"properties":{"zone":1},"type":"Polygon","arcs":[[14470,14471]],"id":"feature_3593"},{"properties":{"zone":1},"type":"Polygon","arcs":[[14472,14473]],"id":"feature_3594"},{"properties":{"zone":1},"type":"Polygon","arcs":[[14474,14475]],"id":"feature_3595"},{"properties":{"zone":1},"type":"Polygon","arcs":[[14476,14477,14478]],"id":"feature_3596"},{"properties":{"zone":1},"type":"Polygon","arcs":[[14479,14480]],"id":"feature_3597"},{"properties":{"zone":1},"type":"Polygon","arcs":[[14481,14482,14483,14484,14485,14486,14487,14488,14489,14490,14491,14492,14493,14494,14495,14496,14497,14498,14499,14500,14501,14502,14503,14504]],"id":"feature_3598"},{"properties":{"zone":1},"type":"Polygon","arcs":[[14505,14506,-14528,14507]],"id":"feature_3599"},{"properties":{"zone":1},"type":"Polygon","arcs":[[14508,14509]],"id":"feature_3600"},{"properties":{"zone":1},"type":"Polygon","arcs":[[14510,14511]],"id":"feature_3601"},{"properties":{"zone":1},"type":"Polygon","arcs":[[14512,14513]],"id":"feature_3602"},{"properties":{"zone":1},"type":"Polygon","arcs":[[14514,-14519,14515]],"id":"feature_3603"},{"properties":{"zone":6},"type":"Polygon","arcs":[[14516,14517,14518]],"id":"feature_3604"},{"properties":{"zone":6},"type":"Polygon","arcs":[[14519,14520,14521,14522,14523,14524,14525,14526,14527]],"id":"feature_3605"},{"properties":{"zone":8},"type":"Polygon","arcs":[[-14536,-14533,14528,14529,14530]],"id":"feature_3606"},{"properties":{"zone":10},"type":"Polygon","arcs":[[-14535,14531,14532]],"id":"feature_3607"},{"properties":{"zone":6},"type":"Polygon","arcs":[[14533,14534,14535]],"id":"feature_3608"},{"properties":{"zone":3},"type":"Polygon","arcs":[[-14543,-14546,14536,-14538]],"id":"feature_3609"},{"properties":{"zone":5},"type":"Polygon","arcs":[[14537,14538,-14540]],"id":"feature_3610"},{"properties":{"zone":6},"type":"Polygon","arcs":[[14539,14540,-14630,-14640,-14639,-14633,-14632,14541,-14547,-14544,14542]],"id":"feature_3611"},{"properties":{"zone":10},"type":"Polygon","arcs":[[14543,-14549,-14577,-14551,-14550,-14553,-14569,14544,14545]],"id":"feature_3612"},{"properties":{"zone":3},"type":"Polygon","arcs":[[14546,14547,-14578,14548]],"id":"feature_3613"},{"properties":{"zone":8},"type":"Polygon","arcs":[[-14552,-14575,-14584,-14574,-14560,-14555,-14554,14549]],"id":"feature_3614"},{"properties":{"zone":6},"type":"Polygon","arcs":[[14550,-14576,14551]],"id":"feature_3615"},{"properties":{"zone":7},"type":"Polygon","arcs":[[-14556,-14558,-14570,14552,14553]],"id":"feature_3616"},{"properties":{"zone":6},"type":"Polygon","arcs":[[14554,-14559,14555]],"id":"feature_3617"},{"properties":{"zone":6},"type":"Polygon","arcs":[[-14571,-14581,-14592,-14595,-14564,-14561]],"id":"feature_3618"},{"properties":{"zone":9},"type":"Polygon","arcs":[[-14563,-14598,-14597,-14603,14556,-14567,14557,14558,14559,-14573,-14572,14560]],"id":"feature_3619"},{"properties":{"zone":8},"type":"Polygon","arcs":[[-14566,14561,-14606,-14599,14562]],"id":"feature_3620"},{"properties":{"zone":3},"type":"Polygon","arcs":[[14563,-14594,14564,14565]],"id":"feature_3621"},{"properties":{"zone":6},"type":"Polygon","arcs":[[14566,14567,14568,14569]],"id":"feature_3622"},{"properties":{"zone":8},"type":"Polygon","arcs":[[-14582,14570,14571]],"id":"feature_3623"},{"properties":{"zone":5},"type":"Polygon","arcs":[[14572,14573,-14583,14574,14575,14576,14577,14578,-14587,-14585,14579,-14590,14580,14581]],"id":"feature_3624"},{"properties":{"zone":10},"type":"Polygon","arcs":[[14582,14583]],"id":"feature_3625"},{"properties":{"zone":3},"type":"Polygon","arcs":[[14584,-14589,14585]],"id":"feature_3626"},{"properties":{"zone":1},"type":"Polygon","arcs":[[14586,14587,14588]],"id":"feature_3627"},{"properties":{"zone":3},"type":"Polygon","arcs":[[14589,14590,-14596,14591]],"id":"feature_3628"},{"properties":{"zone":5},"type":"Polygon","arcs":[[14592,14593,14594,14595]],"id":"feature_3629"},{"properties":{"zone":8},"type":"Polygon","arcs":[[-14600,-14610,-14601,14596]],"id":"feature_3630"},{"properties":{"zone":6},"type":"Polygon","arcs":[[14597,14598,-14605,-14611,14599]],"id":"feature_3631"},{"properties":{"zone":6},"type":"Polygon","arcs":[[14600,-14609,14601,14602]],"id":"feature_3632"},{"properties":{"zone":5},"type":"Polygon","arcs":[[14603,-14612,-14607,14604,14605]],"id":"feature_3633"},{"properties":{"zone":7},"type":"Polygon","arcs":[[14606,-14614,-14628,-14623,-14619,-14618,-14615,14607,14608,14609,14610]],"id":"feature_3634"},{"properties":{"zone":3},"type":"Polygon","arcs":[[14611,14612,-14625,14613]],"id":"feature_3635"},{"properties":{"zone":3},"type":"Polygon","arcs":[[14614,14617,14615,14616]],"id":"feature_3636"},{"properties":{"zone":5},"type":"Polygon","arcs":[[14617,14618,-14622,14619,14620]],"id":"feature_3637"},{"properties":{"zone":3},"type":"Polygon","arcs":[[14621,14622,-14627,14623]],"id":"feature_3638"},{"properties":{"zone":10},"type":"Polygon","arcs":[[14624,14625,14626,14627]],"id":"feature_3639"},{"properties":{"zone":1},"type":"Polygon","arcs":[[14628,-14641,14629]],"id":"feature_3640"},{"properties":{"zone":5},"type":"Polygon","arcs":[[-14636,-14635,14634,-14634,-14637,14630,14631]],"id":"feature_3641"},{"properties":{"zone":1},"type":"Polygon","arcs":[[14632,-14639,-14638,14633,-14635,14634,14635]],"id":"feature_3642"},{"properties":{"zone":4},"type":"Polygon","arcs":[[14636,14637,14638,14639,14640,14641]],"id":"feature_3643"},{"properties":{"zone":5},"type":"Polygon","arcs":[[14642,14643,-14646,14644]],"id":"feature_3644"},{"properties":{"zone":6},"type":"Polygon","arcs":[[14645,14646,14647,-14652,14648]],"id":"feature_3645"},{"properties":{"zone":5},"type":"Polygon","arcs":[[14649,14650,14651,14652]],"id":"feature_3646"},{"properties":{"zone":11},"type":"Polygon","arcs":[[14653]],"id":"feature_3647"},{"properties":{"zone":9},"type":"Polygon","arcs":[[-14669,-14716,14654]],"id":"feature_3648"},{"properties":{"zone":8},"type":"Polygon","arcs":[[-14774,14655,-14788,-14690,14656,-14673]],"id":"feature_3649"},{"properties":{"zone":1},"type":"Polygon","arcs":[[-14754,14657]],"id":"feature_3650"},{"properties":{"zone":1},"type":"Polygon","arcs":[[14658,-14756]],"id":"feature_3651"},{"properties":{"zone":1},"type":"Polygon","arcs":[[-14758,14659]],"id":"feature_3652"},{"properties":{"zone":1},"type":"Polygon","arcs":[[14660,-14769]],"id":"feature_3653"},{"properties":{"zone":1},"type":"Polygon","arcs":[[-14667,14661]],"id":"feature_3654"},{"properties":{"zone":1},"type":"Polygon","arcs":[[-14765,-14764,14763,-14763,-14762,14761,-14761,-14751,-14665]],"id":"feature_3655"},{"properties":{"zone":10},"type":"Polygon","arcs":[[-14677,14662,-14683,-14791,-14772]],"id":"feature_3656"},{"properties":{"zone":7},"type":"Polygon","arcs":[[-14750,14663,-14674,-14766,14664]],"id":"feature_3657"},{"properties":{"zone":5},"type":"Polygon","arcs":[[14665,14666,14667,-14747]],"id":"feature_3658"},{"properties":{"zone":5},"type":"Polygon","arcs":[[-14680,-14698,-14727,-14717,14668,14669,-14681,-14713]],"id":"feature_3659"},{"properties":{"zone":6},"type":"Polygon","arcs":[[14780]],"id":"feature_3660"},{"properties":{"zone":6},"type":"Polygon","arcs":[[-14687,14670,-14685,14671,-14780,-14793]],"id":"feature_3661"},{"properties":{"zone":6},"type":"Polygon","arcs":[[14780]],"id":"feature_3662"},{"properties":{"zone":9},"type":"Polygon","arcs":[[-14775,14672,-14688,-14786,-14779,-14679,-14777,-14678]],"id":"feature_3663"},{"properties":{"zone":3},"type":"Polygon","arcs":[[-14767,14673,14674]],"id":"feature_3664"},{"properties":{"zone":6},"type":"Polygon","arcs":[[14675,14676,-14771]],"id":"feature_3665"},{"properties":{"zone":8},"type":"Polygon","arcs":[[14677,-14776]],"id":"feature_3666"},{"properties":{"zone":8},"type":"Polygon","arcs":[[-14778,14678]],"id":"feature_3667"},{"properties":{"zone":3},"type":"Polygon","arcs":[[14781]],"id":"feature_3668"},{"properties":{"zone":3},"type":"Polygon","arcs":[[-14712,-14699,14679]],"id":"feature_3669"},{"properties":{"zone":3},"type":"Polygon","arcs":[[14680,14681,-14714]],"id":"feature_3670"},{"properties":{"zone":5},"type":"Polygon","arcs":[[14682,14683,14684,14685,14686,-14792]],"id":"feature_3671"},{"properties":{"zone":5},"type":"Polygon","arcs":[[14687,14688,14689,-14787]],"id":"feature_3672"},{"properties":{"zone":5},"type":"Polygon","arcs":[[-14701,14690,-14710,14691,-14729]],"id":"feature_3673"},{"properties":{"zone":5},"type":"Polygon","arcs":[[14692,-14743,-14742,-14741,-14705,-14726]],"id":"feature_3674"},{"properties":{"zone":5},"type":"Polygon","arcs":[[-14745,14693]],"id":"feature_3675"},{"properties":{"zone":5},"type":"Polygon","arcs":[[14694,-14706,-14739]],"id":"feature_3676"},{"properties":{"zone":5},"type":"Polygon","arcs":[[-14704,-14737,-14707]],"id":"feature_3677"},{"properties":{"zone":5},"type":"Polygon","arcs":[[-14719,-14723,-14708,-14735]],"id":"feature_3678"},{"properties":{"zone":5},"type":"Polygon","arcs":[[-14732,-14703,14695]],"id":"feature_3679"},{"properties":{"zone":6},"type":"MultiPolygon","arcs":[[[14696,-14697]],[[14697,14698,-14711,14699,14700,-14728]]],"id":"feature_3680"},{"properties":{"zone":6},"type":"Polygon","arcs":[[14701,14702,-14738,14703,-14721,14704,-14740,14705]],"id":"feature_3681"},{"properties":{"zone":6},"type":"Polygon","arcs":[[14706,-14736,14707,-14722]],"id":"feature_3682"},{"properties":{"zone":7},"type":"Polygon","arcs":[[14708,14709,14710,14711,14712,14713]],"id":"feature_3683"},{"properties":{"zone":8},"type":"MultiPolygon","arcs":[[[14714,-14715]],[[14715,14716,-14731,14717]]],"id":"feature_3684"},{"properties":{"zone":8},"type":"Polygon","arcs":[[-14724,14718,-14734,14719]],"id":"feature_3685"},{"properties":{"zone":9},"type":"Polygon","arcs":[[14720,14721,14722,14723,14724,14725]],"id":"feature_3686"},{"properties":{"zone":9},"type":"Polygon","arcs":[[14726,14727,14728,14729,14730]],"id":"feature_3687"},{"properties":{"zone":9},"type":"Polygon","arcs":[[14731,14732,14733,14734,14735,14736,14737]],"id":"feature_3688"},{"properties":{"zone":10},"type":"Polygon","arcs":[[14738,14739,14740,14741,14742,14743,14744,14745]],"id":"feature_3689"},{"properties":{"zone":10},"type":"Polygon","arcs":[[14746,14747]],"id":"feature_3690"},{"properties":{"zone":11},"type":"Polygon","arcs":[[14748]],"id":"feature_3691"},{"properties":{"zone":6},"type":"Polygon","arcs":[[14749,14750,-14760,14751]],"id":"feature_3692"},{"properties":{"zone":5},"type":"Polygon","arcs":[[14752,14753,14754,14755,14756,14757,14758,14759,14760,-14762,14761,14762,-14764,14763,14764,14765,14766,14767,14768,14769,14770,14771,-14790,14772,14773,14774,14775,14776,14777,14778,-14785,-14784,-14783,14779],[14780],[14781]],"id":"feature_3693"},{"properties":{"zone":8},"type":"Polygon","arcs":[[14782,14783,14784,14785,14786,14787,14788,14789,14790,14791,14792]],"id":"feature_3694"},{"properties":{"zone":5},"type":"Polygon","arcs":[[-14817,14793,-15516,14794,-15514,14795,-15512,14796,-15510,14797,-15508,14798,-15526,14799,-15524,14800,-15522,14801,-14830]],"id":"feature_3695"},{"properties":{"zone":5},"type":"Polygon","arcs":[[-14813,-14832,14802]],"id":"feature_3696"},{"properties":{"zone":5},"type":"Polygon","arcs":[[-14815,-14828,-14843,14803]],"id":"feature_3697"},{"properties":{"zone":5},"type":"Polygon","arcs":[[-14825,14804]],"id":"feature_3698"},{"properties":{"zone":5},"type":"Polygon","arcs":[[-14853,-14827,14805]],"id":"feature_3699"},{"properties":{"zone":5},"type":"Polygon","arcs":[[-14851,14806,-14842]],"id":"feature_3700"},{"properties":{"zone":5},"type":"Polygon","arcs":[[-14834,14807,-14849,-14837,-14855,14808]],"id":"feature_3701"},{"properties":{"zone":5},"type":"Polygon","arcs":[[-14818,-14839,14809]],"id":"feature_3702"},{"properties":{"zone":5},"type":"Polygon","arcs":[[14810,-14820,14811,-14822]],"id":"feature_3703"},{"properties":{"zone":10},"type":"Polygon","arcs":[[14812,14813,-14829,14814,14815,14816,-14833]],"id":"feature_3704"},{"properties":{"zone":7},"type":"Polygon","arcs":[[14817,14818,14819,14820,-14846,-14840]],"id":"feature_3705"},{"properties":{"zone":7},"type":"Polygon","arcs":[[14821,14822]],"id":"feature_3706"},{"properties":{"zone":7},"type":"Polygon","arcs":[[14823,14824,14825,14826,-14852,-14841,-14844,14827,14828]],"id":"feature_3707"},{"properties":{"zone":7},"type":"Polygon","arcs":[[14829,14830,14831,14832]],"id":"feature_3708"},{"properties":{"zone":10},"type":"Polygon","arcs":[[14833,14834]],"id":"feature_3709"},{"properties":{"zone":10},"type":"Polygon","arcs":[[-14848,14835,-14856,14836]],"id":"feature_3710"},{"properties":{"zone":8},"type":"Polygon","arcs":[[14837,14838,14839,-14845,14840,14841]],"id":"feature_3711"},{"properties":{"zone":3},"type":"Polygon","arcs":[[14842,14843,14844,14845,14846,14847,14848,14849]],"id":"feature_3712"},{"properties":{"zone":3},"type":"Polygon","arcs":[[14850,14851,14852,14853]],"id":"feature_3713"},{"properties":{"zone":11},"type":"Polygon","arcs":[[14854,14855,14856]],"id":"feature_3714"},{"properties":{"zone":3},"type":"Polygon","arcs":[[-14883,-14866]],"id":"feature_3715"},{"properties":{"zone":3},"type":"Polygon","arcs":[[-14886,14857,-14867]],"id":"feature_3716"},{"properties":{"zone":8},"type":"Polygon","arcs":[[-14864,-14878,-14877,14876,-14876,14858]],"id":"feature_3717"},{"properties":{"zone":11},"type":"Polygon","arcs":[[14859,-14869]],"id":"feature_3718"},{"properties":{"zone":1},"type":"Polygon","arcs":[[-14874,14860]],"id":"feature_3719"},{"properties":{"zone":1},"type":"Polygon","arcs":[[14941]],"id":"feature_3720"},{"properties":{"zone":1},"type":"Polygon","arcs":[[14861,-14881,14862,-14938]],"id":"feature_3721"},{"properties":{"zone":7},"type":"Polygon","arcs":[[14863,14864,-14884,14865,-14882,14866,14867,-14872,-14871,14870,-14879]],"id":"feature_3722"},{"properties":{"zone":5},"type":"Polygon","arcs":[[14868,14869]],"id":"feature_3723"},{"properties":{"zone":5},"type":"Polygon","arcs":[[-14871,14870,14871,14872,14873,14874,14875,-14877,14876,14877,14878]],"id":"feature_3724"},{"properties":{"zone":5},"type":"Polygon","arcs":[[14879,14880]],"id":"feature_3725"},{"properties":{"zone":5},"type":"Polygon","arcs":[[14881,14882,14883,14884,14885]],"id":"feature_3726"},{"properties":{"zone":1},"type":"Polygon","arcs":[[14886,-14921]],"id":"feature_3727"},{"properties":{"zone":1},"type":"Polygon","arcs":[[-14926,14887]],"id":"feature_3728"},{"properties":{"zone":1},"type":"Polygon","arcs":[[14888,-14924]],"id":"feature_3729"},{"properties":{"zone":1},"type":"Polygon","arcs":[[-14935,14889,-14892,14890]],"id":"feature_3730"},{"properties":{"zone":3},"type":"Polygon","arcs":[[14891,14892]],"id":"feature_3731"},{"properties":{"zone":3},"type":"Polygon","arcs":[[14893,14894,14895,14896,14897,14898,14899,14900,14901,14902,14903,14904,14905,14906,14907,14908,14909,14910,14911,14912,14913,14914,14915,14916,14917,14918]],"id":"feature_3732"},{"properties":{"zone":5},"type":"Polygon","arcs":[[14919,14920,14921,-14930,14922,14923,14924,14925]],"id":"feature_3733"},{"properties":{"zone":5},"type":"Polygon","arcs":[[14926],[14927]],"id":"feature_3734"},{"properties":{"zone":8},"type":"Polygon","arcs":[[14928]],"id":"feature_3735"},{"properties":{"zone":8},"type":"Polygon","arcs":[[14929,14930]],"id":"feature_3736"},{"properties":{"zone":10},"type":"Polygon","arcs":[[-14934,14931]],"id":"feature_3737"},{"properties":{"zone":11},"type":"Polygon","arcs":[[14932,14933]],"id":"feature_3738"},{"properties":{"zone":2},"type":"Polygon","arcs":[[14934,14935]],"id":"feature_3739"},{"properties":{"zone":1},"type":"Polygon","arcs":[[14936,-14941]],"id":"feature_3740"},{"properties":{"zone":5},"type":"Polygon","arcs":[[14937,14938]],"id":"feature_3741"},{"properties":{"zone":5},"type":"Polygon","arcs":[[14939,14940],[14941]],"id":"feature_3742"},{"properties":{"zone":3},"type":"Polygon","arcs":[[-14946,14942,-14945,-14953]],"id":"feature_3743"},{"properties":{"zone":3},"type":"Polygon","arcs":[[-14951,-14958,-14947]],"id":"feature_3744"},{"properties":{"zone":5},"type":"Polygon","arcs":[[14943,-14954,14944]],"id":"feature_3745"},{"properties":{"zone":7},"type":"Polygon","arcs":[[14945,-14952,14946,-14957,-14949,14947]],"id":"feature_3746"},{"properties":{"zone":3},"type":"Polygon","arcs":[[14948,-14956,14949]],"id":"feature_3747"},{"properties":{"zone":8},"type":"Polygon","arcs":[[14950,14951,14952,14953,14954,-14959]],"id":"feature_3748"},{"properties":{"zone":5},"type":"Polygon","arcs":[[14955,14956,14957,14958,14959]],"id":"feature_3749"},{"properties":{"zone":3},"type":"Polygon","arcs":[[14960,15042]],"id":"feature_3750"},{"properties":{"zone":8},"type":"Polygon","arcs":[[15044]],"id":"feature_3751"},{"properties":{"zone":3},"type":"Polygon","arcs":[[14961,-14966,14962,15040]],"id":"feature_3752"},{"properties":{"zone":8},"type":"Polygon","arcs":[[14963,-14967,14964,14965]],"id":"feature_3753"},{"properties":{"zone":3},"type":"Polygon","arcs":[[14966,14967]],"id":"feature_3754"},{"properties":{"zone":1},"type":"Polygon","arcs":[[14968,-15037]],"id":"feature_3755"},{"properties":{"zone":1},"type":"Polygon","arcs":[[14969,-15039]],"id":"feature_3756"},{"properties":{"zone":3},"type":"Polygon","arcs":[[-14990,14970,-14991]],"id":"feature_3757"},{"properties":{"zone":3},"type":"Polygon","arcs":[[14971,-14974,-14983]],"id":"feature_3758"},{"properties":{"zone":8},"type":"Polygon","arcs":[[-14977,-14994]],"id":"feature_3759"},{"properties":{"zone":7},"type":"Polygon","arcs":[[14972,14989,-14989,-14975,-14984,14973]],"id":"feature_3760"},{"properties":{"zone":8},"type":"Polygon","arcs":[[-14985,14974,-14988,-14976,-14979,-15005]],"id":"feature_3761"},{"properties":{"zone":9},"type":"Polygon","arcs":[[14975,-14987,14976,-14993,-14995,-14980]],"id":"feature_3762"},{"properties":{"zone":3},"type":"Polygon","arcs":[[-15000,-15034,14977]],"id":"feature_3763"},{"properties":{"zone":5},"type":"Polygon","arcs":[[14978,14979,-14999,-14981,-15006]],"id":"feature_3764"},{"properties":{"zone":6},"type":"Polygon","arcs":[[-14998,-15002,-15007,14980]],"id":"feature_3765"},{"properties":{"zone":5},"type":"Polygon","arcs":[[-15019,14981,14982,14983,14984,-15011,-14986]],"id":"feature_3766"},{"properties":{"zone":6},"type":"Polygon","arcs":[[-15020,14985,-15010,-15013]],"id":"feature_3767"},{"properties":{"zone":5},"type":"Polygon","arcs":[[14986,14987,14988,-14990,14989,14990,14991,-14996,14992,14993]],"id":"feature_3768"},{"properties":{"zone":8},"type":"Polygon","arcs":[[14994,14995,14996,-15003,14997,14998]],"id":"feature_3769"},{"properties":{"zone":6},"type":"Polygon","arcs":[[-15035,14999,15000]],"id":"feature_3770"},{"properties":{"zone":5},"type":"Polygon","arcs":[[-15008,15001,15002,15003]],"id":"feature_3771"},{"properties":{"zone":7},"type":"Polygon","arcs":[[15004,15005,15006,15007,15008,-15014,15009,15010]],"id":"feature_3772"},{"properties":{"zone":11},"type":"Polygon","arcs":[[-15017,15011]],"id":"feature_3773"},{"properties":{"zone":5},"type":"Polygon","arcs":[[15012,15013,15014,-15021]],"id":"feature_3774"},{"properties":{"zone":10},"type":"Polygon","arcs":[[-15024,15015,15016,15017,15018,15019,15020,15021]],"id":"feature_3775"},{"properties":{"zone":11},"type":"Polygon","arcs":[[15022,15023]],"id":"feature_3776"},{"properties":{"zone":5},"type":"Polygon","arcs":[[15024,-15027]],"id":"feature_3777"},{"properties":{"zone":3},"type":"Polygon","arcs":[[15025,15026,15027,-15030]],"id":"feature_3778"},{"properties":{"zone":5},"type":"Polygon","arcs":[[-15032,15028]],"id":"feature_3779"},{"properties":{"zone":7},"type":"Polygon","arcs":[[15029,15030,15031,15032]],"id":"feature_3780"},{"properties":{"zone":5},"type":"Polygon","arcs":[[15033,15034,15035]],"id":"feature_3781"},{"properties":{"zone":5},"type":"Polygon","arcs":[[15036,15037,15038,15039]],"id":"feature_3782"},{"properties":{"zone":5},"type":"Polygon","arcs":[[15040,15041,15042,15043],[15044]],"id":"feature_3783"},{"properties":{"zone":5},"type":"Polygon","arcs":[[-15075,15045,-15070,15046,-15099,15047,-15090,15048,-15104,15049,-15113,-15053,-15115,15050]],"id":"feature_3784"},{"properties":{"zone":1},"type":"Polygon","arcs":[[-15123,-15119,-15096,15051]],"id":"feature_3785"},{"properties":{"zone":1},"type":"Polygon","arcs":[[-15116,15052]],"id":"feature_3786"},{"properties":{"zone":1},"type":"Polygon","arcs":[[15053,-15164]],"id":"feature_3787"},{"properties":{"zone":5},"type":"Polygon","arcs":[[-15062,15054,-15068,15055,-15071,15073,-15074,-15073,15056,-15142,15057,-15065,15058]],"id":"feature_3788"},{"properties":{"zone":4},"type":"Polygon","arcs":[[-15100,-15108,-15146,15059]],"id":"feature_3789"},{"properties":{"zone":1},"type":"Polygon","arcs":[[-15126,15125,-15125,15060,-15127]],"id":"feature_3790"},{"properties":{"zone":1},"type":"Polygon","arcs":[[15061,15062]],"id":"feature_3791"},{"properties":{"zone":1},"type":"Polygon","arcs":[[-15166,15063]],"id":"feature_3792"},{"properties":{"zone":1},"type":"Polygon","arcs":[[15064,15065]],"id":"feature_3793"},{"properties":{"zone":1},"type":"Polygon","arcs":[[15066,15067]],"id":"feature_3794"},{"properties":{"zone":4},"type":"Polygon","arcs":[[15068,15069]],"id":"feature_3795"},{"properties":{"zone":1},"type":"Polygon","arcs":[[-15074,15070,15071,15072,15073]],"id":"feature_3796"},{"properties":{"zone":1},"type":"Polygon","arcs":[[15074,15075]],"id":"feature_3797"},{"properties":{"zone":1},"type":"Polygon","arcs":[[15076,-15168]],"id":"feature_3798"},{"properties":{"zone":1},"type":"Polygon","arcs":[[15077,-15086,-15092,-15111,-15083]],"id":"feature_3799"},{"properties":{"zone":8},"type":"Polygon","arcs":[[-15132,-15080,-15160]],"id":"feature_3800"},{"properties":{"zone":3},"type":"Polygon","arcs":[[-15156,15078]],"id":"feature_3801"},{"properties":{"zone":6},"type":"Polygon","arcs":[[-15131,-15081,-15084,-15135,-15161,15079]],"id":"feature_3802"},{"properties":{"zone":8},"type":"Polygon","arcs":[[-15094,-15085,15080,-15130,-15107]],"id":"feature_3803"},{"properties":{"zone":4},"type":"Polygon","arcs":[[-15110,-15102,15081,15082]],"id":"feature_3804"},{"properties":{"zone":5},"type":"Polygon","arcs":[[-15136,15083,15084,-15093,15085,15086]],"id":"feature_3805"},{"properties":{"zone":9},"type":"Polygon","arcs":[[-15188,-15133,-15158,15087]],"id":"feature_3806"},{"properties":{"zone":8},"type":"Polygon","arcs":[[-15171,-15177,15088,-15189]],"id":"feature_3807"},{"properties":{"zone":3},"type":"Polygon","arcs":[[15089,15090]],"id":"feature_3808"},{"properties":{"zone":4},"type":"Polygon","arcs":[[-15112,15091,15092,15093]],"id":"feature_3809"},{"properties":{"zone":6},"type":"Polygon","arcs":[[-15144,15094]],"id":"feature_3810"},{"properties":{"zone":3},"type":"Polygon","arcs":[[15095,-15118,15096]],"id":"feature_3811"},{"properties":{"zone":4},"type":"Polygon","arcs":[[15097,15098]],"id":"feature_3812"},{"properties":{"zone":10},"type":"Polygon","arcs":[[-15109,15099,15100,15101]],"id":"feature_3813"},{"properties":{"zone":3},"type":"Polygon","arcs":[[15102,15103]],"id":"feature_3814"},{"properties":{"zone":5},"type":"Polygon","arcs":[[15104,-15153,15105,-15121,-15149]],"id":"feature_3815"},{"properties":{"zone":6},"type":"Polygon","arcs":[[15106,-15129,-15183,-15148,-15181,-15147,15107,15108,15109,15110,15111]],"id":"feature_3816"},{"properties":{"zone":3},"type":"Polygon","arcs":[[15112,15113,15114,15115]],"id":"feature_3817"},{"properties":{"zone":8},"type":"Polygon","arcs":[[-15134,-15186,-15185]],"id":"feature_3818"},{"properties":{"zone":10},"type":"Polygon","arcs":[[15116,15117,15118,-15122]],"id":"feature_3819"},{"properties":{"zone":4},"type":"Polygon","arcs":[[15119,-15138,-15150,15120]],"id":"feature_3820"},{"properties":{"zone":5},"type":"Polygon","arcs":[[15121,15122,15123,15124,-15126,15125,15126,15127]],"id":"feature_3821"},{"properties":{"zone":9},"type":"Polygon","arcs":[[15128,15129,15130,15131,-15159,15132,-15187,15133,15184,-15184]],"id":"feature_3822"},{"properties":{"zone":1},"type":"Polygon","arcs":[[-15162,15134,15135,15136]],"id":"feature_3823"},{"properties":{"zone":3},"type":"Polygon","arcs":[[-15151,15137,15138]],"id":"feature_3824"},{"properties":{"zone":3},"type":"Polygon","arcs":[[-15191,15139]],"id":"feature_3825"},{"properties":{"zone":3},"type":"Polygon","arcs":[[15140,15141,15142,15143]],"id":"feature_3826"},{"properties":{"zone":1},"type":"Polygon","arcs":[[-15180,15144,15145,15146]],"id":"feature_3827"},{"properties":{"zone":4},"type":"Polygon","arcs":[[-15182,15147]],"id":"feature_3828"},{"properties":{"zone":1},"type":"Polygon","arcs":[[15148,15149,15150,15151]],"id":"feature_3829"},{"properties":{"zone":1},"type":"Polygon","arcs":[[15152,15153]],"id":"feature_3830"},{"properties":{"zone":5},"type":"Polygon","arcs":[[15154,15155,15156,15157,15158,15159,15160,15161,15162,15163,15164,15165,15166,15167]],"id":"feature_3831"},{"properties":{"zone":10},"type":"Polygon","arcs":[[-15193,15168,-15679,15169,-15178,15170]],"id":"feature_3832"},{"properties":{"zone":3},"type":"Polygon","arcs":[[15171,-15175]],"id":"feature_3833"},{"properties":{"zone":5},"type":"Polygon","arcs":[[15172,-15677,15173,15174,15175,15176,15177]],"id":"feature_3834"},{"properties":{"zone":5},"type":"Polygon","arcs":[[15178,15179,15180,15181,15182,15183,-15185,15184,15185,15186,15187]],"id":"feature_3835"},{"properties":{"zone":5},"type":"Polygon","arcs":[[15188,15189,15190,15191,15192]],"id":"feature_3836"},{"properties":{"zone":1},"type":"Polygon","arcs":[[15193,15194,15195,15196,15197,15198,15199,-15210,15200]],"id":"feature_3837"},{"properties":{"zone":2},"type":"Polygon","arcs":[[-15283,-15253,15201,-15219]],"id":"feature_3838"},{"properties":{"zone":5},"type":"Polygon","arcs":[[15202,15203,15204,15205,-15215,-15214,15206,15207,15208,15209]],"id":"feature_3839"},{"properties":{"zone":1},"type":"Polygon","arcs":[[-15228,-15264,15210]],"id":"feature_3840"},{"properties":{"zone":5},"type":"Polygon","arcs":[[-15223,15211]],"id":"feature_3841"},{"properties":{"zone":1},"type":"Polygon","arcs":[[-15232,15212,-15260]],"id":"feature_3842"},{"properties":{"zone":1},"type":"Polygon","arcs":[[15213,15214,15215,15216,15217]],"id":"feature_3843"},{"properties":{"zone":8},"type":"Polygon","arcs":[[-15230,-15242]],"id":"feature_3844"},{"properties":{"zone":8},"type":"Polygon","arcs":[[-15295,-15279,-15224,-15255]],"id":"feature_3845"},{"properties":{"zone":1},"type":"Polygon","arcs":[[-15286,-15226,-15284,15218,15219]],"id":"feature_3846"},{"properties":{"zone":1},"type":"Polygon","arcs":[[15220,-15262,15221,15222]],"id":"feature_3847"},{"properties":{"zone":4},"type":"Polygon","arcs":[[-15251,15223,-15278,15224]],"id":"feature_3848"},{"properties":{"zone":3},"type":"Polygon","arcs":[[-15285,15225]],"id":"feature_3849"},{"properties":{"zone":5},"type":"Polygon","arcs":[[-15249,15226,-15247,-15238,-15265,15227,15228,-15243,15229,-15241,15230],[15272]],"id":"feature_3850"},{"properties":{"zone":5},"type":"Polygon","arcs":[[15231,-15259,-15258,15232,15233]],"id":"feature_3851"},{"properties":{"zone":1},"type":"Polygon","arcs":[[-15301,15234,15235,-15258,-15257]],"id":"feature_3852"},{"properties":{"zone":8},"type":"Polygon","arcs":[[-15246,-15240,-15275,15236,-15292,-15267,-15266,15237]],"id":"feature_3853"},{"properties":{"zone":1},"type":"Polygon","arcs":[[15238,-15276,15239,-15245]],"id":"feature_3854"},{"properties":{"zone":1},"type":"Polygon","arcs":[[15240,15241,15242,15243]],"id":"feature_3855"},{"properties":{"zone":7},"type":"Polygon","arcs":[[15244,15245,15246,15247,15248,15249]],"id":"feature_3856"},{"properties":{"zone":3},"type":"Polygon","arcs":[[-15303,-15256,-15268]],"id":"feature_3857"},{"properties":{"zone":1},"type":"Polygon","arcs":[[15250,15251,15252,-15282,15253,-15280,15254]],"id":"feature_3858"},{"properties":{"zone":7},"type":"Polygon","arcs":[[-15269,15255,-15302,15256,15257,15258,15259,15260,15261,15262,15263,15264,15265]],"id":"feature_3859"},{"properties":{"zone":1},"type":"Polygon","arcs":[[15266,-15291,-15304,15267,15268]],"id":"feature_3860"},{"properties":{"zone":10},"type":"Polygon","arcs":[[15269]],"id":"feature_3861"},{"properties":{"zone":1},"type":"Polygon","arcs":[[15270,-15288,-15298,15271,-15296,-15290]],"id":"feature_3862"},{"properties":{"zone":8},"type":"Polygon","arcs":[[15272]],"id":"feature_3863"},{"properties":{"zone":5},"type":"Polygon","arcs":[[-15294,15273,15274,15275,15276,15277,15278]],"id":"feature_3864"},{"properties":{"zone":5},"type":"Polygon","arcs":[[15279,15280,15281,15282,15283,15284,15285,15286,-15299,15287,15288,15289,-15305,15290,15291,15292,15293,15294]],"id":"feature_3865"},{"properties":{"zone":5},"type":"Polygon","arcs":[[15295,15296,15297,15298,15299,15300,15301,15302,15303,15304]],"id":"feature_3866"},{"properties":{"zone":1},"type":"Polygon","arcs":[[15305,-15308]],"id":"feature_3867"},{"properties":{"zone":5},"type":"Polygon","arcs":[[15306,15307,15308,-15330]],"id":"feature_3868"},{"properties":{"zone":5},"type":"Polygon","arcs":[[15331]],"id":"feature_3869"},{"properties":{"zone":1},"type":"Polygon","arcs":[[15309,-15321]],"id":"feature_3870"},{"properties":{"zone":3},"type":"Polygon","arcs":[[-15395,15310,-15314,15311]],"id":"feature_3871"},{"properties":{"zone":1},"type":"Polygon","arcs":[[15312,15313,15314,-15323]],"id":"feature_3872"},{"properties":{"zone":3},"type":"Polygon","arcs":[[-15393,15315]],"id":"feature_3873"},{"properties":{"zone":1},"type":"Polygon","arcs":[[15402]],"id":"feature_3874"},{"properties":{"zone":1},"type":"Polygon","arcs":[[-15325,15316]],"id":"feature_3875"},{"properties":{"zone":1},"type":"Polygon","arcs":[[-15319,15317]],"id":"feature_3876"},{"properties":{"zone":5},"type":"Polygon","arcs":[[15318,15319,15320,15321,15322,15323,15324,15325]],"id":"feature_3877"},{"properties":{"zone":1},"type":"Polygon","arcs":[[15401]],"id":"feature_3878"},{"properties":{"zone":3},"type":"Polygon","arcs":[[-15328,15326]],"id":"feature_3879"},{"properties":{"zone":1},"type":"Polygon","arcs":[[15327,15328,15329,15330],[15331]],"id":"feature_3880"},{"properties":{"zone":5},"type":"Polygon","arcs":[[-15335,15332,-15346,-15339]],"id":"feature_3881"},{"properties":{"zone":1},"type":"Polygon","arcs":[[-15405,15333,15334,-15338,15335]],"id":"feature_3882"},{"properties":{"zone":3},"type":"Polygon","arcs":[[-15391,15336]],"id":"feature_3883"},{"properties":{"zone":8},"type":"Polygon","arcs":[[15337,15338,-15345,15339,-15398]],"id":"feature_3884"},{"properties":{"zone":3},"type":"Polygon","arcs":[[-15389,-15342,-15387,15340]],"id":"feature_3885"},{"properties":{"zone":1},"type":"Polygon","arcs":[[15341,-15388]],"id":"feature_3886"},{"properties":{"zone":1},"type":"Polygon","arcs":[[15342,-15400,15343,15344,15345]],"id":"feature_3887"},{"properties":{"zone":1},"type":"Polygon","arcs":[[-15376,15346]],"id":"feature_3888"},{"properties":{"zone":1},"type":"Polygon","arcs":[[15347,-15374,15348,-15378]],"id":"feature_3889"},{"properties":{"zone":1},"type":"Polygon","arcs":[[-15385,15349]],"id":"feature_3890"},{"properties":{"zone":8},"type":"Polygon","arcs":[[15350,-15380,15351,-15373,15352,-15355]],"id":"feature_3891"},{"properties":{"zone":8},"type":"Polygon","arcs":[[-15360,-15368]],"id":"feature_3892"},{"properties":{"zone":1},"type":"Polygon","arcs":[[-15382,15353,15354,15355,-15371,15356,-15362,15357]],"id":"feature_3893"},{"properties":{"zone":3},"type":"Polygon","arcs":[[-15365,15358]],"id":"feature_3894"},{"properties":{"zone":3},"type":"Polygon","arcs":[[15359,-15367,15360,15361,15362,-15369]],"id":"feature_3895"},{"properties":{"zone":1},"type":"Polygon","arcs":[[-15384,15363,15364,15365]],"id":"feature_3896"},{"properties":{"zone":5},"type":"Polygon","arcs":[[15366,15367,15368,15369,15370,15371,15372,15373,15374,15375,15376,15377,15378,15379,15380,15381,15382,15383,15384,15385,15386,15387,15388,15389,15390,15391,15392,15393,15394,15395,-15407,15396,15397,15398,15399,15400],[15401],[15402]],"id":"feature_3897"},{"properties":{"zone":12},"type":"Polygon","arcs":[[-15410,15403]],"id":"feature_3898"},{"properties":{"zone":1},"type":"Polygon","arcs":[[15404,15405,15406,15407]],"id":"feature_3899"},{"properties":{"zone":10},"type":"Polygon","arcs":[[15408,15409]],"id":"feature_3900"},{"properties":{"zone":12},"type":"Polygon","arcs":[[15410]],"id":"feature_3901"},{"properties":{"zone":5},"type":"Polygon","arcs":[[15411,-15416,-15414,-15436,-15413,-15421,-15420,15419,-15419]],"id":"feature_3902"},{"properties":{"zone":1},"type":"Polygon","arcs":[[-15422,15412,-15437,15413,-15415,-15425]],"id":"feature_3903"},{"properties":{"zone":7},"type":"Polygon","arcs":[[15414,15415,15416,-15426]],"id":"feature_3904"},{"properties":{"zone":8},"type":"Polygon","arcs":[[-15428,-15433,15417,15418,-15420,15419,15420,15421,-15424,15422,-15431]],"id":"feature_3905"},{"properties":{"zone":5},"type":"Polygon","arcs":[[15423,15424,15425,15426]],"id":"feature_3906"},{"properties":{"zone":6},"type":"Polygon","arcs":[[15427,-15430,15428,-15434]],"id":"feature_3907"},{"properties":{"zone":5},"type":"Polygon","arcs":[[15429,15430,15431]],"id":"feature_3908"},{"properties":{"zone":5},"type":"Polygon","arcs":[[15432,15433,15434]],"id":"feature_3909"},{"properties":{"zone":8},"type":"Polygon","arcs":[[15435,15436]],"id":"feature_3910"},{"properties":{"zone":12},"type":"Polygon","arcs":[[15437]],"id":"feature_3911"},{"properties":{"zone":7},"type":"Polygon","arcs":[[15438,-15455]],"id":"feature_3912"},{"properties":{"zone":3},"type":"Polygon","arcs":[[15439,-15457]],"id":"feature_3913"},{"properties":{"zone":1},"type":"Polygon","arcs":[[15440]],"id":"feature_3914"},{"properties":{"zone":6},"type":"Polygon","arcs":[[-15443,-15459,15441]],"id":"feature_3915"},{"properties":{"zone":3},"type":"Polygon","arcs":[[15442,15443,-15446,-15460]],"id":"feature_3916"},{"properties":{"zone":5},"type":"Polygon","arcs":[[15444,15445,15446,-15454,15447]],"id":"feature_3917"},{"properties":{"zone":8},"type":"Polygon","arcs":[[15448,-15453,-15450,-15461]],"id":"feature_3918"},{"properties":{"zone":3},"type":"Polygon","arcs":[[15449,-15452,-15462]],"id":"feature_3919"},{"properties":{"zone":1},"type":"Polygon","arcs":[[15450,-15463,15451,15452,15453]],"id":"feature_3920"},{"properties":{"zone":5},"type":"Polygon","arcs":[[15454,15455,15456,15457,15458,15459,15460,15461,15462,15463]],"id":"feature_3921"},{"properties":{"zone":3},"type":"Polygon","arcs":[[15464]],"id":"feature_3922"},{"properties":{"zone":6},"type":"Polygon","arcs":[[-15473,15465]],"id":"feature_3923"},{"properties":{"zone":3},"type":"Polygon","arcs":[[15466,-15475]],"id":"feature_3924"},{"properties":{"zone":3},"type":"Polygon","arcs":[[-15477,15467]],"id":"feature_3925"},{"properties":{"zone":3},"type":"Polygon","arcs":[[15468,-15479]],"id":"feature_3926"},{"properties":{"zone":3},"type":"Polygon","arcs":[[-15481,15469]],"id":"feature_3927"},{"properties":{"zone":10},"type":"Polygon","arcs":[[-15483,15470]],"id":"feature_3928"},{"properties":{"zone":5},"type":"Polygon","arcs":[[15471,15472,15473,15474,15475,15476,15477,15478,15479,15480,15481,15482],[15484]],"id":"feature_3929"},{"properties":{"zone":5},"type":"Polygon","arcs":[[15483]],"id":"feature_3930"},{"properties":{"zone":8},"type":"Polygon","arcs":[[15484]],"id":"feature_3931"},{"properties":{"zone":8},"type":"Polygon","arcs":[[15485,-15499]],"id":"feature_3932"},{"properties":{"zone":12},"type":"Polygon","arcs":[[15486]],"id":"feature_3933"},{"properties":{"zone":5},"type":"Polygon","arcs":[[15487,15492,15488,-15494,-15490]],"id":"feature_3934"},{"properties":{"zone":10},"type":"Polygon","arcs":[[15489,-15496,15490]],"id":"feature_3935"},{"properties":{"zone":10},"type":"Polygon","arcs":[[15491,15492]],"id":"feature_3936"},{"properties":{"zone":8},"type":"Polygon","arcs":[[15493,15494,15495]],"id":"feature_3937"},{"properties":{"zone":12},"type":"Polygon","arcs":[[15496]],"id":"feature_3938"},{"properties":{"zone":12},"type":"Polygon","arcs":[[15497]],"id":"feature_3939"},{"properties":{"zone":5},"type":"Polygon","arcs":[[15498,15499]],"id":"feature_3940"},{"properties":{"zone":5},"type":"Polygon","arcs":[[15500]],"id":"feature_3941"},{"properties":{"zone":3},"type":"Polygon","arcs":[[-15529,15501,-15553,15502]],"id":"feature_3942"},{"properties":{"zone":3},"type":"Polygon","arcs":[[15503,-15536,-15599]],"id":"feature_3943"},{"properties":{"zone":3},"type":"Polygon","arcs":[[-15582,15504,-15590]],"id":"feature_3944"},{"properties":{"zone":3},"type":"Polygon","arcs":[[-15533,15505]],"id":"feature_3945"},{"properties":{"zone":4},"type":"Polygon","arcs":[[15506,-15563,-15518]],"id":"feature_3946"},{"properties":{"zone":5},"type":"Polygon","arcs":[[15507,15508,15509,15510,15511,15512,15513,15514,15515,15516,15517,-15562,15518,-15555,-15573,-15561,15519,-15551,15520,15521,15522,15523,15524,15525,15526]],"id":"feature_3947"},{"properties":{"zone":5},"type":"Polygon","arcs":[[15527,15528]],"id":"feature_3948"},{"properties":{"zone":5},"type":"Polygon","arcs":[[15529,-15559]],"id":"feature_3949"},{"properties":{"zone":5},"type":"Polygon","arcs":[[-15571,-15574,15530]],"id":"feature_3950"},{"properties":{"zone":5},"type":"Polygon","arcs":[[-15576,-15570,15531,15532,15533,-15567,15534]],"id":"feature_3951"},{"properties":{"zone":5},"type":"Polygon","arcs":[[-15557,15535,15536,-15565,15537]],"id":"feature_3952"},{"properties":{"zone":5},"type":"Polygon","arcs":[[-15546,-15542,15538]],"id":"feature_3953"},{"properties":{"zone":5},"type":"Polygon","arcs":[[15539,-15549,15540,-15543,-15548]],"id":"feature_3954"},{"properties":{"zone":3},"type":"Polygon","arcs":[[15541,-15545,15542,15543]],"id":"feature_3955"},{"properties":{"zone":6},"type":"Polygon","arcs":[[15544,15545,15546,15547]],"id":"feature_3956"},{"properties":{"zone":6},"type":"Polygon","arcs":[[15548,15549]],"id":"feature_3957"},{"properties":{"zone":6},"type":"Polygon","arcs":[[15550,15551,15552,15553]],"id":"feature_3958"},{"properties":{"zone":8},"type":"Polygon","arcs":[[-15572,15554,15555,-15597,15556,15557,15558,15559,15560]],"id":"feature_3959"},{"properties":{"zone":10},"type":"Polygon","arcs":[[15561,15562,15563]],"id":"feature_3960"},{"properties":{"zone":10},"type":"Polygon","arcs":[[15564,15565,15566,15567]],"id":"feature_3961"},{"properties":{"zone":10},"type":"Polygon","arcs":[[15568,15569,-15575,15570]],"id":"feature_3962"},{"properties":{"zone":11},"type":"Polygon","arcs":[[15571,15572]],"id":"feature_3963"},{"properties":{"zone":11},"type":"Polygon","arcs":[[15573,15574,15575,15576]],"id":"feature_3964"},{"properties":{"zone":12},"type":"Polygon","arcs":[[15577]],"id":"feature_3965"},{"properties":{"zone":12},"type":"Polygon","arcs":[[15578]],"id":"feature_3966"},{"properties":{"zone":10},"type":"Polygon","arcs":[[-15585,-15586,15579]],"id":"feature_3967"},{"properties":{"zone":10},"type":"Polygon","arcs":[[15580,-15594,15581,-15589]],"id":"feature_3968"},{"properties":{"zone":3},"type":"Polygon","arcs":[[-15592,15582]],"id":"feature_3969"},{"properties":{"zone":3},"type":"Polygon","arcs":[[15583,-15587,15584]],"id":"feature_3970"},{"properties":{"zone":5},"type":"Polygon","arcs":[[15585,15586,15587,15588,15589,15590]],"id":"feature_3971"},{"properties":{"zone":5},"type":"Polygon","arcs":[[15591,15592,15593,15594]],"id":"feature_3972"},{"properties":{"zone":5},"type":"Polygon","arcs":[[15595]],"id":"feature_3973"},{"properties":{"zone":5},"type":"Polygon","arcs":[[15596,15597,15598]],"id":"feature_3974"},{"properties":{"zone":3},"type":"Polygon","arcs":[[15599,-15602]],"id":"feature_3975"},{"properties":{"zone":8},"type":"Polygon","arcs":[[15603]],"id":"feature_3976"},{"properties":{"zone":5},"type":"Polygon","arcs":[[15600]],"id":"feature_3977"},{"properties":{"zone":5},"type":"Polygon","arcs":[[15601,15602],[15603]],"id":"feature_3978"},{"properties":{"zone":3},"type":"Polygon","arcs":[[-15624,15604]],"id":"feature_3979"},{"properties":{"zone":3},"type":"Polygon","arcs":[[-15626,15605]],"id":"feature_3980"},{"properties":{"zone":3},"type":"Polygon","arcs":[[-15616,15606]],"id":"feature_3981"},{"properties":{"zone":3},"type":"Polygon","arcs":[[-15618,15607,-15620,15608]],"id":"feature_3982"},{"properties":{"zone":3},"type":"Polygon","arcs":[[15609,-15622]],"id":"feature_3983"},{"properties":{"zone":5},"type":"Polygon","arcs":[[-15634,15610,-15638]],"id":"feature_3984"},{"properties":{"zone":5},"type":"Polygon","arcs":[[-15642,15611]],"id":"feature_3985"},{"properties":{"zone":5},"type":"Polygon","arcs":[[-15663,15612,-15661,-15631,15613],[15614]],"id":"feature_3986"},{"properties":{"zone":5},"type":"Polygon","arcs":[[15615,15616,15617,15618,15619,15620,15621,15622,15623,15624,15625,15626]],"id":"feature_3987"},{"properties":{"zone":5},"type":"Polygon","arcs":[[-15632,15627]],"id":"feature_3988"},{"properties":{"zone":5},"type":"Polygon","arcs":[[-15635,-15640,15628,-15653]],"id":"feature_3989"},{"properties":{"zone":6},"type":"Polygon","arcs":[[15629,15630]],"id":"feature_3990"},{"properties":{"zone":7},"type":"Polygon","arcs":[[15631,15632,15633,-15637,15634,-15652,15635]],"id":"feature_3991"},{"properties":{"zone":11},"type":"Polygon","arcs":[[15636,15637,15638,15639]],"id":"feature_3992"},{"properties":{"zone":11},"type":"Polygon","arcs":[[15640,15641]],"id":"feature_3993"},{"properties":{"zone":11},"type":"Polygon","arcs":[[15642,15643,15644,15645,15646,15647,15648,15649,15650,15651,15652,15653,15654,15655,15656,15657,15658,15659]],"id":"feature_3994"},{"properties":{"zone":5},"type":"Polygon","arcs":[[15660,15661,15662,15663,-15667,15664]],"id":"feature_3995"},{"properties":{"zone":6},"type":"Polygon","arcs":[[15665,15666,15667,-15669]],"id":"feature_3996"},{"properties":{"zone":9},"type":"Polygon","arcs":[[15668,15669,-15673,15670]],"id":"feature_3997"},{"properties":{"zone":6},"type":"Polygon","arcs":[[15671,15672,15673,-15675]],"id":"feature_3998"},{"properties":{"zone":5},"type":"Polygon","arcs":[[15674,15675]],"id":"feature_3999"},{"properties":{"zone":5},"type":"Polygon","arcs":[[15676,15677,15678,15679]],"id":"feature_4000"},{"properties":{"zone":6},"type":"Polygon","arcs":[[15683,15680]],"id":"feature_4001"},{"properties":{"zone":5},"type":"Polygon","arcs":[[-15715,-15708,-15685,15681]],"id":"feature_4002"},{"properties":{"zone":5},"type":"Polygon","arcs":[[-15700,15682,15683,15684,-15707]],"id":"feature_4003"},{"properties":{"zone":5},"type":"Polygon","arcs":[[-15695,15685]],"id":"feature_4004"},{"properties":{"zone":5},"type":"Polygon","arcs":[[-15701,-15710,15686]],"id":"feature_4005"},{"properties":{"zone":5},"type":"Polygon","arcs":[[-15693,-15692,15687,-15690,-15689,15688,-15694]],"id":"feature_4006"},{"properties":{"zone":1},"type":"Polygon","arcs":[[-15689,15688,15689,15690,15691,15692,15693]],"id":"feature_4007"},{"properties":{"zone":5},"type":"Polygon","arcs":[[15694,15695,-15698,15703,-15703,15696]],"id":"feature_4008"},{"properties":{"zone":6},"type":"Polygon","arcs":[[-15704,15697,15698,15699,-15706,-15712,-15705]],"id":"feature_4009"},{"properties":{"zone":7},"type":"Polygon","arcs":[[15700,15701,15702,-15704,15703,15704,-15711]],"id":"feature_4010"},{"properties":{"zone":7},"type":"Polygon","arcs":[[15705,15706,15707,-15714,-15713]],"id":"feature_4011"},{"properties":{"zone":9},"type":"Polygon","arcs":[[15708,15709,15710,15711,15712,-15717]],"id":"feature_4012"},{"properties":{"zone":5},"type":"Polygon","arcs":[[15713,15714,15715,15716]],"id":"feature_4013"}],"type":"GeometryCollection"}},"bbox":[139.7802,34.9776,140.8708,36.0948],"transform":{"scale":[0.00010907090709070856,0.00011173117311731141],"translate":[139.7802,34.9776]},"arcs":[[[2529,5929],[-4,3]],[[2513,5940],[25,25]],[[2543,5970],[22,25]],[[2570,5993],[4,-1]],[[2588,5986],[2,-3]],[[2558,5844],[3,2]],[[2565,5863],[3,-2]],[[2576,5856],[2,-3]],[[2554,5824],[-3,-2]],[[2509,5850],[3,2]],[[3231,5909],[-4,-2]],[[3239,5902],[2,-3]],[[3255,5894],[-39,-55]],[[3214,5840],[-5,3]],[[3186,5856],[-3,2]],[[3179,5861],[12,26]],[[3214,5912],[2,3]],[[3236,5925],[3,-3]],[[3306,5992],[1,-1]],[[3340,5975],[3,-2]],[[3364,5964],[6,-8]],[[3365,5949],[-2,-2]],[[3328,5861],[-55,31]],[[3281,5900],[1,2]],[[3295,5990],[1,4]],[[2631,5826],[2,-2]],[[3475,5536],[0,-5]],[[3373,5509],[1,2]],[[3384,5539],[1,4]],[[3390,5556],[1,3]],[[3411,5592],[65,-50]],[[3686,5563],[1,-3]],[[3677,5459],[8,125]],[[3237,5906],[-10,1]],[[3227,5907],[4,2]],[[3231,5909],[15,9]],[[3297,5661],[5,1]],[[3321,5659],[-4,-1]],[[3281,5654],[-4,-1]],[[3224,5646],[-5,-1]],[[3198,5654],[1,-3]],[[3246,5651],[4,1]],[[3263,5658],[-1,4]],[[3257,5679],[3,1]],[[3159,5585],[-4,-1]],[[3151,5578],[1,-3]],[[3160,5557],[2,-3]],[[2390,6258],[4,5]],[[2397,6266],[12,-4]],[[2411,6262],[9,-6]],[[2421,6256],[1,2]],[[2422,6258],[3,4]],[[2427,6264],[4,-5]],[[2444,6258],[3,-1]],[[2451,6257],[1,-1]],[[2455,6255],[7,12]],[[2464,6269],[2,2]],[[2466,6272],[4,3]],[[2470,6276],[5,2]],[[2476,6276],[-2,-4]],[[2474,6270],[0,-3]],[[2476,6267],[19,-85]],[[2478,6172],[-2,3]],[[2425,6230],[3,2]],[[2384,6250],[5,6]],[[2577,5936],[-2,-2]],[[2571,5930],[-3,-2]],[[2550,5928],[12,20]],[[2595,5860],[-3,-1]],[[2583,5851],[-5,2]],[[2578,5853],[-2,3]],[[2576,5856],[-8,5]],[[2568,5861],[-3,2]],[[2565,5863],[-4,-17]],[[2561,5846],[-3,-2]],[[2558,5844],[-30,22]],[[3242,6005],[12,10]],[[3257,5951],[3,2]],[[3283,5973],[-13,-64]],[[3259,5916],[-9,6]],[[3278,5897],[-5,-5]],[[3273,5892],[-18,2]],[[3255,5894],[-14,5]],[[3241,5899],[-2,3]],[[3239,5902],[-2,4]],[[3237,5906],[13,8]],[[3288,5795],[2,-8]],[[3268,5775],[-3,-2]],[[3270,5802],[3,-1]],[[3279,5799],[4,-1]],[[3214,5503],[-1,4]],[[3172,5624],[58,-28]],[[3261,5543],[-1,-2]],[[3169,5586],[-3,8]],[[3255,5415],[-1,2]],[[3238,5448],[-1,2]],[[3230,5463],[-2,3]],[[2374,6239],[9,10]],[[2384,6250],[44,-18]],[[2428,6232],[-3,-2]],[[2425,6230],[51,-55]],[[2476,6175],[2,-3]],[[2478,6172],[17,10]],[[2495,6182],[74,-27]],[[2512,6115],[-3,-2]],[[2413,6197],[-25,31]],[[2575,6151],[3,-111]],[[2616,5938],[-3,-2]],[[2610,5932],[-3,-2]],[[2614,5918],[4,-3]],[[2630,5907],[3,-3]],[[2664,5921],[3,2]],[[2670,5927],[3,2]],[[2696,5891],[3,-2]],[[2742,5883],[-4,-3]],[[2713,5860],[-2,-1]],[[2667,5831],[-2,-3]],[[2631,5737],[3,2]],[[2645,5748],[4,2]],[[2679,5774],[3,1]],[[2694,5784],[3,3]],[[2741,5821],[4,3]],[[2739,5811],[-4,-2]],[[2732,5806],[-4,-3]],[[2709,5788],[-3,-2]],[[2701,5783],[-2,-2]],[[2618,5735],[-3,3]],[[2604,5747],[-4,2]],[[2542,5895],[-14,-29]],[[2528,5866],[-16,-14]],[[2512,5852],[-3,-2]],[[2509,5850],[-17,-15]],[[2532,5805],[19,17]],[[2551,5822],[3,2]],[[2554,5824],[29,27]],[[2583,5851],[9,8]],[[2592,5859],[3,1]],[[2595,5860],[-15,22]],[[2600,5930],[3,3]],[[2612,5946],[3,2]],[[2620,5953],[2,2]],[[2671,5904],[-3,2]],[[2656,5904],[-2,-2]],[[2640,5843],[-106,-45],[109,19]],[[2538,5965],[5,5]],[[2543,5970],[16,-12]],[[2507,5934],[6,6]],[[2513,5940],[12,-8]],[[2525,5932],[4,-3]],[[2529,5929],[21,-1]],[[2550,5928],[18,0]],[[2568,5928],[3,2]],[[2571,5930],[4,4]],[[2575,5934],[2,2]],[[2577,5936],[-15,12]],[[2562,5948],[-24,17]],[[3254,6015],[52,-23]],[[3306,5992],[-10,2]],[[3296,5994],[-1,-4]],[[3295,5990],[-12,-17]],[[3283,5973],[-23,-20]],[[3260,5953],[-3,-2]],[[3257,5951],[-7,-29]],[[3250,5922],[-4,-4]],[[3246,5918],[-7,4]],[[3239,5922],[-3,3]],[[3236,5925],[-20,-10]],[[3216,5915],[-2,-3]],[[3214,5912],[-23,-25]],[[3191,5887],[-5,5]],[[3205,5912],[2,3]],[[3186,5941],[4,6]],[[3273,6007],[-19,8]],[[3243,5797],[45,-2]],[[3288,5795],[-5,3]],[[3283,5798],[-4,1]],[[3279,5799],[-6,2]],[[3273,5801],[-3,1]],[[3270,5802],[-56,-33]],[[3244,5691],[3,-2]],[[3253,5679],[9,-17]],[[3262,5662],[1,-4]],[[3263,5658],[-13,-6]],[[3250,5652],[-4,-1]],[[3246,5651],[-47,0]],[[3199,5651],[-1,3]],[[3198,5654],[-37,29]],[[3178,5732],[3,3]],[[3202,5743],[3,1]],[[3192,5625],[27,20]],[[3219,5645],[5,1]],[[3224,5646],[40,5]],[[3685,5584],[7,-3]],[[3693,5550],[2,-17]],[[3686,5460],[-9,-1]],[[3677,5459],[10,101]],[[3687,5560],[-1,3]],[[3686,5563],[-1,21]],[[3166,5502],[1,-2]],[[3170,5495],[1,-3]],[[3160,5457],[-19,92]],[[3476,5542],[-1,-6]],[[3475,5536],[1,6]],[[3277,5249],[-5,-108]],[[3229,5165],[-3,2]],[[3195,5174],[-4,0]],[[3233,5084],[-1,-1]],[[3232,5082],[-9,-2]],[[3222,5080],[-11,7]],[[3210,5087],[4,4]],[[3215,5091],[-8,7]],[[3205,5098],[-8,-8]],[[3196,5090],[-14,5]],[[3182,5098],[12,0]],[[3193,5098],[-5,6]],[[3183,5105],[-5,3]],[[3178,5109],[-1,1]],[[3176,5111],[0,1]],[[3261,5109],[3,-2]],[[3265,5106],[2,-1]],[[3268,5104],[5,-3]],[[3273,5100],[5,-3]],[[3284,5092],[0,-2]],[[3284,5090],[-3,-3]],[[3282,5086],[-19,-22]],[[3262,5063],[-1,0]],[[3259,5062],[-27,7]],[[3238,5072],[3,1]],[[3242,5073],[4,4]],[[3246,5079],[-2,1]],[[2569,6155],[6,-4]],[[2575,6151],[-43,-28]],[[2504,6109],[5,4]],[[2509,6113],[3,2]],[[2512,6115],[57,40]],[[3290,5787],[-5,-9]],[[3221,5757],[44,16]],[[3265,5773],[3,2]],[[3268,5775],[22,12]],[[3222,5743],[1,-2]],[[3227,5728],[1,-3]],[[3257,5679],[-4,0]],[[3253,5679],[-6,10]],[[3247,5689],[-3,2]],[[3244,5691],[-28,57]],[[3237,5730],[3,1]],[[3266,5731],[2,-3]],[[3333,5723],[-4,-1]],[[3317,5720],[-4,-1]],[[3306,5714],[-3,-1]],[[3251,5691],[3,-2]],[[3257,5684],[2,-3]],[[3261,5680],[-4,-1]],[[3257,5679],[-29,46]],[[3228,5725],[-1,3]],[[3227,5728],[-4,13]],[[3223,5741],[-1,2]],[[3222,5743],[-2,6]],[[3258,5112],[1,-1]],[[3261,5109],[-20,-27]],[[3240,5082],[-6,2]],[[3234,5084],[18,26]],[[3175,5176],[16,-2]],[[3191,5174],[4,0]],[[3195,5174],[31,-7]],[[3226,5167],[3,-2]],[[3229,5165],[43,-24]],[[3272,5141],[1,-6]],[[3311,5251],[-34,-2]],[[3277,5249],[-72,-6]],[[3214,5250],[3,1]],[[3284,5256],[4,1]],[[3455,5232],[-4,1]],[[3417,5243],[-4,1]],[[2335,6194],[3,2]],[[2338,6196],[36,43]],[[2374,6239],[14,-11]],[[2388,6228],[-19,-32]],[[2471,5820],[129,-71]],[[2600,5749],[4,-2]],[[2604,5747],[11,-9]],[[2615,5738],[3,-3]],[[2618,5735],[8,-6]],[[2600,5709],[-134,108]],[[3262,5762],[2,-19]],[[3265,5739],[-25,-8]],[[3240,5731],[-3,-1]],[[3237,5730],[-13,19]],[[3223,5751],[38,12]],[[3259,5585],[-29,11]],[[3230,5596],[-38,29]],[[3192,5625],[77,6]],[[3359,5514],[-1,-4]],[[2548,6113],[9,1]],[[2564,6109],[-3,-6]],[[2577,5911],[3,-29]],[[2580,5882],[-38,13]],[[2542,5895],[2,12]],[[2529,5919],[36,1]],[[3249,5389],[-7,-2]],[[3178,5387],[-1,3]],[[3173,5403],[25,6]],[[3244,5414],[11,-22]],[[2438,6122],[53,-26]],[[2497,6092],[81,-52]],[[2578,6040],[-18,-30]],[[2497,6066],[-3,2]],[[2459,6090],[-3,2]],[[2423,6111],[3,3]],[[3115,5515],[-20,46]],[[3105,5563],[14,-47]],[[3243,5118],[30,17]],[[3273,5135],[3,-5]],[[3275,5129],[-15,-14]],[[3258,5113],[0,-1]],[[3258,5112],[-6,-2]],[[3252,5110],[-74,9]],[[2953,6261],[75,78]],[[3043,6334],[4,-1]],[[3071,6325],[4,-1]],[[3133,6130],[4,-1]],[[3180,6153],[128,-23]],[[3347,6063],[-108,-34]],[[3213,6041],[-4,2]],[[3194,6050],[-2,2]],[[3181,6058],[-4,1]],[[3079,6146],[3,5]],[[3231,5483],[8,15]],[[3247,5495],[-8,-13]],[[3281,5981],[-91,-34]],[[3190,5947],[52,58]],[[3242,6005],[31,2]],[[3273,6007],[14,-18]],[[3238,5974],[9,-4],[5,5],[-9,7],[-5,-8]],[[3243,5118],[-62,8]],[[3184,5169],[59,-51]],[[3362,5523],[-97,66]],[[3058,6585],[-100,-71]],[[2958,6515],[1,4]],[[2960,6521],[20,26]],[[2981,6548],[11,6]],[[2996,6553],[4,-3]],[[3008,6550],[4,0]],[[3014,6550],[4,5]],[[3019,6555],[4,11]],[[3023,6567],[2,2]],[[3025,6570],[0,1]],[[3025,6571],[11,9]],[[3036,6581],[0,0]],[[2906,6436],[4,-1]],[[2915,6432],[3,-1]],[[2850,6376],[-3,-3]],[[2844,6369],[-2,-2]],[[2826,6371],[-3,2]],[[2779,6417],[12,1]],[[2792,6418],[63,-13]],[[2858,6403],[18,11]],[[2875,6415],[6,12]],[[2883,6427],[1,4]],[[2885,6432],[7,11]],[[2842,6362],[3,3]],[[2854,6376],[3,1]],[[2882,6397],[4,2]],[[2925,6430],[-42,-120]],[[2844,6321],[-12,6]],[[2894,6444],[30,-12]],[[2921,6429],[-3,2]],[[2918,6431],[-3,1]],[[2915,6432],[-5,3]],[[2910,6435],[-4,1]],[[2906,6436],[-14,7]],[[2924,6432],[1,-2]],[[2925,6430],[-39,-31]],[[2886,6399],[-4,-2]],[[2882,6397],[-25,-20]],[[2857,6377],[-3,-1]],[[2854,6376],[-9,-11]],[[2845,6365],[-3,-3]],[[2842,6362],[-21,-28]],[[2811,6319],[-7,2]],[[2828,6351],[2,3]],[[2827,6361],[-3,3]],[[2789,6389],[-3,2]],[[2775,6399],[-4,3]],[[2723,6364],[35,52]],[[2760,6419],[12,0]],[[2774,6419],[4,-2]],[[2778,6417],[45,-44]],[[2823,6373],[3,-2]],[[2826,6371],[16,-4]],[[2842,6367],[2,2]],[[2844,6369],[3,4]],[[2847,6373],[3,3]],[[2850,6376],[71,53]],[[2921,6429],[3,3]],[[2889,6355],[-19,-4],[16,35],[20,-19],[-17,-12]],[[2880,6311],[3,-1]],[[2883,6310],[-10,5]],[[3051,6592],[7,-4]],[[3058,6588],[-22,-7]],[[3036,6581],[1,2]],[[3039,6584],[7,4]],[[3047,6589],[1,3]],[[3051,6593],[-3,-1]],[[3048,6593],[-1,1]],[[3047,6595],[4,0]],[[2723,6364],[48,38]],[[2771,6402],[4,-3]],[[2775,6399],[11,-8]],[[2786,6391],[3,-2]],[[2789,6389],[35,-25]],[[2824,6364],[3,-3]],[[2827,6361],[3,-7]],[[2830,6354],[-2,-3]],[[2828,6351],[-24,-30]],[[2804,6321],[-58,-26]],[[2740,6298],[-17,66]],[[2680,6314],[4,-1]],[[2727,6297],[-92,-62]],[[2727,6303],[0,-6]],[[2727,6297],[-43,16]],[[2684,6313],[-4,1]],[[2680,6314],[-45,-79]],[[2635,6235],[-5,4]],[[2636,6261],[34,56]],[[2674,6319],[3,2]],[[2682,6319],[4,-1]],[[2692,6315],[4,0]],[[2713,6307],[4,0]],[[2678,6321],[49,-18]],[[2727,6303],[-10,4]],[[2717,6307],[-4,0]],[[2713,6307],[-17,8]],[[2696,6315],[-4,0]],[[2692,6315],[-6,3]],[[2686,6318],[-4,1]],[[2682,6319],[-5,2]],[[2636,6261],[-6,-22]],[[2630,6239],[6,22]],[[2821,6334],[11,-7]],[[2832,6327],[-21,-8]],[[2811,6319],[10,15]],[[2844,6321],[12,20]],[[2875,6315],[-2,0]],[[2873,6315],[-29,6]],[[2880,6311],[-5,4]],[[2875,6315],[-19,26]],[[2856,6341],[24,-30]],[[2746,6295],[-6,3]],[[2740,6298],[6,-3]],[[3055,6401],[79,-53]],[[3058,6352],[13,9]],[[3119,6361],[2,-2]],[[3124,6351],[2,-2]],[[3138,6341],[58,8]],[[3188,6332],[-24,-11]],[[3160,6323],[-3,1]],[[3110,6319],[3,3]],[[3072,6410],[2,1]],[[3028,6339],[30,13]],[[3058,6352],[55,-30]],[[3113,6322],[-3,-3]],[[3110,6319],[-4,-4]],[[3101,6303],[-1,-3]],[[3097,6296],[-23,-46]],[[3022,6266],[-4,2]],[[3012,6270],[-4,1]],[[2994,6265],[-41,-4]],[[2953,6261],[122,63]],[[3075,6324],[-4,1]],[[3071,6325],[-24,8]],[[3047,6333],[-4,1]],[[3043,6334],[-15,5]],[[3074,6250],[-43,-3]],[[3037,6262],[37,-12]],[[3115,6366],[-44,-5]],[[3071,6361],[-16,40]],[[3055,6401],[17,9]],[[3072,6410],[2,1]],[[3074,6411],[37,-40]],[[2994,6265],[14,6]],[[3008,6271],[4,-1]],[[3012,6270],[6,-2]],[[3018,6268],[4,-2]],[[3022,6266],[15,-4]],[[3037,6262],[-6,-15]],[[3031,6247],[-37,18]],[[3164,6321],[-67,-25]],[[3097,6296],[3,4]],[[3100,6300],[1,3]],[[3101,6303],[5,12]],[[3106,6315],[51,9]],[[3157,6324],[3,-1]],[[3160,6323],[4,-2]],[[3115,6366],[-4,5]],[[3111,6371],[23,-23]],[[3134,6348],[4,-7]],[[3138,6341],[-12,8]],[[3126,6349],[-2,2]],[[3124,6351],[-3,8]],[[3121,6359],[-2,2]],[[3119,6361],[-4,5]],[[3196,6349],[-8,-17]],[[3188,6332],[5,9]],[[3194,6344],[2,5]],[[3194,6344],[-1,-3]],[[3193,6341],[1,3]],[[2886,6187],[47,-8]],[[2947,6140],[-2,-2]],[[2939,6135],[-27,-9]],[[2845,6128],[-6,13]],[[2831,6123],[4,-1]],[[2866,6100],[-4,1]],[[2827,6109],[-4,1]],[[2802,6118],[-2,2]],[[2453,5879],[44,45]],[[2501,5921],[3,-3]],[[2509,5915],[3,-3]],[[2505,5895],[3,-3]],[[2522,5869],[-25,-22]],[[2642,5892],[7,6]],[[2679,5872],[-2,-3]],[[2649,5886],[-3,2]],[[2890,5868],[1,-3]],[[2788,5860],[-3,2]],[[2917,6156],[-12,-4]],[[2785,5869],[-5,-3]],[[2902,5915],[-4,-1]],[[2907,5838],[2,-3]],[[2912,5831],[2,-3]],[[2923,5816],[2,-3]],[[2912,5739],[-2,2]],[[2905,5745],[-2,3]],[[2899,5751],[-2,3]],[[2892,5758],[-2,2]],[[2874,5775],[-3,3]],[[2859,5790],[-2,2]],[[2854,5797],[-3,2]],[[2905,6152],[-66,-11]],[[2839,6141],[6,25]],[[2857,6165],[48,-13]],[[2884,6188],[2,-1]],[[2886,6187],[31,-31]],[[2917,6156],[-51,13]],[[2497,5924],[10,10]],[[2507,5934],[22,-15]],[[2529,5919],[15,-12]],[[2544,5907],[-22,-38]],[[2522,5869],[-14,23]],[[2508,5892],[-3,3]],[[2505,5895],[7,17]],[[2512,5912],[-3,3]],[[2509,5915],[-5,3]],[[2504,5918],[-3,3]],[[2501,5921],[-4,3]],[[2622,5884],[-6,25]],[[2695,5884],[-53,8]],[[2642,5892],[4,-4]],[[2646,5888],[3,-2]],[[2649,5886],[28,-17]],[[2677,5869],[2,3]],[[2679,5872],[1,1]],[[2724,5869],[14,11]],[[2738,5880],[4,3]],[[2742,5883],[6,4]],[[2784,5855],[-22,-17]],[[3120,5889],[4,-2]],[[3051,5859],[-21,36]],[[2918,5923],[-4,-1]],[[2890,5750],[3,-1]],[[2899,5704],[2,2]],[[2907,5710],[3,2]],[[2953,5653],[-3,-3]],[[2776,6139],[69,-11]],[[2845,6128],[67,-2]],[[2912,6126],[48,-3]],[[2983,6083],[2,-3]],[[3029,6048],[4,2]],[[3071,6064],[5,-6]],[[3017,6035],[-3,-1]],[[3011,6025],[1,-2]],[[3014,6015],[1,-3]],[[2993,6039],[-1,2]],[[2984,6061],[-2,4]],[[2908,6071],[-2,3]],[[2903,6078],[-68,44]],[[2835,6122],[-4,1]],[[2831,6123],[-50,11]],[[2854,5894],[-8,-4]],[[2818,5893],[-33,-24]],[[2785,5869],[4,35]],[[2902,6067],[-33,-44]],[[2785,5907],[-58,5]],[[2697,5933],[-3,2]],[[2664,5955],[-3,1]],[[2576,6021],[24,49]],[[2674,5977],[3,-3]],[[2679,5970],[3,-3]],[[2701,5953],[4,-2]],[[2879,6062],[3,2]],[[2985,5904],[-4,-1]],[[2892,5913],[6,1]],[[2898,5914],[4,1]],[[2902,5915],[-11,1]],[[2888,5919],[26,3]],[[2914,5922],[4,1]],[[2918,5923],[61,5]],[[3097,5915],[72,-55]],[[3141,5873],[-17,14]],[[3124,5887],[-4,2]],[[3120,5889],[-26,20]],[[2914,5714],[-4,-2]],[[2910,5712],[-3,-2]],[[2907,5710],[-6,-4]],[[2901,5706],[-2,-2]],[[2899,5704],[-8,-6]],[[2886,5704],[24,15]],[[2969,5713],[-2,2]],[[2964,5720],[-3,3]],[[2922,5729],[2,72]],[[2952,5756],[2,-3]],[[2997,5731],[4,1]],[[3019,5781],[4,1]],[[2981,5775],[-3,-1]],[[2947,5789],[-1,3]],[[2932,5804],[-7,9]],[[2925,5813],[-2,3]],[[2923,5816],[-9,12]],[[2914,5828],[-2,3]],[[2912,5831],[-3,4]],[[2909,5835],[-2,3]],[[2907,5838],[-73,-21]],[[2828,5821],[75,27]],[[3009,5895],[35,-37]],[[2762,6144],[14,-5]],[[2776,6139],[5,-5]],[[2781,6134],[19,-14]],[[2800,6120],[2,-2]],[[2802,6118],[21,-8]],[[2823,6110],[4,-1]],[[2827,6109],[35,-8]],[[2862,6101],[4,-1]],[[2866,6100],[37,-22]],[[2903,6078],[3,-4]],[[2906,6074],[2,-3]],[[2908,6071],[0,-1]],[[2948,6020],[1,-6]],[[2950,6009],[1,-3]],[[2958,5983],[0,-3]],[[2980,5934],[3,-2]],[[3010,5911],[-1,-16]],[[3009,5895],[-106,-47]],[[2903,5848],[-12,17]],[[2891,5865],[-1,3]],[[2890,5868],[-14,19]],[[2895,5900],[86,3]],[[2981,5903],[4,1]],[[2985,5904],[-6,24]],[[2979,5928],[-169,74]],[[2807,5999],[62,24]],[[2869,6023],[33,44]],[[2902,6067],[-3,6]],[[2831,6102],[-4,1]],[[2780,6127],[-2,2]],[[2680,5873],[-31,25]],[[2649,5898],[5,4]],[[2654,5902],[2,2]],[[2656,5904],[12,2]],[[2668,5906],[3,-2]],[[2671,5904],[24,-20]],[[2695,5884],[-15,-11]],[[2844,5894],[2,-4]],[[2846,5890],[-24,-3]],[[2376,6077],[-107,-96],[-6,132]],[[2471,5820],[-5,-3]],[[2466,5817],[-13,62]],[[2453,5879],[44,-32]],[[2497,5847],[-26,-27]],[[2922,5632],[-154,58],[16,-148],[-114,110]],[[2886,5704],[5,-6]],[[2891,5698],[54,-51]],[[2922,5632],[-154,114],[-98,-94]],[[2670,5652],[-70,57]],[[2600,5709],[26,20]],[[2626,5729],[32,20]],[[2793,5792],[93,-88]],[[2699,6145],[24,9]],[[2768,6137],[10,-8]],[[2778,6129],[2,-2]],[[2780,6127],[31,-20]],[[2717,6074],[-4,1]],[[2711,6080],[3,2]],[[2719,6085],[3,3]],[[2733,6098],[2,2]],[[2738,6110],[-3,3]],[[2868,6093],[31,-20]],[[2899,6073],[-17,-9]],[[2882,6064],[-3,-2]],[[2879,6062],[-41,-27]],[[2698,6030],[86,-36]],[[2703,6016],[-3,1]],[[2644,6105],[4,-1]],[[2712,6069],[5,-1]],[[2723,6067],[3,0]],[[2780,6016],[-81,20]],[[2692,6037],[-92,33]],[[2600,6070],[16,35]],[[2784,5994],[-79,-43]],[[2705,5951],[-4,2]],[[2701,5953],[-19,14]],[[2682,5967],[-3,3]],[[2679,5970],[-2,4]],[[2677,5974],[-3,3]],[[2674,5977],[-3,4]],[[2694,6019],[6,-2]],[[2700,6017],[3,-1]],[[2703,6016],[81,-22]],[[2699,6036],[-1,-6]],[[2698,6030],[-4,-11]],[[2656,6036],[36,1]],[[2692,6037],[7,-1]],[[2671,5981],[-15,55]],[[2656,6036],[38,-17]],[[2694,6019],[-23,-38]],[[2708,6076],[5,-1]],[[2713,6075],[4,-1]],[[2717,6074],[56,-24]],[[2777,6046],[61,-11]],[[2838,6035],[-58,-20]],[[2780,6015],[0,1]],[[2780,6016],[-54,51]],[[2726,6067],[-3,0]],[[2723,6067],[-6,1]],[[2717,6068],[-5,1]],[[2712,6069],[-8,2]],[[2723,6154],[39,-10]],[[2762,6144],[6,-7]],[[2768,6137],[-45,17]],[[2687,6135],[12,10]],[[2699,6145],[36,-32]],[[2735,6113],[3,-3]],[[2738,6110],[-3,-10]],[[2735,6100],[-2,-2]],[[2733,6098],[-11,-10]],[[2722,6088],[-3,-3]],[[2719,6085],[-5,-3]],[[2714,6082],[-3,-2]],[[2711,6080],[-3,-4]],[[2708,6076],[-4,-5]],[[2704,6071],[-56,33]],[[2648,6104],[-4,1]],[[2644,6105],[-5,3]],[[2622,6115],[1,5]],[[2637,6151],[38,-2]],[[2650,6147],[-4,1]],[[2682,6140],[5,-5]],[[2687,6135],[-30,-25]],[[2649,6110],[-26,10]],[[2623,6120],[7,14]],[[2675,6149],[7,-9]],[[2682,6140],[-52,-6]],[[2630,6134],[7,17]],[[2637,6151],[9,-3]],[[2646,6148],[4,-1]],[[2650,6147],[25,2]],[[2622,6115],[16,-7]],[[2639,6108],[-1,0]],[[2638,6108],[-22,-3]],[[2616,6105],[6,10]],[[2649,6110],[8,0]],[[2657,6110],[4,-6]],[[2661,6104],[0,1]],[[2661,6105],[-12,5]],[[2821,6104],[6,-1]],[[2827,6103],[4,-1]],[[2831,6102],[31,-8]],[[2811,6107],[10,-3]],[[2821,6104],[14,-40]],[[2835,6064],[-2,-2]],[[2833,6063],[-22,44]],[[2777,6046],[-4,4]],[[2773,6050],[60,12]],[[2833,6062],[0,1]],[[2833,6063],[2,1]],[[2835,6064],[27,30]],[[2862,6094],[6,-1]],[[2868,6093],[-91,-47]],[[2884,6188],[-18,-19]],[[2866,6169],[-9,-4]],[[2857,6165],[-12,1]],[[2845,6166],[39,22]],[[2626,5957],[-4,-2]],[[2622,5955],[-2,-2]],[[2620,5953],[-4,-4]],[[2613,5951],[-2,2]],[[2596,5954],[-3,2]],[[2593,5964],[3,1]],[[2600,5969],[2,3]],[[2609,5970],[3,-2]],[[2622,5944],[11,9]],[[2657,5935],[3,-2]],[[2652,5915],[3,-2]],[[2655,5913],[-22,-9]],[[2633,5904],[-3,3]],[[2630,5907],[-9,6]],[[2638,5933],[-4,2]],[[2633,5953],[5,5]],[[2643,5955],[3,-3]],[[2675,5931],[-2,-2]],[[2673,5929],[-3,-2]],[[2670,5927],[-3,-4]],[[2667,5923],[-3,-2]],[[2664,5921],[-9,-8]],[[2655,5913],[-3,2]],[[2652,5915],[8,18]],[[2660,5933],[-3,2]],[[2657,5935],[-24,18]],[[2565,5995],[1,5]],[[2595,5989],[4,-2]],[[2602,5984],[4,-3]],[[2632,5963],[-6,-6]],[[2626,5957],[-14,11]],[[2612,5968],[-3,2]],[[2609,5970],[-7,2]],[[2602,5972],[-2,-3]],[[2600,5969],[-4,-4]],[[2596,5965],[-3,-1]],[[2593,5964],[0,-8]],[[2593,5956],[3,-2]],[[2596,5954],[15,-1]],[[2611,5953],[2,-2]],[[2613,5951],[3,-2]],[[2616,5949],[-1,-1]],[[2615,5948],[-3,-2]],[[2612,5946],[-11,-9]],[[2586,5938],[-27,20]],[[2559,5958],[31,25]],[[2590,5983],[-2,3]],[[2588,5986],[-14,6]],[[2574,5992],[-4,1]],[[2570,5993],[-5,2]],[[2613,6032],[7,-21],[-4,-1],[-8,16],[5,19],[0,-13]],[[2586,5938],[15,-1]],[[2601,5937],[2,-4]],[[2603,5933],[-3,-3]],[[2600,5930],[-23,-19]],[[2577,5911],[-12,9]],[[2565,5920],[21,18]],[[2621,5913],[-3,2]],[[2618,5915],[-4,3]],[[2614,5918],[-7,12]],[[2607,5930],[3,2]],[[2610,5932],[3,4]],[[2613,5936],[3,2]],[[2616,5938],[6,6]],[[2622,5944],[12,-9]],[[2634,5935],[4,-2]],[[2638,5933],[4,-4]],[[2643,5929],[-1,0]],[[2642,5929],[-21,-16]],[[2616,5909],[6,-25]],[[2622,5884],[-6,25]],[[2700,5923],[2,-2]],[[2707,5917],[3,-2]],[[2703,5886],[-4,3]],[[2699,5889],[-3,2]],[[2696,5891],[-8,41]],[[2785,5907],[46,4]],[[2828,5905],[-39,-1]],[[2789,5904],[-4,3]],[[2870,5916],[-14,19]],[[2854,5938],[-3,3]],[[2843,5952],[-36,47]],[[2807,5999],[3,3]],[[2810,6002],[64,-85]],[[2831,5911],[25,2]],[[2874,5889],[-20,5]],[[2854,5894],[-26,11]],[[2828,5905],[3,6]],[[2891,5916],[1,-3]],[[2892,5913],[3,-13]],[[2895,5900],[-19,-13]],[[2876,5887],[-2,2]],[[2874,5889],[-18,24]],[[2856,5913],[14,3]],[[2870,5916],[4,1]],[[2874,5917],[14,2]],[[2888,5919],[3,-3]],[[2843,5952],[8,-11]],[[2851,5941],[3,-3]],[[2854,5938],[2,-3]],[[2856,5935],[-13,17]],[[2818,5893],[26,1]],[[2844,5894],[-22,-7]],[[2822,5887],[-4,6]],[[3052,6096],[2,-3]],[[3067,6067],[4,-3]],[[3071,6064],[-34,-13]],[[3003,6043],[-2,7]],[[2998,6055],[-13,25]],[[2985,6080],[-2,3]],[[2983,6083],[-19,43]],[[2948,6020],[-40,50]],[[2908,6070],[74,-5]],[[2982,6065],[2,-4]],[[2984,6061],[8,-20]],[[2992,6041],[1,-2]],[[2993,6039],[-45,-19]],[[2384,6074],[3,-2]],[[2422,6040],[-3,-3]],[[2409,6027],[-2,-3]],[[2379,6000],[-3,-2]],[[2373,5994],[-3,-3]],[[2361,5984],[-2,-3]],[[2319,5983],[-2,3]],[[2312,5989],[-3,2]],[[2305,5995],[-3,2]],[[2298,6000],[81,76]],[[2413,6197],[34,-18]],[[2381,6196],[32,1]],[[2377,6116],[-50,28]],[[2330,6147],[3,3]],[[3037,6051],[-4,-1]],[[3033,6050],[-4,-2]],[[3029,6048],[-26,-5]],[[3003,6043],[34,8]],[[3076,6058],[19,-20]],[[3087,5992],[-1,-3]],[[3060,5951],[-45,61]],[[3015,6012],[-1,3]],[[3014,6015],[-2,8]],[[3012,6023],[-1,2]],[[3011,6025],[3,9]],[[3014,6034],[3,1]],[[3017,6035],[59,23]],[[3116,5976],[-15,-55]],[[3097,5924],[-3,3]],[[3199,6045],[3,-2]],[[3237,6026],[-44,-1]],[[3102,6160],[-1,-4]],[[3095,6145],[-13,6]],[[3082,6151],[-23,26]],[[3072,5944],[22,-17]],[[3094,5927],[3,-3]],[[3097,5924],[4,-3]],[[3101,5921],[-4,-6]],[[3128,6034],[49,25]],[[3177,6059],[4,-1]],[[3181,6058],[11,-6]],[[3192,6052],[2,-2]],[[3194,6050],[15,-7]],[[3209,6043],[4,-2]],[[3213,6041],[26,-12]],[[3239,6029],[-2,-3]],[[3237,6026],[-35,17]],[[3202,6043],[-3,2]],[[3199,6045],[-61,-1]],[[2372,6118],[4,-41]],[[2376,6077],[-57,23]],[[3059,6177],[17,-1]],[[3102,6160],[-43,17]],[[3082,5902],[-52,-7]],[[3030,5895],[-7,7]],[[3059,5938],[29,-24]],[[2341,5966],[18,15]],[[2359,5981],[2,3]],[[2361,5984],[9,7]],[[2370,5991],[3,3]],[[2373,5994],[3,4]],[[2376,5998],[3,2]],[[2379,6000],[28,24]],[[2407,6024],[2,3]],[[2409,6027],[10,10]],[[2419,6037],[3,3]],[[2422,6040],[9,7]],[[2423,6136],[15,-14]],[[2438,6122],[-10,-7]],[[2402,6133],[-50,39]],[[2329,6186],[6,8]],[[2335,6194],[34,2]],[[2369,6196],[12,0]],[[2381,6196],[12,-41]],[[3095,6038],[3,-30]],[[3081,5951],[-9,-7]],[[3072,5944],[-13,-6]],[[3059,5938],[-36,-36]],[[3023,5902],[-6,3]],[[3028,5916],[3,3]],[[3041,5929],[2,2]],[[3048,5937],[12,14]],[[3060,5951],[26,38]],[[3086,5989],[1,3]],[[3087,5992],[8,46]],[[2275,6127],[56,13]],[[2339,6135],[33,-17]],[[2372,6118],[-45,-2]],[[2331,6140],[8,-5]],[[2339,6135],[-12,-19]],[[2327,6116],[-8,-16]],[[2319,6100],[-56,13]],[[2263,6113],[11,14]],[[2274,6127],[1,0]],[[2275,6127],[56,13]],[[2933,6179],[6,-44]],[[2939,6135],[6,3]],[[2945,6138],[2,2]],[[2947,6140],[-14,39]],[[2329,6186],[23,-14]],[[2352,6172],[-19,-22]],[[2333,6150],[-3,-3]],[[2330,6147],[-3,-3]],[[2327,6144],[2,42]],[[2998,6055],[3,-5]],[[3001,6050],[-3,5]],[[3120,6177],[60,-24]],[[3180,6153],[-14,-12]],[[3112,6161],[54,-20]],[[3166,6141],[-29,-12]],[[3137,6129],[-4,1]],[[3133,6130],[-29,12]],[[3076,6176],[37,3]],[[3104,6165],[-28,11]],[[2422,6137],[-29,18]],[[2393,6155],[54,24]],[[2447,6179],[-24,-43]],[[2423,6136],[-1,1]],[[3113,6179],[7,-2]],[[3120,6177],[-8,-16]],[[3112,6161],[-8,-19]],[[3104,6142],[-9,3]],[[3095,6145],[6,11]],[[3101,6156],[1,4]],[[3102,6160],[2,5]],[[3104,6165],[9,14]],[[3097,6127],[1,-3]],[[2497,6092],[-6,4]],[[2491,6096],[5,5]],[[2501,6097],[-4,-5]],[[2949,6014],[99,-77]],[[3048,5937],[-5,-6]],[[3043,5931],[-2,-2]],[[3041,5929],[-10,-10]],[[3031,5919],[-3,-3]],[[3028,5916],[-11,-11]],[[3017,5905],[-7,6]],[[3010,5911],[-27,21]],[[2983,5932],[-3,2]],[[2980,5934],[-22,46]],[[2958,5980],[0,3]],[[2958,5983],[-7,23]],[[2951,6006],[-1,3]],[[2950,6009],[-1,5]],[[2990,5964],[18,11],[9,-40],[-11,3],[-16,26]],[[3186,5941],[21,-26]],[[3207,5915],[-2,-3]],[[3205,5912],[-19,-20]],[[3186,5892],[0,49]],[[3193,6025],[-52,-19]],[[3126,5988],[-10,-12]],[[3116,5976],[-35,-25]],[[3081,5951],[17,57]],[[3098,6008],[30,26]],[[3128,6034],[10,10]],[[3138,6044],[55,-19]],[[3126,5988],[15,18]],[[3141,6006],[-15,-18]],[[3088,5914],[9,1]],[[3097,5915],[-3,-6]],[[3094,5909],[-12,-7]],[[3082,5902],[6,12]],[[2648,5811],[17,17]],[[2665,5828],[2,3]],[[2667,5831],[29,17]],[[2707,5821],[-3,-2]],[[2669,5794],[-2,2]],[[2663,5800],[-3,2]],[[2640,5843],[3,-26]],[[2643,5817],[-10,7]],[[2633,5824],[-2,2]],[[2631,5826],[9,17]],[[2696,5848],[15,11]],[[2711,5859],[2,1]],[[2713,5860],[8,7]],[[2758,5835],[-13,-11]],[[2745,5824],[-4,-3]],[[2741,5821],[-44,-34]],[[2697,5787],[-3,-3]],[[2694,5784],[-12,-9]],[[2682,5775],[-3,-1]],[[2679,5774],[-30,-24]],[[2649,5750],[-4,-2]],[[2645,5748],[-11,-9]],[[2634,5739],[-3,-2]],[[2631,5737],[17,74]],[[2648,5811],[1,0]],[[2649,5811],[11,-9]],[[2660,5802],[3,-2]],[[2663,5800],[4,-4]],[[2667,5796],[2,-2]],[[2669,5794],[35,25]],[[2704,5819],[3,2]],[[2707,5821],[-11,27]],[[2790,5795],[-132,-46]],[[2658,5749],[41,32]],[[2699,5781],[2,2]],[[2701,5783],[5,3]],[[2706,5786],[3,2]],[[2709,5788],[19,15]],[[2728,5803],[4,3]],[[2732,5806],[3,3]],[[2735,5809],[4,2]],[[2739,5811],[24,20]],[[2762,5838],[-4,-3]],[[2758,5835],[-37,32]],[[2721,5867],[3,2]],[[2724,5869],[38,-31]],[[2685,5835],[27,-2],[-56,-19],[27,21],[2,0]],[[2767,5834],[22,17]],[[2793,5847],[3,-3]],[[2805,5835],[3,-2]],[[2823,5818],[2,-2]],[[2826,5815],[-33,-23]],[[2793,5792],[-3,3]],[[2790,5795],[8,7]],[[2801,5806],[18,16]],[[2801,5806],[-3,-4]],[[2798,5802],[-35,29]],[[2763,5831],[4,3]],[[2767,5834],[34,-28]],[[3061,5827],[1,-2]],[[3084,5780],[2,-3]],[[3092,5766],[1,-3]],[[3104,5749],[3,0]],[[3123,5740],[4,-2]],[[3079,5697],[-24,129]],[[3028,5720],[20,-15]],[[3069,5650],[2,-3]],[[3072,5643],[2,-3]],[[3082,5624],[1,-3]],[[3043,5620],[-3,2]],[[3113,5604],[-23,-50]],[[3069,5603],[38,14]],[[2926,5724],[35,-1]],[[2961,5723],[3,-3]],[[2964,5720],[3,-5]],[[2967,5715],[2,-2]],[[2969,5713],[26,-27]],[[2940,5712],[-3,2]],[[3076,5799],[-14,26]],[[3062,5825],[79,48]],[[3141,5873],[26,-20]],[[3071,5695],[8,2]],[[3079,5697],[-7,-8]],[[3026,5718],[2,2]],[[3028,5720],[4,-3]],[[3032,5716],[0,1]],[[3032,5717],[16,-12]],[[3058,5663],[-14,13]],[[3105,5620],[-22,1]],[[3083,5621],[-1,3]],[[3082,5624],[-8,16]],[[3074,5640],[-2,3]],[[3072,5643],[-1,4]],[[3071,5647],[-2,3]],[[3069,5650],[-11,13]],[[3058,5663],[24,-1]],[[3083,5662],[-1,0]],[[3082,5662],[-12,11]],[[3161,5683],[11,-59]],[[3172,5624],[-6,-30]],[[3166,5594],[-42,-12]],[[3114,5603],[-1,1]],[[3113,5604],[-6,13]],[[3107,5617],[-2,3]],[[3105,5620],[31,47]],[[3127,5666],[-13,2]],[[3071,5676],[-1,-3]],[[3070,5673],[-26,3]],[[3044,5676],[-11,1]],[[3012,5702],[14,16]],[[3026,5718],[46,-29]],[[3072,5689],[70,37]],[[3172,5730],[-17,-30]],[[3155,5699],[0,1]],[[3155,5700],[6,-17]],[[3105,5676],[9,-8]],[[3114,5668],[-43,8]],[[3071,5676],[15,13]],[[2924,5801],[8,3]],[[2932,5804],[14,-12]],[[2946,5792],[1,-3]],[[2947,5789],[31,-15]],[[2978,5774],[3,1]],[[2981,5775],[42,7]],[[3023,5782],[-4,-1]],[[3019,5781],[-18,-49]],[[3001,5732],[-4,-1]],[[2997,5731],[-43,22]],[[2954,5753],[-2,3]],[[2952,5756],[-28,45]],[[3061,5827],[-6,-1]],[[3055,5826],[-11,32]],[[3044,5858],[7,1]],[[3051,5859],[10,-32]],[[3114,5801],[59,18]],[[3204,5801],[39,-4]],[[3243,5797],[-33,-24]],[[3209,5775],[-3,2]],[[3183,5794],[2,-2]],[[3139,5729],[-12,9]],[[3127,5738],[-4,2]],[[3123,5740],[-16,9]],[[3107,5749],[-3,0]],[[3104,5749],[-11,14]],[[3093,5763],[-1,3]],[[3092,5766],[-6,11]],[[3086,5777],[-2,3]],[[3084,5780],[-5,12]],[[3179,5749],[-3,-1]],[[3171,5745],[-29,-19]],[[3142,5726],[-3,3]],[[3139,5729],[66,40]],[[3169,5860],[5,-4]],[[3177,5835],[1,-2]],[[3203,5781],[3,-4]],[[3206,5777],[3,-2]],[[3209,5775],[1,-2]],[[3210,5773],[2,-2]],[[3206,5767],[-1,2]],[[3205,5769],[-20,23]],[[3185,5792],[-2,2]],[[3183,5794],[-104,-2]],[[3079,5792],[-3,7]],[[3076,5799],[38,2]],[[3114,5801],[59,18]],[[3173,5819],[-6,34]],[[3167,5853],[2,7]],[[3199,5801],[5,0]],[[3204,5801],[-1,-20]],[[3203,5781],[-14,18]],[[3207,5822],[-8,-21]],[[3199,5801],[-10,-2]],[[3189,5799],[-1,0]],[[3188,5799],[-10,34]],[[3178,5833],[-1,2]],[[3177,5835],[-3,13]],[[3210,5835],[-3,-13]],[[3207,5822],[-5,10]],[[2492,5835],[40,-30]],[[2532,5805],[-40,30]],[[3174,5856],[5,5]],[[3179,5861],[4,-3]],[[3183,5858],[3,-2]],[[3186,5856],[23,-13]],[[3209,5843],[1,-8]],[[3210,5835],[-8,-3]],[[3202,5832],[-28,16]],[[3174,5848],[0,8]],[[3216,5839],[-2,1]],[[3214,5840],[2,-1]],[[3212,5771],[2,-2]],[[3214,5769],[7,-12]],[[3221,5757],[2,-6]],[[3223,5751],[1,-2]],[[3224,5749],[-4,0]],[[3220,5749],[-4,-1]],[[3216,5748],[-11,-4]],[[3205,5744],[-3,-1]],[[3202,5743],[-21,-8]],[[3181,5735],[-3,-3]],[[3178,5732],[-6,-2]],[[3172,5730],[-1,15]],[[3171,5745],[5,3]],[[3176,5748],[3,1]],[[3179,5749],[27,18]],[[3206,5767],[6,4]],[[3012,5702],[20,-11]],[[3033,5684],[0,-7]],[[3033,5677],[-40,-5]],[[2993,5672],[2,14]],[[2995,5686],[17,16]],[[3032,5691],[1,-7]],[[3033,5684],[-1,7]],[[3048,5705],[23,-10]],[[3071,5695],[-23,10]],[[3127,5666],[9,1]],[[3136,5667],[-9,-1]],[[3086,5689],[19,-13]],[[3105,5676],[-19,13]],[[3114,5603],[10,-21]],[[3124,5582],[-19,-19]],[[3105,5563],[-10,-2]],[[3095,5561],[19,42]],[[3602,6021],[-12,-19]],[[3590,6001],[-31,11]],[[3563,6015],[39,7]],[[3536,5888],[111,-57]],[[3504,5884],[-3,-3]],[[3444,5873],[-4,1]],[[3549,5857],[2,-3]],[[3557,5846],[3,-3]],[[3564,5838],[3,-3]],[[3563,5811],[-33,7]],[[3600,5791],[-24,18]],[[3370,5878],[3,-11]],[[3380,5863],[11,17]],[[3426,5880],[14,-6]],[[3440,5874],[4,-1]],[[3444,5873],[27,-12]],[[3412,5879],[3,5]],[[3426,5880],[-3,-5]],[[3376,5888],[-6,-10]],[[3370,5878],[-6,-24]],[[3330,5852],[7,11]],[[3330,5871],[-2,6]],[[3335,5877],[39,13]],[[3566,5845],[81,-14]],[[3647,5831],[32,-10]],[[3705,5833],[6,-3]],[[3707,5813],[2,2]],[[3717,5809],[-4,-2]],[[3738,5775],[3,-2]],[[3710,5726],[-8,0]],[[3727,5781],[-3,2]],[[3664,5790],[2,10]],[[3671,5818],[-4,0]],[[3607,5793],[-7,-2]],[[3600,5791],[-24,18]],[[3576,5809],[-13,2]],[[3563,5811],[4,24]],[[3567,5835],[-3,3]],[[3564,5838],[-3,5]],[[3444,6087],[6,-2]],[[3440,6064],[-2,-3]],[[3398,5989],[-2,-2]],[[3385,5970],[-1,-4]],[[3340,5897],[-5,-20]],[[3335,5877],[-7,0]],[[3328,5877],[35,70]],[[3363,5947],[2,2]],[[3365,5949],[5,7]],[[3370,5956],[10,17]],[[3394,5995],[3,3]],[[3426,6050],[1,3]],[[3522,5895],[14,-7]],[[3536,5888],[30,-43]],[[3566,5845],[-5,-2]],[[3561,5843],[-1,0]],[[3560,5843],[-3,3]],[[3557,5846],[-6,8]],[[3551,5854],[-2,3]],[[3549,5857],[-64,-1]],[[3474,5847],[2,4]],[[3440,5832],[-2,-2]],[[3408,5813],[-2,-2]],[[3400,5809],[-40,11]],[[3342,5810],[-12,0]],[[3367,5843],[-3,2]],[[3360,5849],[4,5]],[[3433,5840],[3,2]],[[3464,5858],[7,3]],[[3471,5861],[30,20]],[[3501,5881],[3,3]],[[3504,5884],[9,6]],[[3403,5891],[4,-1]],[[3413,5887],[-7,-13]],[[3403,5875],[-12,5]],[[3391,5880],[-15,8]],[[3376,5888],[-2,2]],[[3374,5890],[2,7]],[[3835,5880],[7,5]],[[3829,5863],[-2,-3]],[[3804,5820],[-1,-2]],[[3800,5822],[35,58]],[[3842,5885],[14,18]],[[3862,5899],[3,-2]],[[3902,5875],[-98,-55]],[[3804,5820],[23,40]],[[3827,5860],[2,3]],[[3829,5863],[13,22]],[[3856,5903],[46,-28]],[[3902,5875],[-37,22]],[[3865,5897],[-3,2]],[[3862,5899],[-6,4]],[[3445,6057],[0,-1]],[[3445,6056],[-1,-2]],[[3444,6053],[-4,-14]],[[3440,6038],[-1,-10]],[[3439,6024],[1,-1]],[[3433,5987],[-1,-4]],[[3381,5963],[3,3]],[[3384,5966],[1,4]],[[3385,5970],[11,17]],[[3396,5987],[2,2]],[[3398,5989],[40,72]],[[3438,6061],[2,3]],[[3440,6064],[1,4]],[[3433,5921],[-2,-2]],[[3388,6179],[18,29]],[[3406,6207],[1,-3]],[[3407,6202],[-2,-13]],[[3405,6189],[-11,-30]],[[3394,6158],[4,-9]],[[3399,6146],[2,-3]],[[3400,6137],[-1,-11]],[[3400,6124],[12,-12]],[[3414,6111],[4,-2]],[[3417,6108],[-5,-7]],[[3387,6175],[1,3]],[[3423,5898],[3,-18]],[[3426,5880],[-11,4]],[[3415,5884],[1,2]],[[3438,6076],[-11,-23]],[[3427,6053],[-1,-3]],[[3426,6050],[-29,-52]],[[3397,5998],[-4,86]],[[3440,6023],[-4,-56]],[[3437,5943],[3,-2]],[[3448,5946],[1,2]],[[3451,5955],[7,2]],[[3506,5904],[2,-2]],[[3518,5893],[-5,-3]],[[3513,5890],[-20,17]],[[3436,5915],[-2,-3]],[[3417,5901],[14,18]],[[3431,5919],[2,2]],[[3433,5921],[-28,-16]],[[3391,5898],[-6,6]],[[3413,5927],[-3,18]],[[3378,5957],[3,6]],[[3381,5963],[51,20]],[[3432,5983],[1,4]],[[3433,5987],[7,35]],[[3416,5886],[-3,1]],[[3413,5887],[-3,1]],[[3417,5901],[5,-3]],[[3423,5898],[-1,0]],[[3422,5898],[-6,-12]],[[3371,6178],[17,1]],[[3388,6179],[0,-1]],[[3388,6178],[-1,-3]],[[3387,6175],[25,-74]],[[3412,6101],[7,-3]],[[3424,6096],[4,-2]],[[3428,6094],[6,-2]],[[3436,6091],[6,-3]],[[3444,6087],[-6,-11]],[[3438,6076],[-73,24]],[[3319,6130],[-8,0]],[[3312,6175],[7,0]],[[3319,6175],[52,3]],[[3371,6178],[-52,-3]],[[3393,6084],[-46,-21]],[[3347,6063],[-28,67]],[[3319,6130],[56,0]],[[3376,6130],[-1,0]],[[3375,6130],[-10,-30]],[[3365,6100],[28,-16]],[[3308,6130],[4,45]],[[3312,6175],[-1,-45]],[[3311,6130],[-3,0]],[[3441,6068],[9,17]],[[3450,6085],[2,-4]],[[3452,6080],[-7,-23]],[[3445,6057],[-4,11]],[[3328,5952],[8,0],[4,-17],[-6,0],[-6,17]],[[3307,5991],[57,-27]],[[3364,5964],[-21,9]],[[3343,5973],[-3,2]],[[3340,5975],[-33,16]],[[3281,5981],[6,8]],[[3287,5989],[-6,-8]],[[3394,5995],[-14,-22]],[[3380,5973],[14,22]],[[3270,5909],[12,-7]],[[3282,5902],[-1,-2]],[[3281,5900],[-3,-3]],[[3278,5897],[-28,17]],[[3250,5914],[9,2]],[[3259,5916],[11,-7]],[[3378,5957],[32,-12]],[[3410,5945],[3,-18]],[[3413,5927],[-28,-23]],[[3385,5904],[-5,-3]],[[3358,5912],[-4,1]],[[3350,5921],[28,36]],[[3378,5904],[2,-3]],[[3380,5901],[-4,-4]],[[3376,5897],[-32,0]],[[3352,5901],[-8,-4]],[[3344,5897],[-4,0]],[[3340,5897],[10,24]],[[3350,5921],[4,-8]],[[3354,5913],[4,-1]],[[3358,5912],[9,-3]],[[3352,5901],[15,8]],[[3367,5909],[11,-5]],[[3378,5904],[-26,-3]],[[3417,5901],[-6,-10]],[[3405,5905],[12,-4]],[[3411,5891],[-1,-3]],[[3410,5888],[-3,2]],[[3407,5890],[-4,1]],[[3403,5891],[-12,7]],[[3391,5898],[14,7]],[[3405,5905],[6,-14]],[[3436,5967],[15,-12]],[[3451,5955],[-2,-7]],[[3449,5948],[-1,-2]],[[3448,5946],[-8,-5]],[[3440,5941],[-3,2]],[[3437,5943],[-1,24]],[[3461,5934],[61,-39]],[[3522,5895],[-4,-2]],[[3518,5893],[-10,9]],[[3508,5902],[-2,2]],[[3506,5904],[-45,30]],[[3576,6012],[5,-4],[-5,-3],[-4,2],[4,5]],[[3485,5914],[-57,-10]],[[3428,5904],[6,8]],[[3434,5912],[2,3]],[[3436,5915],[49,-1]],[[3458,5957],[3,-23]],[[3461,5934],[-3,23]],[[3423,5898],[5,6]],[[3428,5904],[57,10]],[[3485,5914],[0,0]],[[3485,5914],[8,-7]],[[3493,5907],[-70,-9]],[[3624,6052],[9,-3]],[[3634,6048],[-13,4]],[[3622,6029],[0,5],[12,-1],[0,-6],[-12,2]],[[3423,5875],[41,-17]],[[3464,5858],[-28,-16]],[[3436,5842],[-3,-2]],[[3433,5840],[-38,17]],[[3332,5850],[-2,2]],[[3330,5852],[30,-3]],[[3360,5849],[4,-4]],[[3364,5845],[3,-2]],[[3367,5843],[5,-3]],[[3372,5840],[-42,-30]],[[3330,5810],[2,40]],[[3332,5850],[40,-10]],[[3330,5871],[7,-8]],[[3337,5863],[-9,-2]],[[3328,5861],[2,10]],[[3510,5725],[-40,-72]],[[3414,5706],[13,17]],[[3429,5758],[6,-2]],[[3428,5728],[-21,1]],[[3274,5681],[-13,-1]],[[3261,5680],[-1,0]],[[3260,5680],[-1,1]],[[3259,5681],[-2,3]],[[3257,5684],[-3,5]],[[3254,5689],[-3,2]],[[3251,5691],[52,22]],[[3303,5713],[3,1]],[[3306,5714],[7,5]],[[3313,5719],[4,1]],[[3317,5720],[12,2]],[[3329,5722],[4,1]],[[3333,5723],[45,3]],[[3397,5807],[3,2]],[[3400,5809],[6,2]],[[3406,5811],[2,2]],[[3408,5813],[30,17]],[[3438,5830],[2,2]],[[3440,5832],[36,19]],[[3476,5851],[-2,-4]],[[3474,5847],[-45,-89]],[[3429,5758],[-22,-29]],[[3407,5729],[-139,-1]],[[3268,5728],[-2,3]],[[3266,5731],[-1,8]],[[3265,5739],[-1,4]],[[3264,5743],[130,62]],[[3416,5704],[4,-58]],[[3407,5650],[13,-4]],[[3420,5646],[50,7]],[[3470,5653],[-76,-6]],[[3349,5658],[-7,7]],[[3416,5704],[-9,-13]],[[3398,5703],[-20,23]],[[3378,5726],[36,-20]],[[3414,5706],[2,-2]],[[3390,5860],[-26,-6]],[[3364,5854],[9,13]],[[3373,5867],[7,-4]],[[3380,5863],[10,-3]],[[3403,5875],[3,-1]],[[3406,5874],[3,-1]],[[3396,5858],[-1,-1]],[[3395,5857],[-5,3]],[[3390,5860],[13,15]],[[3342,5810],[18,10]],[[3360,5820],[-18,-10]],[[3397,5807],[-3,-2]],[[3261,5763],[24,15]],[[3285,5778],[-23,-16]],[[3262,5762],[-1,1]],[[3535,5800],[-1,-42]],[[3532,5812],[3,-6]],[[3528,5804],[-4,-1]],[[3457,5802],[-4,1]],[[3449,5806],[34,45]],[[3527,5757],[-19,-26]],[[3428,5728],[7,28]],[[3435,5756],[2,9]],[[3506,5770],[-69,-5]],[[3437,5765],[8,36]],[[3445,5801],[4,5]],[[3449,5806],[4,-3]],[[3453,5803],[4,-1]],[[3457,5802],[67,1]],[[3524,5803],[4,1]],[[3528,5804],[7,2]],[[3535,5806],[0,-6]],[[3535,5800],[-1,-42]],[[3534,5758],[-7,-1]],[[3527,5757],[-21,13]],[[3506,5770],[-61,31]],[[3483,5851],[2,5]],[[3485,5856],[45,-38]],[[3530,5818],[2,-6]],[[3532,5812],[-49,39]],[[3508,5731],[2,-6]],[[3510,5725],[-83,-2]],[[3427,5723],[1,5]],[[3428,5728],[80,3]],[[3284,5683],[-10,-2]],[[3274,5681],[61,9]],[[3328,5683],[3,1]],[[3342,5665],[-40,-3]],[[3302,5662],[-5,-1]],[[3297,5661],[-11,16]],[[3398,5703],[4,-5]],[[3333,5684],[-2,0]],[[3331,5684],[-3,-1]],[[3328,5683],[-42,-6]],[[3286,5677],[-2,6]],[[3284,5683],[51,7]],[[3335,5690],[63,13]],[[3394,5695],[8,3]],[[3402,5698],[5,-7]],[[3368,5658],[-7,3]],[[3407,5650],[-39,8]],[[3368,5658],[39,33]],[[3407,5691],[0,-41]],[[3361,5661],[-19,4]],[[3342,5665],[-9,19]],[[3333,5684],[61,11]],[[3394,5695],[-33,-34]],[[3269,5631],[-5,20]],[[3264,5651],[8,1]],[[3800,5822],[3,-4]],[[3803,5818],[3,-7]],[[3763,5796],[3,2]],[[3766,5801],[34,21]],[[3744,5751],[3,2]],[[3715,5724],[-5,2]],[[3710,5726],[29,23]],[[3743,5784],[17,-14]],[[3761,5767],[-3,-1]],[[3754,5762],[-13,11]],[[3741,5773],[-3,2]],[[3738,5775],[-1,6]],[[3736,5816],[30,-15]],[[3766,5801],[0,-3]],[[3766,5798],[-3,-2]],[[3763,5796],[-20,-12]],[[3743,5784],[-6,-3]],[[3737,5781],[-7,5]],[[3740,5808],[-3,1]],[[3849,5766],[-64,-80]],[[3839,5742],[2,4]],[[3777,5694],[0,-3]],[[3777,5680],[-62,44]],[[3715,5724],[61,-11]],[[3806,5811],[-4,-19]],[[3783,5713],[2,-27]],[[3785,5686],[-8,-6]],[[3777,5680],[0,11]],[[3777,5691],[0,3]],[[3777,5694],[-1,19]],[[3776,5713],[-22,45]],[[3754,5762],[4,4]],[[3758,5766],[3,1]],[[3761,5767],[-1,3]],[[3760,5770],[46,41]],[[3711,5830],[25,-14]],[[3736,5816],[1,-7]],[[3737,5809],[3,-1]],[[3740,5808],[-10,-22]],[[3730,5786],[-17,21]],[[3713,5807],[4,2]],[[3717,5809],[-8,6]],[[3709,5815],[-2,-2]],[[3707,5813],[4,17]],[[3666,5800],[-59,-7]],[[3607,5793],[60,25]],[[3667,5818],[4,0]],[[3671,5818],[-5,-18]],[[3664,5790],[60,-7]],[[3724,5783],[3,-2]],[[3727,5781],[-25,-55]],[[3702,5726],[-38,64]],[[3679,5821],[26,12]],[[3705,5833],[-26,-12]],[[3802,5792],[47,-26]],[[3849,5766],[-8,-20]],[[3841,5746],[-2,-4]],[[3839,5742],[-56,-29]],[[3783,5713],[19,79]],[[3754,5762],[0,-4]],[[3754,5758],[-7,-5]],[[3747,5753],[-3,-2]],[[3744,5751],[-5,-2]],[[3739,5749],[15,13]],[[3697,5756],[15,-15],[-1,-3],[-23,19],[9,-1]],[[3812,5777],[11,-2],[5,-9],[-5,-6],[-11,17]],[[3692,5581],[1,-31]],[[3693,5550],[-1,31]],[[3207,5250],[-2,-7]],[[3205,5243],[-30,-67]],[[3175,5176],[-1,-3]],[[3182,5215],[2,2]],[[3201,5295],[-1,4]],[[3197,5311],[-1,2]],[[3195,5319],[-1,2]],[[3193,5327],[0,2]],[[3186,5358],[-1,3]],[[3182,5379],[6,1]],[[3142,5113],[0,2]],[[3142,5115],[4,6]],[[3145,5123],[-1,2]],[[3153,5146],[1,3]],[[3170,5208],[1,2]],[[3180,5210],[-13,-36]],[[3173,5403],[4,-13]],[[3177,5390],[1,-3]],[[3178,5387],[4,-8]],[[3182,5379],[3,-18]],[[3185,5361],[1,-3]],[[3186,5358],[7,-29]],[[3193,5329],[0,-2]],[[3193,5327],[1,-6]],[[3194,5321],[1,-2]],[[3195,5319],[1,-6]],[[3196,5313],[1,-2]],[[3197,5311],[3,-12]],[[3200,5299],[1,-4]],[[3201,5295],[-17,-78]],[[3184,5217],[-2,-2]],[[3182,5215],[-2,-5]],[[3180,5210],[-9,0]],[[3171,5210],[-1,-2]],[[3170,5208],[-16,-59]],[[3154,5149],[-1,-3]],[[3153,5146],[-7,-19]],[[3146,5127],[-1,2]],[[3144,5130],[-2,1]],[[3141,5131],[-1,-1]],[[3140,5129],[1,-5]],[[3140,5123],[-1,-1]],[[3138,5122],[0,-3]],[[3138,5119],[-12,13]],[[3128,5132],[-1,7]],[[3125,5134],[-3,2]],[[3117,5137],[-4,0]],[[3105,5137],[55,77],[-309,16],[223,8],[54,6],[4,6],[-283,2],[347,43],[-153,11],[72,209]],[[3115,5515],[4,1]],[[3119,5516],[54,-113]],[[2802,5304],[-39,162],[196,-9],[80,-149],[-237,-4]],[[3200,5382],[6,1]],[[3185,5431],[-2,2]],[[3181,5455],[3,2]],[[3196,5443],[2,-3]],[[3200,5436],[2,-4]],[[3214,5411],[-16,-2]],[[3198,5409],[-2,2]],[[3231,5483],[8,-1]],[[3239,5482],[-12,-12]],[[3223,5477],[8,6]],[[3190,5409],[-26,40]],[[3167,5174],[7,-1]],[[3174,5173],[10,-4]],[[3184,5169],[-3,-43]],[[3181,5126],[-3,-7]],[[3178,5119],[-2,-7]],[[3176,5112],[-1,2]],[[3171,5114],[-4,-1]],[[3165,5113],[-12,-6]],[[3152,5107],[-10,6]],[[3142,5113],[25,61]],[[3224,5134],[3,8]],[[3224,5134],[3,8]],[[3227,5142],[-3,-8]],[[3229,5078],[2,1]],[[3236,5080],[-4,-5]],[[3233,5072],[1,0]],[[3234,5072],[-2,-3]],[[3232,5069],[-5,6]],[[3228,5077],[1,1]],[[3483,5530],[134,-133]],[[3483,5524],[0,2]],[[3311,5251],[17,0]],[[3419,5192],[-108,59]],[[3430,5239],[21,-6]],[[3451,5233],[4,-1]],[[3455,5232],[11,-4]],[[3458,5187],[-31,3]],[[3595,5234],[-3,2]],[[3567,5255],[23,11]],[[3566,5201],[1,-3]],[[3618,5168],[-4,1]],[[3608,5171],[-4,1]],[[3597,5372],[88,-151]],[[3592,5150],[3,-2]],[[3588,5136],[-1,3]],[[3586,5143],[0,3]],[[3736,5164],[4,-2]],[[3734,5136],[-3,2]],[[3722,5156],[-1,-3]],[[3649,5199],[3,2]],[[3588,5240],[4,-4]],[[3592,5236],[3,-2]],[[3595,5234],[-9,-25]],[[3564,5238],[0,4]],[[3579,5176],[25,-4]],[[3604,5172],[4,-1]],[[3608,5171],[6,-2]],[[3614,5169],[4,-1]],[[3618,5168],[4,1]],[[3637,5185],[4,-2]],[[3650,5178],[3,-2]],[[3673,5169],[13,-7]],[[3604,5144],[-9,4]],[[3595,5148],[-3,2]],[[3592,5150],[-7,2]],[[3497,5211],[72,-20]],[[4408,4871],[-4,1]],[[4387,4911],[2,-2]],[[3466,5228],[4,-1]],[[3458,5184],[0,3]],[[3458,5187],[8,41]],[[3424,5241],[6,-2]],[[3430,5239],[-3,-49]],[[3427,5190],[-8,2]],[[3419,5192],[-1,21]],[[3663,5211],[-11,-10]],[[3652,5201],[-3,-2]],[[3649,5199],[24,-30]],[[3673,5169],[-20,7]],[[3653,5176],[-3,2]],[[3650,5178],[-9,5]],[[3641,5183],[-4,2]],[[3637,5185],[-5,3]],[[3632,5188],[10,8]],[[3560,5146],[4,-1]],[[3569,5142],[3,-1]],[[3575,5163],[-1,3]],[[3572,5179],[3,0]],[[3575,5179],[10,-27]],[[3585,5152],[1,-6]],[[3586,5146],[0,-3]],[[3586,5143],[1,-4]],[[3587,5139],[1,-3]],[[3588,5136],[33,-14]],[[3642,5103],[-3,3]],[[3620,5116],[-3,1]],[[3593,5111],[4,-29]],[[3591,5069],[-5,2]],[[3564,5139],[-3,2]],[[3486,5145],[3,-2]],[[3514,5130],[-2,0]],[[3462,5147],[-2,2]],[[3483,5154],[3,1]],[[3798,5163],[117,-46]],[[3930,5112],[4,-2]],[[3832,5100],[3,-1]],[[3849,5097],[4,-1]],[[3858,5094],[4,-1]],[[3877,5090],[3,0]],[[3968,5089],[0,-4]],[[3967,5080],[-2,-2]],[[3972,5076],[2,3]],[[3975,5084],[1,3]],[[4001,5085],[-2,0]],[[3998,5084],[-5,-12]],[[3992,5071],[-2,-6]],[[3990,5065],[-1,-2]],[[3987,5059],[1,-3]],[[3988,5054],[2,-4]],[[3990,5048],[-10,-14]],[[3979,5035],[-3,1]],[[3974,5037],[-6,9]],[[3968,5046],[-6,9]],[[3951,5059],[-5,4]],[[3949,5065],[-2,3]],[[3947,5068],[-13,9]],[[3933,5077],[-2,1]],[[3929,5078],[-5,-5]],[[3875,5084],[-4,1]],[[3866,5086],[-5,1]],[[3807,5060],[-8,3]],[[3814,5098],[-3,0]],[[3726,5141],[5,-3]],[[3731,5138],[3,-2]],[[3734,5136],[10,-4]],[[3766,5118],[3,-1]],[[3829,5118],[3,4]],[[3588,5240],[-14,7]],[[3596,5251],[-8,-11]],[[3617,5065],[-26,4]],[[3591,5069],[6,13]],[[3597,5082],[12,13]],[[4482,4874],[0,-4]],[[4441,4870],[15,9]],[[3642,5196],[-36,16]],[[3668,5219],[-26,-23]],[[4441,4854],[0,16]],[[4441,4870],[41,0]],[[4482,4870],[0,-4]],[[3750,5127],[-6,5]],[[3744,5132],[8,9]],[[3763,5144],[-17,22]],[[3735,5172],[-72,39]],[[3663,5211],[7,6]],[[4135,4860],[21,-29]],[[4109,4798],[-32,73]],[[4077,4871],[58,-11]],[[4135,4860],[-58,11]],[[3429,5419],[-75,-114]],[[3416,5431],[3,1]],[[3336,5301],[3,-2]],[[3426,5248],[-137,9]],[[3330,5251],[83,-7]],[[3413,5244],[4,-1]],[[3417,5243],[7,-2]],[[3424,5241],[-6,-23]],[[3386,5499],[76,-25]],[[3459,5468],[-76,25]],[[3347,5422],[4,-2]],[[3356,5418],[3,-2]],[[3306,5340],[-3,2]],[[3298,5345],[-3,2]],[[3285,5354],[-36,35]],[[3249,5389],[6,3]],[[3255,5392],[3,17]],[[3291,5372],[7,-11],[31,27],[-41,13],[3,-29]],[[3556,5342],[-98,-1]],[[3462,5359],[-25,58]],[[3496,5438],[0,-4]],[[3540,5379],[2,-2]],[[3546,5373],[3,-2]],[[3418,5218],[0,-5]],[[3418,5213],[-90,38]],[[3328,5251],[2,0]],[[3330,5251],[88,-33]],[[3260,5527],[58,-22]],[[3475,5531],[8,-7]],[[3483,5524],[-12,-50]],[[3471,5474],[-9,0]],[[3462,5474],[13,57]],[[3483,5526],[0,4]],[[3483,5530],[0,-4]],[[3493,5227],[-19,6]],[[3475,5243],[1,2]],[[3559,5243],[1,-2]],[[3535,5227],[-1,-2]],[[3502,5243],[1,-12]],[[3454,5355],[8,4]],[[3462,5359],[-4,-18]],[[3458,5341],[-7,3]],[[3454,5355],[-3,-11]],[[3451,5344],[3,11]],[[3467,5234],[-35,11]],[[3470,5227],[26,-3]],[[3493,5212],[0,-2]],[[3467,5211],[3,16]],[[3497,5226],[-4,1]],[[3493,5227],[9,16]],[[3502,5243],[1,-12]],[[3503,5231],[-2,-6]],[[3497,5211],[-4,1]],[[3493,5212],[2,8]],[[3499,5219],[-2,-8]],[[3533,5219],[1,6]],[[3534,5225],[1,2]],[[3535,5227],[12,-10]],[[3695,5533],[-9,-73]],[[3686,5460],[9,73]],[[3311,5117],[70,7]],[[3373,5115],[-3,-1]],[[3370,5095],[3,-2]],[[3409,5102],[-8,-29]],[[3381,5124],[28,-22]],[[3409,5102],[-36,-9]],[[3373,5093],[-3,2]],[[3370,5095],[0,19]],[[3370,5114],[3,1]],[[3373,5115],[8,9]],[[3486,5145],[51,4]],[[3525,5131],[-36,12]],[[3489,5143],[-3,2]],[[3462,5147],[50,-17]],[[3512,5130],[-50,17]],[[3514,5130],[14,-6]],[[3529,5123],[-15,7]],[[3542,5148],[13,-7]],[[3558,5120],[-3,-4]],[[3532,5123],[-1,6]],[[3555,5141],[6,0]],[[3561,5141],[3,-2]],[[3564,5139],[-6,-19]],[[3558,5120],[-3,21]],[[3498,5160],[-12,-5]],[[3486,5155],[-3,-1]],[[3483,5154],[-23,-5]],[[3460,5149],[-6,7]],[[3458,5157],[4,0]],[[3467,5160],[-2,2]],[[3506,5177],[2,1]],[[3515,5161],[-17,-1]],[[3498,5160],[10,18]],[[3508,5178],[7,0]],[[3538,5095],[-3,3]],[[3529,5117],[0,6]],[[3529,5123],[-1,1]],[[3528,5124],[4,-1]],[[3532,5123],[9,-11]],[[3458,5184],[-2,-2]],[[3451,5180],[7,4]],[[3515,5161],[0,17]],[[3515,5178],[57,1]],[[3572,5179],[2,-13]],[[3574,5166],[1,-3]],[[3575,5163],[1,-14]],[[3554,5148],[-39,13]],[[3531,5129],[-6,2]],[[3525,5131],[12,18]],[[3537,5149],[5,-1]],[[3542,5148],[-11,-19]],[[3576,5149],[-4,-8]],[[3572,5141],[-3,1]],[[3569,5142],[-5,3]],[[3564,5145],[-4,1]],[[3560,5146],[-6,2]],[[3554,5148],[22,1]],[[3541,5112],[14,4]],[[3555,5116],[30,-29]],[[3553,5085],[-12,27]],[[3538,5095],[15,-14]],[[3586,5079],[0,-8]],[[3586,5071],[-48,24]],[[3572,5080],[-19,1]],[[3553,5081],[0,4]],[[3553,5085],[19,-2]],[[3586,5079],[-14,1]],[[3572,5080],[0,3]],[[3572,5083],[13,4]],[[3585,5087],[1,-8]],[[3529,5117],[6,-19]],[[3535,5098],[-6,19]],[[3561,4999],[-20,9]],[[3541,5007],[-17,-3]],[[3524,5006],[38,-6]],[[3786,5155],[-34,19]],[[3746,5123],[65,-25]],[[3811,5098],[3,0]],[[3814,5098],[-15,-35]],[[3799,5063],[0,1]],[[3798,5064],[-63,41]],[[3836,5128],[-4,-6]],[[3832,5122],[-3,-4]],[[3829,5118],[-34,-11]],[[3772,5115],[-3,2]],[[3769,5117],[-3,1]],[[3766,5118],[-16,9]],[[3750,5127],[39,22]],[[3727,5045],[-9,-15]],[[3763,5144],[-11,-3]],[[3752,5141],[11,3]],[[3772,5115],[23,-8]],[[3795,5107],[-23,8]],[[3646,5100],[2,3]],[[3686,5039],[-69,26]],[[3617,5065],[14,23]],[[3710,5039],[8,-9]],[[3718,5030],[-32,9]],[[3686,5039],[0,2]],[[3662,5070],[0,20]],[[3648,5060],[11,8]],[[3677,5063],[-2,1]],[[3593,5111],[24,6]],[[3617,5117],[3,-1]],[[3620,5116],[19,-10]],[[3639,5106],[3,-3]],[[3642,5103],[4,-3]],[[3646,5100],[-15,-12]],[[3631,5088],[-22,7]],[[3609,5095],[-16,16]],[[3639,5146],[35,15]],[[3718,5123],[3,-2]],[[3726,5118],[3,-2]],[[3674,5089],[-4,1]],[[3648,5107],[-18,11]],[[3659,5068],[3,2]],[[3662,5070],[13,-6]],[[3675,5064],[2,-1]],[[3677,5063],[-18,5]],[[3723,5138],[20,-14]],[[3730,5116],[-1,0]],[[3729,5116],[-3,2]],[[3726,5118],[-5,3]],[[3721,5121],[-3,2]],[[3718,5123],[3,13]],[[3691,5089],[14,-16]],[[3690,5072],[-3,2]],[[3683,5078],[-4,2]],[[3723,5138],[-2,-2]],[[3721,5136],[-47,25]],[[3674,5161],[12,1]],[[3686,5162],[28,-15]],[[3664,5095],[6,-5]],[[3670,5090],[4,-1]],[[3674,5089],[0,-1]],[[3677,5085],[2,-5]],[[3679,5080],[4,-2]],[[3683,5078],[4,-4]],[[3687,5074],[3,-2]],[[3690,5072],[10,-3]],[[3730,5046],[-3,-1]],[[3727,5045],[-6,2]],[[3713,5052],[-51,38]],[[3662,5090],[1,2]],[[3639,5146],[-11,2]],[[3626,5153],[13,-7]],[[3630,5118],[-9,4]],[[3621,5122],[3,22]],[[3629,5145],[1,-27]],[[3735,5105],[-28,-8]],[[3689,5091],[-12,-6]],[[3677,5085],[-3,3]],[[3674,5088],[56,28]],[[3730,5116],[13,8]],[[3743,5124],[3,-1]],[[3746,5123],[-11,-18]],[[3710,5039],[-24,2]],[[3686,5041],[-38,19]],[[3648,5060],[65,-8]],[[3713,5052],[8,-5]],[[3721,5047],[-11,-8]],[[3629,5185],[-7,-16]],[[3622,5169],[-22,30]],[[3606,5198],[20,-11]],[[3626,5153],[2,-5]],[[3628,5148],[1,-3]],[[3629,5145],[-5,-1]],[[3624,5144],[-20,0]],[[3604,5144],[22,9]],[[3726,5141],[-3,-3]],[[3723,5138],[-9,9]],[[3714,5147],[7,6]],[[3721,5153],[1,3]],[[3722,5156],[4,-15]],[[3735,5172],[11,-6]],[[3746,5166],[-6,-4]],[[3740,5162],[-4,2]],[[3736,5164],[-1,8]],[[3664,5095],[-1,-3]],[[3663,5092],[-15,11]],[[3648,5103],[0,4]],[[3648,5107],[16,-12]],[[3879,5110],[1,-20]],[[3880,5090],[-3,0]],[[3877,5090],[-15,3]],[[3862,5093],[-4,1]],[[3858,5094],[-5,2]],[[3853,5096],[-4,1]],[[3849,5097],[-14,2]],[[3835,5099],[-3,1]],[[3832,5100],[12,27]],[[3807,5061],[54,26]],[[3861,5087],[5,-1]],[[3866,5086],[5,-1]],[[3871,5085],[4,-1]],[[3875,5084],[49,-11]],[[3924,5073],[1,-1]],[[3923,5072],[-8,-4]],[[3914,5068],[-81,-21]],[[3830,5048],[-4,2]],[[3824,5051],[-14,8]],[[3700,5069],[5,4]],[[3705,5073],[25,-12]],[[3721,5054],[-21,15]],[[3689,5091],[18,6]],[[3707,5097],[-16,-8]],[[3691,5089],[-2,2]],[[3730,5061],[0,-15]],[[3730,5046],[-9,8]],[[3721,5054],[9,7]],[[3945,5102],[1,4]],[[3967,5099],[3,-1]],[[4002,5089],[2,0]],[[4003,5089],[1,-2]],[[4004,5087],[-3,-2]],[[4001,5085],[-25,2]],[[3976,5087],[-1,-3]],[[3975,5084],[-1,-5]],[[3974,5079],[-2,-3]],[[3972,5076],[-7,2]],[[3965,5078],[2,2]],[[3967,5080],[1,5]],[[3968,5085],[0,4]],[[3968,5089],[-27,9]],[[4416,4979],[56,16]],[[4453,4976],[-3,-3]],[[4456,4879],[-49,26]],[[4483,4911],[-1,-3]],[[4479,4879],[-23,0]],[[4472,4995],[10,0]],[[4357,4970],[59,9]],[[4416,4979],[34,-6]],[[4450,4973],[3,3]],[[4453,4976],[19,19]],[[4511,4917],[-1,1]],[[4499,4922],[-1,1]],[[4487,4874],[-5,0]],[[4482,4874],[-3,5]],[[4479,4879],[3,29]],[[4482,4908],[1,3]],[[4483,4911],[-76,-6]],[[4407,4905],[-11,-8]],[[4407,4914],[2,3]],[[4417,4928],[2,3]],[[4442,4951],[30,2]],[[4568,4949],[-3,-9]],[[4498,4937],[-1,-3]],[[4625,4921],[-3,2]],[[4619,4925],[-1,0],[-2,1],[2,0],[1,-1]],[[4619,4925],[6,-24]],[[4504,4866],[4,7]],[[4541,4914],[-3,1]],[[4385,4967],[-28,3]],[[4357,4970],[114,-9]],[[4473,4957],[-1,-4]],[[4472,4953],[-30,-2]],[[4442,4951],[-8,-1]],[[4431,4951],[-3,1]],[[4385,4967],[43,-15]],[[4428,4952],[3,-1]],[[4431,4951],[3,-1]],[[4434,4950],[-15,-19]],[[4419,4931],[-2,-3]],[[4417,4928],[-8,-11]],[[4409,4917],[-2,-3]],[[4407,4914],[-11,-17]],[[4396,4897],[-7,12]],[[4389,4909],[-2,2]],[[4387,4911],[-36,-12]],[[4337,4902],[48,65]],[[4332,4899],[5,3]],[[4337,4902],[14,-3]],[[4351,4899],[21,-14]],[[4473,4961],[-2,0]],[[4471,4961],[11,34]],[[4482,4995],[87,-42]],[[4473,4957],[0,4]],[[4473,4961],[51,-12]],[[4524,4944],[-1,-2]],[[4523,4942],[0,1]],[[4523,4943],[-25,7]],[[4483,4954],[-10,3]],[[4569,4953],[-1,-4]],[[4568,4949],[-44,-5]],[[4524,4944],[0,5]],[[4524,4949],[45,4]],[[4483,4954],[15,-4]],[[4498,4950],[-15,4]],[[4388,4941],[-10,-15],[-4,1],[10,16],[4,-2]],[[4156,4831],[29,-17]],[[4191,4811],[4,-1]],[[4216,4800],[4,-2]],[[4222,4798],[-113,0]],[[4109,4798],[47,33]],[[4153,4789],[-20,-13],[-4,27],[21,3],[3,-17]],[[4185,4814],[37,-16]],[[4222,4798],[-2,0]],[[4220,4798],[-4,2]],[[4216,4800],[-21,10]],[[4195,4810],[-4,1]],[[4191,4811],[-6,3]],[[4455,4784],[7,10]],[[4482,4866],[3,0]],[[4464,4787],[-3,-3]],[[4372,4778],[-1,7]],[[4380,4781],[3,0]],[[4405,4778],[2,3]],[[4411,4785],[2,3]],[[4425,4800],[3,3]],[[4439,4848],[2,6]],[[4441,4854],[41,12]],[[4455,4784],[7,10]],[[4462,4794],[-27,15]],[[4436,4809],[-1,0]],[[4435,4809],[20,-25]],[[4619,4925],[3,-2]],[[4622,4923],[3,-2]],[[4625,4921],[-128,13]],[[4497,4934],[1,3]],[[4498,4937],[67,3]],[[4565,4940],[54,-15]],[[4498,4923],[1,-1]],[[4499,4922],[11,-4]],[[4510,4918],[1,-1]],[[4511,4917],[27,-2]],[[4538,4915],[3,-1]],[[4541,4914],[-33,-41]],[[4508,4873],[-21,1]],[[4487,4874],[11,49]],[[4504,4866],[121,35]],[[4625,4901],[-253,-123]],[[4372,4778],[89,6]],[[4461,4784],[3,3]],[[4464,4787],[21,79]],[[4485,4866],[19,0]],[[4332,4899],[40,-14]],[[4372,4885],[32,-13]],[[4404,4872],[4,-1]],[[4408,4871],[31,-23]],[[4439,4848],[-11,-45]],[[4428,4803],[-3,-3]],[[4425,4800],[-12,-12]],[[4413,4788],[-2,-3]],[[4411,4785],[-4,-4]],[[4407,4781],[-2,-3]],[[4405,4778],[-22,3]],[[4383,4781],[-3,0]],[[4380,4781],[-9,4]],[[4371,4785],[-39,114]],[[3946,5106],[-12,4]],[[3934,5110],[-4,2]],[[3930,5112],[-15,5]],[[3915,5117],[89,-28]],[[4004,5089],[-1,0]],[[4002,5089],[-18,5]],[[3969,5098],[-2,1]],[[3967,5099],[-21,7]],[[3984,5094],[-14,4]],[[3970,5098],[-1,0]],[[3969,5098],[15,-4]],[[4199,5032],[34,-8]],[[4231,5021],[2,3]],[[4233,5024],[-16,-34]],[[4157,5006],[-2,2]],[[4155,4998],[5,5]],[[4191,4990],[-3,-3]],[[4211,4961],[4,-2]],[[4216,4957],[-3,-5]],[[4210,4953],[-3,3]],[[4203,4960],[-2,1]],[[4176,4980],[-3,3]],[[4169,4986],[-3,2]],[[4155,5008],[44,24]],[[4199,5032],[32,-11]],[[4231,5021],[-14,-31]],[[4217,4990],[-1,-33]],[[4216,4957],[-1,2]],[[4215,4959],[-4,2]],[[4211,4961],[-23,26]],[[4188,4987],[3,3]],[[4191,4990],[-31,13]],[[4160,5003],[-3,3]],[[4157,5006],[-2,2]],[[4155,4998],[11,-10]],[[4166,4988],[3,-2]],[[4169,4986],[4,-3]],[[4173,4983],[3,-3]],[[4176,4980],[25,-19]],[[4201,4961],[2,-1]],[[4203,4960],[4,-4]],[[4207,4956],[3,-3]],[[4210,4953],[3,-1]],[[4213,4952],[-58,46]],[[2972,6125],[-8,1]],[[2964,6126],[-4,-3]],[[2960,6123],[21,16]],[[3016,6137],[43,11]],[[2975,6121],[-3,4]],[[2972,6125],[9,14]],[[2981,6139],[35,-2]],[[3016,6137],[44,4]],[[3052,6113],[-77,8]],[[2975,6121],[84,16]],[[3491,5210],[2,0]],[[3493,5210],[15,-32]],[[3508,5178],[-2,-1]],[[3506,5177],[-3,1]],[[3491,5210],[-3,-2]],[[3475,5199],[-1,-1]],[[3465,5194],[2,17]],[[3467,5211],[24,-1]],[[3454,5156],[-3,24]],[[3451,5180],[5,2]],[[3456,5182],[7,-3]],[[3495,5180],[-30,-18]],[[3465,5162],[2,-2]],[[3467,5160],[-5,-3]],[[3462,5157],[-4,0]],[[3458,5157],[-4,-1]],[[3474,5198],[1,1]],[[3475,5199],[13,9]],[[3488,5208],[15,-30]],[[3503,5178],[-8,2]],[[3495,5180],[-32,-1]],[[3463,5179],[2,15]],[[3465,5194],[9,4]],[[3428,5054],[7,-23]],[[3423,5038],[-2,9]],[[3444,5040],[7,-4]],[[3444,5040],[7,-4]],[[3451,5036],[-28,2]],[[3423,5038],[12,-7]],[[3435,5031],[9,9]],[[3308,5112],[3,5]],[[3311,5117],[90,-44]],[[3401,5073],[27,-19]],[[3428,5054],[-2,-2]],[[3407,5044],[-11,6]],[[3395,5050],[-4,5]],[[3390,5055],[-2,1]],[[3386,5058],[-6,4]],[[3379,5062],[-13,7]],[[3365,5070],[-2,1]],[[3362,5071],[-8,6]],[[3351,5079],[-5,5]],[[3345,5085],[-15,11]],[[3329,5097],[-1,1]],[[3327,5098],[-1,1]],[[3324,5100],[-7,6]],[[3316,5107],[-8,5]],[[3308,5112],[118,-60]],[[3426,5052],[-5,-5]],[[3421,5047],[-13,-4]],[[2419,5963],[11,11]],[[2437,5891],[-46,-4]],[[2431,5921],[21,3],[-9,18],[-19,-5],[7,-16]],[[2298,6000],[4,-3]],[[2302,5997],[3,-2]],[[2305,5995],[4,-4]],[[2309,5991],[3,-2]],[[2312,5989],[5,-3]],[[2317,5986],[2,-3]],[[2319,5983],[22,-17]],[[2341,5966],[90,81]],[[2431,6047],[-44,25]],[[2387,6072],[-3,2]],[[2384,6074],[-5,2]],[[2379,6076],[-2,40]],[[2377,6116],[25,17]],[[2402,6133],[26,-18]],[[2428,6115],[-2,-1]],[[2426,6114],[-3,-3]],[[2423,6111],[33,-19]],[[2456,6092],[3,-2]],[[2459,6090],[35,-22]],[[2494,6068],[3,-2]],[[2497,6066],[63,-56]],[[2560,6010],[-145,-151],[-117,141]],[[2437,5891],[-7,83]],[[2430,5974],[-11,-11]],[[2419,5963],[-28,-76]],[[2391,5887],[46,4]],[[2497,5952],[25,19],[-40,28],[-24,-25],[39,-22]],[[3071,5576],[19,-22]],[[3090,5554],[-259,-33],[78,72]],[[3097,6127],[1,-3]],[[3098,6124],[-31,-57]],[[3067,6067],[-13,26]],[[3054,6093],[-2,3]],[[3052,6096],[0,17]],[[3052,6113],[7,24]],[[3059,6137],[1,4]],[[3060,6141],[-1,7]],[[3059,6148],[20,-2]],[[3079,6146],[18,-19]],[[3409,5873],[3,6]],[[3412,5879],[11,-4]],[[3423,5875],[-27,-17]],[[3396,5858],[13,15]],[[3357,5506],[1,4]],[[3358,5510],[1,4]],[[3359,5514],[3,9]],[[3362,5523],[-97,66]],[[3265,5589],[-3,-6]],[[3259,5585],[10,46]],[[3269,5631],[3,21]],[[3272,5652],[5,1]],[[3277,5653],[4,1]],[[3281,5654],[36,4]],[[3317,5658],[4,1]],[[3321,5659],[22,0]],[[3349,5658],[45,-11]],[[3394,5647],[17,-55]],[[3411,5592],[-20,-33]],[[3391,5559],[-1,-3]],[[3390,5556],[-5,-13]],[[3385,5543],[-1,-4]],[[3384,5539],[-10,-28]],[[3374,5511],[-1,-2]],[[3373,5509],[-1,-5]],[[3377,5593],[-2,10],[-8,24],[-16,-21],[26,-13]],[[3343,5659],[6,-1]],[[3349,5658],[-6,1]],[[2909,5593],[13,39]],[[2922,5632],[23,15]],[[2945,5647],[5,3]],[[2950,5650],[3,3]],[[2953,5653],[-39,61]],[[2914,5714],[-4,5]],[[2910,5719],[-17,30]],[[2893,5749],[-3,1]],[[2890,5750],[-64,65]],[[2826,5815],[-1,1]],[[2825,5816],[-2,2]],[[2823,5818],[-4,4]],[[2819,5822],[-11,11]],[[2808,5833],[-3,2]],[[2805,5835],[-9,9]],[[2796,5844],[-3,3]],[[2793,5847],[-4,4]],[[2789,5851],[-5,4]],[[2784,5855],[-36,32]],[[2748,5887],[-45,-1]],[[2703,5886],[7,29]],[[2710,5915],[-3,2]],[[2707,5917],[-5,4]],[[2702,5921],[-2,2]],[[2700,5923],[-12,9]],[[2688,5932],[-13,-1]],[[2675,5931],[-29,21]],[[2646,5952],[-3,3]],[[2643,5955],[-5,3]],[[2638,5958],[-6,5]],[[2632,5963],[-26,18]],[[2606,5981],[-4,3]],[[2602,5984],[-3,3]],[[2599,5987],[-4,2]],[[2595,5989],[-29,11]],[[2566,6000],[10,21]],[[2576,6021],[85,-65]],[[2661,5956],[3,-1]],[[2664,5955],[30,-20]],[[2694,5935],[3,-2]],[[2697,5933],[30,-21]],[[2727,5912],[53,-46]],[[2780,5866],[5,-4]],[[2785,5862],[3,-2]],[[2788,5860],[40,-39]],[[2828,5821],[6,-4]],[[2834,5817],[17,-18]],[[2851,5799],[3,-2]],[[2854,5797],[3,-5]],[[2857,5792],[2,-2]],[[2859,5790],[12,-12]],[[2871,5778],[3,-3]],[[2874,5775],[16,-15]],[[2890,5760],[2,-2]],[[2892,5758],[5,-4]],[[2897,5754],[2,-3]],[[2899,5751],[4,-3]],[[2903,5748],[2,-3]],[[2905,5745],[5,-4]],[[2910,5741],[2,-2]],[[2912,5739],[10,-10]],[[2922,5729],[4,-5]],[[2926,5724],[11,-10]],[[2937,5714],[3,-2]],[[2940,5712],[53,-40]],[[2993,5672],[47,-50]],[[3040,5622],[3,-2]],[[3043,5620],[26,-17]],[[3069,5603],[2,-27]],[[3071,5576],[-162,17]],[[3190,5409],[-26,40]],[[3164,5449],[-4,8]],[[3160,5457],[11,35]],[[3171,5492],[-1,3]],[[3170,5495],[-3,5]],[[3167,5500],[-1,2]],[[3166,5502],[-25,47]],[[3141,5549],[21,5]],[[3162,5554],[-2,3]],[[3160,5557],[-8,18]],[[3152,5575],[-1,3]],[[3151,5578],[4,6]],[[3155,5584],[4,1]],[[3159,5585],[10,1]],[[3169,5586],[91,-45]],[[3260,5541],[1,2]],[[3261,5543],[-2,42]],[[3259,5585],[3,-2]],[[3262,5583],[-2,-56]],[[3260,5527],[58,-22]],[[3318,5505],[39,1]],[[3357,5506],[15,-2]],[[3372,5504],[14,-5]],[[3386,5499],[-3,-6]],[[3383,5493],[-13,5]],[[3355,5500],[-108,-5]],[[3247,5495],[-8,3]],[[3239,5498],[-26,9]],[[3213,5507],[1,-4]],[[3214,5503],[9,-26]],[[3223,5477],[4,-7]],[[3227,5470],[1,-4]],[[3228,5466],[2,-3]],[[3230,5463],[7,-13]],[[3237,5450],[1,-2]],[[3238,5448],[16,-31]],[[3254,5417],[-10,-3]],[[3244,5414],[-30,-3]],[[3214,5411],[-12,21]],[[3202,5432],[-2,4]],[[3200,5436],[-2,4]],[[3198,5440],[-2,3]],[[3196,5443],[-12,14]],[[3184,5457],[-3,-2]],[[3181,5455],[2,-22]],[[3183,5433],[2,-2]],[[3185,5431],[11,-20]],[[3196,5411],[-6,-2]],[[3579,5176],[-4,3]],[[3575,5179],[-6,12]],[[3569,5191],[-2,7]],[[3567,5198],[-1,3]],[[3566,5201],[-67,18]],[[3499,5219],[-4,1]],[[3495,5220],[1,4]],[[3496,5224],[1,2]],[[3497,5226],[4,-1]],[[3501,5225],[32,-6]],[[3533,5219],[14,-2]],[[3547,5217],[13,24]],[[3560,5241],[-1,2]],[[3559,5243],[-76,6]],[[3481,5249],[2,0]],[[3483,5249],[-7,-4]],[[3476,5245],[-1,-2]],[[3475,5243],[-1,-10]],[[3474,5233],[-7,1]],[[3467,5234],[-35,11]],[[3432,5245],[-6,3]],[[3426,5248],[-87,51]],[[3339,5299],[-3,2]],[[3336,5301],[-47,-44]],[[3289,5257],[-1,0]],[[3288,5257],[-4,-1]],[[3284,5256],[-67,-5]],[[3217,5251],[-3,-1]],[[3214,5250],[-7,0]],[[3207,5250],[-19,130]],[[3188,5380],[12,2]],[[3200,5382],[30,-90],[-24,91]],[[3206,5383],[36,4]],[[3242,5387],[43,-33]],[[3285,5354],[1,0]],[[3286,5354],[9,-7]],[[3295,5347],[3,-2]],[[3298,5345],[5,-3]],[[3303,5342],[3,-2]],[[3306,5340],[53,76]],[[3359,5416],[-3,2]],[[3356,5418],[-5,2]],[[3351,5420],[-4,2]],[[3347,5422],[-89,-13]],[[3258,5409],[-3,6]],[[3255,5415],[100,85]],[[3355,5500],[15,-2]],[[3370,5498],[89,-30]],[[3459,5468],[8,1]],[[3467,5469],[-30,-52]],[[3437,5417],[-8,2]],[[3429,5419],[-10,13]],[[3419,5432],[-3,-1]],[[3416,5431],[-62,-126]],[[3354,5305],[213,-50]],[[3567,5255],[23,11]],[[3590,5266],[13,36]],[[3671,5222],[-65,-10]],[[3606,5212],[26,-24]],[[3632,5188],[-3,-3]],[[3629,5185],[-3,2]],[[3626,5187],[-20,11]],[[3606,5198],[-6,1]],[[3600,5199],[-21,-23]],[[3596,5251],[-22,-4]],[[3574,5247],[-10,-5]],[[3564,5242],[0,-4]],[[3564,5238],[22,-29]],[[3586,5209],[10,42]],[[3941,5098],[-62,12]],[[3879,5110],[-35,17]],[[3844,5127],[-8,1]],[[3836,5128],[-47,21]],[[3789,5149],[-3,6]],[[3786,5155],[-34,19]],[[3752,5174],[-82,43]],[[3670,5217],[-2,2]],[[3668,5219],[3,3]],[[3671,5222],[-68,80]],[[3603,5302],[-47,40]],[[3556,5342],[-7,29]],[[3549,5371],[-3,2]],[[3546,5373],[-4,4]],[[3542,5377],[-2,2]],[[3540,5379],[-44,55]],[[3496,5434],[0,4]],[[3496,5438],[-29,31]],[[3467,5469],[4,5]],[[3471,5474],[146,-77]],[[3617,5397],[-20,-25]],[[3597,5372],[88,-151]],[[3685,5221],[113,-58]],[[3798,5163],[147,-61]],[[3945,5102],[-4,-4]],[[2501,6097],[-5,4]],[[2496,6101],[8,8]],[[2504,6109],[28,14]],[[2532,6123],[16,-10]],[[2548,6113],[13,-10]],[[2561,6103],[-60,-6]],[[2557,6114],[7,-5]],[[2564,6109],[-7,5]],[[9793,6450],[10,2]],[[9889,6423],[-107,22]],[[9857,6436],[-17,11]],[[9870,6471],[9,-6]],[[9879,6424],[-22,12]],[[9857,6436],[22,29]],[[9879,6465],[18,40]],[[9840,6447],[-37,5]],[[9803,6452],[-10,-2]],[[9793,6450],[-11,-5]],[[9782,6445],[-11,5]],[[9791,6485],[-6,9]],[[9781,6501],[-1,2]],[[9767,6514],[103,-43]],[[9870,6471],[-30,-24]],[[9767,6514],[13,-11]],[[9780,6503],[1,-2]],[[9781,6501],[4,-7]],[[9785,6494],[6,-9]],[[9791,6485],[-20,-35]],[[9771,6450],[-4,64]],[[9889,6423],[-10,1]],[[9879,6424],[18,81]],[[9897,6505],[49,42],[39,-11],[-96,-113]],[[9873,6602],[-37,48]],[[9837,6650],[18,-15]],[[9857,6631],[15,-28]],[[9093,6657],[40,-16],[-20,-32],[-30,27],[10,21]],[[9440,6703],[8,-2]],[[9502,6672],[-3,-1]],[[9495,6669],[-2,-1]],[[9488,6666],[-8,-7]],[[9473,6657],[-8,0]],[[9460,6657],[-2,-1]],[[9453,6655],[-15,-6]],[[9428,6649],[-11,3]],[[9410,6654],[23,52]],[[9506,6673],[-58,28]],[[9448,6701],[0,0]],[[9448,6701],[-8,2]],[[9440,6703],[-7,3]],[[9433,6706],[27,-8]],[[9653,6678],[1,-3]],[[9668,6664],[1,-1]],[[9684,6663],[-56,-3]],[[9656,6695],[-2,-3]],[[9971,6723],[-33,-72]],[[9941,6667],[-1,1]],[[9962,6724],[-22,-56]],[[9940,6668],[1,-1]],[[9941,6667],[0,-1]],[[9942,6666],[-1,0]],[[9941,6666],[-3,-15]],[[9938,6651],[-75,-17]],[[9860,6637],[-16,14]],[[9874,6666],[1,0]],[[9680,6726],[6,-1]],[[9656,6696],[-18,20]],[[9626,6725],[15,19]],[[9475,6721],[-18,17]],[[9535,6735],[0,-1]],[[9498,6749],[19,-5]],[[9520,6744],[3,0]],[[9531,6744],[4,-9]],[[9535,6735],[-55,11]],[[9588,6737],[-23,4]],[[9598,6756],[-23,3]],[[9574,6759],[-7,2]],[[9565,6762],[-1,1]],[[9561,6763],[-2,1]],[[9606,6769],[-18,10]],[[9722,6741],[-41,1]],[[9677,6743],[-36,1]],[[9641,6744],[-53,-7]],[[9588,6737],[11,14]],[[9602,6756],[4,13]],[[9606,6769],[4,14]],[[9639,6756],[65,-12],[1,4],[-38,16],[-28,-8]],[[9713,6761],[-100,22]],[[9613,6786],[32,-5]],[[9533,6781],[80,5]],[[9613,6786],[0,-3]],[[9613,6783],[-3,0]],[[9610,6783],[-22,-4]],[[9588,6779],[-47,-10]],[[9524,6764],[-3,1]],[[9520,6765],[-1,1]],[[9515,6766],[-2,1]],[[9511,6768],[-3,1]],[[9506,6770],[-1,1]],[[9502,6774],[-7,4]],[[9492,6778],[-6,1]],[[9480,6786],[1,1]],[[9484,6790],[49,-9]],[[9533,6781],[8,-12]],[[9541,6769],[-1,-5]],[[9540,6764],[-13,3]],[[9482,6788],[-1,-1]],[[9481,6787],[-1,-1]],[[9480,6786],[6,-7]],[[9486,6779],[6,-1]],[[9492,6778],[3,0]],[[9495,6778],[7,-4]],[[9502,6774],[3,-3]],[[9505,6771],[1,-1]],[[9506,6770],[2,-1]],[[9508,6769],[3,-1]],[[9511,6768],[2,-1]],[[9513,6767],[2,-1]],[[9515,6766],[4,0]],[[9519,6766],[1,-1]],[[9520,6765],[1,0]],[[9521,6765],[3,-1]],[[9524,6764],[3,3]],[[9527,6767],[13,-3]],[[9540,6764],[19,0]],[[9559,6764],[2,-1]],[[9561,6763],[3,0]],[[9564,6763],[1,-1]],[[9565,6762],[2,-1]],[[9567,6761],[7,-2]],[[9574,6759],[1,0]],[[9575,6759],[23,-3]],[[9598,6756],[4,0]],[[9602,6756],[-3,-5]],[[9599,6751],[-33,1]],[[9538,6755],[-7,1]],[[9780,6766],[-3,6]],[[9921,6737],[-46,-71]],[[9875,6666],[-1,0]],[[9874,6666],[-30,-15]],[[9844,6651],[16,-14]],[[9860,6637],[3,-3]],[[9863,6634],[10,-32]],[[9873,6602],[-1,1]],[[9872,6603],[-15,28]],[[9857,6631],[-2,4]],[[9855,6635],[-18,15]],[[9837,6650],[-1,0]],[[9836,6650],[-152,13]],[[9684,6663],[-15,0]],[[9669,6663],[-1,1]],[[9668,6664],[-14,11]],[[9654,6675],[-1,3]],[[9653,6678],[1,14]],[[9654,6692],[2,3]],[[9656,6695],[0,1]],[[9656,6696],[30,29]],[[9686,6725],[-6,1]],[[9680,6726],[-3,17]],[[9677,6743],[4,-1]],[[9681,6742],[41,-1]],[[9722,6741],[58,25]],[[9780,6766],[7,11]],[[9863,6798],[0,5]],[[9773,6743],[34,1],[2,8],[-35,0],[-1,-9]],[[9731,6722],[33,8],[1,11],[-22,-6],[-12,-13]],[[9789,6724],[18,-20],[6,2],[-29,32],[5,-14]],[[9699,6713],[-31,-23],[-1,-9],[40,20],[-8,12]],[[9864,6803],[-1,-5]],[[9863,6798],[-14,-5]],[[9410,6654],[7,-2]],[[9417,6652],[11,-3]],[[9428,6649],[10,0]],[[9438,6649],[15,6]],[[9453,6655],[5,1]],[[9458,6656],[2,1]],[[9460,6657],[5,0]],[[9465,6657],[8,0]],[[9473,6657],[7,2]],[[9480,6659],[8,7]],[[9488,6666],[5,2]],[[9493,6668],[2,1]],[[9495,6669],[4,2]],[[9499,6671],[3,1]],[[9502,6672],[4,1]],[[9506,6673],[-46,25]],[[9460,6698],[15,23]],[[9475,6721],[60,13]],[[9535,6734],[-4,10]],[[9531,6744],[-8,0]],[[9523,6744],[-3,0]],[[9520,6744],[-3,0]],[[9517,6744],[-19,5]],[[9498,6749],[-18,-3]],[[9480,6746],[-23,-8]],[[9457,6738],[-111,64]],[[9331,6820],[10,-5]],[[9345,6813],[6,-2]],[[9353,6810],[5,-1]],[[9362,6807],[24,-13]],[[9390,6792],[3,-2]],[[9397,6789],[39,-14]],[[9444,6773],[37,-11]],[[9486,6761],[18,-4]],[[9510,6757],[7,-1]],[[9523,6756],[8,0]],[[9531,6756],[7,-1]],[[9538,6755],[28,-3]],[[9566,6752],[-1,-11]],[[9565,6741],[61,-16]],[[9626,6725],[12,-9]],[[9638,6716],[-10,-56]],[[9628,6660],[-218,-6]],[[9318,6820],[177,-56]],[[9497,6764],[10,-2]],[[9518,6762],[7,-1]],[[9525,6761],[-2,-5]],[[9523,6756],[-6,0]],[[9517,6756],[-7,1]],[[9510,6757],[-6,0]],[[9504,6757],[-18,4]],[[9486,6761],[-5,1]],[[9481,6762],[-37,11]],[[9444,6773],[-8,2]],[[9436,6775],[-39,14]],[[9397,6789],[-4,1]],[[9393,6790],[-3,2]],[[9390,6792],[-4,2]],[[9386,6794],[-24,13]],[[9362,6807],[-4,2]],[[9358,6809],[-5,1]],[[9353,6810],[-2,1]],[[9351,6811],[-6,2]],[[9345,6813],[-4,2]],[[9341,6815],[-10,5]],[[9331,6820],[-8,-9]],[[9313,6815],[10,-4]],[[9323,6811],[23,-9]],[[9346,6802],[-73,30]],[[9928,6809],[1,3]],[[9929,6817],[-3,9]],[[9936,6843],[30,-97]],[[9956,6754],[-13,14]],[[9940,6770],[-2,3]],[[9937,6773],[-2,3]],[[9934,6778],[-3,8]],[[9275,6847],[3,4]],[[9279,6851],[39,-31]],[[9318,6820],[-5,-5]],[[9313,6815],[-24,11]],[[9295,6836],[-5,3]],[[9284,6840],[-10,5]],[[9360,6867],[124,-77]],[[9484,6790],[-2,-2]],[[9482,6788],[-29,10]],[[9936,6843],[-10,-17]],[[9926,6826],[3,-9]],[[9929,6817],[0,-5]],[[9929,6812],[-1,-3]],[[9928,6809],[3,-23]],[[9931,6786],[3,-8]],[[9934,6778],[1,-2]],[[9935,6776],[2,-3]],[[9937,6773],[1,0]],[[9938,6773],[2,-3]],[[9940,6770],[3,-2]],[[9943,6768],[13,-14]],[[9956,6754],[10,-8]],[[9966,6746],[5,-23]],[[9971,6723],[-9,1]],[[9962,6724],[-41,13]],[[9921,6737],[-57,66]],[[9863,6803],[1,0]],[[9864,6803],[-15,-10]],[[9849,6793],[-62,-16]],[[9787,6777],[-10,-5]],[[9777,6772],[-64,-11]],[[9713,6761],[-68,20]],[[9645,6781],[291,62]],[[9295,6879],[0,2]],[[9300,6882],[1,-2]],[[9301,6877],[26,-9]],[[9318,6860],[-16,7]],[[9304,6869],[-9,7]],[[9239,6888],[2,-2]],[[9244,6885],[2,-2]],[[9247,6881],[7,-8]],[[9256,6870],[10,-14]],[[9267,6854],[8,-7]],[[9275,6847],[-1,-2]],[[9274,6845],[10,-5]],[[9284,6840],[6,-1]],[[9290,6839],[5,-3]],[[9295,6836],[-6,-10]],[[9289,6826],[-16,6]],[[9273,6832],[-37,58]],[[9236,6896],[7,-4]],[[9245,6890],[4,-2]],[[9251,6886],[23,-30]],[[9276,6854],[2,-2]],[[9279,6851],[-1,0]],[[9278,6851],[-11,3]],[[9267,6854],[-1,2]],[[9266,6856],[-10,14]],[[9256,6870],[-2,3]],[[9254,6873],[-7,8]],[[9247,6881],[-1,2]],[[9246,6883],[-2,2]],[[9244,6885],[-3,1]],[[9241,6886],[-2,2]],[[9239,6888],[-3,2]],[[9236,6890],[-5,8]],[[9525,6761],[-7,1]],[[9518,6762],[-11,0]],[[9507,6762],[-10,2]],[[9497,6764],[-2,0]],[[9495,6764],[-216,87]],[[9279,6851],[-1,1]],[[9278,6852],[-2,2]],[[9276,6854],[-2,2]],[[9274,6856],[-23,30]],[[9251,6886],[-2,2]],[[9249,6888],[-4,2]],[[9245,6890],[-2,2]],[[9243,6892],[-7,4]],[[9236,6896],[-5,2]],[[9231,6898],[129,-31]],[[9360,6867],[93,-69]],[[9453,6798],[72,-37]],[[9301,6877],[0,3]],[[9301,6880],[-1,2]],[[9300,6882],[-5,-1]],[[9295,6881],[0,-2]],[[9295,6879],[0,-3]],[[9295,6876],[9,-7]],[[9304,6869],[-2,-2]],[[9302,6867],[16,-7]],[[9318,6860],[9,8]],[[9327,6868],[-26,9]],[[1091,6192],[-5,2]],[[1079,6194],[-1,1]],[[972,6237],[41,53]],[[1037,6217],[2,4]],[[1038,6221],[-1,1]],[[1046,6212],[16,37]],[[1053,6210],[-2,1]],[[1048,6211],[-2,1]],[[1092,6219],[-14,-24]],[[1078,6195],[-8,5]],[[1065,6200],[-3,2]],[[1060,6203],[-7,1]],[[1053,6204],[17,38]],[[1124,6157],[-11,12]],[[1113,6170],[1,3]],[[1114,6179],[-23,13]],[[1091,6192],[16,12]],[[1107,6204],[-15,15]],[[1110,6207],[5,24]],[[1122,6224],[-12,-17]],[[1124,6203],[2,17]],[[1290,6251],[-97,-47]],[[1111,6235],[-10,-9]],[[1290,6251],[-97,-47]],[[1193,6204],[-21,-35]],[[1152,6183],[115,90],[-141,-53]],[[1126,6220],[-4,4]],[[1122,6224],[-7,7]],[[1115,6231],[-4,4]],[[1111,6235],[97,67],[-132,-50]],[[1219,6325],[5,3]],[[1319,6470],[6,-3]],[[1371,6437],[17,-19]],[[1388,6297],[5,-10]],[[1367,6265],[-77,-14]],[[1304,6365],[-47,-39],[18,-46],[87,67],[-58,18]],[[1355,6389],[-3,3]],[[1355,6395],[-3,-3]],[[1352,6392],[-7,-5]],[[1334,6396],[10,7]],[[1334,6396],[11,-9]],[[1345,6387],[-2,-3]],[[1342,6384],[-8,12]],[[1359,6398],[-4,-3]],[[1355,6395],[-11,8]],[[1344,6403],[22,-1]],[[1184,6149],[-60,8]],[[1124,6157],[19,19]],[[1210,6104],[43,43]],[[1289,6112],[-47,-28]],[[1409,6274],[-24,-26]],[[1428,6365],[-40,-68]],[[1388,6297],[-106,-24],[60,111]],[[1342,6384],[1,0]],[[1343,6384],[12,5]],[[1355,6389],[4,9]],[[1359,6398],[7,4]],[[1366,6402],[21,15]],[[1428,6365],[-41,52]],[[1387,6417],[1,1]],[[1388,6418],[40,-53]],[[1675,6275],[-2,18]],[[1529,6348],[23,24]],[[1553,6369],[3,-5]],[[1552,6324],[34,-111],[-47,101]],[[1553,6369],[-1,3]],[[1552,6372],[-11,16]],[[1583,6389],[-30,-20]],[[1669,6390],[-22,-109],[-25,102]],[[1529,6348],[27,16]],[[1556,6364],[-4,-40]],[[1552,6324],[-13,-10]],[[1539,6314],[-10,34]],[[1669,6390],[-47,-7]],[[1622,6383],[-39,6]],[[1583,6389],[-42,-1]],[[1541,6388],[125,60]],[[1667,6448],[2,-58]],[[1637,7140],[-18,-9]],[[1620,7133],[1,3]],[[1622,7138],[6,2]],[[1630,7140],[2,1]],[[1633,7141],[3,-1]],[[1564,6961],[-20,25]],[[1566,6959],[-2,2]],[[1564,6961],[-20,25]],[[1544,6986],[20,-10]],[[1692,6780],[-1,-2]],[[1690,6778],[-9,3]],[[1688,6847],[27,-17]],[[1784,6794],[1,-2]],[[1785,6791],[15,-9]],[[1801,6782],[-27,-1]],[[1770,6778],[1,-6]],[[1771,6770],[-1,-1]],[[1770,6769],[-8,-13]],[[1757,6756],[-11,2]],[[1745,6758],[-13,11]],[[1731,6769],[-2,-1]],[[1728,6768],[0,-2],[-1,1],[1,1]],[[1728,6768],[-6,4]],[[1720,6772],[-23,7]],[[1696,6779],[-4,1]],[[1692,6780],[-11,1]],[[1679,6781],[-6,-1]],[[1672,6779],[-4,-2]],[[1668,6776],[-2,-2]],[[1711,6827],[72,-28]],[[1657,6793],[24,52]],[[1632,6781],[24,4]],[[1608,6869],[-16,10]],[[1523,6778],[-35,-22]],[[1513,6618],[-2,3]],[[1510,6623],[-1,2]],[[1581,6633],[-3,1]],[[1576,6634],[-11,-9]],[[1566,6623],[-10,-8]],[[1555,6614],[-6,-6]],[[1544,6607],[0,0]],[[1543,6607],[-2,1]],[[1540,6608],[-3,2]],[[1522,6610],[-3,-1]],[[1519,6610],[-2,2]],[[1517,6613],[-1,2]],[[1530,6627],[-14,-12]],[[1515,6616],[-2,2]],[[1513,6618],[12,12]],[[1511,6543],[5,0]],[[1522,6544],[3,-6]],[[1530,6534],[12,-3]],[[1555,6520],[14,1]],[[1581,6516],[2,-4]],[[1596,6673],[4,6]],[[1626,6684],[-13,-16]],[[1544,6524],[2,-6]],[[1547,6517],[3,-1]],[[1552,6516],[1,1]],[[1555,6520],[28,-8]],[[1583,6512],[3,-1]],[[1600,6490],[0,-11]],[[1498,6506],[2,6]],[[1502,6517],[8,16]],[[1510,6534],[1,4]],[[1511,6543],[33,-19]],[[1472,6544],[-12,-37]],[[1427,6595],[-31,1]],[[1408,6707],[25,28]],[[1343,6669],[-8,-11]],[[1362,6816],[3,1]],[[1332,6508],[-72,41]],[[1151,6730],[15,-5]],[[1163,6719],[3,6]],[[1166,6725],[-14,7]],[[1152,6732],[6,9]],[[1285,6856],[77,-40]],[[1362,6816],[12,-17]],[[1366,6792],[-113,-8]],[[1226,7039],[14,-8]],[[1163,7064],[12,-1]],[[1176,7063],[11,-4]],[[1188,7058],[15,-10]],[[1262,6951],[-1,-19]],[[1225,6964],[13,1]],[[1141,6650],[-32,31]],[[1227,6941],[3,-1]],[[1506,6913],[-2,2]],[[1513,6919],[31,-39]],[[1513,6919],[-9,-3]],[[1504,6916],[-3,5]],[[1505,6923],[8,-4]],[[1505,6923],[-4,-2]],[[1501,6921],[-1,3]],[[1500,6925],[0,2]],[[1500,6933],[-1,4]],[[1499,6939],[6,-16]],[[1320,6897],[0,5]],[[1184,6149],[-41,27]],[[1143,6176],[-36,28]],[[1107,6204],[3,3]],[[1110,6207],[14,-4]],[[1124,6203],[28,-20]],[[1152,6183],[20,-14]],[[1172,6169],[12,-20]],[[1069,6260],[7,-8]],[[1076,6252],[25,-26]],[[1101,6226],[-9,-7]],[[1092,6219],[-22,23]],[[1070,6242],[-8,7]],[[1062,6249],[-14,15]],[[1069,6260],[-13,12]],[[1215,6328],[-146,-68]],[[1221,6331],[3,-3]],[[1224,6328],[-5,-3]],[[1219,6325],[-4,3]],[[1215,6328],[-12,12]],[[1013,6290],[291,186]],[[1208,6343],[-5,-3]],[[1203,6340],[-147,-68]],[[1056,6272],[-8,-8]],[[1048,6264],[-12,-43]],[[1025,6219],[-5,1]],[[1003,6220],[-5,1]],[[992,6219],[-2,-5]],[[978,6207],[-6,30]],[[972,6237],[41,53]],[[1475,6485],[21,18]],[[1496,6503],[74,-15]],[[1600,6476],[-179,-28]],[[1600,6479],[0,-3]],[[1600,6476],[-30,12]],[[1570,6488],[30,-9]],[[1249,6562],[-83,63]],[[1310,6632],[10,12]],[[1221,6331],[-13,12]],[[1208,6343],[96,133]],[[1304,6476],[15,-6]],[[1319,6470],[-98,-139]],[[1325,6467],[46,-30]],[[1371,6437],[-46,30]],[[1171,6690],[-6,3]],[[1177,6710],[-12,-17]],[[1165,6693],[-56,-12]],[[1109,6681],[3,98]],[[1120,6809],[-28,70]],[[1142,6893],[-4,-7]],[[1067,6935],[5,-1]],[[1073,6937],[5,2]],[[1080,6944],[18,4]],[[1115,6928],[23,-42]],[[1138,6886],[-46,-7]],[[1092,6879],[-27,57]],[[1115,6928],[-17,20]],[[1098,6948],[3,6]],[[1122,6929],[-7,-1]],[[1118,6936],[-16,19]],[[1102,6955],[4,1]],[[1108,6957],[4,3]],[[1112,6961],[2,3]],[[1114,6965],[-4,4]],[[1110,6977],[1,3]],[[1111,6988],[1,3]],[[1225,7017],[15,14]],[[1240,7031],[6,-7]],[[1217,6999],[-14,6]],[[1201,7041],[5,2]],[[1226,7004],[20,20]],[[1246,7024],[-23,-27]],[[1225,7017],[1,-13]],[[1226,7004],[-3,-7]],[[1223,6997],[-6,2]],[[1217,6999],[-11,44]],[[1206,7043],[-3,5]],[[1203,7048],[5,-1]],[[1212,7052],[14,-13]],[[1226,7039],[-1,-22]],[[1320,6897],[36,-33]],[[1298,6878],[22,19]],[[1342,6984],[3,0]],[[1346,6984],[24,15]],[[1371,7001],[17,-13]],[[1388,6987],[0,-1]],[[1387,6986],[-1,-1]],[[1385,6984],[2,-3]],[[1387,6977],[9,-21]],[[1396,6956],[-21,-13]],[[1366,6944],[-2,-5]],[[1364,6938],[-1,-2]],[[1371,6934],[2,-2]],[[1370,6928],[4,-4]],[[1374,6924],[3,-3]],[[1379,6921],[4,-1]],[[1384,6920],[5,-5]],[[1390,6914],[4,-2]],[[1396,6911],[1,-2]],[[1399,6907],[5,-4]],[[1409,6903],[1,0]],[[1411,6903],[6,2]],[[1421,6906],[2,-1]],[[1424,6905],[2,-1]],[[1431,6905],[3,3]],[[1436,6910],[-1,-5]],[[1436,6901],[2,-1]],[[1442,6900],[2,1]],[[1447,6901],[6,-2]],[[1451,6898],[4,-4]],[[1457,6888],[2,-5]],[[1366,6865],[-46,37]],[[1320,6902],[22,81]],[[1249,6777],[90,11]],[[1164,6771],[9,-19]],[[1125,6791],[48,-39]],[[1161,6741],[-3,0]],[[1158,6741],[-6,-9]],[[1152,6732],[-1,-2]],[[1151,6730],[-3,-5]],[[1147,6723],[-35,56]],[[1112,6779],[4,13]],[[1148,6725],[15,-6]],[[1163,6719],[-2,22]],[[1161,6741],[12,11]],[[1173,6752],[0,0]],[[1173,6752],[5,-2]],[[1194,6755],[4,-3]],[[1204,6746],[-3,-19]],[[1183,6709],[-6,1]],[[1177,6710],[-30,13]],[[1147,6723],[1,2]],[[1286,6665],[-12,-15]],[[1214,6722],[7,-4]],[[1343,6679],[-3,-6]],[[1336,6668],[-4,-9]],[[1321,6647],[-35,18]],[[1286,6665],[12,19]],[[1336,6668],[-38,16]],[[1298,6684],[-77,34]],[[1221,6718],[5,6]],[[1333,6675],[7,-2]],[[1340,6673],[-4,-5]],[[1343,6635],[-23,9]],[[1320,6644],[1,3]],[[1321,6647],[11,12]],[[1332,6659],[3,-1]],[[1335,6658],[8,11]],[[1343,6669],[0,10]],[[1343,6679],[4,6]],[[1366,6674],[3,-2]],[[1386,6653],[-20,-7]],[[1496,6634],[2,-6]],[[1497,6623],[1,-1]],[[1498,6620],[1,-5]],[[1345,6693],[-12,-18]],[[1333,6675],[-104,47]],[[1178,6750],[3,17]],[[1258,6815],[3,27]],[[1259,6901],[39,-23]],[[1298,6878],[58,-14]],[[1356,6864],[10,1]],[[1366,6865],[77,6]],[[1357,6860],[-72,-4]],[[1285,6856],[-32,-72]],[[1253,6784],[-4,-7]],[[1249,6777],[122,-15]],[[1348,6709],[-119,13]],[[1229,6722],[-3,2]],[[1226,6724],[-22,22]],[[1204,6746],[-6,6]],[[1198,6752],[-4,3]],[[1194,6755],[-16,-5]],[[1410,6707],[23,28]],[[1473,6630],[-31,14]],[[1530,6627],[-5,3]],[[1525,6630],[-16,-2]],[[1505,6634],[-3,3]],[[1500,6636],[-3,-1]],[[1496,6634],[-8,16]],[[1590,6672],[6,1]],[[1596,6673],[17,-5]],[[1613,6668],[4,-2]],[[1630,6663],[-2,-6]],[[1627,6656],[-3,-7]],[[1616,6642],[-3,-1]],[[1603,6640],[-1,0]],[[1599,6635],[-1,-1]],[[1596,6633],[-15,14]],[[1581,6648],[0,-1]],[[1581,6647],[-51,-20]],[[1388,6657],[2,5]],[[1427,6652],[10,-5]],[[1249,6562],[-83,63]],[[1166,6625],[-25,25]],[[1141,6650],[30,40]],[[1171,6690],[12,19]],[[1183,6709],[18,18]],[[1201,6727],[13,-5]],[[1214,6722],[60,-72]],[[1274,6650],[36,-18]],[[1310,6632],[33,3]],[[1343,6635],[23,11]],[[1366,6646],[20,7]],[[1488,6610],[-1,-1]],[[1486,6608],[-1,-1]],[[1484,6606],[-12,-61]],[[1472,6545],[-129,26],[117,-65]],[[1460,6505],[-2,-3]],[[1458,6498],[-1,-2]],[[1457,6495],[-1,-1]],[[1457,6491],[-1,-2]],[[1455,6488],[5,-1]],[[1461,6487],[14,-2]],[[1475,6485],[-54,-37]],[[1421,6448],[-89,60]],[[1332,6508],[-11,38]],[[1321,6546],[0,0]],[[1321,6546],[-61,3]],[[1260,6549],[-11,13]],[[1427,6595],[-31,1]],[[1396,6596],[31,-1]],[[1286,6598],[22,-13],[9,7],[-22,16],[-9,-10]],[[1499,6614],[0,-3]],[[1490,6611],[-2,-1]],[[1488,6610],[-102,43]],[[1386,6653],[2,4]],[[1388,6657],[49,-10]],[[1437,6647],[21,39]],[[1463,6684],[-21,-40]],[[1442,6644],[31,-14]],[[1473,6630],[9,23]],[[1488,6650],[11,-36]],[[1443,6865],[0,6]],[[1443,6871],[8,5]],[[1365,6817],[-8,43]],[[1357,6860],[86,5]],[[1443,6865],[6,-5]],[[1399,6788],[-34,29]],[[1406,6798],[43,62]],[[1449,6860],[6,-5]],[[1399,6786],[0,2]],[[1399,6788],[7,10]],[[1406,6798],[5,-3]],[[1399,6775],[-2,-4]],[[1399,6786],[-5,-13]],[[1379,6757],[-8,5]],[[1371,6762],[-32,26]],[[1339,6788],[27,4]],[[1366,6792],[8,7]],[[1374,6799],[25,-13]],[[1348,6713],[29,42]],[[1365,6674],[-18,11]],[[1347,6685],[-2,8]],[[1345,6693],[3,16]],[[1348,6709],[0,4]],[[1349,6713],[5,0]],[[1354,6713],[13,0]],[[1608,6984],[12,-72]],[[1604,6984],[4,0]],[[1608,6984],[-4,-20]],[[1604,6984],[-4,-16]],[[1573,6964],[-9,12]],[[1564,6976],[40,8]],[[1573,6964],[27,4]],[[1600,6968],[4,-4]],[[1604,6964],[-4,-4]],[[1569,6945],[-3,14]],[[1566,6959],[7,5]],[[1544,6880],[31,41]],[[1578,6952],[16,7]],[[1616,6890],[-24,-11]],[[1592,6879],[-12,-52]],[[1501,6910],[5,3]],[[1506,6913],[38,-33]],[[1578,6952],[-3,-31]],[[1575,6921],[-6,24]],[[1569,6945],[9,7]],[[1447,6689],[-20,-37]],[[1427,6652],[-37,10]],[[1390,6662],[-21,10]],[[1394,6769],[38,-34]],[[1433,6735],[-1,0]],[[1432,6735],[-27,-28]],[[1626,6780],[6,1]],[[1632,6781],[24,4]],[[1656,6785],[1,8]],[[1657,6793],[24,52]],[[1681,6845],[7,2]],[[1688,6847],[27,-17]],[[1715,6830],[-4,-3]],[[1711,6827],[-48,-54]],[[1663,6773],[-3,-7]],[[1660,6763],[1,-2]],[[1661,6759],[-4,-20]],[[1641,6710],[-2,0]],[[1558,6690],[-70,-40]],[[1488,6650],[-6,3]],[[1482,6653],[18,22]],[[1500,6675],[0,0]],[[1500,6675],[-37,9]],[[1463,6684],[-5,2]],[[1458,6686],[-11,3]],[[1447,6689],[-42,13]],[[1373,6707],[1,4]],[[1374,6711],[31,-4]],[[1405,6707],[3,0]],[[1408,6707],[2,0]],[[1410,6707],[41,-10]],[[1399,6775],[12,20]],[[1411,6795],[44,60]],[[1455,6855],[0,16]],[[1522,6843],[1,-65]],[[1523,6778],[-35,-22]],[[1488,6756],[138,24]],[[1626,6780],[-3,-3]],[[1623,6777],[1,0]],[[1624,6777],[-173,-80]],[[1451,6697],[-52,78]],[[1522,6843],[-67,30]],[[1455,6871],[0,2]],[[1455,6873],[-4,3]],[[1451,6876],[8,7]],[[1459,6883],[1,-2]],[[1472,6887],[28,23]],[[1501,6910],[79,-83]],[[1580,6827],[28,42]],[[1608,6869],[8,21]],[[1616,6890],[-22,69]],[[1594,6959],[6,1]],[[1600,6960],[20,-48]],[[1620,6912],[-98,-69]],[[1220,6098],[-10,6]],[[1210,6104],[43,43]],[[1253,6147],[127,98]],[[1409,6274],[-24,-26]],[[1385,6248],[-18,17]],[[1367,6265],[26,22]],[[1393,6287],[16,-13]],[[1641,6503],[6,-5]],[[1646,6484],[4,-1]],[[1657,6477],[-57,13]],[[1600,6490],[-14,21]],[[1586,6511],[1,1]],[[1588,6513],[3,3]],[[1592,6517],[1,1]],[[1600,6521],[0,-1]],[[1602,6517],[0,-2]],[[1602,6511],[1,-2]],[[1604,6506],[3,-1]],[[1607,6505],[7,2]],[[1614,6507],[16,-8]],[[1369,6672],[-4,2]],[[1365,6674],[1,0]],[[1366,6674],[7,33]],[[1373,6707],[32,-5]],[[1405,6702],[-36,-30]],[[1394,6773],[3,-2]],[[1397,6771],[-3,-2]],[[1394,6769],[-8,-14]],[[1382,6756],[12,17]],[[1558,6690],[81,20]],[[1639,6710],[-3,-4]],[[1626,6698],[0,-1]],[[1626,6697],[-26,-18]],[[1600,6679],[-10,-7]],[[1590,6672],[-32,18]],[[1377,6755],[2,2]],[[1379,6757],[3,-1]],[[1382,6756],[4,-1]],[[1386,6755],[-12,-44]],[[1374,6711],[-7,2]],[[1367,6713],[-13,0]],[[1354,6713],[-6,0]],[[1348,6713],[1,0]],[[1349,6713],[28,42]],[[1230,6940],[8,25]],[[1238,6965],[24,-14]],[[1262,6951],[-1,-19]],[[1261,6932],[-2,-31]],[[1259,6901],[2,-59]],[[1261,6842],[-3,-27]],[[1258,6815],[-15,-37]],[[1242,6778],[-55,16]],[[1187,6797],[-6,1]],[[1181,6798],[-52,8]],[[1138,6828],[4,65]],[[1142,6893],[-20,36]],[[1122,6929],[-4,7]],[[1118,6936],[-6,55]],[[1112,6991],[5,12]],[[1118,7007],[0,3]],[[1120,7014],[2,8]],[[1122,7022],[3,6]],[[1125,7030],[2,6]],[[1127,7037],[4,11]],[[1132,7049],[9,10]],[[1144,7061],[7,6]],[[1151,7067],[12,-3]],[[1163,7064],[38,-23]],[[1201,7041],[2,-36]],[[1203,7005],[22,-41]],[[1225,6964],[2,-23]],[[1227,6941],[3,-1]],[[1243,6778],[-1,0]],[[1242,6778],[-61,-8]],[[1187,6794],[56,-16]],[[1138,6828],[-9,-22]],[[1129,6806],[-4,-15]],[[1125,6791],[-9,1]],[[1116,6792],[4,17]],[[1120,6809],[18,19]],[[1164,6771],[0,1]],[[1164,6772],[17,26]],[[1181,6798],[6,-1]],[[1187,6797],[0,-3]],[[1187,6794],[-6,-24]],[[1181,6770],[0,-3]],[[1181,6767],[-17,4]],[[1289,6112],[-47,-28]],[[1242,6084],[-22,14]],[[1220,6098],[160,147]],[[1380,6245],[154,-52],[-245,-81]],[[1313,6161],[11,15]],[[1328,6148],[-33,-22]],[[1328,6148],[-33,-22]],[[1295,6126],[18,35]],[[1313,6161],[11,15]],[[1324,6176],[4,-28]],[[1951,6743],[38,-27]],[[1891,6820],[-20,59]],[[1873,6881],[8,3]],[[1882,6883],[2,-2]],[[1887,6879],[16,-7]],[[1904,6871],[2,-6]],[[1906,6864],[1,-1]],[[1908,6862],[16,-11]],[[1925,6851],[7,-4]],[[2719,7304],[37,-48]],[[2685,7332],[24,-18]],[[2640,7280],[14,47]],[[2692,7237],[-52,38]],[[1820,6875],[48,32]],[[1868,6907],[2,-3]],[[1871,6903],[1,-2]],[[1872,6900],[4,-3]],[[1876,6896],[1,-1]],[[1878,6890],[-15,-14]],[[1862,6875],[-2,-2]],[[1859,6872],[-2,-2]],[[1857,6869],[-35,-2]],[[2105,6751],[1,17]],[[2131,6819],[-1,1]],[[2136,6820],[3,4]],[[2128,6824],[-2,-2]],[[2122,6822],[-1,-1]],[[2118,6820],[-3,-2]],[[2114,6817],[-9,-5]],[[2105,6812],[-1,1]],[[2104,6822],[-1,3]],[[2103,6826],[-2,2]],[[2101,6829],[-2,1]],[[2097,6831],[-4,5]],[[2091,6836],[-2,0]],[[2126,6855],[80,-27]],[[2081,6843],[-1,6]],[[2081,6850],[4,4]],[[2089,6855],[3,-1]],[[2096,6854],[2,1]],[[2095,6855],[-7,2]],[[2088,6857],[2,12]],[[2090,6871],[36,-10]],[[2079,6838],[-8,12]],[[2072,6850],[8,5]],[[2081,6855],[-5,-5]],[[2075,6846],[7,-7]],[[1832,6829],[10,-28]],[[2087,6835],[1,0]],[[2087,6834],[-2,0]],[[1692,6780],[4,-1]],[[1696,6779],[1,0]],[[1697,6779],[23,-7]],[[1720,6772],[2,0]],[[1722,6772],[6,-4]],[[1728,6768],[1,0]],[[1729,6768],[2,1]],[[1731,6769],[1,0]],[[1732,6769],[4,-3]],[[1726,6666],[28,9]],[[2407,6430],[-1,-1]],[[2405,6428],[-3,-1]],[[2400,6428],[-1,6]],[[2394,6435],[-2,-1]],[[2391,6433],[-6,-5]],[[2384,6428],[-1,-1]],[[2382,6427],[-2,-1]],[[2379,6425],[-1,-1]],[[2375,6421],[-17,5]],[[2357,6426],[-14,5]],[[2342,6429],[-1,-2]],[[2336,6427],[-5,-2]],[[2330,6424],[0,-8]],[[2328,6416],[-6,0]],[[2318,6416],[1,1]],[[2319,6418],[-2,2]],[[2317,6421],[-1,0]],[[1971,6949],[1,-1]],[[1972,6945],[2,-3]],[[1976,6941],[5,-6]],[[1981,6934],[1,-2]],[[1985,6932],[5,-4]],[[1992,6926],[3,-2]],[[1996,6924],[2,0]],[[1999,6924],[2,-3]],[[2002,6902],[-7,-4]],[[1994,6897],[-2,-2]],[[1991,6894],[-1,-20]],[[1993,6859],[-7,-5]],[[1983,6854],[-2,-1]],[[1980,6853],[-2,-3]],[[1977,6850],[-3,-1]],[[1971,6849],[-4,1]],[[1964,6850],[-4,-2]],[[1959,6848],[-6,-2]],[[1952,6846],[-2,0]],[[1950,6846],[-2,1]],[[1960,6963],[3,-6]],[[1964,6954],[3,-1]],[[1943,6849],[-13,7]],[[1929,6856],[-13,9]],[[1915,6866],[-25,28]],[[1890,6895],[-1,2]],[[1889,6905],[-1,3]],[[1888,6909],[1,1]],[[1890,6911],[1,1]],[[1892,6912],[-8,20]],[[1884,6932],[6,0]],[[1891,6932],[3,-1]],[[1895,6931],[6,-2]],[[1903,6929],[3,1]],[[1910,6930],[47,33]],[[1993,6711],[-14,-78]],[[1950,6840],[2,-1]],[[1953,6839],[9,4]],[[1971,6844],[3,1]],[[2023,6858],[1,-1]],[[2025,6856],[-20,-9]],[[1999,6844],[-56,-53]],[[1907,6689],[44,54]],[[1951,6743],[11,-36]],[[2230,6826],[41,2]],[[1999,6436],[-6,-48]],[[2052,6503],[52,20]],[[2149,7010],[1,0]],[[2152,7010],[8,1]],[[2165,7011],[5,1]],[[2171,7012],[5,2]],[[2177,7014],[9,1]],[[2188,7015],[27,4]],[[2217,7019],[5,-2]],[[2222,7016],[3,-15]],[[2229,7008],[18,14]],[[2249,7024],[22,14]],[[2274,7038],[1,7]],[[2274,7045],[-13,-1]],[[2259,7044],[-12,-11]],[[2246,7033],[-34,19]],[[2210,7052],[-2,0]],[[2207,7052],[1,1]],[[2212,7055],[2,2]],[[2216,7058],[120,11],[-45,-109]],[[2349,6934],[96,-84],[-178,-47]],[[2279,6828],[68,105]],[[2561,6761],[23,8]],[[2315,6775],[172,34]],[[2488,6799],[73,-40]],[[2603,6693],[-2,-7]],[[2622,6728],[-6,-8]],[[2616,6719],[-6,-9]],[[2206,6675],[-6,32]],[[2211,6825],[13,1]],[[2643,7059],[1,2]],[[2402,6475],[-86,-54]],[[2316,6421],[-17,-4]],[[2299,6414],[-4,-13]],[[2656,7268],[9,32]],[[2683,7298],[26,16]],[[2709,7314],[10,-10]],[[2719,7304],[1,-51]],[[1946,6675],[33,-42]],[[1979,6633],[-2,-14]],[[2131,6819],[-25,-51]],[[2106,6768],[5,44]],[[2112,6812],[13,8]],[[2126,6817],[5,2]],[[2263,6894],[-73,68]],[[2190,6967],[-1,7]],[[2303,6939],[-6,-29]],[[2298,6905],[-13,-24]],[[2278,6881],[-16,7]],[[2469,6692],[-83,32]],[[2419,6740],[140,-40]],[[2397,6735],[-57,9]],[[2263,6756],[52,19]],[[2315,6775],[31,-16]],[[2347,6759],[-1,0]],[[2346,6759],[17,19]],[[2362,6778],[1,0]],[[2363,6778],[22,0]],[[2397,6771],[22,-25]],[[2167,6744],[28,-9]],[[2196,6734],[-1,1]],[[2195,6735],[5,-28]],[[2200,6707],[-34,34]],[[2206,6675],[0,-14]],[[2163,6623],[43,52]],[[1726,6666],[28,9]],[[1622,6642],[2,7]],[[1624,6649],[3,7]],[[1627,6656],[1,1]],[[1628,6657],[2,6]],[[1640,6657],[54,-35]],[[1544,6606],[0,1]],[[1544,6607],[5,1]],[[1549,6608],[6,6]],[[1555,6614],[1,1]],[[1556,6615],[10,8]],[[1566,6623],[-1,2]],[[1565,6625],[11,9]],[[1576,6634],[2,0]],[[1578,6634],[3,-1]],[[1581,6633],[15,0]],[[1596,6633],[2,1]],[[1598,6634],[1,1]],[[1599,6635],[3,5]],[[1602,6640],[1,0]],[[1603,6640],[9,1]],[[1699,6589],[-13,-26]],[[1978,6612],[-30,-63]],[[1630,6555],[2,16]],[[2474,6564],[2,-28]],[[2477,6516],[24,1]],[[2509,6432],[-37,-42]],[[2470,6389],[-19,4]],[[2446,6394],[-14,4]],[[2432,6398],[-13,4]],[[2417,6402],[-1,0]],[[2415,6402],[-5,11]],[[2410,6414],[0,6]],[[2598,6412],[2,-15]],[[2600,6396],[0,-11]],[[2599,6384],[-5,0]],[[2590,6384],[-6,-2]],[[2582,6379],[-2,-1]],[[2580,6377],[-13,-1]],[[2566,6377],[11,11]],[[2576,6388],[-9,3]],[[2566,6391],[-1,-1]],[[2560,6391],[0,3]],[[2565,6394],[-1,5]],[[2563,6400],[-18,18]],[[2545,6419],[-29,10]],[[2595,6447],[5,-13]],[[2600,6433],[-2,-12]],[[2683,7298],[-18,2]],[[2665,7300],[18,-2]],[[2172,6726],[2,-6],[-13,-4],[-3,4],[14,6]],[[2121,6782],[7,3],[4,-7],[-9,-3],[-2,7]],[[2401,6747],[-8,-4],[-9,7],[2,3],[15,-6]],[[1745,6628],[7,37]],[[2202,6483],[7,-5]],[[1948,6549],[-3,-24]],[[1884,6539],[64,10]],[[2685,7332],[-31,-5]],[[2654,7327],[31,5]],[[2349,6934],[-2,-1]],[[2347,6933],[2,1]],[[2728,7253],[28,3]],[[2756,7256],[-26,-15]],[[2190,6962],[0,5]],[[2190,6967],[32,-13]],[[2228,6952],[69,-42]],[[2297,6910],[1,-5]],[[2298,6905],[-13,-24]],[[2285,6881],[-7,0]],[[2278,6881],[-16,7]],[[2262,6888],[1,6]],[[2263,6894],[-73,68]],[[2291,6960],[12,-21]],[[2303,6939],[-72,27]],[[2225,6967],[-36,8]],[[2189,6975],[-39,18]],[[2149,6993],[-7,1]],[[2144,6999],[147,-39]],[[1971,6949],[-23,-102]],[[1948,6847],[0,0]],[[1946,6847],[-3,2]],[[1943,6849],[24,104]],[[1967,6953],[4,-4]],[[2089,6836],[-6,4]],[[2083,6840],[43,21]],[[2126,6861],[0,-6]],[[2126,6855],[-37,-19]],[[2020,6859],[-18,-7]],[[2001,6856],[17,4]],[[2019,6860],[1,-1]],[[2087,6835],[-2,-1]],[[2085,6834],[2,1]],[[1996,6850],[-53,-59]],[[1943,6791],[-36,-102]],[[1907,6689],[28,-20]],[[1738,6533],[31,-10]],[[1768,6523],[1,0]],[[1769,6523],[-29,43]],[[1741,6572],[20,103]],[[1754,6675],[-28,-9]],[[1726,6666],[0,0]],[[1726,6666],[9,-91]],[[1734,6569],[-35,20]],[[1699,6589],[-13,-26]],[[1686,6563],[46,-26]],[[1731,6531],[-76,12]],[[1642,6564],[-10,7]],[[1632,6571],[-19,10]],[[1612,6587],[22,41]],[[1635,6633],[59,-11]],[[1694,6622],[12,81]],[[1652,6712],[5,27]],[[1657,6739],[4,20]],[[1661,6759],[0,2]],[[1661,6761],[-1,2]],[[1660,6763],[0,3]],[[1660,6766],[3,7]],[[1663,6773],[3,1]],[[1666,6774],[2,2]],[[1668,6776],[0,1]],[[1668,6777],[4,2]],[[1672,6779],[1,1]],[[1673,6780],[6,1]],[[1679,6781],[2,0]],[[1681,6781],[9,-3]],[[1690,6778],[1,0]],[[1691,6778],[1,2]],[[1692,6780],[44,-14]],[[1736,6766],[9,-8]],[[1745,6758],[1,0]],[[1746,6758],[11,-2]],[[1757,6756],[5,0]],[[1762,6756],[8,13]],[[1770,6769],[0,0]],[[1770,6769],[1,1]],[[1771,6770],[0,2]],[[1771,6772],[-1,6]],[[1770,6778],[4,3]],[[1774,6781],[27,1]],[[1801,6782],[-1,0]],[[1800,6782],[-15,9]],[[1785,6791],[0,1]],[[1785,6792],[-1,2]],[[1784,6794],[-1,5]],[[1783,6799],[8,18]],[[1829,6790],[13,11]],[[1842,6801],[49,19]],[[1891,6820],[50,18]],[[1945,6842],[5,-2]],[[1950,6840],[24,5]],[[1978,6845],[2,2]],[[1981,6847],[2,2]],[[1983,6849],[11,6]],[[1767,6731],[-3,-44],[105,-8],[70,142],[-172,-90]],[[1728,6701],[29,-11],[-12,56],[-30,-11],[13,-34]],[[1674,6719],[9,-1],[38,-14],[-11,30],[-36,-15]],[[2082,6839],[-3,-1]],[[2079,6838],[3,1]],[[2279,6828],[-12,-25]],[[2267,6803],[-4,-47]],[[2263,6756],[29,-21]],[[2314,6745],[26,-1]],[[2340,6744],[35,-17]],[[2274,6698],[-11,-8]],[[2259,6686],[-35,140]],[[2224,6826],[6,0]],[[2230,6826],[41,2]],[[2271,6828],[8,0]],[[2383,6723],[27,-57]],[[2401,6664],[-27,57]],[[2385,6778],[12,-7]],[[2397,6771],[-12,7]],[[2161,6765],[3,-7]],[[2164,6759],[0,-1]],[[2164,6758],[3,-14]],[[2167,6744],[-1,-3]],[[2166,6741],[-57,5]],[[2414,6652],[161,12]],[[2580,6657],[-53,-69]],[[2521,6586],[-46,-15]],[[2245,6450],[-125,46]],[[2268,6685],[109,-63]],[[2377,6622],[-27,71]],[[2352,6697],[45,-34]],[[2202,6483],[7,-5]],[[2209,6478],[133,107],[-140,-102]],[[1622,6642],[8,-5]],[[1628,6632],[-16,9]],[[1612,6641],[1,0]],[[1613,6641],[3,1]],[[1616,6642],[6,0]],[[1926,6638],[51,-19]],[[1977,6619],[1,-7]],[[1978,6612],[-54,20]],[[1499,6614],[0,1]],[[1499,6615],[-1,5]],[[1498,6620],[0,2]],[[1498,6622],[-1,1]],[[1497,6623],[1,5]],[[1498,6628],[-2,6]],[[1496,6634],[1,1]],[[1497,6635],[3,1]],[[1500,6636],[2,1]],[[1502,6637],[3,-3]],[[1505,6634],[4,-6]],[[1509,6628],[0,-3]],[[1509,6625],[1,-2]],[[1510,6623],[1,-2]],[[1511,6621],[1,-3]],[[1544,6606],[61,-16]],[[1606,6585],[-73,17]],[[1516,6615],[1,-2]],[[1517,6613],[0,-1]],[[1517,6612],[2,-2]],[[1519,6610],[0,-1]],[[1519,6609],[3,1]],[[1522,6610],[15,0]],[[1537,6610],[3,-2]],[[1540,6608],[1,0]],[[1541,6608],[2,-1]],[[1543,6607],[1,0]],[[1544,6607],[0,-1]],[[1579,6515],[-10,6]],[[1569,6521],[-14,-1]],[[1544,6524],[-2,7]],[[1542,6531],[-12,3]],[[1530,6534],[-5,4]],[[1525,6538],[-3,6]],[[1522,6544],[-6,-1]],[[1516,6543],[-5,0]],[[1511,6543],[0,-5]],[[1511,6538],[-1,-4]],[[1510,6534],[0,-1]],[[1510,6533],[-8,-16]],[[1502,6517],[-2,-5]],[[1500,6512],[-2,-6]],[[1498,6506],[-2,-3]],[[1467,6486],[-6,1]],[[1461,6487],[-1,0]],[[1460,6487],[-5,1]],[[1455,6488],[1,1]],[[1456,6489],[1,2]],[[1457,6491],[-1,3]],[[1456,6494],[1,1]],[[1457,6495],[0,1]],[[1457,6496],[1,2]],[[1458,6498],[0,4]],[[1458,6502],[2,3]],[[1460,6505],[0,1]],[[1460,6506],[0,1]],[[1460,6507],[12,37]],[[1472,6544],[0,1]],[[1472,6545],[7,54]],[[2545,6589],[4,-37]],[[2542,6456],[-41,61]],[[2501,6517],[5,58]],[[2361,6538],[48,-116]],[[2408,6427],[0,0]],[[2408,6428],[0,2]],[[2407,6430],[-5,45]],[[2402,6475],[-48,59]],[[2477,6516],[-1,20]],[[2476,6536],[1,-20]],[[2048,6495],[1,-27]],[[2049,6462],[-51,-20]],[[1993,6442],[-29,28]],[[2576,6461],[19,-13]],[[2595,6447],[3,-26]],[[2598,6421],[1,-6]],[[2599,6413],[-1,-1]],[[2598,6412],[-41,47]],[[2065,6467],[40,-6]],[[2103,6456],[-39,5]],[[2259,6453],[36,-52]],[[2295,6401],[-1,-2]],[[1914,6408],[-44,-21]],[[1838,6379],[-27,29]],[[1772,6430],[-11,9]],[[2144,6430],[-29,21]],[[2118,6456],[33,-23]],[[2002,6292],[-6,-16]],[[1946,6420],[46,-32]],[[1992,6388],[1,0]],[[1993,6388],[45,-27]],[[2189,6395],[-16,16]],[[2289,6394],[-3,-2]],[[2285,6390],[-7,-6]],[[2277,6384],[-19,6]],[[2254,6390],[-3,1]],[[2226,6391],[-7,0]],[[1933,6384],[-1,8]],[[1995,6856],[4,0]],[[2001,6856],[1,-4]],[[2002,6852],[3,-5]],[[2005,6847],[-6,-3]],[[1999,6844],[-3,6]],[[1996,6850],[-2,5]],[[2001,6921],[4,-1]],[[2005,6903],[-3,-1]],[[2002,6902],[-1,19]],[[1993,6859],[-3,13]],[[1990,6874],[4,-4]],[[1994,6869],[-1,-10]],[[1754,6675],[7,0]],[[1761,6675],[-20,-103]],[[1741,6572],[-1,-6]],[[1740,6566],[-2,-33]],[[1738,6533],[-6,-16]],[[1726,6520],[5,11]],[[1731,6531],[1,6]],[[1732,6537],[2,32]],[[1734,6569],[1,6]],[[1735,6575],[10,53]],[[1745,6628],[7,37]],[[1752,6665],[2,10]],[[2487,6809],[1,-10]],[[2488,6799],[-69,-59]],[[2419,6740],[-33,-16]],[[2386,6724],[-3,-1]],[[2383,6723],[-9,-2]],[[2374,6721],[-22,-24]],[[2352,6697],[-2,-4]],[[2350,6693],[-82,-8]],[[2268,6685],[-5,-3]],[[2150,6605],[13,18]],[[2163,6623],[43,38]],[[2206,6661],[53,25]],[[2259,6686],[4,4]],[[2263,6690],[11,8]],[[2274,6698],[101,29]],[[2375,6727],[22,8]],[[2397,6735],[0,0]],[[2397,6735],[22,11]],[[2419,6746],[68,63]],[[2211,6825],[-50,-60]],[[2161,6765],[-52,-19]],[[2109,6746],[-4,5]],[[2105,6751],[101,77]],[[2206,6828],[5,-3]],[[1640,6657],[-5,-24]],[[1635,6633],[-1,-5]],[[1634,6628],[-22,-41]],[[1612,6587],[1,-6]],[[1613,6581],[-3,-16]],[[1604,6568],[2,16]],[[1606,6584],[0,1]],[[1606,6585],[-1,5]],[[1605,6590],[23,42]],[[1628,6632],[2,5]],[[1630,6637],[0,26]],[[1630,6663],[-13,3]],[[1617,6666],[9,18]],[[1626,6684],[0,13]],[[1626,6697],[10,9]],[[1636,6706],[5,4]],[[1641,6710],[1,2]],[[1642,6664],[-2,-7]],[[1946,6675],[-20,-37]],[[1926,6638],[-2,-6]],[[1924,6632],[-40,-93]],[[1884,6539],[-4,-11]],[[1873,6529],[62,140]],[[1935,6669],[27,38]],[[1962,6707],[27,9]],[[1989,6716],[4,-5]],[[1993,6711],[-47,-36]],[[1867,6584],[-17,-53]],[[1847,6532],[-3,4]],[[2474,6564],[-113,-26]],[[2361,6538],[-7,-4]],[[2354,6534],[-95,-81]],[[2259,6453],[-26,-13]],[[2227,6439],[-26,-26]],[[2198,6408],[-25,3]],[[2173,6411],[-1,1]],[[2103,6426],[-1,0]],[[2104,6428],[40,2]],[[2144,6430],[7,3]],[[2151,6433],[94,17]],[[2245,6450],[230,121]],[[2476,6568],[-2,-4]],[[1467,6486],[29,17]],[[1496,6503],[-21,-18]],[[1475,6485],[-8,1]],[[1588,6513],[-1,-1]],[[1587,6512],[-6,4]],[[1581,6516],[-2,-1]],[[1579,6515],[3,22]],[[1852,6501],[-5,27]],[[1728,6512],[-7,-10]],[[1836,6462],[-49,22]],[[1775,6496],[63,-29]],[[1971,6495],[-7,-25]],[[1964,6470],[-13,-27]],[[1993,6442],[5,0]],[[1998,6442],[91,-11]],[[2086,6426],[-87,10]],[[1999,6436],[-51,-4]],[[1949,6438],[44,4]],[[2238,6408],[56,-9]],[[2291,6396],[-2,-2]],[[2289,6394],[-60,9]],[[1846,6462],[5,22]],[[1932,6498],[-3,-45]],[[1928,6453],[1,0]],[[1929,6453],[1,-8]],[[2656,7268],[27,-18]],[[2699,7237],[-7,0]],[[2692,7237],[-52,38]],[[2640,7275],[0,5]],[[2640,7280],[16,-12]],[[2604,6615],[-59,-26]],[[2545,6589],[-39,-14]],[[2506,6575],[-30,-7]],[[2476,6568],[-1,3]],[[2475,6571],[46,15]],[[2521,6586],[6,2]],[[2527,6588],[76,30]],[[1543,6597],[61,-29]],[[1600,6564],[-63,29]],[[1847,6532],[3,-1]],[[1850,6531],[23,-2]],[[1873,6529],[7,-1]],[[1880,6528],[28,-1]],[[1909,6522],[-62,6]],[[1847,6528],[0,4]],[[1666,6539],[59,-19]],[[1725,6520],[1,0]],[[1726,6520],[6,-3]],[[1732,6517],[43,-21]],[[1775,6496],[12,-12]],[[1787,6484],[38,-33]],[[1822,6446],[-22,15]],[[1779,6483],[-51,29]],[[1728,6512],[-5,3]],[[2115,6523],[5,-27]],[[2120,6496],[-2,-40]],[[2118,6456],[-3,-5]],[[2115,6451],[-11,-23]],[[2104,6428],[-2,-2]],[[2102,6426],[-58,-70]],[[2037,6359],[1,2]],[[2038,6361],[48,65]],[[2086,6426],[3,5]],[[2089,6431],[14,25]],[[2103,6456],[2,5]],[[2105,6461],[-57,34]],[[2048,6495],[-72,16]],[[1979,6518],[73,-15]],[[2052,6503],[52,20]],[[2104,6523],[6,2]],[[1940,6406],[47,-30]],[[1979,6376],[-43,21]],[[2292,6735],[21,10]],[[2314,6745],[-1,0]],[[2313,6745],[-21,-10]],[[2143,6995],[-1,-1]],[[2142,6994],[-1,5]],[[2141,7000],[1,2]],[[2143,7003],[1,5]],[[2145,7009],[2,1]],[[2147,7010],[-3,-11]],[[2144,6999],[-1,-4]],[[2730,7241],[-31,-4]],[[2699,7237],[-16,13]],[[2683,7250],[37,3]],[[2720,7253],[8,0]],[[2728,7253],[2,-12]],[[2225,6967],[6,-1]],[[2231,6966],[-3,-14]],[[2228,6952],[-6,2]],[[2222,6954],[3,13]],[[1656,6543],[10,-4]],[[1666,6539],[2,-7]],[[1518,6607],[15,-5]],[[1533,6602],[10,-5]],[[1543,6597],[-6,-4]],[[1537,6593],[-24,10]],[[2414,6652],[-2,0]],[[2412,6652],[1,0]],[[2413,6652],[-16,11]],[[2397,6663],[4,1]],[[2401,6664],[9,2]],[[2410,6666],[59,26]],[[2469,6692],[-55,-40]],[[1516,6615],[-5,-5]],[[1506,6612],[6,6]],[[1512,6618],[3,-2]],[[1515,6616],[1,-1]],[[1604,6568],[6,-3]],[[1610,6565],[20,-10]],[[1593,6553],[7,11]],[[1600,6564],[4,4]],[[1635,6553],[7,11]],[[1642,6564],[-2,-14]],[[2227,6439],[6,1]],[[2233,6440],[-3,-31]],[[2224,6410],[3,29]],[[2049,6468],[16,-1]],[[2065,6467],[-1,-6]],[[2064,6461],[-15,1]],[[2049,6462],[0,6]],[[2557,6462],[0,-3]],[[2557,6459],[-41,-30]],[[2516,6429],[-7,3]],[[2509,6432],[33,24]],[[2542,6456],[13,8]],[[1933,6384],[-4,-2]],[[1913,6387],[20,-3]],[[2195,6391],[-6,4]],[[2189,6395],[9,13]],[[2198,6408],[3,5]],[[2201,6413],[9,-2]],[[1945,6842],[-4,-4]],[[1941,6838],[-9,9]],[[1932,6847],[1,0]],[[1935,6847],[2,-1]],[[1937,6846],[8,-4]],[[1858,6484],[-7,0]],[[1851,6484],[1,17]],[[1852,6501],[15,2]],[[1935,6498],[-3,0]],[[1932,6498],[-8,-15]],[[1903,6507],[8,6]],[[1867,6503],[14,1]],[[1948,6432],[-2,-12]],[[1946,6420],[-6,-14]],[[1940,6406],[-4,-9]],[[1936,6397],[-4,-5]],[[1932,6392],[-18,16]],[[1914,6408],[-36,15]],[[1903,6507],[21,-24]],[[1924,6483],[6,-38]],[[1930,6445],[21,-2]],[[1951,6443],[-2,-5]],[[1949,6438],[-1,-6]],[[1948,6432],[-3,0]],[[1868,6498],[-1,5]],[[1867,6503],[14,1]],[[1881,6504],[22,3]],[[1706,6703],[-64,-39]],[[1642,6664],[0,48]],[[1642,6712],[10,0]],[[1652,6712],[54,-9]],[[1630,6555],[5,-2]],[[1635,6553],[5,-3]],[[1640,6550],[15,-7]],[[1655,6543],[1,0]],[[1656,6543],[7,-19]],[[1589,6534],[-7,3]],[[1582,6537],[11,16]],[[1593,6553],[37,2]],[[1499,6614],[7,-2]],[[1506,6612],[5,-2]],[[1511,6610],[7,-3]],[[1518,6607],[-5,-4]],[[1513,6603],[-34,-4]],[[1479,6599],[5,7]],[[1484,6606],[1,1]],[[1485,6607],[1,1]],[[1486,6608],[1,1]],[[1487,6609],[1,1]],[[1488,6610],[0,0]],[[1488,6610],[2,1]],[[1490,6611],[9,0]],[[1499,6611],[0,3]],[[1908,6527],[37,-2]],[[1945,6525],[34,-7]],[[1979,6518],[-3,-7]],[[1976,6511],[-5,-16]],[[1971,6495],[-36,3]],[[1935,6498],[-24,15]],[[1911,6513],[-2,9]],[[1909,6522],[-1,5]],[[2031,6338],[-29,-46]],[[2002,6292],[-62,-23]],[[1879,6286],[34,101]],[[1913,6387],[16,-5]],[[1929,6382],[44,-15]],[[1878,6423],[-56,23]],[[1822,6446],[3,5]],[[1825,6451],[11,11]],[[1836,6462],[2,5]],[[1838,6467],[8,-5]],[[1846,6462],[14,18]],[[2230,6409],[8,-1]],[[2238,6408],[-4,-3]],[[2198,6393],[-3,-2]],[[2195,6391],[15,20]],[[2210,6411],[14,-1]],[[2224,6410],[6,-1]],[[1868,6498],[15,-3]],[[1869,6491],[-1,7]],[[1945,6432],[-67,-9]],[[1878,6423],[7,45]],[[1881,6467],[-21,13]],[[1860,6480],[-2,4]],[[1858,6484],[12,2]],[[1883,6493],[0,2]],[[1883,6495],[62,-63]],[[2234,6405],[-5,-2]],[[2229,6403],[-10,-11]],[[2219,6391],[-20,2]],[[2198,6393],[36,12]],[[1869,6491],[14,2]],[[1883,6493],[-13,-7]],[[1870,6486],[-1,5]],[[1885,6468],[-4,-1]],[[1881,6467],[4,1]],[[1832,6829],[-3,-39]],[[1829,6790],[-38,27]],[[1791,6817],[29,58]],[[1820,6875],[2,-8]],[[1822,6867],[10,-38]],[[2005,6903],[0,17]],[[2005,6920],[0,-1]],[[2005,6919],[3,-5]],[[2008,6913],[-3,-5]],[[2005,6907],[1,-1]],[[2006,6905],[-1,-2]],[[2593,6658],[11,-43]],[[2604,6615],[-1,3]],[[2603,6618],[-23,39]],[[2580,6657],[0,3]],[[1544,6524],[11,-4]],[[1555,6520],[-2,-3]],[[1553,6517],[-1,-1]],[[1552,6516],[-2,0]],[[1550,6516],[-3,1]],[[1547,6517],[-1,1]],[[1546,6518],[-2,6]],[[1721,6502],[58,-19]],[[1779,6483],[21,-22]],[[1800,6461],[-37,-20]],[[1709,6489],[12,13]],[[2172,6412],[-68,14]],[[2104,6426],[68,-14]],[[1811,6408],[-14,-62]],[[1788,6423],[23,-15]],[[1979,6376],[8,0]],[[1987,6376],[50,-17]],[[2037,6359],[6,-4]],[[2043,6355],[-12,-17]],[[2031,6338],[-58,29]],[[1973,6367],[6,9]],[[1838,6379],[6,-2]],[[1799,6340],[39,39]],[[1942,6218],[-4,23]],[[1954,6243],[42,33]],[[1996,6276],[30,-48]],[[1879,6286],[61,-17]],[[1940,6269],[14,-26]],[[1954,6243],[-16,-2]],[[1938,6241],[-59,45]],[[1676,6272],[-1,3]],[[1675,6275],[-2,18]],[[1673,6293],[138,-11],[-88,-71]],[[1854,6608],[-1,1]],[[1853,6609],[14,-25]],[[1867,6584],[-20,-52]],[[1847,6532],[-3,4]],[[1844,6536],[10,72]],[[1695,6462],[68,-21]],[[1763,6441],[-2,-2]],[[1761,6439],[-2,-2]],[[1666,6448],[-6,23]],[[1835,6355],[9,22]],[[1844,6377],[26,10]],[[1870,6387],[9,-44]],[[1942,6218],[84,10]],[[2026,6228],[-140,-86],[56,76]],[[1772,6430],[16,-7]],[[1788,6423],[9,-77]],[[1797,6346],[-25,84]],[[1666,6448],[1,0]],[[1667,6448],[92,-11]],[[1759,6437],[-77,-132],[-16,143]],[[1879,6343],[-80,-3]],[[1799,6340],[36,15]],[[1835,6355],[44,-12]],[[1676,6272],[47,-61]],[[1723,6211],[-47,61]],[[1663,6524],[5,8]],[[1668,6532],[55,-17]],[[1723,6515],[-14,-26]],[[1709,6489],[-14,-27]],[[1695,6462],[-35,9]],[[1660,6471],[-3,6]],[[1657,6477],[-7,6]],[[1650,6483],[-4,1]],[[1646,6484],[1,14]],[[1647,6498],[-6,5]],[[1641,6503],[-11,-4]],[[1630,6499],[-16,8]],[[1614,6507],[-7,-2]],[[1607,6505],[-3,1]],[[1604,6506],[-1,3]],[[1603,6509],[-1,2]],[[1602,6511],[0,4]],[[1602,6515],[0,2]],[[1602,6517],[-2,3]],[[1600,6520],[0,1]],[[1600,6521],[-7,-3]],[[1593,6518],[-1,-1]],[[1592,6517],[-1,-1]],[[1591,6516],[-3,-3]],[[1588,6513],[1,21]],[[1589,6534],[74,-10]],[[2608,6766],[25,-3]],[[2633,6754],[-6,-10]],[[2627,6743],[0,-1]],[[2599,6744],[28,-2]],[[2627,6742],[-1,-3]],[[2626,6738],[-1,-3]],[[2625,6735],[-1,-3]],[[2622,6730],[0,-2]],[[2622,6728],[-19,-8]],[[2598,6736],[27,-1]],[[2610,6710],[-7,-17]],[[2603,6693],[-2,-7]],[[2601,6686],[-1,-5]],[[2606,6715],[4,-5]],[[2600,6681],[-7,-22]],[[2593,6658],[-13,2]],[[2580,6660],[-5,4]],[[2575,6664],[3,16]],[[2580,6683],[20,-2]],[[2580,6683],[-2,-3]],[[2578,6680],[-11,13]],[[2588,6713],[-8,-30]],[[2600,6769],[8,-3]],[[2608,6766],[-12,-11]],[[2600,6769],[-38,-43]],[[2562,6726],[0,-14]],[[2561,6709],[0,-4]],[[2561,6706],[0,2]],[[2561,6709],[1,3]],[[2562,6718],[-1,41]],[[2561,6759],[0,2]],[[2561,6761],[23,8]],[[2584,6769],[16,0]],[[2579,6722],[17,33]],[[2596,6755],[3,-11]],[[2599,6744],[0,-4]],[[2598,6740],[1,0]],[[2599,6740],[-1,-4]],[[2598,6736],[-11,-18]],[[2588,6713],[-13,-3]],[[2575,6710],[-1,1]],[[2580,6716],[7,2]],[[2587,6718],[16,2]],[[2603,6720],[3,-5]],[[2606,6715],[-18,-2]],[[2579,6722],[1,-6]],[[2580,6716],[-6,-5]],[[2574,6711],[1,-1]],[[2575,6710],[-8,-17]],[[2567,6693],[-8,7]],[[2559,6700],[2,5]],[[2561,6705],[0,1]],[[2561,6706],[0,2]],[[2561,6708],[0,1]],[[2561,6709],[1,3]],[[2562,6712],[0,6]],[[2562,6718],[0,8]],[[2562,6726],[17,-4]],[[2202,6606],[6,3]],[[2187,6577],[-41,21]],[[2211,6593],[7,4]],[[2643,7059],[1,2]],[[2644,7061],[123,55],[-124,-57]],[[2576,6463],[-19,-1]],[[2557,6462],[-2,2]],[[2555,6464],[-6,88]],[[2549,6552],[73,-25]],[[2618,6527],[-18,-17]],[[2596,6510],[-20,-47]],[[2115,6523],[-5,2]],[[2110,6525],[107,45]],[[2228,6592],[0,1]],[[2228,6593],[0,0]],[[2228,6593],[21,12]],[[2198,6646],[65,36]],[[2263,6682],[73,-90],[-221,-69]],[[2249,6605],[-31,-8]],[[2218,6597],[-10,12]],[[2208,6609],[-6,-3]],[[2202,6606],[9,-12]],[[2211,6594],[0,-1]],[[2211,6593],[17,-1]],[[2228,6592],[0,0]],[[2228,6592],[-1,-10]],[[2226,6582],[1,0]],[[2227,6582],[-10,-12]],[[2217,6570],[-30,7]],[[2187,6577],[-41,21]],[[2146,6598],[4,7]],[[2150,6605],[48,40]],[[2198,6646],[0,-1]],[[2198,6645],[51,-40]],[[732,14],[-49,-7]],[[613,39],[-10,-1]],[[633,45],[-8,-2]],[[736,14],[-4,0]],[[732,14],[-49,-7]],[[683,7],[-115,4]],[[597,38],[16,1]],[[613,39],[12,4]],[[625,43],[22,6]],[[531,15],[-29,4]],[[462,63],[63,-14]],[[502,19],[-40,44]],[[462,63],[40,-44]],[[563,60],[116,36]],[[561,127],[14,-22],[-10,-5],[-12,24],[8,3]],[[751,119],[-27,20]],[[771,136],[1,5]],[[563,57],[0,3]],[[563,60],[116,36]],[[679,96],[32,44]],[[768,191],[4,1]],[[771,178],[1,14]],[[772,192],[-1,0]],[[816,217],[22,-8]],[[763,178],[9,-6]],[[773,148],[-2,-12]],[[749,75],[2,44]],[[751,119],[-27,20]],[[724,139],[-3,110]],[[726,261],[2,-36]],[[727,243],[-1,18]],[[726,261],[-5,-12]],[[721,249],[12,44]],[[755,283],[-22,10]],[[733,293],[18,4]],[[800,245],[16,-28]],[[816,217],[22,-8]],[[838,209],[-102,-195]],[[736,14],[-89,35]],[[647,49],[-14,-4]],[[633,45],[-30,-7]],[[603,38],[-6,0]],[[597,38],[-29,-27]],[[568,11],[-37,4]],[[531,15],[-6,34]],[[525,49],[38,8]],[[563,57],[148,83]],[[711,140],[38,-65]],[[749,75],[22,61]],[[771,136],[1,5]],[[772,141],[1,7]],[[773,148],[-1,24]],[[772,172],[-1,6]],[[771,178],[0,14]],[[771,192],[-3,-1]],[[768,191],[-5,-13]],[[763,178],[-35,47]],[[728,225],[-1,18]],[[727,243],[28,40]],[[755,283],[-4,14]],[[751,297],[15,4]],[[800,245],[-34,56]],[[766,301],[34,-56]],[[779,414],[-21,-99]],[[748,412],[-17,1]],[[634,432],[-74,7]],[[591,438],[-13,2]],[[673,446],[22,-14]],[[646,468],[27,-22]],[[673,446],[22,-14]],[[695,432],[84,-18]],[[779,414],[-31,-2]],[[748,412],[-17,1]],[[731,413],[27,-98]],[[758,315],[-124,117]],[[634,432],[-43,6]],[[591,438],[-13,2]],[[578,440],[-18,-1]],[[560,439],[38,33]],[[646,468],[-48,4]],[[598,472],[48,-4]],[[1319,3467],[-6,-8]],[[1345,3482],[-19,-9]],[[1052,3331],[-10,120]],[[1083,3548],[63,38]],[[1259,4053],[40,19]],[[1463,4029],[-97,-22]],[[1372,3889],[-6,8]],[[1323,3826],[-18,-21]],[[1275,3812],[-5,10]],[[1228,3677],[35,8],[-3,-4],[-32,-4]],[[1267,3665],[1,26]],[[1262,3652],[2,1]],[[1246,3601],[-5,13]],[[1248,3574],[-2,23]],[[1344,3485],[-6,-2]],[[1060,3320],[-8,11]],[[1052,3331],[152,162],[-162,-42]],[[1042,3451],[41,97]],[[1083,3548],[63,38]],[[1146,3586],[118,-27]],[[1973,3271],[-75,-23],[-28,41],[120,22],[-17,-40]],[[1979,3128],[-2,-66],[63,-61],[-137,39],[5,178],[71,-90]],[[2562,3424],[-22,6]],[[1328,3619],[7,-1],[-3,-13],[-11,4],[7,10]],[[1247,3586],[-1,11]],[[1246,3597],[0,4]],[[1246,3601],[-5,13]],[[1241,3614],[21,31]],[[1405,3600],[-32,22]],[[1387,4027],[-48,5]],[[1310,4057],[-11,15]],[[1299,4072],[14,13]],[[1234,4006],[25,47]],[[1259,4053],[17,-16]],[[1374,3894],[5,10]],[[1304,3642],[-42,3]],[[1262,3645],[0,7]],[[1262,3652],[2,1]],[[1264,3653],[3,12]],[[1267,3665],[7,8]],[[1269,3571],[-21,3]],[[1248,3574],[-1,12]],[[1247,3586],[88,3]],[[1362,3582],[43,18]],[[1405,3600],[-32,22]],[[1373,3622],[-10,17]],[[1532,3704],[12,2]],[[2558,3476],[-2,-8]],[[2549,3468],[4,25]],[[2563,3494],[13,-11]],[[1332,3489],[6,-6]],[[1338,3483],[-12,-10]],[[1326,3473],[-7,-6]],[[1319,3467],[-6,-8]],[[1313,3459],[-8,-3]],[[1401,3531],[-5,5]],[[1470,3700],[7,1]],[[1539,3861],[-3,-8]],[[1510,3832],[-2,9]],[[1284,3977],[-11,0]],[[1335,4035],[4,-3]],[[1444,4141],[0,-12]],[[1423,4128],[32,-57]],[[1459,4072],[-5,-11]],[[1454,4061],[-41,-4]],[[1371,4042],[-5,4]],[[1326,4102],[12,16]],[[1444,4141],[-89,-10]],[[1353,4136],[91,5]],[[1301,3655],[-2,5]],[[1315,3661],[36,2]],[[1474,3662],[0,-5]],[[1464,3658],[-53,-20]],[[1480,3598],[-6,-22]],[[1428,3583],[24,51]],[[1410,3542],[-14,-6]],[[1396,3536],[-6,-4]],[[1294,3510],[-30,49]],[[1264,3559],[5,12]],[[1269,3571],[20,7]],[[1283,3503],[9,-2]],[[1155,3228],[-3,0]],[[1151,3226],[-12,-26]],[[1455,3384],[-30,-10]],[[1494,3419],[28,17]],[[1597,3496],[-30,-39]],[[1683,3566],[-20,-10]],[[1609,3497],[-5,10]],[[1705,3616],[1,-1]],[[1447,3388],[-6,-5]],[[1403,3425],[8,5]],[[1357,3488],[44,43]],[[1401,3531],[17,6]],[[1403,3439],[-10,-6]],[[1428,3583],[46,-7]],[[1474,3576],[-64,-34]],[[1410,3542],[-121,36]],[[1289,3578],[46,11]],[[1335,3589],[27,-7]],[[1362,3582],[66,1]],[[1294,3510],[96,22]],[[1390,3532],[-96,-22]],[[1256,3406],[-6,2]],[[1274,3451],[18,50]],[[1292,3501],[40,-12]],[[1332,3489],[-27,-33]],[[1305,3456],[-18,-55]],[[1279,3361],[-2,-7]],[[1240,3357],[3,5]],[[1062,3318],[-1,1]],[[1060,3320],[223,183]],[[1283,3503],[-9,-51]],[[1219,3373],[-1,-8]],[[1198,3305],[-12,-21]],[[1240,3280],[-16,-10]],[[1193,3281],[10,12]],[[1101,3275],[-9,-2]],[[1171,3243],[-13,2],[31,-1],[-1,-4],[-17,3]],[[1342,3297],[10,8]],[[1604,3242],[14,-19]],[[1512,3232],[-12,-10]],[[1477,3238],[0,7]],[[1491,3275],[2,26]],[[1488,3322],[33,9]],[[1548,3322],[16,-10]],[[1505,3436],[-17,-11]],[[1449,3491],[-2,-6]],[[1609,3497],[3,4]],[[1615,3496],[-6,1]],[[1719,3535],[-9,-1]],[[1684,3536],[-38,0]],[[1646,3538],[6,6]],[[1700,3586],[1,15]],[[1690,3605],[-6,-6]],[[1656,3605],[-15,4]],[[1637,3598],[6,-1]],[[1644,3547],[-9,-6]],[[1566,3466],[-9,-6]],[[1506,3481],[-13,11]],[[1451,3546],[26,155]],[[1477,3701],[55,3]],[[1532,3704],[16,-13]],[[1554,3703],[-10,3]],[[1544,3706],[164,-28]],[[1688,3697],[-3,-8],[18,-2],[2,13],[-17,-3]],[[1502,3578],[-4,-13],[25,-4],[1,10],[-22,7]],[[1452,3634],[12,24]],[[1464,3658],[10,-1]],[[1474,3657],[6,-59]],[[1480,3598],[-18,30]],[[1462,3628],[3,-1],[0,1],[-3,0]],[[1462,3628],[-10,6]],[[1470,3700],[4,-38]],[[1474,3662],[-123,1]],[[1351,3663],[105,136],[14,-99]],[[1411,3638],[-48,1]],[[1363,3639],[-59,3]],[[1304,3642],[-3,13]],[[1301,3655],[110,-17]],[[1315,3661],[-16,-1]],[[1299,3660],[-25,13]],[[1274,3673],[-6,18]],[[1268,3691],[7,121]],[[1275,3812],[30,-7]],[[1305,3805],[10,-144]],[[1270,3822],[102,67]],[[1372,3889],[2,5]],[[1374,3894],[5,10]],[[1379,3904],[-13,-7]],[[1366,3897],[82,11]],[[1427,3851],[-104,-25]],[[1323,3826],[-53,-4]],[[1472,3916],[6,23]],[[1485,3843],[-25,9]],[[1462,4034],[1,-5]],[[1463,4029],[-76,-2]],[[1387,4027],[-16,15]],[[1371,4042],[4,0]],[[1405,4054],[7,3]],[[1346,4025],[20,-18]],[[1366,4007],[-82,-30]],[[1284,3977],[1,11]],[[1305,4008],[5,4]],[[1310,4057],[25,-22]],[[1335,4035],[-3,-1]],[[1304,4017],[-5,-3]],[[1275,3991],[-1,-7]],[[1241,4010],[35,27]],[[1276,4037],[34,20]],[[1371,4049],[-5,-3]],[[1366,4046],[-53,39]],[[1313,4085],[13,17]],[[1326,4102],[63,8]],[[1353,4136],[2,-5]],[[1355,4131],[-17,-13]],[[1338,4118],[15,18]],[[1423,4123],[0,5]],[[1423,4128],[21,1]],[[1444,4129],[-19,-5]],[[2572,3524],[3,-9]],[[2563,3494],[-10,-1]],[[2553,3493],[-2,11]],[[2565,3580],[6,4]],[[2583,3595],[35,-20]],[[2582,3471],[-24,5]],[[2558,3476],[30,4]],[[2579,3432],[-17,-8]],[[2562,3424],[-22,6]],[[2540,3430],[9,38]],[[2549,3468],[7,0]],[[2676,3503],[2,-6]],[[2622,3478],[-10,1]],[[2598,3484],[-2,4]],[[2591,3501],[9,-1]],[[2656,3506],[8,-2]],[[1150,3289],[-35,9]],[[1197,3312],[1,-7]],[[1198,3305],[-41,-14]],[[1227,3306],[14,-5],[3,-3],[-23,6],[6,2]],[[1251,3295],[-11,-15]],[[1240,3280],[-37,13]],[[1203,3293],[33,64]],[[1236,3357],[0,0]],[[1236,3357],[4,0]],[[1253,3298],[-2,-3]],[[1251,3295],[1,11]],[[1604,3242],[-4,0]],[[1576,3249],[4,5]],[[1588,3250],[16,-8]],[[1542,3228],[-12,7]],[[1533,3260],[1,3]],[[1569,3267],[7,-18]],[[1491,3275],[-2,-4]],[[1485,3305],[8,-4]],[[1493,3301],[-2,-26]],[[1466,3434],[22,-9]],[[1488,3425],[6,-6]],[[1494,3419],[-17,-11]],[[1510,3477],[30,-9]],[[1579,3479],[-13,-13]],[[1566,3466],[-50,38]],[[1630,3535],[-15,-16]],[[1560,3543],[-15,14],[33,-1],[-4,-13],[-14,0]],[[1628,3554],[6,25]],[[1652,3596],[4,9]],[[1656,3605],[12,-2]],[[1637,3598],[-19,-12]],[[1580,3594],[61,15]],[[1641,3609],[-4,-11]],[[1573,3623],[-6,-45],[-34,-2],[8,55],[32,-8]],[[1610,3659],[7,-7]],[[1644,3630],[-96,61]],[[1548,3691],[6,12]],[[1554,3703],[10,3]],[[1460,3852],[-33,-1]],[[1427,3851],[21,57]],[[1448,3908],[24,8]],[[1472,3916],[-12,-64]],[[1326,4022],[13,10]],[[1339,4032],[7,-7]],[[1346,4025],[-7,-24]],[[2656,3506],[-56,-6]],[[2600,3500],[56,6]],[[1093,3320],[1,10]],[[1218,3365],[-1,-5]],[[1158,3362],[60,3]],[[1219,3373],[-4,28]],[[1253,3298],[-1,8]],[[1252,3306],[-12,51]],[[1240,3357],[37,-3]],[[1277,3354],[-24,-56]],[[1279,3361],[-36,1]],[[1249,3391],[4,8]],[[1280,3408],[7,-7]],[[1287,3401],[-8,-40]],[[1539,3861],[-31,-20]],[[1508,3841],[-23,2]],[[1485,3843],[-7,96]],[[1478,3939],[61,-78]],[[1186,3284],[-47,-84]],[[1139,3200],[-47,19]],[[1089,3219],[2,8]],[[1091,3228],[2,5]],[[1093,3236],[-1,1]],[[1085,3237],[-7,43]],[[1078,3281],[-1,10]],[[1075,3291],[-1,2]],[[1074,3293],[1,5]],[[1076,3299],[-2,3]],[[1074,3307],[-10,10]],[[1063,3318],[-1,0]],[[1062,3318],[124,-34]],[[1092,3273],[9,2]],[[1101,3275],[-9,-2]],[[1115,3244],[7,6],[-23,5],[6,-8],[10,-3]],[[1224,3270],[-69,-42]],[[1155,3228],[38,53]],[[1193,3281],[31,-11]],[[1178,3242],[11,2],[-31,1],[19,-3],[1,0]],[[1217,3360],[-20,-48]],[[1197,3312],[-40,-21]],[[1157,3291],[-7,-2]],[[1150,3289],[-35,9]],[[1115,3298],[-22,22]],[[1093,3320],[1,10]],[[1094,3330],[64,32]],[[1158,3362],[59,-2]],[[1243,3362],[6,29]],[[1249,3391],[-6,-29]],[[1263,3459],[0,-1]],[[1263,3458],[11,-6]],[[1274,3452],[0,-1]],[[1274,3451],[-24,-43]],[[1250,3408],[-31,-35]],[[1219,3373],[-4,28]],[[1215,3401],[48,57]],[[1253,3399],[3,7]],[[1256,3406],[24,2]],[[1280,3408],[-27,-9]],[[1618,3223],[-76,5]],[[1542,3228],[34,21]],[[1576,3249],[24,-7]],[[1600,3242],[18,-19]],[[1563,3195],[5,-1],[2,18],[-5,0],[-2,-17]],[[1500,3222],[-23,16]],[[1477,3238],[23,-16]],[[1530,3235],[-18,-3]],[[1512,3232],[21,28]],[[1533,3260],[-3,-25]],[[1588,3250],[-8,4]],[[1580,3254],[-11,13]],[[1569,3267],[-35,-4]],[[1534,3263],[-13,68]],[[1521,3331],[27,-9]],[[1548,3322],[16,-10]],[[1564,3312],[24,-62]],[[1488,3322],[-3,-17]],[[1485,3305],[4,-34]],[[1489,3271],[-12,-26]],[[1477,3245],[-135,52]],[[1342,3297],[10,8]],[[1352,3305],[136,17]],[[1373,3272],[2,-23],[10,1],[9,27],[-21,-5]],[[1453,3262],[-9,-9],[10,-4],[9,15],[-10,-2]],[[1455,3384],[112,73]],[[1567,3457],[-112,-73]],[[1393,3433],[10,-8]],[[1403,3425],[38,-42]],[[1441,3383],[-16,-9]],[[1425,3374],[-80,108]],[[1345,3482],[-1,3]],[[1344,3485],[13,3]],[[1357,3488],[36,-55]],[[1493,3492],[-44,-1]],[[1449,3491],[-2,-6]],[[1447,3485],[59,-4]],[[1506,3481],[4,-4]],[[1510,3477],[30,-9]],[[1540,3468],[17,-8]],[[1557,3460],[-35,-24]],[[1522,3436],[-17,0]],[[1505,3436],[-39,-2]],[[1466,3434],[11,-26]],[[1477,3408],[-30,-20]],[[1447,3388],[-36,42]],[[1411,3430],[-8,9]],[[1403,3439],[-6,81]],[[1398,3520],[20,17]],[[1418,3537],[33,9]],[[1451,3546],[42,-54]],[[1398,3520],[-1,0]],[[1397,3520],[1,0]],[[1615,3496],[-3,5]],[[1612,3501],[34,37]],[[1646,3538],[0,-2]],[[1646,3536],[-31,-40]],[[1635,3541],[-5,-6]],[[1630,3535],[-15,-16]],[[1615,3519],[-11,-12]],[[1604,3507],[-7,-11]],[[1597,3496],[-18,-17]],[[1579,3479],[-63,25]],[[1516,3504],[119,37]],[[1546,3546],[28,-3],[4,13],[-33,1],[1,-11]],[[1618,3586],[-38,8]],[[1580,3594],[38,-8]],[[1644,3547],[-16,7]],[[1628,3554],[6,25]],[[1634,3579],[9,18]],[[1643,3597],[9,-1]],[[1652,3596],[16,7]],[[1668,3603],[16,-4]],[[1684,3599],[-40,-52]],[[1684,3536],[26,-2]],[[1710,3534],[-26,2]],[[1701,3601],[5,14]],[[1706,3615],[13,-80]],[[1719,3535],[-67,9]],[[1652,3544],[11,12]],[[1663,3556],[20,10]],[[1683,3566],[17,20]],[[1700,3586],[1,15]],[[1708,3678],[-3,-62]],[[1705,3616],[-15,-11]],[[1690,3605],[18,73]],[[1644,3630],[-27,22]],[[1617,3652],[27,-22]],[[1610,3659],[-46,47]],[[1564,3706],[46,-47]],[[1510,3832],[26,21]],[[1536,3853],[-26,-21]],[[1274,3984],[-1,-7]],[[1273,3977],[-39,29]],[[1234,4006],[7,4]],[[1241,4010],[25,-22]],[[1267,3988],[-1,0]],[[1266,3988],[8,-4]],[[1285,3988],[20,20]],[[1305,4008],[-20,-20]],[[1299,4014],[-24,-23]],[[1275,3991],[24,23]],[[1326,4022],[13,-21]],[[1339,4001],[-29,11]],[[1310,4012],[16,10]],[[1332,4034],[-28,-17]],[[1304,4017],[28,17]],[[1454,4061],[8,-27]],[[1462,4034],[-49,23]],[[1413,4057],[-1,0]],[[1412,4057],[42,4]],[[1405,4054],[-30,-12]],[[1375,4042],[30,12]],[[1371,4049],[4,27]],[[1376,4076],[-1,0]],[[1375,4076],[14,34]],[[1389,4110],[-18,-61]],[[1459,4072],[-4,-1]],[[1455,4071],[-32,52]],[[1423,4123],[2,1]],[[1425,4124],[34,-52]],[[2571,3584],[12,11]],[[2583,3595],[-12,-11]],[[2618,3575],[-46,-51]],[[2572,3524],[46,51]],[[2551,3504],[14,76]],[[2565,3580],[-14,-76]],[[2591,3501],[5,-13]],[[2596,3488],[-1,0]],[[2595,3488],[-19,-5]],[[2576,3483],[-13,11]],[[2563,3494],[12,21]],[[2575,3515],[16,-14]],[[2612,3479],[-33,-47]],[[2579,3432],[-23,36]],[[2556,3468],[0,0]],[[2556,3468],[26,3]],[[2582,3471],[6,9]],[[2588,3480],[10,4]],[[2598,3484],[14,-5]],[[2678,3497],[-56,-19]],[[2622,3478],[56,19]],[[2676,3503],[-12,1]],[[2664,3504],[12,-1]],[[1441,6975],[19,10]],[[1385,6984],[1,1]],[[1386,6985],[1,1]],[[1387,6986],[1,0]],[[1388,6986],[0,1]],[[1388,6987],[0,1]],[[1388,6988],[17,3]],[[1616,7469],[-29,-15]],[[1523,7645],[1,0]],[[1527,7645],[2,0]],[[1496,7651],[-2,3]],[[1501,7654],[1,-1]],[[1465,7660],[16,-17]],[[1469,7673],[8,1]],[[1477,7671],[0,-2]],[[1476,7669],[-2,0]],[[1474,7666],[1,-2]],[[1477,7663],[-10,2]],[[1522,7542],[3,-15]],[[1579,7519],[31,-41]],[[1611,7477],[5,-8]],[[1616,7469],[-29,-15]],[[1587,7454],[-112,2]],[[1509,7488],[2,-10]],[[1447,7616],[34,27]],[[1481,7643],[69,-63]],[[1477,7590],[-3,-9]],[[1550,7516],[3,-21]],[[1544,7547],[-2,29]],[[1422,7581],[23,-42]],[[1575,7533],[4,-14]],[[1579,7519],[-29,-3]],[[1550,7516],[3,-21]],[[1553,7495],[-37,-7]],[[1512,7487],[-1,2]],[[1501,7525],[24,2]],[[1525,7527],[18,17]],[[1548,7547],[-6,29]],[[1542,7576],[8,4]],[[1550,7580],[22,-30]],[[1573,7546],[-1,-1]],[[1572,7544],[1,-2]],[[1574,7541],[1,-2]],[[1441,7534],[4,5]],[[1445,7539],[99,8]],[[1544,7547],[4,0]],[[1548,7547],[-5,-3]],[[1543,7544],[-21,-2]],[[1522,7542],[-21,-17]],[[1501,7525],[10,-36]],[[1511,7489],[-2,-1]],[[1509,7488],[-78,29]],[[1516,7488],[-5,-10]],[[1511,7478],[1,9]],[[1512,7487],[4,1]],[[1477,7590],[-3,-9]],[[1474,7581],[3,9]],[[1496,7651],[6,2]],[[1502,7653],[3,-3]],[[1507,7649],[3,-1]],[[1510,7646],[1,-4]],[[1522,7645],[1,0]],[[1523,7645],[6,0]],[[1529,7645],[-33,6]],[[1594,7344],[0,1]],[[1683,7394],[19,-29]],[[1657,7386],[2,18]],[[1433,7408],[-13,-5]],[[1951,7391],[34,0]],[[1986,7391],[14,4]],[[2002,7393],[-7,-6]],[[1996,7385],[-1,-18]],[[1995,7364],[-7,-6]],[[1987,7357],[-6,-4]],[[1978,7353],[-2,-1]],[[1928,7412],[9,1]],[[1940,7413],[-6,-9]],[[1932,7404],[-4,-5]],[[1926,7398],[-9,-1]],[[1916,7396],[2,-8]],[[1917,7387],[4,-2]],[[1937,7374],[14,16]],[[1850,7368],[9,12]],[[1860,7381],[10,8]],[[1718,7366],[-3,15]],[[1444,7344],[16,-12]],[[1919,7359],[47,3]],[[1846,7361],[2,2]],[[1849,7365],[1,3]],[[1850,7368],[23,-2]],[[1824,7352],[6,12]],[[1832,7363],[3,0]],[[1837,7364],[2,-1]],[[1840,7363],[6,-2]],[[1846,7361],[-13,-13]],[[1577,7387],[5,-13]],[[1697,7347],[0,1]],[[1707,7346],[3,1]],[[1724,7339],[3,-3]],[[1659,7404],[24,-10]],[[1683,7394],[-24,10]],[[1657,7386],[45,-21]],[[1702,7365],[16,1]],[[1718,7366],[6,-27]],[[1724,7339],[-14,8]],[[1710,7347],[-3,-1]],[[1707,7346],[-10,2]],[[1697,7348],[-2,-2]],[[1689,7345],[-16,-12]],[[1653,7370],[-76,17]],[[1577,7387],[-23,-7]],[[1476,7342],[181,44]],[[1787,7336],[-72,45]],[[1715,7381],[0,8]],[[1715,7386],[107,-42]],[[1614,7345],[-19,2]],[[1589,7347],[0,6]],[[1129,7652],[22,14]],[[1151,7666],[2,7]],[[1321,7783],[13,3]],[[1087,7635],[6,3]],[[1093,7638],[27,15]],[[1176,7647],[-23,26]],[[1153,7673],[4,15]],[[1186,7658],[-1,0]],[[1087,7633],[24,-6]],[[1190,7688],[5,0]],[[1249,7651],[-45,26]],[[1391,7646],[-5,-2]],[[1381,7654],[4,-7]],[[1087,7633],[-1,-3]],[[1075,7630],[0,6]],[[1075,7638],[13,0]],[[1088,7637],[-1,-1]],[[1087,7635],[0,-2]],[[1201,7688],[15,2]],[[1220,7691],[10,4]],[[1190,7688],[14,-11]],[[1204,7677],[-18,-19]],[[1186,7658],[-29,30]],[[1157,7688],[1,1]],[[1175,7689],[10,-1]],[[1187,7688],[3,0]],[[1265,7735],[2,3]],[[1267,7739],[1,4]],[[1268,7745],[-1,3]],[[1267,7749],[54,34]],[[1321,7783],[13,3]],[[1334,7786],[85,-68]],[[1236,7700],[27,24]],[[1263,7725],[1,1]],[[1286,7643],[-9,17]],[[1152,7594],[-1,1]],[[1219,7622],[-43,25]],[[1176,7647],[9,11]],[[1185,7658],[64,-7]],[[1249,7651],[59,-37]],[[1304,7610],[-20,-2]],[[1280,7609],[-14,2]],[[1193,7591],[-36,19]],[[1109,7622],[2,5]],[[1264,7726],[-1,3]],[[1264,7733],[1,2]],[[1265,7735],[154,-17]],[[1419,7718],[17,-33]],[[1438,7683],[8,-8]],[[1447,7675],[1,-2]],[[1448,7669],[1,-2]],[[1450,7666],[3,0]],[[1454,7666],[1,0]],[[1457,7667],[1,2]],[[1458,7670],[4,1]],[[1310,7630],[-33,30]],[[1277,7660],[-1,-14]],[[1251,7657],[-21,38]],[[1230,7695],[6,5]],[[1236,7700],[28,26]],[[1381,7654],[4,-7]],[[1385,7647],[1,-3]],[[1386,7644],[5,2]],[[1391,7646],[-10,8]],[[1270,7550],[-37,0]],[[1351,7574],[5,-4]],[[1376,7552],[-3,-2]],[[1308,7614],[-112,74]],[[1197,7688],[4,0]],[[1201,7688],[50,-31]],[[1251,7657],[25,-11]],[[1276,7646],[10,-3]],[[1286,7643],[24,-13]],[[1310,7630],[10,-16]],[[1388,7560],[74,111]],[[1462,7671],[5,1]],[[1468,7672],[1,1]],[[1469,7673],[-2,-8]],[[1467,7665],[-2,-5]],[[1465,7660],[-18,-44]],[[1447,7616],[-25,-35]],[[1422,7581],[-3,-6]],[[1384,7546],[-8,6]],[[1376,7552],[1,2]],[[1318,7588],[-7,-9]],[[1287,7573],[-54,13]],[[1235,7594],[2,6]],[[1237,7602],[29,9]],[[1266,7611],[14,-2]],[[1280,7609],[4,-1]],[[1284,7608],[17,-2]],[[1096,7620],[-10,8]],[[1086,7628],[23,-6]],[[1109,7622],[48,-12]],[[1157,7610],[-6,-15]],[[1151,7595],[-48,14]],[[1102,7609],[3,8]],[[1099,7617],[-1,3]],[[1315,7585],[3,3]],[[1318,7588],[-17,6]],[[1310,7608],[38,-40]],[[1233,7550],[36,-2]],[[1351,7574],[-31,40]],[[1320,7614],[68,-54]],[[1388,7560],[-11,-6]],[[1377,7554],[-21,16]],[[1356,7570],[-5,4]],[[1229,7562],[-2,-12]],[[1208,7533],[-11,3]],[[1135,7545],[17,49]],[[1152,7594],[41,-3]],[[1193,7591],[16,-3]],[[1147,7568],[11,-2],[3,10],[-11,2],[-3,-10]],[[1386,7548],[33,27]],[[1419,7575],[22,-41]],[[1441,7534],[-15,-12]],[[1329,7513],[-43,7]],[[1290,7560],[64,-28]],[[1209,7588],[26,6]],[[1235,7594],[-2,-8]],[[1233,7586],[-4,-24]],[[1229,7562],[-20,26]],[[1219,7622],[18,-20]],[[1237,7602],[0,-2]],[[1237,7600],[-126,27]],[[1111,7627],[9,26]],[[1120,7653],[9,-1]],[[1129,7652],[90,-30]],[[1305,7449],[18,-29]],[[1357,7406],[-25,2]],[[1423,7516],[-39,30]],[[1384,7546],[2,2]],[[1386,7548],[40,-26]],[[1426,7522],[5,-5]],[[1431,7517],[44,-61]],[[1475,7456],[-6,-9]],[[1468,7461],[-1,5]],[[1254,7449],[17,-9]],[[1294,7448],[-3,-2]],[[1287,7451],[28,35]],[[1327,7506],[2,7]],[[1329,7513],[25,19]],[[1354,7532],[2,1]],[[1360,7538],[3,-7]],[[1287,7476],[0,-25]],[[1287,7451],[4,-5]],[[1291,7446],[-20,-13]],[[1264,7437],[7,3]],[[1271,7440],[-16,15]],[[1239,7462],[-22,8]],[[1219,7486],[-2,-16]],[[1217,7470],[-6,-3]],[[1206,7471],[5,20]],[[1246,7455],[-7,7]],[[1239,7462],[5,17]],[[1253,7480],[-7,-24]],[[1377,7407],[0,-1]],[[1433,7508],[34,-42]],[[1467,7466],[1,-5]],[[1468,7461],[1,-14]],[[1469,7447],[-31,-27]],[[1368,7419],[-45,1]],[[1323,7420],[-18,29]],[[1305,7449],[-11,-1]],[[1294,7448],[46,58]],[[1118,7478],[15,62]],[[1169,7533],[44,-40]],[[1213,7491],[-2,0]],[[1211,7491],[-5,-20]],[[1206,7471],[2,-1]],[[1276,7516],[51,-10]],[[1327,7506],[-12,-20]],[[1315,7486],[-28,-10]],[[1262,7424],[70,-16]],[[1332,7408],[44,-27]],[[1170,7467],[36,-6]],[[1377,7407],[0,0]],[[1376,7419],[-9,68]],[[1343,7510],[20,21]],[[1363,7531],[60,-15]],[[1423,7516],[10,-8]],[[1433,7508],[5,-88]],[[1438,7420],[-5,-12]],[[1433,7408],[-13,-5]],[[1420,7403],[-6,-15]],[[1396,7407],[-19,0]],[[1369,7406],[-1,13]],[[1368,7419],[-28,87]],[[1340,7506],[3,4]],[[1343,7510],[24,-23]],[[1367,7487],[9,-68]],[[1376,7419],[1,-12]],[[1377,7407],[0,-1]],[[1377,7406],[-7,-4]],[[1394,7362],[-7,-3]],[[1379,7380],[9,-1]],[[1253,7444],[11,-7]],[[1264,7437],[7,-4]],[[1271,7433],[-9,-9]],[[1262,7424],[-19,-29]],[[1212,7353],[-2,-2]],[[1213,7354],[-1,-1]],[[1212,7353],[-14,4]],[[1197,7358],[18,18]],[[1217,7377],[9,-4]],[[1223,7366],[-5,-9]],[[1210,7464],[36,-9]],[[1246,7455],[0,1]],[[1246,7456],[9,-1]],[[1255,7455],[-1,-6]],[[1254,7449],[-1,-5]],[[1253,7444],[-36,-67]],[[1217,7377],[-2,-1]],[[1215,7376],[-11,4]],[[1396,7407],[18,-19]],[[1414,7388],[-18,19]],[[1388,7379],[6,-17]],[[1394,7362],[-6,17]],[[1357,7406],[12,0]],[[1369,7406],[1,-4]],[[1370,7402],[-13,4]],[[1059,7490],[59,-12]],[[1118,7478],[0,-1]],[[1071,7442],[25,-3],[3,19],[-28,5],[0,-21]],[[1036,7332],[15,159]],[[1976,7352],[-4,-2]],[[1971,7345],[-2,0]],[[1968,7345],[-6,-4]],[[1927,7348],[39,14]],[[1966,7362],[10,-10]],[[1657,7233],[-22,31]],[[1770,7277],[-17,-37]],[[1753,7239],[-12,0]],[[1877,7304],[-37,-37]],[[1984,7285],[-61,3]],[[1915,7296],[0,4]],[[1793,7334],[26,7]],[[1638,7163],[-8,25]],[[1690,7336],[-1,9]],[[1689,7345],[6,1]],[[1695,7346],[2,1]],[[1697,7347],[12,-25]],[[1658,7328],[1,3]],[[1663,7336],[10,-3]],[[1673,7333],[17,3]],[[1690,7336],[5,-8]],[[1636,7160],[2,3]],[[1638,7163],[72,1]],[[1752,7165],[3,0]],[[1785,7156],[-39,6]],[[1822,7344],[2,3]],[[1824,7352],[9,-4]],[[1833,7348],[21,-9]],[[1958,7317],[5,1]],[[1951,7306],[-36,-6]],[[1915,7300],[-38,4]],[[1877,7304],[-146,27]],[[1731,7331],[-4,5]],[[1727,7336],[60,0]],[[1787,7336],[6,-2]],[[1793,7334],[26,7]],[[1819,7341],[3,3]],[[1822,7255],[-52,22]],[[1770,7277],[-46,-38]],[[1654,7224],[3,9]],[[1657,7233],[11,78]],[[1701,7319],[8,3]],[[1709,7322],[22,9]],[[1731,7331],[35,-39]],[[1728,7144],[-13,-6]],[[1915,7296],[8,-8]],[[1923,7288],[-8,8]],[[1870,7389],[2,2]],[[1872,7391],[2,2]],[[1877,7396],[3,6]],[[1881,7403],[0,2]],[[1882,7405],[5,2]],[[1886,7408],[-5,5]],[[1886,7416],[-3,5]],[[1883,7421],[14,-1]],[[1896,7419],[9,-4]],[[1907,7417],[8,5]],[[1919,7420],[9,-8]],[[1928,7412],[-9,-53]],[[1919,7359],[8,-11]],[[1927,7348],[31,-31]],[[1958,7317],[-11,-7]],[[1860,7336],[-6,3]],[[1854,7339],[19,27]],[[1873,7366],[-3,23]],[[1755,7165],[30,-9]],[[1785,7156],[-30,9]],[[1639,7139],[-2,1]],[[1637,7140],[-1,0]],[[1636,7140],[-3,1]],[[1633,7141],[-1,0]],[[1880,7315],[9,-6],[-44,7],[9,12],[26,-13]],[[2005,7333],[9,-8]],[[2016,7325],[0,-3]],[[2018,7321],[2,-1]],[[2021,7319],[3,-1]],[[1983,7318],[-20,0]],[[1963,7318],[-1,23]],[[1962,7341],[8,3]],[[1971,7343],[12,-6]],[[1986,7337],[8,-1]],[[1999,7336],[1,-1]],[[2001,7335],[4,-2]],[[2005,7333],[0,-15]],[[2006,7276],[-22,9]],[[1984,7285],[-14,8]],[[1970,7312],[15,0]],[[1957,7310],[13,2]],[[1970,7312],[0,-10]],[[1957,7310],[13,-8]],[[1970,7302],[0,-9]],[[1970,7293],[-19,13]],[[1951,7306],[6,4]],[[1947,7310],[-87,26]],[[1860,7336],[87,-26]],[[1806,7284],[-40,8]],[[1766,7292],[40,-8]],[[1529,7248],[-41,-87]],[[1622,7158],[4,1]],[[1433,7278],[1,0]],[[1477,7281],[0,-5]],[[1613,7262],[-19,-3]],[[1654,7224],[70,3]],[[1724,7227],[1,-8]],[[1725,7202],[1,-12]],[[1726,7189],[1,-24]],[[1727,7165],[-17,-1]],[[1710,7164],[-80,24]],[[1630,7188],[24,36]],[[1579,7258],[-50,-10]],[[1529,7248],[-33,16]],[[1658,7328],[3,-9]],[[1593,7336],[1,8]],[[1594,7344],[64,-16]],[[1514,7297],[-18,3]],[[1478,7338],[68,41]],[[1516,7309],[11,16],[-11,5],[-16,-19],[16,-2]],[[1472,7233],[-1,5]],[[1523,7297],[23,50]],[[1553,7347],[-23,-49]],[[1614,7345],[-25,8]],[[1589,7353],[0,-6]],[[1589,7347],[6,0]],[[1595,7347],[-1,-2]],[[1594,7345],[-1,-9]],[[1593,7336],[-4,-27]],[[1570,7310],[-17,37]],[[1553,7347],[-7,0]],[[1546,7347],[0,32]],[[1546,7379],[8,1]],[[1554,7380],[28,-6]],[[1582,7374],[71,-4]],[[1653,7370],[10,-34]],[[1663,7336],[-4,-5]],[[1659,7331],[-45,14]],[[1594,7259],[-15,-1]],[[1579,7258],[-48,32]],[[1531,7290],[117,11]],[[1648,7301],[-13,-37]],[[1635,7264],[-22,-2]],[[1613,7262],[-19,-3]],[[1501,6910],[-1,0]],[[1500,6910],[-28,-23]],[[1472,6887],[-12,-6]],[[1460,6881],[-1,1]],[[1433,6976],[8,-1]],[[1441,6975],[32,-84],[-13,94]],[[1460,6985],[8,7]],[[1500,6921],[4,-5]],[[1474,6950],[-7,24]],[[1495,7115],[0,0]],[[1495,7115],[-27,25]],[[1469,7136],[1,-1]],[[1470,7082],[41,0]],[[1632,7141],[-2,-1]],[[1630,7140],[-1,0]],[[1629,7140],[-7,-2]],[[1622,7138],[-1,-2]],[[1621,7136],[-1,-3]],[[1620,7133],[-1,-2]],[[1619,7131],[-15,7]],[[1540,7112],[7,9]],[[1506,7121],[-2,6]],[[1522,7112],[5,-5]],[[1541,7091],[-8,-2]],[[1604,7156],[11,1]],[[1444,7149],[24,-9]],[[1468,7140],[-9,2]],[[1488,7161],[-5,-4]],[[1483,7228],[5,31]],[[1488,7276],[0,7]],[[1471,7336],[5,6]],[[1476,7342],[2,-4]],[[1478,7338],[18,-38]],[[1496,7300],[18,-3]],[[1514,7297],[9,0]],[[1523,7297],[7,1]],[[1530,7298],[40,12]],[[1570,7310],[19,-1]],[[1589,7309],[72,10]],[[1661,7319],[34,9]],[[1695,7328],[6,-9]],[[1701,7319],[-33,-8]],[[1668,7311],[-20,-10]],[[1648,7301],[-117,-11]],[[1531,7290],[-35,-26]],[[1496,7264],[-8,-103]],[[1508,7092],[-8,4]],[[1494,7114],[1,1]],[[1495,7115],[11,6]],[[1506,7121],[22,-26]],[[1631,7143],[1,-2]],[[1632,7141],[-3,-1]],[[1629,7140],[-1,0]],[[1628,7140],[-11,1]],[[1500,7096],[-6,18]],[[1494,7114],[6,-18]],[[1499,6947],[0,-8]],[[1499,6939],[0,-2]],[[1499,6937],[1,-4]],[[1500,6933],[0,-6]],[[1500,6927],[0,-2]],[[1500,6925],[0,-1]],[[1500,6924],[0,-3]],[[1500,6921],[-26,29]],[[1501,6910],[3,6]],[[1504,6916],[0,-1]],[[1504,6915],[2,-2]],[[1506,6913],[-5,-3]],[[1467,6974],[1,18]],[[1468,6992],[3,-17]],[[1478,7155],[-34,5]],[[1604,7138],[0,18]],[[1604,7156],[11,1]],[[1615,7157],[7,1]],[[1622,7158],[4,1]],[[1626,7159],[10,1]],[[1636,7160],[4,0]],[[1639,7144],[-8,-1]],[[1631,7143],[-14,-2]],[[1617,7141],[-13,-3]],[[1527,7107],[13,5]],[[1540,7112],[1,-21]],[[1541,7091],[-14,16]],[[1508,7092],[20,3]],[[1528,7095],[5,-6]],[[1533,7089],[-22,-7]],[[1511,7082],[-3,10]],[[1444,7149],[15,-7]],[[1459,7142],[10,-6]],[[1469,7136],[1,-1]],[[1470,7135],[0,-53]],[[1470,7082],[-26,67]],[[1522,7112],[-18,15]],[[1504,7127],[43,-6]],[[1547,7121],[-25,-9]],[[1471,6975],[28,-28]],[[1499,6947],[-25,3]],[[1474,6950],[-7,24]],[[1467,6974],[4,1]],[[1257,7363],[18,-32]],[[1390,7327],[8,-1]],[[1433,7338],[11,6]],[[1444,7344],[16,-12]],[[1460,7332],[11,4]],[[1471,7336],[17,-53]],[[1488,7283],[-11,-2]],[[1477,7281],[-43,-3]],[[1434,7278],[-3,-2]],[[1264,7321],[11,9]],[[1412,7267],[-13,-1]],[[1398,7268],[33,8]],[[1431,7276],[2,2]],[[1433,7278],[2,-5]],[[1310,7234],[44,24]],[[1358,7252],[-17,-8]],[[1265,7275],[9,-25]],[[1394,7275],[4,-7]],[[1398,7268],[1,-2]],[[1399,7266],[-18,-24]],[[1378,7241],[-20,11]],[[1358,7252],[-4,6]],[[1354,7258],[12,5]],[[1433,7338],[-35,-12]],[[1398,7326],[35,12]],[[1391,7320],[3,-45]],[[1394,7275],[-24,4]],[[1381,7375],[6,-16]],[[1387,7359],[2,-32]],[[1278,7218],[-20,-13]],[[1269,7246],[5,4]],[[1274,7250],[42,6]],[[1249,7264],[20,-18]],[[1269,7246],[-38,7]],[[1190,7233],[68,-28]],[[1258,7205],[-9,-6]],[[1040,7248],[-4,84]],[[1036,7332],[27,2]],[[1156,7292],[3,2]],[[1193,7352],[6,-4]],[[1115,7330],[91,131]],[[1206,7461],[2,9]],[[1208,7470],[3,-3]],[[1211,7467],[-1,-3]],[[1210,7464],[-2,-5]],[[1205,7345],[5,6]],[[1210,7351],[3,3]],[[1213,7354],[5,3]],[[1218,7357],[5,9]],[[1223,7366],[3,7]],[[1226,7373],[17,22]],[[1243,7395],[14,-32]],[[1257,7363],[7,-42]],[[1264,7321],[11,9]],[[1275,7330],[0,1]],[[1275,7331],[101,50]],[[1376,7381],[3,-1]],[[1379,7380],[2,-5]],[[1381,7375],[-109,-61],[117,13]],[[1389,7327],[1,0]],[[1390,7327],[1,-7]],[[1391,7320],[-21,-41]],[[1370,7279],[-4,-16]],[[1366,7263],[-56,-29]],[[1310,7234],[-32,-16]],[[1278,7218],[38,38]],[[1316,7256],[-51,19]],[[1265,7275],[-16,-11]],[[1249,7264],[-18,-11]],[[1231,7253],[-39,1]],[[1196,7287],[22,-4]],[[1141,7239],[40,-12]],[[1074,7319],[14,-36]],[[1084,7277],[-21,57]],[[1063,7334],[-12,157]],[[1051,7491],[8,-1]],[[1059,7490],[3,-111]],[[1083,7306],[7,12],[13,-7],[-7,-10],[-13,5]],[[1140,7283],[-1,-24]],[[1154,7298],[5,-4]],[[1159,7294],[-3,-2]],[[1156,7292],[-16,-9]],[[1140,7283],[-34,-28]],[[1099,7261],[36,24]],[[1147,7302],[7,-4]],[[1154,7298],[-19,-13]],[[1135,7285],[10,15]],[[1041,7239],[-1,9]],[[1040,7248],[44,29]],[[1084,7277],[4,6]],[[1088,7283],[8,-23]],[[1189,7225],[60,-26]],[[1249,7199],[4,-1]],[[1101,7258],[5,-3]],[[1106,7255],[7,-7]],[[1188,7362],[9,-4]],[[1197,7358],[1,-1]],[[1198,7357],[-5,-5]],[[1193,7352],[-46,-50]],[[1147,7302],[-2,-2]],[[1145,7300],[-4,1]],[[1204,7380],[-16,-18]],[[1188,7362],[-47,-61]],[[1141,7301],[67,158]],[[1208,7459],[-4,-79]],[[1074,7319],[-12,60]],[[1062,7379],[56,98]],[[1118,7477],[52,-10]],[[1170,7467],[-55,-137]],[[1115,7330],[-41,-11]],[[1218,7283],[-21,18]],[[1199,7333],[13,4]],[[1212,7337],[1,-1],[0,1],[-1,0]],[[1212,7337],[6,-54]],[[1196,7281],[-2,-20]],[[1042,7157],[4,5]],[[1246,7095],[-11,-2]],[[1192,7217],[50,-21]],[[1238,7149],[-17,-17]],[[1154,7132],[-6,8]],[[1188,7222],[4,-5]],[[1192,7217],[16,-35]],[[1134,7230],[1,0]],[[1138,7233],[42,-11]],[[1014,7142],[28,15]],[[1042,7157],[29,-25]],[[1435,7273],[42,3]],[[1477,7276],[11,0]],[[1488,7276],[0,-17]],[[1488,7259],[-17,-21]],[[1471,7238],[1,-5]],[[1472,7233],[11,-5]],[[1483,7228],[0,-71]],[[1483,7157],[-5,-2]],[[1478,7155],[-26,107],[-23,-88]],[[1419,7258],[-7,9]],[[1412,7267],[23,6]],[[1134,7229],[0,1]],[[1134,7230],[-21,-44]],[[1117,7207],[9,17]],[[1198,7178],[10,4]],[[1208,7182],[34,14]],[[1242,7196],[5,-2]],[[1413,7184],[16,-10]],[[1429,7174],[15,-14]],[[1444,7160],[-25,15]],[[1418,7175],[-2,2]],[[1286,7178],[-14,7]],[[1176,7182],[4,40]],[[1180,7222],[1,5]],[[1181,7227],[18,121]],[[1199,7348],[6,-3]],[[1205,7345],[-6,-12]],[[1199,7333],[-2,-32]],[[1197,7301],[-1,-14]],[[1196,7287],[0,-6]],[[1196,7281],[-2,-20]],[[1194,7261],[-2,-7]],[[1192,7254],[-2,-21]],[[1190,7233],[-1,-8]],[[1189,7225],[-1,-3]],[[1188,7222],[-5,-40]],[[1140,7140],[15,14]],[[1064,7106],[6,9]],[[1098,7128],[30,7]],[[1112,7184],[-36,-38]],[[1076,7146],[-5,-13]],[[1072,7135],[6,62]],[[1069,7203],[-23,-41]],[[1046,7162],[-2,70]],[[1135,7230],[-1,-1]],[[1134,7229],[-8,-5]],[[1126,7224],[-9,-17]],[[1117,7207],[-4,-21]],[[1113,7186],[-1,-2]],[[1112,7184],[-34,13]],[[1078,7197],[-9,6]],[[1069,7203],[-25,29]],[[1044,7232],[-3,7]],[[1041,7239],[55,21]],[[1096,7260],[3,1]],[[1099,7261],[2,-3]],[[1101,7258],[12,-10]],[[1113,7248],[26,11]],[[1139,7259],[2,-20]],[[1141,7239],[-3,-6]],[[1138,7233],[-3,-3]],[[1082,7200],[12,-3],[2,8],[-13,2],[-1,-7]],[[1405,7186],[8,-2]],[[1413,7184],[-67,-2]],[[1330,7241],[11,3]],[[1341,7244],[41,-29]],[[1302,7180],[-30,5]],[[1272,7185],[-34,-36]],[[1238,7149],[-92,-8]],[[1142,7141],[13,13]],[[1155,7154],[21,28]],[[1176,7182],[7,0]],[[1183,7182],[15,-4]],[[1198,7178],[49,16]],[[1247,7194],[6,4]],[[1253,7198],[10,5]],[[1263,7203],[67,38]],[[1330,7241],[16,-59]],[[1346,7182],[-44,-2]],[[1302,7180],[-39,23]],[[1155,7130],[-1,2]],[[1154,7132],[67,0]],[[1221,7132],[30,-15]],[[1209,7108],[-7,10],[-14,-5],[8,-9],[13,4]],[[1257,7113],[-11,-18]],[[1246,7095],[-5,10]],[[1382,7215],[-4,26]],[[1378,7241],[3,1]],[[1381,7242],[38,16]],[[1419,7258],[-14,-72]],[[1405,7186],[-23,29]],[[1419,7175],[-133,3]],[[1286,7178],[130,-1]],[[1416,7177],[2,-2]],[[1418,7175],[1,0]],[[1346,6984],[-1,0]],[[1345,6984],[-3,-1]],[[1342,6983],[0,1]],[[1342,6984],[-3,8]],[[1358,6993],[-12,-9]],[[1051,7044],[13,62]],[[1064,7106],[6,3]],[[1122,7022],[-2,-8]],[[1120,7014],[-2,-4]],[[1118,7010],[0,-3]],[[1107,7125],[2,2]],[[1076,7112],[13,5]],[[1408,7035],[-31,-5]],[[1388,7044],[0,1]],[[1444,7069],[3,-6]],[[1374,7032],[-1,-3]],[[1336,7039],[34,12]],[[1096,7066],[14,2]],[[1121,7110],[-12,17]],[[1109,7127],[19,8]],[[1128,7135],[12,5]],[[1140,7140],[2,1]],[[1142,7141],[4,0]],[[1146,7141],[2,-1]],[[1148,7140],[7,-10]],[[1155,7130],[96,-13]],[[1251,7117],[6,-4]],[[1257,7113],[-16,-8]],[[1241,7105],[-11,-3]],[[1210,7050],[-2,-3]],[[1208,7047],[-5,1]],[[1189,7079],[-3,4]],[[1183,7087],[-6,-1]],[[1160,7079],[-11,-4]],[[1090,7061],[-20,48]],[[1070,7109],[6,3]],[[1076,7112],[20,-46]],[[1409,7037],[-1,-2]],[[1408,7035],[-20,10]],[[1388,7045],[2,3]],[[1377,7055],[1,2]],[[1385,7053],[10,-4]],[[1377,7055],[13,-7]],[[1390,7048],[-2,-4]],[[1388,7044],[-11,-14]],[[1377,7030],[-3,2]],[[1374,7032],[-4,19]],[[1370,7051],[7,4]],[[1102,6955],[-1,-1]],[[1101,6954],[-3,-6]],[[1088,7028],[2,33]],[[1090,7061],[6,5]],[[1096,7066],[1,-6]],[[1096,7041],[-1,-19]],[[1062,7120],[9,12]],[[1071,7132],[0,1]],[[1071,7133],[1,2]],[[1072,7135],[4,11]],[[1076,7146],[22,-18]],[[1098,7128],[9,-3]],[[1107,7125],[-18,-8]],[[1089,7117],[-19,-2]],[[1070,7115],[-8,5]],[[1062,7120],[-116,-39],[68,61]],[[1014,7142],[48,-22]],[[1381,6920],[-2,1]],[[1379,6921],[-2,0]],[[1377,6921],[-3,3]],[[1374,6924],[0,0]],[[1374,6924],[-4,4]],[[1370,6928],[3,4]],[[1373,6932],[-2,2]],[[1371,6934],[-8,2]],[[1363,6936],[1,2]],[[1364,6938],[0,1]],[[1364,6939],[2,5]],[[1366,6944],[9,-1]],[[1375,6943],[21,13]],[[1394,6962],[-3,5]],[[1422,6975],[11,1]],[[1433,6976],[20,-77]],[[1453,6899],[6,-17]],[[1459,6882],[0,1]],[[1459,6883],[-2,5]],[[1457,6888],[-2,6]],[[1455,6894],[-4,4]],[[1451,6898],[2,1]],[[1453,6899],[-6,2]],[[1447,6901],[-3,0]],[[1444,6901],[-2,-1]],[[1442,6900],[-4,0]],[[1438,6900],[-2,1]],[[1436,6901],[-1,4]],[[1435,6905],[1,5]],[[1436,6910],[-2,-2]],[[1434,6908],[-3,-3]],[[1431,6905],[-5,-1]],[[1426,6904],[-2,1]],[[1424,6905],[-1,0]],[[1423,6905],[-2,1]],[[1421,6906],[-4,-1]],[[1417,6905],[-6,-2]],[[1411,6903],[-1,0]],[[1410,6903],[-1,0]],[[1409,6903],[-5,0]],[[1404,6903],[-5,4]],[[1399,6907],[-2,2]],[[1397,6909],[-1,2]],[[1396,6911],[-1,1]],[[1110,7068],[11,42]],[[1121,7110],[-11,-42]],[[1114,6964],[-2,-3]],[[1112,6961],[0,-1]],[[1112,6960],[-4,-3]],[[1108,6957],[-2,-1]],[[1106,6956],[-4,-1]],[[1102,6955],[-7,67]],[[1095,7022],[23,-15]],[[1118,7007],[-1,-4]],[[1117,7003],[-5,-12]],[[1112,6991],[-1,-3]],[[1111,6988],[0,-8]],[[1111,6980],[-1,-3]],[[1110,6977],[0,-8]],[[1110,6969],[4,-4]],[[1114,6965],[0,-1]],[[1122,7022],[-26,19]],[[1096,7041],[1,19]],[[1097,7060],[52,15]],[[1149,7075],[11,4]],[[1160,7079],[17,7]],[[1177,7086],[6,1]],[[1183,7087],[3,-4]],[[1186,7083],[3,-4]],[[1189,7079],[14,-31]],[[1203,7048],[-15,10]],[[1188,7058],[-1,1]],[[1187,7059],[-11,4]],[[1176,7063],[-1,0]],[[1175,7063],[-12,1]],[[1163,7064],[-12,3]],[[1151,7067],[0,0]],[[1151,7067],[-7,-6]],[[1144,7061],[-3,-2]],[[1141,7059],[-9,-10]],[[1132,7049],[-1,-1]],[[1131,7048],[-4,-11]],[[1127,7037],[0,-1]],[[1127,7036],[-2,-6]],[[1125,7030],[0,-2]],[[1125,7028],[-3,-6]],[[1230,7102],[5,-9]],[[1235,7093],[-23,-41]],[[1212,7052],[-2,-2]],[[1210,7050],[20,52]],[[1358,6993],[-19,-1]],[[1339,6992],[-3,47]],[[1336,7039],[37,-10]],[[1373,7029],[-2,-28]],[[1371,7001],[-1,-2]],[[1370,6999],[-12,-6]],[[1414,7059],[-29,-6]],[[1385,7053],[-7,4]],[[1378,7057],[37,34]],[[1422,7061],[-8,-2]],[[1414,7059],[1,32]],[[1415,7091],[18,-6]],[[1433,7085],[11,-16]],[[1444,7069],[-22,-8]],[[1422,7061],[11,24]],[[1415,7037],[-6,0]],[[1409,7037],[-14,12]],[[1395,7049],[25,4]],[[1420,7053],[27,10]],[[1447,7063],[-32,-26]],[[1415,7037],[5,16]],[[1422,6975],[-31,-8]],[[1391,6967],[-4,10]],[[1387,6977],[0,4]],[[1387,6981],[-2,3]],[[1385,6984],[1,1]],[[1386,6985],[19,6]],[[1405,6991],[17,-16]],[[1395,6912],[-1,0]],[[1394,6912],[-4,2]],[[1390,6914],[-1,1]],[[1389,6915],[-5,5]],[[1384,6920],[-1,0]],[[1383,6920],[-2,0]],[[1381,6920],[14,-8]],[[1098,6948],[-18,-4]],[[1080,6944],[-2,-5]],[[1078,6939],[-5,-2]],[[1073,6937],[-1,-3]],[[1072,6934],[-5,1]],[[1067,6935],[-2,1]],[[1065,6936],[-14,108]],[[1051,7044],[37,-16]],[[1088,7028],[10,-80]],[[1065,6952],[18,2],[-3,15],[-24,-2],[9,-15]],[[1806,7284],[34,-17]],[[1840,7267],[-18,-12]],[[1822,7255],[-16,29]],[[1394,6962],[2,-6]],[[1396,6956],[-2,6]],[[1746,7162],[-18,-18]],[[1728,7144],[-13,-6]],[[1715,7138],[-76,1]],[[1639,7139],[0,5]],[[1639,7144],[1,16]],[[1640,7160],[106,2]],[[2006,7299],[-21,13]],[[1985,7312],[-2,6]],[[1983,7318],[22,0]],[[2005,7318],[19,0]],[[2024,7318],[1,0]],[[2027,7316],[0,-4]],[[2009,7268],[-3,8]],[[2006,7276],[0,23]],[[2006,7299],[21,13]],[[2027,7312],[-9,-3]],[[2018,7299],[11,-7]],[[2025,7286],[-6,-4]],[[2019,7281],[-10,-14]],[[1301,7606],[3,4]],[[1304,7610],[4,4]],[[1308,7614],[2,-6]],[[1310,7608],[-9,-14]],[[1301,7594],[0,12]],[[1315,7585],[33,-17]],[[1348,7568],[25,-18]],[[1373,7550],[-13,-12]],[[1360,7538],[-4,-5]],[[1356,7533],[-66,27]],[[1290,7560],[-4,-40]],[[1286,7520],[-10,-4]],[[1276,7516],[11,-40]],[[1287,7476],[-34,4]],[[1253,7480],[-9,-1]],[[1244,7479],[-25,7]],[[1219,7486],[-6,5]],[[1213,7491],[0,2]],[[1213,7493],[-44,40]],[[1169,7533],[-36,7]],[[1133,7540],[2,5]],[[1135,7545],[62,-9]],[[1197,7536],[11,-3]],[[1208,7533],[19,17]],[[1227,7550],[6,0]],[[1233,7550],[36,-2]],[[1269,7548],[1,2]],[[1270,7550],[17,23]],[[1287,7573],[24,6]],[[1311,7579],[4,6]],[[1264,7518],[-36,6],[-8,-33],[40,5],[4,22]],[[1249,8597],[-36,11]],[[1182,8614],[-9,12]],[[1170,8638],[-9,10]],[[1170,8658],[90,-58]],[[667,8725],[-14,18]],[[642,8765],[-22,41]],[[537,9047],[46,-24]],[[629,8895],[-72,14]],[[602,8725],[-10,-11]],[[1102,8681],[61,-19]],[[1151,8648],[-66,22]],[[547,8884],[-32,-7]],[[438,8990],[43,30]],[[505,8879],[-63,49]],[[512,9030],[11,11]],[[490,9028],[11,-9]],[[557,8902],[-2,-14]],[[602,8817],[23,72]],[[1069,8535],[96,-75]],[[1123,8421],[-11,-8]],[[1110,8411],[-2,-3]],[[1108,8406],[-1,-5]],[[1107,8397],[0,-4]],[[1107,8393],[-101,1]],[[907,8674],[13,17]],[[927,8472],[9,25]],[[978,8410],[-11,18]],[[629,8702],[29,18]],[[945,8626],[29,-12]],[[974,8614],[0,0]],[[974,8614],[10,2]],[[999,8597],[-18,-7]],[[982,8590],[-1,0]],[[981,8590],[-44,29]],[[996,8486],[28,-3]],[[1039,8473],[-15,-8]],[[1024,8464],[0,1]],[[1024,8465],[-39,16]],[[652,8877],[22,-39]],[[688,8831],[10,3]],[[717,8829],[9,-8]],[[732,8815],[5,-9]],[[748,8788],[34,-31]],[[624,8736],[-11,-14]],[[617,8637],[-54,110]],[[592,8701],[33,-17]],[[614,8807],[11,-44]],[[575,8743],[-12,4]],[[563,8747],[39,70]],[[602,8817],[30,34]],[[705,8820],[-30,-5]],[[974,8627],[-10,12]],[[985,8570],[5,-3]],[[488,9008],[13,11]],[[501,9019],[11,11]],[[512,9030],[11,11]],[[523,9041],[14,6]],[[537,9047],[-48,-47]],[[1102,8681],[-17,-11]],[[1085,8670],[17,11]],[[1161,8648],[-10,0]],[[1151,8648],[12,14]],[[1163,8662],[7,-4]],[[1170,8658],[-9,-10]],[[396,9509],[27,-81]],[[281,9566],[17,10]],[[310,9585],[42,-47]],[[416,9428],[-42,-8]],[[367,9448],[25,28]],[[343,9492],[41,-4]],[[439,8934],[-4,31]],[[592,8701],[-1,14]],[[591,8716],[-16,27]],[[575,8743],[10,11]],[[598,8734],[-7,-18]],[[591,8716],[0,-1]],[[591,8715],[1,-1]],[[592,8714],[0,-13]],[[436,8968],[2,16]],[[1182,8614],[31,-6]],[[1213,8608],[-31,6]],[[1123,8657],[2,4],[8,-4],[-1,-2],[-9,2]],[[1161,8407],[-3,0]],[[1156,8407],[-1,2]],[[1152,8409],[-2,0]],[[1128,8432],[37,28]],[[1165,8460],[-4,-54]],[[772,8744],[10,13]],[[782,8757],[40,53]],[[790,8567],[-6,2]],[[831,8817],[71,-4]],[[1006,8394],[-28,16]],[[978,8410],[-11,18]],[[967,8428],[-18,23]],[[969,8461],[37,-67]],[[907,8810],[-23,-58]],[[927,8554],[53,16]],[[925,8639],[-30,-23]],[[940,8460],[-13,12]],[[927,8472],[17,7]],[[855,8769],[-12,-5]],[[2,9960],[73,25]],[[81,9970],[9,-23]],[[72,9903],[-64,49]],[[104,9930],[16,-68]],[[114,9865],[-39,33]],[[593,8754],[22,1]],[[675,8815],[-50,-7]],[[624,8808],[1,0]],[[625,8808],[-5,-2]],[[620,8806],[-6,1]],[[614,8807],[61,8]],[[321,9514],[22,14]],[[387,9515],[9,-6]],[[396,9509],[4,-23]],[[389,9490],[-63,20]],[[374,9420],[-2,-53]],[[402,9480],[21,-52]],[[423,9428],[-7,0]],[[416,9428],[-19,50]],[[366,9365],[1,50]],[[490,8985],[93,38]],[[583,9023],[1,-3]],[[608,8957],[-51,-48]],[[557,8909],[0,-7]],[[557,8902],[-2,-14]],[[555,8888],[-8,-4]],[[547,8884],[-32,-7]],[[515,8877],[-10,2]],[[505,8879],[-63,49]],[[442,8928],[-3,6]],[[439,8934],[48,22]],[[499,8957],[-1,5]],[[575,9110],[-52,-23]],[[479,8962],[-44,3]],[[435,8965],[1,3]],[[436,8968],[2,16]],[[438,8984],[0,6]],[[438,8990],[45,-5]],[[535,9146],[25,-24]],[[483,8985],[-2,35]],[[481,9020],[9,8]],[[490,9028],[-2,-20]],[[488,9008],[1,-8]],[[489,9000],[1,-15]],[[1260,8600],[-11,-3]],[[1249,8597],[11,3]],[[1173,8626],[-3,12]],[[1170,8638],[3,-12]],[[637,8665],[-12,19]],[[625,8684],[4,18]],[[629,8702],[29,18]],[[658,8720],[9,5]],[[667,8725],[47,60]],[[738,8626],[46,-57]],[[784,8569],[-34,-7]],[[1128,8432],[22,-23]],[[1150,8409],[-2,-1]],[[1095,8445],[-80,66]],[[1007,8543],[-27,27]],[[980,8570],[-59,30]],[[927,8602],[58,-32]],[[985,8570],[5,-3]],[[990,8567],[138,-135]],[[745,8780],[27,-36]],[[772,8744],[45,5]],[[918,8658],[26,5]],[[948,8658],[-27,-4]],[[83,9978],[8,-61]],[[87,9911],[-79,41]],[[8,9952],[-6,8]],[[2,9960],[73,25]],[[75,9985],[3,14]],[[705,8820],[-73,31]],[[632,8851],[-7,38]],[[625,8889],[4,6]],[[629,8895],[18,16]],[[651,8914],[23,-38]],[[645,8879],[29,-41]],[[674,8838],[14,-7]],[[688,8831],[10,3]],[[698,8834],[19,-5]],[[717,8829],[9,-8]],[[726,8821],[6,-6]],[[732,8815],[5,-9]],[[737,8806],[11,-18]],[[748,8788],[-7,-2]],[[709,8795],[-4,25]],[[615,8755],[3,2]],[[606,8734],[7,-12]],[[613,8722],[-11,3]],[[602,8725],[-4,9]],[[598,8734],[-13,20]],[[585,8754],[8,0]],[[593,8754],[22,1]],[[804,8726],[78,-27]],[[902,8670],[9,-13]],[[914,8652],[-19,-36]],[[895,8616],[21,-9]],[[913,8604],[-93,-31]],[[1004,8521],[7,-19]],[[1013,8496],[-17,-10]],[[996,8486],[-11,-5]],[[985,8481],[-14,-8]],[[957,8468],[-13,11]],[[944,8479],[-8,18]],[[936,8497],[-146,70]],[[790,8567],[-9,36]],[[792,8593],[92,-42]],[[892,8549],[109,-22]],[[87,9990],[10,-17]],[[400,9486],[2,-6]],[[402,9480],[-5,-2]],[[397,9478],[-5,-2]],[[392,9476],[-25,-28]],[[367,9448],[4,-14]],[[367,9434],[-86,132]],[[281,9566],[40,-52]],[[321,9514],[5,-4]],[[326,9510],[17,-18]],[[343,9492],[15,-16]],[[396,9484],[4,2]],[[491,8982],[14,-16]],[[653,8743],[-29,-7]],[[624,8736],[0,1]],[[620,8749],[-2,8]],[[618,8757],[7,6]],[[625,8763],[17,2]],[[642,8765],[11,-22]],[[1014,8514],[1,-3]],[[1015,8511],[80,-66]],[[1095,8445],[53,-37]],[[1143,8409],[-7,3]],[[1134,8413],[-10,8]],[[1123,8421],[-84,52]],[[1039,8473],[-15,10]],[[1024,8483],[-11,13]],[[1013,8496],[-2,6]],[[1011,8502],[-7,19]],[[637,8665],[69,28]],[[708,8689],[-58,-32]],[[639,8642],[-2,23]],[[858,8784],[44,29]],[[902,8813],[5,-3]],[[907,8810],[-45,-31]],[[964,8460],[-15,-9]],[[949,8451],[-9,9]],[[940,8460],[17,8]],[[820,8573],[93,31]],[[913,8604],[3,3]],[[916,8607],[9,32]],[[925,8639],[-11,13]],[[914,8652],[-3,5]],[[911,8657],[-9,13]],[[902,8670],[-20,29]],[[882,8699],[-78,27]],[[804,8726],[-14,-19]],[[786,8711],[31,38]],[[817,8749],[31,28]],[[852,8771],[-9,-7]],[[843,8764],[64,-90]],[[907,8674],[11,-16]],[[918,8658],[3,-4]],[[921,8654],[38,-9]],[[962,8640],[-17,-14]],[[945,8626],[-8,-7]],[[937,8619],[-1,0]],[[936,8619],[-9,-17]],[[927,8602],[-6,-2]],[[921,8600],[6,-46]],[[927,8554],[73,-15]],[[995,8536],[-103,13]],[[892,8549],[-8,2]],[[884,8551],[-92,42]],[[792,8593],[-11,10]],[[781,8603],[-17,19]],[[770,8624],[50,-51]],[[87,9990],[4,-15]],[[85,9973],[-2,5]],[[83,9978],[-5,21]],[[78,9999],[9,-9]],[[75,9898],[-3,5]],[[72,9903],[15,8]],[[87,9911],[4,6]],[[91,9917],[3,5]],[[101,9919],[19,-57]],[[120,9862],[-6,3]],[[114,9865],[-39,33]],[[575,9110],[-28,-1]],[[537,9121],[23,1]],[[560,9122],[15,-12]],[[858,8784],[4,-5]],[[862,8779],[22,-27]],[[884,8752],[-29,17]],[[855,8769],[-3,2]],[[852,8771],[-4,6]],[[848,8777],[-26,33]],[[822,8810],[9,7]],[[831,8817],[27,-33]],[[1069,8535],[-70,62]],[[999,8597],[-15,19]],[[984,8616],[-10,11]],[[974,8627],[-10,12]],[[964,8639],[-2,1]],[[962,8640],[-3,5]],[[959,8645],[-11,13]],[[948,8658],[-4,5]],[[944,8663],[-24,28]],[[920,8691],[149,-156]],[[358,9476],[26,12]],[[384,9488],[5,2]],[[389,9490],[7,-6]],[[396,9484],[-38,-8]],[[372,9367],[-6,-2]],[[366,9365],[1,50]],[[367,9415],[0,19]],[[367,9434],[4,0]],[[371,9434],[3,-14]],[[374,9420],[-2,-53]],[[505,8966],[-7,-4]],[[498,8962],[1,-5]],[[499,8957],[-12,-1]],[[487,8956],[-8,6]],[[479,8962],[4,23]],[[483,8985],[7,0]],[[490,8985],[1,-3]],[[491,8982],[14,-16]],[[620,8749],[4,-12]],[[624,8737],[-18,-3]],[[606,8734],[14,15]],[[767,8710],[19,1]],[[742,8694],[-28,91]],[[714,8785],[-5,10]],[[709,8795],[32,-9]],[[741,8786],[4,-6]],[[745,8780],[2,-70]],[[1026,8528],[-12,-14]],[[1014,8514],[-10,7]],[[1004,8521],[-3,6]],[[1001,8527],[-6,9]],[[995,8536],[5,3]],[[1000,8539],[7,4]],[[1007,8543],[8,-4]],[[971,8473],[-2,-12]],[[969,8461],[-5,-1]],[[964,8460],[-7,8]],[[957,8468],[14,5]],[[790,8707],[-9,-7]],[[674,8876],[-22,1]],[[652,8877],[-7,2]],[[645,8879],[29,-3]],[[719,8636],[-29,-4]],[[681,8632],[-18,5]],[[660,8642],[48,47]],[[708,8689],[-2,4]],[[706,8693],[36,1]],[[92,9948],[-2,-1]],[[90,9947],[-9,23]],[[81,9970],[4,3]],[[85,9973],[6,2]],[[91,9975],[6,-2]],[[97,9973],[2,-22]],[[1026,8528],[-11,11]],[[1015,8539],[11,-11]],[[742,8694],[44,16]],[[786,8711],[0,-1]],[[786,8710],[4,-3]],[[790,8707],[-9,-7]],[[781,8700],[-26,-33]],[[788,8626],[-18,-2]],[[770,8624],[-6,-2]],[[764,8622],[-26,4]],[[738,8626],[-19,10]],[[719,8636],[5,32]],[[743,8691],[-1,3]],[[829,8634],[-15,14]],[[809,8653],[8,2]],[[531,9135],[6,-14]],[[537,9121],[10,-12]],[[547,9109],[-7,-12]],[[608,8957],[2,2]],[[643,8928],[8,-14]],[[651,8914],[-4,-3]],[[647,8911],[0,0]],[[647,8911],[-39,46]],[[788,8626],[-33,41]],[[755,8667],[54,-14]],[[809,8653],[5,-5]],[[814,8648],[15,-14]],[[829,8634],[-12,21]],[[817,8655],[-29,-29]],[[743,8691],[-19,-23]],[[724,8668],[19,23]],[[639,8642],[2,-1]],[[641,8640],[0,1]],[[641,8641],[9,16]],[[650,8657],[10,-15]],[[660,8642],[3,-5]],[[663,8637],[1,-6]],[[626,8615],[-9,22]],[[617,8637],[22,5]],[[774,8952],[11,38]],[[92,9948],[7,3]],[[99,9951],[5,-21]],[[104,9930],[0,-17]],[[104,9912],[0,1]],[[104,9913],[-3,6]],[[101,9919],[-7,3]],[[94,9922],[-2,26]],[[310,9585],[-12,-9]],[[298,9576],[12,9]],[[343,9528],[9,10]],[[352,9538],[35,-23]],[[387,9515],[-44,13]],[[643,8928],[-33,31]],[[610,8959],[-26,61]],[[584,9020],[59,-92]],[[681,8632],[9,0]],[[690,8632],[60,-70]],[[750,8562],[-124,53]],[[626,8615],[38,16]],[[664,8631],[17,1]],[[98,9745],[6,62],[53,-23],[-2,-48],[-57,9]],[[535,9146],[-4,-11]],[[531,9135],[9,-38]],[[540,9097],[-17,-10]],[[523,9087],[12,59]],[[1188,8564],[43,-87],[-162,64],[51,55],[68,-32]],[[774,8952],[11,38]],[[785,8990],[-11,-38]],[[744,8710],[-1,0]],[[743,8710],[4,0]],[[747,8710],[20,0]],[[767,8710],[-23,0]],[[4865,4531],[17,-20]],[[4600,4422],[-13,-32],[-99,24],[37,39],[75,-31]],[[4691,4270],[63,24]],[[4693,4170],[5,61]],[[4423,4127],[-27,-8]],[[4578,4023],[58,63]],[[5015,3997],[-33,-52]],[[4815,4268],[68,-88]],[[4648,3941],[-70,26]],[[4765,3912],[-107,42]],[[4835,3821],[-47,83]],[[4835,4490],[-35,-44]],[[4797,4452],[46,83]],[[4835,4518],[-2,-13]],[[4765,4235],[11,-2],[-6,-23],[-20,9],[15,16]],[[4823,4065],[3,-4]],[[4830,4059],[15,-42]],[[4780,4286],[35,-18]],[[4815,4268],[2,-38]],[[4753,4176],[-24,-91],[23,-16],[42,103],[-41,4]],[[4752,4229],[-2,-10],[20,-9],[6,23],[-24,-4]],[[4883,4180],[132,-183]],[[5015,3997],[-33,-52]],[[4982,3945],[-10,0]],[[4885,3979],[17,37]],[[4829,4075],[-11,1]],[[4818,4076],[-2,7]],[[4860,3992],[25,-13]],[[4885,3979],[5,-3]],[[4949,3944],[-23,-92]],[[4578,4023],[55,3]],[[4647,4014],[0,-2]],[[4650,3985],[-72,-18]],[[4578,3967],[0,56]],[[4708,4128],[-54,-16]],[[4697,4450],[-12,-35],[-35,19],[30,57],[17,-41]],[[4841,4181],[0,-1]],[[4866,4086],[-50,-3]],[[4816,4083],[2,99]],[[4801,3992],[4,6]],[[4831,4006],[14,11]],[[4845,4017],[15,-25]],[[4860,3992],[-2,-1]],[[4827,3974],[-1,0]],[[4864,3913],[-2,1]],[[4893,3937],[5,-38]],[[4870,3902],[-5,-1]],[[4917,3852],[9,0]],[[4926,3852],[-16,-43]],[[4908,3810],[-4,6]],[[4903,3820],[-1,2]],[[4902,3823],[0,5]],[[4877,3806],[-9,-2]],[[4892,3828],[-15,-21]],[[4667,4088],[-22,1]],[[4648,4017],[-1,-3]],[[4647,4014],[-14,12]],[[4633,4026],[12,1]],[[4662,4027],[0,-13]],[[4663,4011],[-9,0]],[[4653,4041],[10,-9]],[[4654,4001],[47,-4]],[[4693,3986],[-36,3]],[[4801,3992],[23,-18]],[[4824,3971],[-38,-2]],[[4762,4293],[18,-7]],[[4780,4286],[-29,-33]],[[4741,4243],[-47,4]],[[4687,4252],[55,-3]],[[4735,4225],[-37,6]],[[4698,4231],[-7,39]],[[4691,4270],[-4,-18]],[[4687,4252],[7,-5]],[[4694,4247],[43,-16]],[[4702,4076],[6,52]],[[4708,4128],[-54,-16]],[[4654,4112],[-3,-3]],[[4645,4112],[13,15]],[[4678,4152],[15,18]],[[4693,4170],[42,55]],[[4735,4225],[2,6]],[[4737,4231],[4,12]],[[4741,4243],[1,6]],[[4742,4249],[12,45]],[[4754,4294],[8,-1]],[[4762,4293],[-11,-40]],[[4751,4253],[-42,-177]],[[4645,4100],[0,-11]],[[4645,4089],[8,-48]],[[4653,4041],[1,-30]],[[4654,4011],[0,-10]],[[4654,4001],[3,-12]],[[4657,3989],[1,-35]],[[4658,3954],[-10,-13]],[[4648,3941],[2,44]],[[4650,3985],[-3,27]],[[4647,4012],[1,5]],[[4648,4017],[-3,10]],[[4645,4027],[-9,59]],[[4636,4086],[3,17]],[[4917,3852],[-1,-16]],[[4890,3902],[8,-3]],[[4898,3899],[19,-47]],[[4866,4086],[-25,94]],[[4841,4180],[42,0]],[[4883,4180],[-17,-94]],[[4841,4181],[-23,1]],[[4818,4182],[-1,48]],[[4817,4230],[24,-49]],[[4797,4452],[3,-6]],[[4800,4446],[-3,6]],[[4678,4152],[-20,-25]],[[4658,4127],[20,25]],[[4645,4112],[6,-3]],[[4651,4109],[16,-21]],[[4667,4088],[-22,12]],[[4645,4100],[-6,3]],[[4639,4103],[6,9]],[[4824,3974],[2,0]],[[4826,3974],[1,0]],[[4827,3974],[37,-10]],[[4865,3962],[0,-1]],[[4854,3933],[-30,38]],[[4824,3971],[0,3]],[[4703,4027],[-1,49]],[[4702,4076],[7,0]],[[4709,4076],[0,-50]],[[4702,4009],[-39,2]],[[4663,4011],[-1,3]],[[4662,4014],[0,13]],[[4662,4027],[1,5]],[[4663,4032],[40,-7]],[[4723,4024],[69,13]],[[4799,4039],[8,2]],[[4808,4042],[14,-15]],[[4701,3997],[55,-8]],[[4774,3982],[-6,-3]],[[4700,3989],[1,8]],[[4730,4022],[25,16]],[[4822,4027],[-4,-14]],[[4807,3999],[-6,-7]],[[4801,3992],[-27,-10]],[[4774,3982],[-18,7]],[[4756,3989],[-54,20]],[[4702,4009],[1,16]],[[4703,4025],[0,2]],[[4703,4027],[6,-1]],[[4709,4026],[14,-2]],[[4723,4024],[7,-2]],[[4730,4022],[25,16]],[[4755,4038],[37,-1]],[[4792,4037],[7,2]],[[4799,4039],[8,2]],[[4807,4041],[1,1]],[[4808,4042],[14,-15]],[[4423,4127],[-27,-8]],[[4396,4119],[27,8]],[[4864,3964],[-6,27]],[[4858,3991],[24,-34]],[[4865,3961],[0,1]],[[4865,3962],[-1,2]],[[4864,3964],[18,-7]],[[4882,3957],[11,-20]],[[4893,3937],[-5,-18]],[[4835,3821],[-47,83]],[[4788,3904],[-23,8]],[[4765,3912],[-72,74]],[[4693,3986],[7,3]],[[4700,3989],[68,-10]],[[4768,3979],[18,-10]],[[4786,3969],[68,-36]],[[4854,3933],[12,27]],[[4865,3961],[1,-1]],[[4866,3960],[22,-41]],[[4888,3919],[-26,-5]],[[4862,3914],[2,-1]],[[4864,3913],[1,-12]],[[4865,3901],[5,1]],[[4870,3902],[20,0]],[[4890,3902],[26,-66]],[[4916,3836],[-14,-4]],[[4901,3832],[-2,0]],[[4898,3832],[-2,-1]],[[4896,3829],[-4,-1]],[[4892,3828],[-24,-24]],[[4868,3804],[-33,17]],[[4890,3976],[82,-31]],[[4972,3945],[-23,-1]],[[4949,3944],[-59,32]],[[4927,3966],[20,8],[-2,10],[-19,-1],[1,-17]],[[4788,4027],[16,-10],[-3,-5],[-14,7],[1,8]],[[4868,4061],[37,-38]],[[4825,4062],[-2,3]],[[4823,4065],[-5,11]],[[4818,4076],[11,-1]],[[4829,4075],[15,-13]],[[4844,4062],[24,-1]],[[4868,4061],[-2,-15]],[[4844,4059],[0,3]],[[4825,4062],[19,-3]],[[4844,4059],[22,-13]],[[4866,4046],[39,-23]],[[4905,4023],[-3,-7]],[[4902,4016],[-72,43]],[[4830,4059],[-4,2]],[[4826,4061],[-1,1]],[[4835,4518],[6,-1]],[[4861,4514],[21,-3]],[[4882,4511],[-2,-9]],[[4852,4506],[-8,1]],[[4838,4504],[-5,1]],[[4833,4505],[2,13]],[[4865,4531],[-4,-17]],[[4861,4514],[-20,3]],[[4841,4517],[2,18]],[[4843,4535],[22,-4]],[[4854,4488],[-19,2]],[[4835,4490],[3,14]],[[4838,4504],[6,3]],[[4844,4507],[8,-1]],[[4852,4506],[7,-1]],[[4818,4013],[13,-7]],[[4831,4006],[-26,-8]],[[4805,3998],[2,1]],[[4807,3999],[11,14]],[[4880,4502],[-26,-14]],[[4854,4488],[5,17]],[[4859,4505],[21,-3]],[[5098,7730],[52,-41]],[[5101,7660],[-12,69]],[[5173,7697],[-7,-28],[-39,-15],[-4,6],[50,37]],[[5316,6864],[62,121]],[[5492,6825],[-178,33]],[[4924,7130],[18,3]],[[4942,7133],[1,-3]],[[4944,7130],[1,-2]],[[4945,7126],[1,-2]],[[4946,7122],[-6,-14]],[[4937,7105],[-5,-10]],[[4932,7092],[0,-2]],[[4929,7085],[5,-15]],[[4934,7070],[-8,-3]],[[4925,7067],[-2,-3]],[[4921,7062],[-3,-2]],[[4917,7059],[-7,-7]],[[4909,7051],[-3,-5]],[[4903,7041],[-1,-1]],[[4901,7038],[-1,-1]],[[4897,7035],[-3,-1]],[[4892,7033],[-51,-114]],[[4638,6993],[83,43]],[[4746,6943],[-136,10]],[[4808,7125],[2,2]],[[4812,7127],[3,-1]],[[4794,7229],[-1,0]],[[4741,7227],[61,-1]],[[4860,7332],[1,-1]],[[4871,7324],[1,-1]],[[4843,7276],[-1,-1]],[[4814,7252],[11,93]],[[4832,7329],[-1,-1]],[[4828,7321],[0,-1]],[[4838,7315],[1,-1]],[[4723,7313],[2,-41]],[[5308,6857],[-5,0]],[[5729,7527],[-10,-9]],[[5769,7882],[16,-40],[-70,3],[14,25],[40,12]],[[4576,7163],[6,29]],[[4607,7208],[42,140]],[[4718,7046],[-98,61]],[[4624,7118],[-47,40]],[[4749,6993],[16,39]],[[4775,7020],[2,-15]],[[4691,7010],[4,-9]],[[4742,6985],[-48,11]],[[4697,6997],[37,-12]],[[4635,7183],[-7,97]],[[4627,7280],[1,0]],[[4628,7280],[27,39]],[[4655,7318],[0,1]],[[4655,7319],[15,9]],[[4705,7329],[18,-16]],[[4723,7313],[2,-41]],[[4725,7272],[-11,-75]],[[4716,7183],[-2,14]],[[4714,7197],[27,30]],[[4741,7227],[52,2]],[[4793,7229],[1,0]],[[4794,7229],[8,-3]],[[4841,7199],[4,-26]],[[4845,7173],[1,-1]],[[4802,7157],[-5,-38]],[[4789,7111],[-58,-1]],[[4728,7106],[-89,54]],[[4636,7173],[-1,10]],[[4635,7183],[17,0]],[[4696,7116],[0,0]],[[4841,7166],[-27,-29]],[[4811,7133],[-9,24]],[[4802,7157],[41,12]],[[5124,7952],[50,45],[-102,-119],[-7,33],[59,41]],[[6208,7754],[-66,-4]],[[6140,7754],[-115,1],[139,1]],[[6172,7755],[4,-1]],[[5448,6892],[-70,93]],[[5378,6985],[105,-125]],[[5484,6857],[8,-32]],[[5492,6825],[-19,28]],[[5437,6884],[-123,-26]],[[5314,6858],[-6,-1]],[[5308,6857],[-5,0]],[[5303,6857],[13,7]],[[5316,6864],[120,25]],[[4607,7208],[-25,-16]],[[4582,7192],[25,16]],[[4636,7173],[0,-6]],[[4621,7160],[-44,-2]],[[4577,7158],[-1,5]],[[4576,7163],[60,10]],[[4666,7306],[7,-5],[14,-8],[-21,2],[0,11]],[[4701,7331],[4,-2]],[[4705,7329],[-35,-1]],[[4670,7328],[-21,20]],[[4649,7348],[46,-13]],[[4701,7331],[-6,4]],[[4695,7335],[6,-4]],[[4870,7241],[17,74]],[[4891,7312],[-16,-90]],[[4887,7164],[-46,35]],[[4841,7199],[-39,27]],[[4802,7226],[12,26]],[[4814,7252],[8,-10]],[[4829,7240],[3,-4]],[[5082,7222],[-85,-71]],[[4997,7152],[-1,4]],[[4996,7156],[-1,1]],[[4815,7126],[-3,1]],[[4812,7127],[-2,0]],[[4810,7127],[-2,-2]],[[4808,7125],[-33,-34]],[[4771,7093],[18,18]],[[4789,7111],[8,8]],[[4797,7119],[14,14]],[[4811,7133],[3,4]],[[4814,7137],[69,15]],[[4826,7120],[-11,6]],[[4772,7034],[-7,-2]],[[4765,7032],[-24,-20]],[[4733,7028],[45,24]],[[4692,7000],[3,1]],[[4695,7001],[2,-4]],[[4697,6997],[-3,-1]],[[4694,6996],[-85,-43]],[[4609,6953],[-4,3]],[[4624,6975],[1,1]],[[4609,6984],[9,2]],[[4632,6990],[0,1]],[[4634,6991],[4,2]],[[4638,6993],[88,33]],[[4707,7017],[-16,-7]],[[4691,7010],[-3,-1]],[[4619,6981],[-14,-4]],[[4603,6977],[-1,-1]],[[4596,6975],[-1,-1]],[[4593,6974],[-2,-1]],[[4590,6972],[-1,-1]],[[4588,6969],[-2,2]],[[4584,6973],[-11,6]],[[4570,6980],[-8,7]],[[4814,7033],[-1,0]],[[4785,7054],[41,37]],[[4624,7118],[-4,-11]],[[4620,7107],[4,11]],[[4957,7163],[-2,1]],[[4877,7319],[-5,4]],[[4872,7323],[-1,1]],[[4871,7324],[-10,7]],[[4861,7331],[-1,1]],[[4860,7332],[-35,13]],[[4825,7345],[54,-23]],[[4926,7308],[28,-10]],[[5001,7199],[-28,13]],[[4876,7223],[16,88]],[[4731,7110],[3,-5]],[[4734,7097],[-6,9]],[[4728,7106],[3,4]],[[5198,8045],[26,29],[134,16],[-110,-87],[-50,42]],[[4752,6947],[5,5]],[[5101,7660],[-12,69]],[[5089,7729],[9,1]],[[5098,7730],[52,-41]],[[5150,7689],[-49,-29]],[[5145,7659],[26,16],[5,22],[-53,-37],[22,-1]],[[5726,7532],[3,-5]],[[5729,7527],[-10,-9]],[[5719,7518],[-11,6]],[[5781,7602],[22,44],[83,10],[-115,-92],[10,38]],[[4886,7319],[5,-3]],[[5022,7278],[31,-27]],[[5049,7248],[-95,50]],[[4954,7298],[-28,10]],[[4926,7308],[-34,3]],[[4892,7311],[0,1]],[[4892,7312],[-1,0]],[[4891,7312],[-4,3]],[[4887,7315],[-3,1]],[[5056,7248],[26,-26]],[[5082,7222],[-28,22]],[[4955,7164],[2,-1]],[[4935,7163],[20,1]],[[4841,7166],[2,3]],[[4843,7169],[3,3]],[[4846,7172],[-1,1]],[[4845,7173],[1,-1]],[[4846,7172],[41,-8]],[[4887,7164],[3,-1]],[[4886,7151],[-3,1]],[[4883,7152],[-42,14]],[[4976,7170],[19,-13]],[[4995,7157],[-18,5]],[[4976,7162],[-10,-6]],[[4964,7155],[-10,-3]],[[4749,6990],[1,-3]],[[4752,6972],[0,-25]],[[4752,6947],[12,-11]],[[4756,6932],[-10,11]],[[4746,6943],[-4,42]],[[4742,6985],[-1,3]],[[4734,7026],[7,-14]],[[4741,7012],[8,-19]],[[4749,6993],[0,-3]],[[4749,6990],[-4,-1]],[[4733,7028],[1,-2]],[[4734,7026],[-4,-1]],[[4727,7023],[-1,3]],[[4726,7026],[-5,10]],[[4721,7036],[-3,10]],[[4718,7046],[36,36]],[[4760,7078],[-27,-50]],[[4760,7087],[11,6]],[[4771,7093],[4,-2]],[[4775,7091],[-10,-9]],[[4813,7033],[-2,-4]],[[4786,7042],[-8,10]],[[4778,7052],[-18,26]],[[4760,7078],[-6,4]],[[4754,7082],[-20,15]],[[4734,7097],[0,8]],[[4734,7105],[26,-18]],[[4760,7087],[5,-5]],[[4765,7082],[20,-28]],[[4785,7054],[28,-21]],[[4877,7319],[2,3]],[[4879,7322],[7,-3]],[[4886,7319],[-2,-3]],[[4884,7316],[-55,-76]],[[4829,7240],[-7,2]],[[4822,7242],[20,33]],[[4842,7275],[1,1]],[[4843,7276],[34,43]],[[4636,7167],[3,-7]],[[4639,7160],[-18,0]],[[4621,7160],[15,7]],[[4915,7124],[-83,-102]],[[4805,7010],[22,17]],[[4827,7027],[88,105]],[[6208,7754],[-66,-4]],[[6142,7750],[-2,4]],[[6140,7754],[24,2]],[[6164,7756],[8,-1]],[[6172,7755],[4,-1]],[[6176,7754],[32,0]],[[5483,6860],[1,-3]],[[5484,6857],[-11,-4]],[[5473,6853],[-36,31]],[[5437,6884],[-1,5]],[[5436,6889],[12,3]],[[5448,6892],[35,-32]],[[4573,6992],[-4,3]],[[4901,7209],[-26,13]],[[4875,7222],[1,1]],[[4876,7223],[32,-12]],[[4973,7212],[-29,6]],[[4934,7224],[39,-12]],[[5022,7278],[-40,8]],[[4895,7314],[-4,2]],[[4891,7316],[131,-38]],[[4884,7132],[-8,6]],[[4915,7134],[-16,10]],[[4653,7168],[-1,15]],[[4652,7183],[18,-14]],[[4716,7183],[1,-12]],[[4687,7170],[29,13]],[[5213,8057],[12,-10],[-10,-8],[-11,9],[9,9]],[[4982,7286],[-87,28]],[[4895,7314],[87,-28]],[[4727,7023],[3,2]],[[4730,7025],[15,-36]],[[4745,6989],[-4,-1]],[[4741,6988],[-7,-3]],[[4734,6985],[-27,32]],[[4707,7017],[20,6]],[[4901,7209],[7,2]],[[4908,7211],[14,13]],[[4923,7224],[-1,0]],[[4922,7224],[1,0]],[[4923,7224],[11,0]],[[4934,7224],[10,-6]],[[4944,7218],[-25,-61]],[[4904,7148],[-5,-4]],[[4899,7144],[-15,-12]],[[4884,7132],[-8,6]],[[4876,7138],[10,13]],[[4886,7151],[4,12]],[[4890,7163],[11,46]],[[4935,7163],[4,-15]],[[4916,7130],[-1,2]],[[4915,7132],[0,1]],[[4915,7133],[0,1]],[[4915,7134],[-11,14]],[[4904,7148],[15,9]],[[4919,7157],[16,6]],[[4687,7170],[30,1]],[[4717,7171],[-64,-3]],[[4653,7168],[17,1]],[[4670,7169],[17,1]],[[4826,7091],[0,29]],[[4826,7120],[1,-93]],[[4827,7027],[-22,-18]],[[4809,7027],[2,2]],[[4811,7029],[3,4]],[[4814,7033],[12,58]],[[4957,7163],[44,36]],[[5001,7199],[48,49]],[[5049,7248],[4,3]],[[5053,7251],[3,-3]],[[5056,7248],[-2,-4]],[[5054,7244],[-78,-74]],[[4976,7170],[-22,-18]],[[4954,7152],[-17,-15]],[[4936,7136],[-12,-6]],[[4924,7130],[-9,-6]],[[4915,7124],[1,6]],[[4916,7130],[23,18]],[[4939,7148],[18,15]],[[5714,7552],[12,-20]],[[5726,7532],[-18,-8]],[[5708,7524],[-17,28]],[[6040,7812],[17,-14]],[[5298,7398],[-11,-8]],[[5267,7388],[-29,14]],[[5238,7402],[20,103],[40,-107]],[[5298,7398],[-11,-8]],[[5287,7390],[-20,-2]],[[5267,7388],[-29,14]],[[4712,7648],[13,-37],[-62,32],[22,18],[27,-13]],[[5714,7552],[-23,0]],[[5691,7552],[23,0]],[[6057,7798],[-17,14]],[[6040,7812],[17,-14]],[[4752,6980],[-2,7]],[[4750,6987],[27,18]],[[4777,7005],[-2,15]],[[4779,6995],[-2,-1]],[[4776,6994],[-1,-1]],[[4774,7023],[-2,11]],[[4772,7034],[14,8]],[[4626,6977],[-1,-2]],[[4625,6982],[63,27]],[[4688,7009],[4,-9]],[[4692,7000],[-66,-23]],[[4832,7236],[9,-1]],[[4841,7235],[-1,0]],[[4840,7235],[30,6]],[[4870,7241],[-38,-5]],[[4774,7023],[12,19]],[[4786,7042],[23,-15]],[[4809,7027],[-4,-17]],[[4805,7010],[0,-1]],[[4805,7009],[-17,-27]],[[4772,6989],[3,4]],[[4775,6993],[1,1]],[[4776,6994],[1,0]],[[4777,6994],[2,1]],[[4779,6995],[-4,25]],[[4775,7020],[-1,3]],[[4813,7007],[14,12]],[[4591,6973],[2,1]],[[4593,6974],[2,0]],[[4595,6974],[1,1]],[[4596,6975],[6,1]],[[4602,6976],[1,1]],[[4603,6977],[2,0]],[[4605,6977],[14,4]],[[4619,6981],[5,1]],[[4624,6982],[1,0]],[[4625,6982],[1,-5]],[[4626,6977],[-1,-1]],[[4625,6976],[0,-1]],[[4625,6975],[-1,0]],[[4624,6975],[-19,-19]],[[4605,6956],[-2,2]],[[4602,6958],[-13,10]],[[4589,6968],[0,3]],[[4589,6971],[1,1]],[[4590,6972],[1,1]],[[4634,6991],[-2,-1]],[[4632,6990],[-14,-4]],[[4618,6986],[-9,-2]],[[4609,6984],[-36,8]],[[4573,6992],[-4,3]],[[4569,6995],[-7,-8]],[[4562,6987],[8,-7]],[[4570,6980],[1,-1]],[[4567,6979],[-1,1]],[[4565,6980],[-2,1]],[[4563,6981],[-21,-16]],[[4541,6964],[91,27]],[[4632,6991],[2,0]],[[4899,7166],[8,-4],[-16,-11],[6,9],[2,6]],[[4839,7314],[-1,1]],[[4838,7315],[-10,5]],[[4828,7320],[0,1]],[[4828,7321],[3,7]],[[4831,7328],[1,1]],[[4832,7329],[7,-15]],[[4755,6926],[1,6]],[[4756,6932],[8,4]],[[4764,6936],[-7,16]],[[4757,6952],[-5,20]],[[4752,6972],[0,8]],[[4752,6980],[20,9]],[[4772,6989],[16,-7]],[[4788,6982],[7,-3]],[[4837,6916],[-82,10]],[[4755,6926],[42,21]],[[4796,6958],[-1,21]],[[4795,6979],[17,28]],[[4813,7007],[-1,0]],[[4812,7007],[15,12]],[[4827,7019],[5,3]],[[4832,7022],[8,-98]],[[4840,6924],[0,-5]],[[4840,6918],[-3,-2]],[[4837,6916],[-40,31]],[[4797,6947],[-1,11]],[[4796,6958],[44,-34]],[[4335,6269],[-42,-91],[-99,95],[44,27],[97,-31]],[[3892,6312],[-11,0]],[[3900,6312],[-5,0]],[[3905,6312],[-3,0]],[[4009,6326],[-81,-14]],[[3878,6324],[-3,8]],[[3878,6324],[23,10]],[[3936,6332],[-31,-20]],[[3905,6312],[-3,0]],[[3902,6312],[-2,0]],[[3900,6312],[-5,0]],[[3895,6312],[-3,0]],[[3892,6312],[-11,0]],[[3881,6312],[-3,12]],[[4013,6329],[-4,-3]],[[4009,6326],[-28,-6]],[[4010,6340],[-29,-20]],[[3981,6320],[-53,-8]],[[3928,6312],[8,20]],[[3936,6332],[1,7]],[[4006,6353],[7,-24]],[[4013,6329],[-3,11]],[[4010,6340],[-73,-1]],[[3937,6339],[-36,-5]],[[3901,6334],[-26,-2]],[[3875,6332],[-1,4]],[[3936,6342],[-15,-1]],[[3918,6358],[16,-5]],[[4006,6353],[-70,-11]],[[3936,6342],[-2,11]],[[3934,6353],[72,0]],[[3918,6358],[3,-17]],[[3921,6341],[-47,-5]],[[3874,6336],[44,22]],[[4142,6357],[-21,20]],[[4206,6400],[-64,-43]],[[4142,6357],[23,33]],[[4121,6379],[0,-2]],[[4121,6377],[-29,-1]],[[4092,6376],[-78,88]],[[4086,6421],[6,-45]],[[4124,6452],[-38,-31]],[[4086,6421],[-72,43]],[[4014,6464],[6,6]],[[4112,6449],[-14,-4]],[[4091,6499],[7,-54]],[[4098,6445],[-78,25]],[[4020,6470],[-3,8]],[[4037,6500],[3,2]],[[4040,6503],[-3,-3]],[[4037,6500],[-20,-22]],[[4017,6478],[-3,0]],[[4012,6478],[-7,44]],[[4005,6522],[23,4]],[[4023,6513],[-18,9]],[[4163,6527],[2,-1]],[[4164,6522],[-2,0]],[[4160,6515],[1,-2]],[[4156,6506],[2,3]],[[4150,6520],[-1,3]],[[4156,6529],[5,-3]],[[4098,6499],[-7,0]],[[4091,6499],[-51,3]],[[4040,6502],[0,1]],[[4040,6503],[-7,11]],[[4066,6535],[0,2]],[[4163,6527],[-2,-1]],[[4161,6526],[-5,3]],[[4156,6529],[-7,-6]],[[4149,6523],[1,-3]],[[4150,6520],[8,-11]],[[4158,6509],[-2,-3]],[[4156,6506],[5,7]],[[4161,6513],[-1,2]],[[4160,6515],[2,7]],[[4162,6522],[2,0]],[[4164,6522],[1,4]],[[4165,6526],[41,-126]],[[4206,6400],[-41,-10]],[[4165,6390],[-1,0]],[[4164,6390],[-40,-7]],[[4138,6550],[25,-23]],[[4018,6539],[-16,24]],[[4098,6539],[0,-7]],[[4080,6535],[-3,11]],[[4075,6550],[1,20]],[[3318,6508],[-2,-4]],[[3987,6568],[-2,13]],[[3225,6572],[1,9]],[[3284,6568],[32,-64]],[[3316,6504],[-58,22]],[[3258,6528],[-32,44]],[[4066,6537],[0,-2]],[[4066,6535],[14,0]],[[4080,6535],[18,-3]],[[4098,6532],[0,7]],[[4098,6539],[18,16]],[[4166,6564],[-28,-14]],[[4138,6550],[-14,-167]],[[4124,6383],[-3,-4]],[[4121,6379],[3,73]],[[4124,6452],[-12,-3]],[[4112,6449],[-14,50]],[[4098,6499],[-65,15]],[[4033,6514],[-19,-36]],[[4014,6478],[-2,0]],[[4012,6478],[11,35]],[[4023,6513],[5,13]],[[4028,6526],[-10,13]],[[4018,6539],[-16,24]],[[4002,6563],[-15,5]],[[3987,6568],[27,13]],[[4042,6563],[-7,-16]],[[4062,6551],[13,-1]],[[4075,6550],[2,-4]],[[4077,6546],[-11,-9]],[[4045,6568],[-24,13]],[[4076,6570],[-14,-19]],[[4062,6551],[-27,-4]],[[4035,6547],[7,16]],[[4042,6563],[3,5]],[[4045,6568],[5,14]],[[4083,6571],[-7,-1]],[[4083,6572],[-26,10]],[[4105,6575],[-14,-3]],[[4153,6582],[13,-18]],[[4166,6564],[-50,-3]],[[3284,6568],[-23,16]],[[3285,6582],[-1,-14]],[[4057,6582],[-7,0]],[[4050,6582],[-4,6]],[[4083,6583],[-26,-1]],[[4083,6572],[0,11]],[[4083,6583],[0,6]],[[4091,6584],[0,-12]],[[4091,6572],[-8,-1]],[[4083,6571],[0,1]],[[4104,6584],[-13,0]],[[4091,6584],[0,5]],[[4158,6587],[-5,-5]],[[4153,6582],[-43,2]],[[4340,6561],[-107,11]],[[4105,6575],[-1,9]],[[4104,6584],[-2,5]],[[4109,6590],[1,-6]],[[4110,6584],[6,-23]],[[4116,6561],[0,-6]],[[4116,6555],[-11,20]],[[3318,6508],[-29,71]],[[3296,6582],[14,7]],[[3465,6600],[-147,-92]],[[3459,6550],[3,10],[-22,6],[7,-11],[12,-5]],[[4014,6600],[3,-16]],[[3995,6591],[18,9]],[[4102,6592],[0,-3]],[[4102,6589],[-11,0]],[[4091,6589],[-8,0]],[[4083,6589],[-37,-1]],[[4046,6588],[18,6]],[[3721,6570],[-3,5]],[[3721,6570],[18,33]],[[3744,6604],[34,-3]],[[3782,6601],[-61,-31]],[[3733,6603],[-15,-28]],[[3718,6575],[-9,32]],[[4296,6606],[22,-40]],[[3227,6586],[2,8]],[[3234,6598],[-3,9]],[[4296,6606],[22,-40]],[[4318,6566],[22,-5]],[[4340,6561],[-107,11]],[[4233,6572],[44,33]],[[4286,6609],[10,-3]],[[3310,6589],[-14,-7]],[[3296,6582],[-7,-3]],[[3289,6579],[-4,3]],[[3285,6582],[-24,2]],[[3261,6584],[-35,-3]],[[3226,6581],[1,5]],[[3227,6586],[54,5]],[[3348,6593],[26,-2]],[[3484,6612],[-19,-12]],[[3465,6600],[-155,-11]],[[3744,6605],[0,-1]],[[3744,6604],[-5,-1]],[[3739,6603],[-6,1]],[[3733,6603],[0,1]],[[3733,6604],[-24,3]],[[3709,6607],[2,5]],[[3319,6594],[-32,-2]],[[3175,6609],[-3,2]],[[3172,6612],[2,2]],[[4011,6615],[39,-33]],[[4050,6582],[-29,-1]],[[4021,6581],[-7,0]],[[4014,6581],[-29,0]],[[3985,6581],[-2,17]],[[4017,6584],[-3,16]],[[4014,6600],[-1,0]],[[4013,6600],[-18,-9]],[[3995,6591],[22,-7]],[[4286,6609],[-9,-4]],[[4277,6605],[9,4]],[[3365,6600],[-17,-7]],[[3348,6593],[-7,0]],[[3176,6615],[50,17]],[[3204,6606],[-29,3]],[[3175,6609],[-1,6]],[[3229,6609],[-25,-3]],[[3204,6606],[22,26]],[[4252,6611],[-94,-24]],[[4158,6587],[-49,3]],[[4109,6590],[4,2]],[[4139,6609],[24,3]],[[4242,6631],[-68,-6]],[[4163,6612],[-24,-3]],[[4139,6609],[-26,-17]],[[4113,6592],[-4,4]],[[4174,6625],[-11,-13]],[[3778,6601],[-34,4]],[[3744,6605],[-7,3]],[[3781,6622],[1,-21]],[[3782,6601],[-4,0]],[[3363,6634],[-6,-10]],[[3347,6622],[-11,-2]],[[3983,6598],[28,17]],[[4011,6615],[-28,-17]],[[3683,6645],[7,-10]],[[4319,6644],[-62,-29]],[[4146,6635],[-31,-3]],[[4176,6630],[-2,-5]],[[4174,6625],[-28,10]],[[4146,6635],[-2,10]],[[3394,6590],[-20,1]],[[3374,6591],[-9,9]],[[3365,6600],[-3,4]],[[4315,6649],[4,-5]],[[4319,6644],[-71,-12]],[[3676,6653],[4,-4]],[[3458,6604],[-64,-14]],[[3394,6590],[25,61]],[[3795,6649],[-14,-27]],[[3781,6622],[-15,17]],[[3734,6608],[-23,4]],[[3711,6612],[34,48]],[[3484,6612],[-22,-6]],[[3485,6666],[-1,-54]],[[3847,6664],[-52,-15]],[[3795,6649],[-2,2]],[[3336,6620],[5,-27]],[[3341,6593],[-22,1]],[[3319,6594],[-32,-2]],[[3287,6592],[-6,-1]],[[3281,6591],[-50,16]],[[3231,6607],[-1,0]],[[3230,6607],[-1,2]],[[3229,6609],[49,24]],[[3455,6657],[7,-51]],[[3462,6606],[-4,-2]],[[3458,6604],[-39,47]],[[3419,6651],[-57,-47]],[[3362,6604],[-15,18]],[[3347,6622],[10,2]],[[3357,6624],[6,10]],[[3363,6634],[-13,7]],[[3350,6642],[0,-1]],[[3350,6641],[-25,-16]],[[3325,6625],[1,0]],[[3326,6625],[10,-5]],[[3694,6621],[-69,28]],[[4113,6642],[2,-10]],[[4115,6632],[-16,-1]],[[4092,6654],[-11,12]],[[4120,6642],[-7,0]],[[4144,6645],[-24,-3]],[[4120,6642],[1,35]],[[4240,6635],[-64,-5]],[[4176,6630],[-32,15]],[[4144,6645],[-11,30]],[[3732,6670],[-6,11]],[[4247,6636],[1,-4]],[[4248,6632],[9,-17]],[[4257,6615],[-5,-4]],[[4252,6611],[-10,20]],[[4242,6631],[-2,4]],[[4240,6635],[-107,40]],[[4133,6675],[-5,2]],[[3827,6686],[20,-22]],[[3847,6664],[-36,6]],[[3811,6670],[-18,-19]],[[3793,6651],[-27,-12]],[[3766,6639],[-29,-31]],[[3737,6608],[-3,0]],[[3734,6608],[11,52]],[[3745,6660],[-13,10]],[[3732,6670],[-6,11]],[[3726,6681],[17,-2]],[[3822,6689],[5,-3]],[[3827,6686],[-16,-16]],[[4080,6674],[1,-8]],[[4081,6666],[-15,-6]],[[4146,6683],[-15,0]],[[4145,6688],[-14,-5]],[[4131,6683],[-3,-6]],[[4128,6677],[-7,0]],[[4121,6677],[-6,0]],[[3435,6664],[-157,-31]],[[3278,6633],[-52,-1]],[[3226,6632],[4,7]],[[3237,6636],[61,26]],[[3299,6663],[14,19]],[[3457,6659],[-2,-2]],[[3455,6657],[-13,1]],[[4102,6681],[13,-4]],[[4115,6677],[-2,-35]],[[4113,6642],[-33,32]],[[4080,6674],[-20,11]],[[4060,6685],[-11,5]],[[4049,6691],[11,-6]],[[4060,6685],[6,-22]],[[4065,6663],[1,0]],[[4066,6663],[0,-3]],[[4066,6660],[26,-6]],[[4092,6654],[7,-23]],[[4099,6631],[10,-35]],[[4109,6596],[-7,-4]],[[4102,6592],[-38,2]],[[4064,6594],[-40,41]],[[4049,6690],[0,3]],[[4049,6693],[0,-2]],[[3390,6687],[-77,-5]],[[3313,6682],[2,2]],[[4315,6649],[-68,-13]],[[4247,6636],[-101,47]],[[4146,6683],[-1,5]],[[4145,6688],[1,0]],[[4256,6698],[59,-49]],[[4144,6692],[-13,0]],[[4141,6698],[3,-6]],[[4144,6692],[112,6]],[[4256,6698],[-110,-10]],[[4146,6688],[-2,4]],[[3991,6681],[6,20]],[[3720,6685],[-47,-27]],[[4131,6697],[0,-5]],[[4131,6692],[-27,-2]],[[4024,6635],[-33,46]],[[3991,6681],[6,20]],[[3997,6701],[-10,6]],[[4104,6690],[-2,-9]],[[4102,6681],[-53,12]],[[4049,6693],[0,-2]],[[4049,6691],[0,-1]],[[4049,6690],[-2,-58]],[[4046,6632],[1,0]],[[4047,6632],[-23,3]],[[3720,6685],[-28,25]],[[3717,6695],[3,-10]],[[3743,6679],[79,10]],[[3822,6689],[-79,-10]],[[3481,6715],[11,-43]],[[3442,6658],[-7,6]],[[3435,6664],[-19,25]],[[3408,6693],[-17,0]],[[3440,6695],[2,-37]],[[3450,6697],[-7,11]],[[3611,6649],[-9,78]],[[4104,6696],[0,-6]],[[4104,6690],[-117,17]],[[3987,6707],[109,1]],[[4141,6698],[-10,-1]],[[4131,6697],[-27,-1]],[[4104,6696],[-8,12]],[[4096,6708],[16,12]],[[4131,6730],[10,-32]],[[3315,6687],[14,57]],[[3394,6709],[-3,-16]],[[3391,6693],[-76,-6]],[[3698,6735],[-2,-18]],[[3731,6746],[-14,-51]],[[3717,6695],[-21,18]],[[3684,6744],[-19,-17]],[[3375,6769],[12,-20]],[[3371,6761],[4,8]],[[3375,6769],[12,-20]],[[3826,6761],[-92,-12]],[[3844,6761],[-18,0]],[[3826,6761],[-82,-4]],[[3744,6756],[0,1]],[[3744,6757],[-10,-8]],[[3734,6749],[-3,-3]],[[3731,6746],[-35,-33]],[[3696,6713],[-4,-3]],[[3692,6710],[-19,-52]],[[3673,6658],[3,-5]],[[3676,6653],[4,-4]],[[3680,6649],[3,-4]],[[3683,6645],[7,-10]],[[3690,6635],[4,-14]],[[3694,6621],[-69,28]],[[3625,6649],[-14,0]],[[3611,6649],[-9,78]],[[3602,6727],[-15,15]],[[3626,6727],[11,-20]],[[3640,6703],[41,3]],[[3687,6711],[9,6]],[[3696,6717],[2,18]],[[3698,6735],[-14,9]],[[3327,6748],[-10,34]],[[3473,6779],[4,-53]],[[3788,6777],[-56,-23]],[[3700,6765],[-5,4]],[[4131,6730],[-19,-10]],[[4112,6720],[19,10]],[[3614,6731],[-27,11]],[[3587,6742],[40,53]],[[3627,6795],[-12,-64]],[[3627,6795],[30,4]],[[3618,6730],[-3,1]],[[3615,6731],[-1,0]],[[3614,6731],[13,64]],[[3845,6786],[10,16]],[[3685,6802],[43,-16]],[[3844,6761],[-52,15]],[[3792,6776],[1,0]],[[3793,6776],[-5,1]],[[3788,6777],[0,5]],[[3788,6785],[57,1]],[[3845,6786],[10,16]],[[3855,6802],[-11,-41]],[[3365,6843],[12,-3]],[[3393,6839],[21,-10]],[[3421,6826],[5,-3]],[[3443,6779],[34,-53]],[[3477,6726],[4,-11]],[[3481,6715],[11,-43]],[[3492,6672],[-7,-6]],[[3485,6666],[-28,-7]],[[3457,6659],[-3,11]],[[3464,6684],[-21,24]],[[3443,6708],[-1,0]],[[3442,6708],[-18,-1]],[[3423,6744],[-26,87]],[[3322,6827],[-9,-7]],[[3354,6731],[9,-6]],[[3399,6713],[-5,-4]],[[3394,6709],[-65,35]],[[3329,6744],[-2,4]],[[3327,6748],[-10,34]],[[3317,6782],[-4,38]],[[3313,6820],[16,17]],[[3672,6825],[13,-23]],[[3414,6829],[7,-3]],[[3421,6826],[-7,3]],[[3397,6831],[-16,-30]],[[3376,6822],[21,9]],[[3313,6820],[9,7]],[[3322,6827],[27,12]],[[3367,6835],[9,-13]],[[3376,6822],[5,-21]],[[3381,6801],[-10,-40]],[[3371,6761],[16,-12]],[[3387,6749],[36,-5]],[[3423,6744],[1,-37]],[[3424,6707],[-25,6]],[[3399,6713],[-36,12]],[[3363,6725],[-9,6]],[[3354,6731],[-19,21]],[[3335,6752],[0,0]],[[3335,6752],[-22,68]],[[3349,6839],[18,-4]],[[3367,6835],[-18,4]],[[3473,6779],[-30,0]],[[3443,6779],[-17,44]],[[3426,6823],[47,-44]],[[3657,6799],[-7,51]],[[3662,6798],[-5,1]],[[3650,6850],[-6,9]],[[3645,6859],[-1,0]],[[3644,6859],[-63,-69],[64,70]],[[3594,6830],[1,-6],[10,3],[-8,5],[-3,-2]],[[3672,6825],[13,-23]],[[3685,6802],[43,-16]],[[3728,6786],[60,-1]],[[3788,6785],[0,-3]],[[3788,6782],[-56,-28]],[[3732,6754],[-48,-10]],[[3684,6744],[-19,-17]],[[3665,6727],[22,-16]],[[3687,6711],[-6,-5]],[[3681,6706],[-41,-3]],[[3640,6703],[-3,4]],[[3637,6707],[63,58]],[[3700,6765],[-5,4]],[[3695,6769],[-69,-42]],[[3626,6727],[-8,3]],[[3618,6730],[44,68]],[[3662,6798],[-12,52]],[[3650,6850],[-5,9]],[[3645,6859],[0,1]],[[3645,6860],[27,-35]],[[3393,6839],[-16,1]],[[3377,6840],[16,29]],[[3394,6870],[-1,-31]],[[3329,6837],[36,6]],[[3365,6843],[-36,-6]],[[3394,6870],[-1,-1]],[[3393,6869],[1,1]],[[3887,6745],[3,-1],[-2,-2],[-2,1],[1,2]],[[3450,6697],[14,-13]],[[3464,6684],[-10,-14]],[[3454,6670],[-14,25]],[[3440,6695],[10,2]],[[3408,6693],[8,-4]],[[3416,6689],[-25,-2]],[[3390,6687],[1,0]],[[3391,6687],[17,6]],[[5312,5246],[33,26]],[[5342,5136],[-191,77]],[[5510,5360],[-70,-135]],[[5614,4912],[44,-25],[-36,-44],[-41,19],[33,50]],[[5132,5073],[-25,25]],[[5112,5099],[33,-13]],[[5412,5153],[-17,-13]],[[5304,5131],[-74,-4]],[[4783,5196],[-15,-9]],[[5215,5145],[-36,43]],[[4878,5206],[-24,-19]],[[5473,5296],[-44,-76]],[[5391,5298],[15,59]],[[5510,5360],[-35,-61]],[[5456,5354],[54,6]],[[5224,5242],[-79,42]],[[5133,5298],[30,19]],[[5192,5322],[58,77],[-13,-143]],[[5240,5279],[1,1]],[[5305,5397],[31,2],[10,-31],[-77,-58],[36,87]],[[5145,5086],[-13,-13]],[[5132,5073],[-25,25]],[[5107,5098],[5,1]],[[5112,5099],[33,-13]],[[5399,5247],[4,14]],[[5408,5264],[22,16]],[[5436,5284],[-33,-41]],[[5342,5136],[17,11]],[[5369,5139],[-27,-3]],[[5250,5191],[-17,2]],[[5412,5153],[-17,-13]],[[5395,5140],[-18,-2]],[[5371,5157],[54,50]],[[5452,5191],[-40,-38]],[[5237,5256],[-13,-14]],[[5224,5242],[13,14]],[[5240,5291],[1,-11]],[[5241,5280],[-1,-1]],[[5240,5279],[-40,-6]],[[5133,5298],[12,-14]],[[5145,5284],[-12,14]],[[5192,5322],[-29,-5]],[[5163,5317],[29,5]],[[5491,5345],[-17,-2],[-3,11],[18,1],[2,-10]],[[5424,5337],[-18,20]],[[5406,5357],[42,8]],[[5356,5152],[-52,-21]],[[5304,5131],[-18,35]],[[5475,5299],[-2,-3]],[[5473,5296],[-37,-12]],[[5436,5284],[-6,-4]],[[5430,5280],[-22,-16]],[[5408,5264],[-5,-3]],[[5403,5261],[-5,5]],[[5395,5277],[44,48]],[[5442,5328],[33,-29]],[[5240,5291],[-40,-18]],[[5200,5273],[40,18]],[[5344,5233],[-47,-30]],[[5302,5198],[17,-16]],[[5319,5182],[-33,-16]],[[5286,5166],[-56,-39]],[[5230,5127],[-15,18]],[[5215,5145],[35,46]],[[5250,5191],[-17,2]],[[5233,5193],[-54,-5]],[[5179,5188],[-28,25]],[[5151,5213],[161,33]],[[5312,5246],[-86,-34],[119,60]],[[5345,5272],[46,26]],[[5391,5298],[33,39]],[[5424,5337],[24,28]],[[5448,5365],[8,-11]],[[5456,5354],[-14,-26]],[[5442,5328],[-3,-3]],[[5439,5325],[-44,-48]],[[5395,5277],[3,-11]],[[5398,5266],[1,-19]],[[5399,5247],[4,-4]],[[5403,5243],[2,-1]],[[5388,5182],[-32,-30]],[[5356,5152],[-37,30]],[[5319,5182],[39,9]],[[4783,5196],[-15,-9]],[[4768,5187],[15,9]],[[5369,5223],[-1,1]],[[5378,5228],[27,14]],[[5405,5242],[24,-22]],[[5429,5220],[-37,-34]],[[5344,5328],[-10,-42],[-75,6],[22,22],[63,14]],[[5297,5203],[5,-5]],[[5302,5198],[-5,5]],[[5392,5186],[-4,-4]],[[5388,5182],[-30,9]],[[5358,5191],[11,32]],[[5369,5223],[23,-37]],[[5378,5228],[-10,-4]],[[5368,5224],[-24,9]],[[5344,5233],[34,-5]],[[5377,5138],[-8,1]],[[5369,5139],[-10,8]],[[5359,5147],[12,10]],[[5371,5157],[6,-19]],[[5452,5191],[-27,16]],[[5425,5207],[15,18]],[[5440,5225],[12,-34]],[[4878,5206],[-24,-19]],[[4854,5187],[-29,57],[138,86],[-85,-124]],[[7510,6625],[0,4]],[[8051,6698],[21,-15]],[[7558,6769],[121,-83]],[[7732,6673],[14,5],[3,-55],[-13,3],[-4,47]],[[7619,6679],[60,7]],[[7679,6686],[47,-36]],[[7993,6688],[0,5]],[[8011,6694],[40,4]],[[8051,6698],[-1,-5]],[[7502,6728],[56,41]],[[7558,6769],[5,-42]],[[7933,6682],[3,5]],[[7987,6693],[2,-23]],[[7993,6657],[6,1]],[[8036,6664],[-15,-33]],[[8021,6631],[-6,-1]],[[7999,6629],[-5,17]],[[7933,6682],[56,-12]],[[7989,6670],[4,-13]],[[7993,6657],[1,-11]],[[7994,6646],[-21,-19]],[[7973,6626],[-40,56]],[[7973,6626],[0,1]],[[7973,6627],[26,2]],[[7999,6629],[16,1]],[[8015,6630],[6,1]],[[8021,6631],[15,33]],[[8036,6664],[-37,-6]],[[7999,6658],[-6,30]],[[7993,6688],[57,5]],[[8050,6693],[22,-10]],[[8072,6683],[3,-10]],[[8087,6647],[1,-5]],[[7981,6580],[-8,46]],[[8011,6694],[-18,-1]],[[7993,6693],[-6,0]],[[7987,6693],[-51,-6]],[[7936,6687],[75,7]],[[7502,6728],[61,-1]],[[7563,6727],[56,-48]],[[7619,6679],[14,-30]],[[7580,6637],[-70,-8]],[[7510,6629],[-5,20]],[[7505,6650],[-3,78]],[[7511,6619],[-1,4]],[[7510,6623],[70,14]],[[7589,6597],[-80,22]],[[8075,6673],[12,-26]],[[8087,6647],[-12,26]],[[7580,6637],[52,12]],[[7632,6649],[1,0]],[[7633,6649],[93,1]],[[7726,6650],[-137,-53]],[[7589,6597],[-9,40]],[[7981,6580],[107,62]],[[8088,6642],[-107,-62]],[[2263,6114],[-67,-72],[-34,120]],[[2251,6167],[3,-3]],[[2255,6147],[-3,2]],[[2238,6161],[6,8]],[[2251,6167],[-9,-9]],[[2162,6162],[10,8]],[[2274,6127],[-11,-13]],[[2263,6114],[-101,48]],[[1898,6073],[161,111]],[[2245,6169],[-1,0]],[[2244,6169],[-6,-8]],[[2238,6161],[4,-3]],[[2242,6158],[10,-9]],[[2252,6149],[3,-2]],[[2255,6147],[-1,17]],[[2254,6164],[-3,3]],[[2261,6178],[-14,9]],[[2331,6188],[-57,-61]],[[2274,6127],[-102,43]],[[2172,6170],[7,7]],[[2214,6180],[18,-3]],[[2297,6178],[-2,-4],[1,-1],[4,3],[-3,2]],[[2179,6177],[82,1]],[[2261,6178],[-10,-11]],[[2251,6167],[-6,2]],[[2245,6169],[-13,8]],[[2232,6177],[-18,3]],[[2214,6180],[-35,-3]],[[2338,6196],[0,0]],[[2315,6208],[23,-12]],[[2309,6212],[6,-4]],[[2315,6208],[-2,-1]],[[2161,6163],[-263,-90]],[[1898,6073],[161,111]],[[2059,6184],[21,28]],[[2136,6169],[-19,-9],[22,-12],[13,12],[-16,9]],[[2145,6208],[15,-14]],[[2231,6202],[7,36]],[[2087,6221],[14,21]],[[2059,6250],[26,-28]],[[2165,6234],[25,-37]],[[2172,6181],[-10,5]],[[2155,6190],[5,4]],[[2160,6194],[-15,14]],[[2145,6208],[-23,24]],[[2041,6257],[18,-7]],[[2059,6250],[26,-28]],[[2085,6222],[-6,-9]],[[2120,6242],[-4,-7]],[[2116,6235],[-15,7]],[[2101,6242],[15,20]],[[2179,6253],[13,12]],[[2197,6265],[2,-1]],[[2193,6258],[-9,-9]],[[2309,6250],[0,-38]],[[2309,6212],[-2,-3]],[[2041,6257],[38,-44]],[[2079,6213],[-38,44]],[[2422,6258],[-1,-2]],[[2421,6256],[-1,0]],[[2420,6256],[-9,6]],[[2411,6262],[-2,0]],[[2409,6262],[-12,4]],[[2397,6266],[-3,-3]],[[2394,6263],[-4,-5]],[[2390,6258],[-1,-2]],[[2389,6256],[-5,-6]],[[2194,6266],[-2,-1]],[[2192,6265],[-13,-12]],[[2179,6253],[5,-4]],[[2184,6249],[9,9]],[[2193,6258],[6,6]],[[2199,6264],[1,0]],[[2156,6244],[-3,28]],[[2120,6273],[-18,-2]],[[2338,6270],[-21,-16]],[[2489,6271],[-13,-4]],[[2476,6267],[-2,0]],[[2474,6267],[0,3]],[[2474,6270],[0,2]],[[2474,6272],[2,4]],[[2476,6276],[-1,2]],[[2475,6278],[-3,1]],[[2382,6300],[-44,-19]],[[2251,6285],[-19,-29]],[[2204,6270],[16,23]],[[2255,6298],[-27,9]],[[2552,6298],[-56,-28]],[[2263,6290],[-12,-5]],[[2251,6285],[4,13]],[[2255,6298],[2,3]],[[2122,6273],[-2,0]],[[2120,6273],[-18,-2]],[[2102,6271],[-46,20]],[[2378,6304],[-44,-20]],[[2496,6270],[-7,1]],[[2489,6271],[-1,2]],[[2543,6310],[-47,-40]],[[2112,6315],[2,0]],[[2670,6317],[-8,-3]],[[2105,6308],[54,-19]],[[2177,6273],[-24,-1]],[[2153,6272],[3,-28]],[[2156,6244],[57,15]],[[2251,6237],[-13,1]],[[2238,6238],[-7,-36]],[[2231,6202],[81,-5]],[[2329,6190],[-82,-3]],[[2247,6187],[-82,47]],[[2165,6234],[-43,-2]],[[2122,6232],[33,-42]],[[2155,6190],[7,-4]],[[2162,6186],[10,-5]],[[2172,6181],[18,16]],[[2190,6197],[-29,-34]],[[2161,6163],[-81,49]],[[2080,6212],[7,9]],[[2087,6221],[29,14]],[[2116,6235],[4,7]],[[2120,6242],[-4,20]],[[2116,6262],[6,11]],[[2122,6273],[-46,39]],[[2215,6296],[-17,-23]],[[2169,6290],[3,4]],[[2246,6308],[-16,1]],[[2239,6322],[-9,-13]],[[2230,6309],[-2,-2]],[[2228,6307],[-8,-14]],[[2220,6293],[-5,3]],[[2215,6296],[9,16]],[[2165,6297],[-3,-4]],[[2078,6315],[-2,-3]],[[2076,6312],[-20,-21]],[[2056,6291],[-22,9]],[[2089,6327],[3,-2]],[[2110,6317],[2,-2]],[[2112,6315],[-7,-7]],[[2105,6308],[-23,12]],[[2589,6319],[0,-4]],[[2537,6312],[-49,-39]],[[2488,6273],[-16,6]],[[2472,6279],[-2,-3]],[[2470,6276],[0,-1]],[[2470,6275],[-4,-3]],[[2466,6272],[0,-1]],[[2466,6271],[-2,-2]],[[2464,6269],[-2,-2]],[[2462,6267],[-7,-12]],[[2455,6255],[-3,1]],[[2452,6256],[-1,1]],[[2451,6257],[-4,0]],[[2447,6257],[-3,1]],[[2444,6258],[-13,1]],[[2431,6259],[-4,5]],[[2427,6264],[-1,-1]],[[2034,6300],[-15,7]],[[2050,6325],[-16,-25]],[[2487,6328],[-27,-11]],[[2682,6331],[-4,-10]],[[2678,6321],[-1,0]],[[2237,6322],[-7,1]],[[2089,6327],[-7,-7]],[[2082,6320],[-4,-5]],[[2078,6315],[-4,1]],[[2682,6331],[-9,-8]],[[2651,6332],[31,-1]],[[2667,6318],[-5,-4]],[[2662,6314],[-51,24]],[[2435,6304],[-38,-8]],[[2589,6319],[0,-4]],[[2589,6315],[-24,-8]],[[2574,6340],[15,-21]],[[2601,6341],[-7,2]],[[2653,6348],[-2,-12]],[[2651,6348],[0,-12]],[[2651,6336],[0,-4]],[[2651,6332],[0,-3]],[[2644,6332],[-3,14]],[[2079,6332],[-5,-16]],[[2074,6316],[-24,9]],[[2050,6325],[-31,-18]],[[2019,6307],[22,46]],[[2047,6349],[32,-17]],[[2239,6347],[-26,-20],[-21,2],[5,27],[42,-9]],[[2161,6329],[4,12]],[[2584,6347],[-10,-7]],[[2574,6340],[-9,-33]],[[2565,6307],[-13,-9]],[[2552,6298],[-9,12]],[[2543,6310],[-6,2]],[[2537,6312],[-50,16]],[[2487,6328],[-20,2]],[[2498,6365],[51,-7]],[[2616,6341],[28,-9]],[[2644,6332],[7,-3]],[[2651,6329],[22,-6]],[[2673,6323],[4,-2]],[[2677,6321],[-3,-2]],[[2674,6319],[-4,-2]],[[2670,6317],[-3,1]],[[2667,6318],[-56,20]],[[2611,6338],[-10,3]],[[2601,6341],[-7,2]],[[2594,6343],[-10,4]],[[2584,6347],[-35,11]],[[2549,6358],[-51,7]],[[2498,6365],[-11,2]],[[2319,6366],[0,-59]],[[2368,6324],[3,43]],[[2409,6377],[-1,-2]],[[2407,6375],[1,0]],[[2408,6375],[10,-17]],[[2394,6341],[-26,-17]],[[2177,6366],[-2,-6]],[[2381,6382],[-10,-15]],[[2371,6367],[-7,3]],[[2566,6377],[1,-1]],[[2567,6376],[13,1]],[[2580,6377],[0,1]],[[2608,6344],[-106,25]],[[2651,6350],[-11,-1]],[[2113,6381],[25,-19]],[[2584,6384],[6,0]],[[2590,6384],[4,0]],[[2594,6384],[5,0]],[[2594,6384],[5,0]],[[2599,6384],[1,0]],[[2647,6384],[-7,-35]],[[2640,6349],[1,-3]],[[2641,6346],[-25,-5]],[[2616,6341],[-8,3]],[[2608,6344],[-28,34]],[[2580,6378],[2,1]],[[2582,6379],[2,3]],[[2584,6382],[0,2]],[[2584,6384],[10,0]],[[2489,6371],[-2,-4]],[[2487,6367],[-20,-37]],[[2461,6331],[-13,7]],[[2485,6389],[-31,-43]],[[2251,6391],[3,-1]],[[2254,6390],[4,0]],[[2258,6390],[19,-6]],[[2277,6384],[1,0]],[[2261,6349],[10,-14]],[[2279,6328],[40,-21]],[[2319,6307],[49,17]],[[2368,6324],[26,17]],[[2394,6341],[24,17]],[[2418,6358],[15,16]],[[2468,6369],[-14,-23]],[[2454,6346],[-6,-8]],[[2448,6338],[-51,-42]],[[2397,6296],[38,7]],[[2435,6303],[0,1]],[[2435,6304],[26,27]],[[2461,6331],[6,-1]],[[2467,6330],[-7,-13]],[[2460,6317],[-34,-54]],[[2426,6263],[-1,-1]],[[2425,6262],[-3,-4]],[[2422,6258],[-38,-8]],[[2384,6250],[-1,-1]],[[2383,6249],[-45,21]],[[2338,6270],[-21,-16]],[[2317,6254],[-8,-4]],[[2309,6250],[-62,2]],[[2239,6255],[24,35]],[[2263,6290],[-6,11]],[[2257,6301],[-11,7]],[[2246,6308],[-7,14]],[[2239,6322],[-2,0]],[[2237,6322],[-7,1]],[[2230,6323],[-6,-11]],[[2224,6312],[-52,-18]],[[2172,6294],[-3,-4]],[[2162,6293],[3,4]],[[2165,6297],[-51,25]],[[2050,6355],[93,2]],[[2156,6362],[19,-2]],[[2175,6360],[-10,-19]],[[2165,6341],[-4,-12]],[[2161,6329],[29,30]],[[2227,6369],[30,0]],[[2219,6392],[7,-1]],[[2226,6391],[25,0]],[[2228,6363],[-31,-7],[-5,-27],[53,20],[-17,14]],[[2334,6284],[4,-3]],[[2338,6281],[44,19]],[[2382,6300],[-4,4]],[[2378,6304],[-44,-20]],[[2227,6369],[-37,-10]],[[2190,6359],[-13,7]],[[2177,6366],[-4,11]],[[2197,6393],[1,0]],[[2198,6393],[1,0]],[[2199,6393],[20,-1]],[[2219,6392],[0,-1]],[[2219,6391],[38,-22]],[[2257,6369],[-30,0]],[[2479,6390],[-3,-6]],[[2473,6390],[2,1]],[[2364,6370],[-42,-1]],[[2373,6383],[-9,-13]],[[2109,6385],[-55,-26]],[[2279,6328],[-8,7]],[[2271,6335],[-10,14]],[[2261,6349],[17,35]],[[2278,6384],[7,6]],[[2285,6390],[1,2]],[[2286,6392],[3,2]],[[2289,6394],[1,0]],[[2312,6372],[-33,-44]],[[2312,6372],[-22,22]],[[2301,6393],[21,-24]],[[2322,6369],[-3,-3]],[[2319,6366],[-7,6]],[[2669,6376],[-4,1]],[[2654,6380],[-7,4]],[[2647,6384],[-1,2]],[[2129,6380],[-16,1]],[[2113,6381],[-4,4]],[[2109,6385],[-28,8]],[[2083,6398],[1,0]],[[2468,6369],[-35,5]],[[2433,6374],[-24,3]],[[2409,6377],[-28,5]],[[2381,6382],[-8,1]],[[2373,6383],[-72,10]],[[2301,6393],[-11,1]],[[2290,6394],[1,2]],[[2291,6396],[3,3]],[[2384,6386],[53,-8]],[[2471,6374],[-3,-5]],[[2173,6377],[-17,-15]],[[2156,6362],[-13,-5]],[[2143,6357],[-5,5]],[[2138,6362],[-9,18]],[[2129,6380],[1,3]],[[2140,6395],[21,9]],[[2172,6412],[25,-19]],[[2197,6393],[-2,-2]],[[2195,6391],[-22,-14]],[[2173,6377],[-12,27]],[[2161,6404],[11,8]],[[2646,6386],[-46,-2]],[[2600,6384],[0,1]],[[2600,6385],[0,11]],[[2600,6396],[0,1]],[[2600,6397],[-3,15]],[[2641,6394],[5,-8]],[[2139,6393],[-9,-10]],[[2130,6383],[-46,15]],[[2084,6398],[10,14]],[[2116,6407],[1,-1]],[[2134,6399],[6,-4]],[[2140,6395],[-1,-2]],[[2139,6393],[-44,18]],[[2409,6422],[1,-2]],[[2410,6420],[0,-6]],[[2410,6414],[0,-1]],[[2410,6413],[5,-11]],[[2415,6402],[1,0]],[[2416,6402],[1,0]],[[2417,6402],[2,0]],[[2419,6402],[13,-4]],[[2480,6393],[17,23]],[[2098,6414],[-3,-3]],[[2095,6411],[-1,1]],[[2094,6412],[-11,-14]],[[2083,6398],[-2,-5]],[[2081,6393],[-27,-34]],[[2054,6359],[-4,-4]],[[2050,6355],[64,-33]],[[2114,6322],[48,-29]],[[2162,6293],[7,-3]],[[2169,6290],[29,-17]],[[2198,6273],[6,-3]],[[2204,6270],[28,-14]],[[2232,6256],[7,-1]],[[2239,6255],[8,-3]],[[2247,6252],[60,-43]],[[2307,6209],[6,-2]],[[2313,6207],[25,-11]],[[2338,6196],[-7,-8]],[[2331,6188],[-2,2]],[[2329,6190],[-17,7]],[[2312,6197],[-61,40]],[[2251,6237],[-38,22]],[[2213,6259],[-13,5]],[[2200,6264],[-3,1]],[[2197,6265],[-3,1]],[[2194,6266],[-17,7]],[[2177,6273],[-18,16]],[[2159,6289],[-45,26]],[[2114,6315],[-4,2]],[[2110,6317],[-18,8]],[[2092,6325],[-3,2]],[[2089,6327],[-10,5]],[[2079,6332],[-32,17]],[[2047,6349],[-6,4]],[[2041,6353],[2,2]],[[2043,6355],[1,1]],[[2044,6356],[59,70]],[[2103,6426],[1,0]],[[2104,6426],[1,-2]],[[2104,6422],[-1,-2]],[[2330,6393],[-7,0]],[[2560,6391],[5,-1]],[[2565,6390],[1,1]],[[2566,6391],[1,0]],[[2567,6391],[9,-3]],[[2576,6388],[1,0]],[[2577,6388],[1,-4]],[[2514,6429],[31,-10]],[[2545,6419],[0,-1]],[[2545,6418],[18,-18]],[[2563,6400],[1,-1]],[[2564,6399],[1,-5]],[[2565,6394],[-5,0]],[[2560,6394],[0,-3]],[[2432,6398],[14,-4]],[[2446,6394],[5,-1]],[[2451,6393],[19,-4]],[[2470,6389],[2,1]],[[2472,6390],[1,0]],[[2473,6390],[3,-6]],[[2476,6384],[-5,-10]],[[2471,6374],[-34,4]],[[2437,6378],[-53,8]],[[2384,6386],[-8,2]],[[2408,6430],[0,-2]],[[2408,6428],[0,-1]],[[2408,6427],[0,0]],[[2408,6427],[1,-5]],[[2409,6422],[23,-24]],[[2670,6382],[-16,3]],[[2400,6428],[2,-1]],[[2402,6427],[3,1]],[[2405,6428],[1,1]],[[2406,6429],[1,1]],[[2408,6430],[-1,0]],[[2407,6430],[-31,-42]],[[2376,6388],[-46,5]],[[2330,6393],[-7,0]],[[2323,6393],[-29,6]],[[2294,6399],[1,2]],[[2295,6401],[4,13]],[[2299,6414],[0,3]],[[2299,6417],[18,4]],[[2317,6421],[0,-1]],[[2317,6420],[2,-2]],[[2319,6418],[0,-1]],[[2319,6417],[-1,-1]],[[2318,6416],[4,0]],[[2322,6416],[6,0]],[[2328,6416],[2,0]],[[2330,6416],[0,8]],[[2330,6424],[1,1]],[[2331,6425],[5,2]],[[2336,6427],[5,0]],[[2341,6427],[1,2]],[[2342,6429],[1,2]],[[2343,6431],[14,-5]],[[2357,6426],[1,0]],[[2358,6426],[17,-5]],[[2375,6421],[3,3]],[[2378,6424],[1,1]],[[2379,6425],[1,1]],[[2380,6426],[2,1]],[[2382,6427],[1,0]],[[2383,6427],[1,1]],[[2384,6428],[1,0]],[[2385,6428],[6,5]],[[2391,6433],[1,1]],[[2392,6434],[2,1]],[[2394,6435],[5,-1]],[[2399,6434],[1,-6]],[[2502,6369],[-13,2]],[[2489,6371],[-4,18]],[[2485,6389],[-6,1]],[[2479,6390],[-4,1]],[[2475,6391],[5,2]],[[2480,6393],[17,23]],[[2497,6416],[17,13]],[[2514,6429],[64,-45]],[[2578,6384],[-12,-7]],[[2566,6377],[-64,-8]],[[2600,6433],[0,1]],[[2600,6434],[-5,13]],[[2597,6421],[3,12]],[[2728,6476],[3,-39]],[[2746,6425],[14,-6]],[[2760,6419],[-2,-3]],[[2758,6416],[-105,-68]],[[2653,6348],[-2,0]],[[2651,6348],[0,2]],[[2651,6350],[3,30]],[[2654,6380],[11,-3]],[[2665,6377],[4,-1]],[[2669,6376],[1,6]],[[2670,6382],[-16,3]],[[2654,6385],[-13,9]],[[2641,6394],[-44,18]],[[2597,6412],[2,1]],[[2599,6413],[0,2]],[[2599,6415],[-2,6]],[[2597,6421],[-2,26]],[[2595,6447],[0,1]],[[2595,6448],[-19,13]],[[2576,6461],[0,2]],[[2576,6463],[9,16]],[[2609,6480],[31,-27]],[[2737,6516],[50,-24]],[[2732,6386],[0,-5],[24,36],[-29,7],[5,-38]],[[2713,6522],[24,-6]],[[2737,6516],[-20,-28]],[[2640,6453],[-31,27]],[[2609,6480],[-24,-1]],[[2585,6479],[11,31]],[[2596,6510],[4,0]],[[2600,6510],[18,17]],[[2618,6527],[4,0]],[[2622,6527],[91,-5]],[[2713,6522],[4,-34]],[[2717,6488],[-77,-35]],[[2105,6424],[29,-25]],[[2134,6399],[-17,7]],[[2117,6406],[-1,1]],[[2116,6407],[-18,7]],[[2098,6414],[5,6]],[[2103,6420],[1,2]],[[2104,6422],[1,2]],[[1872,7391],[-2,-2]],[[1870,7389],[-10,-8]],[[1860,7381],[-1,-1]],[[1859,7380],[-9,-12]],[[1850,7368],[-1,-3]],[[1849,7365],[-1,-2]],[[1848,7363],[-2,-2]],[[1846,7361],[-6,2]],[[1840,7363],[-1,0]],[[1839,7363],[-2,1]],[[1837,7364],[-2,-1]],[[1835,7363],[-3,0]],[[1832,7363],[-2,1]],[[1830,7364],[-6,-12]],[[1808,7358],[16,-6]],[[1824,7352],[0,-5]],[[1824,7347],[-109,39]],[[1715,7386],[0,3]],[[1715,7389],[2,33]],[[2027,7394],[-2,-2]],[[2022,7390],[-4,-2]],[[2017,7387],[-4,-4]],[[2013,7382],[-1,-3]],[[2012,7379],[-3,-2]],[[1859,7398],[-51,-40]],[[1808,7358],[-7,3]],[[1904,7448],[6,4]],[[1895,7422],[-12,-1]],[[1872,7391],[-13,7]],[[1859,7398],[24,23]],[[1883,7421],[3,-5]],[[1886,7416],[-5,-3]],[[1881,7413],[5,-5]],[[1886,7408],[1,-1]],[[1887,7407],[-5,-2]],[[1882,7405],[-1,0]],[[1881,7405],[0,-2]],[[1881,7403],[-1,-1]],[[1880,7402],[-3,-6]],[[1877,7396],[-3,-3]],[[1874,7393],[-2,-2]],[[2053,7451],[-12,-55]],[[2040,7396],[-2,0]],[[1986,7391],[-1,0]],[[1985,7391],[-34,0]],[[1951,7391],[0,-1]],[[1951,7390],[-14,-16]],[[1937,7374],[-16,11]],[[1921,7385],[-4,2]],[[1917,7387],[1,1]],[[1918,7388],[-2,8]],[[1916,7396],[1,1]],[[1917,7397],[9,1]],[[1926,7398],[2,1]],[[1928,7399],[4,5]],[[1932,7404],[2,0]],[[1934,7404],[6,9]],[[1940,7413],[-3,0]],[[1937,7413],[-9,-1]],[[1928,7412],[-9,8]],[[1919,7420],[-4,2]],[[1915,7422],[-8,-5]],[[1907,7417],[-2,-2]],[[1905,7415],[-9,4]],[[1896,7419],[1,1]],[[1897,7420],[-2,2]],[[1895,7422],[15,30]],[[1910,7452],[49,35]],[[2005,7375],[-7,-4]],[[1997,7370],[-2,-1]],[[1995,7368],[1,17]],[[1996,7385],[-1,2]],[[1995,7387],[7,6]],[[2002,7393],[-2,2]],[[2000,7395],[-14,-4]],[[2009,7423],[0,-46]],[[2009,7377],[-3,-2]],[[2005,7375],[0,0]],[[2005,7375],[-46,112]],[[1959,7487],[26,-17]],[[2009,7423],[-1,16]],[[2017,7432],[-8,-9]],[[2017,7432],[2,6]],[[2035,7430],[-18,2]],[[2035,7430],[1,5]],[[2042,7479],[11,-28]],[[2053,7451],[-18,-55]],[[2032,7396],[-3,-1]],[[2028,7394],[-1,0]],[[2027,7394],[8,36]],[[1801,7361],[-84,61]],[[1717,7422],[-5,11]],[[1748,7516],[156,-68]],[[1904,7448],[-103,-87]],[[2042,7479],[-6,-44]],[[2036,7435],[-17,3]],[[2019,7438],[-11,1]],[[2008,7439],[-23,31]],[[1985,7470],[57,9]],[[1788,7525],[-34,-7]],[[1909,7530],[-81,-15]],[[1932,7551],[-21,-17]],[[1672,7507],[-21,25]],[[1857,7546],[-29,-31]],[[1828,7515],[-14,1]],[[1872,7562],[-15,-16]],[[1857,7546],[-11,13]],[[1572,7550],[-7,44]],[[1631,7536],[-56,-3]],[[1575,7533],[0,6]],[[1575,7539],[-1,2]],[[1574,7541],[-1,1]],[[1573,7542],[-1,2]],[[1572,7544],[0,1]],[[1572,7545],[1,1]],[[1573,7546],[-1,4]],[[1942,7561],[-10,-10]],[[1932,7551],[-47,8]],[[1886,7559],[-1,0]],[[1885,7559],[-1,-1]],[[1651,7532],[-20,4]],[[1631,7536],[-66,58]],[[1565,7594],[-5,16]],[[1579,7601],[72,-69]],[[1951,7579],[-9,-18]],[[1942,7561],[-35,20]],[[1903,7580],[-26,-8]],[[1841,7562],[-31,24]],[[1629,7598],[-50,3]],[[1579,7601],[-3,1]],[[1890,7592],[-24,34]],[[1892,7638],[29,-10]],[[1963,7603],[-12,-24]],[[1951,7579],[-44,2]],[[1907,7581],[-4,0]],[[1903,7580],[0,1]],[[1903,7581],[-9,7]],[[1921,7628],[42,-25]],[[1963,7603],[-42,25]],[[2172,7593],[-68,65]],[[2095,7666],[-63,-95]],[[1804,7620],[-16,0]],[[1782,7625],[-6,12]],[[1618,7669],[4,2]],[[1624,7672],[3,1]],[[1627,7674],[1,1]],[[1626,7676],[-2,3]],[[2032,7571],[-9,27]],[[2073,7687],[-41,-116]],[[1622,7609],[-46,-7]],[[1576,7602],[-16,8]],[[1560,7610],[-30,34]],[[1583,7665],[14,0]],[[1602,7665],[16,4]],[[1618,7669],[35,-53]],[[2146,7625],[26,-32]],[[2172,7593],[-68,65]],[[2104,7658],[14,15]],[[1808,7624],[-16,13]],[[1757,7668],[50,14]],[[1523,7645],[-1,0]],[[1522,7645],[-11,-3]],[[1511,7642],[-1,4]],[[1510,7646],[0,2]],[[1510,7648],[-3,1]],[[1507,7649],[-2,1]],[[1505,7650],[-3,3]],[[1877,7572],[7,-14]],[[1884,7558],[27,-24]],[[1911,7534],[-2,-4]],[[1909,7530],[-37,32]],[[1872,7562],[-26,-3]],[[1846,7559],[-5,3]],[[1841,7562],[-31,24]],[[1810,7586],[4,-70]],[[1814,7516],[-26,9]],[[1788,7525],[-34,-7]],[[1754,7518],[-6,-2]],[[1748,7516],[-36,-83]],[[1712,7433],[-96,36]],[[1616,7469],[-5,8]],[[1611,7477],[-1,1]],[[1610,7478],[62,29]],[[1672,7507],[-43,91]],[[1629,7598],[-7,11]],[[1622,7609],[31,7]],[[1653,7616],[149,-27],[-177,90]],[[1624,7679],[-4,4]],[[1577,7731],[-5,8]],[[1572,7740],[2,1]],[[1574,7743],[0,6]],[[1823,7768],[-2,-12]],[[1728,7692],[29,-24]],[[1757,7668],[35,-31]],[[1792,7637],[-11,3]],[[1780,7639],[-4,-2]],[[1776,7637],[6,-12]],[[1782,7625],[6,-5]],[[1788,7620],[16,0]],[[1804,7620],[4,4]],[[1808,7624],[55,8]],[[1887,7643],[5,-5]],[[1892,7638],[-26,-12]],[[1866,7626],[24,-34]],[[1890,7592],[4,-4]],[[1894,7588],[-17,-16]],[[2155,7632],[-9,-7]],[[2146,7625],[-28,48]],[[2118,7673],[39,-5]],[[2069,7691],[-46,-93]],[[2023,7598],[-28,77]],[[2155,7632],[2,35]],[[2206,7679],[-51,-47]],[[2206,7679],[-49,-12]],[[2157,7667],[0,1]],[[2157,7668],[49,11]],[[1863,7632],[-56,50]],[[1807,7682],[64,18]],[[1875,7696],[12,-53]],[[1887,7643],[-24,-11]],[[1578,7670],[0,-1]],[[1581,7666],[1,-1]],[[1582,7665],[-52,-21]],[[1530,7644],[-1,1]],[[1529,7645],[-2,0]],[[1527,7645],[-3,0]],[[1524,7645],[-1,0]],[[1523,7645],[-21,8]],[[1502,7653],[-1,1]],[[1501,7654],[-7,0]],[[1494,7654],[-17,9]],[[1477,7663],[-2,1]],[[1475,7664],[-1,2]],[[1474,7666],[0,3]],[[1474,7669],[2,0]],[[1476,7669],[1,0]],[[1477,7669],[0,2]],[[1477,7671],[0,3]],[[1489,7674],[11,1]],[[1501,7675],[3,-1]],[[1504,7675],[1,1]],[[1504,7677],[-1,1]],[[1501,7678],[-1,1]],[[1500,7681],[1,9]],[[1502,7691],[3,2]],[[1511,7694],[0,-1]],[[1513,7693],[2,-3]],[[1517,7688],[4,-2]],[[1522,7686],[3,0]],[[1520,7671],[19,-2]],[[1539,7669],[-19,2]],[[1520,7671],[8,15]],[[1530,7685],[6,5]],[[1538,7690],[2,-1]],[[1541,7688],[25,-19]],[[1567,7669],[3,9]],[[1573,7681],[2,1]],[[1577,7682],[1,2]],[[1579,7685],[1,2]],[[1582,7688],[1,0]],[[1584,7689],[3,4]],[[1589,7696],[0,-1]],[[1590,7695],[2,0]],[[1586,7687],[-8,-7]],[[1578,7679],[-1,0]],[[1576,7678],[-2,-1]],[[1575,7673],[2,-3]],[[1578,7670],[-39,-1]],[[1781,7640],[-1,-1]],[[1780,7639],[-94,81],[95,-80]],[[2022,7693],[-27,-18]],[[1995,7675],[-10,7]],[[2050,7710],[-28,-17]],[[2022,7693],[-27,-18]],[[1875,7696],[-4,4]],[[1871,7700],[4,-4]],[[1720,7700],[-10,9]],[[1985,7682],[-9,23]],[[2040,7719],[-55,-37]],[[2018,7715],[-30,-3]],[[1754,7720],[-26,-28]],[[1728,7692],[-8,8]],[[1720,7700],[-10,9]],[[1710,7709],[-2,1]],[[1620,7683],[-9,8]],[[1609,7693],[-4,1]],[[1600,7694],[-6,17]],[[1592,7713],[-4,6]],[[1586,7721],[-8,10]],[[1577,7731],[43,-48]],[[2097,7679],[-2,-13]],[[2095,7666],[-22,21]],[[2073,7687],[-4,4]],[[2069,7691],[-19,19]],[[2050,7710],[-10,9]],[[2040,7719],[-13,14]],[[1971,7789],[0,14]],[[2051,7726],[-14,13]],[[2027,7733],[-9,-18]],[[2018,7715],[-30,-3]],[[1988,7712],[-12,-7]],[[1976,7705],[-31,69]],[[1995,7765],[32,-32]],[[1991,7736],[-9,10],[10,10],[13,-10],[-14,-10]],[[1613,7757],[-26,-14]],[[2202,7771],[16,10]],[[2239,7782],[16,3]],[[2275,7821],[8,-2]],[[2167,7739],[-70,-60]],[[2097,7679],[-46,47]],[[2051,7726],[23,15]],[[2013,7763],[-5,4]],[[2133,7781],[39,-23]],[[2095,7730],[8,15],[-7,3],[-10,-8],[9,-10]],[[1754,7720],[-46,-10]],[[1708,7710],[113,46]],[[1821,7756],[-67,-36]],[[1689,7758],[-42,25]],[[2074,7741],[-37,-2]],[[2037,7739],[-24,24]],[[2013,7763],[61,-22]],[[1611,7758],[-24,-15]],[[1587,7743],[-13,8]],[[1574,7751],[1,2]],[[1576,7759],[2,7]],[[1578,7767],[0,7]],[[1611,7758],[-7,8]],[[2172,7758],[30,13]],[[2202,7771],[-30,-13]],[[1613,7757],[-2,1]],[[1611,7758],[0,12]],[[1613,7772],[12,-1]],[[1626,7771],[-1,0]],[[1625,7771],[-12,-14]],[[1995,7765],[-50,9]],[[1945,7774],[26,15]],[[1971,7789],[24,-24]],[[1601,7786],[12,-14]],[[1613,7772],[-2,-2]],[[1611,7770],[-7,-4]],[[1604,7766],[-15,18]],[[2283,7819],[-116,-80]],[[2167,7739],[116,80]],[[2008,7767],[-37,36]],[[1971,7803],[162,-22]],[[2133,7781],[-125,-14]],[[2218,7781],[21,1]],[[2239,7782],[-21,-1]],[[1689,7758],[-42,25]],[[1647,7783],[42,-25]],[[1729,7808],[-10,41]],[[1735,7838],[-18,-41]],[[1717,7797],[12,11]],[[1729,7808],[-12,-11]],[[2275,7821],[-20,-36]],[[2255,7785],[20,36]],[[1679,7858],[-68,-67]],[[1579,7790],[1,5]],[[1580,7807],[-1,3]],[[1579,7812],[-8,10]],[[1567,7823],[-37,28]],[[1536,7852],[1,3]],[[1537,7856],[-2,2]],[[1534,7859],[-9,4]],[[1823,7768],[3,91]],[[1933,7825],[-110,-57]],[[1705,7901],[7,-3]],[[1684,7863],[-5,-5]],[[1679,7858],[-68,-67]],[[1611,7791],[-10,-5]],[[1601,7786],[-12,-2]],[[1589,7784],[-11,-6]],[[1578,7780],[1,4]],[[1579,7784],[22,14]],[[1674,7868],[-66,-67]],[[1826,7859],[-1,1]],[[1832,7862],[-6,-3]],[[1525,7863],[0,-1]],[[1524,7862],[-2,-8]],[[1522,7853],[-5,-4]],[[1515,7848],[-8,-6]],[[1507,7839],[-1,-3]],[[1503,7832],[-4,-4]],[[1498,7828],[-5,3]],[[1492,7831],[-21,36]],[[1473,7869],[2,3]],[[1476,7873],[12,8]],[[1489,7881],[10,-7]],[[1500,7874],[12,2]],[[1514,7876],[8,1]],[[1524,7878],[1,1]],[[1527,7879],[4,1]],[[1533,7880],[6,1]],[[1548,7877],[-23,-14]],[[1823,7862],[-43,-2]],[[1735,7838],[-16,11]],[[1719,7849],[-35,14]],[[1684,7863],[5,5]],[[1724,7853],[11,-15]],[[1724,7853],[-5,4]],[[1731,7859],[-7,-6]],[[1944,7830],[-11,-5]],[[1933,7825],[-71,76]],[[1780,7860],[-38,8]],[[1816,7866],[-36,-6]],[[1755,7880],[-9,-8]],[[1641,7883],[-7,1]],[[1727,7864],[-8,-7]],[[1719,7857],[-30,11]],[[1689,7868],[22,30]],[[1691,7887],[-12,-14]],[[1749,7884],[-6,13]],[[1944,7830],[-74,80]],[[1899,7953],[45,-123]],[[1650,7897],[-2,-6]],[[1247,8204],[-16,3]],[[1231,8210],[-5,22]],[[1225,8233],[0,11]],[[1265,8196],[-18,8]],[[1247,8204],[-22,40]],[[1225,8244],[5,4]],[[1234,8248],[19,2]],[[1253,8250],[20,5]],[[1282,8253],[22,-38]],[[1350,8108],[-6,0]],[[1343,8107],[-5,1]],[[1337,8109],[-8,7]],[[1326,8118],[-9,7]],[[1315,8125],[-1,2]],[[1312,8128],[-19,11]],[[1294,8141],[7,9]],[[1300,8152],[-2,-1]],[[1293,8151],[-1,5]],[[1291,8165],[0,3]],[[1291,8169],[2,4]],[[1293,8182],[-20,-6]],[[1271,8176],[-1,2]],[[1270,8191],[-1,3]],[[1268,8195],[-3,1]],[[1265,8196],[39,19]],[[1304,8215],[27,-26]],[[1269,8270],[1,4]],[[1270,8275],[1,1]],[[1271,8277],[1,1]],[[1274,8278],[82,18]],[[1322,8262],[-40,-9]],[[1282,8253],[-9,2]],[[1351,8108],[-20,81]],[[1331,8189],[37,-60]],[[1357,8125],[2,0]],[[1365,8122],[-11,-14]],[[1338,8147],[10,-11],[12,7],[-10,1],[-12,3]],[[1356,8296],[10,-13]],[[1390,8241],[-68,21]],[[1322,8262],[34,34]],[[1406,7970],[15,-2]],[[1378,7949],[16,30]],[[1406,7974],[-12,5]],[[1394,7979],[2,5]],[[1396,7984],[3,3]],[[1399,7987],[7,-8]],[[1406,7979],[-10,5]],[[1424,8303],[-58,-20]],[[1366,8283],[79,39]],[[1428,7970],[9,1]],[[1475,8147],[-67,22]],[[1467,7951],[-12,4]],[[1465,7982],[2,-2]],[[1467,7979],[5,-4]],[[1445,8298],[10,5]],[[1485,8354],[-4,1]],[[1455,8338],[44,36]],[[1506,8173],[-98,-4]],[[1408,8169],[-18,72]],[[1390,8241],[34,62]],[[1424,8303],[21,-5]],[[1445,8298],[37,-17]],[[1467,8040],[1,6]],[[1468,8050],[-1,9]],[[1467,8061],[0,7]],[[1468,8071],[1,4]],[[1512,8125],[-4,-2]],[[1503,8075],[-34,2]],[[1469,8077],[3,11]],[[1472,8090],[1,0]],[[1473,8099],[4,43]],[[1487,8278],[-5,3]],[[1469,7963],[3,10]],[[1472,7973],[1,-2]],[[1473,7969],[1,0]],[[1477,7977],[1,1]],[[1479,7980],[0,6]],[[1479,7990],[1,1]],[[1480,7992],[3,3]],[[1484,7995],[1,0]],[[1488,7996],[49,19]],[[1455,8303],[-10,19]],[[1445,8322],[10,16]],[[1455,8338],[26,17]],[[1481,8355],[7,-2]],[[1501,8292],[-19,-11]],[[1482,8281],[-27,22]],[[1545,8237],[-58,41]],[[1487,8278],[14,14]],[[1501,8292],[34,-2]],[[1502,8060],[1,15]],[[1503,8075],[5,48]],[[1508,8123],[5,2]],[[1538,8137],[8,-3]],[[1538,8137],[-25,-12]],[[1513,8125],[-1,0]],[[1512,8125],[-2,7]],[[1525,8180],[21,5]],[[1533,8069],[-11,24]],[[1545,8134],[-7,3]],[[1538,8137],[10,7]],[[1691,7887],[-41,10]],[[1650,7897],[-34,8]],[[1608,7886],[40,5]],[[1648,7891],[31,-18]],[[1679,7873],[-5,-5]],[[1674,7868],[-33,15]],[[1641,7883],[-7,1]],[[1634,7884],[-26,-83]],[[1608,7801],[-7,-3]],[[1601,7798],[-53,79]],[[1548,7877],[-2,4]],[[1546,7881],[1,4]],[[1545,7885],[-4,0]],[[1541,7893],[-30,31]],[[1500,7925],[-9,5]],[[1491,7932],[-3,5]],[[1483,7937],[-4,0]],[[1478,7937],[-3,1]],[[1473,7938],[-45,7]],[[1424,7945],[-4,0]],[[1416,7945],[-24,-3]],[[1385,7942],[-7,7]],[[1378,7949],[44,19]],[[1426,7969],[2,1]],[[1428,7970],[9,1]],[[1437,7971],[1,0]],[[1439,7972],[3,2]],[[1444,7974],[3,3]],[[1451,7979],[4,4]],[[1461,7984],[4,-2]],[[1465,7982],[-10,-27]],[[1455,7955],[12,-4]],[[1467,7951],[2,12]],[[1469,7963],[68,52]],[[1537,8015],[44,4]],[[1705,7901],[-14,-14]],[[1556,8304],[-68,49]],[[1488,8353],[-3,1]],[[1485,8354],[14,20]],[[1499,8374],[59,26]],[[1548,8090],[-26,3]],[[1522,8093],[0,1]],[[1522,8095],[0,-1]],[[1522,8094],[24,40]],[[1546,8134],[-1,0]],[[1545,8134],[4,6]],[[1549,8162],[-3,23]],[[1546,8185],[13,0]],[[1556,8304],[20,-2]],[[1548,8296],[8,8]],[[1553,8219],[-1,7]],[[1579,8113],[-22,20]],[[1558,8136],[-9,4]],[[1549,8140],[0,5]],[[1549,8145],[-1,-1]],[[1548,8144],[-38,-12]],[[1510,8132],[-33,10]],[[1477,8142],[-2,5]],[[1475,8147],[31,26]],[[1506,8173],[19,7]],[[1525,8180],[24,-18]],[[1549,8162],[23,12]],[[1608,7886],[8,19]],[[1616,7905],[-8,-19]],[[1606,8327],[-48,73]],[[1558,8400],[55,35]],[[1559,8185],[-6,34]],[[1553,8219],[25,7]],[[1601,8210],[-4,-30]],[[1559,8185],[38,-5]],[[1597,8180],[-25,-6]],[[1572,8174],[-13,11]],[[1558,8136],[43,-3]],[[1601,8133],[-44,0]],[[1557,8133],[1,3]],[[1558,8136],[43,-3]],[[1607,8219],[-4,-4]],[[1578,8226],[-20,10]],[[1601,8360],[1,2]],[[1583,8307],[18,15]],[[1601,8210],[-23,16]],[[1578,8226],[25,-11]],[[1603,8215],[-2,-5]],[[1578,8385],[35,50]],[[1613,8435],[8,-10]],[[1621,8425],[4,-4]],[[1584,8382],[-6,3]],[[1578,8385],[43,40]],[[1600,8036],[-120,-24]],[[1480,8013],[-1,2]],[[1479,8017],[-1,1]],[[1477,8019],[0,2]],[[1477,8022],[0,1]],[[1477,8024],[-1,1]],[[1476,8027],[0,3]],[[1474,8032],[-7,7]],[[1467,8040],[35,20]],[[1502,8060],[31,9]],[[1533,8069],[18,3]],[[1567,8071],[65,9]],[[1744,8019],[-22,3]],[[1584,8382],[41,39]],[[1625,8421],[11,-9]],[[1623,8373],[-39,9]],[[1578,7924],[3,95]],[[1581,8019],[87,-10]],[[1618,8356],[-17,4]],[[1601,8360],[1,2]],[[1602,8362],[20,7]],[[1685,8104],[-53,-24]],[[1632,8080],[-65,-9]],[[1567,8071],[-16,1]],[[1551,8072],[-3,18]],[[1548,8090],[31,23]],[[1579,8113],[88,22]],[[1636,8412],[6,-6]],[[1630,8367],[-8,2]],[[1622,8369],[1,4]],[[1623,8373],[13,39]],[[1627,8356],[3,11]],[[1696,7942],[-118,-18]],[[1578,7924],[124,50]],[[1621,7944],[-6,-7],[11,-10],[8,6],[-13,11]],[[1606,8327],[12,29]],[[1618,8356],[8,-1]],[[1611,8315],[-18,-62]],[[1599,8251],[18,-23]],[[1756,8024],[-12,-5]],[[1744,8019],[-59,85]],[[1685,8104],[-18,31]],[[1667,8135],[-60,84]],[[1607,8219],[-49,17]],[[1558,8236],[-6,-10]],[[1552,8226],[-7,11]],[[1545,8237],[-10,53]],[[1535,8290],[13,6]],[[1548,8296],[28,6]],[[1576,8302],[7,5]],[[1583,8307],[18,15]],[[1601,8322],[5,5]],[[1662,8310],[-26,37]],[[1664,8315],[-21,31]],[[1722,8022],[-122,14]],[[1600,8036],[122,-14]],[[1651,8185],[-32,41]],[[1696,7942],[3,5]],[[1652,8183],[-1,2]],[[1651,8185],[23,13]],[[1669,8008],[-1,1]],[[1668,8009],[30,3]],[[1690,8162],[19,12]],[[1669,8008],[29,4]],[[1698,8012],[33,-13]],[[1702,7976],[-33,32]],[[1717,7929],[-21,13]],[[1696,7942],[1,3]],[[1718,7931],[-21,14]],[[1697,7945],[2,2]],[[1685,8151],[4,2]],[[1697,8109],[-11,18]],[[1725,8057],[-27,50]],[[1658,8376],[65,-143]],[[1713,8229],[-40,38]],[[1697,8291],[22,-29],[17,9],[1,8],[-40,12]],[[1686,8127],[-34,56]],[[1652,8183],[33,-32]],[[1685,8151],[49,-6]],[[1732,8116],[-46,11]],[[1699,7947],[3,27]],[[1702,7974],[0,2]],[[1702,7976],[29,23]],[[1731,7999],[41,-5]],[[1720,7934],[-21,13]],[[1748,8145],[-14,0]],[[1734,8145],[-45,8]],[[1689,8153],[1,9]],[[1690,8162],[19,12]],[[1709,8174],[1,2]],[[1790,8158],[-10,-8]],[[1760,8168],[-29,5]],[[1674,8198],[34,24]],[[1792,8159],[-32,9]],[[1760,8168],[-29,5]],[[1731,8173],[-21,3]],[[1710,8176],[-36,22]],[[1739,8085],[2,26]],[[1642,8406],[16,-30]],[[1658,8376],[15,-109]],[[1673,8267],[40,-38]],[[1713,8229],[2,-1]],[[1853,8168],[9,-1]],[[1740,8113],[-42,-6]],[[1698,8107],[-1,2]],[[1697,8109],[35,7]],[[1732,8116],[78,27]],[[1825,8158],[-117,64]],[[1708,8222],[-89,4]],[[1619,8226],[-2,2]],[[1617,8228],[-18,23]],[[1599,8251],[-6,2]],[[1593,8253],[18,62]],[[1611,8315],[15,40]],[[1626,8355],[1,1]],[[1627,8356],[3,11]],[[1630,8367],[12,39]],[[1633,8232],[22,34],[-24,7],[-8,-10],[10,-31]],[[1662,8310],[2,5]],[[1664,8315],[-21,31]],[[1643,8346],[-7,1]],[[1636,8347],[26,-37]],[[1752,7917],[11,14]],[[1748,8145],[32,5]],[[1780,8150],[-32,-5]],[[1743,7897],[-31,1]],[[1712,7898],[-1,0]],[[1711,7898],[-6,3]],[[1705,7901],[12,28]],[[1717,7929],[1,2]],[[1718,7931],[2,3]],[[1720,7934],[13,15]],[[1737,7944],[7,0]],[[1743,7944],[53,-11]],[[1829,7865],[-4,-5]],[[1825,7860],[-2,2]],[[1823,7862],[-7,4]],[[1816,7866],[-61,14]],[[1755,7880],[-9,-8]],[[1746,7872],[-4,-4]],[[1742,7868],[-11,-9]],[[1731,7859],[-4,5]],[[1727,7864],[22,20]],[[1749,7884],[-6,13]],[[1723,7932],[-10,-16],[25,-5],[12,15],[-27,6]],[[1752,7917],[11,14]],[[1763,7931],[-11,-14]],[[1796,7933],[-52,11]],[[1744,7944],[-1,0]],[[1743,7944],[-6,0]],[[1737,7944],[-4,5]],[[1733,7949],[15,16]],[[1778,7951],[-18,9]],[[1853,8168],[-138,60]],[[1715,8228],[8,5]],[[1723,8233],[130,-65]],[[1739,8085],[2,26]],[[1741,8111],[-1,2]],[[1740,8113],[69,21]],[[1845,8056],[-89,-32]],[[1756,8024],[-31,33]],[[1725,8057],[14,28]],[[1778,7951],[18,22]],[[1811,7958],[-33,-7]],[[1797,7890],[-3,28]],[[1812,8145],[-2,-2]],[[1810,8143],[-20,15]],[[1790,8158],[2,1]],[[2109,8123],[-115,56],[115,-55]],[[2004,8108],[-3,-4]],[[2002,8101],[3,-2]],[[2005,8098],[-4,-4]],[[2000,8094],[4,14]],[[1957,8047],[3,2]],[[1956,8084],[3,-6]],[[1951,8077],[0,-9]],[[1951,8068],[-2,13]],[[1946,8086],[-3,1]],[[1943,8088],[-1,0]],[[1957,8047],[3,0]],[[1961,8047],[-4,-10]],[[1957,8037],[-3,-3]],[[1956,8084],[-8,7]],[[1950,8093],[-12,16]],[[1920,8139],[6,1]],[[1926,8041],[28,-7]],[[1926,8140],[-64,27]],[[1862,8167],[125,-57]],[[1985,8111],[-7,-3]],[[1976,8108],[-5,-7]],[[1971,8096],[2,-1]],[[1974,8095],[3,0]],[[1979,8099],[2,1]],[[1984,8105],[-7,-19]],[[1976,8089],[-2,4]],[[1971,8090],[6,-16]],[[1978,8074],[0,2]],[[1979,8076],[1,-7]],[[1978,8067],[-4,4]],[[1972,8069],[-2,2]],[[1971,8073],[-12,12]],[[1959,8085],[-33,55]],[[1950,8031],[-18,-17]],[[1923,8038],[27,-7]],[[1927,8105],[23,-12]],[[1950,8093],[-2,-2]],[[1948,8091],[-5,-2]],[[1943,8090],[-1,0]],[[1938,8090],[-2,1]],[[1933,8091],[-2,-1]],[[1928,8089],[-2,-2]],[[1923,8085],[-7,-6]],[[1948,8056],[0,0]],[[1949,8056],[-3,-4]],[[1945,8052],[-1,-1]],[[1943,8049],[4,-2]],[[1948,8046],[-22,-5]],[[1926,8041],[-4,0]],[[1919,8015],[13,-1]],[[1932,8014],[10,-26]],[[1911,8081],[5,-2]],[[1916,8079],[-5,-7]],[[1913,8069],[5,-4]],[[1922,8063],[1,-1]],[[1924,8060],[2,-2]],[[1930,8058],[-2,3]],[[1930,8061],[7,-5]],[[1937,8056],[0,2]],[[1937,8060],[-1,1]],[[1937,8062],[1,1]],[[1939,8063],[6,-6]],[[1946,8057],[2,-1]],[[1948,8056],[-55,-9]],[[1913,8015],[29,-27]],[[1942,7988],[-37,-14]],[[1882,8008],[-17,22]],[[1913,8015],[-10,24]],[[1917,8039],[2,-24]],[[1919,8015],[-6,0]],[[1905,7974],[-23,34]],[[1882,8008],[23,-34]],[[1906,8039],[-3,0]],[[1903,8039],[-14,-1]],[[1896,8041],[10,2]],[[1938,8109],[-11,-4]],[[1927,8105],[-17,-4]],[[1859,8059],[-18,41]],[[1926,8129],[12,-20]],[[1892,7955],[7,-2]],[[1899,7953],[-29,-43]],[[1896,8041],[-8,-1]],[[1863,8062],[47,39]],[[1910,8101],[1,-20]],[[1911,8081],[-18,-34]],[[1893,8047],[3,-6]],[[1832,8155],[88,-16]],[[1889,8038],[-24,-8]],[[1865,8030],[-6,5]],[[1874,8038],[14,2]],[[1888,8040],[1,-2]],[[1841,8100],[-32,34]],[[1809,8134],[23,21]],[[1832,8155],[88,-16]],[[1920,8139],[6,-10]],[[1926,8129],[-85,-29]],[[1923,8038],[-6,1]],[[1917,8039],[-11,0]],[[1906,8039],[0,4]],[[1906,8043],[16,-2]],[[1922,8041],[1,-3]],[[1874,8038],[-15,-3]],[[1859,8035],[-14,21]],[[1845,8056],[14,3]],[[1859,8059],[4,3]],[[1863,8062],[11,-24]],[[1892,7955],[-27,-41]],[[1846,8013],[46,-58]],[[1862,7901],[-30,-39]],[[1832,7862],[-3,3]],[[1829,7865],[-32,25]],[[1797,7890],[10,12]],[[1814,7911],[-20,7]],[[1794,7918],[2,15]],[[1796,7933],[19,20]],[[1855,8029],[-9,-16]],[[1846,8013],[-42,-33]],[[1807,7902],[7,9]],[[1814,7911],[-7,-9]],[[1781,8001],[56,34]],[[1837,8035],[18,-6]],[[1855,8029],[-51,-49]],[[1804,7980],[61,-66]],[[1865,7914],[5,-4]],[[1870,7910],[-8,-9]],[[1862,7901],[-47,52]],[[1815,7953],[-4,5]],[[1811,7958],[-15,15]],[[1796,7973],[-36,-13]],[[1760,7960],[-12,5]],[[1748,7965],[24,29]],[[1772,7994],[9,7]],[[1781,8001],[56,34]],[[1792,8159],[33,-1]],[[1825,8158],[-13,-13]],[[1812,8145],[-20,14]],[[1376,8378],[22,-54],[-46,-5],[-33,53],[57,6]],[[4326,1416],[-50,-16]],[[4205,1393],[-150,16]],[[4326,1416],[-50,-16]],[[4276,1400],[-71,-7]],[[4205,1393],[0,1]],[[4208,1400],[118,16]],[[4886,1429],[-2,38]],[[4164,1451],[44,-51]],[[4208,1400],[-3,-6]],[[4205,1394],[-150,15]],[[4055,1409],[54,63]],[[4164,1451],[-55,21]],[[4109,1472],[55,-21]],[[4932,1510],[-46,-81]],[[4886,1429],[-2,38]],[[4884,1467],[3,15]],[[4889,1484],[-33,48]],[[4901,1517],[-14,-35]],[[4887,1482],[2,2]],[[4889,1484],[-17,48]],[[4887,1541],[8,-8]],[[4932,1510],[0,0]],[[4932,1510],[-18,15]],[[4900,1535],[-3,4]],[[4843,1545],[-27,8]],[[4873,1560],[2,1]],[[4867,1569],[18,5]],[[4874,1563],[-1,-3]],[[4873,1560],[-41,-8]],[[4867,1569],[-35,-17]],[[4832,1552],[-16,1]],[[4816,1553],[0,23]],[[4842,1573],[1,1]],[[4854,1575],[1,1]],[[4933,1533],[-18,11]],[[4932,1510],[1,23]],[[4933,1533],[38,51]],[[4989,1602],[-57,-92]],[[4890,1585],[-2,3]],[[4912,1546],[-14,-3]],[[4889,1569],[-4,5]],[[4885,1574],[-1,3]],[[4907,1604],[-21,-11]],[[4886,1593],[-1,1]],[[4885,1594],[1,-1]],[[4886,1593],[2,-5]],[[4888,1588],[2,-3]],[[4890,1585],[-6,-8]],[[4884,1577],[1,-3]],[[4885,1574],[-18,-5]],[[4867,1569],[-12,7]],[[4855,1576],[-1,-1]],[[4854,1575],[-11,-1]],[[4843,1574],[-1,-1]],[[4842,1573],[-1,0]],[[4831,1597],[10,45]],[[4868,1640],[17,-46]],[[4985,1606],[4,-4]],[[4989,1602],[-18,-18]],[[4971,1584],[-56,-40]],[[4915,1544],[-3,2]],[[4912,1546],[-5,58]],[[4907,1604],[-39,36]],[[4868,1640],[-27,2]],[[4841,1642],[24,4]],[[4889,1640],[19,-19]],[[4985,1606],[-21,-18]],[[4948,1585],[-40,36]],[[4908,1621],[77,-15]],[[4865,1646],[24,-6]],[[4889,1640],[-24,6]],[[4892,1536],[-5,5]],[[4887,1541],[-15,-9]],[[4872,1532],[-16,0]],[[4856,1532],[-13,13]],[[4843,1545],[32,16]],[[4875,1561],[-1,2]],[[4874,1563],[15,6]],[[4889,1569],[9,-26]],[[4898,1543],[-1,-4]],[[4897,1539],[1,0]],[[4964,1588],[-16,-3]],[[4948,1585],[10,16]],[[4958,1601],[-1,0]],[[4957,1601],[7,-13]],[[4892,1536],[6,3]],[[4898,1539],[2,-4]],[[4900,1535],[14,-10]],[[4914,1525],[-13,-8]],[[4901,1517],[-6,16]],[[4895,1533],[-3,3]],[[4841,1573],[-25,3]],[[4816,1576],[15,21]],[[4831,1597],[10,-24]],[[2736,4965],[-58,159],[232,-194],[-87,211],[277,-11]],[[2639,4934],[-3,-2]],[[2621,4917],[0,-5]],[[2623,4910],[-46,158],[140,-108]],[[3105,5137],[8,0]],[[3113,5137],[4,0]],[[3117,5137],[5,-1]],[[3122,5136],[3,-2]],[[3125,5134],[2,5]],[[3127,5139],[1,-7]],[[3128,5132],[-2,0]],[[3126,5132],[-21,5]],[[3152,5107],[1,0]],[[3153,5107],[12,6]],[[3165,5113],[2,0]],[[3167,5113],[4,1]],[[3171,5114],[4,0]],[[3175,5114],[1,-3]],[[3176,5111],[1,-1]],[[3177,5110],[1,-1]],[[3178,5109],[0,-1]],[[3178,5108],[5,-3]],[[3183,5105],[5,-1]],[[3188,5104],[5,-6]],[[3193,5098],[1,0]],[[3194,5098],[-12,0]],[[3182,5098],[0,-3]],[[3182,5095],[-30,12]],[[3196,5090],[9,8]],[[3205,5098],[2,0]],[[3207,5098],[8,-7]],[[3215,5091],[-1,0]],[[3214,5091],[-3,-4]],[[3211,5087],[-1,0]],[[3210,5087],[-13,3]],[[3197,5090],[-1,0]],[[2414,4597],[-168,94],[248,35]],[[2414,4597],[80,129]],[[2494,4726],[-80,-129]],[[3519,4987],[5,17]],[[3524,5004],[0,2]],[[3524,5006],[17,1]],[[3541,5007],[0,1]],[[3541,5008],[20,-9]],[[3561,4999],[1,1]],[[3562,5000],[16,-1]],[[3555,4991],[-4,-8]],[[2586,4834],[-89,-106],[-136,94],[114,130],[116,-92]],[[2601,4642],[-2,-3]],[[2552,4694],[1,2]],[[2555,4699],[1,2]],[[2602,4736],[3,-2]],[[2610,4732],[1,1]],[[2604,4734],[-2,2]],[[2602,4736],[-12,10]],[[2694,4789],[-68,-43]],[[2730,4667],[-23,8]],[[2689,4737],[82,-39]],[[3139,5109],[31,-17]],[[2758,4917],[-22,48]],[[2736,4965],[368,106]],[[3115,5052],[55,40]],[[3170,5092],[55,-20]],[[3098,4985],[40,34]],[[3080,4967],[35,23]],[[2759,4849],[-1,68]],[[2758,4917],[61,10]],[[2826,4838],[31,-31]],[[2239,4385],[-113,159],[287,52]],[[2504,4529],[-12,-38]],[[2489,4530],[-7,-4]],[[2497,4588],[1,2]],[[2502,4600],[1,3]],[[2507,4622],[1,2]],[[2509,4630],[0,3]],[[2544,4568],[-55,-38]],[[2489,4530],[21,91]],[[2492,4491],[1,-10]],[[2456,4462],[36,29]],[[2503,4456],[32,-7]],[[2533,4439],[-1,-3]],[[2583,4380],[-54,-16]],[[2506,4356],[-27,-3]],[[2462,4361],[-46,51]],[[2460,4455],[33,26]],[[2493,4481],[10,-25]],[[2503,4456],[-43,-1]],[[2583,4380],[-27,13]],[[2557,4405],[-25,31]],[[2532,4436],[51,-56]],[[2239,4385],[174,211]],[[2413,4596],[-174,-211]],[[2695,4668],[-73,-44]],[[2456,4462],[4,-7]],[[2460,4455],[-44,-43]],[[2416,4412],[-93,-52]],[[2407,4421],[-84,-61]],[[2323,4360],[82,154]],[[2393,4481],[18,28]],[[2414,4511],[14,-13]],[[2393,4481],[35,17]],[[2413,4426],[-6,-5]],[[2407,4421],[-14,60]],[[2428,4498],[54,28]],[[2482,4526],[22,3]],[[2504,4529],[-60,-43]],[[2429,4480],[-1,18]],[[2462,4361],[17,-8]],[[2479,4353],[-17,8]],[[2523,4613],[-13,8]],[[2510,4621],[20,43]],[[2529,4364],[-23,-8]],[[2506,4356],[23,8]],[[2529,4610],[-6,3]],[[2523,4613],[31,39]],[[2530,4664],[-4,2]],[[2533,4669],[64,-32]],[[2603,4634],[19,-10]],[[2622,4624],[-7,-5]],[[2560,4649],[-6,3]],[[2554,4652],[-24,12]],[[2535,4449],[-2,-10]],[[2533,4439],[2,10]],[[2544,4568],[16,24]],[[2592,4632],[23,-13]],[[2615,4619],[-71,-51]],[[2556,4393],[1,12]],[[2557,4405],[-1,-12]],[[2719,4825],[-43,34]],[[2697,4881],[-1,1]],[[2691,4884],[-1,1]],[[2730,4897],[3,-14]],[[2733,4882],[1,-6]],[[2734,4866],[2,-6]],[[3198,5023],[-14,-18]],[[3232,5082],[0,1]],[[3232,5083],[1,1]],[[3227,5075],[-5,5]],[[3222,5080],[1,0]],[[3223,5080],[9,2]],[[3241,5082],[3,-2]],[[3244,5080],[2,-1]],[[3246,5079],[0,-2]],[[3246,5077],[-4,-4]],[[3242,5073],[-1,0]],[[3241,5073],[-3,-1]],[[3238,5072],[-4,0]],[[3259,5111],[-1,2]],[[3258,5113],[2,2]],[[3260,5115],[15,14]],[[3275,5129],[1,1]],[[3276,5130],[3,0]],[[3261,5109],[-2,2]],[[2534,4677],[2,1]],[[2589,4749],[1,1]],[[2592,4754],[1,0]],[[2609,4775],[2,2]],[[2688,4874],[-12,-15]],[[2676,4859],[43,-34]],[[2719,4825],[8,30]],[[2737,4851],[-48,-114]],[[2689,4737],[18,-62]],[[2707,4675],[-12,-7]],[[2695,4668],[-92,-34]],[[2603,4634],[-6,3]],[[2597,4637],[2,2]],[[2599,4639],[2,3]],[[2601,4642],[93,147]],[[2694,4789],[-68,-43]],[[2626,4746],[-13,-11]],[[2613,4735],[-3,-3]],[[2610,4732],[-5,2]],[[2605,4734],[-1,0]],[[2604,4734],[63,71],[-77,-59]],[[2590,4746],[-34,-45]],[[2556,4701],[-1,-2]],[[2555,4699],[-2,-3]],[[2553,4696],[-1,-2]],[[2552,4694],[-19,-25]],[[2533,4669],[-2,2]],[[2650,4821],[22,-11],[19,22],[-24,17],[-17,-28]],[[2681,4815],[20,-22],[13,24],[-20,12],[-13,-14]],[[2444,4486],[12,-24]],[[2456,4462],[-43,-36]],[[2413,4426],[16,54]],[[2429,4480],[15,6]],[[2540,4624],[13,16]],[[2553,4640],[7,9]],[[2560,4649],[32,-17]],[[2592,4632],[-32,-40]],[[2560,4592],[-31,18]],[[2529,4610],[11,14]],[[2540,4624],[13,16]],[[3090,4121],[6,1]],[[3079,4047],[15,-33]],[[3103,3975],[-6,-2]],[[3097,3974],[-1,1]],[[3096,3981],[1,1]],[[3096,3990],[-1,1]],[[3095,3995],[-2,4]],[[3096,4122],[-17,-75]],[[3079,4047],[17,75]],[[3094,4014],[9,-39]],[[3103,3975],[-9,39]],[[3091,4007],[2,-8]],[[3093,3999],[2,-4]],[[3095,3995],[0,-4]],[[3095,3991],[1,-1]],[[3096,3990],[1,-8]],[[3097,3982],[-1,-1]],[[3096,3981],[0,-6]],[[3096,3975],[1,-1]],[[3097,3974],[0,-1]],[[3097,3973],[-37,33]],[[3091,4007],[-31,-1]],[[3060,4006],[2,128]],[[3065,4145],[25,-24]],[[3090,4121],[1,-114]],[[3053,4205],[12,-60]],[[3065,4145],[-3,-11]],[[3062,4134],[-7,33]],[[3053,4205],[2,-38]],[[3055,4167],[-158,15],[156,23]],[[3003,4199],[2,-9],[17,3],[-1,5],[-18,1]],[[2644,4298],[55,-22],[33,-37],[-109,2],[21,57]],[[2656,4272],[-10,-16],[5,-6],[14,19],[-9,3]],[[2448,4185],[18,10]],[[2459,4186],[7,9]],[[2466,4195],[10,96],[74,-26],[-54,-108]],[[2490,4246],[1,-7],[21,2],[-1,7],[-21,-2]],[[2448,4185],[11,1]],[[2459,4186],[37,-29]],[[2496,4157],[-48,28]],[[3229,5078],[3,4]],[[3232,5082],[1,2]],[[3233,5084],[1,0]],[[3234,5084],[6,-2]],[[3240,5082],[1,0]],[[3241,5082],[-7,-10]],[[3234,5072],[-1,0]],[[3233,5072],[-1,3]],[[3232,5075],[4,5]],[[3236,5080],[-5,-1]],[[3231,5079],[-2,-1]],[[3229,5078],[-1,-1]],[[3227,5075],[0,1]],[[3227,5076],[1,1]],[[3228,5077],[-1,-2]],[[3947,5068],[2,-3]],[[3949,5065],[-3,-2]],[[3946,5063],[5,-4]],[[3951,5059],[11,-4]],[[3962,5055],[3,-5]],[[3932,5030],[-18,38]],[[3914,5068],[1,0]],[[3915,5068],[8,4]],[[3923,5072],[2,0]],[[3925,5072],[0,1]],[[4005,5087],[-3,2]],[[4002,5089],[1,0]],[[4003,5089],[5,-28]],[[3990,5065],[2,6]],[[3992,5071],[1,1]],[[3993,5072],[5,12]],[[3998,5084],[1,1]],[[3999,5085],[5,2]],[[4004,5087],[1,0]],[[3338,4878],[89,10]],[[3593,4909],[-21,18]],[[3575,4948],[0,9]],[[3608,4924],[-34,16]],[[3798,5064],[1,0]],[[3799,5064],[0,-1]],[[3773,5044],[25,20]],[[3306,4930],[0,-68]],[[3621,4940],[-27,18]],[[2688,4874],[-3,2]],[[2694,4878],[5,-3]],[[2726,4861],[10,-4]],[[2736,4857],[1,-6]],[[2737,4851],[-10,4]],[[2727,4855],[-39,19]],[[2726,4861],[-27,14]],[[2699,4875],[27,-14]],[[2737,4663],[-7,4]],[[2730,4667],[41,31]],[[2771,4698],[7,-4]],[[2778,4694],[-41,-31]],[[2737,4663],[41,31]],[[2791,4821],[0,-24]],[[2794,4781],[23,-2]],[[2877,4759],[-4,-3]],[[2817,4779],[40,28]],[[2857,4807],[12,-35]],[[2797,4823],[-6,-2]],[[2791,4821],[0,-24]],[[2791,4797],[3,-16]],[[2794,4781],[23,-2]],[[2817,4779],[56,-23]],[[2873,4756],[-139,-9],[24,96]],[[2826,4930],[58,-49]],[[2880,4762],[-5,5]],[[2952,4814],[-20,-15]],[[3098,4985],[40,34]],[[3138,5019],[12,-33]],[[3142,4980],[-27,10]],[[3115,4990],[-17,-5]],[[3100,5130],[39,-21]],[[3139,5109],[-35,-38]],[[3104,5071],[-4,59]],[[3151,4963],[-39,-28]],[[3142,4980],[2,-1]],[[3137,4971],[5,9]],[[3138,5122],[1,0]],[[3139,5122],[1,1]],[[3140,5123],[1,1]],[[3141,5124],[-1,5]],[[3140,5129],[0,1]],[[3140,5130],[1,1]],[[3141,5131],[1,0]],[[3142,5131],[2,-1]],[[3144,5130],[1,-1]],[[3145,5129],[1,-2]],[[3146,5127],[-2,-2]],[[3144,5125],[0,-1]],[[3138,5119],[0,3]],[[3138,5119],[6,5]],[[3144,5124],[1,-1]],[[3145,5123],[1,-2]],[[3146,5121],[-4,-6]],[[3142,5115],[0,0]],[[3142,5115],[-4,4]],[[3180,5007],[4,-2]],[[3184,5005],[-33,-42]],[[3151,4963],[-8,5]],[[3172,5010],[17,18]],[[3653,4949],[1,-2]],[[3661,4937],[1,-3]],[[3684,4926],[-81,42]],[[3656,4883],[-63,26]],[[3593,4909],[15,15]],[[3608,4924],[13,16]],[[3621,4940],[64,-39]],[[3692,4912],[-5,14]],[[3687,4926],[37,7]],[[3076,4785],[25,-17]],[[3040,4679],[108,21]],[[3455,4833],[-56,-111],[-74,135]],[[3648,4692],[19,-13]],[[3100,4607],[-3,-5]],[[3095,4600],[-3,-6]],[[3092,4593],[-1,-1]],[[3090,4591],[-1,-1]],[[3087,4587],[-7,-11]],[[3079,4574],[-14,-5]],[[2999,4619],[4,7]],[[3097,4614],[-80,-5]],[[3065,4569],[-66,50]],[[2999,4619],[66,-50]],[[3151,4694],[9,-8]],[[3151,4652],[0,0]],[[3099,4659],[49,41]],[[3148,4700],[3,-6]],[[3151,4694],[-71,-55]],[[2971,4683],[-10,9]],[[3002,4660],[-31,23]],[[2971,4683],[-10,9]],[[2961,4692],[32,29]],[[2993,4721],[6,5]],[[3036,4684],[4,-5]],[[3040,4679],[14,-14]],[[3031,4679],[-38,42]],[[3035,4675],[12,-15]],[[3013,4613],[-10,13]],[[3003,4626],[-1,26]],[[3002,4652],[0,8]],[[3002,4660],[29,19]],[[3031,4679],[4,-4]],[[3035,4675],[-33,-23]],[[3013,4613],[56,27]],[[3073,4635],[-56,-26]],[[3017,4609],[-4,4]],[[3047,4660],[7,5]],[[3054,4665],[45,-6]],[[3099,4659],[-22,-17]],[[3071,4638],[-2,2]],[[3069,4640],[-22,20]],[[3103,4618],[47,33]],[[3150,4644],[-41,-29]],[[3373,4852],[-48,5]],[[3325,4857],[1,5]],[[3338,4878],[89,10]],[[3427,4888],[31,-3]],[[3475,4887],[-6,-47]],[[3377,4857],[-51,5]],[[3326,4862],[12,16]],[[3373,4852],[4,5]],[[3377,4857],[33,-24]],[[3405,4829],[-32,23]],[[3455,4833],[-50,-4]],[[3405,4829],[5,4]],[[3410,4833],[59,7]],[[3469,4840],[-14,-7]],[[3458,4885],[17,2]],[[3475,4887],[-17,-2]],[[3524,4981],[-5,6]],[[3519,4987],[32,-4]],[[3551,4983],[4,8]],[[3555,4991],[4,-2]],[[3577,4964],[-2,-7]],[[3575,4957],[-5,2]],[[3556,4969],[-32,12]],[[3524,4981],[32,-12]],[[3559,4989],[16,-5]],[[3575,4965],[-16,24]],[[3565,4930],[4,19]],[[3570,4959],[-14,10]],[[3556,4969],[14,-10]],[[3565,4930],[4,19]],[[3569,4949],[6,-1]],[[3575,4948],[-1,-8]],[[3574,4940],[-2,-13]],[[3572,4927],[-7,3]],[[3575,4965],[3,18]],[[3599,4969],[-5,-11]],[[3594,4958],[-17,6]],[[3577,4964],[-2,1]],[[3633,4710],[15,-18]],[[3648,4692],[19,-13]],[[3667,4679],[-64,-5]],[[3629,4900],[2,13],[13,-4],[-2,-14],[-13,5]],[[3685,4901],[8,-2]],[[3719,4893],[-63,-10]],[[3656,4883],[29,18]],[[3799,4993],[16,18]],[[3807,5060],[3,-1]],[[3810,5059],[14,-8]],[[3824,5051],[2,-1]],[[3826,5050],[4,-2]],[[3830,5048],[3,-1]],[[3833,5047],[26,-14]],[[3925,5073],[4,5]],[[3929,5078],[2,0]],[[3931,5078],[2,-1]],[[3933,5077],[1,0]],[[3934,5077],[13,-9]],[[3947,5068],[-22,5]],[[4009,5055],[-72,-49]],[[3968,5046],[6,-9]],[[3974,5037],[2,-1]],[[3976,5036],[3,-1]],[[3979,5035],[1,-1]],[[3980,5034],[10,14]],[[3990,5048],[0,2]],[[3990,5050],[-2,4]],[[3988,5054],[0,2]],[[3988,5056],[-1,3]],[[3987,5059],[0,1]],[[3987,5060],[2,3]],[[3989,5063],[1,2]],[[3990,5065],[18,-4]],[[4008,5061],[1,-6]],[[4009,5055],[-22,5]],[[3306,4930],[-35,-67]],[[3179,4888],[127,42]],[[3245,4917],[7,13],[-15,5],[-7,-13],[15,-5]],[[3246,3792],[-29,10]],[[3376,3769],[1,-2]],[[3384,3765],[5,-6]],[[3246,3792],[16,0]],[[3352,3751],[-106,41]],[[3217,3802],[37,2]],[[3261,3797],[-44,5]],[[3254,3804],[41,13]],[[3284,3795],[-23,2]],[[3261,3797],[-7,7]],[[3295,3817],[61,-22]],[[3352,3783],[-68,12]],[[3284,3795],[11,22]],[[3352,3751],[3,10]],[[3373,3762],[4,-2]],[[3394,3744],[-42,7]],[[3356,3795],[20,-26]],[[3376,3769],[-24,14]],[[3352,3783],[4,12]],[[3377,3767],[7,-2]],[[3384,3765],[-7,2]],[[3377,3760],[12,-1]],[[3389,3759],[5,-15]],[[3394,3744],[-17,16]],[[3359,3776],[0,-1]],[[3359,3775],[14,-13]],[[3373,3762],[-18,-1]],[[3355,3761],[-93,31]],[[3262,3792],[97,-17]],[[3284,3777],[1,-5],[18,-3],[58,-2],[-77,10]],[[3076,4785],[-40,-101]],[[3036,4684],[-37,42]],[[2999,4726],[77,59]],[[3041,4879],[-5,-4]],[[2999,4848],[-6,-4]],[[2950,4876],[7,4]],[[3002,4913],[4,4]],[[2985,4849],[8,-5]],[[2993,4844],[-41,-30]],[[2952,4814],[-8,4]],[[3029,4883],[7,-8]],[[3036,4875],[-37,-27]],[[2999,4848],[-8,6]],[[3093,4922],[-52,-43]],[[3041,4879],[-7,6]],[[3029,4891],[-23,26]],[[3006,4917],[65,47]],[[3107,4609],[12,-6]],[[3122,4602],[23,-11]],[[3146,4591],[14,-7]],[[3168,4574],[-1,0]],[[3166,4569],[-1,-2]],[[3165,4565],[-1,-1]],[[3163,4560],[-2,-3]],[[3160,4556],[0,-2]],[[3159,4553],[-80,21]],[[3079,4574],[1,2]],[[3080,4576],[7,11]],[[3087,4587],[2,3]],[[3089,4590],[1,1]],[[3090,4591],[1,1]],[[3091,4592],[1,1]],[[3092,4593],[0,1]],[[3092,4594],[3,6]],[[3095,4600],[2,2]],[[3097,4602],[3,5]],[[3100,4607],[4,3]],[[3692,4958],[-1,0]],[[3770,5003],[7,3]],[[3774,5040],[-1,4]],[[3773,5044],[26,19]],[[3799,5063],[8,-2]],[[3807,5061],[0,-1]],[[3807,5060],[52,-27]],[[3859,5033],[11,-8]],[[3798,5013],[-12,-10]],[[3827,5009],[-12,2]],[[3815,5011],[-17,2]],[[3798,5013],[4,14]],[[3578,4999],[8,0]],[[3606,4978],[-28,5]],[[3578,4983],[-3,1]],[[3575,4984],[3,15]],[[3628,4961],[-25,7]],[[3603,4968],[-4,1]],[[3599,4969],[7,9]],[[3606,4978],[1,1]],[[3806,4986],[21,23]],[[3827,5009],[-25,18]],[[3802,5027],[68,-2]],[[3870,5025],[-151,-132]],[[3719,4893],[-26,6]],[[3693,4899],[-1,13]],[[3692,4912],[32,21]],[[3724,4933],[-13,8]],[[3705,4953],[-1,1]],[[3699,4957],[72,39]],[[3529,4780],[8,1]],[[3568,4735],[2,2]],[[3518,4754],[11,26]],[[3529,4780],[21,-32]],[[3627,4711],[6,-1]],[[3633,4710],[-30,-36]],[[3603,4674],[-85,80]],[[3518,4754],[32,-6]],[[3550,4748],[18,-13]],[[3568,4735],[42,-24]],[[2948,4777],[6,-61]],[[2950,4713],[-40,18]],[[2875,4767],[-6,5]],[[2869,4772],[-43,66]],[[2826,4838],[-29,-15]],[[2797,4823],[-39,20]],[[2758,4843],[1,6]],[[2759,4849],[60,78]],[[2819,4927],[7,3]],[[2826,4930],[58,-49]],[[2884,4881],[231,171]],[[3115,5052],[-35,-85]],[[3080,4967],[57,4]],[[3137,4971],[7,8]],[[3144,4979],[6,7]],[[3150,4986],[22,24]],[[3172,5010],[17,18]],[[3189,5028],[36,44]],[[3225,5072],[-27,-49]],[[3198,5023],[-18,-16]],[[3180,5007],[-37,-39]],[[3143,4968],[-31,-33]],[[3112,4935],[-19,-13]],[[3093,4922],[-59,-37]],[[3034,4885],[-5,-2]],[[3029,4883],[-38,-29]],[[2991,4854],[-6,-5]],[[2985,4849],[-41,-31]],[[2944,4818],[-12,-19]],[[2932,4799],[16,-22]],[[2948,4777],[6,-61]],[[2954,4716],[-4,-3]],[[2950,4713],[-40,18]],[[2910,4731],[-33,28]],[[2877,4759],[3,3]],[[2880,4762],[-5,5]],[[2980,4854],[4,3]],[[3025,4887],[4,4]],[[3029,4891],[42,73]],[[3071,4964],[-134,-141]],[[2950,4875],[30,-21]],[[2980,4854],[-43,-31]],[[2937,4823],[13,52]],[[2950,4876],[0,-1]],[[3002,4913],[23,-26]],[[3025,4887],[-41,-30]],[[2984,4857],[-27,23]],[[2957,4880],[45,33]],[[3103,4787],[-3,4]],[[3160,4786],[-60,5]],[[3100,4791],[70,82]],[[3179,4784],[-2,-4]],[[3166,4781],[11,-1]],[[3177,4780],[-17,-71]],[[3160,4727],[0,1]],[[3266,4858],[-64,8]],[[3180,4882],[22,-16]],[[3202,4866],[-23,-82]],[[3179,4784],[-12,2]],[[3103,4787],[56,-6]],[[3157,4698],[-38,51]],[[3120,4750],[-1,-1]],[[3119,4749],[-18,19]],[[3101,4768],[2,19]],[[3653,4950],[-25,11]],[[3771,4996],[15,7]],[[3786,5003],[13,-10]],[[3799,4993],[7,-7]],[[3806,4986],[-35,10]],[[3690,4959],[2,-1]],[[3692,4958],[7,-1]],[[3699,4957],[5,-3]],[[3704,4954],[1,-1]],[[3705,4953],[6,-12]],[[3711,4941],[-24,-15]],[[3687,4926],[-3,0]],[[3684,4926],[-22,8]],[[3662,4934],[-1,3]],[[3661,4937],[-7,10]],[[3654,4947],[-1,2]],[[3653,4949],[0,1]],[[3653,4950],[-25,11]],[[3628,4961],[-21,18]],[[3607,4979],[-21,20]],[[3586,4999],[184,4]],[[3770,5003],[-79,-45]],[[3691,4958],[-1,1]],[[3690,4959],[-37,-9]],[[3774,5040],[3,-34]],[[3777,5006],[-3,34]],[[3151,4652],[9,34]],[[3160,4686],[0,0]],[[3160,4686],[-3,12]],[[3157,4698],[2,83]],[[3159,4781],[1,5]],[[3160,4786],[10,87]],[[3170,4873],[9,15]],[[3179,4888],[92,-25]],[[3271,4863],[35,-1]],[[3306,4862],[-40,-4]],[[3266,4858],[-86,24]],[[3180,4882],[-13,-96]],[[3167,4786],[-1,-5]],[[3166,4781],[-6,-53]],[[3160,4728],[0,-1]],[[3160,4727],[0,-18]],[[3160,4709],[-1,-156]],[[3159,4553],[1,1]],[[3160,4554],[0,2]],[[3160,4556],[1,1]],[[3161,4557],[2,3]],[[3163,4560],[1,4]],[[3164,4564],[1,1]],[[3165,4565],[0,2]],[[3165,4567],[1,2]],[[3166,4569],[1,5]],[[3167,4574],[1,0]],[[3168,4574],[-8,10]],[[3160,4584],[-14,7]],[[3146,4591],[-1,0]],[[3145,4591],[-23,11]],[[3122,4602],[-3,1]],[[3119,4603],[-12,6]],[[3107,4609],[-3,1]],[[3104,4610],[-7,4]],[[3097,4614],[-24,21]],[[3073,4635],[-2,3]],[[3071,4638],[6,4]],[[3077,4642],[3,-3]],[[3080,4639],[23,-21]],[[3103,4618],[6,-3]],[[3109,4615],[41,29]],[[3150,4644],[0,7]],[[3150,4651],[1,1]],[[3151,4652],[0,0]],[[3937,5006],[-5,24]],[[3932,5030],[33,20]],[[3965,5050],[3,-4]],[[3968,5046],[-31,-40]],[[3342,5087],[0,0]],[[3345,5085],[1,-1]],[[3346,5084],[5,-5]],[[3351,5079],[3,-2]],[[3354,5077],[8,-6]],[[3362,5071],[1,0]],[[3363,5071],[2,-1]],[[3365,5070],[1,-1]],[[3366,5069],[13,-7]],[[3379,5062],[1,0]],[[3380,5062],[6,-4]],[[3386,5058],[2,-2]],[[3388,5056],[2,-1]],[[3390,5055],[1,0]],[[3391,5055],[4,-5]],[[3395,5050],[1,0]],[[3396,5050],[11,-6]],[[3407,5044],[1,-1]],[[3408,5043],[-149,19]],[[3259,5062],[2,1]],[[3261,5063],[1,0]],[[3262,5063],[1,1]],[[3263,5064],[19,22]],[[3282,5086],[-1,1]],[[3281,5087],[3,3]],[[3284,5090],[0,0]],[[3284,5090],[0,2]],[[3284,5092],[-6,5]],[[3278,5097],[-5,3]],[[3273,5100],[0,1]],[[3273,5101],[-5,3]],[[3268,5104],[-1,1]],[[3267,5105],[-2,1]],[[3265,5106],[-1,1]],[[3264,5107],[-3,2]],[[3261,5109],[18,21]],[[3279,5130],[37,-23]],[[3316,5107],[1,-1]],[[3317,5106],[7,-6]],[[3324,5100],[2,-1]],[[3326,5099],[1,-1]],[[3327,5098],[1,0]],[[3328,5098],[1,-1]],[[3329,5097],[1,-1]],[[3330,5096],[15,-11]],[[3627,4711],[-8,-2]],[[3619,4708],[0,1]],[[3619,4709],[-9,2]],[[3610,4711],[-40,26]],[[3570,4737],[-33,44]],[[3537,4781],[90,-70]],[[2724,4777],[0,0]],[[2756,4837],[0,0]],[[2611,4733],[2,2]],[[2613,4735],[-2,-2]],[[2736,4857],[0,3]],[[2736,4860],[-2,6]],[[2734,4866],[0,10]],[[2734,4876],[-1,6]],[[2733,4882],[0,1]],[[2733,4883],[-3,14]],[[2730,4897],[-40,-12]],[[2690,4885],[1,-1]],[[2691,4884],[5,-2]],[[2696,4882],[1,-1]],[[2697,4881],[-3,-3]],[[2694,4878],[-9,-2]],[[2685,4876],[-74,-99]],[[2611,4777],[-2,-2]],[[2609,4775],[-16,-21]],[[2593,4754],[-1,0]],[[2592,4754],[-2,-4]],[[2590,4750],[-1,-1]],[[2589,4749],[-53,-71]],[[2536,4678],[-2,-1]],[[2534,4677],[-3,-6]],[[2531,4671],[-5,-5]],[[2526,4666],[-17,-33]],[[2509,4633],[0,-3]],[[2509,4630],[-1,-6]],[[2508,4624],[-1,-2]],[[2507,4622],[-4,-19]],[[2503,4603],[-1,-3]],[[2502,4600],[-4,-10]],[[2498,4590],[-1,-2]],[[2497,4588],[-83,-77]],[[2414,4511],[-3,-2]],[[2411,4509],[-6,5]],[[2405,4514],[181,320]],[[2586,4834],[5,26]],[[2591,4860],[32,50]],[[2623,4910],[-2,2]],[[2621,4912],[0,5]],[[2621,4917],[15,15]],[[2636,4932],[3,2]],[[2639,4934],[78,26]],[[2717,4960],[19,-103]],[[1122,8421],[1,0]],[[1123,8421],[1,0]],[[1124,8421],[3,-4]],[[1122,8421],[5,-4]],[[1127,8417],[2,-1]],[[1129,8416],[5,-3]],[[1134,8413],[10,-12]],[[1144,8401],[-37,-8]],[[1107,8393],[0,0]],[[1107,8393],[0,4]],[[1107,8397],[0,4]],[[1107,8401],[1,5]],[[1108,8406],[0,2]],[[1108,8408],[2,3]],[[1110,8411],[2,2]],[[1112,8413],[10,8]],[[1151,8402],[-7,-1]],[[1144,8401],[-15,15]],[[1129,8416],[5,-3]],[[1134,8413],[2,-1]],[[1136,8412],[7,-3]],[[1143,8409],[4,-1]],[[1151,8402],[-4,6]],[[1147,8408],[1,0]],[[1148,8408],[4,1]],[[1152,8409],[3,0]],[[1155,8409],[1,-2]],[[1156,8407],[2,0]],[[1158,8407],[3,0]],[[1161,8407],[0,-1]],[[1161,8406],[-10,-4]],[[1275,8408],[17,-18]],[[1152,8393],[3,1]],[[1145,8393],[7,0]],[[1152,8393],[-2,-24]],[[1129,8331],[16,62]],[[1145,8393],[-2,-25]],[[1270,8387],[22,3]],[[1292,8390],[-23,-34]],[[1150,8369],[-6,-21]],[[1112,8168],[-6,-3]],[[1101,8190],[28,141]],[[1129,8331],[14,37]],[[1143,8368],[7,1]],[[1132,8324],[12,24]],[[1144,8348],[41,0]],[[1233,8318],[-14,4],[6,14],[21,-11],[-13,-7]],[[1208,8257],[11,0]],[[1273,8255],[-20,-5]],[[1253,8250],[0,0]],[[1253,8250],[-19,-2]],[[1234,8248],[-4,0]],[[1230,8248],[-5,-4]],[[1212,8243],[11,7]],[[1212,8243],[0,-2]],[[1206,8253],[6,-10]],[[1120,8224],[4,6]],[[1151,8227],[11,1]],[[1109,8181],[-1,27]],[[1101,8190],[5,-25]],[[1106,8165],[-5,25]],[[1187,8113],[6,23]],[[1264,8105],[-7,-6],[-38,22],[34,5],[11,-21]],[[1187,8113],[70,-72]],[[1252,8037],[-65,76]],[[1177,7997],[33,-19]],[[1149,7973],[21,23]],[[1149,7973],[19,0]],[[1167,7973],[1,0]],[[1168,7973],[33,-41]],[[1130,7957],[19,16]],[[1124,7953],[6,4]],[[1130,7957],[-5,-48]],[[1078,7855],[46,98]],[[1124,7953],[-6,-43]],[[1428,7945],[-2,-41]],[[1426,7904],[-41,38]],[[1385,7942],[7,0]],[[1392,7942],[24,3]],[[1416,7945],[4,0]],[[1420,7945],[4,0]],[[1424,7945],[2,0]],[[1445,7894],[-19,10]],[[1426,7904],[0,41]],[[1426,7945],[2,0]],[[1428,7945],[45,-7]],[[1473,7938],[2,0]],[[1475,7938],[3,-1]],[[1478,7937],[1,0]],[[1479,7937],[4,0]],[[1483,7937],[5,0]],[[1488,7937],[3,-4]],[[1469,7877],[-24,17]],[[1445,7894],[46,39]],[[1491,7933],[0,-1]],[[1491,7932],[0,-2]],[[1491,7930],[9,-5]],[[1500,7925],[6,0]],[[1506,7925],[1,0]],[[1507,7925],[4,-1]],[[1511,7924],[30,-31]],[[1541,7893],[0,-8]],[[1541,7885],[4,0]],[[1545,7885],[2,0]],[[1547,7885],[-1,-4]],[[1546,7881],[-7,0]],[[1539,7881],[-6,-1]],[[1533,7880],[-2,0]],[[1531,7880],[-4,-1]],[[1527,7879],[-2,0]],[[1525,7879],[-1,-1]],[[1524,7878],[-2,-1]],[[1522,7877],[-8,-1]],[[1514,7876],[-2,0]],[[1512,7876],[-12,-2]],[[1500,7874],[-1,0]],[[1499,7874],[-10,7]],[[1489,7881],[-1,0]],[[1488,7881],[-12,-8]],[[1476,7873],[-1,-1]],[[1475,7872],[-2,-3]],[[1473,7869],[-2,-2]],[[1471,7867],[-2,10]],[[1469,7877],[38,48]],[[1096,7879],[22,31]],[[1118,7910],[7,-1]],[[1125,7909],[-8,-31]],[[1096,7879],[21,-1]],[[1117,7878],[4,-3]],[[1078,7855],[18,24]],[[1106,7851],[15,24]],[[1121,7875],[33,1]],[[1498,7738],[-6,93]],[[1492,7831],[1,0]],[[1493,7831],[5,-3]],[[1498,7828],[1,0]],[[1499,7828],[4,4]],[[1503,7832],[3,4]],[[1506,7836],[1,3]],[[1507,7839],[0,3]],[[1507,7842],[8,6]],[[1515,7848],[2,1]],[[1517,7849],[5,4]],[[1522,7853],[0,1]],[[1522,7854],[2,8]],[[1524,7862],[1,0]],[[1525,7862],[9,-3]],[[1534,7859],[1,-1]],[[1535,7858],[2,-2]],[[1537,7856],[0,-1]],[[1537,7855],[-1,-3]],[[1536,7852],[-6,-1]],[[1530,7851],[37,-28]],[[1567,7823],[4,-1]],[[1571,7822],[8,-10]],[[1579,7812],[0,-2]],[[1579,7810],[1,-3]],[[1580,7807],[0,-12]],[[1580,7795],[-1,-2]],[[1078,7855],[16,-6]],[[1074,7841],[4,14]],[[1080,7830],[14,19]],[[1094,7849],[12,2]],[[1106,7851],[3,-32]],[[1108,7814],[1,5]],[[1109,7819],[33,9]],[[1081,7814],[3,0]],[[1081,7803],[-4,1]],[[1289,7800],[-27,-32]],[[1204,7687],[-7,1]],[[1197,7688],[-1,0]],[[1196,7688],[-1,0]],[[1195,7688],[-7,0]],[[1187,7688],[-15,14]],[[1062,7612],[-8,0]],[[1038,7766],[1,6]],[[1567,7791],[12,2]],[[1579,7793],[0,-3]],[[1579,7790],[0,-5]],[[1555,7772],[2,7]],[[1567,7791],[-10,-12]],[[1557,7779],[10,12]],[[1460,7696],[38,42]],[[1498,7738],[9,5]],[[1548,7767],[7,4]],[[1555,7771],[0,1]],[[1555,7772],[24,13]],[[1579,7785],[0,-1]],[[1579,7784],[-1,-4]],[[1578,7780],[0,-2]],[[1578,7778],[0,-4]],[[1578,7774],[0,-1]],[[1472,7673],[-4,-1]],[[1468,7672],[-1,0]],[[1467,7672],[-5,-1]],[[1462,7671],[-3,0]],[[1090,7759],[-7,24]],[[1532,7688],[-2,-3]],[[1530,7685],[-2,1]],[[1528,7686],[-3,0]],[[1525,7686],[-3,0]],[[1522,7686],[-1,0]],[[1521,7686],[-4,2]],[[1517,7688],[-2,2]],[[1515,7690],[-2,3]],[[1513,7693],[-2,0]],[[1511,7693],[0,1]],[[1511,7694],[-6,-1]],[[1505,7693],[-3,-2]],[[1502,7691],[-1,-1]],[[1501,7690],[-1,-9]],[[1500,7681],[0,-2]],[[1500,7679],[1,-1]],[[1501,7678],[2,0]],[[1503,7678],[1,-1]],[[1504,7677],[1,-1]],[[1505,7676],[-1,-1]],[[1504,7675],[0,-1]],[[1504,7674],[-3,1]],[[1501,7675],[-1,0]],[[1500,7675],[-11,-1]],[[1489,7674],[-12,0]],[[1477,7674],[-5,-1]],[[1472,7673],[106,100]],[[1578,7773],[0,-6]],[[1578,7767],[0,-1]],[[1578,7766],[-2,-7]],[[1576,7759],[-1,-6]],[[1575,7753],[-1,-2]],[[1574,7751],[0,-2]],[[1574,7749],[0,-6]],[[1574,7743],[0,-2]],[[1574,7741],[-2,-1]],[[1572,7740],[0,-1]],[[1572,7739],[5,-8]],[[1242,7746],[20,22]],[[1262,7768],[5,-19]],[[1267,7749],[0,-1]],[[1267,7748],[1,-3]],[[1268,7745],[0,-2]],[[1268,7743],[-1,-4]],[[1267,7739],[0,-1]],[[1267,7738],[-3,-5]],[[1264,7733],[-1,0]],[[1548,7767],[-41,-24]],[[1507,7743],[41,24]],[[1129,7748],[-18,8]],[[1090,7759],[20,7]],[[1110,7766],[1,-10]],[[1111,7756],[-21,3]],[[1036,7753],[2,13]],[[1038,7766],[33,-19]],[[1082,7750],[38,-4]],[[1036,7753],[35,-6]],[[1071,7747],[-18,-90]],[[1020,7646],[16,107]],[[1080,7743],[2,7]],[[1082,7750],[38,-4]],[[1120,7746],[6,-4]],[[1075,7716],[1,6]],[[1080,7743],[-4,-21]],[[1076,7722],[4,21]],[[1120,7722],[6,20]],[[1126,7742],[11,-10]],[[1137,7732],[9,-9]],[[1129,7728],[8,4]],[[1578,7670],[-1,0]],[[1577,7670],[-2,3]],[[1575,7673],[-1,4]],[[1574,7677],[2,1]],[[1576,7678],[1,1]],[[1577,7679],[1,0]],[[1578,7679],[0,1]],[[1578,7680],[8,7]],[[1586,7687],[6,8]],[[1592,7695],[-2,0]],[[1590,7695],[-1,0]],[[1589,7695],[0,1]],[[1589,7696],[-2,-3]],[[1587,7693],[-3,-4]],[[1584,7689],[-1,-1]],[[1583,7688],[-1,0]],[[1582,7688],[-2,-1]],[[1580,7687],[-1,-2]],[[1579,7685],[-1,-1]],[[1578,7684],[-1,-2]],[[1577,7682],[-2,0]],[[1575,7682],[-2,-1]],[[1573,7681],[-3,-3]],[[1570,7678],[-3,-9]],[[1567,7669],[-1,0]],[[1566,7669],[-25,19]],[[1541,7688],[-1,1]],[[1540,7689],[-2,1]],[[1538,7690],[-2,0]],[[1536,7690],[-4,-2]],[[1532,7688],[45,43]],[[1577,7731],[1,0]],[[1578,7731],[8,-10]],[[1586,7721],[2,-2]],[[1588,7719],[4,-6]],[[1592,7713],[2,-2]],[[1594,7711],[6,-17]],[[1600,7694],[5,0]],[[1605,7694],[4,-1]],[[1611,7690],[3,-2]],[[1114,7719],[6,3]],[[1120,7722],[9,6]],[[1129,7728],[9,-10]],[[1070,7689],[5,27]],[[1075,7716],[39,3]],[[1114,7719],[0,-14]],[[1138,7718],[8,5]],[[1146,7723],[9,-7]],[[1114,7705],[24,13]],[[1138,7694],[17,22]],[[1155,7716],[17,-14]],[[1156,7684],[-2,-8]],[[1068,7680],[2,9]],[[1070,7689],[44,16]],[[1114,7705],[8,-9]],[[1188,7688],[-1,0]],[[1187,7688],[-2,0]],[[1185,7688],[-10,1]],[[1175,7689],[-17,0]],[[1158,7689],[-1,-1]],[[1157,7688],[-1,-4]],[[1156,7684],[16,18]],[[1172,7702],[16,-14]],[[1122,7696],[16,-2]],[[1459,7671],[-1,-1]],[[1458,7670],[0,-1]],[[1458,7669],[-1,-2]],[[1457,7667],[-2,-1]],[[1455,7666],[-1,0]],[[1454,7666],[-1,0]],[[1453,7666],[-3,0]],[[1450,7666],[-1,1]],[[1449,7667],[-1,2]],[[1448,7669],[0,4]],[[1448,7673],[-1,2]],[[1447,7675],[-1,0]],[[1446,7675],[-8,8]],[[1438,7683],[-2,2]],[[1436,7685],[24,11]],[[1460,7696],[-1,-25]],[[1611,7690],[-2,3]],[[1609,7693],[2,-2]],[[1611,7691],[0,-1]],[[1614,7680],[0,8]],[[1614,7688],[6,-5]],[[1578,7670],[36,10]],[[1614,7680],[6,3]],[[1620,7683],[4,-4]],[[1582,7665],[-1,1]],[[1581,7666],[-3,3]],[[1578,7669],[0,1]],[[1624,7679],[1,0]],[[1625,7679],[1,-3]],[[1626,7676],[2,-1]],[[1628,7675],[-1,-1]],[[1627,7674],[0,-1]],[[1627,7673],[-3,-1]],[[1624,7672],[-2,-1]],[[1622,7671],[-5,-2]],[[1616,7674],[8,5]],[[1582,7665],[34,9]],[[1616,7674],[1,-5]],[[1617,7669],[-15,-4]],[[1602,7665],[-5,0]],[[1597,7665],[-14,0]],[[1583,7665],[-1,0]],[[1269,8356],[5,-78]],[[1274,8278],[-2,0]],[[1272,8278],[-1,-1]],[[1271,8277],[0,-1]],[[1271,8276],[-1,-1]],[[1270,8275],[0,-1]],[[1270,8274],[-1,-4]],[[1269,8270],[4,-15]],[[1273,8255],[-50,-5]],[[1223,8250],[-4,7]],[[1219,8257],[-11,0]],[[1208,8257],[-2,-4]],[[1206,8253],[6,-12]],[[1212,8241],[13,3]],[[1225,8244],[0,0]],[[1225,8244],[0,-11]],[[1225,8233],[1,-1]],[[1226,8232],[5,-22]],[[1231,8210],[0,-3]],[[1231,8207],[34,-11]],[[1265,8196],[3,-1]],[[1268,8195],[1,-1]],[[1269,8194],[1,-3]],[[1270,8191],[0,-13]],[[1270,8178],[1,-2]],[[1271,8176],[2,0]],[[1273,8176],[20,6]],[[1293,8182],[0,-9]],[[1293,8173],[-2,-4]],[[1291,8169],[0,-1]],[[1291,8168],[0,-3]],[[1291,8165],[1,-9]],[[1292,8156],[1,-5]],[[1293,8151],[5,0]],[[1298,8151],[2,1]],[[1300,8152],[1,-2]],[[1301,8150],[-7,-9]],[[1294,8141],[-1,-2]],[[1293,8139],[1,0]],[[1283,8133],[-90,3]],[[1193,8136],[-81,32]],[[1112,8168],[-3,13]],[[1109,8181],[-1,27]],[[1108,8208],[12,15]],[[1120,8223],[0,1]],[[1120,8224],[31,3]],[[1151,8227],[11,1]],[[1162,8228],[-38,3]],[[1124,8230],[0,1]],[[1124,8231],[8,93]],[[1132,8324],[58,-16]],[[1190,8308],[0,-1]],[[1190,8307],[-5,41]],[[1185,8348],[-30,46]],[[1155,8394],[120,14]],[[1275,8408],[-5,-21]],[[1270,8387],[-1,-31]],[[1231,8318],[15,7],[-21,11],[-6,-14],[12,-4]],[[1352,7967],[-9,-29]],[[1293,8000],[56,22]],[[1357,7996],[0,18]],[[1253,7996],[-16,20]],[[1252,8037],[5,4]],[[1248,8018],[-11,-2]],[[1237,8016],[15,21]],[[1404,8089],[69,10]],[[1473,8099],[0,-9]],[[1473,8090],[-1,0]],[[1472,8090],[0,-2]],[[1472,8088],[-3,-11]],[[1469,8077],[0,-2]],[[1469,8075],[-1,-4]],[[1468,8071],[-1,-3]],[[1467,8068],[0,-7]],[[1467,8061],[0,-2]],[[1467,8059],[0,-1]],[[1253,7890],[-1,3]],[[1253,7855],[-2,-21]],[[1133,7803],[7,-1]],[[1242,7746],[21,-13]],[[1263,7733],[0,-1]],[[1263,7732],[0,-3]],[[1263,7729],[0,-4]],[[1263,7725],[0,-1]],[[1263,7724],[-29,-26]],[[1212,7766],[30,-20]],[[1253,7996],[-4,17]],[[1271,7997],[-18,-1]],[[1151,7666],[-9,-7]],[[1129,7652],[-36,-14]],[[1088,7639],[-13,-1]],[[1075,7638],[0,-2]],[[1075,7636],[0,-6]],[[1075,7630],[11,0]],[[1086,7630],[0,-2]],[[1086,7628],[10,-8]],[[1096,7620],[2,0]],[[1098,7620],[1,-3]],[[1099,7617],[6,0]],[[1105,7617],[-2,-8]],[[1103,7609],[-1,0]],[[1102,7609],[-40,3]],[[1062,7612],[7,29]],[[1131,7661],[-2,-9]],[[1053,7651],[1,-39]],[[1054,7612],[-35,29]],[[1093,7638],[-6,-3]],[[1087,7635],[0,1]],[[1087,7636],[1,1]],[[1088,7637],[0,1]],[[1088,7638],[0,1]],[[1088,7639],[5,-1]],[[1053,7657],[0,-6]],[[1053,7651],[-34,-10]],[[1019,7641],[1,5]],[[1020,7646],[33,11]],[[1147,7808],[-5,20]],[[1142,7828],[12,48]],[[1154,7876],[47,6]],[[1305,7975],[14,-8]],[[1241,7961],[20,8]],[[1393,7981],[-33,-11]],[[1477,8003],[11,-7]],[[1488,7996],[-3,-1]],[[1485,7995],[-1,0]],[[1484,7995],[-1,0]],[[1483,7995],[-3,-3]],[[1480,7992],[0,-1]],[[1480,7991],[-1,-1]],[[1479,7990],[0,-4]],[[1479,7986],[0,-6]],[[1479,7980],[-1,-2]],[[1478,7978],[-1,-1]],[[1477,7977],[-3,-8]],[[1474,7969],[-1,0]],[[1473,7969],[0,2]],[[1473,7971],[-1,2]],[[1472,7973],[0,1]],[[1472,7974],[0,1]],[[1472,7975],[-5,4]],[[1467,7979],[0,1]],[[1467,7980],[-2,2]],[[1465,7982],[-4,2]],[[1461,7984],[-6,-1]],[[1455,7983],[-4,-4]],[[1451,7979],[-4,-2]],[[1447,7977],[-3,-3]],[[1444,7974],[-2,0]],[[1442,7974],[-3,-2]],[[1439,7972],[-1,-1]],[[1438,7971],[-12,-2]],[[1426,7969],[-4,-1]],[[1422,7968],[-1,0]],[[1421,7968],[-15,2]],[[1406,7970],[0,4]],[[1406,7974],[0,5]],[[1406,7979],[-7,8]],[[1399,7987],[0,0]],[[1399,7987],[-3,-3]],[[1279,8022],[-22,19]],[[1257,8041],[81,56]],[[1427,8062],[17,-22]],[[1472,8033],[2,-1]],[[1474,8032],[2,-2]],[[1476,8030],[0,-3]],[[1476,8027],[0,-2]],[[1476,8025],[1,-1]],[[1477,8024],[0,-1]],[[1477,8023],[0,-1]],[[1477,8022],[0,-1]],[[1477,8021],[0,-2]],[[1477,8019],[1,-1]],[[1478,8018],[1,-1]],[[1479,8017],[0,-2]],[[1479,8015],[1,-2]],[[1480,8013],[0,-1]],[[1480,8012],[-3,-3]],[[1294,8139],[18,-11]],[[1312,8128],[2,-1]],[[1314,8127],[1,-2]],[[1315,8125],[2,0]],[[1317,8125],[9,-7]],[[1326,8118],[3,-2]],[[1329,8116],[8,-7]],[[1337,8109],[1,-1]],[[1338,8108],[5,-1]],[[1343,8107],[1,1]],[[1344,8108],[6,0]],[[1350,8108],[1,0]],[[1351,8108],[3,0]],[[1354,8108],[11,14]],[[1365,8122],[-6,3]],[[1359,8125],[-2,0]],[[1357,8125],[11,4]],[[1368,8129],[36,-40]],[[1404,8089],[5,-7]],[[1393,8071],[-5,-5]],[[1348,8053],[-10,44]],[[1338,8097],[-55,36]],[[1283,8133],[11,6]],[[1312,8029],[31,22]],[[1283,8022],[27,5]],[[1282,8016],[-3,6]],[[1279,8022],[4,0]],[[1283,8022],[27,5]],[[1310,8027],[2,2]],[[1312,8029],[31,22]],[[1343,8051],[5,2]],[[1348,8053],[40,13]],[[1388,8066],[5,5]],[[1393,8071],[16,11]],[[1409,8082],[2,-5]],[[1332,8031],[-50,-15]],[[1282,8016],[2,-6]],[[1279,8008],[-30,5]],[[1249,8013],[-1,5]],[[1248,8018],[34,-2]],[[1217,7930],[-7,48]],[[1210,7978],[31,-17]],[[1241,7961],[12,-8]],[[1269,7965],[-8,4]],[[1261,7969],[10,28]],[[1271,7997],[12,6]],[[1092,7654],[-4,-15]],[[1088,7639],[-19,2]],[[1069,7641],[-1,18]],[[1122,7696],[16,-2]],[[1138,7694],[16,-18]],[[1154,7676],[-3,-10]],[[1151,7666],[-9,-7]],[[1142,7659],[-11,2]],[[1131,7661],[-39,-7]],[[1092,7654],[-24,5]],[[1068,7659],[0,21]],[[1068,7680],[54,16]],[[1083,7797],[-4,-1]],[[1081,7803],[3,11]],[[1084,7814],[23,0]],[[1079,7796],[-4,-4]],[[1077,7804],[4,-1]],[[1081,7803],[-2,-7]],[[1080,7830],[1,-15]],[[1081,7815],[0,-1]],[[1081,7814],[-4,-10]],[[1077,7804],[-4,-13]],[[1073,7791],[0,0]],[[1073,7791],[2,1]],[[1075,7792],[-36,-20]],[[1039,7772],[35,69]],[[1074,7841],[6,-11]],[[1310,7918],[4,-29]],[[1289,7800],[-14,9]],[[1312,7818],[18,0]],[[1366,7827],[-77,-27]],[[1318,7858],[-18,-10]],[[1267,7838],[12,60]],[[1321,7870],[37,-40]],[[1427,8063],[0,-1]],[[1427,8062],[17,-22]],[[1444,8040],[23,18]],[[1467,8058],[1,-8]],[[1468,8050],[0,-4]],[[1468,8046],[-1,-6]],[[1467,8040],[0,-1]],[[1467,8039],[5,-6]],[[1472,8033],[5,-24]],[[1477,8009],[0,-6]],[[1477,8003],[-81,-19]],[[1396,7984],[-3,-3]],[[1393,7981],[-33,-11]],[[1360,7970],[-8,-3]],[[1352,7967],[-31,-8]],[[1321,7959],[0,0]],[[1321,7959],[22,-21]],[[1343,7938],[-33,-20]],[[1310,7918],[4,-29]],[[1314,7889],[7,-19]],[[1321,7870],[37,-40]],[[1358,7830],[8,-3]],[[1366,7827],[-36,-9]],[[1330,7818],[-18,0]],[[1312,7818],[-37,-9]],[[1275,7809],[-63,-43]],[[1212,7766],[22,-68]],[[1234,7698],[-4,-3]],[[1230,7695],[-10,-4]],[[1220,7691],[-4,-1]],[[1216,7690],[-12,-3]],[[1204,7687],[-75,61]],[[1129,7748],[-19,18]],[[1110,7766],[-27,17]],[[1083,7783],[0,14]],[[1083,7797],[24,17]],[[1107,7814],[1,0]],[[1108,7814],[25,-11]],[[1133,7803],[7,-1]],[[1140,7802],[7,6]],[[1147,7808],[54,74]],[[1201,7882],[0,50]],[[1201,7932],[-31,64]],[[1170,7996],[7,1]],[[1177,7997],[40,-67]],[[1217,7930],[36,23]],[[1253,7953],[16,12]],[[1269,7965],[14,38]],[[1283,8003],[-4,5]],[[1279,8008],[5,2]],[[1284,8010],[9,-10]],[[1293,8000],[64,-4]],[[1357,7996],[0,18]],[[1357,8014],[-8,8]],[[1349,8022],[-17,9]],[[1332,8031],[79,46]],[[1411,8077],[16,-14]],[[1207,7822],[14,4],[0,16],[-12,-1],[-2,-19]],[[1287,7910],[-7,12],[-22,-24],[14,3],[15,9]],[[1303,7918],[16,16],[-13,10],[-19,-16],[16,-10]],[[1221,7815],[8,7],[-45,-34],[12,-4],[25,31]],[[1387,8051],[20,0],[-29,-33],[-15,12],[24,21]],[[1212,7871],[11,-23],[19,37],[-27,-5],[-3,-9]],[[1322,7849],[-41,-19],[-25,-3],[69,-1],[-3,23]],[[1202,7771],[-25,12],[-21,-19],[19,-14],[27,21]],[[1305,7975],[14,-8]],[[1319,7967],[-14,8]],[[1236,7822],[-34,-41],[9,-8],[55,39],[-30,10]],[[1263,7944],[-50,-23],[0,-34],[29,7],[21,50]],[[1300,7848],[18,10]],[[1318,7858],[-39,40]],[[1279,7898],[-27,-5]],[[1252,7893],[1,-3]],[[1253,7890],[0,-35]],[[1253,7855],[-2,-21]],[[1251,7834],[16,4]],[[1267,7838],[33,10]],[[2875,6415],[1,-1]],[[2876,6414],[-18,-11]],[[2858,6403],[-3,2]],[[2855,6405],[-16,5]],[[2888,6445],[4,-2]],[[2892,6443],[-7,-11]],[[2885,6432],[-1,-1]],[[2884,6431],[-1,-4]],[[2883,6427],[-2,0]],[[2881,6427],[-6,-12]],[[2831,6410],[-39,8]],[[2792,6418],[-1,0]],[[2791,6418],[-7,1]],[[2779,6453],[-12,6]],[[2776,6417],[-2,2]],[[2774,6419],[-2,0]],[[2772,6419],[-7,0]],[[2897,6447],[-3,-3]],[[2894,6444],[-2,-1]],[[2892,6443],[-4,2]],[[2888,6445],[-49,-35]],[[2839,6410],[-8,0]],[[2831,6410],[-47,9]],[[2784,6419],[-5,-2]],[[2779,6417],[-1,0]],[[2778,6417],[0,0]],[[2778,6417],[-2,0]],[[2776,6417],[38,38]],[[2825,6464],[-11,-9]],[[2814,6455],[-16,11]],[[2803,6473],[1,0]],[[2835,6469],[-10,-5]],[[2825,6464],[-5,9]],[[2806,6478],[2,-1]],[[2820,6473],[-16,0]],[[2804,6473],[-1,1]],[[2820,6476],[-12,1]],[[2808,6477],[-1,1]],[[2874,6455],[-39,14]],[[2835,6469],[-15,4]],[[2820,6473],[0,3]],[[2820,6476],[13,8]],[[2867,6462],[-23,33]],[[2834,6494],[-1,-10]],[[2833,6484],[-14,8]],[[2781,6455],[-14,4]],[[2767,6459],[2,-20]],[[2758,6420],[-12,5]],[[2746,6425],[-15,12]],[[2731,6437],[-3,39]],[[2728,6476],[59,16]],[[2787,6492],[15,5]],[[2812,6493],[-10,4]],[[2802,6497],[4,5]],[[2861,6492],[-17,3]],[[2840,6518],[4,-23]],[[2844,6495],[-9,-1]],[[2806,6502],[9,20]],[[2814,6497],[-8,5]],[[2835,6520],[0,-26]],[[2835,6494],[-1,0]],[[2834,6494],[-13,1]],[[2897,6447],[-18,9]],[[2980,6547],[-20,-26]],[[2960,6521],[-1,-2]],[[2959,6519],[-1,-4]],[[2958,6515],[0,-1]],[[2958,6514],[-61,-67]],[[3014,6550],[-2,0]],[[3012,6550],[-4,0]],[[3008,6550],[-8,0]],[[3000,6550],[-4,3]],[[3014,6550],[5,10]],[[3019,6560],[0,-5]],[[3019,6555],[-1,0]],[[3018,6555],[-4,-5]],[[2996,6553],[-4,1]],[[2992,6554],[-11,-6]],[[2981,6548],[-1,-1]],[[2980,6547],[-101,-91]],[[2879,6456],[-5,-1]],[[2874,6455],[0,4]],[[2901,6491],[24,27]],[[2928,6522],[62,34]],[[3022,6565],[-3,-5]],[[3019,6560],[-23,-7]],[[3104,6545],[-18,22]],[[3024,6570],[1,0]],[[3025,6570],[0,-1]],[[3025,6569],[-1,-1]],[[3025,6572],[0,-1]],[[3098,6568],[-12,-1]],[[3086,6567],[-4,5]],[[2870,6499],[-30,19]],[[2840,6518],[-4,2]],[[2835,6520],[1,0]],[[2836,6520],[-11,14]],[[3009,6573],[9,4]],[[3016,6565],[-17,-5]],[[3036,6581],[0,-1]],[[3036,6580],[-10,-6]],[[3155,6573],[42,5]],[[3197,6578],[22,2]],[[3225,6581],[0,-9]],[[3225,6572],[1,0]],[[3226,6572],[32,-44]],[[3258,6528],[0,-2]],[[3258,6526],[-142,24]],[[2996,6569],[3,-9]],[[2999,6560],[-9,-4]],[[2990,6556],[-62,-34]],[[2928,6522],[-3,-4]],[[2925,6518],[-24,-27]],[[2901,6491],[-27,-32]],[[2874,6459],[-7,3]],[[2867,6462],[-6,30]],[[2861,6492],[9,7]],[[2870,6499],[-31,77]],[[3227,6587],[-2,-6]],[[3225,6581],[-6,-1]],[[3219,6580],[-22,-2]],[[3197,6578],[-42,-5]],[[3155,6573],[-44,-4]],[[3067,6588],[-9,-3]],[[3058,6585],[0,3]],[[3096,6573],[-14,-1]],[[3082,6572],[-11,19]],[[3058,6588],[-7,4]],[[3051,6592],[0,1]],[[3063,6595],[4,-7]],[[3067,6588],[-9,0]],[[3071,6591],[-2,4]],[[3087,6592],[-16,-1]],[[3153,6579],[-44,-5]],[[3154,6599],[-54,-5]],[[3204,6584],[-18,-4]],[[3183,6602],[7,3]],[[3084,6597],[-15,-2]],[[3069,6595],[-3,10]],[[3047,6595],[0,-1]],[[3047,6594],[1,-1]],[[3048,6593],[0,-1]],[[3060,6606],[3,-11]],[[3063,6595],[-12,-2]],[[3051,6593],[0,2]],[[3051,6595],[-4,0]],[[3143,6603],[-45,-5]],[[3204,6584],[-14,19]],[[3230,6607],[4,-9]],[[3234,6598],[-5,-4]],[[3229,6594],[-2,-7]],[[3227,6587],[-23,-3]],[[3190,6603],[0,2]],[[3190,6605],[40,2]],[[3230,6607],[-40,-4]],[[3081,6604],[-15,1]],[[3066,6605],[-2,5]],[[3172,6611],[11,-9]],[[3183,6602],[3,-22]],[[3186,6580],[-16,-2]],[[3174,6615],[0,-1]],[[3174,6614],[-2,-2]],[[3172,6612],[0,-1]],[[2932,6553],[-1,0]],[[2931,6553],[-89,28]],[[2974,6567],[3,-3]],[[2977,6564],[-46,-11]],[[2698,6599],[-5,1]],[[3170,6578],[-17,1]],[[3153,6579],[1,20]],[[3154,6599],[-11,4]],[[3143,6603],[0,3]],[[3171,6614],[-1,-36]],[[2693,6600],[-5,6]],[[2714,6622],[-21,-22]],[[3058,6611],[2,-5]],[[3060,6606],[-12,-14]],[[3048,6592],[-1,-3]],[[3047,6589],[-1,-1]],[[3046,6588],[-7,-4]],[[3039,6584],[-2,-1]],[[3037,6583],[-1,-2]],[[3036,6581],[-10,-7]],[[3026,6574],[-1,-2]],[[3025,6572],[0,-1]],[[3025,6571],[-1,-1]],[[3024,6570],[0,-2]],[[3024,6568],[-1,-1]],[[3023,6567],[0,-1]],[[3023,6566],[-1,-1]],[[3022,6565],[-6,0]],[[3016,6565],[2,12]],[[3005,6623],[-13,-14]],[[2825,6556],[-127,43]],[[2698,6599],[20,21]],[[2986,6602],[-12,-35]],[[2974,6567],[-109,48]],[[2986,6604],[-103,34]],[[2935,6648],[50,-39]],[[3064,6610],[0,40]],[[3080,6608],[-16,2]],[[2725,6649],[10,5],[9,-10],[-16,-6],[-3,11]],[[3010,6626],[-5,-3]],[[3005,6623],[-13,-14]],[[2992,6609],[26,-29]],[[3018,6580],[-1,0]],[[3017,6580],[1,-3]],[[3018,6577],[-9,-4]],[[3009,6573],[-13,-4]],[[2996,6569],[-19,-5]],[[2977,6564],[9,38]],[[2986,6602],[0,2]],[[2986,6604],[-1,5]],[[2985,6609],[-50,39]],[[2935,6648],[-7,1]],[[2925,6650],[3,-1]],[[2928,6649],[-41,-7]],[[3142,6613],[1,-7]],[[3143,6606],[-49,0]],[[3093,6610],[34,35]],[[3122,6666],[5,-21]],[[3127,6645],[-26,2]],[[3077,6649],[-13,1]],[[3064,6650],[-4,22]],[[2630,6651],[38,21],[10,-6],[-42,-26],[-6,11]],[[2927,6652],[-2,-2]],[[2925,6650],[-27,7]],[[2864,6675],[30,-13]],[[2891,6657],[-58,9]],[[2989,6634],[-57,20]],[[2989,6634],[-5,41]],[[3041,6675],[17,-64]],[[3058,6611],[-48,15]],[[3010,6626],[-21,8]],[[2834,6580],[-45,52]],[[2799,6658],[36,-73]],[[2833,6666],[-34,-8]],[[2799,6658],[0,17]],[[2821,6675],[12,-9]],[[2782,6676],[7,-44]],[[2789,6632],[-71,-12]],[[2718,6620],[-4,2]],[[2714,6622],[-26,-16]],[[2688,6606],[-53,27]],[[2727,6641],[3,-3],[14,6],[-9,10],[-8,-13]],[[3079,6669],[-19,3]],[[3060,6672],[-1,6]],[[3162,6623],[-20,-10]],[[3142,6613],[-12,53]],[[3090,6648],[3,-38]],[[3093,6610],[1,-4]],[[3094,6606],[4,-8]],[[3098,6598],[2,-4]],[[3100,6594],[9,-20]],[[3109,6574],[2,-5]],[[3111,6569],[5,-19]],[[3116,6550],[-12,-5]],[[3104,6545],[-6,23]],[[3098,6568],[-2,5]],[[3096,6573],[-9,19]],[[3087,6592],[-3,5]],[[3084,6597],[-3,7]],[[3081,6604],[-1,4]],[[3080,6608],[-3,41]],[[3077,6649],[2,20]],[[3079,6669],[2,8]],[[3099,6681],[3,2]],[[3104,6667],[-3,-20]],[[3101,6647],[-11,1]],[[3090,6648],[-2,33]],[[3273,6653],[-36,-17]],[[3237,6636],[-7,3]],[[3230,6639],[-54,-24]],[[3176,6615],[-2,0]],[[3174,6615],[-3,-1]],[[3171,6614],[0,9]],[[3313,6682],[-14,-19]],[[3299,6663],[-1,-1]],[[3298,6662],[-18,-5]],[[3180,6680],[-50,-14]],[[3130,6666],[-8,0]],[[3122,6666],[-18,1]],[[3104,6667],[21,5]],[[3081,6677],[-22,1]],[[3059,6678],[-3,13]],[[3082,6683],[-1,-6]],[[3100,6681],[-1,0]],[[3099,6681],[-11,0]],[[3088,6681],[-6,2]],[[3082,6683],[-26,8]],[[3056,6691],[-1,5]],[[3203,6685],[-17,1]],[[3083,6688],[-28,8]],[[3055,6696],[0,2]],[[2635,6672],[25,32]],[[3023,6698],[-1,-4]],[[3086,6695],[-31,3]],[[3055,6698],[5,6]],[[3088,6701],[0,-1]],[[2986,6684],[36,10]],[[3022,6694],[19,-19]],[[3041,6675],[-57,0]],[[2984,6675],[-52,-21]],[[2932,6654],[-5,-2]],[[2927,6652],[-29,5]],[[2898,6657],[-11,-15]],[[2887,6642],[-4,-4]],[[2883,6638],[-18,-23]],[[2865,6615],[-23,-34]],[[2842,6581],[-3,-5]],[[2839,6576],[-14,-42]],[[2825,6534],[-4,-39]],[[2821,6495],[-2,-2]],[[2819,6493],[0,-1]],[[2819,6492],[-12,-14]],[[2807,6478],[-1,0]],[[2806,6478],[-3,-4]],[[2803,6474],[0,-1]],[[2803,6473],[-5,-7]],[[2798,6466],[-33,-47]],[[2765,6419],[-7,1]],[[2758,6420],[11,19]],[[2769,6439],[10,14]],[[2779,6453],[2,2]],[[2781,6455],[31,38]],[[2812,6493],[2,4]],[[2814,6497],[1,25]],[[2815,6522],[10,34]],[[2825,6556],[9,24]],[[2834,6580],[1,5]],[[2835,6585],[56,72]],[[2891,6657],[3,5]],[[2894,6662],[-30,13]],[[2864,6675],[-43,0]],[[2821,6675],[-22,0]],[[2799,6675],[-17,1]],[[2782,6676],[-47,3]],[[2781,6683],[27,-2]],[[2808,6681],[34,-1]],[[2975,6695],[-2,13]],[[2968,6708],[7,-13]],[[2975,6695],[-41,-15]],[[3023,6703],[0,-5]],[[3023,6698],[-37,-14]],[[2986,6684],[-6,24]],[[2901,6680],[-59,0]],[[2842,6680],[-34,1]],[[2781,6683],[-79,3]],[[2811,6690],[-5,1]],[[2866,6727],[-55,-37]],[[3293,6731],[22,-44]],[[2992,6710],[-7,1]],[[3294,6733],[-1,-2]],[[3293,6731],[22,-44]],[[3315,6687],[0,-3]],[[3315,6684],[-2,-2]],[[3313,6682],[-33,-25]],[[3280,6657],[-7,-4]],[[3273,6653],[-102,-30]],[[3171,6623],[-9,0]],[[3162,6623],[18,57]],[[3180,6680],[23,5]],[[3203,6685],[43,11]],[[2980,6732],[5,-21]],[[2985,6711],[-5,-3]],[[2980,6708],[-7,0]],[[2973,6708],[-5,0]],[[2968,6708],[-13,1]],[[2950,6719],[19,8]],[[2662,6707],[4,5]],[[2700,6710],[-34,2]],[[2666,6712],[-10,6]],[[3088,6701],[-28,3]],[[3060,6704],[28,-3]],[[2968,6734],[1,-5]],[[2740,6758],[76,6]],[[2740,6758],[93,-14]],[[2824,6731],[-18,-40]],[[2806,6691],[5,-1]],[[2811,6690],[-3,-9]],[[2808,6681],[-27,2]],[[2781,6683],[-79,3]],[[2702,6686],[33,-7]],[[2735,6679],[-100,-46]],[[2635,6633],[-42,25]],[[2593,6658],[0,1]],[[2593,6659],[37,-8]],[[2630,6651],[5,21]],[[2635,6672],[25,32]],[[2660,6704],[2,3]],[[2662,6707],[38,3]],[[2700,6710],[7,34]],[[2852,6732],[-28,-1]],[[2824,6731],[9,13]],[[2833,6744],[-17,20]],[[2816,6764],[18,4]],[[3186,6693],[0,-7]],[[3186,6686],[-7,0]],[[3168,6778],[7,-7]],[[3254,6739],[-8,-43]],[[3246,6696],[-60,-3]],[[3186,6693],[-11,78]],[[3175,6771],[88,5]],[[3294,6733],[-40,6]],[[3254,6739],[9,37]],[[3263,6776],[31,-43]],[[3168,6778],[11,-92]],[[3179,6686],[-54,-14]],[[3125,6672],[-23,11]],[[3102,6683],[-2,-2]],[[3100,6681],[-5,2]],[[3128,6792],[40,-14]],[[3137,6714],[4,1],[-1,29],[-7,-3],[4,-27]],[[3083,6688],[3,7]],[[3086,6695],[2,5]],[[3088,6700],[40,92]],[[3128,6792],[-33,-109]],[[3095,6683],[-12,5]],[[3002,6793],[21,-90]],[[3023,6703],[-31,7]],[[2992,6710],[-12,22]],[[2980,6732],[-3,0]],[[2976,6775],[6,11]],[[3002,6803],[0,-10]],[[3002,6793],[-18,2]],[[2666,6774],[-3,24]],[[2969,6744],[-1,-10]],[[2968,6734],[-26,15]],[[3002,6803],[-18,-4]],[[3004,6823],[-2,-20]],[[3004,6823],[-20,-24]],[[2984,6799],[0,-4]],[[2984,6795],[-2,-9]],[[2982,6786],[-6,-11]],[[2976,6775],[1,-43]],[[2977,6732],[-8,12]],[[2969,6744],[-27,5]],[[2942,6749],[27,-20]],[[2969,6729],[0,-2]],[[2969,6727],[-19,-8]],[[2950,6719],[5,-10]],[[2955,6709],[-21,-29]],[[2934,6680],[-33,0]],[[2901,6680],[-35,47]],[[2866,6727],[-14,5]],[[2852,6732],[16,6]],[[2950,6814],[54,9]],[[2740,6758],[-21,1]],[[2783,6806],[-43,-48]],[[2672,6772],[-9,-36]],[[2656,6741],[-2,26]],[[2658,6776],[8,-2]],[[2666,6774],[10,40]],[[2721,6855],[0,-21]],[[2950,6814],[-19,-19]],[[2931,6795],[-1,1]],[[2930,6796],[-62,-58]],[[2868,6738],[-34,30]],[[2834,6768],[116,46]],[[2676,6814],[-13,-16]],[[2663,6798],[-5,-22]],[[2658,6776],[-4,-9]],[[2654,6767],[2,-26]],[[2656,6741],[7,-5]],[[2663,6736],[-7,-18]],[[2656,6718],[-31,1]],[[2624,6732],[1,3]],[[2625,6735],[0,0]],[[2625,6735],[1,3]],[[2626,6738],[0,1]],[[2626,6739],[1,4]],[[2627,6743],[0,1]],[[2627,6744],[6,10]],[[2633,6754],[0,9]],[[2633,6763],[2,15]],[[2640,6780],[16,32]],[[2714,6851],[7,4]],[[2721,6855],[-45,-41]],[[2783,6806],[-64,-47]],[[2719,6759],[-12,-15]],[[2707,6744],[-35,28]],[[2672,6772],[49,62]],[[2721,6834],[62,-28]],[[2691,6835],[-33,-11]],[[2704,6844],[-13,-9]],[[2691,6835],[-33,-11]],[[2658,6824],[-2,-12]],[[2656,6812],[-16,-32]],[[2640,6780],[-5,-2]],[[2635,6778],[-13,9]],[[2643,6807],[3,5]],[[2669,6866],[45,-15]],[[2714,6851],[-10,-7]],[[2704,6844],[-39,13]],[[2669,6866],[-4,-9]],[[2651,6864],[-11,7]],[[2617,6829],[52,37]],[[3094,6911],[-28,21]],[[3073,6932],[-7,0]],[[3066,6932],[-17,16]],[[3094,6911],[-21,21]],[[3073,6932],[-19,18]],[[3066,6958],[6,4]],[[3082,6968],[12,-57]],[[3082,6968],[-10,-6]],[[3072,6962],[-6,-4]],[[3066,6958],[-12,-8]],[[3054,6950],[-5,-2]],[[3049,6948],[33,20]],[[2939,7103],[41,41]],[[2939,7103],[41,41]],[[2980,7144],[-41,-41]],[[2634,6847],[6,24]],[[2640,6871],[11,-7]],[[2651,6864],[14,-7]],[[2665,6857],[-8,-5]],[[2646,6812],[-29,17]],[[2617,6829],[17,18]],[[2634,6847],[23,5]],[[2657,6852],[-11,-40]],[[2643,6807],[-21,-20]],[[2622,6787],[21,20]],[[2616,6720],[6,8]],[[2622,6728],[0,2]],[[2622,6730],[2,2]],[[2624,6732],[1,-13]],[[2625,6719],[-9,0]],[[2616,6719],[0,1]],[[2142,8028],[13,1]],[[2153,8019],[2,-6]],[[2379,8024],[0,4]],[[2399,8010],[-5,0]],[[2377,8011],[2,13]],[[2379,8024],[6,0]],[[2644,7947],[18,-2]],[[2660,7935],[-17,2]],[[2108,8011],[-7,-1]],[[2398,7979],[1,-6]],[[2391,7972],[-1,6]],[[2734,7944],[-1,1]],[[3223,7801],[2,3]],[[2085,8048],[1,6]],[[2980,7911],[0,0]],[[3019,7921],[-2,-5]],[[2108,8011],[-1,13]],[[3237,7799],[-4,8]],[[3249,7789],[-3,-1]],[[2101,8010],[7,1]],[[2126,8025],[16,3]],[[2142,8028],[13,-15]],[[2521,8114],[-33,-53]],[[2413,8081],[-2,0]],[[2329,8056],[107,48]],[[2150,8043],[-15,1]],[[2109,8047],[-23,7]],[[2086,8054],[-1,-6]],[[1982,8047],[-14,0]],[[1968,8047],[-7,0]],[[1960,8047],[0,2]],[[1960,8049],[-3,-2]],[[1951,8047],[-1,0]],[[1948,8046],[-1,1]],[[1947,8047],[-4,2]],[[1943,8049],[1,2]],[[1944,8051],[1,1]],[[1945,8052],[1,0]],[[1946,8052],[3,4]],[[2016,8058],[34,1]],[[2083,8059],[9,-1]],[[2184,8054],[41,-9]],[[2126,8025],[-18,-14]],[[2108,8011],[5,13]],[[2394,8010],[13,-1]],[[2407,8009],[-10,-13]],[[2397,7996],[-10,-1]],[[2387,7995],[-10,6]],[[2377,8004],[0,7]],[[2377,8011],[8,13]],[[2385,8024],[9,-14]],[[2728,7962],[8,-1]],[[2735,7955],[-1,-6]],[[2734,7949],[-26,6]],[[3003,7919],[-23,-8]],[[2980,7911],[-1,0]],[[2661,7940],[1,5]],[[2694,7952],[2,-5]],[[2764,7937],[-7,-9]],[[2734,7944],[0,5]],[[2734,7949],[0,3]],[[1950,8047],[-2,-1]],[[1948,8046],[2,1]],[[1972,8057],[-6,0]],[[1954,8070],[-3,7]],[[1951,8077],[8,1]],[[1959,8078],[-3,6]],[[1956,8084],[3,1]],[[1960,8081],[4,-7]],[[2087,8069],[4,-1]],[[2100,8078],[3,-1]],[[2098,8071],[-4,-5]],[[2090,8058],[-7,1]],[[1916,8079],[7,6]],[[1923,8085],[3,2]],[[1926,8087],[2,2]],[[1928,8089],[3,1]],[[1931,8090],[2,1]],[[1933,8091],[3,0]],[[1936,8091],[2,-1]],[[1938,8090],[4,0]],[[1942,8090],[1,0]],[[1943,8090],[0,-1]],[[1943,8089],[-1,-1]],[[1942,8088],[1,0]],[[1943,8088],[0,-1]],[[1943,8087],[3,-1]],[[1946,8086],[3,-5]],[[1949,8081],[2,-13]],[[1938,8063],[-1,-1]],[[1937,8062],[-1,-1]],[[1936,8061],[1,-1]],[[1937,8060],[0,-2]],[[1937,8058],[0,-2]],[[1937,8056],[0,0]],[[1937,8056],[-7,5]],[[1930,8061],[-2,0]],[[1928,8061],[2,-3]],[[1930,8058],[-4,0]],[[1926,8058],[-2,2]],[[1924,8060],[-1,2]],[[1923,8062],[-1,1]],[[1922,8063],[-4,2]],[[1918,8065],[-5,4]],[[1913,8069],[-2,3]],[[1911,8072],[5,7]],[[3276,7751],[-68,48]],[[3218,7796],[5,5]],[[3223,7801],[14,-2]],[[3237,7799],[7,-12]],[[3076,7910],[123,-41]],[[3235,7808],[-2,-1]],[[3233,7807],[-6,4]],[[2391,7972],[8,1]],[[2399,7973],[0,2]],[[2102,8090],[-16,3]],[[2083,8097],[31,-3]],[[2342,7915],[-1,-1]],[[2298,7911],[61,8]],[[1951,8047],[6,0]],[[1957,8047],[-6,0]],[[2279,8023],[7,-10]],[[2172,8004],[-17,9]],[[2155,8013],[-2,6]],[[2153,8019],[2,10]],[[2155,8029],[-29,-4]],[[2126,8025],[-13,-1]],[[2113,8024],[-6,0]],[[2107,8024],[-6,-14]],[[2101,8010],[-21,-12]],[[1981,8019],[-31,12]],[[1950,8031],[4,3]],[[1954,8034],[3,3]],[[1960,8036],[7,-2]],[[1971,8047],[6,0]],[[2029,8013],[-4,19]],[[2009,8048],[76,0]],[[2085,8048],[6,-20]],[[2147,8043],[3,0]],[[2150,8043],[4,0]],[[3247,7788],[2,1]],[[3249,7789],[2,2]],[[3251,7791],[10,-8]],[[3279,7789],[5,2]],[[3261,7810],[-4,-3]],[[3253,7810],[-4,4]],[[3247,7862],[74,-104]],[[2396,8029],[-11,-1]],[[2412,8081],[1,0]],[[2413,8081],[5,4]],[[2522,8119],[-1,-5]],[[2521,8114],[-33,-53]],[[2488,8061],[-15,-30]],[[2657,7982],[-56,7]],[[2644,7975],[12,-2]],[[2691,7964],[-8,2]],[[2644,7947],[0,-4]],[[2611,7945],[-6,-1]],[[2565,7981],[-94,-6]],[[2428,7917],[-64,4]],[[2395,7952],[6,2]],[[2424,7973],[5,5]],[[2418,8000],[-11,9]],[[2407,8009],[-8,1]],[[2399,8010],[0,3]],[[2399,8021],[1,9]],[[2427,8033],[14,2]],[[2441,8035],[10,2]],[[2452,8020],[-1,-7]],[[2451,8013],[-1,-9]],[[2472,7987],[4,0]],[[2560,8002],[7,0]],[[2602,7994],[57,-7]],[[2282,8011],[4,2]],[[2286,8013],[67,15]],[[2379,8028],[-2,-17]],[[2377,8011],[-13,-3]],[[2280,7993],[-7,-7]],[[2298,7977],[34,-6]],[[2391,7974],[0,-2]],[[2391,7972],[-1,-2]],[[2395,7952],[1,-6]],[[2324,7956],[-2,1]],[[2259,7975],[4,8]],[[2757,7986],[10,-1]],[[2754,7959],[-26,3]],[[2728,7962],[-20,-7]],[[2708,7955],[-14,-3]],[[2696,7963],[1,5]],[[2698,7979],[0,5]],[[3070,7926],[-26,-7]],[[3018,7918],[1,3]],[[3019,7921],[-16,-2]],[[3003,7919],[-27,-2]],[[2976,7917],[-2,0]],[[2919,7921],[-157,36]],[[2762,7957],[0,2]],[[2766,7979],[1,6]],[[2767,7985],[6,-1]],[[2960,7929],[30,1]],[[3004,7932],[1,1]],[[2120,7982],[30,4]],[[2448,8105],[-2,-1]],[[2441,8100],[-5,4]],[[2436,8104],[57,19]],[[3262,7774],[5,-3]],[[3260,7765],[-5,4]],[[2429,7978],[-30,-3]],[[2399,7975],[-1,4]],[[2398,7979],[-1,17]],[[2397,7996],[21,4]],[[2418,8000],[11,-22]],[[2401,7954],[23,19]],[[2424,7973],[-23,-19]],[[3132,7876],[-25,-6]],[[2086,8093],[15,-3]],[[2099,8087],[-4,-4]],[[2100,8078],[-9,-10]],[[2091,8068],[-8,3]],[[2076,8084],[4,10]],[[2082,8094],[4,-1]],[[2184,8018],[-30,25]],[[2154,8043],[49,2]],[[2332,7971],[-23,4]],[[2289,8007],[75,1]],[[2364,8008],[13,-4]],[[2377,8004],[0,-3]],[[2377,8001],[10,-6]],[[2387,7995],[3,-17]],[[2390,7978],[1,-4]],[[2391,7974],[-59,-3]],[[3174,7865],[-16,-2]],[[3225,7804],[-9,-13]],[[3216,7791],[-8,8]],[[3208,7799],[5,24]],[[3219,7831],[8,-20]],[[3227,7811],[-2,-7]],[[2626,7915],[-15,30]],[[2611,7945],[33,-2]],[[2644,7943],[-1,-6]],[[2643,7937],[17,-2]],[[2660,7935],[1,5]],[[2661,7940],[35,7]],[[2696,7947],[2,-5]],[[2698,7942],[-3,-2]],[[2694,7939],[-1,-1]],[[2898,7896],[21,25]],[[2919,7921],[53,-6]],[[3253,7810],[4,-3]],[[3257,7807],[22,-18]],[[3279,7789],[-18,-6]],[[3261,7783],[-10,8]],[[3251,7791],[2,19]],[[3284,7791],[-23,19]],[[3261,7810],[23,-19]],[[2390,7970],[5,-18]],[[2395,7952],[-5,18]],[[2450,8004],[1,7]],[[2472,7987],[-22,17]],[[2352,7946],[44,0]],[[2396,7946],[-32,-25]],[[2652,7982],[5,0]],[[2657,7982],[41,-3]],[[2698,7979],[-1,-11]],[[2697,7968],[-41,5]],[[2656,7973],[-5,1]],[[2750,8014],[119,-49]],[[2925,7953],[54,-10]],[[2976,7930],[-16,-1]],[[2960,7929],[-187,55]],[[2773,7984],[-16,2]],[[2757,7986],[-59,-2]],[[2698,7984],[-4,0]],[[2925,7953],[-56,12]],[[2869,7965],[56,-12]],[[3216,7791],[2,5]],[[3218,7796],[-2,-5]],[[2087,8069],[-4,-10]],[[2083,8059],[-33,0]],[[2050,8059],[26,25]],[[2076,8084],[7,-13]],[[2083,8071],[4,-2]],[[2652,7982],[-1,-8]],[[2651,7974],[-7,1]],[[2644,7975],[-43,14]],[[2601,7989],[51,-7]],[[2400,8030],[-4,-1]],[[2396,8029],[45,6]],[[2441,8035],[-14,-2]],[[2427,8033],[-27,-3]],[[2109,8123],[0,1]],[[2109,8124],[0,-1]],[[1957,8037],[4,10]],[[1961,8047],[-1,0]],[[1960,8047],[8,0]],[[1968,8047],[3,0]],[[1971,8047],[-4,-13]],[[1967,8034],[-7,2]],[[1960,8036],[-3,1]],[[1951,8068],[3,2]],[[1954,8070],[11,-13]],[[1966,8057],[-1,0]],[[1965,8057],[-16,-1]],[[1949,8056],[0,0]],[[1949,8056],[-1,0]],[[1948,8056],[-2,1]],[[1946,8057],[-1,0]],[[1945,8057],[-6,6]],[[1939,8063],[-1,0]],[[1938,8063],[13,5]],[[2762,7957],[2,-20]],[[2764,7937],[-30,15]],[[2734,7952],[1,3]],[[2735,7955],[1,6]],[[2736,7961],[18,-2]],[[2754,7959],[8,-2]],[[1985,8111],[2,-1]],[[1987,8110],[-3,-5]],[[1984,8105],[-3,-5]],[[1981,8100],[-2,-1]],[[1979,8099],[-5,-4]],[[1974,8095],[3,0]],[[1977,8095],[-3,0]],[[1974,8095],[-1,0]],[[1973,8095],[-2,1]],[[1971,8096],[0,5]],[[1971,8101],[5,7]],[[1976,8108],[2,0]],[[1978,8108],[7,3]],[[2083,8097],[-1,-3]],[[2082,8094],[-2,0]],[[2080,8094],[3,3]],[[2263,7983],[19,28]],[[2282,8011],[-19,-28]],[[2203,8045],[22,0]],[[2225,8045],[54,-22]],[[2279,8023],[-95,-5]],[[2184,8018],[19,27]],[[2451,8037],[1,-17]],[[2452,8020],[-1,17]],[[1977,8047],[5,0]],[[1982,8047],[27,1]],[[2009,8048],[16,-16]],[[2025,8032],[4,-19]],[[2029,8013],[-52,34]],[[2273,7986],[7,7]],[[2280,7993],[9,14]],[[2289,8007],[20,-32]],[[2309,7975],[-11,2]],[[2298,7977],[-25,9]],[[2184,8054],[-30,-1]],[[2174,8073],[10,-19]],[[3070,7926],[-65,7]],[[3005,7933],[-1,0]],[[3004,7951],[-1,2]],[[3001,7932],[-11,-2]],[[2990,7930],[-14,0]],[[2976,7930],[3,13]],[[2979,7943],[91,-17]],[[2164,7962],[-14,24]],[[2150,7986],[22,18]],[[2172,8004],[86,-32]],[[3174,7865],[-16,-2]],[[3158,7863],[-26,13]],[[3132,7876],[-25,-6]],[[3107,7870],[-31,40]],[[3076,7910],[143,-78]],[[3219,7832],[0,-1]],[[3219,7831],[-6,-8]],[[3213,7823],[-39,42]],[[2750,8014],[-56,-30]],[[2694,7984],[-35,3]],[[2659,7987],[-6,0]],[[2655,8002],[95,12]],[[3017,7916],[1,2]],[[3018,7918],[26,1]],[[3044,7919],[-10,-39]],[[2982,7909],[35,7]],[[3247,7862],[2,-48]],[[3249,7814],[-14,-6]],[[3235,7808],[-36,61]],[[3199,7869],[48,-7]],[[3321,7758],[-29,-5]],[[3288,7753],[-12,-2]],[[3276,7751],[-1,1]],[[3275,7752],[-15,13]],[[3260,7765],[7,6]],[[3267,7771],[54,-13]],[[2429,8078],[0,1]],[[2429,8079],[-11,6]],[[2418,8085],[23,15]],[[2441,8100],[5,4]],[[2446,8104],[2,1]],[[2448,8105],[45,18]],[[2493,8123],[29,-4]],[[2522,8119],[-93,-40]],[[2560,8002],[-84,-15]],[[2476,7987],[-4,0]],[[2472,7987],[-21,24]],[[2451,8011],[0,2]],[[2451,8013],[22,18]],[[2473,8031],[87,-29]],[[2565,7981],[40,-37]],[[2605,7944],[-40,37]],[[2016,8058],[-44,-1]],[[1972,8057],[-8,17]],[[1964,8074],[-4,7]],[[1960,8081],[-1,4]],[[1959,8085],[12,-12]],[[1971,8073],[-1,-2]],[[1970,8071],[2,-2]],[[1972,8069],[2,2]],[[1974,8071],[4,-4]],[[1978,8067],[2,2]],[[1980,8069],[-1,7]],[[1979,8076],[-1,0]],[[1978,8076],[0,-2]],[[1978,8074],[-1,0]],[[1977,8074],[-6,16]],[[1971,8090],[3,3]],[[1974,8093],[2,-4]],[[1976,8089],[1,-3]],[[1977,8086],[12,-2]],[[1998,8079],[18,-21]],[[2757,7928],[-131,-13]],[[2626,7915],[67,23]],[[2693,7938],[1,1]],[[2694,7939],[1,1]],[[2695,7940],[3,2]],[[2698,7942],[35,3]],[[2733,7945],[1,-1]],[[2734,7944],[23,-16]],[[1981,8019],[99,-21]],[[2080,7998],[40,-16]],[[2120,7982],[17,-28]],[[2118,7947],[-137,72]],[[2266,7970],[56,-13]],[[2322,7957],[1,0]],[[2304,7944],[-25,3]],[[2329,8056],[82,25]],[[2411,8081],[1,0]],[[2412,8081],[-27,-53]],[[2385,8028],[-6,0]],[[2379,8028],[-26,0]],[[2353,8028],[-24,28]],[[2762,7959],[4,20]],[[2766,7979],[42,-8],[37,-20],[46,-14],[0,-2],[-129,24]],[[1998,8079],[-9,5]],[[1989,8084],[11,10]],[[2000,8094],[1,0]],[[2001,8094],[4,4]],[[2005,8098],[0,1]],[[2005,8099],[-3,2]],[[2002,8101],[-1,3]],[[2001,8104],[3,4]],[[2004,8108],[0,0]],[[2004,8108],[-6,-29]],[[2150,8053],[-58,5]],[[2092,8058],[-2,0]],[[2090,8058],[4,8]],[[2094,8066],[4,5]],[[2098,8071],[5,6]],[[2103,8077],[2,-2]],[[2111,8088],[3,6]],[[2114,8094],[58,-21]],[[2260,7929],[-128,16]],[[2303,7937],[1,7]],[[2304,7944],[19,13]],[[2323,7957],[1,-1]],[[2324,7956],[28,-10]],[[2352,7946],[12,-25]],[[2364,7921],[-5,-2]],[[2359,7919],[-17,-4]],[[2342,7915],[-1,0]],[[2341,7915],[0,-1]],[[2341,7914],[-43,-3]],[[2298,7911],[5,26]],[[2303,7937],[10,2]],[[2313,7940],[0,-1]],[[2313,7939],[4,-3]],[[2317,7936],[-1,0]],[[2316,7936],[25,-21]],[[2471,7975],[-43,-58]],[[2428,7917],[43,58]],[[2683,7966],[8,-2]],[[2691,7964],[5,-1]],[[2696,7963],[-2,-11]],[[2694,7952],[-32,-7]],[[2662,7945],[-18,2]],[[2644,7947],[39,19]],[[2655,8002],[-2,-15]],[[2653,7987],[-51,7]],[[2602,7994],[-35,8]],[[2567,8002],[88,0]],[[3255,7769],[-11,18]],[[3244,7787],[2,1]],[[3246,7788],[1,0]],[[3247,7788],[15,-14]],[[3262,7774],[-7,-5]],[[2258,7972],[1,3]],[[2259,7975],[7,-5]],[[2266,7970],[13,-23]],[[2279,7947],[-19,-18]],[[2260,7929],[-128,16]],[[2132,7945],[-14,2]],[[2118,7947],[19,7]],[[2137,7954],[27,8]],[[2164,7962],[94,10]],[[3034,7880],[-136,16]],[[2898,7896],[74,19]],[[2972,7915],[2,2]],[[2974,7917],[2,0]],[[2976,7917],[3,-6]],[[2979,7911],[1,0]],[[2980,7911],[2,-2]],[[2982,7909],[52,-29]],[[2099,8087],[2,3]],[[2101,8090],[1,0]],[[2102,8090],[9,-2]],[[2111,8088],[-6,-13]],[[2105,8075],[-5,3]],[[2100,8078],[-5,5]],[[2095,8083],[4,4]],[[2109,8047],[26,-3]],[[2135,8044],[12,-1]],[[2147,8043],[-56,-15]],[[2091,8028],[18,19]],[[2399,8013],[0,8]],[[2399,8021],[0,-8]],[[2154,8053],[-4,0]],[[2150,8053],[22,20]],[[2172,8073],[2,0]],[[2174,8073],[-20,-20]],[[3003,7953],[1,-2]],[[3004,7951],[0,-18]],[[3004,7933],[0,-1]],[[3004,7932],[-3,0]],[[3001,7932],[2,21]],[[2811,1269],[1,-1]],[[2829,1256],[-18,12]],[[2811,1268],[-35,25]],[[2792,1284],[2,-1]],[[2944,1169],[1,0]],[[2947,1145],[-1,-66]],[[2946,1079],[-40,63]],[[2951,1150],[-6,19]],[[2945,1169],[-2,0]],[[2945,1176],[13,8]],[[2919,1087],[2,0]],[[2919,1087],[2,0]],[[2921,1087],[55,-22]],[[2959,1014],[-40,73]],[[2988,1154],[-23,29]],[[2925,1198],[80,-45]],[[2946,1079],[1,66]],[[2949,1147],[39,7]],[[2988,1154],[17,-1]],[[3005,1153],[-59,-74]],[[2902,1157],[-1,-1]],[[2858,1169],[1,68]],[[2959,1288],[115,27],[63,-47],[-135,-82],[-43,102]],[[2903,1222],[17,-19]],[[2959,1014],[17,51]],[[2976,1065],[-17,-51]],[[2783,1296],[54,-22]],[[2854,1277],[16,-40]],[[2852,1240],[-18,12]],[[2873,1232],[19,-6]],[[2903,1222],[2,-15]],[[2888,1211],[5,9]],[[2894,1220],[-1,0]],[[2893,1220],[-1,6]],[[2892,1226],[11,-4]],[[2861,1243],[9,-6]],[[2870,1237],[3,-5]],[[2873,1232],[15,-21]],[[2888,1211],[17,-4]],[[2905,1207],[15,-4]],[[2920,1203],[5,-5]],[[2925,1198],[41,-15]],[[2966,1183],[-1,0]],[[2965,1183],[-7,1]],[[2958,1184],[-13,-8]],[[2945,1176],[-2,-7]],[[2943,1169],[1,0]],[[2944,1169],[7,-19]],[[2951,1150],[-2,-3]],[[2949,1147],[-2,-2]],[[2947,1145],[0,0]],[[2947,1145],[-41,-3]],[[2906,1142],[-10,5]],[[2901,1154],[0,2]],[[2901,1156],[1,1]],[[2902,1157],[-43,80]],[[2859,1237],[-7,3]],[[2852,1240],[-18,12]],[[2834,1252],[0,2]],[[2858,1169],[43,-15]],[[2901,1154],[-5,-7]],[[2896,1147],[-44,19]],[[2856,1171],[-1,-2]],[[2855,1169],[3,0]],[[2811,1268],[0,1]],[[2811,1269],[-17,14]],[[2794,1283],[-2,1]],[[2792,1284],[-16,9]],[[2776,1293],[7,3]],[[2783,1296],[27,-15]],[[2854,1277],[7,-34]],[[2861,1243],[-27,11]],[[2834,1254],[-5,2]],[[2829,1256],[-17,12]],[[2812,1268],[-1,0]],[[2811,1268],[-1,13]],[[2810,1281],[27,-7]],[[2837,1274],[17,3]],[[2856,1171],[-1,-2]],[[2835,1178],[21,-7]],[[2855,1169],[-3,-3]],[[2852,1166],[-17,12]],[[2835,1178],[20,-9]],[[1981,6847],[-1,0]],[[1980,6847],[-2,-2]],[[1978,6845],[-4,0]],[[1974,6845],[-1,0]],[[1994,6855],[-10,-6]],[[2088,6835],[-7,4]],[[2083,6841],[0,-1]],[[2083,6840],[8,-4]],[[1945,6842],[-8,4]],[[1937,6846],[0,0]],[[1937,6846],[-2,1]],[[1946,6847],[2,0]],[[1948,6847],[2,-1]],[[1949,6839],[-4,3]],[[1945,6842],[0,3]],[[2067,7214],[-2,-11]],[[2045,7161],[-4,0]],[[1993,7206],[43,7]],[[2088,6857],[7,-2]],[[2095,6855],[3,0]],[[2098,6855],[-2,-1]],[[2096,6854],[-4,0]],[[2092,6854],[-3,1]],[[2089,6855],[-4,-1]],[[2085,6854],[-4,-4]],[[2081,6850],[-1,-1]],[[2080,6849],[1,-6]],[[2081,6843],[2,-2]],[[2083,6841],[-2,-2]],[[2081,6839],[-6,7]],[[2075,6846],[1,4]],[[2076,6850],[0,2]],[[2102,6810],[-15,24]],[[2087,6834],[1,1]],[[2088,6835],[3,1]],[[2091,6836],[2,0]],[[2093,6836],[4,-5]],[[2097,6831],[2,-1]],[[2099,6830],[2,-1]],[[2101,6829],[0,-1]],[[2101,6828],[2,-2]],[[2103,6826],[0,-1]],[[2103,6825],[1,-3]],[[2104,6822],[0,-9]],[[2104,6813],[1,0]],[[2002,6901],[3,1]],[[1999,6856],[-4,0]],[[1995,6856],[-1,-1]],[[1994,6858],[-4,14]],[[1990,6872],[0,1]],[[2105,6812],[0,0]],[[2105,6812],[9,5]],[[2114,6817],[1,1]],[[2115,6818],[3,2]],[[2118,6820],[3,1]],[[2121,6821],[1,1]],[[2122,6822],[4,0]],[[2126,6822],[2,2]],[[2128,6824],[11,0]],[[2139,6824],[-3,-4]],[[2136,6820],[-6,0]],[[2130,6820],[-4,-3]],[[2126,6817],[-1,3]],[[2125,6820],[-13,-8]],[[2112,6812],[-1,0]],[[2111,6812],[-9,-2]],[[2102,6810],[3,2]],[[2105,6812],[0,1]],[[1990,6873],[1,21]],[[1991,6894],[1,1]],[[1992,6895],[2,2]],[[1994,6897],[1,1]],[[1995,6898],[7,3]],[[2002,6901],[-12,-27]],[[1990,6874],[0,-1]],[[2148,7010],[-1,0]],[[2147,7010],[-2,-1]],[[2145,7009],[-1,-1]],[[2144,7008],[-1,-5]],[[2143,7003],[-1,-1]],[[2142,7002],[-1,-2]],[[2141,7000],[0,-1]],[[2141,6999],[2,-4]],[[2141,6992],[-4,-7]],[[1994,6855],[0,0]],[[1994,6855],[-10,-6]],[[1984,6849],[-1,0]],[[1983,6849],[0,0]],[[1983,6849],[-2,-2]],[[1981,6847],[-8,-2]],[[1973,6845],[-2,-1]],[[1971,6844],[-9,-1]],[[1962,6843],[-9,-4]],[[1953,6839],[-1,0]],[[1952,6839],[-3,0]],[[1949,6839],[1,7]],[[1950,6846],[2,0]],[[1952,6846],[1,0]],[[1953,6846],[6,2]],[[1959,6848],[1,0]],[[1960,6848],[4,2]],[[1964,6850],[3,0]],[[1967,6850],[4,-1]],[[1971,6849],[3,0]],[[1974,6849],[3,1]],[[1977,6850],[1,0]],[[1978,6850],[2,3]],[[1980,6853],[1,0]],[[1981,6853],[2,1]],[[1983,6854],[3,0]],[[1986,6854],[8,4]],[[1994,6858],[0,-3]],[[2072,7192],[11,-19]],[[1926,6992],[8,-23]],[[2001,6856],[0,0]],[[2001,6856],[-2,0]],[[1999,6856],[-5,13]],[[1994,6869],[0,1]],[[1994,6870],[11,31]],[[1911,6938],[-1,-8]],[[1910,6930],[-4,0]],[[1906,6930],[-3,-1]],[[1903,6929],[-2,0]],[[1901,6929],[-6,2]],[[1895,6931],[-1,0]],[[1894,6931],[-3,1]],[[1891,6932],[-1,0]],[[1890,6932],[-6,0]],[[1868,7137],[25,9]],[[2044,7214],[23,0]],[[2067,7214],[-2,-11]],[[2065,7203],[7,-11]],[[2072,7192],[11,-19]],[[2083,7173],[0,-1]],[[2065,7190],[-3,4]],[[1969,7143],[-3,-5]],[[1897,7165],[10,0]],[[2000,6977],[6,0]],[[2005,6919],[0,1]],[[2005,6920],[-4,2]],[[2148,7010],[-7,1]],[[2193,7056],[6,-3]],[[2027,7393],[1,1]],[[2028,7394],[1,1]],[[2029,7395],[3,1]],[[2032,7396],[3,0]],[[1890,6894],[25,-28]],[[1915,6866],[1,-1]],[[1916,6865],[13,-9]],[[1929,6856],[1,0]],[[1930,6856],[16,-9]],[[1946,6847],[-1,-2]],[[1945,6845],[-10,2]],[[1935,6847],[-2,0]],[[1933,6847],[-8,4]],[[1925,6851],[-1,0]],[[1924,6851],[-16,11]],[[1908,6862],[-1,1]],[[1907,6863],[-1,1]],[[1906,6864],[0,1]],[[1906,6865],[-2,6]],[[1904,6871],[-1,1]],[[1903,6872],[-3,1]],[[2039,7185],[26,5]],[[2065,7190],[8,-14]],[[2050,7161],[-5,0]],[[2045,7161],[-7,13]],[[2005,7020],[-7,2]],[[1888,6910],[0,-1]],[[1888,6909],[0,-1]],[[1888,6908],[1,-3]],[[1889,6905],[0,-8]],[[1889,6897],[1,-2]],[[1890,6895],[0,-1]],[[1890,6894],[10,-21]],[[1900,6873],[-13,6]],[[1887,6879],[-3,2]],[[1884,6881],[-2,2]],[[1882,6883],[-1,1]],[[1881,6884],[-8,-3]],[[1873,6881],[-2,-2]],[[1871,6879],[-14,-10]],[[1857,6869],[0,1]],[[1857,6870],[2,2]],[[1859,6872],[1,1]],[[1860,6873],[2,2]],[[1862,6875],[1,1]],[[1863,6876],[15,14]],[[1878,6890],[-1,5]],[[1877,6895],[-1,1]],[[1876,6896],[0,1]],[[1876,6897],[-4,3]],[[1872,6900],[0,1]],[[1872,6901],[-1,2]],[[1871,6903],[-1,1]],[[1870,6904],[-2,3]],[[1971,7157],[18,-6]],[[2006,7117],[-36,25]],[[1970,7142],[-1,1]],[[1969,7143],[-1,0]],[[2007,7142],[-18,9]],[[1989,7151],[4,55]],[[1993,7206],[43,5]],[[1968,7143],[-61,22]],[[1907,7165],[64,-8]],[[1971,7157],[-3,-14]],[[2005,7026],[-1,5]],[[2069,6977],[-8,1]],[[2171,6950],[-76,-52]],[[1911,6938],[-27,-6]],[[1884,6932],[8,-20]],[[1892,6912],[-1,0]],[[1891,6912],[-1,-1]],[[1890,6911],[-1,-1]],[[1889,6910],[-1,0]],[[1888,6910],[-20,-3]],[[1868,6907],[43,31]],[[2007,7158],[26,37]],[[1941,6991],[-15,1]],[[1926,6992],[-23,54]],[[2073,7176],[10,-4]],[[2083,7172],[1,-2]],[[2139,7002],[-2,-5]],[[2083,7044],[-66,60]],[[2052,7328],[-43,-61]],[[2009,7267],[0,1]],[[2009,7268],[10,13]],[[2019,7281],[0,1]],[[2019,7282],[6,4]],[[2025,7286],[4,6]],[[2029,7292],[-11,7]],[[2018,7299],[0,10]],[[2018,7309],[9,7]],[[2027,7316],[-2,2]],[[2025,7318],[-3,1]],[[2024,7320],[7,3]],[[2035,7396],[3,0]],[[2038,7396],[2,0]],[[2040,7396],[1,0]],[[2041,7396],[11,-68]],[[2052,7328],[-21,-5]],[[2031,7323],[4,73]],[[2024,7320],[-2,-1]],[[2022,7319],[-1,0]],[[2021,7319],[-1,1]],[[2020,7320],[-2,1]],[[2018,7321],[-2,1]],[[2016,7322],[0,3]],[[2016,7325],[-2,0]],[[2014,7325],[-13,10]],[[2001,7335],[-1,0]],[[2000,7335],[-1,1]],[[1999,7336],[-5,0]],[[1994,7336],[-8,1]],[[1986,7337],[-3,0]],[[1983,7337],[-12,6]],[[1971,7343],[-1,1]],[[1970,7344],[-2,1]],[[1968,7345],[1,0]],[[1969,7345],[2,0]],[[1971,7345],[1,5]],[[1972,7350],[6,3]],[[1978,7353],[3,0]],[[1981,7353],[6,4]],[[1987,7357],[1,1]],[[1988,7358],[7,6]],[[1995,7364],[0,3]],[[1995,7367],[0,1]],[[1995,7368],[0,1]],[[1995,7369],[2,1]],[[1997,7370],[1,1]],[[1998,7371],[7,4]],[[2005,7375],[1,0]],[[2006,7375],[6,4]],[[2012,7379],[0,0]],[[2012,7379],[1,3]],[[2013,7382],[0,1]],[[2013,7383],[4,4]],[[2017,7387],[1,1]],[[2018,7388],[4,2]],[[2022,7390],[3,2]],[[2025,7392],[2,1]],[[2027,7393],[-3,-73]],[[2046,6938],[10,3]],[[2020,6897],[-15,4]],[[2005,6901],[0,1]],[[2005,6902],[1,3]],[[2006,6905],[0,1]],[[2006,6906],[-1,1]],[[2005,6907],[0,1]],[[2005,6908],[3,5]],[[2008,6913],[0,1]],[[2008,6914],[-3,5]],[[2005,6919],[2,0]],[[2005,6984],[0,36]],[[2005,7020],[0,6]],[[2005,7026],[56,-46]],[[1891,7133],[2,13]],[[1893,7146],[4,19]],[[1897,7165],[68,-27]],[[2000,6984],[0,-7]],[[2000,6977],[1,-55]],[[2001,6922],[-2,2]],[[1999,6924],[-1,0]],[[1998,6924],[-2,0]],[[1996,6924],[-1,0]],[[1995,6924],[-3,2]],[[1992,6926],[-2,2]],[[1990,6928],[-5,4]],[[1985,6932],[-3,0]],[[1982,6932],[-1,2]],[[1981,6934],[0,1]],[[1981,6935],[-5,6]],[[1976,6941],[-2,1]],[[1974,6942],[-2,3]],[[1972,6945],[0,3]],[[1972,6948],[-1,1]],[[1971,6949],[-7,5]],[[1964,6954],[-1,3]],[[1963,6957],[-3,6]],[[1960,6963],[-3,0]],[[1957,6963],[-23,6]],[[1934,6969],[17,18]],[[1759,7215],[2,-49]],[[1761,7166],[-9,-1]],[[1752,7165],[-25,0]],[[1727,7165],[-1,24]],[[1726,7189],[0,1]],[[1726,7190],[-1,12]],[[1725,7202],[0,17]],[[1725,7219],[-1,8]],[[1724,7227],[0,12]],[[1724,7239],[17,0]],[[1741,7239],[12,1]],[[1753,7240],[0,-1]],[[1753,7239],[6,-24]],[[1759,7215],[2,-49]],[[2061,6980],[0,-2]],[[2061,6978],[-15,-40]],[[2046,6938],[-39,-19]],[[2007,6919],[-1,58]],[[2006,6977],[-1,7]],[[2005,6984],[56,-4]],[[1951,6987],[-10,4]],[[1941,6991],[24,44]],[[1992,7057],[6,-35]],[[1998,7022],[2,-38]],[[2000,6984],[-49,3]],[[2148,7010],[0,0]],[[2148,7010],[51,43]],[[2199,7053],[4,-1]],[[2204,7052],[4,1]],[[2208,7053],[2,-1]],[[2210,7052],[2,0]],[[2212,7052],[34,-19]],[[2246,7033],[1,0]],[[2247,7033],[12,11]],[[2259,7044],[2,0]],[[2261,7044],[13,1]],[[2274,7045],[1,0]],[[2275,7045],[-1,-7]],[[2274,7038],[-3,0]],[[2271,7038],[-22,-14]],[[2249,7024],[-2,-2]],[[2247,7022],[-18,-14]],[[2229,7008],[-4,-7]],[[2225,7001],[-3,15]],[[2222,7016],[0,1]],[[2222,7017],[-5,2]],[[2217,7019],[-2,0]],[[2215,7019],[-27,-4]],[[2188,7015],[-2,0]],[[2186,7015],[-9,-1]],[[2177,7014],[-1,0]],[[2176,7014],[-5,-2]],[[2171,7012],[-1,0]],[[2170,7012],[-5,-1]],[[2165,7011],[-5,0]],[[2160,7011],[-8,-1]],[[2152,7010],[-2,0]],[[2150,7010],[-1,0]],[[2149,7010],[-1,0]],[[1907,7061],[-39,76]],[[1868,7137],[23,-4]],[[1891,7133],[37,-22]],[[2017,7100],[-13,-69]],[[2004,7031],[-3,15]],[[2124,6976],[5,-1]],[[2020,6859],[-1,1]],[[2019,6860],[-1,0]],[[2018,6860],[-17,-4]],[[2001,6856],[19,41]],[[2020,6897],[45,45]],[[2171,6950],[-76,-52]],[[2095,6898],[-5,-27]],[[2090,6871],[0,-2]],[[2090,6869],[-2,-12]],[[2088,6857],[-7,-2]],[[2081,6855],[-1,0]],[[2080,6855],[-4,-3]],[[2076,6852],[-4,-2]],[[2072,6850],[-1,0]],[[2071,6850],[-46,6]],[[2025,6856],[-1,1]],[[2024,6857],[-1,1]],[[2023,6858],[-3,1]],[[2020,6859],[109,116]],[[2129,6975],[8,10]],[[2162,6975],[9,-25]],[[2056,6941],[13,36]],[[2069,6977],[14,67]],[[2083,7044],[54,-47]],[[2137,6997],[-13,-21]],[[2124,6976],[-59,-34]],[[2065,6942],[-9,-1]],[[2073,7176],[15,-55]],[[2088,7121],[3,-46]],[[2091,7075],[-73,31]],[[2027,7127],[23,34]],[[2050,7161],[23,15]],[[1928,7111],[37,27]],[[1965,7138],[1,0]],[[1966,7138],[39,-28]],[[2000,7090],[-35,-55]],[[1965,7035],[-62,11]],[[1903,7046],[4,15]],[[1907,7061],[21,50]],[[1971,7096],[-23,1],[-1,-22],[20,5],[4,16]],[[2141,7011],[-2,-9]],[[2139,7002],[-55,168]],[[2084,7170],[83,-61]],[[2167,7108],[-1,-1]],[[2165,7105],[-2,-1]],[[2163,7103],[-7,-23]],[[2156,7079],[22,-19]],[[2179,7060],[3,-1]],[[2183,7059],[2,-1]],[[2186,7058],[7,-2]],[[2193,7056],[-52,-45]],[[2043,7212],[19,-18]],[[2062,7194],[-22,-4]],[[2038,7174],[3,-13]],[[2041,7161],[-14,-34]],[[2027,7127],[-9,-21]],[[2018,7106],[-1,-2]],[[2017,7104],[0,-4]],[[2017,7100],[-16,-54]],[[2001,7046],[-9,11]],[[1992,7057],[8,33]],[[2000,7090],[5,19]],[[2005,7109],[0,1]],[[2005,7110],[1,7]],[[2006,7117],[1,25]],[[2007,7142],[0,16]],[[2007,7158],[26,37]],[[2033,7195],[3,16]],[[2036,7211],[0,2]],[[2036,7213],[8,1]],[[2044,7214],[-1,-2]],[[2043,7212],[-3,-22]],[[2040,7190],[-1,-5]],[[2039,7185],[-1,-11]],[[2143,6995],[6,-2]],[[2149,6993],[1,0]],[[2150,6993],[39,-18]],[[2189,6975],[0,-1]],[[2189,6974],[-27,1]],[[2162,6975],[-25,10]],[[2137,6985],[4,7]],[[2141,6992],[2,3]],[[1370,2877],[-23,29]],[[1348,2906],[4,-1]],[[1343,2912],[-18,7]],[[1353,2925],[44,0]],[[1279,2945],[-25,-32]],[[1331,2956],[19,-31]],[[1241,2916],[-29,44]],[[1212,2960],[6,3]],[[1246,2939],[-34,21]],[[1352,2905],[-4,1]],[[1348,2906],[-1,0]],[[1347,2906],[-4,6]],[[1343,2912],[-18,7]],[[1325,2919],[-27,34]],[[1393,2919],[-23,-42]],[[1370,2877],[-18,28]],[[1328,2958],[3,-2]],[[1331,2956],[19,-31]],[[1350,2925],[3,0]],[[1353,2925],[44,0]],[[1397,2925],[-4,-6]],[[1393,2919],[-83,44]],[[1333,2974],[-5,-16]],[[1328,2958],[-14,10]],[[1251,2943],[-33,20]],[[1218,2963],[19,19]],[[1314,2968],[-4,-5]],[[1310,2963],[-12,-10]],[[1298,2953],[-19,-8]],[[1279,2945],[-25,-32]],[[1254,2913],[-13,3]],[[1241,2916],[5,23]],[[1246,2939],[5,4]],[[1251,2943],[23,11]],[[1327,2979],[-13,-11]],[[1299,2970],[-25,-16]],[[1274,2954],[-37,28]],[[1237,2982],[13,14]],[[1304,2975],[-5,-5]],[[1299,2970],[-49,26]],[[1250,2996],[4,4]],[[1316,2986],[-12,-11]],[[1304,2975],[-50,25]],[[1254,3000],[9,4]],[[1358,3049],[-25,-75]],[[1333,2974],[-6,5]],[[1327,2979],[-11,7]],[[1316,2986],[-10,1]],[[1281,3046],[25,-59]],[[1306,2987],[-43,17]],[[1263,3004],[-81,88]],[[1358,3049],[-13,41]],[[1389,3082],[-31,-33]],[[1464,3111],[1,-1]],[[1466,3110],[-52,-23]],[[1314,3083],[-29,-33]],[[1325,3088],[-11,-5]],[[1314,3083],[-100,32]],[[1214,3115],[3,3]],[[1277,3101],[-59,19]],[[1286,3098],[-9,3]],[[1095,3099],[-73,33]],[[1208,3118],[-48,23]],[[1325,3091],[-39,7]],[[1286,3098],[8,38]],[[1375,3142],[-50,1]],[[833,3156],[-7,-5]],[[828,3160],[5,-4]],[[833,3156],[-7,-5]],[[826,3151],[-22,-1]],[[1389,3082],[-44,8]],[[1345,3090],[-6,0]],[[1332,3117],[43,25]],[[1375,3142],[-4,6]],[[1367,3152],[99,-42]],[[1466,3110],[-1,0]],[[1465,3110],[-1,1]],[[1464,3111],[-50,-24]],[[1414,3087],[-25,-5]],[[1212,3123],[-49,23]],[[1296,3146],[-2,-10]],[[1294,3136],[-17,-35]],[[1277,3101],[-55,25]],[[1095,3099],[-73,33]],[[1022,3132],[-6,2]],[[1191,3099],[-9,-7]],[[1182,3092],[-87,7]],[[1016,3134],[-79,26]],[[972,3176],[44,-42]],[[1231,3149],[-56,10]],[[804,3150],[24,10]],[[828,3160],[-24,-10]],[[1313,3192],[54,-40]],[[1367,3152],[4,-4]],[[1371,3148],[-47,2]],[[1026,3159],[-14,4]],[[1299,3196],[14,-4]],[[1313,3192],[11,-42]],[[1324,3150],[1,-7]],[[1325,3143],[7,-26]],[[1332,3117],[7,-27]],[[1339,3090],[-14,-2]],[[1325,3088],[0,3]],[[1325,3091],[-15,54]],[[1027,3194],[-12,-25]],[[1181,3191],[13,7]],[[1217,3118],[-3,-3]],[[1214,3115],[-17,-13]],[[1197,3109],[11,9]],[[1208,3118],[4,5]],[[1212,3123],[19,26]],[[1231,3149],[-56,10]],[[1175,3159],[-12,-13]],[[1163,3146],[-3,-5]],[[1160,3141],[-8,-10]],[[1164,3182],[17,9]],[[1181,3191],[13,7]],[[1194,3198],[14,6]],[[1310,3151],[0,-6]],[[1310,3145],[-14,1]],[[1296,3146],[-74,-20]],[[1222,3126],[-4,-6]],[[1218,3120],[-1,-2]],[[1257,3202],[42,-6]],[[1299,3196],[11,-45]],[[1310,3151],[-61,24]],[[1257,3202],[-8,-27]],[[1249,3175],[-41,29]],[[1208,3204],[49,-2]],[[1118,3142],[-92,17]],[[1026,3159],[1,35]],[[1027,3194],[-18,5]],[[1035,3216],[-8,-22]],[[1155,3221],[4,-1]],[[1171,3217],[-1,-3]],[[1167,3205],[-1,-1]],[[1164,3201],[-12,0]],[[1149,3202],[3,-1]],[[1152,3201],[12,0]],[[1164,3201],[2,3]],[[1166,3204],[1,1]],[[1167,3205],[3,9]],[[1170,3214],[1,3]],[[1171,3217],[-12,3]],[[1159,3220],[-4,1]],[[1155,3221],[-1,0]],[[1155,3228],[9,-46]],[[1164,3182],[-31,-6]],[[1035,3216],[-17,3]],[[1125,3169],[-90,47]],[[1285,3050],[-4,-4]],[[1281,3046],[-90,53]],[[1191,3099],[-73,43]],[[1118,3142],[7,27]],[[1125,3169],[0,12]],[[1139,3200],[12,26]],[[1151,3226],[1,2]],[[1152,3228],[3,0]],[[1155,3228],[-1,-7]],[[1154,3221],[-5,-19]],[[1149,3202],[-16,-26]],[[1133,3176],[19,-45]],[[1152,3131],[45,-22]],[[1197,3109],[0,-7]],[[1197,3102],[88,-52]],[[760,3259],[-11,-10]],[[748,3249],[-1,3]],[[747,3253],[-1,5]],[[786,3226],[-18,33]],[[780,3193],[6,33]],[[786,3226],[31,29]],[[960,3231],[27,17]],[[905,3253],[-1,1]],[[1007,3274],[-20,-26]],[[987,3248],[-70,-12]],[[1074,3293],[1,-2]],[[1075,3291],[2,0]],[[1077,3291],[1,-10]],[[1078,3281],[0,-1]],[[1078,3280],[7,-43]],[[1085,3237],[7,0]],[[1092,3237],[1,-1]],[[1093,3236],[0,-3]],[[1093,3233],[-2,-5]],[[1091,3228],[0,-1]],[[1091,3227],[-2,-8]],[[1089,3219],[3,0]],[[1092,3219],[47,-19]],[[1139,3200],[-14,-19]],[[1125,3181],[-33,20]],[[1093,3201],[-1,0]],[[1092,3201],[-69,28]],[[1057,3244],[11,-16],[14,-2],[-17,33],[-36,-7],[28,-8]],[[721,3297],[39,-38]],[[760,3259],[-14,-1]],[[746,3258],[-62,35]],[[815,3260],[-47,-1]],[[768,3259],[-30,39]],[[1006,3277],[-102,-23]],[[904,3254],[-5,5]],[[899,3259],[6,-6]],[[905,3253],[12,-17]],[[917,3236],[43,-5]],[[960,3231],[52,-8]],[[938,3179],[-1,-19]],[[937,3160],[-157,33]],[[780,3193],[136,26],[-99,36]],[[817,3255],[-2,5]],[[815,3260],[65,11]],[[1006,3297],[-107,-38]],[[1018,3219],[-9,-20]],[[1009,3199],[6,-30]],[[1015,3169],[-3,-6]],[[1012,3163],[-40,13]],[[972,3176],[-34,3]],[[938,3179],[21,10]],[[958,3189],[1,0]],[[959,3189],[53,34]],[[1012,3223],[-5,51]],[[1007,3274],[-1,3]],[[1006,3277],[0,20]],[[1006,3297],[0,5]],[[1015,3274],[8,-45]],[[1023,3229],[-5,-10]],[[1074,3293],[-59,-19]],[[1015,3274],[-1,25]],[[1060,3315],[4,2]],[[1064,3317],[10,-10]],[[1074,3307],[0,-5]],[[1074,3302],[2,-3]],[[1076,3299],[-1,-1]],[[1075,3298],[-1,-5]],[[1060,3320],[1,-1]],[[1061,3319],[2,-1]],[[1063,3318],[1,-1]],[[1064,3317],[-4,-2]],[[1060,3315],[-46,-16]],[[1014,3299],[-1,5]],[[1052,3331],[8,-11]],[[1060,3320],[-47,-16]],[[1013,3304],[-7,-2]],[[1006,3302],[-126,-31]],[[880,3271],[-3,15]],[[684,3293],[37,4]],[[721,3297],[-37,-4]],[[1052,3331],[-175,-45]],[[877,3286],[-139,12]],[[738,3298],[-136,262],[450,-229]],[[326,2951],[-21,24]],[[431,2966],[-105,-15]],[[326,2951],[-21,24]],[[305,2975],[-24,23]],[[401,3006],[15,-25]],[[401,3006],[15,-25]],[[416,2981],[15,-15]],[[431,2966],[-150,32]],[[281,2998],[120,8]],[[312,3000],[27,3],[49,10],[-2,5],[-74,-18]],[[681,3085],[-2,-12]],[[679,3066],[-16,4]],[[662,3072],[-1,1]],[[660,3075],[2,7]],[[661,3085],[12,2]],[[756,3063],[-107,2]],[[673,3087],[-12,-2]],[[661,3085],[1,-3]],[[662,3082],[-2,-7]],[[660,3075],[1,-2]],[[661,3073],[1,-1]],[[662,3072],[1,-2]],[[663,3070],[16,-4]],[[679,3066],[0,7]],[[679,3073],[2,12]],[[681,3085],[-8,2]],[[460,3067],[62,29],[5,-6],[-47,-23],[-20,0]],[[646,3068],[-156,-27]],[[528,3091],[51,33]],[[488,3087],[-89,27]],[[708,3081],[-53,13]],[[756,3063],[-41,15]],[[794,3144],[-38,-81]],[[528,3091],[51,33]],[[579,3124],[28,19]],[[543,3076],[-15,15]],[[648,3096],[-45,4]],[[612,3142],[-5,1]],[[607,3143],[-2,1]],[[672,3152],[4,-3]],[[624,3159],[-35,8]],[[642,3180],[2,2]],[[650,3176],[-41,-64]],[[773,3185],[21,-36]],[[609,3112],[67,37]],[[676,3149],[3,-5]],[[679,3144],[-76,-44]],[[603,3100],[-113,-59]],[[490,3041],[53,35]],[[543,3076],[69,66]],[[612,3142],[12,17]],[[624,3159],[3,7]],[[640,3189],[4,-3]],[[644,3182],[-2,-2]],[[642,3180],[-33,-68]],[[488,3087],[-89,27]],[[399,3114],[175,62],[-86,-89]],[[634,3176],[-1,0]],[[633,3176],[-6,-10]],[[627,3166],[-34,10]],[[631,3178],[2,-2]],[[707,3160],[-2,8]],[[760,3192],[-5,4]],[[640,3189],[-9,-11]],[[631,3178],[-38,-2]],[[593,3176],[-4,-9]],[[589,3167],[16,-23]],[[605,3144],[35,45]],[[627,3230],[16,23],[20,-4],[-20,-27],[-16,8]],[[749,3249],[24,-64]],[[773,3185],[21,-36]],[[794,3149],[0,-5]],[[794,3144],[-79,-66]],[[715,3078],[-7,3]],[[708,3081],[-53,13]],[[655,3094],[-6,-29]],[[649,3065],[-3,3]],[[646,3068],[2,28]],[[648,3096],[31,48]],[[679,3144],[28,16]],[[707,3160],[53,32]],[[760,3192],[-5,4]],[[755,3196],[-50,-28]],[[705,3168],[-33,-16]],[[672,3152],[-22,24]],[[650,3176],[-6,6]],[[644,3182],[0,4]],[[644,3186],[93,70]],[[748,3257],[-1,-4]],[[747,3253],[0,-1]],[[747,3252],[1,-3]],[[748,3249],[1,0]],[[737,3256],[11,1]],[[748,3257],[-11,-1]],[[695,3271],[-4,6]],[[691,3277],[4,-6]],[[695,3271],[-4,6]],[[688,3293],[-49,-39]],[[614,3305],[74,-12]],[[688,3293],[-52,-37]],[[614,3305],[22,-49]],[[636,3256],[3,-2]],[[639,3254],[-247,26],[222,25]],[[710,2741],[9,14]],[[762,2781],[-26,-88]],[[705,2785],[-6,-1]],[[766,2791],[-4,-4]],[[791,2833],[-18,-39]],[[666,2747],[-64,90]],[[688,2818],[-3,-4]],[[691,2870],[26,15]],[[801,2840],[-10,-7]],[[791,2833],[-18,-39]],[[773,2794],[-7,-3]],[[766,2791],[-4,-4]],[[762,2787],[0,-6]],[[762,2781],[-43,-26]],[[719,2755],[-14,30]],[[705,2785],[-17,33]],[[688,2818],[-3,-4]],[[685,2814],[14,-30]],[[699,2784],[11,-43]],[[710,2741],[26,-48]],[[736,2693],[-70,54]],[[666,2747],[-64,90]],[[602,2837],[89,33]],[[691,2870],[26,15]],[[717,2885],[-1,8]],[[704,2845],[-13,-10],[58,-13],[4,6],[-49,17]],[[801,2840],[-85,53]],[[716,2893],[85,-53]],[[1039,5883],[122,-106],[-85,-57],[-229,79],[66,139]],[[963,5957],[25,-35]],[[1003,5911],[33,-26]],[[1108,5937],[-31,-25]],[[1066,5903],[-8,-7]],[[1040,5887],[-18,13]],[[1066,5903],[11,9]],[[1077,5912],[-11,-9]],[[1077,5969],[44,37]],[[1101,5964],[20,42]],[[1121,6006],[53,-17]],[[1093,5957],[8,7]],[[1101,5964],[21,-16]],[[1037,5959],[-24,-19]],[[1001,5929],[-6,-3]],[[1049,5969],[-12,-10]],[[1037,5959],[-42,-33]],[[995,5926],[-28,33]],[[1029,5998],[1,-1]],[[1100,6011],[-38,-31]],[[1034,6003],[-1,0]],[[1083,6044],[24,-12]],[[1033,6003],[-19,15]],[[1044,6064],[39,-20]],[[1083,6044],[-50,-41]],[[963,5966],[34,120]],[[1118,6025],[-18,-14]],[[1100,6011],[7,21]],[[1107,6032],[7,-3]],[[1057,5976],[-8,-7]],[[1049,5969],[-19,28]],[[1030,5997],[2,-1]],[[1181,5984],[34,-27]],[[1258,5826],[-209,57]],[[1162,5899],[12,-9]],[[1237,5940],[19,-15]],[[1312,5854],[-48,-26]],[[1312,5854],[-18,15]],[[1315,5879],[-3,-25]],[[1278,5878],[33,4]],[[1211,5869],[-15,12]],[[1394,5898],[-74,-15]],[[1408,5905],[-14,-7]],[[1394,5898],[-37,15]],[[1408,5905],[-20,16]],[[1397,5928],[6,5]],[[1431,5960],[-23,-55]],[[1386,5989],[45,-29]],[[1431,5960],[-27,-26]],[[1386,5989],[-5,-38]],[[1305,5894],[-53,41]],[[1331,6023],[55,-34]],[[1323,5977],[12,-10]],[[1323,5977],[12,-10]],[[1335,5967],[-6,-5]],[[1311,5943],[12,34]],[[1381,5951],[23,-17]],[[1404,5934],[-1,-1]],[[1403,5933],[-6,-5]],[[1397,5928],[-9,-7]],[[1388,5921],[-31,-8]],[[1357,5913],[-37,-30]],[[1320,5883],[-15,11]],[[1305,5894],[6,49]],[[1311,5943],[18,19]],[[1329,5962],[52,-11]],[[1252,5935],[-21,16]],[[1247,5964],[5,-29]],[[1321,6015],[-22,-9]],[[1331,6023],[-10,-8]],[[1321,6015],[-22,-9]],[[1299,6006],[-52,-42]],[[1247,5964],[-16,-13]],[[1231,5951],[-9,7]],[[1316,6034],[15,-11]],[[1270,6003],[-17,12]],[[1251,6043],[1,0]],[[1266,6066],[46,-29]],[[1253,6015],[-17,15]],[[1245,6038],[6,5]],[[1251,6043],[2,-28]],[[1260,5994],[-22,-17]],[[1219,5961],[-13,16]],[[1238,5977],[-12,-10]],[[1226,5967],[-20,10]],[[1206,5977],[-22,11]],[[1207,6005],[3,-4]],[[1223,5991],[15,-14]],[[1192,6038],[3,3]],[[1206,6005],[-22,-17]],[[1184,5988],[-7,5]],[[1199,6011],[2,-2]],[[1199,6011],[-22,-18]],[[1177,5993],[-21,16]],[[1178,6027],[17,-13]],[[1197,6012],[2,-1]],[[1156,6009],[-16,12]],[[1197,6042],[-2,-1]],[[1195,6041],[-3,-3]],[[1192,6038],[-14,-11]],[[1178,6027],[-22,-18]],[[1243,6080],[15,-9]],[[1227,6091],[16,-11]],[[1243,6080],[-35,-29]],[[1150,6117],[40,-4]],[[1128,6155],[16,-46]],[[1190,6113],[20,-12]],[[1146,6109],[4,8]],[[1150,6117],[40,-4]],[[1127,6032],[-6,4]],[[1118,6039],[-13,13]],[[1065,6139],[-3,2]],[[1066,6146],[1,-1]],[[1105,6122],[33,-25]],[[1021,6150],[10,-1]],[[1039,6169],[-4,0]],[[1032,6170],[-1,0]],[[1046,6147],[-25,3]],[[1027,6172],[5,-2]],[[1032,6170],[3,-1]],[[1035,6169],[9,-1]],[[1038,6221],[1,0]],[[1039,6221],[-2,-4]],[[1037,6217],[9,-5]],[[1046,6212],[2,-1]],[[1048,6211],[3,0]],[[1051,6211],[2,-1]],[[1053,6210],[0,-6]],[[1053,6204],[7,-1]],[[1060,6203],[2,-1]],[[1062,6202],[3,-2]],[[1065,6200],[5,0]],[[1070,6200],[8,-5]],[[1078,6195],[1,-1]],[[1079,6194],[7,0]],[[1086,6194],[28,-15]],[[1114,6179],[0,-6]],[[1114,6173],[-1,-3]],[[1113,6170],[0,-1]],[[1113,6169],[11,-12]],[[1124,6157],[4,-2]],[[1128,6155],[-23,-33]],[[1105,6122],[-38,23]],[[1067,6145],[-7,4]],[[1051,6152],[-7,16]],[[1044,6168],[-5,1]],[[1039,6169],[-8,1]],[[1031,6170],[-4,2]],[[1027,6172],[-8,-11]],[[985,6160],[-7,47]],[[978,6207],[12,7]],[[990,6214],[2,5]],[[992,6219],[6,2]],[[998,6221],[5,-1]],[[1003,6220],[17,0]],[[1020,6220],[5,-1]],[[1025,6219],[11,2]],[[1036,6221],[1,0]],[[1037,6221],[0,1]],[[1037,6222],[1,-1]],[[1002,6186],[8,8],[1,10],[-17,-1],[8,-17]],[[1019,6161],[2,-11]],[[1004,6159],[15,2]],[[1004,6159],[-1,-7]],[[984,6153],[1,7]],[[985,6160],[19,-1]],[[1010,6196],[-12,-10],[-4,17],[17,1],[-1,-8]],[[1060,6149],[6,-3]],[[1066,6146],[-4,-5]],[[1062,6141],[-7,4]],[[1046,6147],[5,5]],[[1051,6152],[9,-3]],[[847,5799],[0,0]],[[988,5922],[15,-11]],[[1003,5911],[33,-26]],[[1036,5885],[3,-2]],[[1039,5883],[-126,55]],[[913,5938],[50,19]],[[963,5957],[25,-35]],[[1249,5859],[-19,-4]],[[1230,5855],[-19,14]],[[1211,5869],[23,39]],[[1258,5924],[20,-46]],[[1253,5896],[11,-8],[7,6],[-11,9],[-7,-7]],[[1031,6149],[15,-2]],[[1046,6147],[9,-2]],[[1055,6145],[10,-6]],[[1065,6139],[73,-42]],[[1138,6097],[6,12]],[[1144,6109],[2,0]],[[1146,6109],[64,-8]],[[1210,6101],[17,-10]],[[1227,6091],[-19,-40]],[[1208,6051],[50,20]],[[1258,6071],[8,-5]],[[1266,6066],[-14,-23]],[[1252,6043],[-7,-5]],[[1245,6038],[-9,-8]],[[1236,6030],[34,-27]],[[1270,6003],[42,34]],[[1312,6037],[4,-3]],[[1316,6034],[-94,-76]],[[1222,5958],[-3,3]],[[1219,5961],[7,6]],[[1226,5967],[34,27]],[[1260,5994],[-18,13]],[[1215,6037],[-18,5]],[[1197,6042],[-57,-21]],[[1140,6021],[-13,11]],[[1127,6032],[-6,4]],[[1121,6036],[-3,3]],[[1118,6039],[-13,13]],[[1105,6052],[-28,-83]],[[1077,5969],[16,-12]],[[1093,5957],[29,-9]],[[1122,5948],[52,41]],[[1174,5989],[7,-5]],[[1181,5984],[34,-27]],[[1215,5957],[4,-2]],[[1156,5904],[-107,-21]],[[1049,5883],[-9,4]],[[1040,5887],[18,9]],[[1058,5896],[50,41]],[[1108,5937],[-86,-37]],[[1022,5900],[-21,29]],[[1001,5929],[12,11]],[[1013,5940],[44,36]],[[1057,5976],[-25,20]],[[1032,5996],[-3,2]],[[1029,5998],[-62,-39]],[[967,5959],[-4,7]],[[963,5966],[34,120]],[[997,6086],[-13,67]],[[984,6153],[19,-1]],[[1003,6152],[18,-2]],[[1021,6150],[10,-1]],[[1014,6018],[20,-15]],[[1034,6003],[28,-23]],[[1062,5980],[56,45]],[[1118,6025],[-4,4]],[[1114,6029],[-70,35]],[[1044,6064],[-30,-46]],[[1228,5947],[9,-7]],[[1237,5940],[-16,-19]],[[1164,5897],[-2,2]],[[1162,5899],[-6,5]],[[1156,5904],[63,51]],[[1219,5955],[9,-8]],[[1228,5947],[-37,-28]],[[1234,5908],[-38,-27]],[[1196,5881],[34,-26]],[[1230,5855],[19,4]],[[1249,5859],[29,19]],[[1278,5878],[33,4]],[[1311,5882],[4,-3]],[[1315,5879],[-21,-10]],[[1294,5869],[-30,-41]],[[1264,5828],[-6,-2]],[[1258,5826],[-84,64]],[[1174,5890],[-10,7]],[[1164,5897],[27,22]],[[1191,5919],[30,2]],[[1221,5921],[35,4]],[[1256,5925],[2,-1]],[[1258,5924],[-24,-16]],[[1214,5999],[-4,2]],[[1210,6001],[-3,4]],[[1207,6005],[-1,0]],[[1206,6005],[-5,4]],[[1201,6009],[-4,3]],[[1197,6012],[-2,2]],[[1195,6014],[20,23]],[[1215,6037],[27,-30]],[[1242,6007],[-9,-8]],[[1223,5991],[-9,8]],[[1214,5999],[19,0]],[[1233,5999],[-10,-8]],[[3818,5855],[-19,-32]],[[3753,5850],[17,20]],[[3818,5855],[-19,-32]],[[3799,5823],[-55,14]],[[3823,5863],[-5,-8]],[[3835,5880],[-12,-17]],[[3823,5863],[-79,-26]],[[3744,5837],[9,13]],[[3753,5850],[35,20]],[[3815,5886],[9,-1]],[[3815,5886],[-27,-16]],[[3788,5870],[-18,0]],[[3770,5870],[45,16]],[[3835,5880],[-11,5]],[[3824,5885],[24,24]],[[3856,5904],[-21,-24]],[[3856,5904],[-8,5]],[[3848,5909],[8,-5]],[[3472,6019],[11,5]],[[3464,5990],[-3,15]],[[3465,6015],[7,4]],[[3472,6019],[11,5]],[[3483,6024],[16,2]],[[3468,6006],[31,20]],[[3499,6026],[50,-2]],[[3525,6045],[-2,-2]],[[3561,6032],[13,14]],[[3540,6051],[-8,-3]],[[3440,6023],[-1,1]],[[3439,6024],[0,4]],[[3439,6028],[1,10]],[[3440,6038],[0,1]],[[3440,6039],[4,14]],[[3444,6053],[0,1]],[[3444,6054],[1,2]],[[3581,6051],[-6,10]],[[3466,6000],[2,6]],[[3468,6006],[81,18]],[[3549,6024],[12,8]],[[3561,6032],[13,14]],[[3574,6046],[7,5]],[[3581,6051],[7,12]],[[3461,6005],[-18,10]],[[3484,6039],[-19,-24]],[[3465,6015],[-4,-10]],[[3648,6069],[-14,-21]],[[3634,6048],[-1,1]],[[3633,6049],[-9,3]],[[3624,6052],[-3,0]],[[3621,6052],[-31,-51]],[[3590,6001],[0,1]],[[3590,6002],[12,19]],[[3602,6021],[0,1]],[[3602,6022],[-39,-7]],[[3563,6015],[-4,-3]],[[3559,6012],[-95,-22]],[[3464,5990],[2,10]],[[3466,6000],[129,64]],[[3516,6043],[-27,-2]],[[3635,6078],[7,-4]],[[3548,6063],[-8,-12]],[[3540,6051],[-8,-3]],[[3532,6048],[-7,-3]],[[3525,6045],[-2,-2]],[[3523,6043],[-1,1]],[[3428,6094],[-4,2]],[[3424,6096],[-5,2]],[[3419,6098],[-1,1]],[[3641,6110],[-8,-24]],[[3733,6112],[-15,-16]],[[3444,6087],[-2,1]],[[3442,6088],[-6,3]],[[3436,6091],[-2,1]],[[3578,6068],[-23,-4]],[[3564,6127],[-26,-1]],[[3530,6125],[-19,0]],[[3653,6124],[-5,-13]],[[3564,6132],[-17,4]],[[3940,6141],[-24,20]],[[3940,6141],[-24,20]],[[3916,6161],[12,15]],[[3944,6190],[-4,-49]],[[3718,6096],[-8,2]],[[3770,6158],[-37,-46]],[[3733,6112],[-15,-16]],[[3785,6163],[4,5]],[[3631,6182],[25,-52]],[[3413,6103],[4,5]],[[3417,6108],[1,1]],[[3418,6109],[-4,2]],[[3414,6111],[-2,1]],[[3412,6112],[-12,12]],[[3400,6124],[-1,2]],[[3399,6126],[1,11]],[[3400,6137],[1,6]],[[3401,6143],[-2,3]],[[3399,6146],[-1,3]],[[3398,6149],[-4,9]],[[3394,6158],[0,1]],[[3394,6159],[11,30]],[[3805,6191],[3,-6]],[[3792,6170],[6,14]],[[3805,6191],[-7,-7]],[[3798,6184],[7,7]],[[3545,6140],[-40,-15]],[[3785,6163],[4,5]],[[3789,6168],[3,2]],[[3792,6170],[16,15]],[[3808,6185],[15,15]],[[3852,6187],[-67,-24]],[[3857,6192],[-5,-5]],[[3852,6187],[-29,13]],[[3823,6200],[7,11]],[[3944,6190],[-16,-14]],[[3928,6176],[16,14]],[[3407,6195],[0,7]],[[3407,6202],[0,2]],[[3407,6204],[-1,3]],[[3406,6207],[0,1]],[[3406,6208],[9,17]],[[3589,6168],[-19,40]],[[3512,6210],[4,-15]],[[3517,6192],[-12,-67]],[[3474,6120],[12,16]],[[3509,6193],[-3,15]],[[3857,6192],[-27,19]],[[3830,6211],[27,-19]],[[3612,6261],[88,-28]],[[3616,6265],[-3,-2]],[[3418,6263],[0,10]],[[3500,6231],[5,-18]],[[3418,6279],[35,4]],[[3605,6283],[11,-10]],[[3518,6217],[-11,15]],[[3565,6294],[33,-11]],[[3768,6315],[-36,5]],[[3814,6309],[-46,6]],[[3768,6315],[-2,6]],[[3733,6327],[-1,-7]],[[3732,6320],[-46,5]],[[3854,6341],[-7,-9]],[[3789,6331],[-23,-10]],[[3766,6321],[-33,6]],[[3733,6327],[38,11]],[[3715,6340],[-19,-3]],[[3696,6336],[0,1]],[[3696,6337],[-6,-5]],[[3854,6341],[-7,-9]],[[3847,6332],[-14,-17]],[[3858,6347],[-4,-6]],[[3756,6341],[-37,3]],[[3665,6359],[-12,-7]],[[3857,6361],[1,-14]],[[3858,6347],[-32,-20]],[[3883,6390],[-5,-17]],[[3777,6391],[27,-3]],[[3727,6384],[-5,2]],[[3859,6401],[24,-11]],[[3883,6390],[-5,-17]],[[3878,6373],[-21,-12]],[[3857,6361],[-31,-34]],[[3826,6327],[5,-6]],[[3842,6407],[17,-6]],[[3859,6401],[-79,-55]],[[3775,6351],[29,37]],[[3804,6388],[6,5]],[[3842,6407],[-32,-14]],[[3810,6393],[32,14]],[[3766,6416],[1,-28]],[[3662,6333],[3,26]],[[3665,6359],[-12,-7]],[[3653,6352],[4,-19]],[[3618,6332],[47,89]],[[3737,6395],[-15,-9]],[[3722,6386],[4,-2]],[[3672,6425],[89,-5]],[[3416,6230],[1,15]],[[3770,6158],[-60,-60]],[[3710,6098],[60,60]],[[3725,6147],[-12,-12],[-4,-6],[23,14],[-7,4]],[[3605,6283],[11,-10]],[[3616,6273],[0,-8]],[[3616,6265],[-3,-2]],[[3613,6263],[-1,-2]],[[3612,6261],[88,-28]],[[3700,6233],[-69,-51]],[[3631,6182],[25,-52]],[[3656,6130],[-3,-6]],[[3653,6124],[-5,-13]],[[3648,6111],[-7,-1]],[[3641,6110],[-8,-24]],[[3633,6086],[2,-8]],[[3635,6078],[7,-4]],[[3642,6074],[6,-5]],[[3648,6069],[-53,-5]],[[3595,6064],[-7,-1]],[[3588,6063],[-13,-2]],[[3575,6061],[3,7]],[[3578,6068],[-23,-4]],[[3555,6064],[-7,-1]],[[3548,6063],[-26,-19]],[[3522,6044],[-6,-1]],[[3516,6043],[-27,-2]],[[3489,6041],[-5,-2]],[[3484,6039],[-41,-24]],[[3443,6015],[-3,7]],[[3440,6022],[0,1]],[[3440,6023],[0,0]],[[3440,6023],[5,33]],[[3445,6056],[7,24]],[[3452,6080],[0,1]],[[3452,6081],[-8,6]],[[3444,6087],[26,26]],[[3470,6113],[35,12]],[[3505,6125],[6,0]],[[3511,6125],[19,0]],[[3530,6125],[8,1]],[[3538,6126],[26,1]],[[3564,6127],[0,5]],[[3564,6132],[-17,4]],[[3547,6136],[-2,4]],[[3545,6140],[-28,52]],[[3517,6192],[-1,3]],[[3516,6195],[-4,15]],[[3512,6210],[6,7]],[[3518,6217],[80,66]],[[3598,6283],[7,0]],[[3570,6208],[19,-40]],[[3589,6168],[-19,40]],[[3596,6161],[8,-29],[28,20],[-16,21],[-20,-12]],[[3564,6218],[-20,-1],[5,-16],[8,11],[7,6]],[[3491,6111],[-23,-12],[-15,-27],[46,13],[-8,26]],[[3507,6232],[-7,-1]],[[3500,6231],[5,-18]],[[3505,6213],[1,-5]],[[3506,6208],[-33,-8]],[[3473,6200],[-55,-10],[2,-50],[54,16],[-1,44]],[[3473,6200],[36,-7]],[[3509,6193],[-23,-57]],[[3486,6136],[-12,-16]],[[3474,6120],[-4,-7]],[[3470,6113],[-36,-21]],[[3434,6092],[-6,2]],[[3428,6094],[-10,5]],[[3418,6099],[-6,2]],[[3412,6101],[1,2]],[[3413,6103],[-8,86]],[[3405,6189],[2,6]],[[3407,6195],[8,30]],[[3415,6225],[1,5]],[[3416,6230],[1,15]],[[3417,6245],[1,18]],[[3418,6263],[0,10]],[[3418,6273],[0,6]],[[3418,6279],[35,4]],[[3453,6283],[112,11]],[[3565,6294],[-58,-62]],[[3430,6110],[10,-1],[22,36],[-40,-10],[8,-25]],[[3726,6384],[1,0]],[[3727,6384],[10,11]],[[3737,6395],[24,25]],[[3761,6420],[5,-4]],[[3766,6416],[1,-28]],[[3767,6388],[10,3]],[[3777,6391],[-2,-40]],[[3775,6351],[5,-5]],[[3780,6346],[51,-25]],[[3831,6321],[2,-6]],[[3833,6315],[-19,-6]],[[3814,6309],[-25,22]],[[3789,6331],[-18,7]],[[3771,6338],[-15,3]],[[3756,6341],[-37,3]],[[3719,6344],[-4,-4]],[[3715,6340],[-25,-8]],[[3690,6332],[-4,-7]],[[3686,6325],[-68,7]],[[3618,6332],[39,1]],[[3657,6333],[5,0]],[[3662,6333],[3,88]],[[3665,6421],[7,4]],[[3672,6425],[54,-41]],[[3709,6357],[18,1],[12,12],[-10,6],[-20,-19]],[[2227,3612],[-144,36],[8,32],[181,-27],[-45,-41]],[[2190,3640],[-23,10],[-9,2],[43,-18],[-11,6]],[[2267,3947],[1,-1]],[[2268,3942],[-22,2]],[[2259,3951],[4,-1]],[[2202,3954],[16,13]],[[2268,3942],[0,4]],[[2268,3946],[-1,1]],[[2267,3947],[-4,3]],[[2263,3950],[-4,1]],[[2259,3951],[-13,-7]],[[2246,3944],[-44,10]],[[2202,3954],[16,13]],[[2218,3967],[50,-25]],[[1726,4006],[-92,-51]],[[1669,4004],[-35,-49]],[[1634,3955],[-9,-3]],[[1669,4004],[11,16]],[[1713,4029],[13,-23]],[[1726,4006],[-57,-2]],[[1648,3993],[-23,-41]],[[1625,3952],[-124,51]],[[1671,4025],[-9,-14]],[[1611,4016],[0,19]],[[1636,4043],[-21,-21]],[[1636,4043],[-2,3]],[[1686,4027],[-6,-7]],[[1680,4020],[-9,5]],[[1671,4025],[-35,18]],[[1642,4051],[-8,-5]],[[1634,4046],[-23,-11]],[[1611,4035],[-3,0]],[[1690,4034],[-4,-7]],[[1686,4027],[-9,5]],[[1744,4085],[-1,-1]],[[1713,4029],[-23,5]],[[1690,4034],[53,50]],[[1743,4084],[2,1]],[[1748,4093],[-35,-64]],[[1735,4090],[-58,-58]],[[1677,4032],[-17,7]],[[1997,4123],[-12,-8]],[[1561,4101],[3,14]],[[1794,4136],[-37,-32]],[[1928,4136],[-33,11]],[[1726,4153],[-57,1]],[[2052,4158],[-55,-35]],[[2037,4133],[-9,-9],[16,-9],[9,10],[-16,8]],[[2008,4141],[-18,10]],[[1664,4155],[-66,9]],[[1591,4165],[-44,6]],[[1955,4159],[-4,-9]],[[1922,4171],[29,-21]],[[1951,4150],[49,-14]],[[1664,4155],[-66,9]],[[1598,4164],[66,-9]],[[2122,4203],[-40,-19]],[[1935,4175],[-13,-4]],[[1922,4171],[-27,13]],[[1726,4153],[-57,1]],[[1669,4154],[57,-1]],[[2082,4184],[-30,-26]],[[2052,4158],[-55,-35]],[[1997,4123],[-12,-8]],[[1985,4115],[-9,6]],[[1986,4127],[14,9]],[[2000,4136],[8,5]],[[2008,4141],[14,9]],[[2121,4212],[1,-9]],[[2122,4203],[-40,-19]],[[1501,4003],[95,36]],[[1604,4042],[4,-7]],[[1608,4035],[-107,-32]],[[2068,4186],[-46,-36]],[[2022,4150],[-32,1]],[[1990,4151],[-35,8]],[[1955,4159],[-20,16]],[[1935,4175],[-2,29]],[[1972,4224],[-6,-14]],[[2054,4220],[-2,1]],[[2044,4222],[12,13]],[[2063,4232],[5,-1]],[[2069,4228],[-1,-4]],[[1998,4216],[-26,8]],[[1972,4224],[-3,4]],[[2216,4256],[45,-37],[-24,-18],[-28,13],[7,42]],[[2057,4252],[-23,-11]],[[2057,4252],[-39,-4]],[[2076,4191],[-8,-5]],[[2068,4186],[-70,30]],[[1998,4216],[-7,23]],[[2061,4276],[18,-22]],[[2202,4287],[-7,-2]],[[2268,4302],[-49,-19]],[[1591,4165],[-44,6]],[[1547,4171],[20,111],[101,23],[-77,-140]],[[2263,4309],[5,-7]],[[2268,4302],[-49,-19]],[[2219,4283],[-12,6]],[[2263,4309],[-21,-10]],[[2217,4336],[46,-27]],[[2217,4336],[25,-37]],[[2242,4299],[-35,-10]],[[2207,4289],[-5,-2]],[[2202,4287],[-7,-2]],[[2195,4285],[-81,14]],[[2194,4344],[23,-8]],[[2114,4299],[-4,2]],[[2191,4348],[3,-4]],[[2194,4344],[-80,-45]],[[1733,4145],[-1,9]],[[2228,4377],[-37,-29]],[[2191,4348],[-81,-47]],[[2110,4301],[-49,-25]],[[2061,4276],[-70,-37]],[[1991,4239],[-22,-11]],[[1969,4228],[-26,-13]],[[1732,4154],[-30,240],[148,56],[80,-208],[-15,164],[160,84],[153,-113]],[[2228,4377],[-496,-223]],[[1662,4011],[-14,-18]],[[1648,3993],[-37,23]],[[1611,4016],[4,6]],[[1615,4022],[47,-11]],[[1604,4042],[-8,-3]],[[1596,4039],[-8,14]],[[1606,4043],[-2,-1]],[[1966,4210],[-33,-6]],[[1933,4204],[-38,-20]],[[1895,4184],[91,-57]],[[1986,4127],[-10,-6]],[[1976,4121],[-48,15]],[[1928,4136],[-33,11]],[[1895,4147],[-101,-11]],[[1794,4136],[-37,-32]],[[1757,4104],[-9,-11]],[[1748,4093],[-3,-8]],[[1745,4085],[-1,0]],[[1744,4085],[-9,5]],[[1735,4090],[-75,-51]],[[1660,4039],[-18,12]],[[1642,4051],[-15,34]],[[1635,4093],[98,52]],[[1733,4145],[210,70]],[[1943,4215],[23,-5]],[[1573,4118],[46,3]],[[1623,4113],[4,-6]],[[1635,4093],[-10,-4]],[[1629,4103],[6,-10]],[[1578,4071],[-12,22]],[[1587,4056],[-7,10]],[[1564,4115],[9,3]],[[1573,4118],[6,-11]],[[1570,4104],[-6,11]],[[1583,4100],[32,-15]],[[1618,4082],[-12,-39]],[[1606,4043],[-18,10]],[[1588,4053],[-1,3]],[[1587,4056],[-7,10]],[[1580,4066],[-2,5]],[[1578,4071],[-3,25]],[[1627,4107],[2,-4]],[[1629,4103],[-4,-14]],[[1625,4089],[2,-4]],[[1627,4085],[-9,-3]],[[1618,4082],[-3,3]],[[1615,4085],[-32,15]],[[1583,4100],[-8,-4]],[[1575,4096],[-9,-3]],[[1566,4093],[-5,8]],[[1561,4101],[9,3]],[[1570,4104],[9,3]],[[1579,4107],[40,14]],[[1619,4121],[4,-8]],[[1623,4113],[4,-6]],[[2044,4222],[8,-1]],[[2052,4221],[2,-1]],[[2054,4220],[14,4]],[[2068,4224],[1,4]],[[2069,4228],[-1,3]],[[2068,4231],[-5,1]],[[2063,4232],[-7,3]],[[2056,4235],[1,17]],[[2057,4252],[22,2]],[[2079,4254],[42,-42]],[[2121,4212],[-45,-21]],[[2076,4191],[-58,57]],[[2018,4248],[16,-7]],[[2034,4241],[10,-19]],[[4943,6156],[3,-10]],[[4943,6146],[3,0]],[[4946,6146],[4,-22]],[[4970,6115],[7,-4]],[[4951,6101],[-7,4]],[[4927,6117],[-17,-3]],[[4901,6126],[10,19]],[[4639,6333],[52,2]],[[4768,6289],[-2,-6]],[[4730,6304],[-1,1]],[[4667,6288],[-5,-4]],[[4996,6213],[68,-44]],[[5018,6134],[-48,-19]],[[4970,6115],[-20,9]],[[4950,6124],[-1,35]],[[4943,6159],[0,-3]],[[4943,6156],[0,-10]],[[4943,6146],[-32,-1]],[[4911,6145],[-10,-19]],[[4901,6126],[9,-12]],[[4910,6114],[17,3]],[[4926,6117],[1,0]],[[4927,6117],[17,-12]],[[4944,6105],[-34,-13]],[[4818,6064],[27,152]],[[4822,6107],[5,-6]],[[4865,6117],[-3,6]],[[5097,6121],[-81,-21]],[[4913,6087],[30,-11]],[[4865,6036],[-44,22]],[[5067,6166],[54,-39]],[[5064,6128],[2,1]],[[4951,6101],[26,10]],[[4977,6111],[45,16]],[[4948,6075],[3,26]],[[4754,6290],[12,-7]],[[4766,6283],[-9,-5]],[[4730,6337],[38,-48]],[[4768,6289],[-17,10]],[[4722,6316],[-31,19]],[[4691,6335],[18,1]],[[4751,6280],[-7,0]],[[4698,6277],[-31,11]],[[4667,6288],[56,20]],[[4662,6284],[-41,-3]],[[4633,6332],[6,1]],[[4639,6333],[23,-49]],[[4742,6279],[-23,-9]],[[4751,6299],[-29,17]],[[4722,6316],[-13,20]],[[4709,6336],[21,1]],[[4730,6337],[21,-38]],[[4744,6280],[-2,-1]],[[4742,6279],[-23,-9]],[[4719,6270],[-21,7]],[[4698,6277],[25,31]],[[4723,6308],[6,-3]],[[4729,6305],[1,-1]],[[4730,6304],[24,-14]],[[4754,6290],[3,-12]],[[4757,6278],[-6,2]],[[4751,6280],[-7,0]],[[4621,6281],[12,51]],[[4633,6332],[-12,-51]],[[4913,6087],[-92,-29]],[[4821,6058],[-3,6]],[[4818,6064],[92,28]],[[4910,6092],[3,-5]],[[5121,6127],[-24,-6]],[[5097,6121],[-81,-21]],[[5016,6100],[-9,-9]],[[4939,6024],[-74,12]],[[4865,6036],[78,40]],[[4943,6076],[5,-1]],[[4948,6075],[74,52]],[[5022,6127],[-4,7]],[[5018,6134],[46,35]],[[5064,6169],[3,-3]],[[5067,6166],[-1,-37]],[[5066,6129],[-2,-1]],[[5064,6128],[57,-1]],[[4943,6159],[-2,23]],[[4930,6205],[13,-14]],[[4947,6182],[2,-23]],[[4949,6159],[-6,0]],[[5011,6077],[1,-3]],[[5014,6074],[3,1]],[[5017,6069],[-1,-2]],[[5016,6065],[-2,-7]],[[5014,6057],[-1,-2]],[[5013,6053],[-1,-3]],[[5013,6050],[1,3]],[[5014,6055],[1,3]],[[5021,6055],[-82,-31]],[[4939,6024],[68,67]],[[5007,6091],[1,-1]],[[5007,6087],[0,-2]],[[5009,6082],[2,0]],[[5012,6082],[1,-1]],[[5014,6081],[2,-1]],[[4845,6216],[85,-11]],[[4930,6205],[11,-23]],[[4941,6182],[-96,34]],[[4947,6182],[-4,9]],[[4943,6191],[53,22]],[[4996,6213],[-49,-31]],[[4862,6123],[3,-6]],[[4865,6117],[-38,-16]],[[4827,6101],[-5,6]],[[4822,6107],[40,16]],[[4729,6305],[-6,-10],[-11,-7],[16,17],[1,0]],[[3918,7173],[-14,0]],[[3922,7178],[-24,4]],[[3358,7203],[22,-28]],[[3934,7217],[-2,-7]],[[3934,7217],[-9,-27]],[[3924,7186],[-23,4]],[[3374,7229],[-16,-26]],[[3358,7203],[22,-28]],[[3380,7175],[-51,40]],[[3931,7220],[-30,-30]],[[3901,7190],[-3,-8]],[[3898,7182],[6,-9]],[[3904,7173],[-35,31]],[[3329,7215],[45,14]],[[3374,7229],[-45,-14]],[[3860,7237],[5,17]],[[3903,7257],[2,0]],[[3938,7231],[-43,10]],[[3895,7241],[-26,-37]],[[3869,7204],[-9,33]],[[3860,7237],[14,15]],[[3902,7258],[1,-1]],[[3903,7257],[-8,-16]],[[3940,7241],[-3,1]],[[3932,7270],[5,-28]],[[3937,7242],[-32,15]],[[3905,7257],[-3,1]],[[3902,7258],[-3,0]],[[3912,7276],[-13,-18]],[[3899,7258],[-25,-6]],[[3874,7252],[-9,2]],[[3865,7254],[14,17]],[[3934,7272],[-2,-2]],[[3932,7270],[-20,6]],[[3912,7276],[2,4]],[[3922,7287],[12,-4]],[[3755,7272],[-30,0]],[[3918,7173],[4,5]],[[3922,7178],[2,8]],[[3924,7186],[1,4]],[[3925,7190],[7,20]],[[3932,7210],[149,79],[-163,-116]],[[3934,7217],[-3,3]],[[3931,7220],[7,11]],[[3938,7231],[2,10]],[[3940,7241],[-6,31]],[[3934,7272],[0,11]],[[3934,7283],[0,-66]],[[3171,7296],[5,-37]],[[3922,7287],[-8,-7]],[[3914,7280],[-35,-9]],[[3879,7271],[43,16]],[[3320,7311],[-86,-9]],[[3116,7308],[-58,-25]],[[3219,7325],[0,3]],[[3607,7336],[-32,3]],[[3035,7318],[23,-35]],[[3058,7283],[-80,44]],[[3320,7311],[-86,-9]],[[3234,7302],[-15,23]],[[3219,7325],[19,11]],[[3319,7338],[1,-27]],[[3274,7340],[-13,3]],[[3622,7337],[-15,-1]],[[3607,7336],[-32,3]],[[3575,7339],[-17,4]],[[3019,7330],[-6,12]],[[3451,7353],[-27,2]],[[3290,7353],[24,9]],[[3317,7343],[-43,-3]],[[3274,7340],[-3,6]],[[3404,7356],[-13,6]],[[3676,7363],[0,-23]],[[3471,7351],[-8,1]],[[3736,7368],[1,-23]],[[3230,7370],[31,-17]],[[3271,7346],[-10,-3]],[[3261,7343],[-23,-7]],[[3314,7362],[5,-24]],[[3319,7338],[-2,5]],[[3317,7343],[-3,19]],[[3625,7341],[-66,6]],[[3736,7368],[1,-23]],[[3737,7345],[18,-73]],[[3755,7272],[-30,0]],[[3725,7272],[-78,58]],[[3664,7347],[12,-7]],[[3676,7340],[60,28]],[[3660,7345],[-13,-15]],[[3647,7330],[-25,7]],[[3622,7337],[3,4]],[[3625,7341],[7,10]],[[3290,7353],[-19,-7]],[[3271,7346],[-10,7]],[[3261,7353],[29,0]],[[3562,7370],[-3,-23]],[[3559,7347],[-1,-4]],[[3558,7343],[-87,8]],[[3471,7351],[3,15]],[[2978,7327],[51,38]],[[3038,7350],[-25,-8]],[[3013,7342],[-35,-15]],[[3632,7387],[44,-24]],[[3676,7363],[-12,-16]],[[3664,7347],[-4,-2]],[[3660,7345],[-22,12]],[[3045,7339],[-7,11]],[[3038,7350],[-9,15]],[[3029,7365],[-10,14]],[[3116,7308],[-64,18]],[[3052,7326],[26,8]],[[3112,7350],[3,23]],[[3219,7396],[-5,-12]],[[3230,7368],[8,-32]],[[3238,7336],[-19,-8]],[[3219,7328],[-48,-32]],[[3171,7296],[5,-37]],[[3176,7259],[-60,49]],[[3196,7379],[-1,5],[-29,-5],[16,-13],[14,13]],[[3176,7335],[6,-7],[17,16],[-9,3],[-14,-12]],[[3391,7362],[-15,25]],[[3405,7361],[-14,1]],[[3424,7359],[0,-4]],[[3424,7355],[-20,1]],[[3404,7356],[1,5]],[[3405,7361],[12,36]],[[3474,7370],[0,-4]],[[3474,7366],[-11,-14]],[[3463,7352],[-12,1]],[[3451,7353],[0,3]],[[3103,7369],[9,-19]],[[3112,7350],[-34,-16]],[[3078,7334],[-33,56]],[[3623,7383],[15,-26]],[[3638,7357],[-6,-6]],[[3632,7351],[-70,19]],[[3655,7414],[-23,-27]],[[3632,7387],[-9,-4]],[[3623,7383],[-57,16]],[[3568,7403],[54,14]],[[3208,7422],[14,-13]],[[3663,7422],[-8,-8]],[[3655,7414],[-13,3]],[[3569,7412],[-1,-9]],[[3568,7403],[-2,-4]],[[3566,7399],[-4,-29]],[[3562,7370],[-88,0]],[[3474,7370],[5,21]],[[3376,7387],[-97,22],[165,21]],[[3489,7429],[-10,-38]],[[3479,7391],[-62,6]],[[3417,7397],[-41,-10]],[[3086,7404],[-41,-14]],[[3045,7390],[-26,-11]],[[3019,7379],[-7,12]],[[2982,7442],[2,4]],[[3086,7404],[-14,35]],[[3099,7451],[4,7]],[[3160,7466],[-2,-3]],[[3135,7379],[-20,-6]],[[3115,7373],[-12,-4]],[[3103,7369],[-17,35]],[[3622,7417],[-53,-5]],[[3569,7412],[-80,17]],[[3489,7429],[-15,1]],[[3653,7428],[-11,-11]],[[3642,7417],[-20,0]],[[3099,7451],[-27,-12]],[[3072,7439],[-88,7]],[[2984,7446],[-2,-4]],[[2982,7442],[30,-51]],[[3012,7391],[-85,51],[172,9]],[[3103,7458],[69,24]],[[3171,7477],[-11,-11]],[[3160,7466],[-57,-8]],[[3448,7466],[-27,13]],[[3663,7422],[-10,6]],[[3653,7428],[-179,2]],[[3474,7430],[-30,0]],[[3444,7430],[4,36]],[[3448,7466],[-27,13]],[[3421,7479],[24,35]],[[3475,7474],[24,0]],[[3537,7472],[126,-50]],[[3284,7528],[13,-3]],[[3536,7516],[1,-44]],[[3537,7472],[-38,2]],[[3499,7474],[-24,0]],[[3475,7474],[-30,40]],[[3445,7514],[73,17]],[[3264,7533],[20,-5]],[[3284,7528],[13,-3]],[[3297,7525],[0,-11]],[[3536,7516],[-18,15]],[[3518,7531],[18,-15]],[[3236,7539],[28,-6]],[[3264,7533],[33,-19]],[[3297,7514],[-89,-92]],[[3208,7422],[14,-13]],[[3222,7409],[-3,-13]],[[3219,7396],[-84,-17]],[[3135,7379],[23,84]],[[3158,7463],[13,14]],[[3171,7477],[1,5]],[[3172,7482],[30,50]],[[3202,7532],[34,7]],[[3236,7539],[-34,-7]],[[3720,7568],[25,7]],[[3842,7547],[-4,15]],[[3832,7615],[10,-68]],[[3842,7547],[-8,51]],[[3843,7637],[11,-9]],[[3820,7615],[14,-17]],[[3834,7598],[-5,-2]],[[3829,7595],[-18,21]],[[3811,7616],[-9,4]],[[3720,7568],[25,7]],[[3745,7575],[1,80]],[[3767,7645],[35,-25]],[[3802,7620],[9,-4]],[[3811,7616],[18,-20]],[[3829,7596],[0,-1]],[[3829,7595],[9,-33]],[[3838,7562],[-118,6]],[[3815,7635],[-13,5]],[[3809,7651],[16,1]],[[3832,7649],[11,-12]],[[3843,7637],[-16,6]],[[3773,7648],[21,-5]],[[3800,7654],[9,-3]],[[3809,7651],[-7,-11]],[[3802,7640],[13,-5]],[[3815,7635],[10,17]],[[3825,7652],[7,-3]],[[3832,7649],[-5,-6]],[[3827,7643],[27,-15]],[[3854,7628],[-22,-13]],[[3832,7615],[-12,0]],[[3820,7615],[-53,30]],[[3767,7645],[-21,10]],[[3746,7655],[-1,7]],[[3363,7661],[-34,4]],[[3794,7643],[-21,5]],[[3773,7648],[-28,14]],[[3745,7662],[55,-8]],[[3800,7654],[-6,-11]],[[3363,7661],[-34,4]],[[3329,7665],[3,6]],[[3388,7665],[41,5]],[[3458,7683],[-95,-22]],[[3430,7670],[-1,0]],[[3429,7670],[-42,8]],[[3452,7712],[6,-29]],[[3458,7683],[-28,-13]],[[3292,7690],[18,28]],[[3393,7688],[-6,-10]],[[3387,7678],[1,-13]],[[3388,7665],[-56,6]],[[3332,7671],[-40,19]],[[3292,7690],[18,28]],[[3310,7718],[4,4]],[[3327,7714],[-13,8]],[[3314,7722],[13,3]],[[3459,7725],[37,13]],[[3485,7715],[11,23]],[[3496,7738],[26,4]],[[3506,7737],[16,5]],[[3327,7714],[6,11]],[[3390,7708],[3,-20]],[[3393,7688],[-66,26]],[[3495,7714],[11,23]],[[3506,7737],[16,5]],[[3522,7742],[43,-30]],[[3289,7740],[-14,12]],[[3289,7740],[-14,12]],[[3275,7752],[13,1]],[[3288,7753],[4,0]],[[3292,7753],[29,5]],[[3313,7748],[-24,-8]],[[3313,7748],[8,10]],[[3321,7758],[138,-33]],[[3459,7725],[26,-10]],[[3485,7715],[10,-1]],[[3495,7714],[70,-2]],[[3565,7712],[-113,0]],[[3452,7712],[-62,-4]],[[3390,7708],[-57,17]],[[3333,7725],[-6,0]],[[3327,7725],[-14,23]],[[3230,7370],[0,-2]],[[3230,7368],[-16,16]],[[3214,7384],[16,-14]],[[3052,7326],[-17,-8]],[[3035,7318],[-16,12]],[[3019,7330],[26,9]],[[3045,7339],[7,-13]],[[4333,6898],[0,-2]],[[4296,6950],[8,1]],[[4301,6944],[-6,3]],[[4315,6898],[-9,7]],[[4297,6909],[-1,41]],[[4296,6950],[-1,-3]],[[4295,6947],[6,-3]],[[4301,6944],[3,7]],[[4304,6951],[26,-50]],[[4306,6905],[-9,4]],[[4297,6909],[4,3]],[[4300,6912],[1,0]],[[4301,6912],[5,-7]],[[3424,7359],[27,-3]],[[3451,7356],[-27,3]],[[4333,6898],[0,-2]],[[4333,6896],[-18,2]],[[4315,6898],[15,3]],[[4330,6901],[3,-3]],[[2617,7597],[62,-89],[-234,31],[51,68],[121,-10]],[[2927,7441],[6,-2],[2,-1],[-5,0],[-3,3]],[[2250,7282],[-5,4]],[[2305,7406],[2,16]],[[2250,7282],[57,140]],[[2307,7422],[-57,-140]],[[2950,7389],[61,2]],[[2305,7406],[-60,-120]],[[2245,7286],[60,120]],[[2956,7375],[55,16]],[[3011,7391],[17,-27]],[[2956,7375],[-9,-2]],[[2924,7364],[26,25]],[[2950,7389],[6,-14]],[[2329,7275],[43,32]],[[2399,7361],[-32,-137]],[[2574,7362],[64,13]],[[2638,7375],[6,-2]],[[2567,7360],[7,2]],[[2574,7362],[64,13]],[[2925,7363],[-1,1]],[[2924,7364],[23,9]],[[2947,7373],[23,-26]],[[2968,7337],[-19,4]],[[2644,7373],[-17,-55]],[[2585,7327],[59,46]],[[3028,7364],[-60,-27]],[[2968,7337],[2,10]],[[2970,7347],[58,17]],[[2949,7341],[-24,22]],[[2925,7363],[24,-22]],[[2387,7325],[12,36]],[[2399,7361],[7,-4]],[[2544,7349],[23,11]],[[2567,7360],[4,-24]],[[2390,7324],[16,33]],[[2406,7357],[-26,-43]],[[2534,7343],[10,6]],[[2544,7349],[27,-13]],[[2571,7336],[14,-9]],[[2585,7327],[15,-11]],[[2591,7315],[-33,13]],[[2558,7328],[-24,15]],[[2534,7343],[24,-15]],[[2380,7314],[-8,-7]],[[2372,7307],[15,18]],[[2387,7325],[3,-1]],[[2390,7324],[-10,-10]],[[2567,7304],[24,11]],[[2591,7315],[9,1]],[[2600,7316],[27,2]],[[2627,7318],[-49,-32]],[[2515,7286],[52,18]],[[2567,7304],[11,-18]],[[2578,7286],[-29,-16]],[[2434,7200],[74,78]],[[2521,7275],[28,-5]],[[2549,7270],[-14,-21]],[[2521,7275],[4,-13]],[[2508,7270],[0,8]],[[2508,7278],[7,8]],[[2515,7286],[6,-11]],[[2247,7271],[21,-16]],[[2284,7249],[45,26]],[[2329,7275],[29,-54]],[[2517,7136],[-83,64]],[[2434,7200],[49,50]],[[2491,7258],[17,12]],[[2508,7270],[11,-9]],[[2247,7271],[-12,-16]],[[2236,7255],[-1,0]],[[2235,7255],[39,-18]],[[2268,7187],[-21,84]],[[2519,7261],[6,1]],[[2525,7262],[0,-8]],[[2521,7253],[-2,8]],[[2483,7250],[4,3]],[[2487,7253],[4,5]],[[2491,7258],[-4,-6]],[[2487,7253],[0,-1]],[[2487,7252],[-4,-2]],[[2268,7255],[16,-6]],[[2284,7249],[-16,6]],[[2497,7223],[0,14]],[[2521,7237],[4,17]],[[2525,7254],[10,-5]],[[2535,7249],[9,-6]],[[2521,7253],[0,-16]],[[2521,7237],[-24,0]],[[2497,7237],[24,16]],[[2544,7243],[53,-9]],[[2552,7178],[-12,-1]],[[2539,7142],[-22,-6]],[[2517,7136],[-20,87]],[[2497,7223],[47,20]],[[2294,7237],[31,-17]],[[2280,7237],[14,0]],[[2294,7237],[2,-30]],[[2271,7226],[3,11]],[[2274,7237],[6,0]],[[2280,7237],[-6,-47]],[[2271,7187],[-3,0]],[[2268,7187],[3,39]],[[2272,7226],[-1,0]],[[2599,7216],[-2,18]],[[2597,7234],[16,-27]],[[2325,7211],[0,9]],[[2325,7220],[33,1]],[[2358,7221],[9,3]],[[2367,7224],[-35,-12]],[[2584,7201],[15,15]],[[2599,7216],[14,-9]],[[2613,7207],[-61,-29]],[[2552,7178],[27,21]],[[2312,7208],[13,3]],[[2325,7211],[7,1]],[[2332,7212],[-9,-21]],[[2274,7190],[22,17]],[[2296,7207],[16,1]],[[2312,7208],[11,-17]],[[2323,7191],[-52,-4]],[[2271,7187],[3,3]],[[2579,7199],[5,2]],[[2584,7201],[-5,-2]],[[2539,7142],[1,35]],[[2540,7177],[-1,-35]],[[2158,7086],[5,17]],[[2163,7103],[0,1]],[[2163,7104],[2,1]],[[2165,7105],[1,2]],[[2166,7107],[1,1]],[[2167,7108],[0,1]],[[2167,7109],[35,18]],[[2202,7127],[44,-42]],[[2192,7055],[-6,3]],[[2186,7058],[-1,0]],[[2185,7058],[-2,1]],[[2183,7059],[-1,0]],[[2182,7059],[-3,1]],[[2179,7060],[-1,0]],[[2178,7060],[-22,19]],[[2156,7079],[0,1]],[[2156,7080],[2,6]],[[2158,7086],[44,41]],[[2246,7085],[4,-4]],[[2198,7053],[-6,2]],[[2192,7055],[54,30]],[[2250,7081],[-34,-23]],[[2216,7058],[-2,-1]],[[2214,7057],[-2,-2]],[[2212,7055],[-4,-2]],[[2208,7053],[0,-1]],[[2208,7052],[-1,0]],[[2207,7052],[-3,0]],[[2204,7052],[-1,0]],[[2203,7052],[-5,1]],[[2198,7053],[1,0]],[[2199,7053],[51,28]],[[4937,7137],[14,12]],[[4945,7127],[0,1]],[[4945,7128],[-1,2]],[[4944,7130],[-1,0]],[[4943,7130],[-1,3]],[[4959,6629],[44,-21],[-10,-60],[-73,29],[39,52]],[[4978,6577],[-15,1],[1,17],[16,-1],[-2,-17]],[[4894,6850],[31,26]],[[4937,6870],[0,-9]],[[4955,6804],[-1,-4]],[[4917,6803],[-2,2]],[[4909,6805],[-5,3]],[[4961,6789],[-7,7]],[[4954,6800],[5,-1]],[[4996,7156],[0,0]],[[4996,7156],[1,-4]],[[4997,7152],[0,-1]],[[4997,7151],[1,-23]],[[4959,7019],[-12,-9]],[[4944,7117],[2,5]],[[4946,7122],[0,2]],[[4946,7124],[-1,2]],[[4945,7126],[0,1]],[[4945,7127],[6,22]],[[4951,7149],[3,3]],[[4954,7152],[10,3]],[[4964,7155],[2,1]],[[4966,7156],[10,6]],[[4976,7162],[1,0]],[[4977,7162],[19,-6]],[[4923,7010],[-25,5]],[[4971,6824],[35,-13]],[[5054,6837],[10,-1]],[[5108,6843],[17,3]],[[5098,6790],[-2,-8]],[[5089,6779],[10,-7]],[[5123,6710],[-98,68]],[[5017,6784],[1,10]],[[4961,6803],[-6,1]],[[5324,6695],[5,-7]],[[5207,6722],[-2,5]],[[5257,6714],[21,-6]],[[4934,7070],[-5,15]],[[4929,7085],[3,5]],[[4932,7090],[0,2]],[[4932,7092],[0,3]],[[4932,7095],[1,1]],[[4927,6851],[10,10]],[[4937,6861],[34,-37]],[[4971,6824],[-44,27]],[[4922,6847],[33,-43]],[[4955,6804],[-40,3]],[[4909,6808],[-5,0]],[[4904,6808],[-10,42]],[[4894,6850],[12,9]],[[4917,6803],[37,-3]],[[4954,6800],[0,-4]],[[4954,6796],[-37,7]],[[5006,6811],[48,26]],[[5054,6837],[-48,-26]],[[5096,6782],[-7,-3]],[[5089,6779],[7,3]],[[5017,6784],[8,-6]],[[5025,6778],[-64,11]],[[4961,6789],[-2,10]],[[4959,6799],[58,-15]],[[4961,6803],[57,-9]],[[5018,6794],[-57,9]],[[5205,6727],[52,-13]],[[5257,6714],[-52,13]],[[5064,6836],[44,7]],[[5108,6843],[-44,-7]],[[4937,7137],[5,-4]],[[4942,7133],[-6,3]],[[4936,7136],[1,1]],[[4959,7019],[39,109]],[[4998,7128],[-39,-109]],[[4947,7010],[-24,0]],[[4923,7010],[-25,5]],[[4898,7015],[-6,18]],[[4892,7033],[2,1]],[[4894,7034],[3,1]],[[4897,7035],[3,2]],[[4900,7037],[1,1]],[[4901,7038],[1,2]],[[4902,7040],[1,1]],[[4903,7041],[3,5]],[[4906,7046],[3,5]],[[4909,7051],[1,1]],[[4910,7052],[7,7]],[[4917,7059],[1,1]],[[4918,7060],[3,2]],[[4921,7062],[2,2]],[[4923,7064],[2,3]],[[4925,7067],[1,0]],[[4926,7067],[8,3]],[[4934,7070],[-1,26]],[[4933,7096],[4,9]],[[4937,7105],[3,3]],[[4940,7108],[4,9]],[[4944,7117],[3,-107]],[[4925,6876],[12,-6]],[[4937,6870],[-15,-15]],[[4912,6863],[13,13]],[[5098,6790],[27,56]],[[5125,6846],[-27,-56]],[[5324,6695],[-46,13]],[[5278,6708],[46,-13]],[[5207,6722],[122,-34]],[[5329,6688],[-122,34]],[[5099,6772],[54,-50]],[[5126,6711],[-27,61]],[[5153,6722],[-30,-12]],[[5123,6710],[3,1]],[[5126,6711],[27,11]],[[4922,6855],[5,-4]],[[4927,6851],[-5,-4]],[[4922,6847],[-7,-40]],[[4915,6807],[0,-2]],[[4915,6805],[-6,0]],[[4909,6805],[0,3]],[[4909,6808],[-3,51]],[[4906,6859],[6,4]],[[4912,6863],[10,-8]],[[4840,6918],[0,1]],[[4840,6919],[1,0]],[[4841,6919],[42,3]],[[4907,6928],[-67,-10]],[[4840,6918],[51,-3]],[[4883,6922],[24,6]],[[4907,6928],[-16,-13]],[[4891,6915],[-8,7]],[[6903,6396],[-9,-13]],[[6843,6368],[51,15]],[[6894,6383],[-80,-42]],[[6843,6368],[-29,-27]],[[6814,6341],[-42,-6]],[[6806,6360],[56,32]],[[6887,6393],[-44,-25]],[[6887,6393],[-2,5]],[[7045,6451],[-142,-55]],[[6903,6396],[-16,-3]],[[6885,6398],[-23,-6]],[[6862,6392],[79,52]],[[6970,6431],[-85,-33]],[[7041,6455],[-4,1]],[[7037,6456],[-48,-18]],[[6997,6457],[40,-1]],[[7043,6453],[-2,2]],[[7041,6455],[2,4]],[[7043,6459],[-9,14]],[[7059,6467],[-16,-8]],[[7083,6461],[-12,-7]],[[7063,6462],[-4,5]],[[7059,6467],[-25,6]],[[7034,6473],[-2,5]],[[7048,6487],[18,1]],[[7089,6496],[2,1]],[[7069,6483],[-3,5]],[[7066,6488],[-4,12]],[[7079,6508],[10,-12]],[[7089,6496],[-23,-8]],[[7063,6462],[8,-8]],[[7071,6454],[-26,-3]],[[7045,6451],[-2,2]],[[7043,6453],[20,9]],[[7029,6490],[19,-3]],[[7048,6487],[-17,-8]],[[7031,6479],[1,-1]],[[7032,6478],[-27,-15]],[[7001,6461],[-4,-4]],[[6997,6457],[-8,-19]],[[6989,6438],[-19,-7]],[[6970,6431],[-29,13]],[[6941,6444],[42,34]],[[6996,6554],[38,-56]],[[7035,6496],[-6,-6]],[[7029,6490],[2,-11]],[[7001,6461],[4,2]],[[7005,6463],[-4,-2]],[[6996,6554],[18,-44]],[[6988,6501],[8,53]],[[7014,6510],[-31,-32]],[[6983,6478],[5,23]],[[6988,6501],[26,9]],[[7035,6496],[-1,2]],[[7034,6498],[44,15]],[[7059,6504],[-24,-8]],[[7078,6513],[1,-5]],[[7079,6508],[-17,-8]],[[7062,6500],[-3,4]],[[7059,6504],[19,9]],[[7076,6469],[-2,4]],[[7074,6473],[-5,10]],[[7069,6483],[27,9]],[[7084,6478],[-10,-5]],[[7076,6469],[11,5]],[[7131,6495],[-48,-34]],[[7083,6461],[-7,8]],[[7091,6497],[112,55]],[[7099,6486],[-3,6]],[[7096,6492],[-5,5]],[[7099,6486],[119,52]],[[7224,6529],[-93,-34]],[[7131,6495],[-44,-21]],[[7087,6474],[-3,4]],[[7084,6478],[15,8]],[[7218,6538],[-15,14]],[[7203,6552],[66,24]],[[7276,6564],[-58,-26]],[[7224,6529],[10,6]],[[7234,6535],[57,-2]],[[7291,6533],[-67,-4]],[[7234,6535],[0,0]],[[7234,6535],[12,6]],[[7294,6538],[-3,-5]],[[7291,6533],[-57,2]],[[7294,6538],[-48,3]],[[7246,6541],[32,17]],[[7281,6552],[13,-14]],[[7276,6564],[-7,12]],[[7269,6576],[12,-24]],[[7281,6552],[-3,6]],[[7278,6558],[-2,6]],[[6772,6335],[-14,49]],[[6786,6350],[-14,-15]],[[6758,6385],[48,-25]],[[6806,6360],[-3,0]],[[6803,6360],[-8,-4]],[[6769,6385],[42,14]],[[6812,6399],[-1,0]],[[6811,6399],[-8,-39]],[[6758,6385],[11,0]],[[6769,6385],[26,-29]],[[6795,6356],[0,-1]],[[6795,6355],[-9,-5]],[[6786,6350],[-28,34]],[[6758,6384],[0,1]],[[7505,6650],[0,-1]],[[7505,6649],[4,-21]],[[7423,6630],[82,20]],[[7423,6630],[86,-2]],[[7509,6628],[1,-3]],[[7510,6625],[0,-2]],[[7476,6621],[-53,9]],[[7511,6619],[-2,0]],[[7509,6619],[-33,2]],[[7476,6621],[34,2]],[[7510,6623],[1,-4]],[[7214,6311],[25,51],[71,-37],[-32,8],[-64,-22]],[[7546,7828],[-5,-7]],[[6556,8243],[-4,2]],[[6565,8237],[-12,-14]],[[6783,8219],[-64,-52]],[[6629,8095],[-62,-41]],[[6549,8042],[-65,43]],[[6398,8253],[44,18]],[[7654,7915],[-5,-54]],[[6503,8279],[38,26]],[[6402,8096],[20,29]],[[6462,8200],[-53,-97]],[[7638,7922],[16,-7]],[[7654,7915],[-5,-54]],[[7649,7861],[-71,25]],[[7521,7821],[20,0]],[[7541,7821],[-117,3]],[[6594,8226],[0,-1]],[[6636,8219],[-6,-6]],[[6545,8228],[8,-5]],[[6455,8202],[-33,-77]],[[6422,8125],[13,124]],[[6481,8258],[22,21]],[[6503,8279],[12,-30]],[[6534,8215],[-7,-17]],[[6529,8193],[14,-25]],[[7523,7881],[-43,4]],[[7476,7884],[-52,-60]],[[7424,7824],[6,31]],[[6524,8263],[17,42]],[[6541,8305],[95,-86]],[[6636,8219],[-42,6]],[[6594,8225],[0,1]],[[6594,8226],[-10,7]],[[6573,8193],[-20,30]],[[6553,8223],[12,14]],[[6565,8237],[5,-2]],[[7520,7895],[-1,1]],[[7568,7896],[32,-23]],[[7580,7858],[111,-104]],[[7688,7754],[-34,17]],[[7625,7788],[-89,-19]],[[7546,7797],[-5,15]],[[7512,7894],[0,0]],[[7549,7861],[-26,20]],[[7523,7881],[-11,13]],[[7519,7896],[1,-1]],[[7520,7895],[33,-30]],[[7536,7769],[10,28]],[[7546,7797],[17,0]],[[7577,7808],[13,22]],[[7596,7834],[47,-32]],[[7639,7798],[-103,-29]],[[7590,7830],[-21,-15]],[[7565,7818],[20,16]],[[7430,7855],[138,41]],[[7568,7896],[-49,0]],[[7519,7896],[-7,-2]],[[7512,7894],[-32,-9]],[[7480,7885],[-4,-1]],[[7476,7884],[-46,-29]],[[7521,7821],[0,0]],[[7546,7828],[-25,-7]],[[7521,7821],[39,33]],[[7568,7849],[-22,-21]],[[7575,7839],[-22,-12]],[[7550,7829],[19,19]],[[7596,7834],[-6,-4]],[[7590,7830],[-5,4]],[[7585,7834],[-10,5]],[[7575,7839],[-6,9]],[[7569,7848],[11,10]],[[7580,7858],[16,-24]],[[7560,7854],[-11,7]],[[7549,7861],[4,4]],[[7553,7865],[47,8]],[[7600,7873],[-32,-24]],[[7568,7849],[-8,5]],[[7563,7797],[-22,15]],[[7541,7812],[9,17]],[[7550,7829],[3,-2]],[[7553,7827],[12,-9]],[[7565,7818],[4,-3]],[[7569,7815],[8,-7]],[[7577,7808],[-14,-11]],[[7625,7788],[14,10]],[[7639,7798],[4,4]],[[7643,7802],[50,-34]],[[7693,7768],[-1,0]],[[7692,7768],[-1,-14]],[[7691,7754],[-3,0]],[[7688,7754],[-34,17]],[[7654,7771],[-29,17]],[[7638,7922],[-60,-36]],[[7578,7886],[60,36]],[[7086,7888],[55,31],[43,-53],[-108,-18],[10,40]],[[6402,8096],[7,7]],[[6409,8103],[47,7]],[[6462,8101],[-60,-5]],[[6630,8213],[153,6]],[[6783,8219],[-64,-52]],[[6719,8167],[-90,-72]],[[6629,8095],[-62,-41]],[[6567,8054],[-18,-12]],[[6549,8042],[-65,43]],[[6484,8085],[-22,16]],[[6462,8101],[-6,9]],[[6456,8110],[34,97]],[[6491,8207],[-1,0]],[[6490,8207],[-2,14]],[[6489,8221],[-1,0]],[[6488,8221],[-26,-21]],[[6462,8200],[-7,2]],[[6455,8202],[-20,47]],[[6435,8249],[-37,4]],[[6398,8253],[44,18]],[[6442,8271],[39,-13]],[[6481,8258],[34,-9]],[[6515,8249],[5,7]],[[6551,8245],[5,-2]],[[6556,8243],[-11,-15]],[[6545,8228],[-11,-13]],[[6534,8215],[-7,-17]],[[6527,8198],[2,-5]],[[6529,8193],[14,-25]],[[6543,8168],[6,-9]],[[6594,8219],[36,-6]],[[6701,8146],[3,11],[-3,23],[-8,-3],[8,-31]],[[6570,8136],[-46,-3],[-20,-44],[85,6],[-19,41]],[[6594,8219],[35,-62]],[[6629,8157],[0,1]],[[6629,8158],[-80,1]],[[6549,8159],[24,34]],[[6573,8193],[-3,42]],[[6570,8235],[-18,10]],[[6552,8245],[-1,0]],[[6551,8245],[-31,11]],[[6520,8256],[4,7]],[[6524,8263],[60,-30]],[[6584,8233],[10,-14]],[[6338,6079],[8,4]],[[6346,6082],[2,1]],[[6349,6083],[5,2]],[[6355,6085],[1,2]],[[6357,6086],[2,-2]],[[6362,6084],[6,3]],[[6371,6087],[3,0]],[[6375,6087],[5,-3]],[[6381,6084],[7,-14]],[[6390,6067],[-39,-12]],[[6220,5954],[92,104]],[[6275,5989],[-4,-7]],[[6242,5956],[-15,-23]],[[6237,5921],[-18,-23]],[[6173,5964],[6,-20]],[[6102,5942],[51,30]],[[6209,5888],[-62,-25]],[[6067,5799],[76,72]],[[6120,5837],[-15,-11]],[[6355,6058],[-4,-3]],[[6351,6055],[-27,-13]],[[6321,6048],[-9,10]],[[6312,6058],[26,21]],[[6338,6079],[17,-15]],[[6174,5894],[-27,-31]],[[6147,5863],[-27,-26]],[[6120,5837],[23,34]],[[6143,5871],[4,4]],[[6067,5799],[38,27]],[[6105,5826],[-38,-27]],[[6324,6042],[-49,-53]],[[6275,5989],[-4,-7]],[[6271,5982],[-29,-26]],[[6242,5956],[-24,-16]],[[6217,5950],[104,98]],[[6321,6048],[3,-6]],[[6355,6064],[33,6]],[[6388,6070],[2,-3]],[[6390,6067],[-35,-9]],[[6355,6058],[0,6]],[[6173,5964],[-20,8]],[[6153,5972],[20,-8]],[[6137,5891],[-11,7]],[[6125,5929],[19,0]],[[6219,5898],[-10,-10]],[[6209,5888],[-35,6]],[[6174,5894],[-8,4]],[[6190,5922],[5,-6]],[[6195,5916],[24,-18]],[[6220,5954],[-3,-4]],[[6217,5950],[-27,-28]],[[6190,5922],[-24,-24]],[[6166,5898],[-19,-23]],[[6147,5875],[-10,16]],[[6137,5891],[7,38]],[[6144,5929],[35,15]],[[6179,5944],[41,10]],[[6237,5921],[-42,-5]],[[6195,5916],[23,24]],[[6218,5940],[9,-7]],[[6227,5933],[10,-12]],[[6102,5942],[23,-13]],[[6125,5929],[1,-31]],[[6126,5898],[-24,44]],[[5816,5564],[-46,14]],[[5777,5646],[40,-1]],[[6025,5355],[-54,88]],[[5747,5613],[-16,22]],[[6537,5407],[14,-8]],[[6523,5367],[-13,13]],[[5785,5612],[32,33]],[[5817,5645],[3,-1]],[[5819,5641],[-11,-19]],[[5784,5602],[-14,-24]],[[5770,5578],[-84,-43]],[[6025,5355],[-54,88]],[[5971,5443],[54,-88]],[[5753,5584],[-1,0]],[[5752,5584],[-66,-49]],[[5686,5535],[61,78]],[[5747,5613],[-16,22]],[[5731,5635],[46,11]],[[5777,5646],[-9,-13]],[[5768,5634],[0,-1]],[[5768,5633],[17,-21]],[[5785,5612],[-33,-28]],[[6551,5399],[-28,-32]],[[6523,5367],[28,32]],[[5784,5602],[24,20]],[[5808,5622],[11,19]],[[5819,5641],[1,3]],[[5820,5644],[-4,-80]],[[5816,5564],[-32,38]],[[5382,5864],[42,-27]],[[5371,5843],[6,20]],[[5277,5884],[60,32]],[[5477,5941],[-31,15]],[[5449,5976],[67,-21]],[[5449,5976],[-3,-20]],[[5446,5956],[3,20]],[[5021,6055],[-6,3]],[[5015,6058],[-1,-3]],[[5014,6055],[0,-2]],[[5014,6053],[-1,-3]],[[5013,6050],[-1,0]],[[5012,6050],[1,3]],[[5013,6053],[0,2]],[[5013,6055],[1,2]],[[5014,6057],[0,1]],[[5014,6058],[2,7]],[[5016,6065],[0,2]],[[5016,6067],[1,2]],[[5017,6069],[0,6]],[[5017,6075],[-3,-1]],[[5014,6074],[-2,0]],[[5012,6074],[-1,3]],[[5011,6077],[5,3]],[[5016,6080],[-2,1]],[[5014,6081],[-1,0]],[[5013,6081],[-1,1]],[[5012,6082],[-1,0]],[[5011,6082],[-2,0]],[[5009,6082],[-2,3]],[[5007,6085],[0,2]],[[5007,6087],[1,3]],[[5008,6090],[13,-35]],[[5377,5863],[5,1]],[[5382,5864],[42,-27]],[[5424,5837],[-58,-10]],[[5348,5820],[-71,64]],[[5277,5884],[60,32]],[[5337,5916],[34,-73]],[[5371,5843],[6,20]],[[5528,6068],[21,-27],[-187,1],[17,33],[149,-7]],[[5484,6045],[22,-3],[6,6],[-53,11],[25,-14]],[[5505,6049],[1,-7],[-18,2],[-29,15],[46,-10]],[[5348,5820],[18,7]],[[5366,5827],[-18,-7]],[[5123,5959],[-31,6]],[[5092,5965],[31,-6]],[[5123,5959],[-31,6]],[[5477,5941],[39,14]],[[5516,5955],[-39,-14]],[[6508,5375],[10,-12]],[[6537,5407],[-27,-27]],[[6510,5380],[27,27]],[[6518,5363],[-261,-225],[251,237]],[[6508,5375],[10,-12]],[[6463,5326],[-125,-116],[-6,-17],[149,131],[-18,2]],[[5625,2805],[-57,26]],[[5568,2831],[-21,13]],[[5581,2850],[-13,-19]],[[5625,2805],[9,13]],[[5636,2824],[4,18]],[[5643,2861],[-18,-56]],[[5643,2861],[-3,-13]],[[5611,2865],[32,-4]],[[5587,2851],[49,-27]],[[5636,2824],[-2,-6]],[[5634,2818],[-53,32]],[[5581,2850],[-34,-6]],[[5547,2844],[-5,8]],[[5611,2865],[29,-17]],[[5640,2848],[0,-6]],[[5640,2842],[-53,9]],[[5587,2851],[-45,1]],[[5542,2852],[69,13]],[[5478,3034],[-38,4]],[[5430,3041],[-3,1]],[[5459,3084],[4,-1]],[[5427,3042],[-5,3]],[[5456,3087],[3,-3]],[[5459,3084],[-32,-42]],[[5456,3087],[-34,-42]],[[5422,3045],[34,42]],[[5392,2031],[-31,61]],[[5373,2110],[11,12]],[[5584,2314],[-2,39]],[[5642,2383],[-52,-72]],[[5590,2311],[-6,3]],[[5626,2388],[-36,-77]],[[5644,2428],[-7,0]],[[5601,2434],[0,-4]],[[5589,2409],[-6,3]],[[5560,2468],[14,-115],[-64,101]],[[5640,2432],[-39,2]],[[5601,2434],[-13,22]],[[5638,2471],[-54,-7]],[[5727,2441],[-85,-58]],[[5642,2383],[-16,5]],[[5626,2388],[18,40]],[[5644,2428],[2,4]],[[5669,2476],[-24,-4]],[[5589,2409],[12,21]],[[5601,2430],[36,-2]],[[5637,2428],[-52,-112]],[[5584,2314],[1,2]],[[5585,2316],[-3,37]],[[5582,2353],[-5,132]],[[5582,2455],[1,-43]],[[5583,2412],[6,-3]],[[5588,2456],[-6,-1]],[[5582,2455],[-5,30]],[[5577,2485],[5,4]],[[5585,2470],[-1,-6]],[[5584,2464],[4,-8]],[[5559,2468],[-49,-14]],[[5510,2454],[37,24]],[[5637,2476],[-52,-6]],[[5585,2470],[-3,19]],[[5582,2489],[46,4]],[[5646,2432],[-6,0]],[[5640,2432],[-2,39]],[[5638,2471],[-1,5]],[[5637,2476],[-9,17]],[[5628,2493],[7,1]],[[5642,2477],[3,-5]],[[5645,2472],[1,-40]],[[5684,2482],[18,-15]],[[5664,2481],[-22,-4]],[[5642,2477],[-7,17]],[[5635,2494],[31,11]],[[5684,2483],[0,-1]],[[5684,2482],[18,-15]],[[5702,2467],[25,-26]],[[5727,2441],[-58,35]],[[5669,2476],[-5,5]],[[5664,2481],[2,24]],[[5666,2505],[6,0]],[[5672,2505],[12,-22]],[[5684,2483],[-12,22]],[[5601,2493],[-1,31]],[[5627,2496],[-26,-3]],[[5601,2493],[-1,31]],[[5600,2524],[19,5]],[[5626,2530],[7,-32]],[[5627,2496],[-8,33]],[[5619,2529],[7,1]],[[5626,2530],[7,-32]],[[5633,2498],[-6,-2]],[[5560,2468],[-1,0]],[[5559,2468],[-12,10]],[[5547,2478],[13,-10]],[[5392,2031],[-31,61]],[[5361,2092],[12,18]],[[5373,2110],[11,12]],[[5384,2122],[8,-91]],[[5463,3083],[-33,-42]],[[5430,3041],[10,-3]],[[5440,3038],[38,-4]],[[5478,3034],[-15,49]],[[5475,3065],[2,-6],[34,0],[-2,8],[-34,-2]],[[4896,4714],[-1,-5]],[[4869,4693],[-5,-1]],[[4847,4692],[-8,-2]],[[4847,4720],[2,5]],[[4860,4763],[3,16]],[[4881,4781],[2,-37]],[[4931,5091],[-10,-62]],[[4881,4754],[-13,3]],[[4863,4824],[-17,-13]],[[4790,5118],[-32,-47]],[[4755,5122],[-3,3]],[[4733,5141],[0,0]],[[4734,5142],[8,-1]],[[4899,5174],[2,-5]],[[5007,4882],[-16,-46]],[[4925,4999],[-34,73]],[[4790,5118],[111,51]],[[4901,5169],[-111,-51]],[[4843,4806],[-58,-49]],[[4899,5174],[-157,-33]],[[4742,5141],[157,33]],[[4758,5071],[-3,51]],[[4755,5122],[3,-51]],[[4895,4709],[-26,-16]],[[4869,4693],[26,16]],[[4735,5140],[17,-15]],[[4752,5125],[-19,16]],[[4733,5141],[2,-1]],[[4735,5140],[0,-1]],[[4896,4714],[-13,30]],[[4883,4744],[13,-30]],[[4778,4758],[35,103]],[[4942,4832],[-50,0]],[[4834,4857],[23,11]],[[4876,4854],[9,5]],[[4896,4850],[0,4]],[[4957,4843],[-15,-11]],[[4942,4832],[10,16]],[[4887,4849],[9,1]],[[4896,4850],[-2,-7]],[[4892,4833],[0,-1]],[[4892,4832],[-8,-22]],[[4871,4874],[13,6]],[[5837,4564],[2,3]],[[4847,4720],[-8,-30]],[[4839,4690],[8,30]],[[4913,4855],[-21,-22]],[[4892,4833],[2,10]],[[4894,4843],[12,10]],[[4700,5151],[4,3]],[[4931,5091],[-10,-19]],[[4910,5087],[21,4]],[[4864,4692],[-17,0]],[[4847,4692],[17,0]],[[4980,4840],[11,-4]],[[4991,4836],[-34,7]],[[4957,4843],[1,2]],[[4849,4725],[11,38]],[[4860,4763],[-11,-38]],[[5174,4777],[-5,7]],[[5225,4768],[13,-8]],[[4906,4853],[-1,3]],[[4982,4842],[-2,-2]],[[4980,4840],[-22,5]],[[4958,4845],[-6,3]],[[4952,4848],[-39,7]],[[4913,4855],[-7,-2]],[[4868,4757],[-5,22]],[[4863,4779],[18,2]],[[4881,4781],[0,-27]],[[4881,4754],[-13,3]],[[4897,5083],[13,4]],[[4910,5087],[11,-15]],[[4921,5072],[-15,-9]],[[5238,4760],[-14,-19]],[[5213,4765],[25,-5]],[[4897,5083],[9,-20]],[[4906,5063],[15,-34]],[[4921,5029],[4,-30]],[[4925,4999],[-30,63]],[[4895,5063],[0,-1]],[[4895,5062],[-4,10]],[[4891,5072],[6,11]],[[4911,4860],[-6,-4]],[[4905,4856],[-9,-2]],[[4896,4854],[-11,5]],[[4885,4859],[-4,6]],[[4878,4867],[6,11]],[[4891,4875],[7,-3]],[[4878,4849],[9,0]],[[4887,4849],[-3,-39]],[[4884,4810],[-17,4]],[[5209,4746],[15,-5]],[[5224,4741],[-43,-1]],[[5845,4577],[37,61]],[[4704,5154],[30,-12]],[[4734,5142],[-1,-1]],[[4733,5141],[-33,10]],[[4700,5151],[4,3]],[[4990,4887],[17,-5]],[[5007,4882],[-25,-40]],[[4982,4842],[-24,9]],[[4952,4853],[-23,8]],[[5174,4777],[39,-12]],[[5213,4765],[-4,-19]],[[5209,4746],[-28,-6]],[[5181,4740],[-7,37]],[[5225,4768],[-56,16]],[[5169,4784],[56,-16]],[[4813,4861],[21,-4]],[[4834,4857],[23,11]],[[4857,4868],[14,6]],[[4871,4874],[7,-7]],[[4878,4867],[3,-2]],[[4881,4865],[-5,-11]],[[4876,4854],[2,-5]],[[4878,4849],[-11,-35]],[[4867,4814],[-4,10]],[[4863,4824],[-17,-13]],[[4846,4811],[-3,-5]],[[4843,4806],[-58,-49]],[[4785,4757],[-7,1]],[[4778,4758],[35,103]],[[5926,4644],[-125,-216]],[[5800,4428],[-17,2]],[[5869,4548],[3,4]],[[5775,4445],[55,106]],[[5783,4430],[-3,0]],[[5779,4430],[-4,15]],[[5775,4445],[55,106]],[[5830,4551],[7,13]],[[5837,4564],[32,-16]],[[5869,4548],[-86,-118]],[[4884,4880],[106,7]],[[4990,4887],[-32,-36]],[[4958,4851],[-6,2]],[[4952,4853],[-23,8]],[[4929,4861],[-18,-1]],[[4911,4860],[-12,12]],[[4898,4872],[1,0]],[[4899,4872],[-8,3]],[[4891,4875],[-7,3]],[[4884,4878],[0,2]],[[5872,4552],[-33,15]],[[5839,4567],[6,10]],[[5845,4577],[37,61]],[[5882,4638],[44,6]],[[5926,4644],[-54,-92]],[[4541,6964],[1,1]],[[4542,6965],[21,16]],[[4563,6981],[0,0]],[[4563,6981],[2,-1]],[[4565,6980],[1,0]],[[4566,6980],[1,-1]],[[4567,6979],[4,0]],[[4592,6941],[-51,23]],[[4600,6713],[11,-5]],[[4571,6979],[2,0]],[[4573,6979],[11,-6]],[[4584,6973],[2,-2]],[[4586,6971],[2,-2]],[[4605,6956],[4,-3]],[[4609,6953],[1,0]],[[4610,6953],[-18,-12]],[[4592,6941],[-21,38]],[[4404,6605],[-15,44]],[[4438,6594],[-34,-16]],[[4484,6650],[-46,-10]],[[4605,6956],[-16,12]],[[4589,6968],[-1,1]],[[4588,6969],[14,-11]],[[4602,6958],[1,0]],[[4603,6958],[2,-2]],[[4547,6691],[64,17]],[[4611,6708],[-94,-48]],[[4404,6578],[-6,10]],[[4422,6622],[16,-28]],[[4438,6594],[-34,-16]],[[4553,6744],[-11,4]],[[4549,6757],[7,-7]],[[4538,6693],[-17,5]],[[4528,6799],[-3,-6]],[[4417,6633],[-28,16]],[[4389,6649],[21,17]],[[4448,6676],[16,41]],[[4477,6758],[76,68]],[[4484,6650],[-41,-5]],[[4451,6650],[32,6]],[[4483,6656],[1,-6]],[[4487,6662],[-4,-6]],[[4483,6656],[-33,-6]],[[4531,6738],[-3,-5]],[[4507,6763],[6,8]],[[4535,6798],[19,-24]],[[4543,6763],[-25,4]],[[4477,6758],[-13,-41]],[[4464,6717],[-16,-41]],[[4448,6676],[-38,-10]],[[4410,6666],[67,92]],[[4535,6798],[-17,-31]],[[4518,6767],[-5,4]],[[4513,6771],[12,22]],[[4525,6793],[3,6]],[[4528,6799],[25,27]],[[4553,6826],[-18,-28]],[[4553,6744],[3,6]],[[4556,6750],[44,-37]],[[4600,6713],[-49,-18]],[[4520,6718],[4,5]],[[4531,6734],[22,10]],[[4505,6749],[-12,-27]],[[4476,6676],[-25,-26]],[[4451,6650],[-1,0]],[[4450,6650],[-7,-5]],[[4443,6645],[-5,-5]],[[4438,6640],[-16,-18]],[[4422,6622],[-24,-34]],[[4398,6588],[6,17]],[[4404,6605],[13,28]],[[4417,6633],[90,130]],[[4507,6763],[5,-5]],[[4512,6758],[13,-23]],[[4501,6719],[4,30]],[[4505,6749],[7,9]],[[4731,6637],[46,-26],[-93,-76],[4,99],[43,3]],[[4507,6659],[-2,-1]],[[4497,6658],[-2,2]],[[4492,6787],[-5,3],[11,10],[4,-10],[-10,-3]],[[4529,6735],[2,3]],[[4531,6738],[12,25]],[[4543,6763],[11,11]],[[4554,6774],[-5,-17]],[[4549,6757],[-7,-9]],[[4542,6748],[-13,-13]],[[4531,6734],[-7,-11]],[[4524,6723],[-4,-5]],[[4520,6718],[31,-23]],[[4551,6695],[-4,-4]],[[4547,6691],[-9,2]],[[4538,6693],[-17,5]],[[4521,6698],[-4,-38]],[[4517,6660],[-19,-4]],[[4498,6657],[7,1]],[[4505,6658],[2,1]],[[4507,6659],[-1,42]],[[4508,6706],[17,29]],[[4525,6735],[3,-2]],[[4528,6733],[1,2]],[[4529,6735],[0,0]],[[4529,6735],[2,-1]],[[4506,6701],[-11,-41]],[[4495,6660],[2,-2]],[[4497,6658],[1,-1]],[[4498,6657],[0,-1]],[[4498,6656],[-11,6]],[[4487,6662],[-11,14]],[[4476,6676],[17,46]],[[4493,6722],[8,-3]],[[4501,6719],[7,-13]],[[4508,6706],[-2,-5]],[[4584,7553],[-31,14]],[[4585,7557],[-1,-4]],[[4584,7553],[-31,14]],[[4553,7567],[-1,7]],[[4409,7620],[-22,5]],[[4354,7632],[12,-1]],[[4377,7618],[1,-3]],[[4382,7628],[-5,-10]],[[4377,7618],[-11,13]],[[4366,7631],[5,5]],[[4351,7640],[0,-7]],[[4363,7645],[19,12]],[[4389,7657],[6,-27]],[[4389,7657],[6,-27]],[[4395,7630],[14,-10]],[[4409,7620],[-22,5]],[[4387,7625],[-5,3]],[[4382,7628],[-11,8]],[[4371,7636],[-8,9]],[[4363,7645],[19,12]],[[4382,7657],[7,0]],[[4598,7664],[19,-20]],[[4598,7664],[19,-20]],[[4617,7644],[-32,-87]],[[4585,7557],[-33,17]],[[4552,7574],[46,90]],[[4588,7613],[-9,-5],[-7,-18],[25,29],[-9,-6]],[[4226,7657],[-6,4]],[[4252,7660],[-26,-3]],[[4226,7657],[4,9]],[[4239,7671],[17,-9]],[[4314,7654],[29,-9]],[[4239,7671],[-9,-5]],[[4230,7666],[-5,4]],[[4224,7678],[2,2]],[[4294,7688],[-4,-26]],[[4293,7688],[-7,-2]],[[4220,7661],[-38,45]],[[4225,7679],[-1,-1]],[[4224,7678],[1,-8]],[[4225,7670],[-5,-9]],[[4232,7713],[-2,-11]],[[4252,7712],[2,5]],[[4255,7718],[12,11]],[[4266,7736],[45,-45]],[[4250,7740],[4,-4]],[[4268,7730],[-13,-12]],[[4244,7726],[-7,5]],[[4252,7739],[-2,1]],[[4250,7740],[-13,-9]],[[4237,7731],[1,-1]],[[4199,7763],[6,2]],[[4224,7784],[5,0]],[[4268,7782],[25,-10]],[[4180,7759],[0,4]],[[4193,7785],[31,-1]],[[4224,7784],[-19,-19]],[[4205,7765],[-10,-3]],[[4235,7785],[33,-3]],[[4268,7782],[25,-10]],[[4293,7772],[-27,-36]],[[4193,7785],[-13,-22]],[[4180,7763],[0,-4]],[[4180,7759],[15,3]],[[4195,7762],[4,1]],[[4199,7763],[39,-33]],[[4238,7730],[6,-4]],[[4244,7726],[11,-8]],[[4255,7718],[-1,-1]],[[4254,7717],[-22,-4]],[[4232,7713],[-2,-11]],[[4230,7702],[22,10]],[[4252,7712],[15,17]],[[4267,7729],[1,1]],[[4268,7730],[-14,6]],[[4254,7736],[-2,3]],[[4252,7739],[-23,45]],[[4229,7784],[6,1]],[[4235,7785],[31,-49]],[[4266,7736],[45,-45]],[[4311,7691],[-17,-3]],[[4294,7688],[-1,0]],[[4293,7688],[-7,-2]],[[4286,7686],[4,-24]],[[4290,7662],[24,-8]],[[4314,7654],[29,-9]],[[4343,7645],[8,-5]],[[4351,7640],[0,-7]],[[4351,7633],[3,-1]],[[4354,7632],[24,-17]],[[4378,7615],[-116,42]],[[4256,7662],[-17,9]],[[4239,7671],[-13,9]],[[4226,7680],[-1,-1]],[[4225,7679],[-43,27]],[[4182,7706],[11,79]],[[4267,7661],[13,-7],[3,7],[-9,3],[-7,-3]],[[4292,7658],[39,-30],[6,9],[-18,10],[-27,11]],[[4555,7955],[19,7]],[[4252,7660],[4,2]],[[4256,7662],[0,0]],[[4256,7662],[6,-5]],[[4262,7657],[-10,3]],[[4574,7962],[-19,-7]],[[4555,7955],[19,7]],[[6100,6654],[-59,-35],[-20,41],[43,33],[36,-39]],[[6321,6787],[0,-40]],[[6290,6794],[-40,-50]],[[6233,6751],[-11,-9]],[[6195,6771],[27,-29]],[[6222,6742],[99,5]],[[6321,6747],[-143,57]],[[6321,6790],[0,-3]],[[6321,6787],[-32,4]],[[6290,6791],[-1,0]],[[6289,6791],[1,3]],[[6290,6794],[-4,8]],[[6275,6812],[2,4]],[[6275,6812],[11,-10]],[[6286,6802],[-91,-31]],[[6195,6771],[-17,33]],[[6178,6804],[97,8]],[[6316,6821],[-12,-2]],[[6302,6832],[27,11]],[[6302,6832],[2,-13]],[[6304,6819],[-27,-3]],[[6277,6816],[25,16]],[[6321,6790],[-5,31]],[[6316,6821],[13,22]],[[6329,6843],[-8,-53]],[[6250,6744],[-17,7]],[[6233,6751],[17,-7]],[[8305,7364],[28,-21],[0,-26],[-80,47],[52,0]],[[8402,7641],[24,16]],[[8387,7603],[-123,49]],[[8024,7659],[2,20],[19,21],[11,-38],[-32,-3]],[[8158,7690],[-40,0]],[[8159,7695],[-41,-5]],[[8118,7690],[-34,-1]],[[8024,7659],[48,62]],[[8072,7721],[12,-32]],[[8084,7689],[-86,-9]],[[8041,7704],[-17,-45]],[[8072,7721],[-31,-17]],[[8044,7739],[-20,-21]],[[7998,7680],[-25,81]],[[7976,7758],[48,-40]],[[8024,7718],[17,-14]],[[8041,7704],[-43,-24]],[[8402,7641],[24,16]],[[8426,7657],[88,-214],[-127,160]],[[8387,7603],[-123,49]],[[8264,7652],[-106,38]],[[8158,7690],[1,5]],[[8159,7695],[-87,26]],[[8072,7721],[-28,18]],[[8044,7739],[-68,19]],[[7976,7758],[-3,3]],[[7973,7761],[429,-120]],[[5908,4681],[8,-3],[-1,-1],[-27,10],[20,-6]],[[5970,4693],[-25,-17]],[[5918,4685],[1,113]],[[5926,4800],[42,-11]],[[6049,4908],[8,69]],[[6061,4982],[40,-7]],[[6195,5056],[-15,-70]],[[6180,4986],[-210,-293]],[[5970,4693],[-25,-17]],[[5945,4676],[-27,9]],[[5918,4685],[1,113]],[[5919,4798],[7,2]],[[5926,4800],[42,-11]],[[5968,4789],[81,119]],[[6049,4908],[8,69]],[[6057,4977],[4,5]],[[6061,4982],[40,-7]],[[6101,4975],[94,81]],[[6195,5056],[-15,-70]],[[6258,5139],[36,-18],[-71,-76],[-31,40],[66,54]],[[6119,4961],[12,-23],[-39,-9],[6,32],[21,0]],[[5777,6453],[76,-69]],[[5747,6336],[34,-35],[-32,-24],[-47,31],[45,28]],[[5674,6974],[56,-10]],[[5710,6881],[-16,57]],[[5674,6974],[34,-11]],[[5668,6953],[6,21]],[[5710,6881],[20,83]],[[5730,6964],[-20,-83]],[[5708,6963],[-14,-25]],[[5694,6938],[-26,15]],[[5668,6953],[40,10]],[[5716,6832],[-28,-20],[37,-78],[-56,88],[47,10]],[[5843,6625],[10,-29],[-62,-22],[0,49],[52,2]],[[5777,6453],[76,-69]],[[5853,6384],[-76,69]],[[5542,6385],[-11,19],[41,23],[13,-43],[-43,1]],[[6489,6073],[-85,-6]],[[6429,6078],[49,7]],[[6578,6121],[41,-69]],[[6642,6085],[-61,50]],[[6580,5950],[-24,15]],[[6441,6137],[70,40]],[[6362,6084],[-3,0]],[[6359,6084],[-2,2]],[[6357,6086],[-1,1]],[[6356,6087],[-1,-2]],[[6355,6085],[-1,0]],[[6354,6085],[-5,-2]],[[6349,6083],[-1,0]],[[6348,6083],[-2,-1]],[[6346,6082],[0,1]],[[6346,6083],[95,54]],[[6441,6137],[70,10]],[[6546,6161],[17,-21]],[[6436,6084],[-9,-4]],[[6391,6074],[-10,10]],[[6381,6084],[-1,0]],[[6380,6084],[-5,3]],[[6375,6087],[-1,0]],[[6374,6087],[-3,0]],[[6371,6087],[-3,0]],[[6368,6087],[-6,-3]],[[6478,6085],[11,-12]],[[6489,6073],[-11,12]],[[6537,6100],[-52,1]],[[6624,5931],[-30,12]],[[6585,5951],[-5,-1]],[[6580,5950],[-24,15]],[[6556,5965],[39,22]],[[6634,5989],[34,-37]],[[6544,6102],[75,-50]],[[6619,6052],[23,-34]],[[6604,5998],[-63,103]],[[6789,5660],[20,-4]],[[6811,5655],[47,6]],[[6832,5643],[-39,-15]],[[6789,5660],[9,-5]],[[6805,5642],[-12,-14]],[[6793,5628],[-4,32]],[[6805,5642],[-7,13]],[[6798,5655],[11,1]],[[6809,5656],[2,-1]],[[6811,5655],[-6,-13]],[[6832,5643],[26,18]],[[6858,5661],[-26,-18]],[[6391,6074],[36,6]],[[6427,6080],[2,-2]],[[6429,6078],[-25,-11]],[[6404,6067],[-13,7]],[[6528,6129],[35,11]],[[6563,6140],[4,-11]],[[6544,6102],[-3,-1]],[[6541,6101],[-4,-1]],[[6537,6100],[-52,1]],[[6485,6101],[-49,-17]],[[6436,6084],[78,38]],[[6546,6161],[-35,-14]],[[6511,6147],[0,30]],[[6511,6177],[35,-16]],[[6604,5998],[38,20]],[[6642,6018],[-8,-29]],[[6634,5989],[-39,-2]],[[6595,5987],[9,11]],[[6594,5943],[-9,8]],[[6585,5951],[57,-12]],[[6635,5936],[-41,7]],[[6528,6129],[-14,-7]],[[6514,6122],[14,7]],[[6624,5931],[11,5]],[[6635,5936],[7,3]],[[6642,5939],[26,13]],[[6668,5952],[-44,-21]],[[5990,6237],[5,21],[47,7],[19,-45],[-71,17]],[[6559,6461],[-22,-19],[-45,37],[63,20],[4,-38]],[[6566,6169],[75,27]],[[6648,6110],[9,-9]],[[6642,6085],[-2,20]],[[6701,6112],[-12,-37]],[[6641,6196],[22,-35]],[[6646,6178],[-5,18]],[[6566,6169],[80,9]],[[6646,6178],[17,-17]],[[6663,6161],[-15,-51]],[[6648,6110],[-8,-5]],[[6640,6105],[-59,30]],[[6581,6135],[-15,34]],[[6701,6112],[-12,-37]],[[6689,6075],[-47,10]],[[6642,6085],[15,16]],[[6657,6101],[44,11]],[[7025,5783],[-66,-59],[-62,-20],[219,144],[-91,-65]],[[6544,6102],[23,27]],[[6567,6129],[11,-8]],[[6578,6121],[-34,-19]],[[5365,3457],[-47,64]],[[5331,3589],[-22,9],[-15,28],[78,-35],[-41,-2]],[[5365,3457],[-47,64]],[[5318,3521],[-36,90],[127,-37],[-44,-117]],[[5330,3573],[9,-35],[22,0],[3,10],[-34,25]],[[5141,3851],[13,34]],[[5152,3896],[-2,18]],[[5155,3920],[25,-71]],[[5242,3766],[-62,-31]],[[5186,3797],[25,-2]],[[5174,3744],[-17,53]],[[5058,3732],[-94,-15]],[[4992,3908],[54,-46]],[[5594,3957],[15,-2]],[[5558,3704],[34,253]],[[5538,3699],[0,-4],[2,0],[0,4],[-2,0]],[[5155,3920],[25,-71]],[[5180,3849],[62,-83]],[[5242,3766],[-31,29]],[[5211,3795],[-25,2]],[[5186,3797],[-6,-62]],[[5180,3735],[-6,9]],[[5174,3744],[-17,53]],[[5157,3797],[-16,54]],[[5141,3851],[13,34]],[[5154,3885],[-2,11]],[[5152,3896],[-2,18]],[[5150,3914],[5,6]],[[4945,3814],[103,-72]],[[4960,3767],[-44,27]],[[5610,3955],[-52,-251]],[[5558,3704],[52,251]],[[4945,3814],[103,-72]],[[5048,3742],[10,-10]],[[5058,3732],[-57,18]],[[4981,3763],[-47,41]],[[4930,3820],[15,-6]],[[4981,3763],[20,-13]],[[5001,3750],[-37,-33]],[[4964,3717],[-4,50]],[[4960,3767],[21,-4]],[[5046,3862],[-54,46]],[[4992,3908],[54,-46]],[[4901,3832],[1,0]],[[4902,3832],[0,-4]],[[4902,3828],[0,-5]],[[4902,3823],[0,-1]],[[4902,3822],[1,-2]],[[4903,3820],[1,-4]],[[4904,3816],[4,-6]],[[4908,3810],[2,-1]],[[4910,3809],[20,11]],[[4930,3820],[4,-16]],[[4934,3804],[-18,-10]],[[4916,3794],[-39,12]],[[4877,3806],[0,1]],[[4877,3807],[19,22]],[[4896,3829],[0,2]],[[4896,3831],[2,1]],[[4898,3832],[1,0]],[[4899,3832],[2,0]],[[5610,3955],[-1,0]],[[5609,3955],[-15,2]],[[5594,3957],[-2,0]],[[5592,3957],[2,77]],[[5638,4027],[-28,-72]],[[5642,4036],[-4,-9]],[[5638,4027],[-44,7]],[[5594,4034],[27,24]],[[5642,4036],[-21,22]],[[5621,4058],[5,26]],[[5653,4076],[-11,-40]],[[5662,4099],[-9,-23]],[[5653,4076],[-27,8]],[[5626,4084],[3,17]],[[5662,4099],[-33,2]],[[5629,4101],[-24,188],[57,-190]],[[5779,4430],[1,0]],[[5780,4430],[20,-2]],[[5800,4428],[1,0]],[[5801,4428],[-126,-191],[104,193]],[[5218,1824],[47,19]],[[5218,1824],[-20,3]],[[5273,1852],[-8,-9]],[[5265,1843],[-47,-19]],[[5218,1824],[-10,3]],[[5360,1865],[-24,-30]],[[5249,1894],[86,35]],[[5081,1864],[37,64]],[[5130,1916],[0,-1]],[[5130,1915],[-12,13]],[[5118,1928],[68,-103],[-105,39]],[[5081,1864],[63,17]],[[5144,1881],[-1,0]],[[5143,1881],[-13,34]],[[5360,1865],[-24,-30]],[[5336,1835],[-22,21]],[[5339,1925],[21,-60]],[[5280,1868],[34,-12]],[[5314,1856],[-41,-4]],[[5273,1852],[-22,5]],[[5269,1872],[66,57]],[[5335,1929],[4,-4]],[[5339,1925],[-59,-56]],[[5280,1868],[0,1]],[[5280,1869],[-5,2]],[[5269,1866],[-18,-9]],[[5251,1857],[-43,-30]],[[5208,1827],[-6,0]],[[5234,1872],[15,22]],[[5249,1894],[20,-22]],[[5269,1872],[6,-1]],[[5275,1871],[-6,-5]],[[5269,1866],[-6,3]],[[5263,1869],[-61,-42]],[[5202,1827],[-4,0]],[[5198,1827],[36,45]],[[5234,1872],[29,-3]]]}