{"type":"Topology","objects":{"data":{"geometries":[{"properties":{"zone":5},"type":"Polygon","arcs":[[-3,0,-30,1]],"id":"feature_000"},{"properties":{"zone":1},"type":"Polygon","arcs":[[2,3]],"id":"feature_001"},{"properties":{"zone":3},"type":"Polygon","arcs":[[-13,4,-11,5,-9,6]],"id":"feature_002"},{"properties":{"zone":1},"type":"Polygon","arcs":[[7,8,9,10,11,12,13,-17]],"id":"feature_003"},{"properties":{"zone":3},"type":"Polygon","arcs":[[14,-19,15,16]],"id":"feature_004"},{"properties":{"zone":4},"type":"Polygon","arcs":[[-22,17,18,19]],"id":"feature_005"},{"properties":{"zone":1},"type":"Polygon","arcs":[[20,21,22,-28,23,-26]],"id":"feature_006"},{"properties":{"zone":5},"type":"Polygon","arcs":[[-32,24,25,26,27,28]],"id":"feature_007"},{"properties":{"zone":10},"type":"Polygon","arcs":[[29,30,31,32]],"id":"feature_008"},{"properties":{"zone":11},"type":"Polygon","arcs":[[33,-36]],"id":"feature_009"},{"properties":{"zone":11},"type":"Polygon","arcs":[[34]],"id":"feature_010"},{"properties":{"zone":8},"type":"Polygon","arcs":[[-38,-40]],"id":"feature_011"},{"properties":{"zone":3},"type":"Polygon","arcs":[[35,36,-41,37,-43,38]],"id":"feature_012"},{"properties":{"zone":5},"type":"Polygon","arcs":[[39,40,41,42]],"id":"feature_013"},{"properties":{"zone":5},"type":"Polygon","arcs":[[43,-48,-62]],"id":"feature_014"},{"properties":{"zone":5},"type":"Polygon","arcs":[[44,-60]],"id":"feature_015"},{"properties":{"zone":6},"type":"Polygon","arcs":[[-55,45,-53,46]],"id":"feature_016"},{"properties":{"zone":3},"type":"Polygon","arcs":[[-63,47,48,-51,49,-65,-58]],"id":"feature_017"},{"properties":{"zone":1},"type":"Polygon","arcs":[[50,51]],"id":"feature_018"},{"properties":{"zone":8},"type":"Polygon","arcs":[[52,53,54,55]],"id":"feature_019"},{"properties":{"zone":3},"type":"Polygon","arcs":[[56,-68]],"id":"feature_020"},{"properties":{"zone":5},"type":"Polygon","arcs":[[57,-64]],"id":"feature_021"},{"properties":{"zone":10},"type":"Polygon","arcs":[[-71,58,59,60,61,62,63,64,65,-144]],"id":"feature_022"},{"properties":{"zone":1},"type":"Polygon","arcs":[[-96,-146,66,67,68,-73]],"id":"feature_023"},{"properties":{"zone":11},"type":"Polygon","arcs":[[-111,-120,69,70,-143]],"id":"feature_024"},{"properties":{"zone":1},"type":"Polygon","arcs":[[-140,-75,71]],"id":"feature_025"},{"properties":{"zone":5},"type":"Polygon","arcs":[[72,73,-78,-97]],"id":"feature_026"},{"properties":{"zone":3},"type":"Polygon","arcs":[[74,-139,75]],"id":"feature_027"},{"properties":{"zone":1},"type":"Polygon","arcs":[[76,-88]],"id":"feature_028"},{"properties":{"zone":3},"type":"Polygon","arcs":[[125]],"id":"feature_029"},{"properties":{"zone":3},"type":"Polygon","arcs":[[124]],"id":"feature_030"},{"properties":{"zone":10},"type":"Polygon","arcs":[[77,78,-86,-100,-82,-98]],"id":"feature_031"},{"properties":{"zone":1},"type":"Polygon","arcs":[[-84,79]],"id":"feature_032"},{"properties":{"zone":5},"type":"Polygon","arcs":[[-92,80]],"id":"feature_033"},{"properties":{"zone":5},"type":"Polygon","arcs":[[81,-99]],"id":"feature_034"},{"properties":{"zone":3},"type":"Polygon","arcs":[[82,83]],"id":"feature_035"},{"properties":{"zone":11},"type":"Polygon","arcs":[[-90,84]],"id":"feature_036"},{"properties":{"zone":5},"type":"Polygon","arcs":[[85,86,87,88,89,-102,-101]],"id":"feature_037"},{"properties":{"zone":3},"type":"Polygon","arcs":[[90,-137]],"id":"feature_038"},{"properties":{"zone":10},"type":"Polygon","arcs":[[91,92,-118,93]],"id":"feature_039"},{"properties":{"zone":10},"type":"Polygon","arcs":[[94,-104,-107]],"id":"feature_040"},{"properties":{"zone":8},"type":"Polygon","arcs":[[95,96,97,98,99,100,-127,-147]],"id":"feature_041"},{"properties":{"zone":3},"type":"Polygon","arcs":[[101,102,-128]],"id":"feature_042"},{"properties":{"zone":1},"type":"Polygon","arcs":[[123]],"id":"feature_043"},{"properties":{"zone":1},"type":"Polygon","arcs":[[122]],"id":"feature_044"},{"properties":{"zone":11},"type":"Polygon","arcs":[[-483,-108,103,104,-113]],"id":"feature_045"},{"properties":{"zone":5},"type":"Polygon","arcs":[[105,106,107,-482]],"id":"feature_046"},{"properties":{"zone":1},"type":"Polygon","arcs":[[-132,-150,108]],"id":"feature_047"},{"properties":{"zone":1},"type":"Polygon","arcs":[[-189,-135,-191,-110]],"id":"feature_048"},{"properties":{"zone":5},"type":"Polygon","arcs":[[109,-190]],"id":"feature_049"},{"properties":{"zone":10},"type":"Polygon","arcs":[[110,-142,-185,-167,-121]],"id":"feature_050"},{"properties":{"zone":10},"type":"Polygon","arcs":[[-116,111]],"id":"feature_051"},{"properties":{"zone":5},"type":"Polygon","arcs":[[112,113,-484]],"id":"feature_052"},{"properties":{"zone":10},"type":"Polygon","arcs":[[114,-155]],"id":"feature_053"},{"properties":{"zone":5},"type":"Polygon","arcs":[[115,116,117,118,119,120,-166,-160,121],[122],[123],[124],[125]],"id":"feature_054"},{"properties":{"zone":1},"type":"Polygon","arcs":[[126,127,128,-148]],"id":"feature_055"},{"properties":{"zone":3},"type":"Polygon","arcs":[[-134,129,-193]],"id":"feature_056"},{"properties":{"zone":1},"type":"Polygon","arcs":[[-131,-158,-173,-152]],"id":"feature_057"},{"properties":{"zone":5},"type":"Polygon","arcs":[[-159,130,-151,131,132,133,-192,134,-188,135,136,137,138,139,140,-186,141,142,143,144,145,146,147,148,-225]],"id":"feature_058"},{"properties":{"zone":5},"type":"Polygon","arcs":[[-168,-183]],"id":"feature_059"},{"properties":{"zone":4},"type":"Polygon","arcs":[[149,150,151,-172,152]],"id":"feature_060"},{"properties":{"zone":5},"type":"Polygon","arcs":[[153,154,155,-625,-177,-157,-486]],"id":"feature_061"},{"properties":{"zone":8},"type":"Polygon","arcs":[[-487,156,-176,-232]],"id":"feature_062"},{"properties":{"zone":8},"type":"Polygon","arcs":[[157,158,-224,-303,-180,-174]],"id":"feature_063"},{"properties":{"zone":10},"type":"Polygon","arcs":[[159,-165,160]],"id":"feature_064"},{"properties":{"zone":4},"type":"Polygon","arcs":[[-489,-231,-205]],"id":"feature_065"},{"properties":{"zone":4},"type":"Polygon","arcs":[[-163,-220,-201,-195,161]],"id":"feature_066"},{"properties":{"zone":5},"type":"Polygon","arcs":[[162,163,-170,-221]],"id":"feature_067"},{"properties":{"zone":8},"type":"Polygon","arcs":[[-234,-175,-242,-199]],"id":"feature_068"},{"properties":{"zone":9},"type":"Polygon","arcs":[[164,165,166,-184,167,-182,168]],"id":"feature_069"},{"properties":{"zone":6},"type":"Polygon","arcs":[[169,170,171,172,173,-179,-300,-214,-222]],"id":"feature_070"},{"properties":{"zone":9},"type":"Polygon","arcs":[[-243,174,-233,175,176,-624,-627,177,-197]],"id":"feature_071"},{"properties":{"zone":1},"type":"Polygon","arcs":[[178,179,-302,180]],"id":"feature_072"},{"properties":{"zone":8},"type":"Polygon","arcs":[[181,182,183,184,185,186,187,188,189,190,191,192,193,194,-200,-207,195]],"id":"feature_073"},{"properties":{"zone":8},"type":"Polygon","arcs":[[203]],"id":"feature_074"},{"properties":{"zone":9},"type":"Polygon","arcs":[[196,197,-244]],"id":"feature_075"},{"properties":{"zone":9},"type":"Polygon","arcs":[[198,-241,-211]],"id":"feature_076"},{"properties":{"zone":5},"type":"Polygon","arcs":[[199,200,-219,201,-208]],"id":"feature_077"},{"properties":{"zone":3},"type":"Polygon","arcs":[[202,-480,-215,-228],[203]],"id":"feature_078"},{"properties":{"zone":3},"type":"Polygon","arcs":[[-490,204,-230]],"id":"feature_079"},{"properties":{"zone":8},"type":"Polygon","arcs":[[205,206,207,208,-212]],"id":"feature_080"},{"properties":{"zone":9},"type":"Polygon","arcs":[[-246,209,-216]],"id":"feature_081"},{"properties":{"zone":8},"type":"Polygon","arcs":[[-235,210,-240,-252]],"id":"feature_082"},{"properties":{"zone":9},"type":"Polygon","arcs":[[211,212]],"id":"feature_083"},{"properties":{"zone":8},"type":"Polygon","arcs":[[213,-299,-223]],"id":"feature_084"},{"properties":{"zone":5},"type":"Polygon","arcs":[[214,-479,-248,-257,-229]],"id":"feature_085"},{"properties":{"zone":9},"type":"Polygon","arcs":[[-247,215,216,-282]],"id":"feature_086"},{"properties":{"zone":10},"type":"Polygon","arcs":[[217,218,219,220,221,222,-298,-237]],"id":"feature_087"},{"properties":{"zone":1},"type":"Polygon","arcs":[[-304,223,224,225]],"id":"feature_088"},{"properties":{"zone":10},"type":"Polygon","arcs":[[226,227,228,-256,-308]],"id":"feature_089"},{"properties":{"zone":5},"type":"Polygon","arcs":[[-236,-491,229,230,-488,231,232,233,234,-251]],"id":"feature_090"},{"properties":{"zone":7},"type":"Polygon","arcs":[[-492,235,-250,-289]],"id":"feature_091"},{"properties":{"zone":1},"type":"Polygon","arcs":[[236,-297,237,-295,238]],"id":"feature_092"},{"properties":{"zone":9},"type":"Polygon","arcs":[[-253,239,240,241,242,243,244,245,246,-281,-319,-249]],"id":"feature_093"},{"properties":{"zone":3},"type":"Polygon","arcs":[[247,-478,-258]],"id":"feature_094"},{"properties":{"zone":9},"type":"Polygon","arcs":[[-254,248,-318]],"id":"feature_095"},{"properties":{"zone":8},"type":"Polygon","arcs":[[-290,249,250,251,252,253,-317,-494]],"id":"feature_096"},{"properties":{"zone":8},"type":"Polygon","arcs":[[-284,254,-265,-268]],"id":"feature_097"},{"properties":{"zone":4},"type":"Polygon","arcs":[[255,256,257,-477,-309]],"id":"feature_098"},{"properties":{"zone":3},"type":"Polygon","arcs":[[258,-270,-357,-261]],"id":"feature_099"},{"properties":{"zone":6},"type":"Polygon","arcs":[[-264,259,260,-356]],"id":"feature_100"},{"properties":{"zone":8},"type":"Polygon","arcs":[[-306,261]],"id":"feature_101"},{"properties":{"zone":3},"type":"Polygon","arcs":[[262,263,-355,-267]],"id":"feature_102"},{"properties":{"zone":4},"type":"Polygon","arcs":[[-269,264,265,266,-354]],"id":"feature_103"},{"properties":{"zone":8},"type":"Polygon","arcs":[[-273,-276,-285,267,268,-353,-288]],"id":"feature_104"},{"properties":{"zone":5},"type":"Polygon","arcs":[[269,270,-312,-358]],"id":"feature_105"},{"properties":{"zone":8},"type":"Polygon","arcs":[[-278,-329,-272,-327]],"id":"feature_106"},{"properties":{"zone":8},"type":"Polygon","arcs":[[-280,-321]],"id":"feature_107"},{"properties":{"zone":8},"type":"Polygon","arcs":[[-279,-315]],"id":"feature_108"},{"properties":{"zone":5},"type":"Polygon","arcs":[[271,-328]],"id":"feature_109"},{"properties":{"zone":8},"type":"Polygon","arcs":[[272,-287,-324,-277]],"id":"feature_110"},{"properties":{"zone":1},"type":"Polygon","arcs":[[273,-293,274,-291]],"id":"feature_111"},{"properties":{"zone":5},"type":"Polygon","arcs":[[-286,275,276,-323]],"id":"feature_112"},{"properties":{"zone":4},"type":"Polygon","arcs":[[277,-330]],"id":"feature_113"},{"properties":{"zone":5},"type":"Polygon","arcs":[[-316,278,-314,-496]],"id":"feature_114"},{"properties":{"zone":9},"type":"Polygon","arcs":[[279,-320,280,281,282,283,284,285,-322]],"id":"feature_115"},{"properties":{"zone":4},"type":"Polygon","arcs":[[-325,286,287,-352]],"id":"feature_116"},{"properties":{"zone":5},"type":"Polygon","arcs":[[288,289,-493]],"id":"feature_117"},{"properties":{"zone":5},"type":"Polygon","arcs":[[290,291,292,293,294,295,296,297,298,299,300,301,302,303,304,305,306]],"id":"feature_118"},{"properties":{"zone":3},"type":"Polygon","arcs":[[307,308,-476,309]],"id":"feature_119"},{"properties":{"zone":5},"type":"Polygon","arcs":[[-337,-326]],"id":"feature_120"},{"properties":{"zone":5},"type":"Polygon","arcs":[[-360,-311]],"id":"feature_121"},{"properties":{"zone":3},"type":"Polygon","arcs":[[310,-359,311,312,-332,-361]],"id":"feature_122"},{"properties":{"zone":4},"type":"Polygon","arcs":[[-501,-372]],"id":"feature_123"},{"properties":{"zone":4},"type":"Polygon","arcs":[[-349,-398]],"id":"feature_124"},{"properties":{"zone":5},"type":"Polygon","arcs":[[-389,-342]],"id":"feature_125"},{"properties":{"zone":8},"type":"Polygon","arcs":[[-335,-374,-497,313,314,315,-495,316,317,318,319,320,321,322,323,324,-351,-334,-395,-338,325,-336,-390,-341,-331,-365,-339,-344,-376],[326,327,328,329]],"id":"feature_126"},{"properties":{"zone":5},"type":"Polygon","arcs":[[-366,330,-340,-387]],"id":"feature_127"},{"properties":{"zone":11},"type":"Polygon","arcs":[[-499,-373]],"id":"feature_128"},{"properties":{"zone":5},"type":"Polygon","arcs":[[-362,331,332,-345]],"id":"feature_129"},{"properties":{"zone":3},"type":"Polygon","arcs":[[-350,-396,333]],"id":"feature_130"},{"properties":{"zone":4},"type":"Polygon","arcs":[[334,-375]],"id":"feature_131"},{"properties":{"zone":8},"type":"Polygon","arcs":[[335,336,337,-394,-367,-460,-391]],"id":"feature_132"},{"properties":{"zone":5},"type":"Polygon","arcs":[[338,-364,-504]],"id":"feature_133"},{"properties":{"zone":8},"type":"Polygon","arcs":[[339,340,341,-388]],"id":"feature_134"},{"properties":{"zone":3},"type":"Polygon","arcs":[[-347,342,-474,-371]],"id":"feature_135"},{"properties":{"zone":8},"type":"Polygon","arcs":[[343,-503,-377]],"id":"feature_136"},{"properties":{"zone":1},"type":"Polygon","arcs":[[-363,344,345,-384]],"id":"feature_137"},{"properties":{"zone":5},"type":"Polygon","arcs":[[346,-370,347]],"id":"feature_138"},{"properties":{"zone":8},"type":"Polygon","arcs":[[-399,348,-397,349,350,351,352,353,354,355,356,357,358,359,360,361,362,-383,-416]],"id":"feature_139"},{"properties":{"zone":8},"type":"Polygon","arcs":[[363,364,365,-386,-433,-505]],"id":"feature_140"},{"properties":{"zone":10},"type":"Polygon","arcs":[[-461,366,-393,-368]],"id":"feature_141"},{"properties":{"zone":11},"type":"Polygon","arcs":[[367,-392,-462]],"id":"feature_142"},{"properties":{"zone":6},"type":"Polygon","arcs":[[368,369,370,-473,-405,-379]],"id":"feature_143"},{"properties":{"zone":5},"type":"Polygon","arcs":[[371,-500,372,-498,373,374,375,376,-502]],"id":"feature_144"},{"properties":{"zone":1},"type":"Polygon","arcs":[[-414,-402,377,-400]],"id":"feature_145"},{"properties":{"zone":5},"type":"Polygon","arcs":[[378,-404,379,423,380]],"id":"feature_146"},{"properties":{"zone":3},"type":"Polygon","arcs":[[381,-470]],"id":"feature_147"},{"properties":{"zone":5},"type":"Polygon","arcs":[[-417,382,383,384,-407]],"id":"feature_148"},{"properties":{"zone":3},"type":"Polygon","arcs":[[385,386,387,388,389,390,-459,-434]],"id":"feature_149"},{"properties":{"zone":5},"type":"Polygon","arcs":[[391,392,393,394,395,396,397,398,-415,399,400,401,-413,-427,-463]],"id":"feature_150"},{"properties":{"zone":5},"type":"Polygon","arcs":[[421,402]],"id":"feature_151"},{"properties":{"zone":3},"type":"Polygon","arcs":[[403,404,-472,405]],"id":"feature_152"},{"properties":{"zone":3},"type":"Polygon","arcs":[[406,407,-418]],"id":"feature_153"},{"properties":{"zone":3},"type":"Polygon","arcs":[[-411,408]],"id":"feature_154"},{"properties":{"zone":5},"type":"Polygon","arcs":[[419,409]],"id":"feature_155"},{"properties":{"zone":6},"type":"Polygon","arcs":[[410,411,-532,-428,412,413,414,415,416,417,418]],"id":"feature_156"},{"properties":{"zone":11},"type":"Polygon","arcs":[[419,420,421,422,423,424]],"id":"feature_157"},{"properties":{"zone":4},"type":"Polygon","arcs":[[-457,-435]],"id":"feature_158"},{"properties":{"zone":1},"type":"Polygon","arcs":[[425,-534]],"id":"feature_159"},{"properties":{"zone":10},"type":"Polygon","arcs":[[426,427,-531,-464]],"id":"feature_160"},{"properties":{"zone":6},"type":"Polygon","arcs":[[428,-536]],"id":"feature_161"},{"properties":{"zone":3},"type":"Polygon","arcs":[[-446,429,-436]],"id":"feature_162"},{"properties":{"zone":3},"type":"Polygon","arcs":[[-444,430]],"id":"feature_163"},{"properties":{"zone":3},"type":"Polygon","arcs":[[431,-438]],"id":"feature_164"},{"properties":{"zone":5},"type":"Polygon","arcs":[[432,433,-458,434,-456,-447,435,436,437,438,-506]],"id":"feature_165"},{"properties":{"zone":4},"type":"Polygon","arcs":[[-466,-442,-440]],"id":"feature_166"},{"properties":{"zone":3},"type":"Polygon","arcs":[[-467,439,-441]],"id":"feature_167"},{"properties":{"zone":5},"type":"Polygon","arcs":[[-468,440,441,-465,-514]],"id":"feature_168"},{"properties":{"zone":1},"type":"Polygon","arcs":[[442,443,444,445,446,-455,-451]],"id":"feature_169"},{"properties":{"zone":10},"type":"Polygon","arcs":[[539]],"id":"feature_170"},{"properties":{"zone":1},"type":"Polygon","arcs":[[447,-538]],"id":"feature_171"},{"properties":{"zone":3},"type":"Polygon","arcs":[[448,-508,449,450,-454,-452,-510]],"id":"feature_172"},{"properties":{"zone":5},"type":"Polygon","arcs":[[-511,451,-453,-529,-526]],"id":"feature_173"},{"properties":{"zone":6},"type":"Polygon","arcs":[[452,453,454,455,456,457,458,459,460,461,462,463,-530]],"id":"feature_174"},{"properties":{"zone":10},"type":"Polygon","arcs":[[-515,464,465,466,467,-513,468,469,470,471,472,473,474,475,476,477,478,479,480,481,482,483,484,485,486,487,488,489,490,491,492,493,494,495,496,497,498,499,500,501,502,503,504,505,506,507,508,509,510,-525,511,-545]],"id":"feature_175"},{"properties":{"zone":3},"type":"Polygon","arcs":[[512,513,514,-544,515,-521,516,-519,517]],"id":"feature_176"},{"properties":{"zone":1},"type":"Polygon","arcs":[[518,519,520,521,-542,522,-547,-548,523]],"id":"feature_177"},{"properties":{"zone":3},"type":"Polygon","arcs":[[524,525,-528,526]],"id":"feature_178"},{"properties":{"zone":5},"type":"Polygon","arcs":[[527,528,529,530,531,532,533,534,535,536,537,538],[539]],"id":"feature_179"},{"properties":{"zone":5},"type":"Polygon","arcs":[[540,541,542,543,544,545,-549,546]],"id":"feature_180"},{"properties":{"zone":3},"type":"Polygon","arcs":[[547,548,549]],"id":"feature_181"},{"properties":{"zone":3},"type":"Polygon","arcs":[[-559,550]],"id":"feature_182"},{"properties":{"zone":8},"type":"Polygon","arcs":[[551,-557,-554]],"id":"feature_183"},{"properties":{"zone":5},"type":"Polygon","arcs":[[552,553,-556,-562]],"id":"feature_184"},{"properties":{"zone":11},"type":"Polygon","arcs":[[554,-590]],"id":"feature_185"},{"properties":{"zone":10},"type":"Polygon","arcs":[[-563,555,556,557,558,559,-600,-579]],"id":"feature_186"},{"properties":{"zone":1},"type":"Polygon","arcs":[[-593,-564,-577]],"id":"feature_187"},{"properties":{"zone":3},"type":"Polygon","arcs":[[-592,560,561,562,-578,563]],"id":"feature_188"},{"properties":{"zone":5},"type":"Polygon","arcs":[[-567,-586,564,-584,565,-582]],"id":"feature_189"},{"properties":{"zone":1},"type":"Polygon","arcs":[[-587,566,-581,-615,567,-613,-569]],"id":"feature_190"},{"properties":{"zone":3},"type":"Polygon","arcs":[[-588,568,-612,-571,569]],"id":"feature_191"},{"properties":{"zone":1},"type":"Polygon","arcs":[[570,-611,571]],"id":"feature_192"},{"properties":{"zone":3},"type":"Polygon","arcs":[[572,-574]],"id":"feature_193"},{"properties":{"zone":5},"type":"Polygon","arcs":[[573,574,-602,575]],"id":"feature_194"},{"properties":{"zone":5},"type":"Polygon","arcs":[[-597,-594,576,577,578,-606,-1830,579]],"id":"feature_195"},{"properties":{"zone":10},"type":"Polygon","arcs":[[580,581,582,583,584,585,586,587,588,589,590,591,592,593,-596,594,-607]],"id":"feature_196"},{"properties":{"zone":3},"type":"Polygon","arcs":[[595,596,597,-1828,598]],"id":"feature_197"},{"properties":{"zone":11},"type":"Polygon","arcs":[[599,600,601,602,-1812,603,-1810,604,605]],"id":"feature_198"},{"properties":{"zone":5},"type":"Polygon","arcs":[[606,607,-619,608,-617,609,610,611,612,613,614]],"id":"feature_199"},{"properties":{"zone":3},"type":"Polygon","arcs":[[615,616,617,618,619,-621]],"id":"feature_200"},{"properties":{"zone":10},"type":"Polygon","arcs":[[620,621]],"id":"feature_201"},{"properties":{"zone":12},"type":"Polygon","arcs":[[622]],"id":"feature_202"},{"properties":{"zone":8},"type":"Polygon","arcs":[[-628,623,624,625]],"id":"feature_203"},{"properties":{"zone":8},"type":"Polygon","arcs":[[626,627,628]],"id":"feature_204"},{"properties":{"zone":5},"type":"Polygon","arcs":[[629,-636,-635,634,-634]],"id":"feature_205"},{"properties":{"zone":5},"type":"Polygon","arcs":[[-632,630]],"id":"feature_206"},{"properties":{"zone":3},"type":"Polygon","arcs":[[631,632,633,-635,634,635,636]],"id":"feature_207"},{"properties":{"zone":8},"type":"Polygon","arcs":[[-764,-646]],"id":"feature_208"},{"properties":{"zone":5},"type":"Polygon","arcs":[[637,-759,-640,-655]],"id":"feature_209"},{"properties":{"zone":1},"type":"Polygon","arcs":[[638,-642]],"id":"feature_210"},{"properties":{"zone":5},"type":"Polygon","arcs":[[639,-761,640,641,642,-656]],"id":"feature_211"},{"properties":{"zone":1},"type":"Polygon","arcs":[[643,-648]],"id":"feature_212"},{"properties":{"zone":5},"type":"Polygon","arcs":[[-767,644,-765,645,-763,646,647,648,-804]],"id":"feature_213"},{"properties":{"zone":11},"type":"Polygon","arcs":[[-658,649,-667]],"id":"feature_214"},{"properties":{"zone":5},"type":"Polygon","arcs":[[650,-801]],"id":"feature_215"},{"properties":{"zone":5},"type":"Polygon","arcs":[[651,-680,-665]],"id":"feature_216"},{"properties":{"zone":10},"type":"Polygon","arcs":[[-662,652,-758,653,654,655,656,657,-669,658]],"id":"feature_217"},{"properties":{"zone":12},"type":"Polygon","arcs":[[-688,659]],"id":"feature_218"},{"properties":{"zone":11},"type":"Polygon","arcs":[[660,-806]],"id":"feature_219"},{"properties":{"zone":12},"type":"Polygon","arcs":[[-666,-772,-811]],"id":"feature_220"},{"properties":{"zone":5},"type":"Polygon","arcs":[[661,662]],"id":"feature_221"},{"properties":{"zone":9},"type":"Polygon","arcs":[[-672,663,664,-679]],"id":"feature_222"},{"properties":{"zone":5},"type":"Polygon","arcs":[[665,-813,-773]],"id":"feature_223"},{"properties":{"zone":12},"type":"Polygon","arcs":[[666,667,668]],"id":"feature_224"},{"properties":{"zone":3},"type":"Polygon","arcs":[[669,-676]],"id":"feature_225"},{"properties":{"zone":1},"type":"Polygon","arcs":[[670,671,-678]],"id":"feature_226"},{"properties":{"zone":5},"type":"Polygon","arcs":[[672,-799]],"id":"feature_227"},{"properties":{"zone":12},"type":"Polygon","arcs":[[673,-682]],"id":"feature_228"},{"properties":{"zone":5},"type":"Polygon","arcs":[[-715,-727]],"id":"feature_229"},{"properties":{"zone":5},"type":"Polygon","arcs":[[-716,-725,674,675,676,-705,-684]],"id":"feature_230"},{"properties":{"zone":10},"type":"Polygon","arcs":[[677,678,679,680,681,682]],"id":"feature_231"},{"properties":{"zone":8},"type":"Polygon","arcs":[[-686,-717,683,-704]],"id":"feature_232"},{"properties":{"zone":9},"type":"Polygon","arcs":[[-685,-718]],"id":"feature_233"},{"properties":{"zone":9},"type":"Polygon","arcs":[[684,685,-703]],"id":"feature_234"},{"properties":{"zone":1},"type":"Polygon","arcs":[[-797,-690]],"id":"feature_235"},{"properties":{"zone":3},"type":"Polygon","arcs":[[784]],"id":"feature_236"},{"properties":{"zone":3},"type":"Polygon","arcs":[[-789,-691]],"id":"feature_237"},{"properties":{"zone":5},"type":"Polygon","arcs":[[-696,686,687,688]],"id":"feature_238"},{"properties":{"zone":3},"type":"Polygon","arcs":[[689,-798]],"id":"feature_239"},{"properties":{"zone":1},"type":"Polygon","arcs":[[-809,-790,690,-788,-787,-786,691]],"id":"feature_240"},{"properties":{"zone":3},"type":"Polygon","arcs":[[692,-707]],"id":"feature_241"},{"properties":{"zone":3},"type":"Polygon","arcs":[[-698,-742]],"id":"feature_242"},{"properties":{"zone":3},"type":"Polygon","arcs":[[-793,-783,693]],"id":"feature_243"},{"properties":{"zone":11},"type":"Polygon","arcs":[[694,695,696,-721]],"id":"feature_244"},{"properties":{"zone":8},"type":"Polygon","arcs":[[-741,-714,-743,697]],"id":"feature_245"},{"properties":{"zone":5},"type":"Polygon","arcs":[[-782,-781,780,-780,698,-816,699]],"id":"feature_246"},{"properties":{"zone":8},"type":"Polygon","arcs":[[-795,-712,700]],"id":"feature_247"},{"properties":{"zone":3},"type":"Polygon","arcs":[[701,-709]],"id":"feature_248"},{"properties":{"zone":8},"type":"Polygon","arcs":[[702,703,704,705,706,707,708,709,-737,-720,-735,710,-733,-719]],"id":"feature_249"},{"properties":{"zone":5},"type":"Polygon","arcs":[[711,712]],"id":"feature_250"},{"properties":{"zone":9},"type":"Polygon","arcs":[[-744,713,-740,-728,714,-726,715,716,717,718,-732,-730]],"id":"feature_251"},{"properties":{"zone":10},"type":"Polygon","arcs":[[719,-736]],"id":"feature_252"},{"properties":{"zone":12},"type":"Polygon","arcs":[[720,721]],"id":"feature_253"},{"properties":{"zone":10},"type":"Polygon","arcs":[[-768,722,-770,723,724,725,726,727,-739,728]],"id":"feature_254"},{"properties":{"zone":8},"type":"Polygon","arcs":[[729,-731,-745]],"id":"feature_255"},{"properties":{"zone":10},"type":"Polygon","arcs":[[-746,730,731,732,733,-750]],"id":"feature_256"},{"properties":{"zone":9},"type":"Polygon","arcs":[[734,735,736,737]],"id":"feature_257"},{"properties":{"zone":5},"type":"Polygon","arcs":[[738,739,740,741,742,743,744,745,-749,746]],"id":"feature_258"},{"properties":{"zone":9},"type":"Polygon","arcs":[[-778,747,748,749,750]],"id":"feature_259"},{"properties":{"zone":12},"type":"Polygon","arcs":[[-776,751]],"id":"feature_260"},{"properties":{"zone":12},"type":"Polygon","arcs":[[752,-755,753,-774]],"id":"feature_261"},{"properties":{"zone":10},"type":"Polygon","arcs":[[754,755]],"id":"feature_262"},{"properties":{"zone":11},"type":"Polygon","arcs":[[756,757]],"id":"feature_263"},{"properties":{"zone":11},"type":"Polygon","arcs":[[758,759,760]],"id":"feature_264"},{"properties":{"zone":3},"type":"Polygon","arcs":[[761,762,763,764]],"id":"feature_265"},{"properties":{"zone":3},"type":"Polygon","arcs":[[765,766,-803]],"id":"feature_266"},{"properties":{"zone":5},"type":"Polygon","arcs":[[767,768]],"id":"feature_267"},{"properties":{"zone":5},"type":"Polygon","arcs":[[769,770]],"id":"feature_268"},{"properties":{"zone":11},"type":"Polygon","arcs":[[771,772,-812]],"id":"feature_269"},{"properties":{"zone":11},"type":"Polygon","arcs":[[773,774,775,776,777,778]],"id":"feature_270"},{"properties":{"zone":1},"type":"Polygon","arcs":[[779,-781,780,781,782,-792,783],[784]],"id":"feature_271"},{"properties":{"zone":5},"type":"Polygon","arcs":[[785,786,787,788,789,-808,790,791,792,793,794,795],[796,797]],"id":"feature_272"},{"properties":{"zone":10},"type":"Polygon","arcs":[[798,799,800,801,802,803,804,805,806,807,808,809],[810,811,812]],"id":"feature_273"},{"properties":{"zone":11},"type":"Polygon","arcs":[[813]],"id":"feature_274"},{"properties":{"zone":11},"type":"Polygon","arcs":[[814,815]],"id":"feature_275"},{"properties":{"zone":3},"type":"Polygon","arcs":[[-817,-822]],"id":"feature_276"},{"properties":{"zone":10},"type":"Polygon","arcs":[[-833,-823,816,-821,817]],"id":"feature_277"},{"properties":{"zone":1},"type":"Polygon","arcs":[[-829,818,-827,819]],"id":"feature_278"},{"properties":{"zone":4},"type":"Polygon","arcs":[[820,821,822,-832,-831,823]],"id":"feature_279"},{"properties":{"zone":10},"type":"Polygon","arcs":[[824,-841,-835,825,826,827,828]],"id":"feature_280"},{"properties":{"zone":5},"type":"Polygon","arcs":[[829,830,-837]],"id":"feature_281"},{"properties":{"zone":11},"type":"Polygon","arcs":[[831,832,833,834,-840,835,836]],"id":"feature_282"},{"properties":{"zone":5},"type":"Polygon","arcs":[[837,-842,838,839,840]],"id":"feature_283"},{"properties":{"zone":11},"type":"Polygon","arcs":[[841,842]],"id":"feature_284"},{"properties":{"zone":5},"type":"Polygon","arcs":[[-846,843]],"id":"feature_285"},{"properties":{"zone":3},"type":"Polygon","arcs":[[844,-851]],"id":"feature_286"},{"properties":{"zone":10},"type":"Polygon","arcs":[[845,846,-852,-931,-953,-951,847]],"id":"feature_287"},{"properties":{"zone":9},"type":"Polygon","arcs":[[848,-860,-854,849,850]],"id":"feature_288"},{"properties":{"zone":5},"type":"Polygon","arcs":[[-855,-932,851,852,853,-859,-934]],"id":"feature_289"},{"properties":{"zone":11},"type":"Polygon","arcs":[[-948,-944,-857]],"id":"feature_290"},{"properties":{"zone":8},"type":"Polygon","arcs":[[854,-933]],"id":"feature_291"},{"properties":{"zone":5},"type":"Polygon","arcs":[[855,-949,856,-943,-858,-863]],"id":"feature_292"},{"properties":{"zone":6},"type":"Polygon","arcs":[[-862,-873,-864,857,-942]],"id":"feature_293"},{"properties":{"zone":8},"type":"Polygon","arcs":[[858,859,860,-868,-935]],"id":"feature_294"},{"properties":{"zone":8},"type":"Polygon","arcs":[[-941,-874,861]],"id":"feature_295"},{"properties":{"zone":3},"type":"Polygon","arcs":[[862,863,-872,864]],"id":"feature_296"},{"properties":{"zone":3},"type":"Polygon","arcs":[[865,-870]],"id":"feature_297"},{"properties":{"zone":5},"type":"Polygon","arcs":[[866,-880,-936,867]],"id":"feature_298"},{"properties":{"zone":5},"type":"Polygon","arcs":[[868,869,870,871,872,873,-940,-876]],"id":"feature_299"},{"properties":{"zone":8},"type":"Polygon","arcs":[[874,875,-939,876,-879]],"id":"feature_300"},{"properties":{"zone":10},"type":"Polygon","arcs":[[877,878]],"id":"feature_301"},{"properties":{"zone":10},"type":"Polygon","arcs":[[879,880,-883,881,-937]],"id":"feature_302"},{"properties":{"zone":11},"type":"Polygon","arcs":[[882,883]],"id":"feature_303"},{"properties":{"zone":3},"type":"Polygon","arcs":[[-894,884]],"id":"feature_304"},{"properties":{"zone":3},"type":"Polygon","arcs":[[885]],"id":"feature_305"},{"properties":{"zone":3},"type":"Polygon","arcs":[[905]],"id":"feature_306"},{"properties":{"zone":3},"type":"Polygon","arcs":[[-907,-888,-896,886]],"id":"feature_307"},{"properties":{"zone":8},"type":"Polygon","arcs":[[-909,-919,-897,887]],"id":"feature_308"},{"properties":{"zone":1},"type":"Polygon","arcs":[[-915,-905,888,-903,889,-901,890,-899,891]],"id":"feature_309"},{"properties":{"zone":5},"type":"Polygon","arcs":[[-914,-910,892,893,894,895,896,-918,-916,897,898,899,900,901,902,903,904],[905]],"id":"feature_310"},{"properties":{"zone":5},"type":"Polygon","arcs":[[906,907,-920,908]],"id":"feature_311"},{"properties":{"zone":1},"type":"Polygon","arcs":[[909,-913,910]],"id":"feature_312"},{"properties":{"zone":3},"type":"Polygon","arcs":[[911,912,913,914,915,-917,-923]],"id":"feature_313"},{"properties":{"zone":10},"type":"Polygon","arcs":[[-927,-924,916,917,918,919,920]],"id":"feature_314"},{"properties":{"zone":4},"type":"Polygon","arcs":[[-930,921,922,923,-926]],"id":"feature_315"},{"properties":{"zone":5},"type":"Polygon","arcs":[[924,-928,925,926]],"id":"feature_316"},{"properties":{"zone":3},"type":"Polygon","arcs":[[927,928,929]],"id":"feature_317"},{"properties":{"zone":9},"type":"Polygon","arcs":[[930,931,932,933,934,935,936,937,938,939,940,941,942,943,-947,944,-954]],"id":"feature_318"},{"properties":{"zone":8},"type":"Polygon","arcs":[[-952,945,946,947,948,949,950]],"id":"feature_319"},{"properties":{"zone":8},"type":"Polygon","arcs":[[951,952,953,954]],"id":"feature_320"},{"properties":{"zone":5},"type":"Polygon","arcs":[[-959,-958,-1037]],"id":"feature_321"},{"properties":{"zone":11},"type":"Polygon","arcs":[[955,-1006,-968,-1034,956,-1057,-1056,1055,-1055,-962,-1009,-1008]],"id":"feature_322"},{"properties":{"zone":3},"type":"Polygon","arcs":[[-1038,957,-960]],"id":"feature_323"},{"properties":{"zone":1},"type":"Polygon","arcs":[[958,-1039,959]],"id":"feature_324"},{"properties":{"zone":3},"type":"Polygon","arcs":[[-1054,-1011,960,1008,961]],"id":"feature_325"},{"properties":{"zone":1},"type":"Polygon","arcs":[[-1061,-1068,-1059,962]],"id":"feature_326"},{"properties":{"zone":5},"type":"Polygon","arcs":[[963,-1004,964,-1002,965,-1000,966,-1035,967]],"id":"feature_327"},{"properties":{"zone":3},"type":"Polygon","arcs":[[1035]],"id":"feature_328"},{"properties":{"zone":8},"type":"Polygon","arcs":[[-1044,-973,-1014]],"id":"feature_329"},{"properties":{"zone":3},"type":"Polygon","arcs":[[-1047,-975,-1012,-1052,968]],"id":"feature_330"},{"properties":{"zone":1},"type":"Polygon","arcs":[[-1032,-972,969]],"id":"feature_331"},{"properties":{"zone":3},"type":"Polygon","arcs":[[-980,970,971,-1031]],"id":"feature_332"},{"properties":{"zone":9},"type":"Polygon","arcs":[[-974,-1017,-976,-1015,972,-1043,-979]],"id":"feature_333"},{"properties":{"zone":5},"type":"Polygon","arcs":[[-1018,973,-978]],"id":"feature_334"},{"properties":{"zone":6},"type":"Polygon","arcs":[[974,-1046,-1013]],"id":"feature_335"},{"properties":{"zone":5},"type":"Polygon","arcs":[[975,-1016]],"id":"feature_336"},{"properties":{"zone":3},"type":"Polygon","arcs":[[-1049,976,-1020]],"id":"feature_337"},{"properties":{"zone":8},"type":"Polygon","arcs":[[977,978,-1051,-1019]],"id":"feature_338"},{"properties":{"zone":1},"type":"Polygon","arcs":[[979,-1030,-998,980]],"id":"feature_339"},{"properties":{"zone":1},"type":"Polygon","arcs":[[-984,981,-995]],"id":"feature_340"},{"properties":{"zone":3},"type":"Polygon","arcs":[[982,983,-994,-1026,-987,-985]],"id":"feature_341"},{"properties":{"zone":11},"type":"Polygon","arcs":[[984,-990,985]],"id":"feature_342"},{"properties":{"zone":5},"type":"Polygon","arcs":[[986,-1025,-1063,-1024,987,-991,988,989]],"id":"feature_343"},{"properties":{"zone":11},"type":"Polygon","arcs":[[990,991,-1022,992]],"id":"feature_344"},{"properties":{"zone":11},"type":"Polygon","arcs":[[-1027,993,994,995]],"id":"feature_345"},{"properties":{"zone":5},"type":"Polygon","arcs":[[-1040,996,997,-1029]],"id":"feature_346"},{"properties":{"zone":10},"type":"Polygon","arcs":[[998,999,1000,1001,1002,1003,1004,1005,1006,1007,1008,1009,1010,-1053,1011,1012,-1045,1013,1014,1015,1016,1017,1018,-1050,1019,1020,1021,1022,1023,-1064,1024,1025,1026,1027,-1041,1028,1029,1030,1031,1032,1033,1034],[1035],[1036,1037,1038]],"id":"feature_347"},{"properties":{"zone":11},"type":"Polygon","arcs":[[1039,1040,1041]],"id":"feature_348"},{"properties":{"zone":5},"type":"Polygon","arcs":[[1042,1043,1044,1045,1046,1047,1048,1049,1050]],"id":"feature_349"},{"properties":{"zone":5},"type":"Polygon","arcs":[[1051,1052,1053,1054,-1056,1055,1056,1057,1058,-1067,1059,-1065,1060,1061]],"id":"feature_350"},{"properties":{"zone":3},"type":"Polygon","arcs":[[1062,1063]],"id":"feature_351"},{"properties":{"zone":3},"type":"Polygon","arcs":[[1064,1065,1066,1067]],"id":"feature_352"},{"properties":{"zone":10},"type":"Polygon","arcs":[[-1080,-1072,1068,-1070,-1086]],"id":"feature_353"},{"properties":{"zone":12},"type":"Polygon","arcs":[[1069,1070,-1075,-1087]],"id":"feature_354"},{"properties":{"zone":5},"type":"Polygon","arcs":[[1071,-1079,-1074,-1098,1072]],"id":"feature_355"},{"properties":{"zone":1},"type":"Polygon","arcs":[[-1099,1073,-1078]],"id":"feature_356"},{"properties":{"zone":11},"type":"Polygon","arcs":[[1074,1075,-1088]],"id":"feature_357"},{"properties":{"zone":1},"type":"Polygon","arcs":[[-1107,-1082,1076]],"id":"feature_358"},{"properties":{"zone":3},"type":"Polygon","arcs":[[1077,1078,1079,-1085,-1100]],"id":"feature_359"},{"properties":{"zone":3},"type":"Polygon","arcs":[[1080,1081,-1106,-1083]],"id":"feature_360"},{"properties":{"zone":6},"type":"Polygon","arcs":[[1082,-1105,-1108,1083]],"id":"feature_361"},{"properties":{"zone":5},"type":"Polygon","arcs":[[-1104,-1110]],"id":"feature_362"},{"properties":{"zone":3},"type":"Polygon","arcs":[[-1092,-1095,-1102,-1090]],"id":"feature_363"},{"properties":{"zone":5},"type":"Polygon","arcs":[[-1101,1084,1085,1086,1087,1088,-1113,-1121,-1091,1089]],"id":"feature_364"},{"properties":{"zone":8},"type":"Polygon","arcs":[[1090,-1120,-1096,1091]],"id":"feature_365"},{"properties":{"zone":10},"type":"Polygon","arcs":[[1092,-1183,1093,-1181,-1177]],"id":"feature_366"},{"properties":{"zone":5},"type":"Polygon","arcs":[[1094,1095,-1119,-1103]],"id":"feature_367"},{"properties":{"zone":8},"type":"Polygon","arcs":[[1096,1097,1098,1099,1100,1101,1102,-1118,-1111,1103,-1109,1104,1105,1106]],"id":"feature_368"},{"properties":{"zone":11},"type":"Polygon","arcs":[[1107,1108,1109,1110,-1125,1111]],"id":"feature_369"},{"properties":{"zone":8},"type":"Polygon","arcs":[[1112,1113,-1115,-1122]],"id":"feature_370"},{"properties":{"zone":5},"type":"Polygon","arcs":[[-1134,-1171,-1123,1114,1115]],"id":"feature_371"},{"properties":{"zone":5},"type":"Polygon","arcs":[[-1117,-1169]],"id":"feature_372"},{"properties":{"zone":9},"type":"Polygon","arcs":[[1116,-1168,-1128,-1126,1117,1118,1119,1120,1121,1122,-1170]],"id":"feature_373"},{"properties":{"zone":5},"type":"Polygon","arcs":[[1123,1124,1125,-1127]],"id":"feature_374"},{"properties":{"zone":5},"type":"Polygon","arcs":[[-1133,-1173]],"id":"feature_375"},{"properties":{"zone":3},"type":"Polygon","arcs":[[1126,1127,-1167,-1191,-1195,-1193,-1166,-1153,1128]],"id":"feature_376"},{"properties":{"zone":10},"type":"Polygon","arcs":[[1129,-1131,-1158]],"id":"feature_377"},{"properties":{"zone":5},"type":"Polygon","arcs":[[-1176,-1187,-1137]],"id":"feature_378"},{"properties":{"zone":11},"type":"Polygon","arcs":[[-1143,-1159,1130,1131]],"id":"feature_379"},{"properties":{"zone":3},"type":"Polygon","arcs":[[-1141,-1150]],"id":"feature_380"},{"properties":{"zone":10},"type":"Polygon","arcs":[[-1156,-1174,1132,-1172,1133,1134]],"id":"feature_381"},{"properties":{"zone":3},"type":"Polygon","arcs":[[-1190,1135,-1154,-1164,1136]],"id":"feature_382"},{"properties":{"zone":5},"type":"Polygon","arcs":[[-1139,1137]],"id":"feature_383"},{"properties":{"zone":1},"type":"Polygon","arcs":[[1138,1139,-1151,1140,-1163,1141]],"id":"feature_384"},{"properties":{"zone":10},"type":"Polygon","arcs":[[-1160,1142,1143,-1145]],"id":"feature_385"},{"properties":{"zone":11},"type":"Polygon","arcs":[[-1161,1144,1145]],"id":"feature_386"},{"properties":{"zone":10},"type":"Polygon","arcs":[[1146,-1148]],"id":"feature_387"},{"properties":{"zone":11},"type":"Polygon","arcs":[[1147,1148]],"id":"feature_388"},{"properties":{"zone":5},"type":"Polygon","arcs":[[1149,1150,1151,1152,-1165,1153,1154,-1175,1155,1156,1157,1158,1159,1160,1161,1162]],"id":"feature_389"},{"properties":{"zone":8},"type":"Polygon","arcs":[[1163,1164,1165,-1192,1166,1167,1168,1169,1170,1171,1172,1173,1174,-1188,1175]],"id":"feature_390"},{"properties":{"zone":9},"type":"Polygon","arcs":[[1176,-1180,1177,-1185,1178]],"id":"feature_391"},{"properties":{"zone":5},"type":"Polygon","arcs":[[1179,1180,1181]],"id":"feature_392"},{"properties":{"zone":11},"type":"Polygon","arcs":[[1182,1183,1184,1185]],"id":"feature_393"},{"properties":{"zone":6},"type":"Polygon","arcs":[[1186,1187,1188,1189]],"id":"feature_394"},{"properties":{"zone":8},"type":"Polygon","arcs":[[1190,1191,1192,-1194]],"id":"feature_395"},{"properties":{"zone":8},"type":"Polygon","arcs":[[1193,1194]],"id":"feature_396"},{"properties":{"zone":11},"type":"Polygon","arcs":[[-2420,1195,-2418,1196,2413,1197,2415,1198]],"id":"feature_397"},{"properties":{"zone":10},"type":"Polygon","arcs":[[-1204,-1421,1199,-1419,1200,-1417,1201,-1415,1202]],"id":"feature_398"},{"properties":{"zone":5},"type":"Polygon","arcs":[[1203,1204,-1239,-1218,-1212,-1209,-1206,-1207,-1210,-1223,-1213,-1320,-1413]],"id":"feature_399"},{"properties":{"zone":1},"type":"Polygon","arcs":[[-1208,1205]],"id":"feature_400"},{"properties":{"zone":2},"type":"Polygon","arcs":[[1206,1207,1208,-1211]],"id":"feature_401"},{"properties":{"zone":1},"type":"Polygon","arcs":[[1209,1210,1211,-1224]],"id":"feature_402"},{"properties":{"zone":3},"type":"Polygon","arcs":[[-1321,1212,-1222,-1216,-1214]],"id":"feature_403"},{"properties":{"zone":5},"type":"Polygon","arcs":[[-1215,-1322,1213]],"id":"feature_404"},{"properties":{"zone":9},"type":"Polygon","arcs":[[-1220,-1217]],"id":"feature_405"},{"properties":{"zone":9},"type":"Polygon","arcs":[[-1226,-1310,-1225,-1306,-1302,-1323,1214,1215,-1221,1216,-1219,-1285]],"id":"feature_406"},{"properties":{"zone":8},"type":"Polygon","arcs":[[1217,-1238,-1286,1218,1219,1220,1221,1222,1223]],"id":"feature_407"},{"properties":{"zone":9},"type":"Polygon","arcs":[[-1309,-1307,1224]],"id":"feature_408"},{"properties":{"zone":9},"type":"Polygon","arcs":[[-1282,-1311,1225,-1284,-1227]],"id":"feature_409"},{"properties":{"zone":8},"type":"Polygon","arcs":[[1226,-1283]],"id":"feature_410"},{"properties":{"zone":5},"type":"Polygon","arcs":[[-1236,-1228]],"id":"feature_411"},{"properties":{"zone":3},"type":"Polygon","arcs":[[-1230,-1288,-1237,1227,-1235]],"id":"feature_412"},{"properties":{"zone":5},"type":"Polygon","arcs":[[1228,-1241]],"id":"feature_413"},{"properties":{"zone":4},"type":"Polygon","arcs":[[-1289,1229,-1234,-1277,-1252]],"id":"feature_414"},{"properties":{"zone":10},"type":"Polygon","arcs":[[1230,-1274,1231,-1254,-1250,1232,-1295,-1251,-1293,-1256,-1261,-1278,1233,1234,1235,1236,-1287,1237,1238,1239,1240]],"id":"feature_415"},{"properties":{"zone":1},"type":"Polygon","arcs":[[1241,-1267,-1248]],"id":"feature_416"},{"properties":{"zone":10},"type":"Polygon","arcs":[[-1245,1242]],"id":"feature_417"},{"properties":{"zone":5},"type":"MultiPolygon","arcs":[[[1271]],[[1243,1244,1245,-1298,1246,1247,-1271]]],"id":"feature_418"},{"properties":{"zone":5},"type":"Polygon","arcs":[[-1253,1248,1249]],"id":"feature_419"},{"properties":{"zone":4},"type":"Polygon","arcs":[[-1294,1250]],"id":"feature_420"},{"properties":{"zone":10},"type":"Polygon","arcs":[[-1258,-1290,1251,-1276,-1260,-1264]],"id":"feature_421"},{"properties":{"zone":3},"type":"Polygon","arcs":[[1252,1253,1254]],"id":"feature_422"},{"properties":{"zone":8},"type":"Polygon","arcs":[[-1262,1255,-1292,-1259]],"id":"feature_423"},{"properties":{"zone":10},"type":"Polygon","arcs":[[-1269,-1335,1256]],"id":"feature_424"},{"properties":{"zone":4},"type":"Polygon","arcs":[[-1353,-1297,-1275,-1280]],"id":"feature_425"},{"properties":{"zone":8},"type":"Polygon","arcs":[[-1291,1257,-1266,-1263,1258]],"id":"feature_426"},{"properties":{"zone":4},"type":"Polygon","arcs":[[-1265,1259,-1279,1260,1261,1262]],"id":"feature_427"},{"properties":{"zone":5},"type":"Polygon","arcs":[[1263,1264,1265]],"id":"feature_428"},{"properties":{"zone":6},"type":"Polygon","arcs":[[1266,1267,-1331,1268,1269,1270],[1271]],"id":"feature_429"},{"properties":{"zone":3},"type":"Polygon","arcs":[[1272,1273]],"id":"feature_430"},{"properties":{"zone":3},"type":"Polygon","arcs":[[-1313,-1281,1274]],"id":"feature_431"},{"properties":{"zone":3},"type":"Polygon","arcs":[[1275,1276,1277,1278]],"id":"feature_432"},{"properties":{"zone":5},"type":"Polygon","arcs":[[-1336,-1354,1279,1280,-1327,-1312,1281,1282,1283,1284,1285,1286,1287,1288,1289,1290,1291,1292,1293,1294,1295]],"id":"feature_433"},{"properties":{"zone":5},"type":"Polygon","arcs":[[-1314,1296,-1352]],"id":"feature_434"},{"properties":{"zone":1},"type":"Polygon","arcs":[[1297,1298,1299]],"id":"feature_435"},{"properties":{"zone":3},"type":"Polygon","arcs":[[-1303,1300,-1317]],"id":"feature_436"},{"properties":{"zone":8},"type":"Polygon","arcs":[[1301,-1305,-1324]],"id":"feature_437"},{"properties":{"zone":5},"type":"Polygon","arcs":[[1302,-1316,1303]],"id":"feature_438"},{"properties":{"zone":5},"type":"Polygon","arcs":[[1304,1305,1306,-1308,-1325]],"id":"feature_439"},{"properties":{"zone":8},"type":"Polygon","arcs":[[1307,1308,1309,1310,1311,-1326]],"id":"feature_440"},{"properties":{"zone":10},"type":"Polygon","arcs":[[1312,1313,-1351,-1341,-1356,-1366,-1329,1314,1315,1316,1317,-1408,1318,1319,1320,1321,1322,1323,1324,1325,1326]],"id":"feature_441"},{"properties":{"zone":12},"type":"Polygon","arcs":[[-1365,1327,1328]],"id":"feature_442"},{"properties":{"zone":1},"type":"Polygon","arcs":[[-1333,1329]],"id":"feature_443"},{"properties":{"zone":5},"type":"Polygon","arcs":[[1330,1331,1332,1333,1334]],"id":"feature_444"},{"properties":{"zone":10},"type":"Polygon","arcs":[[-1355,1335,1336,-1339]],"id":"feature_445"},{"properties":{"zone":3},"type":"Polygon","arcs":[[1337,-1343,-1340,1338]],"id":"feature_446"},{"properties":{"zone":4},"type":"Polygon","arcs":[[-1349,1339,-1342]],"id":"feature_447"},{"properties":{"zone":5},"type":"Polygon","arcs":[[1340,-1350,1341,1342,1343,-1346]],"id":"feature_448"},{"properties":{"zone":10},"type":"Polygon","arcs":[[1344,-1347,-1357,1345]],"id":"feature_449"},{"properties":{"zone":11},"type":"Polygon","arcs":[[-1360,-1358,1346,1347]],"id":"feature_450"},{"properties":{"zone":3},"type":"Polygon","arcs":[[1348,1349,1350,1351,1352,1353,1354]],"id":"feature_451"},{"properties":{"zone":12},"type":"Polygon","arcs":[[-1362,1355,1356,1357,-1359]],"id":"feature_452"},{"properties":{"zone":10},"type":"Polygon","arcs":[[1358,1359,1360,-1363]],"id":"feature_453"},{"properties":{"zone":11},"type":"Polygon","arcs":[[1361,1362,1363,1364,1365]],"id":"feature_454"},{"properties":{"zone":10},"type":"Polygon","arcs":[[1366,-1372]],"id":"feature_455"},{"properties":{"zone":8},"type":"Polygon","arcs":[[-1377,-1376,1367,-1374,1368,-1378]],"id":"feature_456"},{"properties":{"zone":5},"type":"Polygon","arcs":[[1369,-1381,1370,1371,1372,-1379,1373,1374,1375,1376,1377]],"id":"feature_457"},{"properties":{"zone":10},"type":"Polygon","arcs":[[1378,1379,1380,1381]],"id":"feature_458"},{"properties":{"zone":8},"type":"Polygon","arcs":[[-1422,-1594,-1620,-1502,-1426,-1486]],"id":"feature_459"},{"properties":{"zone":8},"type":"Polygon","arcs":[[-1512,1382,-1510,-1430,-1461]],"id":"feature_460"},{"properties":{"zone":8},"type":"Polygon","arcs":[[-1460,-1513]],"id":"feature_461"},{"properties":{"zone":8},"type":"Polygon","arcs":[[-1464,-1463,-1432,-1490,-1434,-1523,-1438,-1521]],"id":"feature_462"},{"properties":{"zone":8},"type":"Polygon","arcs":[[1383,-1515,-1466,-1436,-1528]],"id":"feature_463"},{"properties":{"zone":8},"type":"Polygon","arcs":[[-1500,-1647,-1439,-1645,-1411,-1662,1384,-1551,1385]],"id":"feature_464"},{"properties":{"zone":8},"type":"Polygon","arcs":[[-1667,-1550,-1467,-1562,-1669,-1452]],"id":"feature_465"},{"properties":{"zone":8},"type":"Polygon","arcs":[[-1477,-1475,1386,-1537,1387,-1573,1388,-1571,-1469]],"id":"feature_466"},{"properties":{"zone":8},"type":"Polygon","arcs":[[-1471,-1564]],"id":"feature_467"},{"properties":{"zone":8},"type":"Polygon","arcs":[[-1470,-1570,1389,-1568,1390,-1566]],"id":"feature_468"},{"properties":{"zone":8},"type":"Polygon","arcs":[[-1555,-1752,-1686]],"id":"feature_469"},{"properties":{"zone":8},"type":"Polygon","arcs":[[-1661,-1546,-1450,-1544,1391,-1473,-1468,-1548,-1665,-1451]],"id":"feature_470"},{"properties":{"zone":11},"type":"Polygon","arcs":[[-1403,1392]],"id":"feature_471"},{"properties":{"zone":11},"type":"Polygon","arcs":[[1393,-1409]],"id":"feature_472"},{"properties":{"zone":11},"type":"Polygon","arcs":[[-1480,1394]],"id":"feature_473"},{"properties":{"zone":11},"type":"Polygon","arcs":[[-1412,-1496,1395]],"id":"feature_474"},{"properties":{"zone":11},"type":"Polygon","arcs":[[-1602,1396,-1535,1397,-1540,-1449]],"id":"feature_475"},{"properties":{"zone":11},"type":"Polygon","arcs":[[1398,-1518,-1429,-1493]],"id":"feature_476"},{"properties":{"zone":11},"type":"Polygon","arcs":[[-1632,1399]],"id":"feature_477"},{"properties":{"zone":11},"type":"Polygon","arcs":[[-1530,-1437,-1525,-1763,-1433,1400]],"id":"feature_478"},{"properties":{"zone":11},"type":"Polygon","arcs":[[-1440,1401]],"id":"feature_479"},{"properties":{"zone":10},"type":"Polygon","arcs":[[1402,1403,-1611,1404,-1609,-1616,-1505,-1629,-1519,-1634,1405]],"id":"feature_480"},{"properties":{"zone":10},"type":"Polygon","arcs":[[1406,1407,1408,1409,-1663,1410,-1644,-1498,-1721,-1497,1411]],"id":"feature_481"},{"properties":{"zone":10},"type":"Polygon","arcs":[[1412,1413,1414,1415,1416,1417,1418,1419,1420]],"id":"feature_482"},{"properties":{"zone":10},"type":"Polygon","arcs":[[-1595,1421,-1485,1422]],"id":"feature_483"},{"properties":{"zone":10},"type":"Polygon","arcs":[[1423,-1482,1424,-1600]],"id":"feature_484"},{"properties":{"zone":10},"type":"Polygon","arcs":[[1425,-1504,1426,-1487]],"id":"feature_485"},{"properties":{"zone":10},"type":"Polygon","arcs":[[-1483,-1627,-1508,1427]],"id":"feature_486"},{"properties":{"zone":10},"type":"Polygon","arcs":[[-1517,-1725,-1494,1428]],"id":"feature_487"},{"properties":{"zone":10},"type":"Polygon","arcs":[[1429,1430,-1625,-1624,-1491,1431,1462,-1462]],"id":"feature_488"},{"properties":{"zone":10},"type":"Polygon","arcs":[[1432,-1765,-1524,1433,-1489,1434]],"id":"feature_489"},{"properties":{"zone":10},"type":"Polygon","arcs":[[1435,-1465,-1526,1436,-1529]],"id":"feature_490"},{"properties":{"zone":10},"type":"Polygon","arcs":[[1437,-1522]],"id":"feature_491"},{"properties":{"zone":10},"type":"Polygon","arcs":[[-1499,-1642,-1733]],"id":"feature_492"},{"properties":{"zone":10},"type":"Polygon","arcs":[[1438,-1646]],"id":"feature_493"},{"properties":{"zone":10},"type":"Polygon","arcs":[[1439,1440,-1687,-1750,1441]],"id":"feature_494"},{"properties":{"zone":10},"type":"Polygon","arcs":[[1442,-1579,1443,-1577,1444,-1575,1445,-1581]],"id":"feature_495"},{"properties":{"zone":10},"type":"Polygon","arcs":[[1446]],"id":"feature_496"},{"properties":{"zone":10},"type":"Polygon","arcs":[[-1547,-1654,-1532,1447,-1747,-1650,-1604,-1652,-1742,-1603,1448,-1539,1449,-1545,-1659,1450,-1668,1451,-1673,-1593,-1684,-1781,-1694,1452,-1590,-1762,1453,-1708,1454,-1585,1455,-1718,-1557,-1680,-1772,-1678,-1559,-1675,-1554,-1656]],"id":"feature_497"},{"properties":{"zone":10},"type":"Polygon","arcs":[[1456,-1608,1457,-1714,1458,-1712,-1598]],"id":"feature_498"},{"properties":{"zone":9},"type":"Polygon","arcs":[[1459,1460,1461,-1463,1462,1463,-1520,1464,1465,-1514]],"id":"feature_499"},{"properties":{"zone":9},"type":"Polygon","arcs":[[1466,-1549,1467,-1472,-1478,1468,1469,-1565,1470,-1563]],"id":"feature_500"},{"properties":{"zone":9},"type":"Polygon","arcs":[[1471,1472,1473,1474,-1476]],"id":"feature_501"},{"properties":{"zone":9},"type":"Polygon","arcs":[[1475,1476,1477]],"id":"feature_502"},{"properties":{"zone":5},"type":"Polygon","arcs":[[1478,1479,1480,1481]],"id":"feature_503"},{"properties":{"zone":5},"type":"Polygon","arcs":[[-1628,1482,1483,1484,1485,1486,1487,1488,1489,1490]],"id":"feature_504"},{"properties":{"zone":5},"type":"Polygon","arcs":[[-1639,1491,1492,1493,-1724,1494,1495,1496,-1722,1497,-1643,1498,-1732,-1648,1499,1500]],"id":"feature_505"},{"properties":{"zone":5},"type":"Polygon","arcs":[[1501,-1623,1502,1503]],"id":"feature_506"},{"properties":{"zone":5},"type":"Polygon","arcs":[[1504,-1619,1505,-1730,-1630]],"id":"feature_507"},{"properties":{"zone":5},"type":"Polygon","arcs":[[1506,1507,-1626,-1625,1508,1509]],"id":"feature_508"},{"properties":{"zone":5},"type":"Polygon","arcs":[[1510,1511,1512,1513,1514]],"id":"feature_509"},{"properties":{"zone":5},"type":"Polygon","arcs":[[1515,-1726,1516,1517]],"id":"feature_510"},{"properties":{"zone":5},"type":"Polygon","arcs":[[1518,-1631,-1728,-1635]],"id":"feature_511"},{"properties":{"zone":5},"type":"Polygon","arcs":[[1519,1520,1521,1522,1523,-1764,1524,1525]],"id":"feature_512"},{"properties":{"zone":5},"type":"Polygon","arcs":[[-1743,1526,1527,1528,1529,1530]],"id":"feature_513"},{"properties":{"zone":5},"type":"Polygon","arcs":[[1531,-1653,1532]],"id":"feature_514"},{"properties":{"zone":5},"type":"Polygon","arcs":[[-1542,1533,1534,1535,1536,1537]],"id":"feature_515"},{"properties":{"zone":5},"type":"Polygon","arcs":[[1538,1539,1540,1541,1542,1543]],"id":"feature_516"},{"properties":{"zone":5},"type":"Polygon","arcs":[[-1660,1544,1545]],"id":"feature_517"},{"properties":{"zone":5},"type":"Polygon","arcs":[[1546,-1655]],"id":"feature_518"},{"properties":{"zone":5},"type":"Polygon","arcs":[[1547,1548,1549,-1666]],"id":"feature_519"},{"properties":{"zone":5},"type":"Polygon","arcs":[[1550,1551]],"id":"feature_520"},{"properties":{"zone":5},"type":"Polygon","arcs":[[1552,-1657,1553,-1674,-1766,-1699]],"id":"feature_521"},{"properties":{"zone":5},"type":"Polygon","arcs":[[-1753,1554,-1685,1555]],"id":"feature_522"},{"properties":{"zone":5},"type":"Polygon","arcs":[[-1681,1556,-1717,1557]],"id":"feature_523"},{"properties":{"zone":5},"type":"Polygon","arcs":[[-1700,-1768,-1676,1558,-1677,-1770,-1679,1559]],"id":"feature_524"},{"properties":{"zone":5},"type":"Polygon","arcs":[[-1672,1560,-1670,1561,1562,1563,1564,1565,1566,1567,1568,1569,1570,1571,1572,1573,1574,1575,1576,1577,1578,1579,1580,1581,-1695,1582,-1698,1583,1584,1585,-1706,1586,-1704,1587,-1756,1588,-1754,1589,1590,-1693,1591,-1691,-1779,-1683,1592],[-1776,-1689,-1774,-1690]],"id":"feature_525"},{"properties":{"zone":5},"type":"Polygon","arcs":[[-1621,1593,1594,1595]],"id":"feature_526"},{"properties":{"zone":5},"type":"Polygon","arcs":[[-1736,-1641,1596,1597,-1711,1598,1599,1600,1601,1602,-1741,-1637,-1739,-1651,1603,-1649,-1745,1604]],"id":"feature_527"},{"properties":{"zone":5},"type":"Polygon","arcs":[[1605,-1716,1606,1607]],"id":"feature_528"},{"properties":{"zone":5},"type":"Polygon","arcs":[[1608,1609,1610,1611,-1615,1612,-1617]],"id":"feature_529"},{"properties":{"zone":3},"type":"Polygon","arcs":[[1613,1614]],"id":"feature_530"},{"properties":{"zone":3},"type":"Polygon","arcs":[[1615,1616,1617,1618]],"id":"feature_531"},{"properties":{"zone":3},"type":"Polygon","arcs":[[1619,1620,1621,1622]],"id":"feature_532"},{"properties":{"zone":3},"type":"Polygon","arcs":[[1623,1624,1625,1626,1627]],"id":"feature_533"},{"properties":{"zone":3},"type":"Polygon","arcs":[[1628,1629,-1729,1630]],"id":"feature_534"},{"properties":{"zone":3},"type":"Polygon","arcs":[[1631,1632,1633,1634,-1727,1635]],"id":"feature_535"},{"properties":{"zone":3},"type":"Polygon","arcs":[[-1740,1636]],"id":"feature_536"},{"properties":{"zone":3},"type":"Polygon","arcs":[[1637,1638]],"id":"feature_537"},{"properties":{"zone":3},"type":"Polygon","arcs":[[1639,1640,-1735]],"id":"feature_538"},{"properties":{"zone":3},"type":"Polygon","arcs":[[-1734,1641,1642,1643,1644,1645,1646,1647]],"id":"feature_539"},{"properties":{"zone":3},"type":"Polygon","arcs":[[-1746,1648,1649]],"id":"feature_540"},{"properties":{"zone":3},"type":"Polygon","arcs":[[1650,-1738,1651]],"id":"feature_541"},{"properties":{"zone":3},"type":"Polygon","arcs":[[1652,1653,1654,1655,1656,1657]],"id":"feature_542"},{"properties":{"zone":3},"type":"Polygon","arcs":[[1658,1659,1660]],"id":"feature_543"},{"properties":{"zone":3},"type":"Polygon","arcs":[[1661,1662,1663]],"id":"feature_544"},{"properties":{"zone":3},"type":"Polygon","arcs":[[1664,1665,1666,1667]],"id":"feature_545"},{"properties":{"zone":3},"type":"Polygon","arcs":[[1668,1669,1670,1671,1672]],"id":"feature_546"},{"properties":{"zone":3},"type":"Polygon","arcs":[[1673,1674,1675,-1767]],"id":"feature_547"},{"properties":{"zone":3},"type":"Polygon","arcs":[[1676,1677,-1771]],"id":"feature_548"},{"properties":{"zone":3},"type":"Polygon","arcs":[[1678,-1773,1679,1680,1681]],"id":"feature_549"},{"properties":{"zone":3},"type":"Polygon","arcs":[[1682,-1778,1683]],"id":"feature_550"},{"properties":{"zone":3},"type":"Polygon","arcs":[[1684,1685,-1751,1686,1687]],"id":"feature_551"},{"properties":{"zone":3},"type":"Polygon","arcs":[[1688,-1775]],"id":"feature_552"},{"properties":{"zone":3},"type":"Polygon","arcs":[[-1777,1689]],"id":"feature_553"},{"properties":{"zone":3},"type":"Polygon","arcs":[[-1780,1690,1691,1692,1693]],"id":"feature_554"},{"properties":{"zone":3},"type":"Polygon","arcs":[[1694,1695]],"id":"feature_555"},{"properties":{"zone":3},"type":"Polygon","arcs":[[1696,1697]],"id":"feature_556"},{"properties":{"zone":3},"type":"Polygon","arcs":[[1698,-1769,1699,1700]],"id":"feature_557"},{"properties":{"zone":3},"type":"Polygon","arcs":[[-1760,1701,-1758,1702,1703,1704,1705,1706,1707,1708]],"id":"feature_558"},{"properties":{"zone":3},"type":"Polygon","arcs":[[1709,1710,1711,1712,1713,1714,1715]],"id":"feature_559"},{"properties":{"zone":3},"type":"Polygon","arcs":[[1716,1717,1718]],"id":"feature_560"},{"properties":{"zone":1},"type":"Polygon","arcs":[[1719]],"id":"feature_561"},{"properties":{"zone":1},"type":"Polygon","arcs":[[1720,1721]],"id":"feature_562"},{"properties":{"zone":1},"type":"Polygon","arcs":[[1722,1723,1724,1725]],"id":"feature_563"},{"properties":{"zone":1},"type":"Polygon","arcs":[[1726,1727,1728,1729,1730]],"id":"feature_564"},{"properties":{"zone":1},"type":"Polygon","arcs":[[1731,1732,1733]],"id":"feature_565"},{"properties":{"zone":1},"type":"Polygon","arcs":[[1734,1735,1736]],"id":"feature_566"},{"properties":{"zone":1},"type":"Polygon","arcs":[[1737,1738,1739,1740,1741]],"id":"feature_567"},{"properties":{"zone":1},"type":"Polygon","arcs":[[1742,1743]],"id":"feature_568"},{"properties":{"zone":1},"type":"Polygon","arcs":[[1744,1745,1746,1747]],"id":"feature_569"},{"properties":{"zone":1},"type":"Polygon","arcs":[[1748,1749,1750,1751,1752]],"id":"feature_570"},{"properties":{"zone":1},"type":"Polygon","arcs":[[1753,1754,1755,1756,1757,1758,1759,1760,1761]],"id":"feature_571"},{"properties":{"zone":6},"type":"Polygon","arcs":[[1762,1763,1764]],"id":"feature_572"},{"properties":{"zone":4},"type":"Polygon","arcs":[[1765,1766,1767,1768]],"id":"feature_573"},{"properties":{"zone":4},"type":"Polygon","arcs":[[1769,1770,1771,1772]],"id":"feature_574"},{"properties":{"zone":4},"type":"Polygon","arcs":[[1773,1774,1775,1776]],"id":"feature_575"},{"properties":{"zone":4},"type":"Polygon","arcs":[[1777,1778,1779,1780]],"id":"feature_576"},{"properties":{"zone":1},"type":"Polygon","arcs":[[1781,-1784]],"id":"feature_577"},{"properties":{"zone":3},"type":"Polygon","arcs":[[1782,1783,1784,-1788,-1837]],"id":"feature_578"},{"properties":{"zone":5},"type":"Polygon","arcs":[[-1797,1785]],"id":"feature_579"},{"properties":{"zone":5},"type":"Polygon","arcs":[[-1794,1786,-1839]],"id":"feature_580"},{"properties":{"zone":5},"type":"Polygon","arcs":[[-1838,1787,1788,-1795]],"id":"feature_581"},{"properties":{"zone":5},"type":"Polygon","arcs":[[-1846,1789,-1842,-1792,1790]],"id":"feature_582"},{"properties":{"zone":5},"type":"Polygon","arcs":[[1791,-1841,1792,1793,1794,1795,1796,1797]],"id":"feature_583"},{"properties":{"zone":5},"type":"Polygon","arcs":[[1798,-1871,-1852,-1804,1799,-1816,1800,-1873]],"id":"feature_584"},{"properties":{"zone":5},"type":"Polygon","arcs":[[1801,-1821,-1854,-1860]],"id":"feature_585"},{"properties":{"zone":8},"type":"Polygon","arcs":[[1802,-1818,1803,-1851,-1849]],"id":"feature_586"},{"properties":{"zone":3},"type":"Polygon","arcs":[[-1826,1804,-1844,-1834,1805]],"id":"feature_587"},{"properties":{"zone":3},"type":"Polygon","arcs":[[-1835,1806]],"id":"feature_588"},{"properties":{"zone":11},"type":"Polygon","arcs":[[-1824,1807,-1862,-1856,-1820,1808,1809,1810,1811,1812]],"id":"feature_589"},{"properties":{"zone":10},"type":"Polygon","arcs":[[-1832,1813,-1875,1814,1815,1816,1817,1818,1819,-1855,1820,1821,-1858,1822,1823,1824,1825,1826]],"id":"feature_590"},{"properties":{"zone":10},"type":"Polygon","arcs":[[1827,1828,1829,1830]],"id":"feature_591"},{"properties":{"zone":4},"type":"Polygon","arcs":[[1831,1832,1833,1834,1835]],"id":"feature_592"},{"properties":{"zone":1},"type":"Polygon","arcs":[[1836,1837,1838,1839,1840,1841,1842]],"id":"feature_593"},{"properties":{"zone":1},"type":"Polygon","arcs":[[1843,1844]],"id":"feature_594"},{"properties":{"zone":10},"type":"Polygon","arcs":[[1845,1846]],"id":"feature_595"},{"properties":{"zone":10},"type":"Polygon","arcs":[[-1865,1847,1848,-1853,-1869,1849]],"id":"feature_596"},{"properties":{"zone":10},"type":"Polygon","arcs":[[1850,1851,-1870,1852]],"id":"feature_597"},{"properties":{"zone":10},"type":"Polygon","arcs":[[1853,1854,1855,-1861]],"id":"feature_598"},{"properties":{"zone":5},"type":"Polygon","arcs":[[1856]],"id":"feature_599"},{"properties":{"zone":5},"type":"Polygon","arcs":[[1857,1858,1859,1860,1861,1862]],"id":"feature_600"},{"properties":{"zone":1},"type":"Polygon","arcs":[[-1867,1863]],"id":"feature_601"},{"properties":{"zone":5},"type":"Polygon","arcs":[[1864,1865,1866,1867]],"id":"feature_602"},{"properties":{"zone":5},"type":"Polygon","arcs":[[1868,1869,1870,1871,1872,1873,1874,1875]],"id":"feature_603"},{"properties":{"zone":10},"type":"Polygon","arcs":[[-1880,1876]],"id":"feature_604"},{"properties":{"zone":10},"type":"Polygon","arcs":[[1877,2296,1878,1879]],"id":"feature_605"},{"properties":{"zone":1},"type":"Polygon","arcs":[[-2251,1880,-2249,1881,-2247,1882,-1919,1883]],"id":"feature_606"},{"properties":{"zone":8},"type":"Polygon","arcs":[[1884,-1900,1885,-1989,-1893,1886,-1982,1887,-2233,-2235]],"id":"feature_607"},{"properties":{"zone":5},"type":"Polygon","arcs":[[1888]],"id":"feature_608"},{"properties":{"zone":11},"type":"Polygon","arcs":[[1889,-1943,1890,-1957,1891,-1954,-1984,1892,-1988]],"id":"feature_609"},{"properties":{"zone":8},"type":"Polygon","arcs":[[1893,-1915,-1977,-1995,-1898,1894,-2240,1895,-1910,1896,-1937,-1925]],"id":"feature_610"},{"properties":{"zone":9},"type":"Polygon","arcs":[[1897,-1994,1898,1899,1900]],"id":"feature_611"},{"properties":{"zone":5},"type":"Polygon","arcs":[[1901]],"id":"feature_612"},{"properties":{"zone":5},"type":"Polygon","arcs":[[-2245,1902]],"id":"feature_613"},{"properties":{"zone":5},"type":"Polygon","arcs":[[-1972,1903,-1970,1904,-1913,1905]],"id":"feature_614"},{"properties":{"zone":5},"type":"Polygon","arcs":[[-1928,1906]],"id":"feature_615"},{"properties":{"zone":5},"type":"Polygon","arcs":[[1907,-1939,1908,1909,1910,-2239]],"id":"feature_616"},{"properties":{"zone":10},"type":"Polygon","arcs":[[1911,1912,1913,-1968,1914,1915,-1923,1916,-2253,-2262,1917,1918]],"id":"feature_617"},{"properties":{"zone":10},"type":"Polygon","arcs":[[-1926,1919,-2258,-2246,-2256,1920,-2254,1921,1922,1923,1924,-1936]],"id":"feature_618"},{"properties":{"zone":10},"type":"Polygon","arcs":[[1925,1926,1927,1928]],"id":"feature_619"},{"properties":{"zone":10},"type":"Polygon","arcs":[[-1931,-1964,1929]],"id":"feature_620"},{"properties":{"zone":10},"type":"Polygon","arcs":[[1930,1931,-2237,1932,-1981,1933,-1967,1934,-1965]],"id":"feature_621"},{"properties":{"zone":10},"type":"Polygon","arcs":[[1935,1936,1937,1938,1939,1940]],"id":"feature_622"},{"properties":{"zone":10},"type":"Polygon","arcs":[[-1948,1941,1942,1943,-2230,1944,-2228,-2225]],"id":"feature_623"},{"properties":{"zone":10},"type":"Polygon","arcs":[[-1976,1945,-1974,1946,1947,-1993]],"id":"feature_624"},{"properties":{"zone":10},"type":"Polygon","arcs":[[-2244,1948,-1951,1949]],"id":"feature_625"},{"properties":{"zone":10},"type":"Polygon","arcs":[[1950,1951,-1962,1952,-1960,-1985,1953,1954,1955,1956,1957]],"id":"feature_626"},{"properties":{"zone":3},"type":"Polygon","arcs":[[1958,-1986,1959,1960,1961,1962,1963,1964,1965,1966]],"id":"feature_627"},{"properties":{"zone":3},"type":"Polygon","arcs":[[1967,1968,1969,1970,1971,-1980,1972,1973,1974,1975,-1992,1976]],"id":"feature_628"},{"properties":{"zone":3},"type":"Polygon","arcs":[[1977,-2242,1978,1979]],"id":"feature_629"},{"properties":{"zone":5},"type":"Polygon","arcs":[[1980,1981,1982,1983,1984,1985,1986]],"id":"feature_630"},{"properties":{"zone":5},"type":"Polygon","arcs":[[1987,1988,1989,1990]],"id":"feature_631"},{"properties":{"zone":5},"type":"Polygon","arcs":[[1991,1992,-2227,1993,1994]],"id":"feature_632"},{"properties":{"zone":10},"type":"Polygon","arcs":[[-2164,1995,-2100,1996]],"id":"feature_633"},{"properties":{"zone":5},"type":"Polygon","arcs":[[-2067,1997,-2105,-2104,1998,-2032,1999,-2030,2000,-2028,2001],[2002,-2147,2003,-2153,2004,-2151,2005,-2149],[-2007,2006]],"id":"feature_634"},{"properties":{"zone":1},"type":"Polygon","arcs":[[2007,-2108,2008,-2145]],"id":"feature_635"},{"properties":{"zone":10},"type":"Polygon","arcs":[[-2111,2009]],"id":"feature_636"},{"properties":{"zone":10},"type":"Polygon","arcs":[[2010,-2116,2011,-2114,2012,-2085,-2021,2013,-2019,2014,-2017,-2074,2015,-2053]],"id":"feature_637"},{"properties":{"zone":3},"type":"Polygon","arcs":[[-2075,2016,2017,2018,2019,2020,-2084]],"id":"feature_638"},{"properties":{"zone":3},"type":"Polygon","arcs":[[-2094,2021,-2060,2022,-2058,2023,-2056,2024,-2070,2025,-2068,2026]],"id":"feature_639"},{"properties":{"zone":3},"type":"Polygon","arcs":[[2027,2028,2029,2030,2031,2032,-2102,-2118]],"id":"feature_640"},{"properties":{"zone":8},"type":"Polygon","arcs":[[-2098,-2170,2033]],"id":"feature_641"},{"properties":{"zone":8},"type":"Polygon","arcs":[[-2097,-2079,-2171]],"id":"feature_642"},{"properties":{"zone":8},"type":"Polygon","arcs":[[-2078,2034,-2076,-2083,2035,-2081,2036,-2087,2037,-2173]],"id":"feature_643"},{"properties":{"zone":9},"type":"Polygon","arcs":[[-2041,2038]],"id":"feature_644"},{"properties":{"zone":12},"type":"Polygon","arcs":[[-2044,2039,2040,2041]],"id":"feature_645"},{"properties":{"zone":12},"type":"Polygon","arcs":[[2042,-2048]],"id":"feature_646"},{"properties":{"zone":11},"type":"Polygon","arcs":[[2043,2044,-2050,2045]],"id":"feature_647"},{"properties":{"zone":9},"type":"Polygon","arcs":[[2046,2047,2048,2049]],"id":"feature_648"},{"properties":{"zone":5},"type":"Polygon","arcs":[[2050,-2122,2051,2052,2053,-2072,2054,2055,2056,2057,2058,2059,2060,-2156,-2090,2061,-2131,2062,-2129,2063,-2127,2064,-2137,2065,2066]],"id":"feature_649"},{"properties":{"zone":5},"type":"Polygon","arcs":[[2067,2068,2069,2070,2071,2072,2073,2074,2075,2076,2077,-2172,2078,-2096,2079]],"id":"feature_650"},{"properties":{"zone":5},"type":"Polygon","arcs":[[2080,2081,2082,2083,2084,2085,2086,2087]],"id":"feature_651"},{"properties":{"zone":5},"type":"Polygon","arcs":[[-2133,2088,2089,-2161,2090,-2159,2091,-2157,2092,2093,2094,2095,2096,2097,2098,2099,2100,-2167,-2119,2101,2102,2103,2104,2105,2106,2107,2108,-2143,2109]],"id":"feature_652"},{"properties":{"zone":5},"type":"Polygon","arcs":[[2110,2111]],"id":"feature_653"},{"properties":{"zone":5},"type":"Polygon","arcs":[[-2136,2112,2113,2114,2115,2116]],"id":"feature_654"},{"properties":{"zone":5},"type":"Polygon","arcs":[[2117,2118,-2166,-2223,2119,-2162,2120]],"id":"feature_655"},{"properties":{"zone":3},"type":"Polygon","arcs":[[2121,2122]],"id":"feature_656"},{"properties":{"zone":3},"type":"Polygon","arcs":[[2123]],"id":"feature_657"},{"properties":{"zone":3},"type":"Polygon","arcs":[[-2134,2124,-2141,2125,-2139,2126]],"id":"feature_658"},{"properties":{"zone":1},"type":"Polygon","arcs":[[2127,2128,2129,2130,2131,2132,2133]],"id":"feature_659"},{"properties":{"zone":1},"type":"Polygon","arcs":[[2134,2135]],"id":"feature_660"},{"properties":{"zone":1},"type":"Polygon","arcs":[[2136,2137,2138,2139,2140,2141,2142,2143,2144,2145]],"id":"feature_661"},{"properties":{"zone":1},"type":"Polygon","arcs":[[2146,2147,2148,2149,2150,2151,2152,2153]],"id":"feature_662"},{"properties":{"zone":3},"type":"Polygon","arcs":[[2154]],"id":"feature_663"},{"properties":{"zone":9},"type":"Polygon","arcs":[[2155,2156,2157,2158,2159,2160]],"id":"feature_664"},{"properties":{"zone":9},"type":"Polygon","arcs":[[2161,2162]],"id":"feature_665"},{"properties":{"zone":9},"type":"Polygon","arcs":[[2163,2164,2165,2166,2167]],"id":"feature_666"},{"properties":{"zone":9},"type":"Polygon","arcs":[[2168,2169,2170,2171,2172]],"id":"feature_667"},{"properties":{"zone":5},"type":"Polygon","arcs":[[-2185,2173,-2189,2174,-2206,2175,-2202,2176,-2221,2177,-2219,2178,-2266,2179,-2264,2180,-2268,2181,-2194,2182]],"id":"feature_668"},{"properties":{"zone":1},"type":"Polygon","arcs":[[-2200,2183,2184,2185]],"id":"feature_669"},{"properties":{"zone":1},"type":"Polygon","arcs":[[2186,-2197,2187,-2215,-2191]],"id":"feature_670"},{"properties":{"zone":10},"type":"Polygon","arcs":[[2188,2189,2190,2191,-2213,-2217,2192]],"id":"feature_671"},{"properties":{"zone":12},"type":"Polygon","arcs":[[2193,2194]],"id":"feature_672"},{"properties":{"zone":11},"type":"Polygon","arcs":[[2195]],"id":"feature_673"},{"properties":{"zone":1},"type":"Polygon","arcs":[[2196,2197,2198,2199,2200]],"id":"feature_674"},{"properties":{"zone":1},"type":"Polygon","arcs":[[2201,2202,-2210,2203]],"id":"feature_675"},{"properties":{"zone":1},"type":"Polygon","arcs":[[-2208,2204,2205,2206]],"id":"feature_676"},{"properties":{"zone":5},"type":"Polygon","arcs":[[2207,2208,2209,2210]],"id":"feature_677"},{"properties":{"zone":3},"type":"Polygon","arcs":[[2211,-2218,2212,2213,2214]],"id":"feature_678"},{"properties":{"zone":5},"type":"Polygon","arcs":[[2215,2216,2217]],"id":"feature_679"},{"properties":{"zone":8},"type":"Polygon","arcs":[[2218,2219,2220,2221]],"id":"feature_680"},{"properties":{"zone":10},"type":"Polygon","arcs":[[2222,2223]],"id":"feature_681"},{"properties":{"zone":5},"type":"Polygon","arcs":[[2224,-2232,2225,2226]],"id":"feature_682"},{"properties":{"zone":5},"type":"Polygon","arcs":[[2227,2228,2229,2230,2231]],"id":"feature_683"},{"properties":{"zone":5},"type":"Polygon","arcs":[[2232,2233,-2236]],"id":"feature_684"},{"properties":{"zone":5},"type":"Polygon","arcs":[[2234,2235,2236,2237,2238,2239,2240]],"id":"feature_685"},{"properties":{"zone":5},"type":"Polygon","arcs":[[2241,2242,2243,2244]],"id":"feature_686"},{"properties":{"zone":3},"type":"Polygon","arcs":[[2245,-2257]],"id":"feature_687"},{"properties":{"zone":5},"type":"Polygon","arcs":[[2246,2247,2248,2249,2250,2251,-2260,2252,2253,2254,2255,2256,2257,2258]],"id":"feature_688"},{"properties":{"zone":5},"type":"Polygon","arcs":[[2259,2260,2261]],"id":"feature_689"},{"properties":{"zone":8},"type":"Polygon","arcs":[[2262,2263,2264,2265,2266,2267]],"id":"feature_690"},{"properties":{"zone":5},"type":"Polygon","arcs":[[-2289,2268,-2278,-2284,-2282,2269,-2291,2270,-2275,2271,-2273,-2286]],"id":"feature_691"},{"properties":{"zone":3},"type":"Polygon","arcs":[[2285,2272,2273,-2287,-2286]],"id":"feature_692"},{"properties":{"zone":11},"type":"Polygon","arcs":[[2274,2275]],"id":"feature_693"},{"properties":{"zone":5},"type":"Polygon","arcs":[[2276,-2280]],"id":"feature_694"},{"properties":{"zone":11},"type":"Polygon","arcs":[[2277,2278,2279,2280,2281,-2283]],"id":"feature_695"},{"properties":{"zone":8},"type":"Polygon","arcs":[[2282,2283]],"id":"feature_696"},{"properties":{"zone":3},"type":"Polygon","arcs":[[2284,-2295,-2294,2293,-2293]],"id":"feature_697"},{"properties":{"zone":1},"type":"Polygon","arcs":[[2285,2286,2287,2288]],"id":"feature_698"},{"properties":{"zone":1},"type":"Polygon","arcs":[[2289,2290,2291,2292,-2294,2293,2294]],"id":"feature_699"},{"properties":{"zone":10},"type":"Polygon","arcs":[[2295,2296]],"id":"feature_700"},{"properties":{"zone":3},"type":"Polygon","arcs":[[2297,-2300]],"id":"feature_701"},{"properties":{"zone":5},"type":"Polygon","arcs":[[2298,2299,2300,-2303]],"id":"feature_702"},{"properties":{"zone":1},"type":"Polygon","arcs":[[2301,2302,2303,-2305]],"id":"feature_703"},{"properties":{"zone":5},"type":"Polygon","arcs":[[2304,2305]],"id":"feature_704"},{"properties":{"zone":11},"type":"Polygon","arcs":[[2306]],"id":"feature_705"},{"properties":{"zone":1},"type":"Polygon","arcs":[[2307,-2342]],"id":"feature_706"},{"properties":{"zone":1},"type":"Polygon","arcs":[[-2376,-2323,-2316]],"id":"feature_707"},{"properties":{"zone":1},"type":"Polygon","arcs":[[-2352,2308]],"id":"feature_708"},{"properties":{"zone":1},"type":"Polygon","arcs":[[2309,-2362,2310,-2410,2311,2411]],"id":"feature_709"},{"properties":{"zone":3},"type":"Polygon","arcs":[[-2318,-2364,2312]],"id":"feature_710"},{"properties":{"zone":3},"type":"Polygon","arcs":[[2313,-2403,-2324,-2383,-2356,2314,-2354]],"id":"feature_711"},{"properties":{"zone":3},"type":"Polygon","arcs":[[2315,-2322,-2377]],"id":"feature_712"},{"properties":{"zone":3},"type":"Polygon","arcs":[[-2321,2348,2316,-2379]],"id":"feature_713"},{"properties":{"zone":5},"type":"Polygon","arcs":[[-2365,2317,2318]],"id":"feature_714"},{"properties":{"zone":5},"type":"Polygon","arcs":[[-2368,2319]],"id":"feature_715"},{"properties":{"zone":5},"type":"Polygon","arcs":[[-2349,2320,-2378,2321,2322,-2384,2323,-2409,2324,-2350]],"id":"feature_716"},{"properties":{"zone":5},"type":"Polygon","arcs":[[2325]],"id":"feature_717"},{"properties":{"zone":5},"type":"Polygon","arcs":[[-2390,2326]],"id":"feature_718"},{"properties":{"zone":5},"type":"Polygon","arcs":[[2327,-2388]],"id":"feature_719"},{"properties":{"zone":5},"type":"Polygon","arcs":[[2328,-2385,-2370]],"id":"feature_720"},{"properties":{"zone":5},"type":"Polygon","arcs":[[-2372,2329]],"id":"feature_721"},{"properties":{"zone":5},"type":"Polygon","arcs":[[-2367,2330]],"id":"feature_722"},{"properties":{"zone":5},"type":"Polygon","arcs":[[-2336,2331,-2334,2332]],"id":"feature_723"},{"properties":{"zone":5},"type":"Polygon","arcs":[[2333,2334,2335,2336,-2339,2337]],"id":"feature_724"},{"properties":{"zone":5},"type":"Polygon","arcs":[[2338,2339,-2401,2340,2341,2342]],"id":"feature_725"},{"properties":{"zone":5},"type":"Polygon","arcs":[[-2393,2343]],"id":"feature_726"},{"properties":{"zone":5},"type":"Polygon","arcs":[[2344]],"id":"feature_727"},{"properties":{"zone":5},"type":"Polygon","arcs":[[2345]],"id":"feature_728"},{"properties":{"zone":5},"type":"Polygon","arcs":[[2346]],"id":"feature_729"},{"properties":{"zone":5},"type":"Polygon","arcs":[[-2380,2347,2348,2349,2350,2351,2352]],"id":"feature_730"},{"properties":{"zone":5},"type":"Polygon","arcs":[[-2405,2353,2354,2355,-2382,2356]],"id":"feature_731"},{"properties":{"zone":5},"type":"Polygon","arcs":[[2357,-2407]],"id":"feature_732"},{"properties":{"zone":5},"type":"Polygon","arcs":[[2358]],"id":"feature_733"},{"properties":{"zone":5},"type":"Polygon","arcs":[[2359]],"id":"feature_734"},{"properties":{"zone":5},"type":"Polygon","arcs":[[2360]],"id":"feature_735"},{"properties":{"zone":5},"type":"Polygon","arcs":[[2361,2362]],"id":"feature_736"},{"properties":{"zone":8},"type":"Polygon","arcs":[[2363,2364,2365,2366]],"id":"feature_737"},{"properties":{"zone":8},"type":"Polygon","arcs":[[2367,2368,2369,-2387,2370]],"id":"feature_738"},{"properties":{"zone":8},"type":"Polygon","arcs":[[2371,2372]],"id":"feature_739"},{"properties":{"zone":8},"type":"Polygon","arcs":[[-2394,2373]],"id":"feature_740"},{"properties":{"zone":8},"type":"Polygon","arcs":[[-2397,2374]],"id":"feature_741"},{"properties":{"zone":8},"type":"Polygon","arcs":[[2375,2376,2377,2378,2379,2380,2381,2382,2383]],"id":"feature_742"},{"properties":{"zone":10},"type":"Polygon","arcs":[[2384,2385,2386]],"id":"feature_743"},{"properties":{"zone":10},"type":"Polygon","arcs":[[2387,2388]],"id":"feature_744"},{"properties":{"zone":10},"type":"Polygon","arcs":[[2389,2390]],"id":"feature_745"},{"properties":{"zone":10},"type":"Polygon","arcs":[[2391,2392]],"id":"feature_746"},{"properties":{"zone":10},"type":"Polygon","arcs":[[2393,2394]],"id":"feature_747"},{"properties":{"zone":10},"type":"Polygon","arcs":[[-2399,2395]],"id":"feature_748"},{"properties":{"zone":10},"type":"Polygon","arcs":[[2396,2397]],"id":"feature_749"},{"properties":{"zone":10},"type":"Polygon","arcs":[[2398,2399,2400,2401]],"id":"feature_750"},{"properties":{"zone":10},"type":"Polygon","arcs":[[2402,2403,2404,2405,2406,2407,2408]],"id":"feature_751"},{"properties":{"zone":10},"type":"MultiPolygon","arcs":[[[2409,2410]],[[2411,-2412]]],"id":"feature_752"},{"properties":{"zone":11},"type":"Polygon","arcs":[[2412,2413,2414,2415,2416,2417,2418,2419]],"id":"feature_753"},{"properties":{"zone":3},"type":"Polygon","arcs":[[-2442,2420,-2422]],"id":"feature_754"},{"properties":{"zone":10},"type":"Polygon","arcs":[[2421,2422,-2425,-2443]],"id":"feature_755"},{"properties":{"zone":8},"type":"Polygon","arcs":[[-2447,2423,-2431]],"id":"feature_756"},{"properties":{"zone":9},"type":"Polygon","arcs":[[2424,2425,-2427,-2444]],"id":"feature_757"},{"properties":{"zone":5},"type":"Polygon","arcs":[[-2445,2426,2427]],"id":"feature_758"},{"properties":{"zone":10},"type":"Polygon","arcs":[[-2449,-2430,2428]],"id":"feature_759"},{"properties":{"zone":5},"type":"Polygon","arcs":[[2429,-2448,2430,2431]],"id":"feature_760"},{"properties":{"zone":8},"type":"Polygon","arcs":[[2432,-2435,2433,-2451]],"id":"feature_761"},{"properties":{"zone":5},"type":"Polygon","arcs":[[2434,2435]],"id":"feature_762"},{"properties":{"zone":5},"type":"Polygon","arcs":[[-2453,2436]],"id":"feature_763"},{"properties":{"zone":10},"type":"Polygon","arcs":[[-2439,2437]],"id":"feature_764"},{"properties":{"zone":5},"type":"Polygon","arcs":[[2438,2439]],"id":"feature_765"},{"properties":{"zone":8},"type":"Polygon","arcs":[[2440,2441,2442,2443,2444]],"id":"feature_766"},{"properties":{"zone":3},"type":"Polygon","arcs":[[2445,2446,2447,2448]],"id":"feature_767"},{"properties":{"zone":9},"type":"Polygon","arcs":[[2449,2450,2451,2452]],"id":"feature_768"},{"properties":{"zone":1},"type":"Polygon","arcs":[[-2457,2453]],"id":"feature_769"},{"properties":{"zone":5},"type":"Polygon","arcs":[[2454,-2461,-2459,-2467]],"id":"feature_770"},{"properties":{"zone":5},"type":"Polygon","arcs":[[-2471,-2463,2455,2456,2457,-2464]],"id":"feature_771"},{"properties":{"zone":3},"type":"Polygon","arcs":[[-2468,2458,-2460,-2497]],"id":"feature_772"},{"properties":{"zone":10},"type":"Polygon","arcs":[[-2498,2459,2460,2461,2462,-2470,-2479]],"id":"feature_773"},{"properties":{"zone":10},"type":"Polygon","arcs":[[2463,2464,2465,-2482,-2478,-2472]],"id":"feature_774"},{"properties":{"zone":10},"type":"Polygon","arcs":[[2466,2467,-2496,2468]],"id":"feature_775"},{"properties":{"zone":8},"type":"Polygon","arcs":[[-2480,2469,2470,2471,-2477,-2491]],"id":"feature_776"},{"properties":{"zone":8},"type":"Polygon","arcs":[[-2476,2472]],"id":"feature_777"},{"properties":{"zone":5},"type":"Polygon","arcs":[[2473,-2486,2474,2475]],"id":"feature_778"},{"properties":{"zone":3},"type":"Polygon","arcs":[[-2492,2476,2477,-2481]],"id":"feature_779"},{"properties":{"zone":3},"type":"Polygon","arcs":[[-2508,-2499,2478,2479,-2484,-2489]],"id":"feature_780"},{"properties":{"zone":5},"type":"Polygon","arcs":[[2480,2481,2482,-2510,-2493]],"id":"feature_781"},{"properties":{"zone":5},"type":"Polygon","arcs":[[2483,-2490]],"id":"feature_782"},{"properties":{"zone":1},"type":"Polygon","arcs":[[-2501,2484]],"id":"feature_783"},{"properties":{"zone":10},"type":"Polygon","arcs":[[2485,2486,-2494,-2504,2487]],"id":"feature_784"},{"properties":{"zone":9},"type":"Polygon","arcs":[[2488,2489,2490,2491,2492,-2509]],"id":"feature_785"},{"properties":{"zone":5},"type":"Polygon","arcs":[[-2505,2493,2494,2495,2496,2497,2498,-2507,2499,2500,2501,-2518]],"id":"feature_786"},{"properties":{"zone":3},"type":"Polygon","arcs":[[2502,2503,2504,-2517,-2514]],"id":"feature_787"},{"properties":{"zone":10},"type":"Polygon","arcs":[[-2512,2505]],"id":"feature_788"},{"properties":{"zone":8},"type":"Polygon","arcs":[[2506,2507,2508,2509,2510,2511,2512]],"id":"feature_789"},{"properties":{"zone":5},"type":"Polygon","arcs":[[2513,-2522,2514]],"id":"feature_790"},{"properties":{"zone":10},"type":"Polygon","arcs":[[-2520,2515]],"id":"feature_791"},{"properties":{"zone":8},"type":"Polygon","arcs":[[2516,2517,2518,2519,2520,2521]],"id":"feature_792"},{"properties":{"zone":12},"type":"Polygon","arcs":[[2522]],"id":"feature_793"}],"type":"GeometryCollection"}},"bbox":[135.5352,35.4695,136.5225,36.2325],"transform":{"scale":[9.873987398739921e-05,7.630763076307683e-05],"translate":[135.5352,35.4695]},"arcs":[[[6719,6934],[-3,12]],[[6718,6951],[6,-3]],[[6719,6934],[5,14]],[[6724,6948],[-5,-14]],[[6567,6976],[2,-5]],[[6573,6961],[10,-8]],[[6587,6946],[-3,63]],[[6600,6948],[-13,-2]],[[6587,6946],[-4,7]],[[6583,6953],[-10,8]],[[6573,6961],[-4,10]],[[6569,6971],[-2,5]],[[6567,6976],[17,33]],[[6584,7009],[7,1]],[[6591,7010],[26,-24]],[[6632,6975],[-32,-27]],[[6600,6948],[-9,62]],[[6644,6996],[-12,-21]],[[6632,6975],[-15,11]],[[6617,6986],[30,22]],[[6683,6961],[-39,35]],[[6644,6996],[3,12]],[[6647,7008],[21,17]],[[6683,7025],[2,-8]],[[6700,6956],[-17,5]],[[6683,6961],[2,56]],[[6685,7017],[-2,8]],[[6683,7025],[-15,0]],[[6668,7025],[85,62]],[[6718,6951],[-2,-5]],[[6716,6946],[-16,10]],[[6700,6956],[53,131]],[[6753,7087],[-35,-136]],[[7487,7127],[-19,3]],[[6426,7132],[28,-58],[-32,-22],[-42,60],[46,20]],[[7487,7127],[-19,3]],[[7468,7130],[-56,53]],[[7471,7184],[17,1]],[[7526,7188],[-39,-61]],[[7488,7185],[-17,-1]],[[7471,7184],[-59,-1]],[[7412,7183],[114,5]],[[7526,7188],[-38,-3]],[[6800,7224],[-17,22]],[[6921,7316],[-21,-38]],[[6223,7326],[4,1]],[[6231,7327],[-33,-9]],[[6814,7293],[-31,-47]],[[6783,7246],[-63,76]],[[6730,7355],[19,2]],[[6730,7355],[-10,-33]],[[6720,7322],[10,33]],[[6231,7327],[-4,0]],[[6227,7327],[-4,-1]],[[6223,7326],[-25,-8]],[[6198,7318],[33,9]],[[6573,7368],[-49,-67]],[[6819,7294],[6,70]],[[6967,7433],[-46,-117]],[[6921,7316],[-21,-38]],[[6900,7278],[-100,-54]],[[6800,7224],[14,69]],[[6814,7293],[5,1]],[[6819,7294],[6,70]],[[6825,7364],[-76,-7]],[[6749,7357],[-42,48]],[[6606,7425],[-33,-57]],[[6573,7368],[-49,-67]],[[6524,7301],[46,202]],[[6982,7487],[-15,-54]],[[6967,7433],[-170,-12]],[[6691,7493],[48,-6]],[[6601,7503],[-31,0]],[[6570,7503],[-2,11]],[[6691,7493],[-8,-11]],[[6643,7518],[48,-25]],[[6541,7515],[-16,-4]],[[6600,7518],[-32,-4]],[[6568,7514],[-10,8]],[[6332,7552],[52,-69]],[[7124,7552],[-22,-114]],[[6581,7536],[-25,-4]],[[6384,7483],[-52,69]],[[6332,7552],[52,-69]],[[6522,7526],[-11,42]],[[6555,7526],[3,-4]],[[6558,7522],[-17,-7]],[[6541,7515],[-16,-4]],[[6525,7511],[-3,15]],[[6522,7526],[-11,42]],[[6850,7539],[-117,32]],[[7124,7552],[-22,-114]],[[7102,7438],[-80,23]],[[7084,7583],[40,-31]],[[7184,7543],[-39,15]],[[6606,7433],[-5,70]],[[6601,7503],[-1,15]],[[6600,7518],[-19,18]],[[6581,7536],[-25,-4]],[[6556,7532],[-1,-6]],[[6555,7526],[-24,47]],[[6531,7573],[-20,-5]],[[6511,7568],[-3,29]],[[7183,7585],[-38,-27]],[[7145,7558],[-32,39]],[[7252,7536],[-68,7]],[[7184,7543],[-1,42]],[[7183,7585],[-5,15]],[[6691,7599],[30,-15]],[[6865,7612],[-22,23]],[[6934,7495],[-72,-33]],[[6962,7641],[74,-26]],[[7154,7603],[-41,-6]],[[7113,7597],[-40,13]],[[6991,7668],[-27,-2]],[[6962,7641],[74,-26]],[[7036,7615],[48,-32]],[[7084,7583],[-62,-122]],[[7022,7461],[-40,26]],[[6982,7487],[-48,8]],[[6934,7495],[-43,152]],[[6924,7681],[38,-40]],[[6953,7556],[45,-6],[1,54],[-45,0],[-1,-48]],[[7011,7548],[30,-1],[-8,57],[-20,0],[-2,-56]],[[7012,7534],[-1,-47],[27,0],[3,47],[-29,0]],[[6953,7530],[0,-29],[44,-11],[1,44],[-45,-4]],[[6591,7592],[-60,-19]],[[6531,7573],[-23,24]],[[6508,7597],[-16,75]],[[6787,7620],[65,73]],[[6622,7669],[55,-92]],[[6699,7575],[22,9]],[[6721,7584],[66,36]],[[6787,7620],[56,27]],[[6841,7635],[23,-43]],[[6878,7527],[-28,12]],[[6850,7539],[-117,32]],[[6733,7571],[-90,-53]],[[6643,7518],[40,-36]],[[6683,7482],[56,5]],[[6739,7487],[133,34]],[[6878,7518],[-16,-56]],[[6862,7462],[-65,-41]],[[6797,7421],[-90,-16]],[[6707,7405],[-101,20]],[[6606,7425],[0,8]],[[6606,7433],[-15,159]],[[6591,7592],[-99,80]],[[6492,7672],[26,27]],[[6691,7599],[8,-24]],[[6699,7575],[-22,2]],[[6677,7577],[-37,118]],[[6678,7707],[13,-108]],[[7029,7674],[-38,-6]],[[6991,7668],[-27,-2]],[[6964,7666],[-16,15]],[[7033,7682],[-40,17]],[[6631,7694],[-9,-25]],[[6622,7669],[-21,32]],[[6924,7681],[-32,-4]],[[6898,7727],[26,-46]],[[6842,7738],[-124,-36]],[[6745,7705],[-27,-3]],[[6718,7702],[-18,17]],[[6898,7727],[-6,-50]],[[6892,7677],[-1,-30]],[[6891,7647],[0,-8]],[[6877,7644],[2,62]],[[6886,7742],[12,-15]],[[6716,7739],[-16,-20]],[[6700,7719],[-22,-12]],[[6678,7707],[-38,-12]],[[6640,7695],[-9,-1]],[[6631,7694],[-3,13]],[[6970,7732],[18,-13]],[[7004,7713],[-11,-14]],[[6993,7699],[-21,10]],[[6932,7695],[-19,47]],[[6682,7724],[-54,-17]],[[6628,7707],[-17,9]],[[6679,7730],[3,-6]],[[6886,7742],[-7,-36]],[[6879,7706],[-2,-62]],[[6877,7644],[14,-5]],[[6891,7639],[-13,-121]],[[6878,7518],[-6,3]],[[6872,7521],[6,6]],[[6878,7527],[-14,65]],[[6864,7592],[1,20]],[[6865,7612],[-22,23]],[[6843,7635],[-2,0]],[[6841,7635],[2,12]],[[6843,7647],[9,46]],[[6852,7693],[-10,45]],[[6842,7738],[-37,-1]],[[6867,7741],[19,1]],[[6948,7728],[-35,14]],[[6913,7742],[-13,7]],[[6994,7739],[-16,4]],[[6805,7754],[0,-17]],[[6805,7737],[-35,-5]],[[6742,7767],[27,4]],[[7284,7757],[-14,-50]],[[7229,7746],[20,-15],[7,12],[-21,11],[-6,-8]],[[7140,7734],[-57,1]],[[6844,7772],[23,-31]],[[6867,7741],[-62,13]],[[6805,7754],[-36,17]],[[6769,7771],[19,8]],[[6894,7752],[-38,27]],[[6994,7739],[-5,23]],[[6844,7772],[-56,7]],[[6788,7779],[56,-7]],[[6709,7745],[-11,0]],[[7225,7775],[-61,-4]],[[6878,7771],[-22,8]],[[6856,7779],[-4,4]],[[6655,7796],[87,-29]],[[6742,7767],[28,-35]],[[6770,7732],[-25,-27]],[[6745,7705],[-29,34]],[[6716,7739],[-7,6]],[[6709,7745],[-68,43]],[[6599,7714],[2,-13]],[[6601,7701],[-83,-2]],[[6518,7699],[36,100]],[[7274,7797],[10,-40]],[[7284,7757],[-59,18]],[[7225,7775],[3,16]],[[7139,7768],[-56,-33]],[[7083,7735],[-32,-44]],[[7039,7691],[-35,22]],[[7004,7713],[-16,6]],[[6988,7719],[6,20]],[[6994,7739],[22,13]],[[7139,7778],[-55,14]],[[6655,7796],[-11,1]],[[6582,7754],[-4,5]],[[6640,7813],[15,-17]],[[7010,7787],[-21,-25]],[[6989,7762],[-11,-19]],[[6978,7743],[-8,-11]],[[6970,7732],[-22,-4]],[[6948,7728],[-48,21]],[[6900,7749],[-6,3]],[[6894,7752],[-16,19]],[[6878,7771],[4,16]],[[7212,7789],[-47,-3]],[[6999,7803],[-73,26]],[[7084,7803],[0,-11]],[[7084,7792],[-68,-40]],[[7016,7752],[-6,35]],[[7010,7787],[-11,16]],[[6999,7803],[0,20]],[[6820,7803],[-22,0]],[[7233,7799],[-5,-8]],[[7228,7791],[-16,-2]],[[7212,7789],[-36,39]],[[6704,7789],[-47,34]],[[6719,7796],[-15,-7]],[[6704,7789],[6,55]],[[6554,7803],[22,31]],[[6752,7787],[-33,9]],[[6719,7796],[-3,48]],[[6798,7837],[0,-34]],[[6798,7803],[-46,-16]],[[6752,7787],[-11,59]],[[6852,7819],[-54,18]],[[6798,7837],[-22,7]],[[6702,7844],[-45,-21]],[[6657,7823],[-9,10]],[[6945,7869],[0,-28]],[[6804,7850],[-7,0]],[[6602,7873],[32,-49]],[[6592,7807],[-10,1]],[[6854,7837],[-50,13]],[[6804,7850],[0,24]],[[6952,7834],[-1,34]],[[7019,7841],[5,32]],[[6877,7872],[15,-38]],[[6916,7829],[-34,-42]],[[6882,7787],[-30,-4]],[[6852,7783],[-32,20]],[[6820,7803],[32,16]],[[6852,7819],[2,18]],[[6854,7837],[5,37]],[[6799,7874],[-2,-24]],[[6797,7850],[-20,2]],[[7132,7789],[-48,14]],[[7084,7803],[-48,13]],[[6602,7873],[-20,-65]],[[6582,7808],[10,-1]],[[6592,7807],[42,17]],[[6634,7824],[6,-11]],[[6640,7813],[-62,-54]],[[6578,7759],[4,-5]],[[6582,7754],[62,43]],[[6644,7797],[-3,-9]],[[6641,7788],[57,-43]],[[6698,7745],[-16,-21]],[[6682,7724],[-3,6]],[[6679,7730],[-68,-14]],[[6611,7716],[-12,-2]],[[6599,7714],[-45,85]],[[6554,7799],[0,4]],[[6554,7803],[22,31]],[[6576,7834],[26,39]],[[7274,7797],[-41,2]],[[7233,7799],[-56,42]],[[7208,7889],[66,-92]],[[6697,7927],[2,-47]],[[6702,7860],[-54,-27]],[[6648,7833],[-34,55]],[[7066,7877],[-42,-4]],[[7024,7873],[-5,-32]],[[7019,7841],[0,-7]],[[7017,7831],[-18,-8]],[[6999,7823],[-73,6]],[[6926,7829],[-10,0]],[[6916,7829],[-24,5]],[[6892,7834],[-15,38]],[[6877,7872],[-18,2]],[[6859,7874],[-55,0]],[[6804,7874],[-5,0]],[[6799,7874],[-1,3]],[[6839,7902],[0,-18]],[[6951,7868],[-6,1]],[[6945,7869],[0,-28]],[[6945,7841],[7,-7]],[[6952,7834],[-1,34]],[[6919,7935],[-16,-1]],[[6697,7940],[-83,-52]],[[6614,7888],[29,51]],[[6802,7913],[-4,-31]],[[7059,7888],[-35,0]],[[6858,7925],[-19,-41]],[[6839,7884],[0,18]],[[6839,7902],[1,8]],[[6987,7943],[-58,-7]],[[6899,7950],[4,-16]],[[6903,7934],[-44,-11]],[[6859,7923],[33,24]],[[7239,7958],[-32,-35]],[[6996,7948],[-9,-5]],[[6697,7955],[-54,-16]],[[6643,7939],[5,48]],[[7239,7958],[-23,8]],[[7260,7987],[-21,-29]],[[6713,7942],[36,-13]],[[6750,7929],[48,-47]],[[6798,7882],[0,-5]],[[6798,7877],[-21,-25]],[[6777,7852],[-1,-8]],[[6776,7844],[-35,2]],[[6741,7846],[-25,-2]],[[6716,7844],[-6,0]],[[6710,7844],[-8,0]],[[6702,7844],[0,16]],[[6702,7860],[-3,20]],[[6699,7880],[-2,47]],[[6697,7927],[0,13]],[[6697,7940],[0,15]],[[6697,7955],[1,20]],[[6934,7968],[-5,-32]],[[6929,7936],[-10,-1]],[[6919,7935],[0,16]],[[6832,7966],[-7,1]],[[6829,7978],[-11,24]],[[7260,7991],[0,-4]],[[7260,7987],[-44,-21]],[[7216,7966],[-8,4]],[[7111,7914],[-31,-5]],[[7077,7910],[-7,0]],[[7068,7888],[-9,0]],[[7059,7888],[-35,0]],[[7024,7888],[-28,60]],[[6996,7948],[-6,24]],[[6773,7967],[-34,21]],[[7260,7991],[-41,-9]],[[7284,8016],[48,7]],[[7344,8025],[-84,-34]],[[7129,8021],[60,8]],[[6699,7990],[-1,-15]],[[6698,7975],[-50,12]],[[6648,7987],[-3,41]],[[6934,7991],[-15,-40]],[[6919,7951],[-20,-1]],[[6899,7950],[-7,-3]],[[6892,7947],[-33,-24]],[[6859,7923],[-1,2]],[[6858,7925],[-24,42]],[[6820,8002],[-2,0]],[[6818,8002],[7,-35]],[[6825,7967],[15,-57]],[[6840,7910],[-38,3]],[[6802,7913],[-52,16]],[[6750,7929],[-1,0]],[[6749,7929],[-36,13]],[[6713,7942],[0,42]],[[6715,7990],[24,-2]],[[6739,7988],[34,-21]],[[6773,7967],[-58,42]],[[7330,8029],[-4,16]],[[7284,8016],[-65,-34]],[[7219,7982],[-13,-7]],[[7205,8032],[79,-16]],[[6700,7995],[-55,33]],[[6645,8028],[-7,30]],[[6645,8073],[38,-38]],[[7371,8078],[1,-32]],[[6645,8073],[38,-38]],[[6683,8035],[102,2]],[[6797,8033],[-82,-24]],[[6715,8009],[0,-19]],[[6715,7990],[-2,-6]],[[6713,7984],[-14,6]],[[6699,7990],[1,5]],[[6700,7995],[-62,63]],[[6638,8058],[7,15]],[[7372,8046],[-1,32]],[[7371,8078],[-45,-33]],[[7326,8045],[4,-16]],[[7330,8029],[2,-6]],[[7332,8023],[12,2]],[[7344,8025],[28,21]],[[6783,8068],[-60,38]],[[6820,8036],[-23,-3]],[[6797,8033],[-1,6]],[[6710,8101],[-1,18]],[[6874,8121],[61,12]],[[6873,8157],[1,-20]],[[6948,8134],[61,24]],[[6952,7999],[-18,-8]],[[6934,7991],[-103,25]],[[6832,8044],[109,8],[-110,35]],[[6841,8121],[94,12]],[[6935,8133],[13,1]],[[6948,8134],[61,24]],[[7009,8158],[3,0]],[[7120,8127],[-1,36]],[[7124,8127],[-5,36]],[[7119,8163],[-35,0]],[[6888,8191],[-15,-34]],[[6873,8157],[1,-20]],[[6874,8137],[0,-16]],[[6874,8121],[-33,0]],[[6841,8121],[-10,5]],[[6721,8122],[37,96]],[[6919,8216],[6,-4]],[[6930,8208],[-42,-17]],[[6888,8191],[-43,1]],[[6913,8218],[-56,26]],[[6858,8253],[-1,-9]],[[6857,8244],[-12,-52]],[[6845,8192],[-14,-66]],[[6831,8126],[0,-39]],[[6831,8087],[1,-43]],[[6832,8044],[-1,-28]],[[6831,8016],[3,-49]],[[6834,7967],[-2,-1]],[[6832,7966],[-3,12]],[[6829,7978],[-9,24]],[[6820,8002],[0,34]],[[6820,8036],[-4,80]],[[7081,8178],[3,-15]],[[7084,8163],[36,-36]],[[7120,8127],[4,0]],[[7124,8127],[40,52]],[[7174,8256],[97,-66],[-142,-169]],[[7129,8021],[60,8]],[[7189,8029],[16,3]],[[7205,8032],[1,-57]],[[7206,7975],[2,-5]],[[7208,7970],[-1,-47]],[[7207,7923],[1,-34]],[[7208,7889],[-31,-48]],[[7177,7841],[-1,-13]],[[7176,7828],[-11,-42]],[[7165,7786],[-1,-15]],[[7164,7771],[106,-64]],[[7270,7707],[-18,-171]],[[7252,7536],[-74,64]],[[7178,7600],[-24,3]],[[7154,7603],[-81,7]],[[7073,7610],[-44,64]],[[7029,7674],[4,8]],[[7033,7682],[6,9]],[[7039,7691],[12,0]],[[7051,7691],[89,43]],[[7140,7734],[-1,34]],[[7139,7768],[0,10]],[[7139,7778],[-7,11]],[[7132,7789],[-96,27]],[[7036,7816],[-19,15]],[[7017,7831],[2,3]],[[7019,7834],[47,43]],[[7066,7877],[2,11]],[[7068,7888],[2,22]],[[7070,7910],[7,0]],[[7077,7910],[3,-1]],[[7080,7909],[31,5]],[[7111,7914],[-121,58]],[[6990,7972],[-3,-29]],[[6987,7943],[-53,25]],[[6934,7968],[18,31]],[[6952,7999],[60,159]],[[7012,8158],[-82,50]],[[6930,8208],[-5,4]],[[6925,8212],[-6,4]],[[6919,8216],[-6,2]],[[6913,8218],[17,14]],[[6930,8237],[47,7]],[[7174,8256],[-10,-77]],[[7164,8179],[-83,-1]],[[7081,8178],[-25,26]],[[7057,8227],[-1,-3]],[[7064,8222],[5,-2]],[[7144,8268],[30,-12]],[[7144,8268],[-75,-48]],[[7069,8220],[-5,2]],[[7064,8222],[-8,2]],[[7056,8224],[3,8]],[[7077,8251],[2,8]],[[7134,8268],[10,0]],[[6930,8237],[0,-5]],[[6930,8232],[-70,21]],[[6862,8278],[68,-41]],[[6862,8278],[-2,-25]],[[6860,8253],[-2,0]],[[6858,8253],[-42,-137]],[[6816,8116],[-20,-77]],[[6796,8039],[-11,-2]],[[6785,8037],[-2,31]],[[6783,8068],[-60,38]],[[6723,8106],[-13,-5]],[[6710,8101],[-1,18]],[[6709,8119],[12,3]],[[6721,8122],[37,96]],[[6758,8218],[104,60]],[[6786,8175],[34,1],[-2,42],[-35,-3],[3,-40]],[[7079,8259],[-2,-8]],[[7077,8251],[-18,-19]],[[7059,8232],[-2,-5]],[[7057,8227],[-1,-23]],[[7056,8204],[-79,40]],[[6977,8244],[67,40]],[[7085,8259],[-6,0]],[[7134,8268],[-49,-9]],[[7085,8259],[-41,25]],[[7044,8284],[90,-16]],[[6928,8289],[10,65]],[[6995,8301],[-13,-12]],[[7047,8354],[-52,-53]],[[6995,8301],[16,81]],[[7281,8452],[-51,-25]],[[7039,8417],[-28,-35]],[[7011,8382],[-29,-93]],[[6982,8289],[-54,0]],[[6928,8289],[10,65]],[[6938,8354],[20,30]],[[7170,8403],[-123,-49]],[[7047,8354],[-8,63]],[[7039,8417],[38,34]],[[7148,8479],[20,-30]],[[7209,8451],[-11,1]],[[7198,8467],[-1,18]],[[7220,8453],[0,28]],[[7245,8509],[7,8]],[[7251,8464],[5,57]],[[7281,8487],[-22,-23]],[[7281,8487],[-13,40]],[[7283,8531],[-2,-44]],[[6906,8468],[-19,66]],[[6906,8468],[-19,66]],[[6887,8534],[5,0]],[[6926,8475],[-20,-7]],[[7164,8477],[-16,2]],[[7148,8479],[-71,-28]],[[7077,8451],[-52,-6]],[[7011,8534],[10,-1]],[[7220,8492],[0,-11]],[[7220,8481],[-23,4]],[[7197,8485],[1,-18]],[[7198,8467],[0,-15]],[[7198,8452],[11,-1]],[[7209,8451],[11,2]],[[7220,8453],[31,11]],[[7251,8464],[8,0]],[[7259,8464],[22,-12]],[[7281,8452],[-51,-25]],[[7230,8427],[-60,-24]],[[7170,8403],[-2,46]],[[7168,8449],[-4,28]],[[7164,8477],[1,29]],[[7165,8534],[54,-34]],[[7165,8534],[0,-28]],[[7165,8506],[-144,27]],[[7021,8533],[18,1]],[[7043,8534],[122,0]],[[7025,8445],[-67,-61]],[[6958,8384],[-32,91]],[[6926,8475],[-34,59]],[[6892,8534],[38,3]],[[6936,8537],[17,-2]],[[7005,8535],[5,-1]],[[7010,8534],[15,-89]],[[7220,8492],[-1,8]],[[7219,8500],[4,9]],[[7263,8541],[10,2]],[[7282,8545],[1,-14]],[[7283,8531],[-15,-4]],[[7268,8527],[-12,-6]],[[7256,8521],[-4,-4]],[[7252,8517],[-7,-8]],[[7245,8509],[-25,-17]],[[7281,8553],[1,-8]],[[7282,8545],[-9,-2]],[[7273,8543],[-10,-2]],[[7263,8541],[-40,-32]],[[7223,8509],[41,61]],[[7281,8553],[-17,17]],[[7264,8570],[17,-17]],[[6547,8586],[-19,12],[-58,-77],[67,179],[10,-114]],[[6942,7718],[30,-9]],[[6972,7709],[-24,-28]],[[6948,7681],[-6,12]],[[6932,7695],[10,23]],[[6942,7718],[0,-25]],[[6942,7693],[-10,2]],[[5382,1934],[-86,-39]],[[5383,2046],[8,-3]],[[5383,2046],[8,-3]],[[5391,2043],[-9,-109]],[[5382,1934],[-1,7]],[[5382,1941],[-1,0]],[[5381,1941],[-85,-46]],[[5296,1895],[87,151]],[[5453,2054],[-29,-16]],[[5383,2051],[-61,69]],[[5431,2066],[0,-2]],[[5387,2050],[-4,1]],[[5383,2051],[-61,69]],[[5322,2120],[1,12]],[[5135,2075],[0,52]],[[5217,2029],[-31,5]],[[5125,2043],[-76,-21]],[[4974,2005],[161,70]],[[5135,2075],[0,52]],[[5135,2127],[-2,10]],[[5327,2148],[6,24]],[[5328,2172],[-7,-23]],[[5596,2190],[-56,-6]],[[5446,2206],[2,-13]],[[5464,2127],[-11,-73]],[[5453,2054],[-22,12]],[[5431,2066],[-108,66]],[[5323,2132],[4,16]],[[5327,2148],[51,17]],[[5428,2262],[25,-11]],[[5058,2210],[-1,0]],[[5134,2151],[50,61]],[[5446,2206],[7,45]],[[5453,2251],[-7,-45]],[[5626,2226],[-30,-36]],[[5596,2190],[-31,13]],[[5233,2247],[26,-52]],[[5378,2165],[-45,7]],[[5333,2172],[95,90]],[[5428,2262],[-50,-97]],[[5423,2268],[-64,39]],[[5632,2308],[-6,-82]],[[5626,2226],[-38,33]],[[5360,2264],[-14,-39]],[[5552,2259],[-94,-54],[78,112]],[[5458,2267],[-35,1]],[[5423,2268],[-64,39]],[[5359,2307],[-5,16]],[[5632,2308],[-44,-49]],[[5588,2259],[-23,-56]],[[5565,2203],[-25,-19]],[[5540,2184],[12,75]],[[5552,2259],[-16,58]],[[5536,2317],[96,-9]],[[5440,2320],[-33,19]],[[5432,2348],[-1,-11]],[[5431,2337],[-5,7]],[[5075,2321],[-17,-111]],[[5058,2210],[-1,0]],[[5057,2210],[-11,109]],[[5271,2341],[-49,10]],[[5309,2321],[-24,48]],[[5327,2394],[17,-64]],[[5352,2331],[-17,67]],[[5171,2414],[55,-12]],[[5095,2415],[-20,-94]],[[5075,2321],[-29,-2]],[[5046,2319],[33,99]],[[5482,2414],[-17,-85]],[[5113,2372],[9,65]],[[5141,2457],[30,-43]],[[5306,2443],[3,-8]],[[5333,2406],[-14,29]],[[5432,2348],[-6,-4]],[[5426,2344],[-19,-5]],[[5407,2339],[-53,-16]],[[5354,2323],[-2,8]],[[5352,2331],[-17,67]],[[5335,2398],[-2,8]],[[5333,2406],[-14,29]],[[5319,2435],[-4,7]],[[5371,2455],[6,-5]],[[5306,2443],[-29,-14]],[[5277,2429],[29,14]],[[5478,2419],[-15,-95]],[[5483,2313],[2,-2]],[[5466,2283],[-26,37]],[[5440,2320],[-9,17]],[[5431,2337],[1,11]],[[5432,2348],[-28,107]],[[5367,2454],[-51,-12]],[[5095,2415],[-16,3]],[[5079,2418],[16,-3]],[[5577,2405],[2,-7]],[[5584,2374],[-126,-107]],[[5458,2267],[8,16]],[[5466,2283],[19,28]],[[5485,2311],[-2,2]],[[5483,2313],[-7,6]],[[5492,2471],[78,-24]],[[5458,2439],[-41,19]],[[5452,2475],[-35,-17]],[[5417,2458],[-13,-3]],[[5404,2455],[-27,-5]],[[5377,2450],[0,25]],[[5371,2455],[-4,-1]],[[5367,2454],[-51,-12]],[[5316,2442],[-1,0]],[[5315,2442],[56,13]],[[5492,2471],[-16,-152]],[[5476,2319],[-13,5]],[[5463,2324],[2,5]],[[5465,2329],[17,85]],[[5482,2414],[-4,5]],[[5478,2419],[-20,20]],[[5458,2439],[-6,36]],[[5452,2475],[-9,13]],[[5479,2529],[13,-58]],[[5432,2549],[47,-20]],[[5479,2529],[-36,-41]],[[5443,2488],[-66,-13]],[[5377,2475],[54,70]],[[5448,2573],[-15,-18]],[[5461,2592],[-1,67]],[[5497,2711],[-37,-131]],[[5497,2711],[-37,-52]],[[5460,2659],[37,52]],[[5448,2193],[16,-66]],[[5464,2127],[-16,66]],[[5431,2064],[-7,-26]],[[5424,2038],[-37,12]],[[5387,2050],[44,14]],[[5186,2034],[-212,-29]],[[4974,2005],[75,17]],[[5049,2022],[76,21]],[[5125,2043],[61,-9]],[[5317,2133],[-100,-104]],[[5217,2029],[40,91]],[[5577,2405],[-7,42]],[[5570,2447],[7,-42]],[[5584,2374],[-5,24]],[[5579,2398],[5,-24]],[[5303,2251],[-70,-4]],[[5233,2247],[-1,14]],[[5461,2592],[-1,-12]],[[5460,2580],[-12,-7]],[[5448,2573],[-15,-18]],[[5433,2555],[-1,-6]],[[5432,2549],[-1,-4]],[[5431,2545],[30,47]],[[5113,2372],[16,14]],[[5129,2388],[0,-2]],[[5129,2386],[42,28]],[[5171,2414],[42,-51]],[[5187,2307],[-74,65]],[[5168,2357],[-13,-2],[0,-21],[10,0],[3,23]],[[5327,2394],[-45,-8]],[[5282,2386],[2,0]],[[5284,2386],[1,-17]],[[5285,2369],[24,-48]],[[5309,2321],[19,0]],[[5196,2307],[-9,0]],[[5187,2307],[26,56]],[[5213,2363],[13,39]],[[5226,2402],[51,27]],[[5277,2429],[32,6]],[[5309,2435],[18,-41]],[[5222,2351],[49,-10]],[[5271,2341],[-49,10]],[[5360,2264],[-14,-39]],[[5346,2225],[-18,-53]],[[5328,2172],[-7,-23]],[[5321,2149],[-4,-16]],[[5317,2133],[-60,-13]],[[5257,2120],[-124,17]],[[5133,2137],[1,14]],[[5134,2151],[50,61]],[[5184,2212],[12,95]],[[5196,2307],[132,14]],[[5328,2321],[16,9]],[[5344,2330],[16,-66]],[[5259,2195],[44,56]],[[5303,2251],[-71,10]],[[5232,2261],[27,-66]],[[5123,2443],[-17,-14],[-6,-3],[14,19],[9,-2]],[[5122,2437],[19,20]],[[5141,2457],[-19,-20]],[[2437,188],[70,-33]],[[2522,148],[-126,42]],[[2325,206],[14,-4]],[[2381,190],[-65,17]],[[2522,148],[-15,7]],[[2507,155],[-70,33]],[[2437,188],[-36,18]],[[2528,196],[-6,-48]],[[2316,207],[2,12]],[[2364,202],[17,-12]],[[2381,190],[-42,12]],[[2339,202],[-14,4]],[[2325,206],[-9,1]],[[2395,228],[133,-32]],[[2528,196],[-123,20]],[[2405,216],[-4,-10]],[[2401,206],[-5,-16]],[[2396,190],[-32,12]],[[2364,202],[-29,15]],[[2348,239],[47,-11]],[[2395,228],[10,-12]],[[2318,219],[-11,-2]],[[2285,253],[63,-14]],[[2348,239],[-13,-22]],[[2335,217],[-17,2]],[[2285,253],[22,-36]],[[2307,217],[-22,36]],[[2242,253],[-115,-3]],[[2007,266],[-6,23]],[[2242,253],[-115,-3]],[[2127,250],[-28,23]],[[2243,264],[-1,-11]],[[2001,289],[18,13]],[[2015,270],[-8,-4]],[[2007,266],[-6,23]],[[2096,297],[3,-24]],[[2099,273],[-84,-3]],[[2015,270],[6,10]],[[2093,301],[-8,7]],[[2212,341],[18,-33]],[[2178,289],[-30,24]],[[2171,339],[-25,-2]],[[2071,304],[-50,-24]],[[2021,280],[-2,22]],[[2019,302],[57,61]],[[2153,367],[-5,-22]],[[2212,341],[-41,-2]],[[2171,339],[4,23]],[[2187,384],[25,-43]],[[2157,423],[28,-35]],[[2076,363],[11,20]],[[2084,355],[-8,8]],[[2147,427],[10,-4]],[[2157,423],[28,-35]],[[2185,388],[2,-4]],[[2187,384],[-12,-22]],[[2175,362],[-22,5]],[[2153,367],[-7,11]],[[2140,427],[7,0]],[[2147,427],[-7,-36]],[[2130,394],[-1,9]],[[2129,403],[11,24]],[[2140,427],[-11,-24]],[[2116,404],[-29,-21]],[[2087,383],[-29,5]],[[2098,435],[23,-31]],[[2098,435],[-40,-47]],[[2058,388],[40,47]],[[2214,430],[-51,42]],[[2149,439],[-50,13],[4,37],[53,-46],[-7,-4]],[[2154,476],[-6,62]],[[2162,502],[5,26]],[[2223,546],[1,-6]],[[2225,528],[2,-10]],[[2214,521],[-15,13]],[[2209,553],[4,14]],[[2241,493],[-27,-63]],[[2214,430],[-51,42]],[[2163,472],[-9,4]],[[2154,476],[8,26]],[[2162,502],[29,57]],[[2213,567],[-4,-14]],[[2209,553],[-10,-19]],[[2199,534],[15,-13]],[[2214,521],[13,-3]],[[2227,518],[-2,10]],[[2225,528],[-1,12]],[[2224,540],[-1,6]],[[2223,546],[-3,20]],[[2174,492],[48,-29],[7,34],[-44,20],[-11,-25]],[[2167,528],[-19,10]],[[2148,538],[15,35]],[[2182,565],[-15,-37]],[[2241,493],[-19,77]],[[2224,573],[17,-80]],[[2217,608],[7,-35]],[[2224,573],[-2,-3]],[[2222,570],[-2,-4]],[[2220,566],[-7,1]],[[2213,567],[-7,2]],[[2207,587],[-1,-18]],[[2206,569],[-15,-10]],[[2191,559],[-9,6]],[[2182,565],[-19,8]],[[2163,573],[19,63]],[[2213,651],[4,-43]],[[2217,608],[-10,-21]],[[2207,587],[3,48]],[[2182,636],[15,37]],[[2210,648],[0,-13]],[[2210,635],[-28,1]],[[2210,648],[-13,25]],[[2197,673],[16,-22]],[[2213,651],[-3,-3]],[[2107,294],[-11,3]],[[2096,297],[-3,4]],[[2093,301],[-8,7]],[[2085,308],[-14,-4]],[[2071,304],[13,51]],[[2084,355],[32,49]],[[2116,404],[5,0]],[[2121,404],[9,-10]],[[2130,394],[10,-3]],[[2140,391],[6,-13]],[[2146,378],[2,-33]],[[2148,345],[-2,-8]],[[2146,337],[2,-24]],[[2148,313],[1,-16]],[[2127,294],[-3,2]],[[2125,296],[2,-2]],[[2127,294],[22,3]],[[2149,297],[29,-8]],[[2178,289],[52,19]],[[2230,308],[13,-44]],[[2243,264],[-119,28]],[[2125,296],[-1,-4]],[[2124,292],[-17,2]],[[2107,294],[17,2]],[[2124,296],[1,0]],[[9708,6613],[8,-4]],[[9781,6559],[-75,-3]],[[9813,6592],[-21,0]],[[9792,6592],[6,-25]],[[9792,6645],[0,-53]],[[9673,6645],[15,-29]],[[9688,6614],[-3,-29]],[[9596,6593],[-4,56]],[[9731,6608],[-1,13]],[[9723,6621],[-7,-1]],[[9716,6626],[-1,16]],[[9754,6629],[-1,-8]],[[9753,6608],[-22,0]],[[9594,6657],[-2,65]],[[9834,6757],[10,-39]],[[9807,6810],[27,-53]],[[9834,6757],[-53,-6]],[[9731,6696],[-73,27]],[[9706,6756],[-18,5]],[[9650,6670],[-1,38]],[[9760,6696],[-23,43]],[[9584,6749],[-6,81]],[[9676,6820],[12,-59]],[[9688,6761],[-35,-38]],[[9807,6810],[-32,-2]],[[9801,6883],[6,-73]],[[9729,6863],[-10,28]],[[9716,6892],[13,-29]],[[9729,6863],[-1,24]],[[9716,6892],[-9,1]],[[9697,6903],[19,-11]],[[9707,6893],[11,-55]],[[9595,6846],[-1,1]],[[9644,6926],[53,-23]],[[9697,6903],[10,-10]],[[9644,6926],[-50,-79]],[[9594,6847],[-1,0]],[[9576,6849],[68,77]],[[9757,6894],[-29,-7]],[[9728,6887],[-9,4]],[[9719,6891],[35,68]],[[9807,6955],[-6,-72]],[[9801,6883],[-30,-3]],[[9753,6621],[1,8]],[[9754,6629],[-39,13]],[[9715,6642],[1,-16]],[[9716,6626],[0,-6]],[[9716,6620],[7,1]],[[9723,6621],[7,0]],[[9730,6621],[1,-13]],[[9731,6608],[-15,1]],[[9716,6609],[-8,4]],[[9708,6613],[-20,3]],[[9688,6616],[0,-2]],[[9688,6614],[-15,31]],[[9673,6645],[-19,2]],[[9650,6658],[0,12]],[[9650,6670],[1,5]],[[9680,6674],[51,22]],[[9731,6696],[29,0]],[[9760,6696],[-23,43]],[[9737,6739],[-31,17]],[[9706,6756],[-30,64]],[[9676,6820],[-26,-2]],[[9620,6799],[-42,31]],[[9578,6830],[-2,19]],[[9576,6849],[17,-2]],[[9593,6847],[2,-1]],[[9595,6846],[2,0]],[[9673,6849],[45,-11]],[[9718,6838],[39,56]],[[9757,6894],[-3,65]],[[9754,6959],[10,9]],[[9768,6960],[3,-80]],[[9771,6880],[4,-72]],[[9775,6808],[6,-57]],[[9781,6751],[63,-33]],[[9844,6718],[-63,-159]],[[9781,6559],[-28,49]],[[9753,6608],[0,13]],[[9796,6687],[-28,0],[0,-29],[46,-1],[-18,30]],[[9798,6567],[15,25]],[[9813,6592],[-21,53]],[[9792,6645],[6,-78]],[[9807,6955],[-39,5]],[[9768,6960],[-4,8]],[[9764,6968],[43,-13]],[[9653,6723],[5,0]],[[9658,6723],[22,-49]],[[9680,6674],[-29,1]],[[9651,6675],[-2,33]],[[9649,6708],[-57,14]],[[9592,6722],[-8,27]],[[9584,6749],[36,50]],[[9620,6799],[30,19]],[[9650,6818],[3,-95]],[[9594,6657],[56,1]],[[9650,6658],[4,-11]],[[9654,6647],[31,-62]],[[9685,6585],[20,3]],[[9705,6589],[0,-1]],[[9705,6588],[1,-32]],[[9706,6556],[-110,37]],[[9596,6593],[43,-7]],[[9642,6620],[2,19]],[[9633,6650],[-41,-1]],[[9592,6649],[2,8]],[[9597,6846],[76,3]],[[9673,6849],[-76,-3]],[[9633,6650],[11,-11]],[[9644,6639],[-2,-19]],[[9642,6620],[-3,-34]],[[9639,6586],[-6,64]],[[9882,7521],[-43,-7]],[[9826,7544],[13,-30]],[[9839,7514],[-42,70]],[[9882,7521],[-2,8]],[[9923,7589],[-41,-68]],[[9919,7587],[-13,-52]],[[9802,7583],[-5,1]],[[9797,7584],[-37,61]],[[9943,7648],[-18,-48]],[[9917,7593],[-11,-58]],[[9906,7535],[-26,-6]],[[9880,7529],[-14,15]],[[9941,7650],[2,-2]],[[9943,7648],[-41,13]],[[9941,7650],[-42,16]],[[9905,7682],[36,-32]],[[9837,7664],[29,-120]],[[9866,7544],[-40,0]],[[9826,7544],[-24,39]],[[9802,7583],[-42,62]],[[9760,7645],[-15,49]],[[9769,7686],[51,-12]],[[9769,7686],[-8,20]],[[9776,7693],[-7,-7]],[[9690,7690],[1,1]],[[9683,7682],[-5,29]],[[9814,7702],[-38,-9]],[[9776,7693],[-5,14]],[[9925,7600],[-2,-11]],[[9923,7589],[-4,-2]],[[9919,7587],[-2,6]],[[9917,7593],[-80,71]],[[9837,7664],[-17,10]],[[9820,7674],[-6,28]],[[9814,7702],[-3,37]],[[9825,7697],[33,-23]],[[9898,7674],[1,-8]],[[9899,7666],[3,-5]],[[9902,7661],[23,-61]],[[9905,7682],[-7,-8]],[[9898,7674],[-40,0]],[[9858,7674],[-33,23]],[[9825,7697],[-11,50]],[[9879,7750],[26,-68]],[[9759,7706],[-14,-12]],[[9745,7694],[-23,49]],[[9732,7751],[-10,-8]],[[9722,7743],[-12,23]],[[9777,7772],[23,-15]],[[9814,7747],[-3,-8]],[[9811,7739],[-40,-32]],[[9771,7707],[-10,-1]],[[9761,7706],[-2,0]],[[9759,7706],[-27,45]],[[9732,7751],[-8,13]],[[9862,7805],[17,-55]],[[9879,7750],[-65,-3]],[[9814,7747],[-3,7]],[[9862,7805],[-51,-51]],[[9811,7754],[-4,6]],[[9822,7811],[40,-6]],[[9682,7846],[-44,2]],[[9651,7861],[-13,-13]],[[9638,7848],[-32,34]],[[9746,7821],[-15,-47]],[[9722,7768],[-12,-2]],[[9710,7766],[-24,82]],[[9730,7864],[25,42]],[[9798,7821],[-49,20]],[[9802,7915],[32,-8]],[[9802,7915],[32,-8]],[[9834,7907],[51,24]],[[9861,7899],[-38,-18]],[[9773,7934],[29,-19]],[[9635,7874],[-29,8]],[[9606,7882],[72,58]],[[9758,7923],[-80,17]],[[9678,7940],[88,-5]],[[9561,7954],[37,-70]],[[9561,7954],[37,-70]],[[9598,7884],[-157,66],[120,4]],[[9823,7881],[38,18]],[[9861,7899],[24,32]],[[9885,7931],[-63,-120]],[[9822,7811],[-1,-2]],[[9812,7828],[-57,78]],[[9755,7906],[-33,-56]],[[9717,7853],[-31,-5]],[[9686,7848],[-4,-2]],[[9682,7846],[-31,15]],[[9651,7861],[-16,13]],[[9635,7874],[123,49]],[[9758,7923],[8,12]],[[9766,7935],[7,-1]],[[9773,7934],[50,-53]],[[9798,7821],[14,7]],[[9812,7828],[9,-19]],[[9821,7809],[-24,-33]],[[9803,7768],[4,-8]],[[9807,7760],[-7,-3]],[[9800,7757],[-23,15]],[[9777,7772],[-53,-8]],[[9724,7764],[-2,4]],[[9722,7768],[9,6]],[[9731,7774],[15,47]],[[9746,7821],[-29,32]],[[9717,7853],[5,-3]],[[9740,7840],[58,-19]],[[9690,7690],[-5,9]],[[9698,7706],[5,-16]],[[9696,7694],[-6,-4]],[[9698,7706],[-13,-7]],[[9685,7699],[-7,12]],[[9678,7711],[20,-5]],[[9683,7682],[8,9]],[[9691,7691],[5,3]],[[9696,7694],[7,-4]],[[9703,7690],[-20,-8]],[[9749,7841],[-9,-1]],[[9740,7840],[-18,10]],[[9722,7850],[8,14]],[[9730,7864],[19,-23]],[[9809,7776],[-6,-8]],[[9803,7768],[-6,8]],[[9797,7776],[1,0]],[[9809,7776],[-11,0]],[[9798,7776],[11,0]],[[6117,6580],[13,0]],[[6134,6580],[-27,-12]],[[6107,6569],[-1,4]],[[6106,6577],[10,3]],[[6522,6029],[0,-12]],[[6522,6015],[0,-4]],[[6522,6007],[-6,-8]],[[6515,5998],[-21,32]],[[6495,6029],[-1,1]],[[6494,6030],[-11,159]],[[6517,6083],[13,125]],[[6525,6095],[-8,-12]],[[6517,6083],[13,125]],[[6530,6208],[7,0]],[[6562,6202],[-37,-107]],[[6525,6095],[12,113]],[[6537,6208],[23,0]],[[6571,6117],[6,73]],[[6586,6141],[16,64]],[[6617,6200],[-15,5]],[[6602,6205],[-15,1]],[[6575,6209],[3,37]],[[6560,6208],[-2,8]],[[6578,6251],[0,-5]],[[6578,6246],[-3,-37]],[[6575,6209],[12,-3]],[[6587,6206],[-10,-16]],[[6577,6190],[-15,12]],[[6562,6202],[-2,6]],[[6622,6219],[-28,30]],[[6594,6254],[-14,1]],[[6592,6271],[-12,-1]],[[6533,6300],[-38,90]],[[6465,6295],[-16,172]],[[6549,6421],[-55,4]],[[6449,6467],[-3,20]],[[6414,6592],[-2,14]],[[6478,6783],[106,-50]],[[6497,6478],[-3,-53]],[[6494,6425],[1,-35]],[[6495,6390],[38,-90]],[[6533,6300],[13,-20]],[[6546,6264],[12,-48]],[[6558,6216],[-75,-27]],[[6483,6189],[-18,106]],[[6465,6295],[-16,172]],[[6509,6808],[85,8]],[[6467,6804],[-3,29]],[[6551,6765],[-84,39]],[[6467,6804],[-3,29]],[[6464,6833],[17,-3]],[[6494,6810],[15,-2]],[[6509,6808],[56,-9]],[[6434,6681],[44,102]],[[6478,6783],[10,-163]],[[6525,6679],[51,53]],[[6551,6436],[-35,38]],[[6434,6681],[54,-61]],[[6488,6620],[-76,-14]],[[6412,6606],[22,75]],[[6495,6589],[4,16]],[[6587,6743],[-32,20]],[[6545,6551],[-8,1]],[[6527,6564],[21,19]],[[6531,6525],[-15,-6]],[[6492,6521],[3,68]],[[6495,6589],[32,-25]],[[6527,6564],[5,-7]],[[6537,6552],[-6,-27]],[[6531,6525],[1,32]],[[6532,6557],[5,-5]],[[6565,6799],[29,17]],[[6594,6816],[31,12]],[[6613,6806],[-58,-43]],[[6555,6763],[-4,2]],[[6551,6765],[14,34]],[[6557,6776],[0,0]],[[6446,6487],[-32,105]],[[6414,6592],[32,-105]],[[6572,6581],[27,-4]],[[6516,6519],[0,-45]],[[6516,6474],[-19,4]],[[6497,6478],[-5,43]],[[6492,6521],[24,-2]],[[6597,6626],[-25,-45]],[[6572,6581],[37,-98]],[[6594,6256],[-2,15]],[[6592,6271],[-12,-1]],[[6580,6270],[0,-15]],[[6580,6255],[-2,-4]],[[6578,6251],[-32,13]],[[6546,6264],[0,16]],[[6546,6280],[3,141]],[[6549,6421],[2,15]],[[6551,6436],[-6,115]],[[6545,6551],[3,32]],[[6548,6583],[-49,22]],[[6499,6605],[26,74]],[[6525,6679],[51,53]],[[6576,6732],[8,1]],[[6584,6733],[61,-7]],[[6599,6577],[-1,9]],[[6494,6810],[-13,20]],[[6481,6830],[0,0]],[[6481,6830],[13,-20]],[[6732,6198],[-86,-90]],[[6623,6200],[0,10]],[[6732,6198],[-36,0]],[[6731,6205],[1,-7]],[[6641,6204],[-18,6]],[[6623,6210],[-1,9]],[[6622,6219],[-1,11]],[[6665,6245],[-44,-15]],[[6621,6230],[-27,19]],[[6594,6249],[0,5]],[[6594,6254],[0,2]],[[6594,6256],[72,2]],[[6609,6483],[-10,94]],[[6599,6577],[26,50]],[[6656,6394],[75,-189]],[[6731,6205],[-35,-7]],[[6696,6198],[-50,-90]],[[6646,6108],[-3,-66]],[[6562,6040],[-2,0]],[[6560,6040],[11,77]],[[6571,6117],[15,24]],[[6586,6141],[31,59]],[[6617,6200],[6,0]],[[6623,6200],[18,4]],[[6641,6204],[24,41]],[[6665,6245],[1,13]],[[6666,6258],[-57,225]],[[6678,6461],[-22,-67]],[[6656,6394],[-34,85]],[[6639,6829],[10,-73]],[[6613,6806],[12,22]],[[6625,6828],[14,1]],[[6639,6829],[10,-73]],[[6649,6756],[-62,-13]],[[6587,6743],[26,63]],[[6635,6708],[10,18]],[[6645,6726],[10,-6]],[[6655,6720],[26,-14]],[[6647,6700],[8,20]],[[6647,6700],[29,-9]],[[6667,6625],[-39,14]],[[6630,6645],[46,46]],[[6676,6691],[5,15]],[[6681,6706],[10,-7]],[[6691,6699],[11,-5]],[[6667,6625],[24,74]],[[6677,6621],[25,73]],[[6702,6694],[23,-90]],[[6647,6700],[-17,-55]],[[6630,6645],[-2,-6]],[[6628,6639],[-3,-12]],[[6625,6627],[-27,-41]],[[6598,6586],[-1,40]],[[6597,6626],[38,82]],[[6635,6708],[12,-8]],[[6663,6613],[4,12]],[[6667,6625],[10,-4]],[[6677,6621],[29,-11]],[[6684,6547],[22,63]],[[6706,6610],[19,-6]],[[6725,6604],[-24,-75]],[[6663,6613],[21,-66]],[[6684,6547],[17,-18]],[[6701,6529],[-23,-68]],[[6678,6461],[-56,18]],[[6622,6479],[41,134]],[[7465,6255],[-35,21]],[[7467,6320],[3,1]],[[7477,6324],[20,2]],[[7497,6326],[-11,-2]],[[7565,6376],[-100,-121]],[[7465,6255],[-35,21]],[[7430,6276],[46,82]],[[7477,6324],[-7,-3]],[[7470,6321],[-3,-1]],[[7467,6320],[-5,-18]],[[7462,6302],[0,1]],[[7462,6303],[35,23]],[[7477,6324],[-1,34]],[[7476,6358],[89,18]],[[7565,6376],[-79,-52]],[[7486,6324],[-9,0]],[[7145,5889],[4,-1]],[[7085,5838],[4,5]],[[6552,5732],[-39,-33]],[[6490,5670],[-5,14]],[[6440,5664],[2,1]],[[6458,5672],[1,-12]],[[6458,5659],[-6,-3]],[[6394,5534],[1,-2]],[[6390,5557],[-1,3]],[[6430,5748],[1,-27]],[[6329,5985],[64,143]],[[6643,6042],[1,-39]],[[6463,6005],[9,0]],[[6498,5978],[54,45]],[[6441,5893],[3,-120]],[[6435,5772],[-1,0]],[[6495,5875],[1,10]],[[6302,5851],[3,19]],[[7105,5731],[0,63]],[[6956,5602],[42,19]],[[6329,5985],[64,143]],[[6393,6128],[31,-37]],[[6408,6091],[-28,-26]],[[6303,5872],[26,113]],[[6552,6023],[10,17]],[[6562,6040],[81,2]],[[6643,6042],[1,-39]],[[6644,6003],[-14,-284]],[[6630,5741],[0,12]],[[6561,5986],[-9,37]],[[6495,6029],[65,11]],[[6560,6040],[-45,-42]],[[6515,5998],[1,1]],[[6516,5999],[6,8]],[[6522,6007],[0,4]],[[6522,6011],[0,4]],[[6522,6015],[0,2]],[[6522,6017],[0,12]],[[6522,6029],[-27,0]],[[7220,5993],[-12,-1]],[[7201,5992],[5,14]],[[6426,5966],[27,28]],[[6455,5972],[-12,-40]],[[7208,5960],[6,2]],[[7234,5962],[-16,-33]],[[7154,5908],[24,20]],[[6525,5882],[-9,1]],[[7140,5874],[15,14]],[[7155,5888],[3,-1]],[[7169,5858],[-19,0]],[[7105,5731],[8,-2]],[[7195,5854],[0,6]],[[7216,5883],[46,-233],[-157,81]],[[7117,5839],[-1,4]],[[7126,5794],[-10,0]],[[7158,5850],[36,3]],[[6584,5752],[-22,-2]],[[6956,5602],[42,19]],[[6998,5621],[63,-32]],[[6960,5582],[-4,20]],[[6385,5462],[2,4]],[[6402,5533],[1,4]],[[6434,5609],[16,-8]],[[6457,5598],[-51,-142]],[[6524,5470],[13,66],[122,-7],[-111,-101],[-24,42]],[[6268,5783],[42,-2]],[[6417,5889],[-4,-121]],[[6401,5768],[-13,-11]],[[6280,5717],[0,-8]],[[6284,5670],[1,-12]],[[6305,5497],[2,-6]],[[6316,5454],[3,-14]],[[6322,5422],[13,-21]],[[6343,5301],[-51,134]],[[6369,5879],[12,22]],[[6384,5904],[1,4]],[[6393,5909],[1,-2]],[[7111,5862],[21,13]],[[7132,5875],[8,-1]],[[7140,5874],[9,-16]],[[7150,5858],[-1,0]],[[7149,5858],[-3,-7]],[[7137,5855],[-21,-12]],[[7116,5843],[-4,3]],[[6335,5660],[4,15]],[[6360,5698],[69,23]],[[6395,5639],[-1,-30]],[[6394,5609],[-6,1]],[[6383,5610],[1,7]],[[6429,5701],[0,20]],[[6429,5721],[2,0]],[[6431,5721],[9,-57]],[[6440,5664],[-26,-6]],[[6429,5701],[-15,-43]],[[6414,5658],[-19,-19]],[[6395,5639],[34,62]],[[6453,5994],[10,11]],[[6463,6005],[9,0]],[[6472,6005],[-17,-33]],[[6455,5972],[-2,22]],[[7193,5913],[-15,15]],[[7178,5928],[23,64]],[[7201,5992],[7,0]],[[7208,5992],[0,-32]],[[7208,5960],[10,-31]],[[7218,5929],[-2,-46]],[[7216,5883],[-21,-23]],[[7195,5860],[-26,-2]],[[7169,5858],[-14,21]],[[6497,5829],[-2,46]],[[6495,5875],[30,7]],[[6525,5882],[-2,40]],[[6498,5977],[0,1]],[[6498,5978],[63,8]],[[6561,5986],[62,2]],[[6632,5871],[-7,-90]],[[6596,5810],[0,25]],[[6546,5750],[-61,-66]],[[6485,5684],[-20,86]],[[7214,5962],[14,6]],[[7234,5968],[0,-6]],[[7234,5962],[-20,0]],[[6312,5896],[8,20]],[[6378,5908],[-4,-12]],[[7149,5888],[5,20]],[[7154,5908],[14,-5]],[[7157,5887],[-2,1]],[[7155,5888],[-6,0]],[[7089,5843],[56,46]],[[7145,5889],[-13,-14]],[[7132,5875],[-21,-13]],[[7111,5862],[1,-16]],[[7112,5846],[-23,-3]],[[6496,5885],[1,7]],[[6516,5888],[0,-5]],[[6516,5883],[-20,2]],[[6305,5879],[3,6]],[[7137,5855],[9,-4]],[[7146,5851],[12,-1]],[[7158,5850],[36,3]],[[7194,5853],[1,1]],[[7195,5854],[-56,-125]],[[7138,5743],[-12,51]],[[7126,5794],[11,61]],[[7073,5814],[12,24]],[[7085,5838],[32,1]],[[7117,5839],[-1,-45]],[[7116,5794],[-11,0]],[[7105,5794],[-34,12]],[[6268,5783],[-15,-17]],[[6244,5766],[24,17]],[[6434,5770],[1,2]],[[6435,5772],[9,1]],[[6444,5773],[14,-101]],[[6458,5672],[-16,-7]],[[6442,5665],[-8,104]],[[6401,5768],[12,0]],[[6413,5768],[21,4]],[[6434,5772],[0,-2]],[[6434,5770],[0,-1]],[[6434,5769],[-4,-21]],[[6430,5748],[-29,20]],[[6347,5757],[41,0]],[[6388,5757],[-48,-46]],[[6258,5719],[-4,-12]],[[6329,5703],[31,-5]],[[6360,5698],[-21,-23]],[[6339,5675],[-11,0]],[[6490,5670],[23,29]],[[6513,5699],[-23,-29]],[[6229,5655],[3,21]],[[6242,5687],[19,-32]],[[6993,5532],[-1,-17]],[[6959,5520],[-15,9]],[[6278,5499],[0,-8]],[[6259,5495],[-9,10]],[[6264,5615],[6,-12]],[[6216,5601],[1,12]],[[6330,5640],[1,11]],[[6332,5659],[3,1]],[[6335,5660],[49,-43]],[[6384,5617],[-1,-7]],[[6383,5610],[5,0]],[[6388,5610],[1,-50]],[[6389,5560],[1,-3]],[[6390,5557],[5,-25]],[[6395,5532],[-1,2]],[[6394,5534],[0,75]],[[6394,5609],[58,47]],[[6452,5656],[6,3]],[[6458,5659],[1,1]],[[6459,5660],[-2,-62]],[[6457,5598],[-7,3]],[[6450,5601],[-16,8]],[[6434,5609],[-31,-72]],[[6403,5537],[-1,-4]],[[6402,5533],[-15,-67]],[[6387,5466],[-2,-4]],[[6385,5462],[21,-6]],[[6406,5456],[-15,-107]],[[6403,5356],[8,-39]],[[6418,5250],[-75,51]],[[6343,5301],[-8,100]],[[6335,5401],[-6,9]],[[6338,5410],[11,-1]],[[6372,5451],[4,8]],[[6342,5470],[-2,-4]],[[6313,5478],[-6,13]],[[6307,5491],[-2,6]],[[6326,5534],[1,4]],[[6290,5588],[-2,22]],[[7229,5993],[-9,0]],[[7220,5993],[-14,13]],[[7206,6006],[24,-9]],[[6351,5859],[18,20]],[[6369,5879],[25,26]],[[6421,5962],[5,4]],[[6426,5966],[17,-34]],[[6443,5932],[-2,-39]],[[6441,5893],[-24,-4]],[[6417,5889],[-41,-96]],[[6352,5791],[-7,-13]],[[6302,5819],[-8,8]],[[6381,5901],[2,7]],[[6385,5907],[-1,-3]],[[6384,5904],[-3,-3]],[[6373,6048],[7,17]],[[6380,6065],[28,26]],[[6408,6091],[16,0]],[[6424,6091],[-1,-13]],[[6431,6055],[-2,-5]],[[6423,6078],[8,-23]],[[6431,6055],[-8,23]],[[6320,5916],[53,132]],[[6373,6048],[56,2]],[[6429,6050],[-51,-142]],[[6378,5908],[-58,8]],[[7228,5968],[1,25]],[[7229,5993],[1,4]],[[7230,5997],[4,-29]],[[7234,5968],[-6,0]],[[7155,5879],[2,8]],[[7157,5887],[1,0]],[[7158,5887],[10,16]],[[7168,5903],[25,10]],[[7193,5913],[-38,-34]],[[6308,5885],[4,11]],[[6312,5896],[26,-1]],[[6335,5885],[-27,0]],[[6302,5851],[3,19]],[[6305,5870],[-2,2]],[[6303,5872],[2,7]],[[6305,5879],[27,0]],[[6322,5859],[-20,-8]],[[6365,5822],[2,21]],[[6465,5770],[32,59]],[[6497,5829],[-32,-59]],[[6336,5855],[15,4]],[[6351,5859],[-21,-33]],[[6572,5813],[24,-3]],[[6596,5810],[29,-29]],[[6625,5781],[5,-28]],[[6630,5753],[-46,-1]],[[6584,5752],[-22,-2]],[[6562,5750],[-16,0]],[[6546,5750],[-20,72]],[[6330,5818],[15,-40]],[[6345,5778],[-15,2]],[[6352,5791],[12,25]],[[6363,5794],[-11,-3]],[[6244,5766],[9,0]],[[6253,5766],[5,-47]],[[6258,5719],[-4,-12]],[[6254,5707],[-12,-20]],[[6242,5687],[-10,-11]],[[6232,5676],[12,90]],[[6280,5717],[67,40]],[[6347,5757],[-7,-46]],[[6340,5711],[-60,6]],[[6552,5732],[78,9]],[[6630,5741],[0,-22]],[[6630,5719],[-78,13]],[[6280,5709],[49,-6]],[[6329,5703],[-1,-28]],[[6328,5675],[-44,-5]],[[6284,5670],[-4,39]],[[6285,5658],[47,1]],[[6332,5659],[-1,-8]],[[6331,5651],[-1,-11]],[[6330,5640],[-42,-30]],[[6288,5610],[-3,48]],[[6248,5655],[13,0]],[[6261,5655],[3,-40]],[[6264,5615],[-15,-1]],[[6250,5602],[20,1]],[[6270,5603],[5,-49]],[[6216,5601],[27,1]],[[6275,5548],[3,-49]],[[6278,5499],[-28,6]],[[6250,5505],[-34,96]],[[6290,5588],[37,-28]],[[6292,5555],[-2,33]],[[6959,5520],[33,-5]],[[6992,5515],[20,17]],[[7010,5567],[51,22]],[[7061,5589],[-102,-69]],[[6334,5561],[28,2]],[[6362,5555],[-28,-2]],[[6327,5552],[0,-14]],[[6327,5538],[-1,-4]],[[6326,5534],[-21,-37]],[[6305,5497],[-12,52]],[[6403,5356],[-12,-7]],[[6391,5349],[12,7]],[[6411,5317],[7,-67]],[[6418,5250],[-7,67]],[[6229,5655],[12,0]],[[6243,5614],[-26,-1]],[[6217,5613],[12,42]],[[6335,5454],[4,-2]],[[6375,5458],[-3,-7]],[[6372,5451],[-23,-42]],[[6349,5409],[-11,1]],[[6338,5410],[-9,0]],[[6329,5410],[-7,12]],[[6322,5422],[-3,18]],[[6319,5440],[-2,11]],[[6383,5908],[38,54]],[[6421,5962],[-27,-57]],[[6394,5905],[0,2]],[[6394,5907],[-1,2]],[[6393,5909],[-8,-1]],[[6385,5908],[0,-1]],[[6385,5907],[-2,1]],[[6259,5495],[19,-4]],[[6278,5491],[14,-56]],[[6292,5435],[-33,60]],[[6426,5299],[13,-15],[31,-17],[-38,-15],[-6,47]],[[6623,5988],[9,-117]],[[6632,5871],[-103,16],[94,101]],[[6497,5892],[1,85]],[[6498,5977],[25,-55]],[[6523,5922],[-7,-34]],[[6516,5888],[-19,4]],[[6322,5859],[10,20]],[[6332,5879],[3,6]],[[6335,5885],[3,10]],[[6338,5895],[36,1]],[[6374,5896],[-52,-37]],[[6526,5822],[70,13]],[[6596,5835],[-24,-22]],[[6572,5813],[-46,9]],[[6336,5855],[-6,-29]],[[6330,5826],[-36,1]],[[6294,5827],[42,28]],[[6363,5794],[1,22]],[[6364,5816],[1,6]],[[6365,5822],[2,21]],[[6367,5843],[9,-50]],[[6376,5793],[-13,1]],[[7073,5814],[-2,-8]],[[7071,5806],[2,8]],[[6302,5819],[28,-1]],[[6330,5818],[0,-38]],[[6330,5780],[-20,1]],[[6310,5781],[-8,38]],[[6944,5529],[16,53]],[[6960,5582],[50,-15]],[[7010,5567],[2,-35]],[[7012,5532],[-19,0]],[[6993,5532],[-49,-3]],[[6313,5478],[27,-12]],[[6340,5466],[2,4]],[[6342,5470],[34,-11]],[[6376,5459],[-1,-1]],[[6375,5458],[-36,-6]],[[6339,5452],[-4,2]],[[6335,5454],[-18,-3]],[[6317,5451],[-1,3]],[[6316,5454],[-3,24]],[[7113,5729],[25,14]],[[7138,5743],[1,-14]],[[7139,5729],[-26,0]],[[6241,5655],[7,0]],[[6248,5655],[1,-41]],[[6249,5614],[-6,0]],[[6243,5614],[-2,41]],[[6243,5602],[7,0]],[[6250,5602],[25,-48]],[[6275,5554],[0,-6]],[[6275,5548],[-32,54]],[[6334,5553],[0,8]],[[6334,5561],[28,2]],[[6362,5563],[0,-8]],[[6362,5555],[-28,-2]],[[6292,5555],[35,5]],[[6327,5560],[0,-8]],[[6327,5552],[-34,-3]],[[6293,5549],[-1,6]],[[7113,8636],[-11,-36]],[[7092,8651],[21,-15]],[[7113,8636],[-11,-36]],[[7102,8600],[-15,0]],[[7052,8597],[-33,-6]],[[7052,8611],[-6,1]],[[7089,8611],[-2,-11]],[[7087,8600],[-26,4]],[[7038,8729],[1,-56]],[[7022,8622],[9,78]],[[7022,8622],[11,-7]],[[7040,8615],[12,-4]],[[7052,8611],[11,0]],[[7063,8611],[-2,-7]],[[7061,8604],[-9,-7]],[[7052,8597],[-33,-6]],[[7019,8591],[3,31]],[[6950,8632],[14,7]],[[6996,8590],[-18,8]],[[6956,8616],[-6,6]],[[6955,8587],[5,0]],[[7023,8651],[-4,-45]],[[6996,8590],[6,25]],[[6884,8581],[0,6]],[[6917,8631],[6,-53]],[[6914,8629],[2,8]],[[6930,8555],[0,9]],[[7007,8535],[-2,0]],[[7005,8535],[-52,0]],[[6953,8535],[-17,2]],[[6936,8537],[-6,0]],[[6930,8537],[-44,25]],[[6927,8693],[25,-7]],[[6945,8627],[11,-11]],[[6956,8616],[22,-18]],[[6978,8598],[18,-8]],[[6996,8590],[23,16]],[[7019,8606],[-12,-71]],[[7007,8535],[-20,15]],[[6986,8563],[-26,24]],[[6960,8587],[-18,3]],[[6931,8590],[-1,-35]],[[6930,8555],[-44,7]],[[6886,8562],[-2,19]],[[6884,8581],[39,-3]],[[6923,8578],[13,98]],[[7043,8534],[-4,0]],[[7039,8534],[-28,0]],[[7011,8534],[-1,0]],[[7010,8534],[33,0]],[[6927,8693],[9,-17]],[[6936,8676],[-19,-45]],[[6917,8631],[-3,-2]],[[6914,8629],[2,8]],[[6916,8637],[11,56]],[[7092,8651],[-3,-40]],[[7089,8611],[-26,0]],[[7063,8611],[-17,1]],[[7046,8612],[-6,3]],[[7040,8615],[-7,0]],[[7033,8615],[6,58]],[[7039,8673],[53,-22]],[[6914,8629],[-30,-42]],[[6884,8587],[30,42]],[[7038,8729],[-7,-29]],[[7031,8700],[7,29]],[[7027,8684],[-4,-33]],[[7023,8651],[-18,-8]],[[6981,8661],[18,23]],[[7005,8643],[-3,-28]],[[7002,8615],[-32,28]],[[6981,8652],[24,-9]],[[6952,8577],[34,-14]],[[6986,8563],[1,-13]],[[6987,8550],[-36,13]],[[6941,8704],[1,-11],[-25,12],[3,8],[21,-9]],[[6931,8590],[11,0]],[[6942,8590],[13,-3]],[[6955,8587],[-3,-10]],[[6952,8577],[-1,-14]],[[6951,8563],[-21,1]],[[6930,8564],[1,26]],[[7000,8693],[27,8]],[[7027,8684],[-28,0]],[[6999,8684],[1,9]],[[7000,8693],[27,8]],[[7027,8701],[0,-17]],[[6981,8661],[0,-9]],[[6981,8652],[-11,-9]],[[6970,8643],[-6,-4]],[[6964,8639],[-14,-7]],[[6950,8632],[0,-10]],[[6950,8622],[-5,5]],[[6945,8627],[7,59]],[[6952,8686],[29,-25]],[[7459,8370],[-5,26]],[[7454,8396],[45,-14]],[[7489,8380],[-30,-10]],[[7459,8370],[-5,26]],[[7461,9030],[10,15]],[[7471,9052],[-2,15]],[[7473,9067],[49,-73]],[[7498,9006],[-37,2]],[[7431,8908],[9,1]],[[7456,8910],[-5,-37]],[[7441,8868],[-12,5]],[[7428,8873],[-1,7]],[[7719,8387],[92,-36],[-1,-25],[-104,35],[13,26]],[[7463,8868],[-1,5]],[[7500,8871],[-37,-58]],[[7454,8834],[-7,10]],[[7441,8868],[10,0]],[[7431,8990],[0,-5]],[[7436,8925],[-15,-5]],[[7421,8927],[5,3]],[[7429,8933],[-2,40]],[[7436,8925],[16,2]],[[7455,8918],[1,-8]],[[7456,8910],[-16,-1]],[[7440,8909],[-4,16]],[[7584,8420],[33,-1],[-1,-12],[-32,1],[0,12]],[[7526,8889],[-1,3]],[[7485,8958],[6,15]],[[7491,8975],[19,-1]],[[7523,8974],[-22,-20]],[[7385,8912],[-4,12]],[[7401,8926],[19,47]],[[7420,8971],[9,-38]],[[7429,8933],[-3,-3]],[[7426,8930],[-5,-3]],[[7522,8994],[1,-20]],[[7523,8974],[-13,0]],[[7510,8974],[-38,1]],[[7449,8974],[-18,11]],[[7431,8985],[0,27]],[[7431,9016],[11,15]],[[7474,9008],[24,-2]],[[7498,9006],[24,-12]],[[7384,9043],[2,0]],[[7435,9030],[0,1]],[[7442,9031],[-11,-15]],[[7431,9016],[0,-4]],[[7431,9012],[0,-22]],[[7431,8990],[-4,-4]],[[7384,9043],[4,-52]],[[7388,8991],[-3,-79]],[[7385,8912],[-4,12]],[[7381,8924],[3,119]],[[7396,8806],[-13,12]],[[7390,8816],[-7,2]],[[7383,8818],[13,107]],[[7426,8885],[2,-12]],[[7420,8873],[-2,-9]],[[7404,8852],[-9,-18]],[[7388,8991],[39,-5]],[[7427,8986],[0,-13]],[[7427,8973],[-7,-2]],[[7420,8971],[0,2]],[[7420,8973],[-19,-47]],[[7401,8926],[-13,65]],[[7499,8918],[1,-47]],[[7500,8871],[-38,2]],[[7462,8873],[-1,10]],[[7475,8890],[-2,7]],[[7478,8937],[9,-3]],[[7497,8933],[2,-15]],[[7499,8918],[-24,2]],[[7570,8871],[-58,-83]],[[7512,8808],[14,81]],[[7512,8808],[0,-20]],[[7512,8788],[-78,19]],[[7450,8807],[-1,33]],[[7441,8860],[6,-16]],[[7447,8844],[2,-4]],[[7449,8840],[5,-6]],[[7454,8834],[9,-21]],[[7463,8813],[49,-5]],[[7418,8864],[12,0]],[[7435,8861],[14,-21]],[[7449,8840],[1,-33]],[[7450,8807],[-16,0]],[[7434,8807],[-38,-1]],[[7396,8806],[-6,10]],[[7390,8816],[5,18]],[[7395,8834],[9,18]],[[7404,8852],[14,12]],[[7449,8974],[23,1]],[[7472,8975],[19,0]],[[7491,8975],[0,-2]],[[7491,8973],[-6,-15]],[[7485,8958],[16,-4]],[[7500,8930],[-3,3]],[[7497,8933],[-10,1]],[[7487,8934],[-9,3]],[[7478,8937],[-15,0]],[[7453,8937],[-4,37]],[[7501,8954],[66,-62]],[[7525,8892],[-25,38]],[[7500,8930],[1,24]],[[7420,8873],[8,0]],[[7428,8873],[1,0]],[[7429,8873],[12,-5]],[[7441,8868],[0,-8]],[[7441,8860],[-6,1]],[[7435,8861],[-5,3]],[[7430,8864],[-10,9]],[[7463,8868],[-12,0]],[[7451,8868],[0,5]],[[7451,8873],[10,10]],[[7461,8883],[2,-15]],[[7453,8937],[10,0]],[[7463,8937],[12,-17]],[[7455,8918],[-3,9]],[[7452,8927],[1,10]],[[6138,9827],[4,-6]],[[6149,9809],[-14,14]],[[6166,9900],[-15,-49]],[[6144,9852],[-3,-5]],[[6134,9856],[-19,38]],[[6105,9904],[-32,43]],[[6059,9943],[109,4]],[[6144,9858],[11,27]],[[6160,9902],[-19,37]],[[6118,9939],[-40,26]],[[6082,9949],[29,-39]],[[6144,9858],[0,0]],[[6200,9835],[-2,-1]],[[6195,9835],[-17,-2]],[[6264,9623],[-16,13]],[[6323,9786],[26,-2]],[[6333,9777],[7,-78]],[[6343,9680],[-35,-9]],[[6308,9703],[-7,1]],[[6294,9719],[-1,6]],[[6292,9736],[20,48]],[[6289,9733],[4,-8]],[[6293,9725],[1,-6]],[[6294,9719],[7,-15]],[[6301,9704],[7,-1]],[[6308,9703],[-3,-25]],[[6273,9847],[10,0]],[[6287,9838],[-2,-5]],[[6286,9829],[6,-4]],[[6295,9819],[3,-42]],[[6289,9765],[-29,8]],[[6231,9794],[-27,20]],[[6059,9943],[14,4]],[[6073,9947],[32,-43]],[[6105,9904],[10,-10]],[[6115,9894],[19,-38]],[[6134,9856],[7,-9]],[[6141,9847],[-3,-4]],[[6189,9758],[-35,42]],[[6258,9769],[8,-11]],[[6257,9750],[-7,4]],[[6225,9769],[7,-24]],[[6255,9693],[-43,51]],[[6062,9803],[16,-10]],[[6033,9668],[-92,-79],[121,214]],[[6062,9803],[16,-10]],[[6078,9793],[77,-180],[-44,-154],[-16,173]],[[6059,9389],[-270,-224],[206,262]],[[6033,9668],[62,-36]],[[6095,9632],[-34,-145]],[[6053,9471],[-20,197]],[[6061,9487],[-2,-98]],[[6059,9389],[-64,38]],[[5995,9427],[58,44]],[[6053,9471],[8,16]],[[6168,9947],[22,-3]],[[6250,9933],[73,-147]],[[6323,9786],[-11,-2]],[[6312,9784],[-1,6]],[[6299,9790],[-4,29]],[[6295,9819],[-3,6]],[[6292,9825],[-6,4]],[[6286,9829],[-1,4]],[[6285,9833],[2,5]],[[6287,9838],[-4,9]],[[6283,9847],[-20,1]],[[6258,9871],[4,-7]],[[6290,9868],[-28,43]],[[6255,9919],[-15,8]],[[6222,9881],[-16,12]],[[6176,9895],[-10,5]],[[6166,9900],[2,47]],[[6231,9794],[29,-21]],[[6260,9773],[29,-8]],[[6289,9765],[9,12]],[[6298,9777],[1,13]],[[6299,9790],[12,0]],[[6311,9790],[-19,-54]],[[6292,9736],[-3,-3]],[[6289,9733],[-27,16]],[[6262,9749],[4,9]],[[6266,9758],[-8,11]],[[6258,9769],[-26,20]],[[6215,9797],[-10,8]],[[6209,9810],[22,-16]],[[6225,9769],[25,-15]],[[6250,9754],[7,-4]],[[6257,9750],[5,-1]],[[6262,9749],[43,-71]],[[6305,9678],[3,-7]],[[6308,9671],[-53,22]],[[6255,9693],[-23,52]],[[6232,9745],[-7,24]],[[6250,9881],[8,-10]],[[6258,9871],[-11,-5]],[[6235,9860],[6,-20]],[[6250,9831],[14,7]],[[6263,9848],[10,-1]],[[6273,9847],[-69,-33]],[[6204,9814],[5,-4]],[[6209,9810],[-4,-5]],[[6205,9805],[-24,-12]],[[6181,9793],[-27,7]],[[6154,9800],[-5,9]],[[6149,9809],[-7,12]],[[6142,9821],[-7,10]],[[6135,9839],[3,4]],[[6138,9843],[6,9]],[[6144,9852],[0,6]],[[6144,9858],[7,-7]],[[6151,9851],[27,-18]],[[6178,9833],[17,2]],[[6195,9835],[3,-1]],[[6198,9834],[3,3]],[[6224,9854],[19,25]],[[6264,9623],[-16,13]],[[6248,9636],[16,-13]],[[6360,9703],[-17,-23]],[[6343,9680],[-3,19]],[[6340,9699],[-7,78]],[[6333,9777],[16,7]],[[6349,9784],[2,-4]],[[6059,9943],[76,-104]],[[6135,9839],[-2,-6]],[[6090,9852],[-29,50]],[[6049,9899],[10,44]],[[6250,9933],[-60,11]],[[6190,9944],[60,-11]],[[6292,9910],[2,3],[1,-36],[-16,26],[13,7]],[[6243,9879],[-31,-15]],[[6209,9866],[-2,5]],[[6222,9881],[18,46]],[[6240,9927],[15,-8]],[[6255,9919],[7,-8]],[[6262,9911],[28,-43]],[[6290,9868],[-28,-4]],[[6262,9864],[-12,17]],[[6250,9881],[-7,-2]],[[6243,9879],[-3,48]],[[6351,9780],[9,-77]],[[6360,9703],[-9,77]],[[6176,9895],[30,-2]],[[6206,9893],[16,-12]],[[6222,9881],[-15,-10]],[[6207,9871],[2,-5]],[[6209,9866],[3,-2]],[[6212,9864],[12,-10]],[[6224,9854],[-23,-17]],[[6201,9837],[-1,-2]],[[6200,9835],[-22,-2]],[[6178,9833],[-2,62]],[[6160,9902],[-5,-17]],[[6155,9885],[-11,-27]],[[6144,9858],[-33,52]],[[6111,9910],[-29,39]],[[6082,9949],[-4,16]],[[6078,9965],[40,-26]],[[6118,9939],[23,0]],[[6141,9939],[19,-37]],[[6134,9746],[47,-87],[7,-25],[-3,-19],[-51,131]],[[6247,9866],[16,-18]],[[6263,9848],[1,-10]],[[6264,9838],[-14,-7]],[[6250,9831],[-9,9]],[[6241,9840],[-6,20]],[[6235,9860],[12,6]],[[6049,9899],[12,3]],[[6061,9902],[-12,-3]],[[6138,9827],[-3,-4]],[[6135,9823],[-37,20]],[[6098,9843],[35,-10]],[[6133,9833],[2,-2]],[[6135,9831],[3,-4]],[[6212,9744],[-23,14]],[[6189,9758],[-8,35]],[[6181,9793],[34,4]],[[6215,9797],[17,-8]],[[6232,9789],[-20,-45]],[[7132,9136],[3,-16]],[[7119,9113],[22,-40]],[[7132,9067],[-44,-4]],[[7076,9063],[-4,9]],[[7095,9071],[2,1]],[[7099,9072],[-30,46]],[[7065,9125],[-11,20]],[[7053,9146],[-1,3]],[[7047,9147],[60,4]],[[7147,9180],[-33,-36]],[[7129,9145],[3,-9]],[[7132,9136],[-18,8]],[[7114,9144],[3,2]],[[7145,9122],[9,3]],[[7164,9126],[12,-14]],[[7119,9113],[16,7]],[[7135,9120],[10,2]],[[7145,9122],[6,-20]],[[7151,9102],[8,-30]],[[7159,9067],[-40,46]],[[7147,9180],[-40,-29]],[[7107,9151],[40,29]],[[7017,9012],[49,-1],[-3,-26],[-43,12],[-3,15]],[[7164,9126],[-10,-1]],[[7154,9125],[-19,-5]],[[7135,9120],[-6,25]],[[7129,9145],[-12,1]],[[7117,9146],[47,-20]],[[7076,9063],[12,0]],[[7088,9063],[5,-1]],[[7076,9051],[0,12]],[[7103,9062],[29,5]],[[7132,9067],[9,6]],[[7141,9073],[-37,-54]],[[7103,9062],[1,-43]],[[7104,9019],[-28,32]],[[7076,9051],[17,11]],[[7093,9062],[10,0]],[[7176,9112],[9,-44]],[[7159,9070],[0,2]],[[7159,9072],[-8,30]],[[7151,9102],[25,10]],[[7185,9068],[-26,-1]],[[7159,9067],[0,3]],[[7159,9070],[26,-2]],[[7099,9072],[-2,0]],[[7097,9072],[-2,-1]],[[7095,9071],[-23,1]],[[7072,9072],[27,0]],[[6090,9852],[8,-9]],[[6098,9843],[-8,9]],[[7475,8920],[-2,-19]],[[7470,8901],[-15,17]],[[7455,8918],[20,2]],[[7473,8901],[0,-4]],[[7473,8897],[2,-7]],[[7475,8890],[-14,-7]],[[7461,8883],[9,18]],[[7470,8901],[3,0]],[[7434,8894],[-7,-14]],[[7427,8880],[-1,5]],[[7431,8908],[3,-14]],[[7434,8894],[-8,-9]],[[7426,8885],[-30,40]],[[7396,8925],[5,1]],[[7401,8926],[20,1]],[[7421,8927],[0,-7]],[[7421,8920],[10,-12]],[[7525,8892],[42,0]],[[7567,8892],[3,-21]],[[7570,8871],[-44,18]],[[7526,8889],[-1,3]],[[7422,9020],[-27,15]],[[7473,9067],[-4,0]],[[7469,9067],[2,-15]],[[7471,9052],[0,-7]],[[7471,9045],[-10,-15]],[[7461,9030],[0,-22]],[[7461,9008],[-1,0]],[[7460,8998],[-18,33]],[[7442,9031],[-7,0]],[[7435,9031],[0,-1]],[[7435,9030],[-13,-10]],[[7422,9020],[-27,15]],[[7395,9035],[-9,8]],[[7386,9043],[87,24]],[[7460,8998],[0,10]],[[7460,9008],[14,0]],[[7474,9008],[-14,-10]],[[7052,9149],[1,-3]],[[7053,9146],[1,-1]],[[7054,9145],[11,-20]],[[7065,9125],[4,-7]],[[7069,9118],[-22,29]],[[7047,9147],[5,2]],[[7692,8201],[72,19]],[[7816,8214],[-74,-150]],[[7724,8037],[-72,93]],[[7572,8172],[-7,7]],[[7625,8184],[-60,-5]],[[7565,8179],[58,17]],[[7572,8172],[80,-42]],[[7652,8130],[-80,42]],[[7806,8235],[35,20]],[[7781,8207],[-17,13]],[[7764,8220],[42,15]],[[7806,8235],[35,20]],[[7841,8255],[101,30],[-126,-71]],[[7816,8214],[-34,-10]],[[7781,8207],[1,-3]],[[7782,8204],[-1,3]],[[7746,8037],[-9,-16]],[[7625,8183],[0,1]],[[7625,8184],[-2,12]],[[7623,8196],[69,5]],[[7692,8201],[-67,-18]],[[7737,8021],[-13,16]],[[7724,8037],[18,27]],[[7742,8064],[4,-27]],[[7746,8037],[-2,0]],[[7744,8039],[0,-2]],[[7744,8037],[-7,-16]],[[7489,8380],[10,2]],[[7499,8382],[-10,-2]],[[7678,8357],[-44,21]],[[7580,8421],[98,-64]],[[7678,8357],[-44,21]],[[7634,8378],[-52,17]],[[7564,8420],[16,1]],[[7580,8421],[2,-26]],[[7582,8395],[-16,-4]],[[7564,8420],[2,-29]],[[7566,8391],[-2,29]],[[5353,6095],[-3,54],[26,11],[-3,-61],[-20,-4]],[[5990,6503],[-5,-15]],[[5318,6400],[3,-63]],[[5401,5977],[-50,25]],[[5366,6058],[68,-81]],[[5402,5976],[-1,0]],[[6001,6651],[56,7]],[[5311,6337],[-2,-1]],[[5309,6348],[1,-3]],[[5268,6385],[-28,21]],[[5249,6439],[36,-29]],[[6059,6651],[-2,7]],[[6057,6658],[14,-11]],[[6071,6645],[0,-2]],[[5250,6439],[23,-27]],[[5239,6421],[1,-15]],[[5240,6406],[29,-37]],[[5281,6366],[5,-29]],[[5284,6321],[-35,120]],[[6143,6691],[15,-9],[-58,-36],[8,41],[35,4]],[[6102,6618],[11,0]],[[6074,6613],[27,0]],[[6071,6642],[1,-29]],[[6028,6606],[-25,33]],[[6002,6646],[-1,5]],[[5965,6605],[-5,-7]],[[5960,6592],[6,13]],[[5960,6592],[0,6]],[[5960,6598],[5,7]],[[5965,6605],[1,0]],[[5966,6605],[-1,-34]],[[5963,6571],[-3,21]],[[5963,6571],[2,0]],[[5965,6571],[22,-46]],[[5993,6521],[-3,-18]],[[5990,6503],[-5,-15]],[[5985,6488],[-22,83]],[[5321,6450],[0,-3]],[[5355,6430],[0,6],[2,5],[2,-12],[-4,1]],[[5362,6424],[0,4],[2,2],[2,-8],[-4,2]],[[5368,6418],[5,3],[5,-3],[-1,-4],[-9,4]],[[5285,6410],[-35,29]],[[5250,6439],[-1,0]],[[5249,6439],[0,2]],[[5249,6441],[69,-41]],[[5318,6400],[3,-63]],[[5321,6337],[-17,88]],[[5311,6337],[-1,8]],[[5310,6345],[-1,3]],[[5309,6348],[-27,18]],[[5304,6403],[9,-66]],[[5252,6320],[32,0]],[[5186,6414],[18,3],[13,-41],[-27,19],[-4,19]],[[5342,6157],[55,57],[98,-16],[55,-22],[-208,-19]],[[5349,6006],[-24,44],[10,21],[27,-13],[-13,-52]],[[5366,6058],[-15,-56]],[[5351,6002],[15,56]],[[6001,6651],[58,0]],[[6059,6651],[12,-4]],[[6071,6647],[-69,-1]],[[6002,6646],[-1,5]],[[6071,6645],[0,-2]],[[6071,6643],[0,-1]],[[6071,6642],[-29,-15]],[[6043,6606],[28,39]],[[6028,6606],[-25,33]],[[6003,6639],[25,-33]],[[6030,6605],[3,-30]],[[6044,6575],[-2,30]],[[5269,6369],[-1,16]],[[5268,6385],[-29,36]],[[5239,6421],[34,-9]],[[5273,6412],[12,-2]],[[5285,6410],[19,15]],[[5304,6425],[0,-22]],[[5304,6403],[-22,-37]],[[5282,6366],[-1,0]],[[5281,6366],[-12,3]],[[6042,6627],[30,-14]],[[6072,6613],[-29,-7]],[[6043,6606],[-1,21]],[[6074,6613],[27,0]],[[6101,6613],[-27,0]],[[6102,6618],[11,0]],[[6113,6618],[-11,0]],[[5321,6447],[0,3]],[[5321,6450],[0,-3]],[[6030,6605],[3,-30]],[[6033,6575],[-3,30]],[[5993,6567],[109,38],[-101,-38]],[[6044,6575],[-2,30]],[[6042,6605],[2,-30]],[[5993,6567],[8,0]],[[6001,6567],[-8,-46]],[[5993,6521],[-6,4]],[[5987,6525],[6,42]],[[5286,6337],[23,-1]],[[5309,6336],[2,1]],[[5311,6337],[2,0]],[[5313,6337],[-61,-17]],[[5252,6320],[32,0]],[[5284,6320],[0,1]],[[5284,6321],[2,16]],[[5402,5976],[32,1]],[[5434,5977],[-32,-1]],[[5401,5976],[0,1]],[[6116,6580],[-9,-12]],[[6107,6568],[0,1]],[[6107,6569],[-1,4]],[[6106,6573],[0,4]],[[6106,6577],[28,3]],[[6134,6580],[-4,0]],[[6130,6580],[-13,0]],[[6117,6580],[-1,0]],[[4119,1751],[-80,-3]],[[4069,1760],[-30,-12]],[[4039,1748],[25,30]],[[4128,1758],[1,7]],[[4068,1764],[-4,14]],[[4064,1778],[22,7]],[[4075,1765],[11,20]],[[4086,1785],[34,-24]],[[4179,1814],[25,-15]],[[4179,1814],[7,-23]],[[4169,1772],[-40,-7]],[[4129,1765],[50,49]],[[3824,1836],[38,-10]],[[3807,1831],[-6,9]],[[3807,1831],[55,-5]],[[3862,1826],[136,2],[-191,3]],[[3759,1909],[15,-10]],[[3773,1964],[-4,-40]],[[3773,1964],[-4,-40]],[[3769,1924],[-50,-73],[-43,10],[97,103]],[[4120,1761],[-1,-10]],[[4119,1751],[-50,9]],[[4069,1760],[-1,4]],[[4068,1764],[7,1]],[[4075,1765],[45,-4]],[[4204,1799],[-76,-41]],[[4128,1758],[41,14]],[[4169,1772],[17,19]],[[4186,1791],[18,8]],[[3774,1899],[50,-63]],[[3824,1836],[-23,4]],[[3801,1840],[-42,69]],[[3759,1909],[15,-10]],[[89,186],[-17,9]],[[295,208],[-71,-5]],[[174,212],[-85,-26]],[[89,186],[-17,9]],[[72,195],[-19,22]],[[296,215],[-70,-3]],[[226,213],[0,-1]],[[226,212],[-2,-9]],[[224,203],[-50,9]],[[174,212],[-42,7]],[[115,221],[-62,-4]],[[53,217],[-9,16]],[[44,233],[0,0]],[[295,208],[1,7]],[[296,215],[1,16]],[[367,250],[-72,-42]],[[136,245],[-4,-26]],[[132,219],[-17,2]],[[115,221],[11,26]],[[524,277],[0,-24]],[[524,253],[-7,0]],[[472,262],[52,15]],[[524,277],[0,-24]],[[134,272],[-8,-25]],[[126,247],[-43,-2]],[[179,232],[-43,13]],[[136,245],[6,27]],[[133,274],[-50,-29]],[[83,245],[-39,-12]],[[44,233],[38,47]],[[169,280],[-27,-8]],[[266,269],[96,25]],[[472,262],[45,-9]],[[517,253],[-74,0]],[[484,296],[-12,-34]],[[177,274],[-8,6]],[[169,280],[-27,-8]],[[142,272],[-8,0]],[[134,272],[-1,2]],[[133,274],[-49,3]],[[454,281],[-11,-28]],[[443,253],[-76,-3]],[[367,250],[-70,-19]],[[297,231],[-71,-18]],[[226,213],[-47,19]],[[179,232],[0,34]],[[203,278],[63,-9]],[[266,269],[96,25]],[[362,294],[57,12]],[[489,302],[-5,-6]],[[484,296],[-30,-15]],[[454,281],[-12,8]],[[113,317],[56,12]],[[203,278],[-24,-12]],[[179,266],[-2,8]],[[177,274],[-93,3]],[[84,277],[-2,3]],[[82,280],[31,37]],[[113,317],[56,12]],[[169,329],[34,-51]],[[489,302],[-44,-8]],[[452,341],[37,-39]],[[428,322],[2,23]],[[445,294],[-3,-5]],[[442,289],[-23,17]],[[419,306],[9,16]],[[428,322],[2,23]],[[430,345],[22,-4]],[[452,341],[-7,-47]],[[3234,48],[0,151],[19,9],[46,-102],[-65,-58]]]}