{"type":"FeatureCollection","features":[{"type":"Feature","geometry":{"type":"Polygon","coordinates":[[[129.8292,32.8177],[129.83,32.8176],[129.8305,32.8175],[129.8314,32.8171],[129.8317,32.8171],[129.8322,32.8171],[129.8323,32.817],[129.8325,32.8168],[129.8326,32.8167],[129.8326,32.8164],[129.8332,32.8164],[129.8333,32.8164],[129.8335,32.8163],[129.834,32.8162],[129.8344,32.816],[129.8347,32.8158],[129.8351,32.8159],[129.8367,32.816],[129.8373,32.8161],[129.8382,32.8163],[129.8383,32.8163],[129.8385,32.8163],[129.8387,32.8163],[129.8387,32.8167],[129.8388,32.8168],[129.8391,32.8168],[129.8391,32.8168],[129.8392,32.817],[129.8395,32.817],[129.8396,32.817],[129.8396,32.8167],[129.8396,32.8166],[129.8399,32.8165],[129.84,32.8164],[129.84,32.8162],[129.8401,32.8162],[129.8402,32.8161],[129.8403,32.8161],[129.8404,32.816],[129.8406,32.8159],[129.8406,32.8158],[129.8406,32.8156],[129.8405,32.8155],[129.8403,32.8153],[129.8403,32.8153],[129.8403,32.8151],[129.8405,32.815],[129.8406,32.8149],[129.8406,32.8147],[129.8404,32.8143],[129.8403,32.8142],[129.84,32.8142],[129.84,32.8139],[129.84,32.8136],[129.8398,32.8134],[129.8398,32.8134],[129.84,32.8133],[129.8402,32.8132],[129.8402,32.8131],[129.8402,32.8129],[129.8402,32.8129],[129.84,32.8127],[129.8397,32.8125],[129.8395,32.8123],[129.8393,32.8121],[129.8393,32.8118],[129.8392,32.8116],[129.8391,32.8113],[129.8391,32.811],[129.8391,32.8109],[129.839,32.8107],[129.8389,32.8105],[129.8389,32.8104],[129.8386,32.8101],[129.8391,32.8099],[129.8399,32.8096],[129.8401,32.8103],[129.8403,32.8103],[129.8405,32.8102],[129.8406,32.8102],[129.8408,32.8104],[129.8411,32.8106],[129.8415,32.8108],[129.8417,32.8109],[129.8417,32.811],[129.8418,32.8111],[129.8419,32.8112],[129.842,32.8113],[129.8425,32.8113],[129.8444,32.8112],[129.8445,32.8116],[129.8447,32.8116],[129.8448,32.8117],[129.845,32.8117],[129.8452,32.8116],[129.8455,32.8115],[129.8458,32.8116],[129.8459,32.8117],[129.8461,32.812],[129.8463,32.8121],[129.8464,32.8121],[129.847,32.8114],[129.8474,32.8111],[129.8475,32.8108],[129.8475,32.8104],[129.8476,32.8101],[129.8478,32.8099],[129.8478,32.8097],[129.8479,32.8095],[129.848,32.8089],[129.848,32.8088],[129.8481,32.8088],[129.8485,32.8089],[129.8486,32.8086],[129.8488,32.8084],[129.8489,32.8083],[129.8489,32.8083],[129.8493,32.8082],[129.8494,32.808],[129.8494,32.8077],[129.8494,32.8077],[129.8496,32.8075],[129.8499,32.8073],[129.85,32.8073],[129.8504,32.8073],[129.8507,32.8074],[129.851,32.8076],[129.8511,32.8077],[129.8512,32.8078],[129.8516,32.8078],[129.8517,32.8076],[129.8518,32.8074],[129.8518,32.8071],[129.8518,32.8069],[129.8518,32.8067],[129.852,32.8066],[129.8522,32.8066],[129.8525,32.8067],[129.8527,32.8068],[129.8528,32.806],[129.8528,32.8059],[129.8524,32.8057],[129.8519,32.8057],[129.8508,32.8057],[129.8508,32.8057],[129.8508,32.8056],[129.8509,32.8055],[129.8509,32.8054],[129.8511,32.8053],[129.8511,32.8052],[129.8516,32.805],[129.8516,32.805],[129.8517,32.8049],[129.8523,32.8045],[129.8523,32.8045],[129.8525,32.8043],[129.8526,32.8043],[129.8528,32.8041],[129.853,32.8039],[129.8534,32.8036],[129.8536,32.8035],[129.854,32.803],[129.8541,32.8028],[129.8541,32.8028],[129.8541,32.8028],[129.8542,32.8027],[129.8543,32.8026],[129.8545,32.8024],[129.8545,32.8023],[129.8546,32.8023],[129.8547,32.8021],[129.8548,32.802],[129.8552,32.8018],[129.8553,32.8018],[129.8555,32.8018],[129.8561,32.8018],[129.8561,32.8018],[129.8561,32.8018],[129.8562,32.8017],[129.8562,32.8016],[129.8562,32.8015],[129.856,32.8013],[129.856,32.8012],[129.8562,32.8011],[129.8565,32.8012],[129.8568,32.8012],[129.8569,32.8011],[129.8573,32.8007],[129.8576,32.8006],[129.8577,32.8003],[129.8578,32.8],[129.8578,32.8],[129.8579,32.7998],[129.8579,32.7996],[129.8579,32.7996],[129.8579,32.7996],[129.8578,32.7995],[129.8577,32.7995],[129.8575,32.7993],[129.8573,32.7992],[129.8572,32.7991],[129.8571,32.799],[129.857,32.7988],[129.857,32.7988],[129.8569,32.7987],[129.8564,32.799],[129.8563,32.7987],[129.8565,32.7982],[129.8566,32.798],[129.8569,32.7982],[129.8571,32.7982],[129.8573,32.7982],[129.8574,32.7982],[129.8574,32.7982],[129.8575,32.7981],[129.8575,32.798],[129.8575,32.7979],[129.8575,32.7979],[129.8578,32.7979],[129.8578,32.7977],[129.8582,32.7979],[129.8583,32.798],[129.8583,32.798],[129.8583,32.7978],[129.8577,32.7974],[129.8579,32.797],[129.8583,32.797],[129.8585,32.7971],[129.8588,32.7971],[129.8587,32.797],[129.8589,32.797],[129.8589,32.797],[129.859,32.7969],[129.8589,32.7967],[129.8588,32.7966],[129.8591,32.7964],[129.8593,32.7967],[129.8593,32.797],[129.8594,32.7971],[129.8594,32.7971],[129.8594,32.7971],[129.8595,32.7971],[129.8595,32.7966],[129.8595,32.7966],[129.8596,32.7965],[129.8596,32.7965],[129.8598,32.7969],[129.8598,32.7969],[129.8598,32.7969],[129.8599,32.7969],[129.86,32.7969],[129.86,32.797],[129.8601,32.797],[129.8602,32.7971],[129.8602,32.7973],[129.8603,32.7974],[129.8603,32.7975],[129.8604,32.7976],[129.8604,32.7977],[129.8604,32.7978],[129.8603,32.7978],[129.8603,32.7979],[129.8603,32.7979],[129.8602,32.798],[129.8602,32.798],[129.8602,32.7981],[129.8602,32.7981],[129.8602,32.7981],[129.8602,32.7982],[129.8601,32.7982],[129.8601,32.7982],[129.8604,32.7985],[129.8605,32.7984],[129.8608,32.7984],[129.8613,32.7985],[129.8617,32.7987],[129.8619,32.7989],[129.8621,32.7993],[129.8621,32.7996],[129.8621,32.8],[129.8621,32.8001],[129.8621,32.8001],[129.8622,32.8],[129.8623,32.7999],[129.8624,32.7997],[129.8625,32.7996],[129.8625,32.7995],[129.8626,32.7993],[129.8626,32.7992],[129.8626,32.7991],[129.8626,32.799],[129.8632,32.7987],[129.8633,32.7986],[129.864,32.7986],[129.8641,32.7985],[129.8637,32.7983],[129.8637,32.7982],[129.8638,32.7982],[129.8639,32.7981],[129.8639,32.798],[129.8639,32.798],[129.864,32.798],[129.8641,32.798],[129.8641,32.798],[129.8641,32.7979],[129.8642,32.7979],[129.8642,32.7978],[129.8643,32.7978],[129.8643,32.7978],[129.8643,32.7979],[129.8643,32.7979],[129.8644,32.798],[129.8644,32.798],[129.8644,32.798],[129.8644,32.798],[129.8645,32.798],[129.8645,32.7978],[129.8646,32.7978],[129.8646,32.7977],[129.8646,32.7976],[129.8646,32.7975],[129.8646,32.7975],[129.8647,32.7974],[129.8647,32.7974],[129.8648,32.7973],[129.8648,32.7973],[129.8648,32.7972],[129.8649,32.7971],[129.8649,32.7968],[129.8649,32.7968],[129.8644,32.7967],[129.8644,32.7967],[129.8644,32.7966],[129.8644,32.7966],[129.8644,32.7966],[129.8645,32.7965],[129.8646,32.7965],[129.8646,32.7965],[129.8646,32.7964],[129.8646,32.7963],[129.8646,32.7963],[129.8648,32.7963],[129.8649,32.7963],[129.8649,32.7963],[129.865,32.7962],[129.8652,32.7961],[129.8654,32.7961],[129.8656,32.796],[129.8657,32.796],[129.8657,32.796],[129.8657,32.796],[129.8659,32.7959],[129.8659,32.7958],[129.8656,32.7956],[129.8656,32.7956],[129.8656,32.7956],[129.8654,32.7954],[129.8653,32.7955],[129.8653,32.7955],[129.8652,32.7954],[129.8652,32.7954],[129.8652,32.7953],[129.8652,32.7952],[129.8654,32.7953],[129.8654,32.7953],[129.8659,32.7954],[129.8659,32.7954],[129.8658,32.7951],[129.8658,32.7951],[129.8659,32.7951],[129.866,32.7951],[129.8662,32.7949],[129.8664,32.795],[129.8665,32.7951],[129.8666,32.7951],[129.8666,32.7949],[129.8667,32.7948],[129.8668,32.7947],[129.8668,32.7947],[129.8671,32.7945],[129.8672,32.7945],[129.8673,32.7946],[129.8673,32.7946],[129.8675,32.7946],[129.8676,32.7946],[129.8681,32.7947],[129.8682,32.7947],[129.8682,32.7947],[129.8683,32.7947],[129.8684,32.7946],[129.8686,32.7946],[129.8688,32.7946],[129.8689,32.7947],[129.869,32.7946],[129.869,32.7946],[129.869,32.7946],[129.8693,32.7942],[129.8694,32.794],[129.8694,32.794],[129.8693,32.7939],[129.8693,32.7939],[129.8696,32.7938],[129.8696,32.7937],[129.8694,32.7934],[129.8694,32.7934],[129.8693,32.7934],[129.8693,32.7934],[129.8692,32.7935],[129.8692,32.7935],[129.869,32.7934],[129.8689,32.7933],[129.8688,32.7933],[129.8688,32.7932],[129.8687,32.7931],[129.8687,32.793],[129.8687,32.793],[129.8687,32.793],[129.8687,32.793],[129.8687,32.793],[129.8687,32.793],[129.8688,32.793],[129.8688,32.793],[129.8689,32.793],[129.869,32.7931],[129.869,32.7931],[129.8691,32.7931],[129.8692,32.7931],[129.8692,32.7932],[129.8693,32.7932],[129.8697,32.7932],[129.8698,32.793],[129.8697,32.793],[129.8697,32.7929],[129.8697,32.7929],[129.8697,32.7928],[129.8698,32.7928],[129.8698,32.7928],[129.8699,32.7927],[129.8699,32.7926],[129.8698,32.7926],[129.8695,32.7925],[129.8695,32.7924],[129.8696,32.7923],[129.8697,32.7922],[129.8696,32.7922],[129.8696,32.7922],[129.8696,32.7921],[129.8695,32.7921],[129.8695,32.792],[129.8695,32.7919],[129.8696,32.7917],[129.8696,32.7916],[129.8694,32.7915],[129.8696,32.7914],[129.8695,32.7912],[129.8696,32.7912],[129.8697,32.7912],[129.8698,32.7911],[129.8699,32.7913],[129.8701,32.7913],[129.8701,32.7916],[129.8704,32.7918],[129.8702,32.792],[129.8703,32.7922],[129.8703,32.7923],[129.8704,32.7924],[129.8705,32.7924],[129.8705,32.7924],[129.8705,32.7924],[129.8709,32.7924],[129.8711,32.7921],[129.8714,32.7919],[129.8714,32.7919],[129.8715,32.7919],[129.8716,32.7919],[129.8719,32.792],[129.872,32.7922],[129.872,32.7923],[129.8725,32.7921],[129.8729,32.7925],[129.873,32.7926],[129.8731,32.7927],[129.8731,32.7928],[129.8731,32.7929],[129.873,32.793],[129.8731,32.7931],[129.8733,32.7932],[129.8734,32.7933],[129.8729,32.7936],[129.873,32.7936],[129.8732,32.7936],[129.8733,32.7937],[129.8733,32.7937],[129.8733,32.7938],[129.8733,32.7938],[129.8733,32.7938],[129.8734,32.7939],[129.8734,32.7939],[129.8737,32.7938],[129.8734,32.7934],[129.8735,32.7933],[129.8737,32.7932],[129.8738,32.7931],[129.874,32.7931],[129.8742,32.7932],[129.8743,32.7932],[129.8744,32.7933],[129.8745,32.7933],[129.8747,32.7936],[129.8747,32.7937],[129.875,32.7936],[129.8751,32.7942],[129.8754,32.7942],[129.8755,32.7943],[129.8757,32.7942],[129.8758,32.7938],[129.8762,32.794],[129.8763,32.7939],[129.8764,32.794],[129.8766,32.7941],[129.8767,32.7943],[129.8767,32.7943],[129.8768,32.7944],[129.8768,32.7945],[129.8768,32.7946],[129.8768,32.7948],[129.8768,32.7949],[129.8771,32.7949],[129.8773,32.7949],[129.8774,32.7954],[129.8775,32.7955],[129.8776,32.7956],[129.8776,32.7956],[129.8779,32.7954],[129.878,32.7954],[129.8782,32.7953],[129.8782,32.7953],[129.8782,32.7953],[129.8783,32.7952],[129.8784,32.7953],[129.8785,32.7953],[129.8786,32.7953],[129.8786,32.7953],[129.8786,32.7952],[129.8786,32.7952],[129.8786,32.7951],[129.8786,32.7951],[129.8786,32.7951],[129.8788,32.7947],[129.8794,32.7947],[129.8801,32.7948],[129.8808,32.7949],[129.8811,32.795],[129.8818,32.7952],[129.8826,32.7955],[129.8827,32.7952],[129.8832,32.7953],[129.883,32.795],[129.8826,32.7945],[129.8823,32.7944],[129.8821,32.7943],[129.8818,32.7943],[129.8816,32.7942],[129.8813,32.7941],[129.8812,32.7941],[129.8808,32.7941],[129.8804,32.794],[129.8802,32.794],[129.88,32.7941],[129.8799,32.7937],[129.8802,32.7936],[129.8803,32.7937],[129.8804,32.7936],[129.8804,32.7934],[129.8803,32.7933],[129.8803,32.7932],[129.8803,32.7932],[129.8803,32.7931],[129.8804,32.7931],[129.8805,32.793],[129.8806,32.793],[129.8807,32.793],[129.8809,32.793],[129.8811,32.793],[129.8812,32.7929],[129.8814,32.7929],[129.8815,32.7928],[129.8817,32.7926],[129.8818,32.7924],[129.8817,32.7923],[129.8819,32.792],[129.8819,32.792],[129.8817,32.792],[129.8817,32.7919],[129.8817,32.7919],[129.8814,32.7917],[129.881,32.7913],[129.8808,32.791],[129.8804,32.7906],[129.8799,32.7903],[129.8799,32.7903],[129.8799,32.7906],[129.8799,32.791],[129.8799,32.7912],[129.8797,32.7917],[129.8795,32.7919],[129.8792,32.7921],[129.879,32.7921],[129.8788,32.7922],[129.8786,32.7921],[129.8783,32.792],[129.8783,32.792],[129.8782,32.792],[129.8782,32.7916],[129.8781,32.7916],[129.878,32.7916],[129.8777,32.7917],[129.8777,32.7916],[129.8779,32.7914],[129.8782,32.7912],[129.8778,32.7908],[129.8776,32.7907],[129.8775,32.7905],[129.8775,32.7905],[129.8775,32.7904],[129.8774,32.7904],[129.8774,32.7903],[129.8774,32.7902],[129.8775,32.7901],[129.8775,32.79],[129.8776,32.7899],[129.878,32.7898],[129.8788,32.7896],[129.8789,32.7895],[129.8789,32.7894],[129.8788,32.7889],[129.8804,32.7884],[129.8806,32.7886],[129.8801,32.7888],[129.8802,32.7889],[129.8803,32.7889],[129.8806,32.7889],[129.8808,32.7889],[129.8808,32.7888],[129.8809,32.7887],[129.8811,32.7886],[129.8811,32.7885],[129.8812,32.7884],[129.8812,32.7884],[129.8812,32.7884],[129.8812,32.7882],[129.8812,32.7882],[129.8812,32.7881],[129.8814,32.7881],[129.882,32.7879],[129.8822,32.7877],[129.8822,32.7877],[129.8822,32.7877],[129.8822,32.7876],[129.8822,32.7875],[129.8822,32.7874],[129.8821,32.7874],[129.8819,32.7873],[129.8819,32.7872],[129.8821,32.7869],[129.8822,32.7866],[129.8822,32.7865],[129.8823,32.7866],[129.8824,32.7864],[129.8825,32.7863],[129.883,32.786],[129.883,32.786],[129.8829,32.7856],[129.8827,32.7854],[129.8825,32.7853],[129.8823,32.7852],[129.8823,32.7852],[129.8823,32.785],[129.8822,32.785],[129.8823,32.7848],[129.8817,32.7844],[129.8817,32.7844],[129.882,32.7843],[129.8822,32.7842],[129.8823,32.7841],[129.8823,32.7841],[129.8823,32.784],[129.8823,32.7839],[129.8823,32.7839],[129.8823,32.7838],[129.8822,32.7837],[129.8823,32.7835],[129.8824,32.7834],[129.8825,32.7833],[129.8826,32.783],[129.8828,32.7828],[129.8828,32.7827],[129.883,32.7829],[129.8831,32.7829],[129.8832,32.783],[129.8833,32.7831],[129.8836,32.7831],[129.884,32.7832],[129.8841,32.7836],[129.8842,32.7839],[129.8846,32.784],[129.885,32.7837],[129.8852,32.7834],[129.8856,32.783],[129.8857,32.7829],[129.8858,32.7829],[129.886,32.7832],[129.8865,32.7834],[129.8866,32.7831],[129.8866,32.7831],[129.8867,32.7831],[129.8867,32.783],[129.8868,32.783],[129.8868,32.7829],[129.887,32.7829],[129.8871,32.7829],[129.8871,32.7828],[129.8872,32.7828],[129.8874,32.7828],[129.8875,32.7829],[129.8877,32.7829],[129.8879,32.783],[129.8882,32.7831],[129.8885,32.7832],[129.8887,32.7832],[129.8888,32.7833],[129.8889,32.7833],[129.889,32.7833],[129.8893,32.7833],[129.8894,32.7832],[129.8897,32.7832],[129.8899,32.7831],[129.8902,32.783],[129.8904,32.783],[129.8906,32.7829],[129.8909,32.7829],[129.8911,32.7829],[129.8911,32.7829],[129.8912,32.7829],[129.8914,32.7829],[129.8915,32.7829],[129.8915,32.7829],[129.8916,32.7829],[129.8916,32.7829],[129.8917,32.7827],[129.8919,32.7826],[129.892,32.7825],[129.8921,32.7824],[129.8923,32.7824],[129.8923,32.7824],[129.8924,32.7824],[129.8925,32.7825],[129.8927,32.7826],[129.8931,32.7827],[129.8931,32.7827],[129.8931,32.7831],[129.893,32.7837],[129.8917,32.7837],[129.8917,32.7838],[129.8917,32.7839],[129.8916,32.784],[129.8916,32.784],[129.8915,32.784],[129.8914,32.784],[129.8914,32.784],[129.8913,32.7839],[129.8913,32.7838],[129.8913,32.7837],[129.8909,32.7836],[129.8904,32.7838],[129.89,32.7839],[129.89,32.7839],[129.8899,32.784],[129.8897,32.784],[129.8896,32.7841],[129.8892,32.7842],[129.8891,32.7843],[129.8889,32.7843],[129.8889,32.7844],[129.8889,32.7844],[129.8889,32.7844],[129.8889,32.7845],[129.8886,32.7844],[129.8886,32.7844],[129.8885,32.7844],[129.8885,32.7844],[129.8885,32.7844],[129.8885,32.7843],[129.8885,32.7842],[129.8884,32.7842],[129.8884,32.7842],[129.8884,32.7842],[129.8883,32.7842],[129.8883,32.7843],[129.8882,32.7843],[129.8882,32.7843],[129.8881,32.7842],[129.888,32.7838],[129.8878,32.7838],[129.8877,32.7839],[129.8876,32.7842],[129.8875,32.7842],[129.8874,32.7842],[129.8873,32.7842],[129.8873,32.7845],[129.8875,32.7846],[129.8874,32.7849],[129.8874,32.7849],[129.8875,32.7849],[129.8875,32.785],[129.8876,32.785],[129.8875,32.7852],[129.8875,32.7852],[129.8876,32.7853],[129.8876,32.7853],[129.8875,32.7854],[129.8871,32.7849],[129.8865,32.7842],[129.8863,32.7841],[129.8865,32.7858],[129.8866,32.7859],[129.887,32.7859],[129.8866,32.786],[129.8866,32.7864],[129.8868,32.7863],[129.887,32.7866],[129.8855,32.7873],[129.8862,32.7884],[129.8863,32.7884],[129.8864,32.7885],[129.8865,32.7884],[129.8865,32.7884],[129.8866,32.7884],[129.8866,32.7883],[129.8866,32.7881],[129.8866,32.788],[129.8867,32.788],[129.8868,32.788],[129.8869,32.788],[129.887,32.788],[129.8871,32.7879],[129.8871,32.7879],[129.8871,32.7876],[129.8871,32.7875],[129.8872,32.7874],[129.8872,32.7874],[129.8873,32.7874],[129.8873,32.7874],[129.8874,32.7874],[129.8876,32.7875],[129.8877,32.7875],[129.8877,32.7875],[129.8878,32.7876],[129.8878,32.7876],[129.8879,32.7876],[129.8879,32.7875],[129.888,32.7874],[129.888,32.7874],[129.8881,32.7874],[129.8881,32.7875],[129.8882,32.7875],[129.8882,32.7875],[129.8882,32.7875],[129.8884,32.7875],[129.8884,32.7875],[129.8885,32.7875],[129.8886,32.7875],[129.8887,32.7876],[129.8887,32.7876],[129.8889,32.7877],[129.8892,32.7877],[129.8892,32.7877],[129.8893,32.7877],[129.8893,32.7877],[129.8894,32.7876],[129.8895,32.7874],[129.8896,32.7871],[129.8896,32.7869],[129.8897,32.7867],[129.8898,32.7866],[129.8898,32.7866],[129.8899,32.7866],[129.89,32.7866],[129.8901,32.7867],[129.8902,32.7867],[129.8904,32.7868],[129.8907,32.787],[129.8908,32.787],[129.8919,32.787],[129.8926,32.787],[129.893,32.787],[129.8933,32.7871],[129.8934,32.7871],[129.8935,32.7872],[129.8935,32.7872],[129.8936,32.7872],[129.8936,32.7871],[129.8937,32.7871],[129.8937,32.7872],[129.8938,32.7873],[129.8938,32.7875],[129.8938,32.7878],[129.8939,32.7878],[129.894,32.788],[129.8941,32.7881],[129.8943,32.7885],[129.8944,32.7885],[129.8944,32.7885],[129.8944,32.7885],[129.8945,32.7885],[129.8946,32.7885],[129.8948,32.7884],[129.8949,32.7882],[129.895,32.788],[129.895,32.7878],[129.895,32.7876],[129.8949,32.7872],[129.8949,32.7871],[129.8949,32.7871],[129.895,32.7869],[129.8951,32.7869],[129.8952,32.787],[129.8953,32.7871],[129.8954,32.7873],[129.8955,32.7875],[129.8955,32.7875],[129.8955,32.7876],[129.8955,32.7876],[129.8956,32.7876],[129.8958,32.7875],[129.8959,32.7876],[129.896,32.7876],[129.8961,32.7877],[129.8962,32.7877],[129.8963,32.7879],[129.8964,32.788],[129.8966,32.7881],[129.8966,32.7881],[129.8967,32.788],[129.8967,32.7879],[129.8968,32.7878],[129.8968,32.7877],[129.8969,32.7876],[129.8969,32.7874],[129.8969,32.7873],[129.8969,32.7872],[129.8968,32.7871],[129.8967,32.7871],[129.8965,32.7869],[129.8964,32.7869],[129.8963,32.7868],[129.8963,32.7867],[129.8963,32.7866],[129.8963,32.7866],[129.8964,32.7865],[129.8967,32.7863],[129.8969,32.7863],[129.897,32.7862],[129.8971,32.7861],[129.897,32.786],[129.897,32.786],[129.8969,32.7859],[129.8968,32.7859],[129.8968,32.7859],[129.8967,32.7859],[129.8966,32.786],[129.8963,32.7861],[129.8962,32.7861],[129.8961,32.7861],[129.8956,32.786],[129.8952,32.7859],[129.8949,32.7858],[129.8939,32.7851],[129.8938,32.7851],[129.8937,32.7851],[129.8935,32.785],[129.8934,32.7849],[129.8932,32.7848],[129.893,32.7846],[129.893,32.7839],[129.8933,32.7839],[129.8933,32.7837],[129.8933,32.7836],[129.8934,32.7836],[129.8935,32.7835],[129.8937,32.7834],[129.8938,32.7832],[129.8939,32.783],[129.8938,32.7828],[129.8938,32.7827],[129.894,32.7826],[129.8943,32.7824],[129.8946,32.7823],[129.8947,32.7822],[129.8952,32.7819],[129.8952,32.7818],[129.8952,32.7818],[129.8952,32.7818],[129.8951,32.7817],[129.895,32.7817],[129.895,32.7817],[129.8949,32.7817],[129.8949,32.7816],[129.8949,32.7816],[129.8948,32.7816],[129.8947,32.7816],[129.8945,32.7816],[129.8944,32.7815],[129.8944,32.7815],[129.8944,32.7815],[129.8943,32.7814],[129.8942,32.7812],[129.8941,32.7809],[129.8941,32.7809],[129.8941,32.7808],[129.8941,32.7808],[129.8941,32.7807],[129.894,32.7807],[129.8939,32.7806],[129.8938,32.7806],[129.8937,32.7806],[129.8937,32.7806],[129.8936,32.7806],[129.8934,32.7806],[129.8934,32.7806],[129.8933,32.7805],[129.8933,32.7805],[129.8932,32.7805],[129.8931,32.7805],[129.8929,32.7805],[129.8928,32.7805],[129.8928,32.7805],[129.8927,32.7805],[129.8926,32.7806],[129.8926,32.7806],[129.8925,32.7806],[129.8925,32.7807],[129.8925,32.7807],[129.8924,32.7807],[129.8924,32.7807],[129.8923,32.7807],[129.8921,32.7803],[129.8917,32.7801],[129.8912,32.78],[129.8911,32.78],[129.891,32.78],[129.8908,32.7798],[129.8905,32.7795],[129.8905,32.7795],[129.8903,32.7793],[129.89,32.7792],[129.8899,32.779],[129.8898,32.7789],[129.8905,32.7792],[129.8905,32.7791],[129.8904,32.7788],[129.8903,32.7786],[129.8901,32.7783],[129.8901,32.7783],[129.89,32.7782],[129.8897,32.7781],[129.8897,32.7781],[129.8896,32.7782],[129.8896,32.7782],[129.8896,32.7782],[129.8895,32.7781],[129.8895,32.7781],[129.8894,32.7781],[129.8893,32.7782],[129.8892,32.7782],[129.8892,32.7782],[129.8891,32.7783],[129.8891,32.7783],[129.889,32.7782],[129.889,32.7782],[129.889,32.7782],[129.889,32.7781],[129.8891,32.7779],[129.8893,32.7778],[129.8893,32.7778],[129.8895,32.7777],[129.8896,32.7777],[129.8896,32.7777],[129.8897,32.7776],[129.8898,32.7776],[129.8899,32.7775],[129.8899,32.7775],[129.8899,32.7774],[129.8899,32.7774],[129.8899,32.7773],[129.8898,32.7773],[129.8898,32.7772],[129.8898,32.7771],[129.8899,32.777],[129.8899,32.7769],[129.89,32.7768],[129.89,32.7768],[129.8899,32.7767],[129.8899,32.7765],[129.8899,32.7764],[129.8899,32.7763],[129.8899,32.7763],[129.8898,32.7763],[129.8898,32.7762],[129.8898,32.7762],[129.8898,32.7761],[129.8898,32.7761],[129.8899,32.7761],[129.89,32.7761],[129.8901,32.7761],[129.8902,32.776],[129.8905,32.7759],[129.8907,32.7759],[129.8907,32.7757],[129.8908,32.7756],[129.8911,32.7752],[129.891,32.7746],[129.891,32.7744],[129.8907,32.7744],[129.8907,32.7744],[129.8907,32.7745],[129.8907,32.7745],[129.8906,32.7745],[129.8906,32.7745],[129.8906,32.7746],[129.8905,32.7748],[129.8905,32.7749],[129.8904,32.7749],[129.8904,32.7749],[129.8903,32.7749],[129.8901,32.7751],[129.8902,32.7752],[129.8902,32.7753],[129.8901,32.7754],[129.8901,32.7754],[129.89,32.7754],[129.89,32.7754],[129.89,32.7755],[129.8898,32.7756],[129.8898,32.7756],[129.8897,32.7756],[129.8895,32.7756],[129.8895,32.7755],[129.8894,32.7756],[129.8893,32.7757],[129.8893,32.7758],[129.8891,32.7758],[129.8891,32.7758],[129.8891,32.7758],[129.8891,32.7759],[129.889,32.7759],[129.889,32.7759],[129.889,32.7761],[129.8892,32.7761],[129.8893,32.7761],[129.8894,32.7761],[129.8895,32.7761],[129.8896,32.7764],[129.8896,32.7764],[129.8896,32.7765],[129.8896,32.7766],[129.8895,32.7766],[129.8895,32.7766],[129.8895,32.7766],[129.8895,32.7768],[129.8897,32.7769],[129.8896,32.7769],[129.8895,32.7771],[129.8895,32.7772],[129.8895,32.7773],[129.8894,32.7775],[129.8893,32.7775],[129.8893,32.7776],[129.8893,32.7776],[129.8892,32.7777],[129.8892,32.7777],[129.8892,32.7777],[129.8891,32.7777],[129.889,32.7778],[129.8889,32.778],[129.8888,32.7781],[129.8886,32.7781],[129.8886,32.7782],[129.8884,32.7784],[129.8883,32.7787],[129.8881,32.7787],[129.8881,32.7787],[129.888,32.7787],[129.888,32.7789],[129.888,32.7789],[129.888,32.7789],[129.888,32.7789],[129.888,32.7789],[129.8879,32.7789],[129.8879,32.7789],[129.8878,32.7791],[129.8876,32.7792],[129.8876,32.7792],[129.8874,32.7792],[129.8871,32.7793],[129.8869,32.7794],[129.8866,32.7794],[129.8866,32.7794],[129.8863,32.7795],[129.8862,32.7794],[129.886,32.7794],[129.886,32.7794],[129.8859,32.7793],[129.8857,32.7793],[129.8855,32.7793],[129.8856,32.7791],[129.8856,32.779],[129.8856,32.7789],[129.8856,32.7789],[129.8855,32.7789],[129.8855,32.7789],[129.8855,32.7789],[129.8854,32.7789],[129.8854,32.7789],[129.8853,32.7788],[129.8852,32.7788],[129.8852,32.7788],[129.8852,32.7788],[129.8852,32.7786],[129.8852,32.7785],[129.8851,32.7785],[129.8851,32.7784],[129.8851,32.778],[129.8849,32.778],[129.8848,32.7781],[129.8846,32.7786],[129.8844,32.7789],[129.8844,32.7789],[129.8844,32.7789],[129.8844,32.779],[129.8843,32.779],[129.8843,32.779],[129.8844,32.779],[129.8844,32.7791],[129.8842,32.779],[129.8839,32.779],[129.8838,32.779],[129.8837,32.779],[129.8836,32.7791],[129.8836,32.7792],[129.8836,32.7794],[129.8836,32.7794],[129.8834,32.7794],[129.883,32.7794],[129.883,32.7794],[129.8829,32.7794],[129.8827,32.7794],[129.8826,32.7793],[129.8824,32.7792],[129.8823,32.7792],[129.8821,32.7792],[129.882,32.7792],[129.8818,32.7793],[129.8816,32.7793],[129.8815,32.7794],[129.8813,32.7791],[129.8808,32.7791],[129.8801,32.7789],[129.8792,32.7789],[129.8788,32.779],[129.8779,32.779],[129.878,32.7792],[129.8781,32.7794],[129.8783,32.7795],[129.8785,32.7796],[129.8785,32.7801],[129.8785,32.7801],[129.8783,32.7802],[129.8781,32.7803],[129.8779,32.7803],[129.8778,32.7803],[129.8776,32.7802],[129.8774,32.7801],[129.8772,32.7797],[129.8772,32.7795],[129.877,32.7796],[129.877,32.7798],[129.877,32.7797],[129.8768,32.7798],[129.8765,32.7798],[129.8763,32.7798],[129.8762,32.7798],[129.8761,32.7798],[129.876,32.7798],[129.876,32.7797],[129.8758,32.7796],[129.8757,32.7796],[129.8757,32.7796],[129.8757,32.7796],[129.8756,32.7796],[129.8754,32.7795],[129.8753,32.7795],[129.8752,32.7795],[129.8751,32.7796],[129.875,32.7796],[129.875,32.7796],[129.8748,32.7797],[129.8747,32.7798],[129.8747,32.7799],[129.8746,32.7799],[129.8746,32.7799],[129.8746,32.7799],[129.8746,32.78],[129.8745,32.78],[129.8745,32.78],[129.8745,32.78],[129.8745,32.78],[129.8745,32.7799],[129.8744,32.7799],[129.8745,32.78],[129.8745,32.7801],[129.8746,32.7801],[129.8746,32.7801],[129.8744,32.7801],[129.8743,32.78],[129.8743,32.78],[129.8742,32.78],[129.8742,32.78],[129.8742,32.78],[129.8741,32.7802],[129.8742,32.7802],[129.8743,32.7802],[129.8744,32.7803],[129.8744,32.7803],[129.8747,32.7803],[129.8745,32.7806],[129.8742,32.7807],[129.8742,32.7806],[129.8741,32.7805],[129.874,32.7804],[129.874,32.7804],[129.874,32.7803],[129.874,32.7803],[129.874,32.7802],[129.8739,32.78],[129.8738,32.7799],[129.8739,32.7799],[129.8739,32.7799],[129.874,32.7798],[129.874,32.7798],[129.874,32.7797],[129.8739,32.7797],[129.8739,32.7796],[129.8738,32.7796],[129.8738,32.7795],[129.8739,32.7795],[129.8741,32.7795],[129.8742,32.7795],[129.8742,32.7795],[129.8742,32.7795],[129.8743,32.7795],[129.8744,32.7794],[129.8744,32.7794],[129.8747,32.7795],[129.8748,32.7794],[129.875,32.7792],[129.875,32.7791],[129.8749,32.779],[129.8748,32.7789],[129.8748,32.7789],[129.8747,32.7788],[129.8747,32.7787],[129.8747,32.7787],[129.8748,32.7787],[129.8748,32.7787],[129.8749,32.7787],[129.8749,32.7787],[129.875,32.7787],[129.875,32.7787],[129.8751,32.7787],[129.8751,32.7788],[129.8752,32.7788],[129.8752,32.7788],[129.8752,32.7788],[129.8753,32.7788],[129.8754,32.7788],[129.8755,32.7788],[129.8756,32.7787],[129.8756,32.7787],[129.8757,32.7787],[129.8757,32.7786],[129.8757,32.7786],[129.8758,32.7786],[129.8759,32.7786],[129.8758,32.7785],[129.8757,32.7784],[129.8755,32.7784],[129.8754,32.7783],[129.8754,32.7783],[129.8753,32.7783],[129.8751,32.7781],[129.8751,32.7781],[129.875,32.7781],[129.8749,32.7781],[129.8749,32.7781],[129.8748,32.7781],[129.8748,32.7781],[129.8747,32.778],[129.8747,32.778],[129.8747,32.778],[129.8746,32.7778],[129.8746,32.7777],[129.8746,32.7777],[129.8745,32.7775],[129.8745,32.7775],[129.8745,32.7775],[129.8746,32.7774],[129.8746,32.7772],[129.8746,32.7771],[129.8746,32.7771],[129.8749,32.777],[129.875,32.777],[129.8752,32.777],[129.8752,32.777],[129.8752,32.777],[129.8752,32.7769],[129.8752,32.7769],[129.8753,32.7768],[129.8753,32.7767],[129.8753,32.7767],[129.8754,32.7767],[129.8755,32.7767],[129.8755,32.7767],[129.8756,32.7766],[129.8756,32.7765],[129.8756,32.7764],[129.8755,32.7764],[129.8756,32.7763],[129.8757,32.7763],[129.8758,32.7762],[129.8758,32.7762],[129.8758,32.7761],[129.8758,32.7761],[129.8758,32.776],[129.8758,32.776],[129.8759,32.776],[129.8758,32.7759],[129.8758,32.7758],[129.8759,32.7758],[129.8758,32.7758],[129.876,32.7757],[129.876,32.7756],[129.8761,32.7756],[129.8761,32.7756],[129.8761,32.7754],[129.8761,32.7753],[129.8761,32.7752],[129.8762,32.7751],[129.8762,32.7751],[129.8762,32.775],[129.8762,32.7749],[129.8761,32.775],[129.876,32.7751],[129.8759,32.7751],[129.8758,32.7752],[129.8757,32.7752],[129.8757,32.7753],[129.8756,32.7753],[129.8755,32.7753],[129.8755,32.7752],[129.8754,32.7752],[129.8753,32.7751],[129.8752,32.7751],[129.875,32.7751],[129.8749,32.7751],[129.8748,32.7751],[129.8747,32.7751],[129.8746,32.7751],[129.8745,32.7751],[129.8743,32.775],[129.8743,32.775],[129.8742,32.775],[129.8741,32.7749],[129.8741,32.7749],[129.8741,32.7748],[129.8742,32.7749],[129.8743,32.7749],[129.8744,32.7749],[129.8746,32.7749],[129.8747,32.7748],[129.8747,32.7747],[129.8747,32.7746],[129.8747,32.7744],[129.8747,32.7744],[129.8748,32.7743],[129.8748,32.7743],[129.8749,32.7742],[129.875,32.7742],[129.8751,32.7742],[129.8753,32.7741],[129.8754,32.7741],[129.8755,32.7742],[129.8756,32.7742],[129.8758,32.7742],[129.8759,32.7742],[129.8761,32.7742],[129.8761,32.7743],[129.8761,32.7744],[129.8762,32.7745],[129.8762,32.7746],[129.8764,32.7746],[129.8765,32.7746],[129.8766,32.7745],[129.8766,32.7744],[129.8767,32.7744],[129.8768,32.7743],[129.8768,32.7742],[129.877,32.7741],[129.877,32.774],[129.8771,32.7739],[129.8771,32.7738],[129.8771,32.7737],[129.8773,32.7736],[129.877,32.7734],[129.8771,32.7733],[129.877,32.7733],[129.8771,32.7732],[129.8772,32.7731],[129.8772,32.7731],[129.8772,32.773],[129.8772,32.773],[129.8772,32.7729],[129.8772,32.7729],[129.8773,32.7729],[129.8773,32.7728],[129.8773,32.7727],[129.8772,32.7727],[129.8774,32.7727],[129.8775,32.7728],[129.8778,32.7728],[129.8779,32.7729],[129.878,32.7729],[129.8781,32.7729],[129.8782,32.7729],[129.8782,32.7729],[129.8783,32.7729],[129.8783,32.7727],[129.8783,32.7727],[129.8783,32.7726],[129.8782,32.7726],[129.8782,32.7726],[129.8781,32.7725],[129.8779,32.7725],[129.8778,32.7724],[129.8777,32.7724],[129.8775,32.7723],[129.8775,32.7723],[129.8773,32.7723],[129.8773,32.7723],[129.877,32.7723],[129.8769,32.7723],[129.8768,32.7722],[129.8766,32.7722],[129.8766,32.7721],[129.8765,32.7721],[129.8763,32.7721],[129.8762,32.772],[129.8761,32.772],[129.876,32.7719],[129.8758,32.7719],[129.8758,32.7718],[129.8757,32.7717],[129.8756,32.7716],[129.8755,32.7716],[129.8754,32.7716],[129.8754,32.7715],[129.8754,32.7715],[129.8754,32.7713],[129.8753,32.7714],[129.8752,32.7714],[129.875,32.7714],[129.8747,32.7714],[129.8747,32.7713],[129.8748,32.7712],[129.8748,32.7712],[129.8749,32.7712],[129.875,32.7712],[129.8751,32.7712],[129.8753,32.7712],[129.8755,32.7712],[129.8756,32.7712],[129.8757,32.7712],[129.8758,32.7712],[129.876,32.7712],[129.8761,32.7712],[129.8763,32.7712],[129.8764,32.7712],[129.8764,32.7711],[129.8765,32.7711],[129.8766,32.7709],[129.8759,32.7709],[129.8756,32.7706],[129.8756,32.7706],[129.8756,32.7705],[129.8756,32.7704],[129.8756,32.7704],[129.8753,32.7703],[129.8752,32.7704],[129.8752,32.7706],[129.8751,32.7706],[129.8749,32.7705],[129.8749,32.7702],[129.875,32.77],[129.8749,32.7698],[129.8749,32.7697],[129.875,32.7697],[129.8751,32.7697],[129.8752,32.7697],[129.8752,32.7696],[129.8752,32.7696],[129.8754,32.7696],[129.8755,32.7695],[129.8756,32.7694],[129.8756,32.7693],[129.8755,32.7692],[129.8755,32.7691],[129.8754,32.7691],[129.8753,32.7692],[129.8753,32.7692],[129.8752,32.7692],[129.8751,32.7692],[129.875,32.7692],[129.8749,32.7693],[129.8749,32.7693],[129.8748,32.7693],[129.8747,32.7693],[129.8745,32.7694],[129.8745,32.7694],[129.8744,32.7695],[129.8742,32.7693],[129.8742,32.7692],[129.8741,32.7691],[129.8741,32.7691],[129.874,32.7689],[129.874,32.7687],[129.8739,32.7688],[129.8738,32.7689],[129.8737,32.769],[129.8735,32.7692],[129.8735,32.7693],[129.8733,32.7697],[129.8731,32.7702],[129.8729,32.7702],[129.8728,32.7703],[129.8727,32.7703],[129.8726,32.7704],[129.8725,32.7705],[129.8724,32.7703],[129.8722,32.7704],[129.872,32.7704],[129.872,32.7703],[129.8719,32.7703],[129.8719,32.7702],[129.8721,32.7702],[129.8725,32.77],[129.8726,32.77],[129.8728,32.77],[129.8729,32.77],[129.8729,32.7699],[129.8729,32.7699],[129.8728,32.7699],[129.8728,32.7698],[129.8728,32.7697],[129.8728,32.7696],[129.8727,32.7696],[129.8727,32.7696],[129.8726,32.7695],[129.8726,32.7694],[129.8721,32.7696],[129.8721,32.7695],[129.8721,32.7694],[129.8721,32.7693],[129.8721,32.7692],[129.8721,32.7691],[129.8721,32.7691],[129.8721,32.7691],[129.8722,32.7691],[129.8723,32.7691],[129.8724,32.769],[129.8724,32.7689],[129.8724,32.7688],[129.8724,32.7687],[129.8724,32.7686],[129.8726,32.7686],[129.8726,32.7684],[129.8723,32.7685],[129.8719,32.7686],[129.8712,32.7681],[129.8714,32.768],[129.8716,32.7679],[129.8715,32.7679],[129.8715,32.7678],[129.8715,32.7678],[129.8713,32.7677],[129.8714,32.7676],[129.8713,32.7675],[129.8713,32.7674],[129.8713,32.7673],[129.8712,32.7672],[129.8714,32.7671],[129.8714,32.7671],[129.8715,32.7671],[129.8715,32.767],[129.8716,32.767],[129.8716,32.7669],[129.8717,32.7668],[129.8717,32.7668],[129.8716,32.7668],[129.8715,32.7667],[129.8714,32.7667],[129.8713,32.7667],[129.8712,32.7667],[129.8712,32.7666],[129.8711,32.7667],[129.871,32.7667],[129.8709,32.7667],[129.8707,32.7668],[129.8707,32.7668],[129.8706,32.7668],[129.8706,32.7668],[129.8705,32.7667],[129.8705,32.7666],[129.8705,32.7666],[129.8706,32.7666],[129.8708,32.7664],[129.8709,32.7662],[129.871,32.7662],[129.8711,32.7662],[129.8712,32.7661],[129.8713,32.7661],[129.8713,32.766],[129.8714,32.7659],[129.8716,32.7659],[129.8716,32.7659],[129.8717,32.7658],[129.8718,32.7658],[129.8718,32.7659],[129.8719,32.7658],[129.8719,32.7656],[129.8719,32.7655],[129.8722,32.7654],[129.8723,32.7653],[129.8725,32.765],[129.8724,32.765],[129.8723,32.765],[129.8722,32.765],[129.8721,32.765],[129.872,32.765],[129.8719,32.765],[129.8719,32.765],[129.8719,32.7649],[129.8718,32.7649],[129.8717,32.7648],[129.8717,32.7648],[129.8715,32.7648],[129.8714,32.7649],[129.8712,32.7649],[129.8711,32.7649],[129.871,32.7649],[129.8709,32.7649],[129.8709,32.7649],[129.8709,32.7648],[129.8709,32.7648],[129.8709,32.7647],[129.8709,32.7646],[129.8709,32.7645],[129.8709,32.7643],[129.8709,32.7642],[129.8709,32.7641],[129.8708,32.7641],[129.8705,32.764],[129.8705,32.764],[129.8705,32.7639],[129.8706,32.7639],[129.8707,32.7638],[129.8707,32.7637],[129.8707,32.7637],[129.8707,32.7636],[129.8708,32.7635],[129.8709,32.7634],[129.8709,32.7634],[129.871,32.7634],[129.8711,32.7634],[129.8711,32.7634],[129.8711,32.7635],[129.8713,32.7634],[129.8714,32.7633],[129.8715,32.7632],[129.8716,32.7632],[129.8716,32.7631],[129.8716,32.763],[129.8716,32.7629],[129.8715,32.7628],[129.8714,32.7628],[129.8715,32.7627],[129.8715,32.7626],[129.8715,32.7626],[129.8715,32.7625],[129.8715,32.7625],[129.8716,32.7624],[129.8717,32.7624],[129.8718,32.7625],[129.8718,32.7625],[129.8719,32.7625],[129.872,32.7625],[129.8721,32.7625],[129.8721,32.7624],[129.8722,32.7624],[129.8723,32.7623],[129.8724,32.7623],[129.8726,32.7623],[129.8727,32.7623],[129.8728,32.7624],[129.8729,32.7623],[129.8731,32.7623],[129.8732,32.7623],[129.8732,32.7622],[129.8731,32.7622],[129.8731,32.7621],[129.8731,32.762],[129.8731,32.762],[129.8731,32.7619],[129.8732,32.7619],[129.8729,32.7617],[129.8729,32.7617],[129.8729,32.7616],[129.8729,32.7616],[129.8729,32.7615],[129.8728,32.7615],[129.8727,32.7614],[129.8727,32.7614],[129.8727,32.7613],[129.8728,32.7614],[129.873,32.7614],[129.8731,32.7613],[129.8731,32.7613],[129.8732,32.7612],[129.8732,32.7612],[129.8732,32.7611],[129.8732,32.761],[129.8733,32.761],[129.8734,32.761],[129.8735,32.761],[129.8736,32.761],[129.8737,32.761],[129.8738,32.7611],[129.8738,32.7611],[129.8739,32.7612],[129.874,32.7612],[129.8741,32.7612],[129.8741,32.7612],[129.8742,32.7613],[129.8742,32.7613],[129.8743,32.7612],[129.8744,32.7612],[129.8744,32.7611],[129.8745,32.7611],[129.8746,32.7612],[129.8746,32.7611],[129.8745,32.7611],[129.8744,32.761],[129.8744,32.7609],[129.8744,32.7608],[129.8743,32.7608],[129.8743,32.7607],[129.8743,32.7606],[129.8743,32.7606],[129.8742,32.7605],[129.8741,32.7604],[129.8741,32.7603],[129.874,32.7602],[129.8739,32.7602],[129.8739,32.7602],[129.8739,32.76],[129.8738,32.76],[129.8737,32.76],[129.8737,32.76],[129.8737,32.7599],[129.8736,32.7599],[129.8735,32.7599],[129.8734,32.7598],[129.8734,32.7598],[129.8733,32.7597],[129.8733,32.7596],[129.8733,32.7596],[129.8732,32.7594],[129.8732,32.7594],[129.8732,32.7593],[129.8732,32.7592],[129.8733,32.7591],[129.8733,32.7591],[129.8734,32.759],[129.8734,32.7588],[129.8736,32.7585],[129.8741,32.7577],[129.8742,32.7575],[129.8742,32.7575],[129.8742,32.7574],[129.8743,32.7573],[129.8744,32.7572],[129.8745,32.757],[129.8746,32.7569],[129.8747,32.7569],[129.8748,32.7568],[129.8748,32.7567],[129.8749,32.7567],[129.875,32.7566],[129.8753,32.7564],[129.8756,32.7562],[129.8756,32.7561],[129.8759,32.7562],[129.8761,32.7564],[129.8761,32.7567],[129.876,32.757],[129.876,32.7571],[129.8761,32.7571],[129.8761,32.7572],[129.8762,32.7573],[129.8761,32.7574],[129.8761,32.7575],[129.876,32.7577],[129.8759,32.7579],[129.8759,32.758],[129.8759,32.7582],[129.8759,32.7583],[129.8758,32.7584],[129.8758,32.7585],[129.8758,32.7586],[129.8757,32.7587],[129.8757,32.7589],[129.8757,32.759],[129.8757,32.7591],[129.8757,32.7593],[129.8756,32.7595],[129.8756,32.7599],[129.8756,32.7603],[129.8756,32.7604],[129.8757,32.7605],[129.8757,32.7606],[129.8757,32.7607],[129.8758,32.7607],[129.8759,32.7607],[129.8759,32.7608],[129.8759,32.7608],[129.876,32.7608],[129.8761,32.7608],[129.8764,32.7608],[129.8767,32.7608],[129.8772,32.7608],[129.8773,32.7608],[129.8777,32.7608],[129.8779,32.7608],[129.8783,32.7607],[129.8786,32.7607],[129.8786,32.7607],[129.8787,32.7607],[129.8788,32.7607],[129.8788,32.7607],[129.8788,32.7607],[129.8788,32.7607],[129.8788,32.7608],[129.8787,32.761],[129.8787,32.7611],[129.8787,32.7611],[129.8787,32.7612],[129.8787,32.7612],[129.8786,32.7612],[129.8786,32.7612],[129.8785,32.7613],[129.8782,32.7613],[129.8781,32.7613],[129.878,32.7614],[129.878,32.7614],[129.878,32.7615],[129.8779,32.7615],[129.8778,32.7615],[129.8777,32.7615],[129.8776,32.7616],[129.8774,32.7616],[129.8774,32.7616],[129.8774,32.7616],[129.8774,32.7616],[129.8773,32.7616],[129.8773,32.7618],[129.8773,32.7619],[129.8773,32.7619],[129.8774,32.762],[129.8775,32.7621],[129.8775,32.7622],[129.8775,32.7622],[129.8776,32.7623],[129.8776,32.7624],[129.8776,32.7625],[129.8776,32.7625],[129.8776,32.7626],[129.8776,32.7626],[129.8776,32.7626],[129.8777,32.7627],[129.8778,32.7626],[129.8778,32.7626],[129.8779,32.7625],[129.8779,32.7625],[129.878,32.7625],[129.8783,32.7624],[129.8783,32.7623],[129.8783,32.7623],[129.8783,32.7623],[129.8784,32.7622],[129.8784,32.7622],[129.8785,32.7622],[129.8785,32.7622],[129.8785,32.7622],[129.8786,32.7621],[129.8787,32.7621],[129.8787,32.7621],[129.8788,32.7621],[129.8788,32.7621],[129.8788,32.7621],[129.8788,32.7621],[129.8788,32.7623],[129.8789,32.7624],[129.879,32.7625],[129.879,32.7625],[129.8791,32.7626],[129.8791,32.7626],[129.8791,32.7627],[129.8791,32.7629],[129.8792,32.763],[129.8793,32.7631],[129.8793,32.7631],[129.8794,32.7631],[129.8795,32.7633],[129.8796,32.7633],[129.8796,32.7633],[129.8797,32.7633],[129.8797,32.7633],[129.8798,32.7634],[129.8798,32.7634],[129.8799,32.7634],[129.88,32.7635],[129.8801,32.7635],[129.8801,32.7635],[129.8801,32.7635],[129.8802,32.7635],[129.8803,32.7635],[129.8804,32.7636],[129.8805,32.7636],[129.8805,32.7636],[129.8805,32.7636],[129.8805,32.7636],[129.8806,32.7636],[129.8806,32.7637],[129.8807,32.7636],[129.8808,32.7636],[129.8808,32.7637],[129.8808,32.7639],[129.8809,32.7638],[129.881,32.7637],[129.8811,32.7636],[129.8812,32.7635],[129.8812,32.7634],[129.8812,32.7633],[129.8812,32.763],[129.8811,32.7629],[129.881,32.7629],[129.881,32.7629],[129.881,32.7628],[129.8809,32.7628],[129.8809,32.7627],[129.8809,32.7627],[129.8809,32.7626],[129.8809,32.7626],[129.8807,32.7626],[129.8807,32.7625],[129.8807,32.7625],[129.8808,32.7624],[129.8809,32.7623],[129.881,32.7622],[129.881,32.7622],[129.8811,32.7621],[129.8811,32.7621],[129.8811,32.7619],[129.8811,32.7618],[129.8811,32.7617],[129.8811,32.7616],[129.8813,32.7616],[129.8816,32.7615],[129.8818,32.7616],[129.8819,32.7617],[129.8821,32.7618],[129.8822,32.762],[129.8823,32.762],[129.8825,32.7619],[129.8826,32.7618],[129.8827,32.7617],[129.8828,32.7615],[129.8827,32.7614],[129.8827,32.7613],[129.8827,32.7612],[129.8826,32.7611],[129.8828,32.7611],[129.8829,32.7611],[129.883,32.7611],[129.883,32.7611],[129.8831,32.7611],[129.8832,32.7611],[129.8833,32.761],[129.8835,32.761],[129.8836,32.7609],[129.8837,32.7609],[129.8838,32.7608],[129.8838,32.7608],[129.884,32.7608],[129.8841,32.7608],[129.8842,32.7607],[129.8842,32.7607],[129.8841,32.7606],[129.8841,32.7605],[129.8842,32.7604],[129.8842,32.7604],[129.8845,32.7605],[129.8847,32.7606],[129.8848,32.7606],[129.8849,32.7606],[129.885,32.7606],[129.885,32.7606],[129.8852,32.7606],[129.8852,32.7605],[129.8853,32.7605],[129.8855,32.7605],[129.8856,32.7605],[129.8857,32.7605],[129.8858,32.7605],[129.8859,32.7606],[129.8859,32.7606],[129.886,32.7606],[129.8861,32.7606],[129.8861,32.7606],[129.8862,32.7606],[129.8862,32.7607],[129.8863,32.7607],[129.8864,32.7608],[129.8863,32.7608],[129.8863,32.7608],[129.8863,32.7611],[129.8863,32.7612],[129.8864,32.7614],[129.8865,32.7615],[129.8866,32.7617],[129.8866,32.7618],[129.8867,32.762],[129.8868,32.7623],[129.8868,32.7624],[129.8868,32.7625],[129.8868,32.7625],[129.8867,32.7626],[129.8867,32.7627],[129.8865,32.7628],[129.8865,32.7629],[129.8865,32.7629],[129.8865,32.763],[129.8866,32.7632],[129.8867,32.7633],[129.8868,32.7633],[129.887,32.7634],[129.887,32.7635],[129.8871,32.7635],[129.8871,32.7635],[129.8872,32.7635],[129.8873,32.7635],[129.8873,32.7635],[129.8873,32.7635],[129.8873,32.7636],[129.8873,32.7636],[129.8872,32.7637],[129.8872,32.7638],[129.8873,32.7639],[129.8872,32.7639],[129.8872,32.7641],[129.8873,32.7641],[129.8874,32.7642],[129.8874,32.7642],[129.8877,32.7644],[129.8878,32.7646],[129.888,32.7648],[129.888,32.7649],[129.8882,32.765],[129.8882,32.765],[129.8882,32.7651],[129.8883,32.7651],[129.888,32.7652],[129.8879,32.7652],[129.8878,32.7652],[129.8877,32.7653],[129.8876,32.7653],[129.8875,32.7654],[129.8875,32.7655],[129.8876,32.7655],[129.8876,32.7655],[129.8876,32.7655],[129.8876,32.7656],[129.8876,32.7656],[129.8876,32.7656],[129.8876,32.7657],[129.8876,32.7657],[129.8876,32.7657],[129.8877,32.7658],[129.8877,32.7658],[129.888,32.7658],[129.888,32.7659],[129.888,32.7659],[129.8882,32.7659],[129.8882,32.7659],[129.8883,32.766],[129.8882,32.766],[129.8882,32.766],[129.8881,32.766],[129.8881,32.7661],[129.8881,32.7661],[129.8881,32.7662],[129.8881,32.7662],[129.8881,32.7663],[129.8881,32.7663],[129.888,32.7664],[129.8879,32.7664],[129.8878,32.7665],[129.8878,32.7666],[129.8878,32.7666],[129.8877,32.7666],[129.8877,32.7667],[129.8876,32.7667],[129.8876,32.7668],[129.8876,32.7669],[129.8876,32.7669],[129.8876,32.767],[129.8877,32.7671],[129.8877,32.7671],[129.8878,32.7671],[129.8879,32.7671],[129.8879,32.7671],[129.888,32.7671],[129.888,32.767],[129.8882,32.767],[129.8882,32.767],[129.8883,32.767],[129.8883,32.767],[129.8883,32.767],[129.8883,32.7671],[129.8884,32.7671],[129.8884,32.7671],[129.8883,32.7672],[129.8883,32.7672],[129.8881,32.7674],[129.888,32.7674],[129.8879,32.7675],[129.8879,32.7675],[129.8878,32.7675],[129.8878,32.7675],[129.8877,32.7675],[129.8877,32.7675],[129.8877,32.7675],[129.8876,32.7676],[129.8876,32.7677],[129.8875,32.7678],[129.8874,32.7679],[129.8874,32.768],[129.8873,32.7681],[129.8873,32.7681],[129.8873,32.7682],[129.8872,32.7683],[129.8872,32.7683],[129.8872,32.7684],[129.8872,32.7684],[129.8872,32.7685],[129.8873,32.7685],[129.8873,32.7685],[129.8873,32.7686],[129.8873,32.7686],[129.8874,32.7686],[129.8874,32.7686],[129.8875,32.7685],[129.8875,32.7685],[129.8876,32.7684],[129.8878,32.7684],[129.8879,32.7684],[129.8881,32.7684],[129.8883,32.7684],[129.8884,32.7683],[129.8886,32.7682],[129.8887,32.7682],[129.889,32.7681],[129.8892,32.768],[129.8894,32.768],[129.8895,32.768],[129.8896,32.768],[129.8897,32.7681],[129.8898,32.7682],[129.8899,32.7684],[129.89,32.7686],[129.89,32.7688],[129.8896,32.7689],[129.8894,32.7691],[129.8893,32.7692],[129.8893,32.7693],[129.8892,32.7695],[129.8893,32.7696],[129.8893,32.7696],[129.8894,32.7697],[129.8895,32.7697],[129.8895,32.7698],[129.8894,32.7699],[129.8894,32.77],[129.8893,32.7701],[129.8893,32.7701],[129.8893,32.7702],[129.8893,32.7702],[129.8894,32.7703],[129.8895,32.7703],[129.8897,32.7703],[129.8899,32.7703],[129.8899,32.7702],[129.89,32.7701],[129.89,32.7701],[129.8901,32.77],[129.8901,32.77],[129.8902,32.7699],[129.8902,32.7699],[129.8904,32.7699],[129.8904,32.7698],[129.8905,32.7698],[129.8905,32.7698],[129.8906,32.7697],[129.8906,32.7697],[129.8906,32.7696],[129.8906,32.7696],[129.8907,32.7696],[129.8907,32.7695],[129.8907,32.7694],[129.8908,32.7694],[129.891,32.7691],[129.8911,32.769],[129.8909,32.7688],[129.8907,32.7684],[129.8911,32.7682],[129.8911,32.7679],[129.8911,32.7676],[129.891,32.7675],[129.891,32.7675],[129.8909,32.7674],[129.8909,32.7674],[129.8907,32.7671],[129.8907,32.7669],[129.8907,32.7669],[129.8907,32.7668],[129.8906,32.7667],[129.8907,32.7665],[129.8901,32.7654],[129.8903,32.7654],[129.8903,32.7654],[129.8904,32.7654],[129.8905,32.7653],[129.8906,32.7653],[129.8906,32.7653],[129.8907,32.7653],[129.8908,32.7653],[129.8908,32.7654],[129.8908,32.7655],[129.8908,32.7655],[129.8908,32.7656],[129.8908,32.7657],[129.8907,32.7658],[129.8907,32.7659],[129.8908,32.766],[129.8908,32.7661],[129.8908,32.7662],[129.8909,32.7663],[129.8909,32.7664],[129.891,32.7664],[129.891,32.7665],[129.891,32.7665],[129.891,32.7665],[129.891,32.7667],[129.8911,32.7668],[129.8912,32.7669],[129.8912,32.767],[129.8914,32.7671],[129.8914,32.7672],[129.8915,32.7672],[129.8916,32.7673],[129.8916,32.7673],[129.8917,32.7672],[129.8917,32.7672],[129.8918,32.7672],[129.8918,32.7673],[129.892,32.7673],[129.892,32.7672],[129.892,32.7672],[129.8921,32.7672],[129.892,32.767],[129.892,32.7669],[129.892,32.7668],[129.892,32.7667],[129.892,32.7667],[129.8919,32.7665],[129.892,32.7665],[129.892,32.7664],[129.892,32.7664],[129.892,32.7663],[129.8918,32.7662],[129.8917,32.766],[129.8916,32.7659],[129.8918,32.7659],[129.8918,32.7658],[129.8918,32.7656],[129.8918,32.7654],[129.8918,32.7653],[129.8917,32.7651],[129.8917,32.765],[129.8916,32.765],[129.8916,32.765],[129.8917,32.765],[129.8918,32.765],[129.892,32.765],[129.8921,32.7651],[129.8921,32.7651],[129.8927,32.7649],[129.8925,32.7648],[129.8924,32.7647],[129.8924,32.7647],[129.8923,32.7647],[129.8923,32.7647],[129.8923,32.7646],[129.8922,32.7646],[129.8922,32.7645],[129.892,32.7645],[129.892,32.7645],[129.8919,32.7644],[129.8918,32.7644],[129.8918,32.7644],[129.8918,32.7643],[129.8917,32.7642],[129.8917,32.7642],[129.8917,32.7642],[129.8916,32.7642],[129.8915,32.7641],[129.8913,32.7641],[129.8912,32.764],[129.8911,32.764],[129.8911,32.764],[129.8911,32.7639],[129.8911,32.7639],[129.8912,32.7638],[129.8912,32.7638],[129.8911,32.7637],[129.8911,32.7637],[129.8911,32.7637],[129.8911,32.7636],[129.891,32.7635],[129.891,32.7635],[129.8909,32.7635],[129.8908,32.7634],[129.8908,32.7634],[129.8908,32.7634],[129.8908,32.7635],[129.8907,32.7635],[129.8907,32.7636],[129.8907,32.7635],[129.8907,32.7635],[129.8906,32.7634],[129.8906,32.7634],[129.8905,32.7633],[129.8905,32.7632],[129.8905,32.7632],[129.8905,32.7631],[129.8906,32.763],[129.8906,32.763],[129.8907,32.7629],[129.8907,32.7629],[129.8907,32.7629],[129.8908,32.7629],[129.891,32.7629],[129.8912,32.7628],[129.8914,32.7627],[129.8919,32.7626],[129.8918,32.7624],[129.8917,32.7622],[129.8916,32.762],[129.8915,32.7619],[129.8914,32.7618],[129.8913,32.7617],[129.8913,32.7616],[129.8912,32.7616],[129.8911,32.7615],[129.8911,32.7615],[129.8911,32.7615],[129.891,32.7615],[129.8909,32.7615],[129.8909,32.7615],[129.8909,32.7615],[129.8909,32.7615],[129.8908,32.7614],[129.8908,32.7614],[129.8908,32.7614],[129.8907,32.7613],[129.8906,32.7613],[129.8906,32.7613],[129.8906,32.7612],[129.8906,32.7612],[129.8907,32.761],[129.8908,32.761],[129.8908,32.7609],[129.8908,32.7609],[129.8909,32.7608],[129.8909,32.7608],[129.8909,32.7607],[129.891,32.7607],[129.891,32.7607],[129.891,32.7607],[129.8911,32.7606],[129.8911,32.7606],[129.8911,32.7606],[129.8912,32.7606],[129.8912,32.7606],[129.8913,32.7606],[129.8913,32.7606],[129.8914,32.7606],[129.8914,32.7606],[129.8914,32.7605],[129.8914,32.7605],[129.8915,32.7605],[129.8916,32.7606],[129.8916,32.7606],[129.8917,32.7605],[129.8918,32.7605],[129.8918,32.7605],[129.8919,32.7605],[129.892,32.7605],[129.8921,32.7605],[129.8921,32.7605],[129.8922,32.7605],[129.8922,32.7604],[129.8922,32.7604],[129.8923,32.7603],[129.8923,32.7603],[129.8924,32.7602],[129.8924,32.7602],[129.8924,32.7601],[129.8924,32.76],[129.8924,32.7598],[129.8924,32.7598],[129.8924,32.7598],[129.8924,32.7596],[129.8922,32.7594],[129.8914,32.7594],[129.8912,32.7591],[129.8911,32.759],[129.891,32.7589],[129.8909,32.7588],[129.8909,32.7588],[129.8909,32.7583],[129.8909,32.7583],[129.8908,32.7582],[129.8907,32.758],[129.8906,32.7578],[129.8905,32.7577],[129.8903,32.7576],[129.8901,32.7574],[129.8902,32.7573],[129.8902,32.7573],[129.8902,32.7572],[129.8902,32.7571],[129.8901,32.7571],[129.8901,32.7571],[129.89,32.757],[129.8901,32.757],[129.8901,32.7569],[129.8902,32.7568],[129.8902,32.7567],[129.8902,32.7566],[129.8901,32.7566],[129.89,32.7567],[129.8899,32.7568],[129.8899,32.7568],[129.8899,32.7568],[129.8898,32.7568],[129.8898,32.7569],[129.8897,32.7569],[129.8896,32.757],[129.8896,32.757],[129.8895,32.757],[129.8894,32.7569],[129.8894,32.7569],[129.8894,32.7568],[129.8893,32.7567],[129.8893,32.7567],[129.8892,32.7567],[129.8892,32.7567],[129.8893,32.7566],[129.8892,32.7565],[129.8892,32.7564],[129.8892,32.7564],[129.8893,32.7563],[129.8893,32.7563],[129.8893,32.7563],[129.8894,32.7563],[129.8894,32.7562],[129.8894,32.7561],[129.8894,32.7561],[129.8894,32.7561],[129.8894,32.7558],[129.8893,32.7557],[129.8892,32.7556],[129.8892,32.7555],[129.8891,32.7555],[129.889,32.7554],[129.889,32.7554],[129.889,32.7553],[129.8889,32.7552],[129.8889,32.7551],[129.8888,32.755],[129.8887,32.7549],[129.8886,32.7546],[129.8892,32.7544],[129.8896,32.7543],[129.8897,32.7543],[129.8898,32.7543],[129.8898,32.7543],[129.8899,32.7544],[129.8899,32.7545],[129.8899,32.7546],[129.89,32.7546],[129.8898,32.7547],[129.8899,32.7551],[129.89,32.7552],[129.89,32.7551],[129.8902,32.7555],[129.8904,32.7559],[129.8905,32.7559],[129.8907,32.7561],[129.8908,32.7562],[129.8907,32.7562],[129.8913,32.757],[129.8914,32.7569],[129.8915,32.7569],[129.8916,32.7568],[129.8916,32.7567],[129.8916,32.7568],[129.8917,32.7569],[129.8917,32.757],[129.8918,32.7572],[129.8919,32.7573],[129.892,32.7578],[129.8922,32.7581],[129.8922,32.7581],[129.8922,32.7582],[129.8922,32.7583],[129.8923,32.7583],[129.8923,32.7584],[129.8926,32.7588],[129.8926,32.7591],[129.8925,32.7592],[129.8927,32.7593],[129.8928,32.7594],[129.8929,32.7592],[129.8929,32.7591],[129.8929,32.7591],[129.8931,32.7591],[129.8932,32.7591],[129.8934,32.7591],[129.8935,32.7592],[129.8936,32.7592],[129.8937,32.7593],[129.8937,32.7593],[129.8938,32.7593],[129.8939,32.7593],[129.894,32.7594],[129.8941,32.7594],[129.8941,32.7594],[129.8942,32.7595],[129.8943,32.7595],[129.8943,32.7595],[129.8944,32.7595],[129.8944,32.7595],[129.8945,32.7596],[129.8946,32.7596],[129.8947,32.7597],[129.8948,32.7598],[129.8949,32.7598],[129.8949,32.7598],[129.895,32.7598],[129.8952,32.76],[129.8952,32.76],[129.8953,32.7601],[129.8953,32.7601],[129.8954,32.7601],[129.8955,32.7601],[129.8955,32.7602],[129.8957,32.7602],[129.8957,32.7602],[129.8958,32.7602],[129.8958,32.7603],[129.8959,32.7604],[129.8959,32.7604],[129.8958,32.7605],[129.8958,32.7606],[129.8958,32.7606],[129.8957,32.7606],[129.8957,32.7607],[129.8954,32.761],[129.8954,32.761],[129.8957,32.7612],[129.8957,32.7613],[129.8959,32.7614],[129.896,32.7616],[129.8961,32.7617],[129.8962,32.7618],[129.8964,32.7618],[129.8965,32.7618],[129.8967,32.7617],[129.8969,32.7618],[129.8969,32.7618],[129.897,32.7618],[129.8971,32.7619],[129.8972,32.762],[129.8973,32.7623],[129.8975,32.7625],[129.8977,32.7627],[129.8982,32.7625],[129.8982,32.7624],[129.8981,32.7623],[129.8981,32.7623],[129.8982,32.7622],[129.8982,32.7621],[129.8982,32.7621],[129.8982,32.762],[129.8982,32.762],[129.8981,32.7619],[129.8981,32.7618],[129.8981,32.7617],[129.8981,32.7616],[129.898,32.7616],[129.898,32.7615],[129.8979,32.7614],[129.8979,32.7613],[129.8979,32.7613],[129.8978,32.7612],[129.8978,32.7612],[129.8977,32.7612],[129.8976,32.7611],[129.8975,32.761],[129.8975,32.761],[129.8975,32.761],[129.8974,32.7609],[129.8976,32.7609],[129.8976,32.7609],[129.8977,32.761],[129.8977,32.7609],[129.8979,32.7609],[129.898,32.7608],[129.8983,32.7606],[129.8985,32.7604],[129.8991,32.7599],[129.899,32.7599],[129.8989,32.7598],[129.8988,32.7599],[129.8988,32.7599],[129.8987,32.7599],[129.8986,32.76],[129.8986,32.76],[129.8985,32.7599],[129.8984,32.7599],[129.8983,32.7598],[129.8982,32.7598],[129.8982,32.7599],[129.8982,32.76],[129.8982,32.7601],[129.8981,32.7602],[129.8981,32.7602],[129.898,32.7602],[129.8978,32.7602],[129.8977,32.7602],[129.8976,32.7602],[129.8976,32.7603],[129.8976,32.7603],[129.8976,32.7604],[129.8976,32.7604],[129.8976,32.7604],[129.8974,32.7604],[129.8973,32.7603],[129.8972,32.7603],[129.8971,32.7603],[129.8971,32.7602],[129.8971,32.7602],[129.8971,32.7602],[129.8972,32.7601],[129.8971,32.7601],[129.8971,32.7601],[129.8971,32.7599],[129.8971,32.7599],[129.8971,32.7599],[129.8971,32.7599],[129.8973,32.7598],[129.8973,32.7597],[129.8973,32.7597],[129.8972,32.7596],[129.8973,32.7595],[129.8973,32.7595],[129.8971,32.7596],[129.8969,32.7596],[129.8967,32.7596],[129.8965,32.7596],[129.8963,32.7596],[129.8962,32.7595],[129.8961,32.7595],[129.896,32.7594],[129.8959,32.7593],[129.8957,32.7592],[129.8957,32.7592],[129.8956,32.7591],[129.8955,32.759],[129.8954,32.7589],[129.8954,32.7588],[129.8953,32.7587],[129.8953,32.7587],[129.8953,32.7587],[129.8953,32.7585],[129.8953,32.7584],[129.8952,32.7582],[129.8951,32.7579],[129.8951,32.7578],[129.895,32.7576],[129.895,32.7573],[129.895,32.7572],[129.895,32.7572],[129.8949,32.7571],[129.8949,32.757],[129.8949,32.7569],[129.895,32.7568],[129.895,32.7566],[129.895,32.7565],[129.895,32.7563],[129.8949,32.7562],[129.8949,32.7562],[129.8949,32.7561],[129.8954,32.756],[129.8954,32.756],[129.8954,32.7559],[129.8955,32.7559],[129.8953,32.7558],[129.8947,32.7557],[129.8947,32.7557],[129.8946,32.7556],[129.8945,32.7556],[129.8944,32.7555],[129.8944,32.7556],[129.8943,32.7556],[129.8942,32.7556],[129.8942,32.7555],[129.8941,32.7555],[129.8941,32.7555],[129.894,32.7556],[129.8939,32.7556],[129.8939,32.7556],[129.8939,32.7556],[129.8939,32.7556],[129.8939,32.7555],[129.8938,32.7555],[129.8938,32.7554],[129.8938,32.7554],[129.8936,32.7554],[129.8936,32.7554],[129.8936,32.7553],[129.8936,32.7552],[129.8936,32.7552],[129.8936,32.7552],[129.8937,32.7551],[129.8937,32.7551],[129.8937,32.7551],[129.8938,32.755],[129.894,32.755],[129.8941,32.7549],[129.8942,32.7549],[129.8943,32.7548],[129.8944,32.7548],[129.8944,32.7548],[129.8946,32.7546],[129.8945,32.7546],[129.8946,32.7545],[129.8948,32.7545],[129.895,32.7544],[129.8951,32.7545],[129.8951,32.7545],[129.8952,32.7545],[129.8954,32.7546],[129.8954,32.7546],[129.8955,32.7546],[129.8956,32.7547],[129.8958,32.7547],[129.8958,32.7547],[129.8958,32.7548],[129.8959,32.7548],[129.896,32.7548],[129.8961,32.7548],[129.8962,32.7549],[129.8963,32.7549],[129.8964,32.755],[129.8965,32.7551],[129.8966,32.7551],[129.8966,32.7551],[129.8967,32.7553],[129.8967,32.7553],[129.8968,32.7554],[129.8969,32.7554],[129.8969,32.7555],[129.897,32.7556],[129.8971,32.7556],[129.8971,32.7557],[129.8973,32.7555],[129.8973,32.7554],[129.8972,32.7551],[129.8971,32.7547],[129.8971,32.7546],[129.8971,32.7545],[129.897,32.7545],[129.897,32.7545],[129.8969,32.7544],[129.8968,32.7544],[129.8967,32.7544],[129.8966,32.7543],[129.8965,32.7543],[129.8965,32.7543],[129.8964,32.7542],[129.8963,32.754],[129.8962,32.7539],[129.8962,32.7539],[129.8961,32.7539],[129.8961,32.7539],[129.896,32.7538],[129.8959,32.7538],[129.8958,32.7537],[129.8958,32.7537],[129.8957,32.7535],[129.8957,32.7534],[129.8957,32.7533],[129.8957,32.7531],[129.8957,32.7531],[129.8957,32.753],[129.8957,32.7529],[129.8956,32.7528],[129.8955,32.7527],[129.8954,32.7527],[129.8951,32.7526],[129.8948,32.7526],[129.8947,32.7527],[129.8945,32.7527],[129.8945,32.7527],[129.8943,32.7527],[129.8941,32.7526],[129.8944,32.7523],[129.8947,32.7522],[129.8947,32.7519],[129.8946,32.7518],[129.8946,32.7517],[129.8946,32.7516],[129.8946,32.7516],[129.8945,32.7514],[129.8944,32.7514],[129.8944,32.7512],[129.8954,32.7509],[129.8954,32.751],[129.8956,32.7511],[129.8957,32.7511],[129.8958,32.7512],[129.8963,32.7516],[129.8969,32.752],[129.8969,32.7521],[129.8969,32.7521],[129.8969,32.7522],[129.8967,32.7522],[129.8966,32.7522],[129.8963,32.7523],[129.8961,32.7524],[129.8961,32.7525],[129.896,32.7526],[129.8961,32.7528],[129.8961,32.7528],[129.8962,32.7529],[129.8962,32.7529],[129.8965,32.7531],[129.8966,32.7532],[129.8968,32.7533],[129.8968,32.7534],[129.8971,32.7531],[129.8971,32.7531],[129.8972,32.753],[129.8973,32.753],[129.8973,32.753],[129.8973,32.7531],[129.8974,32.7531],[129.8974,32.7531],[129.8975,32.7532],[129.8974,32.7533],[129.8975,32.7533],[129.8974,32.7534],[129.8974,32.7534],[129.8973,32.7535],[129.8973,32.7537],[129.8975,32.7538],[129.8975,32.7537],[129.8976,32.7536],[129.8977,32.7535],[129.8978,32.7535],[129.8979,32.7536],[129.898,32.7537],[129.8981,32.7538],[129.8983,32.7538],[129.8983,32.7538],[129.8986,32.7536],[129.8986,32.7536],[129.8986,32.7536],[129.8988,32.7534],[129.8989,32.7533],[129.8988,32.7532],[129.8988,32.753],[129.8987,32.7529],[129.8989,32.7527],[129.8992,32.7522],[129.8992,32.752],[129.8993,32.7519],[129.8993,32.7519],[129.8991,32.7518],[129.899,32.7518],[129.8988,32.7519],[129.8985,32.7519],[129.8984,32.7519],[129.8982,32.7518],[129.898,32.7517],[129.8979,32.7517],[129.8978,32.7517],[129.8976,32.7518],[129.8974,32.7519],[129.8973,32.752],[129.8972,32.752],[129.8971,32.752],[129.8972,32.7519],[129.8972,32.7518],[129.8972,32.7518],[129.8972,32.7517],[129.8973,32.7516],[129.8973,32.7515],[129.8973,32.7514],[129.8974,32.7513],[129.8975,32.7512],[129.8975,32.7513],[129.8976,32.7511],[129.8977,32.751],[129.8977,32.7509],[129.8978,32.7507],[129.8979,32.7505],[129.898,32.7504],[129.898,32.7503],[129.898,32.7502],[129.898,32.7501],[129.898,32.7502],[129.8981,32.7503],[129.8982,32.7504],[129.8982,32.7504],[129.8983,32.7504],[129.8983,32.7505],[129.8983,32.7506],[129.8983,32.7507],[129.8983,32.7508],[129.8984,32.7508],[129.8985,32.7508],[129.8986,32.7508],[129.8988,32.7509],[129.8989,32.7509],[129.8989,32.7512],[129.8989,32.7512],[129.8989,32.7512],[129.8993,32.7514],[129.8993,32.7514],[129.8993,32.7515],[129.8993,32.7515],[129.8996,32.7518],[129.9,32.7519],[129.9004,32.7521],[129.9005,32.7521],[129.9006,32.7521],[129.9007,32.7521],[129.9007,32.7522],[129.9007,32.7523],[129.9007,32.7523],[129.9012,32.7524],[129.9012,32.7524],[129.9017,32.7525],[129.9021,32.7525],[129.9024,32.7526],[129.9028,32.7526],[129.9031,32.7527],[129.9032,32.7527],[129.9035,32.7528],[129.9036,32.7528],[129.9039,32.7528],[129.9041,32.7529],[129.9043,32.7529],[129.9044,32.7529],[129.9045,32.753],[129.9048,32.753],[129.9049,32.7531],[129.905,32.7531],[129.9051,32.7531],[129.9051,32.7531],[129.9052,32.7531],[129.9052,32.7531],[129.9054,32.7531],[129.9056,32.7532],[129.9058,32.7533],[129.9059,32.7534],[129.9062,32.7537],[129.9064,32.7538],[129.9064,32.7538],[129.9064,32.7538],[129.9065,32.7539],[129.9067,32.7539],[129.907,32.754],[129.9071,32.754],[129.9073,32.7541],[129.9076,32.7541],[129.9077,32.7542],[129.9079,32.7542],[129.9083,32.7543],[129.9083,32.7544],[129.9083,32.7544],[129.9086,32.7545],[129.9089,32.7546],[129.9089,32.7547],[129.9095,32.7547],[129.9097,32.7542],[129.91,32.7536],[129.9099,32.7536],[129.9097,32.7535],[129.9096,32.7535],[129.9093,32.7535],[129.9093,32.7535],[129.9091,32.7534],[129.9089,32.7532],[129.91,32.7533],[129.911,32.7534],[129.911,32.7529],[129.9108,32.7529],[129.9108,32.7529],[129.9109,32.7528],[129.911,32.7528],[129.9111,32.7527],[129.911,32.7526],[129.9109,32.7526],[129.9108,32.7526],[129.9107,32.7527],[129.9106,32.7527],[129.9106,32.7527],[129.9105,32.7527],[129.9104,32.7526],[129.9101,32.7525],[129.9101,32.7525],[129.91,32.7524],[129.91,32.7524],[129.91,32.7524],[129.9099,32.7524],[129.9099,32.7524],[129.9098,32.7524],[129.9096,32.7524],[129.9095,32.7525],[129.9095,32.7525],[129.9093,32.7524],[129.9091,32.7524],[129.9089,32.7523],[129.9087,32.7523],[129.9087,32.7523],[129.9088,32.7522],[129.9089,32.752],[129.9089,32.7519],[129.9089,32.7518],[129.9091,32.7516],[129.9091,32.7515],[129.9092,32.7513],[129.9091,32.7513],[129.9089,32.7512],[129.9088,32.7511],[129.9087,32.751],[129.9086,32.751],[129.9085,32.7511],[129.9083,32.7514],[129.9081,32.7515],[129.908,32.7516],[129.9077,32.7517],[129.9076,32.7517],[129.9075,32.7518],[129.9073,32.7518],[129.9071,32.7517],[129.907,32.7517],[129.9069,32.7519],[129.9069,32.752],[129.9068,32.7522],[129.9067,32.7523],[129.9066,32.7523],[129.9064,32.7523],[129.9063,32.7523],[129.9062,32.7522],[129.9062,32.752],[129.9062,32.7519],[129.9063,32.7519],[129.9063,32.7518],[129.9064,32.7517],[129.9064,32.7516],[129.9064,32.7515],[129.9064,32.7515],[129.9065,32.7513],[129.9064,32.7513],[129.9063,32.7513],[129.9063,32.7512],[129.9062,32.7512],[129.9061,32.7512],[129.906,32.7513],[129.9058,32.7513],[129.9056,32.7512],[129.9056,32.7511],[129.9055,32.7509],[129.9055,32.7507],[129.9054,32.7506],[129.9053,32.7506],[129.9052,32.7506],[129.9051,32.7506],[129.905,32.7506],[129.9049,32.7507],[129.9048,32.7507],[129.9047,32.7507],[129.9045,32.7507],[129.9044,32.7506],[129.9043,32.7506],[129.9042,32.7506],[129.904,32.7506],[129.9037,32.7505],[129.9037,32.7505],[129.9035,32.7504],[129.9034,32.7504],[129.9033,32.7503],[129.9032,32.7503],[129.903,32.7503],[129.903,32.7503],[129.9029,32.7505],[129.9029,32.7506],[129.9028,32.7507],[129.9027,32.7509],[129.9026,32.7509],[129.9026,32.751],[129.9025,32.7511],[129.9025,32.7511],[129.9024,32.7511],[129.9023,32.7511],[129.9022,32.751],[129.9021,32.7511],[129.9021,32.7512],[129.902,32.7512],[129.902,32.7513],[129.9019,32.7514],[129.9018,32.7514],[129.9017,32.7514],[129.9016,32.7514],[129.9016,32.7515],[129.9017,32.7516],[129.9017,32.7517],[129.9016,32.7516],[129.9015,32.7515],[129.9014,32.7515],[129.9014,32.7514],[129.9014,32.7514],[129.9014,32.7514],[129.9014,32.7513],[129.9014,32.7512],[129.9013,32.751],[129.9013,32.7508],[129.9013,32.7507],[129.9013,32.7505],[129.9014,32.7504],[129.9013,32.7497],[129.9011,32.7496],[129.901,32.7495],[129.9007,32.7495],[129.9005,32.7496],[129.9004,32.7496],[129.9003,32.7495],[129.9001,32.7494],[129.8999,32.7494],[129.8997,32.7495],[129.8996,32.7495],[129.8996,32.7495],[129.8995,32.7498],[129.8997,32.7496],[129.8999,32.7496],[129.9001,32.7497],[129.9001,32.7498],[129.9001,32.7499],[129.9,32.75],[129.8999,32.7501],[129.8999,32.7502],[129.8998,32.7502],[129.8996,32.7501],[129.8996,32.7502],[129.8998,32.7504],[129.8997,32.7504],[129.8996,32.7505],[129.8995,32.7505],[129.8995,32.7505],[129.8995,32.7505],[129.8994,32.7504],[129.8994,32.7503],[129.899,32.7502],[129.899,32.7501],[129.899,32.7501],[129.8991,32.7499],[129.8992,32.7498],[129.8991,32.7498],[129.8989,32.7497],[129.8987,32.7497],[129.8984,32.7496],[129.8984,32.7495],[129.8984,32.7495],[129.8983,32.7495],[129.8981,32.7494],[129.8979,32.7494],[129.8979,32.7494],[129.8978,32.7495],[129.8977,32.7495],[129.8976,32.7495],[129.8975,32.7496],[129.8974,32.7496],[129.8974,32.7496],[129.8973,32.7495],[129.8972,32.7495],[129.897,32.7495],[129.8969,32.7494],[129.8969,32.7492],[129.8967,32.7492],[129.8965,32.7492],[129.8965,32.7492],[129.8964,32.7492],[129.8964,32.7493],[129.8962,32.7493],[129.8962,32.7495],[129.8961,32.7495],[129.8961,32.7496],[129.8961,32.7496],[129.896,32.7497],[129.8959,32.7497],[129.8958,32.7496],[129.8958,32.7496],[129.8957,32.7496],[129.8956,32.7496],[129.8955,32.7496],[129.8955,32.7496],[129.8955,32.7496],[129.8954,32.7498],[129.8955,32.7498],[129.8954,32.75],[129.8954,32.75],[129.8953,32.75],[129.8953,32.7501],[129.8953,32.7501],[129.8954,32.7502],[129.8954,32.7502],[129.8954,32.7502],[129.8954,32.7503],[129.8954,32.7504],[129.8954,32.7504],[129.8951,32.7504],[129.895,32.7505],[129.8948,32.7505],[129.8948,32.7503],[129.8948,32.7502],[129.8948,32.7502],[129.8947,32.7501],[129.8945,32.7501],[129.8945,32.7501],[129.8946,32.75],[129.8946,32.7499],[129.8944,32.7499],[129.8944,32.7498],[129.8944,32.7497],[129.8943,32.7497],[129.8943,32.7496],[129.8943,32.7496],[129.8944,32.7495],[129.8944,32.7495],[129.8944,32.7494],[129.8945,32.7494],[129.8946,32.7493],[129.8946,32.7492],[129.8946,32.7489],[129.8944,32.7489],[129.8943,32.7489],[129.8942,32.7489],[129.8942,32.7488],[129.8938,32.749],[129.8937,32.7491],[129.8935,32.7492],[129.8935,32.7493],[129.8935,32.7494],[129.8934,32.7494],[129.8934,32.7495],[129.8934,32.7496],[129.8934,32.7496],[129.8934,32.7496],[129.8933,32.7497],[129.8932,32.7497],[129.8931,32.7497],[129.8931,32.7496],[129.8931,32.7496],[129.893,32.7495],[129.8929,32.7494],[129.8928,32.7493],[129.8928,32.7493],[129.8927,32.7492],[129.8927,32.7492],[129.8926,32.749],[129.8928,32.7489],[129.893,32.749],[129.8931,32.749],[129.8932,32.7489],[129.8932,32.7488],[129.8933,32.7488],[129.8934,32.7487],[129.8934,32.7488],[129.8935,32.7488],[129.8936,32.7488],[129.8936,32.7488],[129.8937,32.7488],[129.8938,32.7488],[129.8941,32.7487],[129.894,32.7486],[129.894,32.7484],[129.894,32.7484],[129.8939,32.7482],[129.8939,32.7481],[129.8935,32.7482],[129.8935,32.7482],[129.8935,32.7481],[129.8936,32.7481],[129.8936,32.7481],[129.8937,32.748],[129.8937,32.748],[129.8938,32.7481],[129.8939,32.748],[129.894,32.748],[129.894,32.7476],[129.8939,32.7476],[129.8937,32.7477],[129.8937,32.7477],[129.8935,32.7478],[129.8936,32.7466],[129.8939,32.7466],[129.894,32.7466],[129.894,32.7466],[129.894,32.7467],[129.8941,32.7467],[129.8942,32.7467],[129.8942,32.7467],[129.8942,32.7467],[129.8944,32.7466],[129.8944,32.7466],[129.8945,32.7465],[129.8946,32.7464],[129.8946,32.7464],[129.8945,32.7463],[129.8944,32.7461],[129.8943,32.7461],[129.8943,32.7461],[129.8943,32.746],[129.8944,32.746],[129.8945,32.7459],[129.8945,32.7459],[129.8946,32.7459],[129.8947,32.7458],[129.8948,32.7457],[129.8948,32.7457],[129.8948,32.7456],[129.8947,32.7456],[129.8946,32.7455],[129.8944,32.7455],[129.8944,32.7454],[129.8946,32.7454],[129.8948,32.7454],[129.8949,32.7454],[129.8949,32.7453],[129.8949,32.7452],[129.8949,32.745],[129.8949,32.7449],[129.8949,32.7449],[129.895,32.7448],[129.8951,32.7447],[129.8952,32.7446],[129.8952,32.7445],[129.8952,32.7443],[129.8952,32.7443],[129.8951,32.7442],[129.895,32.7441],[129.895,32.744],[129.8949,32.744],[129.8949,32.7439],[129.895,32.7438],[129.895,32.7436],[129.8951,32.7434],[129.8952,32.7435],[129.8952,32.7434],[129.8952,32.7434],[129.8953,32.7432],[129.8953,32.7431],[129.8953,32.7429],[129.8954,32.7429],[129.8956,32.7429],[129.8957,32.7429],[129.8957,32.7428],[129.8957,32.7428],[129.8957,32.7428],[129.8957,32.7427],[129.8957,32.7426],[129.8957,32.7425],[129.8957,32.7424],[129.8957,32.7423],[129.8957,32.7421],[129.8957,32.742],[129.8957,32.7418],[129.8957,32.7418],[129.8958,32.7417],[129.896,32.7417],[129.8962,32.7417],[129.8963,32.7416],[129.8964,32.7416],[129.8965,32.7415],[129.8966,32.7414],[129.8967,32.7413],[129.8968,32.7413],[129.8969,32.7413],[129.897,32.7412],[129.897,32.7412],[129.8968,32.741],[129.8966,32.7408],[129.8961,32.7404],[129.8962,32.7404],[129.8962,32.7404],[129.8963,32.7403],[129.8964,32.7403],[129.8964,32.7403],[129.8965,32.7403],[129.8966,32.7403],[129.8967,32.7403],[129.8968,32.7403],[129.8969,32.7404],[129.8969,32.7404],[129.897,32.7404],[129.897,32.7405],[129.897,32.7405],[129.897,32.7405],[129.8969,32.7406],[129.8969,32.7406],[129.897,32.7406],[129.8971,32.7407],[129.8971,32.7407],[129.8972,32.7408],[129.8972,32.7408],[129.8973,32.7409],[129.8973,32.741],[129.8975,32.7409],[129.8977,32.7408],[129.8977,32.7407],[129.8979,32.7406],[129.8981,32.7405],[129.8982,32.7404],[129.8982,32.7402],[129.8981,32.74],[129.8981,32.7398],[129.8982,32.7397],[129.8983,32.7397],[129.8984,32.7396],[129.8984,32.7396],[129.8985,32.7395],[129.8985,32.7395],[129.8986,32.7395],[129.8987,32.7395],[129.8988,32.7394],[129.8988,32.7393],[129.8989,32.7392],[129.8989,32.7392],[129.899,32.7391],[129.899,32.739],[129.899,32.7389],[129.899,32.7388],[129.899,32.7388],[129.899,32.7387],[129.899,32.7386],[129.899,32.7384],[129.8992,32.7386],[129.8993,32.7387],[129.8994,32.7389],[129.8995,32.7389],[129.8996,32.7396],[129.8996,32.7397],[129.8998,32.7401],[129.8999,32.7403],[129.9,32.7405],[129.9002,32.7407],[129.9004,32.7408],[129.9005,32.7408],[129.9007,32.7406],[129.9006,32.7406],[129.9005,32.7406],[129.9005,32.7405],[129.9004,32.7405],[129.9004,32.7404],[129.9003,32.7403],[129.9003,32.7403],[129.9002,32.7402],[129.9002,32.7402],[129.9002,32.7401],[129.9001,32.74],[129.9001,32.7399],[129.9001,32.7399],[129.9001,32.7398],[129.9001,32.7398],[129.9,32.7397],[129.9,32.7395],[129.9,32.7394],[129.8999,32.7394],[129.8998,32.7392],[129.8997,32.739],[129.8996,32.7389],[129.8996,32.7388],[129.8995,32.7387],[129.8995,32.7385],[129.8996,32.7385],[129.8996,32.7384],[129.8997,32.7383],[129.8997,32.7382],[129.8997,32.7382],[129.8997,32.7381],[129.8997,32.7381],[129.8997,32.738],[129.8997,32.738],[129.8997,32.7378],[129.8997,32.7375],[129.8995,32.7375],[129.8993,32.7375],[129.8992,32.7375],[129.8991,32.7375],[129.899,32.7374],[129.8989,32.7374],[129.8988,32.7373],[129.8988,32.7373],[129.8987,32.7373],[129.8987,32.7374],[129.8987,32.7375],[129.8987,32.7376],[129.8986,32.7377],[129.8986,32.7377],[129.8985,32.7377],[129.8985,32.7377],[129.8985,32.7377],[129.8984,32.7377],[129.8984,32.7376],[129.8985,32.7376],[129.8985,32.7375],[129.8984,32.7374],[129.8984,32.7374],[129.8983,32.7374],[129.8983,32.7374],[129.8982,32.7374],[129.8982,32.7375],[129.898,32.7375],[129.8977,32.7372],[129.8979,32.7369],[129.898,32.7368],[129.8981,32.7365],[129.8982,32.7364],[129.8982,32.7363],[129.8984,32.7361],[129.8986,32.7358],[129.8987,32.7356],[129.8988,32.7355],[129.8989,32.7353],[129.8989,32.7353],[129.8989,32.7353],[129.8988,32.7355],[129.8988,32.7357],[129.8988,32.7358],[129.8988,32.7359],[129.8988,32.736],[129.8987,32.7362],[129.8986,32.7365],[129.8986,32.7365],[129.8986,32.7365],[129.8987,32.7366],[129.8988,32.7366],[129.8989,32.7365],[129.8991,32.7364],[129.8994,32.7365],[129.8998,32.7363],[129.9001,32.7363],[129.9001,32.7363],[129.9001,32.7364],[129.9001,32.7365],[129.9001,32.7366],[129.9,32.7371],[129.9,32.7372],[129.9001,32.7375],[129.9001,32.7377],[129.9003,32.7377],[129.9004,32.7378],[129.9005,32.7379],[129.9006,32.738],[129.9008,32.7381],[129.9009,32.7382],[129.901,32.7383],[129.9012,32.7383],[129.9014,32.7383],[129.9014,32.7382],[129.9015,32.7382],[129.9016,32.738],[129.9016,32.738],[129.9017,32.7379],[129.9017,32.7378],[129.9018,32.7378],[129.9017,32.7377],[129.9017,32.7377],[129.9017,32.7376],[129.9017,32.7375],[129.9017,32.7375],[129.9017,32.7374],[129.9016,32.7374],[129.9016,32.7373],[129.9015,32.7373],[129.9015,32.7372],[129.9015,32.7372],[129.9015,32.7371],[129.9016,32.737],[129.9016,32.7369],[129.9016,32.7369],[129.9016,32.7367],[129.9016,32.7366],[129.9015,32.7366],[129.9014,32.7365],[129.9013,32.7364],[129.9013,32.7363],[129.9012,32.7363],[129.9012,32.7361],[129.9012,32.736],[129.9013,32.7359],[129.9013,32.7357],[129.9012,32.7356],[129.9012,32.7355],[129.9012,32.7354],[129.9012,32.7352],[129.901,32.7349],[129.9007,32.735],[129.9007,32.7348],[129.9002,32.7349],[129.9001,32.735],[129.9,32.7351],[129.9,32.7351],[129.9,32.7351],[129.9001,32.7353],[129.9001,32.7353],[129.9,32.7354],[129.8998,32.7353],[129.8996,32.7351],[129.8995,32.735],[129.8995,32.735],[129.8992,32.7346],[129.8992,32.7345],[129.8992,32.7343],[129.8991,32.7341],[129.899,32.7338],[129.8989,32.7336],[129.8987,32.7332],[129.8985,32.733],[129.8984,32.7329],[129.8982,32.7328],[129.8979,32.7324],[129.8977,32.7321],[129.8977,32.7321],[129.8975,32.7317],[129.8974,32.7315],[129.8974,32.7313],[129.8973,32.7309],[129.8973,32.7308],[129.8972,32.7307],[129.8972,32.7306],[129.897,32.7305],[129.8969,32.7303],[129.8969,32.7303],[129.8969,32.7302],[129.8968,32.7301],[129.8967,32.7297],[129.8967,32.7296],[129.8966,32.7295],[129.8966,32.7295],[129.8966,32.7295],[129.8969,32.7294],[129.8973,32.7293],[129.8975,32.7292],[129.8977,32.729],[129.8979,32.7289],[129.8982,32.7287],[129.8982,32.7286],[129.8984,32.7287],[129.8988,32.7288],[129.8988,32.7288],[129.8991,32.7288],[129.8992,32.7286],[129.899,32.7282],[129.8989,32.7279],[129.8987,32.7279],[129.8986,32.7277],[129.8985,32.7277],[129.8984,32.7278],[129.8984,32.7276],[129.8983,32.7275],[129.8982,32.7273],[129.898,32.7271],[129.8978,32.727],[129.8977,32.7268],[129.8976,32.7267],[129.8975,32.7266],[129.8975,32.7263],[129.8974,32.7261],[129.8974,32.7261],[129.8975,32.726],[129.8976,32.726],[129.8975,32.7257],[129.8975,32.7256],[129.8976,32.7254],[129.8977,32.7253],[129.8976,32.7252],[129.8976,32.7251],[129.8977,32.725],[129.8977,32.7248],[129.8978,32.7247],[129.8978,32.7246],[129.898,32.7245],[129.8982,32.7244],[129.8983,32.7243],[129.8984,32.7241],[129.8983,32.7241],[129.8982,32.7241],[129.8981,32.7241],[129.8977,32.724],[129.8977,32.7238],[129.8972,32.7238],[129.8972,32.7236],[129.8967,32.7238],[129.8966,32.7238],[129.8965,32.7239],[129.8964,32.7241],[129.8963,32.7242],[129.8962,32.7243],[129.8961,32.7245],[129.896,32.7246],[129.896,32.7246],[129.896,32.7247],[129.8961,32.7249],[129.8961,32.725],[129.896,32.7253],[129.8959,32.7255],[129.8958,32.7256],[129.8958,32.7257],[129.8957,32.7258],[129.8957,32.7259],[129.8956,32.726],[129.8947,32.7259],[129.894,32.7258],[129.894,32.7257],[129.894,32.7256],[129.8939,32.7255],[129.8938,32.7254],[129.8937,32.7254],[129.8937,32.7254],[129.8936,32.7254],[129.8935,32.7254],[129.8935,32.7255],[129.8935,32.7255],[129.8934,32.7256],[129.8933,32.7258],[129.8932,32.7258],[129.8931,32.7257],[129.893,32.7257],[129.893,32.7257],[129.8931,32.7255],[129.8931,32.7254],[129.8932,32.7252],[129.8932,32.7251],[129.8932,32.7248],[129.8933,32.7247],[129.8933,32.7246],[129.8933,32.7245],[129.8934,32.7242],[129.8934,32.724],[129.8935,32.7239],[129.8935,32.7238],[129.8935,32.7238],[129.8935,32.7237],[129.8935,32.7237],[129.8935,32.7237],[129.8935,32.7236],[129.8936,32.7235],[129.8936,32.7234],[129.8935,32.7233],[129.8935,32.7231],[129.8935,32.7229],[129.8934,32.7227],[129.8928,32.7226],[129.8928,32.7227],[129.8928,32.7228],[129.8928,32.7228],[129.8925,32.723],[129.8921,32.7232],[129.8917,32.7234],[129.8916,32.7235],[129.8915,32.7236],[129.8915,32.7237],[129.8915,32.7238],[129.8913,32.7242],[129.8911,32.7241],[129.891,32.7242],[129.8909,32.7242],[129.8908,32.7243],[129.8907,32.7245],[129.8906,32.7246],[129.8905,32.7246],[129.8904,32.7247],[129.8901,32.7248],[129.8901,32.7247],[129.89,32.7246],[129.89,32.7245],[129.8899,32.7245],[129.8898,32.7244],[129.8897,32.7243],[129.8896,32.7242],[129.8894,32.7241],[129.8893,32.724],[129.8892,32.7239],[129.8891,32.7239],[129.889,32.7238],[129.8887,32.7238],[129.8885,32.7237],[129.8884,32.7237],[129.8882,32.7237],[129.888,32.7237],[129.8878,32.7238],[129.8876,32.7238],[129.8875,32.7238],[129.8874,32.7238],[129.8874,32.7238],[129.8871,32.7237],[129.8871,32.7235],[129.8866,32.7231],[129.8865,32.7232],[129.8862,32.7231],[129.8861,32.723],[129.886,32.7229],[129.8859,32.7222],[129.8859,32.7222],[129.886,32.7222],[129.8861,32.7222],[129.8862,32.7222],[129.8864,32.7221],[129.887,32.722],[129.887,32.722],[129.887,32.7219],[129.887,32.7219],[129.8869,32.7218],[129.8868,32.7217],[129.8868,32.7215],[129.8868,32.7209],[129.8867,32.7206],[129.8867,32.7206],[129.8867,32.7204],[129.8866,32.7203],[129.8866,32.7202],[129.8866,32.7201],[129.8865,32.72],[129.8865,32.7199],[129.8865,32.7197],[129.8865,32.7195],[129.8863,32.7195],[129.8861,32.7195],[129.8861,32.7195],[129.886,32.7195],[129.8858,32.7195],[129.8857,32.7196],[129.8855,32.7195],[129.8854,32.7195],[129.8853,32.7195],[129.8851,32.7196],[129.885,32.7197],[129.8849,32.7197],[129.8848,32.7198],[129.8847,32.7199],[129.8846,32.72],[129.8846,32.7201],[129.8846,32.7202],[129.8837,32.7203],[129.883,32.7203],[129.883,32.7202],[129.8829,32.7201],[129.8829,32.7201],[129.8828,32.7201],[129.8827,32.72],[129.8826,32.72],[129.8825,32.7199],[129.8824,32.7199],[129.8822,32.72],[129.8823,32.7201],[129.8821,32.7203],[129.8818,32.72],[129.8816,32.7197],[129.8815,32.7196],[129.8814,32.7195],[129.8815,32.7192],[129.8812,32.7192],[129.8811,32.7192],[129.881,32.7192],[129.8809,32.7192],[129.8807,32.7193],[129.8806,32.7193],[129.8805,32.7193],[129.8803,32.7193],[129.8802,32.7194],[129.88,32.7195],[129.8799,32.7195],[129.8799,32.7196],[129.88,32.7198],[129.88,32.7199],[129.88,32.7201],[129.8799,32.7206],[129.88,32.7207],[129.8799,32.7208],[129.8799,32.7209],[129.8798,32.721],[129.8799,32.7213],[129.88,32.7215],[129.88,32.7218],[129.88,32.722],[129.8801,32.722],[129.8802,32.722],[129.8802,32.722],[129.8803,32.722],[129.8804,32.722],[129.8804,32.722],[129.8804,32.7221],[129.8803,32.7221],[129.8809,32.7221],[129.8809,32.7221],[129.8812,32.7222],[129.8814,32.7221],[129.8814,32.7222],[129.8818,32.7216],[129.8822,32.7217],[129.8822,32.7219],[129.8825,32.722],[129.8825,32.7222],[129.8829,32.7224],[129.8829,32.7226],[129.8829,32.7227],[129.8829,32.723],[129.8828,32.7231],[129.8821,32.7232],[129.8819,32.7232],[129.8818,32.7233],[129.8817,32.7234],[129.8817,32.7237],[129.8817,32.7238],[129.8817,32.7239],[129.8816,32.7239],[129.8816,32.7239],[129.8815,32.7238],[129.8815,32.7237],[129.8815,32.7236],[129.8815,32.7234],[129.8815,32.7234],[129.8815,32.7233],[129.8814,32.7233],[129.8814,32.7233],[129.8813,32.7233],[129.8813,32.7234],[129.8804,32.7233],[129.8803,32.7239],[129.8803,32.7239],[129.8803,32.7239],[129.8803,32.724],[129.8804,32.724],[129.8806,32.724],[129.8808,32.724],[129.8809,32.724],[129.8811,32.724],[129.8813,32.7242],[129.8813,32.7243],[129.8814,32.7244],[129.8814,32.7244],[129.8815,32.7245],[129.8815,32.7246],[129.8821,32.7244],[129.8825,32.7243],[129.8827,32.7242],[129.8828,32.7242],[129.8829,32.7242],[129.8829,32.7245],[129.8828,32.7246],[129.8828,32.7246],[129.8828,32.7248],[129.8827,32.7248],[129.8827,32.7249],[129.8827,32.7251],[129.8827,32.7251],[129.8827,32.7252],[129.8826,32.7254],[129.8826,32.7255],[129.8825,32.7257],[129.8825,32.7257],[129.8825,32.7259],[129.8824,32.7259],[129.8824,32.7261],[129.8823,32.7262],[129.8822,32.7263],[129.8821,32.7264],[129.8821,32.7264],[129.882,32.7263],[129.882,32.7263],[129.8819,32.7263],[129.8818,32.7263],[129.8818,32.7263],[129.8817,32.7263],[129.8817,32.7263],[129.8816,32.7263],[129.8815,32.7263],[129.8815,32.7263],[129.8815,32.7263],[129.8814,32.7263],[129.8814,32.7263],[129.8814,32.7263],[129.8812,32.7264],[129.8812,32.7264],[129.8811,32.7264],[129.881,32.7264],[129.881,32.7263],[129.881,32.7263],[129.881,32.7262],[129.881,32.7262],[129.8809,32.7262],[129.8808,32.7262],[129.8809,32.7263],[129.8809,32.7264],[129.881,32.7265],[129.881,32.7266],[129.881,32.7267],[129.881,32.7268],[129.881,32.7269],[129.881,32.727],[129.8808,32.7269],[129.8808,32.7269],[129.8808,32.7269],[129.8807,32.7269],[129.8806,32.7269],[129.8806,32.7268],[129.8804,32.7266],[129.8803,32.7266],[129.8803,32.7267],[129.8803,32.7268],[129.8803,32.7269],[129.8803,32.727],[129.8804,32.7271],[129.8804,32.7271],[129.8803,32.7272],[129.8803,32.7273],[129.8804,32.7274],[129.8804,32.7274],[129.8803,32.7275],[129.8803,32.7276],[129.8803,32.7276],[129.8803,32.7277],[129.8803,32.7277],[129.8804,32.7278],[129.88,32.7279],[129.8801,32.7281],[129.88,32.7282],[129.8798,32.7283],[129.8796,32.7282],[129.8797,32.7281],[129.8797,32.728],[129.8796,32.7279],[129.8796,32.7277],[129.8797,32.7276],[129.8797,32.7276],[129.8797,32.7276],[129.8798,32.7276],[129.8799,32.7275],[129.8798,32.7274],[129.8797,32.7273],[129.8797,32.7273],[129.8796,32.7272],[129.8795,32.7271],[129.8795,32.7271],[129.8795,32.727],[129.8794,32.7269],[129.8794,32.7268],[129.8793,32.7268],[129.8791,32.7266],[129.8792,32.7266],[129.8792,32.7265],[129.8791,32.7266],[129.8789,32.7267],[129.8791,32.7268],[129.8791,32.7269],[129.8792,32.727],[129.8793,32.7271],[129.8793,32.7272],[129.8793,32.7273],[129.8793,32.7274],[129.8793,32.7275],[129.8794,32.7276],[129.8793,32.7276],[129.8792,32.7276],[129.8792,32.7277],[129.8791,32.7277],[129.879,32.7278],[129.8789,32.7278],[129.8788,32.7279],[129.8788,32.7279],[129.8788,32.728],[129.8787,32.728],[129.8785,32.7281],[129.8784,32.7282],[129.8785,32.728],[129.8786,32.7279],[129.8785,32.7278],[129.8784,32.7276],[129.8783,32.7272],[129.8783,32.7272],[129.8781,32.7273],[129.878,32.7273],[129.8779,32.7273],[129.8777,32.7273],[129.8776,32.7276],[129.8776,32.7278],[129.8776,32.7278],[129.8776,32.7279],[129.8776,32.728],[129.8777,32.728],[129.8778,32.728],[129.8778,32.7282],[129.8778,32.7283],[129.8778,32.7284],[129.8779,32.7284],[129.8782,32.7284],[129.8783,32.7284],[129.8783,32.7282],[129.8783,32.7282],[129.8784,32.7283],[129.8785,32.7283],[129.8785,32.7284],[129.8784,32.7285],[129.8784,32.7286],[129.8784,32.7286],[129.8784,32.7287],[129.8786,32.7287],[129.8787,32.7287],[129.8787,32.7287],[129.8788,32.7288],[129.8789,32.7288],[129.879,32.7287],[129.8791,32.7289],[129.8792,32.7291],[129.8792,32.7291],[129.8791,32.7292],[129.879,32.7292],[129.8789,32.7292],[129.8789,32.7292],[129.8788,32.7293],[129.8787,32.7294],[129.8785,32.7293],[129.8784,32.7292],[129.8783,32.7291],[129.8783,32.729],[129.8782,32.7289],[129.8782,32.7288],[129.8781,32.7288],[129.878,32.7288],[129.8779,32.7287],[129.8779,32.7287],[129.8778,32.7286],[129.8778,32.7286],[129.8778,32.7286],[129.8777,32.7286],[129.8777,32.7286],[129.8777,32.7287],[129.8778,32.7288],[129.8778,32.7288],[129.8778,32.7288],[129.8778,32.7289],[129.8778,32.7289],[129.8776,32.7289],[129.8774,32.7289],[129.8773,32.7289],[129.8772,32.7289],[129.8772,32.7288],[129.877,32.7286],[129.8769,32.7285],[129.8766,32.7284],[129.8765,32.7284],[129.8765,32.7283],[129.8764,32.7283],[129.8763,32.7282],[129.8762,32.7282],[129.8761,32.7283],[129.8761,32.7283],[129.8761,32.7284],[129.876,32.7285],[129.8758,32.7286],[129.8757,32.7285],[129.8756,32.7284],[129.8755,32.7282],[129.8755,32.7283],[129.8755,32.7283],[129.8755,32.7284],[129.8755,32.7285],[129.8755,32.7285],[129.8754,32.7287],[129.8754,32.7287],[129.8755,32.7289],[129.8756,32.729],[129.8756,32.7291],[129.8756,32.7291],[129.8756,32.7291],[129.8755,32.7291],[129.8755,32.7292],[129.8755,32.7292],[129.8754,32.7292],[129.8754,32.7293],[129.8754,32.7293],[129.8754,32.7294],[129.8754,32.7295],[129.8754,32.7295],[129.8754,32.7296],[129.8753,32.7296],[129.8753,32.7297],[129.8753,32.7297],[129.8752,32.7298],[129.8752,32.7298],[129.8753,32.73],[129.8754,32.7301],[129.8754,32.7301],[129.8754,32.7302],[129.8754,32.7303],[129.8755,32.7303],[129.8757,32.7303],[129.8758,32.7303],[129.8758,32.7304],[129.8757,32.7304],[129.8756,32.7305],[129.8756,32.7305],[129.8756,32.7306],[129.8756,32.7306],[129.8754,32.7306],[129.8753,32.7307],[129.8751,32.7308],[129.8751,32.7308],[129.8747,32.7309],[129.8745,32.7309],[129.8742,32.7304],[129.8742,32.7303],[129.8742,32.7303],[129.8743,32.7302],[129.8744,32.7302],[129.8744,32.7301],[129.8744,32.73],[129.8744,32.73],[129.8743,32.7299],[129.8743,32.7298],[129.8743,32.7297],[129.8742,32.7297],[129.8742,32.7297],[129.8742,32.7296],[129.8743,32.7296],[129.8743,32.7295],[129.8742,32.7295],[129.8742,32.7295],[129.8741,32.7295],[129.874,32.7294],[129.8739,32.7294],[129.8736,32.7294],[129.8735,32.7293],[129.8734,32.7293],[129.8734,32.7293],[129.8734,32.7292],[129.8734,32.7292],[129.8734,32.7291],[129.8732,32.7289],[129.8729,32.7287],[129.873,32.7286],[129.8729,32.7285],[129.8729,32.7284],[129.8731,32.7283],[129.8731,32.7282],[129.8729,32.7281],[129.8729,32.7281],[129.8728,32.728],[129.8727,32.7279],[129.8727,32.7278],[129.8726,32.7277],[129.8726,32.7277],[129.8725,32.7277],[129.8724,32.7277],[129.8723,32.7277],[129.8723,32.7276],[129.8723,32.7275],[129.8723,32.7274],[129.8723,32.7274],[129.8723,32.7272],[129.8724,32.7272],[129.8724,32.7273],[129.8724,32.7273],[129.8725,32.7273],[129.8725,32.7273],[129.8726,32.7273],[129.8726,32.7273],[129.8727,32.7273],[129.8727,32.7272],[129.8728,32.7272],[129.8729,32.7272],[129.8733,32.727],[129.8732,32.7269],[129.8732,32.7268],[129.8732,32.7267],[129.8727,32.7268],[129.8726,32.7269],[129.8724,32.7268],[129.8725,32.7267],[129.8726,32.7265],[129.8726,32.7264],[129.8726,32.7263],[129.8727,32.7262],[129.8727,32.7262],[129.8728,32.7261],[129.8729,32.726],[129.873,32.7259],[129.8731,32.7258],[129.8731,32.7258],[129.8732,32.7257],[129.8733,32.7257],[129.8734,32.7256],[129.8734,32.7256],[129.8735,32.7256],[129.8737,32.7255],[129.8738,32.7255],[129.8739,32.7255],[129.874,32.7255],[129.8741,32.7251],[129.8742,32.7249],[129.8742,32.7247],[129.8742,32.7245],[129.8741,32.7246],[129.8739,32.7246],[129.8738,32.7246],[129.8737,32.7247],[129.8735,32.7247],[129.8734,32.7248],[129.8732,32.7248],[129.8731,32.7248],[129.8729,32.7249],[129.8727,32.7249],[129.8727,32.7249],[129.8728,32.7247],[129.8729,32.7246],[129.8729,32.7246],[129.8728,32.7245],[129.8727,32.7245],[129.8725,32.7246],[129.8721,32.7246],[129.8718,32.7246],[129.8719,32.7246],[129.8719,32.7245],[129.8717,32.7244],[129.8715,32.7244],[129.8714,32.7243],[129.8713,32.7243],[129.8712,32.7243],[129.8712,32.7243],[129.8712,32.7242],[129.871,32.7243],[129.871,32.7243],[129.871,32.7242],[129.8711,32.7241],[129.8711,32.724],[129.871,32.7239],[129.8711,32.7238],[129.8711,32.7237],[129.8711,32.7236],[129.8712,32.7235],[129.8712,32.7234],[129.8712,32.7233],[129.8712,32.7233],[129.8712,32.7232],[129.8706,32.7233],[129.8704,32.7233],[129.8704,32.7233],[129.8703,32.7233],[129.8702,32.7234],[129.8701,32.7234],[129.87,32.7234],[129.8699,32.7233],[129.8698,32.7232],[129.8698,32.7231],[129.8697,32.723],[129.8695,32.723],[129.8694,32.7228],[129.8694,32.7227],[129.8693,32.7226],[129.8691,32.7226],[129.869,32.7226],[129.8688,32.7227],[129.8688,32.7228],[129.8683,32.7225],[129.868,32.7233],[129.8678,32.7239],[129.8677,32.7242],[129.8676,32.7243],[129.8674,32.7244],[129.8673,32.7244],[129.8672,32.7245],[129.8672,32.7246],[129.8671,32.7246],[129.8674,32.7251],[129.8674,32.7252],[129.8675,32.7254],[129.8674,32.7254],[129.8674,32.7256],[129.8674,32.7257],[129.8675,32.7257],[129.8675,32.7259],[129.8675,32.726],[129.8676,32.7261],[129.8676,32.7262],[129.8676,32.7266],[129.8676,32.7266],[129.8677,32.7267],[129.8677,32.7267],[129.8678,32.7268],[129.868,32.7273],[129.8681,32.7273],[129.8682,32.7274],[129.8682,32.7275],[129.8687,32.7278],[129.8688,32.7278],[129.8687,32.7279],[129.8688,32.728],[129.869,32.7283],[129.8691,32.7284],[129.8692,32.7285],[129.8692,32.7285],[129.8694,32.7283],[129.8698,32.7285],[129.8699,32.7283],[129.87,32.7283],[129.87,32.7282],[129.87,32.7279],[129.87,32.7279],[129.8701,32.7278],[129.8701,32.7274],[129.8701,32.7274],[129.8701,32.7271],[129.8702,32.7269],[129.8706,32.7271],[129.8707,32.7271],[129.8708,32.7271],[129.8709,32.7271],[129.8709,32.7271],[129.8709,32.7272],[129.8709,32.7273],[129.871,32.7274],[129.8711,32.7275],[129.8712,32.7275],[129.8713,32.7276],[129.8713,32.7276],[129.8714,32.7276],[129.8714,32.7277],[129.8714,32.7279],[129.8714,32.7279],[129.8713,32.7281],[129.8713,32.7283],[129.8713,32.7284],[129.8712,32.7285],[129.8712,32.7286],[129.8713,32.7287],[129.8713,32.7288],[129.8714,32.729],[129.8715,32.729],[129.8716,32.7291],[129.8715,32.7291],[129.8714,32.7291],[129.8714,32.729],[129.8713,32.729],[129.8712,32.729],[129.8712,32.729],[129.8711,32.729],[129.8711,32.729],[129.871,32.729],[129.8709,32.7289],[129.8708,32.7289],[129.8708,32.7289],[129.8707,32.7289],[129.8705,32.7292],[129.8705,32.7295],[129.8706,32.7295],[129.8707,32.7295],[129.8708,32.7296],[129.8708,32.7296],[129.8709,32.7296],[129.871,32.7296],[129.8711,32.7297],[129.8711,32.7298],[129.8712,32.7298],[129.8713,32.7298],[129.8714,32.7298],[129.8714,32.7298],[129.8715,32.7297],[129.8716,32.7297],[129.8717,32.7297],[129.8718,32.7296],[129.8719,32.7297],[129.8719,32.7298],[129.8717,32.7298],[129.8717,32.7299],[129.8716,32.7299],[129.8715,32.73],[129.8715,32.7301],[129.8715,32.7302],[129.8715,32.7303],[129.8715,32.7302],[129.8714,32.7302],[129.8713,32.7301],[129.8713,32.7301],[129.8712,32.7301],[129.8711,32.7301],[129.871,32.7301],[129.871,32.7303],[129.8711,32.7304],[129.8712,32.7306],[129.8712,32.7307],[129.8713,32.7307],[129.8711,32.7306],[129.8708,32.7306],[129.8705,32.7305],[129.8703,32.7305],[129.8703,32.7305],[129.8702,32.7304],[129.8699,32.7305],[129.87,32.7306],[129.87,32.7308],[129.87,32.7309],[129.8701,32.731],[129.8701,32.731],[129.8701,32.7311],[129.8701,32.7311],[129.8702,32.7311],[129.8702,32.7312],[129.8702,32.7312],[129.8702,32.7312],[129.8701,32.7312],[129.8701,32.7312],[129.87,32.7312],[129.87,32.7312],[129.87,32.7312],[129.8699,32.7311],[129.8698,32.7308],[129.8696,32.7311],[129.8695,32.7312],[129.8694,32.7313],[129.8693,32.7314],[129.8693,32.7314],[129.8692,32.7314],[129.8691,32.7312],[129.8691,32.7311],[129.8692,32.731],[129.8692,32.731],[129.8693,32.7309],[129.8693,32.7309],[129.8693,32.7308],[129.8694,32.7307],[129.8694,32.7306],[129.8694,32.7305],[129.8692,32.7303],[129.8691,32.7302],[129.8689,32.7301],[129.8687,32.73],[129.8685,32.73],[129.8684,32.7298],[129.8679,32.73],[129.8676,32.73],[129.8676,32.7301],[129.8676,32.7301],[129.8675,32.7302],[129.8675,32.7303],[129.8675,32.7303],[129.8674,32.7303],[129.8674,32.7303],[129.8673,32.7303],[129.8673,32.7302],[129.8672,32.7302],[129.8672,32.7302],[129.867,32.7301],[129.867,32.7301],[129.867,32.7301],[129.8669,32.73],[129.8668,32.7298],[129.8668,32.7298],[129.8669,32.7297],[129.867,32.7297],[129.867,32.7296],[129.8671,32.7295],[129.8671,32.7295],[129.8671,32.7294],[129.8671,32.7294],[129.8671,32.7292],[129.8671,32.7291],[129.8672,32.729],[129.8671,32.7289],[129.8671,32.7288],[129.8671,32.7288],[129.867,32.7288],[129.867,32.7288],[129.8669,32.7289],[129.8669,32.729],[129.8668,32.729],[129.8668,32.7291],[129.8667,32.7291],[129.8666,32.7291],[129.8666,32.7291],[129.8665,32.729],[129.8664,32.729],[129.8663,32.729],[129.8662,32.729],[129.8662,32.7292],[129.8661,32.7294],[129.8658,32.7294],[129.8658,32.7292],[129.8658,32.7292],[129.8657,32.7291],[129.8657,32.729],[129.8656,32.729],[129.8655,32.729],[129.8654,32.729],[129.8653,32.7294],[129.8652,32.7295],[129.8651,32.7296],[129.865,32.7296],[129.8649,32.7297],[129.8647,32.7297],[129.8644,32.7297],[129.8643,32.7299],[129.864,32.7299],[129.8639,32.7299],[129.8639,32.7299],[129.8639,32.7299],[129.8639,32.7299],[129.8639,32.73],[129.8638,32.73],[129.8638,32.73],[129.8637,32.7299],[129.8638,32.7301],[129.8635,32.73],[129.8634,32.7299],[129.8634,32.7298],[129.8634,32.7297],[129.8633,32.7296],[129.8633,32.7294],[129.8633,32.7292],[129.8635,32.7291],[129.8636,32.7292],[129.8637,32.7291],[129.8638,32.7291],[129.864,32.729],[129.8642,32.7292],[129.8643,32.7291],[129.8644,32.729],[129.8645,32.729],[129.8646,32.7289],[129.8648,32.7288],[129.8649,32.7287],[129.865,32.7286],[129.865,32.7285],[129.8651,32.7284],[129.8652,32.7284],[129.8653,32.7283],[129.8654,32.7282],[129.8654,32.7281],[129.8653,32.7281],[129.865,32.728],[129.8648,32.7279],[129.8648,32.7278],[129.8647,32.7276],[129.8646,32.7276],[129.8646,32.7276],[129.8649,32.7271],[129.865,32.7272],[129.8651,32.7271],[129.8652,32.727],[129.8652,32.7269],[129.8652,32.7268],[129.8651,32.7268],[129.8651,32.7268],[129.865,32.7268],[129.865,32.7266],[129.865,32.7265],[129.865,32.7265],[129.8649,32.7264],[129.8645,32.7262],[129.8643,32.7262],[129.8645,32.7259],[129.8647,32.7256],[129.8648,32.7255],[129.8648,32.7253],[129.8648,32.7251],[129.8648,32.725],[129.8648,32.7249],[129.8647,32.7247],[129.8647,32.7246],[129.865,32.7245],[129.8652,32.7245],[129.8653,32.7245],[129.8653,32.7245],[129.8653,32.7244],[129.8653,32.7244],[129.8654,32.7243],[129.8654,32.7242],[129.8654,32.7242],[129.8654,32.7241],[129.8654,32.7241],[129.8654,32.724],[129.8652,32.7239],[129.8652,32.7239],[129.8651,32.7239],[129.865,32.724],[129.8649,32.724],[129.8648,32.724],[129.8648,32.724],[129.8649,32.7239],[129.865,32.7238],[129.8651,32.7237],[129.8653,32.7237],[129.8654,32.7237],[129.8656,32.7237],[129.8658,32.7237],[129.8658,32.7237],[129.866,32.7236],[129.8662,32.7235],[129.8663,32.7234],[129.8664,32.7232],[129.8665,32.7231],[129.8665,32.7229],[129.8664,32.7228],[129.8663,32.7225],[129.8663,32.7224],[129.8663,32.7222],[129.8663,32.7221],[129.8663,32.722],[129.8664,32.7219],[129.8664,32.7218],[129.8666,32.7215],[129.8673,32.7206],[129.8674,32.7206],[129.8674,32.7207],[129.8675,32.7208],[129.8676,32.7208],[129.8677,32.7208],[129.8678,32.7209],[129.8679,32.7209],[129.8679,32.721],[129.868,32.721],[129.8681,32.721],[129.8681,32.721],[129.8682,32.7211],[129.8683,32.7212],[129.8684,32.7212],[129.8685,32.721],[129.8685,32.7209],[129.8684,32.7207],[129.8683,32.7205],[129.8683,32.7203],[129.8684,32.7202],[129.8685,32.72],[129.8686,32.7199],[129.8686,32.7199],[129.8688,32.7198],[129.8689,32.7197],[129.8692,32.7204],[129.8702,32.7199],[129.8703,32.7198],[129.8704,32.7196],[129.8701,32.719],[129.8701,32.7189],[129.8703,32.7188],[129.8703,32.7188],[129.8705,32.7186],[129.8705,32.7186],[129.8704,32.7185],[129.8703,32.7184],[129.8703,32.7184],[129.8704,32.7183],[129.8705,32.7183],[129.8706,32.7183],[129.8707,32.7183],[129.8708,32.7182],[129.8708,32.7183],[129.8708,32.7182],[129.8708,32.7182],[129.8709,32.7181],[129.8708,32.7179],[129.8712,32.7179],[129.8711,32.7181],[129.871,32.7182],[129.8709,32.7183],[129.8708,32.7184],[129.8709,32.7185],[129.871,32.7186],[129.8711,32.7187],[129.8711,32.7187],[129.8712,32.7187],[129.8713,32.7187],[129.8713,32.7187],[129.8714,32.7188],[129.8714,32.7188],[129.8715,32.7189],[129.8715,32.719],[129.8715,32.7191],[129.8716,32.7193],[129.8717,32.7192],[129.8718,32.7191],[129.8719,32.7191],[129.8719,32.719],[129.872,32.7189],[129.872,32.7186],[129.8721,32.7186],[129.8722,32.7186],[129.8723,32.7186],[129.8723,32.7186],[129.8724,32.7186],[129.8724,32.7185],[129.8725,32.7185],[129.8726,32.7183],[129.8727,32.7182],[129.8728,32.7182],[129.873,32.7182],[129.8731,32.7182],[129.8732,32.7182],[129.8734,32.7183],[129.8736,32.7183],[129.874,32.7183],[129.8743,32.7183],[129.8746,32.7182],[129.8751,32.718],[129.8755,32.718],[129.8758,32.7179],[129.8764,32.7178],[129.8762,32.7176],[129.8761,32.7176],[129.876,32.7175],[129.8758,32.7173],[129.8758,32.7172],[129.8757,32.7171],[129.8757,32.7169],[129.8758,32.7168],[129.8758,32.7167],[129.8759,32.7166],[129.8759,32.7166],[129.876,32.7166],[129.8761,32.7166],[129.8762,32.7166],[129.8763,32.7166],[129.8764,32.7166],[129.8764,32.7166],[129.8765,32.7166],[129.8765,32.7166],[129.8766,32.7166],[129.8766,32.7166],[129.8762,32.7162],[129.8754,32.7161],[129.8753,32.7162],[129.8752,32.7162],[129.875,32.7163],[129.8749,32.7164],[129.8748,32.7165],[129.8745,32.7168],[129.8743,32.7171],[129.8742,32.7172],[129.8741,32.7173],[129.874,32.7173],[129.874,32.7174],[129.8739,32.7174],[129.8736,32.7175],[129.8734,32.7176],[129.8732,32.7177],[129.8731,32.7175],[129.873,32.7173],[129.8728,32.7171],[129.8727,32.7171],[129.8727,32.717],[129.8727,32.7169],[129.8725,32.7168],[129.8723,32.7166],[129.8723,32.7166],[129.8721,32.7165],[129.872,32.7165],[129.8718,32.7164],[129.8715,32.7163],[129.8712,32.7162],[129.871,32.7162],[129.871,32.7159],[129.8711,32.7159],[129.8711,32.7159],[129.8712,32.7159],[129.8712,32.7158],[129.8712,32.7158],[129.8711,32.7157],[129.8711,32.7157],[129.871,32.7157],[129.8708,32.7157],[129.8706,32.7156],[129.8704,32.7155],[129.8702,32.7153],[129.8699,32.7151],[129.8701,32.715],[129.8702,32.715],[129.8702,32.715],[129.8703,32.715],[129.8704,32.7151],[129.8704,32.7151],[129.8704,32.715],[129.8704,32.715],[129.8705,32.715],[129.8705,32.7149],[129.8704,32.7149],[129.8703,32.7149],[129.8701,32.7149],[129.8699,32.7149],[129.8697,32.715],[129.8696,32.715],[129.8696,32.715],[129.8695,32.7151],[129.8693,32.7151],[129.8693,32.7152],[129.8693,32.7152],[129.8693,32.7152],[129.8692,32.7152],[129.8692,32.7152],[129.8691,32.7152],[129.8691,32.7152],[129.869,32.7151],[129.8688,32.7149],[129.8685,32.7147],[129.868,32.7143],[129.8677,32.7139],[129.8676,32.7138],[129.8673,32.7135],[129.8672,32.7134],[129.8671,32.7131],[129.8671,32.7131],[129.8672,32.713],[129.8673,32.713],[129.8674,32.713],[129.8676,32.713],[129.8677,32.713],[129.8678,32.713],[129.8678,32.713],[129.8679,32.713],[129.868,32.713],[129.8681,32.713],[129.8684,32.713],[129.8684,32.7128],[129.8686,32.7127],[129.8687,32.7128],[129.8689,32.7128],[129.869,32.7127],[129.869,32.7127],[129.8691,32.7127],[129.8691,32.7126],[129.8685,32.7125],[129.8684,32.7124],[129.8683,32.7123],[129.8682,32.7123],[129.8681,32.7123],[129.868,32.7122],[129.8679,32.7122],[129.8679,32.7122],[129.8678,32.7122],[129.8678,32.7122],[129.8677,32.7121],[129.8676,32.7121],[129.8676,32.712],[129.8675,32.7119],[129.8675,32.7119],[129.8677,32.7117],[129.8679,32.7116],[129.868,32.7116],[129.8682,32.7116],[129.8683,32.7115],[129.8685,32.7114],[129.8685,32.7114],[129.8687,32.7114],[129.8688,32.7113],[129.869,32.7113],[129.8691,32.7113],[129.8691,32.7113],[129.8693,32.7112],[129.8693,32.7113],[129.8694,32.7113],[129.8695,32.7112],[129.8696,32.7112],[129.8697,32.7112],[129.8698,32.7112],[129.8699,32.7112],[129.8701,32.7113],[129.8702,32.7113],[129.8702,32.7114],[129.8702,32.7114],[129.8703,32.7114],[129.8703,32.7114],[129.8704,32.7113],[129.8704,32.7111],[129.8703,32.7111],[129.8703,32.7111],[129.8703,32.7111],[129.8703,32.7106],[129.8703,32.7106],[129.8703,32.7105],[129.8704,32.7105],[129.8704,32.7105],[129.8704,32.7105],[129.8703,32.7105],[129.8702,32.7105],[129.8702,32.7105],[129.8702,32.7104],[129.8701,32.7104],[129.8701,32.7104],[129.87,32.7104],[129.8699,32.7105],[129.8695,32.7105],[129.8694,32.7106],[129.8693,32.7106],[129.8693,32.7106],[129.8692,32.7106],[129.8692,32.7106],[129.8692,32.7107],[129.8691,32.7107],[129.869,32.7108],[129.8689,32.7109],[129.8689,32.711],[129.8688,32.711],[129.8687,32.7111],[129.8686,32.7111],[129.8685,32.7111],[129.8683,32.7111],[129.8682,32.7111],[129.8682,32.711],[129.8681,32.711],[129.868,32.711],[129.8679,32.711],[129.8677,32.711],[129.8674,32.7111],[129.8673,32.711],[129.8673,32.711],[129.8672,32.7109],[129.8672,32.7109],[129.8671,32.7108],[129.867,32.7107],[129.8669,32.7106],[129.8669,32.7105],[129.8669,32.7104],[129.8669,32.7103],[129.8669,32.7102],[129.8669,32.7101],[129.867,32.71],[129.8671,32.7099],[129.8673,32.7098],[129.8673,32.7097],[129.8674,32.7097],[129.8675,32.7096],[129.8676,32.7095],[129.8676,32.7094],[129.8676,32.7093],[129.8676,32.7091],[129.8676,32.7091],[129.8675,32.7091],[129.8671,32.7092],[129.867,32.7092],[129.8669,32.7093],[129.8669,32.7093],[129.8668,32.7093],[129.8668,32.7094],[129.8664,32.7095],[129.8662,32.7095],[129.8662,32.709],[129.8661,32.7089],[129.8661,32.7088],[129.8661,32.7087],[129.866,32.7087],[129.866,32.7086],[129.8661,32.7085],[129.8662,32.7084],[129.8663,32.708],[129.8664,32.7077],[129.8665,32.7077],[129.8665,32.7076],[129.8663,32.7076],[129.8658,32.7073],[129.8656,32.7074],[129.8656,32.7074],[129.8651,32.7077],[129.8651,32.7081],[129.8649,32.7081],[129.8647,32.7082],[129.8647,32.7082],[129.8646,32.7083],[129.8645,32.7084],[129.8644,32.7084],[129.8643,32.7084],[129.8641,32.7084],[129.8641,32.7084],[129.864,32.7084],[129.8639,32.7084],[129.8637,32.7084],[129.8634,32.7084],[129.8631,32.7084],[129.863,32.7083],[129.8629,32.7083],[129.8629,32.7082],[129.8629,32.7082],[129.8627,32.7081],[129.8627,32.7078],[129.8627,32.7078],[129.8626,32.7078],[129.8626,32.7077],[129.8626,32.7077],[129.8625,32.7077],[129.8625,32.7076],[129.8625,32.7076],[129.8624,32.7076],[129.8624,32.7075],[129.8625,32.7074],[129.8624,32.7072],[129.8623,32.7072],[129.8623,32.7071],[129.8622,32.7071],[129.8621,32.707],[129.8621,32.7069],[129.862,32.7069],[129.8619,32.7067],[129.8618,32.7067],[129.8617,32.7066],[129.8615,32.7066],[129.8614,32.7066],[129.8613,32.7066],[129.8613,32.7066],[129.8613,32.7065],[129.8613,32.7065],[129.861,32.7069],[129.8607,32.7069],[129.8607,32.707],[129.8607,32.7071],[129.8607,32.7071],[129.8607,32.7071],[129.8607,32.7072],[129.8607,32.7072],[129.8606,32.7072],[129.8606,32.7072],[129.8605,32.7072],[129.8605,32.7072],[129.8605,32.7071],[129.8604,32.7071],[129.8604,32.7071],[129.8604,32.7071],[129.8603,32.7071],[129.8603,32.7071],[129.8603,32.707],[129.8602,32.707],[129.8602,32.707],[129.8601,32.707],[129.8601,32.7072],[129.8598,32.7073],[129.8592,32.7068],[129.8598,32.7063],[129.8599,32.7062],[129.86,32.7063],[129.8599,32.7064],[129.8602,32.7064],[129.8602,32.7064],[129.8603,32.7068],[129.8608,32.7067],[129.8607,32.7064],[129.8611,32.7063],[129.8618,32.7061],[129.862,32.7061],[129.8621,32.7061],[129.8622,32.706],[129.8623,32.7059],[129.8624,32.7059],[129.8633,32.7059],[129.8635,32.7059],[129.8636,32.7059],[129.8638,32.7057],[129.8639,32.7056],[129.8641,32.7056],[129.8641,32.7054],[129.8641,32.7054],[129.8644,32.7054],[129.8644,32.7048],[129.8641,32.7048],[129.8638,32.7047],[129.8638,32.7046],[129.8634,32.7047],[129.8633,32.7046],[129.8632,32.7044],[129.8631,32.7042],[129.8629,32.7041],[129.863,32.7039],[129.8631,32.7038],[129.8632,32.7036],[129.8633,32.7035],[129.8632,32.7033],[129.8632,32.7032],[129.8631,32.703],[129.863,32.7028],[129.8629,32.7028],[129.8628,32.7027],[129.8628,32.7027],[129.8627,32.7019],[129.8625,32.7008],[129.8622,32.7009],[129.8622,32.7011],[129.8618,32.7012],[129.862,32.702],[129.8616,32.702],[129.8616,32.702],[129.8613,32.702],[129.8614,32.7026],[129.8612,32.7025],[129.861,32.7025],[129.8609,32.7025],[129.8609,32.7025],[129.8608,32.7024],[129.8608,32.7024],[129.8608,32.7024],[129.8608,32.7023],[129.8608,32.7022],[129.8609,32.7022],[129.8609,32.7021],[129.8609,32.7021],[129.8609,32.7021],[129.8609,32.702],[129.8609,32.7019],[129.8609,32.7019],[129.8609,32.7018],[129.8609,32.7018],[129.8609,32.7017],[129.8609,32.7016],[129.8609,32.7016],[129.8609,32.7015],[129.8609,32.7015],[129.861,32.7014],[129.861,32.7014],[129.861,32.7014],[129.861,32.7014],[129.861,32.7013],[129.8609,32.7014],[129.8608,32.7014],[129.8606,32.7014],[129.8605,32.7013],[129.8603,32.7012],[129.8599,32.701],[129.8592,32.7005],[129.8593,32.7004],[129.8599,32.6994],[129.8599,32.6994],[129.86,32.6994],[129.86,32.6994],[129.86,32.6994],[129.8599,32.6994],[129.8599,32.6994],[129.8599,32.6994],[129.8599,32.6994],[129.8598,32.6994],[129.8595,32.6994],[129.8592,32.6994],[129.859,32.6994],[129.8587,32.6994],[129.8585,32.6994],[129.8583,32.6994],[129.8581,32.6994],[129.8581,32.6994],[129.858,32.6994],[129.858,32.6993],[129.8579,32.6992],[129.8578,32.6992],[129.8576,32.6992],[129.8575,32.6991],[129.8573,32.699],[129.8573,32.6989],[129.8573,32.6989],[129.8574,32.6988],[129.8574,32.6987],[129.8573,32.6987],[129.8573,32.6986],[129.8572,32.6985],[129.8572,32.6985],[129.8574,32.6983],[129.8574,32.6983],[129.8574,32.6982],[129.8573,32.6982],[129.8571,32.6982],[129.857,32.6982],[129.857,32.6981],[129.8569,32.6981],[129.8568,32.698],[129.8567,32.698],[129.8566,32.6979],[129.8565,32.6979],[129.8564,32.6977],[129.8563,32.6977],[129.8562,32.6976],[129.8561,32.6977],[129.856,32.6978],[129.8559,32.6978],[129.8559,32.6975],[129.8558,32.6975],[129.8558,32.6974],[129.8554,32.6976],[129.8553,32.6975],[129.8551,32.6973],[129.8548,32.6975],[129.8545,32.6971],[129.8543,32.6973],[129.8539,32.6974],[129.8535,32.6975],[129.8538,32.6981],[129.854,32.6985],[129.8534,32.6989],[129.8531,32.6992],[129.8528,32.6994],[129.8527,32.6995],[129.8526,32.6996],[129.8525,32.6997],[129.8523,32.6997],[129.852,32.7007],[129.8522,32.7009],[129.8522,32.701],[129.8522,32.701],[129.8522,32.7011],[129.8522,32.7012],[129.8522,32.7013],[129.8522,32.7014],[129.8518,32.7017],[129.8516,32.702],[129.8519,32.7022],[129.8521,32.7023],[129.8522,32.7023],[129.8523,32.7023],[129.8524,32.7023],[129.8525,32.7022],[129.8526,32.7021],[129.8526,32.702],[129.8528,32.7021],[129.853,32.7018],[129.8534,32.702],[129.8535,32.7019],[129.8534,32.7017],[129.8536,32.7015],[129.8541,32.7019],[129.8549,32.7024],[129.8552,32.7023],[129.8552,32.7024],[129.8549,32.7025],[129.8548,32.7026],[129.8548,32.7026],[129.8548,32.7027],[129.855,32.7028],[129.855,32.7028],[129.8552,32.7029],[129.8552,32.7029],[129.8553,32.703],[129.8554,32.703],[129.856,32.703],[129.8562,32.7032],[129.8572,32.7041],[129.8576,32.7044],[129.8575,32.7048],[129.8574,32.705],[129.8576,32.7052],[129.8577,32.7052],[129.8578,32.7051],[129.8579,32.7052],[129.8586,32.7058],[129.8587,32.7059],[129.8585,32.7061],[129.8582,32.706],[129.8581,32.706],[129.8581,32.706],[129.8581,32.706],[129.858,32.706],[129.858,32.7059],[129.8579,32.7059],[129.8576,32.7058],[129.8576,32.7059],[129.8576,32.706],[129.8576,32.706],[129.8576,32.706],[129.8575,32.7061],[129.8575,32.7061],[129.8574,32.7061],[129.8574,32.706],[129.8573,32.706],[129.8572,32.706],[129.8569,32.706],[129.8567,32.706],[129.8565,32.706],[129.856,32.7058],[129.8558,32.7057],[129.8556,32.7057],[129.8555,32.7056],[129.8553,32.7053],[129.8551,32.7052],[129.855,32.7051],[129.8547,32.705],[129.8543,32.7048],[129.8542,32.7048],[129.8541,32.7048],[129.8537,32.7048],[129.8537,32.7044],[129.8541,32.7043],[129.8542,32.7043],[129.8543,32.7043],[129.8544,32.7042],[129.8544,32.7041],[129.8536,32.7042],[129.8524,32.7034],[129.8523,32.7035],[129.8522,32.7035],[129.8522,32.7035],[129.8522,32.7036],[129.8521,32.7036],[129.8521,32.7037],[129.8521,32.7037],[129.852,32.7038],[129.852,32.7038],[129.8519,32.7038],[129.8519,32.7039],[129.8517,32.7038],[129.8516,32.7038],[129.8516,32.7038],[129.8515,32.7038],[129.8514,32.7038],[129.8514,32.7038],[129.8513,32.7038],[129.8512,32.7039],[129.8511,32.7039],[129.851,32.7039],[129.851,32.7039],[129.8509,32.7039],[129.8508,32.704],[129.8507,32.704],[129.8506,32.704],[129.8505,32.704],[129.8504,32.704],[129.8503,32.704],[129.8502,32.704],[129.8502,32.704],[129.8501,32.7039],[129.85,32.704],[129.85,32.7041],[129.85,32.7041],[129.85,32.7042],[129.85,32.7043],[129.85,32.7044],[129.85,32.7044],[129.85,32.7044],[129.85,32.7045],[129.85,32.7045],[129.8498,32.7048],[129.8497,32.7047],[129.8496,32.7046],[129.8494,32.7045],[129.8492,32.7044],[129.8491,32.7044],[129.8491,32.7043],[129.8491,32.7041],[129.8491,32.704],[129.8491,32.704],[129.8491,32.7039],[129.8492,32.7039],[129.8492,32.7039],[129.8492,32.7038],[129.8492,32.7037],[129.8492,32.7036],[129.8492,32.7036],[129.8493,32.7036],[129.8493,32.7035],[129.8493,32.7035],[129.8494,32.7034],[129.8494,32.7034],[129.8494,32.7033],[129.8495,32.7034],[129.8496,32.7033],[129.8496,32.7033],[129.8497,32.7032],[129.8498,32.7031],[129.8503,32.7027],[129.8506,32.7025],[129.8507,32.7023],[129.8507,32.7022],[129.8507,32.7021],[129.8506,32.7019],[129.851,32.7018],[129.8509,32.7017],[129.8509,32.7016],[129.8509,32.7014],[129.8508,32.7014],[129.8508,32.7013],[129.8508,32.7012],[129.8507,32.7012],[129.8507,32.7011],[129.8508,32.701],[129.8508,32.701],[129.8508,32.7009],[129.8508,32.7008],[129.8508,32.7007],[129.8508,32.7006],[129.8507,32.7006],[129.8506,32.7005],[129.8505,32.7005],[129.8503,32.7006],[129.8502,32.7006],[129.8502,32.7007],[129.8502,32.7009],[129.8501,32.7009],[129.8501,32.701],[129.85,32.701],[129.8499,32.7011],[129.8497,32.701],[129.8496,32.701],[129.8496,32.7009],[129.8496,32.7008],[129.8496,32.7007],[129.8496,32.7006],[129.8497,32.7005],[129.8498,32.7004],[129.8499,32.7003],[129.8499,32.7002],[129.8499,32.7],[129.8498,32.6999],[129.8497,32.6998],[129.8495,32.6998],[129.8492,32.6997],[129.8491,32.6997],[129.849,32.6997],[129.8489,32.6999],[129.8487,32.7001],[129.8483,32.7003],[129.8479,32.7005],[129.8477,32.7006],[129.8476,32.7008],[129.8475,32.7008],[129.8467,32.7],[129.8467,32.6999],[129.8465,32.7],[129.8463,32.7001],[129.8462,32.7001],[129.8462,32.7],[129.8462,32.7],[129.846,32.6998],[129.846,32.6998],[129.8466,32.6996],[129.8461,32.6988],[129.8461,32.6988],[129.8461,32.6987],[129.846,32.6985],[129.8459,32.6984],[129.8456,32.6979],[129.8453,32.698],[129.8451,32.6976],[129.8443,32.6979],[129.8443,32.698],[129.8447,32.6985],[129.8448,32.6985],[129.8449,32.6985],[129.8449,32.6985],[129.8448,32.6985],[129.845,32.699],[129.8453,32.699],[129.8453,32.6989],[129.8453,32.6989],[129.8454,32.6989],[129.8455,32.6993],[129.8454,32.6993],[129.8456,32.6997],[129.8457,32.6996],[129.8459,32.6999],[129.846,32.6998],[129.846,32.6998],[129.8461,32.7001],[129.8461,32.7001],[129.8461,32.7001],[129.8462,32.7002],[129.8462,32.7003],[129.8462,32.7003],[129.8461,32.7003],[129.8462,32.7007],[129.8459,32.7006],[129.8459,32.7006],[129.8463,32.7007],[129.8463,32.7008],[129.8463,32.7008],[129.8464,32.701],[129.8464,32.7011],[129.8464,32.7011],[129.8468,32.7014],[129.8468,32.7014],[129.8468,32.7014],[129.8469,32.7016],[129.8469,32.7018],[129.8469,32.7019],[129.8469,32.7019],[129.8468,32.7019],[129.8468,32.7017],[129.8467,32.7015],[129.8467,32.7015],[129.8459,32.7017],[129.8458,32.7016],[129.8458,32.7014],[129.8457,32.7013],[129.8455,32.7008],[129.8455,32.7008],[129.8455,32.7008],[129.8454,32.7005],[129.8454,32.7005],[129.8451,32.7],[129.8449,32.6996],[129.8449,32.6996],[129.8447,32.6996],[129.8442,32.6996],[129.8442,32.6996],[129.8442,32.7],[129.8442,32.7019],[129.8442,32.7026],[129.8441,32.7026],[129.8441,32.7026],[129.8441,32.7026],[129.8441,32.7026],[129.8426,32.7031],[129.8422,32.7033],[129.8422,32.7033],[129.8422,32.7033],[129.8422,32.7033],[129.8421,32.7033],[129.8421,32.7033],[129.8421,32.7034],[129.8428,32.7053],[129.8429,32.7057],[129.8429,32.7057],[129.8461,32.7053],[129.8474,32.7051],[129.8475,32.7056],[129.8475,32.7056],[129.8475,32.7055],[129.8475,32.7055],[129.8475,32.7055],[129.8475,32.7055],[129.8475,32.7053],[129.8475,32.7053],[129.8475,32.7053],[129.8475,32.7053],[129.8474,32.7051],[129.8475,32.7051],[129.8479,32.7048],[129.8479,32.7048],[129.8481,32.705],[129.8482,32.7051],[129.8482,32.7051],[129.8482,32.705],[129.8482,32.705],[129.8481,32.705],[129.8481,32.705],[129.8481,32.705],[129.8486,32.7046],[129.8491,32.7048],[129.8493,32.7046],[129.8493,32.7046],[129.8494,32.7046],[129.8495,32.7047],[129.8495,32.7047],[129.8496,32.7048],[129.8496,32.7048],[129.8497,32.7048],[129.8497,32.7049],[129.8497,32.7049],[129.8497,32.705],[129.8498,32.7051],[129.8498,32.7052],[129.8498,32.7052],[129.8498,32.7053],[129.8498,32.7053],[129.8498,32.7054],[129.8496,32.7053],[129.8494,32.7054],[129.8493,32.7053],[129.8492,32.7051],[129.8492,32.7051],[129.8492,32.7053],[129.8494,32.7055],[129.8493,32.7055],[129.8489,32.7056],[129.8489,32.7055],[129.8486,32.7057],[129.8486,32.7057],[129.8486,32.7057],[129.8486,32.7057],[129.8485,32.7058],[129.8483,32.7058],[129.8482,32.7059],[129.8482,32.7059],[129.8482,32.7059],[129.8478,32.706],[129.8476,32.7057],[129.8476,32.7057],[129.8478,32.706],[129.8477,32.7061],[129.8479,32.7064],[129.8479,32.7064],[129.848,32.7068],[129.848,32.7068],[129.8484,32.7079],[129.8483,32.708],[129.8483,32.708],[129.8484,32.708],[129.8486,32.7083],[129.8486,32.7085],[129.8486,32.7085],[129.8487,32.7088],[129.8486,32.7088],[129.8489,32.7095],[129.849,32.7095],[129.8491,32.7098],[129.8491,32.7098],[129.8492,32.7102],[129.8493,32.7104],[129.8495,32.7111],[129.8496,32.7114],[129.8497,32.7114],[129.8497,32.7114],[129.8497,32.7114],[129.8497,32.7115],[129.8497,32.7116],[129.8499,32.7134],[129.85,32.7138],[129.85,32.7138],[129.85,32.7138],[129.85,32.7138],[129.8501,32.7139],[129.8501,32.714],[129.85,32.714],[129.85,32.714],[129.8501,32.7143],[129.8501,32.7148],[129.8504,32.7148],[129.8504,32.7151],[129.8504,32.7151],[129.8504,32.7153],[129.8504,32.7154],[129.8504,32.7155],[129.8504,32.7155],[129.8504,32.716],[129.8504,32.716],[129.8504,32.7162],[129.8504,32.7162],[129.8504,32.7163],[129.8505,32.7165],[129.8503,32.7165],[129.8504,32.7167],[129.8505,32.7173],[129.8506,32.7173],[129.8506,32.7174],[129.8506,32.7175],[129.8506,32.7176],[129.8507,32.7177],[129.8507,32.7178],[129.8508,32.7179],[129.8508,32.7179],[129.8508,32.7179],[129.8509,32.7179],[129.8508,32.718],[129.8508,32.718],[129.8509,32.7183],[129.8509,32.7188],[129.8509,32.7188],[129.851,32.7188],[129.851,32.7189],[129.8511,32.7189],[129.8511,32.7189],[129.8511,32.7189],[129.8511,32.719],[129.8511,32.7192],[129.8513,32.7194],[129.8514,32.7196],[129.8515,32.7197],[129.8517,32.7199],[129.8518,32.72],[129.8518,32.72],[129.8518,32.72],[129.8521,32.7203],[129.8522,32.7205],[129.8525,32.7202],[129.8526,32.7202],[129.8526,32.7201],[129.8527,32.7201],[129.8528,32.72],[129.8529,32.72],[129.8531,32.7199],[129.8536,32.7197],[129.8536,32.7197],[129.8536,32.7196],[129.8536,32.7196],[129.8536,32.7195],[129.8537,32.7195],[129.8538,32.7194],[129.854,32.7193],[129.854,32.7193],[129.8541,32.7192],[129.8538,32.7187],[129.8535,32.7187],[129.8534,32.7186],[129.8531,32.7187],[129.853,32.7187],[129.8529,32.7188],[129.8528,32.7188],[129.8527,32.7188],[129.8525,32.7187],[129.8524,32.7187],[129.8523,32.7187],[129.8519,32.719],[129.8517,32.7191],[129.8517,32.7191],[129.8516,32.7191],[129.8515,32.7191],[129.8515,32.719],[129.8515,32.719],[129.8515,32.7188],[129.8515,32.7186],[129.8516,32.7186],[129.8516,32.7185],[129.8516,32.7185],[129.8516,32.7184],[129.8517,32.7183],[129.8518,32.7183],[129.8518,32.7182],[129.8519,32.7179],[129.8519,32.7177],[129.8519,32.7175],[129.8519,32.7174],[129.8519,32.7174],[129.8518,32.7174],[129.8517,32.7173],[129.8514,32.7173],[129.8514,32.7173],[129.8514,32.7173],[129.8514,32.7173],[129.8514,32.7172],[129.8514,32.7171],[129.8515,32.7169],[129.8515,32.7168],[129.8515,32.7167],[129.8514,32.7166],[129.8513,32.7166],[129.8512,32.7165],[129.8512,32.7165],[129.8513,32.7164],[129.8514,32.7163],[129.8515,32.7162],[129.8515,32.7161],[129.8515,32.716],[129.8514,32.7159],[129.8513,32.7159],[129.8512,32.7159],[129.851,32.7159],[129.851,32.7158],[129.8509,32.7155],[129.851,32.7152],[129.851,32.7151],[129.8511,32.715],[129.8513,32.7148],[129.8515,32.7148],[129.8515,32.7148],[129.8516,32.7147],[129.8515,32.7147],[129.8514,32.7147],[129.8512,32.7146],[129.8511,32.7146],[129.8511,32.7145],[129.8511,32.7144],[129.8512,32.7143],[129.8513,32.7142],[129.8513,32.7142],[129.8513,32.7141],[129.8513,32.714],[129.8514,32.714],[129.8513,32.7139],[129.8513,32.7138],[129.8513,32.7138],[129.8512,32.7138],[129.8512,32.7137],[129.8513,32.7137],[129.8518,32.7136],[129.8519,32.7136],[129.852,32.7136],[129.8521,32.7135],[129.8521,32.7133],[129.8521,32.7132],[129.8521,32.7131],[129.852,32.7131],[129.8518,32.7131],[129.8515,32.7132],[129.8514,32.7133],[129.8513,32.7133],[129.8512,32.7133],[129.8511,32.7133],[129.8509,32.7132],[129.8508,32.7132],[129.8507,32.7133],[129.8507,32.7133],[129.8505,32.7128],[129.8505,32.7126],[129.8505,32.7124],[129.8505,32.7122],[129.8505,32.712],[129.8509,32.7113],[129.851,32.7111],[129.851,32.711],[129.851,32.7109],[129.851,32.7105],[129.851,32.7101],[129.851,32.7099],[129.8512,32.7099],[129.8513,32.7099],[129.8513,32.7099],[129.8514,32.71],[129.8515,32.71],[129.8516,32.7101],[129.8518,32.7102],[129.8519,32.7102],[129.8518,32.7104],[129.8518,32.7105],[129.8518,32.7105],[129.8518,32.7105],[129.8517,32.7106],[129.8517,32.7106],[129.8517,32.7107],[129.8517,32.7107],[129.8516,32.7107],[129.8515,32.7107],[129.8515,32.7108],[129.8515,32.7108],[129.8515,32.7108],[129.8516,32.7108],[129.8516,32.7109],[129.8517,32.7109],[129.8518,32.711],[129.8519,32.711],[129.852,32.711],[129.8521,32.711],[129.8522,32.711],[129.8523,32.711],[129.8524,32.7109],[129.8528,32.7114],[129.8528,32.7114],[129.8529,32.7113],[129.8529,32.7113],[129.853,32.7112],[129.8531,32.7112],[129.8532,32.7112],[129.8534,32.711],[129.8535,32.711],[129.8536,32.7108],[129.8536,32.7107],[129.8536,32.7107],[129.8537,32.7107],[129.8537,32.7107],[129.8538,32.7106],[129.8538,32.7106],[129.8538,32.7105],[129.8538,32.7104],[129.8538,32.7103],[129.8538,32.7103],[129.8539,32.7102],[129.8539,32.7101],[129.8539,32.7101],[129.8539,32.71],[129.8539,32.71],[129.8539,32.7098],[129.8538,32.7097],[129.8538,32.7097],[129.8538,32.7096],[129.8537,32.7096],[129.8537,32.7095],[129.8536,32.7095],[129.8536,32.7094],[129.8536,32.7093],[129.8536,32.7092],[129.8537,32.7091],[129.8538,32.709],[129.8538,32.7089],[129.8537,32.7089],[129.8537,32.7089],[129.8537,32.7089],[129.8536,32.7089],[129.8535,32.7089],[129.8533,32.7088],[129.8532,32.7088],[129.8531,32.7088],[129.853,32.7088],[129.8528,32.7087],[129.8528,32.7087],[129.8527,32.7087],[129.8526,32.7087],[129.8525,32.7087],[129.8524,32.7087],[129.8524,32.7087],[129.8524,32.7086],[129.8522,32.7087],[129.8518,32.7083],[129.8518,32.7083],[129.8517,32.7082],[129.8517,32.7082],[129.8516,32.7081],[129.8516,32.7081],[129.8516,32.7081],[129.8515,32.708],[129.8515,32.708],[129.8515,32.708],[129.8514,32.708],[129.8514,32.7079],[129.8514,32.7079],[129.8514,32.7079],[129.8515,32.7078],[129.8515,32.7078],[129.8515,32.7078],[129.8515,32.7077],[129.8515,32.7076],[129.8515,32.7075],[129.8515,32.7074],[129.8515,32.7073],[129.8516,32.7073],[129.8516,32.7072],[129.8516,32.7072],[129.8516,32.7071],[129.8516,32.7071],[129.8515,32.707],[129.8515,32.707],[129.8515,32.7069],[129.8515,32.7068],[129.8516,32.7068],[129.8518,32.7065],[129.852,32.7063],[129.8521,32.7062],[129.8522,32.7062],[129.8523,32.7061],[129.8524,32.7061],[129.8525,32.7062],[129.8526,32.7062],[129.8527,32.7064],[129.8528,32.7064],[129.8528,32.7065],[129.8528,32.7065],[129.8529,32.7066],[129.8529,32.7066],[129.853,32.7066],[129.853,32.7067],[129.853,32.7067],[129.8531,32.7069],[129.8531,32.707],[129.8531,32.7071],[129.8532,32.7072],[129.8533,32.7073],[129.8533,32.7074],[129.8535,32.7074],[129.8536,32.7075],[129.8537,32.7075],[129.8537,32.7074],[129.8538,32.7074],[129.854,32.7073],[129.854,32.7073],[129.854,32.7073],[129.8541,32.7073],[129.8544,32.7072],[129.8548,32.7071],[129.8549,32.707],[129.855,32.7071],[129.8552,32.7071],[129.8554,32.707],[129.8555,32.7069],[129.8557,32.7069],[129.8558,32.7068],[129.856,32.7068],[129.8562,32.7068],[129.8563,32.707],[129.8564,32.7072],[129.8564,32.7073],[129.8564,32.7074],[129.8564,32.7076],[129.8564,32.7076],[129.8565,32.7076],[129.8566,32.7076],[129.8566,32.7076],[129.8567,32.7075],[129.8568,32.7074],[129.8569,32.7074],[129.857,32.7073],[129.857,32.7075],[129.857,32.7075],[129.857,32.7076],[129.8571,32.7076],[129.8571,32.7076],[129.8571,32.7077],[129.8572,32.7076],[129.8572,32.7076],[129.8573,32.7076],[129.8573,32.7074],[129.8573,32.7073],[129.8573,32.7071],[129.8573,32.7071],[129.8574,32.7071],[129.8575,32.707],[129.8576,32.707],[129.8576,32.707],[129.8581,32.7073],[129.8582,32.7073],[129.8582,32.7073],[129.8583,32.7073],[129.8584,32.7073],[129.8585,32.7073],[129.8586,32.7074],[129.8586,32.7074],[129.8587,32.7075],[129.8587,32.7075],[129.8589,32.7076],[129.859,32.7076],[129.8591,32.7075],[129.8592,32.7074],[129.8593,32.7074],[129.8594,32.7074],[129.8595,32.7074],[129.8596,32.7074],[129.8597,32.7074],[129.8597,32.7074],[129.8598,32.7074],[129.8598,32.7075],[129.8598,32.7077],[129.8599,32.7077],[129.8599,32.7078],[129.86,32.7078],[129.8603,32.7078],[129.86,32.7083],[129.86,32.7083],[129.8599,32.7083],[129.8599,32.7083],[129.8599,32.7083],[129.8599,32.7084],[129.8599,32.7084],[129.8601,32.7085],[129.8601,32.7086],[129.8602,32.7086],[129.8603,32.7087],[129.8603,32.7087],[129.8604,32.7089],[129.8604,32.7094],[129.8604,32.7097],[129.8605,32.71],[129.8612,32.7099],[129.8613,32.7107],[129.8616,32.7103],[129.8616,32.7104],[129.8617,32.7104],[129.8618,32.7105],[129.8619,32.7105],[129.862,32.7105],[129.8622,32.7105],[129.8624,32.7105],[129.8625,32.7105],[129.8626,32.7105],[129.8627,32.7105],[129.8627,32.7105],[129.8628,32.7105],[129.863,32.7105],[129.8632,32.7105],[129.8633,32.7105],[129.8634,32.7105],[129.8635,32.7106],[129.8637,32.7106],[129.8638,32.7106],[129.8637,32.7107],[129.8637,32.7108],[129.8635,32.7109],[129.8635,32.7109],[129.8635,32.7109],[129.8635,32.711],[129.8635,32.711],[129.8635,32.711],[129.8636,32.7111],[129.8636,32.7111],[129.8636,32.7111],[129.8636,32.7111],[129.8636,32.7112],[129.8636,32.7112],[129.8636,32.7112],[129.8636,32.7113],[129.864,32.7112],[129.8642,32.7112],[129.8643,32.7111],[129.8644,32.711],[129.8643,32.7112],[129.8643,32.7113],[129.8643,32.7114],[129.8643,32.7115],[129.8642,32.7115],[129.8641,32.7116],[129.8638,32.7118],[129.8638,32.7118],[129.8637,32.7119],[129.8636,32.7119],[129.8635,32.7119],[129.8634,32.7119],[129.8633,32.7119],[129.8633,32.7119],[129.8631,32.7119],[129.8631,32.7119],[129.863,32.712],[129.863,32.712],[129.8629,32.712],[129.8628,32.712],[129.8628,32.712],[129.8627,32.712],[129.8626,32.7119],[129.8625,32.7119],[129.8625,32.7118],[129.8624,32.7118],[129.8623,32.7118],[129.8622,32.7118],[129.8622,32.7117],[129.8621,32.7117],[129.862,32.7117],[129.8619,32.7117],[129.8619,32.7116],[129.8618,32.7116],[129.8617,32.7116],[129.8615,32.7116],[129.8614,32.7116],[129.8612,32.7114],[129.8613,32.7115],[129.8613,32.7115],[129.8613,32.7116],[129.8614,32.7117],[129.8614,32.7117],[129.8615,32.7118],[129.8617,32.7118],[129.8619,32.7119],[129.862,32.712],[129.862,32.7122],[129.8619,32.7123],[129.862,32.7124],[129.8621,32.7126],[129.8621,32.7127],[129.8616,32.7126],[129.8613,32.713],[129.8613,32.7131],[129.8615,32.7132],[129.8616,32.7134],[129.8616,32.7133],[129.8617,32.7133],[129.8618,32.7133],[129.8619,32.7133],[129.8619,32.7132],[129.862,32.7132],[129.8621,32.7132],[129.8622,32.7133],[129.8622,32.7133],[129.8622,32.7134],[129.8622,32.7134],[129.8622,32.7134],[129.8621,32.7135],[129.8621,32.7135],[129.8621,32.7136],[129.8621,32.7137],[129.8621,32.7138],[129.862,32.7139],[129.8621,32.7138],[129.8622,32.7138],[129.8623,32.7137],[129.8624,32.7137],[129.8625,32.7137],[129.8626,32.7137],[129.8626,32.7137],[129.8627,32.7137],[129.8628,32.7137],[129.8629,32.7138],[129.863,32.7138],[129.8631,32.7137],[129.8632,32.7137],[129.8634,32.7136],[129.8636,32.7136],[129.8637,32.7135],[129.8639,32.7135],[129.8639,32.7134],[129.864,32.7134],[129.8641,32.7134],[129.8642,32.7134],[129.8642,32.7134],[129.8643,32.7133],[129.8644,32.7133],[129.8645,32.7134],[129.8645,32.7135],[129.8645,32.7135],[129.8645,32.7136],[129.8645,32.7136],[129.8646,32.7136],[129.8646,32.7136],[129.8647,32.7137],[129.8648,32.7139],[129.8649,32.7139],[129.865,32.714],[129.8651,32.7141],[129.8651,32.7141],[129.8652,32.7141],[129.8652,32.7142],[129.8651,32.7142],[129.8651,32.7143],[129.8651,32.7143],[129.865,32.7144],[129.865,32.7144],[129.8649,32.7145],[129.8648,32.7145],[129.8647,32.7145],[129.8646,32.7145],[129.8646,32.7146],[129.8646,32.7146],[129.8646,32.7147],[129.8645,32.7147],[129.8645,32.7147],[129.8644,32.7147],[129.8643,32.7147],[129.8642,32.7149],[129.8642,32.715],[129.864,32.715],[129.8639,32.715],[129.8637,32.7149],[129.8636,32.7149],[129.8636,32.7148],[129.8634,32.7148],[129.8633,32.7147],[129.8631,32.7147],[129.863,32.7147],[129.8629,32.7147],[129.8631,32.7148],[129.8632,32.7148],[129.8635,32.7149],[129.8636,32.715],[129.8637,32.7151],[129.8637,32.7151],[129.8638,32.7152],[129.8639,32.7153],[129.8639,32.7153],[129.8639,32.7154],[129.8638,32.7154],[129.8636,32.7155],[129.8636,32.7155],[129.8635,32.7155],[129.8634,32.7155],[129.8634,32.7155],[129.8633,32.7155],[129.8632,32.7156],[129.8632,32.7156],[129.8631,32.7156],[129.863,32.7156],[129.8629,32.7155],[129.8628,32.7155],[129.8625,32.7153],[129.8625,32.7152],[129.8624,32.7152],[129.8624,32.7153],[129.8624,32.7154],[129.8624,32.7154],[129.8624,32.7155],[129.8625,32.7156],[129.8626,32.7156],[129.8626,32.7157],[129.8626,32.7157],[129.8625,32.7158],[129.8624,32.7158],[129.8624,32.7159],[129.8623,32.7159],[129.8623,32.716],[129.8624,32.7161],[129.8624,32.7161],[129.8625,32.7161],[129.8626,32.7162],[129.8626,32.7162],[129.8627,32.7162],[129.8627,32.7162],[129.8629,32.7161],[129.8629,32.7161],[129.863,32.716],[129.8631,32.716],[129.8631,32.7159],[129.8632,32.7159],[129.8632,32.7159],[129.8633,32.7159],[129.8633,32.7159],[129.8634,32.7159],[129.8635,32.7159],[129.8635,32.7159],[129.8636,32.7159],[129.8637,32.7159],[129.8638,32.7159],[129.8638,32.7158],[129.8642,32.7156],[129.8643,32.7157],[129.8643,32.7156],[129.8644,32.7156],[129.8644,32.7156],[129.8644,32.7156],[129.8645,32.7155],[129.8646,32.7155],[129.8646,32.7155],[129.8646,32.7156],[129.8647,32.7156],[129.8647,32.7156],[129.8647,32.7157],[129.8648,32.7162],[129.8645,32.7162],[129.8645,32.7162],[129.8645,32.7162],[129.8644,32.7163],[129.8644,32.7164],[129.8644,32.7165],[129.8645,32.7166],[129.8645,32.7166],[129.8644,32.7168],[129.8644,32.7168],[129.8644,32.7169],[129.8644,32.7169],[129.8644,32.7169],[129.8644,32.717],[129.8645,32.717],[129.8646,32.717],[129.8646,32.717],[129.8647,32.717],[129.8648,32.717],[129.8649,32.7171],[129.865,32.7171],[129.8651,32.7171],[129.8652,32.7172],[129.8652,32.7174],[129.8654,32.7176],[129.8654,32.7177],[129.8654,32.7178],[129.8655,32.7178],[129.8655,32.7179],[129.8655,32.718],[129.8656,32.7181],[129.8656,32.7181],[129.8656,32.7182],[129.8655,32.7184],[129.8655,32.7185],[129.8653,32.7185],[129.8652,32.7186],[129.8652,32.7187],[129.865,32.7188],[129.8649,32.7188],[129.8648,32.7188],[129.8648,32.7189],[129.8648,32.7189],[129.8646,32.7191],[129.8646,32.7191],[129.8646,32.7191],[129.8644,32.7192],[129.8644,32.7193],[129.8643,32.7194],[129.8642,32.7195],[129.8641,32.7195],[129.864,32.7195],[129.8639,32.7195],[129.8639,32.7194],[129.8637,32.7193],[129.8637,32.7192],[129.8636,32.7192],[129.8636,32.7192],[129.8635,32.7192],[129.8634,32.7191],[129.8634,32.7191],[129.8634,32.7191],[129.8634,32.7191],[129.8633,32.7191],[129.8633,32.7191],[129.8633,32.7192],[129.8632,32.7192],[129.8632,32.7193],[129.8633,32.7194],[129.8632,32.7194],[129.8632,32.7195],[129.8632,32.7196],[129.8632,32.7196],[129.8631,32.7197],[129.8631,32.7197],[129.8631,32.7197],[129.863,32.7196],[129.8629,32.7195],[129.8628,32.7194],[129.8628,32.7193],[129.8628,32.7192],[129.8628,32.7192],[129.8628,32.7192],[129.8627,32.7192],[129.8627,32.7192],[129.8627,32.7192],[129.8627,32.7194],[129.8627,32.7196],[129.8624,32.7196],[129.8624,32.7193],[129.8623,32.7193],[129.8623,32.7193],[129.862,32.7193],[129.8618,32.7189],[129.8617,32.7187],[129.8616,32.7186],[129.8616,32.7185],[129.8616,32.7185],[129.8617,32.7184],[129.8617,32.7184],[129.8618,32.7184],[129.8618,32.7183],[129.8618,32.7182],[129.8617,32.7182],[129.8616,32.7181],[129.8615,32.7181],[129.8616,32.718],[129.8616,32.7179],[129.8616,32.7179],[129.8616,32.7178],[129.8616,32.7178],[129.8617,32.7174],[129.8617,32.7174],[129.8617,32.7174],[129.8617,32.7173],[129.8616,32.7173],[129.8616,32.7173],[129.8615,32.7173],[129.8615,32.7173],[129.8614,32.7173],[129.8613,32.7174],[129.8612,32.7174],[129.8612,32.7175],[129.8611,32.7175],[129.861,32.7175],[129.8608,32.7175],[129.8608,32.7175],[129.8608,32.7175],[129.8607,32.7178],[129.8606,32.7178],[129.8605,32.7178],[129.8605,32.7179],[129.8604,32.7179],[129.8603,32.718],[129.86,32.7181],[129.86,32.7182],[129.8599,32.7182],[129.8597,32.7182],[129.8596,32.718],[129.8595,32.718],[129.8594,32.7179],[129.8594,32.7179],[129.8592,32.7179],[129.8591,32.7178],[129.859,32.7178],[129.859,32.7178],[129.8589,32.7177],[129.8588,32.7175],[129.8587,32.7174],[129.8586,32.7173],[129.8584,32.7172],[129.8583,32.717],[129.8583,32.717],[129.8583,32.7169],[129.8582,32.7169],[129.8581,32.7169],[129.8581,32.7168],[129.858,32.7168],[129.8579,32.7168],[129.8579,32.7168],[129.8579,32.7168],[129.8578,32.7168],[129.8578,32.7168],[129.858,32.717],[129.858,32.7171],[129.8581,32.7172],[129.8581,32.7172],[129.8582,32.7173],[129.8582,32.7175],[129.8582,32.7175],[129.8582,32.7177],[129.8581,32.7178],[129.8581,32.7178],[129.8581,32.7179],[129.8581,32.7179],[129.8581,32.718],[129.858,32.718],[129.858,32.7181],[129.8579,32.718],[129.8579,32.718],[129.8579,32.7181],[129.8578,32.7182],[129.8578,32.7183],[129.8579,32.7183],[129.858,32.7184],[129.858,32.7185],[129.8581,32.7186],[129.8581,32.7187],[129.8581,32.7187],[129.8581,32.7188],[129.8582,32.7188],[129.8583,32.7189],[129.8583,32.7189],[129.8584,32.719],[129.8584,32.7191],[129.8584,32.7191],[129.8583,32.7192],[129.8583,32.7193],[129.8582,32.7194],[129.8581,32.7195],[129.8581,32.7195],[129.858,32.7195],[129.858,32.7195],[129.8579,32.7195],[129.8579,32.7194],[129.8579,32.7193],[129.8578,32.7192],[129.8577,32.7191],[129.8576,32.7191],[129.8575,32.7191],[129.8575,32.7191],[129.8574,32.7191],[129.8574,32.7189],[129.8574,32.7189],[129.8573,32.7189],[129.8572,32.7189],[129.8572,32.719],[129.8571,32.7191],[129.8571,32.7192],[129.8571,32.7193],[129.8571,32.7193],[129.8572,32.7194],[129.8572,32.7195],[129.8572,32.7195],[129.8571,32.7196],[129.8571,32.7196],[129.857,32.7196],[129.8573,32.7198],[129.8574,32.7198],[129.8574,32.7199],[129.8574,32.72],[129.8575,32.72],[129.8575,32.7203],[129.8561,32.7208],[129.8548,32.7212],[129.8548,32.7212],[129.8549,32.7214],[129.8549,32.7214],[129.8552,32.7217],[129.8551,32.7218],[129.8552,32.722],[129.8553,32.7221],[129.8554,32.722],[129.8554,32.722],[129.8554,32.7221],[129.8554,32.7221],[129.8554,32.7221],[129.8554,32.7221],[129.8555,32.7221],[129.8555,32.7221],[129.8556,32.7221],[129.8556,32.7221],[129.8556,32.7221],[129.8556,32.7222],[129.8556,32.7222],[129.8557,32.7222],[129.8557,32.7222],[129.8557,32.7222],[129.8558,32.7223],[129.8559,32.7223],[129.8558,32.7224],[129.856,32.7225],[129.856,32.7225],[129.8562,32.7225],[129.8562,32.7224],[129.8562,32.7224],[129.8562,32.7224],[129.8563,32.7224],[129.8563,32.7225],[129.8563,32.7225],[129.8563,32.7224],[129.8564,32.7225],[129.8564,32.7225],[129.8567,32.7226],[129.8567,32.7225],[129.8568,32.7225],[129.8571,32.7225],[129.8571,32.7225],[129.8574,32.7225],[129.8574,32.7225],[129.8574,32.7226],[129.8574,32.7226],[129.8574,32.7226],[129.8579,32.7225],[129.8579,32.7225],[129.8583,32.7223],[129.8583,32.7223],[129.8585,32.7222],[129.8585,32.7223],[129.8586,32.7222],[129.8584,32.7221],[129.8585,32.722],[129.8585,32.722],[129.8586,32.722],[129.8587,32.7221],[129.8588,32.722],[129.8587,32.7219],[129.8589,32.7218],[129.859,32.7219],[129.8591,32.7219],[129.8591,32.7218],[129.8591,32.7218],[129.8591,32.7217],[129.8591,32.7217],[129.8591,32.7217],[129.8592,32.7217],[129.8593,32.7217],[129.8593,32.7216],[129.8593,32.7216],[129.8593,32.7217],[129.8594,32.7216],[129.8594,32.7216],[129.8594,32.7216],[129.8595,32.7216],[129.8597,32.7217],[129.8597,32.7217],[129.8598,32.7217],[129.8598,32.7216],[129.8601,32.7217],[129.8601,32.7217],[129.8602,32.7217],[129.8601,32.7218],[129.8602,32.7218],[129.8602,32.7218],[129.8602,32.7218],[129.8602,32.7217],[129.8603,32.7217],[129.8604,32.7217],[129.8605,32.7217],[129.8608,32.7218],[129.861,32.7218],[129.861,32.7219],[129.861,32.722],[129.861,32.722],[129.8611,32.7222],[129.8611,32.7222],[129.8611,32.7223],[129.8613,32.7223],[129.8613,32.7223],[129.8613,32.7223],[129.8613,32.7225],[129.8613,32.7225],[129.8613,32.7225],[129.8613,32.7225],[129.8612,32.7225],[129.861,32.7225],[129.8609,32.7225],[129.8606,32.7226],[129.8605,32.7226],[129.8605,32.7226],[129.8605,32.7226],[129.8603,32.7227],[129.8603,32.7226],[129.8601,32.7227],[129.8599,32.7228],[129.8599,32.7228],[129.8593,32.7231],[129.8592,32.7231],[129.8591,32.7232],[129.8591,32.7232],[129.859,32.7233],[129.8587,32.7236],[129.8587,32.7236],[129.8586,32.7237],[129.8586,32.7237],[129.8586,32.7238],[129.8584,32.7238],[129.8583,32.7241],[129.8585,32.7241],[129.8585,32.7242],[129.8583,32.7241],[129.8582,32.724],[129.8581,32.7242],[129.8581,32.7242],[129.8582,32.7243],[129.8581,32.7244],[129.858,32.7244],[129.858,32.7244],[129.8582,32.7244],[129.8582,32.7245],[129.8582,32.7246],[129.8581,32.7246],[129.8581,32.7247],[129.8579,32.7246],[129.8579,32.7247],[129.8579,32.7247],[129.8579,32.7248],[129.8581,32.7248],[129.858,32.725],[129.858,32.725],[129.858,32.7251],[129.858,32.7251],[129.858,32.7262],[129.8577,32.7262],[129.8577,32.7262],[129.858,32.7262],[129.858,32.7263],[129.8579,32.7264],[129.8579,32.7264],[129.8579,32.7265],[129.8579,32.7265],[129.8576,32.7266],[129.8577,32.7268],[129.858,32.7267],[129.858,32.7268],[129.858,32.7268],[129.8582,32.7269],[129.8582,32.7269],[129.8582,32.727],[129.8583,32.727],[129.8583,32.727],[129.8583,32.7271],[129.8583,32.7271],[129.8583,32.7271],[129.8583,32.7271],[129.8584,32.7271],[129.8584,32.7272],[129.8584,32.7272],[129.8584,32.7272],[129.8584,32.7272],[129.8585,32.7272],[129.8585,32.7272],[129.8585,32.7272],[129.8586,32.7272],[129.8586,32.7272],[129.8586,32.7273],[129.8586,32.7273],[129.8586,32.7273],[129.8586,32.7273],[129.8586,32.7273],[129.8587,32.7273],[129.8588,32.7273],[129.8587,32.7274],[129.8588,32.7274],[129.8588,32.7273],[129.8588,32.7273],[129.8589,32.7273],[129.8589,32.7274],[129.8589,32.7274],[129.8589,32.7274],[129.8589,32.7274],[129.8589,32.7274],[129.8589,32.7274],[129.859,32.7274],[129.859,32.7274],[129.8591,32.7274],[129.8591,32.7273],[129.8592,32.7274],[129.8592,32.7274],[129.8592,32.7274],[129.8592,32.7274],[129.8593,32.7274],[129.8593,32.7275],[129.8593,32.7275],[129.8593,32.7275],[129.8593,32.7275],[129.8593,32.7275],[129.8597,32.7276],[129.8598,32.7275],[129.8598,32.7277],[129.8603,32.7276],[129.8604,32.7278],[129.8606,32.728],[129.8604,32.7281],[129.8602,32.7282],[129.8602,32.7282],[129.8605,32.7286],[129.8606,32.7286],[129.8608,32.7289],[129.861,32.7291],[129.861,32.7291],[129.861,32.7291],[129.8611,32.7292],[129.8612,32.7294],[129.8615,32.7295],[129.8616,32.7295],[129.8616,32.7295],[129.8616,32.7295],[129.8616,32.7296],[129.8617,32.7296],[129.8616,32.7295],[129.8618,32.7296],[129.8618,32.7297],[129.8618,32.7297],[129.8619,32.7297],[129.862,32.7297],[129.8619,32.7295],[129.8623,32.7295],[129.8623,32.7295],[129.8623,32.7295],[129.8624,32.7295],[129.8624,32.7295],[129.8625,32.7295],[129.8625,32.7295],[129.8625,32.7296],[129.8626,32.7296],[129.8626,32.7297],[129.8626,32.7297],[129.8625,32.7298],[129.8628,32.7304],[129.8628,32.7304],[129.8628,32.7304],[129.8628,32.7304],[129.8628,32.7304],[129.8628,32.7304],[129.8628,32.7305],[129.8629,32.7305],[129.8629,32.7305],[129.8629,32.7306],[129.8629,32.7306],[129.863,32.7306],[129.863,32.7306],[129.863,32.7306],[129.8631,32.7306],[129.8632,32.7307],[129.8632,32.7307],[129.8632,32.7307],[129.8633,32.7307],[129.8632,32.7308],[129.8632,32.7308],[129.8633,32.7308],[129.8633,32.7308],[129.8633,32.7309],[129.8633,32.7309],[129.8634,32.7309],[129.8634,32.7309],[129.8634,32.7309],[129.8635,32.731],[129.8635,32.7311],[129.8636,32.7312],[129.8638,32.7313],[129.8641,32.7317],[129.8642,32.7318],[129.8642,32.7318],[129.8644,32.732],[129.8643,32.7321],[129.8644,32.7322],[129.8646,32.7321],[129.8647,32.7322],[129.8646,32.7323],[129.8645,32.7321],[129.8644,32.7322],[129.8643,32.7323],[129.8638,32.7325],[129.864,32.7328],[129.8646,32.7324],[129.8646,32.7324],[129.864,32.7328],[129.8641,32.7329],[129.8646,32.7325],[129.865,32.7323],[129.865,32.7323],[129.8651,32.7324],[129.8651,32.7324],[129.8653,32.7326],[129.8649,32.7328],[129.865,32.733],[129.8652,32.7329],[129.8652,32.7329],[129.8653,32.7329],[129.8654,32.733],[129.8653,32.7331],[129.8654,32.7331],[129.8654,32.7331],[129.8656,32.7333],[129.8656,32.7333],[129.8656,32.7333],[129.8656,32.7334],[129.8657,32.7334],[129.8655,32.7335],[129.8652,32.7337],[129.8651,32.7337],[129.8651,32.7337],[129.8652,32.7338],[129.8653,32.7337],[129.8655,32.7336],[129.8656,32.7336],[129.8658,32.7335],[129.8658,32.7335],[129.8658,32.7336],[129.8658,32.7336],[129.8658,32.7336],[129.8658,32.7337],[129.8658,32.7337],[129.8658,32.7337],[129.8651,32.7341],[129.8651,32.7342],[129.8658,32.7338],[129.8658,32.7339],[129.8659,32.7339],[129.8659,32.7339],[129.8659,32.7339],[129.8659,32.7339],[129.8659,32.734],[129.8666,32.7348],[129.866,32.7351],[129.8667,32.7358],[129.8685,32.7379],[129.8686,32.7378],[129.8686,32.7378],[129.8686,32.7378],[129.8686,32.7378],[129.8687,32.7376],[129.8688,32.7375],[129.8691,32.7372],[129.8691,32.7372],[129.8691,32.7371],[129.8691,32.7372],[129.8691,32.7372],[129.8691,32.7372],[129.8692,32.7371],[129.8693,32.7371],[129.8694,32.7371],[129.8694,32.7371],[129.8694,32.7372],[129.8695,32.7371],[129.8695,32.7371],[129.8697,32.7373],[129.8698,32.7373],[129.8699,32.7374],[129.87,32.7374],[129.8699,32.7375],[129.8698,32.7376],[129.8698,32.7377],[129.87,32.738],[129.87,32.7381],[129.8701,32.7381],[129.8701,32.7381],[129.8703,32.7382],[129.8701,32.7383],[129.87,32.7382],[129.8694,32.7387],[129.8694,32.7387],[129.8689,32.7391],[129.869,32.7392],[129.8682,32.7398],[129.8682,32.7399],[129.8681,32.7399],[129.8681,32.7399],[129.8681,32.7399],[129.8681,32.7399],[129.8681,32.7399],[129.8681,32.74],[129.8682,32.74],[129.8681,32.7402],[129.868,32.7402],[129.868,32.7402],[129.868,32.7402],[129.868,32.7403],[129.868,32.7403],[129.8679,32.7403],[129.8679,32.7417],[129.8679,32.7423],[129.8693,32.7424],[129.8697,32.7424],[129.8698,32.7424],[129.8699,32.7424],[129.8699,32.7424],[129.8699,32.7425],[129.8705,32.7431],[129.8705,32.7432],[129.8705,32.7435],[129.8705,32.7435],[129.8705,32.7436],[129.8705,32.7439],[129.8705,32.744],[129.8704,32.7449],[129.8705,32.745],[129.8705,32.745],[129.8706,32.745],[129.8706,32.7452],[129.8706,32.7454],[129.8705,32.7454],[129.8705,32.7454],[129.8704,32.7454],[129.8698,32.7454],[129.8697,32.7454],[129.8688,32.7454],[129.868,32.7454],[129.868,32.7451],[129.8678,32.7451],[129.8678,32.7458],[129.8678,32.7463],[129.8678,32.7463],[129.8678,32.7466],[129.8677,32.7466],[129.8677,32.7466],[129.8677,32.7466],[129.8677,32.7466],[129.8677,32.7466],[129.8677,32.7463],[129.8676,32.7463],[129.8675,32.7466],[129.8675,32.7474],[129.8706,32.7474],[129.871,32.7474],[129.8711,32.7474],[129.8712,32.7474],[129.8712,32.7477],[129.8712,32.7481],[129.8712,32.7488],[129.8712,32.7489],[129.8711,32.749],[129.8711,32.7491],[129.8711,32.7492],[129.8711,32.7493],[129.871,32.7494],[129.871,32.7495],[129.871,32.7496],[129.871,32.7497],[129.871,32.7497],[129.871,32.7498],[129.871,32.7499],[129.871,32.7499],[129.871,32.7499],[129.8708,32.7503],[129.8708,32.7504],[129.8707,32.7505],[129.8703,32.7505],[129.8703,32.7503],[129.8705,32.7491],[129.8704,32.749],[129.8691,32.7489],[129.8688,32.7488],[129.8685,32.7488],[129.8682,32.7488],[129.867,32.7488],[129.8669,32.7489],[129.8669,32.7489],[129.8669,32.7489],[129.8669,32.7495],[129.8668,32.7495],[129.8668,32.7499],[129.8667,32.7504],[129.8667,32.7507],[129.8667,32.7507],[129.8667,32.7512],[129.8663,32.7513],[129.8663,32.7513],[129.8662,32.7513],[129.8661,32.7513],[129.8661,32.7513],[129.8659,32.7513],[129.8657,32.7513],[129.8657,32.7512],[129.8657,32.7512],[129.8657,32.7511],[129.8656,32.7509],[129.8656,32.7509],[129.8656,32.7508],[129.8656,32.7506],[129.8656,32.7505],[129.8656,32.7505],[129.8656,32.7503],[129.8656,32.7502],[129.8655,32.7498],[129.8655,32.7498],[129.8655,32.7498],[129.8655,32.7497],[129.8655,32.7496],[129.8655,32.7496],[129.8655,32.7495],[129.8654,32.7494],[129.8654,32.7493],[129.8654,32.7493],[129.8654,32.7493],[129.8653,32.7492],[129.8653,32.7492],[129.8651,32.749],[129.8648,32.7486],[129.8644,32.7483],[129.8641,32.7485],[129.864,32.7484],[129.8639,32.7484],[129.8641,32.7483],[129.864,32.7482],[129.8641,32.7481],[129.8642,32.748],[129.8628,32.7467],[129.8625,32.7464],[129.8625,32.7462],[129.8628,32.7461],[129.864,32.746],[129.864,32.7459],[129.8628,32.746],[129.8625,32.7461],[129.8624,32.7458],[129.8623,32.7453],[129.8628,32.7452],[129.8639,32.7451],[129.8639,32.7451],[129.8641,32.745],[129.8643,32.7459],[129.8643,32.7459],[129.8641,32.7449],[129.8645,32.7449],[129.8645,32.7449],[129.8646,32.7449],[129.8646,32.7448],[129.8629,32.7451],[129.8629,32.7451],[129.8628,32.7451],[129.8611,32.7453],[129.8609,32.7454],[129.8609,32.7454],[129.8607,32.7454],[129.8606,32.7453],[129.8605,32.7453],[129.8603,32.7453],[129.8602,32.7452],[129.8601,32.7452],[129.86,32.7452],[129.8595,32.7452],[129.8595,32.7452],[129.8594,32.7452],[129.8594,32.7452],[129.8594,32.7452],[129.8594,32.7452],[129.8594,32.7451],[129.8598,32.7451],[129.8606,32.7448],[129.861,32.7445],[129.8606,32.7439],[129.8605,32.7439],[129.8604,32.7437],[129.86,32.7432],[129.86,32.7432],[129.8599,32.7432],[129.8596,32.7428],[129.8597,32.7427],[129.8595,32.7426],[129.8594,32.7426],[129.8593,32.7425],[129.8592,32.7423],[129.8593,32.7422],[129.8593,32.7422],[129.8594,32.7422],[129.8593,32.742],[129.859,32.742],[129.8589,32.7419],[129.8588,32.7417],[129.8588,32.7412],[129.8583,32.7412],[129.8567,32.741],[129.8568,32.7403],[129.8575,32.7399],[129.8575,32.7398],[129.8576,32.7397],[129.8576,32.7397],[129.8578,32.7397],[129.858,32.7394],[129.8579,32.7393],[129.8579,32.7392],[129.858,32.7391],[129.8583,32.7385],[129.8586,32.738],[129.8586,32.738],[129.8591,32.737],[129.8589,32.7369],[129.8586,32.7372],[129.8583,32.737],[129.8582,32.737],[129.8582,32.7369],[129.858,32.7368],[129.8579,32.7368],[129.8578,32.737],[129.8577,32.737],[129.8576,32.7369],[129.8576,32.7369],[129.8574,32.7368],[129.8572,32.737],[129.8571,32.7369],[129.8567,32.7367],[129.8569,32.7364],[129.8563,32.736],[129.8562,32.7359],[129.856,32.7358],[129.856,32.7358],[129.8553,32.7353],[129.8553,32.7353],[129.8553,32.7353],[129.8553,32.7352],[129.8579,32.7345],[129.8578,32.7343],[129.8578,32.7343],[129.8578,32.7343],[129.8576,32.7344],[129.8574,32.7339],[129.8576,32.7338],[129.8575,32.7337],[129.8576,32.7336],[129.8575,32.7333],[129.8574,32.7331],[129.8573,32.7331],[129.8572,32.733],[129.8572,32.733],[129.8572,32.7329],[129.8572,32.7329],[129.8572,32.7328],[129.8572,32.7328],[129.8569,32.7323],[129.8569,32.7321],[129.8569,32.7321],[129.8569,32.7321],[129.8568,32.7321],[129.8568,32.7321],[129.8565,32.7322],[129.8563,32.7316],[129.8566,32.7315],[129.8566,32.7314],[129.8549,32.73],[129.8537,32.7298],[129.8533,32.7297],[129.853,32.7297],[129.8528,32.7299],[129.8525,32.7301],[129.8519,32.7306],[129.8518,32.7307],[129.8515,32.7309],[129.8513,32.731],[129.8511,32.7311],[129.8511,32.7312],[129.8511,32.7312],[129.8508,32.7315],[129.8507,32.7315],[129.8506,32.7315],[129.8504,32.7315],[129.8502,32.7316],[129.8502,32.7316],[129.8502,32.7316],[129.8502,32.7316],[129.8501,32.7316],[129.8501,32.7315],[129.8501,32.7315],[129.8501,32.7315],[129.8501,32.7315],[129.85,32.7315],[129.85,32.7315],[129.85,32.7315],[129.85,32.7315],[129.8499,32.7314],[129.8499,32.7314],[129.8498,32.7314],[129.8498,32.7314],[129.8496,32.7312],[129.8496,32.7312],[129.8496,32.7312],[129.8496,32.7312],[129.8495,32.7312],[129.8495,32.7313],[129.8493,32.7315],[129.8493,32.7315],[129.8492,32.7316],[129.8491,32.7317],[129.849,32.7317],[129.8489,32.7318],[129.8488,32.7319],[129.8486,32.7319],[129.8485,32.7319],[129.8482,32.7319],[129.8479,32.7321],[129.8475,32.7323],[129.8474,32.7322],[129.8474,32.7321],[129.8473,32.732],[129.8473,32.7319],[129.8472,32.7318],[129.8471,32.7318],[129.8471,32.7317],[129.8471,32.7316],[129.8471,32.7316],[129.8468,32.7317],[129.8468,32.7317],[129.8468,32.7318],[129.8468,32.7319],[129.8467,32.732],[129.8468,32.7321],[129.8468,32.7322],[129.8468,32.7323],[129.8469,32.7323],[129.8469,32.7324],[129.8468,32.7324],[129.8468,32.7324],[129.8467,32.7324],[129.8466,32.7323],[129.8465,32.7323],[129.8464,32.7322],[129.8463,32.7322],[129.8462,32.7321],[129.8458,32.7322],[129.846,32.7322],[129.8461,32.7323],[129.8462,32.7324],[129.8462,32.7324],[129.8462,32.7325],[129.8461,32.7326],[129.8459,32.7326],[129.8456,32.7327],[129.8454,32.7328],[129.8453,32.7329],[129.8453,32.7329],[129.8453,32.733],[129.8453,32.733],[129.8454,32.733],[129.8455,32.733],[129.8458,32.733],[129.8459,32.733],[129.846,32.733],[129.846,32.733],[129.8461,32.733],[129.8461,32.733],[129.8461,32.7331],[129.8461,32.7331],[129.8462,32.7331],[129.8462,32.7331],[129.8462,32.7331],[129.8462,32.7331],[129.8463,32.733],[129.8463,32.733],[129.8463,32.733],[129.8464,32.733],[129.8464,32.733],[129.8465,32.733],[129.8465,32.733],[129.8466,32.733],[129.8468,32.7331],[129.8469,32.7331],[129.8469,32.7331],[129.847,32.7331],[129.8471,32.733],[129.8474,32.7326],[129.8476,32.7325],[129.8477,32.7324],[129.8478,32.7324],[129.848,32.7323],[129.8483,32.7322],[129.8485,32.7322],[129.8487,32.7323],[129.8488,32.7323],[129.8488,32.7324],[129.8488,32.7325],[129.8486,32.7328],[129.8484,32.733],[129.8483,32.7331],[129.8483,32.7333],[129.8483,32.7335],[129.8483,32.7336],[129.8484,32.7337],[129.8485,32.7337],[129.8485,32.7338],[129.8486,32.7337],[129.8487,32.7337],[129.8488,32.7336],[129.849,32.7332],[129.8494,32.7326],[129.8495,32.7326],[129.8496,32.7325],[129.8498,32.7326],[129.8499,32.7328],[129.8499,32.7329],[129.8499,32.733],[129.8499,32.7331],[129.85,32.7331],[129.85,32.7331],[129.8502,32.7331],[129.8501,32.733],[129.8501,32.7329],[129.8501,32.7327],[129.8501,32.7326],[129.8501,32.7326],[129.8501,32.7325],[129.8501,32.7325],[129.8501,32.7323],[129.8502,32.7321],[129.8504,32.7321],[129.8505,32.732],[129.8506,32.732],[129.8506,32.7319],[129.8507,32.7319],[129.8507,32.7318],[129.8508,32.7317],[129.8508,32.7317],[129.8509,32.7316],[129.8512,32.7319],[129.8511,32.732],[129.8511,32.732],[129.8512,32.732],[129.8512,32.7321],[129.8513,32.7322],[129.8513,32.7322],[129.8514,32.7322],[129.8514,32.7322],[129.8515,32.7323],[129.8516,32.7323],[129.8517,32.7324],[129.8517,32.7325],[129.8518,32.7325],[129.8518,32.7325],[129.8519,32.7325],[129.852,32.7325],[129.8521,32.7324],[129.8521,32.7324],[129.8521,32.7323],[129.8522,32.7323],[129.8522,32.7322],[129.8523,32.7322],[129.8523,32.7322],[129.8524,32.7322],[129.8524,32.7323],[129.8524,32.7323],[129.8524,32.7324],[129.8525,32.7324],[129.8525,32.7325],[129.8525,32.7325],[129.8525,32.7327],[129.8524,32.7328],[129.8517,32.7333],[129.8518,32.7335],[129.8519,32.7335],[129.8519,32.7336],[129.852,32.7336],[129.852,32.7337],[129.852,32.7337],[129.852,32.7338],[129.8519,32.7338],[129.8518,32.7338],[129.8519,32.7339],[129.852,32.734],[129.8521,32.734],[129.8523,32.7341],[129.8522,32.7342],[129.8517,32.7342],[129.8516,32.7342],[129.8515,32.7342],[129.8514,32.7343],[129.8514,32.7343],[129.8513,32.7343],[129.8512,32.7344],[129.8512,32.7343],[129.8512,32.7342],[129.8511,32.7342],[129.851,32.7342],[129.8509,32.7341],[129.8509,32.7341],[129.8508,32.7341],[129.8508,32.734],[129.8508,32.734],[129.8509,32.7339],[129.8507,32.7339],[129.8506,32.7341],[129.8504,32.7342],[129.85,32.7337],[129.8496,32.7338],[129.8492,32.734],[129.8494,32.7346],[129.8494,32.7346],[129.8494,32.7347],[129.8494,32.735],[129.8494,32.7351],[129.8493,32.7351],[129.8492,32.7353],[129.849,32.7351],[129.8487,32.7353],[129.849,32.7354],[129.8488,32.7357],[129.8487,32.7359],[129.8486,32.7359],[129.8486,32.7359],[129.8487,32.736],[129.8487,32.7361],[129.8492,32.7363],[129.8491,32.7363],[129.849,32.7364],[129.8489,32.7364],[129.8488,32.7365],[129.8486,32.7365],[129.8486,32.7366],[129.8485,32.7366],[129.8485,32.7367],[129.8484,32.7367],[129.8484,32.7368],[129.8483,32.7368],[129.8482,32.7368],[129.8482,32.7368],[129.8481,32.7368],[129.848,32.7367],[129.8479,32.7367],[129.8478,32.7368],[129.8477,32.7368],[129.8476,32.7368],[129.8475,32.737],[129.8473,32.737],[129.8473,32.737],[129.8472,32.7371],[129.8471,32.7372],[129.847,32.7372],[129.8469,32.7372],[129.8469,32.7372],[129.8468,32.7373],[129.8467,32.7373],[129.8466,32.7373],[129.8465,32.7373],[129.8464,32.7373],[129.8464,32.7373],[129.8463,32.7373],[129.8463,32.7373],[129.8463,32.7373],[129.8462,32.7373],[129.8461,32.7373],[129.8461,32.7373],[129.846,32.7374],[129.8459,32.7376],[129.8458,32.7377],[129.8458,32.7377],[129.8456,32.7378],[129.8455,32.7378],[129.8455,32.7379],[129.8454,32.738],[129.8454,32.7381],[129.8453,32.7381],[129.8454,32.7384],[129.8454,32.7384],[129.8458,32.7386],[129.8458,32.7384],[129.8457,32.7382],[129.8456,32.7381],[129.8456,32.738],[129.8456,32.738],[129.8457,32.7379],[129.8458,32.7378],[129.846,32.7378],[129.8462,32.7377],[129.8463,32.7377],[129.8465,32.7377],[129.8466,32.7377],[129.8467,32.7377],[129.8469,32.7376],[129.8471,32.7375],[129.8472,32.7374],[129.8473,32.7373],[129.8476,32.7372],[129.8478,32.7371],[129.8479,32.7371],[129.8481,32.7371],[129.8482,32.7371],[129.8483,32.7372],[129.8485,32.7372],[129.8484,32.7371],[129.8485,32.7371],[129.8486,32.7371],[129.8487,32.7371],[129.8488,32.7371],[129.8489,32.7371],[129.849,32.7371],[129.849,32.7371],[129.849,32.7371],[129.8491,32.7373],[129.8492,32.7372],[129.8492,32.7372],[129.8492,32.7372],[129.8492,32.7372],[129.8492,32.7371],[129.8492,32.7371],[129.8492,32.7371],[129.8492,32.7371],[129.8492,32.737],[129.8491,32.737],[129.8491,32.737],[129.8491,32.737],[129.8491,32.737],[129.849,32.7369],[129.849,32.7369],[129.849,32.7368],[129.849,32.7368],[129.8491,32.7368],[129.8491,32.7368],[129.8492,32.7368],[129.8493,32.7367],[129.8493,32.7367],[129.8494,32.7368],[129.8494,32.7368],[129.8494,32.7368],[129.8495,32.7368],[129.8496,32.7368],[129.8497,32.7368],[129.8498,32.7367],[129.8498,32.7367],[129.8498,32.7367],[129.8498,32.7367],[129.8498,32.7366],[129.8498,32.7366],[129.8498,32.7366],[129.8499,32.7366],[129.85,32.7365],[129.8501,32.7364],[129.8501,32.7364],[129.8501,32.7363],[129.8501,32.7363],[129.85,32.7362],[129.85,32.7361],[129.8501,32.7361],[129.8501,32.736],[129.8503,32.736],[129.8503,32.7359],[129.8504,32.7359],[129.8505,32.7359],[129.8505,32.736],[129.8505,32.7361],[129.8506,32.7361],[129.8506,32.7361],[129.8507,32.7361],[129.8506,32.7363],[129.8505,32.7364],[129.8505,32.7364],[129.8503,32.7365],[129.8499,32.7368],[129.8498,32.7369],[129.8497,32.7369],[129.8497,32.737],[129.85,32.737],[129.85,32.7373],[129.8501,32.7373],[129.8502,32.7373],[129.8503,32.7373],[129.8504,32.7373],[129.8504,32.7374],[129.8504,32.7374],[129.8504,32.7375],[129.8503,32.7375],[129.8503,32.7376],[129.8503,32.7377],[129.8502,32.7378],[129.8504,32.7378],[129.8504,32.7378],[129.8505,32.7378],[129.8506,32.7378],[129.8506,32.7379],[129.8506,32.738],[129.8506,32.738],[129.8506,32.7381],[129.8506,32.7382],[129.8506,32.7383],[129.8506,32.7385],[129.8507,32.7385],[129.8507,32.7385],[129.8508,32.7385],[129.8508,32.7384],[129.8508,32.7384],[129.8508,32.7383],[129.8508,32.7382],[129.8508,32.7381],[129.8509,32.7381],[129.8511,32.7381],[129.8511,32.7381],[129.8512,32.7381],[129.8512,32.7381],[129.8512,32.7381],[129.8513,32.7382],[129.8513,32.7382],[129.8513,32.7382],[129.8514,32.7382],[129.8517,32.738],[129.8517,32.738],[129.8517,32.7379],[129.8516,32.7377],[129.8514,32.7377],[129.8513,32.7377],[129.8513,32.7377],[129.8512,32.7377],[129.8512,32.7377],[129.8511,32.7376],[129.851,32.7375],[129.851,32.7374],[129.8509,32.7373],[129.8509,32.7372],[129.8508,32.7372],[129.8508,32.7372],[129.8508,32.7372],[129.8507,32.7372],[129.8507,32.7371],[129.8506,32.737],[129.8506,32.7369],[129.8506,32.7369],[129.8507,32.7368],[129.8507,32.7367],[129.8508,32.7367],[129.8508,32.7367],[129.8508,32.7367],[129.851,32.7368],[129.851,32.7369],[129.8511,32.7369],[129.8512,32.737],[129.8513,32.737],[129.8513,32.737],[129.8513,32.737],[129.8513,32.7369],[129.8514,32.7368],[129.8514,32.7367],[129.8514,32.7367],[129.8514,32.7367],[129.8515,32.7367],[129.8516,32.7367],[129.8516,32.7366],[129.8518,32.7367],[129.8517,32.7367],[129.8517,32.7368],[129.8518,32.7369],[129.8518,32.7369],[129.8518,32.7369],[129.8518,32.737],[129.8519,32.737],[129.8519,32.737],[129.8519,32.737],[129.8521,32.7371],[129.8523,32.7373],[129.8524,32.7374],[129.8525,32.7375],[129.8527,32.7378],[129.8528,32.7379],[129.8529,32.7379],[129.853,32.738],[129.853,32.7379],[129.8529,32.7378],[129.8529,32.7377],[129.8529,32.7377],[129.8529,32.7376],[129.8529,32.7376],[129.8529,32.7376],[129.8528,32.7376],[129.8528,32.7376],[129.8527,32.7375],[129.8527,32.7375],[129.8528,32.7374],[129.8528,32.7373],[129.8528,32.7372],[129.8527,32.7372],[129.8528,32.7371],[129.8528,32.7371],[129.8529,32.737],[129.853,32.7371],[129.8531,32.737],[129.8532,32.7369],[129.8532,32.7369],[129.8532,32.7368],[129.8533,32.7367],[129.8532,32.7366],[129.8532,32.7365],[129.8536,32.7365],[129.8536,32.7365],[129.8537,32.7364],[129.8537,32.7364],[129.8538,32.7364],[129.8538,32.7364],[129.8539,32.7365],[129.854,32.7364],[129.8541,32.7364],[129.8541,32.7363],[129.8541,32.7362],[129.8542,32.7364],[129.8543,32.7365],[129.8543,32.7365],[129.8543,32.7366],[129.8543,32.7366],[129.8544,32.7366],[129.8544,32.7367],[129.8544,32.7367],[129.8545,32.7367],[129.8545,32.7368],[129.8546,32.7369],[129.8546,32.7369],[129.8546,32.737],[129.8545,32.7373],[129.8545,32.7375],[129.8544,32.7376],[129.8544,32.7376],[129.8544,32.7377],[129.8544,32.7378],[129.8544,32.7379],[129.8544,32.7379],[129.8543,32.738],[129.8542,32.7381],[129.8541,32.7382],[129.8541,32.7382],[129.854,32.7384],[129.8539,32.7384],[129.8539,32.7385],[129.8539,32.7386],[129.8539,32.7387],[129.8538,32.7387],[129.8537,32.7388],[129.8537,32.7388],[129.8537,32.7389],[129.8538,32.7389],[129.8538,32.739],[129.8538,32.7391],[129.8539,32.7391],[129.8539,32.7391],[129.8538,32.7391],[129.8537,32.7392],[129.8537,32.7392],[129.8537,32.7392],[129.8537,32.7393],[129.8536,32.7393],[129.8536,32.7393],[129.8535,32.7393],[129.8534,32.7394],[129.8533,32.7394],[129.8531,32.7394],[129.8531,32.7395],[129.8531,32.7396],[129.853,32.7396],[129.8531,32.7397],[129.8531,32.7398],[129.8533,32.7398],[129.8535,32.74],[129.8536,32.7401],[129.8537,32.7401],[129.8537,32.7401],[129.8537,32.7402],[129.8537,32.7402],[129.8532,32.7405],[129.8532,32.7405],[129.8532,32.741],[129.8533,32.7411],[129.8534,32.7412],[129.8536,32.7413],[129.8536,32.7414],[129.8537,32.7415],[129.8536,32.7415],[129.8536,32.7415],[129.8536,32.7415],[129.8535,32.7415],[129.8535,32.7416],[129.8533,32.7415],[129.8532,32.7415],[129.8531,32.7415],[129.8528,32.741],[129.8529,32.7409],[129.8529,32.7408],[129.8528,32.7407],[129.8527,32.7406],[129.8526,32.7406],[129.8524,32.7405],[129.8523,32.7406],[129.8519,32.7408],[129.8519,32.7409],[129.8518,32.7409],[129.8518,32.741],[129.8517,32.741],[129.8518,32.7411],[129.8518,32.7412],[129.8517,32.7412],[129.8517,32.7412],[129.8516,32.7412],[129.8515,32.7412],[129.8514,32.7412],[129.8513,32.741],[129.8513,32.7409],[129.8513,32.7409],[129.8508,32.7409],[129.8508,32.7412],[129.8508,32.7413],[129.8508,32.7414],[129.8507,32.7415],[129.8507,32.7415],[129.8506,32.7416],[129.8505,32.7416],[129.8503,32.7415],[129.8503,32.7415],[129.8498,32.7415],[129.8496,32.7415],[129.8493,32.7413],[129.8491,32.7413],[129.849,32.7413],[129.849,32.7413],[129.849,32.7413],[129.849,32.7416],[129.849,32.7417],[129.8487,32.7418],[129.8487,32.7418],[129.8486,32.7419],[129.8486,32.7419],[129.8487,32.7419],[129.849,32.7419],[129.8491,32.7419],[129.8492,32.7419],[129.8493,32.7419],[129.8494,32.7419],[129.8495,32.742],[129.8497,32.7421],[129.8499,32.7418],[129.8501,32.7419],[129.8501,32.7419],[129.8502,32.7419],[129.8504,32.742],[129.8506,32.742],[129.8506,32.7421],[129.8507,32.7421],[129.8507,32.7422],[129.8507,32.7422],[129.8507,32.7422],[129.8506,32.7423],[129.8505,32.7423],[129.8504,32.7423],[129.8503,32.7424],[129.8502,32.7425],[129.8502,32.7425],[129.85,32.7425],[129.8498,32.7425],[129.8497,32.7425],[129.8496,32.7425],[129.8495,32.7425],[129.8495,32.7425],[129.8494,32.7425],[129.8492,32.7426],[129.849,32.7426],[129.8489,32.7426],[129.8488,32.7426],[129.8486,32.7427],[129.8482,32.7428],[129.8481,32.7429],[129.8479,32.7429],[129.8478,32.743],[129.8477,32.7431],[129.8477,32.7431],[129.8476,32.7431],[129.8475,32.7432],[129.8474,32.7432],[129.8474,32.7432],[129.8473,32.7432],[129.8472,32.7431],[129.8472,32.7431],[129.847,32.7429],[129.8469,32.7427],[129.8468,32.7427],[129.8468,32.7427],[129.8467,32.7427],[129.8467,32.7427],[129.8467,32.7428],[129.8466,32.743],[129.8466,32.7431],[129.8466,32.7432],[129.8465,32.7433],[129.8464,32.7434],[129.8463,32.7435],[129.8462,32.7436],[129.8462,32.7436],[129.8462,32.7436],[129.8461,32.7435],[129.846,32.7435],[129.8459,32.7435],[129.8459,32.7434],[129.8459,32.7435],[129.8459,32.7435],[129.8459,32.7435],[129.8458,32.7436],[129.8458,32.7437],[129.8457,32.7438],[129.8456,32.7438],[129.8455,32.7439],[129.8454,32.7439],[129.8453,32.7439],[129.8452,32.7439],[129.8451,32.7439],[129.8449,32.7438],[129.8446,32.7437],[129.8445,32.7437],[129.8445,32.7438],[129.8444,32.7438],[129.8444,32.7439],[129.8442,32.744],[129.8441,32.744],[129.8441,32.7439],[129.844,32.7439],[129.8439,32.744],[129.8438,32.7441],[129.8439,32.7441],[129.8439,32.7442],[129.8439,32.7442],[129.8441,32.7443],[129.8443,32.7444],[129.8444,32.7446],[129.8445,32.7446],[129.8445,32.7447],[129.8447,32.7448],[129.8448,32.7449],[129.8449,32.7449],[129.845,32.7449],[129.8451,32.7449],[129.8451,32.7449],[129.8452,32.7448],[129.8453,32.7449],[129.8454,32.7451],[129.8455,32.7451],[129.8456,32.7453],[129.8457,32.7454],[129.8457,32.7456],[129.8457,32.7457],[129.8456,32.7458],[129.8456,32.7459],[129.8456,32.746],[129.8456,32.7461],[129.8456,32.7462],[129.8456,32.7462],[129.8457,32.7462],[129.8458,32.7463],[129.8458,32.7463],[129.8458,32.7463],[129.8458,32.7462],[129.8458,32.7462],[129.8459,32.7462],[129.8459,32.7462],[129.846,32.746],[129.8462,32.746],[129.8464,32.746],[129.8465,32.746],[129.8467,32.7459],[129.8468,32.7459],[129.8469,32.7459],[129.847,32.7458],[129.847,32.7459],[129.8471,32.7459],[129.8471,32.746],[129.8471,32.7461],[129.8471,32.7462],[129.8472,32.7462],[129.8473,32.7462],[129.8474,32.7461],[129.8477,32.7457],[129.8477,32.7457],[129.8478,32.7456],[129.8479,32.7456],[129.8479,32.7455],[129.8479,32.7456],[129.8479,32.7457],[129.8478,32.7458],[129.8478,32.7459],[129.8478,32.746],[129.8478,32.7461],[129.8478,32.7461],[129.8476,32.7463],[129.8477,32.7466],[129.8478,32.7466],[129.8481,32.7466],[129.8481,32.7466],[129.8481,32.7466],[129.8487,32.747],[129.8489,32.7472],[129.849,32.7472],[129.8491,32.7472],[129.849,32.7473],[129.849,32.7474],[129.849,32.7474],[129.849,32.7475],[129.849,32.7476],[129.8489,32.7476],[129.8489,32.7476],[129.8489,32.7478],[129.849,32.7478],[129.8491,32.7477],[129.8491,32.7477],[129.8492,32.7477],[129.8493,32.7476],[129.8492,32.7475],[129.8493,32.7474],[129.8493,32.7473],[129.8493,32.7473],[129.8498,32.7469],[129.8499,32.7469],[129.8501,32.7468],[129.8502,32.7467],[129.8503,32.7467],[129.8504,32.7467],[129.8505,32.7465],[129.8505,32.7465],[129.8505,32.7464],[129.8506,32.7464],[129.8506,32.7463],[129.8507,32.7464],[129.8507,32.7464],[129.8508,32.7464],[129.8509,32.7465],[129.8509,32.7465],[129.851,32.7466],[129.8511,32.7466],[129.8511,32.7466],[129.851,32.7465],[129.851,32.7465],[129.8511,32.7464],[129.8511,32.7464],[129.8511,32.7463],[129.8511,32.7461],[129.8511,32.746],[129.8511,32.7459],[129.8511,32.7458],[129.8511,32.7457],[129.851,32.7456],[129.8509,32.7456],[129.8508,32.7455],[129.8508,32.7455],[129.8508,32.7454],[129.8509,32.7454],[129.8509,32.7454],[129.851,32.7454],[129.851,32.7453],[129.8511,32.7453],[129.8511,32.7453],[129.8512,32.7452],[129.8512,32.7451],[129.8513,32.7451],[129.8513,32.7451],[129.8514,32.7451],[129.8515,32.7451],[129.8515,32.7451],[129.8516,32.7451],[129.8516,32.745],[129.8516,32.745],[129.8517,32.7449],[129.8517,32.7448],[129.8518,32.7448],[129.8519,32.7447],[129.8519,32.7446],[129.852,32.7445],[129.852,32.7444],[129.8521,32.7445],[129.8522,32.7446],[129.8522,32.7448],[129.8522,32.7448],[129.8523,32.745],[129.8524,32.7451],[129.8524,32.7452],[129.8525,32.7452],[129.8525,32.7452],[129.8525,32.7451],[129.8525,32.7451],[129.8525,32.745],[129.8526,32.7449],[129.8527,32.7449],[129.8527,32.7448],[129.8528,32.7447],[129.8528,32.7447],[129.8529,32.7446],[129.853,32.7446],[129.8531,32.7446],[129.8532,32.7446],[129.8532,32.7445],[129.8531,32.7444],[129.8531,32.7444],[129.853,32.7443],[129.8535,32.7441],[129.8537,32.7444],[129.8542,32.7442],[129.8542,32.7442],[129.8542,32.7443],[129.8542,32.7444],[129.8543,32.7445],[129.8545,32.7446],[129.8546,32.7445],[129.8547,32.7444],[129.8548,32.7444],[129.8549,32.7444],[129.855,32.7445],[129.855,32.7445],[129.855,32.7446],[129.8551,32.7447],[129.8551,32.7447],[129.8551,32.7448],[129.8551,32.7449],[129.8551,32.7451],[129.8552,32.7451],[129.8553,32.7451],[129.8553,32.7451],[129.8554,32.7451],[129.8554,32.7452],[129.8554,32.7452],[129.8554,32.7453],[129.8552,32.7455],[129.8551,32.7455],[129.8551,32.7456],[129.8549,32.7456],[129.8548,32.7457],[129.8548,32.7457],[129.8547,32.7457],[129.8545,32.7456],[129.8544,32.7456],[129.8544,32.7456],[129.8543,32.7456],[129.8542,32.7455],[129.8541,32.7455],[129.854,32.7455],[129.8539,32.7455],[129.8538,32.7456],[129.8537,32.7457],[129.8536,32.7458],[129.8536,32.7459],[129.8536,32.7459],[129.8536,32.746],[129.8535,32.746],[129.8535,32.746],[129.8534,32.746],[129.8534,32.7461],[129.8533,32.7461],[129.8533,32.7462],[129.8532,32.7462],[129.8532,32.7462],[129.8532,32.7463],[129.8531,32.7463],[129.8531,32.7463],[129.8531,32.7463],[129.853,32.7464],[129.8529,32.7464],[129.8529,32.7464],[129.8529,32.7465],[129.8528,32.7465],[129.8528,32.7465],[129.8528,32.7466],[129.8527,32.7466],[129.8527,32.7466],[129.8527,32.7466],[129.8526,32.7466],[129.8526,32.7467],[129.8526,32.7467],[129.8526,32.7468],[129.8525,32.7468],[129.8525,32.7468],[129.8524,32.7469],[129.8524,32.7469],[129.8524,32.7469],[129.8523,32.7469],[129.8523,32.747],[129.8523,32.747],[129.8522,32.7471],[129.8522,32.7472],[129.8522,32.7472],[129.8522,32.7472],[129.852,32.7474],[129.8518,32.7475],[129.8517,32.7474],[129.8516,32.7474],[129.8514,32.7474],[129.8513,32.7475],[129.8512,32.7475],[129.8511,32.7477],[129.8513,32.7478],[129.8511,32.7478],[129.8512,32.7481],[129.8511,32.7481],[129.8511,32.748],[129.8508,32.7483],[129.8508,32.7484],[129.8508,32.7491],[129.8508,32.7491],[129.8508,32.7492],[129.851,32.7492],[129.8511,32.7491],[129.8511,32.7488],[129.8511,32.7488],[129.8513,32.7489],[129.8514,32.7489],[129.8515,32.7488],[129.8515,32.7486],[129.8515,32.7486],[129.8515,32.7486],[129.8514,32.7486],[129.8514,32.7482],[129.8514,32.7478],[129.8516,32.748],[129.8517,32.748],[129.852,32.748],[129.8521,32.7489],[129.8522,32.7488],[129.8525,32.7487],[129.8525,32.7487],[129.8528,32.7489],[129.8531,32.7488],[129.8533,32.7488],[129.8535,32.7488],[129.8538,32.7489],[129.8543,32.749],[129.8545,32.749],[129.8547,32.749],[129.8548,32.749],[129.8547,32.749],[129.8546,32.7489],[129.8546,32.7489],[129.8546,32.7489],[129.8548,32.7488],[129.8547,32.7487],[129.8546,32.7487],[129.8546,32.7486],[129.8546,32.7486],[129.8546,32.7485],[129.8547,32.7484],[129.8546,32.7484],[129.8547,32.7483],[129.8547,32.7483],[129.8548,32.7482],[129.8548,32.7482],[129.8548,32.7481],[129.8548,32.7481],[129.855,32.7481],[129.855,32.748],[129.8551,32.7482],[129.8552,32.7482],[129.8553,32.7484],[129.8553,32.7484],[129.8554,32.7484],[129.8554,32.7484],[129.8555,32.7485],[129.8556,32.7484],[129.8556,32.7484],[129.8556,32.7484],[129.8557,32.7485],[129.8557,32.7486],[129.8556,32.7487],[129.8556,32.7487],[129.8556,32.7488],[129.8556,32.7488],[129.8556,32.7489],[129.8557,32.7489],[129.8556,32.749],[129.8556,32.7491],[129.8554,32.7494],[129.8556,32.7494],[129.8557,32.7495],[129.8558,32.7496],[129.8558,32.7496],[129.8558,32.7496],[129.8558,32.7497],[129.8557,32.7498],[129.8557,32.7498],[129.8558,32.7498],[129.8558,32.7498],[129.856,32.7499],[129.856,32.7499],[129.856,32.7499],[129.8561,32.7499],[129.8561,32.7499],[129.8561,32.7499],[129.8562,32.7499],[129.8562,32.7499],[129.8562,32.7499],[129.8563,32.7499],[129.8563,32.7499],[129.8563,32.7499],[129.8563,32.7499],[129.8564,32.7499],[129.8564,32.7499],[129.8565,32.7499],[129.8565,32.7498],[129.8565,32.7498],[129.8565,32.7498],[129.8566,32.7498],[129.8567,32.7498],[129.8566,32.7499],[129.8565,32.75],[129.8564,32.7501],[129.8563,32.7502],[129.8561,32.7503],[129.8561,32.7503],[129.8561,32.7504],[129.856,32.7504],[129.856,32.7504],[129.8559,32.7503],[129.8559,32.7503],[129.8558,32.7503],[129.8558,32.7503],[129.8558,32.7503],[129.8558,32.7503],[129.8557,32.7503],[129.8555,32.7503],[129.8552,32.7503],[129.8552,32.7503],[129.8552,32.7503],[129.8551,32.7502],[129.855,32.7502],[129.855,32.7502],[129.8549,32.7502],[129.8549,32.7502],[129.8549,32.7501],[129.8548,32.75],[129.8547,32.75],[129.8547,32.75],[129.8547,32.75],[129.8547,32.7499],[129.8547,32.7498],[129.8546,32.7498],[129.8545,32.7498],[129.8544,32.7498],[129.8544,32.7498],[129.8544,32.7499],[129.8543,32.7499],[129.8543,32.75],[129.8543,32.75],[129.8543,32.75],[129.8542,32.75],[129.8542,32.75],[129.8541,32.75],[129.854,32.75],[129.8539,32.7501],[129.8539,32.7501],[129.8539,32.7501],[129.8539,32.7501],[129.8539,32.7502],[129.854,32.7502],[129.8541,32.7503],[129.8541,32.7503],[129.8541,32.7504],[129.8541,32.7504],[129.854,32.7504],[129.854,32.7504],[129.854,32.7504],[129.8539,32.7504],[129.8539,32.7505],[129.8539,32.7506],[129.8539,32.7506],[129.8538,32.7506],[129.8538,32.7506],[129.8537,32.7507],[129.8537,32.7507],[129.8537,32.7507],[129.8537,32.7507],[129.8537,32.7508],[129.8537,32.7508],[129.8538,32.7509],[129.8539,32.7509],[129.8539,32.7509],[129.854,32.7508],[129.8541,32.7509],[129.8541,32.7509],[129.8541,32.751],[129.8543,32.7512],[129.8543,32.7515],[129.8544,32.7515],[129.8544,32.7516],[129.8544,32.7516],[129.8544,32.7516],[129.8544,32.7517],[129.8544,32.7517],[129.8544,32.7517],[129.8543,32.7518],[129.8543,32.7518],[129.8543,32.7518],[129.8543,32.7519],[129.8539,32.7521],[129.8542,32.7525],[129.8543,32.7526],[129.8542,32.7526],[129.8542,32.7527],[129.8542,32.7527],[129.8542,32.7527],[129.8541,32.7527],[129.8541,32.7527],[129.854,32.753],[129.854,32.7531],[129.854,32.7531],[129.854,32.7531],[129.8539,32.7531],[129.8539,32.7532],[129.8539,32.7532],[129.8538,32.7531],[129.8538,32.7531],[129.8537,32.7531],[129.8537,32.7532],[129.8533,32.7531],[129.8533,32.7531],[129.8533,32.7531],[129.8532,32.7534],[129.8532,32.7534],[129.8532,32.7534],[129.8532,32.7535],[129.8533,32.7536],[129.8534,32.7536],[129.8534,32.7537],[129.8532,32.7538],[129.853,32.7539],[129.8529,32.754],[129.8528,32.7541],[129.8528,32.7542],[129.8528,32.7543],[129.8527,32.7547],[129.8528,32.7547],[129.8528,32.7549],[129.8527,32.755],[129.8527,32.7552],[129.8527,32.7552],[129.8529,32.7553],[129.853,32.7554],[129.8532,32.7555],[129.8534,32.7553],[129.8535,32.7553],[129.8537,32.7553],[129.8537,32.7553],[129.8537,32.7552],[129.854,32.7551],[129.8541,32.7551],[129.8542,32.7552],[129.8543,32.7551],[129.8544,32.7552],[129.8546,32.7552],[129.8547,32.7552],[129.8548,32.7552],[129.8549,32.7552],[129.8551,32.7552],[129.8553,32.7553],[129.8553,32.7554],[129.8553,32.7555],[129.8553,32.7555],[129.8553,32.7556],[129.8553,32.7556],[129.8553,32.7557],[129.8551,32.7557],[129.855,32.7558],[129.855,32.7559],[129.8549,32.756],[129.8548,32.756],[129.8552,32.7563],[129.8556,32.7562],[129.8556,32.7559],[129.8562,32.7557],[129.8567,32.7559],[129.8572,32.7561],[129.8572,32.7562],[129.8571,32.7563],[129.857,32.7563],[129.8568,32.7564],[129.8566,32.7565],[129.8565,32.7565],[129.8564,32.7565],[129.856,32.7566],[129.8558,32.7566],[129.8556,32.7566],[129.8555,32.7566],[129.8554,32.7567],[129.8553,32.7565],[129.8549,32.7566],[129.8548,32.7568],[129.8547,32.7568],[129.8545,32.7569],[129.8545,32.7569],[129.8544,32.757],[129.8544,32.7571],[129.8543,32.7571],[129.8543,32.7572],[129.8542,32.7572],[129.8541,32.7572],[129.854,32.7572],[129.8539,32.7573],[129.8536,32.7568],[129.8531,32.7566],[129.853,32.7566],[129.853,32.7566],[129.853,32.7567],[129.853,32.7568],[129.853,32.7568],[129.8529,32.7569],[129.8528,32.7569],[129.8528,32.7569],[129.8525,32.7572],[129.8526,32.7572],[129.8527,32.7572],[129.8528,32.7572],[129.8528,32.7573],[129.8529,32.7573],[129.853,32.7574],[129.853,32.7574],[129.8531,32.7575],[129.8533,32.7576],[129.8535,32.7576],[129.8537,32.7575],[129.8539,32.7575],[129.8539,32.7577],[129.854,32.7578],[129.8543,32.7578],[129.8544,32.7577],[129.8545,32.7577],[129.8546,32.7576],[129.8551,32.7577],[129.8552,32.7577],[129.8553,32.7577],[129.8557,32.7578],[129.8558,32.7579],[129.8558,32.7579],[129.8559,32.7579],[129.8559,32.7579],[129.8559,32.758],[129.8561,32.7579],[129.8561,32.7579],[129.8562,32.7579],[129.8562,32.7578],[129.8563,32.7578],[129.8565,32.7579],[129.8568,32.7578],[129.8568,32.7575],[129.857,32.7574],[129.8577,32.7573],[129.8581,32.7573],[129.8583,32.7571],[129.8584,32.7572],[129.8585,32.7572],[129.8586,32.7573],[129.8587,32.7574],[129.8588,32.7574],[129.8588,32.7574],[129.859,32.7574],[129.8591,32.7575],[129.8592,32.7575],[129.8593,32.7576],[129.8594,32.7578],[129.8596,32.7579],[129.8592,32.7585],[129.8589,32.7587],[129.8589,32.7589],[129.8587,32.7594],[129.8585,32.7593],[129.8584,32.7592],[129.8582,32.7591],[129.8581,32.7591],[129.8581,32.7592],[129.858,32.7592],[129.858,32.7593],[129.858,32.7594],[129.858,32.7595],[129.858,32.7595],[129.8579,32.7595],[129.8578,32.7594],[129.8577,32.7594],[129.8576,32.7594],[129.8576,32.7595],[129.8575,32.7595],[129.8574,32.7596],[129.8573,32.7596],[129.8572,32.7596],[129.8572,32.7597],[129.8571,32.7597],[129.857,32.7596],[129.8569,32.7595],[129.8568,32.7595],[129.8568,32.7595],[129.8567,32.7595],[129.8567,32.7595],[129.8566,32.7595],[129.8565,32.7595],[129.8564,32.7595],[129.8564,32.7594],[129.8564,32.7593],[129.8563,32.7592],[129.8562,32.7592],[129.8561,32.7592],[129.856,32.7591],[129.8559,32.7591],[129.8559,32.7591],[129.8559,32.759],[129.8559,32.759],[129.8559,32.759],[129.8559,32.759],[129.8559,32.759],[129.8557,32.759],[129.8557,32.759],[129.8557,32.759],[129.8557,32.7589],[129.8556,32.7589],[129.8555,32.759],[129.8554,32.7589],[129.8553,32.759],[129.8552,32.759],[129.8551,32.759],[129.8549,32.759],[129.8549,32.759],[129.8548,32.759],[129.8547,32.759],[129.8546,32.759],[129.8545,32.7589],[129.8544,32.7589],[129.8542,32.7592],[129.8542,32.7594],[129.8541,32.7594],[129.854,32.7595],[129.8542,32.7595],[129.8543,32.7596],[129.8544,32.7597],[129.8546,32.7597],[129.8546,32.7597],[129.8547,32.7597],[129.8548,32.7597],[129.8549,32.7596],[129.855,32.7596],[129.8554,32.7596],[129.8555,32.7596],[129.8556,32.7597],[129.8557,32.7597],[129.8558,32.7598],[129.8559,32.7598],[129.8559,32.7599],[129.8559,32.7599],[129.8559,32.7601],[129.8558,32.7601],[129.8559,32.7602],[129.8558,32.7603],[129.8558,32.7604],[129.8557,32.7604],[129.8557,32.7605],[129.8556,32.7606],[129.8557,32.7605],[129.8559,32.7606],[129.856,32.7606],[129.8561,32.7606],[129.8562,32.7605],[129.8558,32.7608],[129.856,32.7609],[129.8561,32.761],[129.8562,32.761],[129.8563,32.761],[129.8565,32.761],[129.8566,32.761],[129.8567,32.7609],[129.8569,32.7609],[129.857,32.7609],[129.8571,32.7609],[129.8572,32.7609],[129.8574,32.7609],[129.8575,32.7609],[129.8579,32.761],[129.8584,32.7611],[129.8585,32.7611],[129.8587,32.761],[129.8588,32.761],[129.859,32.7609],[129.8592,32.7609],[129.8593,32.7609],[129.8594,32.7609],[129.8594,32.761],[129.8594,32.7613],[129.8591,32.7613],[129.859,32.7613],[129.8589,32.7613],[129.8588,32.7614],[129.8586,32.7615],[129.8584,32.7615],[129.8583,32.7615],[129.8582,32.7614],[129.8581,32.7614],[129.8579,32.7614],[129.8577,32.7614],[129.8576,32.7615],[129.8574,32.7616],[129.8572,32.7618],[129.8573,32.7618],[129.8578,32.7622],[129.8576,32.7622],[129.8574,32.7622],[129.8572,32.7622],[129.8571,32.7622],[129.857,32.7622],[129.8569,32.7622],[129.8569,32.7623],[129.8568,32.7623],[129.8568,32.7624],[129.8567,32.7624],[129.8567,32.7626],[129.8567,32.7627],[129.8567,32.7628],[129.8567,32.7629],[129.8568,32.7629],[129.8569,32.7629],[129.8571,32.763],[129.8572,32.763],[129.8572,32.7631],[129.8569,32.7637],[129.8569,32.7637],[129.8581,32.7644],[129.8581,32.7646],[129.8581,32.7646],[129.858,32.7646],[129.858,32.7647],[129.8579,32.7647],[129.8578,32.7648],[129.8578,32.7647],[129.8577,32.7647],[129.8576,32.7645],[129.8575,32.7644],[129.8574,32.7643],[129.8573,32.7643],[129.8572,32.7643],[129.8572,32.7642],[129.8571,32.7641],[129.857,32.764],[129.8569,32.764],[129.8569,32.7639],[129.8569,32.7639],[129.8569,32.7638],[129.8567,32.7639],[129.8567,32.7639],[129.8566,32.7638],[129.8564,32.7637],[129.8563,32.7637],[129.8563,32.7636],[129.8559,32.7634],[129.8558,32.7634],[129.8557,32.7633],[129.8557,32.7633],[129.8556,32.7632],[129.8555,32.7631],[129.8555,32.7631],[129.8554,32.7631],[129.8553,32.763],[129.8552,32.7629],[129.8551,32.7628],[129.8549,32.7628],[129.8548,32.7627],[129.8544,32.7625],[129.8544,32.7625],[129.8544,32.7628],[129.8547,32.7629],[129.8547,32.763],[129.855,32.7632],[129.8551,32.7633],[129.8551,32.7633],[129.8551,32.7633],[129.8552,32.7633],[129.8553,32.7633],[129.8554,32.7634],[129.8555,32.7635],[129.8556,32.7636],[129.856,32.7639],[129.856,32.7639],[129.8561,32.7642],[129.8561,32.7643],[129.8562,32.7644],[129.8562,32.7644],[129.8562,32.7645],[129.8563,32.7646],[129.8563,32.7646],[129.8563,32.7646],[129.8563,32.7647],[129.8563,32.7647],[129.8563,32.7647],[129.8563,32.7649],[129.8563,32.7649],[129.8563,32.765],[129.8563,32.7651],[129.8561,32.7652],[129.8559,32.7654],[129.8558,32.7655],[129.856,32.7657],[129.856,32.7657],[129.8555,32.7663],[129.8555,32.7663],[129.8554,32.7663],[129.8554,32.7664],[129.8554,32.7666],[129.8554,32.7667],[129.8554,32.7669],[129.8553,32.7671],[129.8553,32.7672],[129.8552,32.7672],[129.855,32.7673],[129.8549,32.7673],[129.8547,32.7673],[129.8544,32.7673],[129.8543,32.7672],[129.854,32.7671],[129.8538,32.7671],[129.8536,32.7672],[129.8534,32.7673],[129.8533,32.7674],[129.8532,32.7675],[129.8532,32.7675],[129.8532,32.7675],[129.8532,32.7676],[129.8531,32.7677],[129.8531,32.7679],[129.8532,32.7682],[129.8531,32.7684],[129.8534,32.769],[129.8533,32.769],[129.853,32.7691],[129.853,32.7691],[129.8529,32.7691],[129.8528,32.7692],[129.8526,32.7692],[129.8526,32.7692],[129.8525,32.7692],[129.8523,32.7693],[129.852,32.7694],[129.8518,32.7694],[129.8518,32.7693],[129.8517,32.7692],[129.8516,32.769],[129.8516,32.769],[129.8514,32.769],[129.8511,32.769],[129.851,32.7689],[129.8508,32.7687],[129.8506,32.7686],[129.8504,32.7685],[129.8504,32.7685],[129.8502,32.7685],[129.8495,32.7684],[129.8493,32.7684],[129.8491,32.7683],[129.8485,32.7683],[129.8485,32.7682],[129.8482,32.7682],[129.8473,32.7681],[129.8471,32.7681],[129.8469,32.768],[129.8467,32.768],[129.8464,32.7679],[129.8462,32.7678],[129.8461,32.7677],[129.8459,32.7676],[129.8458,32.7675],[129.8457,32.7676],[129.8456,32.7678],[129.8455,32.7678],[129.8454,32.7678],[129.8454,32.7678],[129.8453,32.7679],[129.8453,32.7681],[129.8454,32.7683],[129.8454,32.7685],[129.8454,32.7686],[129.8453,32.7687],[129.8453,32.7687],[129.845,32.7688],[129.8449,32.7688],[129.8449,32.7688],[129.8449,32.769],[129.8451,32.7692],[129.8451,32.7693],[129.845,32.7696],[129.845,32.7697],[129.8451,32.7699],[129.8452,32.7699],[129.8455,32.7701],[129.8457,32.7702],[129.8455,32.7707],[129.8451,32.7705],[129.845,32.7705],[129.8447,32.7705],[129.8446,32.7703],[129.8446,32.7703],[129.8446,32.7702],[129.8445,32.77],[129.8443,32.77],[129.8443,32.77],[129.8442,32.77],[129.8442,32.7701],[129.8442,32.7701],[129.8441,32.7701],[129.8439,32.7701],[129.8439,32.77],[129.8436,32.7699],[129.8434,32.7696],[129.8433,32.7695],[129.8434,32.769],[129.8435,32.7685],[129.8435,32.7683],[129.8434,32.7682],[129.8433,32.7682],[129.843,32.7682],[129.8423,32.7681],[129.8422,32.7681],[129.842,32.7681],[129.8419,32.7681],[129.8418,32.7681],[129.8417,32.7681],[129.8416,32.7682],[129.8414,32.7683],[129.8409,32.7686],[129.8408,32.7687],[129.8408,32.7687],[129.8407,32.7688],[129.8406,32.7689],[129.8406,32.7691],[129.8406,32.7691],[129.8399,32.769],[129.8397,32.769],[129.8395,32.769],[129.8394,32.769],[129.8392,32.7691],[129.839,32.7693],[129.8389,32.7694],[129.8389,32.7695],[129.8388,32.7697],[129.8385,32.7697],[129.8381,32.7698],[129.8379,32.7706],[129.8378,32.7706],[129.8377,32.7707],[129.8376,32.7709],[129.8374,32.7709],[129.8373,32.771],[129.8372,32.7711],[129.8372,32.7712],[129.8372,32.7712],[129.8371,32.7713],[129.837,32.7714],[129.837,32.7714],[129.837,32.7716],[129.837,32.7718],[129.837,32.772],[129.8371,32.7721],[129.8372,32.7722],[129.8372,32.7722],[129.8374,32.7723],[129.8376,32.7722],[129.838,32.7725],[129.8382,32.7727],[129.8384,32.7727],[129.8383,32.7729],[129.8383,32.7733],[129.8383,32.7738],[129.8383,32.7739],[129.8383,32.774],[129.8383,32.7741],[129.8384,32.7742],[129.8387,32.7745],[129.8393,32.7751],[129.8394,32.7751],[129.8397,32.7754],[129.8398,32.7756],[129.8399,32.7757],[129.8399,32.7758],[129.8402,32.7758],[129.8403,32.7756],[129.8405,32.7754],[129.8402,32.7751],[129.84,32.7748],[129.8402,32.7748],[129.8408,32.7749],[129.841,32.7749],[129.8411,32.7749],[129.8412,32.7748],[129.8412,32.7748],[129.8412,32.7746],[129.8412,32.7746],[129.8411,32.7745],[129.841,32.7744],[129.841,32.7744],[129.8409,32.7743],[129.8407,32.7738],[129.8406,32.7736],[129.8406,32.7735],[129.8407,32.7732],[129.8407,32.7731],[129.8408,32.7731],[129.8408,32.7731],[129.8408,32.7731],[129.8407,32.773],[129.8405,32.7729],[129.8404,32.7729],[129.8403,32.7729],[129.8403,32.7729],[129.8403,32.7729],[129.8399,32.773],[129.8398,32.7729],[129.8397,32.7727],[129.8397,32.7724],[129.8398,32.772],[129.8398,32.7719],[129.8399,32.7718],[129.8399,32.7718],[129.8401,32.7718],[129.8402,32.7718],[129.8405,32.7721],[129.8405,32.7726],[129.8407,32.7727],[129.8407,32.7726],[129.8408,32.7726],[129.841,32.7727],[129.8412,32.7728],[129.8414,32.7729],[129.8414,32.7729],[129.8416,32.773],[129.8417,32.773],[129.8416,32.7733],[129.841,32.7736],[129.841,32.7736],[129.841,32.7736],[129.8413,32.7739],[129.8415,32.774],[129.8416,32.7741],[129.8418,32.774],[129.8421,32.7739],[129.8425,32.774],[129.8425,32.7741],[129.8427,32.7744],[129.8429,32.7747],[129.843,32.7748],[129.843,32.7749],[129.8429,32.775],[129.8428,32.775],[129.8427,32.775],[129.8427,32.775],[129.8426,32.7752],[129.8426,32.7752],[129.8425,32.7753],[129.8423,32.7753],[129.8423,32.7752],[129.8423,32.7752],[129.8421,32.7752],[129.8421,32.7752],[129.8421,32.7752],[129.8421,32.7753],[129.8421,32.7754],[129.8423,32.7755],[129.8427,32.7757],[129.8432,32.776],[129.8433,32.776],[129.8434,32.7761],[129.8436,32.776],[129.8437,32.776],[129.8438,32.7759],[129.8438,32.7757],[129.8438,32.7755],[129.8439,32.7753],[129.844,32.7752],[129.844,32.7752],[129.8441,32.7751],[129.8442,32.775],[129.8443,32.775],[129.8445,32.775],[129.8446,32.775],[129.8446,32.7749],[129.8446,32.7747],[129.8445,32.7744],[129.845,32.7742],[129.8451,32.7743],[129.8451,32.7743],[129.8451,32.7743],[129.8455,32.7742],[129.8455,32.7742],[129.8455,32.7742],[129.8456,32.7743],[129.8456,32.7743],[129.8456,32.7748],[129.8458,32.7748],[129.8458,32.7747],[129.8457,32.774],[129.8457,32.7738],[129.8458,32.7737],[129.8459,32.7737],[129.846,32.7742],[129.846,32.7743],[129.8464,32.7741],[129.8466,32.7741],[129.8465,32.7738],[129.8467,32.7738],[129.8468,32.7737],[129.8468,32.7737],[129.8469,32.7736],[129.8471,32.7735],[129.8473,32.7734],[129.8473,32.7734],[129.8473,32.7734],[129.8473,32.7733],[129.8474,32.7733],[129.848,32.7731],[129.8481,32.773],[129.8481,32.773],[129.8482,32.773],[129.8483,32.7731],[129.8485,32.7732],[129.8486,32.7732],[129.8487,32.7732],[129.8489,32.7733],[129.849,32.7732],[129.849,32.7733],[129.8485,32.7734],[129.8479,32.7736],[129.8477,32.7738],[129.8478,32.7738],[129.8479,32.7739],[129.8479,32.774],[129.8479,32.774],[129.8479,32.7741],[129.848,32.7741],[129.8479,32.7742],[129.8479,32.7743],[129.848,32.7744],[129.848,32.7745],[129.8479,32.7745],[129.8479,32.7746],[129.8478,32.7746],[129.8477,32.7746],[129.8477,32.7748],[129.8476,32.775],[129.8476,32.775],[129.8474,32.7751],[129.8473,32.7751],[129.8472,32.7751],[129.8471,32.7752],[129.8471,32.7753],[129.8471,32.7754],[129.8472,32.7754],[129.8474,32.7753],[129.8478,32.7752],[129.848,32.7752],[129.8481,32.7752],[129.8481,32.7755],[129.8481,32.7755],[129.8481,32.7757],[129.8477,32.776],[129.8477,32.7762],[129.8482,32.7762],[129.8483,32.7765],[129.8483,32.7765],[129.8482,32.7766],[129.8481,32.7766],[129.848,32.7766],[129.8479,32.7766],[129.8478,32.7766],[129.8477,32.7767],[129.8476,32.7768],[129.848,32.7773],[129.848,32.7773],[129.848,32.7773],[129.8478,32.7775],[129.8475,32.7775],[129.8475,32.778],[129.8475,32.7783],[129.8476,32.7783],[129.8476,32.7782],[129.8478,32.7782],[129.8479,32.7782],[129.8479,32.7782],[129.848,32.7782],[129.8481,32.7783],[129.8482,32.7783],[129.8483,32.7782],[129.8486,32.7785],[129.8485,32.7786],[129.8485,32.7786],[129.8485,32.7787],[129.8486,32.7787],[129.8487,32.7788],[129.8492,32.7789],[129.8492,32.7789],[129.8493,32.7789],[129.8493,32.779],[129.8494,32.7791],[129.8494,32.7792],[129.8494,32.7792],[129.8493,32.7794],[129.8493,32.7794],[129.8493,32.7796],[129.8493,32.7797],[129.8494,32.78],[129.8495,32.78],[129.8495,32.7801],[129.8495,32.7801],[129.8495,32.7802],[129.8495,32.7802],[129.8492,32.7803],[129.8488,32.7804],[129.8484,32.7803],[129.8481,32.7803],[129.8459,32.7802],[129.8456,32.7802],[129.8455,32.7802],[129.8454,32.7803],[129.8454,32.7803],[129.8454,32.7803],[129.8457,32.7807],[129.8458,32.7809],[129.8458,32.781],[129.8459,32.7808],[129.846,32.7809],[129.846,32.7812],[129.846,32.7813],[129.846,32.7814],[129.8462,32.7815],[129.8464,32.781],[129.8474,32.7815],[129.8476,32.7813],[129.8479,32.7815],[129.8479,32.7815],[129.8479,32.7816],[129.8479,32.7816],[129.8479,32.7816],[129.8478,32.7817],[129.8476,32.7818],[129.8476,32.7818],[129.8476,32.7819],[129.8477,32.7819],[129.8477,32.782],[129.8478,32.782],[129.8477,32.7821],[129.8476,32.7822],[129.8475,32.7822],[129.8474,32.7823],[129.8473,32.7823],[129.8472,32.7823],[129.8471,32.7824],[129.8471,32.7824],[129.847,32.7825],[129.8469,32.7826],[129.8468,32.7827],[129.8468,32.7827],[129.8469,32.7827],[129.8469,32.7827],[129.8469,32.7828],[129.8469,32.7828],[129.8469,32.7828],[129.8469,32.7829],[129.8466,32.7833],[129.8466,32.7833],[129.8467,32.7834],[129.8467,32.7834],[129.8468,32.7834],[129.8468,32.7834],[129.8469,32.7834],[129.847,32.7834],[129.847,32.7834],[129.847,32.7834],[129.847,32.7833],[129.847,32.7833],[129.8469,32.7832],[129.8469,32.7832],[129.8469,32.7831],[129.847,32.783],[129.8471,32.783],[129.8471,32.7829],[129.8471,32.7829],[129.8472,32.7829],[129.8473,32.7829],[129.8473,32.7829],[129.8473,32.7829],[129.8474,32.7828],[129.8474,32.7828],[129.8475,32.7828],[129.8475,32.7828],[129.8476,32.7828],[129.8476,32.7828],[129.8476,32.7828],[129.8477,32.7828],[129.8477,32.7828],[129.8477,32.7829],[129.8477,32.7829],[129.8476,32.7829],[129.8476,32.7829],[129.8476,32.7829],[129.8476,32.7831],[129.8476,32.7831],[129.8476,32.7832],[129.8478,32.7833],[129.8479,32.7833],[129.8479,32.7833],[129.848,32.7832],[129.848,32.7832],[129.848,32.7832],[129.848,32.7832],[129.848,32.783],[129.848,32.783],[129.848,32.783],[129.848,32.783],[129.8481,32.7829],[129.8481,32.7829],[129.8481,32.7829],[129.8481,32.7829],[129.8481,32.7827],[129.8481,32.7827],[129.8481,32.7826],[129.8481,32.7826],[129.8481,32.7826],[129.8481,32.7825],[129.8481,32.7825],[129.8481,32.7825],[129.8481,32.7825],[129.8482,32.7824],[129.8483,32.7824],[129.8483,32.7824],[129.8483,32.7824],[129.8483,32.7824],[129.8483,32.7823],[129.8483,32.7823],[129.8483,32.7823],[129.8483,32.7823],[129.8483,32.7823],[129.8484,32.7823],[129.8484,32.7822],[129.8485,32.7822],[129.8486,32.7822],[129.8487,32.7821],[129.8488,32.7821],[129.8489,32.7821],[129.849,32.7821],[129.849,32.7821],[129.8492,32.7821],[129.8492,32.7822],[129.8492,32.7822],[129.8493,32.7821],[129.8493,32.7821],[129.8493,32.7821],[129.8492,32.782],[129.8493,32.782],[129.8494,32.782],[129.8495,32.782],[129.8496,32.782],[129.8499,32.782],[129.8499,32.782],[129.8499,32.7821],[129.85,32.7821],[129.8501,32.7821],[129.8501,32.7821],[129.8502,32.782],[129.8502,32.782],[129.8503,32.7819],[129.8504,32.7818],[129.8504,32.782],[129.8504,32.782],[129.8504,32.782],[129.8505,32.782],[129.8505,32.7821],[129.8505,32.7822],[129.8505,32.7822],[129.8504,32.7822],[129.8504,32.7823],[129.8504,32.7823],[129.8504,32.7824],[129.8504,32.7824],[129.8504,32.7825],[129.8503,32.7825],[129.8503,32.7825],[129.8503,32.7825],[129.8502,32.7826],[129.8502,32.7827],[129.8503,32.7827],[129.8503,32.7828],[129.8504,32.7828],[129.8503,32.7828],[129.8503,32.7829],[129.8504,32.7829],[129.8505,32.7829],[129.8504,32.7831],[129.8504,32.7831],[129.8506,32.7832],[129.8507,32.7831],[129.8507,32.783],[129.8508,32.7827],[129.8508,32.7826],[129.8509,32.7826],[129.851,32.7825],[129.8511,32.7825],[129.8511,32.7824],[129.8512,32.7824],[129.8513,32.7824],[129.8513,32.7824],[129.8513,32.7823],[129.8513,32.7823],[129.8513,32.7823],[129.8516,32.7821],[129.8517,32.7823],[129.8518,32.7824],[129.8519,32.7826],[129.852,32.7828],[129.8521,32.7828],[129.8525,32.7832],[129.8528,32.7834],[129.8529,32.7834],[129.8529,32.7834],[129.8529,32.7835],[129.853,32.7836],[129.853,32.7838],[129.8531,32.7838],[129.8531,32.7839],[129.8533,32.7841],[129.8536,32.7842],[129.8535,32.7843],[129.8535,32.7843],[129.8536,32.7845],[129.8536,32.7846],[129.8535,32.7846],[129.8533,32.7846],[129.8532,32.7846],[129.8532,32.7846],[129.8531,32.7846],[129.853,32.7846],[129.8529,32.7846],[129.8528,32.7845],[129.8527,32.7845],[129.8527,32.7846],[129.8526,32.7846],[129.8526,32.7847],[129.8522,32.7849],[129.8521,32.7849],[129.852,32.7849],[129.8519,32.7849],[129.8518,32.7848],[129.8516,32.7848],[129.8516,32.7848],[129.8514,32.7848],[129.8513,32.7847],[129.8512,32.7847],[129.8511,32.7847],[129.851,32.7847],[129.851,32.7847],[129.8509,32.7848],[129.8507,32.785],[129.8507,32.7851],[129.8508,32.7851],[129.8509,32.7852],[129.851,32.7852],[129.8511,32.7852],[129.8514,32.7853],[129.8515,32.7853],[129.8515,32.7853],[129.8516,32.7853],[129.8516,32.7852],[129.8521,32.7858],[129.8518,32.786],[129.8516,32.7859],[129.8514,32.786],[129.8515,32.7861],[129.8516,32.7862],[129.8515,32.7862],[129.8503,32.7863],[129.8505,32.7867],[129.8506,32.787],[129.8503,32.787],[129.8503,32.7872],[129.8501,32.7872],[129.8501,32.7872],[129.85,32.7871],[129.8499,32.7871],[129.8498,32.7871],[129.8496,32.7871],[129.8495,32.7871],[129.8495,32.7871],[129.8492,32.7872],[129.8492,32.7873],[129.8491,32.7874],[129.8491,32.7875],[129.8491,32.7876],[129.8491,32.7877],[129.849,32.7878],[129.8492,32.7879],[129.8492,32.7878],[129.8492,32.7878],[129.8493,32.7875],[129.8493,32.7874],[129.8493,32.7874],[129.8494,32.7874],[129.8495,32.7874],[129.8497,32.7874],[129.8506,32.7875],[129.8509,32.7875],[129.8513,32.7875],[129.8515,32.7876],[129.8517,32.7876],[129.8518,32.7876],[129.8518,32.7875],[129.852,32.7875],[129.8519,32.7877],[129.8518,32.7878],[129.8516,32.7877],[129.8514,32.7877],[129.8513,32.7876],[129.8509,32.7877],[129.8496,32.7878],[129.8497,32.7881],[129.8492,32.7884],[129.849,32.7884],[129.849,32.7886],[129.849,32.7888],[129.8488,32.7888],[129.8488,32.7888],[129.8488,32.7888],[129.8487,32.7889],[129.8486,32.7889],[129.8485,32.789],[129.8484,32.7891],[129.8483,32.7891],[129.8482,32.7891],[129.8481,32.7891],[129.8479,32.7891],[129.8478,32.789],[129.8478,32.789],[129.8478,32.789],[129.8477,32.789],[129.8477,32.789],[129.8476,32.789],[129.8476,32.789],[129.8475,32.7893],[129.8476,32.7893],[129.8477,32.7893],[129.8478,32.7892],[129.848,32.7893],[129.8481,32.7893],[129.8482,32.7892],[129.8484,32.7892],[129.8486,32.7892],[129.8491,32.7894],[129.849,32.7896],[129.8489,32.7897],[129.8488,32.7898],[129.8488,32.7899],[129.8488,32.7899],[129.8488,32.79],[129.8491,32.7901],[129.8491,32.7902],[129.8492,32.7903],[129.8492,32.7903],[129.8494,32.7906],[129.8497,32.7909],[129.8497,32.7909],[129.8497,32.791],[129.8498,32.7911],[129.8498,32.7912],[129.8499,32.7913],[129.85,32.7913],[129.8501,32.7913],[129.8501,32.7912],[129.8502,32.7912],[129.8504,32.7911],[129.8503,32.7909],[129.8504,32.7908],[129.8504,32.7907],[129.8503,32.7906],[129.8503,32.7905],[129.8503,32.7904],[129.8503,32.7904],[129.8503,32.7903],[129.8503,32.7903],[129.8505,32.7902],[129.8506,32.7901],[129.8507,32.79],[129.8508,32.7899],[129.851,32.7898],[129.851,32.7897],[129.8511,32.7897],[129.8511,32.7897],[129.8512,32.7897],[129.8513,32.7896],[129.8515,32.7896],[129.8517,32.7895],[129.8519,32.7895],[129.852,32.7895],[129.852,32.7895],[129.852,32.7897],[129.852,32.7898],[129.852,32.7898],[129.8519,32.7902],[129.8519,32.7902],[129.8519,32.7902],[129.8519,32.7903],[129.852,32.7904],[129.8522,32.7904],[129.8523,32.7904],[129.8526,32.7903],[129.8526,32.7903],[129.8526,32.7903],[129.8526,32.7903],[129.8526,32.7903],[129.8525,32.7906],[129.8525,32.7908],[129.8525,32.791],[129.8525,32.7911],[129.8525,32.7912],[129.8525,32.7912],[129.8525,32.7912],[129.8526,32.7912],[129.8527,32.7912],[129.8528,32.7914],[129.8528,32.7914],[129.8527,32.7914],[129.8526,32.7914],[129.8524,32.7914],[129.8522,32.7914],[129.8519,32.7914],[129.8517,32.7914],[129.8513,32.7915],[129.851,32.7915],[129.8515,32.7918],[129.8521,32.7922],[129.8519,32.7923],[129.8517,32.7924],[129.8519,32.7927],[129.852,32.7927],[129.852,32.7928],[129.8519,32.7929],[129.8521,32.7931],[129.8519,32.7931],[129.8521,32.7935],[129.8518,32.7934],[129.8518,32.7933],[129.8517,32.7933],[129.8517,32.7932],[129.8518,32.7931],[129.8518,32.7931],[129.8518,32.793],[129.8517,32.793],[129.8513,32.793],[129.8512,32.7931],[129.8511,32.7933],[129.8511,32.7933],[129.8511,32.7934],[129.8511,32.7934],[129.8509,32.7934],[129.8507,32.7934],[129.8507,32.7935],[129.85,32.7933],[129.8498,32.7928],[129.8497,32.7928],[129.8497,32.7928],[129.8495,32.7927],[129.8495,32.7926],[129.8494,32.7926],[129.8494,32.7926],[129.8494,32.7926],[129.8494,32.7927],[129.8494,32.7927],[129.8494,32.7927],[129.8495,32.7929],[129.8495,32.793],[129.8495,32.7931],[129.8496,32.7932],[129.8496,32.7933],[129.8496,32.7934],[129.8495,32.7934],[129.8494,32.7934],[129.8494,32.7934],[129.8493,32.7933],[129.8493,32.7932],[129.8493,32.7932],[129.8493,32.7931],[129.8493,32.7931],[129.8488,32.7931],[129.8485,32.7927],[129.8481,32.7925],[129.8482,32.7925],[129.8472,32.7926],[129.8472,32.793],[129.8473,32.793],[129.8475,32.793],[129.8476,32.793],[129.8476,32.793],[129.8477,32.793],[129.8477,32.793],[129.8478,32.7931],[129.8478,32.7931],[129.8479,32.7931],[129.848,32.7931],[129.8481,32.7933],[129.8481,32.7933],[129.8482,32.7934],[129.8483,32.7934],[129.8483,32.7934],[129.8484,32.7935],[129.8485,32.7935],[129.8486,32.7937],[129.8486,32.7938],[129.8486,32.7938],[129.8487,32.7938],[129.8487,32.7939],[129.8488,32.7939],[129.8489,32.7939],[129.8489,32.7939],[129.849,32.7939],[129.849,32.7939],[129.8491,32.794],[129.8491,32.794],[129.8492,32.794],[129.8494,32.7939],[129.8494,32.7939],[129.8495,32.7939],[129.8496,32.7939],[129.8495,32.794],[129.8493,32.7942],[129.8491,32.7944],[129.849,32.7944],[129.8489,32.7944],[129.8488,32.7945],[129.8488,32.7945],[129.8487,32.7946],[129.8486,32.7946],[129.8486,32.7947],[129.8482,32.795],[129.8482,32.7951],[129.8483,32.7951],[129.8484,32.7952],[129.8484,32.7952],[129.8485,32.7952],[129.8485,32.7952],[129.8486,32.7952],[129.8489,32.7951],[129.849,32.7952],[129.8484,32.7955],[129.8483,32.7955],[129.8473,32.7957],[129.8474,32.7959],[129.8474,32.7962],[129.8474,32.7965],[129.8474,32.7967],[129.8475,32.7968],[129.8476,32.7969],[129.8476,32.7969],[129.8478,32.7971],[129.8481,32.7973],[129.8481,32.7974],[129.8481,32.7977],[129.8482,32.7978],[129.8482,32.7979],[129.8481,32.798],[129.8481,32.798],[129.848,32.7981],[129.8479,32.7981],[129.8478,32.7981],[129.8477,32.7981],[129.8477,32.7981],[129.8477,32.798],[129.8476,32.798],[129.8476,32.7979],[129.8476,32.7979],[129.8476,32.7978],[129.8476,32.7978],[129.8475,32.7978],[129.8475,32.7978],[129.8474,32.7978],[129.8474,32.7979],[129.8473,32.798],[129.8472,32.798],[129.8471,32.7981],[129.8471,32.7981],[129.8471,32.7982],[129.8471,32.7982],[129.8472,32.7983],[129.8472,32.7984],[129.8471,32.7984],[129.847,32.7983],[129.847,32.7982],[129.8469,32.7981],[129.8468,32.798],[129.8468,32.798],[129.8467,32.7979],[129.8467,32.7979],[129.8467,32.7978],[129.8468,32.7975],[129.8468,32.7975],[129.8468,32.7974],[129.8473,32.7971],[129.8471,32.7969],[129.8471,32.7968],[129.8471,32.7968],[129.847,32.7967],[129.8466,32.7968],[129.8467,32.797],[129.8461,32.7974],[129.846,32.7973],[129.8459,32.7973],[129.8459,32.7972],[129.8458,32.7972],[129.8458,32.7972],[129.8457,32.7972],[129.8455,32.7974],[129.8453,32.7975],[129.8451,32.7975],[129.8446,32.7967],[129.8431,32.7972],[129.843,32.7971],[129.843,32.7971],[129.8429,32.7971],[129.8428,32.797],[129.8426,32.7973],[129.8426,32.7973],[129.8426,32.7976],[129.8426,32.7978],[129.8423,32.7984],[129.8422,32.7986],[129.8416,32.7991],[129.8413,32.7992],[129.8412,32.7993],[129.8408,32.7994],[129.8403,32.7995],[129.8401,32.7996],[129.8399,32.7998],[129.8398,32.7999],[129.8398,32.8002],[129.8394,32.8],[129.8391,32.7999],[129.8387,32.7998],[129.8386,32.7998],[129.8384,32.7998],[129.8383,32.7997],[129.8382,32.7997],[129.8381,32.7997],[129.8379,32.7998],[129.8378,32.7998],[129.8377,32.7997],[129.8376,32.7997],[129.8376,32.7996],[129.8375,32.7996],[129.8374,32.7995],[129.8373,32.7995],[129.837,32.7996],[129.8369,32.7996],[129.8367,32.7997],[129.8367,32.7997],[129.8366,32.7998],[129.8366,32.7998],[129.8366,32.7998],[129.8366,32.7999],[129.8365,32.7999],[129.8364,32.7999],[129.8364,32.7999],[129.8363,32.7999],[129.8361,32.7999],[129.836,32.8],[129.8357,32.7997],[129.8358,32.7997],[129.8358,32.7996],[129.8357,32.7995],[129.8356,32.7995],[129.8355,32.7995],[129.8355,32.7995],[129.8354,32.7995],[129.8354,32.7995],[129.8354,32.7996],[129.8354,32.7996],[129.8354,32.7997],[129.8355,32.7999],[129.8355,32.7999],[129.8356,32.8],[129.8356,32.8],[129.8356,32.8001],[129.8356,32.8001],[129.835,32.8009],[129.8348,32.8005],[129.8348,32.8004],[129.8348,32.8003],[129.8347,32.8003],[129.8347,32.8003],[129.8347,32.8003],[129.8347,32.8003],[129.8347,32.8003],[129.8346,32.8004],[129.8346,32.8005],[129.8345,32.8006],[129.8349,32.801],[129.8351,32.8015],[129.835,32.8015],[129.8349,32.8015],[129.8347,32.8015],[129.8345,32.8015],[129.8344,32.8015],[129.8342,32.8015],[129.834,32.8015],[129.8339,32.8015],[129.8338,32.8016],[129.8336,32.8016],[129.8333,32.8016],[129.8333,32.8015],[129.8327,32.8015],[129.8326,32.8013],[129.8327,32.8013],[129.8327,32.8013],[129.8328,32.8012],[129.8328,32.8012],[129.8328,32.8012],[129.8328,32.8011],[129.8327,32.8011],[129.8326,32.8011],[129.8324,32.801],[129.8322,32.8009],[129.8321,32.8009],[129.8321,32.8008],[129.8322,32.8008],[129.8322,32.8007],[129.8322,32.8006],[129.8322,32.8006],[129.8322,32.8005],[129.8322,32.8004],[129.8322,32.8004],[129.8321,32.8004],[129.832,32.8004],[129.832,32.8004],[129.832,32.8005],[129.832,32.8005],[129.8319,32.8005],[129.8318,32.8005],[129.8318,32.8005],[129.8317,32.8004],[129.8316,32.8004],[129.8316,32.8003],[129.8316,32.8003],[129.8315,32.8002],[129.8314,32.8001],[129.8314,32.8001],[129.8314,32.8001],[129.8313,32.8],[129.8313,32.8],[129.8312,32.7999],[129.8312,32.7999],[129.8312,32.7999],[129.8311,32.7999],[129.831,32.8],[129.831,32.8],[129.831,32.8001],[129.8311,32.8003],[129.8311,32.8005],[129.831,32.8005],[129.831,32.8005],[129.8309,32.8006],[129.8309,32.8009],[129.8309,32.8009],[129.8312,32.8011],[129.8312,32.8011],[129.8313,32.8016],[129.8314,32.8022],[129.8313,32.8022],[129.8311,32.8023],[129.8309,32.8025],[129.8298,32.802],[129.8299,32.802],[129.83,32.8019],[129.8301,32.8018],[129.8301,32.8018],[129.8301,32.8017],[129.83,32.8016],[129.8302,32.8016],[129.8302,32.8015],[129.8303,32.8014],[129.8304,32.8014],[129.8305,32.8014],[129.8305,32.8013],[129.8305,32.8013],[129.8305,32.8012],[129.8305,32.8012],[129.8305,32.8011],[129.8303,32.801],[129.8302,32.8009],[129.8302,32.8009],[129.8302,32.8008],[129.8301,32.8007],[129.8301,32.8007],[129.8301,32.8006],[129.83,32.8005],[129.8299,32.8004],[129.8299,32.8004],[129.8298,32.8003],[129.8297,32.8003],[129.8296,32.8003],[129.8295,32.8002],[129.8295,32.8002],[129.8294,32.8003],[129.8293,32.8003],[129.8293,32.8003],[129.8292,32.8003],[129.8292,32.8003],[129.8292,32.8003],[129.8291,32.8003],[129.8291,32.8003],[129.8291,32.8003],[129.829,32.8003],[129.829,32.8003],[129.8291,32.8004],[129.8291,32.8004],[129.8291,32.8005],[129.8291,32.8005],[129.829,32.8005],[129.829,32.8005],[129.8287,32.8004],[129.8288,32.8005],[129.8288,32.8006],[129.8288,32.8006],[129.8289,32.8007],[129.8289,32.8007],[129.8289,32.8008],[129.829,32.8009],[129.829,32.801],[129.8288,32.8009],[129.8284,32.8009],[129.8285,32.801],[129.8285,32.8011],[129.8286,32.8013],[129.8287,32.8013],[129.8288,32.8014],[129.8288,32.8016],[129.829,32.8016],[129.829,32.8017],[129.829,32.8018],[129.829,32.8019],[129.829,32.802],[129.829,32.802],[129.829,32.8021],[129.8287,32.8022],[129.8287,32.8022],[129.8288,32.8024],[129.8288,32.8025],[129.8288,32.8026],[129.829,32.8027],[129.829,32.8027],[129.8291,32.8028],[129.8294,32.8029],[129.8296,32.803],[129.8297,32.8032],[129.8295,32.8034],[129.829,32.8035],[129.8287,32.8036],[129.8286,32.8037],[129.8286,32.8037],[129.8285,32.8038],[129.8285,32.8039],[129.8285,32.804],[129.8285,32.8041],[129.8285,32.8043],[129.8286,32.8044],[129.8286,32.8046],[129.828,32.8046],[129.8279,32.805],[129.8279,32.8051],[129.8279,32.8051],[129.8279,32.8051],[129.8279,32.8052],[129.8279,32.8052],[129.8279,32.8052],[129.8279,32.8053],[129.8281,32.8053],[129.8282,32.8055],[129.8282,32.8056],[129.8282,32.8056],[129.8282,32.8057],[129.8281,32.8057],[129.828,32.8058],[129.8278,32.8058],[129.8278,32.8058],[129.8277,32.8058],[129.8277,32.8059],[129.8275,32.806],[129.8272,32.8056],[129.8271,32.8056],[129.8271,32.8055],[129.827,32.8055],[129.827,32.8055],[129.827,32.8054],[129.827,32.8054],[129.827,32.8054],[129.827,32.8053],[129.8271,32.8053],[129.8271,32.8053],[129.8271,32.8052],[129.827,32.8052],[129.827,32.8052],[129.827,32.8051],[129.827,32.8051],[129.8269,32.805],[129.8269,32.805],[129.8269,32.8049],[129.8268,32.8049],[129.8268,32.8048],[129.8268,32.8047],[129.8269,32.8046],[129.8269,32.8045],[129.8269,32.8045],[129.8269,32.8044],[129.8268,32.8044],[129.8268,32.8043],[129.8268,32.8043],[129.8268,32.8043],[129.8268,32.8042],[129.8268,32.8041],[129.8267,32.8039],[129.8266,32.8039],[129.8266,32.8038],[129.8267,32.8038],[129.8267,32.8037],[129.8267,32.8037],[129.8267,32.8036],[129.8267,32.8036],[129.8266,32.8035],[129.8266,32.8035],[129.8265,32.8034],[129.8265,32.8034],[129.8264,32.8034],[129.8262,32.8034],[129.8263,32.8035],[129.8263,32.8036],[129.8264,32.8037],[129.8264,32.8037],[129.8263,32.8039],[129.8262,32.8039],[129.826,32.8039],[129.826,32.8039],[129.8261,32.8039],[129.8261,32.8041],[129.8261,32.8041],[129.8259,32.8041],[129.8259,32.8041],[129.8257,32.8041],[129.8255,32.804],[129.8254,32.804],[129.8253,32.804],[129.8253,32.804],[129.8253,32.804],[129.8252,32.804],[129.8252,32.8039],[129.8251,32.8039],[129.825,32.8038],[129.8248,32.8038],[129.8247,32.8038],[129.8246,32.8038],[129.8246,32.8038],[129.8246,32.8039],[129.8245,32.8041],[129.8241,32.8041],[129.8239,32.804],[129.8238,32.804],[129.8235,32.8039],[129.8234,32.804],[129.8234,32.8042],[129.8233,32.8043],[129.8233,32.8043],[129.8233,32.8044],[129.8233,32.8044],[129.8232,32.8045],[129.8229,32.8044],[129.8229,32.8045],[129.8229,32.8045],[129.8228,32.8046],[129.8228,32.8046],[129.8228,32.8046],[129.8226,32.8046],[129.8227,32.8047],[129.8227,32.8047],[129.8227,32.8048],[129.8228,32.8048],[129.8229,32.8049],[129.823,32.8049],[129.8231,32.8049],[129.8231,32.8048],[129.8232,32.8049],[129.8232,32.8049],[129.8233,32.8049],[129.8234,32.8049],[129.8235,32.805],[129.8235,32.805],[129.8236,32.8051],[129.8237,32.8052],[129.8238,32.8052],[129.8239,32.8053],[129.824,32.8053],[129.8242,32.8053],[129.8243,32.8052],[129.8244,32.8052],[129.8245,32.8052],[129.8245,32.8052],[129.8246,32.8052],[129.8245,32.8053],[129.8246,32.8053],[129.8247,32.8053],[129.8247,32.8054],[129.8248,32.8054],[129.8248,32.8054],[129.8249,32.8054],[129.825,32.8055],[129.825,32.8055],[129.8251,32.8054],[129.8252,32.8054],[129.8253,32.8054],[129.8253,32.8053],[129.8253,32.8053],[129.8254,32.8053],[129.8255,32.8054],[129.8257,32.8056],[129.8259,32.8057],[129.8259,32.8057],[129.826,32.8058],[129.8262,32.8059],[129.8263,32.806],[129.8264,32.8061],[129.8264,32.8061],[129.8265,32.8062],[129.8265,32.8062],[129.8266,32.8062],[129.8267,32.8063],[129.8269,32.8063],[129.827,32.8063],[129.8271,32.8063],[129.8272,32.8064],[129.8274,32.8064],[129.8274,32.8065],[129.8275,32.8065],[129.8276,32.8066],[129.8277,32.8066],[129.8278,32.8066],[129.8279,32.8066],[129.828,32.8066],[129.8281,32.8066],[129.8283,32.8066],[129.8283,32.8066],[129.8284,32.8066],[129.8285,32.8066],[129.8286,32.8066],[129.8288,32.8066],[129.8289,32.8066],[129.829,32.8066],[129.8291,32.8066],[129.8292,32.8066],[129.8293,32.8066],[129.8294,32.8066],[129.8295,32.8066],[129.8296,32.8067],[129.8297,32.8067],[129.8298,32.8068],[129.8298,32.8069],[129.8299,32.807],[129.83,32.8071],[129.8301,32.8071],[129.8302,32.8072],[129.8303,32.8072],[129.8303,32.8072],[129.8304,32.8073],[129.8305,32.8074],[129.8306,32.8075],[129.8306,32.8076],[129.8307,32.8077],[129.8307,32.8078],[129.8307,32.8078],[129.8307,32.8079],[129.8307,32.808],[129.8307,32.8081],[129.8307,32.8081],[129.8307,32.8082],[129.8307,32.8082],[129.8307,32.8082],[129.8307,32.8082],[129.8306,32.8082],[129.8305,32.8082],[129.8305,32.8082],[129.8304,32.8083],[129.8304,32.8083],[129.8304,32.8084],[129.8304,32.8084],[129.8303,32.8085],[129.8301,32.8086],[129.8299,32.8087],[129.8298,32.8087],[129.8297,32.8089],[129.8296,32.809],[129.8294,32.809],[129.8291,32.8091],[129.8288,32.8092],[129.8287,32.8092],[129.8287,32.8093],[129.8286,32.8094],[129.8284,32.8095],[129.8283,32.8095],[129.8282,32.8096],[129.8282,32.8096],[129.8282,32.8096],[129.8282,32.8097],[129.8282,32.8097],[129.8281,32.8098],[129.828,32.8099],[129.8279,32.8099],[129.8278,32.8099],[129.8277,32.8099],[129.8275,32.8099],[129.8274,32.8099],[129.8271,32.8098],[129.827,32.8098],[129.8268,32.8098],[129.8263,32.8099],[129.8261,32.8099],[129.8259,32.8099],[129.8258,32.81],[129.8258,32.81],[129.8256,32.81],[129.8256,32.81],[129.8255,32.81],[129.8254,32.81],[129.8252,32.8099],[129.8251,32.8098],[129.8249,32.8098],[129.8248,32.8097],[129.8247,32.8097],[129.8246,32.8096],[129.8244,32.8095],[129.8243,32.8094],[129.8241,32.8092],[129.824,32.8091],[129.8238,32.809],[129.8237,32.8089],[129.8236,32.8089],[129.8236,32.8089],[129.8236,32.8089],[129.8235,32.809],[129.8234,32.8091],[129.8235,32.8091],[129.8236,32.8092],[129.8237,32.8093],[129.8238,32.8094],[129.8238,32.8095],[129.8238,32.8096],[129.8239,32.8096],[129.8239,32.8096],[129.8239,32.8097],[129.824,32.8098],[129.824,32.8098],[129.8241,32.8099],[129.8241,32.81],[129.8241,32.81],[129.8241,32.8101],[129.8241,32.8103],[129.824,32.8103],[129.824,32.8103],[129.8238,32.8103],[129.8238,32.8105],[129.8238,32.8106],[129.824,32.8109],[129.8246,32.811],[129.8246,32.8109],[129.8248,32.811],[129.825,32.8109],[129.8251,32.8109],[129.8253,32.8109],[129.8255,32.811],[129.8257,32.811],[129.8258,32.8111],[129.826,32.8111],[129.8262,32.8111],[129.8264,32.8111],[129.8266,32.8113],[129.8268,32.8111],[129.8269,32.8112],[129.8272,32.8115],[129.8275,32.8116],[129.8275,32.8117],[129.8275,32.8117],[129.8275,32.8118],[129.8275,32.8119],[129.8275,32.8119],[129.8276,32.812],[129.8276,32.812],[129.8276,32.8121],[129.8276,32.8122],[129.8277,32.8122],[129.8279,32.8121],[129.8286,32.812],[129.8289,32.8119],[129.8288,32.8117],[129.8288,32.8116],[129.829,32.8114],[129.8294,32.811],[129.8296,32.8108],[129.8297,32.8107],[129.8297,32.8107],[129.8299,32.8107],[129.8301,32.8107],[129.8302,32.8111],[129.8307,32.811],[129.8309,32.8115],[129.8309,32.8116],[129.8309,32.8117],[129.8309,32.8117],[129.8309,32.8118],[129.8309,32.8119],[129.8309,32.8119],[129.8309,32.812],[129.8308,32.8121],[129.8308,32.8122],[129.8306,32.8123],[129.8305,32.8124],[129.8303,32.8125],[129.8299,32.8127],[129.83,32.8128],[129.8315,32.8131],[129.832,32.8125],[129.832,32.8125],[129.8319,32.8126],[129.8319,32.8126],[129.8319,32.8127],[129.8319,32.8127],[129.832,32.8127],[129.8321,32.8129],[129.8323,32.813],[129.8324,32.8132],[129.8321,32.8134],[129.832,32.8134],[129.832,32.8134],[129.831,32.8137],[129.8306,32.8137],[129.8302,32.8136],[129.8299,32.8136],[129.8295,32.8136],[129.8295,32.8136],[129.8296,32.8137],[129.8297,32.8137],[129.8298,32.8137],[129.8298,32.8138],[129.8299,32.8139],[129.8299,32.8139],[129.83,32.814],[129.8299,32.8141],[129.8299,32.8141],[129.8298,32.8141],[129.8298,32.8141],[129.8297,32.814],[129.8296,32.8141],[129.8295,32.8141],[129.8293,32.8141],[129.829,32.8141],[129.8289,32.8142],[129.8287,32.8141],[129.8285,32.8141],[129.8282,32.814],[129.8281,32.814],[129.828,32.814],[129.8278,32.8139],[129.8277,32.8139],[129.8276,32.8139],[129.8275,32.814],[129.8274,32.814],[129.8274,32.8139],[129.8273,32.8138],[129.8272,32.8138],[129.8271,32.8137],[129.8271,32.8137],[129.827,32.8137],[129.8269,32.8136],[129.8268,32.8136],[129.8268,32.8136],[129.8267,32.8136],[129.8267,32.8136],[129.8265,32.8136],[129.8265,32.8136],[129.8265,32.8137],[129.8264,32.8137],[129.8264,32.8138],[129.8264,32.8139],[129.8265,32.814],[129.8265,32.8141],[129.8266,32.8142],[129.8266,32.8143],[129.8266,32.8143],[129.8267,32.8145],[129.827,32.8145],[129.8269,32.8146],[129.8268,32.8149],[129.8268,32.815],[129.8266,32.8149],[129.8266,32.8149],[129.8266,32.815],[129.8264,32.8151],[129.8264,32.8152],[129.8264,32.8153],[129.8263,32.8153],[129.8263,32.8154],[129.8263,32.8155],[129.8263,32.8155],[129.8263,32.8155],[129.8263,32.8156],[129.8263,32.8156],[129.8264,32.8156],[129.8264,32.8156],[129.8266,32.8156],[129.8266,32.8157],[129.8267,32.8158],[129.8267,32.8159],[129.8268,32.816],[129.8269,32.8161],[129.8271,32.8163],[129.8273,32.8166],[129.8269,32.8172],[129.8268,32.8172],[129.8271,32.8176],[129.8273,32.8176],[129.8273,32.8176],[129.8276,32.8175],[129.8278,32.8177],[129.8279,32.8177],[129.8281,32.8177],[129.8281,32.8177],[129.8284,32.8177],[129.8285,32.8177],[129.8286,32.8177],[129.8288,32.8177],[129.8292,32.8177]]]},"properties":{"name":"長崎市","pop":1}},{"type":"Feature","geometry":{"type":"Polygon","coordinates":[[[129.9516,32.783],[129.9519,32.7826],[129.9519,32.7826],[129.9522,32.7823],[129.9524,32.7821],[129.9524,32.782],[129.9526,32.7821],[129.9526,32.7821],[129.9527,32.782],[129.9528,32.782],[129.9529,32.7819],[129.9529,32.7819],[129.953,32.7818],[129.953,32.7818],[129.9529,32.7817],[129.9531,32.7815],[129.9522,32.781],[129.9522,32.781],[129.9525,32.7807],[129.9525,32.7806],[129.9527,32.7804],[129.9528,32.7803],[129.9532,32.7798],[129.9534,32.7796],[129.9539,32.779],[129.9543,32.7795],[129.9544,32.7796],[129.9545,32.7797],[129.9547,32.7798],[129.9549,32.7798],[129.9552,32.7799],[129.9553,32.7796],[129.9554,32.7794],[129.9554,32.7792],[129.9555,32.7789],[129.9555,32.7787],[129.9555,32.7784],[129.9555,32.7781],[129.9554,32.7778],[129.9552,32.7772],[129.955,32.7769],[129.955,32.7768],[129.955,32.7768],[129.9547,32.7761],[129.9546,32.7759],[129.9544,32.7755],[129.9541,32.7748],[129.9541,32.7747],[129.954,32.7743],[129.954,32.774],[129.9539,32.7738],[129.9539,32.7735],[129.9539,32.7731],[129.9539,32.7721],[129.9539,32.772],[129.9538,32.7714],[129.9537,32.771],[129.9537,32.7706],[129.954,32.7708],[129.954,32.7709],[129.954,32.771],[129.954,32.7711],[129.954,32.7712],[129.954,32.7713],[129.9541,32.7714],[129.9542,32.7715],[129.9543,32.7715],[129.9544,32.7715],[129.9545,32.7715],[129.9546,32.7714],[129.9545,32.7715],[129.9546,32.7715],[129.9545,32.7716],[129.9545,32.7719],[129.9545,32.772],[129.9545,32.772],[129.9544,32.7723],[129.9542,32.7726],[129.9541,32.773],[129.9541,32.7731],[129.9541,32.7732],[129.9546,32.773],[129.9548,32.7729],[129.9551,32.7727],[129.9553,32.7726],[129.9556,32.7731],[129.9553,32.7732],[129.9551,32.7733],[129.9551,32.7739],[129.9553,32.7739],[129.9557,32.7738],[129.956,32.774],[129.956,32.7741],[129.9562,32.7741],[129.9564,32.7742],[129.9567,32.7743],[129.9569,32.7743],[129.9572,32.7744],[129.9575,32.7744],[129.9577,32.7744],[129.9588,32.7744],[129.959,32.7743],[129.9596,32.7739],[129.9596,32.7737],[129.96,32.7735],[129.9602,32.7736],[129.9606,32.7733],[129.961,32.7733],[129.9615,32.7734],[129.962,32.7735],[129.9627,32.7733],[129.9626,32.773],[129.9625,32.7729],[129.9627,32.7728],[129.9629,32.7732],[129.963,32.7733],[129.963,32.7735],[129.9631,32.7735],[129.9633,32.7742],[129.9633,32.7742],[129.9635,32.7745],[129.9638,32.7746],[129.9641,32.7745],[129.9646,32.7745],[129.9648,32.7744],[129.9649,32.7744],[129.9652,32.7742],[129.9653,32.7741],[129.9654,32.7741],[129.9656,32.774],[129.9658,32.7739],[129.966,32.7739],[129.9661,32.7738],[129.9661,32.774],[129.9661,32.7741],[129.966,32.7742],[129.966,32.7743],[129.9659,32.7743],[129.9659,32.7744],[129.9659,32.7744],[129.9658,32.7747],[129.9659,32.7747],[129.9659,32.7748],[129.966,32.7748],[129.9667,32.7749],[129.9669,32.775],[129.9669,32.7751],[129.9671,32.7752],[129.9671,32.7753],[129.9672,32.7755],[129.9673,32.7755],[129.9673,32.7755],[129.9675,32.7756],[129.9679,32.7757],[129.9682,32.7758],[129.9683,32.7756],[129.9683,32.7754],[129.9683,32.7754],[129.9684,32.7754],[129.9684,32.7752],[129.9685,32.7751],[129.9688,32.775],[129.9689,32.775],[129.969,32.7749],[129.9692,32.7747],[129.9693,32.7746],[129.9693,32.7745],[129.9694,32.7742],[129.9694,32.7738],[129.9694,32.7738],[129.9694,32.7737],[129.9694,32.7736],[129.9694,32.7736],[129.969,32.7733],[129.9689,32.7732],[129.9688,32.7731],[129.9688,32.7731],[129.9688,32.773],[129.9688,32.7727],[129.9688,32.7725],[129.9685,32.7725],[129.9682,32.7725],[129.968,32.7726],[129.9677,32.7726],[129.9675,32.7727],[129.9673,32.7727],[129.9671,32.7729],[129.967,32.773],[129.9669,32.7731],[129.9666,32.7735],[129.9665,32.7732],[129.9668,32.7729],[129.9666,32.7727],[129.9664,32.7726],[129.9662,32.7725],[129.966,32.7724],[129.966,32.7723],[129.9659,32.7721],[129.9658,32.7719],[129.9658,32.7717],[129.9659,32.7717],[129.9659,32.7716],[129.9659,32.7715],[129.9659,32.7714],[129.9659,32.7714],[129.9659,32.7711],[129.9659,32.771],[129.9659,32.771],[129.966,32.7709],[129.966,32.7709],[129.966,32.7707],[129.9663,32.7707],[129.9663,32.7704],[129.9657,32.7704],[129.9661,32.77],[129.9662,32.77],[129.9662,32.7697],[129.9662,32.7694],[129.9662,32.7691],[129.9663,32.7691],[129.9665,32.7691],[129.9665,32.7689],[129.9664,32.7688],[129.9664,32.7688],[129.9664,32.7687],[129.9662,32.7688],[129.9662,32.7685],[129.9662,32.7684],[129.9662,32.7682],[129.9662,32.7681],[129.9661,32.7678],[129.9661,32.7675],[129.9668,32.7675],[129.967,32.7674],[129.967,32.7674],[129.967,32.7674],[129.9671,32.7671],[129.9672,32.767],[129.9673,32.7669],[129.9674,32.7666],[129.9675,32.7665],[129.9676,32.7664],[129.9678,32.7661],[129.9678,32.7661],[129.9678,32.7661],[129.9679,32.766],[129.9682,32.7657],[129.9685,32.7655],[129.9687,32.7654],[129.9689,32.7653],[129.9692,32.7652],[129.9692,32.7652],[129.9691,32.7651],[129.9691,32.7651],[129.969,32.765],[129.9687,32.765],[129.9683,32.765],[129.968,32.7651],[129.9679,32.7652],[129.9673,32.7653],[129.9672,32.7653],[129.9673,32.7653],[129.9678,32.7654],[129.9679,32.7655],[129.9676,32.7656],[129.9672,32.7658],[129.967,32.7659],[129.9667,32.7663],[129.9655,32.7663],[129.9652,32.7663],[129.9648,32.7661],[129.9648,32.7661],[129.9649,32.7659],[129.9645,32.7658],[129.9644,32.7658],[129.964,32.7659],[129.9639,32.7662],[129.9639,32.7662],[129.9636,32.7662],[129.9633,32.7662],[129.9632,32.7659],[129.9632,32.7659],[129.9623,32.7659],[129.962,32.7662],[129.9619,32.7663],[129.9618,32.7665],[129.9614,32.7665],[129.9612,32.7668],[129.9612,32.7668],[129.9608,32.7672],[129.9607,32.7673],[129.9606,32.7673],[129.9601,32.7674],[129.96,32.7674],[129.96,32.7671],[129.9599,32.7671],[129.9596,32.7673],[129.9591,32.767],[129.9592,32.7667],[129.9592,32.7667],[129.9592,32.7664],[129.9592,32.7663],[129.9592,32.7662],[129.9591,32.7661],[129.9591,32.7661],[129.959,32.7661],[129.959,32.7661],[129.9588,32.7661],[129.9585,32.7663],[129.9583,32.7664],[129.9582,32.7664],[129.9581,32.7665],[129.9581,32.7665],[129.958,32.7666],[129.958,32.7667],[129.9581,32.7668],[129.9581,32.7668],[129.9581,32.7668],[129.9581,32.7669],[129.9581,32.7671],[129.9581,32.7672],[129.9582,32.7673],[129.9584,32.7674],[129.9584,32.7674],[129.9585,32.7675],[129.9584,32.7675],[129.9584,32.7677],[129.9584,32.7678],[129.9584,32.7678],[129.9585,32.7679],[129.9587,32.768],[129.9588,32.768],[129.9587,32.768],[129.9587,32.7681],[129.9586,32.7681],[129.9584,32.7683],[129.9584,32.7683],[129.9583,32.7683],[129.9583,32.7683],[129.9583,32.7683],[129.9583,32.7683],[129.9583,32.7683],[129.9576,32.7678],[129.9574,32.768],[129.9573,32.768],[129.9572,32.7679],[129.957,32.7678],[129.9569,32.7677],[129.9567,32.7677],[129.9566,32.7677],[129.9566,32.7675],[129.9565,32.7674],[129.9564,32.7669],[129.9565,32.7668],[129.9565,32.7668],[129.9566,32.7667],[129.9566,32.7666],[129.9566,32.7665],[129.9566,32.7665],[129.9566,32.7665],[129.9566,32.7664],[129.9566,32.7663],[129.9565,32.7663],[129.9565,32.7662],[129.9565,32.7662],[129.9565,32.7661],[129.9565,32.7661],[129.9565,32.7661],[129.9563,32.7666],[129.9551,32.7665],[129.9553,32.766],[129.9554,32.7659],[129.9558,32.7649],[129.9559,32.7646],[129.9559,32.7646],[129.9552,32.7643],[129.9553,32.7641],[129.9556,32.7636],[129.9559,32.7631],[129.9519,32.7611],[129.952,32.761],[129.9521,32.7611],[129.9522,32.7609],[129.952,32.7608],[129.9519,32.761],[129.9518,32.7611],[129.9515,32.761],[129.9515,32.761],[129.9514,32.7609],[129.9514,32.7609],[129.9513,32.7609],[129.9513,32.7609],[129.9514,32.7609],[129.9514,32.7609],[129.9514,32.7609],[129.9514,32.7609],[129.9514,32.7609],[129.9514,32.7609],[129.9513,32.7609],[129.9513,32.7609],[129.9513,32.7609],[129.9513,32.7609],[129.9513,32.7609],[129.9513,32.7609],[129.9513,32.7609],[129.9513,32.7609],[129.9513,32.7609],[129.9513,32.7609],[129.9513,32.7609],[129.9513,32.7609],[129.95,32.7606],[129.9495,32.7605],[129.9486,32.7599],[129.9486,32.7599],[129.9483,32.7596],[129.9475,32.759],[129.9473,32.7589],[129.9471,32.759],[129.9471,32.759],[129.9471,32.759],[129.947,32.7589],[129.9472,32.7588],[129.9472,32.7588],[129.9473,32.7587],[129.9473,32.7587],[129.9473,32.7587],[129.9473,32.7586],[129.9473,32.7586],[129.9472,32.7584],[129.9472,32.7583],[129.9472,32.7581],[129.9472,32.758],[129.9471,32.7578],[129.9471,32.7577],[129.9471,32.7577],[129.9471,32.7576],[129.9471,32.7576],[129.9471,32.7576],[129.9471,32.7576],[129.9471,32.7575],[129.9471,32.7575],[129.9471,32.7575],[129.9471,32.7575],[129.947,32.7575],[129.947,32.7575],[129.947,32.7574],[129.9474,32.7574],[129.9473,32.7571],[129.9473,32.757],[129.9473,32.7565],[129.9472,32.7564],[129.9472,32.7563],[129.9471,32.7562],[129.9471,32.7562],[129.9472,32.7561],[129.9476,32.756],[129.9476,32.7559],[129.9471,32.7561],[129.9471,32.7561],[129.9471,32.7561],[129.9471,32.756],[129.9471,32.756],[129.947,32.7557],[129.947,32.7557],[129.9469,32.7553],[129.9469,32.7553],[129.947,32.7553],[129.9471,32.7551],[129.9475,32.7546],[129.9476,32.7546],[129.9476,32.7546],[129.9476,32.7546],[129.9475,32.7546],[129.9475,32.7546],[129.9475,32.7545],[129.9475,32.7545],[129.9474,32.7545],[129.9474,32.7545],[129.9474,32.7544],[129.9474,32.7544],[129.9477,32.7539],[129.9478,32.7539],[129.9478,32.7539],[129.9478,32.7538],[129.9478,32.7538],[129.9479,32.7537],[129.9479,32.7536],[129.948,32.7535],[129.9481,32.7535],[129.9481,32.7534],[129.9482,32.7533],[129.9483,32.7532],[129.9484,32.7531],[129.9485,32.753],[129.9488,32.7531],[129.9488,32.7531],[129.9488,32.7531],[129.9489,32.7531],[129.9489,32.7531],[129.9489,32.7532],[129.9491,32.7533],[129.9492,32.7533],[129.9491,32.7533],[129.9491,32.7535],[129.9491,32.7535],[129.9491,32.7537],[129.9491,32.7537],[129.9491,32.7538],[129.949,32.7539],[129.949,32.754],[129.9489,32.7541],[129.9488,32.7542],[129.9488,32.7542],[129.9487,32.7543],[129.9485,32.7545],[129.9485,32.7545],[129.9487,32.7547],[129.9487,32.7547],[129.9486,32.7548],[129.9486,32.7548],[129.9486,32.7548],[129.9485,32.755],[129.9484,32.7551],[129.9484,32.7551],[129.9483,32.7553],[129.9483,32.7553],[129.9483,32.7554],[129.9482,32.7555],[129.9482,32.7555],[129.9481,32.7556],[129.9481,32.7557],[129.9482,32.7557],[129.9482,32.7557],[129.9482,32.7557],[129.9482,32.7556],[129.9486,32.7548],[129.9491,32.7546],[129.9493,32.7545],[129.9495,32.7544],[129.9495,32.7543],[129.9496,32.7543],[129.9497,32.7542],[129.9498,32.754],[129.9499,32.7538],[129.9499,32.7536],[129.95,32.7534],[129.95,32.7533],[129.95,32.7532],[129.95,32.7531],[129.9501,32.7531],[129.9501,32.7529],[129.9502,32.7528],[129.9503,32.7526],[129.9504,32.7524],[129.9505,32.7522],[129.9506,32.7521],[129.9507,32.7519],[129.9507,32.7518],[129.9508,32.7517],[129.9508,32.7516],[129.9508,32.7516],[129.9508,32.7515],[129.9509,32.7514],[129.9509,32.7513],[129.9509,32.7512],[129.9509,32.7512],[129.951,32.7511],[129.951,32.751],[129.9511,32.7509],[129.9512,32.7508],[129.9513,32.7508],[129.9514,32.7506],[129.9515,32.7504],[129.9516,32.7503],[129.9517,32.7502],[129.9516,32.7501],[129.9515,32.7501],[129.9515,32.7501],[129.9514,32.75],[129.9513,32.75],[129.9513,32.7499],[129.951,32.7497],[129.951,32.7498],[129.9509,32.7499],[129.9509,32.75],[129.9509,32.7501],[129.9509,32.7502],[129.9509,32.7504],[129.9509,32.7504],[129.9509,32.7505],[129.9508,32.7506],[129.9506,32.7509],[129.9505,32.7511],[129.9504,32.7511],[129.9502,32.7511],[129.9501,32.7512],[129.95,32.7512],[129.9501,32.7511],[129.9501,32.7511],[129.9501,32.751],[129.9501,32.751],[129.9501,32.7509],[129.95,32.7509],[129.9499,32.7508],[129.9499,32.7508],[129.9498,32.7508],[129.9497,32.7509],[129.9497,32.7508],[129.9496,32.7508],[129.9495,32.7507],[129.9495,32.7507],[129.9494,32.7507],[129.9493,32.7506],[129.9493,32.7506],[129.9493,32.7506],[129.9493,32.7506],[129.9492,32.7505],[129.9492,32.7505],[129.9492,32.7505],[129.9491,32.7505],[129.9491,32.7504],[129.949,32.7504],[129.949,32.7504],[129.9489,32.7503],[129.9488,32.7503],[129.9488,32.7503],[129.9489,32.7504],[129.9489,32.7504],[129.9489,32.7505],[129.9488,32.7506],[129.9488,32.7506],[129.9488,32.7507],[129.9488,32.7507],[129.9489,32.7507],[129.9489,32.7508],[129.9489,32.7508],[129.949,32.7508],[129.9491,32.7509],[129.9491,32.7509],[129.9491,32.7509],[129.9492,32.751],[129.9492,32.751],[129.9492,32.751],[129.9492,32.7511],[129.9493,32.7511],[129.9493,32.7512],[129.9493,32.7512],[129.9493,32.7512],[129.9493,32.7514],[129.9493,32.7514],[129.9492,32.7515],[129.9492,32.7515],[129.9492,32.7515],[129.9491,32.7516],[129.9491,32.7516],[129.949,32.7516],[129.949,32.7517],[129.949,32.7516],[129.9489,32.7516],[129.9489,32.7517],[129.9488,32.7517],[129.9487,32.7517],[129.9487,32.7517],[129.9486,32.7517],[129.9485,32.7518],[129.9484,32.7518],[129.9483,32.7519],[129.9482,32.752],[129.9482,32.752],[129.9481,32.752],[129.9482,32.7521],[129.9482,32.7522],[129.9482,32.7522],[129.9483,32.7523],[129.9483,32.7524],[129.9483,32.7524],[129.9484,32.7525],[129.9481,32.7526],[129.948,32.7525],[129.9479,32.7525],[129.9479,32.7525],[129.9479,32.7524],[129.9478,32.7523],[129.9478,32.7524],[129.9476,32.7523],[129.9476,32.7523],[129.9475,32.7523],[129.9475,32.7524],[129.9475,32.7524],[129.9475,32.7525],[129.9475,32.7525],[129.9474,32.7526],[129.9474,32.7527],[129.9473,32.7527],[129.9472,32.7528],[129.9472,32.7528],[129.9471,32.7528],[129.947,32.7527],[129.947,32.7527],[129.9469,32.7526],[129.9469,32.7526],[129.9469,32.7526],[129.9468,32.7526],[129.9468,32.7526],[129.9467,32.7526],[129.9467,32.7525],[129.9466,32.7525],[129.9465,32.7525],[129.9465,32.7525],[129.9464,32.7525],[129.9463,32.7524],[129.9462,32.7524],[129.9461,32.7523],[129.946,32.7523],[129.946,32.7523],[129.9459,32.7523],[129.9458,32.7523],[129.9458,32.7524],[129.9458,32.7525],[129.9458,32.7526],[129.9458,32.7527],[129.9457,32.7527],[129.9457,32.7527],[129.9456,32.7527],[129.9456,32.7527],[129.9455,32.7528],[129.9455,32.7528],[129.9455,32.7529],[129.9455,32.753],[129.9454,32.753],[129.9454,32.753],[129.9453,32.753],[129.9452,32.753],[129.945,32.753],[129.945,32.753],[129.945,32.753],[129.9449,32.753],[129.9449,32.753],[129.9448,32.753],[129.9447,32.7529],[129.9446,32.7528],[129.9445,32.7527],[129.9444,32.7525],[129.9444,32.7524],[129.9444,32.7523],[129.9444,32.7523],[129.9444,32.7522],[129.9444,32.7522],[129.9443,32.7522],[129.9442,32.7521],[129.9441,32.752],[129.944,32.752],[129.9439,32.7519],[129.9438,32.7518],[129.9437,32.7518],[129.9436,32.7517],[129.9434,32.7517],[129.9432,32.7516],[129.9432,32.7516],[129.9431,32.7517],[129.9431,32.7517],[129.9431,32.7519],[129.943,32.7519],[129.943,32.752],[129.943,32.7521],[129.9429,32.7521],[129.9429,32.7522],[129.9428,32.7521],[129.9426,32.7521],[129.9424,32.752],[129.9423,32.7518],[129.9423,32.7518],[129.9422,32.7517],[129.9421,32.7517],[129.942,32.7516],[129.9418,32.7516],[129.9416,32.7515],[129.9413,32.7515],[129.9411,32.7516],[129.9409,32.7516],[129.9408,32.7516],[129.9407,32.7516],[129.9406,32.7516],[129.9405,32.7516],[129.9405,32.7516],[129.9404,32.7515],[129.9403,32.7514],[129.9403,32.7514],[129.9402,32.7513],[129.9402,32.7514],[129.9401,32.7514],[129.9401,32.7515],[129.94,32.7515],[129.94,32.7517],[129.9399,32.7518],[129.9399,32.7519],[129.9399,32.752],[129.9399,32.7521],[129.9399,32.7522],[129.9399,32.7522],[129.9399,32.7523],[129.9398,32.7523],[129.9397,32.7523],[129.9395,32.7523],[129.9394,32.7523],[129.9393,32.7522],[129.9392,32.7521],[129.9392,32.752],[129.9391,32.752],[129.9391,32.7519],[129.9391,32.7519],[129.939,32.7519],[129.939,32.7519],[129.939,32.752],[129.9389,32.752],[129.9389,32.7521],[129.9389,32.7522],[129.9389,32.7524],[129.939,32.7524],[129.9391,32.7524],[129.9392,32.7525],[129.9393,32.7525],[129.9394,32.7525],[129.9395,32.7526],[129.9395,32.7526],[129.9396,32.7527],[129.9396,32.7527],[129.9397,32.7528],[129.94,32.7535],[129.9404,32.7542],[129.9405,32.7544],[129.9406,32.7545],[129.9407,32.7546],[129.9408,32.7546],[129.9408,32.7547],[129.9408,32.7547],[129.9409,32.7552],[129.9409,32.7552],[129.9409,32.7552],[129.9409,32.7552],[129.9409,32.7553],[129.9409,32.7553],[129.9409,32.7553],[129.9409,32.7553],[129.9409,32.7554],[129.9409,32.7555],[129.9409,32.7557],[129.9409,32.7559],[129.9406,32.7562],[129.9405,32.7562],[129.9403,32.7562],[129.9403,32.7563],[129.9402,32.7563],[129.9401,32.7565],[129.9401,32.7565],[129.94,32.7565],[129.9398,32.7566],[129.9398,32.7566],[129.9397,32.7568],[129.9397,32.7569],[129.9395,32.7569],[129.9393,32.757],[129.9393,32.757],[129.9393,32.757],[129.9392,32.7571],[129.9392,32.7571],[129.9393,32.7572],[129.9394,32.7573],[129.9394,32.7573],[129.9394,32.7574],[129.9393,32.7574],[129.9394,32.7575],[129.9394,32.7575],[129.9394,32.7577],[129.9394,32.7578],[129.9393,32.7579],[129.9392,32.758],[129.9392,32.7581],[129.9392,32.7583],[129.9391,32.7583],[129.939,32.7583],[129.9389,32.7583],[129.9388,32.7584],[129.9387,32.7585],[129.9385,32.7586],[129.9384,32.7586],[129.9382,32.7586],[129.938,32.7586],[129.9379,32.7585],[129.938,32.7584],[129.938,32.7584],[129.938,32.7583],[129.9381,32.7583],[129.938,32.7582],[129.9379,32.758],[129.9379,32.758],[129.9378,32.7578],[129.9378,32.7577],[129.9379,32.7577],[129.9375,32.7577],[129.9374,32.7577],[129.9374,32.7578],[129.9374,32.7579],[129.9374,32.7579],[129.9374,32.758],[129.9373,32.7581],[129.9372,32.7582],[129.9372,32.7583],[129.9371,32.7583],[129.9371,32.7583],[129.937,32.7583],[129.937,32.7583],[129.937,32.7584],[129.937,32.7585],[129.937,32.7586],[129.9368,32.7586],[129.9367,32.7586],[129.9365,32.7586],[129.9363,32.7585],[129.9362,32.7585],[129.936,32.7584],[129.936,32.7584],[129.9359,32.7583],[129.9358,32.7583],[129.9357,32.7582],[129.9355,32.7582],[129.9354,32.7581],[129.9352,32.758],[129.9351,32.758],[129.935,32.758],[129.9348,32.7579],[129.9347,32.7579],[129.9346,32.7578],[129.9346,32.7578],[129.9345,32.7578],[129.9344,32.7577],[129.9343,32.7576],[129.9342,32.7575],[129.9341,32.7574],[129.934,32.7573],[129.9339,32.7571],[129.9338,32.757],[129.9337,32.7572],[129.9336,32.7572],[129.9335,32.7571],[129.9334,32.7568],[129.9333,32.7567],[129.9332,32.7565],[129.9332,32.7564],[129.9332,32.7564],[129.9332,32.7564],[129.9332,32.7564],[129.9333,32.7564],[129.9334,32.7565],[129.9334,32.7565],[129.9335,32.7565],[129.9335,32.7565],[129.9336,32.7566],[129.9336,32.7566],[129.9336,32.7565],[129.9335,32.7564],[129.9335,32.7563],[129.9334,32.7561],[129.9333,32.756],[129.9333,32.7559],[129.9333,32.7558],[129.9333,32.7557],[129.9333,32.7557],[129.9332,32.7557],[129.9331,32.7556],[129.933,32.7555],[129.9328,32.7555],[129.9328,32.7554],[129.9327,32.7554],[129.9327,32.7553],[129.9326,32.7551],[129.9326,32.755],[129.9325,32.755],[129.9324,32.755],[129.9324,32.755],[129.9324,32.755],[129.9323,32.7551],[129.9323,32.7551],[129.9323,32.7552],[129.9323,32.7552],[129.9322,32.7552],[129.9322,32.7552],[129.9322,32.7553],[129.9321,32.7553],[129.9321,32.7553],[129.932,32.7554],[129.932,32.7555],[129.932,32.7555],[129.9319,32.7555],[129.9319,32.7555],[129.9319,32.7556],[129.9319,32.7556],[129.9319,32.7557],[129.9319,32.7557],[129.9318,32.7557],[129.9317,32.7557],[129.9317,32.7557],[129.9316,32.7558],[129.9316,32.7559],[129.9315,32.756],[129.9315,32.7561],[129.9315,32.7562],[129.9316,32.7563],[129.9316,32.7564],[129.9316,32.7564],[129.9316,32.7565],[129.9317,32.7566],[129.9317,32.7567],[129.9316,32.7567],[129.9316,32.7569],[129.9316,32.7569],[129.9316,32.757],[129.9315,32.757],[129.9312,32.7572],[129.9311,32.7574],[129.931,32.7575],[129.931,32.7575],[129.9309,32.7576],[129.9309,32.7576],[129.9309,32.7577],[129.9309,32.7578],[129.9309,32.7578],[129.931,32.7578],[129.9311,32.7578],[129.9312,32.7578],[129.9314,32.7578],[129.9315,32.7578],[129.9316,32.7578],[129.9317,32.7578],[129.9317,32.7578],[129.9318,32.7578],[129.9319,32.7578],[129.932,32.7577],[129.9323,32.7576],[129.9324,32.7576],[129.9325,32.7576],[129.9326,32.7575],[129.9326,32.7575],[129.9327,32.7574],[129.9329,32.7573],[129.9329,32.7572],[129.933,32.7572],[129.933,32.7572],[129.9331,32.7572],[129.9332,32.7572],[129.9333,32.7572],[129.9334,32.7573],[129.9333,32.7574],[129.9333,32.7575],[129.9333,32.7576],[129.9333,32.7577],[129.9333,32.7578],[129.9332,32.7578],[129.9333,32.7579],[129.9333,32.758],[129.9333,32.7584],[129.9333,32.7586],[129.9334,32.7588],[129.9334,32.7589],[129.9333,32.7591],[129.9333,32.7592],[129.9332,32.7593],[129.9331,32.7595],[129.9331,32.7596],[129.9331,32.7597],[129.9331,32.7597],[129.9333,32.76],[129.9333,32.76],[129.9336,32.7603],[129.9337,32.7603],[129.9337,32.7603],[129.9341,32.7606],[129.9344,32.7608],[129.9348,32.7611],[129.9352,32.7614],[129.9355,32.7616],[129.9358,32.7619],[129.9359,32.762],[129.936,32.7622],[129.9361,32.7624],[129.9362,32.7627],[129.9362,32.7628],[129.9363,32.763],[129.9363,32.7631],[129.9363,32.7633],[129.9363,32.7634],[129.9362,32.7635],[129.9362,32.7636],[129.936,32.7638],[129.9359,32.764],[129.9358,32.7641],[129.9357,32.7643],[129.9357,32.7644],[129.9357,32.7645],[129.9358,32.7646],[129.9355,32.7647],[129.9354,32.7648],[129.9352,32.7649],[129.9353,32.765],[129.9353,32.765],[129.9354,32.7651],[129.9355,32.7651],[129.9356,32.7651],[129.9356,32.7651],[129.9358,32.765],[129.9359,32.765],[129.9359,32.765],[129.936,32.7651],[129.9361,32.7651],[129.9361,32.7651],[129.9363,32.7655],[129.9363,32.7656],[129.9364,32.7656],[129.9364,32.7656],[129.9365,32.7657],[129.9366,32.7657],[129.9367,32.7658],[129.9369,32.7657],[129.9371,32.7657],[129.9372,32.7656],[129.9373,32.7655],[129.9374,32.7655],[129.9374,32.7655],[129.9374,32.7653],[129.9374,32.7652],[129.9375,32.7652],[129.9376,32.765],[129.9377,32.7649],[129.9377,32.7649],[129.938,32.7644],[129.9382,32.7644],[129.9383,32.7644],[129.9385,32.7645],[129.9387,32.7645],[129.939,32.7645],[129.9391,32.7645],[129.9394,32.7646],[129.9395,32.7646],[129.9395,32.7646],[129.9397,32.7647],[129.9401,32.7649],[129.9402,32.765],[129.9403,32.7651],[129.9404,32.7652],[129.9404,32.7654],[129.9405,32.7655],[129.9406,32.7658],[129.9408,32.766],[129.9408,32.7662],[129.9409,32.7664],[129.9409,32.7665],[129.9409,32.7667],[129.9409,32.7669],[129.9408,32.7671],[129.9407,32.7672],[129.9406,32.7674],[129.9397,32.7684],[129.9385,32.7696],[129.9381,32.7701],[129.9379,32.7703],[129.9377,32.7706],[129.9375,32.7707],[129.9371,32.7703],[129.9363,32.7708],[129.9363,32.7709],[129.9363,32.7711],[129.9362,32.7713],[129.9362,32.7715],[129.9362,32.7716],[129.9362,32.7717],[129.9363,32.7717],[129.9367,32.7719],[129.9368,32.7719],[129.9371,32.7721],[129.9373,32.7722],[129.9374,32.7723],[129.9374,32.7723],[129.9374,32.7724],[129.9374,32.7724],[129.9374,32.7725],[129.9374,32.7725],[129.9373,32.7726],[129.9372,32.7726],[129.9371,32.7727],[129.9371,32.7727],[129.9371,32.7728],[129.9371,32.7729],[129.9372,32.773],[129.9372,32.7732],[129.9372,32.7733],[129.9372,32.7733],[129.9372,32.7734],[129.9371,32.7734],[129.9372,32.7737],[129.9372,32.7738],[129.9373,32.774],[129.9374,32.7742],[129.9376,32.7743],[129.9377,32.7744],[129.9379,32.7744],[129.938,32.7744],[129.9383,32.7744],[129.9384,32.7743],[129.9386,32.7742],[129.9387,32.7742],[129.9388,32.7742],[129.9389,32.7742],[129.939,32.7742],[129.9392,32.7741],[129.9393,32.774],[129.9394,32.7739],[129.9396,32.7739],[129.9398,32.7738],[129.94,32.7737],[129.9403,32.7735],[129.9406,32.7731],[129.9407,32.7729],[129.9408,32.7727],[129.9408,32.7727],[129.9407,32.7723],[129.9407,32.772],[129.9407,32.7719],[129.9407,32.7718],[129.9408,32.7716],[129.9408,32.7715],[129.9409,32.7713],[129.9408,32.7711],[129.9408,32.771],[129.9408,32.7708],[129.9408,32.7707],[129.941,32.7703],[129.9413,32.7699],[129.9426,32.7698],[129.9426,32.7698],[129.9428,32.7699],[129.9429,32.7698],[129.9431,32.7698],[129.9434,32.7697],[129.9437,32.7699],[129.9439,32.77],[129.9441,32.7702],[129.9442,32.7703],[129.9443,32.7704],[129.9443,32.7705],[129.9445,32.7708],[129.9446,32.7709],[129.9447,32.771],[129.945,32.7713],[129.9451,32.7714],[129.9452,32.7717],[129.9453,32.7718],[129.9454,32.7719],[129.9455,32.7721],[129.9455,32.7721],[129.9455,32.7722],[129.9457,32.7724],[129.9457,32.7725],[129.9456,32.7725],[129.9457,32.7727],[129.9444,32.7731],[129.9446,32.7735],[129.9452,32.7745],[129.9453,32.7745],[129.9454,32.7744],[129.9455,32.7744],[129.9456,32.7744],[129.9457,32.7744],[129.9464,32.7737],[129.9465,32.7735],[129.9466,32.7734],[129.9466,32.7734],[129.9467,32.7733],[129.9469,32.7733],[129.9472,32.7732],[129.9473,32.7732],[129.9473,32.7732],[129.9472,32.7731],[129.9471,32.773],[129.9471,32.773],[129.9473,32.7729],[129.9479,32.7728],[129.948,32.7731],[129.9485,32.7731],[129.9487,32.7731],[129.9488,32.7733],[129.949,32.7733],[129.949,32.7733],[129.9491,32.7735],[129.9494,32.7745],[129.9494,32.7746],[129.9495,32.7746],[129.9497,32.7746],[129.9498,32.7748],[129.9499,32.7749],[129.9499,32.775],[129.9501,32.7751],[129.9501,32.7751],[129.9502,32.7754],[129.9502,32.7754],[129.9504,32.7759],[129.9507,32.7758],[129.9509,32.7758],[129.951,32.7758],[129.9511,32.7759],[129.9511,32.7759],[129.9512,32.7761],[129.9512,32.7761],[129.9513,32.7764],[129.9515,32.7767],[129.9518,32.7767],[129.952,32.7766],[129.9521,32.7771],[129.9519,32.7771],[129.9517,32.7772],[129.9516,32.7772],[129.9509,32.7773],[129.9496,32.7774],[129.9496,32.7774],[129.9493,32.7774],[129.9491,32.7775],[129.949,32.7776],[129.9489,32.7778],[129.9489,32.7778],[129.9489,32.7777],[129.9489,32.7776],[129.9488,32.7776],[129.9487,32.7775],[129.9488,32.7773],[129.9489,32.7769],[129.949,32.7768],[129.949,32.7767],[129.9491,32.7765],[129.9492,32.7765],[129.9494,32.7765],[129.9495,32.7765],[129.9492,32.7763],[129.9491,32.7761],[129.9491,32.7761],[129.9491,32.7761],[129.9489,32.7762],[129.9489,32.7763],[129.9489,32.7764],[129.9487,32.7767],[129.9487,32.7768],[129.9485,32.7769],[129.9485,32.777],[129.9481,32.7783],[129.9481,32.7784],[129.9481,32.7784],[129.948,32.7784],[129.948,32.7784],[129.948,32.7784],[129.9481,32.7773],[129.9481,32.7771],[129.9481,32.7769],[129.9481,32.7768],[129.9481,32.7766],[129.9481,32.7764],[129.9481,32.7763],[129.9481,32.7763],[129.9481,32.7762],[129.948,32.7758],[129.9478,32.7757],[129.9476,32.7755],[129.9472,32.7753],[129.9469,32.7752],[129.9463,32.775],[129.9463,32.775],[129.9463,32.775],[129.9462,32.7749],[129.946,32.7752],[129.9458,32.7751],[129.9457,32.7751],[129.9456,32.7751],[129.9453,32.775],[129.9451,32.7751],[129.9449,32.7752],[129.9447,32.7749],[129.9447,32.7748],[129.9446,32.7747],[129.9445,32.7748],[129.9445,32.7748],[129.9445,32.7749],[129.9444,32.7749],[129.9441,32.775],[129.944,32.7751],[129.944,32.7751],[129.9439,32.7752],[129.9438,32.7751],[129.9437,32.7751],[129.9437,32.775],[129.9431,32.7753],[129.9431,32.7756],[129.943,32.7756],[129.9426,32.7759],[129.9428,32.7761],[129.9429,32.7763],[129.943,32.7764],[129.9431,32.7765],[129.9429,32.777],[129.9429,32.7772],[129.9429,32.7773],[129.9428,32.7775],[129.9428,32.7778],[129.9428,32.778],[129.9428,32.7781],[129.9424,32.7782],[129.9424,32.7782],[129.9423,32.7783],[129.9422,32.7783],[129.9421,32.7784],[129.942,32.7784],[129.942,32.7784],[129.9417,32.7787],[129.9416,32.7788],[129.9413,32.7791],[129.9413,32.7791],[129.9416,32.7795],[129.9417,32.7796],[129.9419,32.7795],[129.9419,32.7794],[129.9419,32.7794],[129.9419,32.7794],[129.9419,32.7794],[129.9421,32.7793],[129.9422,32.7793],[129.9422,32.7793],[129.9422,32.7793],[129.9422,32.7793],[129.9423,32.7793],[129.9428,32.7793],[129.9431,32.7793],[129.9431,32.7793],[129.9434,32.7793],[129.9434,32.7793],[129.9435,32.7793],[129.9436,32.7793],[129.9445,32.7793],[129.9444,32.7789],[129.9444,32.7788],[129.9445,32.7788],[129.9448,32.7788],[129.9451,32.7788],[129.9452,32.7787],[129.9453,32.7787],[129.9455,32.7786],[129.9455,32.7785],[129.9456,32.7783],[129.9457,32.7781],[129.9457,32.7781],[129.9457,32.778],[129.9458,32.7775],[129.9458,32.7774],[129.9458,32.7773],[129.9459,32.7772],[129.9459,32.7771],[129.946,32.777],[129.946,32.7771],[129.946,32.7771],[129.9461,32.7772],[129.9462,32.7772],[129.9462,32.7772],[129.9462,32.7772],[129.9462,32.7774],[129.9462,32.7775],[129.9462,32.7779],[129.9461,32.7782],[129.946,32.7788],[129.946,32.7788],[129.9461,32.7788],[129.9461,32.7788],[129.9463,32.7788],[129.9467,32.7787],[129.947,32.7787],[129.9471,32.7787],[129.9471,32.7787],[129.9472,32.7787],[129.9475,32.7788],[129.9475,32.7789],[129.9475,32.779],[129.9475,32.7791],[129.9474,32.7792],[129.9473,32.7792],[129.9472,32.7792],[129.9471,32.7791],[129.9471,32.7791],[129.947,32.7791],[129.9469,32.7791],[129.9469,32.7791],[129.9468,32.779],[129.9468,32.7789],[129.9468,32.7788],[129.9464,32.7789],[129.9464,32.779],[129.9464,32.7791],[129.9464,32.7791],[129.9463,32.7793],[129.9463,32.7793],[129.946,32.7795],[129.9459,32.7795],[129.9458,32.7798],[129.9458,32.7798],[129.9457,32.78],[129.9455,32.7801],[129.9454,32.7801],[129.9453,32.7802],[129.9452,32.7802],[129.945,32.7803],[129.9446,32.7803],[129.9446,32.7804],[129.9446,32.7805],[129.9445,32.7805],[129.9444,32.7805],[129.9444,32.7805],[129.9444,32.7806],[129.9445,32.7806],[129.9443,32.7807],[129.9443,32.7807],[129.9443,32.7807],[129.9444,32.7809],[129.9439,32.7811],[129.944,32.7812],[129.9443,32.7811],[129.9447,32.7811],[129.9448,32.7811],[129.9449,32.7811],[129.9452,32.7809],[129.9453,32.7808],[129.9455,32.7808],[129.9457,32.7807],[129.946,32.7807],[129.9462,32.7808],[129.9465,32.7808],[129.947,32.7808],[129.9475,32.7808],[129.9479,32.7809],[129.9483,32.781],[129.9484,32.781],[129.9485,32.781],[129.9487,32.7808],[129.949,32.7808],[129.9496,32.7806],[129.9498,32.7806],[129.9498,32.7805],[129.9501,32.7806],[129.9504,32.7806],[129.9504,32.7806],[129.9509,32.7807],[129.951,32.7807],[129.9514,32.7799],[129.9515,32.7798],[129.9519,32.78],[129.9516,32.7804],[129.9516,32.7808],[129.9515,32.7808],[129.9514,32.7808],[129.9513,32.7808],[129.951,32.7808],[129.9505,32.7816],[129.9505,32.7816],[129.9502,32.7821],[129.9503,32.7823],[129.9505,32.7824],[129.9507,32.7825],[129.9509,32.7826],[129.9509,32.7826],[129.9516,32.783]]]},"properties":{"name":"長崎市","pop":2}},{"type":"Feature","geometry":{"type":"Polygon","coordinates":[[[129.8268,32.7081],[129.8268,32.7081],[129.8268,32.708],[129.8268,32.708],[129.8268,32.708],[129.8269,32.708],[129.8269,32.708],[129.8269,32.708],[129.8269,32.708],[129.8269,32.7079],[129.8269,32.7079],[129.8269,32.7079],[129.827,32.7079],[129.827,32.7078],[129.827,32.7078],[129.8271,32.7078],[129.8271,32.7078],[129.8271,32.7077],[129.8271,32.7077],[129.8271,32.7077],[129.8271,32.7077],[129.8271,32.7076],[129.8271,32.7076],[129.8272,32.7076],[129.8272,32.7076],[129.8272,32.7076],[129.8273,32.7076],[129.8273,32.7075],[129.8274,32.7075],[129.8274,32.7076],[129.8275,32.7076],[129.8276,32.7076],[129.8276,32.7076],[129.8277,32.7077],[129.8277,32.7077],[129.8278,32.7077],[129.8278,32.7078],[129.8279,32.7078],[129.8279,32.7078],[129.8279,32.7078],[129.8279,32.7078],[129.8279,32.7079],[129.8279,32.7079],[129.8279,32.7079],[129.828,32.7079],[129.828,32.7079],[129.828,32.7079],[129.828,32.7079],[129.8281,32.7079],[129.8281,32.7078],[129.8281,32.7078],[129.8281,32.7078],[129.8281,32.7077],[129.8281,32.7077],[129.8281,32.7077],[129.8281,32.7076],[129.8281,32.7076],[129.8281,32.7075],[129.8281,32.7075],[129.8281,32.7075],[129.8281,32.7075],[129.8281,32.7074],[129.8281,32.7074],[129.8281,32.7074],[129.828,32.7073],[129.828,32.7073],[129.828,32.7073],[129.828,32.7073],[129.828,32.7072],[129.828,32.7072],[129.828,32.7071],[129.8281,32.7071],[129.8281,32.707],[129.8281,32.707],[129.8281,32.707],[129.8281,32.707],[129.8282,32.707],[129.8282,32.707],[129.8282,32.707],[129.8283,32.707],[129.8283,32.707],[129.8283,32.707],[129.8284,32.707],[129.8284,32.707],[129.8285,32.707],[129.8285,32.707],[129.8286,32.707],[129.8287,32.707],[129.8287,32.707],[129.8288,32.7071],[129.8288,32.7071],[129.8289,32.7071],[129.829,32.7071],[129.829,32.707],[129.8294,32.7076],[129.8294,32.7076],[129.8295,32.7079],[129.8299,32.7078],[129.8301,32.7083],[129.8302,32.7083],[129.8299,32.7075],[129.83,32.7075],[129.83,32.7075],[129.83,32.7075],[129.83,32.7074],[129.83,32.7075],[129.83,32.7074],[129.8299,32.7075],[129.8298,32.7072],[129.8299,32.7072],[129.8298,32.7071],[129.8298,32.7071],[129.8297,32.7069],[129.8298,32.7069],[129.8298,32.7069],[129.8298,32.7069],[129.8298,32.7068],[129.8297,32.7069],[129.8297,32.7068],[129.8297,32.7068],[129.8295,32.7063],[129.8295,32.7063],[129.8295,32.7062],[129.8294,32.7062],[129.8293,32.7059],[129.8294,32.7059],[129.8294,32.7059],[129.8294,32.7059],[129.8294,32.7059],[129.8294,32.7059],[129.8293,32.7056],[129.8293,32.7056],[129.8293,32.7056],[129.8293,32.7056],[129.8291,32.7051],[129.8289,32.7051],[129.8288,32.705],[129.8287,32.705],[129.8288,32.7049],[129.8288,32.7049],[129.8287,32.7049],[129.8287,32.7049],[129.8286,32.7049],[129.8283,32.7041],[129.8283,32.704],[129.8283,32.704],[129.8284,32.704],[129.8284,32.704],[129.8284,32.704],[129.8282,32.7035],[129.8289,32.7033],[129.8288,32.7029],[129.8283,32.7031],[129.8283,32.7031],[129.8283,32.7031],[129.8283,32.703],[129.8283,32.7029],[129.828,32.7023],[129.828,32.7023],[129.828,32.7022],[129.828,32.7022],[129.8279,32.7022],[129.828,32.7022],[129.8279,32.702],[129.8278,32.7016],[129.8283,32.7015],[129.8283,32.7014],[129.8282,32.7014],[129.8282,32.7014],[129.8281,32.7012],[129.828,32.7012],[129.828,32.7011],[129.8279,32.701],[129.8277,32.7005],[129.8277,32.7003],[129.8275,32.7],[129.8275,32.6999],[129.8274,32.6997],[129.8273,32.6993],[129.8272,32.6991],[129.8267,32.6978],[129.8266,32.6975],[129.8265,32.6971],[129.8264,32.6969],[129.8262,32.6965],[129.8261,32.6963],[129.825,32.6959],[129.8237,32.6963],[129.8237,32.6962],[129.8237,32.6961],[129.8236,32.6961],[129.8236,32.696],[129.8236,32.696],[129.8236,32.6959],[129.8236,32.6959],[129.8235,32.6957],[129.8235,32.6957],[129.8235,32.6957],[129.8235,32.6957],[129.8234,32.6955],[129.8234,32.6955],[129.8234,32.6954],[129.8235,32.6954],[129.8234,32.6952],[129.8232,32.6952],[129.8231,32.695],[129.8231,32.695],[129.823,32.6949],[129.823,32.6949],[129.8215,32.6954],[129.8214,32.6954],[129.8213,32.6954],[129.8213,32.6954],[129.8209,32.6955],[129.8208,32.6955],[129.8207,32.6956],[129.8207,32.6956],[129.8204,32.6957],[129.8203,32.6956],[129.82,32.695],[129.82,32.695],[129.8201,32.6951],[129.8205,32.6947],[129.8205,32.6947],[129.8205,32.6946],[129.8206,32.6945],[129.8207,32.6945],[129.8207,32.6945],[129.8207,32.6945],[129.821,32.6942],[129.821,32.6942],[129.8222,32.6933],[129.8221,32.6932],[129.8225,32.6929],[129.8222,32.6927],[129.8224,32.6926],[129.8226,32.6928],[129.8227,32.6927],[129.8228,32.6927],[129.8229,32.6927],[129.8238,32.692],[129.824,32.6918],[129.8242,32.6917],[129.8249,32.6911],[129.8248,32.691],[129.825,32.6908],[129.825,32.6908],[129.8253,32.6906],[129.8256,32.6903],[129.8257,32.6904],[129.826,32.6901],[129.8259,32.69],[129.8278,32.6885],[129.8282,32.6882],[129.8282,32.6881],[129.8284,32.6883],[129.8285,32.6883],[129.8283,32.6881],[129.8284,32.6879],[129.8284,32.6879],[129.8288,32.6875],[129.8287,32.6875],[129.8288,32.6872],[129.8287,32.6872],[129.8288,32.6872],[129.8284,32.687],[129.8284,32.687],[129.8288,32.6872],[129.829,32.6868],[129.829,32.6868],[129.8289,32.687],[129.8284,32.6868],[129.8286,32.6865],[129.8286,32.6865],[129.8287,32.6862],[129.8289,32.6863],[129.8289,32.6863],[129.8288,32.6862],[129.8289,32.6861],[129.8288,32.6861],[129.8289,32.686],[129.829,32.6861],[129.8291,32.6865],[129.8292,32.6866],[129.8293,32.6865],[129.8295,32.6866],[129.8295,32.6867],[129.8297,32.6867],[129.8297,32.6868],[129.83,32.6869],[129.83,32.6869],[129.8303,32.687],[129.8303,32.687],[129.8303,32.6871],[129.8303,32.687],[129.8306,32.6871],[129.8305,32.6873],[129.8304,32.6873],[129.8299,32.6884],[129.8294,32.6897],[129.8295,32.6897],[129.8301,32.6884],[129.8303,32.688],[129.8305,32.6882],[129.8309,32.6883],[129.8308,32.6883],[129.8309,32.6884],[129.8309,32.6883],[129.8311,32.6884],[129.8311,32.6884],[129.8311,32.6884],[129.8311,32.6884],[129.8313,32.6884],[129.8312,32.6885],[129.8313,32.6885],[129.8313,32.6885],[129.8315,32.6885],[129.8314,32.6885],[129.8315,32.6886],[129.8315,32.6885],[129.8318,32.6886],[129.8318,32.6886],[129.8319,32.6887],[129.832,32.6886],[129.8319,32.6887],[129.8331,32.6891],[129.8331,32.6892],[129.8332,32.6892],[129.8332,32.6893],[129.8331,32.6895],[129.8333,32.6896],[129.8339,32.6898],[129.8339,32.6898],[129.8339,32.6898],[129.8342,32.6899],[129.8342,32.6899],[129.8342,32.6899],[129.8343,32.6899],[129.8344,32.6899],[129.8345,32.6896],[129.8347,32.6897],[129.835,32.689],[129.8353,32.6884],[129.8353,32.6885],[129.8353,32.6884],[129.8354,32.6883],[129.8358,32.6884],[129.8359,32.6885],[129.8359,32.6885],[129.8359,32.6885],[129.836,32.6885],[129.8362,32.6886],[129.8362,32.6886],[129.8367,32.6887],[129.8369,32.6886],[129.8374,32.6881],[129.8375,32.6879],[129.8379,32.6874],[129.838,32.6874],[129.838,32.6872],[129.8383,32.687],[129.8383,32.687],[129.8384,32.687],[129.8384,32.6869],[129.8385,32.6869],[129.8386,32.6869],[129.8386,32.6869],[129.8386,32.6868],[129.8386,32.6868],[129.8386,32.6867],[129.8387,32.6866],[129.8388,32.6865],[129.8389,32.6865],[129.8389,32.6866],[129.8389,32.6866],[129.8389,32.6866],[129.8389,32.6866],[129.8389,32.6867],[129.839,32.6868],[129.8388,32.6871],[129.8386,32.6872],[129.8385,32.6872],[129.8383,32.6874],[129.8382,32.6875],[129.8381,32.6877],[129.8379,32.6879],[129.8378,32.688],[129.8378,32.688],[129.8377,32.6882],[129.8376,32.6882],[129.8374,32.6885],[129.8373,32.6887],[129.837,32.6889],[129.8368,32.689],[129.8366,32.6892],[129.8366,32.6892],[129.8366,32.6892],[129.8367,32.6892],[129.8368,32.6892],[129.8367,32.6891],[129.8368,32.6891],[129.8368,32.6891],[129.8372,32.6888],[129.8371,32.6889],[129.8371,32.6889],[129.8371,32.689],[129.8371,32.689],[129.8371,32.6891],[129.8373,32.6891],[129.8373,32.6892],[129.8374,32.6893],[129.8374,32.6894],[129.8374,32.6894],[129.8374,32.6895],[129.8374,32.6895],[129.8373,32.6896],[129.8373,32.6896],[129.8373,32.6896],[129.8373,32.6896],[129.8373,32.6896],[129.8373,32.6896],[129.8373,32.6896],[129.8373,32.6897],[129.8373,32.6897],[129.8372,32.6897],[129.8372,32.6897],[129.8373,32.6897],[129.8373,32.6897],[129.8373,32.6897],[129.8373,32.6897],[129.8373,32.6897],[129.8373,32.6898],[129.8373,32.6898],[129.8373,32.6898],[129.8372,32.6898],[129.8372,32.6898],[129.8372,32.6898],[129.8372,32.6898],[129.8371,32.6898],[129.8371,32.6898],[129.8371,32.6898],[129.837,32.6898],[129.837,32.6898],[129.837,32.6898],[129.8369,32.6898],[129.8368,32.6898],[129.8367,32.6898],[129.8366,32.69],[129.8365,32.6901],[129.8364,32.6902],[129.8364,32.6902],[129.8364,32.6902],[129.8363,32.6903],[129.8366,32.6905],[129.8366,32.6905],[129.8368,32.6905],[129.8368,32.6905],[129.8369,32.6906],[129.8369,32.6906],[129.8369,32.6907],[129.8369,32.6907],[129.8369,32.6907],[129.8369,32.6907],[129.8369,32.6908],[129.8369,32.6908],[129.8368,32.6908],[129.8369,32.691],[129.837,32.6909],[129.837,32.691],[129.837,32.691],[129.837,32.691],[129.837,32.691],[129.8371,32.6911],[129.8371,32.6911],[129.8372,32.6912],[129.8373,32.6912],[129.8373,32.6913],[129.8373,32.6913],[129.8375,32.6914],[129.8376,32.6914],[129.8376,32.6915],[129.8376,32.6915],[129.8377,32.6915],[129.8378,32.6916],[129.8378,32.6916],[129.8377,32.6916],[129.8376,32.6917],[129.8376,32.6918],[129.8375,32.6918],[129.8376,32.6918],[129.8375,32.6918],[129.8375,32.6918],[129.8375,32.6919],[129.8373,32.6918],[129.8372,32.6918],[129.837,32.6917],[129.8364,32.6913],[129.8364,32.6913],[129.8364,32.6913],[129.8364,32.6913],[129.8364,32.6913],[129.8363,32.6913],[129.8361,32.6913],[129.8361,32.6913],[129.8361,32.6914],[129.836,32.6914],[129.836,32.6914],[129.836,32.6915],[129.836,32.6916],[129.836,32.6916],[129.836,32.6916],[129.8359,32.6917],[129.8359,32.6918],[129.8359,32.6918],[129.836,32.6918],[129.8359,32.6919],[129.8359,32.692],[129.8359,32.6921],[129.8357,32.6921],[129.8353,32.6921],[129.8354,32.6918],[129.8352,32.6918],[129.8352,32.6921],[129.8347,32.6921],[129.8347,32.6924],[129.8348,32.6923],[129.8347,32.6926],[129.8347,32.6926],[129.8347,32.6926],[129.8347,32.6928],[129.8347,32.6928],[129.8347,32.6937],[129.8347,32.6937],[129.8347,32.6937],[129.8346,32.6937],[129.8346,32.6939],[129.8335,32.6939],[129.8335,32.6935],[129.8334,32.6935],[129.8334,32.694],[129.8335,32.694],[129.8335,32.6939],[129.8337,32.6939],[129.8347,32.694],[129.8347,32.6938],[129.8347,32.6938],[129.8347,32.694],[129.8355,32.694],[129.8355,32.694],[129.8371,32.6941],[129.8371,32.6941],[129.8371,32.6941],[129.8371,32.6941],[129.8371,32.6941],[129.8371,32.6941],[129.8371,32.6941],[129.8371,32.6941],[129.8347,32.6941],[129.8347,32.694],[129.8337,32.694],[129.8334,32.694],[129.8333,32.696],[129.8337,32.696],[129.8347,32.696],[129.8363,32.696],[129.8363,32.696],[129.8363,32.696],[129.8363,32.696],[129.8363,32.696],[129.8347,32.696],[129.8337,32.696],[129.8333,32.696],[129.8333,32.6965],[129.8333,32.6974],[129.8333,32.6975],[129.8343,32.6981],[129.8344,32.698],[129.8342,32.6979],[129.8342,32.6977],[129.8344,32.6977],[129.8344,32.6977],[129.8345,32.6977],[129.8345,32.6977],[129.8345,32.6977],[129.8345,32.6977],[129.8345,32.6977],[129.8345,32.6977],[129.8347,32.6977],[129.8349,32.6977],[129.8348,32.6977],[129.8348,32.698],[129.8353,32.6981],[129.8353,32.698],[129.8354,32.698],[129.8354,32.6984],[129.8349,32.6985],[129.8349,32.6985],[129.835,32.6988],[129.8349,32.6988],[129.835,32.699],[129.835,32.6989],[129.8351,32.6991],[129.8352,32.6991],[129.8353,32.6992],[129.8352,32.6993],[129.8352,32.6993],[129.8352,32.6993],[129.8352,32.6994],[129.8351,32.6995],[129.8353,32.6999],[129.8354,32.6999],[129.8358,32.6998],[129.8361,32.6997],[129.8375,32.699],[129.8373,32.6988],[129.8375,32.6987],[129.8376,32.6979],[129.8377,32.6979],[129.8377,32.698],[129.8378,32.698],[129.8378,32.698],[129.8384,32.698],[129.8384,32.6979],[129.839,32.6979],[129.839,32.698],[129.839,32.698],[129.8391,32.698],[129.8393,32.6979],[129.8393,32.6981],[129.8394,32.6981],[129.8394,32.6981],[129.8393,32.6981],[129.8393,32.698],[129.8394,32.698],[129.8394,32.698],[129.8396,32.6979],[129.84,32.6978],[129.84,32.6978],[129.8401,32.6978],[129.8401,32.6978],[129.8401,32.6978],[129.8401,32.6977],[129.8404,32.6978],[129.8405,32.696],[129.8405,32.696],[129.8405,32.6959],[129.8405,32.6959],[129.8406,32.6959],[129.8409,32.6959],[129.841,32.6959],[129.8411,32.6959],[129.8413,32.6958],[129.8413,32.6958],[129.8413,32.6958],[129.8413,32.6958],[129.8413,32.6958],[129.8413,32.6958],[129.8413,32.6958],[129.8412,32.6959],[129.8413,32.696],[129.8413,32.696],[129.8415,32.6959],[129.8415,32.6959],[129.8417,32.6958],[129.8417,32.6958],[129.8417,32.6958],[129.8419,32.6958],[129.8418,32.6955],[129.8417,32.6955],[129.8417,32.6955],[129.8418,32.6955],[129.8418,32.6955],[129.8419,32.6953],[129.8419,32.6953],[129.8419,32.6953],[129.8418,32.6952],[129.8418,32.6949],[129.8414,32.6944],[129.8413,32.6944],[129.8413,32.6944],[129.8413,32.6944],[129.8413,32.6944],[129.8412,32.6943],[129.8412,32.6943],[129.8412,32.6943],[129.8411,32.6942],[129.8411,32.6942],[129.841,32.6942],[129.8407,32.6947],[129.8402,32.6945],[129.8401,32.6945],[129.8401,32.6944],[129.8397,32.6947],[129.8396,32.6946],[129.8393,32.6944],[129.8392,32.6943],[129.8392,32.6942],[129.839,32.694],[129.839,32.694],[129.8403,32.6932],[129.8401,32.693],[129.8401,32.6929],[129.8401,32.6928],[129.84,32.6926],[129.8402,32.6924],[129.8402,32.6923],[129.8403,32.6922],[129.8403,32.6921],[129.8404,32.692],[129.8404,32.6918],[129.8404,32.6917],[129.8404,32.6914],[129.8404,32.6915],[129.8405,32.6915],[129.8406,32.6915],[129.8407,32.6914],[129.8408,32.6914],[129.8409,32.6914],[129.8409,32.6914],[129.841,32.6914],[129.8413,32.6916],[129.8414,32.6919],[129.8413,32.692],[129.8413,32.6923],[129.8414,32.6924],[129.8414,32.6924],[129.8415,32.6925],[129.8416,32.6925],[129.8417,32.6926],[129.8421,32.6926],[129.8421,32.6927],[129.8421,32.6927],[129.8422,32.6927],[129.8424,32.6927],[129.8424,32.6927],[129.8425,32.6927],[129.8425,32.6926],[129.8426,32.6925],[129.8426,32.6923],[129.8426,32.6922],[129.8428,32.6923],[129.843,32.6925],[129.8432,32.6925],[129.8434,32.6926],[129.8435,32.6926],[129.8435,32.6925],[129.8435,32.6925],[129.8435,32.6922],[129.8435,32.692],[129.8435,32.6914],[129.8436,32.6907],[129.8433,32.6907],[129.8433,32.6903],[129.844,32.6903],[129.844,32.6901],[129.844,32.6901],[129.8438,32.6897],[129.8438,32.6895],[129.8438,32.6894],[129.8438,32.6893],[129.8439,32.6893],[129.844,32.6893],[129.8441,32.6893],[129.8441,32.6893],[129.8441,32.6893],[129.8441,32.6891],[129.8441,32.6891],[129.8441,32.689],[129.844,32.689],[129.8439,32.6889],[129.8438,32.6889],[129.8438,32.6888],[129.8438,32.6887],[129.8438,32.6886],[129.8438,32.6885],[129.8438,32.6885],[129.8437,32.6884],[129.8437,32.6884],[129.8437,32.6883],[129.8437,32.6882],[129.8438,32.688],[129.8438,32.6878],[129.8437,32.6877],[129.8436,32.6875],[129.8435,32.6874],[129.8435,32.6874],[129.8435,32.6873],[129.8436,32.6872],[129.844,32.6867],[129.8442,32.6865],[129.8441,32.6864],[129.844,32.6863],[129.8438,32.6863],[129.8436,32.6862],[129.8431,32.686],[129.843,32.6859],[129.8429,32.6859],[129.8428,32.6858],[129.8427,32.6858],[129.8427,32.6857],[129.8427,32.6857],[129.8427,32.6856],[129.8427,32.6854],[129.8426,32.685],[129.8425,32.6852],[129.8423,32.6852],[129.8422,32.6851],[129.8422,32.6851],[129.842,32.6849],[129.8421,32.6849],[129.8424,32.6848],[129.8424,32.6846],[129.8424,32.6846],[129.8424,32.6846],[129.8424,32.6846],[129.8424,32.6845],[129.8425,32.6845],[129.8425,32.6845],[129.8425,32.6844],[129.8426,32.6844],[129.8427,32.6843],[129.8427,32.684],[129.8428,32.6839],[129.8428,32.6839],[129.8428,32.6839],[129.8429,32.684],[129.8429,32.684],[129.843,32.684],[129.8431,32.684],[129.8432,32.6842],[129.8434,32.6843],[129.8435,32.6846],[129.8438,32.6845],[129.844,32.6847],[129.8444,32.6846],[129.8445,32.6843],[129.8445,32.6843],[129.8446,32.6841],[129.8447,32.6841],[129.8447,32.6841],[129.8449,32.6842],[129.8449,32.6843],[129.845,32.6843],[129.845,32.6844],[129.845,32.6844],[129.8449,32.6845],[129.8449,32.6846],[129.8448,32.6848],[129.8447,32.6848],[129.8447,32.6849],[129.8448,32.6849],[129.8449,32.6849],[129.8449,32.6849],[129.845,32.6849],[129.8451,32.6849],[129.8452,32.6848],[129.8452,32.6845],[129.8452,32.6843],[129.8451,32.6841],[129.8451,32.684],[129.8452,32.684],[129.8453,32.6839],[129.8456,32.6839],[129.8458,32.6836],[129.8458,32.6836],[129.8457,32.6835],[129.8456,32.6834],[129.8456,32.6833],[129.8456,32.6832],[129.8455,32.6832],[129.8452,32.683],[129.8452,32.683],[129.8452,32.683],[129.8452,32.6828],[129.8451,32.6827],[129.845,32.6827],[129.8443,32.6825],[129.8442,32.6825],[129.8441,32.6825],[129.8441,32.6825],[129.8439,32.6824],[129.8438,32.6823],[129.8443,32.6811],[129.8454,32.6811],[129.8434,32.681],[129.8434,32.6808],[129.8437,32.6807],[129.8437,32.6807],[129.8438,32.6807],[129.8438,32.6807],[129.8438,32.6806],[129.8438,32.6805],[129.8438,32.6804],[129.8438,32.6803],[129.8438,32.6803],[129.8437,32.6802],[129.8437,32.6802],[129.8436,32.6801],[129.8436,32.68],[129.8437,32.6799],[129.8437,32.6798],[129.8436,32.6798],[129.8436,32.6797],[129.8437,32.6796],[129.8437,32.6796],[129.8437,32.6795],[129.8438,32.6794],[129.8439,32.6791],[129.843,32.679],[129.8429,32.6791],[129.8421,32.6792],[129.842,32.6795],[129.842,32.6795],[129.8419,32.6795],[129.8419,32.6796],[129.8419,32.6796],[129.8418,32.6797],[129.8417,32.6798],[129.8417,32.6799],[129.8415,32.6801],[129.8415,32.6802],[129.8414,32.6801],[129.8413,32.6802],[129.8412,32.6803],[129.8411,32.6805],[129.841,32.6806],[129.8408,32.6806],[129.8408,32.6807],[129.8407,32.6808],[129.8406,32.681],[129.8406,32.6812],[129.8405,32.6815],[129.8405,32.6817],[129.8405,32.6817],[129.8403,32.6819],[129.84,32.6823],[129.8399,32.6825],[129.8397,32.6831],[129.8396,32.6832],[129.8394,32.6834],[129.839,32.684],[129.8389,32.6842],[129.8389,32.6843],[129.8389,32.6847],[129.8388,32.6847],[129.8388,32.6846],[129.8388,32.6844],[129.8388,32.6842],[129.8388,32.6842],[129.8388,32.6842],[129.8387,32.6842],[129.8387,32.6841],[129.8386,32.684],[129.8386,32.684],[129.8386,32.6839],[129.8386,32.6839],[129.8386,32.6837],[129.8386,32.6837],[129.8385,32.6834],[129.8364,32.6836],[129.8356,32.6833],[129.8355,32.6838],[129.8355,32.6838],[129.8354,32.6842],[129.8354,32.6842],[129.8353,32.6842],[129.8352,32.6842],[129.8352,32.6842],[129.834,32.684],[129.8339,32.6838],[129.8335,32.6837],[129.8334,32.6837],[129.8336,32.6832],[129.833,32.6831],[129.8324,32.6829],[129.8327,32.6825],[129.8327,32.6825],[129.8327,32.6825],[129.8326,32.6825],[129.8326,32.6825],[129.8325,32.6825],[129.8325,32.6825],[129.8325,32.6825],[129.8325,32.6825],[129.8324,32.6824],[129.8323,32.6824],[129.8322,32.6824],[129.8321,32.6824],[129.832,32.6824],[129.832,32.6824],[129.832,32.6823],[129.832,32.6823],[129.832,32.6822],[129.832,32.682],[129.832,32.6818],[129.832,32.6817],[129.832,32.6817],[129.832,32.6817],[129.8319,32.6817],[129.8319,32.6817],[129.8319,32.6818],[129.8317,32.6819],[129.8317,32.682],[129.8316,32.6821],[129.8315,32.6821],[129.8314,32.6821],[129.8311,32.6821],[129.831,32.6818],[129.8308,32.6818],[129.8308,32.6817],[129.8307,32.6817],[129.8306,32.6817],[129.8306,32.6816],[129.8306,32.6816],[129.8306,32.6815],[129.8305,32.6814],[129.8305,32.6814],[129.8305,32.6814],[129.8305,32.6814],[129.8304,32.6814],[129.8304,32.6814],[129.8303,32.6814],[129.8303,32.6814],[129.8302,32.6814],[129.8302,32.6814],[129.8302,32.6815],[129.8301,32.6815],[129.83,32.6814],[129.8299,32.6814],[129.8298,32.6814],[129.8297,32.6813],[129.8296,32.6813],[129.8296,32.6813],[129.8296,32.6813],[129.8296,32.6813],[129.8295,32.6812],[129.8294,32.6811],[129.8294,32.6811],[129.8292,32.6808],[129.8292,32.6808],[129.8291,32.6807],[129.8291,32.6807],[129.829,32.6806],[129.829,32.6806],[129.8289,32.6806],[129.8288,32.6805],[129.8288,32.6805],[129.8288,32.6805],[129.8287,32.6804],[129.8287,32.6804],[129.8287,32.6803],[129.8286,32.6802],[129.8286,32.6801],[129.8286,32.68],[129.8285,32.6799],[129.8285,32.6799],[129.8284,32.6799],[129.8283,32.6798],[129.8282,32.6797],[129.8282,32.6796],[129.8282,32.6795],[129.8282,32.6794],[129.8282,32.6793],[129.8282,32.6793],[129.8281,32.6793],[129.8279,32.6794],[129.8278,32.6794],[129.8277,32.6794],[129.8274,32.6794],[129.827,32.6794],[129.8267,32.6795],[129.8265,32.6795],[129.8264,32.6796],[129.8264,32.6796],[129.8263,32.6799],[129.8263,32.6801],[129.8262,32.6803],[129.8262,32.6804],[129.8262,32.6807],[129.8262,32.6808],[129.8261,32.6808],[129.826,32.6809],[129.8259,32.6809],[129.8258,32.681],[129.8257,32.681],[129.8258,32.6813],[129.8258,32.6816],[129.8258,32.6817],[129.8258,32.6818],[129.8258,32.6819],[129.8258,32.6819],[129.8258,32.682],[129.8258,32.6821],[129.8257,32.682],[129.8257,32.6821],[129.8256,32.6822],[129.8256,32.6823],[129.8255,32.6824],[129.8254,32.6824],[129.8253,32.6825],[129.8251,32.6826],[129.825,32.6828],[129.825,32.6828],[129.8251,32.6829],[129.8251,32.683],[129.8251,32.683],[129.8251,32.6831],[129.8251,32.6831],[129.8251,32.6831],[129.8251,32.6831],[129.8251,32.6832],[129.8251,32.6832],[129.8249,32.6833],[129.8249,32.6834],[129.8249,32.6834],[129.8248,32.6835],[129.8248,32.6835],[129.8247,32.6835],[129.8246,32.6835],[129.8247,32.6834],[129.8246,32.6834],[129.8246,32.6833],[129.8246,32.683],[129.8245,32.6829],[129.8245,32.6828],[129.8245,32.6827],[129.8246,32.6826],[129.8246,32.6826],[129.8246,32.6825],[129.8247,32.6824],[129.8248,32.6822],[129.8248,32.6822],[129.8248,32.6821],[129.8247,32.682],[129.8247,32.682],[129.8248,32.6819],[129.8249,32.6818],[129.8249,32.6818],[129.8249,32.6817],[129.8247,32.6817],[129.8246,32.6816],[129.8246,32.6815],[129.8246,32.6814],[129.8246,32.6814],[129.8245,32.6813],[129.8244,32.6813],[129.8243,32.6812],[129.8243,32.6812],[129.8242,32.6814],[129.8239,32.6817],[129.8238,32.6818],[129.8237,32.6819],[129.8237,32.682],[129.8237,32.6821],[129.8237,32.6821],[129.8235,32.6822],[129.8233,32.6821],[129.8233,32.6821],[129.8234,32.6819],[129.8234,32.6818],[129.8234,32.6817],[129.8233,32.6817],[129.8233,32.6816],[129.8232,32.6816],[129.8232,32.6815],[129.8232,32.6813],[129.8232,32.6812],[129.8232,32.6812],[129.8231,32.6812],[129.8231,32.6813],[129.823,32.6814],[129.823,32.6814],[129.823,32.6815],[129.823,32.6817],[129.823,32.6817],[129.8229,32.6818],[129.8228,32.6818],[129.8224,32.6818],[129.8224,32.6819],[129.8224,32.6819],[129.8224,32.682],[129.8224,32.6821],[129.8224,32.6822],[129.8224,32.6823],[129.8223,32.6823],[129.8223,32.6823],[129.8222,32.6822],[129.8222,32.682],[129.8222,32.6818],[129.8221,32.6817],[129.8221,32.6817],[129.822,32.6817],[129.8219,32.6814],[129.8219,32.6813],[129.8218,32.6812],[129.8218,32.6812],[129.8218,32.6812],[129.8217,32.6812],[129.8217,32.6816],[129.8217,32.6817],[129.8216,32.6817],[129.8216,32.6817],[129.8216,32.6817],[129.8215,32.6817],[129.8215,32.6817],[129.8214,32.6817],[129.8214,32.6817],[129.8213,32.6816],[129.8212,32.6816],[129.8211,32.6817],[129.8211,32.6817],[129.821,32.6818],[129.8209,32.6819],[129.8208,32.682],[129.8207,32.682],[129.8206,32.6821],[129.8206,32.6822],[129.8205,32.6823],[129.8205,32.6823],[129.8204,32.6824],[129.8204,32.6825],[129.8203,32.6826],[129.8203,32.6826],[129.8202,32.6826],[129.8201,32.6826],[129.8201,32.6826],[129.8201,32.6825],[129.82,32.6824],[129.82,32.6824],[129.82,32.6823],[129.82,32.6822],[129.8201,32.6821],[129.8202,32.682],[129.8202,32.682],[129.8202,32.6819],[129.8202,32.6818],[129.8202,32.6817],[129.8202,32.6816],[129.8203,32.6816],[129.8203,32.6815],[129.8203,32.6815],[129.8202,32.6815],[129.8201,32.6814],[129.8201,32.6813],[129.8201,32.6812],[129.8202,32.6811],[129.8203,32.6809],[129.8203,32.6808],[129.8203,32.6807],[129.8205,32.6804],[129.8205,32.6803],[129.8204,32.6803],[129.8204,32.6803],[129.8202,32.6804],[129.8199,32.6804],[129.8198,32.6804],[129.8197,32.6804],[129.8197,32.6803],[129.8196,32.6801],[129.8195,32.6798],[129.8195,32.6797],[129.8195,32.6796],[129.8195,32.6794],[129.8195,32.6794],[129.8195,32.6793],[129.8194,32.6792],[129.8193,32.6792],[129.8193,32.6792],[129.8192,32.6791],[129.8192,32.6792],[129.8192,32.6793],[129.8191,32.6794],[129.8192,32.6797],[129.8193,32.68],[129.8194,32.6802],[129.8197,32.6806],[129.8198,32.6808],[129.8198,32.6809],[129.8198,32.6811],[129.8197,32.6815],[129.8197,32.6816],[129.8197,32.6818],[129.8197,32.682],[129.8197,32.6822],[129.8196,32.6825],[129.8196,32.6825],[129.8198,32.6829],[129.8199,32.6829],[129.8198,32.683],[129.8192,32.6835],[129.8191,32.6835],[129.8191,32.6835],[129.8191,32.6835],[129.8193,32.6837],[129.8193,32.6837],[129.8194,32.6837],[129.8194,32.6838],[129.8195,32.6839],[129.8196,32.6839],[129.8196,32.684],[129.8196,32.684],[129.8196,32.684],[129.819,32.6842],[129.8191,32.6842],[129.8196,32.684],[129.8196,32.6841],[129.8196,32.6842],[129.8196,32.6842],[129.8196,32.6842],[129.8196,32.6842],[129.8196,32.6844],[129.8196,32.6844],[129.8196,32.6844],[129.8196,32.6844],[129.8196,32.6844],[129.8196,32.6844],[129.8196,32.6845],[129.8196,32.6845],[129.8195,32.6846],[129.8192,32.6847],[129.8191,32.6848],[129.8191,32.6847],[129.819,32.6848],[129.819,32.6848],[129.8192,32.6853],[129.8195,32.6852],[129.8195,32.6852],[129.8197,32.6851],[129.8198,32.6852],[129.8198,32.6851],[129.8198,32.6851],[129.8198,32.6851],[129.8198,32.6851],[129.8198,32.6849],[129.8198,32.6849],[129.8198,32.6849],[129.8198,32.6849],[129.8198,32.6849],[129.8198,32.6847],[129.8198,32.6847],[129.8199,32.6846],[129.82,32.6845],[129.8201,32.6845],[129.8201,32.6845],[129.8202,32.6845],[129.8202,32.6845],[129.8202,32.6846],[129.8202,32.6846],[129.8203,32.6846],[129.8203,32.6846],[129.8203,32.6847],[129.8203,32.6847],[129.8204,32.6847],[129.8204,32.6847],[129.8204,32.6847],[129.8204,32.6848],[129.8205,32.6848],[129.8205,32.6849],[129.8205,32.6849],[129.8205,32.685],[129.8205,32.685],[129.8204,32.6851],[129.8204,32.6851],[129.8204,32.6851],[129.8204,32.6851],[129.8204,32.6852],[129.8204,32.6852],[129.8203,32.6852],[129.8203,32.6852],[129.8203,32.6853],[129.8202,32.6853],[129.8202,32.6853],[129.8202,32.6853],[129.8202,32.6853],[129.8201,32.6852],[129.8201,32.6852],[129.8201,32.6852],[129.8201,32.6852],[129.82,32.6852],[129.82,32.6852],[129.8202,32.6853],[129.8201,32.6854],[129.8201,32.6854],[129.8201,32.6854],[129.82,32.6854],[129.8199,32.6854],[129.82,32.6854],[129.8199,32.6855],[129.8199,32.6854],[129.8199,32.6854],[129.8198,32.6854],[129.8199,32.6855],[129.8197,32.6855],[129.8197,32.6855],[129.8197,32.6855],[129.8196,32.6854],[129.8197,32.6854],[129.8196,32.6854],[129.8196,32.6854],[129.8196,32.6854],[129.8196,32.6854],[129.8197,32.6856],[129.8197,32.6856],[129.8177,32.6863],[129.8172,32.6865],[129.8167,32.6867],[129.8162,32.6868],[129.8157,32.687],[129.8154,32.6871],[129.8151,32.6872],[129.8151,32.6872],[129.8148,32.6872],[129.8147,32.6873],[129.8148,32.6875],[129.8151,32.6884],[129.8153,32.689],[129.8156,32.6898],[129.8154,32.6899],[129.8153,32.6899],[129.8153,32.69],[129.8151,32.6901],[129.815,32.6902],[129.8149,32.6903],[129.8148,32.6904],[129.8145,32.6905],[129.8145,32.6905],[129.8147,32.6908],[129.8143,32.6909],[129.8142,32.691],[129.8141,32.6909],[129.814,32.6909],[129.8139,32.691],[129.814,32.6911],[129.8141,32.6912],[129.8141,32.6912],[129.8141,32.6913],[129.814,32.6913],[129.8142,32.6915],[129.8141,32.6915],[129.814,32.6915],[129.8139,32.6915],[129.8138,32.6914],[129.8135,32.6913],[129.8134,32.6912],[129.8132,32.691],[129.8132,32.691],[129.8132,32.691],[129.8132,32.6909],[129.8132,32.6908],[129.8132,32.6908],[129.8131,32.6908],[129.8131,32.6908],[129.813,32.6908],[129.813,32.6908],[129.8129,32.6908],[129.8128,32.6909],[129.8127,32.6909],[129.8123,32.6909],[129.8122,32.6909],[129.8121,32.6909],[129.8113,32.6911],[129.811,32.6915],[129.8114,32.6914],[129.8116,32.6914],[129.8118,32.6914],[129.812,32.6914],[129.8122,32.6914],[129.8124,32.6914],[129.8125,32.6915],[129.8125,32.6917],[129.8125,32.6917],[129.8124,32.6919],[129.8129,32.6922],[129.813,32.6922],[129.813,32.6923],[129.813,32.6924],[129.8131,32.6924],[129.813,32.6926],[129.813,32.6926],[129.813,32.6928],[129.813,32.6928],[129.813,32.6929],[129.813,32.6929],[129.8131,32.693],[129.8132,32.6929],[129.8134,32.693],[129.8136,32.6929],[129.8139,32.6928],[129.8142,32.6927],[129.8146,32.6925],[129.8146,32.6926],[129.8146,32.6927],[129.8146,32.6928],[129.8147,32.6929],[129.8147,32.6929],[129.8148,32.6929],[129.8149,32.693],[129.815,32.6929],[129.8151,32.6928],[129.8153,32.6928],[129.8154,32.6928],[129.8155,32.6928],[129.8156,32.6927],[129.8158,32.6926],[129.8166,32.6938],[129.817,32.6944],[129.8173,32.695],[129.8167,32.6951],[129.8166,32.695],[129.8154,32.6953],[129.8164,32.6957],[129.8166,32.6957],[129.8167,32.6957],[129.8168,32.6957],[129.817,32.6957],[129.8177,32.6958],[129.8178,32.696],[129.8178,32.6964],[129.8179,32.6966],[129.8177,32.6967],[129.8176,32.6968],[129.8176,32.6969],[129.8176,32.697],[129.8176,32.697],[129.8177,32.6972],[129.8177,32.6973],[129.8177,32.6974],[129.8177,32.6975],[129.8179,32.6976],[129.818,32.6977],[129.8181,32.6977],[129.8183,32.6977],[129.8185,32.6977],[129.8186,32.6977],[129.8187,32.6978],[129.8189,32.6983],[129.8195,32.6999],[129.8195,32.7001],[129.8195,32.7002],[129.8198,32.7008],[129.8197,32.7008],[129.8197,32.7008],[129.8192,32.701],[129.819,32.7011],[129.8188,32.7012],[129.8186,32.7012],[129.8185,32.7012],[129.8184,32.7011],[129.8184,32.701],[129.8182,32.701],[129.8177,32.7011],[129.8174,32.7012],[129.8172,32.7012],[129.8169,32.7012],[129.8168,32.7013],[129.8166,32.7013],[129.8165,32.7013],[129.8164,32.7013],[129.8159,32.7015],[129.8167,32.7035],[129.8177,32.7063],[129.818,32.7064],[129.8211,32.7056],[129.822,32.7062],[129.8219,32.7067],[129.8221,32.7067],[129.8222,32.7063],[129.8224,32.706],[129.8236,32.7065],[129.8236,32.7066],[129.8236,32.7068],[129.8236,32.7068],[129.8236,32.7069],[129.8235,32.7069],[129.8235,32.7069],[129.8235,32.7069],[129.8235,32.7069],[129.8234,32.7069],[129.8234,32.7069],[129.8234,32.707],[129.8233,32.707],[129.8233,32.707],[129.8233,32.707],[129.8233,32.707],[129.8233,32.707],[129.8234,32.707],[129.8234,32.707],[129.8234,32.7071],[129.8234,32.7071],[129.8235,32.7071],[129.8234,32.7071],[129.8234,32.7071],[129.8234,32.7071],[129.8234,32.7071],[129.8234,32.7071],[129.8234,32.7071],[129.8234,32.7071],[129.8234,32.7071],[129.8234,32.7071],[129.8234,32.7071],[129.8234,32.7072],[129.8234,32.7072],[129.8235,32.7072],[129.8235,32.7073],[129.8235,32.7073],[129.8235,32.7073],[129.8235,32.7073],[129.8235,32.7073],[129.8236,32.7073],[129.8236,32.7073],[129.8236,32.7073],[129.8237,32.7074],[129.8237,32.7074],[129.8237,32.7074],[129.8238,32.7074],[129.8238,32.7074],[129.8238,32.7075],[129.8237,32.7075],[129.8237,32.7075],[129.8237,32.7075],[129.8237,32.7075],[129.8237,32.7075],[129.8237,32.7075],[129.8237,32.7075],[129.8237,32.7075],[129.8237,32.7075],[129.8237,32.7075],[129.8237,32.7075],[129.8237,32.7075],[129.8237,32.7076],[129.8237,32.7076],[129.8237,32.7076],[129.8237,32.7076],[129.8238,32.7076],[129.8238,32.7076],[129.8238,32.7076],[129.8239,32.7076],[129.8238,32.7076],[129.8238,32.7077],[129.8239,32.7077],[129.8239,32.7077],[129.8239,32.7077],[129.824,32.7077],[129.824,32.7077],[129.824,32.7078],[129.8241,32.7078],[129.8241,32.7078],[129.8241,32.7078],[129.8241,32.7078],[129.8241,32.7078],[129.8241,32.7078],[129.8242,32.7078],[129.8242,32.7078],[129.8242,32.7078],[129.8242,32.7078],[129.8243,32.7077],[129.8243,32.7077],[129.8243,32.7077],[129.8243,32.7077],[129.8243,32.7077],[129.8243,32.7077],[129.8243,32.7077],[129.8243,32.7077],[129.8243,32.7077],[129.8244,32.7077],[129.8244,32.7076],[129.8244,32.7076],[129.8244,32.7076],[129.8244,32.7076],[129.8244,32.7075],[129.8244,32.7075],[129.8244,32.7075],[129.8245,32.7074],[129.8245,32.7074],[129.8245,32.7074],[129.8246,32.7074],[129.8246,32.7074],[129.8247,32.7074],[129.8247,32.7074],[129.8248,32.7074],[129.8248,32.7074],[129.8249,32.7075],[129.8249,32.7075],[129.8249,32.7075],[129.825,32.7076],[129.8251,32.7077],[129.8251,32.7077],[129.8252,32.7077],[129.8252,32.7077],[129.8253,32.7077],[129.8253,32.7077],[129.8254,32.7077],[129.8254,32.7077],[129.8255,32.7076],[129.8255,32.7076],[129.8256,32.7076],[129.8256,32.7076],[129.8257,32.7076],[129.8258,32.7077],[129.8258,32.7077],[129.8258,32.7077],[129.8259,32.7077],[129.8259,32.7077],[129.826,32.7077],[129.826,32.7077],[129.8261,32.7077],[129.8261,32.7077],[129.8262,32.7077],[129.8262,32.7078],[129.8263,32.7078],[129.8263,32.7078],[129.8263,32.7078],[129.8264,32.7078],[129.8264,32.7078],[129.8265,32.7078],[129.8265,32.7078],[129.8265,32.7079],[129.8266,32.7079],[129.8266,32.7079],[129.8267,32.7079],[129.8267,32.7079],[129.8267,32.7079],[129.8267,32.708],[129.8267,32.708],[129.8267,32.708],[129.8267,32.708],[129.8267,32.708],[129.8267,32.708],[129.8267,32.708],[129.8267,32.708],[129.8266,32.7081],[129.8266,32.7081],[129.8268,32.7081]]]},"properties":{"name":"長崎市","pop":3}},{"type":"Feature","geometry":{"type":"Polygon","coordinates":[[[129.8289,32.7509],[129.8291,32.7508],[129.8292,32.7508],[129.8293,32.751],[129.8294,32.7509],[129.8291,32.7504],[129.8288,32.7506],[129.8287,32.7505],[129.8286,32.7503],[129.8286,32.7502],[129.8286,32.7502],[129.8286,32.7501],[129.8286,32.75],[129.8286,32.75],[129.8286,32.75],[129.8287,32.7499],[129.8288,32.7498],[129.829,32.7497],[129.829,32.7496],[129.8291,32.7495],[129.8291,32.7493],[129.829,32.7493],[129.8289,32.7492],[129.8288,32.7494],[129.8288,32.7494],[129.8288,32.7494],[129.8287,32.7493],[129.8286,32.7492],[129.8286,32.7491],[129.8285,32.749],[129.8285,32.7489],[129.8285,32.7489],[129.8285,32.7489],[129.8285,32.7488],[129.8282,32.7484],[129.8281,32.7483],[129.828,32.7482],[129.828,32.7481],[129.828,32.748],[129.8279,32.7479],[129.8279,32.7479],[129.8278,32.7479],[129.8276,32.7478],[129.8276,32.7478],[129.8273,32.7472],[129.8273,32.7472],[129.8274,32.7469],[129.8275,32.7469],[129.8276,32.7468],[129.8277,32.7468],[129.8277,32.7468],[129.8278,32.7468],[129.8279,32.7468],[129.8279,32.7468],[129.8279,32.7468],[129.828,32.7468],[129.8281,32.7468],[129.8282,32.7468],[129.8283,32.7467],[129.8286,32.7466],[129.8289,32.7466],[129.8291,32.7465],[129.8292,32.7465],[129.8292,32.7465],[129.8293,32.7466],[129.8294,32.7467],[129.8295,32.7468],[129.8296,32.7468],[129.8297,32.7468],[129.8298,32.7468],[129.8299,32.7468],[129.83,32.7468],[129.8301,32.7467],[129.8302,32.7467],[129.8303,32.7466],[129.8303,32.7467],[129.8304,32.7467],[129.8304,32.7467],[129.8304,32.7467],[129.8304,32.7468],[129.8305,32.7468],[129.8306,32.7469],[129.8307,32.7469],[129.8307,32.747],[129.8308,32.7471],[129.8309,32.7472],[129.831,32.7474],[129.8312,32.7475],[129.8314,32.7477],[129.8317,32.7481],[129.832,32.7485],[129.832,32.7486],[129.832,32.7486],[129.8319,32.7487],[129.8318,32.7488],[129.8318,32.749],[129.8318,32.7491],[129.8318,32.7492],[129.832,32.7493],[129.8321,32.7495],[129.832,32.7496],[129.832,32.7497],[129.8321,32.7499],[129.8322,32.7502],[129.8323,32.7504],[129.8323,32.7505],[129.8323,32.7505],[129.8323,32.7506],[129.832,32.751],[129.8321,32.751],[129.8321,32.7511],[129.8322,32.7511],[129.8323,32.7512],[129.8324,32.7512],[129.8326,32.7512],[129.8326,32.7512],[129.8328,32.7511],[129.8328,32.751],[129.8329,32.751],[129.833,32.751],[129.8332,32.751],[129.8334,32.751],[129.834,32.7511],[129.8341,32.7511],[129.8341,32.7511],[129.8342,32.7511],[129.8343,32.7511],[129.8345,32.7512],[129.8346,32.7512],[129.8347,32.7512],[129.8348,32.7512],[129.8349,32.7513],[129.835,32.7514],[129.835,32.7514],[129.8351,32.7514],[129.8351,32.7514],[129.8353,32.7511],[129.8353,32.751],[129.8352,32.751],[129.8352,32.7509],[129.8351,32.7508],[129.8351,32.7508],[129.835,32.7507],[129.8349,32.7506],[129.8347,32.7503],[129.8345,32.7501],[129.8345,32.75],[129.8345,32.7499],[129.8345,32.7498],[129.8345,32.7496],[129.8345,32.7494],[129.8346,32.7492],[129.8347,32.7491],[129.8348,32.7489],[129.8349,32.7488],[129.8351,32.7487],[129.8352,32.7487],[129.8353,32.7487],[129.8353,32.7487],[129.8354,32.7488],[129.8355,32.7489],[129.8355,32.7489],[129.8356,32.7489],[129.8357,32.7489],[129.8358,32.7489],[129.8358,32.7489],[129.8359,32.7488],[129.8363,32.7485],[129.8364,32.7483],[129.8365,32.7479],[129.8365,32.7479],[129.8365,32.7478],[129.8365,32.7477],[129.8364,32.7477],[129.8362,32.7477],[129.8361,32.7478],[129.8359,32.7478],[129.8354,32.748],[129.835,32.7481],[129.8348,32.7481],[129.8347,32.7481],[129.8346,32.7481],[129.8345,32.748],[129.8344,32.7479],[129.8343,32.7479],[129.8342,32.7479],[129.8341,32.7479],[129.834,32.7479],[129.834,32.7479],[129.834,32.7478],[129.8339,32.7478],[129.8337,32.7477],[129.8336,32.7476],[129.8334,32.7474],[129.8333,32.7473],[129.8333,32.7473],[129.8332,32.7472],[129.8332,32.7471],[129.8331,32.747],[129.8332,32.7469],[129.8334,32.7468],[129.8336,32.7468],[129.8337,32.7467],[129.8339,32.7467],[129.8343,32.7467],[129.8345,32.7467],[129.8346,32.7467],[129.8347,32.7466],[129.8348,32.7465],[129.8348,32.7463],[129.8348,32.7463],[129.8348,32.7461],[129.8348,32.7461],[129.8348,32.746],[129.8347,32.7459],[129.8346,32.7459],[129.8345,32.7459],[129.8343,32.7459],[129.8342,32.7459],[129.8341,32.746],[129.8341,32.746],[129.834,32.746],[129.834,32.746],[129.834,32.7459],[129.834,32.7459],[129.834,32.7458],[129.8341,32.7457],[129.8341,32.7457],[129.8341,32.7456],[129.8341,32.7456],[129.8341,32.7455],[129.8341,32.7453],[129.8342,32.7451],[129.8342,32.7449],[129.8343,32.7447],[129.8343,32.7446],[129.8343,32.7446],[129.8343,32.7445],[129.8344,32.7444],[129.8345,32.7444],[129.8346,32.7443],[129.8347,32.7442],[129.8349,32.744],[129.8349,32.7439],[129.8349,32.7437],[129.8349,32.7437],[129.8349,32.7436],[129.835,32.7434],[129.8352,32.743],[129.8354,32.7428],[129.8355,32.7427],[129.8357,32.7426],[129.8357,32.7426],[129.8357,32.7427],[129.8357,32.7427],[129.8357,32.7427],[129.8358,32.7427],[129.8359,32.7427],[129.8361,32.7426],[129.8361,32.7426],[129.8361,32.7425],[129.8362,32.7425],[129.8362,32.7425],[129.8362,32.7425],[129.8363,32.7424],[129.8368,32.7422],[129.8369,32.7421],[129.837,32.7421],[129.8372,32.7421],[129.8374,32.7421],[129.8375,32.7421],[129.8377,32.7422],[129.8378,32.7422],[129.8379,32.7422],[129.838,32.7422],[129.8381,32.7422],[129.8381,32.7422],[129.8382,32.7423],[129.8382,32.7423],[129.8382,32.7423],[129.8382,32.7425],[129.8382,32.7426],[129.8383,32.7426],[129.8384,32.7425],[129.8385,32.7424],[129.8386,32.7424],[129.8387,32.7424],[129.8388,32.7424],[129.8389,32.7424],[129.839,32.7425],[129.8391,32.7426],[129.8392,32.7428],[129.8392,32.7428],[129.8392,32.7429],[129.8393,32.743],[129.8393,32.743],[129.8394,32.743],[129.8394,32.7429],[129.8395,32.7429],[129.8395,32.7428],[129.8395,32.7426],[129.8395,32.7426],[129.8395,32.7426],[129.8396,32.7426],[129.8396,32.7427],[129.8397,32.7427],[129.8398,32.7427],[129.8399,32.7427],[129.8399,32.7428],[129.84,32.7428],[129.8401,32.7429],[129.8402,32.743],[129.8403,32.7431],[129.8404,32.7432],[129.8411,32.7432],[129.8411,32.7431],[129.8407,32.7428],[129.8403,32.7425],[129.8402,32.7424],[129.8399,32.7421],[129.8397,32.742],[129.8395,32.7419],[129.8391,32.7418],[129.8386,32.7416],[129.8384,32.7415],[129.8383,32.7414],[129.8382,32.7413],[129.8381,32.7413],[129.8379,32.7411],[129.8377,32.7411],[129.838,32.7408],[129.838,32.7408],[129.838,32.7407],[129.838,32.7407],[129.8379,32.7405],[129.8379,32.7404],[129.8378,32.7404],[129.8378,32.7403],[129.8377,32.7402],[129.8377,32.7402],[129.8376,32.7402],[129.8375,32.7403],[129.8374,32.7404],[129.8373,32.7404],[129.8372,32.7407],[129.8372,32.7408],[129.8371,32.7408],[129.837,32.7408],[129.837,32.7408],[129.837,32.7409],[129.8369,32.7408],[129.8368,32.7408],[129.8367,32.7407],[129.8366,32.7407],[129.8365,32.7407],[129.8364,32.7407],[129.8363,32.7407],[129.836,32.7408],[129.836,32.7408],[129.8359,32.7408],[129.8359,32.7409],[129.8359,32.741],[129.8359,32.741],[129.8359,32.7411],[129.8358,32.7411],[129.8355,32.7412],[129.8355,32.7413],[129.8354,32.7413],[129.8354,32.7413],[129.8353,32.7414],[129.8353,32.7414],[129.8353,32.7413],[129.8352,32.7412],[129.835,32.7408],[129.8349,32.7407],[129.8347,32.7406],[129.8347,32.7406],[129.8341,32.7409],[129.8341,32.7409],[129.8341,32.741],[129.8341,32.7411],[129.8343,32.7417],[129.8343,32.7417],[129.8343,32.7418],[129.8343,32.7418],[129.8343,32.7418],[129.8342,32.7419],[129.8342,32.7419],[129.8342,32.7419],[129.8338,32.7416],[129.8337,32.7416],[129.8337,32.7416],[129.8336,32.7416],[129.8332,32.7417],[129.833,32.7418],[129.8328,32.7418],[129.8327,32.7418],[129.8325,32.7418],[129.8324,32.7417],[129.8323,32.7416],[129.8322,32.7415],[129.8322,32.7415],[129.832,32.7414],[129.8319,32.7414],[129.8316,32.7413],[129.8315,32.7412],[129.8314,32.7412],[129.8314,32.7412],[129.8313,32.7413],[129.8312,32.7413],[129.8312,32.7414],[129.831,32.7422],[129.8309,32.7422],[129.8309,32.7422],[129.8305,32.7424],[129.8305,32.7425],[129.8305,32.7427],[129.8303,32.7432],[129.8303,32.7432],[129.8304,32.7433],[129.8308,32.7442],[129.8308,32.7443],[129.8308,32.7443],[129.8307,32.7443],[129.8307,32.7443],[129.8306,32.7443],[129.8306,32.7443],[129.8306,32.7444],[129.8305,32.7444],[129.8305,32.7444],[129.8304,32.7445],[129.8303,32.7445],[129.8297,32.7442],[129.8296,32.7443],[129.829,32.7447],[129.829,32.7447],[129.8291,32.7447],[129.8287,32.745],[129.8285,32.7447],[129.8285,32.7447],[129.8285,32.7447],[129.8285,32.7447],[129.8285,32.7447],[129.8281,32.7449],[129.8282,32.7451],[129.8281,32.7452],[129.8278,32.7453],[129.8275,32.7454],[129.8271,32.7456],[129.8269,32.7458],[129.8267,32.746],[129.8267,32.7461],[129.8266,32.7463],[129.8265,32.7463],[129.8265,32.7464],[129.8265,32.7465],[129.8264,32.7468],[129.8265,32.747],[129.8261,32.7471],[129.826,32.747],[129.8258,32.7471],[129.8258,32.7471],[129.8257,32.7471],[129.825,32.7472],[129.8245,32.7473],[129.8245,32.7473],[129.8244,32.7473],[129.8243,32.7473],[129.8243,32.7473],[129.8243,32.7472],[129.8241,32.7472],[129.8241,32.7472],[129.8239,32.7471],[129.8238,32.7469],[129.8234,32.7464],[129.8235,32.7463],[129.8235,32.7463],[129.8235,32.7463],[129.8236,32.7463],[129.8236,32.7463],[129.8236,32.7463],[129.8236,32.7463],[129.8236,32.7463],[129.8236,32.7463],[129.8236,32.7463],[129.8237,32.7462],[129.8237,32.7463],[129.8238,32.7463],[129.8238,32.7463],[129.8239,32.7463],[129.8239,32.7463],[129.8239,32.7463],[129.8239,32.7463],[129.8239,32.7463],[129.824,32.7463],[129.824,32.7463],[129.824,32.7463],[129.824,32.7463],[129.824,32.7463],[129.824,32.7462],[129.8239,32.7462],[129.8239,32.7462],[129.8239,32.7462],[129.824,32.7462],[129.824,32.7462],[129.824,32.7462],[129.8239,32.7462],[129.8239,32.7462],[129.8239,32.7462],[129.8238,32.7461],[129.8238,32.7461],[129.8238,32.7461],[129.8237,32.7461],[129.8237,32.7461],[129.8236,32.7461],[129.8236,32.7461],[129.8236,32.7461],[129.8236,32.7461],[129.8235,32.746],[129.8235,32.746],[129.8235,32.7459],[129.8234,32.7459],[129.8234,32.7459],[129.8234,32.7459],[129.8234,32.7459],[129.8234,32.7459],[129.8234,32.7459],[129.8234,32.7459],[129.8234,32.7459],[129.8234,32.7459],[129.8235,32.7458],[129.8235,32.7458],[129.8235,32.7458],[129.8235,32.7458],[129.8235,32.7458],[129.8235,32.7458],[129.8235,32.7458],[129.8235,32.7458],[129.8235,32.7458],[129.8235,32.7458],[129.8235,32.7458],[129.8235,32.7458],[129.8235,32.7458],[129.8236,32.7458],[129.8236,32.7458],[129.8236,32.7458],[129.8236,32.7458],[129.8236,32.7457],[129.8236,32.7457],[129.8236,32.7457],[129.8236,32.7457],[129.8236,32.7457],[129.8236,32.7457],[129.8236,32.7457],[129.8236,32.7457],[129.8236,32.7457],[129.8236,32.7457],[129.8237,32.7457],[129.8237,32.7457],[129.8237,32.7457],[129.8237,32.7457],[129.8237,32.7457],[129.8237,32.7457],[129.8237,32.7457],[129.8237,32.7457],[129.8237,32.7457],[129.8237,32.7457],[129.8237,32.7457],[129.8237,32.7457],[129.8238,32.7457],[129.8238,32.7457],[129.8238,32.7457],[129.8238,32.7457],[129.8238,32.7457],[129.8238,32.7457],[129.8238,32.7457],[129.8239,32.7457],[129.8239,32.7457],[129.8239,32.7456],[129.8239,32.7456],[129.8239,32.7456],[129.8239,32.7456],[129.8239,32.7456],[129.8239,32.7456],[129.8239,32.7456],[129.8239,32.7456],[129.8239,32.7456],[129.8239,32.7456],[129.8239,32.7456],[129.8239,32.7456],[129.8239,32.7456],[129.8238,32.7456],[129.8238,32.7456],[129.8238,32.7456],[129.8238,32.7456],[129.8238,32.7456],[129.8238,32.7456],[129.8238,32.7456],[129.8238,32.7456],[129.8237,32.7455],[129.8237,32.7455],[129.8237,32.7455],[129.8237,32.7455],[129.8237,32.7455],[129.8237,32.7455],[129.8237,32.7455],[129.8237,32.7455],[129.8237,32.7455],[129.8237,32.7455],[129.8237,32.7455],[129.8237,32.7455],[129.8237,32.7455],[129.8237,32.7455],[129.8237,32.7455],[129.8237,32.7454],[129.8237,32.7454],[129.8237,32.7454],[129.8237,32.7454],[129.8237,32.7454],[129.8237,32.7454],[129.8237,32.7454],[129.8237,32.7454],[129.8236,32.7454],[129.8236,32.7454],[129.8236,32.7454],[129.8236,32.7454],[129.8236,32.7454],[129.8236,32.7454],[129.8236,32.7454],[129.8236,32.7453],[129.8236,32.7453],[129.8236,32.7454],[129.8236,32.7454],[129.8236,32.7453],[129.8235,32.7453],[129.8235,32.7453],[129.8235,32.7453],[129.8235,32.7453],[129.8235,32.7453],[129.8235,32.7453],[129.8235,32.7453],[129.8235,32.7453],[129.8234,32.7453],[129.8234,32.7453],[129.8234,32.7454],[129.8234,32.7454],[129.8234,32.7454],[129.8234,32.7454],[129.8234,32.7454],[129.8234,32.7454],[129.8234,32.7454],[129.8234,32.7454],[129.8234,32.7454],[129.8234,32.7454],[129.8234,32.7454],[129.8234,32.7454],[129.8234,32.7454],[129.8233,32.7454],[129.8233,32.7454],[129.8233,32.7454],[129.8233,32.7455],[129.8233,32.7455],[129.8233,32.7455],[129.8233,32.7455],[129.8233,32.7455],[129.8232,32.7455],[129.8232,32.7455],[129.8232,32.7455],[129.8232,32.7455],[129.8232,32.7455],[129.8232,32.7455],[129.8232,32.7455],[129.8232,32.7455],[129.8231,32.7455],[129.8231,32.7455],[129.8231,32.7455],[129.8231,32.7455],[129.8231,32.7455],[129.8231,32.7455],[129.8231,32.7455],[129.8231,32.7456],[129.8231,32.7456],[129.8231,32.7456],[129.823,32.7456],[129.823,32.7456],[129.823,32.7456],[129.823,32.7456],[129.823,32.7456],[129.823,32.7456],[129.823,32.7456],[129.823,32.7456],[129.823,32.7456],[129.823,32.7456],[129.823,32.7456],[129.823,32.7456],[129.823,32.7456],[129.823,32.7456],[129.823,32.7456],[129.823,32.7456],[129.823,32.7456],[129.823,32.7456],[129.823,32.7456],[129.823,32.7456],[129.823,32.7456],[129.823,32.7456],[129.823,32.7456],[129.823,32.7456],[129.823,32.7456],[129.823,32.7456],[129.823,32.7457],[129.823,32.7457],[129.823,32.7457],[129.823,32.7457],[129.823,32.7457],[129.8229,32.7457],[129.8229,32.7457],[129.8229,32.7457],[129.8229,32.7457],[129.8229,32.7457],[129.8229,32.7457],[129.8229,32.7457],[129.8229,32.7457],[129.8228,32.7457],[129.8228,32.7457],[129.8228,32.7457],[129.8228,32.7457],[129.8228,32.7457],[129.8228,32.7457],[129.8228,32.7457],[129.8228,32.7457],[129.8228,32.7457],[129.8228,32.7456],[129.8228,32.7456],[129.8228,32.7456],[129.8228,32.7456],[129.8227,32.7456],[129.8227,32.7456],[129.8227,32.7456],[129.8227,32.7456],[129.8227,32.7456],[129.8227,32.7457],[129.8227,32.7457],[129.8227,32.7457],[129.8228,32.7457],[129.8228,32.7457],[129.8227,32.7457],[129.8227,32.7457],[129.8226,32.7457],[129.8226,32.7457],[129.8224,32.7458],[129.8223,32.7458],[129.8222,32.7458],[129.8222,32.7458],[129.8221,32.7459],[129.8221,32.7459],[129.822,32.7459],[129.8219,32.7459],[129.8219,32.7459],[129.8218,32.7458],[129.8217,32.7458],[129.8217,32.7458],[129.8215,32.7458],[129.8214,32.7458],[129.8214,32.7458],[129.8213,32.7458],[129.8213,32.7457],[129.8212,32.7457],[129.8211,32.7457],[129.8209,32.7457],[129.8209,32.7457],[129.8209,32.7456],[129.8208,32.7456],[129.8208,32.7456],[129.8207,32.7455],[129.8207,32.7455],[129.8206,32.7455],[129.8205,32.7455],[129.8205,32.7454],[129.8205,32.7454],[129.8205,32.7454],[129.8204,32.7453],[129.8204,32.7453],[129.8204,32.7453],[129.8204,32.7453],[129.8204,32.7452],[129.8204,32.7452],[129.8205,32.7452],[129.8205,32.7452],[129.8205,32.7452],[129.8205,32.7452],[129.8205,32.7452],[129.8205,32.7451],[129.8204,32.7451],[129.8203,32.7451],[129.8202,32.7451],[129.8202,32.745],[129.8202,32.7447],[129.8204,32.7447],[129.8205,32.7447],[129.8205,32.7447],[129.8205,32.7447],[129.8205,32.7447],[129.8204,32.7446],[129.8203,32.7446],[129.8203,32.7446],[129.8203,32.7445],[129.8203,32.7445],[129.8203,32.7444],[129.8203,32.7441],[129.8203,32.7441],[129.8203,32.7439],[129.8203,32.7439],[129.8206,32.7439],[129.8207,32.744],[129.8208,32.744],[129.8208,32.744],[129.8209,32.744],[129.8209,32.744],[129.8209,32.7441],[129.8208,32.7441],[129.8208,32.7442],[129.8208,32.7442],[129.8208,32.7442],[129.8209,32.7442],[129.8209,32.7442],[129.8209,32.7441],[129.8209,32.744],[129.8209,32.744],[129.8209,32.744],[129.821,32.744],[129.8211,32.744],[129.8211,32.744],[129.8212,32.744],[129.8212,32.744],[129.8212,32.744],[129.8214,32.744],[129.8214,32.744],[129.8214,32.744],[129.8214,32.744],[129.8214,32.7439],[129.8214,32.7439],[129.8213,32.7439],[129.8213,32.7438],[129.8212,32.7438],[129.8212,32.7438],[129.8211,32.7438],[129.8209,32.7437],[129.8209,32.7437],[129.8208,32.7437],[129.8208,32.7437],[129.8207,32.7437],[129.8207,32.7437],[129.8206,32.7436],[129.8205,32.7436],[129.8205,32.7436],[129.8204,32.7435],[129.8203,32.7435],[129.8202,32.7435],[129.8202,32.7435],[129.8201,32.7434],[129.8201,32.7434],[129.82,32.7434],[129.82,32.7434],[129.8199,32.7433],[129.8199,32.7433],[129.8198,32.7433],[129.8197,32.7432],[129.8197,32.7432],[129.8196,32.7432],[129.8195,32.7431],[129.8195,32.7431],[129.8195,32.7431],[129.8194,32.7431],[129.8194,32.743],[129.8189,32.7428],[129.8189,32.7427],[129.8188,32.7427],[129.8188,32.7426],[129.8187,32.7426],[129.8187,32.7426],[129.8187,32.7425],[129.8185,32.7424],[129.8184,32.7423],[129.8184,32.7423],[129.8184,32.7423],[129.8183,32.7423],[129.8182,32.7422],[129.8182,32.7422],[129.8181,32.7421],[129.8181,32.7421],[129.818,32.7421],[129.818,32.7421],[129.8179,32.742],[129.8177,32.7419],[129.8177,32.7419],[129.8177,32.7419],[129.8176,32.7419],[129.8176,32.7419],[129.8176,32.7419],[129.8175,32.7419],[129.8175,32.7418],[129.8175,32.7418],[129.8175,32.7418],[129.8174,32.7418],[129.8174,32.7418],[129.8174,32.7418],[129.8173,32.7417],[129.8173,32.7417],[129.8172,32.7417],[129.8172,32.7417],[129.8172,32.7417],[129.8171,32.7417],[129.8171,32.7416],[129.8171,32.7416],[129.817,32.7416],[129.817,32.7416],[129.8169,32.7415],[129.8169,32.7415],[129.8168,32.7415],[129.8168,32.7415],[129.8167,32.7414],[129.8167,32.7414],[129.8167,32.7414],[129.8167,32.7414],[129.8166,32.7414],[129.8166,32.7414],[129.8166,32.7413],[129.8166,32.7413],[129.8165,32.7413],[129.8165,32.7413],[129.8165,32.7413],[129.8164,32.7412],[129.8164,32.7412],[129.8164,32.7412],[129.8164,32.7412],[129.8163,32.7412],[129.8163,32.7412],[129.8163,32.7412],[129.8162,32.7412],[129.8162,32.7412],[129.8162,32.7411],[129.8163,32.7405],[129.8161,32.7399],[129.8164,32.7398],[129.8164,32.7398],[129.8163,32.7398],[129.8163,32.7398],[129.8161,32.7398],[129.8161,32.7398],[129.8163,32.7398],[129.8162,32.7397],[129.8161,32.7398],[129.8161,32.7397],[129.8164,32.7397],[129.8164,32.7396],[129.8161,32.7397],[129.816,32.7394],[129.8163,32.7393],[129.8163,32.7393],[129.816,32.7393],[129.8159,32.7393],[129.8166,32.7392],[129.8166,32.7392],[129.8158,32.7393],[129.8158,32.7393],[129.8157,32.739],[129.8156,32.7389],[129.8156,32.7387],[129.8155,32.7386],[129.8154,32.7383],[129.8163,32.7381],[129.8166,32.7383],[129.8167,32.7384],[129.817,32.7393],[129.8171,32.7394],[129.8172,32.7394],[129.8172,32.7394],[129.817,32.7393],[129.817,32.7391],[129.817,32.7391],[129.8167,32.7383],[129.8167,32.7382],[129.8162,32.738],[129.8156,32.7381],[129.8156,32.7381],[129.8151,32.7383],[129.8151,32.7383],[129.8138,32.7405],[129.8139,32.741],[129.8139,32.741],[129.8139,32.741],[129.8138,32.741],[129.8138,32.741],[129.8138,32.7411],[129.8137,32.7411],[129.8137,32.7412],[129.8136,32.7412],[129.8135,32.7412],[129.8135,32.7413],[129.8135,32.7413],[129.8134,32.7413],[129.8134,32.7414],[129.8133,32.7414],[129.8133,32.7414],[129.8132,32.7414],[129.8132,32.7414],[129.8132,32.7415],[129.8131,32.7415],[129.8131,32.7415],[129.813,32.7415],[129.813,32.7415],[129.8129,32.7416],[129.8128,32.7416],[129.8128,32.7416],[129.8127,32.7417],[129.8126,32.7417],[129.8125,32.7427],[129.8129,32.7428],[129.8129,32.7428],[129.813,32.7428],[129.8131,32.7428],[129.8132,32.7427],[129.8133,32.7427],[129.8133,32.7427],[129.8135,32.7428],[129.8142,32.7431],[129.8146,32.7433],[129.8146,32.7433],[129.8146,32.7434],[129.8147,32.7435],[129.8147,32.7435],[129.8148,32.7436],[129.8148,32.7437],[129.8149,32.7438],[129.815,32.7439],[129.815,32.744],[129.815,32.744],[129.8151,32.744],[129.8152,32.744],[129.8153,32.744],[129.8154,32.7441],[129.8156,32.7442],[129.8157,32.7443],[129.8158,32.7443],[129.8158,32.7444],[129.8157,32.7444],[129.8157,32.7445],[129.8157,32.7445],[129.8158,32.7447],[129.8158,32.7449],[129.8158,32.745],[129.8158,32.7451],[129.8157,32.7452],[129.8155,32.7453],[129.8155,32.7455],[129.8155,32.7456],[129.8155,32.7456],[129.8155,32.7457],[129.8156,32.746],[129.8156,32.7464],[129.8156,32.7466],[129.8156,32.7467],[129.8156,32.7468],[129.8154,32.7469],[129.8153,32.7469],[129.8153,32.747],[129.8153,32.747],[129.8153,32.747],[129.8154,32.747],[129.8155,32.747],[129.8157,32.747],[129.8159,32.7472],[129.816,32.7472],[129.8161,32.7472],[129.8161,32.7472],[129.8162,32.7471],[129.8162,32.747],[129.8163,32.747],[129.8163,32.7469],[129.8165,32.7469],[129.8166,32.7469],[129.8167,32.7469],[129.8167,32.7469],[129.8168,32.7469],[129.8173,32.7469],[129.8175,32.7469],[129.8176,32.7469],[129.8177,32.7469],[129.8178,32.7468],[129.8179,32.7468],[129.8184,32.7469],[129.8185,32.7468],[129.8186,32.7468],[129.8188,32.7467],[129.8192,32.7468],[129.8193,32.7468],[129.8193,32.7468],[129.8193,32.7469],[129.8194,32.747],[129.8194,32.747],[129.8195,32.7471],[129.8195,32.7471],[129.8195,32.7473],[129.8198,32.7475],[129.8198,32.7475],[129.8199,32.7475],[129.8201,32.7475],[129.8201,32.7475],[129.8203,32.7475],[129.8203,32.7475],[129.8204,32.7474],[129.8205,32.7473],[129.8204,32.7472],[129.8202,32.7467],[129.8202,32.7466],[129.8201,32.7465],[129.8201,32.7465],[129.8202,32.7464],[129.8202,32.7464],[129.8206,32.7464],[129.8208,32.7463],[129.8208,32.7463],[129.8209,32.7463],[129.821,32.7462],[129.8211,32.7462],[129.8212,32.7462],[129.8215,32.7462],[129.8215,32.7463],[129.8216,32.7463],[129.8216,32.7463],[129.8215,32.7464],[129.8215,32.7465],[129.8215,32.7465],[129.8215,32.7466],[129.8216,32.7467],[129.8217,32.7468],[129.8218,32.7469],[129.822,32.7469],[129.8221,32.747],[129.8221,32.747],[129.8222,32.7469],[129.8224,32.7468],[129.8225,32.7468],[129.8226,32.7468],[129.8227,32.7468],[129.8228,32.7468],[129.823,32.7469],[129.8231,32.747],[129.8232,32.7471],[129.8233,32.7473],[129.8231,32.7473],[129.823,32.7474],[129.8229,32.7474],[129.8225,32.7475],[129.8222,32.7475],[129.822,32.7476],[129.8218,32.7477],[129.8217,32.7477],[129.8216,32.7479],[129.8216,32.7479],[129.8215,32.7482],[129.8215,32.7483],[129.8215,32.7484],[129.8216,32.7485],[129.8218,32.7486],[129.8219,32.7487],[129.822,32.7488],[129.822,32.7489],[129.822,32.749],[129.8221,32.749],[129.8222,32.7491],[129.8223,32.7491],[129.8224,32.7491],[129.8225,32.7491],[129.8226,32.7491],[129.8228,32.7493],[129.823,32.7495],[129.8231,32.7496],[129.8232,32.7496],[129.8233,32.7497],[129.8234,32.7497],[129.8235,32.7497],[129.824,32.7494],[129.8244,32.7492],[129.8244,32.7492],[129.8245,32.7491],[129.8246,32.7491],[129.8246,32.7491],[129.8247,32.7492],[129.8248,32.7494],[129.8249,32.7498],[129.8249,32.7503],[129.8249,32.7504],[129.8248,32.7505],[129.8248,32.7506],[129.8249,32.7507],[129.8249,32.7508],[129.825,32.7509],[129.8251,32.7509],[129.8251,32.751],[129.8252,32.7511],[129.8252,32.7512],[129.8253,32.7512],[129.8253,32.7513],[129.8253,32.7513],[129.8254,32.7512],[129.8254,32.7511],[129.8255,32.751],[129.8255,32.7509],[129.8256,32.7508],[129.8257,32.7506],[129.8258,32.7505],[129.8259,32.7504],[129.8261,32.7503],[129.8262,32.7503],[129.8265,32.7503],[129.827,32.7502],[129.8271,32.7503],[129.8272,32.7503],[129.8273,32.7503],[129.8275,32.7505],[129.8278,32.7507],[129.8278,32.7507],[129.8283,32.7509],[129.8284,32.751],[129.8284,32.751],[129.8286,32.7513],[129.8287,32.7513],[129.8286,32.7514],[129.8286,32.7514],[129.8286,32.7514],[129.8287,32.7515],[129.8287,32.7515],[129.8291,32.7515],[129.8292,32.7516],[129.8293,32.7515],[129.8292,32.7513],[129.8292,32.7513],[129.8291,32.7512],[129.829,32.7511],[129.8289,32.7509]]]},"properties":{"name":"長崎市","pop":4}},{"type":"Feature","geometry":{"type":"Polygon","coordinates":[[[129.8374,32.7861],[129.8373,32.7859],[129.8373,32.7859],[129.8373,32.7859],[129.838,32.7856],[129.838,32.7856],[129.838,32.7856],[129.8383,32.7859],[129.8384,32.7859],[129.8385,32.7859],[129.8387,32.7859],[129.8388,32.7858],[129.8389,32.7857],[129.8389,32.7857],[129.8392,32.7855],[129.8395,32.7854],[129.8395,32.7854],[129.8395,32.7854],[129.8396,32.7852],[129.8396,32.7852],[129.8397,32.7851],[129.8397,32.7851],[129.8403,32.7844],[129.8405,32.7843],[129.8408,32.7842],[129.841,32.7842],[129.841,32.7842],[129.841,32.784],[129.8409,32.7838],[129.8409,32.7837],[129.8409,32.7837],[129.8409,32.7837],[129.841,32.7835],[129.8411,32.7832],[129.8411,32.7832],[129.8412,32.7831],[129.8413,32.783],[129.8415,32.7831],[129.8416,32.7832],[129.8417,32.7832],[129.8417,32.7832],[129.8418,32.7832],[129.8421,32.7831],[129.8423,32.7833],[129.8424,32.7833],[129.8426,32.7833],[129.8428,32.7832],[129.8431,32.7832],[129.8433,32.7831],[129.8435,32.7831],[129.8437,32.783],[129.8438,32.7829],[129.8439,32.7829],[129.844,32.7828],[129.8441,32.7827],[129.8441,32.7825],[129.8441,32.7823],[129.8441,32.7822],[129.844,32.7821],[129.8439,32.782],[129.8438,32.7819],[129.8437,32.7818],[129.8436,32.7817],[129.8436,32.7816],[129.8436,32.7815],[129.8431,32.7814],[129.8427,32.7817],[129.8425,32.7816],[129.8424,32.7816],[129.8427,32.7813],[129.8429,32.7811],[129.8432,32.7809],[129.8434,32.7811],[129.8434,32.7812],[129.8435,32.7812],[129.8436,32.7812],[129.8437,32.7811],[129.8438,32.781],[129.8438,32.781],[129.8436,32.7808],[129.8431,32.7798],[129.8431,32.7798],[129.8431,32.7797],[129.8431,32.7797],[129.843,32.7794],[129.843,32.779],[129.843,32.7788],[129.843,32.7786],[129.8429,32.7784],[129.8429,32.7783],[129.8428,32.7782],[129.8427,32.778],[129.8424,32.7779],[129.8424,32.7779],[129.8423,32.7778],[129.8422,32.7775],[129.842,32.7774],[129.8418,32.7773],[129.8417,32.7772],[129.8417,32.777],[129.8416,32.7769],[129.8414,32.7769],[129.8413,32.7768],[129.8413,32.7767],[129.8412,32.7767],[129.8411,32.7767],[129.841,32.7767],[129.8407,32.7768],[129.8403,32.7767],[129.8402,32.7767],[129.8401,32.7766],[129.8398,32.7765],[129.8396,32.7763],[129.8396,32.7763],[129.8396,32.7768],[129.8395,32.7768],[129.8391,32.7767],[129.8389,32.7767],[129.8388,32.777],[129.839,32.7771],[129.839,32.7781],[129.8393,32.7781],[129.8393,32.7781],[129.8394,32.7781],[129.8394,32.7783],[129.8394,32.7783],[129.8382,32.7788],[129.8376,32.7786],[129.8375,32.7783],[129.8371,32.7785],[129.8373,32.7789],[129.8374,32.7789],[129.8374,32.779],[129.8373,32.7794],[129.8372,32.7796],[129.8372,32.7798],[129.8372,32.78],[129.8372,32.78],[129.8372,32.7802],[129.8372,32.7807],[129.8372,32.7807],[129.8372,32.7809],[129.8371,32.781],[129.837,32.781],[129.837,32.7811],[129.8369,32.7811],[129.8368,32.7811],[129.8367,32.7811],[129.8366,32.7811],[129.8362,32.7809],[129.8357,32.7807],[129.8354,32.7804],[129.8352,32.7802],[129.8351,32.78],[129.8349,32.7799],[129.8348,32.7799],[129.8346,32.7799],[129.8335,32.7799],[129.8333,32.7797],[129.8331,32.7796],[129.8321,32.779],[129.8319,32.779],[129.8315,32.779],[129.8302,32.7789],[129.8298,32.7789],[129.8296,32.779],[129.8294,32.7791],[129.8292,32.7793],[129.8287,32.7796],[129.8285,32.7794],[129.8278,32.7786],[129.8275,32.7783],[129.8275,32.7783],[129.8264,32.779],[129.8255,32.7796],[129.8253,32.7798],[129.8253,32.7798],[129.8254,32.7799],[129.8255,32.78],[129.8257,32.7802],[129.8258,32.7803],[129.826,32.7806],[129.8263,32.781],[129.8265,32.7812],[129.8265,32.7812],[129.8266,32.7812],[129.8267,32.7809],[129.8269,32.7811],[129.8271,32.7813],[129.8274,32.7816],[129.8276,32.7819],[129.828,32.7821],[129.8289,32.7827],[129.8294,32.783],[129.8295,32.783],[129.8305,32.7837],[129.8311,32.784],[129.8312,32.7843],[129.8312,32.7843],[129.8314,32.784],[129.8314,32.784],[129.8318,32.7833],[129.8326,32.7835],[129.8328,32.7835],[129.833,32.7836],[129.833,32.7837],[129.8335,32.7843],[129.8336,32.7844],[129.8337,32.7844],[129.8337,32.7845],[129.8339,32.7845],[129.8342,32.7846],[129.8344,32.7846],[129.8345,32.7846],[129.8347,32.7846],[129.8348,32.7845],[129.8348,32.7845],[129.8349,32.7844],[129.8349,32.7843],[129.835,32.7841],[129.8351,32.7837],[129.8351,32.7837],[129.8347,32.7836],[129.8347,32.7833],[129.8342,32.7829],[129.834,32.7827],[129.8337,32.7824],[129.8337,32.7822],[129.8339,32.7819],[129.834,32.7819],[129.8342,32.7823],[129.8344,32.7826],[129.8344,32.7826],[129.8346,32.7825],[129.8346,32.7824],[129.8347,32.7824],[129.8347,32.7823],[129.8348,32.7822],[129.835,32.7821],[129.8352,32.782],[129.8355,32.782],[129.8355,32.7821],[129.8357,32.7824],[129.8362,32.7827],[129.8363,32.7827],[129.8364,32.7829],[129.8365,32.783],[129.8367,32.783],[129.8367,32.7831],[129.8367,32.7832],[129.8366,32.7833],[129.8366,32.7833],[129.8367,32.7834],[129.8366,32.7839],[129.8366,32.7839],[129.8365,32.7841],[129.8363,32.7842],[129.8361,32.7844],[129.8359,32.7846],[129.8357,32.7848],[129.8357,32.7848],[129.8355,32.785],[129.8352,32.7851],[129.8348,32.7852],[129.8345,32.7852],[129.8343,32.7852],[129.834,32.7851],[129.8337,32.7851],[129.8342,32.7854],[129.8339,32.7854],[129.8339,32.7856],[129.8345,32.7857],[129.8345,32.7855],[129.8347,32.7856],[129.8348,32.7856],[129.8349,32.7857],[129.8351,32.7857],[129.8354,32.7858],[129.8354,32.7858],[129.8355,32.7858],[129.8355,32.7858],[129.8357,32.7859],[129.8358,32.786],[129.8359,32.786],[129.8361,32.786],[129.8362,32.786],[129.8363,32.786],[129.8364,32.786],[129.8365,32.786],[129.8371,32.7863],[129.8371,32.7863],[129.8372,32.7863],[129.8373,32.7863],[129.8374,32.7862],[129.8374,32.7862],[129.8374,32.7861],[129.8374,32.7861]]]},"properties":{"name":"長崎市","pop":5}},{"type":"Feature","geometry":{"type":"Polygon","coordinates":[[[129.7746,32.8303],[129.7747,32.8302],[129.7747,32.8302],[129.7748,32.8302],[129.7749,32.8302],[129.7751,32.8301],[129.7751,32.8301],[129.7751,32.8301],[129.7752,32.83],[129.7752,32.8299],[129.7753,32.8299],[129.7753,32.8298],[129.7753,32.8296],[129.7753,32.8294],[129.7753,32.8292],[129.7753,32.8292],[129.7753,32.8291],[129.7753,32.829],[129.7752,32.829],[129.7752,32.829],[129.775,32.8288],[129.7749,32.8287],[129.7747,32.8286],[129.7746,32.8286],[129.7746,32.8285],[129.7746,32.8285],[129.7746,32.8285],[129.7746,32.8282],[129.7746,32.8282],[129.7746,32.8282],[129.7748,32.8282],[129.7749,32.8282],[129.7751,32.8283],[129.7753,32.8283],[129.7754,32.8283],[129.7755,32.8284],[129.7756,32.8284],[129.7757,32.8284],[129.7757,32.8284],[129.7758,32.8283],[129.7758,32.8283],[129.7758,32.8283],[129.7759,32.8283],[129.7759,32.8283],[129.7759,32.8283],[129.776,32.8282],[129.776,32.8282],[129.776,32.8281],[129.776,32.8281],[129.7761,32.828],[129.7761,32.8279],[129.7761,32.8278],[129.7761,32.8278],[129.7761,32.8277],[129.7761,32.8276],[129.7761,32.8275],[129.7761,32.8274],[129.7761,32.8274],[129.7761,32.8273],[129.7761,32.8272],[129.7761,32.8272],[129.776,32.8271],[129.7759,32.827],[129.7759,32.827],[129.7758,32.8269],[129.7758,32.8269],[129.7758,32.8268],[129.7758,32.8268],[129.7758,32.8267],[129.7759,32.8267],[129.7759,32.8266],[129.7761,32.8265],[129.7761,32.8265],[129.7761,32.8265],[129.7764,32.8268],[129.7765,32.8268],[129.7764,32.8269],[129.7766,32.8271],[129.7767,32.8271],[129.7771,32.8273],[129.7772,32.8273],[129.7773,32.8274],[129.7782,32.8277],[129.7791,32.8279],[129.7799,32.8283],[129.7799,32.8283],[129.7799,32.8283],[129.78,32.8284],[129.7801,32.8284],[129.7806,32.8288],[129.7814,32.8293],[129.7816,32.8294],[129.7819,32.8296],[129.7822,32.8296],[129.7824,32.8296],[129.7827,32.8296],[129.783,32.8294],[129.7832,32.8292],[129.7834,32.8289],[129.7835,32.8287],[129.7836,32.8285],[129.7836,32.8284],[129.7838,32.8279],[129.784,32.8274],[129.7843,32.8267],[129.7844,32.8263],[129.7844,32.8261],[129.7845,32.826],[129.7847,32.8259],[129.785,32.8258],[129.7854,32.8258],[129.7856,32.8258],[129.7859,32.8258],[129.7863,32.8256],[129.7865,32.8256],[129.7867,32.8255],[129.7869,32.8254],[129.7869,32.8253],[129.787,32.8252],[129.7872,32.8248],[129.7875,32.8242],[129.7876,32.8239],[129.7877,32.8237],[129.7879,32.8235],[129.788,32.8232],[129.7882,32.823],[129.7882,32.823],[129.7883,32.8229],[129.7885,32.8229],[129.7889,32.8228],[129.7882,32.8225],[129.7878,32.8224],[129.7876,32.8224],[129.7874,32.8224],[129.787,32.8226],[129.7866,32.8229],[129.7863,32.8234],[129.7857,32.8245],[129.7852,32.8255],[129.7847,32.8257],[129.7846,32.8258],[129.7839,32.8261],[129.7836,32.8257],[129.7835,32.8255],[129.7835,32.8254],[129.7835,32.8251],[129.7835,32.825],[129.7836,32.8249],[129.7837,32.8246],[129.7836,32.8244],[129.7835,32.8243],[129.7834,32.8242],[129.7831,32.824],[129.7829,32.8238],[129.7827,32.8237],[129.7824,32.8236],[129.7819,32.8235],[129.7817,32.8235],[129.7817,32.8235],[129.7817,32.8236],[129.7817,32.8236],[129.7817,32.8237],[129.7814,32.8241],[129.7814,32.8241],[129.7814,32.8241],[129.7809,32.8243],[129.7808,32.8244],[129.7808,32.8245],[129.7808,32.8245],[129.7807,32.8246],[129.7803,32.8249],[129.7803,32.825],[129.7803,32.825],[129.7804,32.8252],[129.7804,32.8252],[129.7804,32.8252],[129.78,32.8256],[129.7799,32.8256],[129.7792,32.8251],[129.7788,32.8248],[129.7785,32.8245],[129.7782,32.8241],[129.778,32.8236],[129.7778,32.8238],[129.7761,32.8203],[129.7759,32.8199],[129.7758,32.8199],[129.7756,32.82],[129.7755,32.8197],[129.775,32.819],[129.7747,32.8185],[129.7699,32.8207],[129.7699,32.8207],[129.7698,32.8207],[129.77,32.8211],[129.7705,32.8218],[129.7705,32.8219],[129.7702,32.8218],[129.7699,32.8218],[129.7701,32.8226],[129.7711,32.8227],[129.7718,32.8228],[129.7718,32.8228],[129.7718,32.8234],[129.7715,32.8233],[129.7715,32.8233],[129.7715,32.8233],[129.7713,32.8232],[129.7713,32.8232],[129.771,32.8232],[129.7706,32.8231],[129.7704,32.8232],[129.7702,32.8232],[129.7702,32.8233],[129.7702,32.8233],[129.7697,32.8236],[129.7695,32.8236],[129.7693,32.8236],[129.7691,32.8235],[129.7689,32.8234],[129.7688,32.8233],[129.7687,32.8231],[129.7686,32.8228],[129.7683,32.8228],[129.7682,32.8228],[129.7678,32.8229],[129.7678,32.8229],[129.7677,32.8232],[129.7678,32.8234],[129.7683,32.8234],[129.7684,32.8236],[129.7683,32.8238],[129.7684,32.8238],[129.7686,32.824],[129.7688,32.8241],[129.769,32.8243],[129.7691,32.8243],[129.7692,32.8243],[129.7692,32.8243],[129.7692,32.8242],[129.7692,32.8243],[129.7692,32.8244],[129.7693,32.8245],[129.7692,32.8246],[129.7692,32.8247],[129.7692,32.8248],[129.7692,32.8248],[129.7692,32.825],[129.7692,32.8251],[129.7693,32.8252],[129.7694,32.8253],[129.7694,32.8253],[129.7693,32.8253],[129.7693,32.8253],[129.7693,32.8253],[129.7695,32.8255],[129.7695,32.8258],[129.7695,32.8259],[129.7696,32.8261],[129.7696,32.8261],[129.7697,32.826],[129.7699,32.8259],[129.7699,32.8258],[129.7702,32.8257],[129.7703,32.8256],[129.7703,32.8255],[129.7705,32.8255],[129.7704,32.8256],[129.7704,32.8258],[129.7706,32.8258],[129.7708,32.8257],[129.7709,32.8258],[129.7709,32.8258],[129.771,32.8259],[129.7709,32.8259],[129.7711,32.826],[129.7712,32.826],[129.7713,32.8261],[129.7714,32.826],[129.7715,32.8261],[129.7717,32.8261],[129.7717,32.8261],[129.7718,32.8261],[129.7719,32.8259],[129.772,32.8258],[129.7721,32.8257],[129.7723,32.8257],[129.7724,32.8256],[129.7726,32.8257],[129.7727,32.8257],[129.773,32.8258],[129.773,32.8259],[129.7732,32.8262],[129.7737,32.8258],[129.774,32.8256],[129.7742,32.8256],[129.7737,32.8261],[129.7737,32.8261],[129.7736,32.8263],[129.7735,32.8265],[129.7735,32.8265],[129.7732,32.8266],[129.7731,32.8268],[129.773,32.8269],[129.773,32.8271],[129.7732,32.8272],[129.7732,32.8272],[129.7732,32.8273],[129.7731,32.8273],[129.7731,32.8273],[129.7731,32.8273],[129.7732,32.8275],[129.7732,32.8276],[129.7732,32.8276],[129.7732,32.8276],[129.7731,32.8275],[129.7731,32.8275],[129.773,32.8275],[129.7728,32.8275],[129.7728,32.8275],[129.7728,32.8276],[129.7727,32.8276],[129.7726,32.8276],[129.7726,32.8276],[129.7725,32.8277],[129.7725,32.8277],[129.7725,32.8277],[129.7724,32.8278],[129.7724,32.8278],[129.7722,32.828],[129.7722,32.828],[129.7721,32.8281],[129.7721,32.8281],[129.772,32.8281],[129.772,32.8281],[129.772,32.8281],[129.772,32.8281],[129.7719,32.8282],[129.7719,32.8282],[129.7718,32.8282],[129.7718,32.8282],[129.7718,32.8282],[129.7717,32.8283],[129.7716,32.8284],[129.7716,32.8284],[129.7716,32.8284],[129.7718,32.8287],[129.7719,32.8289],[129.7719,32.8289],[129.7719,32.8295],[129.7719,32.8299],[129.7722,32.83],[129.7722,32.8301],[129.7722,32.8301],[129.7727,32.8303],[129.7731,32.8305],[129.7731,32.8305],[129.7733,32.8306],[129.7734,32.8306],[129.7735,32.8307],[129.7735,32.8307],[129.7738,32.8308],[129.7738,32.8308],[129.7738,32.8308],[129.7741,32.831],[129.7741,32.831],[129.7743,32.8308],[129.7746,32.8303]]]},"properties":{"name":"長崎市","pop":6}},{"type":"Feature","geometry":{"type":"Polygon","coordinates":[[[129.6979,33.2206],[129.6983,33.2204],[129.6985,33.22],[129.699,33.2205],[129.6992,33.2203],[129.6992,33.2203],[129.6991,33.2199],[129.699,33.2199],[129.699,33.2198],[129.699,33.2198],[129.6988,33.2197],[129.6987,33.2197],[129.6987,33.2195],[129.6988,33.2194],[129.6987,33.2193],[129.6986,33.2191],[129.6985,33.2191],[129.6985,33.2189],[129.6984,33.2188],[129.6982,33.2187],[129.698,33.2186],[129.6979,33.2184],[129.6978,33.2183],[129.6977,33.2182],[129.6976,33.2181],[129.6974,33.218],[129.6973,33.2179],[129.6971,33.2179],[129.6971,33.2177],[129.697,33.2177],[129.6969,33.2177],[129.6969,33.2176],[129.697,33.2174],[129.697,33.2173],[129.697,33.2173],[129.6969,33.2172],[129.697,33.2171],[129.6972,33.2167],[129.6973,33.2163],[129.6974,33.216],[129.6975,33.2159],[129.6975,33.2159],[129.6974,33.2158],[129.6973,33.2156],[129.6973,33.2155],[129.6973,33.2154],[129.6973,33.2154],[129.6973,33.2153],[129.6973,33.2152],[129.6973,33.2152],[129.6971,33.215],[129.6973,33.215],[129.6973,33.2149],[129.6979,33.2147],[129.698,33.2147],[129.6981,33.2146],[129.6983,33.2146],[129.6984,33.2145],[129.6984,33.2145],[129.6982,33.214],[129.6982,33.2139],[129.6982,33.2139],[129.6983,33.2139],[129.6983,33.2138],[129.6984,33.2138],[129.6984,33.2137],[129.6985,33.2136],[129.6989,33.2136],[129.6989,33.2135],[129.6989,33.2135],[129.699,33.2134],[129.699,33.2134],[129.699,33.2134],[129.6992,33.2134],[129.6994,33.2134],[129.7005,33.2135],[129.7004,33.2138],[129.7009,33.2138],[129.701,33.2135],[129.7011,33.2135],[129.7014,33.2134],[129.7016,33.2134],[129.7018,33.2134],[129.702,33.2134],[129.7022,33.2133],[129.7026,33.2132],[129.703,33.2131],[129.7031,33.2134],[129.703,33.2134],[129.7031,33.2136],[129.7033,33.2139],[129.7034,33.2139],[129.7036,33.2139],[129.7037,33.214],[129.7038,33.2141],[129.7039,33.2143],[129.704,33.2143],[129.7042,33.2144],[129.704,33.2139],[129.7043,33.2139],[129.7043,33.2138],[129.7043,33.2137],[129.704,33.2137],[129.704,33.2136],[129.704,33.2136],[129.704,33.2136],[129.704,33.2135],[129.7041,33.2135],[129.7041,33.2135],[129.704,33.2133],[129.7042,33.2132],[129.7042,33.2132],[129.7042,33.2131],[129.7042,33.2131],[129.7042,33.213],[129.7041,33.2129],[129.7042,33.2129],[129.7043,33.2128],[129.7043,33.2127],[129.7053,33.2125],[129.7054,33.2128],[129.7055,33.2128],[129.7055,33.2128],[129.7056,33.2128],[129.7056,33.2129],[129.7056,33.2129],[129.7057,33.2129],[129.7058,33.213],[129.7057,33.213],[129.7057,33.213],[129.7057,33.2131],[129.7056,33.213],[129.7056,33.213],[129.7055,33.213],[129.7055,33.213],[129.7054,33.213],[129.7054,33.2131],[129.7053,33.2131],[129.7053,33.2132],[129.7057,33.2135],[129.706,33.2137],[129.7063,33.214],[129.7068,33.2144],[129.7071,33.2143],[129.7072,33.2142],[129.7073,33.2142],[129.7074,33.2142],[129.7076,33.2141],[129.708,33.2141],[129.7082,33.2141],[129.7084,33.2141],[129.7087,33.2141],[129.7088,33.2141],[129.7093,33.2142],[129.7095,33.2142],[129.7097,33.2142],[129.7099,33.2142],[129.7101,33.2142],[129.7103,33.2142],[129.7105,33.2141],[129.7109,33.214],[129.7115,33.2137],[129.7115,33.2137],[129.7117,33.2135],[129.7118,33.2135],[129.7118,33.2134],[129.7119,33.2133],[129.712,33.2131],[129.712,33.2131],[129.712,33.2131],[129.712,33.2131],[129.712,33.213],[129.712,33.213],[129.712,33.2129],[129.712,33.2129],[129.712,33.2129],[129.712,33.2128],[129.7119,33.2128],[129.7119,33.2128],[129.7119,33.2128],[129.7119,33.2127],[129.7119,33.2127],[129.7119,33.2126],[129.7123,33.2124],[129.7134,33.2118],[129.7134,33.2119],[129.7133,33.212],[129.7133,33.2121],[129.7133,33.2122],[129.7134,33.2123],[129.7135,33.2125],[129.7136,33.2126],[129.7144,33.2125],[129.7145,33.2124],[129.7146,33.2123],[129.7148,33.2122],[129.7149,33.2121],[129.7151,33.212],[129.7154,33.2119],[129.7158,33.2118],[129.717,33.2116],[129.717,33.2114],[129.717,33.2113],[129.717,33.2112],[129.7172,33.2112],[129.7173,33.2113],[129.7173,33.2113],[129.7173,33.2114],[129.7176,33.2112],[129.7178,33.2111],[129.718,33.2113],[129.718,33.2117],[129.7179,33.2119],[129.7179,33.212],[129.7179,33.2123],[129.718,33.2124],[129.7179,33.2125],[129.7176,33.2125],[129.7175,33.2126],[129.7174,33.2126],[129.7168,33.213],[129.7167,33.2131],[129.7166,33.2131],[129.7165,33.2132],[129.7165,33.2134],[129.7165,33.2135],[129.7164,33.2145],[129.7165,33.2146],[129.7167,33.2149],[129.7167,33.215],[129.7167,33.2151],[129.7166,33.2152],[129.7167,33.2154],[129.7169,33.2155],[129.7171,33.2155],[129.7173,33.2155],[129.7176,33.2153],[129.7177,33.2153],[129.7179,33.2152],[129.718,33.2152],[129.7181,33.2153],[129.7183,33.2154],[129.7184,33.2154],[129.7185,33.2154],[129.7187,33.2153],[129.7191,33.2152],[129.7191,33.2152],[129.7192,33.2152],[129.7193,33.2152],[129.7194,33.2152],[129.7195,33.2152],[129.7197,33.2152],[129.7198,33.2151],[129.72,33.2151],[129.7201,33.2151],[129.7202,33.2152],[129.7203,33.2152],[129.7204,33.2154],[129.7205,33.2154],[129.7207,33.2155],[129.7209,33.2155],[129.7211,33.2155],[129.7212,33.2155],[129.7214,33.2154],[129.7216,33.2154],[129.7216,33.2154],[129.7217,33.2153],[129.7217,33.2154],[129.7218,33.2154],[129.7219,33.2155],[129.7219,33.2155],[129.7219,33.2155],[129.7219,33.2155],[129.7219,33.2155],[129.7219,33.2156],[129.7219,33.2156],[129.722,33.2156],[129.722,33.2156],[129.7222,33.2156],[129.7222,33.2156],[129.7223,33.2156],[129.7223,33.2156],[129.7223,33.2156],[129.7223,33.2156],[129.7223,33.2156],[129.7223,33.2156],[129.7223,33.2156],[129.7223,33.2156],[129.7225,33.2156],[129.7224,33.2158],[129.7224,33.2159],[129.7223,33.216],[129.7223,33.2161],[129.7224,33.2162],[129.7225,33.2163],[129.7225,33.2163],[129.7226,33.2163],[129.7227,33.2163],[129.7228,33.2163],[129.7228,33.2163],[129.7229,33.2163],[129.7229,33.2163],[129.7229,33.2164],[129.723,33.2164],[129.723,33.2164],[129.7231,33.2164],[129.7232,33.2166],[129.7233,33.2167],[129.7234,33.2167],[129.7236,33.2168],[129.7236,33.2169],[129.7237,33.2169],[129.7239,33.2169],[129.7243,33.2169],[129.7246,33.2169],[129.7248,33.217],[129.7253,33.2171],[129.7259,33.2173],[129.7262,33.2174],[129.7265,33.2174],[129.7268,33.2172],[129.7269,33.2172],[129.727,33.2171],[129.7271,33.2171],[129.7274,33.217],[129.7274,33.2169],[129.7274,33.2169],[129.7274,33.2169],[129.7274,33.2168],[129.7273,33.2165],[129.7271,33.2162],[129.727,33.2162],[129.7271,33.2161],[129.7271,33.216],[129.7272,33.216],[129.7272,33.2159],[129.7274,33.216],[129.7275,33.216],[129.7275,33.2159],[129.7275,33.2159],[129.7275,33.2159],[129.7275,33.2158],[129.7275,33.2158],[129.7275,33.2157],[129.7277,33.2157],[129.7278,33.2156],[129.728,33.2155],[129.7281,33.2156],[129.7282,33.2156],[129.7282,33.2157],[129.7283,33.2157],[129.7284,33.2158],[129.7284,33.2159],[129.7284,33.2159],[129.7285,33.216],[129.7286,33.216],[129.7287,33.216],[129.7287,33.2161],[129.7289,33.2162],[129.729,33.2162],[129.7291,33.2163],[129.7291,33.2164],[129.7291,33.2164],[129.7291,33.2165],[129.7291,33.2165],[129.729,33.2167],[129.7297,33.2171],[129.7298,33.2169],[129.7299,33.2167],[129.73,33.2165],[129.7302,33.2163],[129.7303,33.2163],[129.7305,33.2165],[129.7307,33.2166],[129.7309,33.2169],[129.7309,33.217],[129.7309,33.2172],[129.7309,33.2172],[129.731,33.2173],[129.7311,33.2173],[129.7313,33.2173],[129.7314,33.2172],[129.7315,33.2172],[129.7317,33.2172],[129.7319,33.2172],[129.732,33.2172],[129.7322,33.2173],[129.7323,33.2173],[129.7324,33.2172],[129.7325,33.2173],[129.7327,33.2173],[129.7329,33.2174],[129.7329,33.2172],[129.7329,33.2171],[129.7329,33.217],[129.7328,33.2169],[129.7328,33.2169],[129.7329,33.2168],[129.7329,33.2168],[129.7329,33.2167],[129.733,33.2165],[129.733,33.2163],[129.733,33.2161],[129.7329,33.216],[129.733,33.216],[129.733,33.2159],[129.7331,33.2159],[129.7331,33.2158],[129.7331,33.2157],[129.7331,33.2156],[129.7332,33.2155],[129.7332,33.2155],[129.7332,33.2154],[129.7331,33.2153],[129.7331,33.2152],[129.7332,33.2152],[129.7332,33.2151],[129.7333,33.215],[129.7333,33.215],[129.7333,33.2147],[129.7333,33.2146],[129.7333,33.2146],[129.7338,33.2144],[129.734,33.2138],[129.7338,33.2136],[129.7338,33.2134],[129.7338,33.2134],[129.7339,33.2135],[129.7341,33.2134],[129.7344,33.2133],[129.7344,33.2132],[129.7344,33.213],[129.7345,33.2128],[129.7346,33.2128],[129.7346,33.2128],[129.7351,33.213],[129.7351,33.213],[129.7352,33.213],[129.7354,33.2132],[129.7355,33.2133],[129.7356,33.2135],[129.7357,33.2135],[129.7358,33.2134],[129.736,33.2133],[129.7361,33.2133],[129.7362,33.2133],[129.7362,33.2133],[129.7362,33.2133],[129.7363,33.2134],[129.7364,33.2135],[129.7366,33.2136],[129.7366,33.2136],[129.7366,33.2136],[129.7366,33.2137],[129.7367,33.2137],[129.7368,33.2137],[129.7369,33.2136],[129.7369,33.2136],[129.7372,33.2136],[129.7373,33.2136],[129.7375,33.2136],[129.7374,33.2135],[129.7373,33.2134],[129.7372,33.2133],[129.7371,33.2132],[129.7372,33.2131],[129.7374,33.2133],[129.7376,33.2134],[129.7377,33.2135],[129.7377,33.2136],[129.7378,33.2138],[129.738,33.2137],[129.7385,33.2137],[129.7389,33.2134],[129.7391,33.2135],[129.7392,33.2136],[129.7395,33.2137],[129.7397,33.2137],[129.74,33.2137],[129.7405,33.2138],[129.7407,33.2136],[129.7407,33.2136],[129.7407,33.2135],[129.7409,33.2134],[129.7409,33.2134],[129.7412,33.2133],[129.7416,33.2132],[129.742,33.2132],[129.7423,33.2132],[129.7423,33.2133],[129.7422,33.2134],[129.7425,33.2134],[129.7427,33.2132],[129.7432,33.2132],[129.7434,33.2133],[129.7436,33.2134],[129.7438,33.2136],[129.7443,33.2134],[129.7444,33.2133],[129.7446,33.2132],[129.7454,33.2129],[129.7459,33.2128],[129.7465,33.2125],[129.7469,33.2124],[129.7473,33.2123],[129.7476,33.2122],[129.7478,33.2122],[129.7483,33.2121],[129.7489,33.2119],[129.7493,33.2117],[129.7498,33.2114],[129.7503,33.2111],[129.7502,33.211],[129.7502,33.2107],[129.75,33.2108],[129.7496,33.2107],[129.7493,33.2107],[129.7489,33.2106],[129.7486,33.2105],[129.7483,33.2104],[129.748,33.2103],[129.7476,33.2102],[129.7472,33.21],[129.7469,33.2099],[129.7465,33.2098],[129.7462,33.2097],[129.7463,33.2094],[129.7463,33.2093],[129.7461,33.2092],[129.746,33.2091],[129.7458,33.209],[129.7456,33.2089],[129.7454,33.2089],[129.7452,33.2089],[129.745,33.2089],[129.7451,33.2082],[129.7448,33.2082],[129.7442,33.2082],[129.7442,33.2082],[129.7438,33.2085],[129.7437,33.2085],[129.7436,33.2084],[129.7437,33.2082],[129.7435,33.2082],[129.7434,33.2081],[129.7432,33.2081],[129.7431,33.2081],[129.7429,33.2081],[129.7427,33.2082],[129.7426,33.2083],[129.7425,33.2084],[129.7424,33.2085],[129.7423,33.2085],[129.7422,33.2085],[129.7417,33.2084],[129.7411,33.2083],[129.7409,33.2083],[129.7408,33.2084],[129.7406,33.2084],[129.7404,33.2084],[129.7402,33.2085],[129.7402,33.2085],[129.7401,33.2086],[129.7401,33.2086],[129.74,33.2093],[129.7399,33.2093],[129.7397,33.2093],[129.7395,33.2093],[129.7394,33.2093],[129.7391,33.2093],[129.7389,33.2093],[129.7387,33.2093],[129.7385,33.2093],[129.7385,33.2092],[129.7383,33.2092],[129.738,33.2092],[129.7376,33.2091],[129.7374,33.2093],[129.7373,33.2093],[129.7371,33.2094],[129.7367,33.2094],[129.736,33.2092],[129.7359,33.2092],[129.7359,33.2092],[129.7359,33.2093],[129.7358,33.2093],[129.7358,33.2093],[129.7358,33.2094],[129.7358,33.2094],[129.7352,33.2093],[129.7347,33.2091],[129.7348,33.2089],[129.7348,33.2089],[129.7348,33.2088],[129.7349,33.2088],[129.735,33.2089],[129.735,33.2089],[129.7356,33.2091],[129.7355,33.209],[129.7355,33.2089],[129.7355,33.2089],[129.7356,33.2089],[129.7356,33.2088],[129.7356,33.2087],[129.7358,33.2085],[129.7359,33.2086],[129.736,33.2086],[129.7362,33.2085],[129.7362,33.2085],[129.7363,33.2085],[129.7364,33.2085],[129.7365,33.2085],[129.7365,33.2084],[129.7366,33.2084],[129.7367,33.2084],[129.7369,33.2083],[129.7367,33.2083],[129.7365,33.2082],[129.7365,33.2081],[129.7365,33.2081],[129.7365,33.208],[129.7365,33.208],[129.7364,33.208],[129.7363,33.2081],[129.7362,33.208],[129.7358,33.208],[129.7358,33.2081],[129.7358,33.2082],[129.7358,33.2082],[129.7358,33.2083],[129.7357,33.2083],[129.7357,33.2082],[129.7355,33.2082],[129.7354,33.2082],[129.7352,33.2081],[129.7352,33.2079],[129.7346,33.2078],[129.7341,33.2078],[129.734,33.2078],[129.734,33.2076],[129.7339,33.2074],[129.7339,33.2072],[129.7338,33.2071],[129.7339,33.2071],[129.7341,33.2071],[129.7342,33.2071],[129.7344,33.2072],[129.7347,33.2075],[129.7347,33.2075],[129.7348,33.2076],[129.7348,33.2076],[129.7348,33.2076],[129.7349,33.2076],[129.7349,33.2075],[129.7349,33.2074],[129.7349,33.2073],[129.7349,33.2072],[129.7349,33.2072],[129.7349,33.207],[129.7349,33.2068],[129.7348,33.2065],[129.7348,33.2064],[129.7348,33.2061],[129.7347,33.2059],[129.7347,33.2057],[129.7347,33.2057],[129.7347,33.2056],[129.7346,33.2056],[129.7345,33.2055],[129.7344,33.2055],[129.7343,33.2053],[129.7346,33.2053],[129.7348,33.2052],[129.7352,33.2051],[129.7352,33.2049],[129.7349,33.2047],[129.7349,33.2046],[129.735,33.2045],[129.7347,33.2044],[129.7346,33.2044],[129.7344,33.2042],[129.7343,33.2041],[129.7342,33.2041],[129.7341,33.2041],[129.7331,33.2052],[129.733,33.2054],[129.7331,33.2058],[129.7332,33.2059],[129.7329,33.2059],[129.7328,33.2059],[129.7327,33.2059],[129.7327,33.206],[129.7325,33.2062],[129.7325,33.2063],[129.7324,33.2063],[129.7322,33.2063],[129.732,33.2064],[129.732,33.2065],[129.732,33.2066],[129.732,33.2067],[129.7321,33.2067],[129.7321,33.2067],[129.7318,33.2069],[129.7317,33.2069],[129.7316,33.207],[129.7309,33.207],[129.7308,33.207],[129.73,33.2061],[129.7296,33.2056],[129.7295,33.2053],[129.7295,33.2052],[129.7296,33.2052],[129.7298,33.2053],[129.7298,33.2054],[129.73,33.2054],[129.7301,33.2054],[129.7304,33.2053],[129.7305,33.2052],[129.7305,33.2051],[129.7306,33.205],[129.7306,33.2049],[129.7309,33.2051],[129.7323,33.2035],[129.7322,33.2034],[129.732,33.2033],[129.7315,33.2031],[129.7313,33.203],[129.731,33.2029],[129.7308,33.2028],[129.7305,33.2028],[129.7302,33.2029],[129.7301,33.2029],[129.7299,33.203],[129.7299,33.2031],[129.7299,33.2032],[129.7299,33.2033],[129.73,33.2034],[129.7301,33.2036],[129.7302,33.2037],[129.7303,33.2038],[129.7305,33.2039],[129.7305,33.204],[129.7306,33.204],[129.7307,33.204],[129.7309,33.2041],[129.7311,33.2042],[129.7311,33.2044],[129.7308,33.2045],[129.7304,33.2048],[129.7303,33.2049],[129.7302,33.2048],[129.7302,33.2047],[129.7302,33.2047],[129.7301,33.2048],[129.7301,33.2048],[129.7302,33.2048],[129.7301,33.2048],[129.7301,33.2048],[129.7301,33.2049],[129.7301,33.2049],[129.7296,33.2047],[129.7295,33.2047],[129.7294,33.2048],[129.7294,33.2048],[129.7296,33.2049],[129.7296,33.2049],[129.7296,33.205],[129.7295,33.2052],[129.7294,33.2053],[129.7291,33.205],[129.729,33.2049],[129.7286,33.2043],[129.7287,33.2039],[129.7289,33.2031],[129.7292,33.2029],[129.7291,33.2027],[129.7291,33.2027],[129.7291,33.2026],[129.7289,33.2016],[129.7288,33.2015],[129.7287,33.201],[129.7287,33.2009],[129.7287,33.2008],[129.7285,33.2002],[129.7285,33.2001],[129.7285,33.2],[129.7289,33.2],[129.7293,33.1998],[129.7294,33.1998],[129.7297,33.1998],[129.7301,33.1998],[129.7304,33.1998],[129.7306,33.1998],[129.7307,33.1997],[129.7308,33.1996],[129.731,33.1995],[129.7312,33.1994],[129.7313,33.1994],[129.7314,33.1994],[129.7312,33.1991],[129.7312,33.199],[129.7312,33.1989],[129.7312,33.1989],[129.7312,33.1988],[129.7313,33.1987],[129.7314,33.1986],[129.7315,33.1985],[129.7315,33.1984],[129.7315,33.1984],[129.731,33.1978],[129.731,33.1978],[129.731,33.1978],[129.7309,33.1977],[129.7308,33.1977],[129.7305,33.1974],[129.7301,33.1969],[129.73,33.197],[129.73,33.1971],[129.7299,33.1973],[129.7297,33.1974],[129.7294,33.1975],[129.7293,33.1975],[129.7293,33.1974],[129.7292,33.1974],[129.7292,33.1974],[129.729,33.1975],[129.7286,33.1975],[129.7281,33.1976],[129.7279,33.1977],[129.7278,33.1977],[129.7276,33.1976],[129.7271,33.1976],[129.7265,33.1975],[129.7264,33.1975],[129.7261,33.1975],[129.7261,33.1973],[129.7261,33.1972],[129.7261,33.1971],[129.726,33.197],[129.7259,33.197],[129.7258,33.1971],[129.7257,33.197],[129.7256,33.197],[129.7255,33.197],[129.7255,33.1971],[129.7254,33.197],[129.7252,33.197],[129.7251,33.197],[129.7251,33.1969],[129.725,33.1968],[129.7248,33.1967],[129.7246,33.1966],[129.7246,33.1967],[129.7245,33.1967],[129.7244,33.1967],[129.7243,33.1966],[129.7242,33.1966],[129.7242,33.1964],[129.7242,33.1964],[129.7242,33.1963],[129.7242,33.1962],[129.7242,33.1962],[129.7242,33.196],[129.7241,33.1959],[129.7239,33.1958],[129.7238,33.1958],[129.7238,33.1958],[129.7237,33.1958],[129.7237,33.1958],[129.7235,33.1958],[129.7233,33.1957],[129.7232,33.1956],[129.7232,33.1955],[129.7234,33.1954],[129.7235,33.1954],[129.7235,33.1953],[129.7234,33.1952],[129.7234,33.1952],[129.7233,33.1951],[129.7233,33.1951],[129.7231,33.195],[129.7231,33.195],[129.723,33.195],[129.723,33.1951],[129.7229,33.195],[129.7229,33.195],[129.7228,33.1949],[129.7228,33.1949],[129.7228,33.1948],[129.7227,33.1947],[129.7227,33.1945],[129.7227,33.1945],[129.7227,33.1944],[129.7227,33.1943],[129.7226,33.194],[129.7225,33.1941],[129.7224,33.1942],[129.7223,33.1943],[129.7223,33.1944],[129.7223,33.1946],[129.7222,33.1947],[129.7222,33.1947],[129.7221,33.1948],[129.722,33.1948],[129.7221,33.195],[129.7219,33.1951],[129.7217,33.1949],[129.7215,33.1946],[129.7213,33.1944],[129.7211,33.1942],[129.721,33.1942],[129.7209,33.1942],[129.7209,33.1942],[129.7208,33.1942],[129.7207,33.1942],[129.7205,33.1938],[129.7203,33.1933],[129.7203,33.1932],[129.7202,33.1931],[129.7201,33.1927],[129.7202,33.1927],[129.7202,33.1927],[129.7204,33.1927],[129.7204,33.1929],[129.7205,33.193],[129.7214,33.1931],[129.7216,33.1931],[129.7217,33.1931],[129.7219,33.1931],[129.722,33.1931],[129.722,33.1931],[129.7222,33.1931],[129.7222,33.193],[129.7222,33.193],[129.7222,33.193],[129.7223,33.1929],[129.7223,33.1929],[129.7224,33.1929],[129.7224,33.1929],[129.7225,33.1929],[129.7225,33.1929],[129.7226,33.1928],[129.7226,33.1927],[129.7228,33.1926],[129.723,33.1925],[129.7231,33.1923],[129.7232,33.1922],[129.7233,33.1921],[129.7233,33.192],[129.7233,33.1919],[129.7234,33.1919],[129.7235,33.1918],[129.7235,33.1917],[129.7235,33.1917],[129.7235,33.1915],[129.7234,33.1915],[129.7234,33.1914],[129.7233,33.1913],[129.7233,33.1912],[129.7233,33.1911],[129.7233,33.191],[129.7233,33.191],[129.7232,33.1909],[129.7232,33.1908],[129.7231,33.1907],[129.7231,33.1907],[129.723,33.1907],[129.7229,33.1906],[129.7227,33.1906],[129.7227,33.1904],[129.723,33.1905],[129.7231,33.1905],[129.7232,33.1904],[129.7234,33.1904],[129.7235,33.1903],[129.7235,33.1903],[129.7236,33.1903],[129.7236,33.1903],[129.7237,33.1902],[129.7237,33.1902],[129.7238,33.1903],[129.7238,33.1903],[129.7238,33.1903],[129.7239,33.1903],[129.7239,33.1902],[129.7239,33.1901],[129.7239,33.19],[129.7239,33.19],[129.7239,33.19],[129.7239,33.19],[129.724,33.1898],[129.724,33.1897],[129.7241,33.1898],[129.7242,33.1898],[129.7243,33.1899],[129.7244,33.1899],[129.7248,33.19],[129.7248,33.1901],[129.7249,33.1901],[129.7252,33.1902],[129.7253,33.19],[129.7252,33.19],[129.7252,33.1899],[129.725,33.1899],[129.725,33.1899],[129.7249,33.1898],[129.7248,33.1898],[129.7247,33.1897],[129.7246,33.1896],[129.7245,33.1896],[129.7246,33.1895],[129.7247,33.1895],[129.7248,33.1893],[129.7248,33.1893],[129.7249,33.1892],[129.7249,33.1893],[129.725,33.1894],[129.7252,33.1895],[129.7255,33.1897],[129.7259,33.1898],[129.7261,33.1899],[129.7264,33.1901],[129.7266,33.1903],[129.7267,33.1903],[129.7267,33.1904],[129.7268,33.1902],[129.7268,33.1899],[129.7269,33.1898],[129.727,33.1897],[129.7271,33.1896],[129.7276,33.1891],[129.7276,33.189],[129.7276,33.189],[129.7274,33.1889],[129.7274,33.1887],[129.7274,33.1887],[129.7273,33.1887],[129.7273,33.1887],[129.7273,33.1886],[129.7273,33.1886],[129.7273,33.1886],[129.7272,33.1886],[129.7272,33.1885],[129.7272,33.1885],[129.7271,33.1885],[129.7271,33.1885],[129.7271,33.1884],[129.727,33.1884],[129.727,33.1886],[129.7268,33.1887],[129.7267,33.1885],[129.7265,33.1883],[129.7264,33.1883],[129.7263,33.1882],[129.7263,33.1882],[129.7262,33.1882],[129.7262,33.1882],[129.726,33.1882],[129.7259,33.1882],[129.7259,33.1882],[129.7258,33.1882],[129.7257,33.1882],[129.7256,33.1881],[129.7256,33.1881],[129.7261,33.188],[129.7263,33.188],[129.7264,33.188],[129.7265,33.1879],[129.7266,33.1879],[129.7267,33.1878],[129.7268,33.1877],[129.7268,33.1876],[129.7269,33.1876],[129.727,33.1875],[129.7271,33.1875],[129.7272,33.1875],[129.7273,33.1875],[129.7274,33.1875],[129.7275,33.1875],[129.7276,33.1875],[129.7277,33.1875],[129.7277,33.1874],[129.7278,33.1874],[129.7279,33.1871],[129.728,33.1869],[129.7282,33.1867],[129.7283,33.1867],[129.7284,33.1866],[129.7284,33.1866],[129.7285,33.1865],[129.7285,33.1863],[129.7284,33.1861],[129.7285,33.186],[129.7285,33.1858],[129.7286,33.1857],[129.7286,33.1857],[129.7287,33.1856],[129.7287,33.1854],[129.7288,33.1853],[129.7288,33.1851],[129.7288,33.185],[129.7288,33.1849],[129.7288,33.1848],[129.7289,33.1847],[129.7289,33.1846],[129.729,33.1845],[129.7292,33.1844],[129.7293,33.1843],[129.7294,33.1843],[129.7294,33.1844],[129.7297,33.1844],[129.7298,33.1844],[129.7299,33.1845],[129.73,33.1845],[129.7301,33.1845],[129.7301,33.1844],[129.7302,33.1842],[129.7303,33.184],[129.7304,33.1839],[129.7303,33.1839],[129.7303,33.1838],[129.7302,33.1837],[129.7302,33.1836],[129.7301,33.1836],[129.73,33.1836],[129.7299,33.1836],[129.7299,33.1836],[129.7298,33.1835],[129.7298,33.1835],[129.7299,33.1835],[129.7299,33.1834],[129.73,33.1833],[129.73,33.1832],[129.73,33.1828],[129.7298,33.1828],[129.7296,33.1827],[129.7295,33.1827],[129.7295,33.1827],[129.7293,33.1827],[129.7304,33.1823],[129.73,33.1817],[129.7294,33.1819],[129.7292,33.1821],[129.7293,33.1823],[129.7291,33.1824],[129.729,33.1822],[129.7289,33.1821],[129.7287,33.1818],[129.7286,33.1817],[129.7286,33.1816],[129.7286,33.1816],[129.7287,33.1815],[129.7287,33.1814],[129.7288,33.1813],[129.7289,33.1812],[129.729,33.1811],[129.7289,33.1811],[129.7289,33.181],[129.7288,33.181],[129.7287,33.181],[129.7286,33.1809],[129.7285,33.1809],[129.7284,33.1808],[129.7283,33.1808],[129.7282,33.1808],[129.728,33.1809],[129.7279,33.1809],[129.7278,33.1809],[129.7277,33.181],[129.7277,33.181],[129.7277,33.1809],[129.7276,33.1809],[129.7276,33.1808],[129.7275,33.1808],[129.7275,33.1807],[129.7275,33.1807],[129.7274,33.1807],[129.7274,33.1808],[129.7274,33.1808],[129.7274,33.1808],[129.7273,33.1808],[129.7273,33.1808],[129.7273,33.1808],[129.7272,33.1807],[129.7272,33.1807],[129.7271,33.1807],[129.7271,33.1807],[129.727,33.1807],[129.727,33.1807],[129.727,33.1807],[129.7269,33.1807],[129.7269,33.1807],[129.7268,33.1806],[129.7268,33.1806],[129.7269,33.1805],[129.727,33.1805],[129.7271,33.1806],[129.7271,33.1806],[129.7272,33.1806],[129.7273,33.1806],[129.7274,33.1805],[129.7274,33.1805],[129.7275,33.1805],[129.7275,33.1805],[129.7276,33.1806],[129.7276,33.1804],[129.7278,33.1804],[129.7281,33.1804],[129.7284,33.1804],[129.7285,33.1804],[129.7286,33.1804],[129.7286,33.1804],[129.7287,33.1803],[129.7287,33.1802],[129.729,33.1804],[129.729,33.1804],[129.729,33.1804],[129.7292,33.1809],[129.7295,33.1807],[129.7296,33.1807],[129.7298,33.1805],[129.7299,33.1805],[129.73,33.1804],[129.7303,33.1804],[129.7305,33.1804],[129.7307,33.1803],[129.7309,33.1805],[129.7311,33.1806],[129.7312,33.1807],[129.7313,33.1807],[129.7314,33.1807],[129.7317,33.1806],[129.732,33.1805],[129.7321,33.1805],[129.7322,33.1804],[129.7322,33.1804],[129.7323,33.1803],[129.7323,33.1801],[129.7323,33.1801],[129.7323,33.18],[129.7326,33.1798],[129.7328,33.1797],[129.7328,33.1796],[129.7329,33.1796],[129.7329,33.1794],[129.7329,33.1794],[129.733,33.1793],[129.733,33.1793],[129.7329,33.1792],[129.7329,33.1792],[129.7327,33.179],[129.7327,33.1789],[129.7327,33.1789],[129.7327,33.1788],[129.7328,33.1787],[129.7329,33.1787],[129.733,33.1787],[129.7332,33.1788],[129.7334,33.179],[129.7336,33.179],[129.7338,33.1791],[129.734,33.1791],[129.734,33.1791],[129.7341,33.1791],[129.7341,33.179],[129.7342,33.179],[129.7342,33.1788],[129.7342,33.1785],[129.7343,33.1784],[129.7344,33.1783],[129.7345,33.1782],[129.735,33.1778],[129.7356,33.1777],[129.7357,33.1777],[129.7358,33.1774],[129.7358,33.1772],[129.736,33.1769],[129.7361,33.1767],[129.7362,33.1765],[129.7363,33.1764],[129.7365,33.1762],[129.7366,33.1762],[129.7368,33.1761],[129.7369,33.176],[129.7371,33.1758],[129.7372,33.1756],[129.7372,33.1755],[129.7373,33.175],[129.7373,33.1747],[129.7373,33.1747],[129.7374,33.1745],[129.7375,33.1743],[129.7377,33.174],[129.7379,33.1738],[129.7379,33.1738],[129.7379,33.1737],[129.7379,33.1737],[129.7378,33.1738],[129.7377,33.1739],[129.7371,33.1742],[129.7371,33.1743],[129.7368,33.1744],[129.7367,33.1744],[129.7367,33.1744],[129.7368,33.1743],[129.737,33.1741],[129.7371,33.174],[129.7371,33.1739],[129.7371,33.1738],[129.7371,33.1736],[129.737,33.1735],[129.7372,33.1735],[129.7373,33.1734],[129.7374,33.1733],[129.7374,33.1733],[129.7374,33.1732],[129.7377,33.1732],[129.7378,33.1732],[129.7379,33.1732],[129.738,33.1732],[129.7378,33.173],[129.7376,33.1726],[129.7375,33.1722],[129.7373,33.1719],[129.7373,33.1717],[129.737,33.1715],[129.7369,33.1713],[129.7368,33.1711],[129.7368,33.171],[129.7366,33.1709],[129.7365,33.1708],[129.7363,33.1705],[129.7363,33.1704],[129.7362,33.1703],[129.7362,33.1702],[129.7362,33.1701],[129.736,33.17],[129.7362,33.17],[129.7364,33.17],[129.7366,33.1702],[129.7366,33.1702],[129.7367,33.1701],[129.7368,33.1701],[129.7368,33.17],[129.7368,33.1699],[129.7368,33.1698],[129.7368,33.1698],[129.7369,33.1698],[129.737,33.1699],[129.737,33.1699],[129.7371,33.1699],[129.7372,33.1699],[129.7373,33.1699],[129.7373,33.1698],[129.7374,33.1696],[129.7376,33.1696],[129.7376,33.1694],[129.7376,33.1693],[129.7375,33.1691],[129.7378,33.1691],[129.7379,33.1691],[129.7381,33.1691],[129.7385,33.1692],[129.7387,33.1693],[129.7388,33.1693],[129.7392,33.1693],[129.7393,33.1693],[129.7396,33.1694],[129.7399,33.1695],[129.7403,33.1696],[129.7404,33.1695],[129.7405,33.1694],[129.7405,33.1692],[129.7406,33.1691],[129.7406,33.1689],[129.7407,33.1686],[129.7408,33.1683],[129.7408,33.1682],[129.7408,33.1681],[129.7407,33.168],[129.7406,33.1679],[129.7415,33.1674],[129.7417,33.1672],[129.7419,33.1671],[129.7419,33.167],[129.7419,33.1669],[129.742,33.1667],[129.742,33.1666],[129.7421,33.1665],[129.7423,33.1664],[129.7424,33.1663],[129.7424,33.1663],[129.7424,33.1662],[129.7425,33.166],[129.7425,33.1661],[129.7426,33.1661],[129.7428,33.1662],[129.7429,33.1662],[129.743,33.1662],[129.7431,33.1661],[129.7432,33.1661],[129.7435,33.1663],[129.7435,33.1664],[129.7436,33.1664],[129.7436,33.1665],[129.7436,33.1666],[129.7438,33.1673],[129.744,33.1677],[129.744,33.1678],[129.744,33.1679],[129.744,33.1681],[129.744,33.1682],[129.7441,33.1683],[129.7441,33.1684],[129.744,33.1685],[129.744,33.1685],[129.744,33.1686],[129.744,33.1686],[129.744,33.1687],[129.7441,33.1688],[129.7441,33.1689],[129.7441,33.169],[129.7441,33.1691],[129.7442,33.1692],[129.7441,33.1693],[129.744,33.1695],[129.744,33.1696],[129.7441,33.1697],[129.7442,33.1696],[129.7444,33.1693],[129.7445,33.1691],[129.7446,33.1689],[129.7448,33.169],[129.745,33.1691],[129.7451,33.1691],[129.7451,33.1691],[129.7452,33.1691],[129.7453,33.1688],[129.7454,33.1687],[129.7454,33.1686],[129.7455,33.1686],[129.7456,33.1686],[129.7456,33.1686],[129.7458,33.1686],[129.7459,33.1686],[129.746,33.1686],[129.7461,33.1686],[129.7462,33.1685],[129.7462,33.1685],[129.7462,33.1683],[129.7463,33.1683],[129.7464,33.1683],[129.7466,33.1682],[129.7466,33.1681],[129.7465,33.168],[129.7465,33.1679],[129.7465,33.1678],[129.7466,33.1677],[129.7468,33.1676],[129.7471,33.1675],[129.7471,33.1674],[129.7471,33.1674],[129.7471,33.1673],[129.7472,33.1672],[129.7473,33.167],[129.747,33.167],[129.7469,33.167],[129.7469,33.1669],[129.7469,33.1668],[129.7468,33.1667],[129.7467,33.1666],[129.7463,33.1668],[129.7462,33.1668],[129.7461,33.1669],[129.7459,33.1669],[129.7458,33.1672],[129.7455,33.1673],[129.7455,33.1673],[129.7455,33.1672],[129.7454,33.1672],[129.7453,33.1671],[129.7452,33.1671],[129.7451,33.1671],[129.7451,33.167],[129.7447,33.1669],[129.7447,33.1669],[129.7446,33.1668],[129.7444,33.1668],[129.7443,33.1666],[129.7441,33.1664],[129.744,33.1663],[129.7442,33.1662],[129.7443,33.1662],[129.7443,33.1662],[129.7445,33.1663],[129.7446,33.1663],[129.7447,33.1662],[129.7447,33.1662],[129.7448,33.1661],[129.7448,33.166],[129.7446,33.1657],[129.7453,33.1657],[129.7453,33.1657],[129.7453,33.1655],[129.7453,33.1652],[129.7453,33.1652],[129.7451,33.1646],[129.7451,33.1643],[129.7451,33.1643],[129.7447,33.1639],[129.7446,33.1639],[129.7444,33.164],[129.7442,33.164],[129.744,33.164],[129.7439,33.164],[129.7437,33.164],[129.7434,33.1639],[129.7437,33.1628],[129.744,33.1629],[129.7441,33.1629],[129.7442,33.163],[129.7443,33.1629],[129.7445,33.1628],[129.7453,33.1634],[129.7454,33.1635],[129.7457,33.1637],[129.7458,33.1638],[129.7458,33.1638],[129.7459,33.1637],[129.7459,33.1637],[129.7459,33.1637],[129.746,33.1637],[129.746,33.1637],[129.7461,33.1637],[129.7461,33.1636],[129.746,33.1632],[129.7461,33.1632],[129.7463,33.1632],[129.7463,33.1632],[129.7464,33.1633],[129.7466,33.1633],[129.7467,33.1633],[129.7469,33.1632],[129.7469,33.1632],[129.7469,33.1632],[129.7469,33.1632],[129.747,33.1633],[129.747,33.1633],[129.7471,33.1634],[129.7472,33.1634],[129.7473,33.1633],[129.7474,33.1633],[129.7475,33.1633],[129.7476,33.1634],[129.7478,33.1635],[129.7478,33.1636],[129.7477,33.1637],[129.7476,33.1638],[129.7475,33.1641],[129.7475,33.1641],[129.7474,33.1642],[129.7475,33.1643],[129.7475,33.1644],[129.7475,33.1644],[129.7476,33.1643],[129.7478,33.1643],[129.7478,33.1643],[129.7479,33.1642],[129.7481,33.1639],[129.7482,33.164],[129.7482,33.164],[129.7482,33.1641],[129.7482,33.1642],[129.7482,33.1642],[129.7482,33.1643],[129.7482,33.1644],[129.7481,33.1644],[129.7481,33.1645],[129.7481,33.1645],[129.748,33.1647],[129.7479,33.1648],[129.7479,33.165],[129.748,33.1652],[129.748,33.1652],[129.748,33.1653],[129.748,33.1654],[129.7479,33.1654],[129.7479,33.1655],[129.7484,33.1655],[129.7483,33.166],[129.7483,33.1661],[129.7483,33.1661],[129.7484,33.1662],[129.7484,33.1663],[129.7485,33.1663],[129.7486,33.1663],[129.749,33.1663],[129.749,33.1663],[129.7493,33.166],[129.7494,33.166],[129.7493,33.1659],[129.7493,33.1658],[129.7492,33.1657],[129.7492,33.1656],[129.7492,33.1656],[129.7493,33.1655],[129.7493,33.1653],[129.7495,33.1651],[129.7495,33.1651],[129.7495,33.165],[129.7495,33.1649],[129.7493,33.1645],[129.7494,33.1644],[129.7495,33.1644],[129.7496,33.1645],[129.7497,33.1645],[129.7498,33.1646],[129.7499,33.1646],[129.7499,33.1647],[129.7499,33.1647],[129.75,33.1647],[129.75,33.1647],[129.7501,33.1646],[129.7503,33.1648],[129.7504,33.1648],[129.7506,33.165],[129.7506,33.1651],[129.7506,33.1652],[129.7506,33.1652],[129.7506,33.1653],[129.7506,33.1653],[129.7506,33.1655],[129.7509,33.1655],[129.7509,33.1655],[129.751,33.1656],[129.751,33.1657],[129.7511,33.1657],[129.7514,33.1656],[129.7514,33.1656],[129.7517,33.1658],[129.7518,33.1658],[129.7519,33.1659],[129.7519,33.1659],[129.752,33.1659],[129.7521,33.1658],[129.7523,33.1658],[129.7524,33.1657],[129.7524,33.1656],[129.7524,33.1656],[129.7525,33.1654],[129.7529,33.1654],[129.7529,33.1654],[129.753,33.1654],[129.7532,33.1655],[129.7534,33.1655],[129.7535,33.1654],[129.7536,33.1654],[129.7537,33.1654],[129.7538,33.1654],[129.754,33.1655],[129.7541,33.1655],[129.7541,33.1655],[129.7541,33.1653],[129.7541,33.1652],[129.7542,33.1651],[129.7544,33.1651],[129.7544,33.1649],[129.7544,33.1645],[129.7543,33.1642],[129.7541,33.1642],[129.7539,33.1641],[129.7538,33.164],[129.7538,33.164],[129.7538,33.1639],[129.7539,33.1639],[129.754,33.1638],[129.7539,33.1637],[129.7538,33.1638],[129.7538,33.1638],[129.7536,33.1638],[129.7535,33.1638],[129.7534,33.1638],[129.7533,33.1638],[129.7533,33.1638],[129.7532,33.1638],[129.7532,33.1638],[129.7531,33.1638],[129.753,33.1638],[129.753,33.1637],[129.753,33.1637],[129.7529,33.1636],[129.7529,33.1636],[129.7528,33.1636],[129.7525,33.1636],[129.7524,33.1636],[129.7524,33.1635],[129.7523,33.1635],[129.7523,33.1634],[129.7523,33.1629],[129.7523,33.1629],[129.7523,33.1629],[129.7523,33.1627],[129.7523,33.1626],[129.7524,33.1624],[129.7524,33.1623],[129.7525,33.1624],[129.7528,33.1624],[129.753,33.1623],[129.753,33.1623],[129.7533,33.1623],[129.7534,33.1623],[129.7535,33.1623],[129.7535,33.1623],[129.7535,33.1623],[129.7535,33.1622],[129.7536,33.162],[129.7536,33.1619],[129.7536,33.1617],[129.7535,33.1612],[129.7535,33.1609],[129.7535,33.1609],[129.7535,33.1608],[129.7539,33.1603],[129.7538,33.16],[129.7539,33.16],[129.7539,33.1599],[129.7539,33.1599],[129.7538,33.1599],[129.7538,33.1598],[129.7537,33.1598],[129.7535,33.1598],[129.7534,33.1598],[129.7534,33.1598],[129.7534,33.1597],[129.7533,33.1596],[129.7532,33.1595],[129.7532,33.1594],[129.7532,33.1594],[129.7532,33.1593],[129.7533,33.1593],[129.7534,33.1592],[129.7535,33.1592],[129.7536,33.1591],[129.7536,33.1591],[129.7538,33.1591],[129.7539,33.159],[129.754,33.159],[129.754,33.159],[129.7545,33.1587],[129.7547,33.1585],[129.7548,33.1584],[129.7548,33.1584],[129.7549,33.1581],[129.7549,33.158],[129.755,33.1579],[129.755,33.1579],[129.7551,33.1578],[129.7552,33.1578],[129.7553,33.1574],[129.7554,33.1573],[129.7553,33.157],[129.7552,33.1572],[129.7551,33.1573],[129.755,33.1573],[129.7549,33.1574],[129.7549,33.1574],[129.7548,33.1573],[129.7548,33.1573],[129.7547,33.1571],[129.7546,33.1573],[129.7544,33.1573],[129.7543,33.1572],[129.7543,33.1572],[129.754,33.1568],[129.7538,33.1564],[129.7536,33.1561],[129.7538,33.156],[129.7541,33.156],[129.7543,33.156],[129.7543,33.1562],[129.7547,33.1562],[129.7549,33.1562],[129.755,33.1562],[129.7552,33.1563],[129.7554,33.1564],[129.7555,33.1564],[129.7556,33.1565],[129.7558,33.1566],[129.756,33.1568],[129.7563,33.1571],[129.7566,33.1574],[129.7567,33.1574],[129.7569,33.1576],[129.757,33.1576],[129.7571,33.1577],[129.7575,33.1579],[129.7576,33.1579],[129.7574,33.1581],[129.7573,33.158],[129.7571,33.1582],[129.7572,33.1584],[129.7571,33.1587],[129.7571,33.1587],[129.7571,33.1589],[129.7571,33.1589],[129.757,33.159],[129.757,33.1591],[129.7569,33.1592],[129.7568,33.1592],[129.7567,33.1593],[129.7567,33.1592],[129.7565,33.1592],[129.7565,33.1591],[129.7565,33.1591],[129.7565,33.1591],[129.7564,33.1591],[129.7564,33.1591],[129.7563,33.1591],[129.7562,33.1591],[129.7561,33.1591],[129.756,33.1592],[129.756,33.1592],[129.756,33.1592],[129.756,33.1593],[129.756,33.1594],[129.756,33.1594],[129.756,33.1595],[129.7561,33.1595],[129.756,33.1596],[129.7559,33.1596],[129.7559,33.1596],[129.7558,33.1597],[129.7558,33.1597],[129.7558,33.1597],[129.7557,33.1597],[129.7556,33.1597],[129.7555,33.1598],[129.7554,33.1598],[129.7554,33.1597],[129.7553,33.1597],[129.7552,33.1596],[129.7551,33.1595],[129.755,33.1594],[129.7549,33.1595],[129.7549,33.1596],[129.7548,33.1596],[129.7546,33.1597],[129.7546,33.1597],[129.7544,33.1597],[129.7544,33.1598],[129.7542,33.1599],[129.7541,33.1599],[129.7541,33.16],[129.7542,33.16],[129.7542,33.1601],[129.754,33.1601],[129.7541,33.1603],[129.7541,33.1605],[129.7541,33.1605],[129.754,33.1606],[129.7539,33.1608],[129.7539,33.1609],[129.7538,33.1609],[129.7538,33.161],[129.7538,33.1611],[129.7537,33.1611],[129.7537,33.1612],[129.7538,33.1613],[129.7538,33.1614],[129.7539,33.1615],[129.7539,33.1616],[129.7539,33.1616],[129.7539,33.1616],[129.754,33.1616],[129.7541,33.1616],[129.7542,33.1616],[129.7542,33.1616],[129.7543,33.1617],[129.7543,33.1617],[129.7544,33.1617],[129.7544,33.1619],[129.7545,33.1621],[129.7546,33.1622],[129.7546,33.1623],[129.7547,33.1623],[129.7547,33.1623],[129.7547,33.1623],[129.7548,33.1623],[129.7549,33.1623],[129.755,33.1623],[129.755,33.1623],[129.755,33.1623],[129.755,33.1623],[129.755,33.1624],[129.755,33.1626],[129.755,33.1629],[129.755,33.163],[129.755,33.1631],[129.755,33.1633],[129.755,33.1634],[129.755,33.1636],[129.755,33.1637],[129.755,33.1638],[129.7549,33.1639],[129.7549,33.164],[129.7549,33.164],[129.755,33.164],[129.755,33.1641],[129.755,33.1642],[129.755,33.1643],[129.755,33.1644],[129.755,33.1645],[129.755,33.1646],[129.755,33.1648],[129.7549,33.1649],[129.7549,33.1649],[129.7549,33.165],[129.7548,33.165],[129.7548,33.1651],[129.7548,33.1651],[129.7548,33.1652],[129.7548,33.1654],[129.7548,33.1654],[129.755,33.1655],[129.755,33.1656],[129.755,33.1656],[129.755,33.1657],[129.755,33.1658],[129.755,33.1658],[129.755,33.1659],[129.7551,33.1659],[129.7551,33.1659],[129.7553,33.166],[129.7556,33.1661],[129.7558,33.166],[129.756,33.166],[129.7561,33.166],[129.756,33.1658],[129.756,33.1657],[129.756,33.1656],[129.756,33.1655],[129.756,33.1655],[129.756,33.1655],[129.7565,33.1656],[129.7565,33.1655],[129.7565,33.1655],[129.7566,33.1655],[129.7566,33.1654],[129.7566,33.1654],[129.7566,33.1654],[129.7567,33.1654],[129.7567,33.1654],[129.7567,33.1653],[129.7566,33.1652],[129.7566,33.1651],[129.7566,33.1651],[129.7567,33.1651],[129.7568,33.165],[129.7569,33.1649],[129.7571,33.1648],[129.7572,33.1647],[129.7573,33.1646],[129.7575,33.1645],[129.7576,33.1645],[129.7576,33.1644],[129.7576,33.1644],[129.7576,33.1643],[129.7577,33.1642],[129.7577,33.1642],[129.7579,33.1641],[129.7579,33.1641],[129.758,33.164],[129.758,33.164],[129.7581,33.1639],[129.7581,33.1639],[129.7581,33.1638],[129.758,33.1637],[129.7579,33.1637],[129.7579,33.1637],[129.7576,33.1636],[129.7575,33.1635],[129.7579,33.1629],[129.7582,33.1624],[129.7582,33.1623],[129.7582,33.1619],[129.758,33.1616],[129.7581,33.1616],[129.7581,33.1611],[129.7579,33.161],[129.7578,33.1609],[129.7577,33.1609],[129.7577,33.1609],[129.7577,33.1608],[129.7577,33.1608],[129.7578,33.1608],[129.7578,33.1608],[129.7579,33.1608],[129.7579,33.1607],[129.7579,33.1607],[129.758,33.1606],[129.758,33.1606],[129.7579,33.1605],[129.7581,33.1605],[129.7582,33.1604],[129.7588,33.1604],[129.7589,33.1604],[129.7591,33.1604],[129.7592,33.1604],[129.7593,33.1604],[129.7593,33.1604],[129.7594,33.1604],[129.7594,33.1604],[129.7595,33.1605],[129.7595,33.1605],[129.7595,33.1605],[129.7594,33.1605],[129.7593,33.1606],[129.7593,33.1606],[129.7596,33.1607],[129.7595,33.1608],[129.7595,33.1609],[129.7596,33.1612],[129.7599,33.1614],[129.76,33.1613],[129.7602,33.1615],[129.7602,33.1615],[129.7602,33.1616],[129.7599,33.1618],[129.7597,33.162],[129.7596,33.1621],[129.7595,33.1622],[129.7595,33.1622],[129.7595,33.1623],[129.7595,33.1624],[129.7595,33.1625],[129.7594,33.1626],[129.7594,33.1627],[129.7593,33.163],[129.7596,33.1633],[129.7596,33.1633],[129.7597,33.1632],[129.7599,33.1629],[129.7602,33.1627],[129.7601,33.1625],[129.7601,33.1624],[129.7601,33.1624],[129.7602,33.1624],[129.7603,33.1623],[129.7604,33.1623],[129.7605,33.1622],[129.7605,33.1622],[129.7606,33.1622],[129.7607,33.1622],[129.7607,33.1624],[129.7606,33.1625],[129.7606,33.1627],[129.7603,33.1628],[129.7604,33.1629],[129.7604,33.1632],[129.7607,33.1634],[129.7607,33.1636],[129.7607,33.1637],[129.7607,33.1638],[129.7609,33.1638],[129.7611,33.1638],[129.7614,33.1637],[129.7612,33.1635],[129.7611,33.1634],[129.7611,33.1633],[129.7611,33.1629],[129.7611,33.1629],[129.761,33.1627],[129.7609,33.1626],[129.7609,33.1625],[129.761,33.1623],[129.761,33.1622],[129.761,33.162],[129.7609,33.1619],[129.7609,33.1619],[129.7609,33.1617],[129.7608,33.1615],[129.7612,33.1615],[129.7612,33.1615],[129.7613,33.1616],[129.7613,33.1616],[129.7614,33.1617],[129.7615,33.1617],[129.7617,33.1618],[129.7619,33.1618],[129.7619,33.1619],[129.762,33.1619],[129.7621,33.162],[129.7621,33.1621],[129.7622,33.1623],[129.7622,33.1625],[129.7623,33.1625],[129.7624,33.1625],[129.7623,33.1626],[129.7623,33.1626],[129.7622,33.1627],[129.7622,33.1627],[129.7621,33.1627],[129.7619,33.1627],[129.7619,33.1627],[129.7618,33.1627],[129.7617,33.1628],[129.7617,33.1628],[129.7617,33.1628],[129.7617,33.1629],[129.7619,33.1631],[129.7621,33.1631],[129.7621,33.1631],[129.7622,33.1631],[129.7623,33.1632],[129.7624,33.1632],[129.7624,33.1633],[129.7625,33.1633],[129.7626,33.1634],[129.763,33.1635],[129.763,33.1633],[129.763,33.1633],[129.763,33.1632],[129.7631,33.1632],[129.7632,33.1632],[129.7632,33.1632],[129.7632,33.1631],[129.7632,33.163],[129.7632,33.163],[129.7632,33.1629],[129.7632,33.1628],[129.7632,33.1628],[129.7632,33.1627],[129.7632,33.1627],[129.7632,33.1626],[129.7633,33.1623],[129.7633,33.1623],[129.7633,33.1622],[129.7633,33.1621],[129.7635,33.162],[129.7635,33.1619],[129.7635,33.1618],[129.7636,33.1618],[129.7636,33.1616],[129.7637,33.1616],[129.7637,33.1615],[129.7639,33.1616],[129.7641,33.1616],[129.7646,33.1617],[129.7647,33.1617],[129.7646,33.1619],[129.7646,33.162],[129.7646,33.1621],[129.7647,33.1622],[129.7647,33.1623],[129.7645,33.1627],[129.7645,33.1627],[129.7646,33.1629],[129.7647,33.163],[129.7647,33.163],[129.7648,33.1632],[129.7648,33.1633],[129.7647,33.1633],[129.7646,33.1634],[129.7645,33.1635],[129.7644,33.1636],[129.7645,33.1636],[129.7646,33.1637],[129.7646,33.1638],[129.7647,33.164],[129.7647,33.1641],[129.7648,33.1641],[129.7649,33.1642],[129.7655,33.164],[129.7661,33.1641],[129.7666,33.1641],[129.7669,33.1641],[129.7671,33.1641],[129.7672,33.1641],[129.7675,33.1642],[129.7675,33.1641],[129.7675,33.164],[129.7675,33.1638],[129.7674,33.1638],[129.7673,33.1638],[129.7673,33.1636],[129.7673,33.1636],[129.7676,33.1636],[129.7676,33.1635],[129.7676,33.1634],[129.7676,33.1634],[129.7676,33.1634],[129.7677,33.1631],[129.7677,33.1631],[129.7678,33.163],[129.768,33.1629],[129.7681,33.163],[129.7682,33.1632],[129.7684,33.1634],[129.7684,33.1637],[129.7684,33.1639],[129.7684,33.164],[129.7685,33.1641],[129.7687,33.1644],[129.7688,33.1646],[129.7689,33.1647],[129.769,33.1648],[129.769,33.1649],[129.769,33.165],[129.769,33.1651],[129.7691,33.1652],[129.7692,33.1653],[129.7693,33.1654],[129.7694,33.1655],[129.7697,33.1657],[129.7698,33.1658],[129.7702,33.166],[129.7704,33.1661],[129.7706,33.1662],[129.7706,33.1663],[129.7707,33.1666],[129.7707,33.1667],[129.771,33.1669],[129.7711,33.167],[129.7712,33.1671],[129.7712,33.1672],[129.7712,33.1672],[129.7712,33.1673],[129.7712,33.1674],[129.7713,33.1675],[129.7715,33.1675],[129.7717,33.1676],[129.7717,33.1677],[129.7719,33.1678],[129.772,33.168],[129.772,33.168],[129.7721,33.1681],[129.772,33.1682],[129.772,33.1683],[129.7719,33.1684],[129.772,33.1685],[129.772,33.1685],[129.7721,33.1685],[129.7723,33.1686],[129.7724,33.1686],[129.7725,33.1687],[129.7725,33.1688],[129.7725,33.1689],[129.7725,33.1691],[129.7725,33.1692],[129.7721,33.1691],[129.7721,33.1693],[129.772,33.1693],[129.7718,33.1693],[129.7717,33.1693],[129.7716,33.1692],[129.7714,33.1692],[129.7713,33.1693],[129.7713,33.1693],[129.7712,33.1693],[129.7711,33.1694],[129.771,33.1694],[129.7709,33.1694],[129.7708,33.1694],[129.7708,33.1695],[129.7707,33.1696],[129.7705,33.1698],[129.7703,33.17],[129.7702,33.1701],[129.7701,33.1703],[129.7699,33.1708],[129.7698,33.1712],[129.7697,33.1715],[129.7697,33.1715],[129.7698,33.1717],[129.7699,33.1719],[129.77,33.1721],[129.7702,33.1721],[129.7704,33.1722],[129.7709,33.1721],[129.771,33.1721],[129.7713,33.1724],[129.7714,33.1725],[129.7716,33.1726],[129.7718,33.1725],[129.7719,33.1724],[129.772,33.1724],[129.7722,33.1724],[129.7723,33.1724],[129.7724,33.1724],[129.7724,33.1723],[129.7725,33.1722],[129.7725,33.1719],[129.7725,33.1718],[129.7725,33.1717],[129.7726,33.1717],[129.7726,33.1717],[129.7727,33.1715],[129.7727,33.1715],[129.7729,33.1715],[129.773,33.1716],[129.773,33.1716],[129.7731,33.1716],[129.7731,33.1715],[129.7731,33.1714],[129.7733,33.1714],[129.7734,33.1713],[129.7736,33.1714],[129.7738,33.1715],[129.7738,33.1716],[129.7737,33.1717],[129.7737,33.1718],[129.7738,33.1721],[129.774,33.1723],[129.7743,33.1729],[129.7744,33.1731],[129.7747,33.1731],[129.7749,33.1713],[129.775,33.1712],[129.7752,33.1711],[129.7753,33.1709],[129.7753,33.1708],[129.7753,33.1708],[129.7753,33.1707],[129.7752,33.1707],[129.7751,33.1706],[129.775,33.1704],[129.775,33.1703],[129.7749,33.1702],[129.7747,33.1702],[129.7747,33.1701],[129.7746,33.1699],[129.7746,33.1698],[129.7746,33.1697],[129.7746,33.1696],[129.7745,33.1696],[129.7745,33.1695],[129.7745,33.1695],[129.7747,33.1693],[129.7747,33.1693],[129.7746,33.1692],[129.7746,33.1691],[129.7747,33.169],[129.7747,33.1689],[129.7748,33.1689],[129.7749,33.1688],[129.775,33.1689],[129.7751,33.1688],[129.7752,33.1687],[129.7752,33.1686],[129.7753,33.1686],[129.7753,33.1686],[129.7756,33.1685],[129.7758,33.1684],[129.7761,33.1683],[129.7762,33.1682],[129.7765,33.1682],[129.7767,33.1682],[129.7767,33.1682],[129.7764,33.168],[129.7761,33.1678],[129.7758,33.1676],[129.7752,33.1673],[129.7753,33.1673],[129.7756,33.1674],[129.7757,33.1674],[129.7757,33.1673],[129.7758,33.1673],[129.7759,33.1671],[129.7766,33.1675],[129.7779,33.168],[129.7781,33.168],[129.779,33.1683],[129.7796,33.1686],[129.7799,33.1686],[129.7801,33.1687],[129.7806,33.1687],[129.7812,33.1686],[129.7814,33.1687],[129.7821,33.1688],[129.7822,33.1687],[129.7822,33.1684],[129.7814,33.1681],[129.7813,33.1681],[129.7811,33.1678],[129.7811,33.1678],[129.7811,33.1678],[129.7812,33.1678],[129.7812,33.1678],[129.7812,33.1677],[129.7812,33.1677],[129.7812,33.1675],[129.7813,33.1673],[129.7814,33.1672],[129.7816,33.1666],[129.7816,33.1666],[129.7816,33.1666],[129.7816,33.167],[129.7816,33.167],[129.7817,33.1671],[129.7818,33.1671],[129.7819,33.1671],[129.782,33.167],[129.782,33.1669],[129.7821,33.1665],[129.7821,33.1663],[129.7821,33.1663],[129.7821,33.1663],[129.7822,33.1661],[129.7822,33.1658],[129.7822,33.1656],[129.7822,33.1655],[129.7822,33.1653],[129.7823,33.1652],[129.7823,33.165],[129.7823,33.165],[129.7822,33.1649],[129.7821,33.1648],[129.7819,33.1646],[129.7818,33.1644],[129.7818,33.1643],[129.7818,33.1642],[129.7818,33.1641],[129.7819,33.164],[129.7819,33.164],[129.7819,33.1639],[129.7818,33.1638],[129.7818,33.1638],[129.7818,33.1637],[129.7818,33.1637],[129.7817,33.1637],[129.7816,33.1636],[129.7815,33.1636],[129.7815,33.1636],[129.7815,33.1635],[129.7815,33.1635],[129.7815,33.1634],[129.7815,33.1634],[129.7816,33.1633],[129.7816,33.1632],[129.7818,33.163],[129.7818,33.1629],[129.7819,33.1628],[129.7819,33.1627],[129.7821,33.1627],[129.7824,33.1629],[129.7825,33.1629],[129.7825,33.1629],[129.7827,33.1629],[129.7827,33.1626],[129.7827,33.1626],[129.7827,33.1625],[129.7826,33.1624],[129.7826,33.1624],[129.7826,33.1623],[129.7825,33.1621],[129.7825,33.162],[129.7824,33.1618],[129.7824,33.1617],[129.7823,33.1616],[129.7822,33.1616],[129.7822,33.1616],[129.7821,33.1615],[129.782,33.1615],[129.7819,33.1615],[129.7819,33.1616],[129.7818,33.1616],[129.7817,33.1617],[129.7816,33.1617],[129.7815,33.1617],[129.7814,33.1618],[129.7813,33.1618],[129.7811,33.1618],[129.7811,33.1621],[129.7809,33.1622],[129.7808,33.1623],[129.7808,33.1624],[129.7807,33.1625],[129.7807,33.1625],[129.7806,33.1627],[129.7805,33.1628],[129.7805,33.1628],[129.7804,33.1628],[129.7804,33.1629],[129.7803,33.1629],[129.7802,33.1629],[129.7799,33.1629],[129.7799,33.163],[129.7798,33.163],[129.7798,33.163],[129.7797,33.163],[129.7794,33.163],[129.7793,33.1631],[129.7793,33.1631],[129.7792,33.1631],[129.7791,33.163],[129.7791,33.163],[129.779,33.1629],[129.7789,33.1628],[129.7789,33.1628],[129.7789,33.1628],[129.7788,33.1628],[129.7788,33.1629],[129.7787,33.1629],[129.7787,33.163],[129.7786,33.163],[129.7786,33.163],[129.7779,33.1633],[129.7777,33.1634],[129.7776,33.1634],[129.7775,33.1635],[129.7774,33.1635],[129.7773,33.1635],[129.7772,33.1634],[129.777,33.1634],[129.7769,33.1634],[129.7767,33.1634],[129.7766,33.1633],[129.7766,33.1632],[129.7766,33.1631],[129.7766,33.1631],[129.7766,33.163],[129.7765,33.163],[129.7764,33.163],[129.7763,33.1629],[129.7762,33.1629],[129.7762,33.1628],[129.7761,33.1627],[129.7762,33.1628],[129.7763,33.1628],[129.7764,33.1628],[129.7766,33.1628],[129.7767,33.1629],[129.7771,33.1631],[129.7771,33.1631],[129.7772,33.1631],[129.7773,33.163],[129.7774,33.163],[129.7774,33.1629],[129.7774,33.1629],[129.7774,33.1626],[129.7774,33.1626],[129.7775,33.1626],[129.7776,33.1626],[129.7777,33.1626],[129.7778,33.1626],[129.7778,33.1626],[129.7778,33.1626],[129.7779,33.1626],[129.778,33.1626],[129.7783,33.1627],[129.7784,33.1627],[129.7786,33.1627],[129.7787,33.1627],[129.7788,33.1627],[129.7788,33.1627],[129.779,33.1626],[129.779,33.1626],[129.7791,33.1626],[129.7792,33.1626],[129.7793,33.1626],[129.7794,33.1626],[129.7795,33.1625],[129.7795,33.1625],[129.7796,33.1624],[129.7797,33.1624],[129.7798,33.1622],[129.7799,33.1621],[129.7799,33.162],[129.7799,33.1619],[129.78,33.1619],[129.78,33.1618],[129.7801,33.1618],[129.7803,33.1617],[129.7804,33.1617],[129.7805,33.1616],[129.7806,33.1616],[129.7807,33.1615],[129.7807,33.1615],[129.7808,33.1614],[129.7809,33.1614],[129.7811,33.1612],[129.7812,33.1611],[129.7813,33.1611],[129.7816,33.1611],[129.782,33.161],[129.7821,33.161],[129.7825,33.161],[129.7828,33.161],[129.7829,33.161],[129.7829,33.1611],[129.7831,33.1611],[129.7832,33.1612],[129.7833,33.1612],[129.7835,33.1612],[129.7836,33.1612],[129.7837,33.1612],[129.7838,33.1612],[129.7839,33.1611],[129.784,33.161],[129.7841,33.1608],[129.7841,33.1607],[129.7841,33.1602],[129.784,33.1599],[129.784,33.1597],[129.784,33.159],[129.7832,33.1588],[129.7831,33.1588],[129.7831,33.1588],[129.783,33.1587],[129.7829,33.1586],[129.7829,33.1586],[129.7828,33.1585],[129.7827,33.1585],[129.7826,33.1585],[129.7824,33.1585],[129.7823,33.1585],[129.7823,33.1584],[129.7822,33.1584],[129.7821,33.1583],[129.782,33.1582],[129.7817,33.1581],[129.7811,33.159],[129.781,33.1591],[129.7809,33.1593],[129.7806,33.1599],[129.7805,33.1599],[129.78,33.1596],[129.7798,33.1595],[129.7796,33.1595],[129.7794,33.1594],[129.7791,33.1594],[129.7789,33.1595],[129.778,33.1596],[129.778,33.1596],[129.7779,33.1591],[129.7776,33.1584],[129.7771,33.1585],[129.777,33.1585],[129.7769,33.1585],[129.7768,33.1584],[129.7766,33.1583],[129.7765,33.1583],[129.7765,33.1583],[129.7764,33.1583],[129.7763,33.1583],[129.7763,33.1585],[129.7763,33.1586],[129.7762,33.1586],[129.7759,33.1587],[129.7758,33.1587],[129.7758,33.1586],[129.7757,33.1585],[129.7746,33.1589],[129.7739,33.1593],[129.7734,33.1593],[129.7733,33.1592],[129.7739,33.1585],[129.7747,33.1574],[129.7748,33.1573],[129.7749,33.1571],[129.7749,33.157],[129.7749,33.157],[129.7749,33.1568],[129.7748,33.1568],[129.7748,33.1567],[129.7748,33.1566],[129.7747,33.1565],[129.7746,33.1565],[129.7746,33.1564],[129.7744,33.1563],[129.7738,33.1561],[129.7725,33.1556],[129.772,33.1567],[129.7717,33.1573],[129.7716,33.1573],[129.7716,33.1573],[129.7714,33.1572],[129.7713,33.1572],[129.7713,33.1571],[129.7713,33.1569],[129.7712,33.1568],[129.7712,33.1567],[129.7711,33.1567],[129.7711,33.1567],[129.7708,33.1567],[129.7706,33.1568],[129.7706,33.1567],[129.7705,33.1567],[129.7704,33.1567],[129.7704,33.1566],[129.7703,33.1565],[129.7702,33.1564],[129.7702,33.1563],[129.7701,33.1562],[129.7701,33.156],[129.77,33.1558],[129.77,33.1557],[129.7699,33.1556],[129.7699,33.1556],[129.7696,33.155],[129.7694,33.1546],[129.7693,33.1545],[129.7692,33.1541],[129.7692,33.154],[129.7691,33.1539],[129.7691,33.1539],[129.769,33.1538],[129.769,33.1538],[129.769,33.1538],[129.769,33.1536],[129.769,33.1536],[129.769,33.1535],[129.769,33.1535],[129.7689,33.1536],[129.7688,33.1537],[129.7687,33.1538],[129.7686,33.1538],[129.7686,33.1538],[129.7684,33.1538],[129.7681,33.154],[129.768,33.1541],[129.7677,33.1542],[129.7675,33.1543],[129.7675,33.1544],[129.7671,33.1546],[129.767,33.1547],[129.7668,33.1548],[129.7667,33.1549],[129.7665,33.155],[129.7662,33.1553],[129.7659,33.1556],[129.7658,33.1557],[129.7658,33.1558],[129.7656,33.1557],[129.7655,33.1557],[129.7654,33.1557],[129.7653,33.1557],[129.7652,33.1558],[129.7652,33.1558],[129.7651,33.1559],[129.765,33.1559],[129.765,33.156],[129.765,33.1561],[129.7649,33.1563],[129.7649,33.1564],[129.7649,33.1564],[129.7647,33.1567],[129.7646,33.1568],[129.7646,33.1568],[129.7647,33.1568],[129.7647,33.1569],[129.7644,33.157],[129.7642,33.1571],[129.7639,33.1572],[129.7637,33.1572],[129.7636,33.1573],[129.7636,33.1574],[129.7633,33.1573],[129.7632,33.1573],[129.7627,33.1573],[129.7627,33.1573],[129.7625,33.1573],[129.7623,33.1572],[129.7621,33.1572],[129.762,33.1572],[129.7617,33.1572],[129.7616,33.1574],[129.7615,33.1575],[129.7614,33.1575],[129.7613,33.1576],[129.7611,33.1577],[129.7609,33.1579],[129.7609,33.1579],[129.7608,33.1581],[129.7605,33.158],[129.7605,33.158],[129.7593,33.1578],[129.7585,33.1571],[129.7582,33.1574],[129.7575,33.1569],[129.7572,33.1567],[129.757,33.1566],[129.7569,33.1565],[129.7568,33.1565],[129.7569,33.1564],[129.757,33.1563],[129.7572,33.1562],[129.7573,33.1562],[129.7577,33.156],[129.7574,33.1554],[129.757,33.1554],[129.757,33.1553],[129.7569,33.1552],[129.7569,33.1551],[129.7568,33.1551],[129.7568,33.155],[129.7567,33.1545],[129.7568,33.1545],[129.757,33.1544],[129.757,33.1543],[129.757,33.1543],[129.7571,33.1543],[129.7572,33.1543],[129.7573,33.1543],[129.7573,33.1542],[129.7573,33.1542],[129.7574,33.1541],[129.7573,33.154],[129.7572,33.1539],[129.7572,33.1538],[129.7572,33.1538],[129.7573,33.1536],[129.7573,33.1535],[129.7572,33.1534],[129.7572,33.1533],[129.757,33.1531],[129.757,33.153],[129.7569,33.1529],[129.7569,33.1529],[129.7569,33.1529],[129.7568,33.1529],[129.7568,33.1529],[129.7567,33.1529],[129.7567,33.1529],[129.7566,33.1529],[129.7566,33.1529],[129.7565,33.1528],[129.7565,33.1528],[129.7563,33.1529],[129.7563,33.1529],[129.7561,33.153],[129.7561,33.1531],[129.7559,33.1533],[129.7558,33.1534],[129.7556,33.1536],[129.7553,33.1536],[129.7551,33.1537],[129.755,33.1538],[129.7549,33.1538],[129.7549,33.154],[129.7548,33.154],[129.7548,33.1541],[129.7547,33.1541],[129.7547,33.1543],[129.7541,33.1543],[129.7536,33.1535],[129.7534,33.1531],[129.7533,33.153],[129.753,33.1527],[129.7527,33.1525],[129.7523,33.1521],[129.7522,33.152],[129.752,33.1518],[129.7519,33.1518],[129.7516,33.1516],[129.7513,33.1514],[129.7512,33.1514],[129.7508,33.1511],[129.7506,33.1511],[129.7505,33.151],[129.7503,33.1506],[129.75,33.1499],[129.7495,33.1485],[129.7497,33.1481],[129.7502,33.1473],[129.7509,33.1461],[129.7515,33.1449],[129.7512,33.1448],[129.7512,33.1448],[129.7512,33.1448],[129.7512,33.1447],[129.7512,33.1447],[129.7511,33.1447],[129.7511,33.1447],[129.751,33.1447],[129.7509,33.1446],[129.7508,33.1446],[129.7506,33.1445],[129.7503,33.1444],[129.7502,33.1443],[129.7502,33.1443],[129.7501,33.1443],[129.7501,33.1443],[129.7501,33.1443],[129.7501,33.1442],[129.7501,33.1442],[129.7502,33.1442],[129.7502,33.1441],[129.7503,33.144],[129.7503,33.144],[129.7503,33.144],[129.7503,33.144],[129.7504,33.1438],[129.7504,33.1438],[129.7504,33.1438],[129.7503,33.1437],[129.7503,33.1437],[129.7503,33.1437],[129.7502,33.1438],[129.7502,33.1438],[129.7502,33.1439],[129.7501,33.1441],[129.7501,33.1441],[129.75,33.1442],[129.75,33.1443],[129.7499,33.1443],[129.7499,33.1443],[129.7499,33.1442],[129.7497,33.1442],[129.7497,33.1442],[129.7495,33.1441],[129.7495,33.1441],[129.7492,33.1439],[129.7493,33.1438],[129.7493,33.1438],[129.7494,33.1437],[129.7494,33.1437],[129.7494,33.1436],[129.7494,33.1436],[129.7494,33.1436],[129.7495,33.1436],[129.7497,33.1432],[129.7496,33.1432],[129.7496,33.1432],[129.7494,33.1436],[129.7494,33.1436],[129.7494,33.1436],[129.7494,33.1436],[129.7493,33.1438],[129.749,33.1437],[129.7489,33.1437],[129.7489,33.1437],[129.7489,33.1437],[129.7488,33.1439],[129.7484,33.1438],[129.7484,33.1437],[129.7484,33.1437],[129.7484,33.1437],[129.7484,33.1437],[129.7484,33.1437],[129.7485,33.1436],[129.7485,33.1436],[129.7485,33.1435],[129.7485,33.1435],[129.7485,33.1435],[129.7485,33.1434],[129.7485,33.1434],[129.7485,33.1434],[129.7485,33.1434],[129.7485,33.1433],[129.7485,33.1433],[129.7485,33.1432],[129.7485,33.1431],[129.7485,33.1431],[129.7485,33.1431],[129.7485,33.1431],[129.7485,33.143],[129.7485,33.1429],[129.7485,33.1429],[129.7485,33.1429],[129.7485,33.1429],[129.7485,33.1429],[129.7485,33.1429],[129.7485,33.1429],[129.7485,33.1429],[129.7485,33.1428],[129.7485,33.1428],[129.7484,33.1428],[129.7484,33.1428],[129.7484,33.1428],[129.7483,33.1425],[129.7483,33.1425],[129.7483,33.1425],[129.7482,33.1424],[129.7482,33.1424],[129.7481,33.1422],[129.7481,33.1422],[129.748,33.1421],[129.748,33.1421],[129.748,33.1421],[129.748,33.142],[129.748,33.142],[129.7479,33.1419],[129.7479,33.1419],[129.7479,33.1419],[129.7478,33.1419],[129.7478,33.1418],[129.7478,33.1418],[129.7478,33.1418],[129.7478,33.1418],[129.7478,33.1418],[129.7478,33.1418],[129.7478,33.1418],[129.7478,33.1417],[129.7478,33.1417],[129.7478,33.1417],[129.7478,33.1417],[129.7477,33.1417],[129.7477,33.1416],[129.7477,33.1416],[129.7476,33.1415],[129.7476,33.1415],[129.7476,33.1415],[129.7475,33.1414],[129.7475,33.1414],[129.7474,33.1412],[129.7474,33.1412],[129.7474,33.1412],[129.7474,33.1412],[129.7474,33.1412],[129.7474,33.1412],[129.7471,33.141],[129.7471,33.1409],[129.747,33.1409],[129.747,33.1409],[129.7468,33.1407],[129.7468,33.1407],[129.7468,33.1407],[129.7467,33.1406],[129.7467,33.1406],[129.7467,33.1406],[129.7466,33.1405],[129.7466,33.1405],[129.7465,33.1404],[129.7464,33.1404],[129.7464,33.1404],[129.7464,33.1404],[129.7463,33.1403],[129.7462,33.1402],[129.7462,33.1402],[129.7462,33.1402],[129.7462,33.1402],[129.7461,33.1402],[129.7461,33.1402],[129.7461,33.1402],[129.7461,33.1402],[129.7461,33.1402],[129.746,33.1401],[129.746,33.1401],[129.746,33.1401],[129.746,33.1401],[129.7459,33.14],[129.7459,33.14],[129.7459,33.14],[129.7459,33.1399],[129.7459,33.1399],[129.7459,33.1399],[129.7459,33.1399],[129.7459,33.1399],[129.7458,33.1399],[129.7458,33.1398],[129.7458,33.1398],[129.7458,33.1398],[129.7458,33.1398],[129.7458,33.1397],[129.7458,33.1397],[129.7458,33.1395],[129.7458,33.1395],[129.7457,33.1395],[129.7457,33.1395],[129.7457,33.1395],[129.7459,33.1395],[129.7458,33.1393],[129.7457,33.1394],[129.7457,33.1393],[129.7457,33.1392],[129.7457,33.1391],[129.7457,33.1391],[129.7457,33.1391],[129.7458,33.1391],[129.7457,33.1388],[129.7456,33.1388],[129.7456,33.1385],[129.7456,33.1385],[129.7456,33.1385],[129.7457,33.1385],[129.7457,33.1384],[129.7456,33.1384],[129.7456,33.1384],[129.7456,33.1384],[129.7456,33.1384],[129.7456,33.1384],[129.7457,33.1383],[129.7457,33.1383],[129.7457,33.1383],[129.7457,33.1383],[129.7458,33.1383],[129.7459,33.1381],[129.7458,33.1381],[129.7458,33.1381],[129.7458,33.1381],[129.7459,33.138],[129.7459,33.138],[129.7459,33.138],[129.7459,33.138],[129.7459,33.1379],[129.7459,33.1379],[129.746,33.1379],[129.746,33.1379],[129.746,33.1379],[129.746,33.1378],[129.746,33.1378],[129.7461,33.1378],[129.7462,33.1378],[129.7463,33.1377],[129.7463,33.1377],[129.7463,33.1377],[129.7463,33.1376],[129.7463,33.1376],[129.7463,33.1376],[129.7463,33.1375],[129.7464,33.1375],[129.7464,33.1374],[129.7465,33.1374],[129.7465,33.1374],[129.7465,33.1374],[129.7465,33.1374],[129.7465,33.1373],[129.7466,33.1373],[129.7466,33.1372],[129.7466,33.1372],[129.7467,33.137],[129.7467,33.137],[129.7467,33.137],[129.7467,33.1369],[129.7468,33.1368],[129.7468,33.1368],[129.7468,33.1367],[129.7468,33.1367],[129.7468,33.1366],[129.7468,33.1366],[129.7468,33.1365],[129.7468,33.1365],[129.7467,33.1364],[129.7467,33.1364],[129.7467,33.1364],[129.7467,33.1364],[129.7466,33.1363],[129.7466,33.1363],[129.7465,33.1362],[129.7464,33.1362],[129.7464,33.1362],[129.7463,33.1362],[129.7463,33.1361],[129.7462,33.1361],[129.7461,33.1361],[129.7461,33.1361],[129.7461,33.1361],[129.7461,33.1361],[129.7461,33.1362],[129.7461,33.1362],[129.7461,33.1363],[129.746,33.1363],[129.746,33.1363],[129.7458,33.1362],[129.7455,33.1362],[129.7455,33.1362],[129.7455,33.1362],[129.7455,33.1361],[129.7454,33.1361],[129.7451,33.1359],[129.7452,33.1358],[129.7452,33.1358],[129.7453,33.1358],[129.7453,33.1358],[129.7454,33.1356],[129.7458,33.1356],[129.746,33.1356],[129.746,33.1355],[129.7457,33.1356],[129.7454,33.1356],[129.7453,33.1353],[129.745,33.1351],[129.7449,33.135],[129.7448,33.135],[129.7447,33.135],[129.7444,33.1348],[129.7444,33.1348],[129.7444,33.1347],[129.7444,33.1348],[129.7444,33.1348],[129.7443,33.1348],[129.7443,33.1348],[129.7442,33.1348],[129.7443,33.1349],[129.7443,33.1348],[129.7443,33.1348],[129.7444,33.1348],[129.7447,33.135],[129.7447,33.135],[129.7444,33.1352],[129.7441,33.1354],[129.7436,33.1353],[129.7434,33.1352],[129.7433,33.1354],[129.7433,33.1354],[129.7433,33.1352],[129.7432,33.1352],[129.7432,33.1352],[129.7431,33.1352],[129.7432,33.1351],[129.7432,33.1351],[129.7433,33.1351],[129.7432,33.1351],[129.7431,33.1351],[129.743,33.1352],[129.7429,33.135],[129.7426,33.1347],[129.7426,33.1346],[129.7422,33.1337],[129.7421,33.1334],[129.7422,33.1333],[129.7423,33.1333],[129.7425,33.1333],[129.7425,33.1333],[129.7426,33.1333],[129.7426,33.1333],[129.7432,33.134],[129.7434,33.1341],[129.7434,33.134],[129.7427,33.1333],[129.7426,33.1333],[129.7426,33.1333],[129.7424,33.1333],[129.7424,33.1333],[129.7423,33.1333],[129.7422,33.1332],[129.7423,33.1332],[129.7422,33.1331],[129.7422,33.1331],[129.7422,33.1331],[129.7422,33.133],[129.7422,33.133],[129.7422,33.133],[129.7422,33.133],[129.7422,33.133],[129.7422,33.133],[129.7421,33.133],[129.7421,33.133],[129.7421,33.1329],[129.7421,33.1329],[129.7421,33.1329],[129.7421,33.1329],[129.7422,33.1329],[129.7422,33.1329],[129.7422,33.1329],[129.7424,33.1328],[129.7423,33.1328],[129.7422,33.1329],[129.7422,33.1328],[129.7421,33.1328],[129.7421,33.1328],[129.7421,33.1328],[129.7421,33.1328],[129.7421,33.1328],[129.742,33.1327],[129.7421,33.1327],[129.742,33.1326],[129.742,33.1326],[129.742,33.1326],[129.742,33.1325],[129.7419,33.1325],[129.7419,33.1325],[129.7419,33.1325],[129.7419,33.1324],[129.742,33.1321],[129.7419,33.132],[129.7416,33.1319],[129.7416,33.1319],[129.7416,33.1319],[129.7415,33.1319],[129.7415,33.1319],[129.7415,33.1319],[129.7415,33.1319],[129.7415,33.1319],[129.7415,33.1319],[129.7414,33.1319],[129.7414,33.1319],[129.7414,33.1319],[129.7414,33.1319],[129.7414,33.1319],[129.7414,33.1319],[129.7413,33.1319],[129.7413,33.1319],[129.7413,33.1319],[129.7413,33.1319],[129.7413,33.1319],[129.7412,33.1319],[129.7411,33.1321],[129.7407,33.1322],[129.7403,33.1322],[129.74,33.1322],[129.7399,33.1322],[129.7399,33.1322],[129.7399,33.1323],[129.7397,33.1323],[129.7397,33.1323],[129.7397,33.1323],[129.7397,33.1323],[129.7396,33.1323],[129.7396,33.1324],[129.7396,33.1324],[129.7396,33.1324],[129.7395,33.1324],[129.7395,33.1324],[129.7395,33.1325],[129.7395,33.1325],[129.7395,33.1326],[129.7395,33.1326],[129.7395,33.1326],[129.7395,33.1327],[129.7395,33.1327],[129.7395,33.1328],[129.7394,33.1328],[129.7394,33.1328],[129.7394,33.1328],[129.7393,33.1328],[129.7392,33.1329],[129.7391,33.1329],[129.7391,33.1329],[129.7391,33.133],[129.739,33.133],[129.7389,33.1331],[129.7389,33.1332],[129.7389,33.1332],[129.7388,33.1332],[129.7388,33.1333],[129.7388,33.1333],[129.7388,33.1334],[129.7388,33.1334],[129.7388,33.1335],[129.7388,33.1336],[129.7388,33.1336],[129.7388,33.1336],[129.7387,33.1337],[129.7387,33.1337],[129.7387,33.1337],[129.7386,33.1338],[129.7386,33.1338],[129.7385,33.1339],[129.7384,33.1339],[129.7383,33.134],[129.7382,33.1341],[129.7382,33.1341],[129.7382,33.1341],[129.7381,33.1341],[129.7379,33.1342],[129.7373,33.1344],[129.7372,33.1344],[129.7372,33.1344],[129.7371,33.1344],[129.7371,33.1344],[129.737,33.1344],[129.7369,33.1345],[129.7368,33.1346],[129.7368,33.1346],[129.7368,33.1346],[129.7368,33.1347],[129.7369,33.1347],[129.7369,33.1348],[129.7368,33.1348],[129.7368,33.1349],[129.7368,33.1349],[129.7368,33.135],[129.7367,33.135],[129.7367,33.135],[129.7366,33.1351],[129.7366,33.1351],[129.7365,33.1351],[129.7363,33.1351],[129.7362,33.1352],[129.7362,33.1353],[129.7362,33.1353],[129.7361,33.1354],[129.736,33.1355],[129.736,33.1355],[129.7359,33.1356],[129.736,33.1356],[129.736,33.1357],[129.736,33.1357],[129.7361,33.1358],[129.7361,33.1358],[129.7362,33.1359],[129.7362,33.1359],[129.7362,33.136],[129.7362,33.136],[129.7362,33.136],[129.7361,33.1361],[129.7361,33.1361],[129.7361,33.1361],[129.736,33.1361],[129.736,33.1361],[129.736,33.1361],[129.7359,33.1362],[129.7359,33.1362],[129.7358,33.1362],[129.7356,33.1363],[129.7355,33.1363],[129.7355,33.1363],[129.7355,33.1364],[129.7355,33.1364],[129.7355,33.1364],[129.7355,33.1364],[129.7355,33.1365],[129.7355,33.1365],[129.7355,33.1365],[129.7355,33.1366],[129.7355,33.1368],[129.7356,33.1369],[129.7356,33.1369],[129.7356,33.1369],[129.7356,33.137],[129.7357,33.1371],[129.7358,33.1371],[129.7359,33.1371],[129.7359,33.1372],[129.7359,33.1372],[129.736,33.1372],[129.736,33.1372],[129.736,33.1372],[129.736,33.1372],[129.736,33.1373],[129.736,33.1373],[129.736,33.1373],[129.736,33.1374],[129.736,33.1374],[129.736,33.1374],[129.7359,33.1375],[129.7359,33.1376],[129.7359,33.1376],[129.7359,33.1376],[129.7359,33.1376],[129.7359,33.1376],[129.736,33.1377],[129.736,33.1377],[129.736,33.1378],[129.736,33.1378],[129.736,33.1378],[129.736,33.1379],[129.7361,33.138],[129.7361,33.138],[129.7361,33.1381],[129.7361,33.1381],[129.7361,33.1381],[129.7361,33.1381],[129.7361,33.1382],[129.7361,33.1382],[129.7362,33.1383],[129.7362,33.1383],[129.7362,33.1383],[129.7362,33.1383],[129.7362,33.1383],[129.7362,33.1383],[129.7362,33.1383],[129.7362,33.1384],[129.7362,33.1384],[129.7362,33.1384],[129.7362,33.1385],[129.7362,33.1385],[129.7362,33.1386],[129.7362,33.1386],[129.7362,33.1388],[129.7362,33.1388],[129.7362,33.1388],[129.7363,33.1389],[129.7363,33.1389],[129.7363,33.139],[129.7363,33.139],[129.7364,33.1391],[129.7365,33.1392],[129.7366,33.1392],[129.7366,33.1392],[129.7366,33.1392],[129.7366,33.1392],[129.7366,33.1393],[129.7366,33.1393],[129.7366,33.1393],[129.7366,33.1393],[129.7366,33.1393],[129.7366,33.1393],[129.7365,33.1394],[129.7365,33.1394],[129.7365,33.1395],[129.7365,33.1395],[129.7365,33.1395],[129.7365,33.1395],[129.7365,33.1395],[129.7365,33.1395],[129.7365,33.1396],[129.7365,33.1396],[129.7366,33.1397],[129.7367,33.1398],[129.7367,33.1398],[129.7367,33.1398],[129.7367,33.1398],[129.7367,33.1398],[129.7367,33.1399],[129.7366,33.1399],[129.7368,33.1402],[129.7368,33.1402],[129.7366,33.14],[129.7365,33.1401],[129.7364,33.1401],[129.7363,33.1402],[129.7362,33.1403],[129.7362,33.1403],[129.7361,33.1404],[129.7361,33.1404],[129.7361,33.1404],[129.736,33.1404],[129.736,33.1404],[129.736,33.1404],[129.736,33.1404],[129.736,33.1404],[129.736,33.1404],[129.736,33.1404],[129.7359,33.1403],[129.7359,33.1403],[129.7359,33.1403],[129.7359,33.1403],[129.7359,33.1403],[129.7359,33.1403],[129.7359,33.1402],[129.7359,33.1402],[129.7359,33.1402],[129.7359,33.1401],[129.7359,33.1401],[129.7358,33.1401],[129.7358,33.1401],[129.7358,33.1401],[129.7358,33.1401],[129.7358,33.1401],[129.7358,33.1401],[129.7357,33.1401],[129.7357,33.14],[129.7357,33.14],[129.7357,33.14],[129.7357,33.14],[129.7356,33.14],[129.7355,33.14],[129.7355,33.14],[129.7355,33.14],[129.7355,33.14],[129.7354,33.14],[129.7354,33.14],[129.7354,33.14],[129.7354,33.14],[129.7354,33.1399],[129.7354,33.1399],[129.7354,33.1399],[129.7354,33.1399],[129.7354,33.1399],[129.7353,33.1399],[129.7353,33.1399],[129.7353,33.1398],[129.7353,33.1398],[129.7353,33.1398],[129.7353,33.1397],[129.7353,33.1397],[129.7353,33.1397],[129.7353,33.1396],[129.7353,33.1396],[129.7353,33.1395],[129.7353,33.1395],[129.7353,33.1394],[129.7353,33.1394],[129.7353,33.1393],[129.7352,33.1393],[129.7352,33.1393],[129.7352,33.1392],[129.7352,33.1392],[129.7352,33.1392],[129.7352,33.1392],[129.7352,33.1391],[129.7352,33.1391],[129.735,33.1389],[129.735,33.1389],[129.735,33.1389],[129.735,33.1389],[129.735,33.1389],[129.735,33.1389],[129.7349,33.1389],[129.7349,33.1388],[129.7349,33.1388],[129.7349,33.1388],[129.7349,33.1388],[129.7348,33.1388],[129.7348,33.1388],[129.7348,33.1388],[129.7347,33.1388],[129.7347,33.1388],[129.7347,33.1387],[129.7347,33.1387],[129.7347,33.1387],[129.7347,33.1387],[129.7348,33.1387],[129.7348,33.1386],[129.7348,33.1386],[129.7348,33.1386],[129.7348,33.1385],[129.7348,33.1385],[129.7348,33.1384],[129.7348,33.1384],[129.7344,33.1385],[129.7343,33.1386],[129.7343,33.1387],[129.7343,33.1388],[129.7344,33.139],[129.7345,33.139],[129.7344,33.1391],[129.7347,33.1395],[129.7346,33.1395],[129.7344,33.1397],[129.7343,33.1398],[129.7346,33.1399],[129.7346,33.14],[129.7346,33.1401],[129.7346,33.1403],[129.7346,33.1403],[129.7344,33.1404],[129.7345,33.1406],[129.7346,33.1406],[129.7346,33.1407],[129.7346,33.1408],[129.7344,33.1409],[129.734,33.141],[129.734,33.141],[129.7337,33.141],[129.7334,33.141],[129.7332,33.1411],[129.7332,33.1411],[129.733,33.1411],[129.7329,33.141],[129.7331,33.1409],[129.7332,33.1408],[129.7333,33.1408],[129.7337,33.1407],[129.7337,33.1405],[129.734,33.1403],[129.734,33.1402],[129.734,33.1402],[129.734,33.1402],[129.7336,33.14],[129.7338,33.1395],[129.7337,33.1394],[129.7337,33.1394],[129.7337,33.1393],[129.734,33.1386],[129.7331,33.1382],[129.7329,33.1385],[129.7329,33.1386],[129.7329,33.1388],[129.7331,33.139],[129.7333,33.1394],[129.7333,33.1396],[129.7333,33.1397],[129.7332,33.1399],[129.7332,33.1401],[129.7333,33.1402],[129.7333,33.1403],[129.7333,33.1403],[129.7332,33.1403],[129.7326,33.1405],[129.7325,33.1405],[129.732,33.1409],[129.7312,33.1411],[129.731,33.1412],[129.731,33.1414],[129.7309,33.1415],[129.731,33.1416],[129.7311,33.1417],[129.7311,33.1418],[129.7312,33.1418],[129.7314,33.1419],[129.7315,33.142],[129.7315,33.142],[129.7316,33.1421],[129.7317,33.1421],[129.7318,33.1421],[129.7318,33.1421],[129.7318,33.1423],[129.7318,33.1424],[129.7319,33.1425],[129.7319,33.1425],[129.732,33.1425],[129.7319,33.1426],[129.7323,33.1428],[129.7319,33.1432],[129.732,33.1433],[129.7324,33.1435],[129.7327,33.1437],[129.7328,33.1437],[129.7329,33.1438],[129.7327,33.1438],[129.7327,33.1438],[129.7326,33.1438],[129.7325,33.1439],[129.7324,33.1439],[129.7322,33.1441],[129.7321,33.1441],[129.7321,33.1442],[129.732,33.1443],[129.7319,33.1446],[129.7316,33.1445],[129.7315,33.1444],[129.7314,33.1444],[129.7314,33.1444],[129.7313,33.1445],[129.7308,33.1448],[129.7305,33.1449],[129.7304,33.1449],[129.7302,33.1449],[129.7301,33.1449],[129.7299,33.1447],[129.7298,33.1446],[129.7297,33.1446],[129.7294,33.1444],[129.7293,33.1443],[129.7291,33.1443],[129.7289,33.1442],[129.7287,33.1443],[129.7285,33.1444],[129.7283,33.1444],[129.7279,33.1442],[129.7278,33.1441],[129.7277,33.1438],[129.7276,33.1434],[129.7275,33.1433],[129.7272,33.1431],[129.7251,33.1418],[129.7245,33.1414],[129.7244,33.1411],[129.7244,33.1409],[129.7247,33.1393],[129.725,33.1389],[129.7253,33.1386],[129.7256,33.1384],[129.7259,33.1383],[129.7261,33.1381],[129.7264,33.138],[129.7266,33.1377],[129.7268,33.1374],[129.727,33.1371],[129.7274,33.1375],[129.7276,33.1377],[129.7278,33.1379],[129.728,33.138],[129.7282,33.1381],[129.7284,33.138],[129.7286,33.1379],[129.7287,33.1378],[129.7293,33.1371],[129.7294,33.1369],[129.7295,33.1366],[129.7297,33.1356],[129.7298,33.1349],[129.7297,33.1346],[129.7298,33.1342],[129.7299,33.1338],[129.7302,33.1331],[129.7302,33.1329],[129.7301,33.1328],[129.7302,33.1327],[129.7301,33.1326],[129.7304,33.1322],[129.7308,33.1323],[129.7311,33.1321],[129.7311,33.1317],[129.7316,33.1316],[129.732,33.1314],[129.7324,33.1312],[129.7324,33.1313],[129.7324,33.1312],[129.7325,33.1312],[129.7325,33.1312],[129.7326,33.1312],[129.7326,33.1312],[129.7326,33.1311],[129.7328,33.131],[129.7329,33.131],[129.733,33.1307],[129.7333,33.1305],[129.7333,33.1304],[129.7334,33.1303],[129.7334,33.1303],[129.7335,33.1302],[129.7335,33.1302],[129.7336,33.13],[129.7338,33.1298],[129.7338,33.1298],[129.7339,33.1298],[129.7339,33.1298],[129.734,33.1298],[129.734,33.1297],[129.7341,33.1297],[129.7341,33.1297],[129.7341,33.1296],[129.7342,33.1296],[129.7342,33.1296],[129.7342,33.1295],[129.7343,33.1294],[129.7343,33.1294],[129.7343,33.1293],[129.7343,33.1292],[129.7343,33.1292],[129.7343,33.1291],[129.7343,33.1291],[129.7343,33.129],[129.7343,33.129],[129.7343,33.1289],[129.7343,33.1288],[129.7343,33.1288],[129.7343,33.1287],[129.7343,33.1287],[129.7343,33.1287],[129.7343,33.1287],[129.7343,33.1286],[129.7343,33.1286],[129.7343,33.1286],[129.7343,33.1285],[129.7343,33.1285],[129.7342,33.1284],[129.7342,33.1283],[129.7342,33.1283],[129.7342,33.1282],[129.7342,33.1282],[129.7342,33.1282],[129.7342,33.1281],[129.7342,33.1281],[129.7342,33.1281],[129.7342,33.1281],[129.7342,33.128],[129.7342,33.128],[129.7342,33.128],[129.7342,33.128],[129.7342,33.128],[129.7342,33.128],[129.7342,33.128],[129.7342,33.128],[129.7343,33.1279],[129.7343,33.1279],[129.7344,33.1279],[129.7344,33.1279],[129.7341,33.1279],[129.7341,33.1279],[129.7341,33.1278],[129.7342,33.1274],[129.7343,33.1273],[129.7349,33.1273],[129.7349,33.1272],[129.7351,33.1268],[129.735,33.1265],[129.7351,33.1265],[129.7353,33.1264],[129.7351,33.1258],[129.7349,33.1259],[129.7348,33.1259],[129.7348,33.1259],[129.7345,33.126],[129.7344,33.126],[129.7341,33.126],[129.7341,33.126],[129.7341,33.126],[129.7341,33.126],[129.734,33.126],[129.734,33.126],[129.734,33.126],[129.734,33.126],[129.7337,33.126],[129.7336,33.126],[129.7336,33.1262],[129.7334,33.1262],[129.7333,33.1262],[129.7331,33.1261],[129.733,33.1261],[129.7329,33.1261],[129.7329,33.126],[129.7329,33.126],[129.733,33.126],[129.7329,33.1257],[129.7327,33.1258],[129.7325,33.1256],[129.7326,33.1256],[129.7325,33.1255],[129.7325,33.1255],[129.7323,33.1252],[129.7324,33.1251],[129.7323,33.125],[129.7318,33.1244],[129.7317,33.1244],[129.7317,33.1244],[129.7314,33.1241],[129.7306,33.1246],[129.7309,33.125],[129.7309,33.125],[129.7311,33.1253],[129.7313,33.1254],[129.7313,33.1254],[129.7313,33.1254],[129.7313,33.1255],[129.7313,33.1255],[129.7313,33.1255],[129.7313,33.1255],[129.7312,33.1255],[129.7312,33.1256],[129.7312,33.1256],[129.7312,33.1256],[129.7311,33.1257],[129.7311,33.1257],[129.731,33.1257],[129.731,33.1257],[129.731,33.1257],[129.7309,33.1257],[129.7309,33.1258],[129.7306,33.126],[129.7302,33.1262],[129.7299,33.1263],[129.7297,33.1265],[129.7295,33.1266],[129.7293,33.1263],[129.7292,33.1263],[129.7292,33.1262],[129.7291,33.1261],[129.729,33.126],[129.729,33.126],[129.7289,33.1259],[129.7288,33.1259],[129.7288,33.1259],[129.7287,33.126],[129.7286,33.126],[129.7286,33.1261],[129.7285,33.1261],[129.7284,33.1262],[129.7283,33.1262],[129.7282,33.1262],[129.7281,33.1263],[129.728,33.1263],[129.7279,33.1264],[129.7278,33.1264],[129.7276,33.1264],[129.7275,33.1265],[129.7273,33.1265],[129.7272,33.1266],[129.7271,33.1266],[129.727,33.1266],[129.7269,33.1265],[129.7268,33.1265],[129.7267,33.1265],[129.7267,33.1265],[129.7266,33.1265],[129.7265,33.1264],[129.7265,33.1264],[129.7265,33.1264],[129.7264,33.1264],[129.7264,33.1264],[129.7264,33.1264],[129.7263,33.1265],[129.7263,33.1265],[129.7263,33.1265],[129.7262,33.1265],[129.7262,33.1265],[129.7261,33.1265],[129.7261,33.1265],[129.726,33.1265],[129.726,33.1265],[129.7259,33.1265],[129.7259,33.1265],[129.7259,33.1266],[129.7259,33.1266],[129.7258,33.1267],[129.7258,33.1268],[129.7257,33.1268],[129.7257,33.1268],[129.7257,33.1268],[129.7257,33.1268],[129.725,33.128],[129.7252,33.1289],[129.7256,33.1297],[129.7259,33.1302],[129.7259,33.1301],[129.7253,33.1289],[129.7254,33.1288],[129.7254,33.1287],[129.7254,33.1287],[129.7254,33.1287],[129.7255,33.1286],[129.7255,33.1286],[129.7256,33.1283],[129.7257,33.1283],[129.7257,33.1283],[129.7258,33.128],[129.7258,33.128],[129.726,33.1278],[129.726,33.1278],[129.726,33.1278],[129.7271,33.1283],[129.727,33.1284],[129.727,33.1284],[129.7267,33.1288],[129.7266,33.1291],[129.7267,33.1291],[129.7271,33.1285],[129.7271,33.1285],[129.7271,33.1283],[129.7276,33.1285],[129.7279,33.1286],[129.7279,33.1286],[129.728,33.1286],[129.7277,33.1292],[129.7277,33.1292],[129.7277,33.1292],[129.7277,33.1292],[129.7277,33.1293],[129.7278,33.1294],[129.7281,33.1298],[129.7282,33.1302],[129.7279,33.1304],[129.7278,33.1304],[129.7278,33.1304],[129.7277,33.1303],[129.7277,33.1303],[129.7276,33.1303],[129.7276,33.1303],[129.7276,33.1303],[129.7276,33.1303],[129.7277,33.1304],[129.7277,33.1304],[129.7279,33.1305],[129.7279,33.1306],[129.7278,33.1306],[129.7278,33.1306],[129.7277,33.1306],[129.7278,33.1309],[129.728,33.1309],[129.7281,33.1315],[129.728,33.1315],[129.7279,33.1323],[129.7278,33.133],[129.7273,33.1332],[129.727,33.1333],[129.7269,33.1334],[129.7263,33.1338],[129.7258,33.1342],[129.7257,33.1347],[129.7261,33.1347],[129.7261,33.1348],[129.7261,33.1348],[129.7261,33.1348],[129.7264,33.1348],[129.7264,33.1348],[129.7265,33.1348],[129.7265,33.1348],[129.7266,33.1348],[129.7266,33.1348],[129.7268,33.1348],[129.7268,33.1351],[129.7268,33.1351],[129.7267,33.1352],[129.7267,33.1353],[129.7267,33.1353],[129.7267,33.1354],[129.7267,33.1354],[129.7267,33.1354],[129.7267,33.1354],[129.7267,33.1355],[129.7267,33.1355],[129.7267,33.1355],[129.7267,33.1355],[129.7267,33.1356],[129.7267,33.1356],[129.7267,33.1356],[129.7267,33.1356],[129.7267,33.1357],[129.7267,33.1357],[129.7267,33.1357],[129.7267,33.1357],[129.7267,33.1358],[129.7267,33.1358],[129.7267,33.1358],[129.7267,33.1358],[129.7266,33.1358],[129.7267,33.1358],[129.7267,33.1358],[129.7267,33.1358],[129.7267,33.1362],[129.7263,33.1362],[129.7263,33.1361],[129.7263,33.1361],[129.7263,33.1362],[129.7262,33.1362],[129.726,33.1362],[129.7259,33.1362],[129.7258,33.1362],[129.7256,33.1362],[129.7254,33.1362],[129.7252,33.1362],[129.7251,33.1362],[129.7249,33.1363],[129.7248,33.1362],[129.7248,33.1362],[129.7248,33.1363],[129.7246,33.1364],[129.7246,33.1364],[129.7245,33.1364],[129.7244,33.1365],[129.7243,33.1366],[129.7241,33.1367],[129.724,33.1367],[129.7239,33.1369],[129.7238,33.137],[129.7236,33.1372],[129.7235,33.1373],[129.7234,33.1373],[129.7234,33.1373],[129.7234,33.1373],[129.7233,33.1373],[129.7233,33.1372],[129.7232,33.1371],[129.7232,33.137],[129.7231,33.137],[129.7231,33.137],[129.7231,33.137],[129.7231,33.137],[129.7231,33.1371],[129.7231,33.1371],[129.7232,33.1372],[129.7232,33.1372],[129.7232,33.1373],[129.7232,33.1374],[129.7231,33.1374],[129.7231,33.1374],[129.723,33.1374],[129.723,33.1374],[129.7229,33.1374],[129.7228,33.1374],[129.7227,33.1374],[129.7226,33.1375],[129.7225,33.1375],[129.7225,33.1375],[129.7224,33.1374],[129.7224,33.1374],[129.7223,33.1374],[129.7223,33.1373],[129.7222,33.1373],[129.7221,33.1373],[129.7221,33.1374],[129.722,33.1374],[129.7219,33.1374],[129.7219,33.1374],[129.7218,33.1373],[129.7218,33.1373],[129.7218,33.1373],[129.7217,33.1372],[129.7217,33.1372],[129.7217,33.1372],[129.7217,33.1371],[129.7217,33.137],[129.7216,33.137],[129.7215,33.1369],[129.7215,33.1369],[129.7215,33.1369],[129.7215,33.1368],[129.7214,33.1368],[129.7214,33.1367],[129.7214,33.1367],[129.7214,33.1367],[129.7213,33.1367],[129.7213,33.1367],[129.7213,33.1367],[129.7212,33.1368],[129.7212,33.1368],[129.7212,33.1369],[129.7212,33.1369],[129.7212,33.1369],[129.7211,33.137],[129.7211,33.137],[129.721,33.137],[129.721,33.137],[129.7209,33.137],[129.7208,33.137],[129.7208,33.1369],[129.7207,33.1369],[129.7207,33.1368],[129.7206,33.1368],[129.7205,33.1367],[129.7204,33.1367],[129.7204,33.1367],[129.7203,33.1367],[129.7203,33.1367],[129.7203,33.1367],[129.7202,33.1367],[129.7202,33.1367],[129.7202,33.1368],[129.7202,33.1368],[129.7201,33.1368],[129.7201,33.1368],[129.7201,33.1368],[129.7199,33.1368],[129.7198,33.1367],[129.7198,33.1367],[129.7198,33.1367],[129.7197,33.1366],[129.7197,33.1366],[129.7197,33.1366],[129.7198,33.1365],[129.7198,33.1362],[129.7203,33.136],[129.7202,33.136],[129.72,33.1361],[129.7201,33.1361],[129.7198,33.1362],[129.7198,33.1362],[129.7198,33.1362],[129.7198,33.1362],[129.7198,33.1363],[129.7197,33.1363],[129.7197,33.1365],[129.7197,33.1365],[129.7197,33.1365],[129.7197,33.1366],[129.7197,33.1366],[129.7197,33.1366],[129.7197,33.1366],[129.7197,33.1367],[129.7198,33.1367],[129.7198,33.1367],[129.7198,33.1367],[129.7199,33.1368],[129.72,33.1368],[129.7201,33.1369],[129.7201,33.1369],[129.7201,33.1369],[129.7201,33.137],[129.7201,33.137],[129.7203,33.1371],[129.7203,33.1371],[129.7203,33.1372],[129.7203,33.1372],[129.7203,33.1372],[129.7203,33.1372],[129.7203,33.1372],[129.7203,33.1372],[129.7203,33.1372],[129.7203,33.1373],[129.7203,33.1373],[129.7203,33.1373],[129.7204,33.1373],[129.7204,33.1373],[129.7204,33.1373],[129.7205,33.1373],[129.7205,33.1373],[129.7205,33.1373],[129.7206,33.1373],[129.7206,33.1373],[129.7206,33.1373],[129.7207,33.1373],[129.7207,33.1373],[129.7207,33.1373],[129.7207,33.1373],[129.7207,33.1373],[129.7207,33.1374],[129.7207,33.1375],[129.7207,33.1375],[129.7207,33.1375],[129.7208,33.1375],[129.7208,33.1375],[129.7208,33.1376],[129.7209,33.1376],[129.7209,33.1376],[129.721,33.1376],[129.721,33.1376],[129.7211,33.1375],[129.7212,33.1375],[129.7212,33.1374],[129.7213,33.1374],[129.7213,33.1374],[129.7214,33.1374],[129.7214,33.1374],[129.7214,33.1374],[129.7214,33.1375],[129.7214,33.1376],[129.7214,33.1377],[129.7215,33.1378],[129.7215,33.1378],[129.7216,33.1379],[129.7216,33.1379],[129.7217,33.1379],[129.7217,33.1379],[129.7217,33.1379],[129.7216,33.138],[129.7217,33.138],[129.7217,33.1381],[129.7218,33.1382],[129.7218,33.1383],[129.7218,33.1383],[129.7218,33.1384],[129.7217,33.1384],[129.7217,33.1385],[129.7217,33.1385],[129.7217,33.1385],[129.7216,33.1386],[129.7216,33.1386],[129.7216,33.1387],[129.7215,33.1387],[129.7215,33.1388],[129.7215,33.1388],[129.7214,33.1388],[129.7214,33.1388],[129.7214,33.1388],[129.7214,33.1389],[129.7213,33.1389],[129.7213,33.1389],[129.7213,33.1389],[129.7212,33.1389],[129.7212,33.1389],[129.7212,33.1389],[129.7211,33.1388],[129.7211,33.1388],[129.7211,33.1388],[129.721,33.1388],[129.721,33.1388],[129.721,33.1388],[129.721,33.1388],[129.7209,33.1388],[129.7209,33.1387],[129.7209,33.1387],[129.7208,33.1387],[129.7208,33.1387],[129.7208,33.1387],[129.7208,33.1388],[129.7207,33.1388],[129.7207,33.1388],[129.7207,33.1388],[129.7207,33.1388],[129.7206,33.1388],[129.7205,33.1388],[129.7205,33.1388],[129.7205,33.1388],[129.7205,33.1388],[129.7204,33.1388],[129.7204,33.1388],[129.7204,33.1387],[129.7204,33.1387],[129.7204,33.1387],[129.7204,33.1387],[129.7203,33.1387],[129.7203,33.1387],[129.7203,33.1386],[129.7203,33.1386],[129.7202,33.1386],[129.7202,33.1386],[129.7202,33.1386],[129.7202,33.1386],[129.7202,33.1385],[129.7201,33.1385],[129.7201,33.1385],[129.7201,33.1385],[129.7201,33.1385],[129.7201,33.1385],[129.72,33.1385],[129.72,33.1385],[129.72,33.1385],[129.72,33.1385],[129.7199,33.1385],[129.7199,33.1385],[129.7199,33.1385],[129.7199,33.1385],[129.7198,33.1386],[129.7198,33.1386],[129.7198,33.1386],[129.7198,33.1386],[129.7198,33.1386],[129.7198,33.1386],[129.7198,33.1387],[129.7198,33.1387],[129.7198,33.1387],[129.7199,33.1387],[129.7199,33.1387],[129.7199,33.1387],[129.72,33.1388],[129.72,33.1388],[129.72,33.1388],[129.72,33.1388],[129.72,33.1389],[129.7199,33.1389],[129.72,33.1389],[129.72,33.1389],[129.72,33.1389],[129.72,33.139],[129.72,33.139],[129.7201,33.139],[129.7201,33.1389],[129.7202,33.1389],[129.7202,33.1389],[129.7203,33.1389],[129.7203,33.139],[129.7203,33.139],[129.7204,33.1391],[129.7204,33.1391],[129.7204,33.1391],[129.7204,33.1391],[129.7203,33.1392],[129.7203,33.1392],[129.7202,33.1392],[129.7202,33.1392],[129.7202,33.1393],[129.7202,33.1393],[129.7202,33.1394],[129.7201,33.1395],[129.7201,33.1395],[129.7201,33.1396],[129.7201,33.1396],[129.7201,33.1397],[129.7201,33.1398],[129.7201,33.1398],[129.7202,33.1399],[129.7202,33.1399],[129.7203,33.14],[129.7203,33.1401],[129.7203,33.1401],[129.7203,33.1402],[129.7203,33.1402],[129.7203,33.1403],[129.7203,33.1403],[129.7203,33.1404],[129.7203,33.1404],[129.7203,33.1404],[129.7203,33.1404],[129.7203,33.1405],[129.7203,33.1405],[129.7203,33.1406],[129.7203,33.1407],[129.7203,33.1408],[129.7202,33.1408],[129.7202,33.1408],[129.7202,33.1408],[129.7202,33.1408],[129.7202,33.1408],[129.7202,33.1408],[129.7201,33.1408],[129.7201,33.1407],[129.72,33.1406],[129.7199,33.1406],[129.7198,33.1406],[129.7198,33.1406],[129.7197,33.1406],[129.7197,33.1406],[129.7197,33.1406],[129.7197,33.1406],[129.7196,33.1406],[129.7196,33.1406],[129.7197,33.1407],[129.7197,33.1407],[129.7197,33.1407],[129.7197,33.1407],[129.7197,33.1407],[129.7198,33.1407],[129.7199,33.1408],[129.7199,33.1409],[129.72,33.1409],[129.72,33.1409],[129.72,33.1409],[129.7199,33.141],[129.7199,33.141],[129.7199,33.141],[129.7199,33.1411],[129.7199,33.1411],[129.7199,33.1411],[129.72,33.1411],[129.72,33.1411],[129.72,33.1412],[129.7201,33.1412],[129.7201,33.1412],[129.7201,33.1412],[129.7201,33.1412],[129.7201,33.1412],[129.7202,33.1412],[129.7202,33.1411],[129.7203,33.1412],[129.7203,33.1412],[129.7204,33.1412],[129.7204,33.1412],[129.7205,33.1412],[129.7205,33.1412],[129.7205,33.1412],[129.7206,33.1412],[129.7206,33.1412],[129.7206,33.1412],[129.7207,33.1412],[129.7207,33.1412],[129.7207,33.1412],[129.7207,33.1412],[129.7208,33.1413],[129.7208,33.1413],[129.7209,33.1413],[129.7209,33.1414],[129.7209,33.1414],[129.721,33.1414],[129.721,33.1414],[129.721,33.1415],[129.721,33.1415],[129.721,33.1415],[129.721,33.1415],[129.721,33.1415],[129.721,33.1415],[129.721,33.1416],[129.7209,33.1416],[129.7208,33.1416],[129.7208,33.1417],[129.7207,33.1417],[129.7207,33.1417],[129.7206,33.1417],[129.7206,33.1417],[129.7206,33.1418],[129.7206,33.1418],[129.7206,33.1419],[129.7207,33.142],[129.7207,33.1421],[129.7207,33.1421],[129.7207,33.1421],[129.7207,33.1421],[129.7207,33.1421],[129.7207,33.1422],[129.7207,33.1422],[129.7206,33.1422],[129.7206,33.1422],[129.7206,33.1422],[129.7205,33.1422],[129.7205,33.1422],[129.7205,33.1422],[129.7205,33.1422],[129.7205,33.1422],[129.7204,33.1422],[129.7204,33.1422],[129.7204,33.1422],[129.7204,33.1422],[129.7204,33.1423],[129.7204,33.1423],[129.7205,33.1423],[129.7205,33.1424],[129.7205,33.1424],[129.7205,33.1424],[129.7205,33.1424],[129.7205,33.1425],[129.7205,33.1425],[129.7205,33.1425],[129.7205,33.1425],[129.7205,33.1425],[129.7205,33.1425],[129.7205,33.1425],[129.7205,33.1424],[129.7205,33.1424],[129.7205,33.1424],[129.7206,33.1424],[129.7206,33.1424],[129.7206,33.1424],[129.7206,33.1424],[129.7206,33.1424],[129.7206,33.1424],[129.7207,33.1424],[129.7207,33.1424],[129.7207,33.1424],[129.7207,33.1424],[129.7208,33.1425],[129.7208,33.1425],[129.7209,33.1426],[129.721,33.1426],[129.7211,33.1427],[129.7211,33.1427],[129.7211,33.1427],[129.7212,33.1427],[129.7212,33.1428],[129.7212,33.1428],[129.7213,33.1429],[129.7213,33.1429],[129.7212,33.1429],[129.7212,33.1429],[129.7212,33.1429],[129.7212,33.143],[129.7212,33.143],[129.7213,33.143],[129.7213,33.143],[129.7214,33.143],[129.7214,33.143],[129.7214,33.143],[129.7214,33.143],[129.7214,33.143],[129.7215,33.1431],[129.7215,33.1431],[129.7216,33.1431],[129.7216,33.1431],[129.7217,33.1431],[129.7217,33.1432],[129.7218,33.1432],[129.7219,33.1433],[129.7219,33.1433],[129.722,33.1434],[129.722,33.1435],[129.7221,33.1435],[129.7222,33.1436],[129.7223,33.1436],[129.7223,33.1436],[129.7224,33.1436],[129.7225,33.1437],[129.7225,33.1437],[129.7225,33.1437],[129.7225,33.1437],[129.7225,33.1437],[129.7226,33.1437],[129.7227,33.1438],[129.7227,33.1438],[129.7227,33.1438],[129.7227,33.1438],[129.7228,33.1438],[129.7228,33.1438],[129.7228,33.1438],[129.7228,33.1438],[129.7228,33.1438],[129.7228,33.1438],[129.7228,33.1438],[129.7228,33.1437],[129.7228,33.1437],[129.7229,33.1437],[129.7229,33.1437],[129.7229,33.1437],[129.7229,33.1437],[129.7231,33.1437],[129.7231,33.1437],[129.7232,33.1437],[129.7233,33.1438],[129.7234,33.1438],[129.7235,33.1438],[129.7235,33.1439],[129.7236,33.1439],[129.7236,33.144],[129.7238,33.144],[129.7238,33.1441],[129.7238,33.1441],[129.7239,33.1441],[129.7239,33.1441],[129.724,33.1441],[129.7241,33.1441],[129.7242,33.1442],[129.7243,33.1442],[129.7244,33.1442],[129.7244,33.1443],[129.7245,33.1443],[129.7246,33.1444],[129.7247,33.1444],[129.7248,33.1444],[129.7249,33.1444],[129.7251,33.1445],[129.7252,33.1445],[129.7255,33.1447],[129.726,33.1449],[129.7259,33.145],[129.7265,33.1453],[129.7265,33.1452],[129.7268,33.1453],[129.7271,33.1455],[129.7274,33.1457],[129.7274,33.1457],[129.7275,33.1457],[129.7275,33.1457],[129.7281,33.1458],[129.7286,33.1459],[129.7287,33.1459],[129.7287,33.1459],[129.7287,33.1459],[129.7287,33.1459],[129.7287,33.1459],[129.7287,33.1462],[129.7285,33.1472],[129.7285,33.1472],[129.7285,33.1473],[129.7281,33.1475],[129.728,33.1475],[129.7279,33.1475],[129.7279,33.1476],[129.7277,33.1477],[129.7278,33.1479],[129.7278,33.1479],[129.7278,33.1479],[129.7278,33.148],[129.7281,33.148],[129.7281,33.148],[129.7285,33.1484],[129.7286,33.1486],[129.7286,33.1486],[129.7287,33.1487],[129.7287,33.1487],[129.7288,33.1488],[129.7288,33.1489],[129.7289,33.1489],[129.7289,33.149],[129.729,33.149],[129.729,33.149],[129.729,33.1491],[129.729,33.1492],[129.7289,33.1493],[129.7289,33.1494],[129.7289,33.1494],[129.7289,33.1495],[129.7288,33.1496],[129.7288,33.1497],[129.7288,33.1497],[129.7287,33.1497],[129.7286,33.1498],[129.7286,33.1499],[129.7284,33.1501],[129.7283,33.1501],[129.7283,33.1501],[129.7283,33.1501],[129.7283,33.1501],[129.7283,33.1501],[129.7282,33.1501],[129.7282,33.1501],[129.7282,33.1501],[129.7281,33.1501],[129.7281,33.1501],[129.7281,33.1501],[129.7281,33.1502],[129.7281,33.1502],[129.7281,33.1502],[129.728,33.1502],[129.728,33.1502],[129.728,33.1502],[129.728,33.1502],[129.7279,33.1503],[129.7279,33.1503],[129.7278,33.1504],[129.7278,33.1504],[129.7277,33.1504],[129.7276,33.1504],[129.7276,33.1504],[129.7276,33.1504],[129.7276,33.1504],[129.7276,33.1504],[129.7275,33.1504],[129.7275,33.1504],[129.7275,33.1504],[129.7275,33.1504],[129.7275,33.1504],[129.7275,33.1504],[129.7275,33.1504],[129.7274,33.1504],[129.7274,33.1504],[129.7274,33.1504],[129.7274,33.1504],[129.7275,33.1502],[129.7274,33.1502],[129.7274,33.1504],[129.7273,33.1504],[129.7273,33.1504],[129.7273,33.1504],[129.7272,33.1504],[129.7271,33.1504],[129.7271,33.1503],[129.727,33.1503],[129.727,33.1503],[129.7269,33.1503],[129.7268,33.1503],[129.7268,33.1503],[129.7268,33.1502],[129.7267,33.1502],[129.7267,33.1501],[129.7267,33.1501],[129.7267,33.1501],[129.7266,33.15],[129.7266,33.15],[129.7266,33.15],[129.7266,33.1499],[129.7265,33.1498],[129.7265,33.1497],[129.7264,33.1497],[129.7264,33.1496],[129.7264,33.1496],[129.7263,33.1495],[129.7263,33.1495],[129.7263,33.1495],[129.7263,33.1495],[129.7263,33.1494],[129.7264,33.1494],[129.7265,33.1494],[129.7266,33.1494],[129.7266,33.1492],[129.7264,33.1492],[129.7264,33.1489],[129.7261,33.149],[129.7259,33.149],[129.7258,33.1488],[129.7258,33.1488],[129.7257,33.1487],[129.7256,33.1486],[129.7255,33.1486],[129.7254,33.1485],[129.7253,33.1485],[129.7253,33.1485],[129.7253,33.1485],[129.725,33.1483],[129.725,33.1483],[129.725,33.1483],[129.7249,33.1482],[129.7249,33.1482],[129.7249,33.1481],[129.7249,33.148],[129.7249,33.148],[129.725,33.148],[129.725,33.148],[129.725,33.1477],[129.725,33.1477],[129.7249,33.1474],[129.7249,33.1474],[129.7248,33.1472],[129.7248,33.147],[129.7248,33.147],[129.7247,33.147],[129.7247,33.147],[129.7245,33.147],[129.7243,33.1469],[129.7241,33.1469],[129.7241,33.1469],[129.724,33.1472],[129.724,33.1472],[129.724,33.1472],[129.724,33.1472],[129.724,33.1472],[129.724,33.1472],[129.7239,33.1472],[129.7239,33.1472],[129.7239,33.1472],[129.7239,33.1472],[129.7239,33.1472],[129.7239,33.1472],[129.7238,33.1472],[129.7238,33.1472],[129.7238,33.1472],[129.7238,33.1473],[129.7237,33.1473],[129.7237,33.1473],[129.7237,33.1473],[129.7237,33.1473],[129.7237,33.1473],[129.7237,33.1473],[129.7236,33.1474],[129.7236,33.1474],[129.7236,33.1474],[129.7236,33.1474],[129.7236,33.1474],[129.7236,33.1474],[129.7236,33.1474],[129.7236,33.1474],[129.7235,33.1476],[129.7234,33.1478],[129.7233,33.148],[129.7232,33.1481],[129.7232,33.1482],[129.7233,33.1483],[129.7233,33.1483],[129.7233,33.1483],[129.7233,33.1484],[129.7233,33.1484],[129.7233,33.1484],[129.723,33.1486],[129.7229,33.1485],[129.7228,33.1485],[129.7228,33.1485],[129.7228,33.1485],[129.7228,33.1484],[129.7228,33.1482],[129.7228,33.1481],[129.7228,33.1481],[129.7228,33.1479],[129.7228,33.1477],[129.7228,33.1474],[129.7228,33.1474],[129.7228,33.1473],[129.7228,33.1473],[129.7228,33.1473],[129.7228,33.1473],[129.7228,33.1472],[129.7228,33.1472],[129.7228,33.1472],[129.7227,33.1472],[129.7227,33.1472],[129.7227,33.1472],[129.7227,33.1472],[129.7226,33.1472],[129.7226,33.1472],[129.7226,33.1472],[129.7225,33.1472],[129.7225,33.1472],[129.7224,33.1472],[129.7224,33.1473],[129.7224,33.1473],[129.7224,33.1473],[129.7224,33.1473],[129.7224,33.1474],[129.7223,33.1474],[129.7223,33.1475],[129.7223,33.1476],[129.7223,33.1477],[129.7223,33.1478],[129.7223,33.1479],[129.7222,33.148],[129.7222,33.1481],[129.7222,33.1482],[129.7222,33.1483],[129.7222,33.1483],[129.7223,33.1483],[129.7223,33.1484],[129.7223,33.1484],[129.7224,33.1485],[129.722,33.1484],[129.722,33.1481],[129.7221,33.1479],[129.7221,33.1477],[129.7221,33.1476],[129.7221,33.1475],[129.7221,33.1474],[129.7222,33.1473],[129.7222,33.1472],[129.7222,33.1472],[129.7222,33.1471],[129.7222,33.147],[129.7222,33.147],[129.7222,33.147],[129.7222,33.147],[129.7223,33.1462],[129.7224,33.1462],[129.7225,33.1461],[129.7223,33.1461],[129.7222,33.1465],[129.7221,33.1467],[129.7221,33.147],[129.7221,33.1473],[129.722,33.1475],[129.722,33.1478],[129.7219,33.1481],[129.7219,33.1484],[129.7219,33.1485],[129.7219,33.1486],[129.7218,33.1487],[129.7218,33.1492],[129.7217,33.1499],[129.7216,33.15],[129.7216,33.1504],[129.7215,33.1511],[129.7214,33.1518],[129.7214,33.1518],[129.7214,33.1519],[129.7214,33.1519],[129.7212,33.1527],[129.7211,33.1534],[129.721,33.1539],[129.721,33.1539],[129.721,33.154],[129.721,33.154],[129.721,33.1541],[129.7226,33.1545],[129.7237,33.1547],[129.7242,33.1549],[129.7245,33.1539],[129.725,33.1541],[129.725,33.1541],[129.7249,33.1542],[129.7249,33.1543],[129.725,33.1541],[129.725,33.1541],[129.7254,33.1543],[129.7254,33.1543],[129.7254,33.1543],[129.7257,33.1544],[129.7259,33.1545],[129.726,33.1546],[129.726,33.1546],[129.726,33.1545],[129.726,33.1545],[129.726,33.1547],[129.7264,33.1548],[129.7264,33.1548],[129.7265,33.1548],[129.7265,33.1548],[129.7271,33.1549],[129.7275,33.155],[129.7275,33.155],[129.7276,33.155],[129.7276,33.1551],[129.7283,33.1552],[129.7283,33.1552],[129.7283,33.1552],[129.7283,33.1552],[129.7287,33.1553],[129.7288,33.1553],[129.7292,33.1559],[129.7293,33.1559],[129.7294,33.1558],[129.7295,33.1558],[129.7296,33.156],[129.7297,33.1561],[129.7298,33.1563],[129.7298,33.1564],[129.7298,33.1564],[129.7298,33.1565],[129.7298,33.157],[129.7297,33.1573],[129.7297,33.1573],[129.7297,33.1574],[129.7296,33.1576],[129.7298,33.1576],[129.7298,33.1577],[129.7297,33.1577],[129.7296,33.1577],[129.7296,33.1577],[129.7296,33.1577],[129.7294,33.158],[129.7293,33.1583],[129.7293,33.1583],[129.7292,33.1583],[129.7291,33.1586],[129.7289,33.1588],[129.7289,33.1589],[129.7289,33.159],[129.7288,33.159],[129.7283,33.1587],[129.7283,33.1587],[129.7282,33.1587],[129.7282,33.1587],[129.7282,33.1587],[129.7281,33.1587],[129.7281,33.1586],[129.7281,33.1586],[129.7281,33.1586],[129.7276,33.1589],[129.727,33.1593],[129.7269,33.1593],[129.7267,33.159],[129.7267,33.159],[129.7267,33.159],[129.7267,33.159],[129.7264,33.1587],[129.7262,33.1585],[129.7261,33.1584],[129.7262,33.1583],[129.7263,33.1583],[129.7266,33.1581],[129.7269,33.1579],[129.7269,33.1579],[129.7269,33.1578],[129.7269,33.1578],[129.7269,33.1578],[129.7269,33.1578],[129.7273,33.1575],[129.7274,33.1575],[129.7275,33.1574],[129.7277,33.1574],[129.7277,33.1574],[129.7277,33.1574],[129.7277,33.1573],[129.7277,33.1572],[129.7277,33.1572],[129.7277,33.1571],[129.7277,33.1571],[129.7277,33.1571],[129.7277,33.1571],[129.7277,33.157],[129.7276,33.157],[129.7276,33.157],[129.7276,33.157],[129.7272,33.1571],[129.7272,33.157],[129.7272,33.157],[129.7272,33.1571],[129.7272,33.1571],[129.7272,33.157],[129.7271,33.157],[129.7272,33.1571],[129.7271,33.1571],[129.7271,33.1571],[129.7271,33.1571],[129.7271,33.1571],[129.727,33.1571],[129.727,33.1571],[129.727,33.1571],[129.727,33.1571],[129.727,33.1571],[129.727,33.1571],[129.7269,33.1571],[129.7269,33.1571],[129.7269,33.1571],[129.7268,33.1571],[129.7268,33.1571],[129.7268,33.1571],[129.7268,33.1572],[129.7268,33.1571],[129.7267,33.1571],[129.7268,33.1572],[129.7267,33.1572],[129.7267,33.1571],[129.726,33.1572],[129.7253,33.1573],[129.725,33.1574],[129.7246,33.1575],[129.7239,33.1576],[129.7236,33.1576],[129.7237,33.1577],[129.7242,33.1576],[129.7242,33.1576],[129.7243,33.1576],[129.7243,33.1576],[129.7238,33.1579],[129.7238,33.1579],[129.7238,33.158],[129.7238,33.158],[129.7237,33.1581],[129.7237,33.1581],[129.7237,33.1581],[129.7237,33.1581],[129.7238,33.1582],[129.7238,33.1582],[129.7238,33.1582],[129.7239,33.1582],[129.7238,33.1583],[129.7239,33.1583],[129.7243,33.1588],[129.7248,33.1592],[129.725,33.1595],[129.7251,33.1596],[129.7258,33.1603],[129.726,33.1605],[129.7258,33.1606],[129.7257,33.1607],[129.7257,33.1607],[129.7257,33.1607],[129.7257,33.1609],[129.7257,33.1611],[129.7257,33.1612],[129.7258,33.1613],[129.7258,33.1613],[129.7258,33.1614],[129.7259,33.1615],[129.7259,33.1616],[129.7259,33.1616],[129.7259,33.1616],[129.7257,33.1617],[129.7254,33.1621],[129.725,33.1627],[129.7247,33.163],[129.7246,33.1632],[129.7241,33.1639],[129.724,33.1641],[129.724,33.1641],[129.7238,33.1643],[129.7238,33.1642],[129.7231,33.1638],[129.7231,33.1638],[129.723,33.1638],[129.723,33.1637],[129.7226,33.1635],[129.7223,33.1633],[129.7223,33.1633],[129.7226,33.1629],[129.7228,33.1628],[129.7229,33.1626],[129.7231,33.1624],[129.7231,33.1624],[129.7231,33.1624],[129.7231,33.1624],[129.7233,33.1622],[129.7233,33.1621],[129.7234,33.1621],[129.7234,33.162],[129.7234,33.162],[129.7234,33.162],[129.7234,33.162],[129.7233,33.162],[129.7233,33.1608],[129.7232,33.1608],[129.7231,33.1618],[129.7231,33.1618],[129.7231,33.1619],[129.7231,33.1619],[129.7231,33.1619],[129.7231,33.1619],[129.7231,33.1619],[129.7231,33.1621],[129.7231,33.1621],[129.7231,33.1619],[129.7231,33.1619],[129.723,33.1619],[129.723,33.1619],[129.723,33.1621],[129.723,33.162],[129.723,33.162],[129.7229,33.162],[129.7222,33.1619],[129.722,33.1621],[129.7217,33.1625],[129.7211,33.1632],[129.7216,33.1634],[129.7215,33.1635],[129.7213,33.1637],[129.7213,33.1637],[129.7209,33.1634],[129.7208,33.1634],[129.7204,33.1639],[129.7204,33.1639],[129.7204,33.1639],[129.7203,33.1639],[129.7202,33.1641],[129.7201,33.1642],[129.7198,33.1646],[129.7198,33.1646],[129.7197,33.1647],[129.7194,33.1651],[129.7192,33.1655],[129.7191,33.1655],[129.719,33.1658],[129.7193,33.1659],[129.7194,33.166],[129.7201,33.1664],[129.72,33.1665],[129.72,33.1666],[129.72,33.1666],[129.7193,33.1665],[129.7193,33.1664],[129.719,33.1664],[129.719,33.1664],[129.7191,33.1664],[129.7191,33.1663],[129.7191,33.1663],[129.719,33.1662],[129.719,33.1664],[129.7189,33.1664],[129.7189,33.1662],[129.7188,33.1662],[129.7188,33.1663],[129.7188,33.1663],[129.7188,33.1663],[129.7188,33.1663],[129.7188,33.1664],[129.7188,33.1665],[129.7188,33.1665],[129.7187,33.1669],[129.7187,33.1671],[129.7187,33.1673],[129.7187,33.1676],[129.7187,33.168],[129.7186,33.168],[129.7187,33.1681],[129.7185,33.1681],[129.7182,33.1682],[129.7182,33.1682],[129.7181,33.1675],[129.7181,33.1673],[129.718,33.167],[129.7181,33.1664],[129.7181,33.1663],[129.7181,33.1661],[129.7183,33.1656],[129.7184,33.1653],[129.7186,33.1651],[129.7188,33.1647],[129.719,33.1645],[129.7191,33.1644],[129.7195,33.1639],[129.7195,33.1639],[129.7199,33.1635],[129.7208,33.1625],[129.7207,33.1624],[129.7208,33.1624],[129.7208,33.1624],[129.7209,33.1623],[129.7209,33.1622],[129.7209,33.1621],[129.7209,33.1621],[129.7209,33.1621],[129.7207,33.162],[129.7201,33.1617],[129.7201,33.1617],[129.7201,33.1617],[129.72,33.1617],[129.7192,33.1613],[129.7192,33.1613],[129.7192,33.1612],[129.7192,33.1612],[129.719,33.1612],[129.7186,33.1611],[129.7182,33.161],[129.7182,33.161],[129.7182,33.161],[129.7182,33.161],[129.7181,33.161],[129.718,33.1614],[129.7179,33.1614],[129.7179,33.1614],[129.718,33.1615],[129.7179,33.1616],[129.7178,33.1616],[129.7178,33.1617],[129.7179,33.1617],[129.7179,33.1619],[129.7177,33.1618],[129.7177,33.1619],[129.7178,33.1619],[129.7178,33.1621],[129.7178,33.1621],[129.7178,33.1622],[129.7178,33.1622],[129.7178,33.1622],[129.7179,33.1622],[129.7179,33.1622],[129.7179,33.1622],[129.7179,33.1622],[129.7183,33.1623],[129.7182,33.1624],[129.7182,33.1624],[129.7182,33.1625],[129.7182,33.1625],[129.7181,33.1627],[129.718,33.1633],[129.7179,33.1633],[129.7179,33.1635],[129.7177,33.164],[129.7177,33.164],[129.7177,33.1641],[129.7177,33.1641],[129.7177,33.1642],[129.7177,33.1642],[129.7177,33.1642],[129.7177,33.1642],[129.7176,33.1643],[129.7177,33.1643],[129.7177,33.1643],[129.7176,33.1645],[129.7175,33.1647],[129.7175,33.1649],[129.7175,33.1649],[129.7173,33.1655],[129.7174,33.1655],[129.7174,33.1657],[129.7173,33.1657],[129.7172,33.1658],[129.7172,33.1658],[129.7172,33.166],[129.7172,33.166],[129.7172,33.166],[129.7171,33.1663],[129.717,33.1665],[129.717,33.1665],[129.7169,33.1666],[129.7169,33.1666],[129.7167,33.1666],[129.7165,33.1666],[129.7159,33.1667],[129.7158,33.1666],[129.7157,33.1666],[129.7157,33.1667],[129.7157,33.1667],[129.7155,33.1667],[129.7145,33.1667],[129.7145,33.1667],[129.7144,33.1667],[129.7144,33.1667],[129.7144,33.1665],[129.7144,33.1665],[129.7143,33.1665],[129.7143,33.1665],[129.7142,33.1665],[129.7142,33.1667],[129.7142,33.1667],[129.7141,33.1667],[129.7135,33.1668],[129.7135,33.1667],[129.7135,33.1666],[129.7135,33.1666],[129.7133,33.1666],[129.7133,33.1666],[129.7133,33.1666],[129.7133,33.1666],[129.7129,33.1666],[129.7129,33.1668],[129.7128,33.1668],[129.7128,33.1668],[129.7126,33.1668],[129.7126,33.1668],[129.7123,33.1669],[129.7119,33.1667],[129.7115,33.1665],[129.7115,33.1664],[129.7115,33.1664],[129.7114,33.1665],[129.7113,33.1664],[129.7112,33.1664],[129.7112,33.1664],[129.7112,33.1663],[129.7113,33.166],[129.7115,33.166],[129.7115,33.166],[129.7113,33.1659],[129.7114,33.1658],[129.7114,33.1658],[129.7114,33.1658],[129.7117,33.1656],[129.7116,33.1655],[129.7117,33.1655],[129.7117,33.1655],[129.7118,33.1655],[129.712,33.1653],[129.712,33.1653],[129.7123,33.1652],[129.7123,33.1652],[129.7124,33.1652],[129.7124,33.1652],[129.7127,33.1651],[129.7127,33.1651],[129.7127,33.1651],[129.7127,33.1651],[129.7128,33.1651],[129.7129,33.1651],[129.7129,33.1651],[129.7127,33.165],[129.7128,33.1649],[129.7129,33.165],[129.713,33.165],[129.7128,33.1649],[129.7129,33.1648],[129.7126,33.1647],[129.7126,33.1646],[129.7126,33.1646],[129.7124,33.1645],[129.7124,33.1645],[129.7124,33.1645],[129.7124,33.1645],[129.7124,33.1645],[129.7124,33.1644],[129.7124,33.1642],[129.7118,33.164],[129.712,33.1634],[129.7121,33.1634],[129.7121,33.1634],[129.712,33.1633],[129.7123,33.1621],[129.7124,33.1618],[129.7124,33.1618],[129.7127,33.161],[129.7127,33.1607],[129.7121,33.1607],[129.7121,33.1607],[129.712,33.1607],[129.712,33.1607],[129.7119,33.1607],[129.7119,33.1607],[129.7119,33.1607],[129.7119,33.1607],[129.7119,33.1607],[129.7119,33.1607],[129.7118,33.1607],[129.7119,33.1606],[129.7119,33.1606],[129.7125,33.1589],[129.7123,33.1589],[129.7117,33.1605],[129.7118,33.1605],[129.7117,33.1607],[129.7113,33.1607],[129.7113,33.1607],[129.7113,33.1607],[129.7106,33.1607],[129.7106,33.1607],[129.7106,33.1607],[129.7106,33.1606],[129.7104,33.1606],[129.7104,33.1607],[129.7105,33.1607],[129.7105,33.1608],[129.7105,33.1608],[129.7105,33.1607],[129.7104,33.1607],[129.7103,33.161],[129.7102,33.161],[129.7103,33.161],[129.7103,33.1611],[129.7102,33.1611],[129.7101,33.1614],[129.7101,33.1614],[129.7101,33.1615],[129.7101,33.1615],[129.7099,33.1618],[129.7098,33.1617],[129.7097,33.1618],[129.7108,33.1622],[129.7112,33.1623],[129.7112,33.1623],[129.7112,33.1625],[129.7109,33.1631],[129.7107,33.1636],[129.7105,33.1641],[129.7103,33.1646],[129.7101,33.1649],[129.7099,33.1654],[129.7098,33.1654],[129.7099,33.1654],[129.7095,33.1653],[129.7085,33.165],[129.7083,33.1649],[129.7079,33.1648],[129.7075,33.1647],[129.7073,33.1646],[129.7067,33.1644],[129.706,33.1642],[129.706,33.1642],[129.7057,33.1641],[129.7051,33.1639],[129.7047,33.1638],[129.7042,33.1636],[129.7042,33.1637],[129.7041,33.1636],[129.7043,33.1632],[129.7044,33.1629],[129.7045,33.1628],[129.7046,33.1624],[129.7048,33.1621],[129.705,33.1616],[129.7052,33.1611],[129.7053,33.1609],[129.7054,33.1605],[129.7073,33.1611],[129.708,33.1613],[129.708,33.1612],[129.7079,33.1612],[129.7082,33.1605],[129.7083,33.1602],[129.7084,33.1601],[129.7083,33.1601],[129.7083,33.1601],[129.7083,33.1601],[129.7077,33.16],[129.7071,33.1598],[129.7071,33.1597],[129.7073,33.1597],[129.7073,33.1596],[129.7069,33.1595],[129.7069,33.1596],[129.7069,33.1597],[129.7069,33.1597],[129.7068,33.1597],[129.7065,33.1596],[129.7065,33.1596],[129.7065,33.1596],[129.7065,33.1595],[129.7064,33.1595],[129.7064,33.1595],[129.7064,33.1595],[129.7064,33.1596],[129.7064,33.1596],[129.7064,33.1595],[129.7064,33.1595],[129.7065,33.1594],[129.7063,33.1593],[129.7063,33.1594],[129.7063,33.1594],[129.7063,33.1595],[129.7063,33.1595],[129.7063,33.1595],[129.7057,33.1593],[129.7057,33.1593],[129.7056,33.1593],[129.7056,33.1593],[129.7053,33.1592],[129.7053,33.1592],[129.7053,33.1592],[129.7047,33.1595],[129.7046,33.1598],[129.7046,33.1598],[129.7046,33.1598],[129.7046,33.1598],[129.7046,33.1599],[129.7046,33.1599],[129.7045,33.1599],[129.7046,33.1599],[129.7046,33.16],[129.7046,33.16],[129.7045,33.1602],[129.7044,33.1602],[129.7044,33.1602],[129.7044,33.1602],[129.7044,33.1602],[129.7044,33.1602],[129.7044,33.1602],[129.7044,33.1602],[129.7043,33.1606],[129.7044,33.1606],[129.7044,33.1606],[129.7045,33.1606],[129.7045,33.1608],[129.7044,33.1608],[129.7044,33.1609],[129.7045,33.1609],[129.7045,33.161],[129.7044,33.1616],[129.7043,33.1616],[129.7043,33.1617],[129.7043,33.1617],[129.7043,33.1618],[129.7043,33.1618],[129.7042,33.162],[129.7042,33.162],[129.7042,33.1622],[129.7042,33.1622],[129.7041,33.1625],[129.704,33.1625],[129.704,33.1625],[129.7036,33.1625],[129.7032,33.1625],[129.7032,33.1625],[129.703,33.1625],[129.703,33.1625],[129.7027,33.1624],[129.7025,33.1624],[129.7024,33.1623],[129.7024,33.1623],[129.7024,33.1623],[129.7023,33.1623],[129.7023,33.1623],[129.7023,33.1623],[129.7022,33.1623],[129.7021,33.1623],[129.702,33.1625],[129.702,33.1625],[129.7019,33.1626],[129.7019,33.1626],[129.7019,33.1627],[129.7019,33.1627],[129.7019,33.1627],[129.7019,33.1627],[129.7019,33.1627],[129.7019,33.1627],[129.7019,33.1628],[129.7016,33.1633],[129.7015,33.1633],[129.7015,33.1632],[129.7015,33.1632],[129.7015,33.1632],[129.7014,33.1632],[129.7014,33.1632],[129.7014,33.1632],[129.7014,33.1632],[129.7013,33.1632],[129.7013,33.1631],[129.7014,33.1631],[129.7013,33.1631],[129.701,33.163],[129.7009,33.1629],[129.7002,33.1623],[129.7001,33.1623],[129.7001,33.1622],[129.7001,33.1622],[129.6999,33.1621],[129.7,33.162],[129.7001,33.1622],[129.7001,33.1622],[129.7002,33.1622],[129.7003,33.1622],[129.7005,33.1622],[129.7004,33.162],[129.7004,33.1619],[129.7002,33.1618],[129.6999,33.162],[129.7,33.162],[129.6999,33.1621],[129.6999,33.162],[129.7002,33.1617],[129.7002,33.1617],[129.7002,33.1617],[129.7001,33.1617],[129.7,33.1615],[129.7,33.1615],[129.6997,33.1612],[129.6997,33.1612],[129.6996,33.1611],[129.6994,33.1611],[129.6993,33.1611],[129.6991,33.1605],[129.6991,33.1604],[129.6991,33.1604],[129.699,33.1604],[129.699,33.1604],[129.6989,33.1604],[129.6989,33.1601],[129.699,33.1599],[129.699,33.1597],[129.6991,33.1595],[129.6991,33.1595],[129.6992,33.1593],[129.6993,33.1593],[129.6993,33.1593],[129.6993,33.1593],[129.6994,33.1593],[129.6994,33.1593],[129.6994,33.1593],[129.6999,33.1594],[129.6999,33.1593],[129.6999,33.1593],[129.6997,33.1592],[129.6994,33.1592],[129.6991,33.1591],[129.6987,33.159],[129.6984,33.1589],[129.698,33.1588],[129.6977,33.1588],[129.6975,33.1588],[129.6973,33.1589],[129.6971,33.159],[129.697,33.1591],[129.6969,33.1594],[129.6968,33.1595],[129.6966,33.1594],[129.6964,33.1594],[129.6963,33.1592],[129.6962,33.1592],[129.6962,33.1591],[129.6962,33.159],[129.6962,33.1589],[129.6961,33.1587],[129.6958,33.1582],[129.6957,33.1581],[129.6956,33.1581],[129.6956,33.158],[129.6956,33.1578],[129.6955,33.1576],[129.6955,33.1575],[129.6956,33.1573],[129.6957,33.1571],[129.6957,33.157],[129.6957,33.1568],[129.6957,33.1567],[129.6955,33.1567],[129.6954,33.1566],[129.6953,33.1566],[129.6952,33.1567],[129.6951,33.1567],[129.6949,33.1565],[129.6948,33.1565],[129.6948,33.1566],[129.6946,33.1567],[129.6945,33.1568],[129.6944,33.1568],[129.6943,33.1568],[129.6943,33.1567],[129.6942,33.1566],[129.6941,33.1565],[129.694,33.1564],[129.6938,33.1564],[129.6933,33.1562],[129.6931,33.1564],[129.693,33.1566],[129.693,33.1567],[129.6928,33.1569],[129.6927,33.1571],[129.6925,33.157],[129.6923,33.1568],[129.6922,33.1568],[129.692,33.1568],[129.6919,33.1567],[129.6918,33.1566],[129.6916,33.1566],[129.6915,33.1566],[129.6914,33.1566],[129.6914,33.1566],[129.6914,33.1565],[129.6914,33.1564],[129.6907,33.1557],[129.6903,33.1559],[129.69,33.156],[129.6896,33.1561],[129.6889,33.156],[129.6883,33.1559],[129.6881,33.1561],[129.688,33.1564],[129.688,33.1565],[129.688,33.1569],[129.6882,33.1571],[129.6883,33.1572],[129.6884,33.1572],[129.6887,33.1572],[129.6887,33.1573],[129.6888,33.1578],[129.6888,33.158],[129.6887,33.1581],[129.6886,33.1582],[129.6886,33.1582],[129.6885,33.1583],[129.6885,33.1584],[129.6885,33.1585],[129.6886,33.1586],[129.6886,33.1586],[129.6887,33.1587],[129.6888,33.1587],[129.6889,33.1587],[129.689,33.1586],[129.6892,33.1585],[129.6894,33.1584],[129.6894,33.1586],[129.6894,33.1586],[129.6895,33.1587],[129.6895,33.1588],[129.6896,33.1588],[129.6897,33.1589],[129.69,33.1591],[129.69,33.1592],[129.6904,33.1593],[129.6904,33.1594],[129.6905,33.1595],[129.6906,33.1597],[129.6905,33.1599],[129.6904,33.16],[129.6904,33.1601],[129.6905,33.1602],[129.6905,33.1603],[129.6906,33.1604],[129.6908,33.1605],[129.6908,33.1605],[129.6908,33.1607],[129.6908,33.1608],[129.6907,33.161],[129.6905,33.1611],[129.6904,33.1612],[129.6903,33.1613],[129.6902,33.1613],[129.6901,33.1611],[129.6898,33.1613],[129.6899,33.1614],[129.6895,33.1615],[129.6895,33.1613],[129.6894,33.1612],[129.6893,33.1612],[129.6891,33.1612],[129.6888,33.1611],[129.6886,33.161],[129.6883,33.161],[129.6882,33.1609],[129.688,33.1609],[129.6878,33.1608],[129.6877,33.1607],[129.6877,33.1606],[129.6877,33.1606],[129.6877,33.1605],[129.6876,33.1604],[129.6876,33.1603],[129.6878,33.1601],[129.6877,33.16],[129.6876,33.16],[129.6875,33.16],[129.6874,33.16],[129.6875,33.1599],[129.6876,33.1598],[129.6876,33.1597],[129.6876,33.1596],[129.6872,33.1596],[129.6872,33.1597],[129.6871,33.1598],[129.687,33.1599],[129.6868,33.1601],[129.6866,33.1601],[129.6865,33.1602],[129.6864,33.1602],[129.6863,33.1602],[129.6862,33.1602],[129.6861,33.1602],[129.686,33.1602],[129.6859,33.1603],[129.6857,33.1604],[129.6854,33.1605],[129.6855,33.161],[129.6855,33.161],[129.6856,33.1609],[129.6857,33.1609],[129.6858,33.1609],[129.6859,33.1609],[129.6861,33.1609],[129.6861,33.1609],[129.6862,33.161],[129.6867,33.1608],[129.6868,33.1609],[129.6868,33.161],[129.6868,33.1611],[129.6868,33.1611],[129.6867,33.1612],[129.6868,33.1613],[129.6868,33.1617],[129.6868,33.1618],[129.6869,33.162],[129.687,33.1621],[129.6871,33.1622],[129.6872,33.1623],[129.6873,33.1624],[129.6873,33.1624],[129.6873,33.1625],[129.6874,33.1625],[129.6874,33.1626],[129.6874,33.1627],[129.6874,33.163],[129.6872,33.1631],[129.6871,33.1631],[129.687,33.1632],[129.6869,33.1632],[129.6868,33.1634],[129.6867,33.1635],[129.6867,33.1638],[129.6867,33.164],[129.6858,33.1636],[129.6858,33.1636],[129.6856,33.1635],[129.6856,33.1634],[129.6856,33.1634],[129.6855,33.1633],[129.6853,33.1632],[129.6853,33.1632],[129.6853,33.163],[129.6853,33.1629],[129.685,33.1627],[129.6848,33.1628],[129.6848,33.1629],[129.6846,33.1629],[129.6845,33.1629],[129.6837,33.1628],[129.6837,33.1629],[129.6837,33.163],[129.6837,33.1631],[129.6838,33.1633],[129.6838,33.1635],[129.6838,33.1638],[129.6838,33.164],[129.6838,33.1641],[129.6838,33.1642],[129.684,33.1644],[129.6842,33.1645],[129.6845,33.1647],[129.6845,33.1648],[129.6845,33.1648],[129.6845,33.165],[129.6847,33.1651],[129.6851,33.1653],[129.6855,33.1655],[129.6857,33.1657],[129.6858,33.1658],[129.6859,33.166],[129.6859,33.1662],[129.6866,33.1659],[129.6866,33.1659],[129.6883,33.1659],[129.6887,33.1665],[129.6888,33.1666],[129.6889,33.1668],[129.6889,33.167],[129.6889,33.1671],[129.6889,33.1672],[129.6889,33.1674],[129.689,33.1673],[129.6891,33.1673],[129.6892,33.1674],[129.6893,33.1674],[129.6894,33.1674],[129.6896,33.1677],[129.6897,33.1678],[129.6898,33.1679],[129.6897,33.1679],[129.6896,33.1679],[129.6893,33.1679],[129.6892,33.1679],[129.689,33.168],[129.6897,33.1685],[129.6901,33.1685],[129.6903,33.1686],[129.6906,33.1688],[129.6909,33.1689],[129.6911,33.1689],[129.6912,33.1688],[129.6913,33.1687],[129.6914,33.1685],[129.6915,33.1683],[129.6916,33.1681],[129.6918,33.1681],[129.6919,33.1681],[129.6919,33.1681],[129.692,33.1681],[129.692,33.1681],[129.692,33.168],[129.692,33.1679],[129.6919,33.1678],[129.6916,33.1677],[129.6907,33.1672],[129.6909,33.1671],[129.691,33.167],[129.6911,33.1669],[129.6913,33.1667],[129.6914,33.1667],[129.6916,33.1667],[129.6917,33.1667],[129.6919,33.1668],[129.6922,33.1667],[129.6923,33.166],[129.6921,33.1661],[129.6921,33.166],[129.692,33.166],[129.692,33.1659],[129.692,33.1655],[129.692,33.1653],[129.6921,33.1651],[129.6925,33.1641],[129.6923,33.164],[129.692,33.1642],[129.6917,33.1643],[129.6915,33.1643],[129.6911,33.1644],[129.691,33.1644],[129.6909,33.1644],[129.6907,33.1643],[129.6904,33.1642],[129.6902,33.1642],[129.6901,33.1642],[129.6899,33.1642],[129.6897,33.1642],[129.6896,33.1641],[129.6896,33.1638],[129.6895,33.1635],[129.6893,33.163],[129.6893,33.1628],[129.6892,33.1624],[129.6892,33.1623],[129.6892,33.1622],[129.6893,33.162],[129.6894,33.1619],[129.6894,33.1618],[129.6896,33.1617],[129.6897,33.1618],[129.6898,33.1619],[129.6899,33.1619],[129.6902,33.1617],[129.6904,33.1617],[129.6906,33.1617],[129.6908,33.1617],[129.691,33.1614],[129.6912,33.1614],[129.6913,33.1614],[129.6915,33.1613],[129.6915,33.1613],[129.6915,33.1612],[129.6916,33.1613],[129.6916,33.1614],[129.6916,33.1614],[129.6916,33.1615],[129.6916,33.1615],[129.6918,33.1615],[129.6919,33.1615],[129.6921,33.1615],[129.6922,33.1614],[129.6923,33.1614],[129.6924,33.1615],[129.6925,33.1617],[129.6926,33.1619],[129.6927,33.162],[129.6925,33.1618],[129.6923,33.1618],[129.6919,33.1618],[129.6915,33.1619],[129.6914,33.1619],[129.6912,33.162],[129.6911,33.1621],[129.691,33.1621],[129.6908,33.1622],[129.6908,33.1623],[129.6905,33.1625],[129.6906,33.1625],[129.6906,33.1626],[129.6907,33.1626],[129.6908,33.1626],[129.6909,33.1626],[129.691,33.1627],[129.6911,33.1627],[129.6912,33.1627],[129.6914,33.1628],[129.6914,33.1628],[129.6917,33.1629],[129.6919,33.1629],[129.6919,33.163],[129.692,33.163],[129.6922,33.1628],[129.6923,33.1627],[129.6923,33.1626],[129.6925,33.1626],[129.6928,33.1627],[129.6928,33.1627],[129.6929,33.1628],[129.693,33.1627],[129.6931,33.1627],[129.6931,33.1625],[129.6931,33.1623],[129.6932,33.1621],[129.6934,33.162],[129.6936,33.1619],[129.6937,33.1618],[129.6938,33.1618],[129.6939,33.1618],[129.694,33.1618],[129.6941,33.1619],[129.6941,33.1619],[129.6942,33.1618],[129.6944,33.1616],[129.6945,33.1615],[129.6946,33.1615],[129.695,33.1612],[129.6951,33.1612],[129.6952,33.1614],[129.6953,33.1616],[129.6953,33.1617],[129.6953,33.1619],[129.6954,33.1621],[129.6955,33.1624],[129.6958,33.1631],[129.696,33.1635],[129.6962,33.1637],[129.6963,33.1638],[129.6965,33.164],[129.6968,33.1641],[129.6971,33.1642],[129.6973,33.1643],[129.6976,33.1644],[129.6979,33.1645],[129.6975,33.1649],[129.6976,33.165],[129.6978,33.1654],[129.6977,33.1654],[129.6974,33.1656],[129.6972,33.1657],[129.6967,33.1658],[129.6966,33.1659],[129.6965,33.1661],[129.6965,33.1662],[129.6965,33.1663],[129.6965,33.1664],[129.6965,33.1664],[129.6965,33.1665],[129.6965,33.1665],[129.6965,33.1666],[129.6965,33.1667],[129.6966,33.1667],[129.6965,33.1669],[129.6965,33.1669],[129.6965,33.167],[129.6966,33.167],[129.6967,33.1672],[129.6968,33.1673],[129.6971,33.168],[129.6972,33.1682],[129.6973,33.1683],[129.6974,33.1683],[129.6976,33.1683],[129.698,33.1683],[129.6981,33.1682],[129.6982,33.1681],[129.6982,33.1681],[129.6983,33.1681],[129.6983,33.1681],[129.6983,33.168],[129.6983,33.1678],[129.6984,33.1677],[129.6984,33.1676],[129.6983,33.1674],[129.6982,33.1674],[129.6981,33.1674],[129.698,33.1673],[129.698,33.1673],[129.698,33.1672],[129.6982,33.1672],[129.6983,33.1672],[129.6984,33.1672],[129.6986,33.1671],[129.6988,33.167],[129.6987,33.1672],[129.6987,33.1673],[129.6988,33.1673],[129.6988,33.1674],[129.699,33.1675],[129.6991,33.1676],[129.6992,33.1678],[129.6993,33.168],[129.6998,33.1684],[129.6999,33.1684],[129.6999,33.1684],[129.7,33.1684],[129.7001,33.1683],[129.7001,33.1683],[129.7002,33.1683],[129.7003,33.1683],[129.7003,33.1683],[129.7004,33.1684],[129.7004,33.1684],[129.7004,33.1682],[129.7005,33.1681],[129.7006,33.1679],[129.7008,33.1676],[129.7008,33.1675],[129.7008,33.1673],[129.7011,33.1673],[129.7011,33.1673],[129.7011,33.1674],[129.7011,33.1675],[129.7012,33.1675],[129.7012,33.1676],[129.7011,33.1678],[129.7011,33.1679],[129.7009,33.168],[129.7009,33.1682],[129.7007,33.1683],[129.7005,33.1685],[129.7005,33.1686],[129.7005,33.1687],[129.7005,33.1688],[129.7006,33.1689],[129.7006,33.169],[129.7006,33.1691],[129.7005,33.1692],[129.7004,33.1692],[129.7004,33.1692],[129.7004,33.1693],[129.7004,33.1693],[129.7004,33.1693],[129.7003,33.1693],[129.7003,33.1694],[129.7002,33.1694],[129.7002,33.1695],[129.7003,33.1695],[129.7003,33.1696],[129.7004,33.1697],[129.7005,33.1697],[129.7005,33.1697],[129.7006,33.1698],[129.7006,33.1699],[129.7007,33.1701],[129.7008,33.1701],[129.7011,33.1698],[129.7011,33.1698],[129.7013,33.1698],[129.7015,33.1698],[129.7016,33.1698],[129.7014,33.1699],[129.7015,33.17],[129.7016,33.1701],[129.7016,33.1701],[129.7016,33.1702],[129.7016,33.1702],[129.7017,33.1703],[129.7017,33.1703],[129.7016,33.1703],[129.7016,33.1703],[129.7015,33.1703],[129.7015,33.1703],[129.7015,33.1704],[129.7015,33.1704],[129.7015,33.1705],[129.7016,33.1705],[129.7017,33.1706],[129.7018,33.1706],[129.7019,33.1706],[129.7019,33.1709],[129.702,33.1709],[129.7022,33.171],[129.7024,33.1711],[129.7026,33.1711],[129.7028,33.171],[129.7029,33.171],[129.7031,33.1709],[129.7033,33.1711],[129.7034,33.1711],[129.7034,33.1711],[129.7035,33.1712],[129.7036,33.1713],[129.7036,33.1715],[129.7036,33.1716],[129.7036,33.1716],[129.7037,33.1717],[129.7039,33.1717],[129.704,33.1718],[129.704,33.1718],[129.704,33.1719],[129.704,33.1719],[129.7041,33.1719],[129.7043,33.172],[129.7044,33.1721],[129.7045,33.1722],[129.7046,33.1723],[129.7047,33.1724],[129.7048,33.1726],[129.7049,33.1729],[129.705,33.1731],[129.705,33.1732],[129.7051,33.1733],[129.7052,33.1733],[129.7053,33.1734],[129.7055,33.1734],[129.7057,33.1733],[129.7061,33.1731],[129.7062,33.173],[129.7064,33.1729],[129.7066,33.1728],[129.7067,33.1728],[129.7068,33.1728],[129.7068,33.1728],[129.7069,33.1727],[129.707,33.1726],[129.7071,33.1726],[129.7072,33.1725],[129.7073,33.1724],[129.7074,33.1724],[129.7074,33.1723],[129.7075,33.1722],[129.7075,33.1721],[129.7075,33.1721],[129.7075,33.1721],[129.7076,33.172],[129.7076,33.172],[129.7075,33.1719],[129.7075,33.1719],[129.7075,33.1718],[129.7075,33.1718],[129.7075,33.1717],[129.7075,33.1717],[129.7076,33.1716],[129.7076,33.1716],[129.7076,33.1716],[129.7077,33.1715],[129.7078,33.1714],[129.7078,33.1714],[129.708,33.1713],[129.7081,33.1713],[129.7082,33.1711],[129.7083,33.171],[129.7085,33.1709],[129.7085,33.1709],[129.7086,33.1709],[129.7086,33.1709],[129.7086,33.171],[129.7086,33.1711],[129.7085,33.1711],[129.7084,33.1712],[129.7084,33.1713],[129.7085,33.1714],[129.7085,33.1715],[129.7086,33.1715],[129.7085,33.1716],[129.7083,33.1718],[129.7083,33.1718],[129.7082,33.1719],[129.7081,33.1721],[129.7081,33.1723],[129.7079,33.1724],[129.7078,33.1725],[129.7078,33.1725],[129.7077,33.1726],[129.7076,33.1726],[129.7075,33.1727],[129.7075,33.1727],[129.7075,33.1728],[129.7076,33.1728],[129.7074,33.173],[129.7075,33.1731],[129.7076,33.1731],[129.7076,33.1733],[129.7075,33.1734],[129.7075,33.1735],[129.7074,33.1737],[129.7073,33.1738],[129.7072,33.1739],[129.7072,33.174],[129.7072,33.1741],[129.7071,33.1743],[129.7074,33.174],[129.7075,33.174],[129.7076,33.1739],[129.7079,33.1738],[129.7078,33.1739],[129.7078,33.174],[129.7077,33.174],[129.7076,33.1741],[129.7076,33.1741],[129.7077,33.1743],[129.7076,33.1743],[129.7075,33.1744],[129.7075,33.1744],[129.7073,33.1744],[129.7072,33.1744],[129.7071,33.1744],[129.707,33.1744],[129.7069,33.1744],[129.7068,33.1744],[129.7068,33.1745],[129.7067,33.1749],[129.7067,33.1749],[129.7067,33.175],[129.7068,33.175],[129.7069,33.175],[129.7071,33.1749],[129.7072,33.1749],[129.7074,33.1749],[129.7074,33.175],[129.7074,33.175],[129.7076,33.1753],[129.7077,33.1753],[129.7075,33.1754],[129.7075,33.1753],[129.7075,33.1753],[129.7074,33.1753],[129.7074,33.1753],[129.7073,33.1753],[129.7072,33.1753],[129.7071,33.1753],[129.7071,33.1753],[129.7071,33.1754],[129.7071,33.1755],[129.707,33.1754],[129.7069,33.1754],[129.7069,33.1754],[129.7067,33.1754],[129.7067,33.1754],[129.7065,33.1754],[129.7064,33.1755],[129.7063,33.1756],[129.7062,33.1756],[129.706,33.1756],[129.7057,33.1756],[129.7056,33.1756],[129.7057,33.1758],[129.7058,33.1758],[129.7059,33.1759],[129.706,33.1759],[129.7061,33.1759],[129.7062,33.1759],[129.7062,33.1759],[129.7064,33.176],[129.7065,33.176],[129.7065,33.1761],[129.7067,33.1761],[129.7068,33.1761],[129.7069,33.1761],[129.7071,33.1761],[129.7072,33.1761],[129.7073,33.1761],[129.7074,33.176],[129.7075,33.176],[129.7077,33.176],[129.7077,33.176],[129.7078,33.176],[129.7078,33.1761],[129.7079,33.1762],[129.708,33.1763],[129.708,33.1763],[129.7081,33.1763],[129.7081,33.1764],[129.7082,33.1764],[129.7082,33.1764],[129.7083,33.1764],[129.7084,33.1763],[129.7085,33.1762],[129.7089,33.176],[129.709,33.176],[129.7092,33.1761],[129.7093,33.1761],[129.7093,33.1763],[129.7091,33.1763],[129.709,33.1762],[129.7089,33.1765],[129.7088,33.1767],[129.7088,33.1768],[129.7087,33.1768],[129.7086,33.1768],[129.7086,33.1768],[129.7084,33.1768],[129.7084,33.1768],[129.7083,33.1769],[129.7081,33.1778],[129.7084,33.1779],[129.7086,33.1779],[129.7087,33.1779],[129.7087,33.1781],[129.7088,33.1783],[129.7091,33.1783],[129.7091,33.1783],[129.7093,33.1782],[129.7095,33.1781],[129.7097,33.178],[129.7098,33.1781],[129.7099,33.1783],[129.7102,33.1786],[129.7103,33.1787],[129.7103,33.1787],[129.7103,33.1787],[129.7103,33.1787],[129.7103,33.1788],[129.7103,33.1789],[129.7103,33.1789],[129.7103,33.1789],[129.7104,33.179],[129.7106,33.1789],[129.7106,33.179],[129.7107,33.179],[129.7108,33.1793],[129.7108,33.1795],[129.7107,33.1796],[129.7106,33.1797],[129.7105,33.1798],[129.7104,33.1799],[129.7103,33.1799],[129.7102,33.1799],[129.71,33.1799],[129.7099,33.1799],[129.7098,33.18],[129.7097,33.18],[129.7097,33.1801],[129.7097,33.1802],[129.7098,33.1802],[129.7099,33.1802],[129.71,33.1802],[129.71,33.1804],[129.7099,33.1805],[129.7098,33.1807],[129.71,33.1811],[129.7099,33.1811],[129.7099,33.1811],[129.71,33.1812],[129.71,33.1812],[129.71,33.1812],[129.7101,33.1812],[129.7101,33.1813],[129.71,33.1813],[129.71,33.1814],[129.71,33.1814],[129.7102,33.1814],[129.7103,33.1814],[129.7103,33.1814],[129.7104,33.1814],[129.7104,33.1814],[129.7104,33.1813],[129.7104,33.1812],[129.7105,33.1811],[129.7105,33.1811],[129.7106,33.1811],[129.7106,33.181],[129.7108,33.181],[129.7108,33.1811],[129.7108,33.1811],[129.7107,33.1812],[129.7108,33.1812],[129.7108,33.1812],[129.7108,33.1812],[129.7109,33.1814],[129.7109,33.1815],[129.711,33.1815],[129.711,33.1816],[129.711,33.1816],[129.711,33.1817],[129.711,33.1818],[129.7109,33.1818],[129.7109,33.1819],[129.7108,33.1819],[129.7106,33.182],[129.7105,33.1821],[129.7104,33.1822],[129.7104,33.1822],[129.7104,33.1823],[129.7105,33.1825],[129.7106,33.1824],[129.7107,33.1825],[129.7108,33.1825],[129.7109,33.1825],[129.711,33.1825],[129.711,33.1824],[129.7112,33.1824],[129.7113,33.1824],[129.7114,33.1824],[129.7115,33.1824],[129.7116,33.1824],[129.7117,33.1824],[129.7119,33.1824],[129.712,33.1824],[129.7121,33.1825],[129.7122,33.1825],[129.7124,33.1825],[129.7126,33.1825],[129.7128,33.1825],[129.713,33.1826],[129.7131,33.1826],[129.713,33.1828],[129.713,33.1828],[129.7128,33.1827],[129.7128,33.1827],[129.7126,33.1827],[129.7124,33.1827],[129.7121,33.1827],[129.7119,33.1827],[129.7117,33.1827],[129.7115,33.1827],[129.7113,33.1827],[129.7112,33.1827],[129.7111,33.1827],[129.7109,33.1828],[129.7108,33.1828],[129.7106,33.1829],[129.7103,33.183],[129.7102,33.1835],[129.7101,33.1835],[129.71,33.1835],[129.7099,33.1835],[129.7099,33.1835],[129.7099,33.1836],[129.71,33.1836],[129.7101,33.1836],[129.7101,33.1837],[129.7103,33.1837],[129.7103,33.1839],[129.7104,33.1839],[129.7105,33.1839],[129.7106,33.1839],[129.7108,33.1839],[129.7108,33.1839],[129.7108,33.1839],[129.7107,33.184],[129.7105,33.1841],[129.7105,33.1841],[129.7104,33.1842],[129.7104,33.1843],[129.7103,33.1844],[129.7101,33.1845],[129.7099,33.1846],[129.71,33.1846],[129.71,33.1846],[129.7101,33.1846],[129.7105,33.1852],[129.7108,33.1851],[129.7109,33.1852],[129.7109,33.1852],[129.7109,33.1853],[129.7108,33.1853],[129.7108,33.1853],[129.7109,33.1853],[129.7111,33.1853],[129.7112,33.1853],[129.7113,33.1853],[129.7116,33.1852],[129.7116,33.1852],[129.7117,33.1853],[129.7117,33.1853],[129.7117,33.1854],[129.7117,33.1854],[129.7115,33.1854],[129.7116,33.1855],[129.7117,33.1855],[129.7118,33.1856],[129.7119,33.1856],[129.7119,33.1856],[129.7119,33.1857],[129.7119,33.1858],[129.7119,33.1859],[129.7119,33.1859],[129.7118,33.1859],[129.7118,33.1859],[129.7117,33.1859],[129.7117,33.1859],[129.7117,33.1859],[129.7111,33.1859],[129.711,33.1859],[129.711,33.1862],[129.711,33.1867],[129.7111,33.1871],[129.7114,33.1871],[129.7113,33.1872],[129.7113,33.1873],[129.7113,33.1874],[129.7112,33.1874],[129.7112,33.1875],[129.7112,33.1875],[129.7113,33.1877],[129.7113,33.1878],[129.7113,33.1879],[129.7113,33.1879],[129.7113,33.188],[129.7113,33.1881],[129.7111,33.1881],[129.711,33.1881],[129.711,33.1881],[129.711,33.1882],[129.7108,33.1884],[129.7107,33.1884],[129.7106,33.1885],[129.7105,33.1886],[129.7104,33.1886],[129.7104,33.1887],[129.7103,33.1887],[129.7102,33.1888],[129.7102,33.1888],[129.7102,33.1889],[129.7101,33.1889],[129.7101,33.189],[129.7101,33.1891],[129.71,33.1893],[129.71,33.1893],[129.7099,33.1894],[129.7098,33.1895],[129.7097,33.1895],[129.7102,33.19],[129.7103,33.1901],[129.7104,33.1904],[129.7105,33.1904],[129.7105,33.1905],[129.7105,33.1905],[129.7105,33.1907],[129.7105,33.1908],[129.7103,33.1908],[129.7104,33.1909],[129.7105,33.191],[129.7105,33.191],[129.7105,33.1911],[129.7104,33.1913],[129.7102,33.1914],[129.7101,33.1915],[129.7098,33.1919],[129.71,33.1918],[129.7102,33.1916],[129.7104,33.1916],[129.7106,33.1915],[129.7109,33.1915],[129.7111,33.1915],[129.7113,33.1915],[129.7116,33.1912],[129.7118,33.1914],[129.7119,33.1915],[129.7122,33.1913],[129.7123,33.1912],[129.7125,33.1912],[129.7127,33.1912],[129.7129,33.1912],[129.7131,33.1913],[129.7131,33.1913],[129.7131,33.1914],[129.713,33.1915],[129.7129,33.1916],[129.7129,33.1916],[129.7129,33.1916],[129.7129,33.1917],[129.7129,33.1917],[129.7129,33.1918],[129.7129,33.192],[129.713,33.192],[129.713,33.1921],[129.7131,33.1922],[129.7132,33.1922],[129.7134,33.1923],[129.7135,33.1924],[129.7136,33.1925],[129.7137,33.1925],[129.7137,33.1926],[129.7137,33.1926],[129.7138,33.1928],[129.7138,33.1929],[129.7138,33.193],[129.7138,33.1933],[129.7138,33.1934],[129.7137,33.1936],[129.7137,33.1937],[129.7137,33.1938],[129.7138,33.1938],[129.7138,33.1938],[129.7156,33.1951],[129.7159,33.1951],[129.7159,33.1951],[129.716,33.1951],[129.7161,33.1952],[129.716,33.1953],[129.7165,33.1953],[129.7165,33.1956],[129.7165,33.1956],[129.7165,33.1957],[129.7165,33.1957],[129.7165,33.1958],[129.7165,33.1959],[129.7167,33.1962],[129.7169,33.1965],[129.717,33.1967],[129.7172,33.1971],[129.7172,33.1972],[129.7178,33.1971],[129.7181,33.1973],[129.7183,33.1974],[129.7182,33.1975],[129.7181,33.1976],[129.7178,33.1977],[129.7178,33.1977],[129.7177,33.1978],[129.7176,33.1979],[129.7176,33.1979],[129.7176,33.198],[129.7177,33.198],[129.7177,33.1981],[129.718,33.1983],[129.7181,33.1985],[129.7182,33.1987],[129.7182,33.1988],[129.718,33.1988],[129.7179,33.1987],[129.7176,33.1986],[129.7176,33.1986],[129.7175,33.1985],[129.7174,33.1986],[129.7173,33.1987],[129.7173,33.1987],[129.7172,33.1987],[129.7172,33.1988],[129.7171,33.1989],[129.7171,33.199],[129.7171,33.1991],[129.7171,33.1992],[129.7171,33.1994],[129.7169,33.1993],[129.7169,33.1994],[129.7169,33.1994],[129.7169,33.1995],[129.7168,33.1996],[129.7167,33.1996],[129.7165,33.1997],[129.7163,33.1999],[129.7164,33.2],[129.7165,33.2],[129.7166,33.2001],[129.7167,33.2002],[129.7167,33.2002],[129.7168,33.2002],[129.7168,33.2003],[129.7167,33.2005],[129.7173,33.2007],[129.7176,33.2007],[129.7176,33.2007],[129.7177,33.2007],[129.7179,33.2008],[129.7178,33.2009],[129.7178,33.201],[129.7178,33.201],[129.718,33.201],[129.718,33.2011],[129.7181,33.2011],[129.7181,33.2012],[129.7179,33.2012],[129.7178,33.2012],[129.7177,33.2012],[129.7176,33.2011],[129.7175,33.2011],[129.7174,33.2012],[129.7174,33.2012],[129.7173,33.2013],[129.7172,33.2012],[129.7171,33.2011],[129.7169,33.2015],[129.7169,33.2017],[129.7174,33.2017],[129.7174,33.2019],[129.7176,33.2019],[129.7177,33.2019],[129.7178,33.202],[129.7179,33.2021],[129.718,33.2022],[129.7181,33.2022],[129.7183,33.2022],[129.7185,33.2023],[129.7188,33.2026],[129.7187,33.2026],[129.7187,33.2027],[129.7186,33.2028],[129.7186,33.2029],[129.7186,33.203],[129.7186,33.2031],[129.7187,33.2031],[129.7188,33.2031],[129.7188,33.203],[129.7189,33.2029],[129.719,33.203],[129.7191,33.203],[129.7192,33.2031],[129.7194,33.2031],[129.7195,33.2032],[129.7197,33.2032],[129.7198,33.2031],[129.7199,33.2031],[129.7201,33.2031],[129.7203,33.2031],[129.7204,33.2031],[129.7206,33.2031],[129.7207,33.2032],[129.7208,33.2033],[129.7209,33.2034],[129.7209,33.2034],[129.7209,33.2035],[129.7209,33.2036],[129.7209,33.2037],[129.721,33.2039],[129.721,33.204],[129.7209,33.2041],[129.7209,33.2043],[129.7209,33.2044],[129.7208,33.2045],[129.7208,33.2046],[129.7208,33.2047],[129.7211,33.2048],[129.7211,33.2049],[129.7208,33.2051],[129.7207,33.2051],[129.7206,33.2051],[129.7204,33.2051],[129.7203,33.2052],[129.7201,33.2051],[129.7199,33.205],[129.7197,33.205],[129.7193,33.2049],[129.7194,33.205],[129.7195,33.2051],[129.7195,33.2051],[129.7194,33.2053],[129.7192,33.2054],[129.719,33.2055],[129.7189,33.2056],[129.7188,33.2057],[129.7186,33.2057],[129.7188,33.206],[129.719,33.206],[129.719,33.206],[129.7192,33.206],[129.7193,33.206],[129.7193,33.206],[129.7194,33.206],[129.7194,33.2059],[129.7196,33.2059],[129.7196,33.2059],[129.7196,33.206],[129.7199,33.206],[129.7199,33.2058],[129.7202,33.2059],[129.7204,33.2059],[129.7203,33.206],[129.7206,33.2061],[129.7204,33.2064],[129.7203,33.2064],[129.7201,33.2065],[129.7197,33.2065],[129.7194,33.2066],[129.7191,33.2067],[129.7187,33.2068],[129.7182,33.2069],[129.7178,33.207],[129.7176,33.2072],[129.7173,33.2074],[129.7171,33.2075],[129.717,33.2076],[129.7167,33.2078],[129.7164,33.208],[129.7162,33.2081],[129.716,33.2083],[129.7157,33.2085],[129.7151,33.2088],[129.7154,33.209],[129.7145,33.2095],[129.7135,33.2099],[129.7131,33.2101],[129.7128,33.2103],[129.7123,33.2104],[129.7121,33.2103],[129.7113,33.2106],[129.7109,33.2108],[129.7108,33.2102],[129.7104,33.2103],[129.7101,33.2095],[129.7098,33.2096],[129.7096,33.2097],[129.7094,33.2097],[129.7093,33.2097],[129.709,33.2098],[129.7089,33.2098],[129.7088,33.2098],[129.7087,33.2099],[129.7085,33.21],[129.7083,33.21],[129.7082,33.21],[129.7078,33.21],[129.7076,33.2101],[129.7075,33.2098],[129.7077,33.2098],[129.7076,33.2096],[129.707,33.2097],[129.707,33.2095],[129.7079,33.2094],[129.7078,33.2091],[129.7071,33.2092],[129.707,33.2088],[129.7069,33.2088],[129.7069,33.2086],[129.7069,33.2084],[129.7069,33.2083],[129.7068,33.2082],[129.7066,33.2083],[129.7065,33.2083],[129.7065,33.2083],[129.7063,33.2083],[129.7062,33.2082],[129.7062,33.2082],[129.7061,33.2081],[129.706,33.2081],[129.7059,33.2081],[129.7059,33.2082],[129.7059,33.2083],[129.7058,33.2085],[129.7058,33.2087],[129.7058,33.209],[129.7058,33.2091],[129.7057,33.2092],[129.7045,33.2092],[129.7039,33.2091],[129.7037,33.209],[129.7036,33.209],[129.7034,33.2089],[129.7032,33.2087],[129.7031,33.2086],[129.703,33.2086],[129.7028,33.2086],[129.7026,33.2086],[129.7024,33.2085],[129.7022,33.2085],[129.7021,33.2084],[129.7019,33.2084],[129.7016,33.2085],[129.7015,33.2085],[129.7016,33.2086],[129.7016,33.2087],[129.7014,33.2087],[129.7011,33.2087],[129.7011,33.2087],[129.701,33.209],[129.7015,33.2091],[129.7018,33.2093],[129.7019,33.2094],[129.7022,33.2096],[129.7024,33.2097],[129.703,33.2098],[129.7034,33.2099],[129.7039,33.2101],[129.7042,33.2103],[129.7045,33.2105],[129.705,33.2105],[129.705,33.2107],[129.7051,33.2108],[129.7052,33.2111],[129.7053,33.2113],[129.7054,33.2115],[129.7053,33.2115],[129.705,33.2118],[129.7048,33.2119],[129.7045,33.2121],[129.7043,33.2122],[129.704,33.2123],[129.7038,33.2124],[129.7035,33.2125],[129.7033,33.2125],[129.7031,33.2125],[129.7029,33.2125],[129.7025,33.2125],[129.7022,33.2124],[129.7016,33.2123],[129.7016,33.2119],[129.7011,33.2114],[129.7004,33.2113],[129.6996,33.2107],[129.6992,33.2106],[129.6984,33.2105],[129.6983,33.2105],[129.6982,33.2104],[129.698,33.2103],[129.6979,33.2104],[129.6978,33.2105],[129.6976,33.2106],[129.6975,33.2106],[129.6974,33.2107],[129.6973,33.2108],[129.6971,33.211],[129.697,33.2113],[129.6968,33.2115],[129.6965,33.2112],[129.6963,33.2109],[129.696,33.2113],[129.6959,33.2116],[129.6958,33.2118],[129.6957,33.2119],[129.6957,33.212],[129.6956,33.2124],[129.6956,33.2128],[129.6956,33.213],[129.6956,33.2133],[129.6956,33.2135],[129.6957,33.214],[129.6956,33.2142],[129.6956,33.2143],[129.6956,33.2145],[129.6955,33.2146],[129.6954,33.2149],[129.6953,33.2152],[129.6952,33.2153],[129.6952,33.2155],[129.6952,33.2158],[129.6953,33.2162],[129.6953,33.2164],[129.6954,33.2168],[129.6955,33.2171],[129.6956,33.2176],[129.6958,33.2178],[129.6959,33.2181],[129.6959,33.2182],[129.696,33.2183],[129.6961,33.2183],[129.6965,33.2186],[129.6965,33.2187],[129.6965,33.2188],[129.6965,33.219],[129.6965,33.219],[129.6965,33.2191],[129.6966,33.2191],[129.6967,33.2191],[129.6968,33.2192],[129.6968,33.2193],[129.6969,33.2194],[129.6969,33.2195],[129.6971,33.2194],[129.6971,33.2195],[129.6973,33.2197],[129.6974,33.2199],[129.6975,33.2201],[129.6975,33.2203],[129.6975,33.2204],[129.6976,33.2205],[129.6979,33.2204],[129.6979,33.2206]]]},"properties":{"name":"佐世保市","pop":1}},{"type":"Feature","geometry":{"type":"Polygon","coordinates":[[[129.7956,33.1316],[129.7955,33.1316],[129.7955,33.1315],[129.7955,33.1314],[129.7954,33.1314],[129.7953,33.1313],[129.7953,33.1312],[129.7952,33.131],[129.795,33.1308],[129.7949,33.1306],[129.7949,33.1305],[129.7948,33.1303],[129.7948,33.1303],[129.7947,33.1302],[129.7947,33.1301],[129.7946,33.13],[129.7945,33.1297],[129.7944,33.1296],[129.7943,33.1295],[129.7942,33.1292],[129.7941,33.1291],[129.7941,33.129],[129.794,33.1289],[129.7939,33.1287],[129.7939,33.1286],[129.7938,33.1285],[129.7937,33.1284],[129.7937,33.1283],[129.7936,33.1282],[129.7935,33.1282],[129.7935,33.1281],[129.7934,33.128],[129.7933,33.1279],[129.7932,33.1277],[129.7931,33.1276],[129.793,33.1276],[129.7929,33.1275],[129.7929,33.1274],[129.7928,33.1274],[129.7928,33.1274],[129.7928,33.1274],[129.7928,33.1273],[129.7927,33.1273],[129.7927,33.1272],[129.7927,33.1272],[129.7926,33.1271],[129.7926,33.127],[129.7925,33.1269],[129.7925,33.1268],[129.7924,33.1268],[129.7924,33.1268],[129.7924,33.1267],[129.7924,33.1267],[129.7924,33.1267],[129.7922,33.1267],[129.7922,33.1274],[129.7923,33.1282],[129.7923,33.1288],[129.7923,33.1298],[129.7923,33.1302],[129.7924,33.1311],[129.7925,33.1314],[129.7927,33.1316],[129.7927,33.1317],[129.7928,33.1318],[129.7932,33.1325],[129.793,33.1324],[129.7928,33.1326],[129.7924,33.1323],[129.7922,33.1326],[129.7921,33.1328],[129.7917,33.1327],[129.7916,33.1327],[129.7916,33.1324],[129.7912,33.1324],[129.7914,33.1328],[129.7913,33.1328],[129.7914,33.1331],[129.7914,33.1331],[129.7913,33.1331],[129.7912,33.1332],[129.7911,33.1332],[129.791,33.1333],[129.7909,33.1334],[129.7907,33.1336],[129.7906,33.1337],[129.7906,33.1338],[129.7905,33.1339],[129.7905,33.134],[129.7904,33.1341],[129.7903,33.1341],[129.7903,33.1341],[129.79,33.1343],[129.79,33.1344],[129.7898,33.1344],[129.7899,33.1345],[129.79,33.1347],[129.7901,33.1348],[129.7902,33.135],[129.7904,33.1353],[129.7905,33.1354],[129.7905,33.1355],[129.7904,33.1357],[129.7904,33.1358],[129.7904,33.1363],[129.7903,33.1365],[129.7904,33.1368],[129.7905,33.137],[129.7906,33.1371],[129.7905,33.1372],[129.7906,33.1373],[129.7906,33.1373],[129.7906,33.1373],[129.7907,33.1372],[129.7908,33.1372],[129.7908,33.1372],[129.7909,33.1373],[129.7911,33.137],[129.7913,33.1366],[129.7913,33.1365],[129.7914,33.1364],[129.7916,33.1363],[129.7918,33.1363],[129.7921,33.1362],[129.7924,33.1362],[129.7928,33.1362],[129.7931,33.1361],[129.7933,33.136],[129.7936,33.1361],[129.7937,33.136],[129.7937,33.136],[129.7938,33.136],[129.7939,33.136],[129.7941,33.1361],[129.7942,33.1361],[129.7943,33.1361],[129.7944,33.1361],[129.7946,33.1359],[129.7946,33.1359],[129.7947,33.1358],[129.7948,33.1357],[129.7948,33.1355],[129.7948,33.1354],[129.7947,33.1352],[129.7945,33.1349],[129.7948,33.1347],[129.7949,33.1346],[129.795,33.1344],[129.795,33.1343],[129.795,33.1342],[129.7949,33.1341],[129.7949,33.1339],[129.7949,33.1338],[129.7948,33.1336],[129.7947,33.1335],[129.7945,33.1332],[129.7943,33.1332],[129.7941,33.133],[129.7941,33.133],[129.7943,33.1326],[129.7946,33.1328],[129.7949,33.1329],[129.7954,33.1324],[129.7951,33.1321],[129.7956,33.1316]]]},"properties":{"name":"佐世保市","pop":2}},{"type":"Feature","geometry":{"type":"Polygon","coordinates":[[[129.6722,33.1985],[129.672,33.1981],[129.6721,33.1981],[129.6731,33.1979],[129.6733,33.1979],[129.6736,33.1977],[129.6738,33.1976],[129.6738,33.1979],[129.6743,33.1978],[129.6743,33.1976],[129.6743,33.1976],[129.6742,33.1975],[129.6741,33.1971],[129.6741,33.1968],[129.6741,33.1967],[129.6738,33.1967],[129.6737,33.1972],[129.6737,33.1974],[129.6736,33.1974],[129.6735,33.1974],[129.6734,33.1974],[129.6731,33.1975],[129.673,33.1974],[129.6723,33.196],[129.6717,33.1948],[129.6713,33.1942],[129.671,33.1935],[129.6707,33.1929],[129.6706,33.1927],[129.6704,33.1923],[129.6702,33.1925],[129.6701,33.1925],[129.6697,33.1927],[129.6696,33.1926],[129.6703,33.1922],[129.6701,33.1919],[129.6689,33.1922],[129.6688,33.1921],[129.6686,33.1917],[129.6683,33.1912],[129.6682,33.191],[129.669,33.1903],[129.669,33.1902],[129.6692,33.1901],[129.6691,33.1899],[129.6688,33.1897],[129.6686,33.1896],[129.6683,33.1894],[129.6682,33.1893],[129.6684,33.1889],[129.6684,33.1887],[129.6686,33.1872],[129.6686,33.1867],[129.6703,33.1866],[129.6703,33.1865],[129.6703,33.1863],[129.67,33.1847],[129.6694,33.1824],[129.6721,33.1823],[129.6719,33.1818],[129.6715,33.1811],[129.671,33.1803],[129.6705,33.1798],[129.6703,33.1796],[129.6704,33.1795],[129.6706,33.1793],[129.6704,33.1791],[129.6704,33.179],[129.6704,33.1789],[129.6702,33.1787],[129.6701,33.1786],[129.67,33.1785],[129.67,33.1785],[129.6702,33.1784],[129.6703,33.1783],[129.6704,33.1782],[129.6705,33.178],[129.6706,33.178],[129.6706,33.178],[129.6707,33.178],[129.6708,33.1781],[129.6709,33.1781],[129.6709,33.1781],[129.6709,33.1781],[129.671,33.1781],[129.671,33.1781],[129.671,33.1779],[129.671,33.1779],[129.6711,33.1779],[129.6711,33.1779],[129.6712,33.1778],[129.6712,33.1777],[129.6712,33.1776],[129.6712,33.1775],[129.6713,33.1774],[129.6713,33.1774],[129.6714,33.1774],[129.6714,33.1774],[129.6715,33.1774],[129.6715,33.1774],[129.6715,33.1775],[129.6714,33.1776],[129.6714,33.1776],[129.6716,33.1778],[129.6718,33.1779],[129.6719,33.1779],[129.6719,33.1778],[129.6719,33.1778],[129.6719,33.1777],[129.6719,33.1776],[129.6719,33.1776],[129.6719,33.1776],[129.6719,33.1776],[129.6719,33.1775],[129.672,33.1775],[129.6724,33.1776],[129.6725,33.1776],[129.6726,33.1775],[129.6726,33.1774],[129.6726,33.1774],[129.6725,33.1773],[129.6723,33.1773],[129.6722,33.1772],[129.6721,33.1772],[129.672,33.1771],[129.672,33.177],[129.672,33.1769],[129.672,33.1766],[129.672,33.1766],[129.672,33.1765],[129.6721,33.1765],[129.6723,33.1765],[129.6724,33.1765],[129.6725,33.1765],[129.6726,33.1764],[129.6726,33.1764],[129.6726,33.1764],[129.673,33.1765],[129.6731,33.1766],[129.6733,33.1767],[129.6734,33.1768],[129.6736,33.1769],[129.6738,33.1771],[129.6739,33.1772],[129.6741,33.1773],[129.6743,33.1774],[129.6744,33.1776],[129.6745,33.1776],[129.6747,33.1778],[129.6747,33.1779],[129.6748,33.1779],[129.675,33.178],[129.6751,33.178],[129.6757,33.178],[129.6756,33.1778],[129.6756,33.1777],[129.6756,33.1776],[129.6755,33.1775],[129.6759,33.1772],[129.6761,33.1772],[129.6762,33.1771],[129.6764,33.177],[129.6767,33.1769],[129.6768,33.1768],[129.6769,33.1768],[129.6777,33.1768],[129.6778,33.1768],[129.6779,33.1765],[129.6787,33.1764],[129.6791,33.1763],[129.6802,33.1762],[129.6801,33.1759],[129.6802,33.1756],[129.6802,33.1756],[129.6803,33.1756],[129.6804,33.1756],[129.6805,33.1756],[129.6806,33.1753],[129.681,33.1754],[129.6815,33.1755],[129.6819,33.1747],[129.6821,33.1747],[129.683,33.1746],[129.683,33.1743],[129.683,33.1742],[129.6828,33.1739],[129.6822,33.1734],[129.6818,33.173],[129.6817,33.1729],[129.6814,33.1726],[129.6804,33.171],[129.6804,33.1709],[129.6797,33.171],[129.6796,33.171],[129.6795,33.171],[129.6794,33.171],[129.6793,33.1711],[129.6793,33.1711],[129.6789,33.1713],[129.6788,33.1712],[129.6786,33.1713],[129.6786,33.1713],[129.6784,33.1715],[129.6784,33.1715],[129.6783,33.1715],[129.6782,33.1716],[129.678,33.1717],[129.6779,33.1717],[129.6778,33.1718],[129.6777,33.1718],[129.6777,33.1719],[129.6778,33.1719],[129.6779,33.1719],[129.678,33.1719],[129.6781,33.1718],[129.6784,33.1717],[129.6787,33.1718],[129.679,33.1718],[129.6793,33.1719],[129.6795,33.1719],[129.6799,33.1721],[129.68,33.1721],[129.6801,33.1725],[129.6803,33.1727],[129.6798,33.1731],[129.6798,33.1732],[129.6799,33.1733],[129.6801,33.1733],[129.6801,33.1733],[129.6792,33.1734],[129.6793,33.1737],[129.6789,33.1738],[129.6786,33.1735],[129.6785,33.1736],[129.6784,33.1736],[129.6784,33.1736],[129.6783,33.1736],[129.6782,33.1736],[129.6782,33.1735],[129.678,33.1735],[129.6778,33.1735],[129.6776,33.1736],[129.677,33.1739],[129.6769,33.174],[129.6771,33.1744],[129.6767,33.1746],[129.6766,33.1746],[129.6767,33.1746],[129.6767,33.1745],[129.6767,33.1745],[129.6767,33.1744],[129.6766,33.1743],[129.6765,33.174],[129.6764,33.1739],[129.6761,33.1737],[129.6759,33.1734],[129.6757,33.1733],[129.6754,33.1733],[129.6752,33.1731],[129.6752,33.1731],[129.6755,33.1728],[129.6755,33.1728],[129.6755,33.1727],[129.6756,33.1726],[129.6756,33.1725],[129.6757,33.1725],[129.6757,33.1725],[129.6757,33.1725],[129.6757,33.1724],[129.6759,33.1723],[129.6758,33.1721],[129.6759,33.1721],[129.6758,33.1719],[129.6759,33.1718],[129.6763,33.1717],[129.6773,33.1712],[129.6778,33.1709],[129.6779,33.1708],[129.6781,33.1707],[129.6779,33.1701],[129.6777,33.1698],[129.6782,33.1694],[129.6781,33.1693],[129.678,33.1693],[129.6779,33.1693],[129.6779,33.1693],[129.6777,33.1693],[129.6776,33.1693],[129.6774,33.1693],[129.6771,33.1694],[129.677,33.1694],[129.6768,33.1695],[129.6768,33.1696],[129.6767,33.1695],[129.6767,33.1695],[129.6766,33.1695],[129.6765,33.1695],[129.6765,33.1695],[129.6765,33.1694],[129.6764,33.1694],[129.6763,33.1693],[129.6763,33.1694],[129.6762,33.1695],[129.6759,33.1696],[129.6759,33.1697],[129.6759,33.1698],[129.6758,33.1698],[129.6757,33.1697],[129.6752,33.1698],[129.6751,33.1698],[129.675,33.1698],[129.675,33.1698],[129.675,33.1697],[129.675,33.1697],[129.6751,33.1695],[129.675,33.1696],[129.6749,33.1695],[129.6749,33.1695],[129.6749,33.1694],[129.6748,33.1693],[129.6748,33.1693],[129.6747,33.1695],[129.6747,33.1698],[129.6746,33.1699],[129.6744,33.1698],[129.6742,33.1697],[129.6743,33.1697],[129.6743,33.1696],[129.6744,33.1696],[129.6742,33.1695],[129.6742,33.1695],[129.6741,33.1694],[129.6736,33.1694],[129.6736,33.1695],[129.6736,33.1696],[129.6737,33.1696],[129.6738,33.1696],[129.6739,33.1697],[129.674,33.1698],[129.674,33.1698],[129.6742,33.1699],[129.6742,33.1702],[129.6744,33.1703],[129.6742,33.1704],[129.6742,33.1704],[129.6741,33.1703],[129.674,33.1701],[129.6738,33.1701],[129.6738,33.1702],[129.6738,33.1702],[129.6737,33.1703],[129.6736,33.1703],[129.6734,33.1703],[129.6733,33.1703],[129.6731,33.1705],[129.673,33.1707],[129.673,33.1709],[129.6729,33.171],[129.6728,33.171],[129.6728,33.1711],[129.6729,33.1712],[129.6731,33.1712],[129.6732,33.1714],[129.6732,33.1715],[129.6733,33.1715],[129.6733,33.1715],[129.6733,33.1717],[129.673,33.1716],[129.6728,33.1715],[129.6726,33.1714],[129.6723,33.1713],[129.6714,33.1709],[129.6712,33.171],[129.6707,33.1707],[129.6706,33.1708],[129.6705,33.1707],[129.6704,33.1707],[129.6703,33.1707],[129.6702,33.1707],[129.67,33.1706],[129.6698,33.1706],[129.6697,33.1706],[129.6696,33.1706],[129.6694,33.1707],[129.6693,33.1708],[129.6693,33.1708],[129.6692,33.1708],[129.6692,33.1709],[129.6692,33.171],[129.669,33.171],[129.669,33.1711],[129.669,33.1711],[129.669,33.1712],[129.669,33.1712],[129.669,33.1715],[129.6695,33.1717],[129.6698,33.172],[129.6698,33.1721],[129.6698,33.1722],[129.6702,33.1724],[129.6701,33.1725],[129.67,33.1727],[129.6698,33.1729],[129.6698,33.173],[129.6698,33.1732],[129.67,33.1733],[129.6701,33.1734],[129.6702,33.1734],[129.6703,33.1735],[129.6705,33.1735],[129.6707,33.1736],[129.6708,33.1736],[129.671,33.1736],[129.6712,33.1735],[129.6713,33.1734],[129.6715,33.1731],[129.6717,33.1732],[129.6718,33.173],[129.6723,33.1731],[129.6725,33.1731],[129.6716,33.1738],[129.6715,33.1739],[129.6708,33.1744],[129.6704,33.1747],[129.6701,33.1749],[129.6698,33.175],[129.6697,33.175],[129.6696,33.175],[129.6694,33.175],[129.6691,33.1748],[129.6686,33.1743],[129.6677,33.1752],[129.6672,33.1756],[129.6669,33.1759],[129.6669,33.176],[129.6669,33.176],[129.6669,33.1761],[129.6669,33.1762],[129.6669,33.1762],[129.6669,33.1764],[129.6669,33.1765],[129.6669,33.1767],[129.6667,33.1767],[129.6664,33.1768],[129.6657,33.1759],[129.6657,33.1757],[129.6646,33.1755],[129.6638,33.1753],[129.6629,33.1751],[129.6629,33.1751],[129.6627,33.1756],[129.6625,33.1763],[129.6622,33.1772],[129.6626,33.1774],[129.6631,33.1775],[129.6634,33.1775],[129.6634,33.1776],[129.6635,33.1776],[129.6635,33.1776],[129.6634,33.1778],[129.6638,33.178],[129.6636,33.1786],[129.6628,33.1785],[129.6625,33.1785],[129.6619,33.1784],[129.6615,33.1784],[129.6617,33.1789],[129.6618,33.1793],[129.6618,33.1797],[129.6615,33.1797],[129.6615,33.1797],[129.6614,33.1797],[129.6613,33.1796],[129.6611,33.1796],[129.6611,33.1796],[129.6609,33.1798],[129.661,33.1799],[129.6608,33.1801],[129.6607,33.1801],[129.6606,33.1802],[129.6605,33.1802],[129.6604,33.1803],[129.6603,33.1803],[129.6602,33.1802],[129.6601,33.18],[129.66,33.18],[129.6598,33.1801],[129.6595,33.1801],[129.6593,33.1801],[129.6593,33.1801],[129.6592,33.1801],[129.6591,33.1799],[129.659,33.1799],[129.659,33.1798],[129.659,33.1797],[129.6589,33.1796],[129.6589,33.1795],[129.6588,33.1795],[129.6586,33.1795],[129.6579,33.1795],[129.6571,33.1793],[129.6569,33.1791],[129.6568,33.1791],[129.6564,33.179],[129.6563,33.1789],[129.6562,33.1788],[129.656,33.1785],[129.656,33.1784],[129.6557,33.178],[129.6555,33.1778],[129.655,33.1774],[129.6544,33.1771],[129.6537,33.1769],[129.6534,33.1767],[129.6532,33.1765],[129.6531,33.1765],[129.6529,33.1765],[129.6523,33.1766],[129.6517,33.1766],[129.6521,33.1768],[129.6524,33.1769],[129.6526,33.1771],[129.653,33.1777],[129.6533,33.1781],[129.6534,33.1782],[129.6535,33.1783],[129.6535,33.1785],[129.6535,33.1786],[129.6535,33.1789],[129.6535,33.1791],[129.6536,33.1792],[129.654,33.1794],[129.6543,33.1796],[129.6544,33.1797],[129.6545,33.1798],[129.6546,33.1802],[129.6546,33.1804],[129.6548,33.181],[129.6548,33.1811],[129.6549,33.1815],[129.655,33.1817],[129.6552,33.1818],[129.6553,33.1819],[129.6555,33.182],[129.6557,33.1821],[129.6561,33.1821],[129.6563,33.1821],[129.6565,33.1819],[129.6567,33.1819],[129.6568,33.1819],[129.6569,33.1819],[129.657,33.182],[129.6571,33.1821],[129.6572,33.1823],[129.6575,33.1825],[129.6577,33.1827],[129.6579,33.1828],[129.658,33.183],[129.6581,33.1831],[129.6581,33.1831],[129.6585,33.1833],[129.6587,33.1834],[129.6588,33.1834],[129.659,33.1833],[129.6591,33.1833],[129.6591,33.1832],[129.6592,33.1834],[129.6592,33.1834],[129.6593,33.1835],[129.6593,33.1835],[129.6594,33.1835],[129.6594,33.1837],[129.6594,33.1837],[129.6594,33.1837],[129.6593,33.1838],[129.6596,33.1841],[129.6597,33.1842],[129.6599,33.1842],[129.6599,33.1843],[129.6597,33.1849],[129.6596,33.1856],[129.6595,33.1856],[129.6594,33.1857],[129.6595,33.1859],[129.6596,33.186],[129.6597,33.1861],[129.6598,33.1862],[129.6598,33.1863],[129.6596,33.1868],[129.6596,33.1869],[129.6596,33.1869],[129.6597,33.1871],[129.6599,33.1872],[129.6599,33.187],[129.6602,33.1871],[129.6602,33.1873],[129.66,33.1875],[129.6598,33.1878],[129.6597,33.1879],[129.6595,33.1881],[129.6603,33.1881],[129.6614,33.188],[129.6615,33.188],[129.6616,33.1879],[129.6618,33.1879],[129.6619,33.1877],[129.662,33.1875],[129.6623,33.1875],[129.6627,33.1874],[129.6629,33.1868],[129.662,33.1866],[129.6616,33.1866],[129.6616,33.186],[129.6614,33.1859],[129.6613,33.1858],[129.6613,33.1858],[129.661,33.1858],[129.6611,33.1856],[129.6612,33.1855],[129.6612,33.1854],[129.6612,33.1854],[129.6613,33.1853],[129.6614,33.1851],[129.6617,33.1849],[129.6621,33.1848],[129.6624,33.1847],[129.6626,33.1847],[129.6629,33.1847],[129.6634,33.1848],[129.6639,33.1848],[129.6638,33.1853],[129.6638,33.186],[129.6639,33.1865],[129.6639,33.1869],[129.6639,33.1874],[129.6639,33.1877],[129.664,33.188],[129.6641,33.1883],[129.6642,33.1885],[129.6644,33.1888],[129.6646,33.1891],[129.6652,33.1898],[129.6649,33.19],[129.6648,33.1901],[129.6648,33.1903],[129.6648,33.1904],[129.6647,33.1905],[129.6646,33.1907],[129.6645,33.1906],[129.6643,33.1906],[129.6639,33.1906],[129.6631,33.1907],[129.663,33.1908],[129.663,33.1909],[129.6632,33.1911],[129.6636,33.1914],[129.664,33.1916],[129.6641,33.1916],[129.6643,33.1918],[129.6643,33.1919],[129.6651,33.1917],[129.665,33.1913],[129.666,33.1912],[129.6663,33.192],[129.6663,33.1921],[129.6663,33.1925],[129.6664,33.1936],[129.6664,33.1938],[129.6661,33.1937],[129.6661,33.194],[129.6661,33.1942],[129.6661,33.1944],[129.6661,33.1946],[129.6661,33.1948],[129.6662,33.195],[129.6659,33.1949],[129.6659,33.1951],[129.6657,33.1951],[129.6656,33.1952],[129.6656,33.1953],[129.6655,33.1954],[129.6655,33.1953],[129.6651,33.1955],[129.6648,33.1951],[129.6646,33.1951],[129.6645,33.1951],[129.6644,33.1952],[129.6644,33.1954],[129.6644,33.1954],[129.6643,33.1954],[129.6642,33.1955],[129.664,33.1956],[129.6635,33.1956],[129.6634,33.1957],[129.6632,33.1957],[129.6631,33.1956],[129.6624,33.1955],[129.6624,33.1954],[129.6624,33.1954],[129.6619,33.1953],[129.6618,33.1953],[129.6617,33.1953],[129.6617,33.1953],[129.6616,33.1953],[129.6616,33.1953],[129.6615,33.1953],[129.6614,33.1953],[129.6613,33.1952],[129.6612,33.1952],[129.6611,33.1952],[129.6611,33.1951],[129.661,33.1951],[129.6608,33.195],[129.6603,33.1949],[129.6602,33.1949],[129.6601,33.195],[129.6601,33.195],[129.6599,33.195],[129.6597,33.195],[129.6594,33.1949],[129.6589,33.1947],[129.6588,33.1947],[129.6585,33.1946],[129.6579,33.1944],[129.6576,33.1943],[129.6574,33.1942],[129.6573,33.1941],[129.6571,33.1937],[129.6571,33.1935],[129.6568,33.1929],[129.6567,33.1929],[129.6563,33.193],[129.6562,33.1931],[129.6565,33.1933],[129.6568,33.1938],[129.6566,33.1939],[129.6566,33.1941],[129.6566,33.1942],[129.6566,33.1942],[129.6567,33.1943],[129.6568,33.1943],[129.6568,33.1944],[129.6569,33.1945],[129.6568,33.1945],[129.6568,33.1946],[129.6569,33.1945],[129.657,33.1946],[129.657,33.1945],[129.6571,33.1945],[129.6572,33.1946],[129.6571,33.1946],[129.657,33.1947],[129.6571,33.1947],[129.6573,33.1947],[129.6578,33.1949],[129.6578,33.1949],[129.6579,33.1949],[129.6581,33.195],[129.658,33.195],[129.658,33.1951],[129.6578,33.1955],[129.6581,33.1954],[129.6581,33.1955],[129.6583,33.1955],[129.6585,33.1956],[129.6587,33.1957],[129.6587,33.1959],[129.6588,33.196],[129.6591,33.1964],[129.6592,33.1965],[129.6593,33.1966],[129.6594,33.1966],[129.6595,33.1969],[129.6597,33.1972],[129.6604,33.1975],[129.661,33.1978],[129.661,33.1976],[129.661,33.1974],[129.661,33.1973],[129.6611,33.1973],[129.6612,33.1972],[129.6613,33.1972],[129.6613,33.1972],[129.6613,33.1972],[129.6613,33.1971],[129.6613,33.1971],[129.6613,33.1968],[129.6612,33.1966],[129.6612,33.1966],[129.6613,33.1964],[129.6612,33.1964],[129.6612,33.1962],[129.6611,33.1962],[129.661,33.1961],[129.661,33.196],[129.661,33.1959],[129.6609,33.1959],[129.661,33.1958],[129.661,33.1958],[129.6611,33.1958],[129.6613,33.1959],[129.6614,33.1959],[129.6615,33.196],[129.6616,33.1961],[129.6617,33.1961],[129.6618,33.1961],[129.6621,33.196],[129.662,33.1961],[129.6624,33.1961],[129.6624,33.1962],[129.6626,33.1963],[129.6628,33.1963],[129.6629,33.1964],[129.6629,33.1964],[129.663,33.1962],[129.6631,33.1962],[129.6631,33.1963],[129.6632,33.1963],[129.6632,33.1962],[129.6633,33.1963],[129.6633,33.1962],[129.6636,33.1963],[129.6636,33.1964],[129.6639,33.1964],[129.6639,33.1966],[129.6642,33.1966],[129.6643,33.1966],[129.6645,33.1965],[129.6647,33.1967],[129.6647,33.1965],[129.6647,33.1965],[129.6647,33.1965],[129.6647,33.1965],[129.6648,33.1965],[129.6648,33.1964],[129.6649,33.1964],[129.6649,33.1963],[129.665,33.1962],[129.665,33.1961],[129.665,33.1961],[129.6651,33.196],[129.6652,33.196],[129.6651,33.1958],[129.6654,33.1958],[129.6654,33.196],[129.6659,33.1959],[129.6661,33.1958],[129.6662,33.1957],[129.6666,33.1956],[129.6667,33.1959],[129.6673,33.1966],[129.6676,33.1971],[129.6684,33.1969],[129.669,33.1968],[129.6691,33.1968],[129.6699,33.1966],[129.6701,33.1965],[129.6703,33.1971],[129.6704,33.1971],[129.6704,33.197],[129.6705,33.197],[129.6705,33.197],[129.6705,33.1971],[129.6705,33.1972],[129.6704,33.1977],[129.6704,33.1978],[129.6703,33.198],[129.6703,33.198],[129.6702,33.1983],[129.6702,33.1984],[129.6699,33.1985],[129.67,33.1987],[129.6695,33.1993],[129.6696,33.1994],[129.67,33.2],[129.6704,33.2007],[129.6706,33.2014],[129.6707,33.2019],[129.6714,33.2019],[129.6714,33.2016],[129.6713,33.2013],[129.6713,33.2011],[129.6711,33.2007],[129.671,33.2005],[129.6709,33.2003],[129.6706,33.2],[129.671,33.1998],[129.6707,33.1992],[129.6711,33.199],[129.6711,33.1989],[129.6714,33.1988],[129.6722,33.1985]]]},"properties":{"name":"佐世保市","pop":3}},{"type":"Feature","geometry":{"type":"Polygon","coordinates":[[[130.3659,32.7986],[130.3664,32.7978],[130.3667,32.7974],[130.3665,32.7974],[130.3665,32.7974],[130.3665,32.7974],[130.3665,32.7973],[130.3664,32.7973],[130.3664,32.7973],[130.3663,32.7973],[130.3662,32.7973],[130.3662,32.7973],[130.3661,32.7973],[130.366,32.7973],[130.366,32.7973],[130.3659,32.7973],[130.3659,32.7973],[130.3659,32.7972],[130.366,32.7971],[130.3657,32.797],[130.3659,32.7967],[130.3661,32.796],[130.3664,32.7954],[130.3666,32.7948],[130.3666,32.7948],[130.3667,32.7949],[130.3667,32.7949],[130.3668,32.795],[130.3669,32.795],[130.3669,32.795],[130.3669,32.7951],[130.3668,32.7952],[130.3668,32.7953],[130.3667,32.7954],[130.3666,32.7956],[130.3669,32.7956],[130.3672,32.7956],[130.3675,32.7955],[130.3678,32.7956],[130.3678,32.7956],[130.3679,32.7953],[130.3696,32.7958],[130.3699,32.7959],[130.3702,32.7959],[130.3702,32.7959],[130.3702,32.7959],[130.3702,32.7958],[130.3703,32.7957],[130.3703,32.7956],[130.3704,32.7956],[130.3704,32.7955],[130.3704,32.7955],[130.3706,32.7953],[130.3706,32.7952],[130.3706,32.7952],[130.3706,32.7952],[130.3706,32.7951],[130.3707,32.795],[130.3707,32.795],[130.3707,32.795],[130.3708,32.7949],[130.371,32.7946],[130.371,32.7946],[130.371,32.7946],[130.3706,32.7944],[130.3706,32.7943],[130.3706,32.7943],[130.3706,32.7943],[130.3704,32.7941],[130.3703,32.794],[130.3703,32.794],[130.3703,32.794],[130.3705,32.7937],[130.3706,32.7935],[130.3708,32.793],[130.3708,32.793],[130.3708,32.7931],[130.3715,32.7936],[130.3719,32.7933],[130.3719,32.7932],[130.3721,32.7934],[130.3722,32.7933],[130.372,32.7932],[130.3722,32.7929],[130.3722,32.7928],[130.3723,32.7928],[130.3726,32.7931],[130.3729,32.7933],[130.3729,32.7933],[130.3727,32.7931],[130.3725,32.7929],[130.3724,32.7929],[130.3727,32.7927],[130.3728,32.7926],[130.373,32.7925],[130.3732,32.7927],[130.3732,32.7928],[130.3734,32.793],[130.3735,32.793],[130.3735,32.793],[130.3733,32.7927],[130.3728,32.7922],[130.3729,32.7922],[130.373,32.7922],[130.3734,32.792],[130.3736,32.7919],[130.3738,32.7918],[130.3738,32.7917],[130.3739,32.7918],[130.374,32.7917],[130.374,32.7917],[130.374,32.7917],[130.3741,32.7916],[130.3743,32.7915],[130.3747,32.7913],[130.3751,32.7911],[130.3753,32.791],[130.3756,32.7909],[130.3757,32.7908],[130.3757,32.7908],[130.3758,32.7908],[130.3758,32.7908],[130.3759,32.7907],[130.3759,32.7907],[130.3759,32.7907],[130.3759,32.7907],[130.376,32.7906],[130.376,32.7906],[130.3761,32.7905],[130.3761,32.7905],[130.3762,32.7904],[130.3764,32.7902],[130.3764,32.7901],[130.3764,32.7901],[130.3765,32.79],[130.3765,32.79],[130.3765,32.79],[130.3765,32.7899],[130.3765,32.7899],[130.3765,32.7899],[130.3765,32.7898],[130.3765,32.7898],[130.3766,32.7898],[130.3766,32.7898],[130.3766,32.7898],[130.3766,32.7898],[130.3766,32.7898],[130.3765,32.7897],[130.3765,32.7897],[130.3766,32.7896],[130.3768,32.7895],[130.3769,32.7894],[130.377,32.7894],[130.377,32.7894],[130.3769,32.7893],[130.3771,32.7891],[130.3772,32.789],[130.3773,32.7888],[130.3775,32.7885],[130.3779,32.7873],[130.3779,32.7873],[130.3779,32.7874],[130.3778,32.7874],[130.3778,32.7873],[130.3778,32.7873],[130.3778,32.7873],[130.3778,32.7873],[130.3777,32.7873],[130.3777,32.7873],[130.3777,32.7873],[130.3777,32.7873],[130.3777,32.7873],[130.3777,32.7873],[130.3777,32.7873],[130.3777,32.7873],[130.3777,32.7873],[130.3777,32.7873],[130.3777,32.7873],[130.3777,32.7873],[130.3777,32.7873],[130.3777,32.7873],[130.3777,32.7873],[130.3777,32.7873],[130.3777,32.7873],[130.3777,32.7872],[130.3777,32.7872],[130.3777,32.7872],[130.3777,32.7872],[130.3777,32.7872],[130.3777,32.7872],[130.3777,32.7872],[130.3777,32.7872],[130.3777,32.7872],[130.3776,32.7872],[130.3776,32.7872],[130.3776,32.7872],[130.3776,32.7872],[130.3776,32.7872],[130.3776,32.7872],[130.3776,32.7872],[130.3776,32.7871],[130.3776,32.7871],[130.3776,32.7871],[130.3776,32.7871],[130.3776,32.7871],[130.3776,32.7871],[130.3776,32.7871],[130.3776,32.7871],[130.3776,32.7871],[130.3776,32.787],[130.3776,32.787],[130.3776,32.787],[130.3776,32.787],[130.3776,32.787],[130.3776,32.787],[130.3776,32.787],[130.3776,32.787],[130.3776,32.787],[130.3776,32.787],[130.3776,32.787],[130.3776,32.787],[130.3776,32.7869],[130.3776,32.7869],[130.3776,32.7869],[130.3776,32.7869],[130.3776,32.7869],[130.3776,32.7869],[130.3776,32.7868],[130.3776,32.7868],[130.3777,32.7868],[130.3777,32.7868],[130.3777,32.7868],[130.3777,32.7868],[130.3777,32.7868],[130.3777,32.7868],[130.3777,32.7868],[130.3777,32.7867],[130.3777,32.7867],[130.3777,32.7867],[130.3777,32.7867],[130.3777,32.7867],[130.3777,32.7867],[130.3777,32.7867],[130.3777,32.7867],[130.3777,32.7867],[130.3777,32.7867],[130.3777,32.7867],[130.3777,32.7866],[130.3777,32.7866],[130.3777,32.7866],[130.3777,32.7866],[130.3777,32.7866],[130.3777,32.7866],[130.3778,32.7866],[130.3778,32.7866],[130.3778,32.7865],[130.3778,32.7865],[130.3778,32.7865],[130.3778,32.7865],[130.3778,32.7865],[130.3778,32.7865],[130.3778,32.7865],[130.3778,32.7865],[130.3778,32.7865],[130.3778,32.7865],[130.3778,32.7865],[130.3778,32.7864],[130.3778,32.7864],[130.3778,32.7864],[130.3778,32.7864],[130.3779,32.7864],[130.3779,32.7864],[130.3779,32.7864],[130.3779,32.7864],[130.3779,32.7864],[130.3779,32.7864],[130.3779,32.7864],[130.3779,32.7864],[130.3779,32.7864],[130.3779,32.7863],[130.3779,32.7863],[130.3779,32.7863],[130.3779,32.7863],[130.378,32.7863],[130.378,32.7863],[130.378,32.7863],[130.378,32.7863],[130.378,32.7863],[130.378,32.7863],[130.378,32.7863],[130.378,32.7863],[130.378,32.7863],[130.378,32.7862],[130.378,32.7862],[130.378,32.7862],[130.3781,32.7862],[130.3781,32.7862],[130.3781,32.7862],[130.3781,32.7862],[130.3781,32.7862],[130.3781,32.7862],[130.3781,32.7862],[130.3781,32.7862],[130.3781,32.7862],[130.3781,32.7862],[130.3781,32.7862],[130.3781,32.7862],[130.3781,32.7862],[130.3781,32.7862],[130.3781,32.7862],[130.3781,32.7862],[130.3781,32.7862],[130.3781,32.7862],[130.3781,32.7862],[130.3781,32.7862],[130.3781,32.7861],[130.3781,32.7861],[130.3781,32.7861],[130.3781,32.7861],[130.3781,32.7861],[130.3781,32.7861],[130.3781,32.7861],[130.3781,32.7861],[130.3781,32.7861],[130.3781,32.7861],[130.3781,32.7861],[130.3781,32.7861],[130.3781,32.7861],[130.3781,32.7861],[130.3781,32.7861],[130.3781,32.7861],[130.3781,32.7861],[130.3781,32.7861],[130.3781,32.7861],[130.3781,32.7861],[130.3781,32.7861],[130.3781,32.7861],[130.3781,32.7861],[130.3781,32.7861],[130.3781,32.7861],[130.3781,32.7861],[130.3781,32.7861],[130.3781,32.7861],[130.3781,32.7861],[130.3781,32.7861],[130.3781,32.7861],[130.3781,32.7861],[130.3781,32.7861],[130.3781,32.7861],[130.3781,32.7861],[130.3781,32.7861],[130.3781,32.7861],[130.3781,32.7861],[130.3781,32.7861],[130.3781,32.7861],[130.3781,32.7861],[130.3781,32.7861],[130.3781,32.7861],[130.3781,32.7861],[130.3781,32.7861],[130.3781,32.7861],[130.3781,32.7861],[130.3781,32.7861],[130.3781,32.7861],[130.3781,32.7861],[130.3781,32.7861],[130.3781,32.786],[130.3781,32.786],[130.3782,32.786],[130.3782,32.786],[130.3782,32.786],[130.3782,32.786],[130.3782,32.786],[130.3782,32.786],[130.3782,32.786],[130.3782,32.786],[130.3782,32.786],[130.3782,32.786],[130.3782,32.786],[130.3782,32.786],[130.3783,32.7859],[130.3783,32.7859],[130.3783,32.7859],[130.3783,32.7859],[130.3783,32.7859],[130.3783,32.7859],[130.3783,32.7859],[130.3783,32.7859],[130.3783,32.7859],[130.3784,32.7858],[130.3784,32.7858],[130.3784,32.7858],[130.3784,32.7858],[130.3784,32.7858],[130.3785,32.7858],[130.3785,32.7858],[130.3785,32.7858],[130.3785,32.7857],[130.3785,32.7857],[130.3785,32.7857],[130.3785,32.7857],[130.3785,32.7857],[130.3785,32.7857],[130.3785,32.7857],[130.3785,32.7857],[130.3785,32.7857],[130.3785,32.7857],[130.3785,32.7857],[130.3785,32.7857],[130.3785,32.7857],[130.3785,32.7857],[130.3785,32.7857],[130.3785,32.7857],[130.3785,32.7857],[130.3785,32.7857],[130.3785,32.7857],[130.3786,32.7857],[130.3786,32.7857],[130.3786,32.7857],[130.3786,32.7857],[130.3786,32.7857],[130.3786,32.7857],[130.3786,32.7857],[130.3786,32.7857],[130.3786,32.7857],[130.3786,32.7857],[130.3786,32.7857],[130.3786,32.7857],[130.3786,32.7857],[130.3786,32.7856],[130.3786,32.7856],[130.3786,32.7856],[130.3786,32.7856],[130.3786,32.7856],[130.3786,32.7856],[130.3786,32.7856],[130.3786,32.7856],[130.3786,32.7856],[130.3786,32.7856],[130.3786,32.7856],[130.3786,32.7856],[130.3786,32.7856],[130.3786,32.7856],[130.3786,32.7856],[130.3786,32.7856],[130.3786,32.7856],[130.3786,32.7856],[130.3786,32.7856],[130.3786,32.7856],[130.3786,32.7856],[130.3786,32.7856],[130.3787,32.7856],[130.3787,32.7855],[130.3787,32.7855],[130.3787,32.7855],[130.3787,32.7855],[130.3788,32.7855],[130.3789,32.7854],[130.3789,32.7854],[130.3789,32.7854],[130.3789,32.7854],[130.3789,32.7853],[130.3789,32.7853],[130.3789,32.7853],[130.3789,32.7853],[130.379,32.7853],[130.379,32.7853],[130.379,32.7853],[130.379,32.7853],[130.379,32.7853],[130.379,32.7852],[130.3791,32.7852],[130.3791,32.7852],[130.3791,32.7852],[130.3792,32.7851],[130.3792,32.7851],[130.3792,32.7851],[130.3792,32.7851],[130.3792,32.7851],[130.3792,32.7851],[130.3792,32.7851],[130.3792,32.7851],[130.3792,32.7851],[130.3793,32.7851],[130.3793,32.785],[130.3794,32.785],[130.3794,32.785],[130.3794,32.785],[130.3794,32.785],[130.3794,32.785],[130.3794,32.785],[130.3794,32.785],[130.3794,32.785],[130.3795,32.7849],[130.3796,32.7848],[130.3796,32.7848],[130.3796,32.7848],[130.3796,32.7848],[130.3796,32.7848],[130.3796,32.7848],[130.3796,32.7848],[130.3797,32.7847],[130.3797,32.7847],[130.3797,32.7847],[130.3797,32.7847],[130.3797,32.7847],[130.3797,32.7847],[130.3797,32.7847],[130.3797,32.7847],[130.3797,32.7847],[130.3797,32.7847],[130.3797,32.7847],[130.3797,32.7847],[130.3797,32.7847],[130.3797,32.7847],[130.3798,32.7847],[130.3798,32.7847],[130.3798,32.7846],[130.3799,32.7846],[130.3799,32.7846],[130.3799,32.7846],[130.3799,32.7846],[130.3799,32.7846],[130.3799,32.7846],[130.3799,32.7846],[130.3799,32.7846],[130.3799,32.7846],[130.3799,32.7846],[130.3799,32.7846],[130.3799,32.7846],[130.3799,32.7846],[130.3799,32.7846],[130.3799,32.7846],[130.38,32.7845],[130.38,32.7845],[130.38,32.7845],[130.38,32.7845],[130.38,32.7845],[130.38,32.7845],[130.38,32.7845],[130.38,32.7845],[130.38,32.7845],[130.38,32.7845],[130.38,32.7845],[130.38,32.7845],[130.38,32.7845],[130.38,32.7845],[130.38,32.7845],[130.38,32.7845],[130.38,32.7845],[130.38,32.7845],[130.38,32.7845],[130.38,32.7845],[130.38,32.7845],[130.38,32.7845],[130.38,32.7845],[130.38,32.7845],[130.38,32.7845],[130.38,32.7845],[130.38,32.7845],[130.38,32.7845],[130.38,32.7845],[130.38,32.7845],[130.38,32.7845],[130.38,32.7845],[130.38,32.7845],[130.38,32.7845],[130.38,32.7845],[130.38,32.7845],[130.38,32.7845],[130.38,32.7845],[130.38,32.7845],[130.38,32.7845],[130.3799,32.7845],[130.3799,32.7845],[130.3799,32.7845],[130.3799,32.7845],[130.3799,32.7845],[130.3799,32.7845],[130.3799,32.7845],[130.3799,32.7845],[130.3799,32.7845],[130.3799,32.7845],[130.3799,32.7844],[130.3799,32.7844],[130.3799,32.7844],[130.3799,32.7844],[130.3799,32.7844],[130.3799,32.7844],[130.3799,32.7844],[130.3799,32.7844],[130.3799,32.7844],[130.3798,32.7844],[130.3798,32.7844],[130.3798,32.7844],[130.3798,32.7844],[130.3798,32.7844],[130.3798,32.7844],[130.3798,32.7844],[130.3797,32.7843],[130.3797,32.7843],[130.3797,32.7843],[130.3797,32.7843],[130.3797,32.7843],[130.3797,32.7843],[130.3797,32.7843],[130.3797,32.7843],[130.3796,32.7843],[130.3796,32.7843],[130.3796,32.7843],[130.3796,32.7843],[130.3796,32.7842],[130.3796,32.7842],[130.3796,32.7842],[130.3796,32.7842],[130.3795,32.7842],[130.3795,32.7842],[130.3795,32.7842],[130.3795,32.7842],[130.3795,32.7842],[130.3795,32.7841],[130.3795,32.7841],[130.3795,32.7841],[130.3795,32.7841],[130.3795,32.7841],[130.3795,32.7841],[130.3794,32.7841],[130.3794,32.7841],[130.3794,32.7841],[130.3794,32.784],[130.3794,32.784],[130.3794,32.784],[130.3794,32.784],[130.3794,32.784],[130.3794,32.784],[130.3794,32.784],[130.3793,32.784],[130.3793,32.7839],[130.3793,32.7839],[130.3793,32.7839],[130.3793,32.7839],[130.3793,32.7839],[130.3793,32.7839],[130.3793,32.7839],[130.3793,32.7839],[130.3793,32.7839],[130.3793,32.7839],[130.3793,32.7839],[130.3793,32.7839],[130.3793,32.7839],[130.3793,32.7839],[130.3793,32.7839],[130.3793,32.7839],[130.3793,32.7839],[130.3793,32.7839],[130.3793,32.7839],[130.3793,32.7839],[130.3793,32.7839],[130.3793,32.7839],[130.3793,32.7839],[130.3792,32.7839],[130.3792,32.7839],[130.3792,32.7839],[130.3792,32.7839],[130.3792,32.7839],[130.3791,32.7838],[130.3791,32.7838],[130.379,32.7838],[130.379,32.7837],[130.3789,32.7836],[130.3788,32.7836],[130.3787,32.7835],[130.3786,32.7835],[130.3786,32.7835],[130.3786,32.7835],[130.3785,32.7835],[130.3785,32.7835],[130.3785,32.7836],[130.3784,32.7836],[130.3784,32.7836],[130.3784,32.7837],[130.3785,32.7837],[130.3785,32.7838],[130.3785,32.7838],[130.3785,32.7838],[130.3786,32.7838],[130.3786,32.7838],[130.3786,32.7838],[130.3787,32.7838],[130.3787,32.7839],[130.3787,32.7839],[130.3787,32.7839],[130.3787,32.7839],[130.3788,32.7839],[130.3788,32.784],[130.3788,32.784],[130.3788,32.784],[130.3788,32.7841],[130.3789,32.7841],[130.3789,32.7842],[130.3789,32.7842],[130.3789,32.7842],[130.3789,32.7842],[130.379,32.7843],[130.3789,32.7844],[130.3788,32.7845],[130.3787,32.7845],[130.3786,32.7847],[130.3786,32.7847],[130.3785,32.7848],[130.3785,32.7848],[130.3783,32.7851],[130.3783,32.7851],[130.3783,32.7851],[130.3783,32.7851],[130.3783,32.7851],[130.3783,32.7851],[130.3783,32.7851],[130.3783,32.7851],[130.3783,32.7851],[130.3783,32.7851],[130.3783,32.7851],[130.3783,32.7851],[130.3783,32.7851],[130.3783,32.7851],[130.3783,32.7851],[130.3783,32.7851],[130.3783,32.7851],[130.3783,32.7851],[130.3783,32.7851],[130.3784,32.7851],[130.3784,32.7851],[130.3784,32.7851],[130.3784,32.7851],[130.3784,32.7851],[130.3784,32.7852],[130.3784,32.7852],[130.3784,32.7852],[130.3784,32.7852],[130.3784,32.7852],[130.3785,32.7852],[130.3785,32.7852],[130.3785,32.7852],[130.3785,32.7852],[130.3785,32.7852],[130.3785,32.7852],[130.3785,32.7854],[130.3785,32.7854],[130.3785,32.7855],[130.3785,32.7855],[130.3784,32.7855],[130.3784,32.7855],[130.3784,32.7855],[130.3784,32.7855],[130.3784,32.7855],[130.3784,32.7856],[130.3784,32.7856],[130.3784,32.7856],[130.3784,32.7856],[130.3784,32.7857],[130.3783,32.7857],[130.3783,32.7857],[130.3783,32.7857],[130.3783,32.7857],[130.3783,32.7857],[130.3783,32.7857],[130.3783,32.7857],[130.3782,32.7857],[130.3782,32.7857],[130.3782,32.7858],[130.3781,32.7858],[130.3781,32.7858],[130.3781,32.7858],[130.3781,32.7858],[130.3781,32.7859],[130.3781,32.7859],[130.3781,32.7859],[130.3781,32.7859],[130.3781,32.7859],[130.3781,32.7859],[130.3781,32.7859],[130.378,32.7859],[130.378,32.7859],[130.378,32.7859],[130.378,32.7859],[130.378,32.7859],[130.378,32.7859],[130.378,32.7859],[130.378,32.786],[130.378,32.786],[130.378,32.786],[130.378,32.786],[130.378,32.786],[130.378,32.786],[130.3779,32.786],[130.3778,32.7861],[130.3778,32.7862],[130.3777,32.7862],[130.3776,32.7863],[130.3776,32.7863],[130.3775,32.7864],[130.3775,32.7865],[130.3774,32.7865],[130.3774,32.7866],[130.3774,32.7866],[130.3774,32.7866],[130.3774,32.7866],[130.3773,32.7868],[130.3773,32.7868],[130.3773,32.7869],[130.3773,32.7869],[130.3773,32.787],[130.3773,32.787],[130.3773,32.7871],[130.3773,32.7872],[130.3772,32.7873],[130.3772,32.7874],[130.3772,32.7874],[130.3772,32.7874],[130.3772,32.7874],[130.3772,32.7874],[130.3772,32.7874],[130.3772,32.7874],[130.3772,32.7874],[130.3772,32.7874],[130.3772,32.7875],[130.3772,32.7875],[130.3772,32.7876],[130.3772,32.7876],[130.3772,32.7876],[130.3771,32.7876],[130.3771,32.7877],[130.3771,32.7877],[130.3771,32.7877],[130.3771,32.7877],[130.3771,32.7877],[130.3771,32.7878],[130.3771,32.7878],[130.3771,32.7878],[130.3771,32.7878],[130.3771,32.7878],[130.3771,32.7878],[130.3771,32.7878],[130.3771,32.7878],[130.3771,32.7878],[130.3771,32.7878],[130.3772,32.7878],[130.3772,32.7878],[130.3772,32.7878],[130.3772,32.7878],[130.3772,32.7877],[130.3772,32.7877],[130.3772,32.7877],[130.3772,32.7877],[130.3773,32.7877],[130.3773,32.7877],[130.3773,32.7876],[130.3774,32.7876],[130.3774,32.7876],[130.3774,32.7876],[130.3774,32.7876],[130.3775,32.7875],[130.3775,32.7875],[130.3776,32.7875],[130.3776,32.7875],[130.3776,32.7875],[130.3776,32.7875],[130.3776,32.7875],[130.3776,32.7875],[130.3777,32.7875],[130.3778,32.7875],[130.3778,32.7875],[130.3778,32.7877],[130.3777,32.7877],[130.3777,32.7876],[130.3776,32.7876],[130.3776,32.7876],[130.3776,32.7876],[130.3776,32.7876],[130.3776,32.7876],[130.3776,32.7876],[130.3776,32.7876],[130.3776,32.7876],[130.3776,32.7876],[130.3775,32.7876],[130.3775,32.7877],[130.3775,32.7877],[130.3774,32.7877],[130.3774,32.7878],[130.3773,32.7879],[130.3772,32.7879],[130.3771,32.788],[130.3771,32.788],[130.3771,32.788],[130.3771,32.788],[130.377,32.788],[130.377,32.788],[130.377,32.788],[130.3769,32.7881],[130.3769,32.7881],[130.3769,32.7881],[130.3769,32.7881],[130.3769,32.7881],[130.3769,32.7881],[130.3769,32.7881],[130.377,32.7881],[130.377,32.7881],[130.377,32.7881],[130.377,32.7882],[130.377,32.7882],[130.377,32.7882],[130.377,32.7882],[130.377,32.7883],[130.377,32.7883],[130.377,32.7883],[130.377,32.7883],[130.377,32.7884],[130.377,32.7884],[130.377,32.7884],[130.377,32.7884],[130.377,32.7884],[130.3769,32.7884],[130.3769,32.7884],[130.3769,32.7884],[130.3769,32.7884],[130.3769,32.7883],[130.3768,32.7883],[130.3768,32.7883],[130.3768,32.7883],[130.3768,32.7883],[130.3768,32.7883],[130.3768,32.7883],[130.3768,32.7884],[130.3768,32.7884],[130.3768,32.7884],[130.3768,32.7884],[130.3768,32.7884],[130.3768,32.7884],[130.3768,32.7884],[130.3768,32.7884],[130.3768,32.7884],[130.3768,32.7884],[130.3768,32.7885],[130.3768,32.7885],[130.3768,32.7885],[130.3768,32.7885],[130.3767,32.7885],[130.3765,32.7884],[130.376,32.7882],[130.376,32.7882],[130.3759,32.7882],[130.3758,32.7882],[130.3757,32.7883],[130.3757,32.7883],[130.3755,32.7884],[130.3754,32.7884],[130.3752,32.7885],[130.3751,32.7885],[130.375,32.7885],[130.3749,32.7885],[130.3746,32.7886],[130.3743,32.7886],[130.3743,32.7886],[130.3742,32.7886],[130.374,32.789],[130.374,32.789],[130.374,32.789],[130.3741,32.7886],[130.3739,32.7886],[130.3739,32.7886],[130.3738,32.7886],[130.3737,32.7886],[130.3735,32.7886],[130.3734,32.7886],[130.3733,32.7886],[130.3732,32.7886],[130.3731,32.7886],[130.373,32.7886],[130.3729,32.7886],[130.3728,32.7886],[130.3728,32.7886],[130.3727,32.7886],[130.3726,32.7885],[130.3725,32.7885],[130.3725,32.7885],[130.3724,32.7885],[130.3724,32.7885],[130.3722,32.7884],[130.3721,32.7884],[130.372,32.7884],[130.372,32.7884],[130.3719,32.7884],[130.3718,32.7883],[130.3716,32.7882],[130.3716,32.7882],[130.3714,32.7881],[130.3715,32.7881],[130.3715,32.788],[130.3716,32.7881],[130.3716,32.7881],[130.3719,32.7881],[130.3721,32.7882],[130.3721,32.7882],[130.3722,32.7882],[130.3722,32.7882],[130.3722,32.7882],[130.3722,32.7882],[130.3724,32.7882],[130.3725,32.7882],[130.3726,32.7883],[130.3727,32.7883],[130.3728,32.7883],[130.3729,32.7883],[130.373,32.7883],[130.3732,32.7883],[130.3734,32.7883],[130.3735,32.7883],[130.3738,32.7882],[130.3739,32.7882],[130.374,32.7882],[130.3742,32.7882],[130.3743,32.7881],[130.3745,32.7881],[130.3747,32.7881],[130.3748,32.7881],[130.3748,32.7881],[130.3749,32.788],[130.3749,32.788],[130.375,32.788],[130.3751,32.7879],[130.3753,32.7879],[130.3754,32.7878],[130.3754,32.7877],[130.3754,32.7877],[130.3754,32.7877],[130.3754,32.7877],[130.3754,32.7876],[130.3754,32.7876],[130.3754,32.7875],[130.3754,32.7875],[130.3754,32.7875],[130.3754,32.7874],[130.3754,32.7874],[130.3754,32.7874],[130.3753,32.7873],[130.3753,32.7873],[130.3753,32.7872],[130.3752,32.7872],[130.3752,32.7871],[130.3752,32.7871],[130.3751,32.787],[130.3751,32.787],[130.3751,32.787],[130.375,32.7869],[130.3749,32.7869],[130.3749,32.7868],[130.3747,32.7867],[130.3746,32.7867],[130.3745,32.7866],[130.3745,32.7866],[130.3744,32.7866],[130.3742,32.7866],[130.3742,32.7867],[130.3742,32.7867],[130.3742,32.7866],[130.3741,32.7866],[130.3739,32.7867],[130.3739,32.7867],[130.3729,32.7867],[130.3729,32.7867],[130.3727,32.7866],[130.3725,32.7866],[130.3725,32.7866],[130.3725,32.7866],[130.3725,32.7865],[130.3725,32.7865],[130.3725,32.7865],[130.3726,32.7864],[130.3727,32.7864],[130.3738,32.7865],[130.3739,32.7865],[130.3739,32.7864],[130.3739,32.7864],[130.374,32.7864],[130.374,32.7863],[130.374,32.7863],[130.374,32.7863],[130.3741,32.7863],[130.3741,32.7863],[130.3742,32.7863],[130.3743,32.7863],[130.3743,32.7863],[130.3744,32.7863],[130.3745,32.7863],[130.3746,32.7863],[130.3747,32.7863],[130.3747,32.7863],[130.3748,32.7863],[130.3748,32.7863],[130.375,32.7863],[130.375,32.7862],[130.3751,32.7862],[130.3751,32.7862],[130.3752,32.7862],[130.3752,32.7862],[130.3753,32.7862],[130.3753,32.7862],[130.3754,32.7862],[130.3755,32.7862],[130.3755,32.7861],[130.3756,32.7861],[130.3756,32.7861],[130.3756,32.7861],[130.3756,32.7861],[130.3756,32.7861],[130.3756,32.7861],[130.3756,32.786],[130.3757,32.786],[130.3757,32.786],[130.3759,32.786],[130.376,32.7859],[130.3762,32.7859],[130.3762,32.7859],[130.3763,32.7859],[130.3763,32.7858],[130.3763,32.7858],[130.3764,32.7858],[130.3764,32.7857],[130.3764,32.7857],[130.3764,32.7857],[130.3765,32.7856],[130.3765,32.7856],[130.3766,32.7855],[130.3766,32.7854],[130.3767,32.7853],[130.3768,32.7852],[130.3771,32.7846],[130.3772,32.7846],[130.3775,32.7846],[130.3776,32.7846],[130.3777,32.7846],[130.3778,32.7845],[130.3779,32.7845],[130.3779,32.7844],[130.3779,32.7844],[130.378,32.7843],[130.378,32.7843],[130.378,32.7843],[130.378,32.7843],[130.378,32.7843],[130.378,32.7843],[130.3781,32.7843],[130.3781,32.7843],[130.3781,32.7842],[130.3781,32.7842],[130.3781,32.7842],[130.3781,32.7842],[130.3781,32.7842],[130.3781,32.7842],[130.3781,32.7842],[130.3781,32.7842],[130.3781,32.7842],[130.3781,32.7842],[130.3781,32.7842],[130.3781,32.7842],[130.3781,32.7841],[130.3781,32.7841],[130.3781,32.7841],[130.3781,32.7841],[130.3782,32.7841],[130.3782,32.784],[130.3782,32.784],[130.3782,32.784],[130.3781,32.7838],[130.3781,32.7837],[130.3781,32.7837],[130.378,32.7837],[130.378,32.7836],[130.3779,32.7834],[130.3779,32.7833],[130.3779,32.7833],[130.3778,32.7832],[130.3778,32.7832],[130.3778,32.783],[130.3778,32.783],[130.3777,32.7829],[130.3777,32.7828],[130.3777,32.7828],[130.3778,32.7828],[130.3778,32.7827],[130.3779,32.7827],[130.3779,32.7826],[130.378,32.7826],[130.3781,32.7825],[130.3781,32.7824],[130.3781,32.7824],[130.3781,32.7824],[130.3781,32.7824],[130.3781,32.7823],[130.3781,32.7822],[130.3781,32.7821],[130.378,32.7821],[130.378,32.782],[130.378,32.782],[130.3779,32.7817],[130.3779,32.7817],[130.378,32.7817],[130.378,32.7817],[130.3779,32.7817],[130.3779,32.7816],[130.378,32.7816],[130.378,32.7813],[130.378,32.781],[130.378,32.7808],[130.3782,32.7808],[130.3782,32.7807],[130.3782,32.7805],[130.3782,32.7805],[130.3782,32.7799],[130.3783,32.7799],[130.3784,32.7798],[130.3785,32.7798],[130.3786,32.7798],[130.3787,32.7798],[130.379,32.7798],[130.3793,32.7798],[130.3793,32.7798],[130.3796,32.7798],[130.3801,32.7798],[130.3804,32.7798],[130.3808,32.7798],[130.3812,32.7798],[130.3817,32.7798],[130.3819,32.7798],[130.3819,32.7796],[130.3819,32.7789],[130.3819,32.7785],[130.3816,32.7781],[130.3812,32.7777],[130.3812,32.7777],[130.3811,32.7778],[130.3816,32.7783],[130.3819,32.7785],[130.3819,32.7788],[130.3819,32.7793],[130.3819,32.7796],[130.3818,32.7796],[130.3816,32.7796],[130.3815,32.7796],[130.3815,32.7794],[130.3815,32.7794],[130.3815,32.7792],[130.3814,32.7792],[130.3814,32.7794],[130.3814,32.7794],[130.3814,32.7796],[130.3814,32.7796],[130.3814,32.7796],[130.381,32.7796],[130.381,32.7794],[130.381,32.779],[130.381,32.7788],[130.3806,32.7788],[130.3802,32.7788],[130.3802,32.7788],[130.3802,32.7786],[130.3803,32.7786],[130.3803,32.778],[130.3802,32.778],[130.3802,32.7786],[130.3802,32.7786],[130.3802,32.7788],[130.3802,32.7788],[130.3801,32.7787],[130.3802,32.7784],[130.3802,32.778],[130.3797,32.778],[130.3797,32.7784],[130.3797,32.7787],[130.3796,32.7787],[130.3794,32.7787],[130.3791,32.7787],[130.3787,32.7787],[130.3787,32.7783],[130.3785,32.7783],[130.3784,32.7783],[130.3783,32.7783],[130.3783,32.7782],[130.3783,32.7781],[130.3783,32.7781],[130.3784,32.7781],[130.3785,32.7781],[130.3785,32.7781],[130.3788,32.7781],[130.3791,32.7781],[130.3791,32.7781],[130.3785,32.7781],[130.3784,32.7781],[130.3783,32.7781],[130.3784,32.7779],[130.3785,32.7778],[130.3785,32.7778],[130.3785,32.7778],[130.3784,32.7778],[130.3782,32.7781],[130.3782,32.7781],[130.3782,32.7781],[130.3782,32.7781],[130.3782,32.7783],[130.3781,32.7782],[130.378,32.7782],[130.3779,32.7781],[130.378,32.778],[130.3781,32.7779],[130.3781,32.7779],[130.3781,32.7779],[130.3781,32.7779],[130.378,32.778],[130.3779,32.7779],[130.3776,32.7779],[130.3776,32.7779],[130.3775,32.7779],[130.3774,32.7779],[130.3771,32.7779],[130.3769,32.7779],[130.3769,32.7779],[130.3768,32.7779],[130.3767,32.7778],[130.3767,32.7778],[130.3767,32.7778],[130.3764,32.7776],[130.3764,32.7776],[130.3763,32.7776],[130.3763,32.7776],[130.3762,32.7776],[130.3762,32.7776],[130.3762,32.7776],[130.3762,32.7776],[130.3762,32.7776],[130.3762,32.7778],[130.3762,32.7779],[130.3762,32.7781],[130.3762,32.7783],[130.3762,32.7784],[130.3762,32.7785],[130.3762,32.7785],[130.3762,32.7786],[130.3761,32.7787],[130.3761,32.7787],[130.3761,32.7788],[130.3761,32.7789],[130.3761,32.779],[130.3761,32.7791],[130.3761,32.7791],[130.3758,32.7791],[130.3757,32.7791],[130.3757,32.779],[130.3757,32.779],[130.3757,32.779],[130.3757,32.7789],[130.3757,32.7789],[130.3757,32.7789],[130.3757,32.7789],[130.3757,32.7789],[130.3757,32.7789],[130.3757,32.7788],[130.3757,32.7788],[130.3757,32.7787],[130.3758,32.7787],[130.3758,32.7787],[130.3758,32.7787],[130.3755,32.7787],[130.3755,32.7787],[130.3755,32.7787],[130.3754,32.7787],[130.3755,32.7787],[130.3755,32.7786],[130.3755,32.7786],[130.3755,32.7786],[130.3755,32.7786],[130.3757,32.7786],[130.3757,32.7785],[130.3757,32.7785],[130.3758,32.7784],[130.3758,32.7784],[130.3758,32.7783],[130.3756,32.7783],[130.3756,32.7783],[130.3756,32.7783],[130.3755,32.7783],[130.3755,32.7783],[130.3754,32.7783],[130.3754,32.7782],[130.3754,32.7781],[130.3754,32.7781],[130.3754,32.7781],[130.3754,32.778],[130.3755,32.778],[130.3755,32.778],[130.3756,32.7779],[130.3756,32.7778],[130.3756,32.7778],[130.3756,32.7778],[130.3756,32.7777],[130.3755,32.7777],[130.3755,32.7777],[130.3756,32.7777],[130.3756,32.7776],[130.3756,32.7775],[130.3756,32.7774],[130.3756,32.7774],[130.3756,32.7774],[130.3756,32.7774],[130.3756,32.7773],[130.3756,32.7774],[130.3757,32.7772],[130.3758,32.7773],[130.3759,32.7773],[130.376,32.7773],[130.3761,32.7773],[130.3762,32.7774],[130.3762,32.7774],[130.3762,32.7774],[130.3762,32.7774],[130.3762,32.7774],[130.3763,32.7774],[130.3763,32.7774],[130.3764,32.7774],[130.3763,32.7774],[130.3764,32.7774],[130.3765,32.7774],[130.3768,32.7774],[130.3768,32.7774],[130.377,32.7774],[130.3774,32.7774],[130.3777,32.7774],[130.3783,32.7775],[130.3783,32.7774],[130.3783,32.7772],[130.3783,32.7771],[130.3783,32.7772],[130.3781,32.7771],[130.378,32.7771],[130.3779,32.7771],[130.3779,32.7771],[130.3779,32.7771],[130.3778,32.7768],[130.3777,32.7767],[130.3777,32.7767],[130.3778,32.7768],[130.3779,32.7771],[130.3778,32.7771],[130.3778,32.7771],[130.3778,32.7771],[130.3774,32.7771],[130.3773,32.777],[130.3773,32.777],[130.3769,32.777],[130.3769,32.7769],[130.3768,32.7768],[130.3767,32.7763],[130.3766,32.7763],[130.3766,32.7761],[130.3765,32.7758],[130.3765,32.7758],[130.3768,32.7757],[130.3768,32.7757],[130.3769,32.7756],[130.3769,32.7756],[130.3769,32.7755],[130.3769,32.7755],[130.3769,32.7754],[130.3769,32.7754],[130.3769,32.7753],[130.3769,32.7753],[130.3769,32.7753],[130.3768,32.7752],[130.3766,32.775],[130.3766,32.775],[130.3766,32.775],[130.3765,32.775],[130.3765,32.775],[130.3764,32.775],[130.3765,32.7749],[130.3765,32.7749],[130.3764,32.7749],[130.3764,32.7749],[130.3764,32.775],[130.3763,32.7749],[130.3763,32.7749],[130.376,32.7749],[130.376,32.7749],[130.376,32.7748],[130.376,32.7748],[130.376,32.7748],[130.376,32.7748],[130.376,32.7748],[130.376,32.7747],[130.376,32.7747],[130.376,32.7747],[130.376,32.7747],[130.376,32.7746],[130.376,32.7746],[130.376,32.7746],[130.376,32.7746],[130.376,32.7745],[130.3759,32.7745],[130.3759,32.7744],[130.3759,32.7744],[130.3759,32.7744],[130.3756,32.774],[130.3756,32.7739],[130.3757,32.7739],[130.3756,32.7738],[130.3755,32.7735],[130.3754,32.7736],[130.3753,32.7735],[130.3752,32.7734],[130.3752,32.7734],[130.3751,32.7734],[130.375,32.7733],[130.375,32.7733],[130.3749,32.7733],[130.3747,32.7732],[130.3747,32.7732],[130.3747,32.7732],[130.3747,32.7732],[130.3747,32.7734],[130.3747,32.7734],[130.3747,32.7734],[130.3747,32.7734],[130.3747,32.7736],[130.3748,32.7736],[130.3748,32.7736],[130.3748,32.7736],[130.3748,32.7737],[130.3748,32.7737],[130.3749,32.7738],[130.3748,32.7738],[130.3749,32.7739],[130.3749,32.7739],[130.3749,32.7739],[130.3749,32.7739],[130.3749,32.7739],[130.3749,32.774],[130.3749,32.774],[130.3748,32.7742],[130.3748,32.7742],[130.3748,32.7742],[130.3748,32.7742],[130.3747,32.7743],[130.3747,32.7744],[130.3747,32.7745],[130.3746,32.7745],[130.3746,32.7745],[130.3745,32.7746],[130.3742,32.7747],[130.3742,32.7747],[130.3741,32.7746],[130.3741,32.7746],[130.374,32.7746],[130.374,32.7746],[130.374,32.7746],[130.3742,32.7743],[130.3742,32.7742],[130.3741,32.7742],[130.3742,32.7741],[130.3742,32.7741],[130.3742,32.7739],[130.3742,32.7737],[130.3742,32.7735],[130.3742,32.7734],[130.3742,32.7734],[130.3742,32.7733],[130.3742,32.7733],[130.3742,32.7732],[130.3742,32.7731],[130.3743,32.7731],[130.3743,32.773],[130.3743,32.773],[130.3744,32.7729],[130.3745,32.7729],[130.3745,32.7728],[130.3746,32.7727],[130.3747,32.7726],[130.3747,32.7725],[130.3747,32.7725],[130.3747,32.7724],[130.3747,32.7724],[130.3747,32.7723],[130.3748,32.7723],[130.3748,32.7723],[130.375,32.7719],[130.3751,32.7718],[130.3751,32.7716],[130.3752,32.7714],[130.3752,32.7713],[130.3753,32.7711],[130.3753,32.7709],[130.3753,32.7708],[130.3753,32.7708],[130.3752,32.7708],[130.3752,32.7708],[130.375,32.7707],[130.375,32.7707],[130.3748,32.7708],[130.3747,32.7709],[130.3745,32.771],[130.3744,32.7712],[130.3743,32.7713],[130.3742,32.7713],[130.3741,32.7714],[130.3741,32.7714],[130.374,32.7715],[130.374,32.7715],[130.374,32.7715],[130.3739,32.7714],[130.3739,32.7714],[130.3739,32.7714],[130.3738,32.7713],[130.3738,32.7712],[130.3738,32.7712],[130.3738,32.7712],[130.3738,32.7711],[130.3738,32.771],[130.3738,32.7709],[130.3738,32.7708],[130.3738,32.7708],[130.3738,32.7707],[130.3737,32.7706],[130.3737,32.7705],[130.3737,32.7704],[130.3736,32.7704],[130.3736,32.7703],[130.3736,32.7703],[130.3736,32.7703],[130.3735,32.7702],[130.3735,32.7702],[130.3735,32.7702],[130.3735,32.7702],[130.3735,32.7701],[130.3734,32.77],[130.3734,32.7699],[130.3734,32.7699],[130.3733,32.7697],[130.3732,32.7694],[130.373,32.7692],[130.373,32.7692],[130.373,32.7692],[130.373,32.7692],[130.3729,32.7692],[130.3729,32.7691],[130.3729,32.7691],[130.3728,32.7691],[130.3726,32.7689],[130.3725,32.7688],[130.3724,32.7688],[130.3728,32.7685],[130.3728,32.7685],[130.3729,32.7686],[130.3729,32.7686],[130.3729,32.7686],[130.373,32.7686],[130.373,32.7687],[130.373,32.7687],[130.3731,32.7687],[130.3731,32.7687],[130.3732,32.7688],[130.3733,32.7688],[130.3733,32.7689],[130.3734,32.7689],[130.3735,32.7689],[130.3735,32.7689],[130.3736,32.7689],[130.3736,32.7689],[130.3737,32.7689],[130.3738,32.7688],[130.3739,32.7688],[130.3739,32.7688],[130.374,32.7687],[130.374,32.7687],[130.3741,32.7687],[130.3741,32.7686],[130.3741,32.7686],[130.3741,32.7685],[130.3741,32.7684],[130.3741,32.7684],[130.3741,32.7684],[130.374,32.7683],[130.374,32.7683],[130.3739,32.7681],[130.3739,32.7681],[130.3738,32.7681],[130.3737,32.7681],[130.3736,32.7681],[130.3736,32.7681],[130.3735,32.7682],[130.3735,32.7682],[130.3735,32.7682],[130.3735,32.7682],[130.3735,32.7682],[130.3735,32.7682],[130.3735,32.7681],[130.3735,32.7681],[130.3735,32.768],[130.3734,32.768],[130.3734,32.768],[130.3734,32.768],[130.3734,32.768],[130.3737,32.7679],[130.3745,32.7676],[130.3742,32.767],[130.3741,32.7668],[130.3741,32.7668],[130.3741,32.7668],[130.3741,32.7668],[130.3741,32.7668],[130.3741,32.7668],[130.374,32.7669],[130.374,32.7669],[130.374,32.7668],[130.3739,32.7668],[130.3739,32.7667],[130.3738,32.7666],[130.3738,32.7666],[130.3738,32.7665],[130.3738,32.7665],[130.3737,32.7663],[130.3736,32.7661],[130.3733,32.7657],[130.3731,32.7657],[130.3732,32.7662],[130.3732,32.7666],[130.3732,32.7666],[130.3732,32.7667],[130.3732,32.7667],[130.3732,32.7667],[130.3732,32.7668],[130.3732,32.767],[130.3732,32.767],[130.3732,32.767],[130.3732,32.767],[130.3731,32.7667],[130.3731,32.7667],[130.3731,32.7667],[130.3731,32.7666],[130.373,32.7666],[130.373,32.7667],[130.373,32.7667],[130.373,32.7667],[130.3726,32.7667],[130.3726,32.7667],[130.3725,32.7667],[130.3723,32.7667],[130.3722,32.7666],[130.3717,32.7664],[130.3716,32.7664],[130.3716,32.7664],[130.3715,32.7663],[130.3714,32.7661],[130.3714,32.7661],[130.3713,32.766],[130.3712,32.7658],[130.3712,32.7658],[130.3712,32.7658],[130.3711,32.7657],[130.3711,32.7657],[130.3711,32.7657],[130.371,32.7655],[130.3709,32.7651],[130.3709,32.7651],[130.3709,32.7649],[130.3709,32.7648],[130.3709,32.7648],[130.3708,32.7647],[130.3707,32.7646],[130.3707,32.7646],[130.3706,32.7642],[130.3707,32.7642],[130.3707,32.7642],[130.3707,32.7642],[130.3707,32.7642],[130.3708,32.7641],[130.3708,32.7641],[130.3708,32.7641],[130.3708,32.7637],[130.3708,32.7636],[130.3708,32.7635],[130.3709,32.7635],[130.3709,32.7633],[130.3709,32.7631],[130.371,32.763],[130.371,32.763],[130.371,32.763],[130.371,32.7629],[130.3711,32.7628],[130.3712,32.7627],[130.3712,32.7627],[130.3713,32.7626],[130.3713,32.7626],[130.3713,32.7626],[130.3713,32.7625],[130.3713,32.7625],[130.3713,32.7625],[130.3712,32.7624],[130.3711,32.7624],[130.371,32.7623],[130.371,32.7623],[130.3709,32.7622],[130.3709,32.7623],[130.3709,32.7623],[130.3708,32.7623],[130.3708,32.7622],[130.3706,32.7623],[130.3704,32.7623],[130.3703,32.7624],[130.3703,32.7624],[130.3701,32.7625],[130.3699,32.7626],[130.3697,32.7625],[130.3696,32.7624],[130.3696,32.7624],[130.3694,32.7626],[130.3692,32.7629],[130.3691,32.763],[130.3689,32.7632],[130.3689,32.7635],[130.3684,32.7635],[130.3684,32.7634],[130.3684,32.7633],[130.3685,32.7632],[130.3685,32.763],[130.3684,32.763],[130.3684,32.763],[130.3684,32.763],[130.3683,32.7629],[130.3683,32.7628],[130.3682,32.7628],[130.3681,32.7627],[130.368,32.7627],[130.3679,32.7626],[130.3678,32.7625],[130.3676,32.7624],[130.3676,32.7623],[130.3675,32.7623],[130.3676,32.7621],[130.3677,32.7619],[130.3679,32.7616],[130.3681,32.7613],[130.3676,32.7609],[130.3671,32.7606],[130.3668,32.7604],[130.3667,32.7603],[130.3666,32.7603],[130.3665,32.7602],[130.3664,32.7602],[130.366,32.76],[130.3658,32.76],[130.3656,32.7599],[130.3656,32.7599],[130.3655,32.7599],[130.3654,32.7599],[130.3654,32.7599],[130.3652,32.7599],[130.3653,32.7594],[130.3656,32.7594],[130.3656,32.7592],[130.3656,32.7591],[130.3656,32.759],[130.3657,32.7585],[130.3657,32.7584],[130.3657,32.7583],[130.3657,32.7583],[130.3658,32.7583],[130.3665,32.7583],[130.3665,32.7583],[130.3665,32.7583],[130.3666,32.7582],[130.3665,32.7578],[130.3665,32.7574],[130.3666,32.7573],[130.3667,32.7573],[130.3667,32.7572],[130.3668,32.7572],[130.3668,32.7572],[130.3668,32.7571],[130.3667,32.7571],[130.3667,32.757],[130.3668,32.7566],[130.3668,32.7565],[130.367,32.7565],[130.3672,32.7562],[130.3672,32.7562],[130.3673,32.7561],[130.3673,32.7561],[130.3674,32.7561],[130.3675,32.7561],[130.3678,32.7562],[130.3678,32.7564],[130.3677,32.757],[130.3677,32.7575],[130.3677,32.7581],[130.3677,32.7582],[130.3677,32.7582],[130.3677,32.7583],[130.3677,32.7583],[130.3678,32.7584],[130.3678,32.7585],[130.3678,32.7586],[130.3678,32.7586],[130.3679,32.7588],[130.3692,32.7582],[130.3693,32.7575],[130.3693,32.7571],[130.3694,32.7567],[130.3694,32.7562],[130.3691,32.7562],[130.3691,32.7562],[130.369,32.7562],[130.3689,32.7561],[130.3688,32.7561],[130.3688,32.7561],[130.3688,32.756],[130.3689,32.7555],[130.3686,32.7555],[130.3686,32.7555],[130.3686,32.7555],[130.3686,32.7553],[130.3686,32.7553],[130.3685,32.7553],[130.3684,32.7553],[130.3683,32.7554],[130.3675,32.7555],[130.3677,32.7552],[130.3677,32.7552],[130.3677,32.755],[130.3677,32.7547],[130.3676,32.7547],[130.3676,32.7546],[130.3676,32.7546],[130.3677,32.754],[130.3677,32.7536],[130.3678,32.7534],[130.3678,32.7532],[130.3678,32.7531],[130.3678,32.7532],[130.3678,32.7533],[130.3677,32.7535],[130.3677,32.7536],[130.3677,32.7539],[130.3677,32.754],[130.3677,32.7541],[130.368,32.7541],[130.368,32.7539],[130.3683,32.7539],[130.3687,32.7538],[130.3689,32.7538],[130.3691,32.7537],[130.3691,32.7534],[130.3691,32.7533],[130.3691,32.7532],[130.3691,32.753],[130.3691,32.7529],[130.369,32.7525],[130.3687,32.7525],[130.3684,32.7525],[130.3682,32.7525],[130.368,32.7525],[130.368,32.7524],[130.368,32.7524],[130.368,32.7524],[130.3679,32.7524],[130.3679,32.7523],[130.3678,32.752],[130.3675,32.7521],[130.3669,32.7522],[130.3667,32.752],[130.3665,32.7516],[130.3664,32.7517],[130.3662,32.7518],[130.366,32.7518],[130.3659,32.7519],[130.3658,32.7519],[130.3657,32.7521],[130.3656,32.7522],[130.3655,32.7523],[130.3654,32.7524],[130.3653,32.7524],[130.3652,32.7525],[130.3651,32.7525],[130.365,32.7525],[130.3645,32.7527],[130.3642,32.7528],[130.3641,32.7528],[130.364,32.7529],[130.3639,32.753],[130.3638,32.7531],[130.3637,32.7532],[130.3636,32.7533],[130.3635,32.7534],[130.3638,32.7538],[130.364,32.7541],[130.3641,32.7542],[130.3642,32.7544],[130.3643,32.7545],[130.3644,32.7547],[130.3648,32.7552],[130.3648,32.7553],[130.3649,32.7553],[130.3649,32.7554],[130.3649,32.7557],[130.3649,32.7557],[130.3649,32.7559],[130.365,32.7561],[130.365,32.7563],[130.365,32.7563],[130.3655,32.7563],[130.3658,32.7563],[130.3659,32.7564],[130.3659,32.7565],[130.3659,32.7565],[130.3659,32.7566],[130.3659,32.7566],[130.3658,32.7575],[130.3655,32.7579],[130.3653,32.7579],[130.3653,32.7582],[130.3652,32.7584],[130.3652,32.7585],[130.3652,32.7586],[130.3652,32.7586],[130.3651,32.7587],[130.3649,32.7588],[130.3647,32.7589],[130.3647,32.7589],[130.3646,32.7589],[130.3646,32.759],[130.3645,32.759],[130.3644,32.7592],[130.3643,32.7593],[130.3643,32.7594],[130.3643,32.7594],[130.3643,32.7596],[130.3644,32.7598],[130.3646,32.7598],[130.3646,32.7601],[130.3646,32.7601],[130.3647,32.7601],[130.3647,32.7602],[130.3647,32.7602],[130.3647,32.7603],[130.3646,32.7603],[130.3646,32.7604],[130.3645,32.7605],[130.3645,32.7605],[130.3646,32.761],[130.3646,32.761],[130.3645,32.761],[130.3645,32.761],[130.3646,32.7611],[130.3645,32.7612],[130.3645,32.7613],[130.3643,32.7615],[130.3643,32.7616],[130.3642,32.7619],[130.3642,32.7619],[130.3642,32.762],[130.3643,32.762],[130.3644,32.7621],[130.3644,32.7621],[130.3645,32.7622],[130.3645,32.7622],[130.3645,32.7624],[130.3645,32.7625],[130.3646,32.7626],[130.3645,32.7626],[130.3644,32.7627],[130.3644,32.7628],[130.3644,32.7629],[130.3644,32.763],[130.3644,32.7631],[130.3648,32.7631],[130.3653,32.7632],[130.3655,32.7632],[130.3658,32.7632],[130.3658,32.7629],[130.366,32.763],[130.3661,32.763],[130.3662,32.763],[130.3663,32.763],[130.3665,32.7631],[130.3666,32.7633],[130.3666,32.7633],[130.3664,32.7633],[130.3663,32.7633],[130.3662,32.7633],[130.3661,32.7633],[130.366,32.7633],[130.366,32.7633],[130.3659,32.7634],[130.3658,32.7635],[130.3658,32.7636],[130.3658,32.7637],[130.3658,32.7637],[130.3658,32.7638],[130.3658,32.7639],[130.3657,32.7641],[130.3657,32.7643],[130.3657,32.7643],[130.3664,32.7642],[130.3665,32.7642],[130.3665,32.7642],[130.3667,32.7642],[130.3669,32.7642],[130.3669,32.7642],[130.3669,32.7641],[130.367,32.764],[130.3669,32.764],[130.3669,32.7639],[130.367,32.7638],[130.3671,32.7639],[130.3672,32.764],[130.3672,32.764],[130.3672,32.7641],[130.3673,32.764],[130.3673,32.764],[130.3673,32.7641],[130.3674,32.7645],[130.3674,32.7648],[130.3675,32.7652],[130.3675,32.7657],[130.3676,32.7659],[130.3676,32.7661],[130.3677,32.7662],[130.3677,32.7664],[130.3678,32.7665],[130.3674,32.7666],[130.3674,32.7667],[130.3674,32.7668],[130.3673,32.7669],[130.3673,32.767],[130.3672,32.767],[130.3671,32.7671],[130.3669,32.7671],[130.3668,32.7672],[130.3667,32.7673],[130.3667,32.7673],[130.3667,32.7673],[130.3662,32.7672],[130.3662,32.7672],[130.3664,32.7668],[130.3663,32.7667],[130.3663,32.7668],[130.3662,32.7668],[130.3661,32.7667],[130.3659,32.7667],[130.3659,32.7667],[130.3658,32.7666],[130.3655,32.7665],[130.3653,32.7665],[130.3648,32.7663],[130.3647,32.7663],[130.3644,32.7663],[130.3643,32.7662],[130.3642,32.7662],[130.3642,32.7668],[130.3643,32.7668],[130.3643,32.7668],[130.3645,32.7668],[130.3645,32.7672],[130.3646,32.7672],[130.3646,32.7672],[130.3649,32.7673],[130.3658,32.7675],[130.3661,32.7676],[130.3662,32.7676],[130.3663,32.7676],[130.3663,32.7676],[130.3663,32.7677],[130.3663,32.7677],[130.3663,32.7678],[130.3662,32.7678],[130.366,32.768],[130.3659,32.768],[130.3659,32.7681],[130.3659,32.7682],[130.3656,32.7685],[130.3656,32.7686],[130.3656,32.7687],[130.3657,32.7689],[130.3657,32.769],[130.3657,32.769],[130.3656,32.7692],[130.3655,32.7692],[130.3652,32.7694],[130.3652,32.7694],[130.3651,32.7695],[130.3651,32.7696],[130.3651,32.7698],[130.3652,32.7698],[130.3653,32.7698],[130.3654,32.7699],[130.3655,32.77],[130.3655,32.77],[130.3655,32.7701],[130.3651,32.77],[130.3647,32.7698],[130.3644,32.7697],[130.3642,32.7697],[130.3641,32.7697],[130.364,32.7697],[130.364,32.7697],[130.3639,32.7698],[130.3637,32.7699],[130.3636,32.7699],[130.3636,32.7699],[130.3636,32.7699],[130.3635,32.7699],[130.3634,32.7699],[130.3634,32.7699],[130.3633,32.7699],[130.3629,32.7697],[130.3628,32.7697],[130.3627,32.7696],[130.3626,32.7695],[130.3624,32.7696],[130.3622,32.7696],[130.3621,32.7696],[130.3618,32.7695],[130.3616,32.7695],[130.3615,32.7695],[130.3613,32.7695],[130.3612,32.7695],[130.3612,32.7695],[130.3612,32.7695],[130.3611,32.7694],[130.3607,32.7693],[130.3608,32.7692],[130.3607,32.7692],[130.3606,32.7692],[130.3605,32.7693],[130.3604,32.7692],[130.3604,32.7692],[130.3603,32.7693],[130.3603,32.7693],[130.3603,32.7695],[130.3603,32.7697],[130.3603,32.7699],[130.3603,32.77],[130.3602,32.7701],[130.36,32.7702],[130.3599,32.7703],[130.3599,32.7703],[130.3599,32.7704],[130.36,32.7704],[130.3603,32.7706],[130.3603,32.7707],[130.3605,32.7708],[130.3606,32.7709],[130.3607,32.771],[130.3611,32.7713],[130.3619,32.7708],[130.3625,32.7705],[130.3625,32.7706],[130.3626,32.7712],[130.3622,32.7715],[130.3621,32.7716],[130.3617,32.7719],[130.3619,32.7721],[130.362,32.7722],[130.362,32.7722],[130.3619,32.7722],[130.3618,32.7722],[130.3616,32.7723],[130.3616,32.7723],[130.3619,32.7728],[130.3617,32.7728],[130.3612,32.7729],[130.3607,32.7729],[130.3606,32.7729],[130.3602,32.7729],[130.3602,32.7728],[130.3601,32.7728],[130.36,32.7728],[130.3599,32.7728],[130.3598,32.7729],[130.3597,32.7729],[130.3597,32.7735],[130.3597,32.7735],[130.3597,32.7737],[130.3599,32.7738],[130.3603,32.774],[130.3604,32.774],[130.3606,32.7741],[130.3612,32.7744],[130.3611,32.7747],[130.361,32.7748],[130.3609,32.775],[130.361,32.7749],[130.361,32.7749],[130.3611,32.7748],[130.3611,32.7748],[130.3613,32.7748],[130.3613,32.7748],[130.3614,32.7748],[130.3614,32.7748],[130.3615,32.7748],[130.3616,32.7748],[130.3617,32.7748],[130.3619,32.7747],[130.3619,32.7748],[130.3621,32.7749],[130.3622,32.7749],[130.3622,32.775],[130.3622,32.775],[130.3623,32.7751],[130.3622,32.7753],[130.3623,32.7753],[130.3623,32.7754],[130.3624,32.7754],[130.3625,32.7754],[130.3625,32.7754],[130.3626,32.7754],[130.3627,32.7754],[130.3628,32.7754],[130.3629,32.7755],[130.363,32.7755],[130.3631,32.7756],[130.3631,32.7756],[130.3631,32.7757],[130.3631,32.7758],[130.3632,32.7758],[130.3633,32.7759],[130.3634,32.776],[130.3635,32.776],[130.3635,32.776],[130.3635,32.776],[130.3637,32.7761],[130.3638,32.7761],[130.3638,32.7761],[130.3639,32.7761],[130.3639,32.7762],[130.364,32.7763],[130.3641,32.7764],[130.3641,32.7765],[130.3641,32.7766],[130.3642,32.7766],[130.3642,32.7767],[130.3642,32.7767],[130.3642,32.7769],[130.3642,32.7771],[130.3641,32.7773],[130.3641,32.7773],[130.3641,32.7774],[130.364,32.7778],[130.364,32.7778],[130.364,32.7779],[130.3641,32.7779],[130.364,32.7779],[130.3641,32.778],[130.3642,32.7782],[130.3643,32.7782],[130.3643,32.7784],[130.3644,32.7784],[130.3644,32.7785],[130.3646,32.7786],[130.3647,32.7787],[130.3649,32.7788],[130.365,32.7789],[130.365,32.7789],[130.3651,32.779],[130.3656,32.7791],[130.3659,32.7791],[130.3659,32.7793],[130.366,32.7795],[130.366,32.7801],[130.366,32.7805],[130.3661,32.7805],[130.366,32.7805],[130.3656,32.7806],[130.3655,32.7807],[130.3653,32.7807],[130.3653,32.7806],[130.3651,32.7805],[130.3648,32.7807],[130.3648,32.7807],[130.3647,32.7807],[130.3644,32.7806],[130.3643,32.7806],[130.3642,32.7806],[130.3642,32.7805],[130.3641,32.7805],[130.364,32.7805],[130.3637,32.7804],[130.3636,32.7804],[130.3635,32.7804],[130.3634,32.7804],[130.3633,32.7802],[130.3631,32.7804],[130.363,32.7806],[130.3629,32.7807],[130.3628,32.7808],[130.3627,32.7809],[130.3626,32.7812],[130.3624,32.7815],[130.3624,32.7815],[130.3622,32.7818],[130.3619,32.7822],[130.3617,32.7826],[130.3612,32.7825],[130.3611,32.7825],[130.3609,32.7825],[130.3609,32.7825],[130.3605,32.7824],[130.3604,32.7824],[130.3603,32.7824],[130.3604,32.782],[130.3605,32.7817],[130.3605,32.7817],[130.3604,32.7816],[130.3603,32.7815],[130.3603,32.7814],[130.3601,32.7813],[130.36,32.7813],[130.3599,32.7812],[130.3598,32.7812],[130.3597,32.7812],[130.3596,32.7811],[130.3592,32.781],[130.3591,32.7809],[130.3591,32.7809],[130.3591,32.7809],[130.359,32.7808],[130.359,32.7808],[130.3589,32.7807],[130.3588,32.7807],[130.3588,32.7807],[130.3588,32.7807],[130.3587,32.7808],[130.3586,32.7807],[130.3586,32.7806],[130.3584,32.7805],[130.3584,32.7805],[130.3584,32.7804],[130.3584,32.7804],[130.3583,32.7804],[130.3582,32.7803],[130.358,32.7802],[130.3579,32.7801],[130.3576,32.7801],[130.3575,32.78],[130.3569,32.7807],[130.3568,32.7806],[130.3567,32.7805],[130.3565,32.7804],[130.3568,32.78],[130.3565,32.7799],[130.3562,32.7802],[130.3561,32.7804],[130.356,32.7807],[130.3557,32.781],[130.3555,32.7812],[130.3555,32.7813],[130.3553,32.7813],[130.3551,32.7814],[130.3549,32.7816],[130.3548,32.7816],[130.3547,32.7818],[130.3546,32.7819],[130.3545,32.782],[130.3543,32.7821],[130.3541,32.7822],[130.3542,32.7822],[130.3542,32.7824],[130.3544,32.7824],[130.3545,32.7824],[130.3545,32.7825],[130.3547,32.7826],[130.3548,32.7826],[130.3549,32.7826],[130.3553,32.7828],[130.3555,32.783],[130.3557,32.783],[130.3559,32.783],[130.3559,32.783],[130.3561,32.7831],[130.3562,32.7831],[130.3564,32.7833],[130.3566,32.7834],[130.3566,32.7834],[130.3569,32.7835],[130.357,32.7834],[130.3573,32.7834],[130.3573,32.7834],[130.3574,32.7834],[130.3576,32.7834],[130.3577,32.7834],[130.3577,32.7834],[130.3577,32.7834],[130.3578,32.7834],[130.358,32.7835],[130.358,32.7837],[130.358,32.7838],[130.3581,32.784],[130.3581,32.7842],[130.3584,32.7842],[130.3586,32.7842],[130.3588,32.7842],[130.359,32.7843],[130.3592,32.7843],[130.3595,32.7844],[130.3597,32.7845],[130.3598,32.7845],[130.3599,32.7845],[130.3599,32.7845],[130.36,32.7845],[130.3602,32.7845],[130.3605,32.7846],[130.3607,32.7847],[130.3607,32.7847],[130.3608,32.7847],[130.3608,32.7846],[130.3608,32.7846],[130.3609,32.7846],[130.3609,32.7846],[130.3609,32.7845],[130.3609,32.7843],[130.361,32.784],[130.3611,32.7838],[130.3611,32.7837],[130.3612,32.7836],[130.3612,32.7833],[130.3613,32.7831],[130.3613,32.783],[130.3614,32.7829],[130.3616,32.7827],[130.3622,32.783],[130.3623,32.7829],[130.3627,32.783],[130.3628,32.783],[130.363,32.7832],[130.363,32.7832],[130.363,32.7832],[130.3628,32.7835],[130.3626,32.7838],[130.3625,32.7838],[130.3625,32.7839],[130.3624,32.784],[130.3623,32.7841],[130.3623,32.7842],[130.3622,32.7845],[130.3624,32.7846],[130.3624,32.7846],[130.3622,32.7849],[130.3619,32.7855],[130.3619,32.7856],[130.3619,32.7858],[130.3618,32.7865],[130.3617,32.7865],[130.3616,32.7865],[130.3615,32.7865],[130.3613,32.7865],[130.3612,32.7865],[130.3611,32.7866],[130.361,32.7866],[130.3608,32.7866],[130.3608,32.7865],[130.3607,32.7865],[130.3607,32.7866],[130.3606,32.7867],[130.3606,32.7868],[130.3604,32.7869],[130.3601,32.787],[130.3599,32.787],[130.3597,32.7871],[130.3596,32.787],[130.3593,32.787],[130.359,32.7869],[130.3589,32.7869],[130.3589,32.7869],[130.3586,32.787],[130.3585,32.787],[130.3584,32.787],[130.3581,32.7869],[130.358,32.7869],[130.3579,32.7869],[130.3578,32.787],[130.3575,32.7869],[130.3575,32.7869],[130.3573,32.7869],[130.3572,32.787],[130.357,32.787],[130.3566,32.787],[130.3565,32.787],[130.3565,32.787],[130.3565,32.7868],[130.3562,32.7869],[130.3562,32.7865],[130.3559,32.7864],[130.3559,32.7864],[130.356,32.7863],[130.3561,32.7862],[130.3562,32.786],[130.3562,32.786],[130.3563,32.786],[130.3563,32.786],[130.3564,32.786],[130.3564,32.786],[130.3565,32.7859],[130.3565,32.7859],[130.3567,32.7859],[130.3568,32.7859],[130.3569,32.7858],[130.3571,32.7858],[130.3572,32.7858],[130.3573,32.7858],[130.3574,32.7858],[130.3576,32.7858],[130.3578,32.7858],[130.3579,32.7858],[130.358,32.7858],[130.358,32.7858],[130.3581,32.7858],[130.3581,32.7858],[130.3582,32.7857],[130.3583,32.7857],[130.3584,32.7857],[130.3585,32.7856],[130.3586,32.7855],[130.3586,32.7855],[130.3586,32.7854],[130.3586,32.7854],[130.3586,32.7851],[130.3587,32.7852],[130.359,32.7855],[130.359,32.7853],[130.3591,32.7852],[130.3589,32.7851],[130.3587,32.7851],[130.3586,32.7851],[130.3584,32.785],[130.3583,32.7849],[130.3582,32.7849],[130.3582,32.785],[130.3573,32.7846],[130.3573,32.7846],[130.3572,32.7847],[130.3571,32.7847],[130.357,32.7847],[130.357,32.7848],[130.357,32.7849],[130.357,32.7849],[130.3569,32.785],[130.3567,32.785],[130.3566,32.7851],[130.3565,32.7851],[130.3563,32.7851],[130.3563,32.7851],[130.3562,32.7851],[130.356,32.785],[130.3557,32.785],[130.3557,32.785],[130.3556,32.785],[130.3555,32.785],[130.3555,32.7851],[130.3553,32.7851],[130.3551,32.7851],[130.3549,32.7849],[130.3549,32.7849],[130.3549,32.7848],[130.3548,32.7847],[130.3548,32.7847],[130.3545,32.7846],[130.3544,32.7845],[130.3543,32.7844],[130.3543,32.7844],[130.3534,32.7841],[130.3534,32.7842],[130.3534,32.7842],[130.3534,32.7841],[130.3531,32.7841],[130.3527,32.784],[130.3524,32.784],[130.3524,32.784],[130.3523,32.7841],[130.3523,32.7842],[130.3522,32.7844],[130.3522,32.7844],[130.3521,32.7844],[130.3521,32.7845],[130.352,32.7846],[130.3518,32.7847],[130.3517,32.7848],[130.3513,32.7851],[130.3512,32.7852],[130.3512,32.7853],[130.3511,32.7853],[130.3513,32.7855],[130.3515,32.7856],[130.3516,32.7856],[130.3518,32.7856],[130.3518,32.7857],[130.3523,32.7859],[130.3524,32.7859],[130.3526,32.7859],[130.3528,32.7859],[130.3529,32.786],[130.3528,32.7862],[130.3529,32.7862],[130.353,32.7862],[130.3531,32.7862],[130.3533,32.7863],[130.3531,32.7875],[130.3531,32.7875],[130.3534,32.7875],[130.3535,32.7875],[130.3537,32.7875],[130.3539,32.7875],[130.3538,32.7873],[130.3538,32.7873],[130.3537,32.7872],[130.3539,32.787],[130.3543,32.7864],[130.3549,32.7867],[130.355,32.7867],[130.3552,32.7867],[130.3554,32.7867],[130.356,32.7871],[130.356,32.7872],[130.356,32.7873],[130.356,32.7874],[130.356,32.7874],[130.356,32.7875],[130.356,32.7875],[130.356,32.7875],[130.3562,32.7881],[130.355,32.7884],[130.354,32.7886],[130.3535,32.7899],[130.3533,32.7905],[130.353,32.7913],[130.3528,32.7919],[130.353,32.7919],[130.3539,32.7922],[130.3546,32.7923],[130.3548,32.7924],[130.3548,32.7924],[130.3549,32.7925],[130.355,32.7926],[130.3552,32.7927],[130.3552,32.7927],[130.3552,32.7927],[130.3554,32.7928],[130.3555,32.7929],[130.3556,32.7929],[130.3558,32.793],[130.356,32.793],[130.3561,32.793],[130.3561,32.793],[130.3562,32.793],[130.3563,32.793],[130.3563,32.7929],[130.3566,32.7929],[130.3568,32.7929],[130.357,32.7929],[130.3572,32.793],[130.3573,32.7929],[130.3573,32.7931],[130.3572,32.7932],[130.357,32.7938],[130.3569,32.794],[130.3561,32.7936],[130.3557,32.7935],[130.3557,32.7935],[130.3555,32.7938],[130.3553,32.7937],[130.3553,32.7937],[130.3552,32.7937],[130.3551,32.7936],[130.3551,32.7935],[130.3549,32.7935],[130.3548,32.7934],[130.3547,32.7934],[130.3546,32.7933],[130.3545,32.7933],[130.3544,32.7932],[130.3543,32.7931],[130.3542,32.7931],[130.3542,32.7931],[130.3541,32.7931],[130.3539,32.7933],[130.3538,32.7933],[130.3537,32.7934],[130.3536,32.7935],[130.3534,32.7937],[130.3534,32.7938],[130.3533,32.7938],[130.3532,32.7939],[130.3531,32.794],[130.353,32.7941],[130.353,32.7941],[130.3529,32.7942],[130.3529,32.7942],[130.353,32.7943],[130.353,32.7943],[130.3534,32.7945],[130.3535,32.7946],[130.3535,32.7945],[130.3536,32.7945],[130.3536,32.7945],[130.3537,32.7946],[130.3538,32.7946],[130.3539,32.7946],[130.3541,32.7946],[130.3541,32.7947],[130.3543,32.7947],[130.3543,32.7947],[130.3544,32.7947],[130.3545,32.7947],[130.3545,32.7947],[130.3546,32.7948],[130.3548,32.7949],[130.3548,32.7948],[130.3551,32.7944],[130.3551,32.7944],[130.3554,32.7945],[130.3554,32.7945],[130.3554,32.7946],[130.3563,32.7949],[130.3565,32.795],[130.3565,32.795],[130.3562,32.7958],[130.3559,32.7966],[130.3561,32.7967],[130.3561,32.7967],[130.3561,32.7967],[130.3562,32.7966],[130.3563,32.7966],[130.3564,32.7965],[130.3565,32.7965],[130.3566,32.7964],[130.3567,32.7964],[130.3568,32.7964],[130.3569,32.7963],[130.357,32.7962],[130.3573,32.7961],[130.3578,32.7959],[130.3578,32.7958],[130.3579,32.7958],[130.3581,32.7957],[130.3581,32.7957],[130.3581,32.7957],[130.3582,32.7957],[130.3582,32.7957],[130.3582,32.7957],[130.3582,32.7958],[130.3582,32.7958],[130.3583,32.7959],[130.3584,32.7959],[130.3584,32.7959],[130.3584,32.796],[130.3585,32.7961],[130.3585,32.7961],[130.3585,32.7961],[130.3586,32.7961],[130.3586,32.7962],[130.3587,32.7962],[130.3587,32.7962],[130.3588,32.7962],[130.3589,32.7962],[130.3589,32.7962],[130.359,32.7962],[130.3591,32.7962],[130.3591,32.7963],[130.3591,32.7963],[130.3592,32.7964],[130.3592,32.7964],[130.3593,32.7965],[130.3593,32.7965],[130.3595,32.7966],[130.3596,32.7966],[130.3597,32.7964],[130.36,32.7965],[130.36,32.7965],[130.3601,32.7965],[130.3602,32.7965],[130.3604,32.7966],[130.3604,32.7967],[130.3606,32.7967],[130.3608,32.7968],[130.3609,32.7968],[130.3609,32.7968],[130.3608,32.7968],[130.3607,32.797],[130.3608,32.7972],[130.3606,32.7972],[130.3604,32.7973],[130.3604,32.7973],[130.3601,32.7973],[130.36,32.7973],[130.36,32.7974],[130.36,32.7974],[130.36,32.7974],[130.3606,32.7978],[130.3607,32.7978],[130.3607,32.7978],[130.3609,32.7978],[130.361,32.7978],[130.361,32.7979],[130.3615,32.7982],[130.3616,32.7981],[130.3616,32.7981],[130.3625,32.7983],[130.3634,32.7986],[130.3637,32.7987],[130.3642,32.7988],[130.3645,32.7982],[130.3647,32.7976],[130.365,32.7968],[130.3654,32.7969],[130.3653,32.7972],[130.3652,32.7975],[130.3651,32.7978],[130.365,32.798],[130.365,32.7981],[130.3649,32.7982],[130.3649,32.7982],[130.3649,32.7982],[130.3648,32.7985],[130.3647,32.7985],[130.3648,32.7985],[130.3647,32.7987],[130.3646,32.7991],[130.3647,32.7991],[130.3646,32.7993],[130.3647,32.7993],[130.3649,32.7993],[130.3651,32.7994],[130.3653,32.7994],[130.3654,32.7992],[130.3659,32.7986]]]},"properties":{"name":"島原市","pop":1}},{"type":"Feature","geometry":{"type":"Polygon","coordinates":[[[130.0359,32.8655],[130.0363,32.865],[130.0364,32.8649],[130.0365,32.8647],[130.0366,32.8647],[130.0362,32.8645],[130.0361,32.8646],[130.0359,32.8647],[130.0358,32.8647],[130.0357,32.8647],[130.0356,32.8647],[130.0354,32.8647],[130.0354,32.8647],[130.0354,32.8647],[130.0353,32.8647],[130.0353,32.8647],[130.0351,32.8648],[130.0351,32.8648],[130.035,32.8648],[130.035,32.8647],[130.0349,32.8647],[130.0348,32.8646],[130.0347,32.8645],[130.0346,32.8644],[130.0346,32.8644],[130.0344,32.8643],[130.0344,32.8642],[130.0343,32.8642],[130.0341,32.8639],[130.0339,32.8638],[130.0339,32.8637],[130.0338,32.8637],[130.0337,32.8637],[130.0336,32.8636],[130.0335,32.8635],[130.0336,32.8635],[130.0337,32.8635],[130.0338,32.8635],[130.0341,32.8636],[130.0343,32.8637],[130.0344,32.8637],[130.0346,32.8635],[130.0346,32.8634],[130.0346,32.8633],[130.0347,32.8631],[130.0348,32.8631],[130.0349,32.8631],[130.0351,32.8631],[130.0353,32.8632],[130.0354,32.8629],[130.0354,32.8629],[130.0355,32.8628],[130.0356,32.8627],[130.0356,32.8626],[130.0359,32.8627],[130.0359,32.8627],[130.036,32.8627],[130.0362,32.8627],[130.0363,32.8627],[130.0363,32.8626],[130.0363,32.8625],[130.0364,32.8625],[130.0364,32.8625],[130.0364,32.8625],[130.0365,32.8626],[130.0366,32.8626],[130.0366,32.8626],[130.0367,32.8626],[130.0368,32.8625],[130.0366,32.8625],[130.0366,32.8625],[130.0366,32.8624],[130.0366,32.8624],[130.0366,32.8624],[130.0367,32.8623],[130.0368,32.8622],[130.0369,32.8622],[130.0369,32.8622],[130.037,32.8621],[130.037,32.862],[130.0371,32.862],[130.0371,32.8619],[130.0371,32.8619],[130.0371,32.8618],[130.0372,32.8615],[130.0372,32.8614],[130.0373,32.8614],[130.0373,32.8613],[130.0373,32.8612],[130.0373,32.8611],[130.0374,32.8609],[130.0374,32.8606],[130.0379,32.8609],[130.0381,32.8611],[130.0382,32.8611],[130.0383,32.8612],[130.0383,32.8612],[130.0384,32.8607],[130.0386,32.86],[130.0387,32.8597],[130.039,32.8598],[130.0391,32.8594],[130.0393,32.8588],[130.0395,32.8582],[130.0396,32.8578],[130.0398,32.8577],[130.04,32.8575],[130.0401,32.8574],[130.0413,32.8575],[130.0414,32.8572],[130.0415,32.8573],[130.0416,32.8574],[130.0419,32.8575],[130.0421,32.8576],[130.0423,32.8576],[130.0425,32.8576],[130.0427,32.8577],[130.0428,32.8577],[130.043,32.8577],[130.0432,32.8577],[130.0433,32.8577],[130.0435,32.8577],[130.0438,32.8576],[130.0439,32.8576],[130.0446,32.8576],[130.0453,32.8576],[130.0453,32.8581],[130.0453,32.8582],[130.0454,32.8585],[130.0458,32.8585],[130.0458,32.8589],[130.0459,32.859],[130.0459,32.859],[130.0458,32.8591],[130.0456,32.8592],[130.0456,32.8592],[130.0456,32.8593],[130.0456,32.8594],[130.0456,32.8596],[130.0459,32.8597],[130.0463,32.8597],[130.0466,32.8597],[130.0468,32.8597],[130.0469,32.8597],[130.0471,32.8597],[130.0474,32.8597],[130.0476,32.8596],[130.0478,32.8596],[130.0478,32.8596],[130.048,32.8596],[130.048,32.8597],[130.0479,32.8598],[130.0479,32.8598],[130.0479,32.8599],[130.0478,32.86],[130.0478,32.8601],[130.0478,32.8602],[130.0478,32.8603],[130.0478,32.8605],[130.0478,32.8607],[130.0478,32.8608],[130.0477,32.861],[130.0477,32.8611],[130.0476,32.8611],[130.0476,32.8612],[130.0475,32.8612],[130.0475,32.8613],[130.0475,32.8614],[130.0475,32.8615],[130.0475,32.8615],[130.0474,32.8616],[130.0474,32.8617],[130.0474,32.8617],[130.0474,32.8618],[130.0474,32.8619],[130.0474,32.8621],[130.0475,32.8622],[130.0475,32.8622],[130.0474,32.8623],[130.0474,32.8624],[130.0473,32.8624],[130.0475,32.8627],[130.0476,32.8628],[130.0476,32.863],[130.0476,32.8631],[130.0476,32.8632],[130.0476,32.8633],[130.0475,32.8634],[130.0475,32.8635],[130.0475,32.8636],[130.0476,32.8637],[130.0476,32.864],[130.0476,32.8642],[130.0476,32.8642],[130.0477,32.8643],[130.0481,32.8647],[130.0481,32.8648],[130.0481,32.8648],[130.0482,32.8651],[130.0484,32.865],[130.0485,32.865],[130.0486,32.8649],[130.0487,32.8649],[130.0488,32.8648],[130.049,32.8644],[130.0491,32.8646],[130.0491,32.8647],[130.0492,32.8649],[130.0492,32.8651],[130.0492,32.8651],[130.0493,32.8651],[130.0493,32.8648],[130.0494,32.8648],[130.0496,32.865],[130.0498,32.8651],[130.0498,32.8648],[130.05,32.8648],[130.05,32.865],[130.0502,32.8649],[130.0504,32.8649],[130.0507,32.8648],[130.0508,32.8647],[130.0508,32.8644],[130.0507,32.8642],[130.0506,32.864],[130.0509,32.864],[130.0512,32.864],[130.0512,32.8638],[130.0512,32.8637],[130.0513,32.8636],[130.0513,32.8636],[130.0513,32.8635],[130.0513,32.8634],[130.0512,32.8633],[130.0512,32.8632],[130.0512,32.8631],[130.0512,32.8629],[130.0512,32.8627],[130.0512,32.8627],[130.0512,32.8626],[130.0512,32.8625],[130.0512,32.8624],[130.0512,32.8624],[130.0512,32.8623],[130.0512,32.8623],[130.0513,32.8621],[130.0513,32.8617],[130.0514,32.8615],[130.0514,32.8614],[130.0514,32.8612],[130.0512,32.8613],[130.0512,32.8613],[130.0512,32.8613],[130.0511,32.8612],[130.0512,32.8612],[130.0512,32.8611],[130.0512,32.8611],[130.0513,32.861],[130.0513,32.861],[130.0513,32.8609],[130.0513,32.8608],[130.0513,32.8607],[130.0513,32.8607],[130.0514,32.8606],[130.0514,32.8605],[130.0514,32.8604],[130.0514,32.8602],[130.0514,32.86],[130.0514,32.8599],[130.0514,32.8598],[130.0514,32.8597],[130.0514,32.8596],[130.0515,32.8594],[130.0515,32.8592],[130.0515,32.8591],[130.0515,32.8591],[130.0514,32.8591],[130.0513,32.8592],[130.0511,32.8592],[130.051,32.859],[130.051,32.8589],[130.051,32.8588],[130.051,32.8588],[130.0509,32.8587],[130.0509,32.8587],[130.0509,32.8583],[130.0509,32.8581],[130.051,32.8581],[130.051,32.858],[130.0511,32.858],[130.0511,32.8579],[130.0512,32.8576],[130.0512,32.8576],[130.0513,32.8574],[130.0513,32.8573],[130.0514,32.8572],[130.0515,32.8571],[130.0517,32.8569],[130.0518,32.8569],[130.0518,32.8568],[130.0518,32.8568],[130.0518,32.8566],[130.0517,32.8567],[130.0516,32.8567],[130.0515,32.8568],[130.0514,32.8568],[130.0514,32.8569],[130.0513,32.8569],[130.0512,32.8569],[130.0511,32.857],[130.051,32.8571],[130.051,32.857],[130.0509,32.857],[130.0509,32.857],[130.0509,32.8569],[130.0509,32.8569],[130.0509,32.8568],[130.0508,32.8568],[130.0508,32.8568],[130.0512,32.8566],[130.0518,32.8561],[130.0519,32.8561],[130.052,32.856],[130.0526,32.8556],[130.0533,32.8551],[130.0538,32.8547],[130.0538,32.8548],[130.0538,32.8549],[130.0537,32.855],[130.0537,32.8554],[130.0537,32.8555],[130.0538,32.8558],[130.0539,32.8562],[130.054,32.8566],[130.0541,32.8568],[130.0541,32.8571],[130.0541,32.8573],[130.0541,32.8576],[130.054,32.8579],[130.054,32.8582],[130.054,32.8584],[130.0543,32.8585],[130.0545,32.8586],[130.0546,32.8587],[130.0547,32.8588],[130.0548,32.859],[130.0549,32.8593],[130.055,32.8595],[130.0552,32.8599],[130.0559,32.8599],[130.056,32.8598],[130.056,32.8596],[130.0561,32.8593],[130.0563,32.8589],[130.0564,32.8587],[130.0566,32.8587],[130.0566,32.8587],[130.0567,32.8584],[130.0567,32.8581],[130.0568,32.8579],[130.057,32.8577],[130.0572,32.8577],[130.0571,32.8575],[130.057,32.8573],[130.0571,32.857],[130.0571,32.8568],[130.0571,32.8566],[130.0571,32.8566],[130.0569,32.8565],[130.0568,32.8565],[130.0566,32.8564],[130.0565,32.8564],[130.0565,32.8564],[130.0563,32.8563],[130.0562,32.8562],[130.0561,32.8561],[130.0558,32.856],[130.0557,32.8559],[130.0556,32.8559],[130.0556,32.8558],[130.0556,32.8556],[130.0556,32.8554],[130.0556,32.8551],[130.0555,32.8549],[130.0559,32.8549],[130.056,32.8549],[130.0562,32.8549],[130.0563,32.8548],[130.0564,32.8548],[130.0564,32.8547],[130.0565,32.8547],[130.0565,32.8547],[130.0565,32.8547],[130.0566,32.8547],[130.0567,32.8545],[130.0568,32.8545],[130.0569,32.8545],[130.057,32.8545],[130.0572,32.8544],[130.0572,32.8545],[130.0573,32.8546],[130.0579,32.8546],[130.0586,32.8541],[130.0586,32.8541],[130.0587,32.8539],[130.0587,32.8537],[130.0587,32.8537],[130.059,32.8535],[130.0593,32.8532],[130.0594,32.853],[130.0594,32.853],[130.0598,32.8529],[130.0607,32.8529],[130.0607,32.8528],[130.0608,32.8528],[130.0618,32.8529],[130.063,32.853],[130.0636,32.853],[130.0636,32.8529],[130.0636,32.8523],[130.0637,32.8522],[130.0639,32.8521],[130.064,32.852],[130.064,32.8519],[130.0641,32.8517],[130.0641,32.8516],[130.0642,32.8513],[130.0642,32.8508],[130.0642,32.8507],[130.0642,32.8505],[130.0643,32.8504],[130.0644,32.8503],[130.0647,32.8501],[130.0648,32.85],[130.065,32.8498],[130.065,32.8497],[130.065,32.8494],[130.0651,32.8489],[130.0651,32.8488],[130.0652,32.8487],[130.0653,32.8487],[130.0656,32.8484],[130.0656,32.8483],[130.0656,32.848],[130.0654,32.8475],[130.0651,32.8476],[130.0644,32.8477],[130.0641,32.8477],[130.0638,32.8477],[130.0638,32.8464],[130.0639,32.846],[130.0639,32.8459],[130.0631,32.8459],[130.0632,32.8456],[130.0632,32.8456],[130.0631,32.8456],[130.0631,32.8455],[130.0631,32.8453],[130.0632,32.8453],[130.0639,32.8454],[130.0639,32.8447],[130.0636,32.8447],[130.0637,32.8445],[130.0637,32.8441],[130.0632,32.8441],[130.0628,32.8428],[130.0626,32.8422],[130.0626,32.8421],[130.0625,32.8418],[130.0624,32.8415],[130.0623,32.8412],[130.0622,32.8409],[130.0633,32.8407],[130.0633,32.8407],[130.0644,32.8404],[130.0655,32.8402],[130.0663,32.84],[130.0665,32.84],[130.0664,32.8394],[130.0674,32.8392],[130.0675,32.8394],[130.0676,32.8397],[130.0676,32.8398],[130.0687,32.8395],[130.0698,32.8393],[130.0707,32.8391],[130.0708,32.839],[130.0711,32.839],[130.0719,32.8388],[130.0731,32.8385],[130.0744,32.8383],[130.0744,32.838],[130.0744,32.8377],[130.0744,32.8374],[130.0739,32.8375],[130.0738,32.8372],[130.0738,32.8372],[130.0734,32.836],[130.0728,32.8363],[130.0731,32.836],[130.0733,32.8358],[130.0734,32.8357],[130.0735,32.8356],[130.0736,32.8355],[130.0741,32.8353],[130.0744,32.8356],[130.0746,32.8355],[130.0756,32.8351],[130.0763,32.8347],[130.0768,32.8344],[130.0768,32.8343],[130.0768,32.8342],[130.0768,32.8342],[130.0769,32.8341],[130.0772,32.8338],[130.0773,32.8337],[130.0774,32.8334],[130.077,32.8335],[130.0767,32.8336],[130.0763,32.8337],[130.0761,32.8337],[130.0758,32.8338],[130.0757,32.8339],[130.0751,32.8342],[130.0741,32.8347],[130.074,32.8347],[130.0738,32.8348],[130.0735,32.835],[130.0728,32.8354],[130.0718,32.8358],[130.0712,32.8361],[130.0709,32.8362],[130.0704,32.8363],[130.0694,32.8366],[130.0682,32.8368],[130.0671,32.8371],[130.0655,32.8374],[130.064,32.8378],[130.0634,32.8379],[130.063,32.838],[130.0631,32.8384],[130.0635,32.8383],[130.0634,32.8381],[130.0638,32.838],[130.064,32.8385],[130.0649,32.8383],[130.0649,32.8383],[130.0651,32.8389],[130.0651,32.839],[130.0651,32.8391],[130.0652,32.8392],[130.0641,32.8394],[130.064,32.8393],[130.064,32.8391],[130.0638,32.8385],[130.0629,32.8387],[130.0629,32.8387],[130.0618,32.839],[130.0624,32.8381],[130.0629,32.8375],[130.0643,32.8354],[130.0646,32.835],[130.0645,32.8349],[130.0643,32.8348],[130.0638,32.8355],[130.0639,32.8348],[130.0635,32.8348],[130.063,32.8349],[130.0626,32.8349],[130.0625,32.8349],[130.0623,32.8349],[130.062,32.8349],[130.0618,32.8349],[130.0616,32.8351],[130.0608,32.8357],[130.0606,32.8354],[130.0606,32.8352],[130.0605,32.8346],[130.0613,32.8342],[130.0611,32.834],[130.061,32.8338],[130.0608,32.8337],[130.0607,32.8336],[130.0605,32.8335],[130.0601,32.8333],[130.0598,32.8331],[130.0595,32.833],[130.0593,32.833],[130.059,32.8329],[130.0589,32.8329],[130.0587,32.8329],[130.0579,32.833],[130.0573,32.833],[130.0568,32.833],[130.0565,32.833],[130.0561,32.833],[130.056,32.833],[130.056,32.8332],[130.0561,32.8334],[130.0558,32.8334],[130.0554,32.8334],[130.055,32.8334],[130.0547,32.8334],[130.0548,32.8331],[130.0548,32.8329],[130.0541,32.8329],[130.0537,32.8329],[130.0529,32.8329],[130.0525,32.8329],[130.0512,32.833],[130.0507,32.833],[130.0501,32.833],[130.0501,32.833],[130.0497,32.8331],[130.0496,32.8326],[130.0492,32.8327],[130.0489,32.8325],[130.0489,32.8322],[130.0489,32.8321],[130.049,32.832],[130.0491,32.8318],[130.0491,32.8318],[130.0491,32.8317],[130.0477,32.8317],[130.0477,32.8314],[130.0475,32.831],[130.0475,32.8309],[130.0469,32.8307],[130.0467,32.8306],[130.0464,32.8306],[130.0465,32.8303],[130.0468,32.8303],[130.047,32.8302],[130.047,32.8302],[130.0471,32.8299],[130.0469,32.8298],[130.0467,32.8296],[130.0464,32.8295],[130.0461,32.8296],[130.0461,32.8297],[130.046,32.8297],[130.0458,32.8299],[130.0458,32.8301],[130.0458,32.8304],[130.0457,32.8305],[130.0454,32.8305],[130.0453,32.8306],[130.045,32.8305],[130.0446,32.8304],[130.0439,32.8304],[130.0433,32.8303],[130.0437,32.8304],[130.044,32.8306],[130.0442,32.8307],[130.0443,32.8308],[130.0446,32.8314],[130.0447,32.8316],[130.0448,32.8317],[130.045,32.8319],[130.0453,32.8321],[130.0446,32.8325],[130.0431,32.8334],[130.0431,32.8334],[130.0432,32.8336],[130.0435,32.8337],[130.0443,32.8335],[130.0451,32.8333],[130.0463,32.8331],[130.0463,32.8333],[130.0464,32.8339],[130.0465,32.834],[130.0465,32.834],[130.0466,32.8342],[130.0467,32.8342],[130.0467,32.8343],[130.0466,32.8344],[130.0466,32.8345],[130.0465,32.8345],[130.0463,32.8347],[130.0461,32.8348],[130.0472,32.8345],[130.0474,32.8344],[130.0474,32.8344],[130.0475,32.8344],[130.0476,32.8344],[130.0477,32.8344],[130.0478,32.8344],[130.0479,32.8344],[130.048,32.8344],[130.0481,32.8344],[130.0482,32.8344],[130.0483,32.8344],[130.0486,32.8344],[130.0487,32.8344],[130.0488,32.8343],[130.0491,32.8342],[130.0497,32.834],[130.0497,32.834],[130.0498,32.8341],[130.0499,32.8342],[130.0507,32.8349],[130.0508,32.8355],[130.0507,32.8356],[130.0505,32.8359],[130.0504,32.8361],[130.0501,32.836],[130.0501,32.836],[130.05,32.836],[130.0499,32.8361],[130.0499,32.8362],[130.0499,32.8363],[130.0499,32.8363],[130.0498,32.8364],[130.0497,32.8364],[130.0496,32.8364],[130.0496,32.8365],[130.0496,32.8366],[130.0495,32.8366],[130.0495,32.8367],[130.0494,32.8368],[130.0494,32.8368],[130.0494,32.8368],[130.0493,32.8369],[130.0492,32.8369],[130.0492,32.837],[130.0492,32.837],[130.0491,32.8371],[130.0491,32.8375],[130.049,32.8376],[130.0491,32.8378],[130.0491,32.8379],[130.0493,32.8382],[130.0493,32.8383],[130.0494,32.8384],[130.0494,32.8384],[130.0494,32.8385],[130.0494,32.8386],[130.0493,32.8389],[130.0493,32.839],[130.0492,32.8391],[130.0492,32.8393],[130.0491,32.8396],[130.0487,32.8397],[130.049,32.8401],[130.049,32.8402],[130.049,32.8404],[130.049,32.8405],[130.049,32.8407],[130.049,32.8409],[130.0488,32.8412],[130.0492,32.8412],[130.0493,32.8412],[130.0494,32.8412],[130.0493,32.8417],[130.0493,32.8418],[130.0493,32.8419],[130.049,32.8424],[130.0494,32.8425],[130.051,32.8427],[130.0511,32.8427],[130.0511,32.8428],[130.0511,32.8428],[130.0508,32.843],[130.0507,32.843],[130.0506,32.8431],[130.0504,32.8431],[130.0501,32.8432],[130.0499,32.8432],[130.0497,32.8433],[130.0495,32.8433],[130.049,32.8435],[130.0491,32.8436],[130.0492,32.8437],[130.0492,32.844],[130.0493,32.8442],[130.0495,32.8448],[130.0496,32.8447],[130.0499,32.8447],[130.0501,32.8454],[130.0505,32.8454],[130.0506,32.8453],[130.0507,32.8453],[130.0509,32.8453],[130.0511,32.8453],[130.0513,32.8452],[130.0514,32.8452],[130.0515,32.8451],[130.0517,32.845],[130.0517,32.8451],[130.0517,32.8452],[130.0518,32.8457],[130.0527,32.8454],[130.0527,32.8457],[130.0527,32.8458],[130.0528,32.8461],[130.0523,32.8461],[130.0519,32.8462],[130.0512,32.8461],[130.0511,32.8461],[130.0509,32.8461],[130.0505,32.8461],[130.0504,32.8461],[130.0499,32.8462],[130.0497,32.8462],[130.0491,32.8463],[130.0485,32.8463],[130.0485,32.8466],[130.0484,32.8469],[130.0483,32.8469],[130.0482,32.847],[130.048,32.847],[130.048,32.8469],[130.048,32.8468],[130.048,32.8466],[130.048,32.8463],[130.0474,32.8463],[130.0471,32.8463],[130.0465,32.8462],[130.0461,32.8462],[130.0461,32.8458],[130.0461,32.8457],[130.0461,32.8457],[130.046,32.8456],[130.0458,32.8452],[130.0458,32.8451],[130.0458,32.845],[130.0458,32.8449],[130.046,32.8448],[130.0461,32.8447],[130.0461,32.8447],[130.0462,32.8446],[130.0461,32.8446],[130.0461,32.8445],[130.0464,32.8442],[130.0458,32.8445],[130.0456,32.8446],[130.0448,32.8452],[130.0446,32.8453],[130.0444,32.8454],[130.0438,32.8457],[130.0435,32.8458],[130.0432,32.8459],[130.0429,32.846],[130.0427,32.8461],[130.0426,32.846],[130.0427,32.846],[130.0427,32.8459],[130.0427,32.8459],[130.0428,32.8458],[130.0426,32.8458],[130.0426,32.8458],[130.0425,32.8456],[130.0424,32.8455],[130.0423,32.8455],[130.0422,32.8454],[130.0419,32.8454],[130.0417,32.8453],[130.0417,32.8453],[130.0416,32.8453],[130.0416,32.8452],[130.0417,32.845],[130.0417,32.845],[130.0416,32.8449],[130.0416,32.8448],[130.0415,32.8448],[130.0415,32.8448],[130.0414,32.8447],[130.0414,32.8445],[130.0412,32.8444],[130.0411,32.8443],[130.0411,32.8442],[130.0411,32.8442],[130.0411,32.8442],[130.0412,32.8441],[130.0412,32.8441],[130.0412,32.844],[130.0412,32.844],[130.0412,32.844],[130.0412,32.8439],[130.0412,32.8439],[130.0413,32.8439],[130.0418,32.8438],[130.0418,32.8439],[130.0419,32.8438],[130.0418,32.8437],[130.0418,32.8437],[130.0421,32.8437],[130.0411,32.8427],[130.041,32.8427],[130.0409,32.8427],[130.0409,32.8427],[130.0409,32.8428],[130.0409,32.8428],[130.0408,32.8429],[130.0407,32.8429],[130.0406,32.8429],[130.0406,32.843],[130.0405,32.8429],[130.0404,32.8429],[130.0403,32.8428],[130.0403,32.8426],[130.0402,32.8426],[130.0402,32.8426],[130.0401,32.8426],[130.04,32.8426],[130.0399,32.8425],[130.0399,32.8425],[130.0398,32.8425],[130.0399,32.8421],[130.0398,32.842],[130.0398,32.8419],[130.0399,32.8419],[130.0399,32.8418],[130.0399,32.8418],[130.0399,32.8417],[130.0397,32.8416],[130.0397,32.8416],[130.0396,32.8416],[130.0397,32.8414],[130.0397,32.8413],[130.0396,32.841],[130.0395,32.8409],[130.0395,32.841],[130.0394,32.841],[130.0393,32.8411],[130.0393,32.8411],[130.0392,32.8411],[130.0391,32.8412],[130.039,32.8412],[130.039,32.8412],[130.0389,32.8413],[130.0388,32.8413],[130.0386,32.8412],[130.0383,32.8412],[130.0382,32.8411],[130.0381,32.8411],[130.038,32.841],[130.0378,32.8408],[130.0376,32.8407],[130.0376,32.8406],[130.0375,32.8405],[130.0374,32.8404],[130.0373,32.8403],[130.0373,32.8402],[130.0372,32.84],[130.0372,32.84],[130.0372,32.8399],[130.0371,32.8399],[130.0371,32.8399],[130.0368,32.84],[130.036,32.8404],[130.0359,32.8404],[130.0358,32.8405],[130.0357,32.8406],[130.0356,32.8408],[130.0355,32.841],[130.0354,32.8413],[130.0348,32.8413],[130.0347,32.8413],[130.0338,32.8414],[130.0336,32.8414],[130.0322,32.8415],[130.0332,32.841],[130.0334,32.8408],[130.0344,32.8401],[130.0343,32.8399],[130.0342,32.8394],[130.0341,32.8393],[130.0339,32.8385],[130.0338,32.8382],[130.0341,32.8381],[130.0342,32.8384],[130.0343,32.8386],[130.0344,32.8386],[130.0347,32.8387],[130.0348,32.8387],[130.0352,32.8386],[130.0353,32.8386],[130.0354,32.8386],[130.0355,32.8387],[130.0358,32.8389],[130.0361,32.8387],[130.0371,32.8379],[130.0378,32.8374],[130.0375,32.8373],[130.0368,32.8373],[130.0362,32.8374],[130.0358,32.8374],[130.0358,32.8373],[130.0361,32.8372],[130.0364,32.8371],[130.0368,32.8368],[130.0373,32.8368],[130.0378,32.8367],[130.0377,32.8363],[130.0377,32.8362],[130.0377,32.8361],[130.0379,32.8359],[130.0379,32.8358],[130.0378,32.8357],[130.0377,32.8357],[130.0372,32.8354],[130.0366,32.8361],[130.0358,32.8357],[130.0356,32.8357],[130.0351,32.8355],[130.0353,32.8353],[130.0356,32.8351],[130.0357,32.835],[130.0358,32.8349],[130.0361,32.8347],[130.0361,32.8346],[130.0362,32.8344],[130.0364,32.8342],[130.0366,32.8339],[130.0368,32.8335],[130.0369,32.8333],[130.037,32.8332],[130.0372,32.8331],[130.0372,32.8331],[130.0371,32.8329],[130.0369,32.8327],[130.0367,32.8327],[130.0367,32.8326],[130.0365,32.8324],[130.0365,32.8325],[130.0365,32.8327],[130.0365,32.8329],[130.0362,32.8334],[130.0358,32.8341],[130.0351,32.835],[130.0349,32.8353],[130.0345,32.8358],[130.0341,32.8362],[130.0341,32.8362],[130.0337,32.8362],[130.0334,32.8361],[130.0333,32.8361],[130.0332,32.8361],[130.0331,32.8362],[130.0329,32.8363],[130.0326,32.8365],[130.0324,32.8366],[130.0321,32.8368],[130.0319,32.837],[130.0319,32.8371],[130.0318,32.8372],[130.0316,32.8372],[130.0313,32.8372],[130.0306,32.8374],[130.0304,32.8374],[130.0301,32.8373],[130.0301,32.8373],[130.0296,32.8377],[130.0294,32.8379],[130.0294,32.838],[130.0293,32.8382],[130.0292,32.8383],[130.0292,32.8384],[130.0291,32.8385],[130.029,32.8387],[130.029,32.8389],[130.0287,32.8388],[130.0285,32.8388],[130.0281,32.8388],[130.0279,32.8388],[130.0277,32.8388],[130.0276,32.8389],[130.0275,32.8389],[130.0275,32.839],[130.0275,32.8393],[130.0272,32.8396],[130.0271,32.8396],[130.027,32.8396],[130.0269,32.8397],[130.0268,32.8398],[130.0267,32.8398],[130.0265,32.8399],[130.026,32.84],[130.0256,32.8401],[130.0255,32.8401],[130.0253,32.84],[130.0252,32.8399],[130.0248,32.8397],[130.0239,32.8394],[130.0228,32.839],[130.0223,32.8387],[130.0215,32.8384],[130.0209,32.8382],[130.0202,32.8379],[130.0205,32.8377],[130.0217,32.8374],[130.0214,32.8371],[130.0212,32.837],[130.0207,32.8366],[130.0208,32.8364],[130.0208,32.8364],[130.0209,32.8364],[130.021,32.8363],[130.021,32.8363],[130.0211,32.8362],[130.0215,32.8361],[130.0219,32.8359],[130.022,32.8358],[130.0221,32.8358],[130.0222,32.8355],[130.0222,32.8352],[130.022,32.8349],[130.0216,32.8352],[130.0213,32.8354],[130.0212,32.8354],[130.0209,32.8352],[130.0207,32.8351],[130.0205,32.8351],[130.0203,32.835],[130.0203,32.8351],[130.0202,32.8351],[130.0201,32.835],[130.02,32.8349],[130.0198,32.8349],[130.0195,32.8348],[130.0195,32.8347],[130.0196,32.8345],[130.0195,32.8345],[130.0196,32.8344],[130.0197,32.8343],[130.0199,32.8341],[130.02,32.834],[130.02,32.834],[130.02,32.8339],[130.02,32.8337],[130.02,32.8337],[130.0202,32.8335],[130.0202,32.8334],[130.0203,32.8332],[130.0203,32.8331],[130.0202,32.8326],[130.0202,32.8325],[130.0203,32.8325],[130.0203,32.8323],[130.0204,32.8323],[130.0204,32.8322],[130.0205,32.8322],[130.0205,32.8322],[130.0207,32.832],[130.0208,32.8318],[130.0209,32.8317],[130.0212,32.8314],[130.0213,32.8313],[130.0213,32.8311],[130.0214,32.8309],[130.0216,32.8307],[130.0217,32.8306],[130.0217,32.8303],[130.0219,32.8299],[130.022,32.8296],[130.0222,32.8294],[130.0219,32.8296],[130.0216,32.8303],[130.0214,32.8307],[130.0211,32.8312],[130.021,32.8313],[130.0209,32.8314],[130.0207,32.8315],[130.0205,32.8314],[130.0204,32.8314],[130.02,32.8314],[130.0199,32.8316],[130.0195,32.8316],[130.0194,32.8316],[130.0192,32.8316],[130.0191,32.8317],[130.0189,32.8318],[130.0187,32.8318],[130.0186,32.8318],[130.0185,32.8318],[130.0183,32.8318],[130.0183,32.8318],[130.0183,32.8318],[130.0183,32.8317],[130.0181,32.8318],[130.018,32.8319],[130.018,32.8319],[130.0181,32.8321],[130.0182,32.8323],[130.0183,32.8323],[130.0186,32.8328],[130.0188,32.833],[130.0189,32.8331],[130.019,32.8334],[130.0191,32.8334],[130.019,32.8336],[130.019,32.8337],[130.0189,32.8337],[130.0187,32.8338],[130.0187,32.8338],[130.0181,32.834],[130.0179,32.834],[130.0179,32.8342],[130.0177,32.8341],[130.0175,32.834],[130.0173,32.8346],[130.0173,32.8347],[130.0169,32.8347],[130.0168,32.8346],[130.0165,32.8346],[130.0165,32.8346],[130.0161,32.8346],[130.0162,32.8349],[130.0155,32.8348],[130.0157,32.8357],[130.0154,32.8356],[130.0152,32.8355],[130.0146,32.8354],[130.0142,32.8354],[130.0138,32.8358],[130.0134,32.8365],[130.0133,32.8368],[130.0132,32.8373],[130.0144,32.8374],[130.014,32.8384],[130.0147,32.8385],[130.0159,32.8386],[130.0162,32.8387],[130.0169,32.8388],[130.0174,32.8389],[130.0179,32.839],[130.0182,32.839],[130.0186,32.8392],[130.0183,32.8395],[130.0178,32.8401],[130.0175,32.8404],[130.0173,32.8406],[130.0171,32.8408],[130.017,32.8409],[130.0166,32.8414],[130.0166,32.8414],[130.0163,32.8417],[130.016,32.8422],[130.0155,32.8428],[130.0154,32.8429],[130.0153,32.8432],[130.0152,32.8433],[130.0154,32.8433],[130.0155,32.8434],[130.0156,32.8434],[130.0157,32.8434],[130.0165,32.8432],[130.0166,32.8434],[130.0166,32.8435],[130.0166,32.8436],[130.0166,32.8437],[130.0163,32.8444],[130.0163,32.8445],[130.0163,32.8446],[130.0163,32.8448],[130.0164,32.8449],[130.0165,32.8449],[130.0167,32.8451],[130.0169,32.8452],[130.017,32.8452],[130.017,32.8451],[130.0171,32.845],[130.0171,32.8449],[130.0171,32.8449],[130.0171,32.8448],[130.017,32.8448],[130.017,32.8447],[130.017,32.8446],[130.0172,32.8445],[130.0172,32.8444],[130.0172,32.8443],[130.0172,32.8443],[130.0172,32.8443],[130.0171,32.8443],[130.017,32.8443],[130.0169,32.8443],[130.0168,32.8443],[130.0169,32.8441],[130.017,32.8437],[130.0171,32.8435],[130.0171,32.8435],[130.0173,32.8433],[130.0174,32.8433],[130.0176,32.8432],[130.0179,32.8432],[130.0183,32.8433],[130.0185,32.8432],[130.0185,32.8432],[130.0186,32.843],[130.0186,32.8429],[130.0186,32.8428],[130.0185,32.8426],[130.0187,32.8426],[130.0189,32.8426],[130.019,32.8425],[130.0191,32.8425],[130.0192,32.8426],[130.0193,32.8426],[130.0196,32.8426],[130.0197,32.8425],[130.0198,32.8425],[130.0198,32.8425],[130.02,32.8424],[130.0202,32.8423],[130.0203,32.8422],[130.0204,32.8422],[130.0206,32.8422],[130.0207,32.8421],[130.0211,32.8421],[130.0216,32.842],[130.0219,32.842],[130.022,32.842],[130.0222,32.842],[130.0223,32.8421],[130.0225,32.8422],[130.0227,32.8423],[130.0228,32.8425],[130.023,32.8427],[130.0231,32.843],[130.0232,32.8433],[130.0233,32.8436],[130.0233,32.8439],[130.0233,32.8443],[130.0231,32.8443],[130.0229,32.8444],[130.0229,32.8444],[130.0228,32.8443],[130.0228,32.8443],[130.0227,32.8443],[130.0226,32.8443],[130.0222,32.8445],[130.022,32.8446],[130.0219,32.8446],[130.0218,32.8446],[130.0218,32.8446],[130.0217,32.8446],[130.0217,32.8445],[130.0217,32.8444],[130.0219,32.844],[130.022,32.8439],[130.0222,32.8437],[130.0222,32.8436],[130.0222,32.8436],[130.0224,32.8434],[130.0225,32.8433],[130.0225,32.8432],[130.0225,32.8431],[130.0224,32.8431],[130.0222,32.843],[130.0221,32.843],[130.0219,32.8428],[130.0218,32.8428],[130.0216,32.8427],[130.0215,32.8427],[130.0214,32.8427],[130.0212,32.8429],[130.021,32.843],[130.0209,32.8431],[130.0207,32.8432],[130.0205,32.8433],[130.0203,32.8434],[130.0199,32.8436],[130.0198,32.8436],[130.0197,32.8437],[130.0197,32.8437],[130.0196,32.8437],[130.0194,32.8437],[130.0191,32.8437],[130.0191,32.8437],[130.019,32.8437],[130.019,32.8436],[130.0189,32.8436],[130.0189,32.8436],[130.0189,32.8436],[130.0188,32.8436],[130.0188,32.8437],[130.0188,32.8437],[130.0186,32.8438],[130.0186,32.8439],[130.0185,32.8439],[130.0184,32.8439],[130.0183,32.8439],[130.0183,32.8439],[130.0182,32.8439],[130.0181,32.8439],[130.018,32.8438],[130.018,32.8439],[130.0179,32.8439],[130.0178,32.8439],[130.0177,32.8439],[130.0177,32.844],[130.0177,32.8441],[130.0178,32.8442],[130.0178,32.8442],[130.0178,32.8445],[130.0178,32.8446],[130.0177,32.845],[130.0177,32.845],[130.0177,32.8452],[130.0176,32.8455],[130.0175,32.8456],[130.0173,32.8456],[130.0171,32.8458],[130.0159,32.8457],[130.0155,32.8456],[130.0156,32.8455],[130.0156,32.8454],[130.0155,32.8453],[130.0155,32.8453],[130.0155,32.8452],[130.0154,32.8452],[130.0154,32.8452],[130.0153,32.8452],[130.0153,32.8452],[130.0152,32.8451],[130.0152,32.8451],[130.0154,32.8451],[130.0156,32.8451],[130.0157,32.8451],[130.0158,32.8451],[130.0158,32.845],[130.0159,32.8449],[130.0159,32.8449],[130.0161,32.8448],[130.0161,32.8446],[130.016,32.8445],[130.0159,32.8446],[130.0156,32.8445],[130.0155,32.8446],[130.0154,32.8446],[130.0153,32.8446],[130.0152,32.8446],[130.0151,32.8446],[130.0149,32.8446],[130.0148,32.8445],[130.0146,32.845],[130.0146,32.8451],[130.0143,32.8456],[130.0142,32.8458],[130.0141,32.8459],[130.0135,32.8465],[130.013,32.8468],[130.0125,32.847],[130.0118,32.8471],[130.0109,32.8471],[130.0101,32.847],[130.0094,32.8469],[130.0093,32.8469],[130.0095,32.8471],[130.0095,32.8471],[130.0099,32.8476],[130.0101,32.8478],[130.0102,32.8483],[130.0104,32.8485],[130.0108,32.8487],[130.0112,32.8487],[130.0112,32.8487],[130.0115,32.8489],[130.0115,32.8489],[130.012,32.8492],[130.0127,32.8496],[130.0133,32.85],[130.0133,32.85],[130.0136,32.8502],[130.0138,32.8503],[130.014,32.8504],[130.0141,32.8506],[130.0143,32.8509],[130.0144,32.8511],[130.015,32.851],[130.0159,32.8509],[130.0162,32.8508],[130.0163,32.8508],[130.0164,32.8509],[130.0166,32.851],[130.0167,32.851],[130.0169,32.851],[130.0175,32.8508],[130.0181,32.8506],[130.0181,32.8507],[130.0181,32.8508],[130.0182,32.851],[130.0184,32.8512],[130.0186,32.8513],[130.0188,32.8514],[130.019,32.8515],[130.0192,32.8516],[130.0194,32.8517],[130.0196,32.8517],[130.0197,32.8516],[130.0198,32.8515],[130.0199,32.8513],[130.0201,32.8512],[130.0202,32.8511],[130.0202,32.851],[130.0202,32.851],[130.0205,32.851],[130.0206,32.851],[130.0208,32.8511],[130.0208,32.8511],[130.0209,32.8512],[130.021,32.8513],[130.0211,32.8514],[130.0215,32.8515],[130.0217,32.8514],[130.0221,32.8515],[130.0224,32.8515],[130.0226,32.8515],[130.0229,32.8514],[130.0229,32.8516],[130.0229,32.8516],[130.0228,32.8518],[130.0227,32.852],[130.0224,32.8524],[130.0224,32.8525],[130.0225,32.8528],[130.0228,32.853],[130.0229,32.8532],[130.023,32.8535],[130.0231,32.8538],[130.0231,32.8539],[130.0232,32.854],[130.0233,32.8542],[130.0233,32.8544],[130.0231,32.8543],[130.0229,32.8544],[130.0227,32.8543],[130.0226,32.8541],[130.0225,32.854],[130.0225,32.8538],[130.0225,32.8538],[130.0223,32.8536],[130.0218,32.8535],[130.0217,32.8528],[130.0215,32.8528],[130.0211,32.8528],[130.0208,32.8528],[130.0207,32.8526],[130.0207,32.852],[130.0207,32.8519],[130.0205,32.8519],[130.0205,32.8519],[130.0205,32.8517],[130.0204,32.8517],[130.0201,32.8518],[130.0199,32.8517],[130.0198,32.8517],[130.0197,32.8518],[130.0194,32.8524],[130.0191,32.8527],[130.0188,32.8531],[130.0192,32.8533],[130.0196,32.8535],[130.02,32.8538],[130.0201,32.8538],[130.02,32.8542],[130.0202,32.8543],[130.0207,32.8545],[130.0211,32.8546],[130.0215,32.8547],[130.0213,32.8559],[130.0211,32.8565],[130.0216,32.8567],[130.0222,32.8568],[130.0225,32.8568],[130.0225,32.8568],[130.0226,32.8568],[130.0228,32.8568],[130.023,32.8568],[130.0233,32.8567],[130.0235,32.8566],[130.0238,32.8564],[130.0242,32.8564],[130.0248,32.8564],[130.025,32.8564],[130.025,32.8561],[130.0251,32.8563],[130.0253,32.8565],[130.0254,32.8566],[130.0254,32.8566],[130.0253,32.8566],[130.0252,32.8565],[130.025,32.8567],[130.025,32.8567],[130.0251,32.8568],[130.0252,32.8569],[130.0253,32.8571],[130.0253,32.8572],[130.0254,32.8573],[130.0254,32.8575],[130.0253,32.8577],[130.0253,32.8578],[130.0253,32.8585],[130.0253,32.8586],[130.0253,32.8586],[130.0252,32.8596],[130.0256,32.8596],[130.0256,32.8596],[130.0258,32.8595],[130.0259,32.8595],[130.026,32.8595],[130.0261,32.8595],[130.0262,32.8596],[130.0264,32.8596],[130.0266,32.8596],[130.0267,32.8596],[130.0268,32.8596],[130.0268,32.8596],[130.027,32.8596],[130.027,32.8596],[130.0271,32.8596],[130.0272,32.8596],[130.0273,32.8596],[130.0273,32.8594],[130.0273,32.8593],[130.0274,32.859],[130.0274,32.8589],[130.0274,32.8589],[130.0274,32.8588],[130.0275,32.8586],[130.0275,32.8586],[130.0276,32.8585],[130.0276,32.8584],[130.0276,32.8584],[130.0277,32.8583],[130.0278,32.8581],[130.0278,32.8579],[130.0279,32.8577],[130.0277,32.8576],[130.0276,32.8575],[130.0273,32.8573],[130.0272,32.8572],[130.0271,32.8571],[130.0271,32.8571],[130.027,32.8569],[130.0268,32.8569],[130.0267,32.8569],[130.0267,32.8569],[130.0266,32.8568],[130.0266,32.8568],[130.0265,32.8568],[130.0264,32.8568],[130.0264,32.8568],[130.0263,32.8568],[130.0263,32.8568],[130.0263,32.8568],[130.026,32.8562],[130.0261,32.8561],[130.026,32.8561],[130.026,32.856],[130.0259,32.8559],[130.0258,32.8558],[130.0258,32.8557],[130.0255,32.8555],[130.0254,32.8553],[130.0253,32.8552],[130.0253,32.855],[130.0254,32.8548],[130.0255,32.8546],[130.0255,32.8545],[130.0255,32.8544],[130.0255,32.8543],[130.0254,32.8542],[130.0255,32.8541],[130.0255,32.8541],[130.0255,32.854],[130.0256,32.8539],[130.0256,32.8538],[130.0256,32.8536],[130.0258,32.8535],[130.0259,32.8535],[130.0259,32.8534],[130.0259,32.8533],[130.0259,32.8532],[130.0259,32.8531],[130.0259,32.8531],[130.0259,32.853],[130.0259,32.853],[130.026,32.8531],[130.026,32.8531],[130.0263,32.8531],[130.0264,32.8531],[130.0266,32.8531],[130.0267,32.8531],[130.0267,32.8531],[130.0268,32.8531],[130.027,32.8531],[130.0271,32.853],[130.0271,32.8531],[130.0272,32.8531],[130.0273,32.8531],[130.0273,32.8531],[130.0274,32.8532],[130.0274,32.8532],[130.0273,32.8534],[130.0273,32.8534],[130.0273,32.8535],[130.0274,32.8537],[130.0275,32.8538],[130.0275,32.8539],[130.0276,32.854],[130.0276,32.8541],[130.0276,32.8542],[130.0275,32.8545],[130.0275,32.8545],[130.0276,32.8545],[130.0278,32.8545],[130.0278,32.8545],[130.028,32.8545],[130.0281,32.8545],[130.0281,32.8545],[130.0282,32.8546],[130.0282,32.8546],[130.0284,32.8546],[130.0285,32.8546],[130.0286,32.8546],[130.0287,32.8546],[130.0287,32.8547],[130.0288,32.8547],[130.0289,32.8547],[130.0293,32.8547],[130.0293,32.8547],[130.0294,32.8547],[130.0295,32.8546],[130.0296,32.8546],[130.0298,32.8544],[130.0298,32.8543],[130.0299,32.8542],[130.03,32.8541],[130.0301,32.8541],[130.0302,32.854],[130.0304,32.8537],[130.0305,32.8535],[130.0305,32.8535],[130.0306,32.8534],[130.0308,32.8531],[130.0308,32.853],[130.0309,32.8529],[130.031,32.8529],[130.031,32.8527],[130.0311,32.8526],[130.0312,32.8525],[130.0313,32.8522],[130.0313,32.8521],[130.0313,32.8521],[130.0313,32.852],[130.0314,32.8516],[130.0316,32.8513],[130.0316,32.8512],[130.0316,32.8512],[130.0315,32.851],[130.0315,32.851],[130.0315,32.8509],[130.0316,32.8506],[130.0318,32.8503],[130.0319,32.8501],[130.0321,32.8498],[130.0322,32.8497],[130.0328,32.8497],[130.0334,32.8496],[130.0334,32.85],[130.0334,32.8502],[130.0334,32.8509],[130.0334,32.851],[130.0333,32.8511],[130.0333,32.8514],[130.0333,32.8516],[130.0334,32.8517],[130.0334,32.8518],[130.0334,32.8518],[130.0333,32.8518],[130.0332,32.8519],[130.0331,32.8519],[130.0329,32.8519],[130.0327,32.8519],[130.0325,32.852],[130.0323,32.852],[130.0323,32.852],[130.0321,32.8519],[130.032,32.8518],[130.0319,32.8518],[130.0318,32.8519],[130.0317,32.8519],[130.0317,32.8521],[130.0317,32.8521],[130.032,32.8522],[130.0322,32.8522],[130.0324,32.8522],[130.0326,32.8522],[130.0328,32.8522],[130.0329,32.8524],[130.033,32.8527],[130.033,32.8529],[130.0332,32.8528],[130.0336,32.8527],[130.0338,32.8527],[130.034,32.8526],[130.0339,32.8528],[130.0339,32.8528],[130.0339,32.853],[130.0339,32.853],[130.0339,32.8531],[130.0338,32.8533],[130.0337,32.8534],[130.0336,32.8536],[130.0336,32.8537],[130.0333,32.8537],[130.0332,32.8533],[130.0329,32.8534],[130.0327,32.8535],[130.0326,32.8538],[130.0325,32.8539],[130.0325,32.8539],[130.0324,32.8539],[130.0321,32.8539],[130.0321,32.8539],[130.0321,32.854],[130.0321,32.8543],[130.0321,32.8543],[130.0321,32.8544],[130.0321,32.8544],[130.0322,32.8544],[130.0322,32.8545],[130.0322,32.8545],[130.0322,32.8548],[130.0321,32.8548],[130.032,32.8549],[130.0319,32.855],[130.0317,32.8551],[130.0317,32.8551],[130.0316,32.8551],[130.0315,32.8551],[130.0315,32.8551],[130.0315,32.8552],[130.0315,32.8553],[130.0315,32.8554],[130.0314,32.8555],[130.0314,32.8555],[130.0314,32.8555],[130.0294,32.8556],[130.0294,32.8561],[130.0293,32.8561],[130.0293,32.8562],[130.0288,32.8583],[130.0287,32.8589],[130.0285,32.8598],[130.0282,32.8598],[130.028,32.8599],[130.0278,32.8601],[130.0276,32.8602],[130.0274,32.8604],[130.0273,32.8605],[130.0273,32.8606],[130.0272,32.8608],[130.0272,32.8609],[130.0271,32.8611],[130.0271,32.8611],[130.0269,32.8614],[130.0265,32.8612],[130.0265,32.8613],[130.0264,32.8615],[130.0264,32.8615],[130.0263,32.8616],[130.0262,32.8617],[130.026,32.8617],[130.026,32.8618],[130.026,32.8619],[130.026,32.862],[130.0259,32.8621],[130.0259,32.8622],[130.0258,32.8622],[130.0258,32.8623],[130.0258,32.8624],[130.0261,32.8626],[130.0263,32.8626],[130.0273,32.8632],[130.0277,32.8628],[130.0279,32.8627],[130.0279,32.8629],[130.0279,32.8631],[130.0284,32.863],[130.0288,32.8629],[130.0289,32.8628],[130.0291,32.8628],[130.0295,32.8627],[130.0299,32.8626],[130.0299,32.8626],[130.0299,32.8626],[130.03,32.8625],[130.0301,32.8625],[130.0302,32.8625],[130.0303,32.8625],[130.0304,32.8624],[130.0304,32.8624],[130.0305,32.8624],[130.0306,32.8624],[130.0307,32.8624],[130.0307,32.8624],[130.0309,32.8622],[130.0312,32.862],[130.0313,32.8619],[130.0314,32.8617],[130.0315,32.8617],[130.0316,32.8616],[130.0315,32.8615],[130.0314,32.8615],[130.0312,32.8614],[130.0313,32.8613],[130.0312,32.8613],[130.0312,32.8613],[130.0312,32.8613],[130.0311,32.8612],[130.0312,32.8612],[130.0312,32.8612],[130.0313,32.8612],[130.0313,32.8611],[130.0314,32.8611],[130.0314,32.861],[130.0315,32.8609],[130.0315,32.8609],[130.0316,32.8608],[130.0317,32.8608],[130.0318,32.8607],[130.0319,32.8607],[130.032,32.8605],[130.0323,32.86],[130.0324,32.8599],[130.0324,32.8597],[130.0324,32.8596],[130.0324,32.8594],[130.0324,32.8592],[130.0323,32.8589],[130.0323,32.8588],[130.0322,32.8587],[130.0321,32.8586],[130.0318,32.8583],[130.0314,32.858],[130.0316,32.8577],[130.0316,32.8577],[130.0317,32.8576],[130.0319,32.8575],[130.032,32.8575],[130.032,32.8575],[130.0321,32.8576],[130.0322,32.8575],[130.0325,32.8575],[130.0326,32.8577],[130.0327,32.8577],[130.0327,32.8577],[130.0328,32.8577],[130.0329,32.8577],[130.033,32.8576],[130.033,32.8576],[130.0331,32.8576],[130.0334,32.8576],[130.0334,32.8575],[130.0334,32.8575],[130.0335,32.8574],[130.0338,32.8574],[130.0338,32.8575],[130.0338,32.8577],[130.0337,32.8578],[130.0336,32.8581],[130.0336,32.8581],[130.0336,32.8582],[130.0336,32.8582],[130.0336,32.8583],[130.0336,32.8584],[130.0335,32.8587],[130.0334,32.8587],[130.0334,32.8588],[130.0333,32.8588],[130.0333,32.859],[130.0332,32.8591],[130.0332,32.8591],[130.0331,32.8592],[130.0329,32.8593],[130.0329,32.8594],[130.0329,32.8594],[130.0328,32.8595],[130.0328,32.8596],[130.0326,32.8599],[130.0326,32.86],[130.0326,32.86],[130.0326,32.8601],[130.0326,32.8601],[130.0326,32.8602],[130.0325,32.8603],[130.0324,32.8603],[130.0324,32.8604],[130.0324,32.8604],[130.033,32.8607],[130.033,32.8607],[130.0332,32.8605],[130.0333,32.8604],[130.0334,32.8604],[130.0334,32.8604],[130.0335,32.8603],[130.0336,32.8603],[130.0336,32.8602],[130.0337,32.86],[130.0337,32.8599],[130.0337,32.8599],[130.0338,32.8598],[130.0339,32.8597],[130.034,32.8597],[130.0343,32.8596],[130.0344,32.8595],[130.0344,32.8595],[130.0345,32.8594],[130.0346,32.8594],[130.0348,32.8591],[130.0348,32.859],[130.0349,32.859],[130.035,32.859],[130.035,32.859],[130.0351,32.859],[130.035,32.8591],[130.035,32.8591],[130.0349,32.8594],[130.0348,32.8597],[130.0348,32.8599],[130.0347,32.86],[130.0346,32.8601],[130.0344,32.8603],[130.0344,32.8604],[130.0343,32.8605],[130.0342,32.8607],[130.0341,32.8609],[130.034,32.8612],[130.0339,32.8613],[130.0339,32.8613],[130.0339,32.8614],[130.034,32.8614],[130.034,32.8615],[130.034,32.8617],[130.0341,32.8619],[130.034,32.8621],[130.0339,32.8623],[130.0339,32.8624],[130.0338,32.8625],[130.0337,32.8627],[130.0334,32.8629],[130.0332,32.8631],[130.0333,32.8632],[130.0334,32.8633],[130.0334,32.8634],[130.0334,32.8635],[130.0334,32.8635],[130.0333,32.8637],[130.0333,32.8638],[130.0332,32.8642],[130.0332,32.8643],[130.0337,32.8646],[130.0338,32.8647],[130.0341,32.8649],[130.0338,32.8652],[130.0342,32.8652],[130.0343,32.8652],[130.0344,32.8653],[130.0345,32.8654],[130.0345,32.8654],[130.0345,32.8655],[130.0345,32.8656],[130.0345,32.8657],[130.0345,32.8658],[130.0346,32.8661],[130.0346,32.8662],[130.0346,32.8664],[130.0346,32.8667],[130.035,32.8663],[130.0353,32.8661],[130.0358,32.8657],[130.0358,32.8656],[130.0359,32.8655]]]},"properties":{"name":"諫早市","pop":1}},{"type":"Feature","geometry":{"type":"Polygon","coordinates":[[[129.9925,32.8357],[129.9924,32.8356],[129.9924,32.8356],[129.9923,32.8355],[129.9923,32.8354],[129.9923,32.8354],[129.9922,32.8354],[129.9922,32.8353],[129.9922,32.8353],[129.9922,32.8352],[129.9921,32.835],[129.992,32.8347],[129.9919,32.8344],[129.9917,32.834],[129.9917,32.834],[129.9916,32.8338],[129.9914,32.8335],[129.9913,32.8333],[129.9912,32.8332],[129.9912,32.8329],[129.9911,32.8326],[129.9911,32.8325],[129.9912,32.8323],[129.9912,32.8322],[129.9913,32.8318],[129.9913,32.8317],[129.9913,32.8317],[129.9913,32.8316],[129.9913,32.8315],[129.9912,32.8314],[129.9911,32.8309],[129.9911,32.8307],[129.9911,32.8306],[129.9913,32.8305],[129.9917,32.8302],[129.9918,32.8302],[129.9917,32.8299],[129.9903,32.8302],[129.9895,32.8304],[129.9889,32.8304],[129.9884,32.8304],[129.9881,32.8304],[129.9873,32.8302],[129.9868,32.8301],[129.9859,32.8298],[129.9857,32.8298],[129.986,32.8297],[129.9862,32.8296],[129.9863,32.8296],[129.9864,32.8294],[129.9864,32.8293],[129.9865,32.8292],[129.9866,32.8291],[129.9866,32.8291],[129.9866,32.8289],[129.9866,32.8288],[129.9866,32.8287],[129.9866,32.8286],[129.9866,32.8286],[129.9864,32.8284],[129.9861,32.8284],[129.9859,32.8284],[129.9857,32.8284],[129.9861,32.828],[129.9862,32.8279],[129.9863,32.8275],[129.9864,32.8273],[129.9866,32.8271],[129.9868,32.827],[129.987,32.8269],[129.9874,32.8267],[129.9874,32.8266],[129.9875,32.8266],[129.9875,32.8266],[129.9877,32.8266],[129.9878,32.8266],[129.9879,32.8266],[129.9881,32.8268],[129.9885,32.8264],[129.9881,32.8261],[129.988,32.826],[129.988,32.8259],[129.988,32.8258],[129.9879,32.8256],[129.9876,32.8255],[129.9877,32.8252],[129.9876,32.8252],[129.9874,32.8253],[129.9873,32.8254],[129.9869,32.8257],[129.9868,32.8258],[129.9865,32.826],[129.9862,32.8264],[129.9858,32.8267],[129.9857,32.8269],[129.9857,32.8271],[129.9856,32.8273],[129.9855,32.8275],[129.9853,32.8278],[129.9853,32.8279],[129.9854,32.8281],[129.9855,32.8282],[129.9857,32.8284],[129.9855,32.8287],[129.9855,32.8288],[129.9855,32.829],[129.9855,32.8294],[129.9856,32.8297],[129.9855,32.8297],[129.9845,32.8293],[129.9841,32.8292],[129.9838,32.829],[129.9832,32.8288],[129.9829,32.8287],[129.9834,32.8285],[129.9837,32.8281],[129.9831,32.8279],[129.9831,32.8278],[129.983,32.8278],[129.9825,32.828],[129.9826,32.8281],[129.9826,32.8282],[129.9825,32.8283],[129.9824,32.8283],[129.9824,32.8284],[129.982,32.8282],[129.9803,32.8273],[129.9804,32.8272],[129.9806,32.827],[129.9808,32.8269],[129.9808,32.8269],[129.9809,32.8267],[129.9811,32.8263],[129.9812,32.8261],[129.9812,32.8259],[129.9811,32.8257],[129.981,32.8255],[129.9809,32.825],[129.9809,32.8248],[129.9808,32.8246],[129.981,32.8243],[129.981,32.8242],[129.981,32.8241],[129.9809,32.824],[129.9807,32.8238],[129.9806,32.824],[129.9805,32.8242],[129.9804,32.8244],[129.9805,32.8247],[129.9804,32.8248],[129.9802,32.8248],[129.9801,32.825],[129.98,32.8252],[129.98,32.8253],[129.98,32.8254],[129.9801,32.8257],[129.9802,32.8261],[129.9803,32.8265],[129.9803,32.8273],[129.9786,32.8263],[129.9776,32.8258],[129.9775,32.8258],[129.9776,32.8256],[129.9777,32.8254],[129.9776,32.8252],[129.9774,32.8249],[129.9774,32.8248],[129.9774,32.8246],[129.9776,32.824],[129.9766,32.8238],[129.9763,32.8237],[129.9761,32.8241],[129.9757,32.8237],[129.9749,32.8232],[129.9746,32.8237],[129.975,32.8241],[129.9748,32.8242],[129.9747,32.8242],[129.9745,32.8242],[129.9742,32.8242],[129.9738,32.8242],[129.9732,32.8246],[129.9726,32.8242],[129.9725,32.8242],[129.9723,32.8239],[129.972,32.8234],[129.9719,32.8232],[129.9724,32.8234],[129.9726,32.8231],[129.9728,32.8232],[129.9729,32.8231],[129.9721,32.8227],[129.972,32.8229],[129.9717,32.8227],[129.9718,32.8227],[129.9717,32.8226],[129.9716,32.8225],[129.9715,32.8223],[129.9712,32.8223],[129.971,32.8222],[129.9707,32.8221],[129.9705,32.822],[129.9703,32.8219],[129.9702,32.8218],[129.9701,32.8219],[129.9699,32.8221],[129.9698,32.8223],[129.9698,32.8222],[129.9697,32.822],[129.9697,32.8218],[129.9697,32.8216],[129.9698,32.8213],[129.9699,32.8212],[129.97,32.8211],[129.97,32.821],[129.97,32.8209],[129.9701,32.8208],[129.9702,32.8207],[129.9703,32.8206],[129.9702,32.8206],[129.9691,32.8204],[129.9683,32.8202],[129.9681,32.8201],[129.968,32.82],[129.9673,32.8206],[129.9677,32.821],[129.9684,32.8211],[129.969,32.8215],[129.9689,32.8216],[129.9689,32.8216],[129.9689,32.8216],[129.9689,32.8217],[129.9688,32.8217],[129.9686,32.8218],[129.9683,32.8218],[129.9679,32.822],[129.9678,32.822],[129.9677,32.8221],[129.9678,32.8222],[129.968,32.8225],[129.968,32.8227],[129.968,32.8228],[129.9681,32.8229],[129.9682,32.823],[129.9682,32.8231],[129.9682,32.8231],[129.9684,32.8231],[129.9683,32.8233],[129.9684,32.8234],[129.9684,32.8235],[129.9682,32.824],[129.9682,32.824],[129.9683,32.8242],[129.9685,32.8244],[129.9686,32.8245],[129.9686,32.8247],[129.9685,32.825],[129.9686,32.825],[129.9686,32.8251],[129.9687,32.8253],[129.9689,32.8255],[129.9691,32.8257],[129.9692,32.8257],[129.9693,32.8257],[129.9694,32.8257],[129.9696,32.8257],[129.9698,32.8257],[129.97,32.8259],[129.9701,32.826],[129.9701,32.8263],[129.9701,32.8264],[129.9704,32.8264],[129.9708,32.8265],[129.9709,32.8269],[129.9707,32.8268],[129.9706,32.8273],[129.9706,32.8281],[129.9706,32.8283],[129.9706,32.8283],[129.9709,32.8282],[129.9713,32.8281],[129.9721,32.8282],[129.9728,32.8281],[129.9736,32.828],[129.9738,32.828],[129.9735,32.8277],[129.9749,32.8275],[129.9749,32.8273],[129.9766,32.827],[129.9768,32.8279],[129.9768,32.8283],[129.9769,32.8285],[129.9771,32.8287],[129.9769,32.8289],[129.9768,32.8289],[129.9769,32.829],[129.9769,32.8292],[129.9774,32.8296],[129.9779,32.83],[129.9781,32.8302],[129.9781,32.8303],[129.9782,32.8303],[129.9782,32.8304],[129.9782,32.8306],[129.9782,32.8307],[129.9785,32.8309],[129.9787,32.8311],[129.9789,32.8312],[129.979,32.8313],[129.9793,32.8316],[129.9795,32.8318],[129.9797,32.8319],[129.9801,32.8321],[129.9803,32.8321],[129.9803,32.832],[129.9805,32.8319],[129.9802,32.8317],[129.9802,32.8316],[129.9802,32.8315],[129.9805,32.8311],[129.9815,32.8318],[129.9829,32.8328],[129.9832,32.8327],[129.9844,32.8321],[129.9846,32.832],[129.985,32.8318],[129.9856,32.8315],[129.9862,32.8312],[129.9861,32.8317],[129.986,32.8321],[129.986,32.8324],[129.986,32.8329],[129.985,32.8331],[129.984,32.8333],[129.9841,32.8334],[129.9842,32.8335],[129.9842,32.8335],[129.9843,32.8336],[129.9843,32.8336],[129.9844,32.8337],[129.9845,32.8337],[129.9845,32.8338],[129.9846,32.8339],[129.9846,32.8339],[129.9847,32.834],[129.9847,32.8341],[129.9848,32.8341],[129.9848,32.8342],[129.9849,32.8342],[129.9849,32.8343],[129.985,32.8344],[129.985,32.8344],[129.985,32.8345],[129.9851,32.8345],[129.9851,32.8345],[129.9851,32.8345],[129.9851,32.8345],[129.9852,32.8345],[129.9852,32.8345],[129.9852,32.8344],[129.9852,32.8344],[129.9852,32.8344],[129.9852,32.8343],[129.9853,32.8343],[129.9853,32.8342],[129.9853,32.8341],[129.9854,32.8341],[129.9854,32.834],[129.9854,32.8339],[129.9855,32.8339],[129.9855,32.8338],[129.9855,32.8337],[129.9857,32.8336],[129.9857,32.8336],[129.9857,32.8336],[129.9857,32.8337],[129.9857,32.8337],[129.9856,32.8338],[129.9856,32.8339],[129.9856,32.8339],[129.9855,32.834],[129.9855,32.834],[129.9855,32.8341],[129.9855,32.8341],[129.9854,32.8342],[129.9854,32.8342],[129.9854,32.8343],[129.9853,32.8343],[129.9853,32.8344],[129.9853,32.8344],[129.9853,32.8345],[129.9853,32.8345],[129.9853,32.8345],[129.9853,32.8346],[129.9853,32.8346],[129.9853,32.8346],[129.9853,32.8347],[129.9853,32.8348],[129.9853,32.8348],[129.9854,32.835],[129.9855,32.8353],[129.9855,32.8353],[129.9855,32.8353],[129.9855,32.8353],[129.9855,32.8353],[129.9855,32.8354],[129.9855,32.8354],[129.9855,32.8354],[129.9856,32.8354],[129.9856,32.8354],[129.9856,32.8354],[129.9856,32.8354],[129.9858,32.8355],[129.9859,32.8356],[129.986,32.8356],[129.9861,32.8357],[129.9862,32.8358],[129.9862,32.8358],[129.9862,32.8358],[129.9862,32.8358],[129.9864,32.8359],[129.9865,32.8357],[129.9865,32.8357],[129.9866,32.8357],[129.9866,32.8357],[129.9866,32.8359],[129.9865,32.836],[129.9865,32.836],[129.9864,32.8361],[129.9863,32.8362],[129.9862,32.8364],[129.9862,32.8364],[129.9862,32.8364],[129.9862,32.8365],[129.9861,32.8366],[129.9861,32.8366],[129.986,32.8367],[129.986,32.8367],[129.986,32.8367],[129.986,32.8368],[129.986,32.8369],[129.986,32.8371],[129.986,32.8374],[129.9861,32.8377],[129.9861,32.838],[129.9861,32.8383],[129.9861,32.8386],[129.9862,32.8388],[129.9862,32.8393],[129.9862,32.8395],[129.9862,32.8397],[129.9862,32.8398],[129.9862,32.84],[129.9863,32.8403],[129.9863,32.8406],[129.9863,32.8407],[129.9863,32.8407],[129.9863,32.8409],[129.9863,32.8409],[129.9863,32.8409],[129.9863,32.8411],[129.9864,32.8413],[129.9864,32.8414],[129.9864,32.8414],[129.9864,32.8416],[129.9864,32.8416],[129.9864,32.8416],[129.9869,32.8416],[129.9871,32.8416],[129.9872,32.8416],[129.9873,32.8417],[129.9874,32.8417],[129.9876,32.8417],[129.9877,32.8417],[129.9878,32.8417],[129.988,32.8417],[129.9884,32.8417],[129.9885,32.8417],[129.9886,32.8417],[129.9886,32.8417],[129.9893,32.8417],[129.9897,32.8417],[129.9898,32.8417],[129.9899,32.8417],[129.9901,32.8417],[129.9902,32.8417],[129.9904,32.8417],[129.9908,32.8418],[129.9911,32.8418],[129.9914,32.8418],[129.9916,32.8418],[129.9917,32.8418],[129.9941,32.8419],[129.9941,32.8417],[129.9941,32.8417],[129.9941,32.8414],[129.9942,32.8414],[129.9942,32.8414],[129.9942,32.8411],[129.9942,32.8411],[129.9942,32.841],[129.9942,32.8407],[129.9942,32.8406],[129.9942,32.8404],[129.9942,32.8404],[129.9942,32.8402],[129.9942,32.84],[129.9942,32.84],[129.9942,32.8399],[129.9942,32.8398],[129.9942,32.8397],[129.9942,32.8396],[129.9943,32.8393],[129.9943,32.8388],[129.9943,32.8378],[129.9943,32.8377],[129.9938,32.8371],[129.9934,32.8367],[129.9931,32.8363],[129.9927,32.8359],[129.9926,32.8358],[129.9926,32.8358],[129.9925,32.8357]]]},"properties":{"name":"諫早市","pop":2}},{"type":"Feature","geometry":{"type":"Polygon","coordinates":[[[129.9759,32.9058],[129.976,32.9059],[129.9761,32.9059],[129.9762,32.906],[129.9764,32.9061],[129.9766,32.9062],[129.9767,32.9062],[129.9768,32.9062],[129.9769,32.9063],[129.9771,32.9063],[129.9771,32.9062],[129.9771,32.9062],[129.9772,32.9062],[129.9772,32.9062],[129.9773,32.9062],[129.9774,32.9063],[129.9775,32.9063],[129.9776,32.9062],[129.9776,32.9062],[129.9777,32.9059],[129.9778,32.9059],[129.9779,32.9059],[129.9779,32.9059],[129.9779,32.9056],[129.9779,32.9055],[129.9778,32.9055],[129.9778,32.9054],[129.9776,32.9053],[129.9775,32.9052],[129.9774,32.9051],[129.9773,32.9051],[129.9771,32.905],[129.977,32.9049],[129.9769,32.905],[129.9767,32.9051],[129.9765,32.9052],[129.9763,32.9053],[129.9761,32.9055],[129.9759,32.9058]]]},"properties":{"name":"大村市","pop":1}},{"type":"Feature","geometry":{"type":"Polygon","coordinates":[[[129.9685,32.9274],[129.9687,32.9274],[129.9688,32.9275],[129.9689,32.9275],[129.9691,32.9276],[129.9691,32.9276],[129.9692,32.9277],[129.9693,32.9277],[129.9693,32.9278],[129.9695,32.9278],[129.9698,32.9279],[129.9699,32.9278],[129.9699,32.9278],[129.9701,32.9277],[129.9701,32.9277],[129.97,32.9277],[129.9718,32.9274],[129.9718,32.9269],[129.9712,32.9269],[129.971,32.9268],[129.9709,32.9268],[129.9703,32.9265],[129.9701,32.9267],[129.97,32.9268],[129.9697,32.9269],[129.9694,32.927],[129.9693,32.9269],[129.9692,32.9269],[129.969,32.9269],[129.969,32.9269],[129.9687,32.9271],[129.9686,32.9271],[129.9686,32.9272],[129.9685,32.9272],[129.9685,32.9273],[129.9685,32.9274]]]},"properties":{"name":"大村市","pop":1}},{"type":"Feature","geometry":{"type":"Polygon","coordinates":[[[129.9685,32.9274],[129.9682,32.9274],[129.968,32.9273],[129.9677,32.9273],[129.9675,32.9271],[129.9673,32.927],[129.967,32.9268],[129.9669,32.9267],[129.9668,32.9266],[129.9668,32.9265],[129.9668,32.9263],[129.9668,32.9262],[129.9668,32.926],[129.9668,32.9259],[129.9668,32.9258],[129.9668,32.9257],[129.9669,32.9256],[129.9672,32.9255],[129.9673,32.9253],[129.9674,32.9252],[129.9672,32.9252],[129.9671,32.9251],[129.9671,32.925],[129.9669,32.9248],[129.9669,32.9246],[129.9668,32.9243],[129.9671,32.9241],[129.9672,32.924],[129.9674,32.924],[129.9674,32.9239],[129.9675,32.924],[129.9676,32.924],[129.9677,32.924],[129.9678,32.9239],[129.9679,32.9238],[129.968,32.9238],[129.9683,32.9238],[129.9682,32.9235],[129.9682,32.9233],[129.9682,32.9231],[129.9682,32.923],[129.9683,32.9229],[129.9681,32.9229],[129.9678,32.9229],[129.9677,32.9228],[129.9675,32.9228],[129.9675,32.9228],[129.9674,32.9227],[129.9672,32.9228],[129.9671,32.9228],[129.9669,32.9229],[129.9667,32.9229],[129.9666,32.9229],[129.9664,32.9229],[129.9662,32.923],[129.966,32.923],[129.9657,32.9231],[129.9655,32.9232],[129.9652,32.9232],[129.965,32.9232],[129.9647,32.9233],[129.9648,32.9229],[129.9647,32.9228],[129.9647,32.9227],[129.9647,32.9226],[129.9647,32.9225],[129.9648,32.9224],[129.9646,32.9222],[129.9646,32.9221],[129.965,32.9212],[129.9649,32.9211],[129.9647,32.9209],[129.9647,32.9208],[129.9646,32.9207],[129.9646,32.9206],[129.9645,32.9206],[129.9645,32.9205],[129.9644,32.9205],[129.9644,32.9203],[129.9642,32.9202],[129.9641,32.9201],[129.9639,32.9199],[129.9638,32.9198],[129.9638,32.9197],[129.9638,32.9196],[129.9638,32.9195],[129.9639,32.9193],[129.9639,32.9192],[129.9639,32.9191],[129.9638,32.9188],[129.9641,32.9188],[129.9644,32.9187],[129.9649,32.9187],[129.9649,32.9187],[129.9649,32.9184],[129.9652,32.9184],[129.9653,32.9185],[129.9659,32.9188],[129.966,32.9188],[129.9665,32.919],[129.9666,32.9191],[129.9667,32.9191],[129.9668,32.9191],[129.9669,32.9192],[129.967,32.9192],[129.9671,32.9192],[129.9672,32.9192],[129.9673,32.9192],[129.9674,32.9193],[129.9675,32.9193],[129.9677,32.9193],[129.9678,32.9193],[129.9679,32.9193],[129.968,32.9193],[129.968,32.9193],[129.9681,32.9193],[129.9682,32.9192],[129.9683,32.9191],[129.9686,32.9183],[129.9688,32.9181],[129.9686,32.9179],[129.9683,32.9178],[129.9681,32.9176],[129.9678,32.9175],[129.9677,32.9174],[129.9675,32.9174],[129.9671,32.9173],[129.9669,32.9172],[129.9666,32.9171],[129.9664,32.917],[129.9662,32.917],[129.9659,32.917],[129.9657,32.917],[129.9656,32.917],[129.9655,32.917],[129.9654,32.917],[129.9654,32.9171],[129.9651,32.9173],[129.965,32.9175],[129.9648,32.9176],[129.9647,32.9177],[129.9646,32.9177],[129.9644,32.9177],[129.9641,32.9177],[129.9639,32.9177],[129.9638,32.9176],[129.9637,32.9176],[129.9636,32.9175],[129.9634,32.9173],[129.963,32.917],[129.9628,32.9168],[129.9626,32.9165],[129.9623,32.9162],[129.9622,32.9159],[129.9622,32.9158],[129.9622,32.9157],[129.9624,32.9156],[129.9625,32.9155],[129.9625,32.9152],[129.9624,32.915],[129.9624,32.915],[129.9623,32.9148],[129.9623,32.9147],[129.9622,32.9145],[129.9621,32.9144],[129.9621,32.9143],[129.9621,32.9141],[129.9621,32.9139],[129.9621,32.9138],[129.962,32.9137],[129.9619,32.9136],[129.9623,32.9136],[129.9626,32.9136],[129.9629,32.9136],[129.9627,32.9135],[129.9626,32.9135],[129.9625,32.9134],[129.9625,32.9134],[129.9625,32.9133],[129.9625,32.9131],[129.9626,32.9129],[129.9627,32.9127],[129.9627,32.9126],[129.9628,32.9125],[129.9627,32.9121],[129.9627,32.9121],[129.9628,32.912],[129.9628,32.9119],[129.9631,32.9118],[129.9631,32.9119],[129.9633,32.912],[129.9637,32.9121],[129.9639,32.9122],[129.9642,32.9123],[129.9645,32.9123],[129.9646,32.9123],[129.9648,32.9123],[129.9648,32.9123],[129.965,32.9124],[129.9651,32.9125],[129.9653,32.9125],[129.9655,32.9126],[129.9657,32.9127],[129.9658,32.9128],[129.9658,32.9129],[129.9657,32.913],[129.9657,32.9131],[129.9658,32.9131],[129.9658,32.9132],[129.9657,32.9134],[129.9655,32.9134],[129.9654,32.9134],[129.9652,32.9133],[129.9651,32.9133],[129.965,32.9135],[129.9648,32.9137],[129.9649,32.9137],[129.9651,32.9139],[129.9652,32.914],[129.9654,32.9141],[129.9655,32.9142],[129.9656,32.9143],[129.9658,32.9143],[129.966,32.9144],[129.9665,32.9145],[129.9668,32.9146],[129.967,32.9147],[129.9671,32.9148],[129.9673,32.9148],[129.9675,32.9148],[129.9677,32.9148],[129.9678,32.9149],[129.9681,32.9151],[129.9682,32.9152],[129.9684,32.9152],[129.9686,32.9152],[129.9688,32.9152],[129.9691,32.9152],[129.9693,32.9152],[129.9694,32.9153],[129.9695,32.9154],[129.9697,32.9156],[129.9697,32.9155],[129.9697,32.9154],[129.9697,32.9153],[129.9698,32.9151],[129.9697,32.915],[129.9697,32.9148],[129.9696,32.9146],[129.9695,32.9145],[129.9695,32.9145],[129.969,32.9142],[129.9688,32.9141],[129.9686,32.914],[129.9684,32.9139],[129.9681,32.9139],[129.9681,32.9139],[129.9679,32.9138],[129.9679,32.9137],[129.9678,32.9136],[129.9678,32.9135],[129.9681,32.9136],[129.9681,32.9136],[129.9682,32.9135],[129.9684,32.9134],[129.9685,32.9133],[129.9686,32.9133],[129.9686,32.9133],[129.9687,32.9132],[129.9688,32.9132],[129.9692,32.9132],[129.9693,32.9133],[129.9696,32.9135],[129.9698,32.9136],[129.9699,32.9138],[129.9701,32.9139],[129.9702,32.9139],[129.9703,32.914],[129.9704,32.9141],[129.9705,32.9142],[129.9705,32.9143],[129.9705,32.9145],[129.9705,32.9147],[129.9706,32.9147],[129.9707,32.9148],[129.9711,32.915],[129.9714,32.9152],[129.9717,32.9153],[129.9718,32.9154],[129.9719,32.9155],[129.9723,32.9155],[129.9726,32.9155],[129.9728,32.9155],[129.973,32.9156],[129.973,32.9155],[129.973,32.9153],[129.9728,32.9152],[129.9726,32.915],[129.9725,32.9148],[129.9721,32.9146],[129.9716,32.9143],[129.9713,32.9141],[129.9711,32.9139],[129.971,32.9138],[129.9707,32.9133],[129.9705,32.913],[129.9703,32.9128],[129.9702,32.9127],[129.9701,32.9127],[129.97,32.9126],[129.9702,32.9125],[129.9703,32.9125],[129.9704,32.9125],[129.9706,32.9126],[129.9708,32.9126],[129.9708,32.9127],[129.9709,32.9126],[129.9709,32.9126],[129.9709,32.9125],[129.9709,32.9125],[129.9707,32.9125],[129.9707,32.9125],[129.9706,32.9124],[129.9705,32.9124],[129.9705,32.9123],[129.9701,32.9121],[129.97,32.912],[129.9699,32.912],[129.9698,32.9119],[129.9698,32.9118],[129.9696,32.9118],[129.9694,32.9116],[129.9692,32.9115],[129.969,32.9114],[129.9689,32.9113],[129.9688,32.9111],[129.9687,32.9109],[129.9684,32.9107],[129.9683,32.9106],[129.968,32.9105],[129.9678,32.9104],[129.9677,32.9103],[129.9676,32.9102],[129.9672,32.9098],[129.9674,32.9098],[129.9675,32.9098],[129.9676,32.9098],[129.9681,32.9095],[129.968,32.9093],[129.9679,32.9091],[129.9678,32.909],[129.9677,32.909],[129.9676,32.9089],[129.9676,32.9087],[129.9678,32.9087],[129.9679,32.9086],[129.9681,32.9086],[129.9683,32.9086],[129.9685,32.9086],[129.9687,32.9086],[129.969,32.9087],[129.9692,32.9088],[129.9695,32.9088],[129.9698,32.9089],[129.9699,32.9089],[129.9702,32.9088],[129.9703,32.9088],[129.9705,32.9088],[129.9706,32.9089],[129.9709,32.909],[129.9711,32.909],[129.9712,32.909],[129.9713,32.909],[129.9716,32.9089],[129.9719,32.9087],[129.9721,32.9085],[129.9722,32.9084],[129.9722,32.9083],[129.9723,32.9081],[129.9724,32.908],[129.9725,32.9079],[129.9727,32.9078],[129.9729,32.9078],[129.973,32.9078],[129.9734,32.9079],[129.9737,32.9079],[129.9739,32.9079],[129.974,32.9079],[129.9742,32.908],[129.9745,32.908],[129.9748,32.9081],[129.975,32.9081],[129.9751,32.9082],[129.9751,32.9083],[129.9753,32.9085],[129.9755,32.9087],[129.9756,32.9088],[129.9757,32.9088],[129.9762,32.9089],[129.9763,32.9089],[129.9765,32.9088],[129.9765,32.9088],[129.9766,32.9088],[129.9766,32.9089],[129.9767,32.909],[129.9767,32.9091],[129.9768,32.9091],[129.977,32.9092],[129.977,32.9093],[129.9771,32.9093],[129.9775,32.9095],[129.9776,32.9095],[129.9775,32.9094],[129.9773,32.9092],[129.9772,32.9092],[129.9771,32.909],[129.977,32.9088],[129.9766,32.9085],[129.9763,32.9083],[129.9764,32.9082],[129.9764,32.9082],[129.9764,32.9081],[129.9765,32.908],[129.9765,32.908],[129.9764,32.9079],[129.9759,32.9078],[129.9758,32.9079],[129.9758,32.9079],[129.9757,32.9079],[129.9757,32.9079],[129.9755,32.9078],[129.9748,32.9077],[129.9747,32.9076],[129.9747,32.9076],[129.9748,32.9073],[129.9748,32.9072],[129.9748,32.9071],[129.9747,32.9071],[129.9748,32.907],[129.9745,32.9066],[129.9748,32.9065],[129.975,32.9064],[129.9752,32.9063],[129.9754,32.9062],[129.9755,32.9062],[129.9756,32.9061],[129.9757,32.906],[129.9758,32.9059],[129.9759,32.9058],[129.9758,32.9057],[129.9758,32.9056],[129.9758,32.9055],[129.9758,32.9054],[129.9757,32.9053],[129.9756,32.9053],[129.9754,32.9053],[129.9752,32.9052],[129.975,32.9052],[129.975,32.905],[129.9751,32.905],[129.9749,32.9049],[129.9746,32.9049],[129.9745,32.9049],[129.9744,32.9049],[129.9744,32.905],[129.9743,32.9051],[129.9742,32.9053],[129.9742,32.9053],[129.9741,32.9053],[129.974,32.9053],[129.9739,32.9053],[129.9737,32.9052],[129.9736,32.9052],[129.9734,32.9052],[129.9733,32.9053],[129.9734,32.9053],[129.9736,32.9054],[129.9737,32.9055],[129.9738,32.9056],[129.9738,32.9057],[129.9738,32.9058],[129.9737,32.9057],[129.9736,32.9056],[129.9734,32.9056],[129.9729,32.9054],[129.9727,32.9053],[129.9726,32.9052],[129.9725,32.9052],[129.9722,32.9051],[129.972,32.9051],[129.9718,32.905],[129.9715,32.9049],[129.9712,32.9048],[129.971,32.9048],[129.9709,32.9047],[129.9707,32.9046],[129.9704,32.9044],[129.9702,32.9043],[129.9703,32.9042],[129.9704,32.904],[129.9706,32.9038],[129.9707,32.9036],[129.9706,32.9035],[129.9705,32.9034],[129.9703,32.9033],[129.9702,32.9032],[129.9702,32.903],[129.9701,32.9029],[129.9699,32.9027],[129.9696,32.9026],[129.9697,32.9025],[129.9698,32.9023],[129.9699,32.9021],[129.9705,32.9024],[129.9708,32.9032],[129.9714,32.9037],[129.9716,32.9038],[129.9717,32.9037],[129.9718,32.9037],[129.9722,32.9036],[129.9723,32.9036],[129.9731,32.9035],[129.9735,32.9035],[129.974,32.9034],[129.9739,32.9032],[129.9737,32.9031],[129.9735,32.9031],[129.9734,32.903],[129.9733,32.9029],[129.9733,32.9028],[129.9734,32.9027],[129.9735,32.9026],[129.9734,32.9025],[129.9734,32.9024],[129.9733,32.9023],[129.9733,32.9022],[129.9732,32.9022],[129.973,32.9021],[129.9729,32.902],[129.9728,32.9019],[129.9727,32.9018],[129.9726,32.9017],[129.9725,32.9017],[129.9726,32.9016],[129.9727,32.9015],[129.9729,32.9013],[129.9729,32.9012],[129.9731,32.9011],[129.9731,32.9011],[129.9732,32.901],[129.9734,32.9008],[129.9732,32.9007],[129.9733,32.9006],[129.9734,32.9005],[129.9736,32.9004],[129.9737,32.9002],[129.9737,32.9002],[129.9739,32.9001],[129.974,32.9],[129.9742,32.9001],[129.9742,32.9002],[129.9744,32.9003],[129.9745,32.9004],[129.9747,32.9005],[129.9748,32.9006],[129.9749,32.9007],[129.975,32.9008],[129.9751,32.9009],[129.9753,32.901],[129.9755,32.9011],[129.9756,32.9012],[129.9758,32.9013],[129.9758,32.9011],[129.9758,32.9009],[129.9759,32.9009],[129.9759,32.9008],[129.9761,32.9007],[129.9762,32.9007],[129.9763,32.9006],[129.9764,32.9006],[129.9763,32.9005],[129.9767,32.9001],[129.9769,32.9],[129.9771,32.8999],[129.9772,32.8999],[129.9772,32.8998],[129.9772,32.8998],[129.9773,32.8997],[129.9774,32.8996],[129.9774,32.8994],[129.9772,32.8991],[129.9774,32.899],[129.9774,32.8989],[129.9774,32.8989],[129.9774,32.8988],[129.9775,32.8987],[129.9774,32.8985],[129.9775,32.8985],[129.9775,32.8985],[129.9775,32.8984],[129.9774,32.8983],[129.9773,32.8982],[129.9772,32.8981],[129.9772,32.898],[129.9771,32.898],[129.977,32.898],[129.9769,32.8979],[129.9767,32.8979],[129.9766,32.8977],[129.9766,32.8976],[129.9766,32.8975],[129.9767,32.8974],[129.9767,32.8974],[129.9767,32.8973],[129.9765,32.8971],[129.9765,32.8971],[129.9765,32.897],[129.9766,32.897],[129.9765,32.8969],[129.9764,32.8969],[129.9763,32.8968],[129.9755,32.8966],[129.9755,32.8965],[129.9755,32.8963],[129.9755,32.8963],[129.9754,32.8962],[129.9754,32.8961],[129.9753,32.896],[129.9753,32.8959],[129.9753,32.8958],[129.9753,32.8957],[129.9753,32.8956],[129.9752,32.8955],[129.9749,32.8951],[129.9747,32.8949],[129.9746,32.8947],[129.9747,32.8946],[129.9747,32.8945],[129.9747,32.8944],[129.9749,32.8941],[129.9749,32.894],[129.9749,32.8939],[129.9749,32.8939],[129.9749,32.8937],[129.9749,32.8937],[129.9749,32.8936],[129.9751,32.8936],[129.9752,32.8935],[129.9752,32.8934],[129.975,32.893],[129.9747,32.8921],[129.9746,32.8921],[129.9744,32.8922],[129.9743,32.8922],[129.9741,32.8923],[129.974,32.8923],[129.9739,32.8924],[129.9738,32.8925],[129.9737,32.8925],[129.9735,32.8927],[129.9734,32.8928],[129.9733,32.8928],[129.9731,32.8928],[129.9729,32.8928],[129.9728,32.8927],[129.9726,32.8927],[129.9724,32.8926],[129.9722,32.8926],[129.972,32.8926],[129.9718,32.8927],[129.9717,32.8927],[129.9715,32.8927],[129.9714,32.8927],[129.9712,32.8929],[129.9711,32.8931],[129.9707,32.8927],[129.9707,32.8926],[129.9706,32.8923],[129.9705,32.8922],[129.9705,32.8921],[129.9706,32.8921],[129.9709,32.8921],[129.9719,32.8919],[129.9721,32.8918],[129.9719,32.8915],[129.9718,32.8914],[129.9716,32.8912],[129.9712,32.8911],[129.971,32.8911],[129.9708,32.8911],[129.9707,32.8912],[129.9706,32.8912],[129.9706,32.8912],[129.9703,32.8913],[129.97,32.891],[129.9697,32.8912],[129.9696,32.8913],[129.9696,32.8913],[129.9691,32.8913],[129.9689,32.8914],[129.9688,32.8914],[129.9687,32.8914],[129.9685,32.8914],[129.9684,32.8915],[129.9682,32.8915],[129.968,32.8915],[129.9678,32.8915],[129.9677,32.8915],[129.9676,32.8916],[129.9675,32.8916],[129.9673,32.8915],[129.9671,32.8914],[129.9671,32.8914],[129.9671,32.8914],[129.967,32.8914],[129.967,32.8914],[129.9669,32.8914],[129.9669,32.8914],[129.9669,32.8914],[129.9669,32.8915],[129.9669,32.8916],[129.9669,32.8917],[129.9669,32.8917],[129.9669,32.8918],[129.9669,32.8919],[129.9669,32.8919],[129.9669,32.892],[129.9669,32.8921],[129.9668,32.8922],[129.9668,32.8924],[129.9668,32.8926],[129.9667,32.8926],[129.9667,32.8926],[129.9667,32.8926],[129.9667,32.8926],[129.9666,32.8926],[129.9666,32.8926],[129.9666,32.8926],[129.9667,32.8925],[129.9667,32.8924],[129.9667,32.8923],[129.9667,32.8922],[129.9667,32.8921],[129.9667,32.8919],[129.9667,32.8919],[129.9667,32.8918],[129.9667,32.8918],[129.9666,32.8918],[129.9666,32.8917],[129.9666,32.8916],[129.9666,32.8912],[129.9666,32.8909],[129.9666,32.8909],[129.9665,32.8909],[129.9665,32.8909],[129.9665,32.8913],[129.9665,32.8916],[129.9664,32.8916],[129.9661,32.8916],[129.9659,32.8916],[129.9658,32.8916],[129.9657,32.8917],[129.9656,32.8917],[129.9656,32.8917],[129.9656,32.8916],[129.9655,32.8916],[129.9655,32.8916],[129.9655,32.8916],[129.9655,32.8917],[129.9655,32.8917],[129.9655,32.8917],[129.9655,32.8917],[129.9654,32.8917],[129.9654,32.8918],[129.9654,32.8918],[129.9653,32.8918],[129.9653,32.8919],[129.9652,32.8919],[129.9652,32.8919],[129.9652,32.8919],[129.9652,32.8919],[129.9652,32.8919],[129.9652,32.892],[129.9652,32.892],[129.9651,32.892],[129.965,32.892],[129.965,32.892],[129.9648,32.8919],[129.9646,32.8919],[129.9645,32.8918],[129.9645,32.8918],[129.9644,32.8918],[129.9643,32.8917],[129.9643,32.8916],[129.9641,32.8914],[129.964,32.8914],[129.964,32.8911],[129.9639,32.8911],[129.9641,32.8909],[129.9641,32.8909],[129.9641,32.8909],[129.9643,32.8909],[129.9646,32.891],[129.9646,32.891],[129.9655,32.8909],[129.9655,32.8909],[129.9646,32.891],[129.9644,32.8909],[129.9641,32.8909],[129.964,32.8909],[129.9639,32.8911],[129.9637,32.891],[129.9636,32.8909],[129.9635,32.8909],[129.9631,32.8907],[129.963,32.8907],[129.963,32.8906],[129.9629,32.8906],[129.9629,32.8906],[129.9628,32.8906],[129.9626,32.8905],[129.9626,32.8905],[129.9622,32.8905],[129.9619,32.8904],[129.9615,32.8904],[129.961,32.8903],[129.9607,32.8903],[129.9603,32.8902],[129.9602,32.8902],[129.9601,32.8902],[129.96,32.8902],[129.96,32.8902],[129.9598,32.8902],[129.9596,32.8901],[129.9594,32.8901],[129.9591,32.8901],[129.959,32.8901],[129.9589,32.8901],[129.9588,32.8901],[129.9587,32.8901],[129.9587,32.8901],[129.9587,32.8901],[129.9586,32.8901],[129.9584,32.8902],[129.9583,32.8902],[129.9583,32.8903],[129.9583,32.8903],[129.9582,32.8903],[129.9581,32.8904],[129.958,32.8903],[129.9579,32.8903],[129.9579,32.8904],[129.9579,32.8904],[129.9578,32.8904],[129.9579,32.8903],[129.9579,32.8903],[129.9579,32.8903],[129.958,32.8902],[129.958,32.8902],[129.9581,32.8899],[129.9581,32.8899],[129.9582,32.8899],[129.9582,32.8899],[129.9581,32.8899],[129.958,32.8902],[129.9579,32.8902],[129.9579,32.8903],[129.9574,32.8902],[129.9572,32.8901],[129.957,32.8901],[129.957,32.89],[129.9568,32.8898],[129.9568,32.8898],[129.9568,32.8898],[129.9566,32.8897],[129.9566,32.8897],[129.9565,32.8897],[129.9563,32.8897],[129.9562,32.8896],[129.9561,32.8896],[129.9561,32.8896],[129.956,32.8896],[129.9559,32.8896],[129.9559,32.8897],[129.9558,32.8897],[129.9558,32.8897],[129.9558,32.8897],[129.9558,32.8898],[129.9558,32.8898],[129.9558,32.8898],[129.9558,32.8899],[129.9558,32.89],[129.9559,32.89],[129.9559,32.89],[129.956,32.8901],[129.9561,32.8901],[129.9561,32.8901],[129.9562,32.8902],[129.956,32.8908],[129.9561,32.891],[129.9562,32.8912],[129.9563,32.8912],[129.9562,32.891],[129.9561,32.8907],[129.9562,32.8903],[129.9562,32.8903],[129.9563,32.8903],[129.9563,32.8902],[129.9563,32.8902],[129.9563,32.8902],[129.9564,32.8902],[129.9565,32.8902],[129.9566,32.8902],[129.9567,32.8902],[129.9568,32.8902],[129.9568,32.8902],[129.957,32.8901],[129.9573,32.8902],[129.9572,32.8905],[129.9573,32.8905],[129.9573,32.8904],[129.958,32.8905],[129.958,32.8909],[129.9579,32.8912],[129.9572,32.8911],[129.9572,32.891],[129.9571,32.8908],[129.9571,32.8908],[129.9571,32.891],[129.9571,32.8911],[129.9572,32.8913],[129.9569,32.8913],[129.9568,32.8914],[129.9567,32.8914],[129.9567,32.8915],[129.9567,32.8915],[129.9567,32.8915],[129.9566,32.8915],[129.9566,32.8915],[129.9566,32.8915],[129.9566,32.8915],[129.9566,32.8916],[129.9566,32.8916],[129.9566,32.8917],[129.9566,32.8918],[129.9567,32.8918],[129.9567,32.8923],[129.9566,32.8923],[129.9566,32.8925],[129.9567,32.8925],[129.9568,32.8927],[129.9568,32.8929],[129.9569,32.8931],[129.957,32.8935],[129.9569,32.8935],[129.9569,32.8935],[129.9569,32.8935],[129.9569,32.8935],[129.9569,32.8935],[129.957,32.8935],[129.957,32.8935],[129.957,32.8935],[129.9571,32.8935],[129.957,32.8937],[129.957,32.8937],[129.957,32.8936],[129.9571,32.8936],[129.9572,32.8936],[129.9568,32.8943],[129.9567,32.8946],[129.9568,32.8947],[129.957,32.8949],[129.9573,32.8951],[129.9575,32.8953],[129.9577,32.8955],[129.9576,32.8956],[129.9576,32.8956],[129.9574,32.8956],[129.9573,32.8957],[129.9572,32.8957],[129.9571,32.8957],[129.9571,32.8956],[129.957,32.8956],[129.9569,32.8956],[129.9567,32.8956],[129.9566,32.8956],[129.9566,32.8956],[129.9566,32.8956],[129.9566,32.8956],[129.9566,32.8956],[129.9566,32.8956],[129.9566,32.8956],[129.9566,32.8956],[129.9566,32.8953],[129.9566,32.8952],[129.9566,32.8952],[129.9566,32.8952],[129.9566,32.8952],[129.9566,32.8952],[129.9566,32.8952],[129.9565,32.895],[129.9564,32.8951],[129.9565,32.8952],[129.9565,32.8952],[129.9565,32.8952],[129.9565,32.8952],[129.9565,32.8952],[129.9565,32.8953],[129.9565,32.8955],[129.9565,32.8955],[129.9565,32.8956],[129.9564,32.8956],[129.9562,32.8956],[129.9562,32.8956],[129.9562,32.8956],[129.9562,32.8956],[129.9561,32.8956],[129.9561,32.8956],[129.9561,32.8956],[129.956,32.8956],[129.956,32.8957],[129.956,32.8957],[129.9559,32.8957],[129.9558,32.8957],[129.9557,32.8957],[129.9557,32.8957],[129.9557,32.8957],[129.9556,32.8957],[129.9556,32.8957],[129.9556,32.8958],[129.9555,32.8958],[129.9555,32.8958],[129.9555,32.8958],[129.9555,32.8958],[129.9554,32.8959],[129.955,32.8957],[129.955,32.8958],[129.955,32.8958],[129.955,32.8958],[129.955,32.8959],[129.955,32.8959],[129.9553,32.896],[129.9556,32.8961],[129.9557,32.8962],[129.9557,32.8962],[129.9557,32.8962],[129.9557,32.8962],[129.9557,32.8962],[129.9557,32.8962],[129.9552,32.896],[129.9552,32.8961],[129.9552,32.8961],[129.9552,32.8961],[129.9552,32.8961],[129.9553,32.8961],[129.9553,32.8961],[129.9553,32.8961],[129.9556,32.8962],[129.9555,32.8963],[129.9553,32.8962],[129.9553,32.8962],[129.9555,32.8963],[129.9555,32.8964],[129.9552,32.8963],[129.9552,32.8963],[129.9552,32.8963],[129.9552,32.8962],[129.9551,32.8962],[129.9551,32.8962],[129.955,32.8962],[129.955,32.8962],[129.955,32.8962],[129.9549,32.8961],[129.9549,32.8961],[129.9549,32.8961],[129.9548,32.8961],[129.9547,32.8961],[129.9547,32.8961],[129.9547,32.8961],[129.9547,32.8961],[129.9547,32.8961],[129.9547,32.896],[129.9547,32.896],[129.9547,32.896],[129.9547,32.896],[129.9546,32.896],[129.9546,32.896],[129.9546,32.896],[129.9547,32.8957],[129.9546,32.8957],[129.9546,32.8959],[129.9545,32.8959],[129.9544,32.8959],[129.9544,32.8959],[129.9544,32.8959],[129.9541,32.8959],[129.9541,32.8958],[129.9541,32.8958],[129.9541,32.8958],[129.954,32.8958],[129.9535,32.8957],[129.9534,32.8961],[129.9534,32.8961],[129.9532,32.8962],[129.9533,32.8962],[129.9531,32.8963],[129.953,32.8963],[129.953,32.8963],[129.953,32.8963],[129.9529,32.8962],[129.9528,32.8962],[129.9526,32.8961],[129.9526,32.8961],[129.9526,32.896],[129.9526,32.896],[129.9526,32.896],[129.9526,32.8959],[129.9524,32.8958],[129.9527,32.8954],[129.9527,32.8954],[129.9527,32.8954],[129.9527,32.8954],[129.9528,32.8955],[129.9528,32.8955],[129.9528,32.8955],[129.9528,32.8955],[129.9528,32.8955],[129.9528,32.8955],[129.9528,32.8955],[129.9528,32.8955],[129.9529,32.8955],[129.9529,32.8955],[129.953,32.8955],[129.953,32.8954],[129.9531,32.8954],[129.9531,32.8954],[129.9531,32.8954],[129.9531,32.8954],[129.9531,32.8954],[129.9531,32.8953],[129.9531,32.8953],[129.9531,32.8953],[129.9532,32.8953],[129.9532,32.8953],[129.9532,32.8953],[129.9532,32.8952],[129.9532,32.8952],[129.9532,32.8952],[129.9532,32.8951],[129.9532,32.8951],[129.9532,32.8951],[129.9532,32.8951],[129.9531,32.8951],[129.9531,32.8951],[129.9531,32.8951],[129.9531,32.8951],[129.9531,32.8951],[129.9529,32.895],[129.9529,32.8949],[129.9529,32.8949],[129.9529,32.895],[129.9529,32.895],[129.9529,32.895],[129.9529,32.8951],[129.9529,32.8951],[129.9529,32.8951],[129.9528,32.8951],[129.9528,32.8951],[129.9528,32.8951],[129.9528,32.8951],[129.9528,32.8951],[129.9528,32.8951],[129.9528,32.8951],[129.9527,32.8951],[129.9527,32.8951],[129.9527,32.8951],[129.9526,32.8952],[129.9526,32.8952],[129.9526,32.8952],[129.9526,32.8952],[129.9526,32.8952],[129.9526,32.8953],[129.9526,32.8953],[129.9526,32.8953],[129.9526,32.8953],[129.9526,32.8953],[129.9526,32.8954],[129.9526,32.8954],[129.9526,32.8954],[129.9526,32.8954],[129.9526,32.8954],[129.9526,32.8954],[129.9526,32.8954],[129.9526,32.8954],[129.9526,32.8954],[129.9526,32.8954],[129.9527,32.8954],[129.9527,32.8954],[129.9527,32.8954],[129.9527,32.8954],[129.9527,32.8954],[129.9524,32.8958],[129.9523,32.8958],[129.9523,32.8958],[129.9523,32.8958],[129.9523,32.8958],[129.9523,32.8957],[129.9522,32.8957],[129.9522,32.8957],[129.9521,32.8957],[129.9521,32.8957],[129.9521,32.8957],[129.952,32.8957],[129.952,32.8957],[129.952,32.8956],[129.952,32.8956],[129.9519,32.8956],[129.9519,32.8956],[129.9519,32.8956],[129.9518,32.8956],[129.9518,32.8956],[129.9518,32.8956],[129.9518,32.8956],[129.9518,32.8956],[129.9517,32.8955],[129.9517,32.8955],[129.9517,32.8955],[129.9517,32.8955],[129.9517,32.8955],[129.9516,32.8955],[129.9516,32.8955],[129.9516,32.8955],[129.9516,32.8955],[129.9516,32.8954],[129.9516,32.8954],[129.9516,32.8954],[129.9516,32.8954],[129.9516,32.8954],[129.9516,32.8954],[129.9516,32.8954],[129.9516,32.8953],[129.9516,32.8953],[129.9516,32.8953],[129.9516,32.8953],[129.9515,32.8953],[129.9515,32.8952],[129.9514,32.8951],[129.9514,32.8951],[129.9514,32.8951],[129.9514,32.8951],[129.9514,32.8951],[129.9514,32.8951],[129.9514,32.895],[129.9513,32.895],[129.9512,32.8949],[129.9512,32.8949],[129.9512,32.8949],[129.9512,32.8949],[129.9512,32.8948],[129.9512,32.8948],[129.9512,32.8948],[129.9512,32.8948],[129.9512,32.8947],[129.9512,32.8947],[129.9512,32.8947],[129.9512,32.8947],[129.9512,32.8947],[129.9513,32.8946],[129.9513,32.8946],[129.9513,32.8946],[129.9513,32.8946],[129.9513,32.8945],[129.9514,32.8945],[129.9514,32.8945],[129.9514,32.8944],[129.9514,32.8944],[129.9514,32.8944],[129.9514,32.8944],[129.9514,32.8944],[129.9514,32.8943],[129.9514,32.8943],[129.9514,32.8943],[129.9514,32.8942],[129.9513,32.8942],[129.9513,32.8942],[129.9513,32.8942],[129.9513,32.8942],[129.9513,32.8942],[129.9513,32.8942],[129.9512,32.8942],[129.9512,32.8941],[129.9512,32.8941],[129.9512,32.8941],[129.9512,32.8941],[129.9511,32.8941],[129.9511,32.8941],[129.9511,32.8941],[129.9511,32.8941],[129.9511,32.8941],[129.9511,32.8941],[129.9511,32.8941],[129.9511,32.8941],[129.9511,32.8941],[129.9511,32.8941],[129.9511,32.894],[129.9511,32.894],[129.9511,32.894],[129.9511,32.894],[129.9511,32.894],[129.9511,32.894],[129.9511,32.894],[129.951,32.894],[129.951,32.894],[129.951,32.894],[129.951,32.894],[129.951,32.894],[129.951,32.894],[129.951,32.894],[129.951,32.894],[129.951,32.894],[129.951,32.894],[129.951,32.894],[129.9509,32.894],[129.9509,32.894],[129.9509,32.894],[129.9509,32.894],[129.9509,32.894],[129.9509,32.894],[129.9509,32.894],[129.9509,32.894],[129.9509,32.894],[129.9509,32.8941],[129.9509,32.8941],[129.9509,32.8941],[129.9509,32.8941],[129.9508,32.8941],[129.9508,32.8941],[129.9508,32.8941],[129.9508,32.8941],[129.9508,32.8941],[129.9508,32.8941],[129.9508,32.8941],[129.9508,32.8941],[129.9508,32.8941],[129.9508,32.8941],[129.9508,32.8941],[129.9508,32.8942],[129.9508,32.8942],[129.9508,32.8942],[129.9508,32.8942],[129.9508,32.8942],[129.9508,32.8942],[129.9508,32.8942],[129.9507,32.8942],[129.9507,32.8943],[129.9507,32.8943],[129.9507,32.8943],[129.9507,32.8943],[129.9506,32.8943],[129.9506,32.8944],[129.9506,32.8944],[129.9506,32.8944],[129.9506,32.8944],[129.9505,32.8944],[129.9505,32.8944],[129.9505,32.8944],[129.9505,32.8944],[129.9504,32.8944],[129.9504,32.8944],[129.9504,32.8945],[129.9504,32.8945],[129.9503,32.8945],[129.9503,32.8945],[129.9503,32.8946],[129.9503,32.8946],[129.9503,32.8946],[129.9503,32.8946],[129.9503,32.8947],[129.9503,32.8947],[129.9503,32.8947],[129.9503,32.8947],[129.9503,32.8948],[129.9503,32.8948],[129.9503,32.8948],[129.9503,32.8948],[129.9503,32.8948],[129.9502,32.8948],[129.9502,32.8949],[129.95,32.8953],[129.95,32.8953],[129.9501,32.8953],[129.9501,32.8953],[129.95,32.8953],[129.95,32.8954],[129.95,32.8954],[129.9496,32.8955],[129.9492,32.8957],[129.9492,32.8957],[129.9491,32.8958],[129.949,32.8958],[129.9489,32.8959],[129.9489,32.896],[129.9489,32.896],[129.9489,32.8959],[129.949,32.8958],[129.9491,32.8958],[129.9492,32.8957],[129.9492,32.8957],[129.9496,32.8956],[129.9499,32.8954],[129.9499,32.8954],[129.95,32.8954],[129.95,32.8954],[129.95,32.8954],[129.95,32.8955],[129.95,32.8955],[129.95,32.8955],[129.95,32.8955],[129.95,32.8955],[129.9501,32.8955],[129.9501,32.8955],[129.9501,32.8955],[129.9501,32.8955],[129.9501,32.8955],[129.9502,32.8955],[129.9503,32.8956],[129.9503,32.8956],[129.9504,32.8956],[129.9504,32.8956],[129.9504,32.8956],[129.9504,32.8956],[129.9505,32.8956],[129.9505,32.8956],[129.9506,32.8956],[129.9506,32.8956],[129.9506,32.8956],[129.9506,32.8956],[129.9506,32.8956],[129.9506,32.8956],[129.9506,32.8957],[129.9506,32.8957],[129.9507,32.8957],[129.9507,32.8957],[129.9508,32.8957],[129.9508,32.8957],[129.9508,32.8957],[129.9508,32.8957],[129.9508,32.8957],[129.9508,32.8957],[129.9508,32.8957],[129.9508,32.8957],[129.9506,32.8958],[129.9506,32.8959],[129.9505,32.8958],[129.9504,32.896],[129.9503,32.896],[129.9504,32.8961],[129.9504,32.8961],[129.9504,32.8962],[129.9504,32.8963],[129.9504,32.8964],[129.9504,32.8964],[129.9515,32.8973],[129.9515,32.8973],[129.9527,32.8983],[129.9527,32.8983],[129.9533,32.8987],[129.9533,32.8987],[129.9534,32.8988],[129.9528,32.8993],[129.9528,32.8994],[129.9525,32.8996],[129.952,32.8997],[129.9506,32.8991],[129.9506,32.8991],[129.9506,32.8991],[129.9504,32.8992],[129.9504,32.8991],[129.95,32.9],[129.95,32.9],[129.9499,32.8999],[129.9495,32.8997],[129.9499,32.8987],[129.9499,32.8987],[129.9494,32.8997],[129.9499,32.9],[129.95,32.9],[129.95,32.9],[129.9499,32.9003],[129.9498,32.9003],[129.9496,32.9008],[129.95,32.9012],[129.9503,32.9014],[129.951,32.902],[129.9519,32.9028],[129.953,32.9037],[129.954,32.9037],[129.9548,32.9037],[129.9556,32.9035],[129.9564,32.9036],[129.9564,32.9036],[129.9566,32.9036],[129.9569,32.9036],[129.9573,32.9037],[129.9573,32.9037],[129.9578,32.9037],[129.9578,32.9037],[129.9579,32.9037],[129.9578,32.9039],[129.9573,32.9039],[129.9565,32.9039],[129.9565,32.9039],[129.9573,32.9039],[129.9578,32.9039],[129.9578,32.904],[129.9577,32.9041],[129.9575,32.9041],[129.9573,32.9041],[129.9573,32.9041],[129.9569,32.9042],[129.9568,32.9042],[129.9567,32.9042],[129.9566,32.9042],[129.9563,32.9041],[129.9563,32.9042],[129.9563,32.9042],[129.9562,32.9043],[129.9565,32.9045],[129.9567,32.9047],[129.9565,32.9054],[129.9565,32.9054],[129.9555,32.9049],[129.9555,32.9045],[129.9555,32.9044],[129.9554,32.9044],[129.9554,32.9045],[129.9554,32.9046],[129.9554,32.9046],[129.9554,32.9048],[129.9551,32.905],[129.955,32.905],[129.9554,32.9052],[129.9553,32.9052],[129.955,32.9051],[129.955,32.9051],[129.955,32.9051],[129.955,32.9051],[129.955,32.9051],[129.955,32.9051],[129.955,32.9051],[129.9546,32.9053],[129.9548,32.9054],[129.9548,32.9054],[129.955,32.9056],[129.9552,32.9056],[129.9555,32.9059],[129.9559,32.9061],[129.9562,32.9063],[129.9562,32.9063],[129.9564,32.9064],[129.9567,32.9067],[129.9567,32.9067],[129.9567,32.9067],[129.956,32.9063],[129.9552,32.9058],[129.9551,32.9058],[129.9551,32.9058],[129.9551,32.9058],[129.9548,32.9056],[129.9544,32.9055],[129.9539,32.9051],[129.9531,32.9058],[129.9537,32.9066],[129.9536,32.9067],[129.9535,32.9067],[129.953,32.906],[129.953,32.9059],[129.953,32.9059],[129.9524,32.9064],[129.9517,32.907],[129.9519,32.9073],[129.9522,32.9076],[129.9524,32.9078],[129.9524,32.9078],[129.9524,32.9078],[129.9525,32.9078],[129.9522,32.908],[129.9521,32.9081],[129.9521,32.9081],[129.952,32.9081],[129.952,32.908],[129.952,32.908],[129.9519,32.908],[129.9519,32.9079],[129.9519,32.9079],[129.9517,32.9078],[129.9517,32.9078],[129.9512,32.9075],[129.95,32.9068],[129.9498,32.9067],[129.949,32.9062],[129.949,32.9062],[129.9477,32.9068],[129.9477,32.9069],[129.949,32.9063],[129.949,32.9062],[129.9498,32.9067],[129.9497,32.9067],[129.9497,32.9067],[129.9496,32.9068],[129.9497,32.9069],[129.949,32.9077],[129.949,32.9077],[129.949,32.9077],[129.9493,32.9079],[129.9501,32.907],[129.9511,32.9077],[129.951,32.9077],[129.951,32.9078],[129.9511,32.9078],[129.9511,32.9078],[129.9511,32.9078],[129.9511,32.9078],[129.9512,32.9076],[129.9513,32.9077],[129.9514,32.9077],[129.9518,32.9079],[129.9518,32.9079],[129.9519,32.9079],[129.9519,32.908],[129.9519,32.908],[129.9519,32.908],[129.9519,32.908],[129.952,32.908],[129.952,32.908],[129.952,32.9081],[129.952,32.9081],[129.952,32.9081],[129.9518,32.9081],[129.9518,32.9081],[129.9517,32.9081],[129.9517,32.9081],[129.9516,32.9081],[129.9515,32.908],[129.9514,32.9079],[129.9513,32.9079],[129.9515,32.9081],[129.9515,32.9081],[129.9515,32.9081],[129.9513,32.9083],[129.9513,32.9083],[129.9513,32.9083],[129.9513,32.9083],[129.9512,32.9082],[129.9511,32.9082],[129.9511,32.9082],[129.9511,32.9082],[129.9511,32.9082],[129.951,32.9081],[129.951,32.9081],[129.951,32.9081],[129.951,32.9081],[129.951,32.908],[129.951,32.908],[129.951,32.908],[129.951,32.9079],[129.951,32.9079],[129.951,32.9079],[129.951,32.9079],[129.951,32.9078],[129.9509,32.9079],[129.9509,32.9078],[129.9505,32.9083],[129.9504,32.9083],[129.95,32.908],[129.95,32.908],[129.95,32.908],[129.9502,32.9077],[129.9502,32.9077],[129.95,32.9079],[129.9499,32.908],[129.95,32.9081],[129.9503,32.9083],[129.9502,32.9083],[129.9501,32.9085],[129.9501,32.9085],[129.95,32.9085],[129.95,32.9085],[129.95,32.9085],[129.95,32.9085],[129.95,32.9084],[129.9499,32.9085],[129.9499,32.9086],[129.9499,32.9086],[129.95,32.9086],[129.95,32.9087],[129.95,32.9087],[129.95,32.9087],[129.9499,32.9088],[129.9499,32.9088],[129.9498,32.9089],[129.9498,32.9089],[129.9498,32.9089],[129.9498,32.9089],[129.9498,32.9088],[129.9498,32.9089],[129.9497,32.9088],[129.9497,32.9089],[129.9497,32.9089],[129.9497,32.909],[129.9496,32.909],[129.9495,32.909],[129.9493,32.909],[129.949,32.9088],[129.9486,32.9086],[129.9488,32.9083],[129.9488,32.9083],[129.949,32.9083],[129.9492,32.9083],[129.9492,32.9082],[129.949,32.9083],[129.9488,32.9083],[129.9488,32.9083],[129.9486,32.9086],[129.9484,32.9088],[129.9484,32.9088],[129.948,32.9093],[129.948,32.9093],[129.9477,32.9096],[129.9477,32.9096],[129.9475,32.9099],[129.9475,32.9099],[129.9473,32.9101],[129.9474,32.9102],[129.9473,32.9103],[129.9472,32.9102],[129.9472,32.9102],[129.9472,32.9103],[129.9472,32.9103],[129.9465,32.9099],[129.9463,32.9099],[129.9455,32.9094],[129.9454,32.9096],[129.9447,32.9092],[129.9447,32.9092],[129.9454,32.9096],[129.9469,32.9104],[129.9468,32.9105],[129.9464,32.9118],[129.9464,32.9118],[129.9464,32.9118],[129.9464,32.9119],[129.9463,32.9119],[129.9463,32.9119],[129.9462,32.912],[129.9462,32.912],[129.9461,32.9121],[129.9461,32.9121],[129.946,32.9122],[129.946,32.9122],[129.9459,32.9123],[129.9457,32.9124],[129.9457,32.9124],[129.9456,32.9124],[129.9451,32.9127],[129.9447,32.9129],[129.9446,32.913],[129.9443,32.9132],[129.9443,32.9132],[129.9441,32.9133],[129.944,32.9134],[129.9439,32.9134],[129.9441,32.9132],[129.9438,32.913],[129.9435,32.9133],[129.9438,32.9135],[129.9439,32.9134],[129.944,32.9135],[129.944,32.9135],[129.944,32.9135],[129.9436,32.9138],[129.9436,32.9139],[129.9436,32.9139],[129.9436,32.914],[129.9436,32.9141],[129.9436,32.9141],[129.9436,32.9141],[129.9436,32.9142],[129.9436,32.9142],[129.9436,32.9143],[129.9435,32.9143],[129.9435,32.9143],[129.9435,32.9144],[129.9435,32.9144],[129.9435,32.9144],[129.9435,32.9144],[129.9434,32.9145],[129.9434,32.9145],[129.9433,32.9146],[129.9433,32.9146],[129.9432,32.9147],[129.9432,32.9147],[129.9432,32.9147],[129.9432,32.9147],[129.9431,32.9147],[129.9431,32.9147],[129.9431,32.9147],[129.9428,32.9149],[129.9425,32.9151],[129.9425,32.9151],[129.9424,32.9151],[129.9424,32.9151],[129.9423,32.9152],[129.9422,32.9153],[129.942,32.9154],[129.9418,32.9155],[129.9417,32.9155],[129.9417,32.9156],[129.9416,32.9156],[129.9415,32.9157],[129.9414,32.9158],[129.9407,32.9163],[129.9406,32.9163],[129.9406,32.9163],[129.9406,32.9163],[129.9406,32.9163],[129.9406,32.9163],[129.9402,32.9163],[129.9402,32.9163],[129.9402,32.9163],[129.9402,32.9163],[129.9402,32.9163],[129.94,32.9165],[129.94,32.9165],[129.94,32.9165],[129.94,32.9165],[129.94,32.9165],[129.94,32.9165],[129.94,32.9165],[129.94,32.9165],[129.94,32.9167],[129.9401,32.9168],[129.9401,32.9169],[129.9401,32.9169],[129.9401,32.917],[129.9401,32.917],[129.9401,32.917],[129.9401,32.9171],[129.9401,32.9171],[129.9401,32.9171],[129.9401,32.9171],[129.9401,32.9171],[129.94,32.9171],[129.94,32.9171],[129.94,32.9171],[129.94,32.9172],[129.94,32.9172],[129.94,32.9172],[129.94,32.9172],[129.94,32.9173],[129.9399,32.9173],[129.9399,32.9174],[129.9397,32.9175],[129.9395,32.9178],[129.9395,32.9178],[129.9395,32.9178],[129.9395,32.9179],[129.9394,32.9179],[129.9394,32.9179],[129.9394,32.918],[129.9393,32.918],[129.9393,32.918],[129.9393,32.918],[129.9393,32.9181],[129.9388,32.9185],[129.9384,32.9189],[129.9383,32.9189],[129.9383,32.9189],[129.9383,32.9189],[129.9383,32.9189],[129.9382,32.9188],[129.9381,32.9189],[129.9382,32.919],[129.9382,32.919],[129.938,32.9192],[129.9378,32.9195],[129.9373,32.9198],[129.9372,32.9199],[129.9371,32.92],[129.9371,32.9201],[129.937,32.9201],[129.937,32.9201],[129.9369,32.9201],[129.9369,32.9202],[129.9369,32.9202],[129.9366,32.9203],[129.9352,32.9195],[129.9352,32.9194],[129.9348,32.9192],[129.9347,32.9191],[129.9344,32.9189],[129.9339,32.9185],[129.9315,32.9169],[129.9308,32.9164],[129.9259,32.913],[129.9253,32.9125],[129.9253,32.9125],[129.9253,32.9124],[129.9253,32.9124],[129.9253,32.9124],[129.9252,32.9125],[129.9251,32.9124],[129.9251,32.9123],[129.925,32.9123],[129.9248,32.9121],[129.9248,32.9121],[129.9246,32.912],[129.9245,32.9119],[129.9236,32.9113],[129.9236,32.9108],[129.9236,32.9107],[129.9254,32.9091],[129.9255,32.9091],[129.9256,32.909],[129.9257,32.9089],[129.9258,32.9088],[129.9259,32.9087],[129.926,32.9085],[129.9262,32.9084],[129.9263,32.9083],[129.9264,32.9082],[129.9265,32.9081],[129.9266,32.908],[129.9267,32.9079],[129.9268,32.9078],[129.9268,32.9078],[129.9268,32.9078],[129.9268,32.9078],[129.9269,32.9077],[129.9269,32.9077],[129.9269,32.9077],[129.9269,32.9077],[129.9269,32.9077],[129.9269,32.9077],[129.9269,32.9076],[129.9269,32.9076],[129.9269,32.9076],[129.9269,32.9076],[129.9269,32.9076],[129.9268,32.9076],[129.9268,32.9075],[129.9268,32.9075],[129.9268,32.9075],[129.9268,32.9075],[129.9268,32.9075],[129.9268,32.9075],[129.9268,32.9075],[129.9268,32.9074],[129.9268,32.9074],[129.9267,32.9074],[129.9267,32.9074],[129.925,32.9061],[129.9237,32.9051],[129.9237,32.9051],[129.9237,32.9051],[129.9237,32.9051],[129.9237,32.9051],[129.9237,32.9051],[129.9236,32.9051],[129.9236,32.9051],[129.9236,32.9051],[129.9236,32.9051],[129.9236,32.9051],[129.9235,32.9051],[129.9235,32.9051],[129.9235,32.9051],[129.9235,32.9051],[129.9235,32.9051],[129.9234,32.9051],[129.9234,32.9051],[129.9234,32.9051],[129.9234,32.9051],[129.922,32.9056],[129.922,32.9056],[129.922,32.9056],[129.922,32.9056],[129.9218,32.9057],[129.9218,32.9058],[129.9218,32.9058],[129.9218,32.9058],[129.9212,32.9068],[129.9211,32.9068],[129.921,32.9068],[129.921,32.9067],[129.921,32.9067],[129.9209,32.9066],[129.9209,32.9066],[129.9209,32.9066],[129.9207,32.9063],[129.9204,32.9059],[129.9202,32.9057],[129.9201,32.9055],[129.92,32.9053],[129.9199,32.9053],[129.9199,32.9053],[129.9199,32.9053],[129.9199,32.9053],[129.9199,32.9052],[129.9199,32.9052],[129.9198,32.9052],[129.9198,32.9052],[129.9198,32.9052],[129.9198,32.9052],[129.9198,32.9052],[129.9198,32.9051],[129.9197,32.9051],[129.9197,32.9051],[129.9197,32.9051],[129.9197,32.9051],[129.9197,32.9051],[129.9197,32.905],[129.9197,32.905],[129.9197,32.905],[129.9197,32.905],[129.9197,32.905],[129.9196,32.905],[129.9196,32.9049],[129.9196,32.9049],[129.9196,32.9049],[129.9196,32.9049],[129.9196,32.9049],[129.9196,32.9048],[129.9196,32.9048],[129.9196,32.9048],[129.9195,32.9048],[129.9195,32.9048],[129.9195,32.9048],[129.9195,32.9047],[129.9195,32.9047],[129.9195,32.9047],[129.9195,32.9047],[129.9195,32.9047],[129.9195,32.9047],[129.9194,32.9047],[129.9194,32.9047],[129.9194,32.9046],[129.9194,32.9046],[129.9194,32.9046],[129.9193,32.9046],[129.9193,32.9046],[129.9193,32.9046],[129.9193,32.9046],[129.9193,32.9046],[129.9193,32.9045],[129.9193,32.9045],[129.9192,32.9045],[129.9192,32.9045],[129.9192,32.9045],[129.9192,32.9045],[129.9192,32.9044],[129.9192,32.9044],[129.9192,32.9044],[129.9192,32.9044],[129.9191,32.9043],[129.9191,32.9043],[129.9191,32.9043],[129.9191,32.9043],[129.9191,32.9043],[129.9191,32.9043],[129.9191,32.9043],[129.9191,32.9042],[129.9191,32.9042],[129.9191,32.9042],[129.9191,32.9042],[129.9191,32.9042],[129.9191,32.9042],[129.9191,32.9042],[129.9191,32.9041],[129.9191,32.9041],[129.9191,32.9041],[129.9191,32.9041],[129.9191,32.9041],[129.9191,32.9041],[129.9191,32.9041],[129.9191,32.9041],[129.9191,32.9041],[129.9191,32.904],[129.9191,32.904],[129.9191,32.904],[129.9191,32.904],[129.9191,32.904],[129.9191,32.904],[129.9191,32.9039],[129.9192,32.9039],[129.9192,32.9039],[129.9192,32.9039],[129.9192,32.9039],[129.9192,32.9039],[129.9192,32.9039],[129.9192,32.9039],[129.9192,32.9039],[129.9192,32.9039],[129.9192,32.9039],[129.9192,32.9039],[129.9192,32.9038],[129.9192,32.9038],[129.9192,32.9038],[129.9191,32.9038],[129.9191,32.9038],[129.9191,32.9037],[129.9191,32.9037],[129.9191,32.9037],[129.919,32.9037],[129.919,32.9037],[129.919,32.9037],[129.919,32.9037],[129.9189,32.9036],[129.9189,32.9036],[129.9189,32.9036],[129.9189,32.9036],[129.9188,32.9036],[129.9188,32.9036],[129.9188,32.9036],[129.9188,32.9036],[129.9187,32.9036],[129.9187,32.9036],[129.9187,32.9036],[129.9187,32.9036],[129.9186,32.9036],[129.9186,32.9036],[129.9185,32.9036],[129.9185,32.9036],[129.9185,32.9036],[129.9185,32.9036],[129.9184,32.9036],[129.9184,32.9036],[129.9184,32.9036],[129.9184,32.9036],[129.9183,32.9036],[129.9183,32.9036],[129.9183,32.9036],[129.9183,32.9036],[129.9183,32.9037],[129.9182,32.9037],[129.9182,32.9037],[129.9182,32.9037],[129.9182,32.9037],[129.9182,32.9037],[129.9181,32.9037],[129.9181,32.9037],[129.9181,32.9037],[129.9181,32.9037],[129.9181,32.9037],[129.9181,32.9037],[129.918,32.9037],[129.918,32.9038],[129.918,32.9038],[129.918,32.9038],[129.918,32.9038],[129.9179,32.9038],[129.9179,32.9038],[129.9179,32.9038],[129.9179,32.9038],[129.9179,32.9038],[129.9179,32.9039],[129.9179,32.9039],[129.9179,32.9039],[129.9179,32.9039],[129.9178,32.9039],[129.9178,32.9039],[129.9178,32.9039],[129.9178,32.9039],[129.9178,32.9039],[129.9177,32.9039],[129.9177,32.9039],[129.9177,32.9039],[129.9177,32.9039],[129.9177,32.9039],[129.9176,32.9039],[129.9176,32.9039],[129.9176,32.9039],[129.9176,32.9039],[129.9175,32.9039],[129.9175,32.9039],[129.9175,32.9039],[129.9175,32.904],[129.9175,32.904],[129.9175,32.904],[129.9174,32.904],[129.9174,32.904],[129.9174,32.904],[129.9174,32.904],[129.9174,32.904],[129.9173,32.904],[129.9173,32.904],[129.9173,32.9041],[129.9173,32.9041],[129.9172,32.9041],[129.9172,32.9041],[129.9171,32.9041],[129.9171,32.9041],[129.9171,32.9041],[129.917,32.9041],[129.917,32.9042],[129.917,32.9042],[129.917,32.9042],[129.917,32.9042],[129.9169,32.9042],[129.9169,32.9042],[129.9168,32.9042],[129.9168,32.9042],[129.9168,32.9042],[129.9167,32.9042],[129.9167,32.9042],[129.9167,32.9042],[129.9167,32.9042],[129.9167,32.9042],[129.9166,32.9042],[129.9166,32.9043],[129.9166,32.9043],[129.9166,32.9043],[129.9166,32.9043],[129.9165,32.9043],[129.9165,32.9043],[129.9165,32.9043],[129.9165,32.9043],[129.9164,32.9043],[129.9164,32.9043],[129.9164,32.9043],[129.9164,32.9044],[129.9164,32.9044],[129.9163,32.9044],[129.9163,32.9044],[129.9163,32.9044],[129.9163,32.9044],[129.9163,32.9044],[129.9163,32.9044],[129.9163,32.9045],[129.9163,32.9045],[129.9163,32.9045],[129.9163,32.9045],[129.9163,32.9045],[129.9163,32.9045],[129.9163,32.9046],[129.9163,32.9046],[129.9163,32.9046],[129.9163,32.9046],[129.9165,32.9046],[129.9165,32.9047],[129.9165,32.9048],[129.9165,32.905],[129.9165,32.905],[129.9165,32.9051],[129.9165,32.9052],[129.9165,32.9053],[129.9162,32.9056],[129.9162,32.9056],[129.9162,32.9056],[129.9162,32.9056],[129.9162,32.9056],[129.9161,32.9057],[129.9161,32.9057],[129.9161,32.9057],[129.9161,32.9057],[129.9161,32.9057],[129.9161,32.9057],[129.9161,32.9058],[129.9161,32.9058],[129.9161,32.9058],[129.916,32.9058],[129.916,32.9058],[129.916,32.9058],[129.916,32.9058],[129.916,32.9059],[129.916,32.9059],[129.916,32.9059],[129.9159,32.9059],[129.9159,32.9059],[129.9159,32.9059],[129.9159,32.906],[129.9159,32.906],[129.9159,32.906],[129.9159,32.906],[129.9159,32.906],[129.9159,32.9061],[129.9159,32.9061],[129.9159,32.9061],[129.9158,32.9061],[129.9158,32.9061],[129.9158,32.9061],[129.9158,32.9061],[129.9158,32.9062],[129.9157,32.9062],[129.9157,32.9062],[129.9157,32.9062],[129.9157,32.9062],[129.9157,32.9062],[129.9157,32.9062],[129.9157,32.9063],[129.9157,32.9063],[129.9157,32.9063],[129.9157,32.9063],[129.9156,32.9063],[129.9156,32.9063],[129.9156,32.9063],[129.9156,32.9063],[129.9156,32.9063],[129.9156,32.9064],[129.9155,32.9064],[129.9155,32.9064],[129.9155,32.9064],[129.9155,32.9064],[129.9155,32.9064],[129.9154,32.9064],[129.9154,32.9064],[129.9154,32.9065],[129.9154,32.9065],[129.9154,32.9065],[129.9154,32.9065],[129.9154,32.9065],[129.9154,32.9065],[129.9153,32.9065],[129.9153,32.9066],[129.9153,32.9066],[129.9153,32.9066],[129.9153,32.9066],[129.9153,32.9066],[129.9152,32.9066],[129.9152,32.9066],[129.9152,32.9066],[129.9152,32.9067],[129.9152,32.9067],[129.9152,32.9067],[129.9151,32.9067],[129.9151,32.9067],[129.9151,32.9067],[129.9151,32.9067],[129.9151,32.9068],[129.9151,32.9068],[129.915,32.9068],[129.915,32.9068],[129.915,32.9068],[129.915,32.9068],[129.915,32.9068],[129.915,32.9069],[129.915,32.9069],[129.915,32.9069],[129.915,32.9069],[129.9149,32.9069],[129.9149,32.9069],[129.9149,32.9069],[129.9149,32.9069],[129.9149,32.9069],[129.9149,32.907],[129.9148,32.907],[129.9148,32.907],[129.9148,32.907],[129.9148,32.907],[129.9148,32.907],[129.9148,32.907],[129.9148,32.907],[129.9147,32.907],[129.9147,32.9071],[129.9147,32.9071],[129.9147,32.9071],[129.9147,32.9071],[129.9147,32.9071],[129.9146,32.9071],[129.9146,32.9071],[129.9146,32.9071],[129.9146,32.9071],[129.9146,32.9071],[129.9145,32.9071],[129.9145,32.9072],[129.9145,32.9072],[129.9145,32.9072],[129.9145,32.9072],[129.9145,32.9072],[129.9145,32.9072],[129.9144,32.9072],[129.9144,32.9072],[129.9144,32.9072],[129.9144,32.9072],[129.9144,32.9072],[129.9144,32.9072],[129.9144,32.9072],[129.9144,32.9073],[129.9143,32.9073],[129.9143,32.9073],[129.9143,32.9073],[129.9143,32.9073],[129.9143,32.9073],[129.9142,32.9073],[129.9142,32.9073],[129.9142,32.9073],[129.9142,32.9073],[129.9142,32.9073],[129.9141,32.9073],[129.9141,32.9073],[129.9141,32.9073],[129.9141,32.9073],[129.914,32.9073],[129.914,32.9073],[129.914,32.9073],[129.914,32.9073],[129.914,32.9073],[129.914,32.9073],[129.9139,32.9073],[129.9139,32.9073],[129.9139,32.9073],[129.9139,32.9073],[129.9138,32.9073],[129.9138,32.9074],[129.9138,32.9074],[129.9138,32.9074],[129.9138,32.9074],[129.9138,32.9074],[129.9137,32.9074],[129.9137,32.9074],[129.9137,32.9074],[129.9137,32.9074],[129.9137,32.9074],[129.9137,32.9074],[129.9137,32.9074],[129.9136,32.9074],[129.9136,32.9074],[129.9136,32.9074],[129.9136,32.9075],[129.9136,32.9075],[129.9136,32.9075],[129.9135,32.9075],[129.9135,32.9075],[129.9135,32.9075],[129.9135,32.9075],[129.9135,32.9075],[129.9135,32.9075],[129.9135,32.9075],[129.9134,32.9076],[129.9134,32.9076],[129.9134,32.9076],[129.9134,32.9076],[129.9134,32.9076],[129.9134,32.9076],[129.9133,32.9076],[129.9133,32.9076],[129.9133,32.9076],[129.9133,32.9077],[129.9133,32.9077],[129.9133,32.9077],[129.9133,32.9077],[129.9132,32.9077],[129.9132,32.9077],[129.9132,32.9078],[129.9132,32.9078],[129.9131,32.9079],[129.9131,32.908],[129.9131,32.908],[129.9131,32.908],[129.9131,32.908],[129.9131,32.908],[129.9131,32.9081],[129.9131,32.9081],[129.9131,32.9083],[129.9131,32.9083],[129.9131,32.9084],[129.9131,32.9084],[129.9133,32.9084],[129.9133,32.9086],[129.9133,32.9087],[129.9132,32.9088],[129.9132,32.9088],[129.9133,32.9088],[129.9133,32.9088],[129.9133,32.9088],[129.9133,32.9089],[129.9133,32.9089],[129.9133,32.9089],[129.9133,32.9089],[129.9133,32.9089],[129.9133,32.909],[129.9133,32.909],[129.9133,32.909],[129.9133,32.909],[129.9133,32.9091],[129.9133,32.9091],[129.9133,32.9091],[129.9133,32.9091],[129.9133,32.9091],[129.9133,32.9092],[129.9133,32.9092],[129.9133,32.9092],[129.9132,32.9092],[129.9132,32.9092],[129.9132,32.9092],[129.9132,32.9092],[129.9132,32.9093],[129.9132,32.9093],[129.9132,32.9093],[129.9132,32.9093],[129.9132,32.9093],[129.9132,32.9093],[129.9132,32.9094],[129.9131,32.9094],[129.9131,32.9094],[129.9131,32.9094],[129.913,32.9094],[129.913,32.9094],[129.913,32.9094],[129.913,32.9095],[129.913,32.9095],[129.913,32.9095],[129.913,32.9095],[129.913,32.9095],[129.913,32.9095],[129.913,32.9095],[129.913,32.9095],[129.913,32.9095],[129.9129,32.9095],[129.9129,32.9096],[129.9129,32.9096],[129.9129,32.9096],[129.9129,32.9096],[129.9129,32.9096],[129.9129,32.9096],[129.9129,32.9096],[129.9129,32.9096],[129.9129,32.9097],[129.9129,32.9097],[129.9128,32.9097],[129.9128,32.9097],[129.9128,32.9097],[129.9128,32.9097],[129.9128,32.9097],[129.9128,32.9097],[129.9128,32.9098],[129.9128,32.9098],[129.9128,32.9098],[129.9128,32.9098],[129.9127,32.9098],[129.9128,32.9099],[129.9127,32.91],[129.9127,32.91],[129.9127,32.91],[129.9127,32.9101],[129.9127,32.9101],[129.9126,32.9101],[129.9126,32.9101],[129.9126,32.9101],[129.9126,32.9101],[129.9126,32.9102],[129.9126,32.9102],[129.9126,32.9102],[129.9126,32.9102],[129.9126,32.9102],[129.9125,32.9103],[129.9125,32.9103],[129.9125,32.9103],[129.9125,32.9103],[129.9125,32.9103],[129.9125,32.9103],[129.9125,32.9103],[129.9124,32.9104],[129.9124,32.9104],[129.9124,32.9104],[129.9124,32.9104],[129.9124,32.9104],[129.9124,32.9104],[129.9124,32.9104],[129.9123,32.9104],[129.9123,32.9104],[129.9123,32.9104],[129.9123,32.9105],[129.9123,32.9105],[129.9122,32.9105],[129.9122,32.9105],[129.9122,32.9105],[129.9122,32.9105],[129.9122,32.9105],[129.9121,32.9105],[129.912,32.9105],[129.912,32.9105],[129.912,32.9105],[129.912,32.9105],[129.912,32.9105],[129.912,32.9105],[129.912,32.9105],[129.9119,32.9105],[129.9119,32.9105],[129.9119,32.9106],[129.9119,32.9106],[129.9119,32.9106],[129.9119,32.9106],[129.9118,32.9106],[129.9118,32.9106],[129.9118,32.9106],[129.9118,32.9106],[129.9118,32.9106],[129.9118,32.9106],[129.9117,32.9106],[129.9117,32.9106],[129.9117,32.9106],[129.9117,32.9106],[129.9117,32.9106],[129.9117,32.9106],[129.9117,32.9106],[129.9116,32.9107],[129.9116,32.9107],[129.9116,32.9107],[129.9116,32.9107],[129.9116,32.9107],[129.9116,32.9107],[129.9115,32.9107],[129.9115,32.9107],[129.9115,32.9107],[129.9115,32.9107],[129.9115,32.9107],[129.9115,32.9107],[129.9115,32.9107],[129.9114,32.9107],[129.9115,32.9107],[129.9115,32.9108],[129.9115,32.9108],[129.9114,32.9108],[129.9114,32.9108],[129.9114,32.9108],[129.9114,32.9108],[129.9114,32.9108],[129.9114,32.9109],[129.9114,32.9109],[129.9114,32.9109],[129.9114,32.9109],[129.9113,32.9109],[129.9113,32.9109],[129.9113,32.9109],[129.9113,32.9109],[129.9113,32.9109],[129.9113,32.911],[129.9113,32.911],[129.9113,32.911],[129.9112,32.911],[129.9112,32.911],[129.9112,32.911],[129.9112,32.911],[129.9112,32.911],[129.9113,32.911],[129.9113,32.911],[129.9113,32.911],[129.9112,32.911],[129.9112,32.9111],[129.9112,32.9111],[129.9112,32.9111],[129.9112,32.9111],[129.9112,32.9111],[129.9112,32.9112],[129.9112,32.9112],[129.9112,32.9112],[129.9112,32.9112],[129.9112,32.9112],[129.9112,32.9112],[129.9112,32.9113],[129.9112,32.9113],[129.9111,32.9113],[129.9111,32.9114],[129.9111,32.9114],[129.9111,32.9114],[129.9111,32.9114],[129.911,32.9115],[129.911,32.9115],[129.9109,32.9116],[129.9109,32.9117],[129.9108,32.9117],[129.9108,32.9118],[129.9107,32.9119],[129.9107,32.9119],[129.9107,32.9119],[129.9107,32.9119],[129.9107,32.9119],[129.9107,32.9119],[129.9106,32.912],[129.9106,32.912],[129.9106,32.912],[129.9106,32.912],[129.9106,32.912],[129.9106,32.912],[129.9106,32.912],[129.9106,32.912],[129.9105,32.912],[129.9105,32.912],[129.9105,32.9121],[129.9105,32.9121],[129.9105,32.9121],[129.9105,32.9121],[129.9104,32.9121],[129.9104,32.9121],[129.9104,32.912],[129.9104,32.912],[129.9104,32.912],[129.9104,32.912],[129.9104,32.912],[129.9103,32.912],[129.9103,32.9121],[129.9102,32.9121],[129.9102,32.9121],[129.9102,32.9121],[129.9102,32.9121],[129.9102,32.9121],[129.9102,32.9121],[129.9102,32.9122],[129.9102,32.9122],[129.9102,32.9122],[129.9102,32.9122],[129.9102,32.9122],[129.9102,32.9122],[129.9102,32.9122],[129.9102,32.9122],[129.9102,32.9122],[129.9102,32.9123],[129.9102,32.9123],[129.9102,32.9123],[129.9102,32.9123],[129.9102,32.9123],[129.9101,32.9123],[129.9101,32.9123],[129.9101,32.9123],[129.9101,32.9123],[129.91,32.9123],[129.91,32.9123],[129.91,32.9123],[129.91,32.9123],[129.9099,32.9123],[129.9099,32.9123],[129.9099,32.9123],[129.9099,32.9123],[129.9099,32.9124],[129.9098,32.9124],[129.9098,32.9124],[129.9098,32.9124],[129.9098,32.9124],[129.9098,32.9124],[129.9098,32.9124],[129.9097,32.9124],[129.9097,32.9125],[129.9097,32.9125],[129.9097,32.9125],[129.9097,32.9125],[129.9096,32.9125],[129.9096,32.9125],[129.9096,32.9125],[129.9095,32.9126],[129.9095,32.9126],[129.9095,32.9126],[129.9095,32.9126],[129.9095,32.9126],[129.9094,32.9126],[129.9094,32.9126],[129.9094,32.9126],[129.9094,32.9126],[129.9094,32.9127],[129.9093,32.9127],[129.9093,32.9127],[129.9093,32.9127],[129.9092,32.9127],[129.9092,32.9127],[129.9092,32.9127],[129.9092,32.9127],[129.9092,32.9128],[129.9092,32.9128],[129.9092,32.9128],[129.9092,32.9127],[129.9092,32.9127],[129.9092,32.9127],[129.9091,32.9127],[129.9091,32.9127],[129.9091,32.9127],[129.9091,32.9128],[129.9091,32.9128],[129.9091,32.9128],[129.9091,32.9128],[129.9091,32.9128],[129.9091,32.9128],[129.909,32.9128],[129.909,32.9128],[129.909,32.9128],[129.909,32.9128],[129.9089,32.9128],[129.9089,32.9128],[129.9089,32.9128],[129.9089,32.9128],[129.9089,32.9128],[129.9088,32.9128],[129.9088,32.9128],[129.9088,32.9128],[129.9088,32.9128],[129.9088,32.9128],[129.9087,32.9128],[129.9087,32.9128],[129.9087,32.9128],[129.9087,32.9128],[129.9087,32.9128],[129.9086,32.9128],[129.9086,32.9128],[129.9086,32.9128],[129.9086,32.9128],[129.9086,32.9128],[129.9086,32.9128],[129.9086,32.9129],[129.9086,32.9129],[129.9086,32.9129],[129.9086,32.9129],[129.9086,32.9129],[129.9085,32.9129],[129.9085,32.9129],[129.9085,32.9129],[129.9085,32.9129],[129.9085,32.9129],[129.9085,32.9129],[129.9084,32.9129],[129.9084,32.9129],[129.9084,32.913],[129.9084,32.913],[129.9084,32.913],[129.9084,32.913],[129.9084,32.913],[129.9083,32.913],[129.9083,32.913],[129.9083,32.913],[129.9083,32.913],[129.9083,32.913],[129.9083,32.9131],[129.9083,32.9131],[129.9083,32.9131],[129.9083,32.9131],[129.9083,32.9131],[129.9083,32.9131],[129.9083,32.9132],[129.9083,32.9132],[129.9083,32.9132],[129.9082,32.9132],[129.9082,32.9132],[129.9082,32.9132],[129.9082,32.9132],[129.9082,32.9133],[129.9082,32.9133],[129.9082,32.9133],[129.9082,32.9134],[129.9082,32.9134],[129.9081,32.9135],[129.9081,32.9136],[129.908,32.9138],[129.908,32.9138],[129.9079,32.9139],[129.9079,32.9139],[129.9079,32.914],[129.9078,32.914],[129.9078,32.9141],[129.9077,32.9142],[129.9076,32.9143],[129.9076,32.9143],[129.9075,32.9143],[129.9075,32.9144],[129.9075,32.9144],[129.9075,32.9144],[129.9075,32.9144],[129.9074,32.9144],[129.9074,32.9144],[129.9074,32.9145],[129.9074,32.9145],[129.9074,32.9145],[129.9074,32.9145],[129.9074,32.9145],[129.9074,32.9145],[129.9073,32.9145],[129.9073,32.9146],[129.9073,32.9146],[129.9073,32.9146],[129.9073,32.9146],[129.9073,32.9146],[129.9073,32.9146],[129.9072,32.9147],[129.9072,32.9147],[129.9072,32.9147],[129.9072,32.9147],[129.9072,32.9147],[129.9072,32.9148],[129.9072,32.9148],[129.9071,32.9148],[129.9071,32.9148],[129.9071,32.9149],[129.9071,32.9149],[129.9071,32.9149],[129.9071,32.9149],[129.907,32.915],[129.907,32.915],[129.907,32.915],[129.907,32.915],[129.907,32.915],[129.907,32.9151],[129.907,32.9151],[129.907,32.9151],[129.9069,32.9151],[129.9069,32.9151],[129.9069,32.9151],[129.9069,32.9152],[129.9069,32.9152],[129.9069,32.9152],[129.9069,32.9152],[129.9069,32.9152],[129.9069,32.9152],[129.9069,32.9153],[129.9068,32.9153],[129.9068,32.9153],[129.9068,32.9153],[129.9068,32.9153],[129.9068,32.9153],[129.9068,32.9153],[129.9068,32.9154],[129.9068,32.9154],[129.9068,32.9154],[129.9068,32.9154],[129.9068,32.9154],[129.9067,32.9154],[129.9067,32.9154],[129.9067,32.9154],[129.9067,32.9154],[129.9067,32.9155],[129.9067,32.9155],[129.9067,32.9155],[129.9067,32.9155],[129.9066,32.9155],[129.9066,32.9155],[129.9066,32.9155],[129.9066,32.9155],[129.9066,32.9156],[129.9065,32.9156],[129.9065,32.9156],[129.9065,32.9156],[129.9065,32.9156],[129.9065,32.9156],[129.9065,32.9156],[129.9065,32.9157],[129.9065,32.9157],[129.9065,32.9157],[129.9065,32.9157],[129.9065,32.9157],[129.9065,32.9157],[129.9065,32.9157],[129.9065,32.9158],[129.9065,32.9158],[129.9065,32.9158],[129.9065,32.9158],[129.9065,32.9158],[129.9064,32.9158],[129.9064,32.9159],[129.9064,32.9159],[129.9064,32.9159],[129.9064,32.9159],[129.9064,32.9159],[129.9064,32.9159],[129.9064,32.916],[129.9064,32.916],[129.9064,32.916],[129.9064,32.916],[129.9064,32.916],[129.9064,32.9161],[129.9064,32.9161],[129.9064,32.9161],[129.9064,32.9161],[129.9064,32.9161],[129.9064,32.9162],[129.9065,32.9162],[129.9065,32.9162],[129.9065,32.9162],[129.9065,32.9162],[129.9065,32.9162],[129.9065,32.9163],[129.9065,32.9163],[129.9065,32.9163],[129.9065,32.9163],[129.9066,32.9164],[129.9066,32.9164],[129.9066,32.9164],[129.9066,32.9164],[129.9066,32.9164],[129.9066,32.9165],[129.9066,32.9165],[129.9066,32.9165],[129.9066,32.9165],[129.9066,32.9165],[129.9067,32.9165],[129.9067,32.9166],[129.9067,32.9166],[129.9067,32.9166],[129.9067,32.9166],[129.9067,32.9166],[129.9067,32.9167],[129.9067,32.9167],[129.9067,32.9167],[129.9067,32.9167],[129.9067,32.9167],[129.9067,32.9167],[129.9067,32.9168],[129.9067,32.9168],[129.9067,32.9168],[129.9067,32.9168],[129.9068,32.9168],[129.9068,32.9169],[129.9068,32.9169],[129.9068,32.9169],[129.9068,32.9169],[129.9068,32.9169],[129.9068,32.917],[129.9068,32.917],[129.9068,32.917],[129.9069,32.917],[129.9069,32.917],[129.9069,32.9171],[129.9069,32.9171],[129.9069,32.9171],[129.9069,32.9172],[129.9069,32.9172],[129.9069,32.9172],[129.9069,32.9172],[129.9069,32.9172],[129.9069,32.9173],[129.9069,32.9173],[129.9069,32.9173],[129.9069,32.9173],[129.9069,32.9174],[129.9069,32.9174],[129.9069,32.9174],[129.907,32.9174],[129.907,32.9175],[129.907,32.9175],[129.907,32.9175],[129.907,32.9175],[129.907,32.9175],[129.907,32.9175],[129.9071,32.9176],[129.9071,32.9176],[129.9071,32.9176],[129.9071,32.9176],[129.9071,32.9177],[129.9071,32.9177],[129.9071,32.9177],[129.9071,32.9177],[129.9072,32.9177],[129.9072,32.9177],[129.9072,32.9177],[129.9072,32.9178],[129.9072,32.9178],[129.9072,32.9178],[129.9072,32.9178],[129.9072,32.9178],[129.9072,32.9179],[129.9072,32.9179],[129.9072,32.9179],[129.9072,32.9179],[129.9072,32.9179],[129.9072,32.9179],[129.9073,32.9179],[129.9073,32.918],[129.9073,32.918],[129.9073,32.918],[129.9073,32.918],[129.9073,32.918],[129.9073,32.918],[129.9073,32.9181],[129.9074,32.9181],[129.9074,32.9181],[129.9074,32.9181],[129.9074,32.9182],[129.9074,32.9182],[129.9074,32.9182],[129.9074,32.9182],[129.9074,32.9182],[129.9074,32.9183],[129.9074,32.9183],[129.9074,32.9183],[129.9074,32.9183],[129.9074,32.9184],[129.9074,32.9184],[129.9073,32.9184],[129.9073,32.9184],[129.9073,32.9184],[129.9073,32.9184],[129.9073,32.9184],[129.9073,32.9184],[129.9073,32.9184],[129.9072,32.9185],[129.9072,32.9185],[129.9072,32.9185],[129.9072,32.9185],[129.9072,32.9185],[129.9072,32.9185],[129.9072,32.9185],[129.9072,32.9185],[129.9072,32.9186],[129.9072,32.9186],[129.9071,32.9186],[129.9071,32.9186],[129.9071,32.9187],[129.9071,32.9187],[129.9071,32.9187],[129.9071,32.9187],[129.9071,32.9187],[129.9071,32.9188],[129.9071,32.9188],[129.9071,32.9188],[129.9071,32.9188],[129.9071,32.9189],[129.9071,32.9189],[129.9071,32.9189],[129.9071,32.9189],[129.9071,32.9189],[129.9071,32.9189],[129.9071,32.919],[129.9071,32.919],[129.9071,32.919],[129.9071,32.919],[129.9071,32.919],[129.9071,32.919],[129.9071,32.9191],[129.9071,32.9191],[129.9072,32.9191],[129.9072,32.9191],[129.9072,32.9191],[129.9072,32.9191],[129.9072,32.9191],[129.9072,32.9191],[129.9072,32.9191],[129.9072,32.9192],[129.9072,32.9192],[129.9073,32.9192],[129.9073,32.9192],[129.9073,32.9192],[129.9073,32.9192],[129.9074,32.9192],[129.9074,32.9193],[129.9074,32.9193],[129.9075,32.9194],[129.9075,32.9194],[129.9075,32.9195],[129.9075,32.9196],[129.9075,32.9196],[129.9075,32.9197],[129.9075,32.9198],[129.9074,32.92],[129.9073,32.9201],[129.9072,32.9202],[129.9072,32.9203],[129.9072,32.9203],[129.9072,32.9203],[129.9071,32.9204],[129.9071,32.9204],[129.9072,32.9204],[129.9072,32.9204],[129.9072,32.9205],[129.9072,32.9205],[129.9071,32.9207],[129.9072,32.9207],[129.9063,32.9215],[129.9026,32.925],[129.9007,32.9268],[129.9009,32.927],[129.9004,32.9279],[129.9003,32.9281],[129.9003,32.9281],[129.9003,32.9281],[129.9003,32.9281],[129.9003,32.9281],[129.9003,32.9281],[129.9003,32.9281],[129.9003,32.9281],[129.9003,32.9281],[129.9003,32.9281],[129.9003,32.9282],[129.9003,32.9282],[129.9016,32.9291],[129.9016,32.9291],[129.9016,32.9291],[129.9016,32.9291],[129.9016,32.9292],[129.9016,32.9292],[129.9016,32.9292],[129.9016,32.9292],[129.9016,32.9292],[129.9017,32.9292],[129.9017,32.9292],[129.9017,32.9291],[129.9017,32.9291],[129.9017,32.9291],[129.9017,32.9291],[129.9019,32.929],[129.9028,32.9286],[129.9031,32.9286],[129.9037,32.9291],[129.904,32.9291],[129.9063,32.9269],[129.9083,32.925],[129.9084,32.925],[129.9146,32.9192],[129.915,32.9192],[129.9167,32.9204],[129.9174,32.921],[129.9182,32.9202],[129.9216,32.917],[129.9227,32.9159],[129.925,32.9139],[129.9259,32.9131],[129.9308,32.9165],[129.9314,32.9169],[129.9338,32.9186],[129.9343,32.9189],[129.9342,32.919],[129.934,32.9192],[129.934,32.9192],[129.9342,32.919],[129.9343,32.919],[129.9343,32.919],[129.935,32.9195],[129.9349,32.9198],[129.935,32.9198],[129.935,32.9198],[129.935,32.9198],[129.9349,32.9202],[129.9348,32.9202],[129.9348,32.9202],[129.9348,32.9202],[129.9347,32.9202],[129.9347,32.9201],[129.9347,32.9201],[129.9346,32.9201],[129.9346,32.9201],[129.9346,32.9201],[129.9345,32.92],[129.9345,32.92],[129.9344,32.92],[129.9344,32.92],[129.9344,32.92],[129.9344,32.92],[129.9344,32.92],[129.9343,32.92],[129.9343,32.9199],[129.9343,32.9199],[129.9343,32.9199],[129.9342,32.9199],[129.9341,32.9199],[129.9341,32.9199],[129.9341,32.9199],[129.934,32.9198],[129.934,32.9198],[129.9339,32.9198],[129.9338,32.9197],[129.9338,32.9197],[129.9338,32.9197],[129.9338,32.9197],[129.9338,32.9197],[129.9337,32.9197],[129.934,32.9194],[129.9339,32.9193],[129.9337,32.9197],[129.9335,32.9196],[129.9333,32.9197],[129.9327,32.92],[129.9326,32.9202],[129.9326,32.9202],[129.9327,32.92],[129.9333,32.9197],[129.9335,32.9196],[129.9351,32.9205],[129.9351,32.9205],[129.9347,32.921],[129.9347,32.921],[129.9347,32.921],[129.9347,32.921],[129.9343,32.9214],[129.9343,32.9215],[129.9343,32.9215],[129.9338,32.9221],[129.9338,32.9221],[129.9336,32.9223],[129.9333,32.9222],[129.9323,32.9216],[129.9323,32.9209],[129.9323,32.9209],[129.9323,32.9209],[129.9323,32.9209],[129.9323,32.9209],[129.9323,32.9209],[129.9323,32.9216],[129.9333,32.9222],[129.9335,32.9223],[129.9335,32.9223],[129.9335,32.9224],[129.9335,32.9224],[129.9335,32.9224],[129.9334,32.9226],[129.9333,32.9226],[129.9323,32.9239],[129.9322,32.924],[129.9321,32.924],[129.9321,32.924],[129.9314,32.9236],[129.9314,32.9235],[129.9314,32.9235],[129.9314,32.9235],[129.9313,32.9235],[129.9313,32.9235],[129.931,32.9233],[129.9307,32.9237],[129.9317,32.9243],[129.9317,32.9243],[129.9317,32.9244],[129.9317,32.9244],[129.9318,32.9245],[129.9318,32.9245],[129.9314,32.925],[129.9312,32.9253],[129.9311,32.9253],[129.9311,32.9253],[129.9311,32.9253],[129.9311,32.9254],[129.9312,32.9254],[129.9312,32.9254],[129.9315,32.9257],[129.932,32.9259],[129.9326,32.926],[129.9326,32.926],[129.9326,32.926],[129.9327,32.9262],[129.9327,32.9262],[129.9327,32.9263],[129.9327,32.9263],[129.9328,32.9265],[129.9328,32.9265],[129.9327,32.9265],[129.9326,32.9276],[129.9325,32.9276],[129.9325,32.9277],[129.9325,32.9277],[129.9325,32.9277],[129.9325,32.9277],[129.9325,32.9277],[129.9324,32.9277],[129.9324,32.9277],[129.9324,32.9278],[129.9323,32.9278],[129.9323,32.9278],[129.9322,32.9278],[129.9322,32.9278],[129.9322,32.9279],[129.9322,32.9279],[129.9322,32.928],[129.9321,32.928],[129.9321,32.9281],[129.9321,32.9281],[129.9321,32.9282],[129.9321,32.9282],[129.9321,32.9283],[129.9321,32.9283],[129.9321,32.9283],[129.9321,32.9284],[129.9321,32.9285],[129.9321,32.9286],[129.932,32.9286],[129.932,32.9286],[129.932,32.9287],[129.932,32.9287],[129.932,32.9287],[129.9319,32.9287],[129.9318,32.9287],[129.9318,32.9288],[129.9317,32.9288],[129.9317,32.9289],[129.9316,32.9289],[129.9316,32.929],[129.9315,32.929],[129.9314,32.929],[129.9314,32.929],[129.9314,32.929],[129.9313,32.9291],[129.9312,32.9292],[129.9312,32.9296],[129.9311,32.9297],[129.931,32.9299],[129.9309,32.93],[129.9309,32.93],[129.9309,32.9301],[129.9308,32.9301],[129.9308,32.9301],[129.9307,32.9301],[129.9306,32.9301],[129.9305,32.9301],[129.9305,32.9301],[129.9304,32.9301],[129.9304,32.9302],[129.9304,32.9302],[129.9303,32.9302],[129.9303,32.9303],[129.9302,32.9303],[129.9301,32.9305],[129.93,32.9306],[129.93,32.9307],[129.9299,32.9307],[129.9299,32.9307],[129.9299,32.9308],[129.9298,32.9308],[129.9298,32.9308],[129.9298,32.9309],[129.9298,32.9309],[129.9298,32.9309],[129.9298,32.9309],[129.9298,32.931],[129.9298,32.931],[129.9298,32.931],[129.9298,32.9311],[129.9298,32.9311],[129.9298,32.9311],[129.9298,32.9312],[129.9298,32.9312],[129.93,32.9312],[129.93,32.9312],[129.9298,32.9312],[129.9298,32.9313],[129.9298,32.9313],[129.9299,32.9314],[129.9299,32.9315],[129.9299,32.9315],[129.9299,32.9316],[129.9299,32.9316],[129.9299,32.9316],[129.9299,32.9316],[129.93,32.9318],[129.9299,32.9319],[129.93,32.9319],[129.93,32.932],[129.93,32.932],[129.93,32.9321],[129.93,32.9321],[129.93,32.9321],[129.93,32.9322],[129.9299,32.9322],[129.9299,32.9323],[129.9299,32.9323],[129.9299,32.9323],[129.9299,32.9324],[129.9299,32.9324],[129.9299,32.9324],[129.93,32.9325],[129.93,32.9325],[129.93,32.9326],[129.93,32.9326],[129.93,32.9327],[129.93,32.9327],[129.9301,32.9327],[129.9301,32.9327],[129.9301,32.9327],[129.9301,32.9327],[129.9301,32.9328],[129.9301,32.9328],[129.9301,32.9328],[129.9302,32.9328],[129.9302,32.9329],[129.9303,32.9329],[129.9303,32.9329],[129.9303,32.9329],[129.9303,32.933],[129.9303,32.933],[129.9303,32.933],[129.9303,32.933],[129.9304,32.933],[129.9304,32.9331],[129.9304,32.9331],[129.9304,32.9332],[129.9304,32.9332],[129.9304,32.9333],[129.9304,32.9333],[129.9304,32.9334],[129.9304,32.9334],[129.9303,32.9334],[129.9303,32.9334],[129.9303,32.9334],[129.9303,32.9334],[129.9303,32.9334],[129.9303,32.9334],[129.9303,32.9334],[129.9303,32.9334],[129.9303,32.9334],[129.9303,32.9334],[129.9303,32.9334],[129.9303,32.9334],[129.9303,32.9335],[129.9303,32.9335],[129.9302,32.9335],[129.9302,32.9336],[129.9302,32.9336],[129.9302,32.9336],[129.9302,32.9337],[129.9302,32.9337],[129.9302,32.9337],[129.9302,32.9338],[129.9302,32.9338],[129.9302,32.9338],[129.9302,32.9338],[129.9302,32.9339],[129.9302,32.9339],[129.9302,32.9339],[129.9302,32.9339],[129.9303,32.9339],[129.9303,32.9339],[129.9303,32.934],[129.9304,32.934],[129.9304,32.934],[129.9306,32.9341],[129.9306,32.9341],[129.9304,32.934],[129.9304,32.9341],[129.9304,32.9341],[129.9304,32.9341],[129.9304,32.9341],[129.9304,32.9341],[129.9303,32.9341],[129.9303,32.9341],[129.9303,32.9341],[129.9303,32.9341],[129.9303,32.9341],[129.9303,32.9341],[129.9303,32.9341],[129.9302,32.934],[129.9302,32.934],[129.9302,32.934],[129.9302,32.934],[129.9301,32.934],[129.9301,32.934],[129.9301,32.934],[129.9301,32.934],[129.9301,32.934],[129.9301,32.934],[129.9301,32.934],[129.93,32.9341],[129.93,32.9341],[129.9299,32.9341],[129.9299,32.9342],[129.9298,32.9342],[129.9298,32.9342],[129.9298,32.9343],[129.9298,32.9343],[129.9298,32.9343],[129.9298,32.9343],[129.9298,32.9343],[129.9298,32.9343],[129.9298,32.9344],[129.9298,32.9344],[129.9298,32.9344],[129.9298,32.9345],[129.9298,32.9345],[129.9298,32.9345],[129.9298,32.9345],[129.9298,32.9345],[129.9299,32.9345],[129.9299,32.9345],[129.9299,32.9345],[129.9299,32.9346],[129.9299,32.9346],[129.9299,32.9346],[129.9299,32.9346],[129.9299,32.9346],[129.9299,32.9347],[129.9299,32.9347],[129.9299,32.9347],[129.9299,32.9348],[129.9299,32.9348],[129.9299,32.9348],[129.9299,32.9348],[129.9299,32.9349],[129.9299,32.9349],[129.9298,32.9349],[129.9298,32.9349],[129.9298,32.9349],[129.9298,32.9349],[129.9298,32.935],[129.9298,32.935],[129.9298,32.935],[129.9297,32.935],[129.9295,32.9353],[129.9295,32.9353],[129.9295,32.9353],[129.9295,32.9353],[129.9295,32.9353],[129.9295,32.9353],[129.9294,32.9354],[129.9294,32.9354],[129.9294,32.9354],[129.9294,32.9354],[129.9292,32.9356],[129.929,32.9356],[129.9289,32.9357],[129.9289,32.9357],[129.9289,32.9357],[129.9289,32.9358],[129.9289,32.9358],[129.9289,32.9358],[129.9289,32.9358],[129.9289,32.9358],[129.9288,32.9358],[129.9289,32.9358],[129.9289,32.9358],[129.9289,32.9358],[129.9289,32.9358],[129.9289,32.9359],[129.9289,32.9359],[129.9288,32.9359],[129.9288,32.9359],[129.9288,32.9359],[129.9288,32.9359],[129.9288,32.936],[129.9288,32.936],[129.9288,32.9361],[129.9288,32.9361],[129.9288,32.9361],[129.9288,32.9362],[129.9287,32.9363],[129.9287,32.9363],[129.9287,32.9363],[129.9287,32.9363],[129.9287,32.9363],[129.9287,32.9363],[129.9286,32.9363],[129.9286,32.9363],[129.9286,32.9363],[129.9286,32.9363],[129.9286,32.9363],[129.9286,32.9364],[129.9286,32.9364],[129.9286,32.9364],[129.9286,32.9364],[129.9286,32.9364],[129.9286,32.9364],[129.9286,32.9364],[129.9278,32.9363],[129.9272,32.9363],[129.9272,32.9359],[129.9272,32.9359],[129.9271,32.9363],[129.9278,32.9363],[129.9286,32.9364],[129.9287,32.9364],[129.9287,32.9365],[129.9287,32.9365],[129.9287,32.9365],[129.9287,32.9365],[129.9287,32.9365],[129.9287,32.9365],[129.9287,32.9365],[129.9287,32.9366],[129.9287,32.9366],[129.9288,32.9366],[129.9288,32.9367],[129.9288,32.9367],[129.9288,32.9367],[129.9288,32.9367],[129.9288,32.9368],[129.9288,32.9368],[129.9288,32.9368],[129.9289,32.9369],[129.9289,32.9369],[129.9289,32.9369],[129.9289,32.937],[129.9289,32.937],[129.9289,32.937],[129.9289,32.937],[129.9289,32.9371],[129.9289,32.9371],[129.9289,32.9371],[129.929,32.9371],[129.9289,32.938],[129.9288,32.9389],[129.9287,32.9398],[129.9286,32.9407],[129.9303,32.9408],[129.9315,32.9409],[129.932,32.941],[129.9321,32.9402],[129.9321,32.94],[129.9343,32.9402],[129.935,32.9403],[129.935,32.9399],[129.9352,32.9387],[129.9353,32.9376],[129.9353,32.9371],[129.9354,32.9367],[129.9354,32.9366],[129.9353,32.9366],[129.9353,32.9366],[129.9342,32.9365],[129.9343,32.9361],[129.9344,32.9351],[129.9346,32.9351],[129.9351,32.9351],[129.9354,32.9351],[129.9358,32.9351],[129.9363,32.9351],[129.937,32.9352],[129.9381,32.9353],[129.938,32.9361],[129.938,32.9363],[129.9379,32.937],[129.9378,32.9375],[129.9378,32.9377],[129.9377,32.9383],[129.9376,32.939],[129.9375,32.9396],[129.9374,32.9401],[129.9373,32.9406],[129.9372,32.9416],[129.9372,32.9416],[129.9369,32.9436],[129.9364,32.9466],[129.9362,32.9476],[129.9359,32.9493],[129.9356,32.9493],[129.9355,32.9504],[129.9355,32.9504],[129.9361,32.9505],[129.9362,32.9505],[129.9362,32.9507],[129.9363,32.9509],[129.9364,32.951],[129.9365,32.951],[129.9369,32.9512],[129.9369,32.9512],[129.937,32.9513],[129.9371,32.9517],[129.9372,32.9517],[129.9378,32.9518],[129.938,32.9518],[129.9382,32.9518],[129.9384,32.9519],[129.9386,32.952],[129.9391,32.9521],[129.9395,32.9523],[129.9396,32.9523],[129.9399,32.9524],[129.9401,32.9525],[129.9404,32.9526],[129.9406,32.9517],[129.9406,32.9514],[129.9408,32.9505],[129.9416,32.9506],[129.9425,32.9508],[129.9423,32.9519],[129.9436,32.9521],[129.9433,32.9531],[129.9441,32.9532],[129.944,32.9536],[129.9441,32.9536],[129.9443,32.9537],[129.9444,32.9538],[129.9446,32.9538],[129.9447,32.9539],[129.9449,32.954],[129.9452,32.9541],[129.9456,32.9533],[129.9456,32.9533],[129.9459,32.9528],[129.9462,32.9523],[129.9465,32.9517],[129.9468,32.9512],[129.9474,32.9501],[129.9479,32.9492],[129.9481,32.9493],[129.9482,32.9493],[129.9491,32.9497],[129.9492,32.9498],[129.9494,32.9499],[129.9495,32.95],[129.9496,32.95],[129.9503,32.9503],[129.9511,32.9505],[129.9516,32.9507],[129.9517,32.9507],[129.9518,32.9506],[129.9518,32.9505],[129.9519,32.9504],[129.9519,32.9503],[129.9519,32.95],[129.9519,32.95],[129.952,32.9498],[129.9521,32.9497],[129.9522,32.9497],[129.9523,32.9496],[129.9523,32.9496],[129.9523,32.9496],[129.9523,32.9495],[129.9522,32.9493],[129.9521,32.9492],[129.9519,32.9491],[129.9518,32.949],[129.9512,32.9486],[129.951,32.9485],[129.9509,32.9485],[129.9509,32.9485],[129.9509,32.9485],[129.9509,32.9484],[129.951,32.9482],[129.951,32.9482],[129.951,32.9482],[129.951,32.9482],[129.9508,32.948],[129.9507,32.948],[129.9503,32.9479],[129.9501,32.9478],[129.95,32.9477],[129.9499,32.9477],[129.9498,32.9477],[129.9497,32.9477],[129.9496,32.9477],[129.9496,32.9477],[129.9493,32.9478],[129.9493,32.9478],[129.9492,32.9478],[129.9491,32.9477],[129.9491,32.9477],[129.9488,32.9475],[129.9495,32.9463],[129.9498,32.9459],[129.95,32.9454],[129.9504,32.9448],[129.9504,32.9447],[129.9506,32.9449],[129.9507,32.945],[129.9507,32.9451],[129.9507,32.9452],[129.9508,32.9453],[129.9513,32.9457],[129.9515,32.9458],[129.9522,32.9448],[129.9525,32.9444],[129.9526,32.9443],[129.9534,32.9437],[129.9536,32.9436],[129.9537,32.9435],[129.9538,32.9433],[129.9539,32.9433],[129.9541,32.9433],[129.9542,32.9433],[129.9543,32.9432],[129.9546,32.9431],[129.9548,32.943],[129.9549,32.943],[129.9551,32.9429],[129.9552,32.9429],[129.9554,32.9428],[129.9555,32.9428],[129.9556,32.9428],[129.9556,32.9426],[129.9556,32.9426],[129.9557,32.9426],[129.9558,32.9426],[129.9563,32.9426],[129.9564,32.9425],[129.9568,32.9424],[129.9563,32.9423],[129.9562,32.9422],[129.9559,32.9422],[129.9559,32.9422],[129.9556,32.9422],[129.9556,32.9422],[129.9555,32.9421],[129.9555,32.9421],[129.9555,32.9421],[129.9555,32.9421],[129.9555,32.9421],[129.9555,32.9421],[129.9555,32.942],[129.9555,32.942],[129.9555,32.942],[129.9554,32.9417],[129.9555,32.9417],[129.9559,32.9417],[129.956,32.9417],[129.9563,32.9415],[129.9565,32.9414],[129.9568,32.9412],[129.9572,32.9408],[129.9575,32.9406],[129.958,32.9402],[129.9582,32.94],[129.9583,32.94],[129.9585,32.9399],[129.9586,32.9398],[129.9587,32.9397],[129.9588,32.9396],[129.9589,32.9395],[129.9589,32.9393],[129.959,32.939],[129.9578,32.9388],[129.9574,32.9388],[129.9571,32.9387],[129.9572,32.9384],[129.9572,32.9383],[129.9572,32.938],[129.9573,32.938],[129.9573,32.9379],[129.9573,32.9376],[129.9573,32.9374],[129.9573,32.9373],[129.9572,32.9372],[129.9572,32.9372],[129.9571,32.937],[129.9571,32.9369],[129.9571,32.9368],[129.9571,32.9368],[129.9572,32.9365],[129.9572,32.9363],[129.9572,32.9362],[129.9576,32.9364],[129.9578,32.9365],[129.9581,32.9365],[129.9583,32.9365],[129.9586,32.9366],[129.9588,32.9366],[129.9595,32.9365],[129.9595,32.9365],[129.9595,32.9365],[129.9596,32.9364],[129.9597,32.9363],[129.9598,32.9362],[129.96,32.9359],[129.9604,32.9354],[129.9601,32.9352],[129.9597,32.9357],[129.9595,32.9354],[129.9597,32.9349],[129.9597,32.9349],[129.9599,32.9345],[129.96,32.9345],[129.96,32.9344],[129.9601,32.9344],[129.9602,32.9346],[129.9604,32.9348],[129.9604,32.9348],[129.9605,32.9349],[129.9605,32.9349],[129.9607,32.9351],[129.9607,32.9351],[129.9607,32.9351],[129.9608,32.9351],[129.9608,32.9352],[129.9609,32.9353],[129.9611,32.9357],[129.9613,32.936],[129.9615,32.9363],[129.9615,32.9364],[129.962,32.9367],[129.9619,32.9369],[129.9615,32.9371],[129.9611,32.9374],[129.9614,32.9376],[129.9616,32.9378],[129.9619,32.938],[129.9622,32.9382],[129.9623,32.9383],[129.9624,32.9383],[129.9624,32.9383],[129.9624,32.9383],[129.9625,32.9382],[129.9625,32.9381],[129.9626,32.9381],[129.9626,32.938],[129.9627,32.938],[129.9628,32.938],[129.9628,32.938],[129.9628,32.938],[129.9629,32.938],[129.9631,32.9377],[129.9634,32.9373],[129.9634,32.9373],[129.9634,32.9373],[129.9634,32.9373],[129.9636,32.9372],[129.9637,32.9372],[129.9637,32.9373],[129.9638,32.9372],[129.9641,32.9371],[129.9633,32.9359],[129.9633,32.9359],[129.9616,32.9344],[129.9612,32.934],[129.9604,32.9334],[129.9604,32.9333],[129.9605,32.9332],[129.9605,32.9331],[129.9607,32.933],[129.9607,32.933],[129.9609,32.933],[129.9625,32.9335],[129.9649,32.9342],[129.9652,32.9342],[129.9653,32.9342],[129.9654,32.9341],[129.9656,32.934],[129.9658,32.9338],[129.9662,32.9339],[129.9665,32.9341],[129.9669,32.9343],[129.9671,32.9343],[129.9671,32.9336],[129.9672,32.9335],[129.9674,32.9334],[129.9675,32.9334],[129.9674,32.9329],[129.9676,32.9328],[129.9679,32.9329],[129.9681,32.9329],[129.9684,32.9329],[129.9687,32.9329],[129.969,32.9328],[129.969,32.9328],[129.9692,32.9328],[129.9695,32.9329],[129.9702,32.9332],[129.9705,32.9323],[129.9693,32.932],[129.9691,32.9318],[129.9689,32.9317],[129.9686,32.9316],[129.9685,32.9316],[129.9678,32.9317],[129.9677,32.9318],[129.9673,32.9321],[129.9673,32.9321],[129.9672,32.9321],[129.9667,32.9319],[129.9667,32.9318],[129.9667,32.9317],[129.9667,32.9316],[129.9667,32.9313],[129.9668,32.931],[129.9669,32.9305],[129.9669,32.9303],[129.967,32.93],[129.9668,32.9301],[129.9668,32.9301],[129.9663,32.9299],[129.9662,32.9299],[129.9661,32.9298],[129.9661,32.9297],[129.966,32.9296],[129.966,32.9296],[129.966,32.9295],[129.966,32.9295],[129.9658,32.9292],[129.9658,32.9292],[129.9658,32.9292],[129.9659,32.9292],[129.967,32.9292],[129.9669,32.9286],[129.9669,32.9282],[129.9669,32.928],[129.9669,32.9279],[129.9675,32.9277],[129.9677,32.9277],[129.9687,32.9277],[129.9687,32.9277],[129.9687,32.9277],[129.9685,32.9274]],[[129.9443,32.9302],[129.944,32.9308],[129.9436,32.9316],[129.9434,32.9322],[129.943,32.933],[129.9429,32.9333],[129.9428,32.9333],[129.9428,32.9333],[129.9424,32.9332],[129.9421,32.9331],[129.9419,32.933],[129.9415,32.9329],[129.9411,32.9327],[129.9404,32.9339],[129.9401,32.9343],[129.9397,32.935],[129.9394,32.9355],[129.939,32.9354],[129.9383,32.9353],[129.9383,32.935],[129.9383,32.9347],[129.9383,32.9346],[129.9384,32.9344],[129.9384,32.9342],[129.9384,32.9339],[129.9384,32.9338],[129.9385,32.9336],[129.9386,32.9335],[129.9387,32.9333],[129.9387,32.9332],[129.9386,32.933],[129.9386,32.9328],[129.9386,32.9327],[129.9386,32.9326],[129.9385,32.9325],[129.9385,32.9325],[129.9385,32.9324],[129.9386,32.9321],[129.9387,32.9319],[129.9387,32.9317],[129.9377,32.9318],[129.9371,32.9318],[129.9365,32.9319],[129.9361,32.9319],[129.9357,32.9319],[129.9347,32.9318],[129.9348,32.931],[129.9349,32.9302],[129.9349,32.9293],[129.935,32.9288],[129.9351,32.9278],[129.9352,32.9267],[129.9352,32.9265],[129.9353,32.9259],[129.938,32.926],[129.9405,32.9262],[129.9404,32.9265],[129.9393,32.9264],[129.9394,32.9265],[129.9395,32.9266],[129.9396,32.9266],[129.9393,32.9272],[129.939,32.9276],[129.9401,32.9277],[129.9402,32.9274],[129.9403,32.9273],[129.9404,32.927],[129.9404,32.9269],[129.9407,32.9265],[129.942,32.9266],[129.9419,32.9276],[129.9418,32.9278],[129.9429,32.9278],[129.9434,32.9279],[129.944,32.9279],[129.9444,32.928],[129.9452,32.9282],[129.9447,32.9292],[129.9444,32.9299],[129.9443,32.9302]]]},"properties":{"name":"大村市","pop":1}},{"type":"Feature","geometry":{"type":"Polygon","coordinates":[[[128.8421,32.7042],[128.8422,32.704],[128.8423,32.704],[128.8431,32.7036],[128.8432,32.7035],[128.8434,32.7035],[128.8436,32.7035],[128.8437,32.7035],[128.8438,32.7034],[128.8438,32.7033],[128.8439,32.7032],[128.8442,32.7028],[128.8443,32.7027],[128.8446,32.7026],[128.8448,32.7025],[128.8449,32.7025],[128.845,32.7024],[128.845,32.7024],[128.845,32.7023],[128.8451,32.702],[128.8451,32.7018],[128.8451,32.7017],[128.845,32.7016],[128.8449,32.7015],[128.8449,32.7014],[128.8449,32.7013],[128.8449,32.7011],[128.845,32.701],[128.8451,32.7009],[128.8451,32.7008],[128.8452,32.7005],[128.8452,32.7005],[128.8453,32.7004],[128.8454,32.7003],[128.8457,32.7005],[128.846,32.7008],[128.8462,32.7009],[128.8463,32.7009],[128.8465,32.7011],[128.8467,32.7012],[128.8465,32.7013],[128.8458,32.7012],[128.8458,32.7013],[128.8457,32.7015],[128.8466,32.7016],[128.8468,32.7015],[128.8477,32.7009],[128.8486,32.7004],[128.8484,32.7002],[128.8475,32.7007],[128.8473,32.7005],[128.8482,32.6999],[128.848,32.6997],[128.8479,32.6995],[128.8482,32.6995],[128.8488,32.6992],[128.8485,32.6988],[128.8482,32.6985],[128.8474,32.6989],[128.8472,32.6986],[128.8469,32.6983],[128.8465,32.6979],[128.8463,32.6976],[128.8461,32.6975],[128.846,32.6974],[128.8462,32.6972],[128.8467,32.6969],[128.847,32.6968],[128.8471,32.6967],[128.847,32.6967],[128.8471,32.6967],[128.8471,32.6966],[128.8474,32.6965],[128.8475,32.6965],[128.8475,32.6964],[128.8476,32.6964],[128.8482,32.6961],[128.8483,32.696],[128.8485,32.6959],[128.8488,32.6958],[128.849,32.6957],[128.849,32.6957],[128.8491,32.6957],[128.8493,32.6958],[128.8496,32.6959],[128.8496,32.6959],[128.8496,32.6959],[128.8494,32.6962],[128.85,32.6964],[128.85,32.6963],[128.8501,32.6961],[128.8503,32.6961],[128.8503,32.6962],[128.8503,32.6962],[128.8504,32.6962],[128.8506,32.6962],[128.8507,32.6963],[128.8512,32.6965],[128.8513,32.6965],[128.8515,32.6966],[128.8516,32.6966],[128.8517,32.6968],[128.8519,32.6971],[128.852,32.6972],[128.8522,32.6976],[128.8523,32.6977],[128.8515,32.698],[128.8516,32.6981],[128.8526,32.6977],[128.8519,32.6962],[128.8522,32.6961],[128.8522,32.6961],[128.852,32.6961],[128.8519,32.696],[128.852,32.6959],[128.8521,32.6959],[128.8512,32.6945],[128.8515,32.6944],[128.8514,32.6943],[128.8513,32.6944],[128.8512,32.6943],[128.8513,32.6942],[128.8513,32.6942],[128.8509,32.6939],[128.8512,32.6933],[128.8513,32.6932],[128.8516,32.6925],[128.8519,32.692],[128.8519,32.6919],[128.852,32.6918],[128.852,32.6917],[128.8521,32.6916],[128.8521,32.6916],[128.8522,32.6917],[128.8524,32.6917],[128.8524,32.6917],[128.8524,32.6916],[128.8524,32.6916],[128.8526,32.6917],[128.8528,32.6917],[128.8528,32.6917],[128.8528,32.6917],[128.8525,32.6916],[128.8522,32.6915],[128.852,32.6915],[128.8518,32.6909],[128.8517,32.6908],[128.8513,32.6907],[128.8513,32.6906],[128.8512,32.6906],[128.8512,32.6905],[128.8512,32.6905],[128.8512,32.6905],[128.8511,32.6905],[128.8511,32.6906],[128.851,32.6905],[128.8509,32.6905],[128.8509,32.6904],[128.8508,32.6904],[128.8507,32.6904],[128.8506,32.6904],[128.8504,32.6904],[128.8504,32.6904],[128.8504,32.6904],[128.8502,32.6904],[128.8502,32.6904],[128.85,32.6904],[128.8499,32.6904],[128.85,32.6905],[128.8499,32.6905],[128.8499,32.6905],[128.8497,32.6906],[128.8497,32.6906],[128.8497,32.6906],[128.8497,32.6906],[128.8497,32.6907],[128.8497,32.6907],[128.8497,32.6907],[128.8497,32.6907],[128.8497,32.6908],[128.8497,32.6908],[128.8496,32.6908],[128.8496,32.6908],[128.8495,32.6908],[128.8495,32.6908],[128.8495,32.6908],[128.8495,32.6908],[128.8495,32.6908],[128.8495,32.6907],[128.8495,32.6907],[128.8495,32.6907],[128.8495,32.6907],[128.8494,32.6907],[128.8494,32.6906],[128.8494,32.6906],[128.8494,32.6906],[128.8493,32.6906],[128.8493,32.6906],[128.8493,32.6907],[128.8492,32.6907],[128.8492,32.6907],[128.8491,32.6907],[128.8491,32.6907],[128.849,32.6907],[128.849,32.6907],[128.849,32.6907],[128.849,32.6908],[128.849,32.6908],[128.849,32.6908],[128.849,32.6908],[128.849,32.6908],[128.849,32.6908],[128.849,32.6908],[128.8489,32.6908],[128.8489,32.6908],[128.8489,32.6908],[128.8489,32.6908],[128.8489,32.6908],[128.8489,32.6908],[128.8489,32.6908],[128.8489,32.6908],[128.8489,32.6908],[128.8489,32.6908],[128.8488,32.6908],[128.8488,32.6908],[128.8488,32.6909],[128.8488,32.691],[128.8488,32.6911],[128.8489,32.6911],[128.8489,32.6911],[128.8489,32.6912],[128.8488,32.6912],[128.8486,32.6911],[128.8486,32.6911],[128.8488,32.6908],[128.8488,32.6908],[128.8488,32.6908],[128.8488,32.6908],[128.8488,32.6907],[128.8488,32.6907],[128.8488,32.6907],[128.8488,32.6907],[128.8487,32.6907],[128.8487,32.6907],[128.8487,32.6907],[128.8485,32.6907],[128.8484,32.6906],[128.8484,32.6906],[128.8484,32.6906],[128.8484,32.6905],[128.8484,32.6905],[128.8484,32.6905],[128.8484,32.6905],[128.8485,32.6905],[128.8485,32.6904],[128.8485,32.6904],[128.8486,32.6904],[128.8487,32.6902],[128.8487,32.6902],[128.8487,32.6902],[128.8486,32.6901],[128.8486,32.6901],[128.8486,32.6901],[128.8487,32.69],[128.8489,32.6897],[128.8491,32.6894],[128.8492,32.6892],[128.8492,32.6892],[128.8492,32.6892],[128.8492,32.6892],[128.8491,32.6891],[128.8492,32.689],[128.8492,32.6889],[128.849,32.6891],[128.8487,32.6889],[128.8487,32.6889],[128.8489,32.6887],[128.849,32.6886],[128.8491,32.6886],[128.8491,32.6886],[128.8491,32.6886],[128.8493,32.6888],[128.8493,32.6888],[128.8493,32.6888],[128.8493,32.6889],[128.8495,32.689],[128.8495,32.689],[128.8497,32.6895],[128.85,32.6894],[128.8508,32.6892],[128.8515,32.6891],[128.8515,32.6891],[128.8516,32.6887],[128.8517,32.6885],[128.8522,32.6883],[128.8522,32.6881],[128.8522,32.6881],[128.8519,32.688],[128.8513,32.688],[128.8511,32.6878],[128.8516,32.6876],[128.852,32.6876],[128.8522,32.6875],[128.8523,32.6875],[128.8525,32.6874],[128.8527,32.6873],[128.8529,32.6872],[128.8531,32.6871],[128.8537,32.6867],[128.8538,32.6869],[128.8537,32.6869],[128.8537,32.687],[128.8537,32.6871],[128.8536,32.6871],[128.8536,32.6872],[128.8538,32.6871],[128.8546,32.6867],[128.8552,32.6865],[128.8554,32.6863],[128.8555,32.6863],[128.8556,32.6862],[128.8556,32.6862],[128.8553,32.6858],[128.8554,32.6858],[128.8557,32.6857],[128.856,32.6856],[128.8557,32.6853],[128.8555,32.6851],[128.8554,32.685],[128.8553,32.6846],[128.8551,32.6843],[128.8547,32.6844],[128.8544,32.6845],[128.8542,32.6846],[128.8543,32.6848],[128.8543,32.685],[128.8542,32.6851],[128.8541,32.6852],[128.854,32.6852],[128.854,32.6852],[128.854,32.6855],[128.8538,32.6855],[128.8535,32.6855],[128.8533,32.6856],[128.8533,32.6856],[128.8532,32.6856],[128.8532,32.6855],[128.8532,32.6855],[128.8531,32.6854],[128.8531,32.6852],[128.8529,32.6852],[128.8528,32.6852],[128.8527,32.6852],[128.8527,32.6852],[128.8527,32.6849],[128.8529,32.6845],[128.853,32.6842],[128.853,32.6841],[128.853,32.684],[128.853,32.6839],[128.8529,32.6838],[128.8527,32.6837],[128.8526,32.6837],[128.8524,32.6838],[128.8523,32.6838],[128.8522,32.6838],[128.8517,32.6838],[128.8516,32.6842],[128.8514,32.6842],[128.8511,32.6842],[128.8511,32.6841],[128.851,32.684],[128.8508,32.6834],[128.8508,32.6833],[128.8508,32.6829],[128.8508,32.6828],[128.8508,32.6825],[128.8505,32.6822],[128.8504,32.6821],[128.8503,32.6821],[128.85,32.6821],[128.8498,32.682],[128.8497,32.682],[128.8497,32.6819],[128.8494,32.6818],[128.849,32.6815],[128.8487,32.6812],[128.8485,32.6811],[128.8483,32.6811],[128.848,32.681],[128.8477,32.6812],[128.8479,32.6813],[128.8484,32.6819],[128.8485,32.6821],[128.8486,32.6822],[128.8485,32.6824],[128.8485,32.6825],[128.8486,32.6825],[128.8488,32.6826],[128.8489,32.6827],[128.8489,32.6828],[128.8489,32.683],[128.849,32.6832],[128.8491,32.6834],[128.8491,32.6836],[128.8492,32.6838],[128.8492,32.6839],[128.8494,32.6839],[128.8495,32.6839],[128.8497,32.6838],[128.8497,32.6839],[128.8499,32.684],[128.85,32.6841],[128.85,32.6842],[128.8501,32.6842],[128.8501,32.6842],[128.8501,32.6843],[128.8501,32.6844],[128.85,32.6845],[128.85,32.6845],[128.8498,32.6845],[128.8498,32.6845],[128.8497,32.6845],[128.8495,32.6846],[128.8492,32.6846],[128.849,32.6846],[128.8488,32.6846],[128.8488,32.6845],[128.8482,32.6846],[128.8481,32.6845],[128.848,32.6843],[128.8479,32.6842],[128.8479,32.684],[128.8478,32.6839],[128.8476,32.6838],[128.8474,32.6836],[128.8473,32.6835],[128.8472,32.6835],[128.8472,32.6835],[128.8469,32.6835],[128.8471,32.6841],[128.8471,32.6842],[128.847,32.6844],[128.8469,32.6846],[128.8469,32.6847],[128.847,32.6848],[128.8471,32.685],[128.8472,32.6854],[128.8471,32.6855],[128.847,32.6855],[128.8468,32.6856],[128.8466,32.6856],[128.8464,32.6856],[128.8462,32.6857],[128.846,32.6857],[128.8458,32.6856],[128.8456,32.6855],[128.8455,32.6854],[128.8455,32.6855],[128.8455,32.6856],[128.8456,32.6858],[128.8457,32.686],[128.8458,32.6861],[128.8458,32.6862],[128.8458,32.6863],[128.8459,32.6865],[128.8461,32.6869],[128.8461,32.6871],[128.846,32.6872],[128.8459,32.6874],[128.8457,32.6876],[128.8454,32.6877],[128.8451,32.688],[128.8456,32.6883],[128.8455,32.6884],[128.8453,32.6885],[128.8449,32.6887],[128.8447,32.6888],[128.8445,32.689],[128.8444,32.6891],[128.8443,32.6893],[128.8441,32.6894],[128.8439,32.6895],[128.8437,32.6896],[128.8432,32.6898],[128.8428,32.6899],[128.8426,32.6896],[128.8426,32.6896],[128.8424,32.6896],[128.8422,32.6896],[128.842,32.6896],[128.8419,32.6896],[128.8416,32.6897],[128.8414,32.6898],[128.8413,32.6898],[128.8411,32.6898],[128.8408,32.6898],[128.8407,32.6898],[128.8406,32.6898],[128.8408,32.6899],[128.8409,32.69],[128.8411,32.69],[128.8413,32.69],[128.8414,32.6901],[128.8414,32.6902],[128.8417,32.6908],[128.8417,32.6909],[128.8416,32.6909],[128.8415,32.6908],[128.8412,32.6907],[128.8409,32.6906],[128.8405,32.6906],[128.8403,32.6906],[128.84,32.6906],[128.8393,32.6907],[128.8387,32.6908],[128.8383,32.6909],[128.8382,32.6909],[128.8391,32.6914],[128.8393,32.6915],[128.8391,32.6917],[128.8389,32.6915],[128.8387,32.6917],[128.8387,32.6917],[128.8388,32.6918],[128.8387,32.6919],[128.8388,32.692],[128.8387,32.6925],[128.8386,32.6924],[128.8385,32.6923],[128.8383,32.6921],[128.8381,32.692],[128.838,32.6919],[128.8379,32.6919],[128.8375,32.6918],[128.8374,32.6918],[128.8369,32.6917],[128.8365,32.6917],[128.8363,32.6916],[128.836,32.6915],[128.8357,32.6914],[128.8356,32.6912],[128.8353,32.6908],[128.8352,32.6907],[128.8348,32.6902],[128.8345,32.6899],[128.8343,32.6899],[128.8341,32.6898],[128.8337,32.6897],[128.8334,32.6897],[128.8331,32.6897],[128.8326,32.6898],[128.8318,32.6899],[128.8313,32.6899],[128.8309,32.69],[128.8308,32.6899],[128.8302,32.6899],[128.83,32.6899],[128.8298,32.6898],[128.8295,32.6897],[128.8294,32.6895],[128.8294,32.6893],[128.8294,32.6892],[128.8294,32.6892],[128.8294,32.689],[128.8296,32.6887],[128.8298,32.6884],[128.8299,32.6881],[128.8299,32.6879],[128.8298,32.6878],[128.8297,32.6877],[128.8294,32.6875],[128.8292,32.6873],[128.8291,32.6878],[128.829,32.6877],[128.8288,32.6883],[128.8288,32.6884],[128.8287,32.6885],[128.829,32.6886],[128.8289,32.6887],[128.8288,32.6888],[128.8287,32.6889],[128.8287,32.6889],[128.8287,32.689],[128.8287,32.689],[128.8287,32.6891],[128.8287,32.6891],[128.8287,32.6893],[128.8286,32.6894],[128.8286,32.6895],[128.8286,32.6895],[128.8285,32.6896],[128.8285,32.6896],[128.8285,32.6896],[128.8284,32.6897],[128.8284,32.6896],[128.8283,32.6896],[128.8282,32.6896],[128.828,32.6894],[128.8279,32.6893],[128.8278,32.6892],[128.8278,32.689],[128.8277,32.689],[128.8276,32.6888],[128.8275,32.6887],[128.8275,32.6885],[128.8271,32.6885],[128.8271,32.6883],[128.8269,32.6883],[128.8267,32.6884],[128.8266,32.6883],[128.8266,32.6882],[128.8265,32.6881],[128.8265,32.688],[128.8265,32.6879],[128.8264,32.6878],[128.8264,32.6877],[128.8261,32.6875],[128.826,32.6875],[128.826,32.6876],[128.8261,32.6877],[128.8261,32.6877],[128.8261,32.6877],[128.826,32.6878],[128.8259,32.6878],[128.8256,32.6878],[128.8253,32.6878],[128.8251,32.6878],[128.825,32.6879],[128.8249,32.688],[128.8254,32.6887],[128.8257,32.6892],[128.8258,32.6893],[128.8258,32.6895],[128.8258,32.6895],[128.8257,32.6896],[128.8257,32.6896],[128.8257,32.6897],[128.8257,32.6897],[128.8257,32.6897],[128.8257,32.6899],[128.8257,32.69],[128.8257,32.69],[128.8257,32.6901],[128.8257,32.6901],[128.8257,32.6902],[128.8257,32.6902],[128.8256,32.6904],[128.8257,32.6905],[128.8257,32.6905],[128.8257,32.6905],[128.8257,32.6905],[128.8257,32.6906],[128.8257,32.6907],[128.8257,32.6907],[128.8257,32.6908],[128.8257,32.6908],[128.8255,32.6911],[128.8262,32.6914],[128.8271,32.6918],[128.828,32.6921],[128.8281,32.6922],[128.8279,32.6922],[128.8267,32.6925],[128.8267,32.6922],[128.8266,32.6921],[128.8256,32.6923],[128.8256,32.6924],[128.8257,32.6927],[128.8261,32.6926],[128.8262,32.6927],[128.8264,32.6928],[128.8274,32.6935],[128.8276,32.6935],[128.828,32.6936],[128.8285,32.6937],[128.8286,32.6938],[128.8287,32.694],[128.8287,32.6941],[128.8286,32.6943],[128.8287,32.6947],[128.8287,32.6949],[128.8288,32.695],[128.8291,32.6951],[128.8292,32.6952],[128.8294,32.6953],[128.8295,32.6955],[128.8297,32.6956],[128.8299,32.6957],[128.8301,32.6957],[128.8305,32.6957],[128.8308,32.6957],[128.8309,32.6958],[128.8311,32.6958],[128.8313,32.6958],[128.8316,32.6958],[128.832,32.6957],[128.8327,32.6955],[128.8328,32.6955],[128.8331,32.6956],[128.8332,32.6956],[128.8334,32.6956],[128.8336,32.6955],[128.8337,32.6955],[128.8338,32.6956],[128.8339,32.6956],[128.8338,32.6957],[128.8337,32.6957],[128.8334,32.6957],[128.8333,32.6958],[128.833,32.6959],[128.8328,32.6959],[128.8327,32.6959],[128.8325,32.696],[128.8321,32.696],[128.8319,32.696],[128.8318,32.6961],[128.8315,32.6963],[128.8313,32.6963],[128.8311,32.6964],[128.831,32.6967],[128.8311,32.6969],[128.8312,32.6973],[128.8322,32.6973],[128.8324,32.6973],[128.8327,32.6978],[128.8328,32.6981],[128.8331,32.6982],[128.8334,32.6983],[128.8347,32.6982],[128.8351,32.6982],[128.8355,32.6983],[128.8356,32.6983],[128.836,32.6984],[128.8361,32.6985],[128.8361,32.6985],[128.836,32.6986],[128.8356,32.6988],[128.8354,32.6989],[128.8351,32.699],[128.8348,32.6991],[128.8347,32.6991],[128.8346,32.6993],[128.8346,32.6994],[128.8348,32.6995],[128.8349,32.6996],[128.835,32.6997],[128.835,32.6997],[128.835,32.6998],[128.8351,32.6999],[128.8351,32.7],[128.8352,32.7001],[128.8352,32.7],[128.8354,32.6999],[128.8355,32.6999],[128.8355,32.6997],[128.8355,32.6996],[128.8355,32.6996],[128.8356,32.6995],[128.8359,32.6994],[128.8362,32.6992],[128.8365,32.6989],[128.8368,32.6992],[128.8368,32.6993],[128.8368,32.6993],[128.8368,32.6994],[128.8369,32.6998],[128.837,32.6998],[128.8371,32.6998],[128.8373,32.6998],[128.8374,32.6998],[128.8376,32.6998],[128.8378,32.6998],[128.8379,32.6998],[128.838,32.6998],[128.838,32.6998],[128.8381,32.6999],[128.8383,32.7001],[128.8382,32.7002],[128.8382,32.7002],[128.8382,32.7004],[128.8382,32.7005],[128.8382,32.7008],[128.838,32.7009],[128.8379,32.701],[128.8377,32.7011],[128.8377,32.7012],[128.8376,32.7012],[128.8375,32.7012],[128.8369,32.7015],[128.8368,32.7016],[128.8367,32.7016],[128.8367,32.7017],[128.8365,32.7019],[128.8369,32.7018],[128.8375,32.7017],[128.8381,32.7017],[128.8382,32.7017],[128.8384,32.7018],[128.8387,32.7019],[128.8389,32.702],[128.839,32.702],[128.8391,32.7019],[128.8392,32.7018],[128.8393,32.7017],[128.8393,32.7015],[128.8393,32.7014],[128.8393,32.7012],[128.8395,32.7012],[128.8407,32.7016],[128.8407,32.702],[128.8407,32.7022],[128.8407,32.7025],[128.8407,32.7028],[128.8407,32.7029],[128.8407,32.7031],[128.8405,32.7038],[128.8405,32.704],[128.8404,32.704],[128.8401,32.704],[128.8399,32.7039],[128.8396,32.7038],[128.8393,32.7037],[128.8395,32.7039],[128.8392,32.7041],[128.8387,32.7044],[128.8387,32.7044],[128.8387,32.7045],[128.8388,32.7047],[128.8388,32.7048],[128.8389,32.7048],[128.8389,32.7048],[128.8392,32.7045],[128.8394,32.7047],[128.8396,32.7045],[128.8397,32.7045],[128.8398,32.7044],[128.8399,32.7043],[128.8399,32.7042],[128.8398,32.7041],[128.8401,32.7041],[128.8404,32.7041],[128.8403,32.7045],[128.8403,32.7046],[128.8402,32.705],[128.8401,32.7055],[128.84,32.7057],[128.8401,32.7058],[128.8402,32.7063],[128.8403,32.7065],[128.8406,32.7064],[128.8409,32.7063],[128.841,32.7063],[128.8411,32.7062],[128.8411,32.7061],[128.8412,32.706],[128.8412,32.7057],[128.8412,32.7055],[128.8413,32.7053],[128.8415,32.7049],[128.8416,32.7047],[128.8418,32.7046],[128.8419,32.7044],[128.8421,32.7042]]]},"properties":{"name":"五島市","pop":1}},{"type":"Feature","geometry":{"type":"Polygon","coordinates":[[[129.8718,32.8444],[129.872,32.8442],[129.8721,32.844],[129.8725,32.8438],[129.8728,32.8438],[129.8729,32.8437],[129.8729,32.8437],[129.8729,32.8437],[129.873,32.8436],[129.8729,32.8434],[129.8726,32.8422],[129.8734,32.8411],[129.8726,32.8397],[129.8729,32.8397],[129.8732,32.8396],[129.8734,32.8393],[129.8735,32.8392],[129.8735,32.8393],[129.8736,32.8393],[129.8737,32.8395],[129.8737,32.8396],[129.8739,32.8396],[129.8741,32.8395],[129.8742,32.8394],[129.8744,32.8394],[129.8746,32.8395],[129.8748,32.8395],[129.8751,32.8397],[129.8754,32.8397],[129.8761,32.8398],[129.8764,32.8399],[129.8763,32.8397],[129.8761,32.8396],[129.8761,32.8396],[129.8759,32.8396],[129.8758,32.8395],[129.8758,32.8395],[129.8758,32.8394],[129.8758,32.8393],[129.8759,32.8392],[129.876,32.8392],[129.8761,32.839],[129.8763,32.8389],[129.8764,32.8389],[129.8765,32.8388],[129.8765,32.8387],[129.8764,32.8385],[129.8735,32.8388],[129.8735,32.8385],[129.8735,32.8385],[129.8735,32.8385],[129.8738,32.8384],[129.8739,32.8383],[129.874,32.8383],[129.8743,32.838],[129.8744,32.8378],[129.8745,32.8378],[129.8746,32.8378],[129.8747,32.8379],[129.8751,32.8379],[129.8752,32.8379],[129.8753,32.8378],[129.8757,32.8375],[129.8759,32.8374],[129.8768,32.8369],[129.8769,32.8366],[129.8765,32.8366],[129.8763,32.8366],[129.8762,32.8366],[129.876,32.8365],[129.8757,32.8365],[129.8755,32.8364],[129.8752,32.8362],[129.8752,32.8362],[129.8753,32.836],[129.8755,32.8359],[129.8756,32.8359],[129.8757,32.8357],[129.8759,32.8356],[129.876,32.8355],[129.876,32.8353],[129.876,32.8353],[129.876,32.8353],[129.8759,32.8353],[129.8758,32.8353],[129.8756,32.8353],[129.8754,32.8353],[129.8749,32.8351],[129.8749,32.835],[129.8748,32.835],[129.8747,32.8349],[129.8747,32.8348],[129.8746,32.8347],[129.8746,32.8345],[129.8746,32.8345],[129.8744,32.8341],[129.8743,32.8341],[129.8743,32.8341],[129.874,32.8342],[129.8736,32.8333],[129.8737,32.8332],[129.8737,32.8332],[129.8738,32.8331],[129.8739,32.833],[129.874,32.833],[129.8741,32.833],[129.8742,32.833],[129.8742,32.833],[129.8745,32.8332],[129.8748,32.8333],[129.8749,32.8334],[129.875,32.8334],[129.8751,32.8334],[129.8753,32.8333],[129.8756,32.8331],[129.8755,32.8331],[129.8753,32.8329],[129.8752,32.8327],[129.8751,32.8327],[129.8751,32.8326],[129.8748,32.8325],[129.8747,32.8324],[129.8745,32.8323],[129.8744,32.8322],[129.8743,32.832],[129.8743,32.8319],[129.8743,32.8318],[129.8742,32.8318],[129.874,32.8316],[129.8739,32.8316],[129.8738,32.8316],[129.8737,32.8316],[129.8736,32.8316],[129.8735,32.8315],[129.8734,32.8314],[129.8733,32.8312],[129.8732,32.831],[129.8732,32.8309],[129.8734,32.8309],[129.8735,32.8309],[129.8736,32.8309],[129.8738,32.8309],[129.8739,32.8309],[129.8746,32.8309],[129.8748,32.8309],[129.8753,32.8309],[129.8755,32.831],[129.8756,32.831],[129.8757,32.8311],[129.8761,32.8308],[129.8764,32.8306],[129.877,32.8304],[129.8774,32.8303],[129.8776,32.8302],[129.8777,32.8302],[129.8778,32.8301],[129.878,32.83],[129.8774,32.8297],[129.8773,32.8296],[129.8772,32.8296],[129.8771,32.8295],[129.877,32.8294],[129.877,32.8294],[129.877,32.8294],[129.8769,32.8293],[129.8769,32.8292],[129.8769,32.8292],[129.877,32.8291],[129.877,32.8291],[129.8769,32.829],[129.8769,32.8289],[129.8768,32.8288],[129.8766,32.8287],[129.8766,32.8287],[129.8766,32.8286],[129.8766,32.8286],[129.8766,32.8286],[129.8767,32.8286],[129.8767,32.8283],[129.8766,32.8283],[129.8766,32.8283],[129.8765,32.8282],[129.8764,32.8281],[129.8764,32.8281],[129.8767,32.8282],[129.8772,32.8284],[129.8775,32.8285],[129.8778,32.8287],[129.878,32.8289],[129.8785,32.8292],[129.8786,32.8292],[129.8788,32.8294],[129.879,32.8296],[129.8792,32.8298],[129.8794,32.83],[129.8798,32.8297],[129.8804,32.8294],[129.8803,32.8293],[129.8802,32.8292],[129.8802,32.8291],[129.8801,32.8291],[129.8801,32.829],[129.8801,32.8289],[129.8801,32.8288],[129.8801,32.8288],[129.8801,32.8287],[129.8801,32.8286],[129.88,32.8285],[129.88,32.8284],[129.88,32.8283],[129.8799,32.8283],[129.8798,32.8284],[129.8798,32.8284],[129.8797,32.8284],[129.8796,32.8285],[129.8795,32.8285],[129.8794,32.8286],[129.8793,32.8285],[129.8791,32.8284],[129.8791,32.8284],[129.879,32.8283],[129.879,32.8283],[129.8789,32.8282],[129.8788,32.8282],[129.8787,32.8282],[129.8784,32.8282],[129.8782,32.8282],[129.8781,32.8281],[129.8777,32.8278],[129.8776,32.8278],[129.8772,32.8275],[129.877,32.8274],[129.8769,32.8274],[129.8769,32.8273],[129.8767,32.8273],[129.8768,32.8272],[129.8768,32.8272],[129.8767,32.827],[129.8766,32.827],[129.8765,32.827],[129.8763,32.8269],[129.877,32.8264],[129.8779,32.8267],[129.8782,32.8264],[129.8789,32.8259],[129.879,32.8256],[129.8794,32.8246],[129.8798,32.8251],[129.8802,32.8257],[129.8802,32.8257],[129.8802,32.8256],[129.8802,32.8253],[129.8803,32.8254],[129.8804,32.8254],[129.8804,32.8254],[129.8805,32.8254],[129.8805,32.8254],[129.8806,32.8254],[129.8806,32.8254],[129.8806,32.8254],[129.8806,32.8254],[129.8806,32.8254],[129.8807,32.8254],[129.8807,32.8253],[129.8807,32.8253],[129.8808,32.8252],[129.8808,32.8252],[129.8809,32.8252],[129.8809,32.8251],[129.8809,32.8251],[129.8809,32.825],[129.881,32.825],[129.881,32.825],[129.881,32.825],[129.8811,32.825],[129.8811,32.825],[129.8812,32.8249],[129.8812,32.8249],[129.8813,32.8248],[129.8814,32.8248],[129.8815,32.8247],[129.8816,32.8247],[129.8818,32.8246],[129.8819,32.8247],[129.882,32.8248],[129.8822,32.8249],[129.8823,32.825],[129.8824,32.825],[129.8825,32.825],[129.8826,32.8249],[129.8827,32.8249],[129.8829,32.8247],[129.8829,32.8247],[129.8833,32.8247],[129.8834,32.8247],[129.8834,32.8248],[129.8835,32.8249],[129.8838,32.8251],[129.8838,32.8242],[129.8838,32.8236],[129.8837,32.8227],[129.8839,32.8224],[129.8839,32.8222],[129.8839,32.8222],[129.8839,32.8218],[129.8838,32.8218],[129.8838,32.8217],[129.8837,32.8216],[129.8837,32.8216],[129.8838,32.8215],[129.8838,32.8215],[129.8837,32.8215],[129.8837,32.8214],[129.8836,32.8214],[129.8835,32.8214],[129.8834,32.8214],[129.8833,32.8214],[129.8833,32.8213],[129.8832,32.8213],[129.8831,32.8213],[129.883,32.8212],[129.8829,32.8211],[129.8829,32.821],[129.8826,32.821],[129.8825,32.821],[129.8824,32.8211],[129.8823,32.8212],[129.8823,32.8212],[129.8817,32.8214],[129.8815,32.8215],[129.8814,32.8215],[129.8813,32.8215],[129.8813,32.8215],[129.8812,32.8215],[129.8811,32.8214],[129.881,32.8214],[129.8809,32.8214],[129.8809,32.8214],[129.8809,32.8214],[129.8808,32.8215],[129.8808,32.8215],[129.8807,32.8217],[129.8807,32.8217],[129.8806,32.8218],[129.8805,32.8218],[129.8804,32.8218],[129.8804,32.8218],[129.8802,32.8218],[129.88,32.8218],[129.88,32.8212],[129.88,32.8211],[129.88,32.8211],[129.8799,32.8209],[129.8799,32.8208],[129.8799,32.8207],[129.8799,32.8205],[129.8799,32.8204],[129.8798,32.8204],[129.8792,32.8209],[129.8786,32.8204],[129.8787,32.8204],[129.8788,32.8203],[129.8789,32.8203],[129.8792,32.8202],[129.8796,32.8201],[129.8797,32.82],[129.88,32.8199],[129.88,32.8199],[129.8803,32.8197],[129.8807,32.8194],[129.8809,32.8192],[129.881,32.8191],[129.8812,32.819],[129.8813,32.8188],[129.8816,32.8184],[129.8819,32.8181],[129.8821,32.8174],[129.8825,32.8173],[129.8828,32.8172],[129.8831,32.8171],[129.8836,32.817],[129.8841,32.8163],[129.8843,32.8162],[129.8842,32.8161],[129.8841,32.816],[129.8839,32.8158],[129.8837,32.8157],[129.8835,32.8155],[129.8834,32.8153],[129.8834,32.8153],[129.8834,32.8149],[129.8834,32.8148],[129.8834,32.8147],[129.8835,32.8146],[129.8835,32.8146],[129.8835,32.8145],[129.8835,32.8144],[129.8836,32.8143],[129.8836,32.8142],[129.8836,32.8141],[129.8837,32.8137],[129.8838,32.8136],[129.8839,32.8135],[129.8838,32.8134],[129.8838,32.8133],[129.8837,32.8132],[129.8813,32.8132],[129.8802,32.8132],[129.8802,32.814],[129.8804,32.8152],[129.8804,32.8153],[129.8804,32.8153],[129.8808,32.8157],[129.8808,32.8157],[129.881,32.816],[129.881,32.816],[129.8808,32.8168],[129.8804,32.8166],[129.8799,32.8162],[129.88,32.816],[129.88,32.8159],[129.88,32.8158],[129.88,32.8157],[129.8799,32.8156],[129.8798,32.8155],[129.8796,32.8154],[129.8797,32.8155],[129.8796,32.8157],[129.8796,32.8158],[129.8795,32.8159],[129.8792,32.8164],[129.8786,32.818],[129.8785,32.818],[129.8783,32.8181],[129.8778,32.8181],[129.877,32.8182],[129.8774,32.8174],[129.8775,32.8172],[129.8775,32.8171],[129.8773,32.817],[129.8772,32.8169],[129.877,32.8168],[129.8767,32.8166],[129.8761,32.8164],[129.876,32.8165],[129.8759,32.8166],[129.8758,32.8167],[129.8757,32.8167],[129.8758,32.8169],[129.876,32.8178],[129.876,32.8182],[129.8762,32.8187],[129.8764,32.819],[129.8766,32.8194],[129.8768,32.8196],[129.8769,32.8197],[129.877,32.8198],[129.8771,32.8199],[129.8772,32.82],[129.8773,32.8203],[129.8766,32.8206],[129.8759,32.8208],[129.8753,32.8208],[129.8757,32.8219],[129.8756,32.822],[129.8755,32.822],[129.8754,32.822],[129.8753,32.822],[129.8752,32.8218],[129.8751,32.8219],[129.875,32.822],[129.875,32.822],[129.875,32.822],[129.8749,32.8221],[129.8749,32.8221],[129.8747,32.8223],[129.8746,32.8224],[129.8745,32.8225],[129.8745,32.8225],[129.8745,32.8225],[129.8745,32.8225],[129.8745,32.8226],[129.8744,32.8228],[129.8743,32.8228],[129.8744,32.823],[129.8745,32.823],[129.8745,32.823],[129.8746,32.823],[129.8747,32.8232],[129.8746,32.8232],[129.8747,32.8236],[129.8747,32.8236],[129.8747,32.8236],[129.8746,32.8237],[129.8746,32.8237],[129.8745,32.8239],[129.8744,32.8239],[129.8743,32.824],[129.8741,32.824],[129.874,32.8242],[129.8739,32.8243],[129.8738,32.8244],[129.8731,32.8247],[129.8729,32.8247],[129.8731,32.8248],[129.8726,32.8259],[129.8719,32.8257],[129.872,32.8255],[129.8715,32.8254],[129.8704,32.8254],[129.8701,32.8254],[129.8701,32.8254],[129.87,32.8255],[129.871,32.8264],[129.8709,32.8268],[129.8705,32.8277],[129.8704,32.8281],[129.8709,32.8281],[129.8709,32.8282],[129.871,32.8282],[129.871,32.8284],[129.8713,32.8285],[129.8712,32.8287],[129.8708,32.8286],[129.8704,32.8286],[129.87,32.8286],[129.8701,32.8288],[129.8695,32.8305],[129.8694,32.8305],[129.8693,32.8305],[129.869,32.8305],[129.8695,32.8291],[129.8689,32.8288],[129.868,32.8284],[129.8681,32.8285],[129.8683,32.8288],[129.8683,32.8289],[129.8683,32.8289],[129.8684,32.829],[129.8685,32.8291],[129.8685,32.8291],[129.8685,32.8291],[129.8684,32.8293],[129.8684,32.8293],[129.8683,32.8294],[129.8681,32.8294],[129.8681,32.8295],[129.868,32.8296],[129.8679,32.8297],[129.8677,32.8298],[129.8676,32.8298],[129.8675,32.8299],[129.8674,32.8299],[129.8674,32.83],[129.8673,32.8304],[129.8671,32.8314],[129.867,32.8316],[129.8669,32.8318],[129.8667,32.8321],[129.8667,32.8325],[129.8667,32.8327],[129.8667,32.8329],[129.8667,32.833],[129.8667,32.8333],[129.8668,32.8333],[129.8668,32.8334],[129.8668,32.8335],[129.8671,32.8336],[129.8676,32.8339],[129.8677,32.834],[129.8677,32.8341],[129.8701,32.8334],[129.8701,32.8335],[129.8704,32.834],[129.8707,32.8345],[129.8709,32.8349],[129.871,32.8352],[129.8712,32.8358],[129.8715,32.8363],[129.8715,32.8363],[129.8716,32.8365],[129.8706,32.837],[129.8708,32.8371],[129.8707,32.8378],[129.8705,32.839],[129.8705,32.8391],[129.8714,32.8392],[129.8714,32.8395],[129.8714,32.8396],[129.8716,32.8399],[129.8711,32.8402],[129.8707,32.8405],[129.8702,32.841],[129.8699,32.8414],[129.8695,32.8419],[129.8692,32.8423],[129.8691,32.8425],[129.868,32.8439],[129.8682,32.844],[129.8686,32.844],[129.8692,32.8443],[129.8694,32.8443],[129.8694,32.8444],[129.8699,32.8443],[129.8703,32.8443],[129.8705,32.8445],[129.8707,32.8446],[129.8708,32.8446],[129.8711,32.8447],[129.8713,32.8448],[129.8714,32.845],[129.8715,32.8451],[129.8716,32.8451],[129.8716,32.8451],[129.8717,32.8449],[129.8718,32.8446],[129.8718,32.8444]]]},"properties":{"name":"長与町","pop":1}},{"type":"Feature","geometry":{"type":"Polygon","coordinates":[[[129.8717,32.8194],[129.8718,32.8193],[129.8718,32.8193],[129.8719,32.8192],[129.8719,32.8192],[129.8719,32.8191],[129.8717,32.819],[129.8717,32.819],[129.8717,32.8189],[129.8717,32.8188],[129.8721,32.8185],[129.8721,32.8183],[129.8722,32.8179],[129.8723,32.8176],[129.8723,32.8173],[129.8724,32.8171],[129.8724,32.8166],[129.8725,32.8159],[129.8724,32.8158],[129.8724,32.8157],[129.8723,32.8155],[129.8721,32.8153],[129.872,32.8153],[129.8719,32.8151],[129.8719,32.8151],[129.8722,32.8148],[129.8736,32.8157],[129.8736,32.8155],[129.8736,32.8154],[129.8736,32.8153],[129.8736,32.8152],[129.8737,32.8152],[129.8738,32.8152],[129.8739,32.8151],[129.8739,32.8151],[129.8737,32.8149],[129.8739,32.8147],[129.8747,32.8152],[129.8751,32.8154],[129.8754,32.8155],[129.8754,32.8157],[129.8755,32.8157],[129.8756,32.8154],[129.8757,32.8151],[129.8757,32.815],[129.8757,32.8148],[129.8757,32.8147],[129.8755,32.8145],[129.8755,32.8144],[129.8756,32.8143],[129.8751,32.8138],[129.8751,32.8138],[129.8751,32.8137],[129.8752,32.8135],[129.8752,32.8134],[129.8752,32.8134],[129.8751,32.8133],[129.8751,32.8132],[129.8748,32.8129],[129.8745,32.8127],[129.8743,32.8126],[129.8741,32.8126],[129.874,32.8126],[129.874,32.8125],[129.8747,32.8124],[129.8749,32.8127],[129.875,32.8129],[129.875,32.8129],[129.8754,32.813],[129.8757,32.8131],[129.8761,32.8132],[129.8764,32.8133],[129.8762,32.8136],[129.8781,32.8141],[129.8781,32.814],[129.8782,32.8137],[129.8783,32.8136],[129.8784,32.8135],[129.8785,32.8134],[129.8786,32.8132],[129.8787,32.813],[129.8788,32.8129],[129.8788,32.8128],[129.8789,32.8127],[129.8789,32.8126],[129.879,32.8122],[129.879,32.812],[129.879,32.8117],[129.8789,32.8115],[129.8788,32.8113],[129.8787,32.8111],[129.8792,32.811],[129.8793,32.811],[129.8796,32.811],[129.8798,32.8113],[129.8801,32.8119],[129.8807,32.8119],[129.8814,32.812],[129.8813,32.8114],[129.8813,32.8113],[129.8821,32.8106],[129.8821,32.8106],[129.8831,32.8105],[129.8835,32.8105],[129.8839,32.8105],[129.8843,32.8104],[129.8844,32.8104],[129.8843,32.8092],[129.8843,32.8091],[129.8844,32.8091],[129.8847,32.8091],[129.8852,32.8091],[129.886,32.809],[129.8862,32.8087],[129.8862,32.8085],[129.8861,32.8083],[129.886,32.8082],[129.8857,32.808],[129.885,32.8079],[129.8849,32.8079],[129.8843,32.8078],[129.8839,32.8077],[129.8837,32.8076],[129.8836,32.8075],[129.8836,32.8075],[129.8834,32.8074],[129.8828,32.8075],[129.8827,32.8075],[129.8815,32.8079],[129.8813,32.808],[129.8812,32.808],[129.8812,32.808],[129.8811,32.808],[129.881,32.8081],[129.881,32.8081],[129.8809,32.8082],[129.8808,32.8083],[129.8807,32.8083],[129.8805,32.8081],[129.8804,32.808],[129.8804,32.808],[129.8803,32.8079],[129.8802,32.8078],[129.8802,32.8076],[129.88,32.8074],[129.8797,32.8072],[129.8796,32.8071],[129.8794,32.807],[129.8792,32.8068],[129.8789,32.8066],[129.8787,32.8065],[129.878,32.8062],[129.8779,32.8062],[129.8777,32.8061],[129.8773,32.806],[129.8772,32.8059],[129.8771,32.8059],[129.877,32.8059],[129.8768,32.8058],[129.8766,32.8058],[129.8764,32.8059],[129.8763,32.8061],[129.8762,32.8062],[129.8762,32.8064],[129.8761,32.8064],[129.876,32.8076],[129.8757,32.8076],[129.8754,32.8075],[129.8754,32.8074],[129.8753,32.8074],[129.8752,32.8074],[129.875,32.8075],[129.8749,32.8075],[129.8748,32.8076],[129.8747,32.8076],[129.8744,32.8076],[129.8741,32.8075],[129.8739,32.8074],[129.8722,32.8079],[129.8721,32.808],[129.872,32.8081],[129.8718,32.808],[129.8715,32.8078],[129.8714,32.8078],[129.8712,32.8078],[129.8711,32.8078],[129.871,32.8078],[129.871,32.8078],[129.871,32.8079],[129.8709,32.808],[129.8708,32.8082],[129.8706,32.8084],[129.8704,32.8086],[129.8704,32.8087],[129.8704,32.8088],[129.8704,32.8089],[129.8705,32.809],[129.8708,32.8093],[129.871,32.8095],[129.87,32.8105],[129.8699,32.8107],[129.8698,32.8109],[129.8696,32.8111],[129.8693,32.8118],[129.8694,32.8119],[129.8696,32.8119],[129.8698,32.8119],[129.87,32.8118],[129.8702,32.8117],[129.8705,32.8126],[129.8707,32.8133],[129.8699,32.8135],[129.8689,32.8136],[129.8688,32.8137],[129.8688,32.8141],[129.8688,32.8144],[129.8688,32.8145],[129.8688,32.8146],[129.8688,32.8152],[129.8688,32.816],[129.8688,32.8163],[129.8688,32.8166],[129.8688,32.8166],[129.8688,32.8168],[129.8689,32.8172],[129.869,32.8178],[129.869,32.8181],[129.8691,32.8183],[129.8691,32.8188],[129.8702,32.8193],[129.8703,32.8193],[129.8704,32.8193],[129.8707,32.8193],[129.8707,32.8193],[129.8708,32.8193],[129.8708,32.8193],[129.8708,32.8193],[129.8709,32.8193],[129.871,32.8194],[129.8711,32.8194],[129.8711,32.8193],[129.8712,32.8193],[129.8714,32.8194],[129.8714,32.8194],[129.8716,32.8194],[129.8717,32.8194]]]},"properties":{"name":"長与町","pop":2}},{"type":"Feature","geometry":{"type":"Polygon","coordinates":[[[129.8524,32.8143],[129.8523,32.8142],[129.8522,32.8141],[129.8522,32.8141],[129.8522,32.8141],[129.8524,32.8139],[129.8525,32.8138],[129.8526,32.8136],[129.8527,32.8133],[129.853,32.813],[129.8532,32.8129],[129.8533,32.8129],[129.8534,32.8128],[129.8533,32.8126],[129.8533,32.8126],[129.8526,32.8126],[129.8526,32.8126],[129.8526,32.8125],[129.8525,32.8122],[129.8525,32.8121],[129.8524,32.8121],[129.8522,32.8121],[129.852,32.812],[129.8518,32.812],[129.8516,32.8117],[129.8515,32.8115],[129.8514,32.8114],[129.8515,32.8113],[129.8516,32.8111],[129.8517,32.8109],[129.8522,32.8108],[129.8527,32.8108],[129.8528,32.8108],[129.8529,32.8109],[129.8532,32.8106],[129.8533,32.8105],[129.8535,32.8104],[129.8537,32.8102],[129.854,32.8101],[129.8542,32.8099],[129.8544,32.8097],[129.8541,32.8094],[129.8537,32.8091],[129.8536,32.8089],[129.8534,32.8085],[129.8531,32.808],[129.8531,32.808],[129.8531,32.8079],[129.853,32.8076],[129.853,32.8076],[129.853,32.8074],[129.8529,32.807],[129.8531,32.807],[129.8534,32.807],[129.8534,32.807],[129.8534,32.8071],[129.8534,32.8075],[129.8535,32.8078],[129.8539,32.8079],[129.854,32.8079],[129.8543,32.808],[129.8547,32.8081],[129.8548,32.8081],[129.8549,32.8082],[129.855,32.8083],[129.8551,32.8083],[129.8553,32.8083],[129.8554,32.8082],[129.8555,32.8087],[129.8556,32.8092],[129.8556,32.8092],[129.8557,32.8094],[129.8557,32.8095],[129.8558,32.8096],[129.8556,32.8097],[129.8556,32.8099],[129.8565,32.8102],[129.8566,32.8099],[129.8568,32.81],[129.857,32.81],[129.8571,32.8101],[129.8571,32.8102],[129.8572,32.8103],[129.8573,32.8102],[129.8574,32.8102],[129.8575,32.8101],[129.8576,32.81],[129.8576,32.8099],[129.8577,32.8098],[129.8577,32.8096],[129.8578,32.8095],[129.8578,32.8094],[129.858,32.8091],[129.858,32.809],[129.8571,32.8087],[129.857,32.8089],[129.857,32.8088],[129.8568,32.8086],[129.8568,32.8086],[129.8568,32.8085],[129.8567,32.8079],[129.8561,32.8078],[129.8558,32.8078],[129.8557,32.8078],[129.8557,32.8078],[129.8557,32.8076],[129.8557,32.8076],[129.8557,32.8076],[129.8557,32.8075],[129.8557,32.8075],[129.8557,32.8074],[129.8557,32.8074],[129.8558,32.8074],[129.8558,32.8073],[129.856,32.8071],[129.8556,32.8068],[129.8558,32.8065],[129.8557,32.8065],[129.8555,32.8064],[129.8551,32.8063],[129.8545,32.8062],[129.8543,32.8061],[129.8538,32.806],[129.8534,32.806],[129.8531,32.806],[129.8531,32.8057],[129.8531,32.8055],[129.8531,32.8054],[129.8533,32.8053],[129.8535,32.8053],[129.8536,32.8053],[129.8539,32.805],[129.854,32.8049],[129.8541,32.8049],[129.8542,32.8047],[129.8543,32.8046],[129.8545,32.8046],[129.8547,32.8045],[129.855,32.8044],[129.8552,32.8043],[129.8553,32.8042],[129.8554,32.8044],[129.8556,32.8043],[129.8558,32.8047],[129.8559,32.8051],[129.8559,32.8051],[129.856,32.8052],[129.8564,32.8052],[129.8566,32.8052],[129.857,32.8053],[129.857,32.8053],[129.8572,32.8053],[129.8574,32.8053],[129.8575,32.8054],[129.8576,32.8054],[129.8578,32.8054],[129.8581,32.8055],[129.8582,32.8055],[129.8583,32.8055],[129.8582,32.8057],[129.8582,32.8059],[129.8582,32.806],[129.8581,32.8062],[129.8581,32.8064],[129.8582,32.8065],[129.8582,32.8067],[129.8581,32.807],[129.8581,32.8072],[129.8587,32.8072],[129.8591,32.8072],[129.8595,32.8057],[129.8596,32.8051],[129.8598,32.8044],[129.8598,32.8042],[129.8598,32.8041],[129.8598,32.804],[129.8598,32.804],[129.8599,32.8038],[129.8599,32.8037],[129.86,32.8036],[129.86,32.8036],[129.8601,32.8035],[129.8602,32.8036],[129.8603,32.8036],[129.8603,32.8036],[129.8603,32.8036],[129.8604,32.8035],[129.8604,32.8035],[129.8605,32.8035],[129.8606,32.8034],[129.8607,32.8034],[129.8608,32.8032],[129.8608,32.8031],[129.8608,32.803],[129.8608,32.8029],[129.86,32.8026],[129.8601,32.8023],[129.8597,32.8023],[129.8592,32.8021],[129.8584,32.8017],[129.858,32.8017],[129.8578,32.8017],[129.8571,32.8019],[129.8567,32.8019],[129.8565,32.8019],[129.8562,32.8019],[129.8559,32.8018],[129.8559,32.8018],[129.8555,32.8018],[129.8553,32.8018],[129.8552,32.8018],[129.8548,32.802],[129.8547,32.8021],[129.8546,32.8023],[129.8545,32.8023],[129.8545,32.8024],[129.8543,32.8026],[129.8542,32.8027],[129.8541,32.8028],[129.8541,32.8028],[129.8541,32.8028],[129.854,32.803],[129.8536,32.8035],[129.8534,32.8036],[129.853,32.8039],[129.8528,32.8041],[129.8526,32.8043],[129.8525,32.8043],[129.8523,32.8045],[129.8523,32.8045],[129.8517,32.8049],[129.8516,32.805],[129.8516,32.805],[129.8511,32.8052],[129.8511,32.8053],[129.8509,32.8054],[129.8509,32.8055],[129.8508,32.8056],[129.8508,32.8057],[129.8508,32.8057],[129.8519,32.8057],[129.8524,32.8057],[129.8528,32.8059],[129.8528,32.806],[129.8527,32.8068],[129.8525,32.8067],[129.8522,32.8066],[129.852,32.8066],[129.8518,32.8067],[129.8518,32.8069],[129.8518,32.8071],[129.8518,32.8074],[129.8517,32.8076],[129.8516,32.8078],[129.8512,32.8078],[129.8511,32.8077],[129.851,32.8076],[129.8507,32.8074],[129.8504,32.8073],[129.85,32.8073],[129.8499,32.8073],[129.8496,32.8075],[129.8494,32.8077],[129.8494,32.8077],[129.8494,32.808],[129.8493,32.8082],[129.8489,32.8083],[129.8489,32.8083],[129.8488,32.8084],[129.8486,32.8086],[129.8485,32.8089],[129.8481,32.8088],[129.848,32.8088],[129.848,32.8089],[129.8479,32.8095],[129.8478,32.8097],[129.8478,32.8099],[129.8476,32.8101],[129.8475,32.8104],[129.8475,32.8108],[129.8474,32.8111],[129.847,32.8114],[129.8464,32.8121],[129.8466,32.8121],[129.8467,32.8121],[129.8468,32.8122],[129.8469,32.8124],[129.847,32.8127],[129.8474,32.813],[129.8477,32.8131],[129.8477,32.8132],[129.8474,32.8134],[129.8473,32.8135],[129.8473,32.8137],[129.8473,32.8139],[129.8473,32.8141],[129.8473,32.8145],[129.8474,32.8146],[129.8476,32.8147],[129.8478,32.8147],[129.8484,32.8147],[129.8486,32.8145],[129.8487,32.8145],[129.8488,32.8145],[129.8488,32.8145],[129.849,32.8144],[129.849,32.8144],[129.8492,32.8144],[129.8494,32.8143],[129.8497,32.8143],[129.8497,32.8143],[129.8498,32.8144],[129.8499,32.8146],[129.85,32.8147],[129.85,32.8148],[129.8499,32.8151],[129.8499,32.8152],[129.8499,32.8154],[129.85,32.8154],[129.85,32.8155],[129.8502,32.8156],[129.8503,32.8158],[129.8504,32.8159],[129.8507,32.816],[129.8508,32.816],[129.8509,32.816],[129.8511,32.8159],[129.8513,32.8158],[129.8515,32.8158],[129.8517,32.8157],[129.8518,32.8157],[129.8521,32.8152],[129.8522,32.815],[129.8523,32.8149],[129.8524,32.8148],[129.8525,32.8146],[129.8525,32.8144],[129.8525,32.8144],[129.8525,32.8143],[129.8524,32.8143],[129.8524,32.8143]]]},"properties":{"name":"長与町","pop":3}},{"type":"Feature","geometry":{"type":"Polygon","coordinates":[[[129.8533,32.8369],[129.8533,32.8367],[129.8539,32.8368],[129.854,32.8368],[129.8541,32.837],[129.8542,32.8372],[129.8544,32.8373],[129.8545,32.8374],[129.8548,32.8375],[129.8551,32.8376],[129.8553,32.8376],[129.8556,32.8376],[129.8556,32.8375],[129.8556,32.8374],[129.8555,32.8372],[129.8555,32.8372],[129.8555,32.8371],[129.8554,32.837],[129.8555,32.8369],[129.8555,32.8368],[129.8556,32.8368],[129.8557,32.8368],[129.8558,32.8369],[129.8559,32.8369],[129.8562,32.8367],[129.8563,32.8367],[129.8566,32.8367],[129.8568,32.8367],[129.8568,32.8368],[129.8569,32.8369],[129.857,32.8371],[129.8572,32.8372],[129.8573,32.8373],[129.8576,32.8374],[129.8578,32.8374],[129.8579,32.8374],[129.8579,32.8374],[129.8579,32.8373],[129.8579,32.8373],[129.8579,32.8372],[129.8578,32.8371],[129.8579,32.837],[129.858,32.8369],[129.858,32.8369],[129.8582,32.8368],[129.8581,32.8365],[129.8579,32.8362],[129.8578,32.836],[129.8577,32.8358],[129.8576,32.8356],[129.8575,32.8355],[129.8574,32.8354],[129.8575,32.8353],[129.8576,32.8353],[129.8578,32.8354],[129.858,32.8354],[129.858,32.8354],[129.8581,32.8354],[129.8582,32.8353],[129.8582,32.8352],[129.8583,32.835],[129.8583,32.8349],[129.8584,32.8351],[129.8585,32.8353],[129.8586,32.8354],[129.8579,32.8357],[129.8583,32.8366],[129.8584,32.8366],[129.8584,32.8366],[129.8584,32.8366],[129.8587,32.8366],[129.859,32.8366],[129.8592,32.8366],[129.8594,32.8366],[129.8597,32.8367],[129.86,32.8367],[129.8601,32.8366],[129.8604,32.8366],[129.8606,32.8366],[129.8607,32.8366],[129.8609,32.8366],[129.8611,32.8366],[129.8612,32.8366],[129.8613,32.8367],[129.8616,32.8367],[129.8621,32.8367],[129.8624,32.8368],[129.8626,32.8368],[129.8627,32.8368],[129.8629,32.8369],[129.863,32.8369],[129.8631,32.837],[129.8632,32.8369],[129.8633,32.8369],[129.8634,32.8368],[129.8635,32.8368],[129.8637,32.8368],[129.8638,32.8368],[129.8639,32.8367],[129.8639,32.8366],[129.8639,32.8365],[129.8639,32.8364],[129.8639,32.8364],[129.8638,32.8362],[129.8637,32.836],[129.8637,32.8358],[129.8636,32.8356],[129.8635,32.8353],[129.8635,32.8351],[129.8634,32.835],[129.8635,32.8349],[129.8635,32.8348],[129.8637,32.8346],[129.8637,32.8344],[129.8638,32.8342],[129.8638,32.8342],[129.864,32.8337],[129.8643,32.8332],[129.8644,32.833],[129.8645,32.8329],[129.8648,32.8326],[129.8648,32.8325],[129.8649,32.8322],[129.8651,32.8323],[129.8653,32.8324],[129.8654,32.8324],[129.8655,32.8324],[129.8657,32.8325],[129.8658,32.8326],[129.8659,32.8327],[129.866,32.8327],[129.866,32.8328],[129.866,32.8329],[129.8661,32.8329],[129.8662,32.8329],[129.8664,32.833],[129.8664,32.833],[129.8665,32.8331],[129.8666,32.8332],[129.8667,32.8332],[129.8667,32.8332],[129.8667,32.833],[129.8667,32.8329],[129.8667,32.8327],[129.8667,32.8325],[129.8667,32.8321],[129.8669,32.8318],[129.867,32.8316],[129.8671,32.8314],[129.8673,32.8304],[129.8674,32.83],[129.8673,32.8299],[129.8672,32.8298],[129.8671,32.8298],[129.8666,32.8298],[129.8663,32.8298],[129.8662,32.8297],[129.8661,32.8296],[129.8661,32.8296],[129.866,32.8296],[129.8659,32.8296],[129.8658,32.8296],[129.8656,32.8297],[129.8654,32.8297],[129.8653,32.8297],[129.8652,32.8297],[129.8652,32.8297],[129.8651,32.8296],[129.8645,32.8295],[129.8644,32.8295],[129.8644,32.8296],[129.8643,32.8297],[129.8643,32.8297],[129.8642,32.8298],[129.864,32.8298],[129.8638,32.8298],[129.8637,32.8297],[129.8637,32.8297],[129.8634,32.8297],[129.863,32.83],[129.8629,32.83],[129.8627,32.8301],[129.8624,32.8301],[129.8624,32.8299],[129.862,32.8299],[129.8619,32.8299],[129.8619,32.83],[129.8618,32.8301],[129.8617,32.8302],[129.8616,32.8303],[129.8614,32.8302],[129.8611,32.8301],[129.861,32.8301],[129.8609,32.83],[129.8608,32.8299],[129.8607,32.8299],[129.8605,32.8299],[129.8602,32.8299],[129.8599,32.8299],[129.8596,32.8299],[129.8592,32.8299],[129.8585,32.8299],[129.8581,32.8299],[129.8578,32.83],[129.8574,32.83],[129.8572,32.8299],[129.8571,32.8298],[129.8569,32.8297],[129.8567,32.8296],[129.8565,32.8294],[129.8563,32.8299],[129.8559,32.8298],[129.8559,32.8296],[129.856,32.8296],[129.8561,32.8295],[129.8561,32.8294],[129.8558,32.8292],[129.855,32.8293],[129.8548,32.8291],[129.8547,32.8291],[129.8545,32.8291],[129.8543,32.8292],[129.8543,32.8292],[129.8543,32.829],[129.8543,32.8289],[129.8543,32.8288],[129.8542,32.8286],[129.8542,32.8285],[129.8542,32.8282],[129.8541,32.8277],[129.854,32.8273],[129.8539,32.8271],[129.8538,32.8268],[129.8537,32.8266],[129.8535,32.8264],[129.853,32.8259],[129.8529,32.8258],[129.8528,32.8257],[129.8527,32.8256],[129.8525,32.8255],[129.8523,32.8254],[129.8521,32.8253],[129.852,32.8253],[129.852,32.8253],[129.8519,32.8252],[129.8518,32.8251],[129.8517,32.825],[129.8517,32.8249],[129.8518,32.8244],[129.8518,32.8243],[129.8518,32.8243],[129.8518,32.8242],[129.8518,32.8241],[129.8518,32.8241],[129.8517,32.8241],[129.8517,32.8241],[129.8515,32.8241],[129.8514,32.8241],[129.8513,32.8241],[129.8511,32.8241],[129.8511,32.824],[129.851,32.8239],[129.851,32.8238],[129.8509,32.8238],[129.8509,32.8237],[129.8509,32.8236],[129.851,32.8235],[129.851,32.8234],[129.851,32.8233],[129.8509,32.8232],[129.8508,32.8232],[129.8507,32.8232],[129.8505,32.8233],[129.8504,32.8233],[129.8503,32.8233],[129.8502,32.8232],[129.8501,32.8232],[129.85,32.8232],[129.85,32.8233],[129.8499,32.8234],[129.8496,32.8234],[129.8496,32.8231],[129.8496,32.8231],[129.8496,32.8228],[129.8497,32.8226],[129.8497,32.8226],[129.8498,32.8223],[129.8495,32.8222],[129.8492,32.8221],[129.8492,32.8218],[129.8493,32.8217],[129.8494,32.8216],[129.8495,32.8215],[129.8496,32.8213],[129.8497,32.8213],[129.8497,32.8212],[129.8498,32.8211],[129.8498,32.8209],[129.8498,32.8209],[129.8498,32.8207],[129.85,32.8206],[129.8498,32.8206],[129.8496,32.8206],[129.8496,32.8205],[129.8496,32.8204],[129.8497,32.8203],[129.8498,32.8202],[129.8493,32.8202],[129.8491,32.8202],[129.8489,32.8201],[129.8484,32.8196],[129.8483,32.8198],[129.8484,32.8199],[129.8484,32.82],[129.8484,32.8202],[129.8484,32.8203],[129.8483,32.8205],[129.8482,32.8207],[129.8482,32.8208],[129.8483,32.8208],[129.8484,32.821],[129.8486,32.8212],[129.8487,32.8213],[129.8488,32.8215],[129.8488,32.8217],[129.8489,32.8219],[129.8487,32.8219],[129.8487,32.8221],[129.8488,32.8223],[129.8489,32.8225],[129.8489,32.8229],[129.849,32.823],[129.8492,32.8233],[129.8493,32.8235],[129.8494,32.8237],[129.8494,32.8239],[129.8494,32.8241],[129.8493,32.8243],[129.8493,32.8245],[129.8492,32.8247],[129.8491,32.8249],[129.849,32.8251],[129.8488,32.8253],[129.8487,32.8255],[129.8486,32.8256],[129.8486,32.8257],[129.8485,32.8258],[129.8485,32.8259],[129.8485,32.826],[129.8486,32.8263],[129.8486,32.8266],[129.8486,32.8267],[129.8486,32.8268],[129.8485,32.827],[129.8484,32.8272],[129.8483,32.8274],[129.8482,32.8275],[129.8482,32.8275],[129.8482,32.8275],[129.8481,32.8276],[129.8479,32.8277],[129.848,32.8272],[129.8475,32.827],[129.8469,32.8268],[129.8466,32.8267],[129.8462,32.8265],[129.8456,32.8262],[129.8451,32.8259],[129.8453,32.8257],[129.8455,32.8254],[129.8456,32.8254],[129.8457,32.8253],[129.8457,32.8253],[129.8458,32.8252],[129.8457,32.8251],[129.8456,32.825],[129.8455,32.8248],[129.8455,32.8247],[129.8455,32.8245],[129.8456,32.8243],[129.8456,32.824],[129.8457,32.8239],[129.8457,32.8238],[129.8458,32.8238],[129.846,32.8237],[129.8461,32.8236],[129.8462,32.8236],[129.8463,32.8234],[129.8463,32.8232],[129.8463,32.8231],[129.8469,32.8226],[129.8468,32.8225],[129.8467,32.8224],[129.8464,32.8225],[129.8463,32.8226],[129.8461,32.8227],[129.8459,32.8226],[129.8458,32.8226],[129.8458,32.8227],[129.8459,32.8229],[129.8457,32.823],[129.8455,32.823],[129.8451,32.8229],[129.8451,32.823],[129.8451,32.8232],[129.8449,32.8233],[129.8449,32.8234],[129.8449,32.8234],[129.8449,32.8235],[129.8449,32.8235],[129.8449,32.8235],[129.845,32.8236],[129.845,32.8236],[129.845,32.8237],[129.845,32.8237],[129.8449,32.8239],[129.8448,32.824],[129.8448,32.8241],[129.8448,32.8242],[129.8447,32.8243],[129.8446,32.8244],[129.8446,32.8244],[129.8444,32.8243],[129.8442,32.8242],[129.8441,32.8241],[129.8439,32.824],[129.8437,32.824],[129.8436,32.8239],[129.8433,32.8238],[129.8431,32.8237],[129.843,32.8236],[129.8429,32.8236],[129.8428,32.8236],[129.8427,32.8235],[129.8426,32.8235],[129.8424,32.8235],[129.8422,32.8234],[129.8421,32.8236],[129.842,32.8238],[129.8419,32.824],[129.84,32.8245],[129.84,32.8245],[129.8399,32.8246],[129.8399,32.8246],[129.8398,32.8247],[129.8398,32.8247],[129.8398,32.8248],[129.8398,32.8249],[129.8398,32.825],[129.8398,32.825],[129.8397,32.8251],[129.8397,32.8252],[129.8397,32.8252],[129.8397,32.8252],[129.8397,32.8253],[129.8397,32.8254],[129.8396,32.8255],[129.8396,32.8256],[129.8396,32.8257],[129.8397,32.8257],[129.8398,32.8258],[129.8399,32.8258],[129.8401,32.8258],[129.8402,32.8259],[129.8403,32.8259],[129.8404,32.8259],[129.8405,32.8259],[129.8406,32.8259],[129.8407,32.8258],[129.8409,32.8257],[129.841,32.8257],[129.8413,32.8256],[129.8416,32.8255],[129.8418,32.8254],[129.8421,32.8253],[129.8423,32.8253],[129.8425,32.8254],[129.8426,32.8255],[129.8426,32.8256],[129.8426,32.8257],[129.8426,32.8258],[129.8426,32.8259],[129.8427,32.826],[129.8427,32.8261],[129.8427,32.8262],[129.8427,32.8263],[129.8427,32.8264],[129.842,32.8264],[129.8419,32.8263],[129.8417,32.8263],[129.8416,32.8263],[129.8414,32.8263],[129.8412,32.8263],[129.841,32.8264],[129.8409,32.8266],[129.8409,32.8268],[129.8408,32.827],[129.8408,32.8273],[129.8411,32.8273],[129.8413,32.8273],[129.8415,32.8273],[129.8417,32.8272],[129.8424,32.8271],[129.8426,32.8271],[129.8428,32.8272],[129.843,32.8272],[129.8431,32.8272],[129.8433,32.8272],[129.8435,32.8274],[129.8437,32.8275],[129.844,32.8276],[129.8442,32.8277],[129.8445,32.8278],[129.8446,32.8277],[129.8447,32.8276],[129.845,32.8276],[129.8451,32.8277],[129.8452,32.8276],[129.8455,32.8274],[129.8456,32.8275],[129.8456,32.8278],[129.8457,32.8281],[129.8457,32.8282],[129.8458,32.8282],[129.8458,32.8284],[129.8458,32.8285],[129.846,32.8286],[129.8462,32.8286],[129.8463,32.8287],[129.8464,32.8287],[129.8464,32.8289],[129.8462,32.8295],[129.8457,32.8294],[129.8454,32.8294],[129.8453,32.8294],[129.8453,32.8294],[129.8452,32.8295],[129.8452,32.8298],[129.8451,32.8299],[129.8451,32.8299],[129.8452,32.8301],[129.8453,32.8302],[129.8453,32.8303],[129.8454,32.8304],[129.8456,32.8303],[129.8457,32.8306],[129.8455,32.8306],[129.8454,32.8307],[129.8454,32.8307],[129.8454,32.831],[129.8454,32.8312],[129.8454,32.8313],[129.8455,32.8314],[129.8456,32.8315],[129.8457,32.8315],[129.8458,32.8316],[129.8456,32.8319],[129.8452,32.8322],[129.8448,32.8325],[129.8447,32.8326],[129.8446,32.8327],[129.8446,32.8328],[129.8452,32.8336],[129.8453,32.8335],[129.8464,32.8332],[129.8464,32.8332],[129.8463,32.8318],[129.8465,32.8317],[129.8467,32.8317],[129.8469,32.8331],[129.8469,32.8331],[129.847,32.8331],[129.8471,32.8331],[129.8472,32.8331],[129.8473,32.833],[129.8473,32.833],[129.8478,32.8326],[129.8491,32.8326],[129.8491,32.8326],[129.848,32.8326],[129.848,32.8324],[129.848,32.8318],[129.8488,32.8317],[129.8489,32.8322],[129.849,32.8322],[129.849,32.8322],[129.849,32.8321],[129.849,32.8321],[129.849,32.8321],[129.849,32.8321],[129.8491,32.8321],[129.8491,32.8322],[129.8492,32.8321],[129.8493,32.8321],[129.8493,32.8321],[129.8494,32.8321],[129.8494,32.8321],[129.8495,32.8321],[129.8495,32.832],[129.8495,32.832],[129.8496,32.8319],[129.8496,32.8319],[129.8498,32.8319],[129.8498,32.8319],[129.8499,32.8319],[129.8499,32.8319],[129.85,32.8319],[129.8501,32.832],[129.8502,32.832],[129.8502,32.832],[129.8502,32.832],[129.8503,32.8321],[129.8503,32.8321],[129.8505,32.8323],[129.8505,32.8324],[129.8506,32.8324],[129.8505,32.8327],[129.8504,32.8328],[129.8504,32.8329],[129.8504,32.833],[129.8503,32.8332],[129.8503,32.8334],[129.8497,32.835],[129.8501,32.8351],[129.8503,32.8352],[129.8505,32.8353],[129.8506,32.8353],[129.851,32.8356],[129.8511,32.8356],[129.8515,32.8358],[129.8518,32.8359],[129.8521,32.836],[129.8518,32.8366],[129.8517,32.8368],[129.8513,32.8374],[129.8511,32.8377],[129.851,32.838],[129.8508,32.8383],[129.8506,32.8384],[129.8507,32.8386],[129.8511,32.8388],[129.8512,32.8389],[129.8513,32.839],[129.8514,32.8391],[129.8514,32.8393],[129.8514,32.8393],[129.8506,32.8394],[129.8507,32.8398],[129.8512,32.8397],[129.8515,32.8396],[129.852,32.8395],[129.8523,32.8393],[129.8526,32.8392],[129.8528,32.8392],[129.8531,32.8391],[129.8536,32.839],[129.8535,32.8388],[129.8531,32.8385],[129.8535,32.8379],[129.8534,32.8377],[129.8531,32.8376],[129.8532,32.8372],[129.8532,32.837],[129.8533,32.8369]]]},"properties":{"name":"時津町","pop":1}},{"type":"Feature","geometry":{"type":"Polygon","coordinates":[[[129.8676,33.0752],[129.8677,33.0747],[129.8677,33.0744],[129.8676,33.0741],[129.8675,33.0738],[129.8673,33.0735],[129.8667,33.0729],[129.8662,33.0726],[129.8658,33.0724],[129.8645,33.072],[129.8646,33.0716],[129.8646,33.0715],[129.8646,33.0713],[129.8646,33.0712],[129.8647,33.0707],[129.8647,33.0706],[129.8646,33.0702],[129.8651,33.07],[129.8652,33.07],[129.8654,33.0701],[129.8654,33.0705],[129.8662,33.0705],[129.8663,33.0705],[129.8665,33.0705],[129.8664,33.0709],[129.8673,33.071],[129.8673,33.0707],[129.8674,33.0707],[129.8674,33.0708],[129.8675,33.0708],[129.8687,33.0704],[129.869,33.0703],[129.8692,33.0704],[129.8693,33.0704],[129.8694,33.0706],[129.8694,33.0707],[129.8694,33.0707],[129.8695,33.0706],[129.8695,33.0706],[129.8695,33.0706],[129.8697,33.0706],[129.8698,33.0706],[129.8699,33.0706],[129.8699,33.0706],[129.87,33.0706],[129.87,33.0706],[129.87,33.0705],[129.87,33.0704],[129.8699,33.0703],[129.87,33.0702],[129.87,33.0702],[129.8701,33.0702],[129.8703,33.0702],[129.8704,33.0701],[129.8705,33.0701],[129.8706,33.0704],[129.8707,33.0708],[129.8709,33.0713],[129.871,33.0715],[129.8712,33.0721],[129.8713,33.0726],[129.8714,33.0732],[129.8713,33.0735],[129.8714,33.0738],[129.8711,33.0738],[129.871,33.0738],[129.8709,33.0738],[129.8708,33.0739],[129.8708,33.074],[129.8709,33.0741],[129.8709,33.0742],[129.871,33.0742],[129.8711,33.0743],[129.8712,33.0743],[129.8714,33.0744],[129.8716,33.0745],[129.8718,33.0745],[129.8719,33.0746],[129.8721,33.0748],[129.8723,33.075],[129.8725,33.0751],[129.8726,33.0753],[129.8727,33.0754],[129.8727,33.0755],[129.8728,33.0755],[129.8728,33.0755],[129.8728,33.0754],[129.8731,33.0754],[129.8731,33.0753],[129.8732,33.0753],[129.8732,33.0753],[129.8733,33.0753],[129.8734,33.0752],[129.8734,33.0751],[129.8735,33.075],[129.8735,33.0749],[129.8736,33.0748],[129.874,33.0749],[129.8744,33.075],[129.8746,33.075],[129.8747,33.075],[129.8747,33.0749],[129.8751,33.0744],[129.8755,33.0741],[129.8758,33.0737],[129.8759,33.0736],[129.8761,33.0735],[129.8762,33.0734],[129.8764,33.0734],[129.8765,33.0734],[129.8767,33.0734],[129.8768,33.0733],[129.8768,33.0732],[129.8767,33.0726],[129.8764,33.0726],[129.876,33.0727],[129.8758,33.0727],[129.8756,33.0728],[129.8755,33.0729],[129.8752,33.0731],[129.8752,33.0731],[129.875,33.0732],[129.8749,33.0732],[129.8748,33.0732],[129.8745,33.0735],[129.8744,33.0736],[129.8743,33.0736],[129.8741,33.0736],[129.8734,33.0738],[129.8732,33.0738],[129.8731,33.0738],[129.8731,33.0737],[129.8731,33.0737],[129.8727,33.0734],[129.8726,33.0732],[129.8725,33.0732],[129.8725,33.073],[129.8725,33.0729],[129.8725,33.0728],[129.8724,33.0728],[129.8723,33.0726],[129.8723,33.0725],[129.8722,33.0725],[129.8722,33.0725],[129.8722,33.0725],[129.8723,33.0724],[129.8724,33.0724],[129.8724,33.0724],[129.8725,33.0724],[129.8725,33.0723],[129.8724,33.0722],[129.8723,33.0716],[129.8722,33.0712],[129.8721,33.0711],[129.8721,33.0711],[129.8722,33.0709],[129.8722,33.0708],[129.8722,33.0708],[129.8723,33.0708],[129.8723,33.0707],[129.8725,33.0704],[129.8725,33.0704],[129.8726,33.0704],[129.8727,33.0704],[129.8728,33.0703],[129.8729,33.0701],[129.873,33.07],[129.873,33.0699],[129.873,33.0699],[129.8729,33.0699],[129.8731,33.0694],[129.8731,33.0693],[129.873,33.0693],[129.8728,33.0691],[129.8727,33.069],[129.8725,33.069],[129.8725,33.0688],[129.8727,33.0684],[129.8728,33.0681],[129.8728,33.068],[129.8728,33.0679],[129.8726,33.0677],[129.8721,33.068],[129.8719,33.068],[129.8718,33.0681],[129.8719,33.0682],[129.8719,33.0682],[129.8718,33.0683],[129.8718,33.0683],[129.8718,33.0683],[129.8719,33.0687],[129.8721,33.069],[129.872,33.069],[129.872,33.069],[129.8719,33.069],[129.8718,33.069],[129.8718,33.069],[129.8717,33.069],[129.8717,33.069],[129.8709,33.0693],[129.8706,33.0693],[129.8703,33.0694],[129.8702,33.0691],[129.8701,33.069],[129.8702,33.0689],[129.8702,33.0686],[129.8699,33.0686],[129.8697,33.0686],[129.8697,33.0685],[129.8697,33.0682],[129.8698,33.0679],[129.87,33.0676],[129.8701,33.0674],[129.8707,33.0652],[129.8708,33.0651],[129.8707,33.0651],[129.8709,33.0649],[129.8709,33.0648],[129.8709,33.0648],[129.8711,33.0633],[129.8713,33.0629],[129.8712,33.0629],[129.871,33.0633],[129.8709,33.0632],[129.8707,33.0632],[129.8701,33.0631],[129.8696,33.0631],[129.8695,33.0631],[129.8695,33.0631],[129.8695,33.0631],[129.8694,33.0631],[129.8693,33.0631],[129.8692,33.0631],[129.8691,33.0632],[129.869,33.0632],[129.8689,33.0633],[129.8688,33.0633],[129.8687,33.0633],[129.8687,33.0633],[129.8686,33.0633],[129.8685,33.0633],[129.8683,33.0633],[129.8682,33.0633],[129.868,33.0632],[129.8679,33.0632],[129.8678,33.0632],[129.8678,33.0632],[129.8678,33.0632],[129.8678,33.0632],[129.8678,33.0632],[129.8678,33.0632],[129.8678,33.0632],[129.8678,33.0632],[129.8679,33.0632],[129.8681,33.0632],[129.8682,33.0632],[129.8683,33.0632],[129.8685,33.0633],[129.8686,33.0633],[129.8687,33.0633],[129.8687,33.0633],[129.8688,33.0632],[129.8688,33.0632],[129.8689,33.0632],[129.8691,33.0631],[129.8692,33.0631],[129.8693,33.0631],[129.8694,33.063],[129.8695,33.063],[129.8695,33.063],[129.8695,33.063],[129.8696,33.063],[129.8693,33.0621],[129.8691,33.0614],[129.8681,33.0613],[129.8672,33.0611],[129.8669,33.061],[129.8662,33.0631],[129.8658,33.063],[129.8653,33.0628],[129.8649,33.0627],[129.8633,33.0627],[129.8631,33.0626],[129.863,33.0624],[129.8629,33.0624],[129.8631,33.0627],[129.8632,33.0628],[129.8633,33.063],[129.8634,33.0632],[129.8634,33.0634],[129.8635,33.0635],[129.8635,33.0637],[129.8635,33.0638],[129.8635,33.064],[129.8634,33.0642],[129.8633,33.0645],[129.8633,33.0646],[129.8631,33.0651],[129.863,33.0653],[129.8628,33.0656],[129.8627,33.0659],[129.8626,33.066],[129.8625,33.0661],[129.862,33.0666],[129.8619,33.0667],[129.8617,33.0669],[129.8614,33.0674],[129.8613,33.0673],[129.8611,33.0674],[129.8611,33.0674],[129.8611,33.0674],[129.8611,33.0675],[129.8611,33.0675],[129.8612,33.0675],[129.8612,33.0675],[129.8611,33.0677],[129.8606,33.0676],[129.8602,33.0675],[129.8601,33.0675],[129.8602,33.0673],[129.8603,33.0672],[129.8603,33.0671],[129.8604,33.067],[129.8604,33.0669],[129.8606,33.0667],[129.8607,33.0666],[129.8607,33.0665],[129.8608,33.0664],[129.8609,33.0663],[129.8613,33.066],[129.8613,33.0659],[129.8616,33.0657],[129.8617,33.0655],[129.8618,33.0654],[129.8619,33.0651],[129.862,33.0648],[129.8622,33.0645],[129.8623,33.064],[129.8623,33.0639],[129.8623,33.0632],[129.8623,33.0632],[129.8623,33.0632],[129.8623,33.0632],[129.8623,33.0631],[129.8622,33.063],[129.8622,33.063],[129.8621,33.0629],[129.8621,33.0629],[129.8618,33.0629],[129.8617,33.0629],[129.8616,33.0629],[129.8608,33.0614],[129.8587,33.0608],[129.8586,33.0609],[129.8608,33.0615],[129.8615,33.0629],[129.8615,33.0629],[129.8613,33.063],[129.8612,33.0628],[129.8612,33.0628],[129.8607,33.063],[129.8603,33.0632],[129.8603,33.0632],[129.8601,33.0631],[129.8599,33.0631],[129.8597,33.063],[129.8596,33.063],[129.8594,33.0629],[129.8592,33.0629],[129.8592,33.0629],[129.8589,33.0628],[129.8586,33.0627],[129.8583,33.0626],[129.8583,33.0626],[129.8583,33.0626],[129.8587,33.0617],[129.86,33.062],[129.86,33.0619],[129.8587,33.0616],[129.8587,33.0615],[129.8587,33.0615],[129.8583,33.0623],[129.858,33.0633],[129.8579,33.0632],[129.8579,33.0634],[129.8578,33.0635],[129.8578,33.0637],[129.8578,33.0637],[129.8576,33.0637],[129.8574,33.0636],[129.8575,33.0636],[129.8577,33.0632],[129.8573,33.0631],[129.8571,33.063],[129.8568,33.063],[129.8566,33.0629],[129.8565,33.0629],[129.8563,33.0628],[129.856,33.0627],[129.8546,33.0624],[129.8546,33.0623],[129.8546,33.0623],[129.8545,33.0622],[129.8545,33.0622],[129.8544,33.0621],[129.8544,33.0622],[129.8544,33.0622],[129.8543,33.0623],[129.8543,33.0623],[129.8543,33.0624],[129.8543,33.0625],[129.8541,33.0627],[129.854,33.0628],[129.854,33.0629],[129.8536,33.0621],[129.8534,33.0615],[129.8531,33.0612],[129.853,33.0611],[129.8529,33.0611],[129.8526,33.0609],[129.8522,33.0609],[129.8514,33.0609],[129.8512,33.0608],[129.8508,33.0607],[129.8507,33.0607],[129.8506,33.0607],[129.8505,33.0607],[129.8505,33.0608],[129.8506,33.061],[129.851,33.0619],[129.8511,33.0619],[129.8511,33.0621],[129.8514,33.0627],[129.8516,33.0631],[129.8517,33.0631],[129.8517,33.0631],[129.8517,33.0631],[129.8517,33.0632],[129.8517,33.0635],[129.8517,33.0636],[129.8517,33.0638],[129.852,33.0641],[129.8521,33.0642],[129.8522,33.0645],[129.8523,33.0648],[129.8526,33.0652],[129.8526,33.0652],[129.8525,33.0653],[129.8524,33.0654],[129.8521,33.0654],[129.8516,33.0654],[129.8514,33.0654],[129.8514,33.0655],[129.8513,33.0655],[129.8513,33.0657],[129.8512,33.0658],[129.851,33.0658],[129.8507,33.0658],[129.8503,33.0658],[129.8501,33.0656],[129.8499,33.0657],[129.8497,33.0657],[129.8497,33.0659],[129.8497,33.0661],[129.8497,33.0663],[129.8497,33.0663],[129.8503,33.0665],[129.8505,33.0661],[129.8505,33.066],[129.8506,33.066],[129.8507,33.0661],[129.8508,33.0662],[129.8509,33.0662],[129.8513,33.0664],[129.8514,33.0664],[129.8513,33.0667],[129.8513,33.0667],[129.8512,33.0672],[129.8512,33.0673],[129.8512,33.0674],[129.8514,33.0674],[129.8516,33.0675],[129.8518,33.0675],[129.8522,33.0675],[129.8526,33.0675],[129.8529,33.0675],[129.8532,33.0673],[129.8533,33.0673],[129.8536,33.0671],[129.8537,33.067],[129.8544,33.0664],[129.8552,33.0658],[129.8553,33.0657],[129.8554,33.0657],[129.8556,33.0655],[129.8557,33.0658],[129.8558,33.066],[129.856,33.0663],[129.8562,33.0665],[129.8564,33.0667],[129.8565,33.0668],[129.8567,33.067],[129.8571,33.0673],[129.8574,33.0675],[129.8578,33.0677],[129.8582,33.0678],[129.8586,33.068],[129.859,33.0686],[129.8588,33.0685],[129.8592,33.0692],[129.8592,33.0692],[129.859,33.071],[129.859,33.0712],[129.8591,33.0715],[129.8593,33.0716],[129.8593,33.0717],[129.8595,33.0718],[129.86,33.0719],[129.862,33.0725],[129.8619,33.0726],[129.8617,33.0731],[129.8615,33.0735],[129.8619,33.0736],[129.862,33.0734],[129.8623,33.0736],[129.8632,33.0733],[129.8638,33.0743],[129.8635,33.0745],[129.8631,33.0748],[129.8633,33.075],[129.8636,33.075],[129.864,33.075],[129.8642,33.075],[129.8644,33.0754],[129.8644,33.0754],[129.8649,33.0761],[129.8663,33.0776],[129.8673,33.0758],[129.8676,33.0752]]]},"properties":{"name":"川棚町","pop":1}},{"type":"Feature","geometry":{"type":"Polygon","coordinates":[[[129.7945,33.1262],[129.7945,33.1263],[129.7946,33.1264],[129.7947,33.1266],[129.7947,33.1267],[129.7948,33.1269],[129.7949,33.127],[129.7949,33.1271],[129.795,33.1273],[129.795,33.1274],[129.7951,33.1274],[129.7951,33.1275],[129.7952,33.1276],[129.7953,33.1277],[129.7953,33.1278],[129.7954,33.1279],[129.7954,33.128],[129.7955,33.1281],[129.7955,33.1282],[129.7956,33.1283],[129.7956,33.1283],[129.7957,33.1284],[129.7957,33.1285],[129.7957,33.1285],[129.7957,33.1285],[129.7958,33.1285],[129.7958,33.1285],[129.7958,33.1286],[129.7958,33.1286],[129.7959,33.1286],[129.7959,33.1286],[129.7959,33.1286],[129.7959,33.1286],[129.7959,33.1286],[129.7959,33.1286],[129.796,33.1286],[129.796,33.1287],[129.796,33.1287],[129.796,33.1287],[129.796,33.1288],[129.796,33.1288],[129.796,33.1288],[129.796,33.1288],[129.796,33.1288],[129.796,33.1289],[129.796,33.1289],[129.7961,33.1289],[129.7961,33.1289],[129.7961,33.1289],[129.7961,33.1289],[129.7962,33.1291],[129.7962,33.1291],[129.7962,33.1291],[129.7962,33.1291],[129.7963,33.1292],[129.7963,33.1292],[129.7963,33.1292],[129.7963,33.1292],[129.7963,33.1292],[129.7964,33.1293],[129.7964,33.1293],[129.7964,33.1293],[129.7964,33.1293],[129.7964,33.1294],[129.7965,33.1294],[129.7965,33.1294],[129.7965,33.1294],[129.7965,33.1294],[129.7965,33.1295],[129.7964,33.1295],[129.7964,33.1295],[129.7964,33.1295],[129.7964,33.1295],[129.7964,33.1295],[129.7963,33.1295],[129.7963,33.1294],[129.7963,33.1294],[129.7963,33.1294],[129.7962,33.1294],[129.7962,33.1294],[129.7962,33.1294],[129.7962,33.1294],[129.7961,33.1294],[129.7961,33.1294],[129.7961,33.1294],[129.7961,33.1294],[129.7961,33.1295],[129.7961,33.1295],[129.7961,33.1295],[129.7961,33.1295],[129.7961,33.1295],[129.7961,33.1295],[129.7961,33.1296],[129.7962,33.1296],[129.7962,33.1296],[129.7962,33.1296],[129.7963,33.1297],[129.7963,33.1297],[129.7963,33.1297],[129.7964,33.1297],[129.7964,33.1298],[129.7964,33.1298],[129.7965,33.1298],[129.7965,33.1298],[129.7965,33.1299],[129.7966,33.1299],[129.7966,33.1299],[129.7967,33.1299],[129.7967,33.1299],[129.7967,33.13],[129.7968,33.13],[129.7968,33.13],[129.7969,33.13],[129.7969,33.13],[129.7969,33.13],[129.797,33.13],[129.797,33.1301],[129.797,33.1301],[129.797,33.1301],[129.7971,33.1302],[129.7971,33.1302],[129.7971,33.1302],[129.7972,33.1303],[129.7972,33.1303],[129.7972,33.1303],[129.7973,33.1304],[129.7973,33.1304],[129.7973,33.1304],[129.7973,33.1305],[129.7974,33.1305],[129.7974,33.1305],[129.7977,33.131],[129.7979,33.1315],[129.7979,33.1316],[129.7979,33.1316],[129.7979,33.1316],[129.7979,33.1316],[129.7979,33.1317],[129.7979,33.1318],[129.7979,33.1319],[129.7979,33.1319],[129.7979,33.132],[129.7979,33.132],[129.7979,33.1321],[129.7979,33.1322],[129.7979,33.1322],[129.7979,33.1323],[129.7979,33.1324],[129.7979,33.1325],[129.7979,33.1325],[129.7979,33.1325],[129.7979,33.1327],[129.7979,33.1327],[129.7979,33.1328],[129.7979,33.1328],[129.7979,33.1328],[129.7979,33.1328],[129.7979,33.1329],[129.7979,33.1329],[129.7979,33.1329],[129.7979,33.1329],[129.7979,33.133],[129.7979,33.133],[129.7979,33.133],[129.7979,33.1331],[129.7978,33.1331],[129.7978,33.1331],[129.7978,33.1331],[129.7978,33.1332],[129.7978,33.1332],[129.7978,33.1332],[129.7978,33.1332],[129.7978,33.1333],[129.7978,33.1333],[129.7978,33.1333],[129.7978,33.1333],[129.7977,33.1334],[129.7977,33.1334],[129.7977,33.1334],[129.7977,33.1334],[129.7977,33.1335],[129.7977,33.1335],[129.7977,33.1335],[129.7977,33.1335],[129.7977,33.1336],[129.7977,33.1336],[129.7977,33.1336],[129.7976,33.1336],[129.7976,33.1336],[129.7976,33.1336],[129.7976,33.1337],[129.7976,33.1337],[129.7976,33.1337],[129.7976,33.1337],[129.7976,33.1337],[129.7975,33.1337],[129.7975,33.1338],[129.7975,33.1338],[129.7975,33.1338],[129.7975,33.1338],[129.7975,33.1339],[129.7975,33.1339],[129.7974,33.1339],[129.7974,33.1339],[129.7974,33.1339],[129.7974,33.134],[129.7974,33.134],[129.7973,33.134],[129.7973,33.1341],[129.7973,33.1341],[129.7973,33.1341],[129.7973,33.1341],[129.7972,33.1341],[129.7972,33.1342],[129.7972,33.1342],[129.7972,33.1342],[129.7971,33.1343],[129.7971,33.1343],[129.7972,33.1344],[129.7972,33.1347],[129.7971,33.1352],[129.7968,33.1351],[129.7965,33.135],[129.7965,33.135],[129.7965,33.1351],[129.7964,33.1351],[129.7964,33.1352],[129.7964,33.1352],[129.7963,33.1352],[129.7963,33.1352],[129.7963,33.1353],[129.7963,33.1353],[129.7963,33.1353],[129.7962,33.1354],[129.7962,33.1355],[129.7962,33.1355],[129.7962,33.1355],[129.7961,33.1356],[129.7961,33.1357],[129.7961,33.1357],[129.796,33.1358],[129.796,33.1358],[129.7959,33.1359],[129.7959,33.136],[129.7958,33.136],[129.7958,33.1361],[129.7958,33.1361],[129.7958,33.1362],[129.7957,33.1362],[129.7957,33.1362],[129.7957,33.1363],[129.7956,33.1363],[129.7956,33.1363],[129.7956,33.1363],[129.7954,33.1365],[129.7954,33.1365],[129.7953,33.1366],[129.7952,33.1367],[129.7952,33.1367],[129.7952,33.1367],[129.7952,33.1367],[129.7951,33.1367],[129.795,33.1368],[129.7949,33.1369],[129.7949,33.1369],[129.7949,33.137],[129.7948,33.137],[129.7946,33.1372],[129.7946,33.1372],[129.7946,33.1373],[129.7944,33.1374],[129.7944,33.1375],[129.7943,33.1376],[129.7942,33.1375],[129.7941,33.1375],[129.7941,33.1376],[129.7941,33.1376],[129.7941,33.1376],[129.7942,33.1377],[129.7943,33.1377],[129.7942,33.1378],[129.7942,33.1378],[129.7942,33.1378],[129.7941,33.1378],[129.7942,33.138],[129.7941,33.138],[129.7941,33.1381],[129.7941,33.1382],[129.7941,33.1382],[129.794,33.1383],[129.794,33.1384],[129.7939,33.1385],[129.7938,33.1385],[129.7938,33.1385],[129.7937,33.1385],[129.7936,33.1386],[129.7937,33.1386],[129.7936,33.1386],[129.7936,33.1386],[129.7935,33.1386],[129.7935,33.1387],[129.7935,33.1387],[129.7935,33.1387],[129.7934,33.1387],[129.7933,33.1388],[129.7933,33.1388],[129.7933,33.1389],[129.7932,33.1389],[129.7932,33.1389],[129.7932,33.1389],[129.7931,33.1389],[129.793,33.139],[129.793,33.139],[129.793,33.139],[129.793,33.139],[129.7929,33.1391],[129.7929,33.1391],[129.7927,33.1392],[129.7927,33.1391],[129.7926,33.1392],[129.7926,33.1392],[129.7926,33.1392],[129.7925,33.1392],[129.7921,33.1393],[129.792,33.1394],[129.7919,33.1394],[129.7919,33.1393],[129.7919,33.1393],[129.7918,33.1393],[129.7917,33.1392],[129.7917,33.1393],[129.7917,33.1392],[129.7916,33.1392],[129.7916,33.1392],[129.7915,33.1392],[129.7916,33.1392],[129.7914,33.1391],[129.7914,33.1392],[129.7911,33.139],[129.7911,33.139],[129.7909,33.1389],[129.7908,33.1388],[129.7907,33.1388],[129.7906,33.1388],[129.7905,33.1388],[129.7902,33.1387],[129.7899,33.1387],[129.7896,33.1387],[129.7896,33.1387],[129.7895,33.1387],[129.7895,33.1387],[129.7894,33.1387],[129.7894,33.1387],[129.7891,33.1387],[129.7889,33.1387],[129.7888,33.1388],[129.7886,33.1388],[129.7885,33.1388],[129.7884,33.1389],[129.7883,33.1389],[129.7883,33.139],[129.7883,33.139],[129.7882,33.1391],[129.7881,33.1392],[129.7879,33.1396],[129.7878,33.1399],[129.7876,33.1403],[129.7874,33.1406],[129.7873,33.141],[129.7871,33.1414],[129.7868,33.1419],[129.7865,33.1425],[129.7869,33.1426],[129.787,33.1427],[129.787,33.1427],[129.7872,33.1428],[129.7874,33.143],[129.787,33.1433],[129.7867,33.1435],[129.7864,33.1438],[129.7862,33.1441],[129.7859,33.1443],[129.7854,33.145],[129.785,33.1454],[129.785,33.1455],[129.7844,33.1461],[129.7839,33.1467],[129.7839,33.1468],[129.784,33.1468],[129.7843,33.1477],[129.7845,33.1478],[129.7852,33.1481],[129.785,33.1485],[129.7846,33.1489],[129.7844,33.1492],[129.7841,33.1498],[129.7838,33.1503],[129.7837,33.1506],[129.7847,33.1511],[129.7857,33.1497],[129.7861,33.1492],[129.7863,33.1494],[129.7863,33.1492],[129.7864,33.1491],[129.7864,33.1491],[129.7865,33.149],[129.7866,33.1491],[129.7875,33.1485],[129.7869,33.1474],[129.7868,33.1473],[129.7867,33.147],[129.787,33.147],[129.7871,33.1472],[129.7879,33.1482],[129.7884,33.149],[129.7886,33.1492],[129.7887,33.1493],[129.7888,33.1493],[129.7889,33.1493],[129.7892,33.1493],[129.7893,33.1493],[129.7893,33.1492],[129.7895,33.1492],[129.7896,33.1491],[129.7897,33.1491],[129.7898,33.149],[129.7898,33.1489],[129.7898,33.1488],[129.7898,33.1487],[129.7898,33.1486],[129.7897,33.1485],[129.7896,33.1484],[129.7896,33.1483],[129.7895,33.1482],[129.7894,33.148],[129.7894,33.148],[129.7894,33.1478],[129.7895,33.1477],[129.7895,33.1477],[129.7895,33.1476],[129.7895,33.1474],[129.7893,33.1473],[129.7893,33.1469],[129.7892,33.1468],[129.7891,33.1466],[129.7891,33.1464],[129.789,33.1462],[129.789,33.1462],[129.7891,33.1461],[129.7891,33.146],[129.7893,33.146],[129.7895,33.1459],[129.7897,33.1458],[129.7899,33.1457],[129.7902,33.1455],[129.7902,33.1451],[129.7902,33.145],[129.7902,33.1448],[129.7902,33.1448],[129.7903,33.1447],[129.7904,33.1447],[129.7904,33.1446],[129.7905,33.1445],[129.7905,33.1444],[129.7906,33.1443],[129.7907,33.1442],[129.7907,33.1442],[129.7908,33.1441],[129.7911,33.1442],[129.7912,33.1441],[129.7913,33.144],[129.7915,33.1442],[129.7914,33.1443],[129.7915,33.1444],[129.7918,33.1443],[129.7923,33.1442],[129.7927,33.1442],[129.7938,33.1442],[129.7936,33.1439],[129.7934,33.1437],[129.7932,33.1436],[129.793,33.1434],[129.7934,33.1433],[129.7935,33.1432],[129.7936,33.1431],[129.7938,33.1429],[129.7938,33.1428],[129.7938,33.1426],[129.7938,33.1425],[129.7939,33.1424],[129.7939,33.1423],[129.7939,33.1421],[129.7948,33.1421],[129.7951,33.1421],[129.7956,33.142],[129.7958,33.1419],[129.7962,33.1418],[129.7963,33.1417],[129.7967,33.1416],[129.797,33.1414],[129.7972,33.1413],[129.798,33.1415],[129.7986,33.1418],[129.7983,33.1419],[129.7981,33.1425],[129.7979,33.1429],[129.7979,33.143],[129.7978,33.1432],[129.7978,33.1434],[129.7978,33.1438],[129.7978,33.144],[129.7977,33.1442],[129.7976,33.1444],[129.7975,33.1446],[129.7976,33.1446],[129.7977,33.1446],[129.7979,33.1447],[129.7979,33.1447],[129.798,33.1448],[129.7982,33.1448],[129.7982,33.1449],[129.7982,33.1449],[129.7982,33.145],[129.798,33.1451],[129.798,33.1451],[129.798,33.1452],[129.798,33.1453],[129.7981,33.1454],[129.7983,33.1455],[129.7986,33.1455],[129.7991,33.1456],[129.7994,33.1459],[129.8,33.1463],[129.8005,33.1468],[129.8013,33.1456],[129.8013,33.1455],[129.8014,33.1454],[129.8014,33.1454],[129.8014,33.1453],[129.8014,33.1453],[129.8013,33.1452],[129.8013,33.1452],[129.8013,33.1452],[129.8012,33.1451],[129.8013,33.145],[129.8016,33.1441],[129.8017,33.144],[129.8018,33.1438],[129.8022,33.1436],[129.8023,33.1437],[129.8025,33.1438],[129.8026,33.1439],[129.8028,33.144],[129.8029,33.144],[129.8031,33.1441],[129.8033,33.1442],[129.8035,33.1443],[129.8036,33.1444],[129.8038,33.1444],[129.804,33.1445],[129.804,33.1447],[129.804,33.1447],[129.8041,33.1448],[129.8041,33.1448],[129.8042,33.1449],[129.8043,33.1449],[129.8044,33.145],[129.8044,33.1451],[129.8044,33.1451],[129.8043,33.1451],[129.8043,33.1452],[129.8042,33.1452],[129.8042,33.1452],[129.8042,33.1453],[129.8042,33.1456],[129.8042,33.1457],[129.8042,33.1458],[129.8041,33.1458],[129.804,33.1459],[129.8039,33.1461],[129.8038,33.1462],[129.8038,33.1462],[129.8038,33.1463],[129.8038,33.1464],[129.8039,33.1464],[129.8039,33.1464],[129.804,33.1465],[129.8042,33.1465],[129.8045,33.1466],[129.8045,33.1466],[129.8045,33.1468],[129.8045,33.1468],[129.8046,33.1469],[129.8048,33.1469],[129.8049,33.1469],[129.805,33.1469],[129.8051,33.1469],[129.8052,33.147],[129.8053,33.147],[129.8054,33.1471],[129.8055,33.1473],[129.8057,33.1472],[129.8059,33.1472],[129.8058,33.1469],[129.8064,33.1469],[129.8064,33.1468],[129.8067,33.1469],[129.8067,33.1469],[129.8071,33.1469],[129.8072,33.1468],[129.807,33.1466],[129.8069,33.1465],[129.8068,33.1463],[129.8067,33.1462],[129.8067,33.1461],[129.8066,33.1459],[129.8065,33.1457],[129.8062,33.146],[129.8058,33.1458],[129.8057,33.1458],[129.8055,33.1456],[129.8055,33.1454],[129.8055,33.1453],[129.8054,33.1451],[129.8054,33.1448],[129.8056,33.1448],[129.8058,33.1449],[129.806,33.1449],[129.8062,33.1449],[129.8062,33.1448],[129.8061,33.1448],[129.806,33.1447],[129.8059,33.1446],[129.8059,33.1445],[129.8058,33.1445],[129.8057,33.1445],[129.8056,33.1445],[129.8055,33.1444],[129.8055,33.1443],[129.8054,33.1442],[129.8056,33.1441],[129.8056,33.1441],[129.8056,33.1441],[129.8058,33.144],[129.8059,33.144],[129.8059,33.144],[129.8059,33.1439],[129.8059,33.1438],[129.8059,33.1438],[129.8059,33.1438],[129.8058,33.1437],[129.8057,33.1437],[129.8057,33.1437],[129.8059,33.1437],[129.8063,33.1437],[129.8068,33.1437],[129.8069,33.1437],[129.8072,33.1438],[129.8074,33.1439],[129.8076,33.1441],[129.8078,33.1442],[129.8078,33.1442],[129.8082,33.1442],[129.8087,33.1441],[129.8087,33.1442],[129.8088,33.1442],[129.8089,33.1442],[129.809,33.1442],[129.8093,33.1441],[129.8096,33.144],[129.81,33.1442],[129.8103,33.1441],[129.8106,33.144],[129.8108,33.144],[129.8111,33.144],[129.8117,33.1439],[129.8122,33.144],[129.8126,33.144],[129.8126,33.1435],[129.8126,33.1432],[129.8127,33.1429],[129.8127,33.1428],[129.8126,33.1428],[129.8125,33.1427],[129.8125,33.1426],[129.8124,33.1425],[129.8124,33.1425],[129.8124,33.1424],[129.8124,33.1424],[129.8124,33.1423],[129.8124,33.1421],[129.8125,33.142],[129.8126,33.1419],[129.8127,33.1417],[129.8129,33.1416],[129.8132,33.1414],[129.8133,33.1414],[129.8134,33.1414],[129.8135,33.1414],[129.8138,33.1416],[129.8142,33.1418],[129.8147,33.1419],[129.815,33.1421],[129.8154,33.1422],[129.8159,33.1422],[129.8156,33.1419],[129.8153,33.1414],[129.8152,33.141],[129.8151,33.1406],[129.8151,33.1404],[129.8151,33.1401],[129.815,33.1398],[129.815,33.1394],[129.815,33.1391],[129.8149,33.1388],[129.8149,33.1385],[129.8149,33.1381],[129.8149,33.1378],[129.8149,33.1374],[129.8149,33.1371],[129.8142,33.1371],[129.8135,33.1371],[129.8135,33.1369],[129.8131,33.1371],[129.813,33.1372],[129.8129,33.137],[129.8127,33.1371],[129.8124,33.1369],[129.8121,33.1368],[129.8119,33.1367],[129.8117,33.1367],[129.8113,33.1367],[129.8108,33.1366],[129.8106,33.1366],[129.8104,33.1365],[129.8103,33.1364],[129.8102,33.1362],[129.8099,33.136],[129.8095,33.1357],[129.8092,33.1353],[129.8089,33.135],[129.8087,33.1348],[129.8083,33.1346],[129.8082,33.1347],[129.8081,33.1348],[129.8081,33.1348],[129.8081,33.1349],[129.8081,33.1352],[129.808,33.1352],[129.808,33.1353],[129.8081,33.1353],[129.8081,33.1353],[129.8082,33.1354],[129.8084,33.1354],[129.8085,33.1355],[129.8086,33.1356],[129.8087,33.1356],[129.8087,33.1357],[129.8089,33.1357],[129.8089,33.1358],[129.809,33.1359],[129.8091,33.1359],[129.8092,33.1359],[129.8092,33.136],[129.8092,33.136],[129.8092,33.136],[129.8092,33.1362],[129.8093,33.1362],[129.8093,33.1363],[129.8093,33.1363],[129.8093,33.1364],[129.8092,33.1366],[129.8092,33.1368],[129.8092,33.1369],[129.8091,33.137],[129.8092,33.1371],[129.8097,33.1374],[129.8103,33.1379],[129.8092,33.139],[129.8095,33.1391],[129.8099,33.1392],[129.8103,33.1392],[129.8107,33.1392],[129.8098,33.1398],[129.8096,33.14],[129.8095,33.14],[129.8094,33.1401],[129.8093,33.1402],[129.809,33.1405],[129.8087,33.1407],[129.8087,33.1408],[129.8086,33.1412],[129.8081,33.1412],[129.8078,33.1413],[129.8074,33.1414],[129.8071,33.1414],[129.807,33.1415],[129.8067,33.1416],[129.8065,33.1414],[129.8062,33.1414],[129.8061,33.1415],[129.806,33.1414],[129.8055,33.1415],[129.8055,33.1411],[129.8055,33.1409],[129.8053,33.1409],[129.805,33.1407],[129.8048,33.1406],[129.8048,33.1405],[129.8048,33.1401],[129.8048,33.1401],[129.8047,33.1399],[129.8047,33.1398],[129.8047,33.1397],[129.8047,33.1396],[129.8048,33.1395],[129.8049,33.1394],[129.8051,33.1392],[129.8053,33.139],[129.8055,33.1389],[129.8054,33.1387],[129.8067,33.1387],[129.8067,33.1384],[129.8067,33.1384],[129.8066,33.1384],[129.8065,33.1384],[129.8065,33.1384],[129.8065,33.138],[129.8071,33.138],[129.8073,33.138],[129.8073,33.1377],[129.8074,33.1376],[129.8074,33.1376],[129.8074,33.1376],[129.8074,33.1373],[129.8074,33.1371],[129.8075,33.1371],[129.8075,33.1369],[129.8075,33.1369],[129.8075,33.1368],[129.8075,33.1366],[129.8075,33.1364],[129.8074,33.1362],[129.8075,33.1362],[129.8072,33.1357],[129.8072,33.1356],[129.8071,33.1354],[129.807,33.1351],[129.807,33.1351],[129.807,33.135],[129.8071,33.1349],[129.8071,33.1348],[129.8073,33.1347],[129.8075,33.1344],[129.8078,33.1342],[129.8079,33.1336],[129.8079,33.1334],[129.808,33.1333],[129.808,33.133],[129.808,33.1329],[129.8081,33.1327],[129.8081,33.1327],[129.8082,33.1326],[129.8081,33.1324],[129.8081,33.1324],[129.8081,33.1324],[129.8082,33.1323],[129.8082,33.1323],[129.8083,33.1323],[129.8085,33.1326],[129.8086,33.1324],[129.8088,33.1324],[129.8089,33.1323],[129.809,33.1323],[129.8091,33.1323],[129.8094,33.1322],[129.8095,33.1321],[129.8099,33.1321],[129.8099,33.1323],[129.8099,33.1326],[129.8099,33.1328],[129.81,33.133],[129.8101,33.1331],[129.8103,33.1334],[129.8117,33.1332],[129.8118,33.1337],[129.8115,33.1337],[129.8116,33.134],[129.8116,33.1342],[129.8117,33.1346],[129.8119,33.1347],[129.8119,33.1349],[129.8119,33.135],[129.812,33.1352],[129.812,33.1353],[129.8119,33.1353],[129.8118,33.1354],[129.8118,33.1355],[129.8119,33.1356],[129.812,33.1357],[129.812,33.1358],[129.8121,33.1359],[129.8123,33.136],[129.8123,33.1359],[129.8125,33.1359],[129.8127,33.136],[129.8141,33.1364],[129.8143,33.1362],[129.8147,33.1358],[129.8149,33.1356],[129.815,33.1356],[129.8151,33.1354],[129.8153,33.1349],[129.8153,33.1349],[129.8156,33.1343],[129.8158,33.1339],[129.8158,33.1337],[129.8156,33.1336],[129.8154,33.1335],[129.8149,33.1335],[129.8125,33.1337],[129.8123,33.1337],[129.8123,33.1336],[129.8122,33.1329],[129.8121,33.1323],[129.812,33.1316],[129.812,33.1316],[129.8119,33.1315],[129.8119,33.1315],[129.8118,33.1316],[129.8118,33.1316],[129.8118,33.1316],[129.8118,33.1316],[129.8117,33.1316],[129.8117,33.1315],[129.8116,33.1316],[129.8115,33.1316],[129.8115,33.1316],[129.8115,33.1313],[129.8114,33.131],[129.8114,33.1308],[129.8115,33.1305],[129.8115,33.1303],[129.8098,33.1304],[129.8098,33.1299],[129.8095,33.1295],[129.8091,33.1293],[129.8085,33.1292],[129.8075,33.1295],[129.8067,33.1299],[129.8063,33.13],[129.8062,33.13],[129.8057,33.1301],[129.8052,33.1299],[129.8051,33.1297],[129.805,33.1297],[129.8052,33.1297],[129.8058,33.1296],[129.8058,33.1295],[129.8056,33.1286],[129.8055,33.128],[129.8049,33.1281],[129.8044,33.1287],[129.8041,33.1287],[129.8042,33.1287],[129.804,33.1285],[129.8039,33.1283],[129.8037,33.1281],[129.8036,33.1279],[129.8034,33.1277],[129.8035,33.1276],[129.8038,33.1273],[129.804,33.1271],[129.8043,33.1268],[129.8045,33.1267],[129.8047,33.1266],[129.8049,33.1264],[129.8051,33.1263],[129.8052,33.1263],[129.8053,33.1262],[129.8055,33.1262],[129.8056,33.1261],[129.8058,33.126],[129.806,33.1258],[129.8062,33.1258],[129.8071,33.1253],[129.8072,33.1252],[129.8085,33.1245],[129.8093,33.1241],[129.8095,33.1239],[129.8095,33.1238],[129.8095,33.1237],[129.8095,33.1237],[129.8093,33.1237],[129.8091,33.1238],[129.809,33.1238],[129.8089,33.1238],[129.8086,33.1238],[129.8084,33.1239],[129.808,33.1239],[129.808,33.1239],[129.8077,33.1238],[129.8073,33.1237],[129.8072,33.1237],[129.8069,33.1238],[129.8056,33.124],[129.8056,33.124],[129.8057,33.1237],[129.8058,33.1235],[129.8058,33.1233],[129.8059,33.1233],[129.8059,33.1232],[129.8059,33.123],[129.8059,33.1228],[129.8059,33.1227],[129.8059,33.1227],[129.806,33.1227],[129.8062,33.1226],[129.8062,33.1225],[129.8063,33.1224],[129.8063,33.1224],[129.8063,33.1221],[129.8063,33.1219],[129.8063,33.1218],[129.8063,33.1216],[129.8063,33.1214],[129.8062,33.1214],[129.8061,33.1213],[129.8059,33.1212],[129.8058,33.1211],[129.8057,33.1209],[129.8056,33.1208],[129.8054,33.1207],[129.805,33.1205],[129.8049,33.1204],[129.8048,33.1204],[129.8047,33.1204],[129.8044,33.1204],[129.8043,33.1204],[129.8042,33.1204],[129.8042,33.1203],[129.8041,33.1203],[129.804,33.1203],[129.804,33.1202],[129.8036,33.1201],[129.8036,33.1201],[129.8032,33.12],[129.803,33.1199],[129.8027,33.1199],[129.8025,33.1199],[129.8023,33.1198],[129.8021,33.1196],[129.8018,33.1194],[129.8017,33.1193],[129.8015,33.1193],[129.8014,33.1193],[129.8012,33.1193],[129.801,33.1192],[129.8008,33.1193],[129.8006,33.1193],[129.8005,33.1193],[129.8003,33.1194],[129.8003,33.1197],[129.7997,33.1197],[129.7997,33.1197],[129.7991,33.1199],[129.7991,33.1199],[129.7989,33.12],[129.7984,33.1201],[129.7983,33.1201],[129.798,33.1201],[129.7977,33.1201],[129.7973,33.1202],[129.797,33.1202],[129.7959,33.1201],[129.7958,33.1201],[129.7958,33.1201],[129.7958,33.1202],[129.7957,33.1202],[129.7957,33.1203],[129.7957,33.1203],[129.7957,33.1203],[129.7957,33.1203],[129.7957,33.1204],[129.7956,33.1205],[129.7955,33.1208],[129.7955,33.121],[129.7954,33.1212],[129.7953,33.1214],[129.7953,33.1214],[129.7953,33.1215],[129.7953,33.1216],[129.7952,33.1216],[129.7952,33.1217],[129.7952,33.1217],[129.7952,33.1217],[129.7952,33.1217],[129.7953,33.1217],[129.7953,33.1217],[129.7953,33.1217],[129.7953,33.1217],[129.7952,33.1217],[129.7952,33.1217],[129.7952,33.1217],[129.7952,33.1217],[129.7952,33.1217],[129.7952,33.1218],[129.7952,33.1218],[129.7952,33.1219],[129.7951,33.122],[129.7951,33.122],[129.7951,33.1221],[129.7951,33.1222],[129.795,33.1222],[129.795,33.1223],[129.795,33.1224],[129.7949,33.1225],[129.7949,33.1225],[129.7949,33.1226],[129.7949,33.1227],[129.7949,33.1227],[129.7948,33.1227],[129.7948,33.1227],[129.7948,33.1227],[129.7948,33.1227],[129.7947,33.1227],[129.7947,33.1227],[129.7947,33.1227],[129.7947,33.1227],[129.7946,33.1227],[129.7946,33.1227],[129.7946,33.1228],[129.7946,33.1228],[129.7946,33.1228],[129.7946,33.1228],[129.7946,33.1229],[129.7946,33.1229],[129.7946,33.1229],[129.7945,33.123],[129.7945,33.123],[129.7945,33.123],[129.7945,33.123],[129.7944,33.1231],[129.7944,33.1231],[129.7944,33.1231],[129.7944,33.1232],[129.7943,33.1232],[129.7943,33.1232],[129.7943,33.1233],[129.7943,33.1233],[129.7943,33.1234],[129.7942,33.1234],[129.7942,33.1234],[129.7942,33.1235],[129.7942,33.1235],[129.7942,33.1236],[129.7941,33.1236],[129.7941,33.1237],[129.7941,33.1237],[129.7941,33.1237],[129.794,33.1238],[129.794,33.1238],[129.794,33.1239],[129.794,33.1239],[129.794,33.124],[129.7939,33.124],[129.7939,33.124],[129.7939,33.1241],[129.7939,33.1241],[129.7939,33.1242],[129.7939,33.1242],[129.7939,33.1242],[129.7938,33.1243],[129.7938,33.1243],[129.7938,33.1243],[129.7939,33.1244],[129.7939,33.1244],[129.7939,33.1244],[129.7939,33.1244],[129.794,33.1244],[129.794,33.1244],[129.7941,33.1244],[129.7941,33.1244],[129.7941,33.1244],[129.7942,33.1245],[129.7942,33.1245],[129.7942,33.1245],[129.7942,33.1245],[129.7942,33.1246],[129.7942,33.1246],[129.7942,33.1247],[129.7941,33.1247],[129.7941,33.1247],[129.7941,33.1247],[129.794,33.1247],[129.794,33.1247],[129.794,33.1247],[129.7939,33.1246],[129.7939,33.1246],[129.7939,33.1246],[129.7938,33.1246],[129.7938,33.1246],[129.7938,33.1247],[129.7937,33.1247],[129.795,33.1248],[129.7953,33.1248],[129.7955,33.1249],[129.7956,33.1248],[129.7957,33.1248],[129.7957,33.1247],[129.7958,33.1247],[129.7959,33.1247],[129.796,33.1247],[129.7961,33.1247],[129.7963,33.1246],[129.7964,33.1246],[129.7964,33.1249],[129.7964,33.1249],[129.7963,33.1249],[129.7959,33.125],[129.7955,33.1252],[129.7952,33.1254],[129.7946,33.1257],[129.7941,33.126],[129.7942,33.1261],[129.7945,33.1261],[129.7945,33.1262]]]},"properties":{"name":"佐世保市","pop":2}}]}