{"type":"FeatureCollection","features":[{"type":"Feature","geometry":{"type":"Polygon","coordinates":[[[134.5617,34.1196],[134.5622,34.1195],[134.5622,34.1196],[134.5625,34.1195],[134.5629,34.1194],[134.5632,34.1202],[134.5633,34.1202],[134.5637,34.1202],[134.5637,34.1202],[134.5638,34.1203],[134.564,34.1203],[134.564,34.1203],[134.564,34.1205],[134.5641,34.1205],[134.5644,34.1205],[134.5646,34.1205],[134.5646,34.1205],[134.5646,34.1204],[134.5647,34.1204],[134.5647,34.1195],[134.5647,34.119],[134.5647,34.1188],[134.5647,34.1187],[134.5647,34.1185],[134.5647,34.1183],[134.5646,34.1181],[134.5646,34.1177],[134.5646,34.1176],[134.5646,34.1176],[134.5652,34.1171],[134.5651,34.1169],[134.5653,34.1166],[134.5655,34.1164],[134.5656,34.1162],[134.5657,34.1161],[134.5658,34.1159],[134.5658,34.1158],[134.566,34.1156],[134.5621,34.1152],[134.5613,34.1152],[134.5616,34.1134],[134.5616,34.1126],[134.5615,34.1115],[134.5614,34.1113],[134.5613,34.1111],[134.5612,34.111],[134.5609,34.1108],[134.5616,34.1105],[134.5617,34.1104],[134.5619,34.1104],[134.5622,34.1104],[134.5633,34.1104],[134.5631,34.1098],[134.5628,34.1085],[134.5626,34.108],[134.5625,34.1078],[134.5623,34.1077],[134.5619,34.1076],[134.5615,34.1076],[134.5617,34.1064],[134.5623,34.1065],[134.5629,34.1065],[134.5633,34.1066],[134.5637,34.1066],[134.5639,34.1066],[134.5646,34.1066],[134.5649,34.1066],[134.5652,34.1066],[134.5653,34.1067],[134.5657,34.1068],[134.5661,34.1069],[134.5665,34.107],[134.567,34.1071],[134.5673,34.1065],[134.5668,34.1062],[134.5662,34.1058],[134.5661,34.1057],[134.5655,34.1054],[134.5653,34.1052],[134.565,34.105],[134.5648,34.1048],[134.5646,34.1046],[134.5644,34.1044],[134.5641,34.1042],[134.5638,34.1041],[134.5637,34.1041],[134.5638,34.1039],[134.5638,34.1037],[134.5638,34.1035],[134.5637,34.1034],[134.5635,34.103],[134.5634,34.1029],[134.5633,34.1028],[134.563,34.1022],[134.5629,34.1021],[134.5619,34.1025],[134.5619,34.1025],[134.562,34.1026],[134.562,34.1027],[134.5605,34.1031],[134.5604,34.1024],[134.5602,34.1024],[134.5599,34.1025],[134.56,34.1032],[134.56,34.1033],[134.5598,34.1045],[134.5595,34.1046],[134.5594,34.1046],[134.5593,34.1047],[134.559,34.1047],[134.5589,34.1047],[134.5588,34.1048],[134.5588,34.1049],[134.5586,34.105],[134.5585,34.1051],[134.5582,34.105],[134.558,34.105],[134.5578,34.1051],[134.5577,34.1051],[134.5573,34.1051],[134.5572,34.1051],[134.5569,34.1051],[134.5565,34.1051],[134.5566,34.1043],[134.5566,34.1033],[134.5567,34.1021],[134.5568,34.1007],[134.5568,34.1004],[134.5567,34.1001],[134.5536,34.0935],[134.5542,34.0933],[134.5551,34.0932],[134.5566,34.0928],[134.5571,34.0927],[134.5582,34.0925],[134.5594,34.0921],[134.5607,34.0917],[134.5617,34.0914],[134.5622,34.0912],[134.5634,34.0909],[134.5648,34.0904],[134.5653,34.0902],[134.5668,34.0896],[134.5676,34.0893],[134.5678,34.0892],[134.568,34.0891],[134.5693,34.0887],[134.5718,34.0878],[134.5721,34.0877],[134.5734,34.0872],[134.5746,34.0868],[134.5756,34.0864],[134.5764,34.0861],[134.5791,34.0852],[134.5817,34.0842],[134.5822,34.084],[134.5796,34.0793],[134.5796,34.0793],[134.5796,34.0793],[134.5796,34.0793],[134.5805,34.0789],[134.5805,34.0788],[134.5805,34.0788],[134.5805,34.0787],[134.5807,34.0786],[134.5808,34.0784],[134.5808,34.0781],[134.5809,34.0776],[134.5811,34.0772],[134.5811,34.0769],[134.5812,34.0769],[134.5814,34.0767],[134.5822,34.076],[134.5819,34.0757],[134.5814,34.0752],[134.5813,34.0751],[134.5813,34.075],[134.5814,34.0748],[134.5816,34.074],[134.5817,34.0738],[134.5817,34.0738],[134.5817,34.0738],[134.5816,34.0734],[134.5815,34.073],[134.5833,34.0722],[134.5834,34.0722],[134.5834,34.0722],[134.5835,34.0722],[134.5836,34.0727],[134.5839,34.0739],[134.586,34.0732],[134.5862,34.0738],[134.5865,34.0743],[134.5865,34.0744],[134.5885,34.0736],[134.5883,34.0732],[134.5884,34.0732],[134.5896,34.0724],[134.59,34.0724],[134.5904,34.0725],[134.5926,34.0729],[134.5933,34.0726],[134.5931,34.0721],[134.5933,34.0721],[134.5939,34.0719],[134.5942,34.0718],[134.5946,34.0717],[134.595,34.0724],[134.5952,34.0729],[134.5953,34.0732],[134.5954,34.0734],[134.5969,34.0729],[134.597,34.0729],[134.5967,34.0724],[134.5965,34.0721],[134.5963,34.0719],[134.596,34.0714],[134.5966,34.0711],[134.5966,34.0711],[134.5964,34.0709],[134.5963,34.0707],[134.5962,34.0707],[134.596,34.0703],[134.596,34.0703],[134.596,34.0703],[134.596,34.0703],[134.596,34.0703],[134.5959,34.0703],[134.5958,34.0701],[134.5957,34.07],[134.5956,34.0698],[134.5955,34.0696],[134.5953,34.0693],[134.5951,34.0691],[134.5951,34.069],[134.595,34.0689],[134.5951,34.0689],[134.5943,34.0677],[134.5939,34.0671],[134.5936,34.0665],[134.594,34.0665],[134.5941,34.0665],[134.5956,34.0661],[134.5954,34.0657],[134.5954,34.0657],[134.5953,34.0657],[134.5953,34.0657],[134.5952,34.0657],[134.5952,34.0657],[134.5951,34.0656],[134.5951,34.0656],[134.5951,34.0656],[134.595,34.0655],[134.5949,34.0654],[134.5948,34.0652],[134.5945,34.065],[134.5944,34.0649],[134.5939,34.0645],[134.5938,34.0643],[134.5937,34.0642],[134.5937,34.0642],[134.5937,34.0642],[134.5936,34.0641],[134.5936,34.0641],[134.5935,34.0641],[134.5935,34.0641],[134.5934,34.064],[134.5934,34.064],[134.5934,34.064],[134.5933,34.064],[134.5933,34.064],[134.5933,34.064],[134.5933,34.0639],[134.5932,34.0639],[134.5934,34.0638],[134.5937,34.0637],[134.5938,34.0637],[134.5939,34.0636],[134.5942,34.0636],[134.5943,34.0635],[134.5943,34.0635],[134.5943,34.0634],[134.5943,34.0634],[134.5943,34.0634],[134.5938,34.0636],[134.5938,34.0635],[134.5937,34.0634],[134.5937,34.0633],[134.5937,34.0633],[134.5937,34.0633],[134.5937,34.0633],[134.5937,34.0633],[134.5937,34.0633],[134.5935,34.0631],[134.5935,34.0631],[134.5935,34.0631],[134.5935,34.0631],[134.5935,34.0631],[134.5934,34.0629],[134.5931,34.0624],[134.5922,34.0614],[134.592,34.0611],[134.5917,34.0606],[134.5917,34.0606],[134.5916,34.0605],[134.5916,34.0604],[134.5913,34.0602],[134.5906,34.0604],[134.5902,34.0605],[134.5904,34.0609],[134.5906,34.0613],[134.5908,34.0616],[134.5909,34.0616],[134.5911,34.062],[134.5913,34.0625],[134.5913,34.0626],[134.5913,34.0626],[134.5913,34.0627],[134.5915,34.0627],[134.5918,34.0633],[134.5918,34.0633],[134.5918,34.0633],[134.5916,34.0634],[134.5915,34.0634],[134.5911,34.0636],[134.5908,34.0638],[134.5907,34.0638],[134.5906,34.0638],[134.5907,34.0635],[134.5905,34.063],[134.59,34.0621],[134.5898,34.0619],[134.5897,34.0618],[134.5896,34.0617],[134.5892,34.0613],[134.5889,34.061],[134.5886,34.0609],[134.5875,34.0602],[134.5861,34.0593],[134.5859,34.0593],[134.5857,34.0591],[134.5859,34.059],[134.5856,34.0581],[134.5849,34.0563],[134.5848,34.0563],[134.5848,34.0563],[134.5847,34.0563],[134.5847,34.0563],[134.5847,34.0563],[134.5847,34.0563],[134.5847,34.0563],[134.5845,34.0564],[134.5845,34.0561],[134.5844,34.0561],[134.5842,34.0561],[134.5841,34.0562],[134.5834,34.0566],[134.5833,34.0567],[134.5832,34.0565],[134.5829,34.0566],[134.5826,34.0566],[134.5826,34.0566],[134.5826,34.0566],[134.5826,34.0565],[134.5826,34.0565],[134.5826,34.0565],[134.5826,34.0565],[134.5826,34.0565],[134.5826,34.0565],[134.5826,34.0564],[134.5825,34.0562],[134.5825,34.0562],[134.5825,34.0562],[134.5824,34.0562],[134.5824,34.0562],[134.5824,34.0563],[134.5825,34.0565],[134.5825,34.0565],[134.5825,34.0565],[134.5826,34.0565],[134.5825,34.0566],[134.5826,34.0566],[134.5826,34.0566],[134.5826,34.0566],[134.5826,34.0568],[134.5821,34.0569],[134.5821,34.0567],[134.5821,34.0567],[134.5821,34.0567],[134.5821,34.0567],[134.582,34.0566],[134.582,34.0566],[134.5821,34.0566],[134.582,34.0565],[134.582,34.0563],[134.5819,34.0563],[134.5819,34.0563],[134.5819,34.0563],[134.582,34.0566],[134.582,34.0566],[134.582,34.0566],[134.582,34.0567],[134.582,34.0567],[134.582,34.0567],[134.582,34.0567],[134.582,34.0568],[134.5806,34.0571],[134.5806,34.0571],[134.5802,34.0581],[134.5804,34.059],[134.5805,34.0593],[134.5805,34.0593],[134.5806,34.0593],[134.5808,34.0593],[134.5809,34.0597],[134.5807,34.0598],[134.5806,34.0598],[134.5801,34.0599],[134.5795,34.06],[134.5794,34.0599],[134.5783,34.0579],[134.5751,34.0591],[134.5751,34.0591],[134.5745,34.0594],[134.5745,34.0593],[134.5743,34.0592],[134.5743,34.0592],[134.5738,34.0596],[134.5738,34.0596],[134.5738,34.0596],[134.5737,34.0595],[134.5737,34.0595],[134.5737,34.0595],[134.5737,34.0595],[134.5737,34.0594],[134.5736,34.0594],[134.5736,34.0595],[134.5735,34.0595],[134.5728,34.0601],[134.5726,34.0601],[134.5725,34.0602],[134.5724,34.0602],[134.5723,34.0602],[134.5723,34.0591],[134.5723,34.0579],[134.5724,34.0578],[134.5728,34.0576],[134.5732,34.0575],[134.5732,34.0574],[134.5734,34.0573],[134.5735,34.0572],[134.5736,34.0571],[134.5737,34.0571],[134.5737,34.0571],[134.5737,34.0571],[134.5737,34.0571],[134.5737,34.0572],[134.5738,34.0572],[134.5738,34.0571],[134.5739,34.0571],[134.5739,34.0571],[134.574,34.0571],[134.574,34.0571],[134.5741,34.057],[134.5742,34.057],[134.5744,34.0569],[134.5744,34.057],[134.5747,34.0568],[134.5747,34.0568],[134.5747,34.0568],[134.5747,34.0567],[134.5748,34.0567],[134.5749,34.0567],[134.5752,34.0566],[134.5752,34.0567],[134.5754,34.0566],[134.5753,34.0565],[134.5754,34.0565],[134.5753,34.0565],[134.5756,34.0564],[134.5756,34.0564],[134.5759,34.0563],[134.5759,34.0563],[134.5763,34.0561],[134.5764,34.056],[134.5765,34.056],[134.5765,34.056],[134.5765,34.0559],[134.5767,34.0559],[134.5767,34.0559],[134.5768,34.0559],[134.5768,34.0559],[134.5768,34.0559],[134.5768,34.0559],[134.5768,34.0559],[134.5768,34.0559],[134.5767,34.0559],[134.5767,34.0559],[134.5765,34.0559],[134.5765,34.0559],[134.5765,34.0559],[134.5765,34.0559],[134.5765,34.0558],[134.5765,34.0556],[134.5765,34.0556],[134.5766,34.0556],[134.5766,34.0556],[134.5768,34.0556],[134.5768,34.0555],[134.5766,34.0556],[134.5765,34.0554],[134.5765,34.0554],[134.5765,34.0552],[134.5765,34.0552],[134.5765,34.0551],[134.5765,34.0551],[134.5765,34.0551],[134.5765,34.0551],[134.5764,34.055],[134.5764,34.055],[134.5764,34.055],[134.5758,34.0549],[134.5759,34.0548],[134.5757,34.0548],[134.5757,34.0549],[134.5756,34.0549],[134.5756,34.0549],[134.5755,34.0549],[134.5755,34.0549],[134.5754,34.0548],[134.5754,34.0548],[134.5753,34.0549],[134.5753,34.0548],[134.5753,34.0548],[134.5752,34.0548],[134.5752,34.0548],[134.5749,34.0548],[134.5748,34.0548],[134.5748,34.0548],[134.5734,34.0545],[134.5734,34.0545],[134.5734,34.0544],[134.5734,34.0544],[134.5733,34.0544],[134.5733,34.0544],[134.5733,34.0544],[134.5734,34.0542],[134.5735,34.054],[134.5735,34.0538],[134.5736,34.0537],[134.5736,34.0534],[134.5736,34.0533],[134.5738,34.0533],[134.5739,34.0533],[134.5741,34.0534],[134.5745,34.0534],[134.5745,34.0534],[134.5746,34.0535],[134.5746,34.0534],[134.5748,34.0535],[134.5748,34.0534],[134.575,34.0534],[134.5755,34.0535],[134.5755,34.0535],[134.5755,34.0535],[134.5756,34.0536],[134.5756,34.0536],[134.5759,34.0537],[134.576,34.0537],[134.5761,34.0537],[134.576,34.0538],[134.5761,34.0538],[134.5761,34.0537],[134.5762,34.0537],[134.5768,34.0538],[134.5768,34.0538],[134.5771,34.0538],[134.5771,34.0538],[134.5772,34.0538],[134.5773,34.0538],[134.5774,34.0538],[134.5775,34.0538],[134.5775,34.0538],[134.5775,34.0538],[134.5775,34.0538],[134.5775,34.0538],[134.5776,34.0538],[134.5777,34.0538],[134.5778,34.0538],[134.5779,34.0538],[134.5781,34.0539],[134.5783,34.0539],[134.5784,34.054],[134.5785,34.054],[134.5786,34.054],[134.5786,34.0539],[134.5784,34.0539],[134.578,34.0537],[134.5779,34.0537],[134.5779,34.0537],[134.5778,34.0537],[134.5778,34.0536],[134.5778,34.0536],[134.5779,34.0536],[134.5779,34.0536],[134.5779,34.0536],[134.5779,34.0536],[134.5778,34.0535],[134.5778,34.0535],[134.5778,34.0535],[134.5778,34.0536],[134.5777,34.0534],[134.5777,34.0534],[134.5777,34.0534],[134.5778,34.0534],[134.5777,34.0534],[134.5777,34.0534],[134.5777,34.0533],[134.5777,34.0533],[134.5777,34.0533],[134.5777,34.0533],[134.5777,34.0532],[134.5777,34.0532],[134.5777,34.0532],[134.5779,34.0531],[134.578,34.0531],[134.5783,34.0534],[134.5784,34.0533],[134.5781,34.0531],[134.5781,34.0531],[134.5781,34.053],[134.5781,34.053],[134.5782,34.053],[134.5782,34.053],[134.5783,34.053],[134.5783,34.053],[134.5784,34.0529],[134.5784,34.0529],[134.5785,34.0528],[134.5785,34.0528],[134.5785,34.0528],[134.5786,34.0527],[134.5786,34.0528],[134.5785,34.0528],[134.5785,34.0528],[134.5787,34.0528],[134.5787,34.0527],[134.5786,34.0528],[134.5786,34.0527],[134.5787,34.0527],[134.5787,34.0527],[134.5788,34.0527],[134.5789,34.0528],[134.579,34.0528],[134.5791,34.0532],[134.5791,34.0534],[134.5791,34.0534],[134.5792,34.0534],[134.5792,34.0532],[134.5792,34.0527],[134.5791,34.0527],[134.5791,34.0527],[134.5792,34.0527],[134.5792,34.0527],[134.5792,34.0527],[134.5792,34.0527],[134.5795,34.0527],[134.5795,34.0527],[134.5797,34.0527],[134.5797,34.0527],[134.5799,34.0527],[134.5801,34.0528],[134.58,34.0528],[134.5801,34.0528],[134.5801,34.0528],[134.5801,34.053],[134.5802,34.0531],[134.5801,34.0531],[134.5801,34.0531],[134.5802,34.0531],[134.5802,34.0532],[134.5802,34.0535],[134.5802,34.0535],[134.5802,34.0539],[134.5789,34.0539],[134.5789,34.054],[134.5804,34.054],[134.5804,34.0538],[134.5806,34.0538],[134.5806,34.0536],[134.5807,34.0536],[134.5807,34.0536],[134.5808,34.0536],[134.5808,34.0536],[134.5808,34.0536],[134.5808,34.0536],[134.5809,34.0536],[134.5809,34.0537],[134.5809,34.0537],[134.5809,34.0537],[134.5809,34.0537],[134.5809,34.0537],[134.581,34.0538],[134.581,34.0538],[134.581,34.0538],[134.5811,34.0538],[134.5813,34.0537],[134.5815,34.0537],[134.5816,34.0536],[134.5817,34.0536],[134.5818,34.0536],[134.5819,34.0536],[134.5819,34.0535],[134.5822,34.0535],[134.5823,34.0535],[134.5823,34.0535],[134.5824,34.0536],[134.5826,34.0536],[134.5827,34.0536],[134.5827,34.0536],[134.5827,34.0536],[134.5828,34.0536],[134.5828,34.0536],[134.5828,34.0536],[134.5828,34.0536],[134.5828,34.0536],[134.5828,34.0536],[134.5828,34.0536],[134.5828,34.0536],[134.5828,34.0535],[134.5828,34.0535],[134.5831,34.0535],[134.5831,34.0535],[134.5832,34.0535],[134.5832,34.0535],[134.5832,34.0535],[134.5835,34.0535],[134.5842,34.0534],[134.5842,34.0534],[134.5846,34.0534],[134.5851,34.0528],[134.5851,34.0528],[134.5851,34.0528],[134.5851,34.0528],[134.5852,34.0529],[134.5852,34.0528],[134.5852,34.0528],[134.5851,34.0528],[134.5851,34.0528],[134.5853,34.0525],[134.5854,34.0526],[134.5854,34.0525],[134.5854,34.0525],[134.5853,34.0526],[134.5853,34.0525],[134.5855,34.0523],[134.5856,34.0523],[134.5856,34.0523],[134.5856,34.0523],[134.5857,34.0522],[134.5857,34.0522],[134.5858,34.0521],[134.5858,34.0521],[134.5858,34.0521],[134.5858,34.0521],[134.5859,34.052],[134.5859,34.052],[134.5859,34.0519],[134.586,34.0519],[134.586,34.0518],[134.586,34.0518],[134.586,34.0518],[134.5861,34.0518],[134.5861,34.0517],[134.5861,34.0517],[134.5861,34.0517],[134.5861,34.0516],[134.5862,34.0516],[134.5862,34.0516],[134.5863,34.0516],[134.5864,34.0516],[134.5865,34.0516],[134.5865,34.0516],[134.5866,34.0516],[134.5866,34.0516],[134.5867,34.0515],[134.5867,34.0515],[134.5868,34.0515],[134.5868,34.0515],[134.5869,34.0515],[134.5869,34.0515],[134.5871,34.0515],[134.5872,34.0515],[134.5872,34.0514],[134.5873,34.0514],[134.5873,34.0514],[134.5874,34.0514],[134.5874,34.0514],[134.5874,34.0514],[134.5875,34.0514],[134.5875,34.0514],[134.5875,34.0514],[134.5875,34.0514],[134.5876,34.0514],[134.5876,34.0514],[134.5877,34.0514],[134.5877,34.0514],[134.5877,34.0514],[134.5877,34.0514],[134.5877,34.0514],[134.5878,34.0514],[134.5878,34.0514],[134.5878,34.0513],[134.5878,34.0513],[134.5879,34.0513],[134.588,34.0513],[134.588,34.0513],[134.5881,34.0513],[134.5881,34.0513],[134.5881,34.0513],[134.5881,34.0512],[134.588,34.0512],[134.588,34.0511],[134.5881,34.0511],[134.5882,34.051],[134.5882,34.051],[134.5883,34.051],[134.5884,34.051],[134.5885,34.051],[134.5885,34.051],[134.5886,34.051],[134.5886,34.051],[134.5887,34.051],[134.5888,34.0509],[134.5888,34.0509],[134.589,34.0509],[134.589,34.0509],[134.5891,34.0509],[134.5892,34.0509],[134.5893,34.0509],[134.5894,34.0508],[134.5894,34.0508],[134.5894,34.0508],[134.5895,34.0508],[134.5895,34.0508],[134.5895,34.0508],[134.5894,34.0506],[134.5895,34.0506],[134.5897,34.0506],[134.5897,34.0505],[134.5898,34.0505],[134.5898,34.0505],[134.5897,34.0505],[134.5897,34.0505],[134.5897,34.0505],[134.5897,34.0504],[134.5897,34.0504],[134.5897,34.0503],[134.5897,34.0503],[134.5897,34.0503],[134.5897,34.0503],[134.5896,34.0502],[134.5896,34.0502],[134.5896,34.0502],[134.5896,34.0502],[134.5896,34.0502],[134.5896,34.0501],[134.5896,34.0501],[134.5896,34.0501],[134.5896,34.0501],[134.5896,34.0501],[134.5896,34.0501],[134.5896,34.05],[134.5896,34.05],[134.5896,34.05],[134.5896,34.0499],[134.5895,34.0499],[134.5897,34.0499],[134.5897,34.0499],[134.5898,34.05],[134.5898,34.05],[134.5898,34.05],[134.5898,34.05],[134.5898,34.05],[134.5898,34.05],[134.5898,34.0501],[134.5898,34.0501],[134.5898,34.0501],[134.5899,34.0502],[134.5899,34.0503],[134.5899,34.0503],[134.5899,34.0503],[134.5899,34.0504],[134.5899,34.0504],[134.5899,34.0504],[134.5899,34.0504],[134.59,34.0505],[134.59,34.0505],[134.59,34.0505],[134.59,34.0505],[134.59,34.0505],[134.59,34.0506],[134.59,34.0507],[134.59,34.0507],[134.5901,34.0507],[134.5901,34.0508],[134.5901,34.0508],[134.5901,34.0508],[134.5901,34.0508],[134.5901,34.0509],[134.5901,34.0509],[134.5901,34.0509],[134.5901,34.0509],[134.5901,34.0509],[134.5901,34.0509],[134.5901,34.0509],[134.5902,34.0509],[134.5902,34.0509],[134.5903,34.0509],[134.5903,34.0509],[134.5903,34.0509],[134.5903,34.0509],[134.5904,34.0509],[134.5904,34.0509],[134.5904,34.0509],[134.5904,34.0509],[134.5905,34.0509],[134.5905,34.0509],[134.5905,34.0509],[134.5905,34.0509],[134.5905,34.0508],[134.5905,34.0508],[134.5905,34.0508],[134.5905,34.0508],[134.5905,34.0508],[134.5905,34.0508],[134.5905,34.0508],[134.5905,34.0508],[134.5905,34.0507],[134.5905,34.0507],[134.5905,34.0507],[134.5905,34.0507],[134.5905,34.0507],[134.5905,34.0506],[134.5905,34.0506],[134.5905,34.0506],[134.5905,34.0506],[134.5905,34.0506],[134.5905,34.0506],[134.5905,34.0506],[134.5905,34.0506],[134.5905,34.0506],[134.5906,34.0506],[134.5906,34.0506],[134.5906,34.0506],[134.5906,34.0506],[134.5907,34.0506],[134.5907,34.0506],[134.5907,34.0506],[134.5907,34.0506],[134.5907,34.0506],[134.5908,34.0506],[134.5908,34.0506],[134.5908,34.0506],[134.5908,34.0506],[134.5909,34.0506],[134.5909,34.0506],[134.5909,34.0506],[134.5909,34.0506],[134.5909,34.0505],[134.591,34.0505],[134.591,34.0505],[134.591,34.0505],[134.591,34.0505],[134.5911,34.0505],[134.5911,34.0505],[134.5911,34.0505],[134.5912,34.0505],[134.5912,34.0505],[134.5912,34.0505],[134.5912,34.0505],[134.5912,34.0505],[134.5913,34.0505],[134.5913,34.0505],[134.5913,34.0505],[134.5914,34.0505],[134.5914,34.0505],[134.5915,34.0505],[134.5915,34.0505],[134.5915,34.0504],[134.5915,34.0504],[134.5916,34.0504],[134.5916,34.0504],[134.5916,34.0504],[134.5917,34.0504],[134.5917,34.0504],[134.5917,34.0504],[134.5917,34.0504],[134.5917,34.0504],[134.5918,34.0504],[134.5918,34.0504],[134.5918,34.0504],[134.5918,34.0504],[134.5919,34.0504],[134.5918,34.0503],[134.5918,34.0503],[134.5919,34.0502],[134.592,34.0502],[134.592,34.0502],[134.592,34.0502],[134.592,34.0502],[134.5941,34.0498],[134.595,34.0497],[134.5952,34.0496],[134.5953,34.0496],[134.5953,34.0496],[134.5954,34.0496],[134.5954,34.0496],[134.5954,34.0496],[134.5954,34.0496],[134.5954,34.0496],[134.5955,34.0496],[134.5955,34.0496],[134.5955,34.0496],[134.5955,34.0496],[134.5956,34.0496],[134.5956,34.0496],[134.5956,34.0496],[134.5957,34.0495],[134.5957,34.0495],[134.5958,34.0495],[134.5958,34.0494],[134.5961,34.0493],[134.5961,34.0493],[134.5961,34.0492],[134.5961,34.0492],[134.5961,34.0492],[134.596,34.049],[134.596,34.049],[134.596,34.049],[134.596,34.049],[134.596,34.0489],[134.596,34.0489],[134.596,34.0489],[134.5959,34.0489],[134.5959,34.0489],[134.5959,34.0489],[134.5959,34.0488],[134.5959,34.0488],[134.5959,34.0488],[134.5959,34.0488],[134.5959,34.0487],[134.5959,34.0487],[134.5959,34.0486],[134.5959,34.0486],[134.5958,34.0486],[134.5958,34.0486],[134.5958,34.0486],[134.5958,34.0485],[134.5958,34.0485],[134.5958,34.0484],[134.5958,34.0484],[134.5958,34.0484],[134.5958,34.0483],[134.5958,34.0483],[134.5957,34.0483],[134.5957,34.0483],[134.5957,34.0483],[134.5957,34.0482],[134.5957,34.0482],[134.5957,34.0482],[134.5957,34.0481],[134.5957,34.0481],[134.5957,34.0481],[134.5957,34.0481],[134.5957,34.0481],[134.5957,34.0481],[134.5956,34.048],[134.5956,34.048],[134.5956,34.048],[134.5956,34.0479],[134.5956,34.0479],[134.5956,34.0479],[134.5956,34.0479],[134.5956,34.0478],[134.5956,34.0478],[134.5956,34.0478],[134.5956,34.0478],[134.5955,34.0478],[134.5955,34.0478],[134.5955,34.0477],[134.5955,34.0477],[134.5955,34.0477],[134.5955,34.0478],[134.5954,34.0478],[134.5953,34.0478],[134.5953,34.0478],[134.5952,34.0478],[134.5952,34.0478],[134.5952,34.0478],[134.5952,34.0478],[134.5951,34.0478],[134.5951,34.0478],[134.5951,34.0478],[134.5951,34.0478],[134.5951,34.0478],[134.5951,34.0478],[134.5951,34.0478],[134.5951,34.0478],[134.595,34.0478],[134.595,34.0477],[134.595,34.0477],[134.595,34.0477],[134.595,34.0477],[134.595,34.0477],[134.595,34.0476],[134.595,34.0476],[134.595,34.0476],[134.595,34.0476],[134.595,34.0476],[134.595,34.0475],[134.595,34.0475],[134.595,34.0475],[134.5949,34.0475],[134.5949,34.0475],[134.5949,34.0474],[134.5949,34.0474],[134.5949,34.0474],[134.5949,34.0474],[134.5949,34.0474],[134.5949,34.0474],[134.5949,34.0474],[134.5949,34.0473],[134.5949,34.0473],[134.5949,34.0473],[134.5949,34.0473],[134.5949,34.0472],[134.5949,34.0472],[134.5948,34.0472],[134.5948,34.0472],[134.5948,34.0472],[134.5948,34.0471],[134.5948,34.0471],[134.5948,34.0471],[134.5948,34.047],[134.5948,34.047],[134.5948,34.047],[134.5948,34.047],[134.5947,34.0469],[134.5947,34.0469],[134.5947,34.0469],[134.5947,34.0469],[134.5947,34.0469],[134.5947,34.0468],[134.5947,34.0468],[134.5947,34.0468],[134.5947,34.0468],[134.5947,34.0468],[134.5947,34.0467],[134.5947,34.0467],[134.5947,34.0467],[134.5947,34.0467],[134.5946,34.0467],[134.5946,34.0466],[134.5946,34.0466],[134.5946,34.0466],[134.5946,34.0466],[134.5946,34.0466],[134.5946,34.0465],[134.5946,34.0465],[134.5946,34.0465],[134.5946,34.0465],[134.5946,34.0465],[134.5946,34.0465],[134.5946,34.0464],[134.5944,34.046],[134.5942,34.0454],[134.5942,34.0454],[134.5938,34.0444],[134.5937,34.0439],[134.5935,34.0439],[134.5936,34.0441],[134.5936,34.0441],[134.5936,34.0441],[134.5936,34.0441],[134.5938,34.0445],[134.5937,34.0445],[134.5937,34.0445],[134.5936,34.0445],[134.5936,34.0445],[134.5936,34.0445],[134.5936,34.0445],[134.5935,34.0446],[134.5935,34.0446],[134.5935,34.0446],[134.5935,34.0446],[134.5934,34.0446],[134.5934,34.0446],[134.5934,34.0446],[134.5933,34.0446],[134.5933,34.0446],[134.5933,34.0446],[134.5933,34.0446],[134.5932,34.0446],[134.5932,34.0446],[134.5932,34.0446],[134.5932,34.0446],[134.5932,34.0446],[134.5931,34.0447],[134.593,34.0447],[134.593,34.0447],[134.593,34.0447],[134.593,34.0447],[134.5929,34.0447],[134.5929,34.0447],[134.5929,34.0447],[134.5929,34.0447],[134.5929,34.0447],[134.5928,34.0447],[134.5928,34.0447],[134.5928,34.0447],[134.5928,34.0447],[134.5928,34.0447],[134.5927,34.0447],[134.5927,34.0448],[134.5927,34.0448],[134.5925,34.0448],[134.5924,34.0448],[134.5923,34.0448],[134.5923,34.0449],[134.5923,34.0449],[134.5922,34.0449],[134.5921,34.0449],[134.5921,34.0449],[134.5919,34.0449],[134.5919,34.045],[134.5918,34.045],[134.5917,34.045],[134.5917,34.045],[134.5917,34.045],[134.5916,34.045],[134.5915,34.045],[134.5915,34.0451],[134.5913,34.0451],[134.5912,34.0451],[134.5912,34.0451],[134.5911,34.0451],[134.5911,34.0452],[134.591,34.0452],[134.591,34.0452],[134.591,34.0452],[134.5909,34.0452],[134.5908,34.0452],[134.5907,34.0452],[134.5907,34.0453],[134.5907,34.0453],[134.5907,34.0453],[134.5907,34.0453],[134.5907,34.0454],[134.5907,34.0454],[134.5907,34.0454],[134.5907,34.0454],[134.5907,34.0454],[134.5907,34.0455],[134.5907,34.0455],[134.5908,34.0455],[134.5908,34.0455],[134.5908,34.0455],[134.5908,34.0456],[134.5908,34.0456],[134.5908,34.0456],[134.5908,34.0456],[134.5908,34.0456],[134.5908,34.0457],[134.5908,34.0457],[134.5908,34.0457],[134.5908,34.0457],[134.5908,34.0457],[134.5908,34.0458],[134.5909,34.0458],[134.5909,34.0458],[134.5909,34.0458],[134.5909,34.0459],[134.5909,34.0459],[134.5909,34.0459],[134.5909,34.0459],[134.5909,34.046],[134.5909,34.046],[134.591,34.046],[134.591,34.0461],[134.591,34.0461],[134.591,34.0461],[134.591,34.0461],[134.591,34.0461],[134.591,34.0461],[134.591,34.0461],[134.591,34.0462],[134.591,34.0462],[134.591,34.0463],[134.5911,34.0464],[134.5911,34.0464],[134.5911,34.0464],[134.5911,34.0464],[134.5911,34.0464],[134.5911,34.0464],[134.5911,34.0465],[134.5911,34.0465],[134.5911,34.0465],[134.5911,34.0465],[134.5911,34.0465],[134.5911,34.0465],[134.5911,34.0465],[134.5911,34.0466],[134.5911,34.0466],[134.5911,34.0466],[134.5912,34.0466],[134.5912,34.0466],[134.5912,34.0466],[134.5912,34.0467],[134.5912,34.0467],[134.5912,34.0468],[134.5912,34.0468],[134.5912,34.0468],[134.5912,34.0468],[134.5912,34.0468],[134.5913,34.0469],[134.5913,34.0469],[134.5913,34.0469],[134.5913,34.047],[134.5913,34.047],[134.5913,34.047],[134.5913,34.047],[134.5913,34.047],[134.5913,34.047],[134.5913,34.0471],[134.5913,34.0471],[134.5913,34.0471],[134.5913,34.0471],[134.5913,34.0471],[134.5913,34.0472],[134.5914,34.0472],[134.5914,34.0472],[134.5914,34.0472],[134.5914,34.0472],[134.5914,34.0472],[134.5914,34.0473],[134.5914,34.0473],[134.5914,34.0473],[134.5914,34.0473],[134.5914,34.0473],[134.5914,34.0474],[134.5914,34.0474],[134.5914,34.0474],[134.5914,34.0474],[134.5915,34.0474],[134.5915,34.0475],[134.5915,34.0475],[134.5915,34.0475],[134.5915,34.0475],[134.5915,34.0475],[134.5915,34.0476],[134.5915,34.0476],[134.5915,34.0476],[134.5915,34.0476],[134.5915,34.0476],[134.5915,34.0477],[134.5915,34.0477],[134.5915,34.0477],[134.5915,34.0477],[134.5916,34.0477],[134.5916,34.0478],[134.5916,34.0478],[134.5916,34.0478],[134.5916,34.0478],[134.5916,34.0479],[134.5916,34.0479],[134.5916,34.0479],[134.5916,34.0479],[134.5916,34.0479],[134.5916,34.048],[134.5916,34.048],[134.5916,34.048],[134.5916,34.048],[134.5916,34.048],[134.5917,34.048],[134.5917,34.048],[134.5917,34.0481],[134.5917,34.0481],[134.5917,34.0481],[134.5917,34.0481],[134.5917,34.0481],[134.5917,34.0481],[134.5917,34.0482],[134.5917,34.0482],[134.5917,34.0482],[134.5917,34.0482],[134.5917,34.0482],[134.5917,34.0482],[134.5917,34.0483],[134.5917,34.0483],[134.5918,34.0483],[134.5918,34.0483],[134.5918,34.0483],[134.5918,34.0483],[134.5918,34.0484],[134.5918,34.0484],[134.5918,34.0484],[134.5918,34.0484],[134.5918,34.0484],[134.5918,34.0484],[134.5918,34.0485],[134.5918,34.0485],[134.5918,34.0485],[134.5918,34.0485],[134.5918,34.0485],[134.5919,34.0486],[134.5919,34.0487],[134.5919,34.0487],[134.5919,34.0487],[134.5919,34.0488],[134.5919,34.0488],[134.5918,34.0488],[134.5918,34.0488],[134.5918,34.0488],[134.5918,34.0488],[134.5917,34.0488],[134.5917,34.0488],[134.5917,34.0488],[134.5917,34.0488],[134.5917,34.0488],[134.5916,34.0488],[134.5915,34.0488],[134.5911,34.0489],[134.5908,34.049],[134.5907,34.049],[134.5907,34.049],[134.5905,34.049],[134.5905,34.049],[134.5905,34.049],[134.5904,34.049],[134.5903,34.049],[134.5903,34.049],[134.5903,34.049],[134.5902,34.049],[134.5901,34.0491],[134.5901,34.0491],[134.59,34.0491],[134.59,34.0491],[134.59,34.0491],[134.5899,34.0491],[134.5898,34.0491],[134.5898,34.0491],[134.5898,34.0491],[134.5898,34.0491],[134.5897,34.0496],[134.5897,34.0498],[134.5897,34.0498],[134.5897,34.0498],[134.5897,34.0498],[134.5895,34.0498],[134.5895,34.0498],[134.5895,34.0497],[134.5895,34.0497],[134.5894,34.0497],[134.5894,34.0496],[134.5894,34.0496],[134.5894,34.0496],[134.5894,34.0496],[134.5894,34.0496],[134.5894,34.0496],[134.5894,34.0496],[134.5894,34.0495],[134.5894,34.0495],[134.5894,34.0495],[134.5894,34.0495],[134.5894,34.0494],[134.5894,34.0494],[134.5893,34.0493],[134.5893,34.0493],[134.5893,34.0493],[134.5893,34.0493],[134.5893,34.0493],[134.5893,34.0492],[134.5893,34.0492],[134.5893,34.0492],[134.5893,34.0491],[134.5892,34.0491],[134.5892,34.049],[134.5892,34.049],[134.5892,34.049],[134.5892,34.049],[134.5892,34.049],[134.5892,34.0489],[134.5892,34.0489],[134.5892,34.0489],[134.5892,34.0489],[134.5892,34.0489],[134.5892,34.0489],[134.5892,34.0489],[134.5892,34.0488],[134.5892,34.0488],[134.5892,34.0488],[134.5891,34.0488],[134.5891,34.0488],[134.5891,34.0488],[134.5891,34.0487],[134.5891,34.0487],[134.5891,34.0487],[134.5891,34.0487],[134.5891,34.0487],[134.5891,34.0487],[134.5891,34.0486],[134.5891,34.0486],[134.5891,34.0486],[134.5891,34.0486],[134.5891,34.0486],[134.5891,34.0485],[134.589,34.0485],[134.589,34.0485],[134.589,34.0485],[134.589,34.0485],[134.589,34.0484],[134.589,34.0484],[134.589,34.0484],[134.589,34.0484],[134.589,34.0483],[134.589,34.0483],[134.589,34.0483],[134.589,34.0483],[134.5889,34.0483],[134.5889,34.0482],[134.5889,34.0482],[134.5889,34.0482],[134.5889,34.0482],[134.5889,34.0481],[134.5889,34.0481],[134.5889,34.0481],[134.5889,34.048],[134.5889,34.048],[134.5889,34.048],[134.5889,34.048],[134.5889,34.048],[134.5889,34.048],[134.5888,34.048],[134.5888,34.048],[134.5888,34.0479],[134.5888,34.0479],[134.5888,34.0479],[134.5888,34.0479],[134.5888,34.0479],[134.5888,34.0478],[134.5888,34.0478],[134.5888,34.0478],[134.5888,34.0478],[134.5888,34.0478],[134.5888,34.0477],[134.5888,34.0477],[134.5888,34.0477],[134.5888,34.0477],[134.5887,34.0477],[134.5887,34.0477],[134.5887,34.0476],[134.5887,34.0476],[134.5887,34.0475],[134.5887,34.0475],[134.5887,34.0475],[134.5887,34.0475],[134.5887,34.0475],[134.5887,34.0474],[134.5887,34.0474],[134.5886,34.0474],[134.5886,34.0474],[134.5886,34.0474],[134.5886,34.0473],[134.5886,34.0473],[134.5886,34.0473],[134.5886,34.0473],[134.5886,34.0472],[134.5886,34.0472],[134.5886,34.0472],[134.5886,34.0472],[134.5886,34.0472],[134.5886,34.0471],[134.5885,34.0471],[134.5885,34.0471],[134.5885,34.0471],[134.5885,34.0471],[134.5885,34.047],[134.5885,34.047],[134.5885,34.047],[134.5885,34.047],[134.5885,34.047],[134.5885,34.0469],[134.5885,34.0469],[134.5885,34.0469],[134.5884,34.0469],[134.5884,34.0468],[134.5884,34.0468],[134.5884,34.0468],[134.5884,34.0468],[134.5884,34.0468],[134.5884,34.0468],[134.5884,34.0467],[134.5884,34.0467],[134.5884,34.0467],[134.5884,34.0466],[134.5884,34.0466],[134.5884,34.0466],[134.5884,34.0466],[134.5883,34.0466],[134.5883,34.0465],[134.5883,34.0465],[134.5883,34.0465],[134.5883,34.0465],[134.5883,34.0465],[134.5883,34.0465],[134.5883,34.0464],[134.5883,34.0464],[134.5883,34.0464],[134.5883,34.0464],[134.5883,34.0464],[134.5883,34.0463],[134.5883,34.0463],[134.5883,34.0463],[134.5882,34.0463],[134.5882,34.0463],[134.5882,34.0462],[134.5882,34.0462],[134.5882,34.0462],[134.5882,34.0461],[134.5882,34.0461],[134.5882,34.0461],[134.5882,34.0461],[134.5882,34.0461],[134.5882,34.0461],[134.5882,34.046],[134.5882,34.046],[134.5881,34.046],[134.5881,34.046],[134.5881,34.0459],[134.5881,34.0459],[134.5881,34.0459],[134.5881,34.0459],[134.5881,34.0458],[134.5881,34.0458],[134.5881,34.0458],[134.588,34.0457],[134.588,34.0457],[134.588,34.0456],[134.588,34.0456],[134.588,34.0456],[134.588,34.0456],[134.588,34.0456],[134.588,34.0456],[134.5879,34.0456],[134.5878,34.0456],[134.5878,34.0456],[134.5877,34.0458],[134.5877,34.0458],[134.5875,34.0458],[134.5863,34.0461],[134.5848,34.0465],[134.5848,34.0465],[134.5848,34.0465],[134.5848,34.0466],[134.5848,34.0466],[134.5848,34.0467],[134.5848,34.0467],[134.5848,34.0467],[134.5853,34.0466],[134.5853,34.0467],[134.5852,34.0467],[134.5852,34.0467],[134.5853,34.0467],[134.5858,34.0482],[134.5864,34.0499],[134.5861,34.05],[134.5854,34.0502],[134.5853,34.05],[134.5848,34.0486],[134.5847,34.0482],[134.5842,34.0469],[134.5842,34.0469],[134.5846,34.0468],[134.5846,34.0467],[134.5846,34.0467],[134.5846,34.0466],[134.5846,34.0466],[134.5846,34.0466],[134.5841,34.0467],[134.5841,34.0466],[134.5838,34.0457],[134.5837,34.0455],[134.5837,34.0454],[134.5835,34.045],[134.5833,34.0444],[134.5833,34.0441],[134.5828,34.0428],[134.5828,34.0428],[134.5825,34.0419],[134.5824,34.0417],[134.5822,34.0411],[134.5831,34.0406],[134.5833,34.0411],[134.5833,34.0412],[134.5835,34.0417],[134.5835,34.0418],[134.5837,34.0422],[134.5839,34.0428],[134.5839,34.0428],[134.5841,34.0428],[134.5841,34.0428],[134.5848,34.0426],[134.5848,34.0426],[134.5857,34.0424],[134.5855,34.0417],[134.5854,34.0415],[134.5849,34.0401],[134.5849,34.0401],[134.5849,34.0399],[134.5858,34.0395],[134.586,34.04],[134.586,34.0401],[134.5863,34.0409],[134.5859,34.041],[134.5859,34.041],[134.5863,34.0409],[134.5865,34.0413],[134.5865,34.0413],[134.5866,34.0417],[134.5867,34.042],[134.587,34.0428],[134.587,34.0429],[134.5871,34.0429],[134.5872,34.0432],[134.5876,34.0444],[134.5875,34.0444],[134.5875,34.0444],[134.5876,34.0444],[134.5877,34.0447],[134.5876,34.0447],[134.5877,34.0447],[134.5877,34.0447],[134.5878,34.0449],[134.5878,34.0451],[134.5879,34.0452],[134.5877,34.0452],[134.5877,34.0452],[134.5877,34.0452],[134.5877,34.0454],[134.5878,34.0455],[134.5878,34.0455],[134.5879,34.0455],[134.5879,34.0455],[134.5879,34.0455],[134.5879,34.0454],[134.5879,34.0454],[134.5879,34.0454],[134.588,34.0454],[134.588,34.0453],[134.588,34.0453],[134.588,34.0453],[134.588,34.0453],[134.588,34.0453],[134.588,34.0453],[134.5891,34.045],[134.5893,34.045],[134.5893,34.045],[134.5896,34.0449],[134.591,34.0446],[134.591,34.0445],[134.5908,34.044],[134.5908,34.044],[134.5908,34.044],[134.5908,34.044],[134.5908,34.0439],[134.5908,34.0439],[134.5908,34.0439],[134.5907,34.0439],[134.5907,34.0438],[134.5907,34.0438],[134.5907,34.0438],[134.5907,34.0438],[134.5907,34.0438],[134.5907,34.0437],[134.5907,34.0437],[134.5907,34.0437],[134.5907,34.0437],[134.5907,34.0436],[134.5907,34.0436],[134.5907,34.0436],[134.5906,34.0436],[134.5906,34.0436],[134.5906,34.0435],[134.5906,34.0435],[134.5906,34.0435],[134.5906,34.0435],[134.5906,34.0435],[134.5906,34.0434],[134.5906,34.0434],[134.5906,34.0434],[134.5906,34.0434],[134.5906,34.0433],[134.5905,34.0433],[134.5905,34.0433],[134.5905,34.0432],[134.5905,34.0432],[134.5905,34.0432],[134.5905,34.0432],[134.5905,34.0431],[134.5905,34.0431],[134.5905,34.0431],[134.5905,34.0431],[134.5905,34.0431],[134.5904,34.043],[134.5904,34.043],[134.5904,34.043],[134.5904,34.043],[134.5904,34.0429],[134.5904,34.0429],[134.5904,34.0429],[134.5904,34.0429],[134.5904,34.0429],[134.5904,34.0428],[134.5904,34.0428],[134.5904,34.0428],[134.5904,34.0428],[134.5903,34.0428],[134.5903,34.0427],[134.5903,34.0427],[134.5903,34.0427],[134.5903,34.0427],[134.5903,34.0427],[134.5903,34.0427],[134.5903,34.0426],[134.5903,34.0426],[134.5903,34.0426],[134.5903,34.0426],[134.5903,34.0426],[134.5903,34.0426],[134.5903,34.0425],[134.5902,34.0425],[134.5902,34.0425],[134.5902,34.0424],[134.5902,34.0424],[134.5902,34.0424],[134.5902,34.0424],[134.5902,34.0424],[134.5902,34.0423],[134.5902,34.0423],[134.5902,34.0423],[134.5902,34.0423],[134.5902,34.0423],[134.5902,34.0423],[134.5902,34.0422],[134.5901,34.0422],[134.5901,34.0422],[134.5901,34.0422],[134.5901,34.0421],[134.5901,34.0421],[134.5901,34.0421],[134.5901,34.0421],[134.5901,34.0421],[134.5901,34.042],[134.5901,34.042],[134.5901,34.042],[134.5901,34.042],[134.5901,34.042],[134.5901,34.0419],[134.59,34.0419],[134.59,34.0419],[134.59,34.0419],[134.59,34.0419],[134.59,34.0418],[134.59,34.0418],[134.59,34.0418],[134.59,34.0418],[134.59,34.0418],[134.59,34.0417],[134.59,34.0417],[134.5901,34.0417],[134.5901,34.0417],[134.5901,34.0416],[134.59,34.0417],[134.59,34.0417],[134.59,34.0417],[134.5899,34.0416],[134.5901,34.0416],[134.59,34.0415],[134.5899,34.0416],[134.5899,34.0416],[134.5899,34.0416],[134.5899,34.0416],[134.5899,34.0415],[134.5899,34.0415],[134.5899,34.0415],[134.5899,34.0414],[134.5899,34.0414],[134.5899,34.0414],[134.5899,34.0414],[134.5898,34.0414],[134.5898,34.0413],[134.5898,34.0413],[134.5898,34.0413],[134.5898,34.0413],[134.5898,34.0413],[134.5898,34.0413],[134.5898,34.0412],[134.5898,34.0412],[134.5898,34.0412],[134.5898,34.0412],[134.5898,34.0412],[134.5898,34.0412],[134.5898,34.0411],[134.5898,34.0411],[134.5898,34.0411],[134.5898,34.0411],[134.5897,34.0411],[134.5897,34.0411],[134.5897,34.041],[134.5897,34.041],[134.5897,34.041],[134.5897,34.041],[134.5897,34.0409],[134.5897,34.0409],[134.5897,34.0409],[134.5897,34.0409],[134.5897,34.0409],[134.5897,34.0408],[134.5897,34.0408],[134.5896,34.0408],[134.5896,34.0408],[134.5896,34.0408],[134.5896,34.0408],[134.5896,34.0408],[134.5896,34.0407],[134.5896,34.0407],[134.5896,34.0407],[134.5896,34.0407],[134.5896,34.0407],[134.5896,34.0406],[134.5896,34.0406],[134.5896,34.0406],[134.5896,34.0406],[134.5896,34.0406],[134.5895,34.0405],[134.5895,34.0405],[134.5895,34.0405],[134.5895,34.0405],[134.5895,34.0404],[134.5895,34.0404],[134.5895,34.0404],[134.5895,34.0404],[134.5895,34.0404],[134.5895,34.0404],[134.5895,34.0403],[134.5895,34.0403],[134.5895,34.0403],[134.5895,34.0403],[134.5895,34.0403],[134.5894,34.0402],[134.5894,34.0402],[134.5894,34.0401],[134.5894,34.04],[134.5894,34.04],[134.5893,34.04],[134.5892,34.0394],[134.589,34.0391],[134.5889,34.0386],[134.5888,34.0385],[134.589,34.0385],[134.5892,34.0385],[134.5892,34.0385],[134.5893,34.0385],[134.5894,34.0385],[134.5894,34.0385],[134.59,34.0386],[134.5917,34.0389],[134.5918,34.039],[134.5918,34.039],[134.5918,34.039],[134.5918,34.039],[134.5918,34.039],[134.5918,34.039],[134.5918,34.039],[134.5918,34.039],[134.5919,34.0393],[134.592,34.0397],[134.5921,34.04],[134.5922,34.04],[134.5925,34.041],[134.5927,34.0417],[134.5929,34.0421],[134.5931,34.0427],[134.5932,34.0431],[134.5933,34.0432],[134.5933,34.0432],[134.5933,34.0432],[134.5933,34.0432],[134.5934,34.0432],[134.5934,34.0432],[134.5934,34.0432],[134.5934,34.0432],[134.5932,34.0427],[134.5932,34.0426],[134.593,34.0421],[134.5929,34.0417],[134.5927,34.0411],[134.5923,34.04],[134.5922,34.0397],[134.5918,34.0389],[134.5918,34.0389],[134.5918,34.0389],[134.5918,34.0389],[134.5918,34.0389],[134.5917,34.0389],[134.5917,34.0389],[134.5917,34.0389],[134.5907,34.0387],[134.5892,34.0384],[134.5892,34.0384],[134.5892,34.0384],[134.589,34.0384],[134.5888,34.0384],[134.5888,34.0384],[134.5877,34.0387],[134.587,34.0388],[134.5869,34.0389],[134.5869,34.0389],[134.5866,34.039],[134.5866,34.039],[134.5858,34.0393],[134.5858,34.0393],[134.5839,34.0401],[134.5831,34.0404],[134.5831,34.0404],[134.5826,34.0406],[134.5826,34.0406],[134.5826,34.0406],[134.5825,34.0403],[134.582,34.0405],[134.5821,34.0405],[134.582,34.0406],[134.5819,34.0404],[134.5813,34.0406],[134.5811,34.0406],[134.5801,34.0409],[134.5792,34.0412],[134.5792,34.0413],[134.5801,34.041],[134.5802,34.0414],[134.58,34.0416],[134.5796,34.0422],[134.5796,34.0423],[134.5797,34.0427],[134.5798,34.0429],[134.5798,34.043],[134.5798,34.0432],[134.5798,34.0434],[134.5795,34.0435],[134.5794,34.0432],[134.5793,34.0432],[134.5793,34.043],[134.5793,34.043],[134.5793,34.0429],[134.5793,34.0429],[134.5793,34.0429],[134.5793,34.0429],[134.5793,34.0429],[134.5793,34.0428],[134.5793,34.0428],[134.5793,34.0427],[134.5792,34.0427],[134.5792,34.0427],[134.5791,34.0427],[134.5788,34.0419],[134.5788,34.0419],[134.5788,34.0419],[134.5788,34.0417],[134.5786,34.0418],[134.5785,34.0415],[134.5786,34.0414],[134.5786,34.0414],[134.5779,34.0416],[134.5778,34.0417],[134.5777,34.0417],[134.5777,34.0417],[134.5777,34.0417],[134.5777,34.0417],[134.5777,34.0417],[134.5777,34.0418],[134.5776,34.0418],[134.5776,34.0419],[134.5767,34.042],[134.5767,34.042],[134.5764,34.0421],[134.5763,34.0421],[134.5762,34.0421],[134.5762,34.0421],[134.5762,34.0421],[134.5762,34.0421],[134.5762,34.0421],[134.5762,34.0421],[134.5761,34.0421],[134.5759,34.0422],[134.5757,34.0424],[134.5751,34.0429],[134.5751,34.0429],[134.575,34.043],[134.5748,34.0431],[134.5748,34.0431],[134.5747,34.0431],[134.5745,34.0431],[134.5745,34.0431],[134.5743,34.0432],[134.574,34.0432],[134.5732,34.0433],[134.5731,34.0433],[134.5729,34.0434],[134.5727,34.0434],[134.5724,34.0434],[134.5724,34.0434],[134.5723,34.0434],[134.5721,34.0433],[134.5717,34.0432],[134.5708,34.0431],[134.5708,34.043],[134.5707,34.043],[134.5706,34.043],[134.5698,34.0429],[134.5697,34.0428],[134.5696,34.0428],[134.5696,34.0427],[134.5695,34.0422],[134.5694,34.0416],[134.569,34.039],[134.569,34.0389],[134.5689,34.0384],[134.5685,34.0377],[134.5682,34.0371],[134.5681,34.0369],[134.5677,34.0361],[134.5669,34.0347],[134.5665,34.0341],[134.5664,34.0339],[134.5661,34.0335],[134.566,34.0333],[134.5656,34.0335],[134.5655,34.0333],[134.5654,34.0332],[134.5647,34.033],[134.5644,34.0329],[134.5642,34.0329],[134.5638,34.0328],[134.563,34.033],[134.5619,34.0332],[134.5619,34.0332],[134.5616,34.0332],[134.5616,34.0331],[134.5615,34.0331],[134.5614,34.033],[134.5614,34.0328],[134.5614,34.0327],[134.5616,34.0324],[134.5616,34.0322],[134.5621,34.0322],[134.5629,34.0322],[134.5633,34.0322],[134.5639,34.0322],[134.5642,34.0322],[134.5643,34.0322],[134.5643,34.032],[134.5642,34.032],[134.5644,34.0316],[134.5646,34.0311],[134.5648,34.0311],[134.5647,34.031],[134.5647,34.0307],[134.5647,34.0303],[134.5647,34.0301],[134.5648,34.0298],[134.5649,34.0298],[134.5649,34.0298],[134.565,34.0298],[134.565,34.0298],[134.5651,34.0297],[134.5653,34.0296],[134.5657,34.0296],[134.5662,34.0297],[134.5666,34.0299],[134.567,34.03],[134.5672,34.0301],[134.5673,34.0302],[134.5674,34.0303],[134.5675,34.0304],[134.5676,34.0304],[134.568,34.0305],[134.5684,34.0305],[134.5687,34.0305],[134.5688,34.0305],[134.5689,34.0305],[134.5689,34.0304],[134.5691,34.0302],[134.5692,34.03],[134.5692,34.03],[134.5693,34.0299],[134.5694,34.0298],[134.5696,34.0298],[134.5699,34.0296],[134.5701,34.0296],[134.5703,34.0296],[134.5706,34.0297],[134.5709,34.0297],[134.5713,34.0299],[134.5714,34.0289],[134.5719,34.029],[134.5719,34.0293],[134.5722,34.0293],[134.5721,34.03],[134.5721,34.03],[134.5725,34.0302],[134.5729,34.0302],[134.5731,34.0292],[134.5731,34.0291],[134.5747,34.0294],[134.5765,34.0298],[134.5766,34.0297],[134.5769,34.0297],[134.5769,34.0294],[134.577,34.0293],[134.5771,34.0293],[134.5771,34.0293],[134.5773,34.0293],[134.5775,34.0292],[134.5776,34.0292],[134.5777,34.0292],[134.5777,34.0291],[134.5777,34.029],[134.5775,34.0282],[134.5774,34.0282],[134.5772,34.0282],[134.5769,34.0281],[134.5757,34.0277],[134.5756,34.0262],[134.5753,34.0257],[134.574,34.0256],[134.5736,34.0254],[134.5735,34.0253],[134.5735,34.0251],[134.5736,34.0249],[134.5737,34.0246],[134.5737,34.0244],[134.5737,34.0241],[134.5736,34.0239],[134.5735,34.0237],[134.5736,34.0234],[134.5738,34.0231],[134.5739,34.0228],[134.574,34.0226],[134.5741,34.0223],[134.574,34.0215],[134.5737,34.0215],[134.5736,34.0215],[134.5736,34.022],[134.5735,34.0224],[134.5734,34.0226],[134.5733,34.0225],[134.5728,34.0225],[134.5728,34.0227],[134.5727,34.0228],[134.5726,34.0228],[134.5722,34.0228],[134.5717,34.0228],[134.5709,34.0229],[134.5708,34.023],[134.5708,34.023],[134.5706,34.0231],[134.5706,34.0231],[134.5705,34.0232],[134.5704,34.0233],[134.5704,34.0234],[134.5704,34.0237],[134.5704,34.0243],[134.5705,34.0251],[134.5705,34.0252],[134.5704,34.0252],[134.5702,34.0251],[134.5699,34.0249],[134.5697,34.0247],[134.5694,34.0246],[134.5689,34.0245],[134.5687,34.0245],[134.5686,34.0245],[134.5683,34.0244],[134.5681,34.0243],[134.568,34.0242],[134.5676,34.0241],[134.5674,34.0249],[134.567,34.0258],[134.5666,34.0267],[134.5665,34.0268],[134.5663,34.0273],[134.566,34.0273],[134.5656,34.0272],[134.5651,34.0276],[134.5655,34.0281],[134.5654,34.0281],[134.5653,34.0282],[134.5652,34.0283],[134.5652,34.0284],[134.5651,34.0284],[134.5648,34.0281],[134.5648,34.028],[134.5646,34.0278],[134.5646,34.0277],[134.5645,34.0278],[134.5643,34.0279],[134.5643,34.0279],[134.5643,34.028],[134.5643,34.0281],[134.5643,34.0281],[134.5639,34.0283],[134.5637,34.0283],[134.5634,34.0281],[134.5633,34.0282],[134.563,34.0285],[134.5625,34.029],[134.5624,34.0291],[134.5621,34.029],[134.5619,34.029],[134.5619,34.029],[134.5619,34.0288],[134.5615,34.0294],[134.5612,34.0298],[134.5609,34.0306],[134.5608,34.0309],[134.5607,34.0315],[134.5606,34.0321],[134.5604,34.0334],[134.5604,34.0336],[134.5605,34.0342],[134.5608,34.0348],[134.5614,34.0356],[134.5615,34.0358],[134.5618,34.0362],[134.5626,34.0372],[134.5633,34.0378],[134.5635,34.038],[134.5642,34.0388],[134.5644,34.039],[134.5659,34.0405],[134.5655,34.0415],[134.5655,34.0416],[134.5654,34.0416],[134.5653,34.0417],[134.5649,34.0416],[134.5645,34.0416],[134.5641,34.0415],[134.5629,34.0415],[134.5618,34.0413],[134.5611,34.0413],[134.5598,34.0412],[134.5595,34.0411],[134.5577,34.041],[134.5575,34.041],[134.557,34.041],[134.5552,34.0408],[134.5549,34.0407],[134.5545,34.0407],[134.5538,34.0407],[134.5534,34.0407],[134.5527,34.0407],[134.553,34.0408],[134.5534,34.0411],[134.5534,34.0412],[134.5542,34.0417],[134.5543,34.0419],[134.5548,34.0422],[134.555,34.0424],[134.5552,34.0426],[134.5554,34.0428],[134.5557,34.0431],[134.5559,34.0434],[134.5561,34.0437],[134.5562,34.0439],[134.5565,34.0443],[134.5566,34.0446],[134.5566,34.0447],[134.5567,34.0449],[134.5568,34.0451],[134.5572,34.0452],[134.559,34.0459],[134.5594,34.046],[134.5572,34.0465],[134.5569,34.0466],[134.5553,34.0465],[134.5544,34.0465],[134.554,34.0465],[134.552,34.0471],[134.552,34.0472],[134.552,34.0473],[134.5502,34.0473],[134.5493,34.0473],[134.5476,34.0473],[134.5471,34.0474],[134.5457,34.0475],[134.5455,34.0469],[134.5452,34.0463],[134.5451,34.0464],[134.5442,34.0449],[134.5436,34.0451],[134.5436,34.0451],[134.5435,34.0447],[134.5432,34.0439],[134.5429,34.0429],[134.5426,34.042],[134.5424,34.042],[134.5423,34.0416],[134.5422,34.0414],[134.5419,34.041],[134.5417,34.041],[134.5416,34.0408],[134.5408,34.0406],[134.5399,34.0405],[134.5399,34.0401],[134.54,34.0398],[134.54,34.0397],[134.54,34.0396],[134.5403,34.0397],[134.5404,34.0398],[134.5405,34.0398],[134.5407,34.0398],[134.5411,34.0397],[134.5412,34.0397],[134.5414,34.0393],[134.5415,34.0391],[134.5416,34.039],[134.5414,34.0382],[134.5412,34.0375],[134.5411,34.0373],[134.5411,34.0369],[134.5415,34.037],[134.5419,34.0368],[134.5422,34.0366],[134.5423,34.0366],[134.5423,34.0367],[134.5426,34.0379],[134.5427,34.0381],[134.5428,34.0382],[134.5438,34.0376],[134.5441,34.038],[134.545,34.0388],[134.5456,34.0392],[134.5461,34.0396],[134.5464,34.0397],[134.5466,34.0392],[134.5483,34.0398],[134.5484,34.0398],[134.5488,34.0392],[134.5484,34.0391],[134.5482,34.0391],[134.5481,34.0392],[134.548,34.0392],[134.5479,34.0392],[134.5476,34.0391],[134.5473,34.039],[134.5468,34.0388],[134.5458,34.0384],[134.545,34.0379],[134.5449,34.0379],[134.5445,34.0375],[134.5443,34.0372],[134.5437,34.0375],[134.5435,34.0372],[134.5432,34.0367],[134.543,34.0361],[134.5429,34.0357],[134.5429,34.035],[134.5429,34.0345],[134.5425,34.0348],[134.5424,34.0345],[134.5422,34.0343],[134.5417,34.0352],[134.5412,34.0348],[134.5404,34.0353],[134.54,34.0357],[134.5397,34.036],[134.5397,34.036],[134.5396,34.036],[134.5396,34.036],[134.5396,34.0361],[134.5394,34.0364],[134.539,34.0363],[134.5385,34.036],[134.5378,34.0355],[134.5378,34.0354],[134.5378,34.0353],[134.5377,34.0351],[134.5375,34.035],[134.5373,34.0349],[134.5371,34.0347],[134.5371,34.0347],[134.5371,34.0347],[134.5371,34.0345],[134.5371,34.0344],[134.5373,34.034],[134.5373,34.0339],[134.5373,34.0338],[134.5375,34.0337],[134.5375,34.0336],[134.5376,34.0335],[134.5376,34.0334],[134.5378,34.0331],[134.5378,34.0327],[134.5378,34.0326],[134.5378,34.0322],[134.5377,34.032],[134.5376,34.032],[134.5374,34.0322],[134.5371,34.0324],[134.5369,34.0325],[134.5368,34.0326],[134.5367,34.0326],[134.5366,34.0329],[134.5365,34.0331],[134.5363,34.0335],[134.5365,34.0338],[134.5367,34.0342],[134.5368,34.0344],[134.5369,34.0346],[134.5367,34.0345],[134.5365,34.0345],[134.5364,34.0346],[134.5355,34.0349],[134.5352,34.035],[134.5351,34.0351],[134.5353,34.0355],[134.5353,34.0356],[134.5352,34.0357],[134.5351,34.0357],[134.5352,34.036],[134.5352,34.036],[134.5352,34.0361],[134.5351,34.0362],[134.5353,34.0366],[134.5354,34.0367],[134.5355,34.0369],[134.5356,34.037],[134.5359,34.0371],[134.5359,34.0375],[134.536,34.038],[134.5359,34.038],[134.5359,34.0381],[134.5359,34.0382],[134.536,34.039],[134.536,34.039],[134.536,34.039],[134.536,34.0391],[134.5359,34.0392],[134.5357,34.0394],[134.5357,34.0394],[134.5358,34.0398],[134.536,34.0401],[134.5358,34.0401],[134.5355,34.0403],[134.5347,34.0405],[134.5341,34.0406],[134.5341,34.0407],[134.5342,34.0413],[134.5342,34.0415],[134.5343,34.0417],[134.5344,34.0417],[134.5345,34.0418],[134.5344,34.0422],[134.5338,34.0421],[134.5337,34.0421],[134.5326,34.042],[134.5324,34.0419],[134.5322,34.0418],[134.5321,34.0417],[134.5315,34.0417],[134.5307,34.0415],[134.5307,34.0417],[134.5306,34.0418],[134.5305,34.0419],[134.5304,34.042],[134.5304,34.0421],[134.5297,34.0421],[134.5292,34.0421],[134.5292,34.0423],[134.528,34.0424],[134.5278,34.0424],[134.5277,34.0425],[134.5275,34.0425],[134.5272,34.0426],[134.5272,34.0426],[134.5261,34.0428],[134.5263,34.0435],[134.5266,34.0435],[134.5266,34.0435],[134.5268,34.0436],[134.5272,34.0436],[134.5272,34.0438],[134.5272,34.0439],[134.5272,34.0443],[134.5272,34.0446],[134.5272,34.0448],[134.5272,34.045],[134.5272,34.0454],[134.5267,34.045],[134.5262,34.0447],[134.5256,34.0444],[134.5247,34.0442],[134.5243,34.044],[134.5246,34.0444],[134.5246,34.0446],[134.5235,34.0449],[134.5235,34.0449],[134.5235,34.0449],[134.5223,34.0452],[134.5222,34.0453],[134.5222,34.0462],[134.5211,34.0462],[134.5202,34.0461],[134.5198,34.0461],[134.5197,34.0462],[134.5197,34.0462],[134.5198,34.0463],[134.5198,34.0466],[134.5198,34.0466],[134.52,34.0469],[134.5201,34.0469],[134.5201,34.047],[134.52,34.0471],[134.52,34.0472],[134.52,34.0473],[134.5201,34.0474],[134.5204,34.0477],[134.5208,34.048],[134.5211,34.0482],[134.5214,34.0486],[134.5219,34.0496],[134.5219,34.0481],[134.5218,34.0478],[134.5218,34.0478],[134.5218,34.0475],[134.5218,34.0475],[134.5221,34.0475],[134.5221,34.0475],[134.5222,34.0471],[134.5222,34.0466],[134.5222,34.0465],[134.5233,34.0466],[134.5233,34.0465],[134.5233,34.0463],[134.5236,34.0464],[134.5236,34.0464],[134.5236,34.0464],[134.5236,34.0464],[134.5236,34.0465],[134.5235,34.0476],[134.5247,34.0475],[134.5247,34.0475],[134.5247,34.0473],[134.5247,34.0472],[134.5248,34.0471],[134.5249,34.0469],[134.5251,34.0468],[134.5252,34.0467],[134.5252,34.0466],[134.5252,34.0464],[134.5253,34.0464],[134.5253,34.0464],[134.5254,34.0463],[134.5256,34.0461],[134.5259,34.0462],[134.5263,34.0464],[134.5266,34.0465],[134.5265,34.0467],[134.5265,34.0469],[134.5264,34.047],[134.5264,34.0472],[134.5264,34.0472],[134.5264,34.0473],[134.5266,34.0474],[134.5268,34.0475],[134.527,34.0475],[134.5272,34.0476],[134.5268,34.0482],[134.5266,34.0484],[134.5264,34.0485],[134.5262,34.049],[134.5261,34.0491],[134.5256,34.0495],[134.5255,34.0496],[134.5252,34.0499],[134.525,34.0502],[134.525,34.0503],[134.5249,34.0504],[134.525,34.0505],[134.5251,34.0506],[134.5252,34.0507],[134.525,34.0509],[134.5248,34.0512],[134.5247,34.0514],[134.5247,34.0514],[134.525,34.0516],[134.5252,34.0517],[134.5253,34.0518],[134.5255,34.0521],[134.5256,34.0522],[134.5258,34.0523],[134.526,34.0523],[134.5262,34.0522],[134.5265,34.0513],[134.5266,34.0507],[134.5266,34.0506],[134.5263,34.0504],[134.5263,34.0504],[134.5263,34.0503],[134.5266,34.0501],[134.5268,34.0497],[134.5269,34.0495],[134.527,34.0494],[134.527,34.0494],[134.527,34.0493],[134.527,34.0492],[134.5271,34.0491],[134.5274,34.0492],[134.5276,34.0492],[134.5278,34.0488],[134.528,34.0486],[134.528,34.0484],[134.528,34.0481],[134.528,34.0478],[134.528,34.0477],[134.528,34.0477],[134.5279,34.0476],[134.5279,34.0476],[134.5281,34.0474],[134.5282,34.0474],[134.5284,34.0473],[134.5285,34.0471],[134.5286,34.047],[134.5287,34.0469],[134.5289,34.047],[134.5293,34.0471],[134.5296,34.0473],[134.5298,34.0475],[134.5296,34.0476],[134.5295,34.0477],[134.5294,34.0478],[134.5294,34.0478],[134.5294,34.048],[134.529,34.048],[134.5288,34.0481],[134.5285,34.0484],[134.5284,34.0484],[134.5282,34.0488],[134.5282,34.049],[134.5283,34.0495],[134.5281,34.0495],[134.528,34.0495],[134.528,34.0496],[134.528,34.0497],[134.5279,34.0498],[134.5279,34.0498],[134.5279,34.05],[134.5279,34.0501],[134.5279,34.0502],[134.528,34.0503],[134.5281,34.0504],[134.5284,34.051],[134.5285,34.0511],[134.5286,34.0512],[134.5286,34.0512],[134.5289,34.0514],[134.5289,34.0514],[134.5292,34.0514],[134.5292,34.0514],[134.5292,34.0514],[134.5293,34.0514],[134.5295,34.0513],[134.5296,34.0512],[134.5299,34.0509],[134.5299,34.0512],[134.53,34.0521],[134.53,34.0525],[134.5302,34.0524],[134.5304,34.0523],[134.5305,34.0525],[134.5305,34.0525],[134.5304,34.0526],[134.5304,34.0527],[134.5304,34.053],[134.5305,34.0531],[134.5306,34.0531],[134.5307,34.0532],[134.5307,34.0532],[134.5307,34.0533],[134.5307,34.0534],[134.5307,34.0535],[134.5305,34.0535],[134.5304,34.0535],[134.53,34.0534],[134.5299,34.0534],[134.5298,34.0534],[134.5297,34.0535],[134.5296,34.0535],[134.5295,34.0535],[134.5295,34.0535],[134.5294,34.0535],[134.5293,34.0536],[134.5291,34.0537],[134.5289,34.0538],[134.5287,34.0538],[134.5283,34.0538],[134.5283,34.0539],[134.5282,34.0541],[134.5282,34.0542],[134.5282,34.0542],[134.5282,34.0544],[134.5283,34.0546],[134.5288,34.0552],[134.5287,34.056],[134.5287,34.0561],[134.5287,34.0565],[134.5287,34.0565],[134.5287,34.0568],[134.5287,34.0568],[134.5287,34.0569],[134.5285,34.058],[134.5284,34.0595],[134.5285,34.0595],[134.5287,34.0594],[134.529,34.0593],[134.5299,34.0589],[134.5302,34.0587],[134.5305,34.0584],[134.5308,34.0582],[134.531,34.0575],[134.531,34.0571],[134.5311,34.0568],[134.5311,34.0567],[134.5311,34.0565],[134.5311,34.0564],[134.5311,34.0564],[134.5311,34.0562],[134.5311,34.056],[134.5312,34.0557],[134.5313,34.0556],[134.5314,34.0555],[134.5316,34.0555],[134.5317,34.0555],[134.532,34.0557],[134.532,34.0557],[134.533,34.0565],[134.5328,34.0566],[134.5328,34.057],[134.5326,34.0572],[134.5326,34.0579],[134.5327,34.0582],[134.5337,34.0577],[134.5336,34.0576],[134.5335,34.0574],[134.5335,34.0572],[134.5336,34.0571],[134.5336,34.057],[134.5337,34.0569],[134.5339,34.0568],[134.534,34.0567],[134.5344,34.0567],[134.5342,34.056],[134.5343,34.056],[134.5344,34.0559],[134.5345,34.0559],[134.5345,34.056],[134.5346,34.0566],[134.5347,34.0567],[134.5347,34.0566],[134.5348,34.0566],[134.5351,34.0562],[134.5354,34.0559],[134.5355,34.0557],[134.5358,34.0556],[134.5361,34.0554],[134.5362,34.0554],[134.5368,34.0556],[134.5372,34.0556],[134.5373,34.0557],[134.5383,34.0558],[134.538,34.0569],[134.538,34.0572],[134.5391,34.0573],[134.539,34.0575],[134.5389,34.0577],[134.538,34.0576],[134.538,34.0576],[134.5378,34.0582],[134.5375,34.0587],[134.5381,34.059],[134.5387,34.0593],[134.5396,34.0598],[134.5395,34.06],[134.5403,34.0604],[134.5403,34.0602],[134.5403,34.0601],[134.5404,34.0601],[134.5405,34.06],[134.5406,34.0599],[134.5407,34.0597],[134.5407,34.0596],[134.5407,34.0596],[134.5405,34.0594],[134.5404,34.0593],[134.5404,34.0592],[134.5403,34.0591],[134.5401,34.059],[134.5399,34.0588],[134.5397,34.0586],[134.5397,34.0574],[134.5398,34.057],[134.5398,34.0567],[134.5398,34.0566],[134.5397,34.0565],[134.5395,34.0563],[134.5398,34.0562],[134.5398,34.0561],[134.5398,34.056],[134.5408,34.0562],[134.5413,34.0563],[134.5414,34.0564],[134.5415,34.0564],[134.5418,34.0563],[134.5422,34.0562],[134.5429,34.0561],[134.5432,34.056],[134.5436,34.056],[134.544,34.0561],[134.5441,34.0561],[134.5441,34.0562],[134.5443,34.0563],[134.5443,34.0565],[134.5443,34.0566],[134.5446,34.0567],[134.5447,34.0566],[134.5449,34.0563],[134.5453,34.0565],[134.5455,34.0566],[134.5454,34.0568],[134.5451,34.057],[134.5444,34.0575],[134.5448,34.0591],[134.5449,34.059],[134.5463,34.0581],[134.5466,34.0579],[134.5467,34.0578],[134.5469,34.058],[134.5469,34.058],[134.5472,34.0585],[134.5472,34.0586],[134.5472,34.0592],[134.5472,34.06],[134.5472,34.061],[134.5462,34.0611],[134.5463,34.0624],[134.5456,34.0625],[134.5456,34.0618],[134.5449,34.0617],[134.5449,34.0625],[134.545,34.0638],[134.545,34.0638],[134.545,34.0655],[134.5451,34.0667],[134.545,34.0667],[134.5451,34.0675],[134.5448,34.0675],[134.5447,34.0675],[134.5447,34.0675],[134.5446,34.0675],[134.5445,34.0675],[134.5444,34.0675],[134.5442,34.0675],[134.5442,34.0675],[134.5441,34.0675],[134.5441,34.0676],[134.544,34.0677],[134.544,34.0678],[134.5439,34.0679],[134.5439,34.0679],[134.5439,34.0681],[134.544,34.0682],[134.5441,34.0682],[134.5443,34.0683],[134.5443,34.0683],[134.5443,34.0684],[134.5444,34.0686],[134.5446,34.0687],[134.5446,34.0688],[134.5447,34.0689],[134.5447,34.0689],[134.5448,34.069],[134.5448,34.069],[134.5448,34.0691],[134.5448,34.0692],[134.5448,34.0692],[134.5448,34.0693],[134.5447,34.0694],[134.5447,34.0695],[134.5447,34.0696],[134.5447,34.0696],[134.5446,34.0697],[134.5445,34.0698],[134.5445,34.0699],[134.5443,34.07],[134.5442,34.0703],[134.5441,34.0706],[134.5448,34.0708],[134.5446,34.0711],[134.5457,34.0715],[134.5453,34.0721],[134.5449,34.0727],[134.5442,34.0734],[134.5434,34.0742],[134.5433,34.0744],[134.5432,34.0745],[134.5431,34.0746],[134.543,34.0746],[134.5429,34.0747],[134.5423,34.075],[134.5422,34.0751],[134.5422,34.0751],[134.5421,34.0753],[134.542,34.0753],[134.542,34.0753],[134.5419,34.0754],[134.542,34.0756],[134.5417,34.0756],[134.5417,34.0753],[134.5417,34.0752],[134.5417,34.0752],[134.5418,34.0752],[134.5418,34.0751],[134.5418,34.0751],[134.5418,34.0749],[134.5417,34.0743],[134.5416,34.0738],[134.5415,34.0736],[134.5414,34.0735],[134.5413,34.0733],[134.5411,34.0733],[134.541,34.0733],[134.5408,34.0734],[134.5407,34.0735],[134.5405,34.0736],[134.5405,34.0738],[134.5404,34.074],[134.5403,34.0742],[134.5402,34.0745],[134.5402,34.0748],[134.5403,34.0754],[134.5403,34.0758],[134.5401,34.0758],[134.5398,34.0758],[134.5395,34.0758],[134.5394,34.0758],[134.5392,34.0757],[134.539,34.0757],[134.5385,34.0758],[134.538,34.0759],[134.538,34.0759],[134.5381,34.0761],[134.5369,34.0763],[134.5368,34.0762],[134.5362,34.0764],[134.5356,34.0764],[134.5356,34.0764],[134.5356,34.0765],[134.5356,34.0766],[134.5356,34.0765],[134.5355,34.0764],[134.5354,34.0764],[134.5352,34.0764],[134.5349,34.0764],[134.5347,34.0764],[134.5346,34.0764],[134.5344,34.0764],[134.5338,34.0763],[134.5331,34.0763],[134.5326,34.0762],[134.5326,34.0758],[134.5327,34.0755],[134.5346,34.0758],[134.5347,34.0756],[134.5344,34.0753],[134.5342,34.0752],[134.5341,34.0751],[134.534,34.0751],[134.5339,34.0751],[134.5337,34.075],[134.5325,34.0748],[134.5322,34.0748],[134.5313,34.0746],[134.53,34.0744],[134.53,34.0741],[134.53,34.0741],[134.5292,34.0741],[134.5289,34.074],[134.5283,34.0739],[134.5278,34.0738],[134.5276,34.0737],[134.5271,34.0737],[134.5266,34.0736],[134.5265,34.0736],[134.5264,34.0736],[134.5264,34.0737],[134.5263,34.0737],[134.5261,34.0737],[134.5258,34.0736],[134.5255,34.0736],[134.5251,34.0736],[134.525,34.0736],[134.525,34.0735],[134.525,34.0734],[134.5249,34.0734],[134.5249,34.0734],[134.5248,34.0733],[134.5247,34.0733],[134.5246,34.0734],[134.5245,34.0734],[134.5243,34.0734],[134.524,34.0734],[134.5238,34.0734],[134.5238,34.0734],[134.5237,34.0734],[134.523,34.0733],[134.5228,34.0733],[134.5226,34.0732],[134.5225,34.0731],[134.5223,34.0729],[134.5221,34.0729],[134.522,34.0728],[134.5218,34.0728],[134.5217,34.0728],[134.5216,34.0728],[134.5214,34.0728],[134.5213,34.0728],[134.5212,34.0728],[134.5212,34.0728],[134.521,34.0728],[134.521,34.0728],[134.5211,34.0732],[134.5212,34.0735],[134.5212,34.0738],[134.5212,34.0743],[134.5216,34.0743],[134.5219,34.0743],[134.5222,34.0742],[134.5226,34.0742],[134.5224,34.0749],[134.5224,34.0749],[134.5224,34.0749],[134.5212,34.0747],[134.5212,34.0747],[134.5208,34.0747],[134.5208,34.0745],[134.5208,34.0744],[134.5208,34.0744],[134.5207,34.0743],[134.5207,34.0743],[134.5207,34.0741],[134.5202,34.074],[134.5202,34.074],[134.5202,34.074],[134.5201,34.0739],[134.5202,34.0737],[134.5197,34.0737],[134.5192,34.0736],[134.518,34.0734],[134.5168,34.0733],[134.5169,34.0729],[134.5182,34.0727],[134.5182,34.0727],[134.5182,34.0723],[134.5185,34.0723],[134.5186,34.0723],[134.5186,34.0722],[134.5184,34.0721],[134.5183,34.072],[134.5181,34.0719],[134.5181,34.0718],[134.5178,34.0718],[134.5174,34.0718],[134.5169,34.0718],[134.5167,34.0717],[134.5165,34.0717],[134.5159,34.0717],[134.5155,34.0717],[134.5151,34.0715],[134.515,34.0715],[134.5147,34.0715],[134.5144,34.0715],[134.5141,34.0715],[134.5139,34.0715],[134.5135,34.0714],[134.5132,34.0713],[134.5129,34.0712],[134.5125,34.071],[134.5122,34.0708],[134.5119,34.0707],[134.5114,34.0703],[134.5111,34.0701],[134.5106,34.0699],[134.5101,34.0699],[134.5091,34.0697],[134.5085,34.0697],[134.5081,34.0695],[134.5073,34.0694],[134.5072,34.0694],[134.5071,34.0694],[134.507,34.0694],[134.5068,34.0693],[134.5064,34.0692],[134.5062,34.0693],[134.5055,34.0699],[134.5054,34.0697],[134.5052,34.0699],[134.5049,34.0696],[134.5051,34.0695],[134.5049,34.0692],[134.5056,34.0685],[134.5064,34.0678],[134.5064,34.0678],[134.5064,34.0677],[134.5064,34.0676],[134.5065,34.0674],[134.5066,34.067],[134.5067,34.0669],[134.5067,34.0669],[134.5067,34.0662],[134.5067,34.0655],[134.505,34.0652],[134.505,34.0647],[134.5052,34.064],[134.5052,34.0636],[134.5053,34.0635],[134.5056,34.0635],[134.5059,34.0634],[134.5063,34.0634],[134.5061,34.0631],[134.5061,34.063],[134.506,34.063],[134.5057,34.0625],[134.5056,34.0623],[134.5053,34.0622],[134.5053,34.0622],[134.5053,34.0621],[134.5053,34.0621],[134.5052,34.062],[134.5051,34.0619],[134.505,34.0618],[134.505,34.0618],[134.5048,34.0617],[134.5047,34.0617],[134.5047,34.0616],[134.5045,34.0616],[134.5045,34.0615],[134.5044,34.0615],[134.5043,34.0614],[134.5041,34.0614],[134.504,34.0614],[134.5039,34.0616],[134.5039,34.0617],[134.5039,34.062],[134.5039,34.062],[134.5039,34.062],[134.5035,34.0619],[134.5032,34.062],[134.503,34.062],[134.5029,34.0626],[134.5028,34.0625],[134.5028,34.0625],[134.5027,34.0625],[134.5027,34.0624],[134.5027,34.0624],[134.5027,34.0624],[134.5025,34.0627],[134.5021,34.0625],[134.502,34.0624],[134.5019,34.0623],[134.5019,34.0622],[134.502,34.062],[134.502,34.0619],[134.5022,34.0617],[134.5022,34.0614],[134.5022,34.0613],[134.5022,34.0613],[134.5016,34.061],[134.501,34.0608],[134.5011,34.0605],[134.5012,34.0601],[134.5012,34.06],[134.5012,34.0598],[134.5013,34.0596],[134.5014,34.0596],[134.5014,34.0594],[134.5014,34.0593],[134.5013,34.0592],[134.5013,34.0591],[134.5014,34.0589],[134.5018,34.0586],[134.502,34.0584],[134.5021,34.0584],[134.5021,34.0583],[134.5022,34.0578],[134.5021,34.0578],[134.5018,34.0577],[134.5017,34.0577],[134.5016,34.0578],[134.5015,34.0578],[134.5013,34.0579],[134.5012,34.0581],[134.5009,34.0584],[134.5009,34.0585],[134.5007,34.0587],[134.5005,34.0588],[134.5003,34.0588],[134.5003,34.0588],[134.5002,34.059],[134.5001,34.0592],[134.5001,34.0592],[134.5,34.0594],[134.5,34.0594],[134.4998,34.0595],[134.4997,34.0596],[134.4995,34.0596],[134.4993,34.0595],[134.499,34.0595],[134.4987,34.0593],[134.4985,34.0592],[134.4985,34.0592],[134.4984,34.0588],[134.4985,34.0586],[134.4985,34.0586],[134.4984,34.0585],[134.4984,34.0584],[134.4983,34.0584],[134.4983,34.0584],[134.4982,34.0582],[134.4981,34.058],[134.4981,34.0577],[134.4981,34.0577],[134.4981,34.0576],[134.4981,34.0575],[134.498,34.0574],[134.498,34.0574],[134.4979,34.0574],[134.4978,34.0574],[134.4978,34.0574],[134.4978,34.0575],[134.4976,34.0577],[134.4975,34.0579],[134.4974,34.0576],[134.4973,34.0575],[134.4972,34.0575],[134.497,34.0575],[134.4964,34.0573],[134.496,34.0573],[134.4959,34.0573],[134.4956,34.0572],[134.4954,34.0572],[134.4952,34.0572],[134.4949,34.0572],[134.4946,34.0572],[134.4946,34.0572],[134.4941,34.0573],[134.4938,34.0576],[134.4937,34.0574],[134.4936,34.0573],[134.4937,34.0572],[134.4938,34.0571],[134.4938,34.057],[134.4937,34.0566],[134.4937,34.0566],[134.4936,34.0565],[134.4936,34.0564],[134.4936,34.0564],[134.4938,34.0562],[134.494,34.0558],[134.4941,34.0557],[134.4942,34.0556],[134.4946,34.0556],[134.4946,34.0555],[134.4946,34.0553],[134.4946,34.0552],[134.4945,34.055],[134.4943,34.055],[134.4939,34.0549],[134.4937,34.0548],[134.4933,34.0547],[134.4933,34.0547],[134.4932,34.0546],[134.4931,34.0545],[134.493,34.0544],[134.4929,34.0544],[134.4925,34.0541],[134.4924,34.0541],[134.4922,34.0541],[134.4918,34.0542],[134.4915,34.0542],[134.4912,34.0543],[134.4909,34.0542],[134.4907,34.0541],[134.4906,34.054],[134.4906,34.0541],[134.4907,34.0543],[134.4909,34.0545],[134.4909,34.0546],[134.491,34.055],[134.491,34.055],[134.491,34.0551],[134.4905,34.0545],[134.4901,34.054],[134.4899,34.0538],[134.4898,34.0536],[134.4898,34.0535],[134.4897,34.0534],[134.4894,34.0537],[134.4892,34.0544],[134.4891,34.0549],[134.489,34.055],[134.4878,34.0552],[134.4869,34.0553],[134.487,34.0554],[134.4872,34.0558],[134.4872,34.056],[134.4874,34.0563],[134.4876,34.0569],[134.4896,34.0565],[134.4902,34.0564],[134.4903,34.0564],[134.4904,34.0565],[134.4904,34.0566],[134.4905,34.0569],[134.4905,34.057],[134.4906,34.0572],[134.4904,34.0573],[134.4903,34.0575],[134.4901,34.0576],[134.49,34.0576],[134.49,34.0579],[134.49,34.0581],[134.4901,34.0584],[134.4883,34.0587],[134.4885,34.06],[134.4888,34.061],[134.4893,34.0619],[134.4895,34.0623],[134.4897,34.0633],[134.4899,34.0638],[134.4905,34.0651],[134.4913,34.0661],[134.492,34.067],[134.4922,34.0674],[134.4952,34.066],[134.4952,34.0662],[134.4953,34.0662],[134.496,34.066],[134.4965,34.0669],[134.497,34.0676],[134.497,34.0678],[134.4973,34.0681],[134.4975,34.0686],[134.4978,34.0688],[134.498,34.069],[134.4982,34.0692],[134.4983,34.0694],[134.4984,34.0695],[134.4984,34.0696],[134.4985,34.0698],[134.4979,34.07],[134.4964,34.0707],[134.4955,34.0701],[134.4948,34.0696],[134.4945,34.0694],[134.4939,34.07],[134.4938,34.0699],[134.4937,34.0699],[134.4935,34.0699],[134.4933,34.0699],[134.4932,34.0698],[134.4931,34.0698],[134.4929,34.0697],[134.4928,34.0696],[134.4927,34.0697],[134.4926,34.0697],[134.4924,34.0696],[134.4924,34.0696],[134.4923,34.0698],[134.492,34.0699],[134.492,34.07],[134.4921,34.0704],[134.4922,34.0707],[134.4919,34.0708],[134.4913,34.0709],[134.4912,34.0709],[134.4908,34.0709],[134.4906,34.0709],[134.4902,34.0709],[134.49,34.0709],[134.4898,34.0708],[134.4895,34.0708],[134.4893,34.0708],[134.4883,34.0706],[134.4883,34.0706],[134.4884,34.0701],[134.4885,34.0696],[134.4885,34.0695],[134.4887,34.0696],[134.4888,34.0696],[134.4888,34.0693],[134.4888,34.0691],[134.4889,34.0686],[134.489,34.0686],[134.4891,34.0686],[134.4892,34.0686],[134.4893,34.0686],[134.4894,34.0687],[134.4895,34.0687],[134.4895,34.0687],[134.4896,34.0687],[134.4896,34.0688],[134.4896,34.0688],[134.4897,34.0688],[134.4898,34.0688],[134.4902,34.0688],[134.4903,34.0688],[134.4904,34.0688],[134.4905,34.0688],[134.4906,34.0691],[134.4911,34.069],[134.4911,34.069],[134.4906,34.0678],[134.4906,34.0677],[134.4902,34.0678],[134.4899,34.0678],[134.4894,34.0677],[134.4884,34.0676],[134.4884,34.0676],[134.4883,34.0675],[134.4881,34.0674],[134.4879,34.0674],[134.4879,34.0675],[134.4879,34.0675],[134.4878,34.0678],[134.4878,34.0682],[134.4877,34.0683],[134.4875,34.0693],[134.4874,34.0694],[134.4874,34.0695],[134.4874,34.0695],[134.4872,34.0704],[134.4863,34.0702],[134.4859,34.0701],[134.4855,34.0702],[134.4855,34.0702],[134.4843,34.0699],[134.4839,34.0699],[134.4834,34.0699],[134.4835,34.0694],[134.4834,34.0692],[134.4834,34.0688],[134.4828,34.0687],[134.4829,34.0678],[134.483,34.0671],[134.4831,34.0669],[134.4829,34.0668],[134.483,34.0665],[134.4832,34.0654],[134.4832,34.0653],[134.4831,34.0652],[134.483,34.0648],[134.4827,34.0648],[134.4825,34.0648],[134.4821,34.0647],[134.482,34.0647],[134.4818,34.0647],[134.4819,34.0649],[134.4819,34.065],[134.4819,34.0653],[134.4818,34.0654],[134.4818,34.0655],[134.4818,34.0657],[134.4817,34.0659],[134.4814,34.0659],[134.4811,34.066],[134.4807,34.0659],[134.4806,34.066],[134.4806,34.0663],[134.4807,34.0667],[134.4808,34.0668],[134.4808,34.0669],[134.4808,34.067],[134.4805,34.067],[134.4803,34.067],[134.4802,34.0662],[134.4801,34.066],[134.4798,34.0656],[134.4795,34.0654],[134.4789,34.065],[134.4787,34.0648],[134.4786,34.0647],[134.4786,34.0646],[134.4786,34.0645],[134.4786,34.0645],[134.478,34.0648],[134.478,34.0648],[134.4765,34.0646],[134.4764,34.065],[134.4763,34.0654],[134.4758,34.0652],[134.4754,34.0671],[134.4748,34.0672],[134.4742,34.0671],[134.4741,34.067],[134.4744,34.066],[134.4745,34.0654],[134.4739,34.0653],[134.4732,34.0652],[134.4731,34.0662],[134.473,34.0666],[134.4729,34.0671],[134.4728,34.0677],[134.4728,34.0682],[134.4725,34.069],[134.4724,34.0691],[134.4723,34.0698],[134.4723,34.0699],[134.4721,34.0707],[134.4733,34.0709],[134.4745,34.071],[134.4759,34.0712],[134.4769,34.0713],[134.4772,34.0713],[134.478,34.0714],[134.4779,34.0721],[134.4779,34.0724],[134.4778,34.0726],[134.4778,34.0727],[134.4778,34.0729],[134.4778,34.0729],[134.4778,34.073],[134.4778,34.0731],[134.4779,34.0731],[134.478,34.0731],[134.478,34.0735],[134.478,34.0735],[134.4779,34.0735],[134.4777,34.0735],[134.4776,34.0736],[134.4775,34.0737],[134.4795,34.0739],[134.4795,34.074],[134.4795,34.0743],[134.4795,34.0745],[134.4795,34.0746],[134.4794,34.0748],[134.4793,34.0751],[134.4793,34.0752],[134.4794,34.0755],[134.4794,34.0757],[134.4794,34.0758],[134.4791,34.076],[134.479,34.0761],[134.4788,34.0762],[134.4785,34.0762],[134.4783,34.0773],[134.479,34.0774],[134.4795,34.0775],[134.4798,34.0775],[134.4802,34.0776],[134.4803,34.0776],[134.4805,34.0776],[134.4807,34.0775],[134.4809,34.0776],[134.4812,34.0777],[134.4813,34.0776],[134.4813,34.0773],[134.4813,34.0773],[134.4812,34.0771],[134.4812,34.077],[134.4812,34.077],[134.4813,34.0769],[134.4813,34.0769],[134.4813,34.0768],[134.4812,34.0766],[134.4812,34.0766],[134.4811,34.0765],[134.4809,34.0762],[134.4807,34.076],[134.4806,34.076],[134.4803,34.0758],[134.4802,34.0757],[134.48,34.0757],[134.4804,34.0757],[134.4806,34.0757],[134.4807,34.0757],[134.481,34.0756],[134.4811,34.0755],[134.4811,34.0754],[134.4811,34.0752],[134.4811,34.075],[134.481,34.0745],[134.481,34.0743],[134.481,34.074],[134.4825,34.0742],[134.4839,34.0743],[134.4838,34.075],[134.4838,34.0751],[134.4838,34.076],[134.4838,34.076],[134.4838,34.076],[134.4843,34.076],[134.4842,34.0765],[134.4842,34.0768],[134.4842,34.077],[134.4842,34.0771],[134.4842,34.0771],[134.4843,34.0771],[134.4844,34.0772],[134.4844,34.0777],[134.4844,34.0781],[134.4851,34.0782],[134.4861,34.0783],[134.4861,34.0782],[134.4863,34.0778],[134.4865,34.0778],[134.4868,34.0779],[134.487,34.0779],[134.4872,34.0779],[134.4873,34.0779],[134.4874,34.0779],[134.4875,34.0776],[134.4877,34.0769],[134.4878,34.0766],[134.4879,34.0762],[134.488,34.0759],[134.4881,34.0757],[134.4881,34.0752],[134.4882,34.0747],[134.4886,34.0748],[134.4889,34.0748],[134.4894,34.0749],[134.4907,34.075],[134.4912,34.075],[134.4916,34.0751],[134.4918,34.0751],[134.4926,34.0752],[134.4926,34.0752],[134.4937,34.0754],[134.494,34.0754],[134.4959,34.0757],[134.4969,34.0759],[134.4981,34.0761],[134.4982,34.0761],[134.4986,34.0761],[134.5002,34.0764],[134.5002,34.0764],[134.5003,34.0764],[134.5004,34.0764],[134.502,34.0767],[134.5036,34.077],[134.5046,34.0771],[134.5045,34.0774],[134.5043,34.0778],[134.5042,34.078],[134.5042,34.0781],[134.5042,34.0781],[134.5042,34.0783],[134.5042,34.0787],[134.5042,34.079],[134.5042,34.0792],[134.504,34.0803],[134.5041,34.0805],[134.5041,34.0806],[134.5046,34.0806],[134.5047,34.0804],[134.5052,34.0803],[134.5055,34.0803],[134.5055,34.0804],[134.5063,34.0804],[134.5065,34.0796],[134.5077,34.0797],[134.509,34.0797],[134.5092,34.0797],[134.5092,34.0799],[134.5093,34.0803],[134.5093,34.0804],[134.5093,34.0805],[134.5094,34.0806],[134.5094,34.0808],[134.5096,34.0811],[134.5097,34.0813],[134.5098,34.0814],[134.5095,34.0817],[134.5093,34.0819],[134.5091,34.0822],[134.5091,34.0823],[134.5085,34.0822],[134.5081,34.0821],[134.508,34.0821],[134.508,34.0818],[134.5073,34.082],[134.507,34.082],[134.5065,34.0818],[134.5061,34.0817],[134.5061,34.0825],[134.5061,34.0828],[134.5062,34.0835],[134.5057,34.0836],[134.5045,34.084],[134.504,34.0842],[134.504,34.0851],[134.5037,34.0851],[134.5039,34.0855],[134.5044,34.086],[134.5051,34.0868],[134.5052,34.0867],[134.5068,34.0859],[134.5074,34.0855],[134.5081,34.0857],[134.5081,34.0856],[134.5082,34.0856],[134.5085,34.0859],[134.5087,34.0861],[134.5091,34.0863],[134.5096,34.0865],[134.5093,34.0869],[134.5092,34.087],[134.5091,34.087],[134.5091,34.087],[134.509,34.0874],[134.5092,34.0874],[134.5092,34.0876],[134.5091,34.0878],[134.5084,34.0887],[134.5078,34.0893],[134.5088,34.0898],[134.5081,34.0907],[134.5081,34.0908],[134.508,34.091],[134.5076,34.0915],[134.5073,34.0922],[134.5069,34.0931],[134.5068,34.0935],[134.5071,34.0933],[134.5074,34.0935],[134.5076,34.0936],[134.5078,34.0937],[134.509,34.094],[134.509,34.095],[134.5089,34.0954],[134.5089,34.0958],[134.5088,34.096],[134.5103,34.0961],[134.5104,34.097],[134.5103,34.0971],[134.5103,34.0971],[134.5103,34.0973],[134.5103,34.0974],[134.5102,34.0976],[134.5106,34.0977],[134.5106,34.0977],[134.5107,34.0976],[134.5107,34.0976],[134.5111,34.0976],[134.5111,34.0976],[134.5111,34.0977],[134.5114,34.0977],[134.5116,34.0977],[134.5116,34.0977],[134.5117,34.0978],[134.5117,34.0978],[134.5122,34.0978],[134.5122,34.0978],[134.5123,34.0973],[134.513,34.0973],[134.5134,34.0973],[134.5134,34.0973],[134.5135,34.0973],[134.5136,34.0974],[134.5142,34.0974],[134.5144,34.0966],[134.5144,34.0966],[134.5146,34.0956],[134.5158,34.0957],[134.5158,34.0957],[134.5159,34.0948],[134.516,34.0948],[134.5161,34.0949],[134.5163,34.0949],[134.5164,34.0949],[134.5165,34.0949],[134.5167,34.0937],[134.5171,34.0925],[134.516,34.0922],[134.5137,34.0916],[134.5145,34.0896],[134.5145,34.0896],[134.5147,34.0896],[134.5147,34.0896],[134.5147,34.0891],[134.5147,34.0891],[134.5146,34.0882],[134.5144,34.0871],[134.5159,34.0868],[134.5165,34.0867],[134.5172,34.0865],[134.5172,34.0866],[134.5172,34.0869],[134.5172,34.0873],[134.5172,34.0876],[134.5171,34.0879],[134.5171,34.0885],[134.5169,34.0886],[134.5168,34.0887],[134.5166,34.0892],[134.5165,34.0893],[134.5162,34.0894],[134.5162,34.0892],[134.5158,34.0893],[134.5157,34.0892],[134.5156,34.0893],[134.5155,34.0893],[134.5153,34.0893],[134.5153,34.0896],[134.5155,34.0896],[134.5156,34.0896],[134.5157,34.09],[134.516,34.09],[134.516,34.0901],[134.5163,34.0902],[134.5167,34.0905],[134.5173,34.0908],[134.5179,34.0911],[134.5188,34.0914],[134.5191,34.0915],[134.5193,34.0915],[134.5193,34.0915],[134.5193,34.0915],[134.5191,34.0913],[134.5189,34.0912],[134.5189,34.0912],[134.5188,34.0908],[134.5187,34.0903],[134.519,34.0903],[134.5194,34.0904],[134.5197,34.0905],[134.5203,34.0907],[134.5205,34.0908],[134.5206,34.0908],[134.5206,34.0908],[134.5209,34.0906],[134.5211,34.0904],[134.5213,34.0906],[134.5214,34.0907],[134.5215,34.0908],[134.5212,34.091],[134.5212,34.0911],[134.5211,34.0914],[134.521,34.0916],[134.521,34.0916],[134.521,34.0917],[134.521,34.0917],[134.5211,34.0917],[134.5216,34.0918],[134.5219,34.0918],[134.5223,34.0918],[134.5227,34.0918],[134.5231,34.0918],[134.5233,34.0917],[134.5235,34.0917],[134.5237,34.0917],[134.5226,34.0935],[134.523,34.0936],[134.5234,34.0937],[134.5237,34.0938],[134.524,34.0939],[134.5243,34.094],[134.5247,34.0941],[134.5252,34.0944],[134.5254,34.0945],[134.5257,34.0946],[134.5264,34.0931],[134.5268,34.0922],[134.5269,34.0922],[134.5274,34.0921],[134.5276,34.092],[134.5281,34.0919],[134.5287,34.0917],[134.5287,34.0918],[134.5287,34.0919],[134.5287,34.0921],[134.5287,34.0924],[134.5286,34.0927],[134.5287,34.0928],[134.5287,34.0929],[134.5287,34.0929],[134.5286,34.0937],[134.5288,34.0937],[134.5291,34.0938],[134.5296,34.0939],[134.5298,34.0939],[134.5299,34.0938],[134.5299,34.0938],[134.5301,34.0938],[134.5303,34.0937],[134.5306,34.0935],[134.5311,34.0933],[134.5316,34.0931],[134.5319,34.093],[134.5322,34.0929],[134.5325,34.0935],[134.5326,34.0937],[134.5327,34.0938],[134.5327,34.0938],[134.5327,34.0939],[134.5327,34.0939],[134.5327,34.094],[134.5326,34.094],[134.5325,34.0941],[134.5321,34.0942],[134.532,34.0943],[134.5317,34.0943],[134.5316,34.0944],[134.5326,34.0964],[134.5334,34.0964],[134.5341,34.0964],[134.5348,34.0963],[134.5354,34.0962],[134.5359,34.0961],[134.5365,34.0959],[134.5369,34.0958],[134.5377,34.0956],[134.5381,34.0955],[134.5386,34.0954],[134.5392,34.0953],[134.5396,34.0952],[134.5411,34.0952],[134.542,34.0952],[134.5443,34.095],[134.545,34.0949],[134.5452,34.0948],[134.5458,34.0947],[134.5489,34.0942],[134.5498,34.094],[134.5514,34.0979],[134.5528,34.1013],[134.5529,34.1014],[134.5525,34.1023],[134.553,34.1027],[134.5528,34.1031],[134.5532,34.1036],[134.5532,34.1038],[134.5532,34.1039],[134.5522,34.1035],[134.5521,34.1034],[134.551,34.1031],[134.5511,34.103],[134.5508,34.103],[134.5505,34.1029],[134.5504,34.1029],[134.5504,34.103],[134.5502,34.1037],[134.5506,34.1038],[134.5508,34.1039],[134.5509,34.1038],[134.5511,34.1038],[134.5511,34.1039],[134.5511,34.1039],[134.5515,34.1041],[134.5514,34.1042],[134.5514,34.1043],[134.551,34.1045],[134.5511,34.1047],[134.5512,34.105],[134.5509,34.1051],[134.5506,34.1052],[134.5508,34.1055],[134.5509,34.1057],[134.551,34.1057],[134.5511,34.1058],[134.5512,34.1058],[134.5513,34.1059],[134.5514,34.1061],[134.5521,34.1074],[134.5522,34.1077],[134.5523,34.108],[134.5524,34.1086],[134.5525,34.1087],[134.5534,34.1085],[134.5539,34.1084],[134.5541,34.1084],[134.5542,34.1084],[134.5543,34.1083],[134.5543,34.1083],[134.5554,34.1082],[134.5563,34.1083],[134.5565,34.1083],[134.5565,34.1083],[134.5565,34.1083],[134.5565,34.1084],[134.5565,34.1091],[134.5565,34.1095],[134.5567,34.1097],[134.5567,34.1097],[134.5568,34.1098],[134.5569,34.1098],[134.5571,34.1099],[134.5573,34.1101],[134.5575,34.1102],[134.5576,34.1103],[134.5577,34.1104],[134.5579,34.1105],[134.5581,34.1107],[134.5581,34.1111],[134.5581,34.1112],[134.5581,34.1113],[134.558,34.1115],[134.558,34.1117],[134.558,34.1117],[134.5581,34.1119],[134.5583,34.1121],[134.5584,34.1121],[134.5584,34.1122],[134.5584,34.1123],[134.5585,34.1124],[134.5585,34.1132],[134.5585,34.1134],[134.5584,34.1135],[134.5583,34.1135],[134.5583,34.1135],[134.5578,34.1135],[134.5574,34.1134],[134.5572,34.1135],[134.5569,34.1138],[134.5568,34.114],[134.5565,34.1143],[134.5564,34.1144],[134.5564,34.1145],[134.5564,34.1145],[134.5564,34.1146],[134.5562,34.1147],[134.5562,34.1147],[134.5561,34.1148],[134.5558,34.1151],[134.5558,34.1152],[134.5558,34.1153],[134.5558,34.1154],[134.5558,34.1158],[134.5558,34.116],[134.5557,34.1161],[134.5556,34.1161],[134.5555,34.1161],[134.5551,34.1161],[134.5554,34.1165],[134.5555,34.1167],[134.5556,34.1168],[134.5556,34.1168],[134.556,34.1176],[134.5559,34.118],[134.556,34.1181],[134.5562,34.1184],[134.5562,34.1184],[134.5564,34.1188],[134.5565,34.1189],[134.5565,34.119],[134.5566,34.1191],[134.5566,34.1193],[134.5568,34.1198],[134.5568,34.1198],[134.5569,34.12],[134.5571,34.1205],[134.5571,34.1206],[134.5574,34.1211],[134.5574,34.1212],[134.5575,34.1214],[134.5575,34.1215],[134.5576,34.1217],[134.5576,34.1217],[134.5577,34.122],[134.5583,34.1221],[134.5585,34.1221],[134.5585,34.1221],[134.5587,34.1219],[134.5591,34.1216],[134.5595,34.1213],[134.5598,34.1211],[134.5602,34.1209],[134.5604,34.1202],[134.5617,34.1196]]]},"properties":{"name":"徳島市","pop":1}},{"type":"Feature","geometry":{"type":"Polygon","coordinates":[[[134.6285,34.177],[134.6285,34.1772],[134.6286,34.1773],[134.629,34.1772],[134.6295,34.1772],[134.6295,34.1767],[134.6292,34.1768],[134.6287,34.1769],[134.6285,34.177]]]},"properties":{"name":"鳴門市","pop":1}},{"type":"Feature","geometry":{"type":"Polygon","coordinates":[[[134.6285,34.177],[134.6284,34.1768],[134.6283,34.1765],[134.6282,34.1763],[134.6282,34.1761],[134.6281,34.1759],[134.628,34.1758],[134.6277,34.1755],[134.6276,34.1754],[134.6275,34.1753],[134.6275,34.1753],[134.6274,34.1752],[134.6274,34.1751],[134.6272,34.1749],[134.628,34.1746],[134.6283,34.1745],[134.6287,34.1743],[134.6286,34.1741],[134.6285,34.174],[134.6284,34.1739],[134.6282,34.1739],[134.6281,34.1739],[134.6279,34.1736],[134.6277,34.1733],[134.6274,34.1732],[134.6273,34.1731],[134.628,34.1728],[134.6286,34.1725],[134.6285,34.1724],[134.6285,34.1723],[134.6285,34.1722],[134.6285,34.1721],[134.6287,34.172],[134.6287,34.172],[134.6289,34.1719],[134.6283,34.1713],[134.6281,34.1714],[134.6278,34.1716],[134.6274,34.1718],[134.6273,34.1718],[134.6272,34.1719],[134.6272,34.1719],[134.6271,34.1719],[134.627,34.1717],[134.6269,34.1716],[134.6269,34.1714],[134.6268,34.1713],[134.6268,34.1712],[134.6268,34.1712],[134.6268,34.1711],[134.6269,34.1711],[134.6269,34.1711],[134.6268,34.1708],[134.6267,34.1708],[134.6267,34.1708],[134.6265,34.1708],[134.6264,34.1708],[134.6264,34.1708],[134.6264,34.1707],[134.6264,34.1707],[134.6263,34.1708],[134.626,34.1708],[134.626,34.1709],[134.626,34.1711],[134.626,34.1713],[134.625,34.1713],[134.625,34.1711],[134.625,34.171],[134.625,34.1708],[134.625,34.1704],[134.625,34.17],[134.625,34.1696],[134.625,34.1693],[134.625,34.1691],[134.6247,34.1687],[134.6245,34.1685],[134.6245,34.1684],[134.6231,34.1692],[134.6228,34.1689],[134.6227,34.1688],[134.6228,34.1688],[134.6228,34.1686],[134.6228,34.1684],[134.6226,34.1683],[134.6226,34.1681],[134.6225,34.1679],[134.6224,34.1678],[134.6223,34.1677],[134.6222,34.1675],[134.6219,34.1671],[134.6233,34.1662],[134.623,34.1658],[134.6224,34.1652],[134.622,34.1649],[134.6219,34.1647],[134.6214,34.1643],[134.6211,34.164],[134.6203,34.1633],[134.6201,34.1634],[134.6196,34.1636],[134.6192,34.1638],[134.6197,34.1644],[134.6193,34.1645],[134.6192,34.1643],[134.6187,34.1646],[134.6184,34.1642],[134.6179,34.1644],[134.6173,34.1647],[134.6166,34.165],[134.6163,34.1652],[134.616,34.1648],[134.6159,34.1645],[134.6157,34.1642],[134.6155,34.1638],[134.6148,34.1641],[134.6149,34.1643],[134.6151,34.1646],[134.6152,34.1649],[134.6156,34.1655],[134.6148,34.1658],[134.6147,34.1659],[134.6142,34.1661],[134.6129,34.1667],[134.6126,34.1668],[134.6121,34.1671],[134.6123,34.1676],[134.6124,34.1679],[134.6126,34.1686],[134.6127,34.1685],[134.6131,34.1684],[134.6134,34.1684],[134.6148,34.1684],[134.6148,34.1699],[134.6148,34.1704],[134.6148,34.1724],[134.6148,34.1724],[134.6146,34.1723],[134.6142,34.1722],[134.6125,34.172],[134.6128,34.1708],[134.6127,34.1699],[134.6105,34.1696],[134.6095,34.1696],[134.6095,34.1704],[134.6087,34.1706],[134.6077,34.1707],[134.6074,34.1722],[134.6074,34.1723],[134.6072,34.1721],[134.6072,34.1721],[134.6072,34.1721],[134.6066,34.1717],[134.6067,34.1711],[134.6067,34.1706],[134.6067,34.1705],[134.6066,34.1703],[134.6065,34.17],[134.6064,34.1697],[134.6076,34.1693],[134.6077,34.1684],[134.6073,34.1682],[134.607,34.1682],[134.6066,34.1681],[134.6066,34.1679],[134.6064,34.1679],[134.6064,34.1675],[134.6065,34.1675],[134.6065,34.1673],[134.6061,34.1672],[134.6061,34.1676],[134.6061,34.1676],[134.6061,34.1679],[134.6061,34.1679],[134.6061,34.168],[134.6052,34.168],[134.6052,34.1675],[134.6052,34.1667],[134.605,34.1667],[134.6048,34.1668],[134.6046,34.1668],[134.6043,34.1669],[134.6041,34.167],[134.6039,34.1671],[134.6039,34.167],[134.6027,34.1673],[134.6025,34.1674],[134.6026,34.1675],[134.6025,34.1675],[134.6024,34.1675],[134.6024,34.1674],[134.6024,34.1674],[134.6022,34.1671],[134.602,34.1672],[134.6013,34.1676],[134.6011,34.1674],[134.6009,34.1672],[134.6007,34.1671],[134.6006,34.1671],[134.6005,34.167],[134.6002,34.167],[134.6001,34.1669],[134.6001,34.1668],[134.6,34.1666],[134.5984,34.167],[134.5984,34.1677],[134.5982,34.1678],[134.5978,34.168],[134.5976,34.1681],[134.5974,34.1681],[134.5968,34.1683],[134.5966,34.1684],[134.5966,34.1683],[134.5966,34.1682],[134.5965,34.1682],[134.5966,34.1679],[134.5966,34.1677],[134.5967,34.1675],[134.5963,34.1676],[134.5955,34.1678],[134.5953,34.1678],[134.5951,34.1679],[134.5948,34.1679],[134.5944,34.1678],[134.594,34.1678],[134.5916,34.1673],[134.591,34.1686],[134.591,34.1687],[134.5907,34.1693],[134.5905,34.1696],[134.5903,34.1703],[134.5898,34.1701],[134.5897,34.1701],[134.5896,34.17],[134.5895,34.17],[134.5894,34.17],[134.5889,34.17],[134.5888,34.1701],[134.5887,34.1704],[134.5886,34.1707],[134.5888,34.1708],[134.5891,34.1709],[134.5896,34.171],[134.5899,34.1711],[134.5904,34.1712],[134.5907,34.1712],[134.5909,34.1713],[134.5917,34.1714],[134.5918,34.1714],[134.5918,34.1724],[134.5917,34.1724],[134.5916,34.1734],[134.5925,34.1735],[134.5925,34.1733],[134.5926,34.1731],[134.5927,34.173],[134.5929,34.173],[134.593,34.1729],[134.593,34.1728],[134.593,34.1727],[134.5931,34.1725],[134.5932,34.1725],[134.5933,34.1726],[134.5937,34.1724],[134.5938,34.1726],[134.5939,34.1727],[134.594,34.1728],[134.5942,34.1728],[134.5945,34.1729],[134.5946,34.1729],[134.5945,34.1733],[134.5943,34.1737],[134.5953,34.1738],[134.5966,34.174],[134.5977,34.1742],[134.5981,34.1743],[134.6,34.1747],[134.6003,34.1748],[134.6019,34.1752],[134.6017,34.1756],[134.6015,34.1761],[134.6028,34.1764],[134.6025,34.1769],[134.6022,34.1774],[134.6022,34.1774],[134.6017,34.1781],[134.6009,34.1777],[134.6006,34.1783],[134.6004,34.1784],[134.6003,34.1787],[134.6,34.179],[134.5997,34.1794],[134.5994,34.1799],[134.5992,34.1801],[134.599,34.1804],[134.5991,34.1805],[134.5993,34.1805],[134.6,34.1808],[134.5997,34.1812],[134.5995,34.1815],[134.5993,34.1817],[134.5998,34.1819],[134.5997,34.182],[134.6003,34.1822],[134.6002,34.1823],[134.6001,34.1825],[134.5999,34.1826],[134.5997,34.1828],[134.5995,34.183],[134.5994,34.1831],[134.5992,34.1835],[134.599,34.1837],[134.599,34.1839],[134.5984,34.1837],[134.5984,34.1836],[134.5979,34.1835],[134.5977,34.1834],[134.5979,34.1829],[134.5982,34.183],[134.5985,34.1826],[134.5979,34.1823],[134.5978,34.1825],[134.597,34.1822],[134.5971,34.182],[134.5967,34.1818],[134.5961,34.1821],[134.5957,34.1816],[134.5956,34.1812],[134.5956,34.1812],[134.5954,34.1812],[134.5954,34.1812],[134.5953,34.1811],[134.5952,34.1812],[134.5951,34.1812],[134.5951,34.1816],[134.595,34.1817],[134.5949,34.1817],[134.5946,34.182],[134.5946,34.182],[134.5943,34.1819],[134.594,34.1818],[134.5939,34.1818],[134.5939,34.1818],[134.5939,34.1823],[134.5938,34.1824],[134.5937,34.1824],[134.5936,34.1825],[134.5934,34.1825],[134.5932,34.1825],[134.5932,34.1825],[134.5931,34.1828],[134.5934,34.1829],[134.5935,34.183],[134.5936,34.1831],[134.5936,34.1831],[134.5941,34.1832],[134.5944,34.1833],[134.5946,34.1834],[134.5947,34.1834],[134.5948,34.1834],[134.5954,34.1835],[134.5954,34.1835],[134.5954,34.1836],[134.5953,34.1837],[134.5953,34.1838],[134.5952,34.184],[134.5952,34.1842],[134.5952,34.1845],[134.5952,34.1847],[134.5953,34.185],[134.5952,34.1852],[134.5951,34.1853],[134.5951,34.1854],[134.5951,34.1855],[134.5951,34.186],[134.5951,34.186],[134.5951,34.1866],[134.5951,34.1871],[134.5952,34.187],[134.5954,34.187],[134.5955,34.187],[134.5956,34.187],[134.5957,34.1872],[134.5964,34.1872],[134.5972,34.1871],[134.5973,34.1867],[134.5974,34.186],[134.5981,34.1862],[134.5984,34.1863],[134.5994,34.1865],[134.5998,34.1854],[134.6012,34.1858],[134.6012,34.186],[134.6011,34.1866],[134.6011,34.1871],[134.6011,34.1874],[134.601,34.1876],[134.6009,34.1876],[134.5998,34.1873],[134.5992,34.1871],[134.599,34.1874],[134.599,34.1875],[134.5986,34.1885],[134.5976,34.1883],[134.5976,34.1884],[134.5971,34.1884],[134.5969,34.1884],[134.5968,34.1884],[134.5968,34.1886],[134.5967,34.1887],[134.5963,34.1887],[134.5955,34.1886],[134.5956,34.1891],[134.5966,34.189],[134.5966,34.1891],[134.5966,34.1892],[134.5965,34.1894],[134.5965,34.1895],[134.5964,34.1896],[134.5964,34.1897],[134.5964,34.1899],[134.5964,34.1901],[134.5964,34.1904],[134.5959,34.1904],[134.5948,34.1904],[134.5948,34.1902],[134.5952,34.1902],[134.5953,34.1896],[134.5953,34.1892],[134.5951,34.1892],[134.5946,34.1893],[134.5941,34.1894],[134.5938,34.1895],[134.5934,34.1897],[134.5932,34.1897],[134.5929,34.1899],[134.5925,34.1901],[134.5923,34.1902],[134.5922,34.1903],[134.592,34.1904],[134.5922,34.1907],[134.5922,34.1909],[134.5923,34.1909],[134.5924,34.1911],[134.5918,34.1914],[134.5921,34.1919],[134.5923,34.1918],[134.5926,34.1916],[134.5928,34.1915],[134.593,34.1915],[134.5932,34.1915],[134.5933,34.1914],[134.5934,34.1914],[134.5936,34.1914],[134.5939,34.1914],[134.5941,34.1915],[134.5944,34.1915],[134.5948,34.1914],[134.5953,34.1914],[134.5955,34.1914],[134.5958,34.1915],[134.596,34.1916],[134.5963,34.1918],[134.5964,34.1919],[134.5967,34.192],[134.5967,34.192],[134.5969,34.1921],[134.5969,34.1923],[134.5969,34.1924],[134.5969,34.1924],[134.5969,34.1925],[134.5969,34.1928],[134.5969,34.193],[134.5966,34.1932],[134.5964,34.1934],[134.5961,34.1937],[134.5956,34.1941],[134.5954,34.1943],[134.5965,34.1944],[134.5966,34.1945],[134.597,34.1945],[134.597,34.1946],[134.597,34.1948],[134.5969,34.1948],[134.5969,34.195],[134.5969,34.195],[134.5969,34.195],[134.5969,34.195],[134.597,34.195],[134.5971,34.195],[134.5971,34.195],[134.5971,34.195],[134.5971,34.195],[134.5971,34.195],[134.5972,34.1949],[134.5972,34.1949],[134.5972,34.1949],[134.5971,34.1948],[134.5971,34.1948],[134.5972,34.1948],[134.5972,34.1948],[134.5973,34.1947],[134.5973,34.1947],[134.5974,34.1946],[134.5974,34.1946],[134.5975,34.1946],[134.5975,34.1946],[134.5974,34.1946],[134.5974,34.1946],[134.5974,34.1945],[134.5974,34.1945],[134.5975,34.1944],[134.5976,34.1945],[134.5976,34.1945],[134.5977,34.1945],[134.5977,34.1945],[134.5977,34.1945],[134.5977,34.1945],[134.5977,34.1945],[134.5977,34.1945],[134.5977,34.1945],[134.5977,34.1945],[134.5978,34.1945],[134.5978,34.1945],[134.598,34.1944],[134.598,34.1943],[134.5981,34.1943],[134.5981,34.1943],[134.5981,34.1943],[134.5981,34.1943],[134.5981,34.1943],[134.5982,34.1942],[134.5983,34.1942],[134.5984,34.1942],[134.5984,34.1941],[134.5985,34.1941],[134.5985,34.1941],[134.5985,34.1941],[134.5986,34.194],[134.5988,34.194],[134.5989,34.1939],[134.5989,34.1939],[134.5989,34.1939],[134.5989,34.1939],[134.599,34.1939],[134.599,34.1938],[134.5991,34.1938],[134.5991,34.1938],[134.5991,34.1938],[134.5992,34.1938],[134.5992,34.1938],[134.5993,34.1937],[134.5993,34.1937],[134.5995,34.1937],[134.5995,34.1936],[134.5996,34.1936],[134.5997,34.1936],[134.5998,34.1935],[134.6,34.1935],[134.6,34.1935],[134.6,34.1935],[134.6,34.1935],[134.6,34.1935],[134.6,34.1935],[134.6,34.1935],[134.6,34.1934],[134.6,34.1934],[134.6,34.1934],[134.6,34.1934],[134.6001,34.1934],[134.6001,34.1934],[134.6001,34.1934],[134.6002,34.1934],[134.6003,34.1933],[134.6004,34.1933],[134.6005,34.1932],[134.6006,34.1932],[134.6007,34.1932],[134.6007,34.1932],[134.6008,34.1932],[134.6008,34.1932],[134.6008,34.1932],[134.6007,34.1932],[134.6009,34.1931],[134.6009,34.1931],[134.6009,34.1931],[134.6009,34.1931],[134.6011,34.1931],[134.6012,34.193],[134.6013,34.193],[134.6013,34.193],[134.6013,34.193],[134.6014,34.193],[134.6014,34.193],[134.6014,34.193],[134.6014,34.193],[134.6014,34.193],[134.6015,34.193],[134.6015,34.193],[134.6015,34.193],[134.6017,34.1929],[134.6018,34.1929],[134.6018,34.1929],[134.6018,34.1929],[134.6018,34.1929],[134.6018,34.1929],[134.6019,34.1929],[134.602,34.1929],[134.6021,34.1928],[134.6022,34.1928],[134.6022,34.1928],[134.6023,34.1928],[134.6024,34.1928],[134.6026,34.1928],[134.6028,34.1928],[134.6028,34.1928],[134.6027,34.1928],[134.6027,34.1928],[134.6028,34.1929],[134.6028,34.1929],[134.6032,34.1929],[134.6034,34.1929],[134.6034,34.1928],[134.6034,34.1928],[134.6033,34.1928],[134.6033,34.1928],[134.6033,34.1928],[134.6033,34.1928],[134.6034,34.1928],[134.6034,34.1928],[134.6034,34.1928],[134.6034,34.1928],[134.6035,34.1927],[134.6036,34.1927],[134.6037,34.1926],[134.6038,34.1926],[134.6038,34.1926],[134.6038,34.1926],[134.6038,34.1926],[134.6038,34.1926],[134.6039,34.1925],[134.6041,34.1924],[134.6041,34.1924],[134.6042,34.1924],[134.6044,34.1923],[134.6044,34.1923],[134.6045,34.1923],[134.6047,34.1923],[134.6048,34.1922],[134.605,34.1922],[134.6051,34.1921],[134.6054,34.1921],[134.6054,34.1921],[134.6055,34.192],[134.6057,34.192],[134.6057,34.192],[134.6057,34.192],[134.6058,34.192],[134.6058,34.192],[134.6059,34.1919],[134.6059,34.1919],[134.606,34.1919],[134.6061,34.1919],[134.6063,34.1918],[134.6063,34.1918],[134.6065,34.1918],[134.6067,34.1925],[134.6067,34.1925],[134.6068,34.1927],[134.6069,34.1929],[134.6068,34.1929],[134.607,34.1929],[134.6072,34.193],[134.6073,34.193],[134.6072,34.1929],[134.6075,34.1929],[134.6075,34.193],[134.6083,34.1927],[134.6083,34.1927],[134.6075,34.1929],[134.6075,34.1929],[134.6075,34.1929],[134.6075,34.1928],[134.6073,34.1929],[134.6072,34.1929],[134.607,34.1928],[134.607,34.1928],[134.6069,34.1928],[134.6067,34.1921],[134.6068,34.192],[134.6069,34.1921],[134.6069,34.1921],[134.6069,34.1923],[134.6069,34.1923],[134.607,34.1924],[134.607,34.1924],[134.607,34.1925],[134.6071,34.1924],[134.607,34.1924],[134.607,34.1924],[134.6069,34.192],[134.6069,34.192],[134.6069,34.192],[134.6069,34.192],[134.6069,34.1919],[134.6069,34.1919],[134.6069,34.1919],[134.6069,34.1919],[134.6069,34.1918],[134.6075,34.1917],[134.6074,34.1917],[134.6074,34.1916],[134.6073,34.1917],[134.6069,34.1918],[134.6069,34.1917],[134.607,34.1917],[134.6071,34.1916],[134.6079,34.1914],[134.6081,34.1914],[134.6083,34.1913],[134.6079,34.1897],[134.6079,34.189],[134.6079,34.1886],[134.6079,34.1884],[134.6079,34.1883],[134.6079,34.1882],[134.6079,34.1881],[134.6079,34.188],[134.6079,34.1876],[134.6076,34.187],[134.6074,34.187],[134.6073,34.1871],[134.6071,34.1874],[134.6068,34.1874],[134.6067,34.1874],[134.6064,34.1874],[134.6061,34.1874],[134.6054,34.1875],[134.6054,34.1865],[134.6054,34.1864],[134.6054,34.1862],[134.6055,34.1858],[134.6048,34.1859],[134.6048,34.1858],[134.6048,34.1856],[134.6047,34.1852],[134.6047,34.1849],[134.6051,34.1851],[134.6052,34.1849],[134.6056,34.1848],[134.6057,34.1848],[134.6057,34.1848],[134.6059,34.1848],[134.6059,34.1848],[134.6062,34.1849],[134.6063,34.1848],[134.6064,34.1847],[134.6065,34.1846],[134.6066,34.1845],[134.6067,34.1845],[134.6068,34.1844],[134.6069,34.1843],[134.607,34.1842],[134.607,34.1841],[134.6074,34.1836],[134.6076,34.1833],[134.6079,34.1837],[134.6078,34.1837],[134.608,34.184],[134.6082,34.1839],[134.6083,34.1838],[134.6085,34.1836],[134.6086,34.1835],[134.6088,34.1835],[134.6089,34.1834],[134.6091,34.1835],[134.6092,34.1835],[134.6095,34.1835],[134.6097,34.1835],[134.6098,34.1836],[134.6099,34.1836],[134.61,34.1836],[134.6101,34.1837],[134.6102,34.1837],[134.6102,34.1837],[134.6102,34.1837],[134.6102,34.1838],[134.6103,34.1839],[134.6106,34.1844],[134.6108,34.1861],[134.6108,34.1862],[134.6107,34.1863],[134.6107,34.1865],[134.6107,34.1866],[134.6107,34.1867],[134.6107,34.1871],[134.6107,34.1872],[134.611,34.1871],[134.6111,34.187],[134.611,34.1868],[134.6114,34.1866],[134.6121,34.1864],[134.613,34.1859],[134.613,34.1857],[134.6129,34.1853],[134.6134,34.1851],[134.6131,34.1845],[134.6137,34.1843],[134.6138,34.1843],[134.6141,34.1849],[134.6143,34.1849],[134.6148,34.1846],[134.615,34.1844],[134.6154,34.1841],[134.6156,34.1843],[134.6159,34.1841],[134.616,34.1841],[134.6161,34.1841],[134.6162,34.184],[134.6162,34.184],[134.6169,34.1844],[134.6167,34.1847],[134.6167,34.1847],[134.6168,34.1848],[134.6168,34.1848],[134.6169,34.1849],[134.6168,34.185],[134.6169,34.1851],[134.6169,34.1851],[134.6171,34.1853],[134.6171,34.1853],[134.6172,34.1853],[134.6172,34.1852],[134.6175,34.1854],[134.6176,34.1855],[134.6177,34.1856],[134.6179,34.1857],[134.618,34.1857],[134.6182,34.1857],[134.6183,34.1858],[134.6185,34.1858],[134.6186,34.1858],[134.6187,34.1858],[134.6189,34.1858],[134.619,34.1857],[134.6191,34.1857],[134.6191,34.1857],[134.6191,34.1856],[134.6192,34.1856],[134.6193,34.1856],[134.6193,34.1856],[134.6193,34.1855],[134.6194,34.1854],[134.6194,34.1854],[134.6194,34.1854],[134.6195,34.1853],[134.6195,34.1853],[134.6195,34.1852],[134.6195,34.1852],[134.6195,34.1853],[134.6195,34.1852],[134.6195,34.1851],[134.6194,34.1851],[134.6194,34.1851],[134.6194,34.185],[134.6195,34.185],[134.6196,34.1849],[134.6197,34.1848],[134.6198,34.1848],[134.6198,34.1847],[134.6199,34.1847],[134.6199,34.1847],[134.6199,34.1847],[134.6199,34.1847],[134.62,34.1846],[134.62,34.1846],[134.62,34.1846],[134.6201,34.1845],[134.6201,34.1845],[134.6202,34.1844],[134.6202,34.1844],[134.6203,34.1844],[134.6203,34.1843],[134.6204,34.1844],[134.6206,34.1843],[134.6205,34.1842],[134.6205,34.1842],[134.6205,34.1842],[134.6205,34.1842],[134.6206,34.1842],[134.6206,34.1842],[134.6206,34.1842],[134.6207,34.1843],[134.6208,34.1844],[134.6206,34.1845],[134.6207,34.1845],[134.621,34.1843],[134.6209,34.1842],[134.6209,34.1843],[134.6208,34.1843],[134.6208,34.1843],[134.6206,34.1842],[134.6206,34.1842],[134.6206,34.1842],[134.6205,34.1841],[134.6206,34.1841],[134.6206,34.1841],[134.6206,34.1841],[134.6206,34.1841],[134.6207,34.184],[134.6208,34.1839],[134.6209,34.1838],[134.621,34.1838],[134.621,34.1837],[134.6211,34.1837],[134.6211,34.1836],[134.6212,34.1836],[134.6212,34.1836],[134.6213,34.1835],[134.6213,34.1835],[134.6214,34.1834],[134.6214,34.1834],[134.6215,34.1833],[134.6215,34.1833],[134.6215,34.1833],[134.6216,34.1832],[134.6217,34.1831],[134.6217,34.1831],[134.6218,34.183],[134.6218,34.183],[134.6219,34.1829],[134.622,34.1828],[134.6221,34.1827],[134.6222,34.1826],[134.6222,34.1826],[134.6223,34.1825],[134.6219,34.1822],[134.6223,34.1812],[134.622,34.1812],[134.6218,34.1812],[134.6218,34.1805],[134.6221,34.1804],[134.6221,34.1803],[134.6218,34.1799],[134.6215,34.18],[134.6212,34.1801],[134.6209,34.1802],[134.6205,34.1804],[134.6204,34.1804],[134.6201,34.1804],[134.6201,34.1806],[134.6198,34.1802],[134.6197,34.1802],[134.6197,34.1802],[134.6196,34.1802],[134.6195,34.1802],[134.6195,34.1802],[134.6194,34.1801],[134.6192,34.18],[134.6191,34.1799],[134.6188,34.1797],[134.6184,34.1796],[134.6183,34.1795],[134.6182,34.1795],[134.6181,34.1795],[134.6181,34.1796],[134.6179,34.1797],[134.6177,34.1794],[134.6174,34.1789],[134.6177,34.1788],[134.6175,34.1786],[134.6175,34.1785],[134.6173,34.1784],[134.6173,34.1784],[134.6171,34.1785],[134.6169,34.1784],[134.6168,34.1783],[134.6167,34.1781],[134.6165,34.1782],[134.6162,34.1781],[134.6161,34.178],[134.6158,34.178],[134.6155,34.1779],[134.6153,34.1779],[134.6153,34.1777],[134.6154,34.1775],[134.6156,34.1775],[134.6162,34.1777],[134.6165,34.1776],[134.6168,34.1776],[134.6171,34.1775],[134.6174,34.1774],[134.6177,34.1774],[134.6178,34.1774],[134.6185,34.1773],[134.6186,34.1773],[134.6193,34.1774],[134.6197,34.1774],[134.6199,34.1775],[134.6201,34.1775],[134.6204,34.1776],[134.6205,34.1776],[134.6207,34.1777],[134.6213,34.1779],[134.6216,34.178],[134.6218,34.1781],[134.6221,34.1783],[134.6222,34.1784],[134.6226,34.1786],[134.623,34.1788],[134.6232,34.1788],[134.6234,34.1787],[134.6236,34.1785],[134.6236,34.178],[134.6233,34.178],[134.6233,34.178],[134.6233,34.1778],[134.6233,34.1778],[134.6233,34.1776],[134.6235,34.1776],[134.6238,34.1776],[134.6238,34.1776],[134.6238,34.1774],[134.6238,34.1772],[134.6238,34.177],[134.6238,34.1768],[134.6238,34.1767],[134.6238,34.1766],[134.6238,34.1764],[134.6234,34.1764],[134.623,34.1764],[134.623,34.1761],[134.6235,34.1759],[134.6236,34.1759],[134.6239,34.1759],[134.6247,34.176],[134.6248,34.1761],[134.6259,34.1758],[134.6259,34.1759],[134.6259,34.176],[134.6264,34.1771],[134.6272,34.177],[134.6273,34.1772],[134.6274,34.1774],[134.6275,34.1773],[134.6278,34.1772],[134.6283,34.1771],[134.6285,34.177]]]},"properties":{"name":"鳴門市","pop":1}},{"type":"Feature","geometry":{"type":"Polygon","coordinates":[[[134.5759,34.0154],[134.576,34.0158],[134.576,34.0159],[134.5759,34.0159],[134.5759,34.016],[134.5759,34.016],[134.5759,34.0161],[134.5759,34.0161],[134.5759,34.0162],[134.576,34.0163],[134.576,34.0164],[134.5761,34.0166],[134.5762,34.0166],[134.5763,34.0166],[134.5764,34.0165],[134.5764,34.0165],[134.5766,34.0165],[134.5767,34.0165],[134.5768,34.0164],[134.5769,34.0164],[134.577,34.0164],[134.577,34.0163],[134.5771,34.0163],[134.5775,34.0162],[134.5772,34.0156],[134.5771,34.0155],[134.577,34.0154],[134.5769,34.0153],[134.5769,34.0153],[134.5769,34.0153],[134.5769,34.0152],[134.5769,34.0152],[134.5768,34.0151],[134.5767,34.015],[134.5767,34.015],[134.5759,34.0154]]]},"properties":{"name":"小松島市","pop":1}},{"type":"Feature","geometry":{"type":"Polygon","coordinates":[[[134.5759,34.0154],[134.5756,34.0147],[134.5753,34.0139],[134.5753,34.0137],[134.5758,34.0137],[134.5761,34.0138],[134.5764,34.0139],[134.5769,34.0141],[134.5776,34.0143],[134.5778,34.0144],[134.5781,34.0144],[134.5787,34.0144],[134.5787,34.015],[134.5787,34.0152],[134.5786,34.0154],[134.5786,34.0154],[134.5785,34.0154],[134.5785,34.0155],[134.5784,34.0156],[134.5786,34.0156],[134.5788,34.0156],[134.5791,34.0156],[134.5792,34.0156],[134.5793,34.0157],[134.5795,34.0157],[134.5797,34.0158],[134.5801,34.0159],[134.5804,34.016],[134.5804,34.0149],[134.5811,34.0151],[134.5813,34.0152],[134.5815,34.0152],[134.5817,34.0153],[134.582,34.0154],[134.5821,34.0154],[134.5821,34.0159],[134.5822,34.016],[134.582,34.0163],[134.5822,34.0163],[134.582,34.0166],[134.5827,34.0169],[134.5828,34.0169],[134.583,34.0165],[134.583,34.0166],[134.5831,34.0166],[134.5832,34.0166],[134.5833,34.0166],[134.5835,34.0167],[134.5836,34.0164],[134.5836,34.0159],[134.5836,34.0159],[134.5836,34.0158],[134.5835,34.0156],[134.584,34.0157],[134.5839,34.0159],[134.5839,34.0159],[134.5839,34.0159],[134.5839,34.016],[134.5838,34.0171],[134.5837,34.0183],[134.5837,34.0183],[134.584,34.0184],[134.584,34.0184],[134.584,34.0184],[134.5841,34.0184],[134.5841,34.0184],[134.5842,34.0185],[134.5842,34.0185],[134.5843,34.0185],[134.5843,34.0185],[134.5844,34.0185],[134.5844,34.0185],[134.5845,34.0186],[134.5845,34.0186],[134.5845,34.0186],[134.5846,34.0186],[134.5846,34.0186],[134.5847,34.0186],[134.5849,34.0186],[134.585,34.0186],[134.585,34.0186],[134.5853,34.0185],[134.5856,34.0185],[134.5856,34.0184],[134.586,34.0185],[134.586,34.0183],[134.5861,34.0176],[134.5861,34.0173],[134.5861,34.0168],[134.5866,34.0168],[134.5862,34.0159],[134.5876,34.016],[134.5878,34.016],[134.5877,34.0162],[134.5877,34.0163],[134.5877,34.0164],[134.5877,34.0165],[134.5877,34.0166],[134.5878,34.0166],[134.5879,34.0167],[134.588,34.0167],[134.5881,34.0168],[134.5882,34.0168],[134.5883,34.0168],[134.5884,34.0169],[134.5885,34.0169],[134.5887,34.017],[134.5888,34.0171],[134.5889,34.0171],[134.5889,34.0171],[134.589,34.0172],[134.589,34.0172],[134.5891,34.0172],[134.5891,34.0173],[134.5892,34.0173],[134.5892,34.0173],[134.5893,34.0173],[134.5894,34.0174],[134.5895,34.0174],[134.5896,34.0174],[134.5896,34.0174],[134.5898,34.0174],[134.5901,34.0179],[134.5906,34.0183],[134.5906,34.0184],[134.5907,34.0186],[134.5908,34.0186],[134.5908,34.0187],[134.5909,34.0188],[134.5913,34.0195],[134.5917,34.0193],[134.5923,34.0191],[134.5936,34.0186],[134.5936,34.0186],[134.5936,34.0186],[134.5937,34.0186],[134.5937,34.0185],[134.5938,34.0185],[134.5938,34.0185],[134.5938,34.0184],[134.5938,34.0184],[134.5938,34.0184],[134.5938,34.0183],[134.5938,34.0183],[134.5939,34.0182],[134.594,34.0182],[134.594,34.0181],[134.594,34.0181],[134.594,34.0181],[134.594,34.018],[134.594,34.0179],[134.5939,34.0178],[134.5939,34.0178],[134.5939,34.0178],[134.5939,34.0178],[134.5939,34.0178],[134.5938,34.0178],[134.5938,34.0179],[134.5938,34.0179],[134.5938,34.0179],[134.5938,34.0179],[134.5936,34.0178],[134.5935,34.0176],[134.5934,34.0176],[134.5934,34.0176],[134.5934,34.0176],[134.5933,34.0176],[134.5933,34.0175],[134.5933,34.0175],[134.5932,34.0174],[134.5932,34.0174],[134.5932,34.0174],[134.5932,34.0173],[134.5932,34.0173],[134.5932,34.0173],[134.5932,34.0172],[134.5932,34.0171],[134.5932,34.0169],[134.5932,34.0167],[134.5932,34.0167],[134.5931,34.0167],[134.5927,34.0166],[134.5928,34.0165],[134.5928,34.0165],[134.5928,34.0162],[134.593,34.0158],[134.5929,34.0157],[134.5929,34.0155],[134.5927,34.0154],[134.5926,34.0154],[134.5928,34.0155],[134.5929,34.0157],[134.5929,34.0158],[134.5927,34.0164],[134.5927,34.0164],[134.5927,34.0164],[134.5925,34.0163],[134.5924,34.0162],[134.5918,34.016],[134.5918,34.0161],[134.5918,34.0161],[134.5917,34.0161],[134.5916,34.016],[134.5916,34.016],[134.5916,34.016],[134.5916,34.016],[134.5916,34.016],[134.5916,34.016],[134.5915,34.016],[134.5915,34.0159],[134.5916,34.0158],[134.5916,34.0157],[134.5917,34.0157],[134.5917,34.0156],[134.5917,34.0156],[134.5917,34.0156],[134.5917,34.0153],[134.5916,34.0151],[134.5916,34.0147],[134.5915,34.0148],[134.5915,34.0146],[134.5917,34.0146],[134.5921,34.0145],[134.5926,34.0147],[134.5925,34.0149],[134.5925,34.0149],[134.5925,34.015],[134.5926,34.0147],[134.5926,34.0147],[134.5931,34.0149],[134.5933,34.0149],[134.5933,34.0149],[134.594,34.0152],[134.5939,34.0152],[134.594,34.0152],[134.594,34.0152],[134.5931,34.0148],[134.5921,34.0145],[134.5917,34.0145],[134.5918,34.0136],[134.5921,34.0136],[134.5921,34.0135],[134.5921,34.013],[134.5922,34.0123],[134.5922,34.0123],[134.5922,34.0123],[134.5922,34.0122],[134.5922,34.0122],[134.5922,34.0121],[134.5921,34.0121],[134.5921,34.0123],[134.5921,34.0123],[134.5919,34.0123],[134.5919,34.0123],[134.5918,34.0123],[134.5918,34.0123],[134.5917,34.0123],[134.5915,34.0122],[134.5915,34.0122],[134.5915,34.0121],[134.5915,34.0121],[134.5914,34.0121],[134.5914,34.0121],[134.5913,34.0121],[134.5914,34.0121],[134.5899,34.012],[134.589,34.0119],[134.589,34.0116],[134.589,34.0114],[134.5891,34.0111],[134.5902,34.011],[134.5912,34.0109],[134.5915,34.0109],[134.5915,34.0106],[134.5915,34.0106],[134.5915,34.0106],[134.5915,34.0106],[134.5915,34.0104],[134.5917,34.0104],[134.5916,34.0103],[134.5916,34.0103],[134.5917,34.0103],[134.5917,34.0103],[134.5917,34.0103],[134.5917,34.0102],[134.5924,34.01],[134.5925,34.0099],[134.5925,34.0099],[134.5925,34.0099],[134.5924,34.0099],[134.5924,34.0099],[134.5922,34.01],[134.5922,34.01],[134.5922,34.01],[134.5922,34.0099],[134.5918,34.0101],[134.5917,34.0101],[134.5917,34.0101],[134.5917,34.0101],[134.5916,34.01],[134.5915,34.0101],[134.5916,34.0097],[134.5916,34.0097],[134.5916,34.0094],[134.5917,34.0094],[134.5918,34.0093],[134.5918,34.0093],[134.5917,34.0092],[134.5917,34.0092],[134.5917,34.0092],[134.5927,34.0088],[134.5926,34.0087],[134.5917,34.0091],[134.5916,34.0091],[134.5916,34.0091],[134.5917,34.0088],[134.5917,34.0086],[134.5917,34.0086],[134.5917,34.0085],[134.5917,34.0085],[134.5917,34.0085],[134.5917,34.0082],[134.5917,34.0082],[134.5917,34.0082],[134.5917,34.0082],[134.5918,34.0082],[134.5918,34.0083],[134.5918,34.0083],[134.5918,34.0083],[134.5919,34.0083],[134.5919,34.0083],[134.5919,34.0083],[134.5919,34.0082],[134.5919,34.0082],[134.5919,34.0082],[134.5919,34.0082],[134.5919,34.0081],[134.5919,34.0081],[134.5919,34.0081],[134.5919,34.0081],[134.5919,34.008],[134.5919,34.008],[134.5919,34.008],[134.5919,34.0079],[134.5919,34.0079],[134.5919,34.008],[134.5919,34.008],[134.5919,34.008],[134.5918,34.008],[134.5918,34.0081],[134.5919,34.0081],[134.5919,34.0081],[134.5919,34.0081],[134.5919,34.0081],[134.5919,34.0081],[134.5919,34.0081],[134.5919,34.0082],[134.5918,34.0082],[134.5918,34.0082],[134.5918,34.0082],[134.5918,34.0082],[134.5918,34.0082],[134.5918,34.0082],[134.5917,34.0082],[134.5917,34.0082],[134.5917,34.008],[134.5916,34.0078],[134.5916,34.0078],[134.5915,34.0078],[134.5915,34.0078],[134.5915,34.0078],[134.591,34.0079],[134.591,34.0079],[134.591,34.0079],[134.5902,34.0081],[134.5901,34.0082],[134.5897,34.0085],[134.5885,34.0092],[134.5882,34.0093],[134.5882,34.0093],[134.5882,34.0087],[134.5882,34.0085],[134.5882,34.0083],[134.5882,34.0083],[134.5883,34.0082],[134.5883,34.0082],[134.5883,34.0081],[134.5883,34.0081],[134.5883,34.0081],[134.5883,34.0081],[134.5883,34.008],[134.5884,34.008],[134.5884,34.008],[134.5884,34.008],[134.5884,34.008],[134.5886,34.008],[134.5886,34.0079],[134.5886,34.0079],[134.5886,34.0079],[134.5886,34.0079],[134.5887,34.0079],[134.5887,34.0078],[134.5888,34.0078],[134.5888,34.0078],[134.5888,34.0078],[134.5889,34.0077],[134.5889,34.0077],[134.5891,34.0076],[134.5893,34.0074],[134.5893,34.0074],[134.5894,34.0073],[134.5893,34.0073],[134.5893,34.0073],[134.5893,34.0073],[134.5893,34.0073],[134.5893,34.0072],[134.5894,34.0071],[134.5896,34.007],[134.5896,34.007],[134.5896,34.007],[134.5896,34.007],[134.5899,34.0068],[134.5901,34.0067],[134.5901,34.0067],[134.5901,34.0067],[134.5901,34.0067],[134.5902,34.0067],[134.5902,34.0066],[134.5902,34.0066],[134.5903,34.0066],[134.5904,34.0066],[134.5903,34.0065],[134.5906,34.0063],[134.5905,34.0062],[134.5905,34.0062],[134.5906,34.0061],[134.5906,34.0061],[134.5907,34.0061],[134.5907,34.0061],[134.5908,34.0061],[134.5906,34.0056],[134.5906,34.0056],[134.5907,34.0056],[134.5907,34.0056],[134.5907,34.0056],[134.5907,34.0056],[134.5907,34.0056],[134.5907,34.0056],[134.5907,34.0056],[134.5907,34.0056],[134.5907,34.0056],[134.5908,34.0056],[134.5908,34.0056],[134.5908,34.0056],[134.5908,34.0056],[134.5908,34.0056],[134.5908,34.0056],[134.5909,34.0056],[134.5911,34.006],[134.5911,34.006],[134.5911,34.0061],[134.5912,34.0061],[134.5912,34.006],[134.5914,34.0062],[134.5913,34.0062],[134.5915,34.0063],[134.5916,34.0067],[134.5917,34.0066],[134.5917,34.0066],[134.5917,34.0067],[134.5918,34.0067],[134.5917,34.0066],[134.5917,34.0066],[134.5917,34.0065],[134.5916,34.0063],[134.5916,34.0063],[134.5915,34.0063],[134.5917,34.0062],[134.5922,34.006],[134.5925,34.0059],[134.5926,34.006],[134.5927,34.0061],[134.593,34.0064],[134.5932,34.0067],[134.5935,34.007],[134.593,34.0073],[134.593,34.0072],[134.5924,34.0069],[134.5922,34.0069],[134.5922,34.0069],[134.5919,34.007],[134.5919,34.007],[134.5924,34.0069],[134.593,34.0073],[134.593,34.0073],[134.5935,34.0071],[134.5935,34.007],[134.5936,34.007],[134.5937,34.0071],[134.5937,34.0071],[134.5937,34.0071],[134.5937,34.0071],[134.5937,34.0071],[134.5937,34.0071],[134.5937,34.0071],[134.5937,34.0071],[134.5937,34.0071],[134.5937,34.0071],[134.5937,34.0071],[134.5937,34.0071],[134.5937,34.0071],[134.5937,34.0071],[134.5937,34.0071],[134.5937,34.0071],[134.5937,34.0071],[134.5937,34.0071],[134.5937,34.0071],[134.5937,34.0071],[134.5937,34.0071],[134.5937,34.0071],[134.5937,34.0071],[134.5937,34.0071],[134.5937,34.0071],[134.5937,34.0071],[134.5937,34.007],[134.5936,34.007],[134.5938,34.0069],[134.5938,34.0069],[134.5938,34.0069],[134.5938,34.0069],[134.5938,34.0069],[134.5939,34.0069],[134.5939,34.0069],[134.5939,34.0069],[134.5939,34.0069],[134.5939,34.0069],[134.5939,34.0069],[134.5939,34.0069],[134.5939,34.0069],[134.5939,34.007],[134.5939,34.007],[134.5939,34.007],[134.5939,34.007],[134.5939,34.007],[134.5939,34.007],[134.594,34.0069],[134.594,34.0069],[134.594,34.0069],[134.594,34.0069],[134.594,34.0069],[134.5939,34.0068],[134.5939,34.0068],[134.5939,34.0068],[134.5939,34.0068],[134.5942,34.0066],[134.5942,34.0066],[134.5942,34.0066],[134.5943,34.0066],[134.5946,34.0064],[134.5949,34.0062],[134.5955,34.0059],[134.596,34.0056],[134.5961,34.0055],[134.5962,34.0056],[134.5962,34.0056],[134.5967,34.0062],[134.5972,34.0068],[134.5973,34.0069],[134.5976,34.0073],[134.5976,34.0073],[134.5977,34.0074],[134.5978,34.0074],[134.5977,34.0073],[134.5977,34.0073],[134.5974,34.0069],[134.5973,34.0068],[134.5971,34.0065],[134.5968,34.0063],[134.5965,34.0059],[134.5962,34.0055],[134.5962,34.0055],[134.5965,34.0053],[134.5973,34.0048],[134.5974,34.0048],[134.5976,34.0047],[134.5989,34.0039],[134.5989,34.0039],[134.5993,34.0037],[134.5976,34.0021],[134.5973,34.0018],[134.5972,34.0018],[134.5971,34.0016],[134.5972,34.0015],[134.5972,34.0015],[134.5974,34.0013],[134.5977,34.001],[134.598,34.0006],[134.5982,34.0003],[134.5984,34.0001],[134.5986,34.0],[134.5986,34.0],[134.5989,33.9998],[134.5991,33.9996],[134.5993,33.9994],[134.5994,33.9994],[134.5994,33.9994],[134.5994,33.9994],[134.5996,33.9992],[134.5999,33.9989],[134.5999,33.9989],[134.6,33.9989],[134.6,33.9989],[134.6,33.9989],[134.6004,33.9987],[134.6005,33.9986],[134.6006,33.9986],[134.6009,33.9984],[134.6014,33.9982],[134.6015,33.9981],[134.6017,33.998],[134.6018,33.9979],[134.6019,33.9979],[134.602,33.9978],[134.6021,33.9977],[134.6023,33.9977],[134.6025,33.9976],[134.6026,33.9975],[134.6027,33.9975],[134.6027,33.9975],[134.6028,33.9975],[134.6028,33.9975],[134.6028,33.9975],[134.6029,33.9975],[134.6029,33.9975],[134.603,33.9975],[134.603,33.9975],[134.6031,33.9975],[134.6031,33.9976],[134.6031,33.9977],[134.6031,33.9978],[134.6031,33.9978],[134.6031,33.9978],[134.6031,33.9978],[134.6031,33.9978],[134.6031,33.9978],[134.6031,33.9978],[134.6031,33.9978],[134.6031,33.9978],[134.6031,33.9977],[134.6031,33.9976],[134.6031,33.9975],[134.6031,33.9975],[134.6031,33.9975],[134.6032,33.9974],[134.6033,33.9974],[134.6035,33.9974],[134.6036,33.9973],[134.6037,33.9973],[134.6038,33.9973],[134.6038,33.9972],[134.604,33.9972],[134.6041,33.9972],[134.6042,33.9971],[134.6044,33.9971],[134.6045,33.997],[134.6049,33.9974],[134.6049,33.9975],[134.6049,33.9975],[134.6049,33.9974],[134.6049,33.9974],[134.6049,33.9974],[134.6049,33.9974],[134.6045,33.997],[134.6046,33.997],[134.6046,33.9969],[134.6046,33.9968],[134.6046,33.9968],[134.6047,33.9968],[134.6047,33.9968],[134.6048,33.9967],[134.6049,33.9967],[134.605,33.9966],[134.605,33.9966],[134.6051,33.9966],[134.6052,33.9965],[134.6053,33.9965],[134.6054,33.9964],[134.6055,33.9964],[134.6056,33.9964],[134.6057,33.9963],[134.6058,33.9963],[134.6058,33.9963],[134.606,33.9963],[134.6061,33.9962],[134.6062,33.9962],[134.6063,33.9962],[134.6064,33.9962],[134.6065,33.9961],[134.6067,33.9961],[134.6068,33.9961],[134.6069,33.9961],[134.607,33.9961],[134.6071,33.9961],[134.6072,33.9961],[134.6073,33.9961],[134.6073,33.9961],[134.6073,33.9961],[134.6073,33.9961],[134.6073,33.9962],[134.6073,33.9962],[134.6073,33.9962],[134.6073,33.9962],[134.6073,33.9962],[134.6073,33.9962],[134.6073,33.9962],[134.6073,33.9962],[134.6073,33.9962],[134.6073,33.9962],[134.6073,33.9962],[134.6073,33.9962],[134.6073,33.9962],[134.6074,33.9962],[134.6074,33.9962],[134.6074,33.9962],[134.6074,33.9962],[134.6074,33.9962],[134.6074,33.9962],[134.6074,33.9962],[134.6074,33.9962],[134.6074,33.9962],[134.6074,33.9963],[134.6074,33.9963],[134.6074,33.9963],[134.6074,33.9963],[134.6074,33.9963],[134.6074,33.9963],[134.6074,33.9963],[134.6074,33.9963],[134.6074,33.9963],[134.6074,33.9963],[134.6074,33.9963],[134.6074,33.9964],[134.6074,33.9964],[134.6074,33.9964],[134.6074,33.9964],[134.6074,33.9964],[134.6074,33.9964],[134.6074,33.9964],[134.6074,33.9964],[134.6074,33.9964],[134.6074,33.9964],[134.6074,33.9964],[134.6074,33.9964],[134.6074,33.9964],[134.6074,33.9964],[134.6074,33.9965],[134.6074,33.9965],[134.6074,33.9965],[134.6074,33.9965],[134.6074,33.9965],[134.6074,33.9965],[134.6074,33.9965],[134.6074,33.9965],[134.6074,33.9965],[134.6074,33.9965],[134.6074,33.9965],[134.6074,33.9965],[134.6074,33.9965],[134.6074,33.9965],[134.6074,33.9966],[134.6074,33.9966],[134.6074,33.9966],[134.6074,33.9966],[134.6074,33.9966],[134.6075,33.9966],[134.6075,33.9966],[134.6075,33.9966],[134.6075,33.9966],[134.6075,33.9966],[134.6075,33.9966],[134.6075,33.9966],[134.6075,33.9966],[134.6075,33.9966],[134.6075,33.9966],[134.6075,33.9966],[134.6075,33.9966],[134.6076,33.9966],[134.6076,33.9966],[134.6076,33.9966],[134.6076,33.9966],[134.6077,33.9966],[134.6077,33.9965],[134.6077,33.9965],[134.6077,33.9965],[134.6077,33.9965],[134.6077,33.9965],[134.6077,33.9965],[134.6077,33.9965],[134.6077,33.9965],[134.6077,33.9965],[134.6077,33.9965],[134.6077,33.9965],[134.6077,33.9965],[134.6077,33.9965],[134.6077,33.9965],[134.6077,33.9965],[134.6077,33.9965],[134.6077,33.9965],[134.6078,33.9965],[134.6078,33.9965],[134.6078,33.9965],[134.6078,33.9965],[134.6078,33.9965],[134.6078,33.9966],[134.6078,33.9966],[134.6078,33.9966],[134.6078,33.9966],[134.6078,33.9966],[134.6078,33.9966],[134.6078,33.9966],[134.6078,33.9966],[134.6078,33.9966],[134.6078,33.9966],[134.6078,33.9966],[134.6078,33.9966],[134.6079,33.9966],[134.6079,33.9966],[134.6079,33.9966],[134.6079,33.9966],[134.6079,33.9966],[134.6079,33.9966],[134.608,33.9966],[134.608,33.9966],[134.608,33.9966],[134.608,33.9966],[134.608,33.9966],[134.608,33.9966],[134.608,33.9966],[134.6081,33.9966],[134.6081,33.9966],[134.6081,33.9966],[134.6081,33.9966],[134.6081,33.9966],[134.6082,33.9966],[134.6082,33.9966],[134.6082,33.9966],[134.6082,33.9966],[134.6082,33.9966],[134.6082,33.9966],[134.6082,33.9966],[134.6082,33.9966],[134.6082,33.9965],[134.6082,33.9965],[134.6082,33.9965],[134.6083,33.9965],[134.6083,33.9965],[134.6083,33.9965],[134.6083,33.9965],[134.6083,33.9965],[134.6083,33.9965],[134.6083,33.9965],[134.6083,33.9965],[134.6083,33.9965],[134.6083,33.9965],[134.6083,33.9965],[134.6083,33.9965],[134.6084,33.9965],[134.6084,33.9965],[134.6084,33.9965],[134.6084,33.9965],[134.6084,33.9965],[134.6084,33.9965],[134.6084,33.9965],[134.6084,33.9965],[134.6084,33.9965],[134.6084,33.9965],[134.6084,33.9965],[134.6084,33.9965],[134.6084,33.9965],[134.6084,33.9965],[134.6084,33.9964],[134.6084,33.9964],[134.6084,33.9964],[134.6084,33.9964],[134.6084,33.9964],[134.6085,33.9964],[134.6085,33.9964],[134.6085,33.9964],[134.6085,33.9964],[134.6085,33.9964],[134.6085,33.9964],[134.6085,33.9964],[134.6085,33.9964],[134.6085,33.9964],[134.6085,33.9964],[134.6085,33.9964],[134.6085,33.9964],[134.6085,33.9964],[134.6085,33.9964],[134.6085,33.9964],[134.6085,33.9964],[134.6086,33.9963],[134.6086,33.9963],[134.6086,33.9963],[134.6086,33.9963],[134.6086,33.9963],[134.6086,33.9963],[134.6086,33.9963],[134.6086,33.9963],[134.6086,33.9963],[134.6086,33.9963],[134.6086,33.9963],[134.6086,33.9963],[134.6087,33.9963],[134.6087,33.9963],[134.6087,33.9963],[134.6087,33.9963],[134.6087,33.9963],[134.6087,33.9963],[134.6087,33.9963],[134.6087,33.9963],[134.6087,33.9963],[134.6087,33.9963],[134.6087,33.9963],[134.6087,33.9963],[134.6087,33.9963],[134.6087,33.9963],[134.6088,33.9963],[134.6088,33.9963],[134.6088,33.9963],[134.6088,33.9963],[134.6088,33.9962],[134.6088,33.9962],[134.6088,33.9962],[134.6088,33.9962],[134.6089,33.9962],[134.6089,33.9962],[134.6089,33.9962],[134.609,33.9962],[134.609,33.9962],[134.6091,33.9961],[134.6091,33.9961],[134.6091,33.9961],[134.6092,33.9961],[134.6092,33.9961],[134.6096,33.9962],[134.6096,33.9962],[134.6098,33.9963],[134.6101,33.9964],[134.6102,33.9964],[134.6105,33.9965],[134.6108,33.9965],[134.611,33.9966],[134.6112,33.9967],[134.6117,33.9971],[134.612,33.9974],[134.6121,33.9975],[134.6127,33.998],[134.613,33.9978],[134.6136,33.9973],[134.6139,33.9971],[134.614,33.997],[134.6142,33.9969],[134.6142,33.9968],[134.6143,33.9968],[134.6143,33.9968],[134.6143,33.9968],[134.6142,33.9967],[134.614,33.9965],[134.614,33.9965],[134.6137,33.9962],[134.6133,33.9959],[134.6131,33.9956],[134.6128,33.9954],[134.6125,33.9951],[134.6123,33.9949],[134.612,33.9947],[134.6117,33.9944],[134.6116,33.9943],[134.6113,33.9941],[134.6109,33.9939],[134.6105,33.9936],[134.6101,33.9933],[134.6101,33.9933],[134.61,33.9933],[134.6095,33.9929],[134.6094,33.9929],[134.6093,33.993],[134.6092,33.9931],[134.6092,33.9931],[134.6091,33.9933],[134.6088,33.9932],[134.6083,33.9932],[134.6083,33.9932],[134.6082,33.9932],[134.6079,33.9933],[134.6075,33.9934],[134.6073,33.9935],[134.6071,33.9936],[134.6069,33.9936],[134.6066,33.9937],[134.6064,33.9937],[134.6062,33.9938],[134.606,33.9939],[134.6059,33.9939],[134.6058,33.9939],[134.6058,33.9939],[134.6058,33.9939],[134.6058,33.9939],[134.6058,33.9939],[134.6051,33.9938],[134.6051,33.9938],[134.6051,33.9938],[134.6051,33.9938],[134.6051,33.9938],[134.6051,33.9937],[134.6051,33.9937],[134.6051,33.9937],[134.6051,33.9937],[134.6051,33.9937],[134.6051,33.9937],[134.6051,33.9936],[134.6051,33.9936],[134.6051,33.9936],[134.6051,33.9936],[134.6051,33.9936],[134.6051,33.9936],[134.6051,33.9936],[134.6051,33.9936],[134.6051,33.9935],[134.6051,33.9935],[134.6053,33.9934],[134.6055,33.9933],[134.6056,33.9933],[134.6056,33.9933],[134.6059,33.9932],[134.6059,33.9929],[134.6058,33.9925],[134.6062,33.9923],[134.6068,33.9922],[134.6072,33.9921],[134.6077,33.9919],[134.6081,33.9918],[134.6083,33.9918],[134.6084,33.9917],[134.6087,33.9917],[134.6087,33.9917],[134.6088,33.9916],[134.6088,33.9916],[134.6088,33.9916],[134.6088,33.9917],[134.6088,33.9917],[134.6088,33.9917],[134.6088,33.992],[134.6088,33.992],[134.6088,33.9921],[134.609,33.9921],[134.609,33.9921],[134.6089,33.9918],[134.6089,33.9917],[134.6089,33.9917],[134.6089,33.9917],[134.6089,33.9917],[134.6089,33.9916],[134.6089,33.9916],[134.6088,33.9912],[134.6088,33.9911],[134.6089,33.9911],[134.6088,33.9903],[134.6086,33.9889],[134.6084,33.9886],[134.6083,33.9885],[134.6083,33.9884],[134.6082,33.9883],[134.6082,33.9882],[134.6081,33.988],[134.608,33.9879],[134.6079,33.9877],[134.6079,33.9876],[134.6078,33.9875],[134.6077,33.9875],[134.6076,33.9874],[134.6076,33.9873],[134.6073,33.9871],[134.6072,33.987],[134.6073,33.9869],[134.6072,33.9867],[134.607,33.9866],[134.607,33.9866],[134.6069,33.9866],[134.6067,33.9863],[134.6065,33.9864],[134.6064,33.9864],[134.6064,33.9863],[134.6063,33.9863],[134.6063,33.9862],[134.6062,33.9862],[134.6062,33.9862],[134.6061,33.9862],[134.6061,33.9862],[134.6061,33.9862],[134.606,33.9862],[134.606,33.9862],[134.6059,33.9861],[134.6059,33.9862],[134.6059,33.9861],[134.6059,33.9862],[134.6059,33.9862],[134.6059,33.9861],[134.6054,33.986],[134.6055,33.9858],[134.6055,33.9858],[134.6055,33.9855],[134.6054,33.9855],[134.6054,33.9855],[134.6052,33.9855],[134.6052,33.9855],[134.6051,33.9855],[134.6051,33.9855],[134.605,33.9853],[134.6049,33.9851],[134.6049,33.9851],[134.6049,33.9849],[134.6049,33.9849],[134.6049,33.9849],[134.6049,33.9849],[134.6049,33.9848],[134.6049,33.9847],[134.6049,33.9847],[134.6049,33.9847],[134.605,33.9846],[134.6051,33.9844],[134.6052,33.9844],[134.6052,33.9842],[134.6054,33.9841],[134.6056,33.9838],[134.6055,33.9838],[134.6054,33.9838],[134.6053,33.9839],[134.6051,33.984],[134.605,33.984],[134.6049,33.9841],[134.6048,33.9842],[134.6047,33.9845],[134.6046,33.9845],[134.6047,33.9847],[134.6047,33.9847],[134.6038,33.9858],[134.6022,33.9876],[134.6016,33.9882],[134.6008,33.9892],[134.602,33.9899],[134.601,33.991],[134.6011,33.9915],[134.6015,33.9939],[134.6007,33.994],[134.6004,33.9941],[134.5998,33.9942],[134.5992,33.9943],[134.5988,33.9944],[134.5987,33.9944],[134.5984,33.9944],[134.5981,33.9944],[134.598,33.9945],[134.5979,33.9945],[134.5978,33.9945],[134.5977,33.9946],[134.5976,33.9946],[134.5974,33.9948],[134.5966,33.9942],[134.5961,33.9947],[134.5961,33.9947],[134.5952,33.9957],[134.5942,33.9968],[134.5937,33.9974],[134.5929,33.9983],[134.5929,33.9983],[134.5929,33.9983],[134.5926,33.9986],[134.5924,33.9988],[134.5923,33.999],[134.5922,33.9992],[134.5921,33.9992],[134.592,33.9993],[134.5909,33.9993],[134.5909,33.9994],[134.5908,33.9994],[134.5904,33.9995],[134.5901,33.9995],[134.5899,33.9995],[134.5897,33.9995],[134.5896,33.9995],[134.5894,33.9995],[134.5892,33.9995],[134.589,33.9995],[134.5889,33.9995],[134.5887,33.9994],[134.5886,33.9994],[134.5885,33.9994],[134.5884,33.9993],[134.5883,33.9993],[134.5883,33.9993],[134.5881,33.9993],[134.5879,33.9993],[134.5872,33.9993],[134.5871,33.9993],[134.5867,33.9994],[134.5866,33.9994],[134.5865,33.9993],[134.5864,33.9993],[134.5862,33.9993],[134.5861,33.9993],[134.586,33.9993],[134.586,33.9993],[134.5859,33.9993],[134.5858,33.9993],[134.5857,33.9993],[134.5856,33.9993],[134.5853,33.9994],[134.585,33.9995],[134.5844,33.9997],[134.5845,33.9992],[134.5845,33.9992],[134.5844,33.9992],[134.5844,33.9992],[134.5843,33.9992],[134.5843,33.9992],[134.5842,33.9993],[134.5842,33.9993],[134.5842,33.9994],[134.5841,33.9995],[134.584,33.9996],[134.584,33.9996],[134.5839,33.9997],[134.5839,33.9998],[134.5838,33.9998],[134.5837,33.9999],[134.5834,34.0001],[134.5834,34.0001],[134.5833,34.0002],[134.5832,34.0003],[134.5832,34.0003],[134.5831,34.0004],[134.583,34.0006],[134.5828,34.0007],[134.5827,34.0009],[134.5826,34.0009],[134.5825,34.0011],[134.5824,34.0011],[134.5824,34.0012],[134.5823,34.0013],[134.5823,34.0013],[134.5823,34.0014],[134.5823,34.0014],[134.5822,34.0015],[134.5822,34.0016],[134.5822,34.0016],[134.5821,34.0018],[134.582,34.002],[134.582,34.0021],[134.5819,34.0022],[134.5818,34.0022],[134.5817,34.0022],[134.5816,34.0023],[134.5816,34.0023],[134.5814,34.0023],[134.5811,34.0024],[134.5808,34.0024],[134.5807,34.0024],[134.5806,34.0024],[134.5805,34.0024],[134.5804,34.0024],[134.5802,34.0024],[134.5801,34.0024],[134.5799,34.0023],[134.5798,34.0023],[134.5797,34.0022],[134.5795,34.0021],[134.5794,34.0024],[134.5795,34.0024],[134.5795,34.0024],[134.5795,34.0025],[134.5796,34.0025],[134.5796,34.0026],[134.5796,34.0026],[134.5797,34.0026],[134.5798,34.0027],[134.5799,34.0027],[134.5801,34.0027],[134.5802,34.0027],[134.5804,34.0028],[134.5805,34.0028],[134.5806,34.0028],[134.5807,34.0028],[134.5808,34.0028],[134.5809,34.0028],[134.581,34.0027],[134.5811,34.0027],[134.5812,34.0027],[134.5813,34.0027],[134.5814,34.0027],[134.5815,34.0026],[134.5816,34.0027],[134.5817,34.0027],[134.5818,34.0027],[134.5818,34.0028],[134.5817,34.0028],[134.5817,34.0029],[134.5817,34.0031],[134.5817,34.0032],[134.5816,34.0033],[134.5816,34.0034],[134.5815,34.0035],[134.5815,34.0036],[134.5813,34.0038],[134.5813,34.0039],[134.581,34.0043],[134.5811,34.0044],[134.5816,34.0052],[134.5815,34.0052],[134.5815,34.0052],[134.5814,34.0052],[134.5814,34.0053],[134.5814,34.0053],[134.5814,34.0053],[134.5814,34.0054],[134.5814,34.0054],[134.5814,34.0054],[134.5813,34.0056],[134.5813,34.0056],[134.5811,34.0056],[134.5811,34.0056],[134.581,34.0056],[134.5808,34.0056],[134.5808,34.0056],[134.5807,34.0055],[134.5807,34.0055],[134.5806,34.0055],[134.5805,34.0056],[134.5804,34.0056],[134.5801,34.0058],[134.5802,34.0058],[134.5804,34.0059],[134.5805,34.006],[134.5806,34.0061],[134.5808,34.0061],[134.5812,34.0063],[134.58,34.0065],[134.5799,34.0065],[134.5799,34.0064],[134.5799,34.0063],[134.5799,34.0063],[134.5797,34.006],[134.5799,34.0059],[134.5797,34.0057],[134.5797,34.0056],[134.5796,34.0055],[134.5796,34.0054],[134.5796,34.0054],[134.5796,34.0053],[134.5793,34.0055],[134.5792,34.0055],[134.5791,34.0056],[134.5789,34.0057],[134.5787,34.0058],[134.5784,34.0058],[134.5783,34.0059],[134.5782,34.0059],[134.5781,34.0059],[134.5779,34.006],[134.5778,34.006],[134.5775,34.006],[134.5774,34.0064],[134.5774,34.0064],[134.5779,34.0072],[134.5778,34.0072],[134.5778,34.0072],[134.5777,34.0072],[134.5776,34.0072],[134.5775,34.0072],[134.5774,34.0072],[134.5771,34.0071],[134.5768,34.0073],[134.5769,34.0074],[134.577,34.0074],[134.577,34.0075],[134.5771,34.0075],[134.5771,34.0076],[134.5772,34.0077],[134.5772,34.0077],[134.5773,34.0078],[134.5774,34.0079],[134.5774,34.008],[134.5775,34.0082],[134.5775,34.0083],[134.5775,34.0084],[134.5777,34.0084],[134.5778,34.0083],[134.5779,34.0083],[134.5785,34.0082],[134.5785,34.0082],[134.5786,34.0083],[134.5786,34.0085],[134.5786,34.0087],[134.5787,34.0088],[134.5787,34.0089],[134.5787,34.009],[134.5787,34.009],[134.5785,34.0092],[134.5783,34.0094],[134.5781,34.0095],[134.578,34.0096],[134.5778,34.0098],[134.5777,34.0099],[134.5776,34.01],[134.5774,34.0101],[134.5773,34.0101],[134.5771,34.0102],[134.577,34.0103],[134.5769,34.0104],[134.5768,34.0104],[134.5767,34.0104],[134.5766,34.0105],[134.5766,34.0105],[134.5769,34.01],[134.5767,34.0101],[134.5766,34.0101],[134.5766,34.01],[134.5765,34.01],[134.5764,34.01],[134.5764,34.01],[134.5764,34.0099],[134.5764,34.0098],[134.5764,34.0097],[134.5764,34.0096],[134.5761,34.0097],[134.5758,34.01],[134.5754,34.0101],[134.5753,34.0101],[134.575,34.0104],[134.5747,34.0102],[134.5746,34.0101],[134.5745,34.0101],[134.5745,34.01],[134.5745,34.0099],[134.5745,34.0099],[134.5745,34.0098],[134.5745,34.0098],[134.5744,34.0097],[134.5741,34.0099],[134.5741,34.01],[134.5741,34.01],[134.5741,34.0101],[134.5737,34.01],[134.5736,34.0104],[134.5735,34.011],[134.5734,34.011],[134.5733,34.011],[134.5731,34.0111],[134.5729,34.0111],[134.5727,34.0111],[134.5725,34.0111],[134.5723,34.011],[134.5722,34.011],[134.572,34.011],[134.5718,34.0109],[134.5717,34.0109],[134.5715,34.0108],[134.5711,34.0107],[134.5706,34.0105],[134.5705,34.0105],[134.5703,34.0104],[134.5701,34.0104],[134.57,34.0104],[134.57,34.0106],[134.57,34.0106],[134.5699,34.0106],[134.5699,34.0106],[134.57,34.0113],[134.5695,34.0113],[134.5693,34.0113],[134.569,34.0113],[134.5688,34.0113],[134.5683,34.0113],[134.5669,34.0114],[134.5669,34.0116],[134.5669,34.0119],[134.5669,34.0121],[134.567,34.0123],[134.567,34.0125],[134.5671,34.0128],[134.5671,34.0129],[134.5671,34.013],[134.5671,34.0131],[134.5671,34.0131],[134.5672,34.0131],[134.5672,34.0132],[134.5674,34.0132],[134.5674,34.0133],[134.5674,34.0133],[134.5675,34.0134],[134.5676,34.0136],[134.5676,34.0136],[134.5676,34.0137],[134.5676,34.0137],[134.5676,34.0138],[134.5675,34.0139],[134.5675,34.0139],[134.5677,34.0141],[134.5676,34.0142],[134.5676,34.0142],[134.5676,34.0143],[134.5675,34.0145],[134.5675,34.0145],[134.5674,34.0146],[134.5673,34.0146],[134.5673,34.0146],[134.5671,34.0147],[134.567,34.0148],[134.5668,34.0149],[134.5666,34.015],[134.5666,34.0151],[134.5667,34.0152],[134.5669,34.0152],[134.5671,34.0153],[134.5672,34.0153],[134.5673,34.0153],[134.5674,34.0152],[134.5674,34.0152],[134.5674,34.0152],[134.5675,34.0152],[134.5675,34.0152],[134.5676,34.0153],[134.5678,34.0155],[134.5679,34.0156],[134.568,34.0157],[134.568,34.0157],[134.5681,34.0158],[134.5682,34.0158],[134.5683,34.0158],[134.5683,34.0158],[134.5683,34.016],[134.5682,34.0161],[134.5684,34.0163],[134.5685,34.0164],[134.5685,34.0165],[134.5684,34.0166],[134.5684,34.0166],[134.5684,34.0166],[134.5686,34.0167],[134.5684,34.0169],[134.568,34.0171],[134.5679,34.0172],[134.5677,34.0173],[134.5675,34.0174],[134.5675,34.0175],[134.5674,34.0175],[134.5671,34.0175],[134.5669,34.0175],[134.5669,34.0175],[134.5668,34.0175],[134.5667,34.0176],[134.5664,34.0178],[134.5663,34.0178],[134.5663,34.0178],[134.5662,34.0178],[134.5661,34.0178],[134.5661,34.0178],[134.566,34.0178],[134.566,34.0178],[134.5659,34.0178],[134.5659,34.0179],[134.5658,34.018],[134.5654,34.0183],[134.5654,34.0183],[134.5653,34.0184],[134.5652,34.0184],[134.5651,34.0184],[134.5651,34.0185],[134.5661,34.0203],[134.5662,34.0206],[134.5663,34.0208],[134.5663,34.0208],[134.5664,34.0209],[134.5665,34.0209],[134.5667,34.0209],[134.5667,34.0209],[134.5675,34.0203],[134.5678,34.0199],[134.568,34.0197],[134.5684,34.0199],[134.5687,34.02],[134.569,34.0203],[134.5691,34.0202],[134.5691,34.0201],[134.5694,34.0198],[134.5705,34.0187],[134.5708,34.0189],[134.5709,34.0189],[134.5709,34.0189],[134.5712,34.0188],[134.5713,34.0188],[134.5715,34.0189],[134.5715,34.0188],[134.5715,34.0187],[134.5715,34.0187],[134.5714,34.0186],[134.5714,34.0186],[134.5714,34.0186],[134.5714,34.0184],[134.5714,34.0184],[134.5714,34.0183],[134.5714,34.0183],[134.5714,34.0183],[134.5714,34.0182],[134.5714,34.0182],[134.5715,34.0182],[134.5716,34.0182],[134.5717,34.0182],[134.5718,34.0181],[134.5718,34.0181],[134.5718,34.0181],[134.5719,34.018],[134.5719,34.018],[134.5719,34.0181],[134.5721,34.0181],[134.5722,34.0182],[134.5723,34.0182],[134.5724,34.0182],[134.5724,34.0183],[134.5723,34.0184],[134.5722,34.0185],[134.5722,34.0186],[134.5723,34.0186],[134.5726,34.0187],[134.5726,34.019],[134.5728,34.019],[134.5729,34.019],[134.5731,34.019],[134.5734,34.0189],[134.5738,34.0188],[134.5737,34.0187],[134.5736,34.0186],[134.5735,34.0185],[134.5734,34.0185],[134.5734,34.0184],[134.5734,34.0184],[134.5734,34.0183],[134.5734,34.0181],[134.5732,34.0177],[134.5731,34.0177],[134.573,34.0177],[134.5729,34.0177],[134.5729,34.0177],[134.5728,34.0175],[134.5727,34.0175],[134.5726,34.0174],[134.5725,34.0173],[134.5722,34.0168],[134.572,34.0164],[134.572,34.0163],[134.5725,34.0163],[134.5726,34.0162],[134.5726,34.0162],[134.5727,34.0162],[134.5728,34.0162],[134.5729,34.0162],[134.5734,34.0161],[134.5737,34.0161],[134.5741,34.016],[134.5743,34.016],[134.5744,34.0159],[134.575,34.0157],[134.5753,34.0156],[134.5756,34.0155],[134.5759,34.0154]]]},"properties":{"name":"小松島市","pop":1}},{"type":"Feature","geometry":{"type":"Polygon","coordinates":[[[134.6563,33.9247],[134.657,33.9242],[134.6572,33.9241],[134.6582,33.9237],[134.6582,33.9237],[134.6585,33.9236],[134.6587,33.9235],[134.6589,33.9235],[134.659,33.9227],[134.6594,33.9228],[134.6602,33.9229],[134.6612,33.9231],[134.6614,33.9231],[134.6614,33.9231],[134.6616,33.9221],[134.6614,33.922],[134.6617,33.9214],[134.6619,33.9205],[134.6624,33.9206],[134.6624,33.9208],[134.6631,33.9208],[134.6631,33.9225],[134.6637,33.9224],[134.6638,33.9224],[134.6641,33.9225],[134.6641,33.9228],[134.6644,33.9229],[134.6643,33.9234],[134.6662,33.924],[134.6669,33.9242],[134.6674,33.9227],[134.6672,33.9222],[134.6672,33.9216],[134.6674,33.9217],[134.6676,33.9219],[134.6678,33.9222],[134.6679,33.9223],[134.668,33.9223],[134.6683,33.9224],[134.6687,33.9224],[134.6691,33.9224],[134.6691,33.922],[134.6694,33.9221],[134.6697,33.9221],[134.67,33.922],[134.6704,33.9219],[134.6705,33.9218],[134.6706,33.9216],[134.6709,33.9215],[134.6709,33.9214],[134.6712,33.921],[134.6712,33.921],[134.6713,33.9209],[134.6713,33.9209],[134.6713,33.9208],[134.6712,33.9208],[134.6711,33.9206],[134.6716,33.9199],[134.6717,33.9197],[134.6718,33.9196],[134.6718,33.9196],[134.6718,33.9194],[134.672,33.9189],[134.6721,33.9186],[134.6722,33.9184],[134.6724,33.9182],[134.6723,33.9182],[134.6722,33.9181],[134.6722,33.9179],[134.6721,33.9177],[134.672,33.9176],[134.672,33.9175],[134.6717,33.9174],[134.6715,33.9169],[134.6717,33.9166],[134.6718,33.9165],[134.6718,33.9164],[134.6711,33.9164],[134.671,33.9163],[134.671,33.9162],[134.6708,33.9162],[134.6707,33.9162],[134.6707,33.9162],[134.6706,33.9163],[134.6703,33.9163],[134.6702,33.9163],[134.6699,33.9164],[134.6699,33.9164],[134.6698,33.9164],[134.6697,33.9164],[134.6694,33.9164],[134.669,33.9164],[134.6686,33.9163],[134.668,33.9165],[134.6678,33.9172],[134.6677,33.9176],[134.6678,33.9179],[134.6679,33.9179],[134.6679,33.918],[134.668,33.9182],[134.668,33.9183],[134.668,33.9185],[134.668,33.9186],[134.668,33.9187],[134.6681,33.9188],[134.6676,33.9191],[134.6674,33.9191],[134.6669,33.9211],[134.6668,33.9211],[134.6665,33.921],[134.6663,33.921],[134.666,33.921],[134.6659,33.9211],[134.6659,33.9208],[134.6642,33.9208],[134.6642,33.9196],[134.6642,33.918],[134.6654,33.9179],[134.6654,33.9168],[134.6657,33.9167],[134.6659,33.9166],[134.6661,33.9166],[134.6664,33.9166],[134.6671,33.9165],[134.6674,33.9165],[134.6672,33.916],[134.6679,33.9157],[134.6679,33.9155],[134.6676,33.9152],[134.6679,33.9149],[134.6678,33.9148],[134.6678,33.9148],[134.6675,33.915],[134.6673,33.9151],[134.6671,33.9152],[134.6669,33.9154],[134.6668,33.9154],[134.6666,33.9155],[134.6663,33.9156],[134.6662,33.9157],[134.6657,33.9161],[134.6657,33.9161],[134.6656,33.9161],[134.6654,33.9161],[134.6653,33.9161],[134.6652,33.9163],[134.6648,33.9159],[134.6652,33.9158],[134.6651,33.9157],[134.6649,33.9158],[134.6646,33.9156],[134.6646,33.9157],[134.6632,33.9153],[134.6631,33.9154],[134.6631,33.9155],[134.6631,33.9156],[134.6631,33.9157],[134.6631,33.9157],[134.6635,33.9163],[134.6631,33.917],[134.6631,33.917],[134.6615,33.9173],[134.6596,33.9177],[134.6596,33.9175],[134.6596,33.9174],[134.6596,33.9174],[134.6597,33.9172],[134.6597,33.9172],[134.6593,33.917],[134.6592,33.9169],[134.6591,33.9169],[134.6587,33.9169],[134.6587,33.9169],[134.6586,33.9168],[134.6584,33.9168],[134.6579,33.9168],[134.6578,33.9165],[134.6577,33.916],[134.6577,33.9159],[134.6576,33.9157],[134.6576,33.9155],[134.6568,33.9155],[134.657,33.9159],[134.6567,33.9164],[134.6566,33.9165],[134.6566,33.9166],[134.6566,33.9167],[134.6566,33.9169],[134.6567,33.9171],[134.6566,33.9171],[134.6564,33.9174],[134.6564,33.9175],[134.6562,33.9176],[134.656,33.9179],[134.6557,33.9185],[134.6555,33.9184],[134.6553,33.9183],[134.6552,33.9182],[134.655,33.9182],[134.6548,33.9181],[134.6546,33.9181],[134.6544,33.9181],[134.6545,33.9178],[134.6544,33.9178],[134.6543,33.9177],[134.6542,33.9176],[134.654,33.9176],[134.6539,33.9176],[134.6538,33.9176],[134.6537,33.9176],[134.6536,33.9177],[134.6536,33.9178],[134.6526,33.9178],[134.6526,33.9177],[134.6525,33.9177],[134.6524,33.9177],[134.6523,33.9177],[134.6522,33.9177],[134.6522,33.9177],[134.6521,33.9177],[134.652,33.9177],[134.6518,33.9177],[134.6517,33.9177],[134.6516,33.9177],[134.6514,33.9177],[134.6513,33.9177],[134.6513,33.918],[134.6513,33.9182],[134.6511,33.9182],[134.6511,33.918],[134.651,33.918],[134.6509,33.918],[134.6507,33.918],[134.6505,33.9179],[134.6504,33.9179],[134.6501,33.9179],[134.6498,33.9178],[134.6497,33.9178],[134.6497,33.9177],[134.6496,33.9177],[134.6494,33.9177],[134.6493,33.9177],[134.6493,33.9177],[134.6492,33.9176],[134.6491,33.9176],[134.649,33.9176],[134.6489,33.9177],[134.6488,33.9177],[134.6487,33.9175],[134.6487,33.9175],[134.6486,33.9175],[134.6484,33.9174],[134.6483,33.9177],[134.6483,33.9176],[134.6474,33.9197],[134.6486,33.9206],[134.6488,33.9208],[134.6488,33.9208],[134.6489,33.9209],[134.6492,33.9212],[134.6492,33.9213],[134.6493,33.9214],[134.6493,33.9215],[134.6494,33.9215],[134.6495,33.9219],[134.6496,33.9221],[134.6503,33.9235],[134.6504,33.9236],[134.6504,33.9237],[134.6505,33.9237],[134.6506,33.9238],[134.6507,33.9239],[134.6509,33.924],[134.6511,33.9241],[134.6513,33.9241],[134.6513,33.9255],[134.6517,33.9255],[134.6517,33.9254],[134.6517,33.9253],[134.6522,33.925],[134.6523,33.9251],[134.6526,33.925],[134.6527,33.925],[134.653,33.9248],[134.6535,33.9246],[134.6542,33.9244],[134.6544,33.925],[134.6546,33.9254],[134.6544,33.9256],[134.6551,33.9258],[134.6549,33.9264],[134.6549,33.9265],[134.6552,33.9266],[134.6556,33.9267],[134.6558,33.9268],[134.656,33.9267],[134.6561,33.9267],[134.6564,33.9267],[134.6564,33.9264],[134.6564,33.9263],[134.6564,33.9261],[134.6564,33.926],[134.6564,33.9259],[134.6564,33.9259],[134.6565,33.9258],[134.6565,33.9256],[134.6566,33.9255],[134.6565,33.9254],[134.6568,33.9252],[134.657,33.925],[134.6568,33.9249],[134.6566,33.9248],[134.6563,33.9247]]]},"properties":{"name":"阿南市","pop":1}},{"type":"Feature","geometry":{"type":"Polygon","coordinates":[[[134.3668,34.0804],[134.3669,34.0804],[134.3669,34.0804],[134.3676,34.0804],[134.368,34.0804],[134.3691,34.0806],[134.3691,34.0806],[134.3692,34.0805],[134.3693,34.0804],[134.3693,34.0802],[134.3694,34.0799],[134.3694,34.0796],[134.3694,34.0795],[134.3694,34.0794],[134.3693,34.0792],[134.3683,34.0792],[134.3674,34.0792],[134.3674,34.078],[134.3674,34.0778],[134.3659,34.078],[134.3659,34.0781],[134.3649,34.0781],[134.3645,34.0768],[134.3641,34.0753],[134.3629,34.076],[134.3622,34.0762],[134.362,34.0763],[134.361,34.0762],[134.3611,34.0743],[134.3602,34.0744],[134.3601,34.0746],[134.3598,34.0745],[134.3594,34.0745],[134.3594,34.075],[134.3587,34.0751],[134.3587,34.0751],[134.3586,34.0752],[134.3587,34.0756],[134.3587,34.0757],[134.3582,34.0758],[134.3577,34.0759],[134.3573,34.076],[134.3572,34.0763],[134.3562,34.0759],[134.3561,34.0745],[134.3565,34.0745],[134.3569,34.0744],[134.3573,34.0743],[134.3574,34.0742],[134.3574,34.0741],[134.3574,34.074],[134.3581,34.0738],[134.3582,34.0737],[134.3582,34.0735],[134.3589,34.0735],[134.3597,34.0735],[134.3604,34.0735],[134.3612,34.0736],[134.3613,34.0738],[134.3616,34.074],[134.3618,34.0741],[134.3623,34.0742],[134.3628,34.0744],[134.363,34.0738],[134.363,34.0736],[134.3629,34.0734],[134.3629,34.0728],[134.3628,34.072],[134.3628,34.0719],[134.3629,34.0715],[134.3629,34.0713],[134.3631,34.0706],[134.3632,34.0704],[134.3622,34.0704],[134.3619,34.0704],[134.3616,34.0704],[134.3611,34.0705],[134.3606,34.0707],[134.36,34.071],[134.3597,34.0704],[134.3594,34.07],[134.3601,34.0687],[134.3591,34.0684],[134.3579,34.0682],[134.3573,34.0682],[134.3574,34.0689],[134.357,34.069],[134.3567,34.069],[134.3568,34.0697],[134.3569,34.0701],[134.3571,34.0704],[134.3571,34.0706],[134.3558,34.0709],[134.3553,34.0682],[134.3551,34.0673],[134.3555,34.0673],[134.3566,34.0676],[134.3567,34.0672],[134.3567,34.0663],[134.3568,34.0655],[134.3568,34.0654],[134.3569,34.0652],[134.3571,34.0647],[134.3572,34.064],[134.3567,34.0639],[134.3565,34.0639],[134.3562,34.0639],[134.356,34.064],[134.3557,34.0641],[134.3554,34.0641],[134.355,34.0642],[134.3547,34.0642],[134.3538,34.0642],[134.3529,34.0644],[134.3527,34.0644],[134.3525,34.0643],[134.3524,34.0641],[134.3523,34.0641],[134.3523,34.0644],[134.3524,34.0651],[134.3526,34.066],[134.3526,34.0667],[134.3527,34.0673],[134.3526,34.0677],[134.3524,34.0683],[134.3542,34.0682],[134.3545,34.0691],[134.3546,34.0694],[134.355,34.0709],[134.3536,34.0709],[134.3524,34.0709],[134.3506,34.071],[134.3506,34.0709],[134.3513,34.0707],[134.3514,34.07],[134.3515,34.0699],[134.3516,34.0696],[134.3518,34.0693],[134.3519,34.0691],[134.352,34.0687],[134.352,34.0685],[134.3521,34.0683],[134.35,34.0684],[134.3492,34.0684],[134.3492,34.0689],[134.3492,34.0691],[134.3494,34.0695],[134.3498,34.0701],[134.3502,34.071],[134.3503,34.0711],[134.3503,34.0711],[134.3504,34.0715],[134.3501,34.0715],[134.35,34.0712],[134.3499,34.0711],[134.3497,34.0711],[134.3495,34.0706],[134.3493,34.0707],[134.3493,34.0709],[134.3491,34.0709],[134.3492,34.0713],[134.3493,34.0716],[134.3486,34.0717],[134.3479,34.0717],[134.3473,34.0716],[134.3473,34.0717],[134.3474,34.072],[134.3475,34.0721],[134.3477,34.0725],[134.3478,34.0728],[134.348,34.0734],[134.348,34.074],[134.3458,34.0741],[134.3459,34.0745],[134.346,34.0749],[134.3461,34.0749],[134.3466,34.075],[134.3469,34.0751],[134.3471,34.0755],[134.3471,34.0755],[134.3467,34.0755],[134.3466,34.0755],[134.3465,34.0755],[134.3463,34.0754],[134.3462,34.0754],[134.3461,34.0755],[134.3461,34.0755],[134.3459,34.0755],[134.3459,34.0755],[134.3458,34.0755],[134.3457,34.0755],[134.3456,34.0755],[134.3456,34.0754],[134.3455,34.0755],[134.3455,34.0755],[134.3454,34.0755],[134.3454,34.0755],[134.3451,34.0755],[134.3451,34.0754],[134.3451,34.0754],[134.3449,34.0754],[134.3447,34.0754],[134.3447,34.0754],[134.3442,34.0753],[134.344,34.0753],[134.3436,34.0752],[134.3434,34.0752],[134.3432,34.0752],[134.3428,34.0751],[134.3427,34.0751],[134.3427,34.0751],[134.3424,34.075],[134.3422,34.0749],[134.3419,34.0748],[134.3415,34.0748],[134.3416,34.0751],[134.3416,34.0755],[134.3416,34.076],[134.3425,34.0759],[134.3427,34.077],[134.3426,34.0772],[134.3452,34.0766],[134.3462,34.0764],[134.347,34.0763],[134.3471,34.0766],[134.3477,34.0766],[134.3478,34.0767],[134.3481,34.0768],[134.3486,34.0769],[134.3492,34.077],[134.3492,34.0773],[134.3492,34.0774],[134.3494,34.0774],[134.3494,34.0777],[134.3492,34.0785],[134.3492,34.0787],[134.3492,34.0795],[134.3492,34.08],[134.3505,34.0777],[134.351,34.0777],[134.3521,34.0778],[134.3525,34.0778],[134.3529,34.0779],[134.3532,34.078],[134.3534,34.078],[134.3537,34.0782],[134.3539,34.0783],[134.3552,34.0788],[134.3556,34.0789],[134.3559,34.079],[134.3563,34.0791],[134.3568,34.0792],[134.3569,34.0792],[134.357,34.0792],[134.3568,34.0787],[134.3567,34.0783],[134.3567,34.078],[134.3572,34.0781],[134.3581,34.0784],[134.3584,34.0785],[134.3589,34.0787],[134.3591,34.0789],[134.3594,34.0789],[134.3598,34.079],[134.3608,34.0794],[134.3614,34.0796],[134.3616,34.0797],[134.3616,34.0797],[134.3617,34.0798],[134.3619,34.0799],[134.362,34.0799],[134.3621,34.08],[134.3624,34.0802],[134.3626,34.0803],[134.3628,34.0804],[134.363,34.0805],[134.3633,34.0806],[134.3635,34.0806],[134.3638,34.0807],[134.364,34.0807],[134.3642,34.0807],[134.3643,34.0807],[134.3644,34.0807],[134.3655,34.0807],[134.3659,34.0806],[134.366,34.0806],[134.366,34.0806],[134.3667,34.0804],[134.3668,34.0804]]]},"properties":{"name":"吉野川市","pop":1}},{"type":"Feature","geometry":{"type":"Polygon","coordinates":[[[134.5555,34.1384],[134.5555,34.1379],[134.5555,34.1375],[134.5556,34.1375],[134.5557,34.1374],[134.5559,34.1373],[134.556,34.1372],[134.5561,34.1371],[134.5561,34.1369],[134.5561,34.1366],[134.5561,34.1365],[134.5561,34.1363],[134.5558,34.1363],[134.5558,34.1361],[134.5559,34.1359],[134.556,34.1357],[134.556,34.1353],[134.556,34.135],[134.5561,34.1348],[134.5561,34.1346],[134.5561,34.1343],[134.5561,34.1341],[134.5561,34.134],[134.5559,34.1339],[134.5559,34.1337],[134.5558,34.1336],[134.5558,34.1335],[134.5558,34.1334],[134.5557,34.1333],[134.5555,34.1332],[134.5552,34.1332],[134.5543,34.1332],[134.5543,34.1325],[134.5539,34.1324],[134.5536,34.1324],[134.5532,34.1324],[134.5532,34.1317],[134.5533,34.1317],[134.5534,34.1316],[134.5535,34.1315],[134.5537,34.1314],[134.5537,34.1305],[134.5537,34.1302],[134.5531,34.1301],[134.5531,34.1299],[134.5532,34.1298],[134.5533,34.1294],[134.5532,34.1294],[134.5533,34.129],[134.5533,34.1287],[134.5534,34.1283],[134.5535,34.1279],[134.5534,34.1279],[134.5534,34.1273],[134.553,34.1273],[134.5531,34.1269],[134.5541,34.127],[134.5541,34.1266],[134.5537,34.1265],[134.5524,34.1261],[134.5525,34.1256],[134.5525,34.1253],[134.5526,34.1253],[134.553,34.1251],[134.5531,34.1251],[134.5533,34.1251],[134.5534,34.1251],[134.5536,34.1251],[134.554,34.1251],[134.5543,34.1251],[134.5545,34.1251],[134.5547,34.1251],[134.5548,34.125],[134.5549,34.1248],[134.555,34.1246],[134.5556,34.1248],[134.5559,34.1248],[134.556,34.1249],[134.5563,34.1249],[134.5567,34.125],[134.5569,34.1249],[134.5569,34.1249],[134.5571,34.1247],[134.5566,34.1243],[134.5565,34.1241],[134.555,34.1238],[134.5547,34.1237],[134.554,34.1236],[134.554,34.1226],[134.5541,34.1221],[134.5542,34.1222],[134.5544,34.1223],[134.5548,34.1224],[134.5551,34.1228],[134.5556,34.1229],[134.556,34.1231],[134.5563,34.1232],[134.5567,34.1233],[134.5574,34.1234],[134.558,34.1235],[134.5584,34.1233],[134.5586,34.1235],[134.559,34.1239],[134.5591,34.1225],[134.5594,34.1215],[134.5591,34.1216],[134.5587,34.1219],[134.5585,34.1221],[134.5585,34.1221],[134.5583,34.1221],[134.5577,34.122],[134.5576,34.1217],[134.5576,34.1217],[134.5575,34.1215],[134.5575,34.1214],[134.5574,34.1212],[134.5574,34.1211],[134.5571,34.1206],[134.5571,34.1205],[134.5569,34.12],[134.5568,34.1198],[134.5568,34.1198],[134.5566,34.1193],[134.5566,34.1191],[134.5565,34.119],[134.5565,34.1189],[134.5564,34.1188],[134.5562,34.1184],[134.5562,34.1184],[134.556,34.1181],[134.5559,34.118],[134.556,34.1176],[134.5556,34.1168],[134.5556,34.1168],[134.5555,34.1167],[134.5554,34.1165],[134.5551,34.1161],[134.5555,34.1161],[134.5556,34.1161],[134.5557,34.1161],[134.5558,34.116],[134.5558,34.1158],[134.5558,34.1154],[134.5558,34.1153],[134.5558,34.1152],[134.5558,34.1151],[134.5561,34.1148],[134.5562,34.1147],[134.5562,34.1147],[134.5564,34.1146],[134.5564,34.1145],[134.5564,34.1145],[134.5564,34.1144],[134.5565,34.1143],[134.5568,34.114],[134.5569,34.1138],[134.5572,34.1135],[134.5574,34.1134],[134.5578,34.1135],[134.5583,34.1135],[134.5583,34.1135],[134.5584,34.1135],[134.5585,34.1134],[134.5585,34.1132],[134.5585,34.1124],[134.5584,34.1123],[134.5584,34.1122],[134.5584,34.1121],[134.5583,34.1121],[134.5581,34.1119],[134.558,34.1117],[134.558,34.1117],[134.558,34.1115],[134.5581,34.1113],[134.5581,34.1112],[134.5581,34.1111],[134.5581,34.1107],[134.5579,34.1105],[134.5577,34.1104],[134.5576,34.1103],[134.5575,34.1102],[134.5573,34.1101],[134.5571,34.1099],[134.5569,34.1098],[134.5568,34.1098],[134.5567,34.1097],[134.5567,34.1097],[134.5565,34.1095],[134.5565,34.1091],[134.5565,34.1084],[134.5565,34.1083],[134.5565,34.1083],[134.5565,34.1083],[134.5563,34.1083],[134.5554,34.1082],[134.5543,34.1083],[134.5543,34.1083],[134.5542,34.1084],[134.5541,34.1084],[134.5539,34.1084],[134.5534,34.1085],[134.5525,34.1087],[134.5524,34.1089],[134.5525,34.1097],[134.5525,34.1097],[134.5525,34.1098],[134.5524,34.1103],[134.5522,34.1103],[134.5522,34.1103],[134.5521,34.1103],[134.5519,34.1103],[134.5517,34.1104],[134.5509,34.1105],[134.5509,34.1105],[134.5507,34.1106],[134.55,34.1107],[134.55,34.1107],[134.5499,34.1107],[134.5499,34.1107],[134.5496,34.1108],[134.5492,34.1108],[134.5486,34.1107],[134.5484,34.1108],[134.5482,34.1108],[134.5481,34.111],[134.5476,34.1111],[134.5474,34.1112],[134.5466,34.1114],[134.5465,34.1115],[134.546,34.1116],[134.5458,34.1116],[134.5456,34.1117],[134.5455,34.1117],[134.5453,34.1118],[134.545,34.1118],[134.5448,34.1119],[134.5446,34.1119],[134.5443,34.112],[134.544,34.112],[134.5439,34.112],[134.5438,34.112],[134.5437,34.1121],[134.5432,34.112],[134.5424,34.1123],[134.5418,34.1125],[134.5417,34.1125],[134.5412,34.1126],[134.5409,34.1126],[134.5404,34.1127],[134.5404,34.1129],[134.5403,34.1137],[134.5403,34.1139],[134.5403,34.1153],[134.5403,34.1158],[134.5405,34.1158],[134.5423,34.1156],[134.5423,34.1157],[134.5423,34.1168],[134.5426,34.1168],[134.5428,34.1182],[134.5425,34.1183],[134.5421,34.1185],[134.5426,34.1189],[134.5429,34.1188],[134.5431,34.1199],[134.5429,34.1199],[134.5428,34.1199],[134.5428,34.1203],[134.5427,34.1206],[134.5427,34.121],[134.5422,34.121],[134.5422,34.1219],[134.5423,34.1225],[134.5423,34.1231],[134.5421,34.1232],[134.542,34.1232],[134.542,34.1233],[134.5421,34.1235],[134.5423,34.1237],[134.5425,34.124],[134.5429,34.1244],[134.5431,34.1246],[134.5432,34.1248],[134.5435,34.1253],[134.5441,34.1253],[134.5441,34.1247],[134.5441,34.1243],[134.5442,34.1234],[134.5442,34.1232],[134.5446,34.1232],[134.5453,34.1233],[134.5454,34.1236],[134.5456,34.124],[134.5457,34.1241],[134.5457,34.1247],[134.5458,34.1252],[134.5458,34.1257],[134.5458,34.1263],[134.5457,34.1264],[134.5457,34.1267],[134.5462,34.1272],[134.5463,34.1273],[134.5463,34.1274],[134.5465,34.1279],[134.5471,34.1278],[134.547,34.1287],[134.5469,34.1298],[134.5473,34.1297],[134.5476,34.1297],[134.5481,34.1297],[134.5483,34.1297],[134.5486,34.1297],[134.5489,34.1297],[134.5491,34.1298],[134.5492,34.1298],[134.5498,34.1298],[134.5499,34.1299],[134.5498,34.13],[134.5498,34.1303],[134.5498,34.1306],[134.5502,34.1307],[134.5502,34.1307],[134.5501,34.131],[134.5501,34.1311],[134.5501,34.1313],[134.55,34.1315],[134.55,34.1318],[134.5504,34.1318],[134.5508,34.1317],[134.5517,34.1317],[134.5517,34.1322],[134.5516,34.1322],[134.5516,34.1326],[134.5516,34.1326],[134.5516,34.1331],[134.5515,34.1331],[134.5509,34.1331],[134.5509,34.1333],[134.5509,34.1336],[134.5509,34.134],[134.5512,34.134],[134.5515,34.134],[134.5517,34.134],[134.5517,34.1341],[134.5516,34.1344],[134.5515,34.1347],[134.5515,34.1348],[134.5514,34.135],[134.5511,34.1354],[134.5511,34.1355],[134.5508,34.1355],[134.5507,34.1356],[134.5504,34.1358],[134.5502,34.1359],[134.5495,34.1363],[134.5498,34.1368],[134.5501,34.1371],[134.5491,34.1375],[134.5495,34.1381],[134.5498,34.138],[134.5503,34.1388],[134.5506,34.1392],[134.5508,34.1393],[134.551,34.1392],[134.5512,34.1391],[134.5515,34.1391],[134.5519,34.139],[134.5519,34.1385],[134.5539,34.1384],[134.5539,34.1385],[134.5541,34.1386],[134.5543,34.1389],[134.5544,34.1393],[134.5543,34.1394],[134.5541,34.1394],[134.5543,34.1397],[134.5544,34.1398],[134.5556,34.1398],[134.5564,34.1397],[134.5568,34.1396],[134.5566,34.1394],[134.5561,34.1393],[134.5558,34.1391],[134.5556,34.1388],[134.5555,34.1384]]]},"properties":{"name":"北島町","pop":1}}]}