{"type":"FeatureCollection","features":[{"type":"Feature","geometry":{"type":"Polygon","coordinates":[[[139.2196,37.9264],[139.2197,37.9263],[139.2204,37.9264],[139.2204,37.9264],[139.2204,37.9265],[139.2203,37.9265],[139.2203,37.9265],[139.2202,37.9265],[139.2201,37.9265],[139.2201,37.9265],[139.22,37.9267],[139.2199,37.9269],[139.2199,37.9269],[139.2197,37.9268],[139.2196,37.9269],[139.2196,37.927],[139.2197,37.9271],[139.2205,37.9276],[139.2202,37.9279],[139.2212,37.9284],[139.2214,37.9282],[139.2214,37.9282],[139.2217,37.9279],[139.2219,37.9277],[139.2219,37.9276],[139.2221,37.9272],[139.2221,37.927],[139.2221,37.927],[139.2226,37.9271],[139.2227,37.9272],[139.2229,37.9273],[139.223,37.9272],[139.2236,37.9265],[139.224,37.9261],[139.2241,37.9259],[139.2254,37.9245],[139.2255,37.9245],[139.2257,37.9245],[139.2256,37.9244],[139.2253,37.9245],[139.2253,37.9243],[139.2249,37.9244],[139.2249,37.9245],[139.2249,37.9245],[139.2249,37.9246],[139.2248,37.9247],[139.2248,37.9248],[139.2247,37.9249],[139.2246,37.9249],[139.2244,37.925],[139.2241,37.9251],[139.224,37.9251],[139.2239,37.9251],[139.2238,37.9251],[139.2232,37.9252],[139.2231,37.9252],[139.223,37.9253],[139.2229,37.9253],[139.2223,37.9249],[139.2226,37.9245],[139.2227,37.9245],[139.2229,37.9245],[139.2229,37.9249],[139.223,37.9249],[139.2243,37.9249],[139.2246,37.9245],[139.2247,37.9241],[139.2248,37.9234],[139.2248,37.9233],[139.2248,37.9228],[139.225,37.9223],[139.2248,37.9223],[139.2246,37.9222],[139.2248,37.9221],[139.2257,37.9215],[139.2268,37.9221],[139.227,37.9222],[139.2272,37.9223],[139.2278,37.9212],[139.2279,37.9209],[139.2287,37.9194],[139.2294,37.9178],[139.2295,37.9179],[139.2299,37.9173],[139.2294,37.9164],[139.2285,37.9168],[139.2281,37.9162],[139.2281,37.916],[139.2284,37.916],[139.2286,37.916],[139.229,37.916],[139.2296,37.9159],[139.2299,37.9159],[139.23,37.9159],[139.2293,37.9152],[139.2289,37.9149],[139.2288,37.9148],[139.228,37.9141],[139.227,37.9132],[139.2267,37.913],[139.2264,37.9127],[139.2258,37.9122],[139.2255,37.9124],[139.2251,37.9127],[139.2239,37.9117],[139.2237,37.9116],[139.2232,37.9112],[139.2227,37.9109],[139.2235,37.9101],[139.2235,37.91],[139.2239,37.9097],[139.2244,37.9093],[139.2252,37.9087],[139.2256,37.9084],[139.2248,37.9077],[139.2239,37.9069],[139.2235,37.9065],[139.2229,37.906],[139.2225,37.9063],[139.2216,37.9056],[139.2221,37.9053],[139.2219,37.9051],[139.2209,37.9043],[139.2204,37.9039],[139.2205,37.9038],[139.2202,37.9037],[139.2198,37.9046],[139.2198,37.9048],[139.2205,37.9049],[139.2208,37.9049],[139.2208,37.9049],[139.2207,37.9055],[139.2207,37.9055],[139.2207,37.9056],[139.2208,37.9059],[139.2209,37.9062],[139.2209,37.9063],[139.2209,37.9066],[139.2209,37.9068],[139.2207,37.9069],[139.2203,37.9067],[139.2199,37.9065],[139.2199,37.9067],[139.2199,37.9068],[139.2198,37.907],[139.2182,37.9072],[139.2182,37.9068],[139.2186,37.9067],[139.2185,37.9059],[139.2198,37.9058],[139.2198,37.9054],[139.2198,37.9051],[139.2198,37.905],[139.2179,37.9051],[139.218,37.9055],[139.218,37.9058],[139.218,37.9058],[139.2175,37.9059],[139.2157,37.906],[139.2151,37.9061],[139.2142,37.9062],[139.2141,37.9064],[139.2141,37.9065],[139.2141,37.9066],[139.2137,37.9069],[139.2142,37.907],[139.2142,37.9071],[139.2139,37.9075],[139.2139,37.9077],[139.2136,37.9077],[139.2133,37.9077],[139.213,37.9081],[139.2127,37.9085],[139.2126,37.9086],[139.2125,37.9089],[139.2125,37.9094],[139.2126,37.9094],[139.2126,37.9095],[139.2127,37.9096],[139.2129,37.9098],[139.2129,37.9101],[139.2129,37.9102],[139.213,37.9106],[139.2128,37.9106],[139.2124,37.9106],[139.2124,37.9105],[139.2124,37.9103],[139.2122,37.9097],[139.2122,37.9097],[139.2121,37.9093],[139.2111,37.9091],[139.2111,37.9091],[139.2117,37.9081],[139.2112,37.908],[139.2107,37.9088],[139.2102,37.909],[139.2096,37.9092],[139.2088,37.9095],[139.2068,37.9102],[139.2072,37.911],[139.2077,37.9119],[139.208,37.9124],[139.208,37.9124],[139.2081,37.9123],[139.2084,37.9122],[139.2085,37.9122],[139.2086,37.9121],[139.2087,37.9121],[139.2089,37.912],[139.2093,37.9119],[139.2098,37.9121],[139.2098,37.9121],[139.2101,37.9122],[139.2102,37.9122],[139.2104,37.9123],[139.2115,37.9129],[139.211,37.9134],[139.2103,37.9142],[139.21,37.9145],[139.2099,37.9146],[139.2099,37.9147],[139.2095,37.915],[139.2091,37.9153],[139.2089,37.9156],[139.2089,37.9157],[139.2082,37.9156],[139.2081,37.9156],[139.2079,37.9156],[139.2075,37.9156],[139.2069,37.9157],[139.2061,37.9158],[139.206,37.9159],[139.2052,37.916],[139.2048,37.9161],[139.2035,37.9163],[139.204,37.9167],[139.2041,37.9168],[139.2038,37.9171],[139.2035,37.9173],[139.2035,37.9173],[139.2043,37.9181],[139.2053,37.9189],[139.2053,37.919],[139.2056,37.9189],[139.2056,37.9186],[139.2056,37.9182],[139.2059,37.9185],[139.2059,37.9185],[139.2066,37.918],[139.2069,37.9183],[139.2076,37.9189],[139.2085,37.9198],[139.2085,37.9198],[139.2095,37.9207],[139.2102,37.9212],[139.2104,37.9215],[139.2114,37.9224],[139.2121,37.9219],[139.2117,37.9215],[139.2111,37.921],[139.2102,37.9202],[139.2105,37.92],[139.2111,37.9205],[139.2115,37.9208],[139.212,37.9213],[139.213,37.9207],[139.213,37.9206],[139.2133,37.9205],[139.2136,37.9203],[139.2138,37.9201],[139.2142,37.9205],[139.2134,37.921],[139.2139,37.9214],[139.2126,37.9223],[139.2121,37.9227],[139.2126,37.9231],[139.2124,37.9232],[139.2129,37.9237],[139.213,37.9238],[139.2132,37.9237],[139.2136,37.9234],[139.2137,37.9233],[139.2147,37.9242],[139.215,37.9245],[139.215,37.9245],[139.2163,37.9257],[139.217,37.9264],[139.2159,37.9275],[139.2169,37.9281],[139.2174,37.9284],[139.2173,37.9287],[139.2171,37.9292],[139.217,37.9295],[139.2168,37.9298],[139.2167,37.9301],[139.2171,37.9306],[139.2172,37.9304],[139.2173,37.9302],[139.2174,37.93],[139.2174,37.9298],[139.2175,37.9295],[139.2176,37.9293],[139.2177,37.9291],[139.2178,37.9291],[139.2179,37.9289],[139.2181,37.9287],[139.2183,37.9285],[139.2185,37.9284],[139.2186,37.9282],[139.2187,37.9282],[139.219,37.9279],[139.2192,37.9277],[139.2185,37.9273],[139.2191,37.9267],[139.2196,37.9264]]]},"properties":{"name":"新潟市北区","pop":1}},{"type":"Feature","geometry":{"type":"Polygon","coordinates":[[[139.1554,37.9534],[139.156,37.953],[139.1564,37.9527],[139.157,37.9522],[139.157,37.9521],[139.1567,37.9522],[139.155,37.9528],[139.1554,37.9534]]]},"properties":{"name":"新潟市北区","pop":2}},{"type":"Feature","geometry":{"type":"Polygon","coordinates":[[[139.1554,37.9534],[139.1549,37.9535],[139.1548,37.9536],[139.1546,37.9536],[139.1544,37.9536],[139.1539,37.9536],[139.1536,37.9536],[139.1534,37.9536],[139.1532,37.9532],[139.1536,37.953],[139.1539,37.9529],[139.1543,37.9527],[139.1547,37.9525],[139.1557,37.952],[139.1556,37.9519],[139.1556,37.9519],[139.1558,37.9519],[139.1558,37.9519],[139.1559,37.9518],[139.156,37.9518],[139.1562,37.9517],[139.1563,37.9516],[139.1564,37.9516],[139.1565,37.9515],[139.157,37.9513],[139.1572,37.9511],[139.1573,37.951],[139.1576,37.9509],[139.1574,37.9508],[139.1568,37.9511],[139.1568,37.9511],[139.1566,37.9512],[139.1566,37.9513],[139.1563,37.9514],[139.1563,37.9514],[139.1562,37.9515],[139.1561,37.9515],[139.1559,37.9515],[139.1558,37.9515],[139.1557,37.9515],[139.1553,37.9515],[139.154,37.9515],[139.1535,37.9506],[139.1534,37.9504],[139.1532,37.9501],[139.153,37.9498],[139.1529,37.9496],[139.1528,37.9493],[139.1526,37.9491],[139.1525,37.9488],[139.1525,37.9487],[139.1525,37.9486],[139.1526,37.9484],[139.1517,37.9482],[139.1516,37.9481],[139.1517,37.9479],[139.151,37.9475],[139.1502,37.9472],[139.1505,37.9467],[139.1507,37.9462],[139.1507,37.9461],[139.1513,37.9454],[139.1513,37.9454],[139.1519,37.9447],[139.1517,37.9447],[139.1513,37.9446],[139.1512,37.9445],[139.1511,37.9444],[139.151,37.9444],[139.1508,37.9443],[139.1505,37.9441],[139.1501,37.9439],[139.1499,37.9438],[139.1498,37.9437],[139.1497,37.9437],[139.1496,37.9437],[139.1496,37.9437],[139.1495,37.9437],[139.1493,37.9437],[139.1491,37.9438],[139.1489,37.9438],[139.1488,37.9438],[139.1487,37.9438],[139.1486,37.9438],[139.1475,37.9434],[139.1457,37.9428],[139.1408,37.9412],[139.1408,37.9413],[139.1404,37.9411],[139.1399,37.9417],[139.1399,37.9417],[139.1386,37.9432],[139.1383,37.9437],[139.1379,37.9443],[139.1376,37.9448],[139.1374,37.9451],[139.1369,37.9455],[139.1365,37.9457],[139.1351,37.9484],[139.1359,37.9487],[139.1366,37.9488],[139.1366,37.9488],[139.1392,37.9496],[139.1395,37.9497],[139.1394,37.9499],[139.1394,37.9499],[139.1394,37.95],[139.1394,37.95],[139.1393,37.9502],[139.1392,37.9504],[139.1391,37.9506],[139.139,37.9507],[139.1393,37.9508],[139.1391,37.951],[139.1387,37.9519],[139.1384,37.9519],[139.1383,37.9518],[139.1355,37.9511],[139.1355,37.9512],[139.1369,37.9515],[139.1382,37.9518],[139.1382,37.9518],[139.1381,37.9524],[139.1381,37.9525],[139.138,37.9525],[139.138,37.9528],[139.138,37.9529],[139.138,37.9529],[139.1389,37.9533],[139.1391,37.9531],[139.1391,37.9531],[139.1394,37.9533],[139.1394,37.9535],[139.1394,37.9537],[139.139,37.9541],[139.1384,37.9547],[139.1377,37.9554],[139.1381,37.9556],[139.1381,37.9556],[139.1378,37.9559],[139.1375,37.9561],[139.1372,37.9559],[139.1367,37.9561],[139.1365,37.9563],[139.1361,37.9565],[139.136,37.9566],[139.136,37.9566],[139.1359,37.9567],[139.1359,37.957],[139.1357,37.9577],[139.136,37.9577],[139.136,37.958],[139.1359,37.9583],[139.1359,37.9586],[139.1358,37.9589],[139.1357,37.9589],[139.1357,37.9592],[139.1358,37.9594],[139.1359,37.9595],[139.136,37.9596],[139.1361,37.9597],[139.1364,37.9597],[139.1366,37.9598],[139.1367,37.9599],[139.137,37.9601],[139.1371,37.9597],[139.1372,37.9595],[139.1375,37.9596],[139.1376,37.9593],[139.1379,37.9593],[139.138,37.9592],[139.1387,37.9593],[139.1386,37.9598],[139.1385,37.9603],[139.1388,37.9605],[139.1389,37.9605],[139.1391,37.9606],[139.1393,37.9607],[139.1391,37.9613],[139.1394,37.9615],[139.1396,37.9617],[139.1399,37.9621],[139.1402,37.9625],[139.1403,37.9628],[139.1405,37.963],[139.1406,37.9633],[139.1408,37.9632],[139.1411,37.9628],[139.1412,37.9629],[139.1413,37.963],[139.1418,37.9633],[139.1417,37.9634],[139.1422,37.9635],[139.1428,37.9637],[139.1429,37.9631],[139.143,37.9629],[139.143,37.9629],[139.143,37.9629],[139.143,37.9629],[139.143,37.9628],[139.143,37.9628],[139.143,37.9628],[139.143,37.9625],[139.143,37.9625],[139.1432,37.962],[139.1431,37.962],[139.1432,37.9617],[139.1434,37.9611],[139.1436,37.9602],[139.1447,37.9604],[139.1457,37.9605],[139.1454,37.9616],[139.1453,37.9618],[139.1452,37.9623],[139.1443,37.9654],[139.1446,37.9657],[139.1446,37.9657],[139.1446,37.9657],[139.1446,37.9657],[139.1448,37.9657],[139.145,37.9658],[139.1451,37.9658],[139.1452,37.9659],[139.1453,37.9659],[139.1453,37.966],[139.1454,37.966],[139.1454,37.966],[139.1454,37.9662],[139.1452,37.9665],[139.1453,37.9665],[139.1454,37.9663],[139.1454,37.9662],[139.1455,37.9662],[139.1455,37.9662],[139.1456,37.9662],[139.1457,37.9662],[139.1458,37.9663],[139.1459,37.9663],[139.1459,37.9663],[139.146,37.9663],[139.146,37.9664],[139.1461,37.9664],[139.1461,37.9665],[139.146,37.9667],[139.146,37.9667],[139.146,37.9667],[139.146,37.9667],[139.146,37.9667],[139.146,37.9667],[139.1461,37.9666],[139.1461,37.9664],[139.1461,37.9664],[139.1462,37.9664],[139.1462,37.9664],[139.1463,37.9665],[139.1463,37.9665],[139.1465,37.9665],[139.1466,37.9666],[139.1467,37.9666],[139.1468,37.9666],[139.1468,37.9666],[139.1468,37.9666],[139.1468,37.9666],[139.1469,37.9666],[139.1469,37.9667],[139.1469,37.9667],[139.1469,37.9667],[139.1469,37.9667],[139.1469,37.9667],[139.147,37.9667],[139.147,37.9667],[139.147,37.9667],[139.147,37.9667],[139.1471,37.9667],[139.1471,37.9667],[139.1471,37.9668],[139.1471,37.9668],[139.1471,37.967],[139.1471,37.967],[139.1471,37.9668],[139.1472,37.9668],[139.1472,37.9668],[139.1473,37.9668],[139.1474,37.9668],[139.1474,37.9668],[139.1474,37.9668],[139.1476,37.9668],[139.1477,37.9668],[139.1479,37.9669],[139.148,37.9669],[139.1481,37.9669],[139.1482,37.967],[139.1482,37.967],[139.1482,37.967],[139.1482,37.9672],[139.1482,37.9672],[139.1482,37.9672],[139.1482,37.9672],[139.1482,37.9671],[139.1483,37.9671],[139.1484,37.9671],[139.1485,37.9671],[139.1487,37.9672],[139.1487,37.9672],[139.1487,37.9672],[139.1487,37.9672],[139.1488,37.9672],[139.1488,37.9672],[139.1488,37.9672],[139.149,37.9662],[139.1497,37.9641],[139.1506,37.9624],[139.1507,37.962],[139.1512,37.9609],[139.1516,37.9599],[139.1517,37.9595],[139.1517,37.9591],[139.1517,37.9586],[139.1518,37.9586],[139.1519,37.9587],[139.1519,37.9587],[139.1521,37.9587],[139.1534,37.9591],[139.1542,37.9566],[139.1542,37.9564],[139.1545,37.9559],[139.1546,37.9558],[139.1553,37.956],[139.1558,37.9562],[139.1561,37.9563],[139.1565,37.9564],[139.1572,37.9566],[139.1574,37.9568],[139.1576,37.9569],[139.1579,37.957],[139.1578,37.957],[139.1581,37.9567],[139.1589,37.9556],[139.1587,37.9556],[139.1586,37.9556],[139.1585,37.9556],[139.1584,37.9558],[139.1583,37.9558],[139.1582,37.9557],[139.1582,37.9555],[139.1582,37.9554],[139.1582,37.9553],[139.1581,37.9552],[139.158,37.9552],[139.158,37.9552],[139.158,37.9552],[139.158,37.9552],[139.1578,37.9552],[139.1577,37.9552],[139.1576,37.9551],[139.1575,37.9551],[139.1573,37.955],[139.1574,37.9549],[139.1572,37.9549],[139.1572,37.9547],[139.157,37.9547],[139.1569,37.9547],[139.1564,37.9546],[139.1563,37.9544],[139.1563,37.9544],[139.1564,37.9543],[139.1564,37.954],[139.1564,37.9538],[139.1556,37.9537],[139.1555,37.9535],[139.1554,37.9534]]]},"properties":{"name":"新潟市北区","pop":2}},{"type":"Feature","geometry":{"type":"Polygon","coordinates":[[[139.1881,37.9263],[139.1889,37.9253],[139.1887,37.9253],[139.1877,37.9255],[139.1875,37.925],[139.1873,37.9244],[139.1872,37.9238],[139.187,37.9233],[139.1868,37.9228],[139.1866,37.922],[139.1865,37.9215],[139.1866,37.9215],[139.1865,37.9211],[139.1864,37.9208],[139.1874,37.9206],[139.1875,37.9209],[139.1879,37.9208],[139.1889,37.9207],[139.189,37.921],[139.1907,37.9207],[139.1915,37.9206],[139.1924,37.9204],[139.1922,37.9198],[139.1922,37.9196],[139.192,37.9191],[139.1919,37.9186],[139.1917,37.9181],[139.1916,37.9178],[139.1915,37.9175],[139.1914,37.9171],[139.1914,37.917],[139.1913,37.917],[139.1913,37.9169],[139.1912,37.9169],[139.1912,37.9169],[139.1911,37.9168],[139.1908,37.9167],[139.1906,37.9166],[139.1905,37.9166],[139.1903,37.9166],[139.1901,37.9166],[139.1895,37.9167],[139.1891,37.9168],[139.1878,37.9171],[139.187,37.9172],[139.1862,37.9173],[139.1862,37.9173],[139.1862,37.9173],[139.1844,37.9177],[139.1842,37.9177],[139.1836,37.9178],[139.1826,37.918],[139.1826,37.9178],[139.1824,37.9173],[139.1829,37.9173],[139.1829,37.917],[139.1829,37.9166],[139.183,37.9167],[139.1842,37.9163],[139.1842,37.9163],[139.1832,37.9162],[139.182,37.916],[139.1816,37.9159],[139.1812,37.9159],[139.1808,37.9159],[139.1798,37.916],[139.1793,37.9161],[139.1791,37.9161],[139.1787,37.916],[139.1782,37.916],[139.1778,37.916],[139.1771,37.916],[139.1768,37.9161],[139.1758,37.9161],[139.175,37.9163],[139.1751,37.9167],[139.1742,37.9168],[139.174,37.9168],[139.1739,37.9169],[139.1734,37.917],[139.1734,37.9169],[139.1732,37.9165],[139.173,37.9166],[139.1721,37.9167],[139.1718,37.9167],[139.1707,37.9168],[139.1705,37.9168],[139.1701,37.9168],[139.1701,37.9172],[139.1704,37.9172],[139.1705,37.9172],[139.1707,37.9172],[139.1711,37.9172],[139.1714,37.9172],[139.1715,37.9172],[139.1716,37.9172],[139.1718,37.9172],[139.1719,37.9172],[139.1722,37.9173],[139.1723,37.9173],[139.1726,37.9174],[139.1728,37.9174],[139.173,37.9175],[139.1732,37.9176],[139.1734,37.9177],[139.1736,37.9178],[139.1737,37.9179],[139.1738,37.918],[139.174,37.9181],[139.1742,37.9183],[139.1746,37.9186],[139.1748,37.9187],[139.1749,37.9188],[139.1749,37.9189],[139.175,37.9189],[139.175,37.9191],[139.1751,37.9192],[139.1751,37.9193],[139.175,37.9195],[139.175,37.9198],[139.1748,37.9204],[139.1748,37.9206],[139.1747,37.9208],[139.1747,37.9209],[139.1747,37.921],[139.1747,37.9211],[139.1748,37.9213],[139.1749,37.9214],[139.175,37.9216],[139.1751,37.9217],[139.1751,37.9217],[139.1761,37.9215],[139.1759,37.9212],[139.1757,37.9208],[139.1757,37.9207],[139.1757,37.9201],[139.1757,37.9201],[139.1762,37.9201],[139.1763,37.92],[139.1764,37.92],[139.1767,37.9199],[139.1768,37.92],[139.177,37.9209],[139.1776,37.9208],[139.1781,37.9207],[139.1779,37.9199],[139.1784,37.9198],[139.1785,37.9201],[139.1786,37.9204],[139.1786,37.9206],[139.1786,37.9206],[139.1784,37.9207],[139.1785,37.9211],[139.1783,37.9212],[139.1772,37.9214],[139.1773,37.9219],[139.1775,37.9225],[139.1775,37.9225],[139.1776,37.9226],[139.1778,37.9228],[139.1782,37.9231],[139.1788,37.9235],[139.1793,37.9239],[139.1794,37.924],[139.1795,37.924],[139.1796,37.9241],[139.1801,37.9242],[139.1801,37.9242],[139.1806,37.9242],[139.1809,37.9243],[139.1818,37.9242],[139.182,37.9242],[139.1821,37.9242],[139.1821,37.9242],[139.1826,37.9244],[139.1839,37.9248],[139.186,37.9254],[139.1868,37.9257],[139.187,37.926],[139.187,37.9261],[139.1869,37.9263],[139.1868,37.9264],[139.1867,37.9265],[139.187,37.9266],[139.1869,37.927],[139.1871,37.927],[139.1872,37.927],[139.1874,37.9269],[139.1876,37.9268],[139.1878,37.9267],[139.1879,37.9266],[139.1881,37.9263]]]},"properties":{"name":"新潟市北区","pop":3}},{"type":"Feature","geometry":{"type":"Polygon","coordinates":[[[139.0992,37.948],[139.0996,37.9481],[139.0997,37.9481],[139.0998,37.9474],[139.0993,37.9473],[139.0992,37.948]]]},"properties":{"name":"新潟市東区","pop":1}},{"type":"Feature","geometry":{"type":"Polygon","coordinates":[[[139.1231,37.9621],[139.1231,37.9621],[139.1232,37.962],[139.1232,37.962],[139.1233,37.9618],[139.1234,37.9616],[139.1236,37.9611],[139.1236,37.9611],[139.1237,37.9608],[139.1237,37.9608],[139.1238,37.9607],[139.1239,37.9603],[139.124,37.9602],[139.124,37.9601],[139.1241,37.9599],[139.1242,37.9599],[139.1242,37.9598],[139.1243,37.9598],[139.1244,37.9598],[139.1247,37.9597],[139.1248,37.9597],[139.1248,37.9597],[139.1249,37.9597],[139.125,37.9597],[139.1251,37.9597],[139.1252,37.9597],[139.1253,37.9596],[139.1254,37.9596],[139.1255,37.9596],[139.1255,37.9596],[139.1256,37.9596],[139.1261,37.9596],[139.1262,37.9596],[139.1264,37.9596],[139.1265,37.9595],[139.1266,37.9595],[139.1267,37.9595],[139.1268,37.9594],[139.1269,37.9594],[139.1271,37.9594],[139.1272,37.9593],[139.1273,37.9593],[139.1275,37.9592],[139.1276,37.9591],[139.1277,37.959],[139.1278,37.959],[139.1278,37.959],[139.1276,37.9588],[139.1282,37.9583],[139.1282,37.9583],[139.1289,37.9578],[139.1294,37.9573],[139.1294,37.9573],[139.1293,37.9572],[139.1291,37.9572],[139.129,37.9572],[139.1289,37.9572],[139.1288,37.9572],[139.1288,37.9572],[139.1287,37.9572],[139.1287,37.9572],[139.1287,37.9573],[139.1287,37.9573],[139.1287,37.9573],[139.1286,37.9573],[139.1285,37.9574],[139.1285,37.9574],[139.1284,37.9574],[139.1284,37.9574],[139.1283,37.9575],[139.1282,37.9575],[139.128,37.9575],[139.1279,37.9575],[139.1279,37.9575],[139.1278,37.9576],[139.1278,37.9576],[139.1277,37.9576],[139.1276,37.9576],[139.1276,37.9576],[139.1275,37.9576],[139.1275,37.9576],[139.1274,37.9576],[139.1274,37.9576],[139.1273,37.9577],[139.1273,37.9577],[139.1273,37.9577],[139.1272,37.9578],[139.1271,37.9578],[139.1271,37.9579],[139.1271,37.9579],[139.127,37.9579],[139.127,37.9579],[139.127,37.9579],[139.1269,37.9579],[139.1269,37.9579],[139.1268,37.9578],[139.1267,37.9578],[139.1266,37.9578],[139.1266,37.9577],[139.1266,37.9577],[139.1266,37.9577],[139.1266,37.9576],[139.1266,37.9576],[139.1266,37.9575],[139.1267,37.9575],[139.1267,37.9574],[139.1267,37.9573],[139.1267,37.9573],[139.1268,37.9573],[139.1268,37.9572],[139.1268,37.9571],[139.1268,37.9571],[139.1269,37.9571],[139.1269,37.9571],[139.1269,37.9571],[139.1269,37.9571],[139.127,37.9571],[139.1271,37.9571],[139.1272,37.957],[139.1272,37.957],[139.1272,37.957],[139.1272,37.9569],[139.1273,37.9569],[139.1273,37.957],[139.1273,37.957],[139.1274,37.957],[139.1274,37.957],[139.1274,37.9571],[139.1274,37.9571],[139.1275,37.9571],[139.1275,37.9571],[139.1275,37.9571],[139.1275,37.9571],[139.1276,37.9571],[139.1276,37.9571],[139.1277,37.9571],[139.1277,37.9571],[139.1277,37.9571],[139.1277,37.957],[139.1278,37.957],[139.1278,37.957],[139.1279,37.9569],[139.1279,37.9569],[139.128,37.9569],[139.128,37.9569],[139.1281,37.9569],[139.1281,37.9569],[139.1282,37.9569],[139.1282,37.9569],[139.1282,37.9569],[139.1282,37.9568],[139.1282,37.9568],[139.1284,37.9567],[139.1284,37.9567],[139.1285,37.9566],[139.1286,37.9566],[139.1286,37.9566],[139.1286,37.9566],[139.1286,37.9565],[139.1286,37.9564],[139.1285,37.9564],[139.1284,37.9563],[139.1284,37.9563],[139.1283,37.9563],[139.1282,37.9563],[139.1282,37.9563],[139.1281,37.9563],[139.1281,37.9563],[139.128,37.9563],[139.1279,37.9564],[139.1279,37.9564],[139.1279,37.9565],[139.1279,37.9565],[139.1279,37.9565],[139.1278,37.9564],[139.1278,37.9564],[139.1278,37.9564],[139.1277,37.9564],[139.1276,37.9564],[139.1276,37.9563],[139.1276,37.9563],[139.1276,37.9563],[139.1276,37.9562],[139.1276,37.9562],[139.1276,37.9562],[139.1276,37.9561],[139.1276,37.9561],[139.1276,37.9561],[139.1276,37.9561],[139.1277,37.9561],[139.1277,37.9561],[139.1277,37.9561],[139.1275,37.956],[139.1275,37.956],[139.1274,37.956],[139.1274,37.956],[139.1274,37.956],[139.1274,37.956],[139.1273,37.9561],[139.1273,37.9561],[139.1272,37.9562],[139.1272,37.9562],[139.1271,37.9563],[139.1271,37.9564],[139.1271,37.9564],[139.1271,37.9563],[139.1271,37.9563],[139.127,37.9562],[139.127,37.9562],[139.127,37.9561],[139.1271,37.9561],[139.1271,37.9561],[139.1272,37.956],[139.1272,37.956],[139.1272,37.956],[139.1272,37.956],[139.1271,37.956],[139.1267,37.956],[139.1266,37.956],[139.1265,37.956],[139.1264,37.956],[139.1264,37.956],[139.1262,37.9561],[139.1261,37.9561],[139.1261,37.9562],[139.1261,37.9562],[139.126,37.9562],[139.126,37.9563],[139.126,37.9563],[139.126,37.9563],[139.1258,37.9564],[139.1258,37.9564],[139.1258,37.9565],[139.1257,37.9565],[139.1257,37.9565],[139.1257,37.9565],[139.1256,37.9565],[139.1256,37.9565],[139.1255,37.9565],[139.1255,37.9566],[139.1255,37.9566],[139.1254,37.9566],[139.1254,37.9567],[139.1254,37.9566],[139.1254,37.9566],[139.1254,37.9566],[139.1254,37.9566],[139.1254,37.9565],[139.1254,37.9565],[139.1257,37.9559],[139.1257,37.9559],[139.1257,37.9558],[139.1258,37.9557],[139.1274,37.9557],[139.1274,37.9557],[139.1284,37.9556],[139.1284,37.9556],[139.1309,37.9555],[139.1309,37.9555],[139.1284,37.9556],[139.1284,37.9556],[139.1274,37.9556],[139.1274,37.9556],[139.1257,37.9557],[139.1261,37.9548],[139.1261,37.9548],[139.1262,37.9545],[139.1263,37.9545],[139.1263,37.9545],[139.1263,37.9545],[139.1263,37.9544],[139.1264,37.9544],[139.1264,37.9544],[139.1263,37.9544],[139.1263,37.9543],[139.1263,37.9543],[139.1264,37.954],[139.1265,37.954],[139.1265,37.954],[139.1265,37.954],[139.1266,37.954],[139.1266,37.954],[139.1266,37.954],[139.1266,37.954],[139.1266,37.954],[139.1268,37.9541],[139.1268,37.9541],[139.1268,37.9541],[139.1268,37.9541],[139.1268,37.9542],[139.1268,37.9543],[139.1268,37.9543],[139.1268,37.9543],[139.1268,37.9543],[139.1269,37.9543],[139.1269,37.9543],[139.1269,37.9543],[139.1269,37.9544],[139.1268,37.9544],[139.1268,37.9544],[139.1268,37.9544],[139.1268,37.9545],[139.1268,37.9545],[139.1269,37.9545],[139.1269,37.9546],[139.1269,37.9546],[139.1269,37.9546],[139.1269,37.9546],[139.1269,37.9546],[139.1269,37.9546],[139.1269,37.9547],[139.1269,37.9547],[139.1269,37.9547],[139.1269,37.9547],[139.1269,37.9547],[139.1269,37.9547],[139.127,37.9547],[139.1271,37.9547],[139.1271,37.9548],[139.1271,37.9548],[139.1271,37.9549],[139.1271,37.9549],[139.1269,37.955],[139.1267,37.9551],[139.1267,37.9552],[139.1266,37.9553],[139.1266,37.9554],[139.1265,37.9555],[139.1265,37.9555],[139.1266,37.9555],[139.1266,37.9556],[139.1267,37.9556],[139.1267,37.9556],[139.1268,37.9556],[139.1268,37.9556],[139.1269,37.9556],[139.127,37.9555],[139.1271,37.9554],[139.1272,37.9553],[139.1273,37.9553],[139.1275,37.9551],[139.1276,37.9551],[139.1276,37.9551],[139.1276,37.9551],[139.1276,37.955],[139.1276,37.955],[139.1275,37.9549],[139.1275,37.9549],[139.1275,37.9549],[139.1275,37.9548],[139.1275,37.9548],[139.1275,37.9548],[139.1275,37.9548],[139.1275,37.9547],[139.1275,37.9547],[139.1275,37.9546],[139.1275,37.9546],[139.1275,37.9546],[139.1276,37.9545],[139.1276,37.9545],[139.1276,37.9544],[139.1276,37.9544],[139.1276,37.9543],[139.1276,37.9543],[139.1277,37.9542],[139.1277,37.9542],[139.1277,37.9542],[139.1276,37.9542],[139.1276,37.9541],[139.1276,37.9541],[139.1274,37.9541],[139.1274,37.9541],[139.1274,37.9541],[139.1274,37.9541],[139.1274,37.954],[139.1275,37.954],[139.1275,37.954],[139.1275,37.954],[139.1275,37.9539],[139.1275,37.9537],[139.1275,37.9536],[139.1274,37.9535],[139.1274,37.9535],[139.1273,37.9533],[139.1273,37.9532],[139.1272,37.9532],[139.1272,37.9531],[139.127,37.953],[139.127,37.953],[139.127,37.953],[139.127,37.9529],[139.1269,37.9529],[139.1268,37.9529],[139.1268,37.9529],[139.1268,37.9529],[139.1268,37.9529],[139.1269,37.9529],[139.1269,37.9529],[139.127,37.9529],[139.127,37.9529],[139.127,37.9529],[139.127,37.953],[139.1271,37.953],[139.1271,37.953],[139.1272,37.9531],[139.1273,37.9532],[139.1273,37.9533],[139.1274,37.9534],[139.1274,37.9535],[139.1275,37.9536],[139.1276,37.9537],[139.1276,37.9538],[139.1276,37.9539],[139.1276,37.954],[139.1277,37.954],[139.1277,37.954],[139.1277,37.954],[139.1278,37.954],[139.1278,37.954],[139.1278,37.954],[139.1278,37.954],[139.1279,37.954],[139.1279,37.9539],[139.1279,37.9538],[139.1279,37.9538],[139.1279,37.9537],[139.1278,37.9535],[139.1278,37.9534],[139.1278,37.9533],[139.1276,37.9532],[139.1274,37.953],[139.1274,37.953],[139.1274,37.953],[139.1268,37.9529],[139.1264,37.9528],[139.1261,37.9527],[139.1259,37.9527],[139.1254,37.9528],[139.1231,37.9534],[139.1221,37.9534],[139.1218,37.9531],[139.1211,37.9523],[139.1212,37.9512],[139.1214,37.95],[139.1214,37.9496],[139.1215,37.9496],[139.1216,37.9484],[139.1216,37.9483],[139.1216,37.9483],[139.1206,37.9481],[139.1202,37.948],[139.1202,37.948],[139.1197,37.948],[139.1195,37.9479],[139.1195,37.948],[139.1194,37.9479],[139.1197,37.9479],[139.1198,37.9479],[139.1199,37.9478],[139.12,37.9478],[139.1202,37.9477],[139.1204,37.9476],[139.1206,37.9475],[139.1203,37.9474],[139.12,37.9472],[139.1197,37.947],[139.1196,37.9468],[139.1195,37.9467],[139.1194,37.9465],[139.1192,37.946],[139.119,37.9454],[139.1188,37.9452],[139.1185,37.9448],[139.118,37.9443],[139.1177,37.9437],[139.1175,37.9431],[139.1174,37.9429],[139.1172,37.9424],[139.117,37.9418],[139.1169,37.9415],[139.1168,37.9412],[139.1167,37.9412],[139.1167,37.941],[139.1166,37.9408],[139.1166,37.9404],[139.1166,37.9403],[139.1166,37.9401],[139.1166,37.9398],[139.1166,37.9395],[139.1167,37.9389],[139.1167,37.9388],[139.1167,37.9387],[139.1167,37.9387],[139.117,37.9385],[139.1172,37.9382],[139.1175,37.9379],[139.1179,37.9375],[139.1184,37.937],[139.1188,37.9367],[139.1191,37.9365],[139.1204,37.9365],[139.1209,37.9365],[139.1208,37.9375],[139.1209,37.9382],[139.1238,37.9384],[139.1252,37.9365],[139.1267,37.9344],[139.127,37.9344],[139.1265,37.933],[139.1263,37.9325],[139.1261,37.9325],[139.1248,37.9326],[139.1248,37.9333],[139.1247,37.934],[139.1247,37.9342],[139.1219,37.934],[139.1219,37.934],[139.1208,37.9339],[139.1207,37.9339],[139.1207,37.934],[139.1207,37.9342],[139.1207,37.9342],[139.1205,37.9342],[139.12,37.9344],[139.12,37.9344],[139.12,37.9343],[139.12,37.9339],[139.12,37.9339],[139.1188,37.9338],[139.1188,37.9338],[139.1188,37.9338],[139.1182,37.9338],[139.1174,37.9337],[139.117,37.9337],[139.1165,37.9336],[139.1161,37.9337],[139.116,37.9337],[139.1158,37.9339],[139.1156,37.9341],[139.1155,37.9342],[139.1163,37.9346],[139.1164,37.9347],[139.1167,37.9349],[139.1171,37.935],[139.117,37.9352],[139.117,37.9355],[139.1163,37.9353],[139.1162,37.9352],[139.1162,37.9353],[139.1162,37.9354],[139.1159,37.9353],[139.1158,37.9353],[139.1148,37.9348],[139.1147,37.9349],[139.1145,37.9349],[139.1143,37.935],[139.1141,37.935],[139.1139,37.935],[139.1137,37.935],[139.1136,37.935],[139.1136,37.935],[139.1132,37.934],[139.1124,37.9342],[139.1126,37.9348],[139.1126,37.9348],[139.1114,37.9346],[139.1114,37.9345],[139.1105,37.9344],[139.1103,37.9344],[139.1095,37.9342],[139.1088,37.9341],[139.1089,37.9347],[139.1087,37.9347],[139.1087,37.9347],[139.1082,37.9346],[139.1077,37.9346],[139.1074,37.9345],[139.1072,37.9345],[139.107,37.9345],[139.1069,37.9345],[139.1066,37.9345],[139.1065,37.9345],[139.1061,37.9344],[139.1059,37.9344],[139.1056,37.9344],[139.1055,37.9344],[139.1053,37.9343],[139.1051,37.9343],[139.105,37.9343],[139.1051,37.9345],[139.1054,37.9346],[139.1056,37.9347],[139.1058,37.9348],[139.106,37.9349],[139.1061,37.9349],[139.1061,37.9351],[139.1058,37.9351],[139.1057,37.9356],[139.105,37.9356],[139.105,37.9355],[139.105,37.9355],[139.1045,37.9353],[139.1045,37.9354],[139.104,37.9352],[139.1041,37.9351],[139.1042,37.935],[139.1043,37.9349],[139.1044,37.9348],[139.1044,37.9347],[139.1044,37.9345],[139.1043,37.9345],[139.1041,37.9344],[139.1041,37.9344],[139.104,37.9343],[139.104,37.9342],[139.1038,37.9342],[139.1035,37.9341],[139.1031,37.934],[139.1025,37.9339],[139.1023,37.9339],[139.1023,37.9337],[139.1024,37.9336],[139.1024,37.9334],[139.1025,37.9332],[139.1025,37.9331],[139.1025,37.933],[139.1023,37.933],[139.102,37.9329],[139.1018,37.9329],[139.1016,37.933],[139.1014,37.933],[139.101,37.9332],[139.1009,37.9332],[139.1009,37.933],[139.101,37.9329],[139.1002,37.9328],[139.1002,37.9328],[139.1001,37.9328],[139.1,37.9326],[139.1,37.9324],[139.1,37.9324],[139.0995,37.9325],[139.0992,37.9326],[139.0991,37.9322],[139.099,37.932],[139.0994,37.9319],[139.0998,37.9318],[139.0999,37.9317],[139.0997,37.9312],[139.0997,37.9311],[139.0998,37.9311],[139.0998,37.9311],[139.101,37.9309],[139.1013,37.9308],[139.1027,37.9299],[139.1033,37.9296],[139.1035,37.9299],[139.1036,37.9301],[139.1036,37.9302],[139.1035,37.9303],[139.1034,37.9309],[139.1033,37.9312],[139.105,37.9315],[139.1051,37.9313],[139.1054,37.9304],[139.1056,37.9297],[139.1057,37.9292],[139.1058,37.9289],[139.1065,37.9288],[139.1079,37.9285],[139.1085,37.9284],[139.1096,37.9281],[139.1102,37.928],[139.1111,37.9278],[139.1115,37.9277],[139.1126,37.9275],[139.1132,37.9274],[139.114,37.9272],[139.1141,37.9272],[139.1149,37.927],[139.1156,37.9269],[139.1158,37.9269],[139.1163,37.9271],[139.1169,37.9273],[139.1167,37.9268],[139.1164,37.9262],[139.1173,37.9259],[139.1174,37.9261],[139.1175,37.9264],[139.1176,37.9267],[139.1177,37.927],[139.1178,37.9272],[139.1179,37.9275],[139.118,37.9278],[139.1183,37.928],[139.1188,37.9284],[139.1188,37.9284],[139.1193,37.9288],[139.1196,37.929],[139.1203,37.9294],[139.1205,37.9295],[139.1206,37.9296],[139.1207,37.9297],[139.121,37.9296],[139.1209,37.9294],[139.1215,37.9293],[139.1218,37.93],[139.1209,37.9303],[139.121,37.9305],[139.121,37.9305],[139.1212,37.9309],[139.1213,37.9309],[139.1214,37.9312],[139.1214,37.9312],[139.1224,37.9312],[139.1224,37.9307],[139.1224,37.9304],[139.1223,37.929],[139.1223,37.9279],[139.1222,37.9276],[139.1222,37.9271],[139.1222,37.9268],[139.1222,37.9264],[139.1222,37.9257],[139.1221,37.9249],[139.1221,37.9246],[139.1214,37.9249],[139.1213,37.9247],[139.1213,37.9244],[139.1212,37.9242],[139.121,37.9239],[139.1215,37.9238],[139.1216,37.9237],[139.122,37.9236],[139.1222,37.9236],[139.1223,37.9236],[139.1238,37.9232],[139.1246,37.9229],[139.1257,37.9226],[139.1261,37.9235],[139.1264,37.9244],[139.1265,37.9246],[139.1281,37.9241],[139.1299,37.9236],[139.1303,37.9235],[139.1299,37.9232],[139.1295,37.923],[139.1292,37.9228],[139.1289,37.9226],[139.1283,37.9223],[139.1277,37.922],[139.128,37.922],[139.128,37.922],[139.1275,37.9218],[139.1274,37.9218],[139.1274,37.9217],[139.1274,37.9217],[139.1274,37.9217],[139.1274,37.9216],[139.1275,37.9216],[139.1269,37.9217],[139.1261,37.9213],[139.1253,37.921],[139.1238,37.9203],[139.1243,37.9195],[139.1235,37.9192],[139.123,37.919],[139.1221,37.9186],[139.1221,37.9186],[139.1213,37.9183],[139.1206,37.9179],[139.119,37.9172],[139.1195,37.9165],[139.1204,37.9152],[139.1211,37.9143],[139.1213,37.9141],[139.122,37.9143],[139.1221,37.9143],[139.1221,37.9142],[139.122,37.9139],[139.1219,37.9138],[139.1217,37.9134],[139.1218,37.9133],[139.1219,37.9133],[139.122,37.9131],[139.1222,37.9126],[139.1227,37.912],[139.1234,37.9112],[139.1243,37.9103],[139.1248,37.9098],[139.1245,37.9095],[139.1242,37.9093],[139.1236,37.9088],[139.1234,37.9087],[139.1234,37.9087],[139.1229,37.9083],[139.1228,37.9082],[139.1223,37.9078],[139.1222,37.9077],[139.1217,37.9072],[139.1216,37.9072],[139.1211,37.9067],[139.121,37.9067],[139.1198,37.9057],[139.1192,37.9052],[139.1185,37.9047],[139.1173,37.9036],[139.1166,37.9031],[139.1167,37.903],[139.1157,37.9022],[139.1153,37.9019],[139.1146,37.9014],[139.1145,37.9012],[139.1142,37.901],[139.1141,37.9009],[139.1136,37.9005],[139.1136,37.9004],[139.113,37.9001],[139.1126,37.8999],[139.1128,37.8997],[139.1132,37.8999],[139.1133,37.8999],[139.1136,37.9],[139.1139,37.9002],[139.1142,37.9003],[139.1145,37.9005],[139.1148,37.9002],[139.1152,37.8998],[139.1154,37.8996],[139.1147,37.8992],[139.1144,37.899],[139.1141,37.8989],[139.1138,37.8987],[139.1137,37.8987],[139.1136,37.8989],[139.1132,37.8987],[139.1126,37.8984],[139.1122,37.8982],[139.1122,37.8982],[139.1117,37.8987],[139.1114,37.8986],[139.1111,37.8985],[139.1108,37.8983],[139.1107,37.8984],[139.1107,37.8985],[139.1106,37.8986],[139.1109,37.8987],[139.1112,37.8988],[139.1113,37.8989],[139.1112,37.8992],[139.1104,37.8988],[139.1097,37.8984],[139.1089,37.898],[139.1082,37.8976],[139.1074,37.8972],[139.1067,37.8968],[139.1059,37.8964],[139.1059,37.8965],[139.1052,37.8961],[139.1052,37.896],[139.1055,37.8956],[139.1065,37.8946],[139.1067,37.8943],[139.1067,37.8943],[139.107,37.894],[139.1055,37.8932],[139.1048,37.8928],[139.1045,37.8931],[139.1043,37.8934],[139.104,37.8932],[139.1042,37.893],[139.1044,37.8926],[139.1037,37.8922],[139.1025,37.8922],[139.1012,37.8921],[139.1009,37.8921],[139.1,37.892],[139.0994,37.892],[139.0989,37.892],[139.0984,37.892],[139.0981,37.8922],[139.0978,37.8925],[139.0969,37.8928],[139.097,37.893],[139.0962,37.8933],[139.0947,37.8937],[139.0941,37.8939],[139.0938,37.894],[139.0933,37.894],[139.093,37.8941],[139.0927,37.8943],[139.0917,37.8949],[139.0917,37.8949],[139.0916,37.8949],[139.0912,37.895],[139.09,37.8954],[139.0893,37.8957],[139.0891,37.8958],[139.0886,37.896],[139.0881,37.8962],[139.088,37.8964],[139.088,37.8966],[139.0879,37.8969],[139.0877,37.8973],[139.0875,37.8975],[139.0873,37.8977],[139.0869,37.8978],[139.0866,37.8979],[139.0865,37.8979],[139.0853,37.8977],[139.0854,37.8976],[139.0844,37.8974],[139.0833,37.8973],[139.0833,37.8973],[139.083,37.8972],[139.0823,37.8971],[139.082,37.8971],[139.0816,37.8971],[139.081,37.8972],[139.0792,37.8975],[139.079,37.8975],[139.0787,37.8977],[139.0784,37.8979],[139.0781,37.8981],[139.0776,37.8986],[139.0768,37.8994],[139.0765,37.8996],[139.0762,37.8997],[139.0758,37.8998],[139.0758,37.8999],[139.0754,37.8998],[139.0752,37.9],[139.0752,37.9],[139.075,37.9004],[139.075,37.9004],[139.0748,37.9007],[139.0745,37.9009],[139.0744,37.9014],[139.0745,37.9018],[139.0746,37.9019],[139.0749,37.9022],[139.075,37.9024],[139.075,37.9024],[139.0751,37.9025],[139.075,37.903],[139.075,37.9031],[139.075,37.9032],[139.0749,37.9034],[139.0748,37.9038],[139.0748,37.904],[139.0748,37.9043],[139.0744,37.9053],[139.074,37.9059],[139.0739,37.9063],[139.0736,37.9068],[139.0732,37.9077],[139.0739,37.9079],[139.0745,37.9082],[139.075,37.9083],[139.075,37.9083],[139.075,37.9083],[139.075,37.9084],[139.0758,37.9086],[139.0772,37.9091],[139.0795,37.9099],[139.0798,37.9098],[139.0801,37.9099],[139.0806,37.9092],[139.0815,37.9095],[139.0809,37.9103],[139.0812,37.9104],[139.0813,37.9105],[139.0804,37.9122],[139.0795,37.9135],[139.0785,37.9132],[139.0784,37.9134],[139.0783,37.9143],[139.0785,37.9144],[139.0782,37.9151],[139.0782,37.9152],[139.0781,37.9153],[139.0777,37.9157],[139.0776,37.9158],[139.0771,37.9167],[139.0771,37.9167],[139.0769,37.9169],[139.0768,37.9167],[139.0768,37.9167],[139.0768,37.9165],[139.0768,37.9164],[139.0764,37.9163],[139.0765,37.9167],[139.0765,37.9167],[139.0765,37.9167],[139.0766,37.917],[139.0767,37.9173],[139.0768,37.9182],[139.0767,37.9192],[139.0767,37.9197],[139.0766,37.9202],[139.077,37.9202],[139.0768,37.9207],[139.0768,37.921],[139.0765,37.922],[139.0763,37.9221],[139.076,37.9227],[139.0758,37.9227],[139.0756,37.9232],[139.0753,37.9237],[139.075,37.9243],[139.075,37.9243],[139.0748,37.9246],[139.0746,37.925],[139.0746,37.925],[139.0744,37.9254],[139.0742,37.9258],[139.0742,37.9261],[139.0738,37.9274],[139.0732,37.9292],[139.0732,37.9294],[139.0728,37.9298],[139.0734,37.9298],[139.0735,37.9305],[139.0734,37.9305],[139.0721,37.9305],[139.0717,37.9305],[139.0712,37.9308],[139.0704,37.9321],[139.0697,37.9332],[139.0698,37.9334],[139.0693,37.9342],[139.0689,37.9348],[139.0689,37.9348],[139.0689,37.9348],[139.0688,37.9349],[139.0688,37.9349],[139.0688,37.935],[139.0687,37.935],[139.0686,37.9353],[139.0686,37.9353],[139.0688,37.9358],[139.0688,37.936],[139.0685,37.9364],[139.0682,37.9367],[139.0684,37.9369],[139.0685,37.9369],[139.0685,37.9369],[139.0687,37.9371],[139.0688,37.9372],[139.069,37.9373],[139.0685,37.9379],[139.0684,37.9379],[139.068,37.9385],[139.0673,37.9393],[139.0672,37.9393],[139.0672,37.9393],[139.0671,37.9394],[139.067,37.9395],[139.067,37.9395],[139.0669,37.9396],[139.0666,37.9398],[139.0666,37.9398],[139.0668,37.9403],[139.067,37.941],[139.0672,37.9415],[139.0673,37.9417],[139.0674,37.942],[139.0675,37.9422],[139.0675,37.9422],[139.0676,37.9425],[139.0677,37.9429],[139.0678,37.9429],[139.0678,37.9429],[139.0678,37.943],[139.0679,37.943],[139.0679,37.9431],[139.068,37.9432],[139.068,37.9434],[139.0682,37.9438],[139.0682,37.9438],[139.0682,37.9438],[139.0682,37.9438],[139.0685,37.9438],[139.0685,37.9439],[139.0689,37.9439],[139.0692,37.944],[139.0697,37.944],[139.0697,37.9442],[139.0695,37.945],[139.0693,37.945],[139.0689,37.9449],[139.0689,37.9449],[139.0689,37.9449],[139.0687,37.9451],[139.0686,37.9451],[139.0686,37.9452],[139.0686,37.9453],[139.0687,37.9457],[139.0688,37.9462],[139.0689,37.9467],[139.0689,37.9469],[139.0689,37.9469],[139.0689,37.947],[139.069,37.9473],[139.069,37.9475],[139.0691,37.9477],[139.0691,37.9479],[139.0691,37.9481],[139.0691,37.9482],[139.0691,37.9482],[139.0691,37.9483],[139.0691,37.9485],[139.0691,37.9485],[139.0691,37.9485],[139.0692,37.9485],[139.0691,37.9487],[139.0691,37.9488],[139.0691,37.9488],[139.0691,37.9488],[139.0692,37.9488],[139.0692,37.9488],[139.0692,37.9487],[139.0692,37.9487],[139.0692,37.9485],[139.0692,37.9485],[139.0692,37.9485],[139.0692,37.9485],[139.0693,37.9485],[139.0694,37.9484],[139.0695,37.9484],[139.0696,37.9485],[139.0697,37.9483],[139.0697,37.9483],[139.0697,37.9483],[139.0706,37.9472],[139.0709,37.947],[139.0718,37.9459],[139.0719,37.9459],[139.0723,37.9461],[139.0723,37.9462],[139.0722,37.9468],[139.0721,37.9473],[139.0718,37.9483],[139.0718,37.9483],[139.0718,37.9484],[139.0718,37.9484],[139.0718,37.9484],[139.0719,37.9484],[139.0719,37.9484],[139.0741,37.9487],[139.0743,37.9486],[139.0743,37.9485],[139.0743,37.9485],[139.0745,37.9485],[139.0745,37.9485],[139.075,37.9486],[139.075,37.9486],[139.075,37.9486],[139.075,37.9487],[139.075,37.9487],[139.075,37.9487],[139.075,37.9487],[139.075,37.9487],[139.075,37.9487],[139.0749,37.949],[139.0749,37.949],[139.0749,37.949],[139.0749,37.949],[139.0748,37.9492],[139.0748,37.9492],[139.0748,37.9493],[139.0748,37.9493],[139.0748,37.9495],[139.0748,37.9495],[139.0748,37.9496],[139.0748,37.9496],[139.0747,37.9498],[139.0747,37.9498],[139.0747,37.9498],[139.0747,37.9498],[139.0747,37.95],[139.0747,37.95],[139.0747,37.9501],[139.0746,37.9502],[139.0742,37.9502],[139.0733,37.9503],[139.0733,37.9503],[139.0732,37.9503],[139.0732,37.9503],[139.0729,37.9503],[139.0729,37.9503],[139.0728,37.9503],[139.0728,37.9503],[139.0726,37.9503],[139.0726,37.9503],[139.0725,37.9503],[139.0725,37.9503],[139.0722,37.9504],[139.0722,37.9503],[139.0721,37.9503],[139.0721,37.9504],[139.0719,37.9504],[139.0719,37.9504],[139.0718,37.9504],[139.0718,37.9504],[139.0717,37.9505],[139.0717,37.9505],[139.0716,37.9506],[139.0717,37.9506],[139.0716,37.9509],[139.0716,37.951],[139.0715,37.9515],[139.0714,37.9515],[139.0714,37.9515],[139.0714,37.9515],[139.0714,37.9517],[139.0714,37.9517],[139.0714,37.9517],[139.0714,37.9517],[139.0714,37.9518],[139.0714,37.9518],[139.0714,37.9519],[139.0714,37.9519],[139.0713,37.952],[139.0711,37.952],[139.0708,37.952],[139.0708,37.9519],[139.0708,37.9519],[139.0708,37.9519],[139.0706,37.9519],[139.0706,37.9519],[139.0705,37.9519],[139.0705,37.9519],[139.0702,37.952],[139.0702,37.9519],[139.0701,37.9519],[139.0701,37.952],[139.07,37.952],[139.07,37.952],[139.0699,37.952],[139.0699,37.952],[139.0702,37.952],[139.0702,37.9521],[139.0699,37.9521],[139.0695,37.9522],[139.0694,37.9516],[139.0696,37.9516],[139.0696,37.9514],[139.0695,37.9514],[139.0695,37.9515],[139.0695,37.9515],[139.0695,37.9516],[139.0694,37.9516],[139.0694,37.9516],[139.0694,37.9516],[139.0695,37.9522],[139.0695,37.9522],[139.0695,37.9524],[139.0696,37.9526],[139.0696,37.9528],[139.0697,37.9529],[139.07,37.9527],[139.0703,37.9525],[139.0704,37.9524],[139.0705,37.9524],[139.0707,37.9523],[139.0707,37.9523],[139.0708,37.9523],[139.071,37.9523],[139.0711,37.9523],[139.0712,37.9523],[139.0713,37.9523],[139.0714,37.9522],[139.0715,37.9522],[139.0716,37.9522],[139.0718,37.9521],[139.0721,37.952],[139.0723,37.952],[139.0725,37.9519],[139.0729,37.9518],[139.0731,37.9517],[139.0732,37.9517],[139.0732,37.9517],[139.0732,37.9517],[139.0733,37.9516],[139.0734,37.9516],[139.0735,37.9516],[139.0736,37.9516],[139.0741,37.9515],[139.0744,37.9515],[139.0747,37.9515],[139.075,37.9514],[139.075,37.9514],[139.075,37.9514],[139.0751,37.9514],[139.0755,37.9514],[139.0762,37.9514],[139.0766,37.9514],[139.0766,37.9515],[139.0771,37.9515],[139.0771,37.9515],[139.0772,37.9515],[139.0791,37.9517],[139.0795,37.9517],[139.0796,37.9518],[139.0797,37.9518],[139.0802,37.9519],[139.0804,37.952],[139.0805,37.9521],[139.0805,37.9521],[139.0808,37.9523],[139.0809,37.9524],[139.0814,37.953],[139.0821,37.9531],[139.0824,37.9533],[139.0825,37.9533],[139.083,37.9534],[139.0833,37.9535],[139.0839,37.9535],[139.0844,37.9536],[139.0847,37.9536],[139.0848,37.9535],[139.085,37.9535],[139.0855,37.9535],[139.0855,37.9535],[139.0856,37.9535],[139.0856,37.9535],[139.0857,37.9535],[139.0857,37.9535],[139.0874,37.9538],[139.0885,37.9541],[139.0887,37.9542],[139.0887,37.9542],[139.0888,37.9542],[139.0888,37.9541],[139.0895,37.954],[139.0903,37.9541],[139.0907,37.9542],[139.0907,37.9543],[139.0909,37.9543],[139.0909,37.9543],[139.0909,37.9543],[139.091,37.9544],[139.091,37.9544],[139.091,37.9544],[139.0911,37.9544],[139.0911,37.9544],[139.0913,37.9544],[139.0913,37.9544],[139.0914,37.9544],[139.0914,37.9544],[139.0916,37.9545],[139.0917,37.9545],[139.0919,37.9545],[139.092,37.9545],[139.092,37.9545],[139.0924,37.9547],[139.0925,37.9547],[139.0925,37.9547],[139.0926,37.9547],[139.0926,37.9547],[139.0926,37.9547],[139.0927,37.9547],[139.0928,37.9547],[139.0928,37.9547],[139.0929,37.9548],[139.0931,37.9548],[139.0934,37.9549],[139.0935,37.9549],[139.0935,37.9549],[139.0935,37.9549],[139.0935,37.9549],[139.0936,37.9549],[139.0936,37.9549],[139.0936,37.9549],[139.0937,37.9549],[139.0937,37.9549],[139.0939,37.955],[139.094,37.955],[139.0941,37.955],[139.0941,37.955],[139.0941,37.955],[139.0942,37.9551],[139.0942,37.9554],[139.0941,37.9554],[139.0941,37.9554],[139.0934,37.9557],[139.0934,37.9557],[139.0924,37.9562],[139.0925,37.9579],[139.0928,37.958],[139.0938,37.9583],[139.0944,37.9585],[139.1055,37.9581],[139.1058,37.9581],[139.1061,37.9582],[139.1064,37.9583],[139.1064,37.9583],[139.1065,37.9583],[139.1067,37.9584],[139.1067,37.9583],[139.107,37.9584],[139.1073,37.9584],[139.1074,37.9585],[139.108,37.9586],[139.1088,37.9587],[139.1089,37.9585],[139.109,37.9585],[139.1091,37.9585],[139.1093,37.9585],[139.1094,37.9585],[139.1098,37.9586],[139.1099,37.9587],[139.1102,37.9588],[139.1102,37.9588],[139.1106,37.9589],[139.1107,37.9589],[139.1111,37.959],[139.1115,37.9591],[139.1116,37.9591],[139.1116,37.9592],[139.1126,37.9594],[139.1127,37.9595],[139.113,37.9595],[139.1133,37.9596],[139.1135,37.9597],[139.1143,37.9598],[139.1144,37.9599],[139.1146,37.9599],[139.1148,37.96],[139.1151,37.96],[139.1155,37.9601],[139.1158,37.9602],[139.116,37.9602],[139.1167,37.9604],[139.1212,37.9616],[139.1231,37.9621]],[[139.0992,37.948],[139.0988,37.9479],[139.0986,37.9479],[139.0988,37.9472],[139.0981,37.9471],[139.0983,37.9463],[139.0985,37.9463],[139.0999,37.9465],[139.1006,37.9466],[139.1009,37.9467],[139.1014,37.9468],[139.1019,37.9469],[139.1024,37.9469],[139.1028,37.9469],[139.1033,37.9468],[139.1037,37.9467],[139.1041,37.9466],[139.1043,37.947],[139.1037,37.9471],[139.104,37.9472],[139.1045,37.9474],[139.1054,37.9475],[139.1054,37.9475],[139.1058,37.9478],[139.1059,37.9479],[139.1059,37.9479],[139.1062,37.9479],[139.1063,37.9479],[139.1068,37.948],[139.1069,37.9476],[139.1074,37.9477],[139.1073,37.948],[139.1083,37.9482],[139.109,37.9482],[139.1093,37.9481],[139.1094,37.9481],[139.1096,37.9482],[139.1102,37.9484],[139.1105,37.9485],[139.1107,37.9485],[139.1108,37.9485],[139.111,37.9486],[139.1114,37.9487],[139.1116,37.9487],[139.1118,37.9488],[139.112,37.9488],[139.1122,37.9487],[139.1121,37.9491],[139.112,37.9497],[139.1118,37.9505],[139.1115,37.9509],[139.1109,37.9516],[139.1107,37.9518],[139.1106,37.952],[139.1098,37.952],[139.1098,37.9519],[139.1092,37.9518],[139.1081,37.9517],[139.1063,37.9515],[139.1062,37.9518],[139.106,37.9524],[139.1059,37.9524],[139.1055,37.9523],[139.1053,37.9523],[139.1052,37.9523],[139.1049,37.9523],[139.1043,37.9523],[139.1038,37.9522],[139.1035,37.9522],[139.1031,37.952],[139.1027,37.952],[139.1021,37.9519],[139.1017,37.9518],[139.1016,37.9518],[139.1012,37.9517],[139.1008,37.9517],[139.1003,37.9516],[139.1001,37.9516],[139.0995,37.9514],[139.0992,37.9513],[139.0991,37.9513],[139.0993,37.9505],[139.0994,37.9501],[139.0989,37.95],[139.0989,37.9496],[139.099,37.9489],[139.0991,37.9487],[139.0992,37.948]],[[139.1029,37.9172],[139.1033,37.9166],[139.1027,37.9164],[139.1033,37.9156],[139.1029,37.9154],[139.1025,37.9153],[139.1022,37.9152],[139.1021,37.9152],[139.1021,37.9151],[139.1021,37.9148],[139.102,37.9146],[139.1018,37.9146],[139.1013,37.9144],[139.1007,37.9141],[139.1005,37.9146],[139.1002,37.9151],[139.1,37.9154],[139.0998,37.9157],[139.0998,37.9157],[139.0997,37.9159],[139.0993,37.9165],[139.0992,37.9166],[139.0992,37.9167],[139.0987,37.9165],[139.0984,37.9164],[139.0986,37.9161],[139.0978,37.9158],[139.0979,37.9155],[139.0981,37.9153],[139.0986,37.9145],[139.0989,37.914],[139.0973,37.9133],[139.0972,37.9134],[139.0969,37.9139],[139.0965,37.9137],[139.0962,37.9136],[139.0953,37.9132],[139.0953,37.9132],[139.0954,37.913],[139.0957,37.9127],[139.0956,37.9127],[139.0953,37.9125],[139.0949,37.9123],[139.0943,37.912],[139.0943,37.912],[139.0942,37.9123],[139.094,37.9126],[139.0938,37.9125],[139.093,37.9122],[139.0929,37.9122],[139.0933,37.9116],[139.0931,37.9115],[139.0928,37.9114],[139.0926,37.9112],[139.0922,37.9111],[139.0918,37.911],[139.0916,37.9114],[139.0914,37.9116],[139.0906,37.9112],[139.0898,37.9109],[139.089,37.9106],[139.0891,37.9104],[139.0894,37.91],[139.0897,37.9095],[139.0899,37.9091],[139.0902,37.9088],[139.0918,37.9094],[139.0926,37.9098],[139.0929,37.9099],[139.0933,37.9101],[139.0939,37.9103],[139.0942,37.9105],[139.0945,37.9106],[139.0949,37.9108],[139.0956,37.9111],[139.0962,37.9114],[139.0965,37.9115],[139.0973,37.9119],[139.098,37.9122],[139.0987,37.9111],[139.0989,37.9108],[139.0995,37.91],[139.1002,37.909],[139.1018,37.9097],[139.1026,37.9101],[139.1027,37.91],[139.103,37.9101],[139.1033,37.9103],[139.1034,37.9103],[139.1035,37.9104],[139.1035,37.9104],[139.1037,37.9105],[139.1042,37.9107],[139.1058,37.9113],[139.1057,37.9114],[139.1066,37.9117],[139.1081,37.9124],[139.1094,37.913],[139.1106,37.9135],[139.1113,37.9138],[139.1126,37.9144],[139.1139,37.915],[139.115,37.9154],[139.1159,37.9158],[139.1153,37.9166],[139.115,37.9171],[139.1147,37.9175],[139.1138,37.9171],[139.1138,37.9171],[139.1131,37.9168],[139.1129,37.9171],[139.1128,37.9172],[139.1122,37.9181],[139.112,37.9185],[139.1106,37.9184],[139.1101,37.9182],[139.1093,37.9178],[139.1083,37.9174],[139.107,37.9168],[139.1067,37.9174],[139.1063,37.9172],[139.1059,37.917],[139.1052,37.9167],[139.105,37.9169],[139.1046,37.9169],[139.1049,37.9163],[139.1045,37.9162],[139.1042,37.916],[139.1038,37.9167],[139.1037,37.9168],[139.1038,37.9171],[139.1033,37.9172],[139.1033,37.9174],[139.103,37.9179],[139.1034,37.918],[139.1033,37.9182],[139.1041,37.9185],[139.1039,37.9188],[139.1038,37.919],[139.103,37.9187],[139.1032,37.9183],[139.1023,37.918],[139.1024,37.9179],[139.1025,37.9179],[139.1025,37.9178],[139.1026,37.9177],[139.1029,37.9172]]]},"properties":{"name":"新潟市東区","pop":1}},{"type":"Feature","geometry":{"type":"Polygon","coordinates":[[[139.0622,37.9457],[139.0624,37.9456],[139.0626,37.9458],[139.0628,37.9457],[139.0629,37.9457],[139.0629,37.9456],[139.063,37.9456],[139.0636,37.9452],[139.0635,37.9447],[139.0633,37.9447],[139.0632,37.9444],[139.0631,37.9443],[139.0633,37.9443],[139.0631,37.9438],[139.0631,37.9437],[139.063,37.9437],[139.063,37.9438],[139.063,37.9438],[139.0629,37.9439],[139.0629,37.9439],[139.0629,37.944],[139.0628,37.944],[139.0627,37.944],[139.0626,37.944],[139.0625,37.944],[139.0624,37.944],[139.0624,37.944],[139.0623,37.9439],[139.0623,37.9439],[139.0622,37.9438],[139.0622,37.9438],[139.0622,37.9438],[139.0622,37.9438],[139.0622,37.9437],[139.0622,37.9437],[139.0622,37.9437],[139.0622,37.9437],[139.0622,37.9436],[139.0622,37.9436],[139.0622,37.9436],[139.0622,37.9436],[139.0622,37.9436],[139.0622,37.9435],[139.0622,37.9435],[139.0622,37.9435],[139.0623,37.9435],[139.0623,37.9434],[139.0623,37.9434],[139.0623,37.9434],[139.0623,37.9434],[139.0624,37.9434],[139.0624,37.9434],[139.0624,37.9433],[139.0624,37.9433],[139.0625,37.9433],[139.0625,37.9433],[139.0625,37.9433],[139.0626,37.9433],[139.0626,37.9433],[139.0626,37.9433],[139.0626,37.9433],[139.0627,37.9433],[139.0627,37.9433],[139.0627,37.9433],[139.0628,37.9433],[139.0628,37.9433],[139.0628,37.9433],[139.0629,37.9434],[139.063,37.9434],[139.0627,37.9428],[139.0627,37.9427],[139.0627,37.9427],[139.0627,37.9427],[139.0626,37.9427],[139.0626,37.9425],[139.0622,37.9426],[139.062,37.9423],[139.0619,37.9421],[139.0617,37.9415],[139.0617,37.9415],[139.0617,37.9413],[139.0616,37.9413],[139.0615,37.941],[139.0616,37.941],[139.0616,37.9409],[139.0615,37.9409],[139.0615,37.9408],[139.0615,37.9408],[139.0615,37.9408],[139.0614,37.9408],[139.0608,37.9394],[139.0608,37.9393],[139.0607,37.9393],[139.0607,37.9393],[139.0604,37.9391],[139.0603,37.939],[139.0602,37.939],[139.0602,37.9389],[139.06,37.939],[139.0598,37.939],[139.0598,37.9389],[139.0598,37.9389],[139.0592,37.9388],[139.0592,37.9385],[139.0593,37.9385],[139.0593,37.9385],[139.0593,37.9386],[139.0593,37.9385],[139.0593,37.9385],[139.0597,37.9386],[139.0599,37.9386],[139.0599,37.9386],[139.06,37.9386],[139.0608,37.9385],[139.0612,37.9382],[139.0608,37.9371],[139.0608,37.937],[139.0603,37.937],[139.0603,37.9369],[139.0602,37.9368],[139.0602,37.9367],[139.0606,37.9366],[139.0606,37.9366],[139.0604,37.9358],[139.0601,37.9349],[139.06,37.9348],[139.06,37.9348],[139.06,37.9348],[139.06,37.9348],[139.0599,37.9346],[139.0599,37.9345],[139.0599,37.9344],[139.0598,37.9342],[139.0596,37.9342],[139.0596,37.9342],[139.0596,37.9342],[139.0596,37.9342],[139.0596,37.9342],[139.0596,37.9341],[139.0596,37.9341],[139.0596,37.9341],[139.0596,37.9341],[139.0596,37.9341],[139.0595,37.9339],[139.0595,37.9339],[139.0595,37.9338],[139.0595,37.9338],[139.0596,37.9337],[139.0596,37.9337],[139.0597,37.9336],[139.0596,37.9333],[139.0594,37.9329],[139.0592,37.9325],[139.0592,37.9324],[139.0591,37.9324],[139.059,37.9322],[139.0591,37.9321],[139.0589,37.9317],[139.0589,37.9318],[139.0588,37.9315],[139.0588,37.9315],[139.0586,37.9308],[139.0586,37.9308],[139.0586,37.9307],[139.0586,37.9307],[139.0585,37.9304],[139.0585,37.9303],[139.0584,37.9303],[139.0584,37.9302],[139.058,37.929],[139.0579,37.9288],[139.0581,37.9287],[139.058,37.9285],[139.0579,37.9282],[139.0577,37.9278],[139.0576,37.9275],[139.0576,37.9274],[139.0575,37.9273],[139.0573,37.927],[139.0571,37.9267],[139.0569,37.9264],[139.0567,37.926],[139.0566,37.926],[139.0566,37.9258],[139.0558,37.9249],[139.0551,37.9239],[139.055,37.9238],[139.0557,37.9234],[139.0559,37.9232],[139.0563,37.923],[139.0567,37.9228],[139.0568,37.9228],[139.0568,37.9229],[139.0573,37.9235],[139.0575,37.9238],[139.0576,37.9239],[139.058,37.9244],[139.0581,37.9245],[139.0588,37.9255],[139.059,37.9258],[139.0591,37.9258],[139.0591,37.9259],[139.0592,37.9261],[139.0592,37.9261],[139.0593,37.9262],[139.0598,37.9271],[139.0599,37.9271],[139.0599,37.9272],[139.0604,37.928],[139.0604,37.9281],[139.0602,37.9282],[139.061,37.9295],[139.0608,37.9296],[139.0611,37.9302],[139.0612,37.9303],[139.0612,37.9303],[139.0616,37.931],[139.0613,37.9311],[139.0614,37.9313],[139.0617,37.9314],[139.0619,37.9314],[139.062,37.9314],[139.0623,37.9312],[139.0625,37.9316],[139.0626,37.9321],[139.0627,37.9324],[139.0628,37.9326],[139.0629,37.9329],[139.063,37.9333],[139.0631,37.9333],[139.0631,37.9333],[139.0629,37.9329],[139.0628,37.9326],[139.0628,37.9324],[139.0627,37.9321],[139.0625,37.9316],[139.0623,37.9311],[139.0623,37.9311],[139.0623,37.9311],[139.0629,37.9303],[139.063,37.9303],[139.0632,37.93],[139.0632,37.93],[139.0636,37.9294],[139.0635,37.9292],[139.0635,37.9292],[139.0634,37.9289],[139.0633,37.9289],[139.0632,37.9287],[139.0632,37.9286],[139.0629,37.9281],[139.0628,37.9279],[139.0624,37.9272],[139.0616,37.9259],[139.0615,37.9258],[139.0615,37.9258],[139.0613,37.9253],[139.0611,37.9252],[139.0611,37.9252],[139.0608,37.9249],[139.0606,37.9247],[139.0601,37.9241],[139.0599,37.9238],[139.0598,37.9238],[139.0598,37.9238],[139.0594,37.9232],[139.0595,37.9232],[139.0594,37.923],[139.0595,37.9229],[139.0597,37.9231],[139.0598,37.923],[139.0598,37.923],[139.0599,37.923],[139.0602,37.9228],[139.0612,37.9238],[139.0615,37.9243],[139.0621,37.925],[139.0625,37.9248],[139.0626,37.9248],[139.0622,37.9251],[139.0628,37.9258],[139.0629,37.9258],[139.0629,37.9258],[139.0637,37.9268],[139.0641,37.9266],[139.0646,37.9258],[139.0648,37.9259],[139.0649,37.926],[139.065,37.926],[139.0649,37.9261],[139.0647,37.9264],[139.0646,37.9265],[139.0643,37.9269],[139.0642,37.9271],[139.0641,37.9272],[139.0642,37.9275],[139.0644,37.9278],[139.0645,37.9279],[139.0649,37.9284],[139.0651,37.9287],[139.0657,37.9295],[139.0657,37.9296],[139.0655,37.93],[139.0653,37.9303],[139.0653,37.9303],[139.0653,37.9303],[139.0641,37.932],[139.0644,37.9324],[139.0648,37.9331],[139.065,37.9331],[139.065,37.9331],[139.0654,37.9326],[139.0656,37.9321],[139.0659,37.9317],[139.0662,37.9313],[139.0665,37.9309],[139.0665,37.9308],[139.0671,37.9317],[139.0673,37.9319],[139.0675,37.9322],[139.0677,37.9324],[139.0678,37.9327],[139.0673,37.9334],[139.0671,37.9337],[139.0668,37.9342],[139.0664,37.9348],[139.0664,37.9348],[139.0663,37.9348],[139.066,37.9353],[139.0659,37.9355],[139.0655,37.936],[139.0655,37.9362],[139.0658,37.9366],[139.0657,37.9366],[139.0656,37.9366],[139.0656,37.9366],[139.0656,37.9367],[139.0656,37.937],[139.0657,37.9374],[139.0657,37.9374],[139.0658,37.9375],[139.0657,37.9375],[139.0657,37.9375],[139.0658,37.9375],[139.0658,37.9376],[139.0658,37.9376],[139.0658,37.9377],[139.0658,37.9377],[139.0659,37.9377],[139.0658,37.9378],[139.0658,37.9378],[139.0659,37.9378],[139.066,37.9378],[139.0659,37.9379],[139.0659,37.9379],[139.0661,37.938],[139.0662,37.9378],[139.0661,37.9377],[139.066,37.9378],[139.0659,37.9378],[139.0659,37.9377],[139.0658,37.9374],[139.0659,37.9374],[139.0658,37.9367],[139.0658,37.9366],[139.0659,37.9367],[139.0659,37.9367],[139.0663,37.9373],[139.0665,37.9373],[139.0674,37.936],[139.0682,37.9348],[139.0682,37.9348],[139.0683,37.9348],[139.0684,37.9345],[139.0685,37.9345],[139.0685,37.9344],[139.0685,37.9344],[139.0687,37.9341],[139.0695,37.9329],[139.0695,37.9328],[139.0697,37.9331],[139.0704,37.9321],[139.0712,37.9308],[139.0717,37.9305],[139.0721,37.9305],[139.0734,37.9305],[139.0735,37.9305],[139.0734,37.9298],[139.0728,37.9298],[139.0732,37.9294],[139.0732,37.9292],[139.0738,37.9274],[139.0742,37.9261],[139.0742,37.9258],[139.0744,37.9254],[139.0746,37.925],[139.0746,37.925],[139.0748,37.9246],[139.075,37.9243],[139.075,37.9243],[139.0753,37.9237],[139.0756,37.9232],[139.0758,37.9227],[139.076,37.9227],[139.0763,37.9221],[139.0765,37.922],[139.0768,37.921],[139.0768,37.9207],[139.077,37.9202],[139.0766,37.9202],[139.0767,37.9197],[139.0767,37.9192],[139.0768,37.9182],[139.0767,37.9173],[139.0766,37.917],[139.0765,37.9167],[139.0765,37.9167],[139.0765,37.9167],[139.0764,37.9163],[139.0768,37.9164],[139.0768,37.9165],[139.0768,37.9167],[139.0768,37.9167],[139.0769,37.9169],[139.0771,37.9167],[139.0771,37.9167],[139.0776,37.9158],[139.0777,37.9157],[139.0781,37.9153],[139.0782,37.9152],[139.0782,37.9151],[139.0785,37.9144],[139.0783,37.9143],[139.0784,37.9134],[139.0785,37.9132],[139.0795,37.9135],[139.0804,37.9122],[139.0813,37.9105],[139.0812,37.9104],[139.0809,37.9103],[139.0815,37.9095],[139.0806,37.9092],[139.0801,37.9099],[139.0798,37.9098],[139.0795,37.9099],[139.0772,37.9091],[139.0758,37.9086],[139.075,37.9084],[139.075,37.9083],[139.075,37.9083],[139.075,37.9083],[139.0745,37.9082],[139.0739,37.9079],[139.0732,37.9077],[139.0736,37.9068],[139.0739,37.9063],[139.074,37.9059],[139.0744,37.9053],[139.0748,37.9043],[139.0748,37.904],[139.0748,37.9038],[139.0749,37.9034],[139.075,37.9032],[139.075,37.9031],[139.075,37.903],[139.0751,37.9025],[139.075,37.9024],[139.075,37.9024],[139.0749,37.9022],[139.0746,37.9019],[139.0745,37.9018],[139.0744,37.9014],[139.0745,37.9009],[139.0748,37.9007],[139.075,37.9004],[139.075,37.9004],[139.0752,37.9],[139.0752,37.9],[139.0754,37.8998],[139.0758,37.8999],[139.0758,37.8998],[139.0762,37.8997],[139.0765,37.8996],[139.0768,37.8994],[139.0776,37.8986],[139.0781,37.8981],[139.0784,37.8979],[139.0787,37.8977],[139.079,37.8975],[139.0792,37.8975],[139.081,37.8972],[139.0816,37.8971],[139.082,37.8971],[139.0823,37.8971],[139.083,37.8972],[139.0833,37.8973],[139.0833,37.8973],[139.0844,37.8974],[139.0854,37.8976],[139.0853,37.8977],[139.0865,37.8979],[139.0866,37.8979],[139.0869,37.8978],[139.0873,37.8977],[139.0875,37.8975],[139.0877,37.8973],[139.0879,37.8969],[139.088,37.8966],[139.088,37.8964],[139.0881,37.8962],[139.0886,37.896],[139.0891,37.8958],[139.0893,37.8957],[139.09,37.8954],[139.0912,37.895],[139.0916,37.8949],[139.0917,37.8949],[139.0917,37.8949],[139.0923,37.8945],[139.0919,37.8941],[139.092,37.894],[139.0922,37.8939],[139.0923,37.8938],[139.0925,37.8937],[139.0927,37.8936],[139.0929,37.8935],[139.0933,37.8934],[139.0935,37.8934],[139.0938,37.8933],[139.0938,37.8931],[139.0941,37.8928],[139.0942,37.8926],[139.0933,37.8923],[139.093,37.8928],[139.0926,37.8934],[139.0921,37.8932],[139.0917,37.8929],[139.0916,37.8929],[139.0916,37.8929],[139.0915,37.8929],[139.0911,37.8927],[139.0908,37.8925],[139.0904,37.8923],[139.0899,37.8921],[139.0891,37.8916],[139.0888,37.8915],[139.0884,37.8913],[139.088,37.8912],[139.0872,37.8909],[139.0864,37.8906],[139.0863,37.8907],[139.0862,37.8908],[139.0857,37.891],[139.0856,37.891],[139.0856,37.8911],[139.0855,37.8913],[139.0851,37.8912],[139.0848,37.8909],[139.0848,37.8909],[139.0847,37.8908],[139.0846,37.8908],[139.0842,37.8906],[139.084,37.8905],[139.0836,37.8904],[139.0839,37.8899],[139.083,37.8896],[139.0822,37.8894],[139.0815,37.8892],[139.081,37.8889],[139.0801,37.8884],[139.0797,37.8881],[139.0792,37.8878],[139.0795,37.8874],[139.0797,37.8871],[139.0799,37.8868],[139.0801,37.8865],[139.0803,37.8862],[139.0805,37.8859],[139.0797,37.8855],[139.0787,37.8851],[139.0789,37.8849],[139.0799,37.8853],[139.08,37.8852],[139.0802,37.8848],[139.081,37.8852],[139.0812,37.8849],[139.0806,37.8847],[139.0808,37.8843],[139.0806,37.8842],[139.0796,37.8838],[139.0798,37.8835],[139.0806,37.8823],[139.08,37.882],[139.0798,37.8819],[139.0794,37.8818],[139.0792,37.8817],[139.0791,37.8819],[139.079,37.8818],[139.0787,37.8817],[139.0783,37.8815],[139.0781,37.8818],[139.078,37.8821],[139.0778,37.8823],[139.0777,37.8825],[139.0774,37.8829],[139.0773,37.8831],[139.0771,37.8835],[139.0769,37.8838],[139.0766,37.8842],[139.0764,37.8842],[139.0758,37.8839],[139.075,37.8836],[139.0742,37.8832],[139.0734,37.8829],[139.0726,37.8826],[139.0718,37.8823],[139.0716,37.8825],[139.0713,37.883],[139.0709,37.8836],[139.0709,37.8836],[139.0712,37.8837],[139.0717,37.8839],[139.0718,37.8839],[139.0725,37.8843],[139.0733,37.8846],[139.0733,37.8846],[139.0741,37.8849],[139.074,37.8851],[139.0739,37.8852],[139.0738,37.8853],[139.073,37.885],[139.0729,37.8852],[139.0733,37.8854],[139.0729,37.8861],[139.0724,37.8859],[139.0721,37.8865],[139.0718,37.8863],[139.0716,37.8862],[139.0715,37.8863],[139.0715,37.8863],[139.0712,37.8867],[139.0712,37.8867],[139.0712,37.8868],[139.0719,37.8868],[139.0718,37.887],[139.0718,37.887],[139.0718,37.887],[139.0717,37.8871],[139.0713,37.8876],[139.0713,37.8876],[139.0713,37.8876],[139.0709,37.8881],[139.0708,37.8883],[139.0701,37.8881],[139.0704,37.8876],[139.0696,37.8872],[139.0699,37.8867],[139.0696,37.8866],[139.0691,37.8865],[139.0686,37.8864],[139.0681,37.8863],[139.0677,37.8863],[139.0673,37.8869],[139.0677,37.887],[139.0676,37.8872],[139.0673,37.8876],[139.0671,37.888],[139.0669,37.8883],[139.0667,37.8885],[139.0667,37.8886],[139.0667,37.8886],[139.0651,37.8879],[139.0647,37.8886],[139.0644,37.889],[139.0642,37.8892],[139.0641,37.8894],[139.0639,37.8897],[139.0637,37.89],[139.0636,37.8901],[139.0636,37.8901],[139.0636,37.8902],[139.0636,37.8902],[139.0636,37.8903],[139.0636,37.8903],[139.0636,37.8903],[139.0636,37.8904],[139.0637,37.8904],[139.0638,37.8905],[139.0639,37.8907],[139.064,37.8908],[139.0641,37.8909],[139.0641,37.891],[139.0641,37.8912],[139.0641,37.8912],[139.0642,37.8913],[139.0642,37.8917],[139.0642,37.8918],[139.0642,37.8918],[139.0642,37.8918],[139.0642,37.8919],[139.0642,37.8919],[139.0642,37.892],[139.0641,37.8922],[139.064,37.8923],[139.064,37.8924],[139.064,37.8924],[139.064,37.8924],[139.0641,37.8924],[139.0642,37.8924],[139.0642,37.8925],[139.0642,37.8925],[139.0643,37.8926],[139.0644,37.8928],[139.0644,37.8928],[139.0644,37.8929],[139.0645,37.8929],[139.0645,37.8931],[139.0645,37.8931],[139.0645,37.8932],[139.0645,37.8932],[139.0645,37.8932],[139.0645,37.8932],[139.0644,37.8932],[139.0644,37.8932],[139.0644,37.8932],[139.0644,37.8931],[139.0644,37.8931],[139.0643,37.893],[139.0643,37.893],[139.0643,37.893],[139.0643,37.8929],[139.0642,37.8929],[139.0642,37.893],[139.0641,37.893],[139.0641,37.893],[139.0641,37.8931],[139.0641,37.8931],[139.0641,37.8932],[139.0641,37.8932],[139.0642,37.8932],[139.0642,37.8933],[139.0642,37.8935],[139.0643,37.8935],[139.0644,37.8936],[139.0644,37.8936],[139.0645,37.8936],[139.0646,37.8937],[139.0647,37.8937],[139.0648,37.8937],[139.0648,37.8937],[139.0648,37.8938],[139.0648,37.8938],[139.0648,37.8939],[139.0649,37.8939],[139.0649,37.894],[139.065,37.8941],[139.065,37.8942],[139.065,37.8943],[139.065,37.8943],[139.0651,37.8943],[139.0651,37.8943],[139.0652,37.8944],[139.0653,37.8944],[139.0653,37.8945],[139.0652,37.8945],[139.0652,37.8945],[139.0651,37.8945],[139.0651,37.8945],[139.0651,37.8945],[139.0651,37.8945],[139.0651,37.8945],[139.0651,37.8945],[139.065,37.8945],[139.065,37.8945],[139.065,37.8945],[139.065,37.8946],[139.065,37.8946],[139.065,37.8946],[139.065,37.8946],[139.065,37.8947],[139.065,37.8947],[139.065,37.8947],[139.0651,37.8948],[139.0653,37.895],[139.0654,37.895],[139.0654,37.895],[139.0654,37.895],[139.0654,37.8951],[139.0654,37.8951],[139.0654,37.8952],[139.0654,37.8952],[139.0654,37.8952],[139.0654,37.8952],[139.0654,37.8952],[139.0654,37.8952],[139.0654,37.8952],[139.0655,37.8952],[139.0655,37.8953],[139.0656,37.8954],[139.0658,37.8955],[139.0658,37.8955],[139.0658,37.8955],[139.0658,37.8956],[139.0658,37.8956],[139.0659,37.8956],[139.0661,37.8958],[139.0661,37.8958],[139.0661,37.8958],[139.0662,37.8958],[139.0662,37.8958],[139.0663,37.8958],[139.0663,37.8959],[139.0663,37.8959],[139.0667,37.8961],[139.0669,37.8961],[139.067,37.8962],[139.0672,37.8962],[139.0672,37.8962],[139.0672,37.8963],[139.0672,37.8963],[139.0672,37.8963],[139.0673,37.8964],[139.0674,37.8964],[139.0677,37.8966],[139.0678,37.8966],[139.0677,37.8967],[139.068,37.8968],[139.0679,37.897],[139.0676,37.8969],[139.0676,37.8969],[139.0676,37.8969],[139.0673,37.8968],[139.0672,37.8968],[139.0672,37.8968],[139.0672,37.8969],[139.0672,37.8969],[139.0671,37.8969],[139.067,37.8968],[139.0668,37.8968],[139.0668,37.8968],[139.0667,37.8967],[139.0666,37.8967],[139.0665,37.8967],[139.0663,37.8967],[139.0661,37.8967],[139.0658,37.8966],[139.0657,37.8965],[139.0657,37.8965],[139.0656,37.8965],[139.0656,37.8965],[139.0656,37.8965],[139.0655,37.8964],[139.0655,37.8964],[139.0654,37.8962],[139.0652,37.8958],[139.0651,37.8956],[139.0651,37.8956],[139.0652,37.8955],[139.0652,37.8956],[139.0652,37.8956],[139.0652,37.8955],[139.0651,37.8956],[139.065,37.8954],[139.0649,37.8953],[139.0649,37.8953],[139.0647,37.8952],[139.0646,37.8951],[139.0644,37.895],[139.0642,37.8949],[139.0641,37.8949],[139.064,37.8949],[139.0636,37.8947],[139.0635,37.8947],[139.0634,37.8947],[139.0634,37.8947],[139.0633,37.8946],[139.0632,37.8946],[139.0632,37.8945],[139.0632,37.8945],[139.0631,37.8945],[139.063,37.8945],[139.063,37.8945],[139.0628,37.8944],[139.0628,37.8944],[139.0628,37.8943],[139.0627,37.8943],[139.0627,37.8943],[139.0627,37.8943],[139.0627,37.8943],[139.0626,37.8943],[139.0626,37.8943],[139.0626,37.8943],[139.0625,37.8943],[139.0625,37.8943],[139.0625,37.8943],[139.0625,37.8943],[139.0625,37.8943],[139.0625,37.8943],[139.0625,37.8943],[139.0625,37.8943],[139.0625,37.8942],[139.0624,37.8942],[139.0624,37.8942],[139.0622,37.8942],[139.0622,37.8942],[139.0621,37.8941],[139.062,37.8941],[139.0618,37.8941],[139.0617,37.894],[139.0616,37.894],[139.0614,37.894],[139.0612,37.894],[139.061,37.894],[139.0608,37.8939],[139.0607,37.8939],[139.0606,37.8939],[139.0605,37.8939],[139.0604,37.8939],[139.0602,37.8939],[139.0601,37.8939],[139.0599,37.8939],[139.0598,37.894],[139.0598,37.894],[139.0597,37.894],[139.0597,37.894],[139.0596,37.894],[139.0596,37.894],[139.0595,37.894],[139.0594,37.894],[139.0594,37.894],[139.0594,37.894],[139.0593,37.894],[139.0593,37.8941],[139.0593,37.894],[139.0592,37.894],[139.0592,37.894],[139.0591,37.894],[139.0591,37.8941],[139.059,37.8941],[139.059,37.894],[139.0589,37.894],[139.0588,37.894],[139.0588,37.894],[139.0587,37.894],[139.0587,37.894],[139.0586,37.894],[139.0585,37.894],[139.0584,37.894],[139.0582,37.894],[139.0581,37.894],[139.0579,37.8939],[139.0579,37.8939],[139.0578,37.894],[139.0578,37.894],[139.0578,37.894],[139.0578,37.894],[139.0578,37.8941],[139.0578,37.8941],[139.0578,37.8941],[139.0578,37.8941],[139.0578,37.8942],[139.0578,37.8942],[139.0578,37.8942],[139.0578,37.8942],[139.0578,37.8943],[139.0578,37.8943],[139.0578,37.8943],[139.0577,37.8943],[139.0577,37.8943],[139.0578,37.8942],[139.0578,37.8942],[139.0578,37.8942],[139.0578,37.8942],[139.0578,37.8942],[139.0577,37.8942],[139.0577,37.8941],[139.0577,37.8941],[139.0577,37.8941],[139.0577,37.8941],[139.0577,37.8941],[139.0577,37.8941],[139.0576,37.8941],[139.0576,37.894],[139.0576,37.894],[139.0576,37.8939],[139.0575,37.8939],[139.0576,37.8941],[139.0575,37.8941],[139.0575,37.8941],[139.0576,37.8941],[139.0576,37.8941],[139.0576,37.8941],[139.0576,37.8941],[139.0575,37.8941],[139.0574,37.8942],[139.0573,37.8942],[139.0572,37.8942],[139.0572,37.8942],[139.0571,37.8941],[139.0571,37.8941],[139.0571,37.8941],[139.0571,37.8941],[139.0571,37.8942],[139.057,37.8942],[139.057,37.8942],[139.0569,37.8942],[139.0568,37.8942],[139.0567,37.8942],[139.0567,37.8942],[139.0566,37.8943],[139.0565,37.8943],[139.0564,37.8942],[139.0564,37.8942],[139.0563,37.8942],[139.0562,37.8942],[139.0562,37.8942],[139.0561,37.8942],[139.0561,37.8942],[139.056,37.8942],[139.056,37.8943],[139.0559,37.8943],[139.0559,37.8943],[139.0559,37.8943],[139.0558,37.8943],[139.0557,37.8943],[139.0557,37.8943],[139.0557,37.8943],[139.0556,37.8943],[139.0556,37.8943],[139.0555,37.8943],[139.0554,37.8943],[139.0553,37.8943],[139.0552,37.8943],[139.0552,37.8943],[139.0551,37.8943],[139.0549,37.8942],[139.0546,37.8942],[139.0545,37.8942],[139.0545,37.8941],[139.0545,37.8941],[139.0545,37.8941],[139.0544,37.8941],[139.0543,37.8941],[139.0543,37.894],[139.0542,37.894],[139.0542,37.894],[139.0542,37.894],[139.0542,37.894],[139.0542,37.8941],[139.0541,37.8941],[139.0541,37.8941],[139.0542,37.894],[139.0541,37.894],[139.054,37.8939],[139.0539,37.8939],[139.0538,37.8939],[139.0538,37.8939],[139.0538,37.8939],[139.0538,37.8938],[139.0538,37.8938],[139.0538,37.8938],[139.0537,37.8938],[139.0537,37.8938],[139.0537,37.8938],[139.0536,37.8938],[139.0534,37.8936],[139.0534,37.8936],[139.0533,37.8936],[139.0533,37.8936],[139.0532,37.8935],[139.0531,37.8935],[139.0531,37.8935],[139.053,37.8935],[139.053,37.8934],[139.0529,37.8934],[139.0529,37.8934],[139.0529,37.8934],[139.0528,37.8934],[139.0528,37.8933],[139.0528,37.8933],[139.0527,37.8933],[139.0527,37.8933],[139.0526,37.8933],[139.0525,37.8932],[139.0525,37.8932],[139.0525,37.8932],[139.0524,37.8932],[139.0524,37.8932],[139.0524,37.8932],[139.0523,37.8933],[139.0522,37.8934],[139.0523,37.8933],[139.0524,37.8932],[139.0523,37.8931],[139.0523,37.8931],[139.0523,37.8931],[139.0522,37.8931],[139.0522,37.8931],[139.0521,37.893],[139.0521,37.893],[139.0519,37.8929],[139.0519,37.8929],[139.0518,37.8929],[139.0518,37.8928],[139.0517,37.8928],[139.0517,37.8928],[139.0516,37.8928],[139.0516,37.8928],[139.0515,37.8928],[139.0515,37.8928],[139.0515,37.8928],[139.0514,37.8927],[139.0514,37.8927],[139.0514,37.8927],[139.0514,37.8927],[139.0513,37.8926],[139.0512,37.8926],[139.0512,37.8925],[139.0512,37.8925],[139.0511,37.8925],[139.0511,37.8925],[139.0509,37.8924],[139.0508,37.8924],[139.0508,37.8924],[139.0508,37.8924],[139.0507,37.8924],[139.0507,37.8925],[139.0506,37.8926],[139.0506,37.8926],[139.0506,37.8925],[139.0507,37.8924],[139.0507,37.8923],[139.0508,37.8923],[139.0508,37.8923],[139.0509,37.8923],[139.051,37.8922],[139.0511,37.8922],[139.0511,37.8922],[139.0512,37.8921],[139.0513,37.892],[139.0514,37.8919],[139.0515,37.8918],[139.0516,37.8917],[139.0517,37.8916],[139.0518,37.8916],[139.0518,37.8915],[139.0519,37.8915],[139.0519,37.8915],[139.0519,37.8914],[139.0519,37.8914],[139.052,37.8914],[139.052,37.8913],[139.052,37.8913],[139.052,37.8912],[139.052,37.8912],[139.0521,37.8911],[139.0522,37.891],[139.0522,37.891],[139.0526,37.8907],[139.0527,37.8905],[139.0528,37.8905],[139.0528,37.8904],[139.0531,37.8904],[139.0532,37.8904],[139.0532,37.8903],[139.0532,37.8903],[139.0532,37.8902],[139.0532,37.8901],[139.0531,37.89],[139.0531,37.89],[139.053,37.8899],[139.0529,37.8898],[139.0528,37.8898],[139.0528,37.8898],[139.0526,37.8896],[139.0525,37.8896],[139.0524,37.8895],[139.0523,37.8894],[139.0522,37.8893],[139.0522,37.8893],[139.0521,37.8892],[139.052,37.8891],[139.0519,37.889],[139.0518,37.8889],[139.0518,37.8889],[139.0517,37.8888],[139.0517,37.8888],[139.0516,37.8887],[139.0516,37.8887],[139.0515,37.8886],[139.0514,37.8885],[139.0514,37.8885],[139.0513,37.8884],[139.0512,37.8883],[139.051,37.8882],[139.051,37.8881],[139.0508,37.888],[139.0507,37.888],[139.0506,37.8879],[139.0505,37.8878],[139.0504,37.8878],[139.0503,37.8877],[139.0503,37.8876],[139.0502,37.8876],[139.0501,37.8875],[139.05,37.8874],[139.0499,37.8873],[139.0498,37.8873],[139.0498,37.8873],[139.0498,37.8873],[139.0497,37.8872],[139.0496,37.8872],[139.0496,37.8872],[139.0496,37.8872],[139.0495,37.8872],[139.0494,37.8873],[139.0495,37.8871],[139.0495,37.8871],[139.0495,37.8871],[139.0495,37.8871],[139.0495,37.887],[139.0493,37.8869],[139.0492,37.8868],[139.0491,37.8867],[139.0491,37.8866],[139.049,37.8866],[139.049,37.8866],[139.049,37.8866],[139.0489,37.8866],[139.0489,37.8866],[139.0489,37.8866],[139.0489,37.8866],[139.0488,37.8865],[139.0487,37.8863],[139.0486,37.8862],[139.0485,37.886],[139.0485,37.886],[139.0483,37.8857],[139.0482,37.8856],[139.048,37.8854],[139.0479,37.8853],[139.0479,37.8853],[139.0478,37.8852],[139.0477,37.8851],[139.0475,37.885],[139.0473,37.8849],[139.0473,37.8849],[139.0471,37.8848],[139.047,37.8848],[139.0469,37.8847],[139.0468,37.8846],[139.0467,37.8846],[139.0466,37.8845],[139.0465,37.8845],[139.0463,37.8844],[139.0462,37.8844],[139.0461,37.8844],[139.046,37.8843],[139.0458,37.8843],[139.0457,37.8842],[139.0456,37.8842],[139.0455,37.8842],[139.0454,37.8841],[139.0452,37.8841],[139.0452,37.8841],[139.0451,37.8841],[139.045,37.8841],[139.045,37.884],[139.0449,37.884],[139.0448,37.8841],[139.0448,37.8841],[139.0447,37.8841],[139.0446,37.8841],[139.0444,37.8841],[139.0444,37.8841],[139.0443,37.8841],[139.0441,37.8841],[139.0441,37.8841],[139.044,37.8841],[139.0439,37.8841],[139.0438,37.8841],[139.0437,37.8841],[139.0436,37.8842],[139.0436,37.8842],[139.0435,37.8842],[139.0434,37.8842],[139.0433,37.8842],[139.0433,37.8842],[139.0432,37.8842],[139.0431,37.8841],[139.043,37.8841],[139.0429,37.8841],[139.0429,37.884],[139.0429,37.884],[139.0428,37.884],[139.0428,37.8841],[139.0429,37.8841],[139.0429,37.8841],[139.0429,37.8841],[139.0429,37.8842],[139.0429,37.8842],[139.0429,37.8843],[139.0429,37.8844],[139.0429,37.8844],[139.0428,37.8845],[139.0428,37.8845],[139.0428,37.8845],[139.0428,37.8845],[139.0428,37.8845],[139.0428,37.8845],[139.0428,37.8844],[139.0428,37.8844],[139.0428,37.8844],[139.0427,37.8844],[139.0427,37.8844],[139.0427,37.8843],[139.0427,37.8843],[139.0427,37.8843],[139.0427,37.8842],[139.0427,37.8842],[139.0427,37.8842],[139.0427,37.8842],[139.0427,37.8841],[139.0426,37.8841],[139.0426,37.8841],[139.0427,37.8841],[139.0426,37.884],[139.0426,37.884],[139.0426,37.884],[139.0426,37.8839],[139.0426,37.8839],[139.0426,37.8839],[139.0426,37.8839],[139.0425,37.8839],[139.0425,37.8839],[139.0425,37.8839],[139.0425,37.8839],[139.0425,37.8839],[139.0425,37.8839],[139.0425,37.8839],[139.0424,37.8839],[139.0424,37.8839],[139.0424,37.8839],[139.0423,37.8838],[139.0421,37.8837],[139.0418,37.8836],[139.0417,37.8836],[139.0415,37.8836],[139.0413,37.8836],[139.0413,37.8836],[139.0411,37.8836],[139.0409,37.8837],[139.0408,37.8838],[139.0407,37.8838],[139.0406,37.8837],[139.0406,37.8837],[139.0406,37.8838],[139.0406,37.8838],[139.0405,37.8838],[139.0405,37.8838],[139.0405,37.8839],[139.0404,37.8839],[139.0404,37.8839],[139.0404,37.8839],[139.0403,37.8839],[139.0403,37.8839],[139.0402,37.8839],[139.0402,37.8839],[139.0401,37.8841],[139.0399,37.8844],[139.0397,37.8846],[139.0396,37.8847],[139.0391,37.8853],[139.0391,37.8853],[139.0391,37.8853],[139.0391,37.8854],[139.0391,37.8854],[139.0391,37.8854],[139.039,37.8854],[139.039,37.8854],[139.0392,37.8851],[139.0394,37.8849],[139.0398,37.8842],[139.0399,37.8841],[139.0399,37.8841],[139.0399,37.884],[139.0399,37.884],[139.0399,37.884],[139.0399,37.884],[139.0397,37.8841],[139.0397,37.8841],[139.0397,37.884],[139.0396,37.884],[139.0395,37.884],[139.0395,37.884],[139.0395,37.884],[139.0394,37.884],[139.0394,37.884],[139.0392,37.884],[139.039,37.8839],[139.0389,37.8839],[139.0388,37.884],[139.0386,37.884],[139.0385,37.8841],[139.0383,37.8842],[139.0383,37.8842],[139.0384,37.8841],[139.0384,37.8841],[139.0384,37.884],[139.0384,37.884],[139.0384,37.8839],[139.0372,37.8837],[139.0352,37.8832],[139.0355,37.8823],[139.0357,37.8819],[139.0359,37.8813],[139.0365,37.8815],[139.0367,37.8815],[139.0373,37.8809],[139.0376,37.8809],[139.0374,37.881],[139.0371,37.8815],[139.0367,37.8819],[139.0362,37.8821],[139.0359,37.8822],[139.0367,37.8827],[139.0376,37.8833],[139.0384,37.8835],[139.0384,37.8834],[139.0384,37.8834],[139.0384,37.8833],[139.0379,37.883],[139.0374,37.8826],[139.0374,37.8824],[139.0374,37.8822],[139.0374,37.8822],[139.0374,37.8822],[139.0375,37.8822],[139.0378,37.8823],[139.0379,37.8822],[139.0379,37.882],[139.038,37.882],[139.0381,37.8819],[139.0381,37.8819],[139.0387,37.8812],[139.0388,37.8811],[139.039,37.8809],[139.039,37.8808],[139.0391,37.8807],[139.0392,37.8807],[139.0393,37.8807],[139.0394,37.8806],[139.0394,37.8806],[139.039,37.8805],[139.0382,37.8802],[139.0367,37.8794],[139.0368,37.8792],[139.0355,37.8786],[139.0353,37.8785],[139.0349,37.8784],[139.0333,37.8781],[139.0333,37.8781],[139.0309,37.8775],[139.027,37.8765],[139.0246,37.8759],[139.0243,37.8758],[139.024,37.8757],[139.023,37.8755],[139.0227,37.8761],[139.0224,37.8765],[139.0222,37.8769],[139.0219,37.8773],[139.0218,37.8775],[139.0215,37.8778],[139.0208,37.8786],[139.02,37.8793],[139.0197,37.8796],[139.0195,37.8798],[139.0191,37.88],[139.0184,37.8805],[139.0179,37.881],[139.017,37.8818],[139.0167,37.8822],[139.0167,37.8822],[139.0162,37.8827],[139.0156,37.8833],[139.0156,37.8833],[139.0149,37.8843],[139.0144,37.8849],[139.0141,37.8853],[139.0138,37.886],[139.0136,37.8864],[139.0134,37.8867],[139.0134,37.8868],[139.0131,37.8876],[139.0127,37.8903],[139.0125,37.8917],[139.0125,37.8917],[139.0121,37.8946],[139.0113,37.896],[139.0116,37.8965],[139.0119,37.8972],[139.0117,37.8979],[139.0116,37.898],[139.0112,37.8988],[139.0108,37.8996],[139.0105,37.9],[139.0105,37.9],[139.0104,37.9002],[139.0102,37.9004],[139.01,37.9007],[139.0088,37.9004],[139.0083,37.9007],[139.0083,37.9007],[139.0081,37.9009],[139.0083,37.9011],[139.0083,37.9011],[139.0094,37.9019],[139.0091,37.9024],[139.0089,37.9027],[139.0083,37.9022],[139.0083,37.9022],[139.0077,37.9018],[139.0074,37.9021],[139.0083,37.9028],[139.0083,37.9028],[139.0086,37.903],[139.0085,37.9032],[139.0083,37.9035],[139.0083,37.9035],[139.0078,37.9044],[139.0073,37.9052],[139.0072,37.9054],[139.0073,37.9056],[139.0073,37.9057],[139.0071,37.9058],[139.0068,37.9062],[139.0066,37.9065],[139.0064,37.9069],[139.0061,37.9073],[139.0055,37.908],[139.0054,37.908],[139.0048,37.9089],[139.0047,37.909],[139.005,37.9091],[139.005,37.9091],[139.005,37.9091],[139.0051,37.9091],[139.0051,37.9091],[139.0051,37.9091],[139.0051,37.9092],[139.005,37.9092],[139.005,37.9092],[139.0049,37.9092],[139.0049,37.9092],[139.005,37.9092],[139.0049,37.9094],[139.0042,37.9106],[139.0042,37.9106],[139.0042,37.9107],[139.0042,37.9107],[139.0042,37.9108],[139.0041,37.9108],[139.0042,37.9109],[139.0042,37.9109],[139.0042,37.911],[139.004,37.9109],[139.0039,37.911],[139.0065,37.9124],[139.0073,37.9129],[139.008,37.9132],[139.0083,37.9134],[139.0094,37.914],[139.0117,37.9154],[139.0123,37.9158],[139.0128,37.916],[139.013,37.9161],[139.0132,37.9162],[139.0134,37.9163],[139.0141,37.9166],[139.0142,37.9167],[139.0144,37.9169],[139.0144,37.917],[139.0144,37.917],[139.0145,37.9171],[139.0145,37.9171],[139.0145,37.9172],[139.0146,37.9172],[139.0146,37.9172],[139.0146,37.9172],[139.0146,37.9172],[139.0147,37.9173],[139.0147,37.9173],[139.0147,37.9173],[139.0147,37.9173],[139.0148,37.9174],[139.0148,37.9174],[139.0149,37.9174],[139.0149,37.9174],[139.0149,37.9174],[139.015,37.9174],[139.015,37.9174],[139.015,37.9175],[139.0151,37.9175],[139.0151,37.9175],[139.0151,37.9175],[139.0151,37.9175],[139.0152,37.9175],[139.0152,37.9176],[139.0153,37.9176],[139.0154,37.9176],[139.0154,37.9176],[139.0155,37.9176],[139.0155,37.9176],[139.0155,37.9176],[139.0156,37.9176],[139.0156,37.9176],[139.0156,37.9176],[139.0156,37.9176],[139.0156,37.9176],[139.0156,37.9176],[139.0156,37.9177],[139.0156,37.9177],[139.0156,37.9177],[139.0156,37.9177],[139.0156,37.9177],[139.0156,37.9177],[139.0156,37.9177],[139.0156,37.9177],[139.0156,37.9177],[139.0157,37.9177],[139.0157,37.9177],[139.0157,37.9177],[139.0157,37.9177],[139.0157,37.9177],[139.0158,37.9177],[139.0158,37.9178],[139.0158,37.9178],[139.0158,37.9178],[139.0159,37.9178],[139.0159,37.9178],[139.0159,37.9178],[139.0159,37.9178],[139.0159,37.9178],[139.0159,37.9178],[139.0159,37.9178],[139.0159,37.9178],[139.0159,37.9178],[139.0159,37.9178],[139.016,37.9178],[139.016,37.9178],[139.016,37.9178],[139.016,37.9179],[139.016,37.9179],[139.016,37.9179],[139.016,37.9179],[139.016,37.9179],[139.016,37.9179],[139.016,37.9179],[139.0161,37.9179],[139.0161,37.9179],[139.0161,37.9179],[139.0161,37.9179],[139.0161,37.9179],[139.0161,37.9179],[139.0161,37.9179],[139.0161,37.9179],[139.0161,37.9179],[139.0161,37.9179],[139.0161,37.9179],[139.0162,37.9179],[139.0162,37.9179],[139.0162,37.9179],[139.0163,37.9179],[139.0163,37.9179],[139.0163,37.9179],[139.0163,37.9179],[139.0163,37.918],[139.0163,37.918],[139.0163,37.918],[139.0163,37.918],[139.0163,37.918],[139.0163,37.918],[139.0163,37.918],[139.0163,37.918],[139.0164,37.918],[139.0164,37.918],[139.0164,37.918],[139.0164,37.918],[139.0165,37.918],[139.0165,37.918],[139.0165,37.918],[139.0165,37.918],[139.0165,37.918],[139.0165,37.918],[139.0165,37.918],[139.0166,37.918],[139.0166,37.918],[139.0166,37.918],[139.0166,37.918],[139.0166,37.918],[139.0166,37.918],[139.0166,37.918],[139.0167,37.918],[139.0167,37.918],[139.0167,37.918],[139.0167,37.9181],[139.0167,37.9181],[139.0168,37.9181],[139.0168,37.9181],[139.0169,37.9182],[139.017,37.9182],[139.017,37.9182],[139.017,37.9182],[139.017,37.9182],[139.0171,37.9183],[139.0171,37.9183],[139.0171,37.9183],[139.0171,37.9183],[139.0171,37.9183],[139.0171,37.9183],[139.0172,37.9183],[139.0172,37.9184],[139.0172,37.9184],[139.0172,37.9184],[139.0172,37.9184],[139.0172,37.9184],[139.0172,37.9184],[139.0172,37.9184],[139.0174,37.9184],[139.0175,37.9184],[139.0176,37.9185],[139.0178,37.9186],[139.018,37.9188],[139.0185,37.9192],[139.0186,37.9192],[139.0186,37.9192],[139.0186,37.9192],[139.0187,37.9192],[139.0187,37.9192],[139.0187,37.9192],[139.0187,37.9192],[139.0187,37.9192],[139.0187,37.9192],[139.0188,37.9192],[139.0188,37.9193],[139.0188,37.9193],[139.0189,37.9193],[139.0189,37.9193],[139.0189,37.9193],[139.0189,37.9193],[139.019,37.9193],[139.019,37.9193],[139.019,37.9194],[139.019,37.9194],[139.0191,37.9194],[139.0191,37.9194],[139.0192,37.9194],[139.0192,37.9194],[139.0192,37.9194],[139.0193,37.9195],[139.0193,37.9195],[139.0193,37.9195],[139.0193,37.9195],[139.0193,37.9195],[139.0193,37.9195],[139.0194,37.9195],[139.0194,37.9195],[139.0194,37.9195],[139.0194,37.9195],[139.0194,37.9195],[139.0195,37.9195],[139.0195,37.9196],[139.0195,37.9196],[139.0196,37.9196],[139.0196,37.9196],[139.0196,37.9196],[139.0197,37.9197],[139.0197,37.9197],[139.0197,37.9197],[139.0197,37.9197],[139.0198,37.9198],[139.0198,37.9198],[139.0198,37.9198],[139.0199,37.9198],[139.0199,37.9198],[139.02,37.9199],[139.02,37.9199],[139.02,37.9199],[139.02,37.9199],[139.02,37.9199],[139.02,37.9199],[139.0201,37.9199],[139.0201,37.9199],[139.0202,37.9199],[139.0202,37.92],[139.0203,37.92],[139.0203,37.92],[139.0203,37.92],[139.0203,37.92],[139.0204,37.9201],[139.0204,37.9201],[139.0205,37.9201],[139.0205,37.92],[139.0208,37.9201],[139.0209,37.9201],[139.0211,37.9202],[139.0213,37.9204],[139.0225,37.9211],[139.023,37.9215],[139.023,37.9215],[139.0231,37.9215],[139.0231,37.9216],[139.0232,37.9216],[139.0232,37.9216],[139.0234,37.9218],[139.0236,37.922],[139.0236,37.922],[139.0236,37.922],[139.0236,37.9221],[139.0237,37.9221],[139.0237,37.9221],[139.0238,37.9223],[139.0243,37.9225],[139.025,37.923],[139.0251,37.923],[139.0251,37.9231],[139.0257,37.9234],[139.0256,37.9236],[139.0258,37.9237],[139.026,37.9238],[139.0266,37.9242],[139.0282,37.925],[139.0282,37.925],[139.0282,37.925],[139.029,37.9254],[139.0295,37.9258],[139.0297,37.926],[139.0298,37.9261],[139.0298,37.9261],[139.0302,37.9264],[139.0307,37.9267],[139.0307,37.9267],[139.0306,37.9268],[139.0313,37.9272],[139.0321,37.9277],[139.0331,37.9282],[139.0333,37.9283],[139.0343,37.9288],[139.035,37.9292],[139.0359,37.9297],[139.0363,37.9299],[139.0366,37.93],[139.0368,37.9302],[139.0369,37.9303],[139.037,37.9303],[139.037,37.9304],[139.0371,37.9304],[139.0371,37.9305],[139.0372,37.9305],[139.0372,37.9305],[139.0373,37.9305],[139.0374,37.9306],[139.0375,37.9306],[139.0376,37.9307],[139.0377,37.9308],[139.0377,37.9308],[139.0378,37.9308],[139.0378,37.9308],[139.0379,37.9308],[139.0379,37.9309],[139.0379,37.9309],[139.038,37.9309],[139.038,37.9309],[139.0381,37.9309],[139.0381,37.931],[139.0383,37.931],[139.0385,37.9312],[139.0388,37.9313],[139.0391,37.9315],[139.0391,37.9315],[139.0391,37.9315],[139.0392,37.9316],[139.0392,37.9316],[139.0393,37.9317],[139.0393,37.9317],[139.0394,37.9317],[139.0394,37.9317],[139.0394,37.9318],[139.0394,37.9318],[139.0388,37.9326],[139.0389,37.9327],[139.0394,37.9318],[139.0396,37.9319],[139.0396,37.9319],[139.0398,37.932],[139.0398,37.932],[139.0398,37.932],[139.0399,37.9321],[139.04,37.9322],[139.04,37.9322],[139.0401,37.9323],[139.0401,37.9323],[139.0402,37.9323],[139.0402,37.9322],[139.0404,37.9323],[139.0404,37.9323],[139.0405,37.9323],[139.0405,37.9324],[139.0405,37.9324],[139.0406,37.9324],[139.0411,37.9327],[139.0414,37.9328],[139.0417,37.933],[139.0417,37.933],[139.0418,37.9331],[139.0421,37.9333],[139.0422,37.9334],[139.0423,37.9335],[139.0424,37.9336],[139.0425,37.9336],[139.0426,37.9337],[139.0426,37.9337],[139.0427,37.9338],[139.0427,37.9338],[139.0428,37.9338],[139.0428,37.9339],[139.0429,37.9339],[139.0429,37.9339],[139.0429,37.9339],[139.0429,37.9339],[139.0431,37.934],[139.0432,37.9341],[139.0432,37.9341],[139.0432,37.9341],[139.0432,37.9341],[139.0432,37.9342],[139.0429,37.9345],[139.0429,37.9346],[139.0428,37.9346],[139.0426,37.9348],[139.0426,37.9349],[139.0426,37.9349],[139.0428,37.9346],[139.0429,37.9346],[139.0429,37.9346],[139.0433,37.9342],[139.0433,37.9342],[139.0433,37.9342],[139.0434,37.9343],[139.0435,37.9344],[139.0436,37.9344],[139.0436,37.9344],[139.0438,37.9345],[139.0439,37.9345],[139.044,37.9346],[139.044,37.9346],[139.0441,37.9347],[139.0441,37.9347],[139.0442,37.9348],[139.0442,37.9349],[139.0443,37.9349],[139.0443,37.9349],[139.0443,37.935],[139.0444,37.9351],[139.0444,37.9351],[139.0445,37.9352],[139.0447,37.9353],[139.0447,37.9353],[139.0448,37.9354],[139.0449,37.9355],[139.045,37.9355],[139.0451,37.9356],[139.0451,37.9356],[139.0451,37.9356],[139.0452,37.9357],[139.0452,37.9357],[139.0454,37.9358],[139.0458,37.9359],[139.046,37.936],[139.0461,37.9361],[139.0462,37.9361],[139.0463,37.9362],[139.0465,37.9362],[139.0465,37.9362],[139.0466,37.9363],[139.0467,37.9363],[139.0468,37.9364],[139.0469,37.9365],[139.0471,37.9367],[139.0472,37.9368],[139.0473,37.9368],[139.0474,37.9369],[139.0475,37.9369],[139.0477,37.937],[139.0477,37.937],[139.0477,37.937],[139.0479,37.937],[139.048,37.937],[139.0481,37.937],[139.0482,37.937],[139.0484,37.937],[139.0486,37.9371],[139.0487,37.9372],[139.0489,37.9373],[139.049,37.9373],[139.049,37.9373],[139.0491,37.9374],[139.0493,37.9375],[139.0494,37.9375],[139.0495,37.9376],[139.0496,37.9376],[139.0497,37.9377],[139.0498,37.9378],[139.0498,37.9378],[139.0498,37.9379],[139.0499,37.9379],[139.0499,37.9379],[139.05,37.9379],[139.0501,37.9379],[139.0502,37.938],[139.0504,37.9381],[139.0506,37.9382],[139.0506,37.9382],[139.0507,37.9382],[139.0508,37.9382],[139.0509,37.9383],[139.051,37.9383],[139.0512,37.9384],[139.0514,37.9385],[139.0518,37.9388],[139.0519,37.9388],[139.052,37.9389],[139.052,37.9389],[139.0516,37.9394],[139.0514,37.9396],[139.0513,37.9397],[139.0513,37.9397],[139.0514,37.9396],[139.0516,37.9394],[139.052,37.9389],[139.0521,37.9389],[139.0521,37.939],[139.0524,37.939],[139.0532,37.9393],[139.0533,37.9394],[139.0533,37.9394],[139.0534,37.9394],[139.0535,37.9395],[139.0537,37.9396],[139.0537,37.9396],[139.0538,37.9397],[139.0538,37.9398],[139.0539,37.9398],[139.0539,37.9398],[139.0541,37.9398],[139.0541,37.9398],[139.0541,37.9398],[139.0541,37.9399],[139.0544,37.94],[139.0544,37.94],[139.0542,37.9402],[139.0543,37.9403],[139.0535,37.9411],[139.0534,37.9413],[139.0531,37.9417],[139.053,37.9417],[139.0518,37.9431],[139.052,37.9432],[139.0522,37.9433],[139.0532,37.9438],[139.0533,37.9439],[139.0539,37.9442],[139.054,37.9443],[139.0549,37.9448],[139.0553,37.945],[139.0557,37.9452],[139.0562,37.9455],[139.057,37.9459],[139.057,37.9457],[139.0536,37.9439],[139.053,37.9435],[139.052,37.943],[139.0529,37.9421],[139.0528,37.9421],[139.0535,37.9413],[139.0537,37.9411],[139.0538,37.9412],[139.0541,37.9413],[139.0544,37.9415],[139.0548,37.9417],[139.0555,37.9421],[139.0558,37.9423],[139.0566,37.9423],[139.0572,37.9427],[139.0576,37.9428],[139.0578,37.9429],[139.0578,37.943],[139.0579,37.943],[139.058,37.943],[139.0581,37.9431],[139.0582,37.9432],[139.0585,37.9433],[139.0589,37.9436],[139.0592,37.9438],[139.0592,37.9438],[139.0593,37.9438],[139.0593,37.9439],[139.0593,37.9439],[139.0596,37.944],[139.06,37.944],[139.0601,37.9441],[139.0601,37.9441],[139.0602,37.9441],[139.0602,37.9442],[139.0603,37.9442],[139.0604,37.9443],[139.0604,37.9443],[139.0605,37.9443],[139.0605,37.9443],[139.0605,37.9444],[139.0606,37.9444],[139.0606,37.9444],[139.0607,37.9445],[139.0608,37.9445],[139.0608,37.9445],[139.0609,37.9446],[139.0611,37.9446],[139.0613,37.9446],[139.0611,37.9447],[139.0612,37.9447],[139.0617,37.9452],[139.0618,37.9453],[139.0619,37.9455],[139.062,37.9457],[139.0623,37.9459],[139.0628,37.9464],[139.0629,37.9465],[139.0635,37.947],[139.0638,37.9473],[139.0639,37.9473],[139.0639,37.9473],[139.064,37.9475],[139.0642,37.9476],[139.0643,37.9477],[139.0645,37.9479],[139.0648,37.9481],[139.0649,37.9483],[139.0651,37.9484],[139.0652,37.9486],[139.0653,37.9487],[139.0654,37.9489],[139.0656,37.9494],[139.0657,37.9495],[139.0657,37.9498],[139.0658,37.9499],[139.0658,37.95],[139.0658,37.95],[139.0658,37.9508],[139.0658,37.9511],[139.0659,37.9513],[139.0659,37.9517],[139.0661,37.9527],[139.0662,37.9531],[139.0664,37.9537],[139.0664,37.9539],[139.0665,37.9542],[139.0666,37.9545],[139.0667,37.9547],[139.0667,37.9547],[139.0667,37.9549],[139.0668,37.9551],[139.067,37.9555],[139.0673,37.9561],[139.0675,37.9566],[139.0677,37.9569],[139.0679,37.9574],[139.0685,37.9583],[139.0685,37.9583],[139.0685,37.9585],[139.0686,37.9586],[139.0686,37.9586],[139.0688,37.9589],[139.0689,37.9588],[139.0687,37.9585],[139.0686,37.9583],[139.0685,37.9582],[139.0684,37.958],[139.0684,37.958],[139.068,37.9574],[139.0679,37.9573],[139.0678,37.9571],[139.0678,37.957],[139.0675,37.9565],[139.0674,37.9562],[139.0673,37.956],[139.0671,37.9555],[139.067,37.9552],[139.0669,37.955],[139.0667,37.9544],[139.0667,37.9543],[139.0667,37.9543],[139.0666,37.9541],[139.0664,37.9534],[139.0663,37.9531],[139.0662,37.9529],[139.0661,37.9523],[139.0661,37.9522],[139.0661,37.9521],[139.066,37.9518],[139.0659,37.9512],[139.0659,37.9508],[139.0659,37.9501],[139.0659,37.9501],[139.0659,37.95],[139.0658,37.95],[139.0658,37.9499],[139.0658,37.9498],[139.0658,37.9497],[139.0657,37.9493],[139.0656,37.9491],[139.0656,37.949],[139.0655,37.9488],[139.0653,37.9486],[139.0652,37.9485],[139.065,37.9483],[139.0649,37.9481],[139.0647,37.948],[139.0645,37.9477],[139.0637,37.947],[139.0632,37.9466],[139.0624,37.9459],[139.0622,37.9457]]]},"properties":{"name":"新潟市中央区","pop":1}},{"type":"Feature","geometry":{"type":"Polygon","coordinates":[[[139.1035,37.8861],[139.1037,37.8857],[139.1038,37.8854],[139.1041,37.8848],[139.1042,37.8848],[139.1045,37.8841],[139.1046,37.884],[139.1049,37.8835],[139.1052,37.883],[139.1052,37.8829],[139.1056,37.8822],[139.1059,37.8816],[139.106,37.8815],[139.1059,37.8814],[139.1061,37.8809],[139.1063,37.8806],[139.1064,37.8807],[139.1069,37.881],[139.1067,37.8812],[139.1067,37.8812],[139.1062,37.8816],[139.106,37.8818],[139.1062,37.8819],[139.1065,37.8822],[139.1067,37.8823],[139.1074,37.8817],[139.1074,37.8817],[139.1076,37.8815],[139.1072,37.8813],[139.1075,37.8811],[139.1077,37.8808],[139.1077,37.8808],[139.1078,37.8808],[139.1079,37.8807],[139.1082,37.8809],[139.1086,37.8805],[139.1089,37.8803],[139.1093,37.8799],[139.1095,37.8798],[139.1098,37.8795],[139.11,37.8793],[139.1101,37.8792],[139.1106,37.8788],[139.1112,37.8793],[139.1118,37.8787],[139.1118,37.8787],[139.1119,37.8787],[139.112,37.8785],[139.112,37.8785],[139.1127,37.879],[139.1133,37.8794],[139.1133,37.8794],[139.1134,37.8794],[139.1136,37.8792],[139.1141,37.8788],[139.1143,37.8785],[139.1148,37.8781],[139.1151,37.8779],[139.1144,37.8774],[139.1144,37.8774],[139.1151,37.8768],[139.1158,37.8761],[139.1159,37.876],[139.1166,37.8754],[139.1159,37.875],[139.1159,37.8749],[139.1161,37.8747],[139.1158,37.8746],[139.1158,37.8746],[139.116,37.8745],[139.1161,37.8744],[139.1163,37.8745],[139.1164,37.8743],[139.1163,37.8742],[139.1161,37.874],[139.116,37.874],[139.1159,37.8741],[139.1158,37.874],[139.1158,37.874],[139.1157,37.874],[139.1156,37.874],[139.1156,37.8739],[139.1157,37.8738],[139.1156,37.8737],[139.1155,37.8738],[139.1154,37.8737],[139.1158,37.8735],[139.1158,37.8737],[139.116,37.8736],[139.1159,37.8734],[139.1163,37.8734],[139.1166,37.8733],[139.1164,37.873],[139.1162,37.8728],[139.1165,37.8726],[139.1169,37.8724],[139.1169,37.8724],[139.1173,37.8728],[139.1169,37.8731],[139.1174,37.8737],[139.1176,37.8733],[139.1178,37.873],[139.1181,37.8727],[139.1188,37.8718],[139.1194,37.8714],[139.1199,37.871],[139.1204,37.8705],[139.1209,37.8701],[139.121,37.8701],[139.1218,37.8693],[139.1221,37.869],[139.1221,37.869],[139.1225,37.8692],[139.1232,37.8695],[139.1235,37.8697],[139.1233,37.8701],[139.1225,37.8711],[139.1225,37.8711],[139.1224,37.8712],[139.1227,37.8713],[139.1236,37.8717],[139.1237,37.8716],[139.1244,37.8707],[139.1247,37.8703],[139.1249,37.87],[139.1251,37.8697],[139.1253,37.8694],[139.125,37.8691],[139.1249,37.8689],[139.1248,37.8688],[139.1247,37.8687],[139.1245,37.8685],[139.1241,37.8683],[139.1239,37.8686],[139.1232,37.8683],[139.1231,37.8682],[139.123,37.8682],[139.1234,37.8678],[139.1236,37.8677],[139.1237,37.8676],[139.1244,37.8681],[139.1249,37.8674],[139.1243,37.8671],[139.1244,37.867],[139.1245,37.8669],[139.1249,37.8663],[139.1251,37.8658],[139.1254,37.8653],[139.1259,37.8645],[139.1261,37.8642],[139.1252,37.8638],[139.1252,37.8638],[139.1245,37.8635],[139.1237,37.8631],[139.1229,37.8628],[139.122,37.8624],[139.1221,37.862],[139.1221,37.8619],[139.1221,37.8611],[139.1212,37.8611],[139.1206,37.8612],[139.1203,37.8612],[139.1202,37.8608],[139.1194,37.8609],[139.1185,37.861],[139.1185,37.8607],[139.1184,37.8601],[139.1184,37.86],[139.1167,37.8594],[139.1149,37.8588],[139.1148,37.8588],[139.1141,37.8586],[139.1139,37.8585],[139.1133,37.8583],[139.1132,37.8585],[139.113,37.8585],[139.1123,37.8584],[139.1123,37.8584],[139.1121,37.8583],[139.112,37.8584],[139.112,37.8579],[139.1112,37.8576],[139.1107,37.8584],[139.1102,37.8594],[139.1096,37.8593],[139.1102,37.8582],[139.1096,37.8581],[139.1095,37.858],[139.1095,37.8579],[139.1092,37.8578],[139.1087,37.8577],[139.1084,37.8576],[139.1083,37.8579],[139.1084,37.8579],[139.1086,37.858],[139.1089,37.8581],[139.1093,37.8581],[139.1093,37.8584],[139.1091,37.8587],[139.109,37.859],[139.109,37.8591],[139.109,37.8591],[139.1088,37.8593],[139.1087,37.8593],[139.1089,37.8594],[139.1088,37.8594],[139.1084,37.8597],[139.1082,37.8599],[139.108,37.8599],[139.1077,37.8597],[139.1075,37.8597],[139.1074,37.8596],[139.1073,37.8596],[139.1073,37.8596],[139.107,37.8594],[139.1067,37.8592],[139.1067,37.8592],[139.1061,37.8597],[139.1047,37.8606],[139.1038,37.8612],[139.1027,37.8618],[139.1027,37.8618],[139.1029,37.862],[139.1029,37.8621],[139.1028,37.8628],[139.1028,37.8631],[139.1026,37.8641],[139.1026,37.8642],[139.1025,37.8643],[139.1022,37.8641],[139.1023,37.8637],[139.1024,37.8633],[139.102,37.8635],[139.1016,37.8637],[139.1017,37.8637],[139.1014,37.8638],[139.1014,37.8638],[139.1013,37.8643],[139.1011,37.8651],[139.1011,37.8651],[139.1008,37.8652],[139.1002,37.8653],[139.1002,37.8653],[139.0998,37.8653],[139.0997,37.8654],[139.0992,37.8657],[139.0992,37.8657],[139.0989,37.8654],[139.0987,37.8654],[139.0986,37.8653],[139.0985,37.8653],[139.0985,37.8653],[139.099,37.865],[139.0992,37.8649],[139.0993,37.8649],[139.0998,37.8647],[139.1004,37.8643],[139.1004,37.8643],[139.0988,37.864],[139.0982,37.8639],[139.098,37.8638],[139.0978,37.8641],[139.0977,37.8642],[139.0977,37.8643],[139.0978,37.8645],[139.0978,37.8646],[139.0977,37.8649],[139.0976,37.865],[139.0976,37.865],[139.0975,37.8651],[139.0972,37.8652],[139.0974,37.8653],[139.0974,37.8653],[139.098,37.8657],[139.0981,37.8657],[139.0981,37.8658],[139.0989,37.8659],[139.0989,37.8659],[139.0988,37.866],[139.0988,37.8661],[139.0987,37.8662],[139.0987,37.8666],[139.099,37.8666],[139.099,37.8667],[139.0991,37.8668],[139.0992,37.8669],[139.0995,37.867],[139.0991,37.8674],[139.0989,37.8676],[139.0987,37.868],[139.0984,37.8677],[139.0982,37.8676],[139.0986,37.8671],[139.0986,37.867],[139.098,37.8669],[139.0976,37.8673],[139.0974,37.8676],[139.0963,37.8672],[139.0963,37.8674],[139.0963,37.8675],[139.0961,37.8679],[139.097,37.8682],[139.0967,37.8689],[139.0956,37.8684],[139.0955,37.8686],[139.0954,37.8688],[139.0953,37.8688],[139.0953,37.869],[139.0953,37.869],[139.0953,37.8691],[139.0953,37.8691],[139.0952,37.8696],[139.0954,37.8699],[139.0958,37.8698],[139.0959,37.8698],[139.0961,37.8697],[139.097,37.8699],[139.097,37.8699],[139.097,37.8698],[139.0971,37.8694],[139.0975,37.8695],[139.0978,37.8696],[139.0975,37.87],[139.0972,37.8706],[139.098,37.8709],[139.098,37.8709],[139.0979,37.8712],[139.0981,37.8713],[139.098,37.8714],[139.0978,37.8713],[139.0977,37.8714],[139.0978,37.8714],[139.0977,37.8716],[139.0977,37.8716],[139.0977,37.8716],[139.0973,37.8722],[139.0977,37.8723],[139.0982,37.8725],[139.0989,37.8728],[139.0985,37.8734],[139.0977,37.8731],[139.0973,37.8729],[139.0969,37.8728],[139.0963,37.8737],[139.0956,37.8734],[139.0956,37.8734],[139.0961,37.8725],[139.0965,37.8719],[139.0968,37.8713],[139.0968,37.8712],[139.0969,37.8712],[139.0971,37.8709],[139.0965,37.8705],[139.0963,37.8707],[139.0962,37.8708],[139.0961,37.8708],[139.096,37.8708],[139.096,37.8708],[139.096,37.8709],[139.0958,37.8706],[139.0955,37.8703],[139.0955,37.8703],[139.0954,37.8702],[139.0953,37.8702],[139.0952,37.8702],[139.0951,37.8702],[139.095,37.8702],[139.0949,37.8702],[139.0949,37.8702],[139.0947,37.8703],[139.0946,37.8704],[139.0943,37.8703],[139.0943,37.8703],[139.0941,37.871],[139.0939,37.8717],[139.0938,37.8719],[139.0932,37.8727],[139.0932,37.8728],[139.0925,37.8726],[139.0924,37.8726],[139.0924,37.8726],[139.0924,37.8726],[139.0926,37.8723],[139.0928,37.8721],[139.0912,37.8715],[139.0911,37.8716],[139.0911,37.8716],[139.0909,37.8721],[139.0906,37.8726],[139.0907,37.8729],[139.0907,37.873],[139.0904,37.8735],[139.0913,37.8738],[139.0915,37.8736],[139.0924,37.8739],[139.0924,37.8739],[139.0931,37.8742],[139.0939,37.8745],[139.0947,37.8748],[139.0952,37.875],[139.0963,37.8754],[139.0971,37.8757],[139.098,37.8761],[139.0988,37.8764],[139.0996,37.8767],[139.1005,37.877],[139.1006,37.877],[139.1007,37.8771],[139.101,37.8772],[139.1012,37.8773],[139.1012,37.8773],[139.1022,37.8776],[139.1023,37.8774],[139.1031,37.8778],[139.1036,37.878],[139.1038,37.8782],[139.1039,37.8783],[139.1041,37.8785],[139.104,37.8788],[139.104,37.879],[139.1041,37.8792],[139.1042,37.8793],[139.104,37.8795],[139.104,37.8796],[139.1039,37.8799],[139.1038,37.8805],[139.1037,37.8806],[139.1036,37.8808],[139.1039,37.8809],[139.1036,37.8816],[139.1033,37.8822],[139.103,37.8829],[139.1026,37.8835],[139.1025,37.8834],[139.1023,37.8832],[139.1021,37.8835],[139.1015,37.8833],[139.1007,37.883],[139.1002,37.8837],[139.1,37.8842],[139.1,37.8842],[139.1,37.8842],[139.1002,37.8843],[139.1008,37.8845],[139.1008,37.8845],[139.1008,37.8845],[139.1013,37.8847],[139.1014,37.8846],[139.1018,37.8847],[139.1015,37.885],[139.1013,37.8853],[139.101,37.8856],[139.1008,37.8859],[139.1006,37.8858],[139.1003,37.8862],[139.1002,37.8865],[139.0998,37.8871],[139.0996,37.8873],[139.0994,37.8877],[139.0992,37.8879],[139.0992,37.888],[139.0993,37.888],[139.0992,37.8881],[139.0991,37.8883],[139.0991,37.8883],[139.0991,37.8884],[139.0996,37.8885],[139.1006,37.8889],[139.1003,37.8895],[139.1014,37.8899],[139.1014,37.8898],[139.1017,37.8893],[139.102,37.8888],[139.1021,37.8886],[139.1024,37.888],[139.1026,37.8877],[139.1028,37.8874],[139.1031,37.8867],[139.1032,37.8866],[139.1035,37.8861]]]},"properties":{"name":"新潟市江南区","pop":1}},{"type":"Feature","geometry":{"type":"Polygon","coordinates":[[[139.1491,37.7829],[139.1493,37.783],[139.1495,37.7832],[139.1496,37.7832],[139.1498,37.7831],[139.15,37.783],[139.15,37.7829],[139.1501,37.7829],[139.1503,37.7827],[139.15,37.7826],[139.15,37.7825],[139.1499,37.7825],[139.1499,37.7824],[139.1498,37.7824],[139.1497,37.7823],[139.1496,37.7823],[139.1491,37.7829]]]},"properties":{"name":"新潟市秋葉区","pop":1}},{"type":"Feature","geometry":{"type":"Polygon","coordinates":[[[139.1491,37.7829],[139.149,37.7828],[139.149,37.7828],[139.1489,37.7826],[139.1488,37.7824],[139.1488,37.7822],[139.1488,37.7821],[139.1488,37.782],[139.1487,37.782],[139.1486,37.7819],[139.1485,37.7818],[139.1484,37.7816],[139.1484,37.7816],[139.1483,37.7816],[139.1482,37.7816],[139.1481,37.7817],[139.1479,37.7818],[139.1478,37.7819],[139.1477,37.7819],[139.1475,37.782],[139.1474,37.782],[139.1473,37.782],[139.1472,37.7821],[139.1471,37.7821],[139.1472,37.7822],[139.1473,37.7826],[139.1473,37.7827],[139.1473,37.783],[139.1473,37.7831],[139.1472,37.7832],[139.1472,37.7833],[139.1471,37.7834],[139.147,37.7834],[139.1469,37.7835],[139.1468,37.7835],[139.1467,37.7836],[139.1466,37.7836],[139.1465,37.7837],[139.1462,37.7837],[139.146,37.7838],[139.1458,37.7838],[139.1456,37.7838],[139.1455,37.7838],[139.1455,37.7838],[139.1454,37.7837],[139.1453,37.7837],[139.1452,37.7837],[139.1451,37.7837],[139.1449,37.7838],[139.1448,37.7839],[139.1448,37.7839],[139.1447,37.784],[139.1447,37.7841],[139.1446,37.7843],[139.1446,37.7844],[139.1445,37.7846],[139.1444,37.7847],[139.1443,37.7848],[139.1443,37.7849],[139.1443,37.785],[139.1446,37.7854],[139.1448,37.7857],[139.1445,37.7859],[139.1442,37.7861],[139.1441,37.786],[139.144,37.7859],[139.1439,37.7858],[139.1436,37.7858],[139.1435,37.7857],[139.1434,37.7857],[139.1432,37.7857],[139.1431,37.7858],[139.1428,37.7858],[139.1426,37.7859],[139.1426,37.7859],[139.1425,37.786],[139.1424,37.7861],[139.1422,37.7862],[139.1422,37.7862],[139.1417,37.7865],[139.1415,37.7864],[139.1413,37.7862],[139.1412,37.7861],[139.141,37.786],[139.1408,37.7857],[139.1408,37.7857],[139.1406,37.7857],[139.1406,37.7859],[139.1406,37.7861],[139.1407,37.7863],[139.1406,37.7864],[139.1406,37.7866],[139.1405,37.7868],[139.1405,37.787],[139.1403,37.7872],[139.1403,37.7872],[139.1402,37.7872],[139.14,37.787],[139.1399,37.7869],[139.1398,37.7868],[139.1397,37.7867],[139.1395,37.7869],[139.1394,37.787],[139.1394,37.787],[139.1393,37.787],[139.1392,37.7869],[139.1392,37.7869],[139.1392,37.7869],[139.139,37.7869],[139.139,37.7869],[139.1389,37.787],[139.1389,37.7871],[139.1388,37.7873],[139.1388,37.7874],[139.1387,37.7876],[139.1386,37.7877],[139.1384,37.7878],[139.1383,37.7879],[139.1382,37.7881],[139.1381,37.7882],[139.1381,37.7883],[139.1381,37.7885],[139.1384,37.7884],[139.1386,37.7883],[139.1388,37.7883],[139.139,37.7883],[139.139,37.7883],[139.139,37.7884],[139.1391,37.7885],[139.1392,37.7886],[139.1393,37.7887],[139.1393,37.7887],[139.1393,37.7888],[139.1393,37.7888],[139.1392,37.7888],[139.1391,37.7889],[139.139,37.7889],[139.1389,37.789],[139.1387,37.7891],[139.1386,37.7892],[139.1385,37.7893],[139.1383,37.7895],[139.1382,37.7896],[139.138,37.7896],[139.1379,37.7897],[139.1378,37.7898],[139.1375,37.7899],[139.1373,37.7899],[139.137,37.7899],[139.1368,37.7899],[139.1366,37.7899],[139.1364,37.7899],[139.1363,37.7899],[139.1362,37.7898],[139.1356,37.7898],[139.1349,37.7901],[139.1348,37.7897],[139.1346,37.7897],[139.1345,37.7897],[139.1341,37.7896],[139.1339,37.7896],[139.1338,37.7896],[139.1337,37.7897],[139.1336,37.7898],[139.1334,37.7898],[139.1332,37.7897],[139.1332,37.7897],[139.1335,37.7891],[139.1336,37.7888],[139.1337,37.7887],[139.1339,37.7886],[139.1341,37.7884],[139.1344,37.7882],[139.134,37.7878],[139.1341,37.7877],[139.1342,37.7873],[139.1342,37.787],[139.1342,37.787],[139.1342,37.787],[139.1341,37.787],[139.134,37.787],[139.134,37.7871],[139.1339,37.7872],[139.1338,37.7874],[139.1338,37.7875],[139.1337,37.7875],[139.1337,37.7874],[139.1336,37.7874],[139.1335,37.7874],[139.1337,37.787],[139.1337,37.7868],[139.1337,37.7866],[139.1337,37.7864],[139.1337,37.7862],[139.1335,37.7861],[139.1335,37.7861],[139.1334,37.786],[139.1333,37.7859],[139.1332,37.7859],[139.1332,37.7857],[139.1332,37.7857],[139.133,37.7857],[139.1328,37.7858],[139.1327,37.7858],[139.1327,37.7858],[139.1325,37.786],[139.1317,37.7856],[139.1313,37.7863],[139.1309,37.7861],[139.1306,37.786],[139.1304,37.7859],[139.1304,37.786],[139.1304,37.786],[139.1303,37.7861],[139.1302,37.7861],[139.1302,37.7861],[139.13,37.7862],[139.1297,37.7863],[139.1297,37.7864],[139.1297,37.7864],[139.1296,37.7865],[139.1294,37.7867],[139.1294,37.7868],[139.1294,37.7868],[139.1293,37.7869],[139.1294,37.7869],[139.1293,37.7871],[139.1292,37.7872],[139.1291,37.7873],[139.129,37.7875],[139.129,37.7876],[139.129,37.7878],[139.129,37.7882],[139.129,37.7883],[139.129,37.7885],[139.1291,37.7885],[139.1291,37.7884],[139.1291,37.7885],[139.1291,37.7885],[139.1291,37.7886],[139.1291,37.7887],[139.129,37.7887],[139.129,37.7888],[139.1288,37.789],[139.1287,37.7891],[139.1286,37.7892],[139.1285,37.7893],[139.1284,37.7894],[139.1283,37.7895],[139.1284,37.7893],[139.128,37.7892],[139.1279,37.7894],[139.1278,37.7894],[139.1279,37.7895],[139.1278,37.7896],[139.1278,37.7896],[139.1278,37.7897],[139.1277,37.7897],[139.1277,37.7897],[139.1277,37.7898],[139.1277,37.7899],[139.1277,37.7899],[139.1276,37.7899],[139.1276,37.79],[139.1276,37.7901],[139.1276,37.7901],[139.1275,37.7901],[139.1272,37.7905],[139.1271,37.7905],[139.1271,37.7905],[139.1269,37.7905],[139.1268,37.7905],[139.1267,37.7905],[139.1267,37.7905],[139.1266,37.7905],[139.1265,37.7905],[139.1265,37.7905],[139.1264,37.7904],[139.1263,37.7903],[139.1262,37.7903],[139.1262,37.7901],[139.1261,37.7901],[139.1261,37.79],[139.1261,37.7899],[139.1262,37.7899],[139.1263,37.7898],[139.1264,37.7898],[139.1265,37.7898],[139.1267,37.7898],[139.1268,37.7896],[139.1268,37.7895],[139.1268,37.7894],[139.1268,37.7893],[139.1268,37.7893],[139.1268,37.7891],[139.127,37.7887],[139.1271,37.7886],[139.1271,37.7886],[139.1271,37.7885],[139.127,37.7884],[139.1271,37.7884],[139.1273,37.788],[139.1275,37.7878],[139.1275,37.7877],[139.1276,37.7875],[139.1277,37.7873],[139.1277,37.7873],[139.1277,37.7871],[139.1278,37.787],[139.1279,37.787],[139.1279,37.7869],[139.128,37.7868],[139.1281,37.7866],[139.1282,37.7865],[139.1282,37.7865],[139.1283,37.7864],[139.1283,37.7863],[139.1283,37.7862],[139.1283,37.7861],[139.1283,37.786],[139.1283,37.7859],[139.1284,37.7858],[139.1285,37.7857],[139.1286,37.7856],[139.1287,37.7855],[139.1288,37.7854],[139.1289,37.7854],[139.129,37.7854],[139.129,37.7853],[139.1292,37.7851],[139.1291,37.785],[139.1289,37.785],[139.1288,37.785],[139.1286,37.785],[139.1285,37.785],[139.1285,37.785],[139.1284,37.7849],[139.1285,37.7848],[139.1285,37.7847],[139.1285,37.7847],[139.1285,37.7846],[139.1284,37.7845],[139.1284,37.7844],[139.1284,37.7843],[139.1284,37.7842],[139.1284,37.784],[139.1284,37.7838],[139.1284,37.7836],[139.1284,37.7835],[139.1284,37.7833],[139.1281,37.7827],[139.128,37.7831],[139.1279,37.7833],[139.1278,37.7835],[139.1277,37.7837],[139.1277,37.7837],[139.1277,37.7838],[139.1276,37.7839],[139.1275,37.7839],[139.1273,37.784],[139.1272,37.784],[139.127,37.784],[139.1268,37.784],[139.1265,37.784],[139.1264,37.784],[139.1263,37.7841],[139.1262,37.7841],[139.1261,37.7842],[139.126,37.7843],[139.1259,37.7843],[139.1258,37.7844],[139.1256,37.7845],[139.1252,37.7847],[139.1249,37.7848],[139.1247,37.7849],[139.1245,37.7849],[139.1244,37.7849],[139.1246,37.7848],[139.1245,37.7847],[139.1245,37.7847],[139.1244,37.7846],[139.1243,37.7845],[139.1242,37.7842],[139.124,37.7841],[139.1238,37.7839],[139.1238,37.7838],[139.1239,37.7837],[139.1243,37.7834],[139.1243,37.7834],[139.1244,37.7833],[139.1243,37.7833],[139.1241,37.7832],[139.124,37.7832],[139.1239,37.7833],[139.1238,37.7832],[139.1237,37.7832],[139.1236,37.7831],[139.1235,37.7831],[139.1233,37.783],[139.1232,37.7829],[139.1231,37.7828],[139.1229,37.7827],[139.1225,37.7826],[139.1227,37.7824],[139.1229,37.7821],[139.1225,37.7819],[139.1223,37.7818],[139.1222,37.7822],[139.1221,37.7823],[139.1218,37.7824],[139.1217,37.7825],[139.1216,37.7825],[139.1215,37.7825],[139.1214,37.7822],[139.1214,37.782],[139.1214,37.7818],[139.1214,37.7817],[139.1213,37.7816],[139.1211,37.7813],[139.1214,37.7812],[139.1218,37.7811],[139.1219,37.781],[139.1223,37.781],[139.1225,37.781],[139.1229,37.781],[139.1232,37.7804],[139.1234,37.78],[139.1235,37.7799],[139.1235,37.7798],[139.1236,37.7796],[139.1237,37.7793],[139.1239,37.7787],[139.1244,37.7789],[139.1244,37.7788],[139.1246,37.7786],[139.1238,37.7783],[139.1233,37.7782],[139.1231,37.7782],[139.1231,37.7781],[139.1226,37.7781],[139.1226,37.7778],[139.1226,37.7777],[139.1226,37.7777],[139.1224,37.7775],[139.1222,37.7774],[139.1225,37.7772],[139.1228,37.777],[139.1229,37.7769],[139.123,37.7768],[139.1227,37.7767],[139.1223,37.7766],[139.122,37.7766],[139.1216,37.7767],[139.1214,37.7767],[139.1211,37.7766],[139.1208,37.7766],[139.1204,37.7764],[139.1202,37.7764],[139.1199,37.7766],[139.1197,37.7767],[139.1195,37.7767],[139.1193,37.7768],[139.1191,37.7769],[139.1189,37.7768],[139.1189,37.7769],[139.1188,37.777],[139.1186,37.7772],[139.1185,37.7772],[139.1185,37.7774],[139.1182,37.7772],[139.1181,37.7771],[139.118,37.777],[139.1178,37.7769],[139.1177,37.777],[139.1176,37.777],[139.1175,37.777],[139.1172,37.777],[139.1173,37.7772],[139.1177,37.7777],[139.1178,37.778],[139.1179,37.778],[139.1179,37.7781],[139.1181,37.7784],[139.1184,37.7788],[139.1185,37.779],[139.1187,37.7793],[139.1196,37.7808],[139.1198,37.7811],[139.1208,37.7825],[139.1209,37.7827],[139.1207,37.7827],[139.1199,37.7832],[139.1198,37.7831],[139.1193,37.7833],[139.1192,37.7834],[139.1191,37.7837],[139.1188,37.7837],[139.1184,37.7837],[139.1184,37.7839],[139.1181,37.7839],[139.1181,37.7837],[139.1177,37.7838],[139.1177,37.7833],[139.1175,37.7833],[139.1179,37.7829],[139.1185,37.7827],[139.1184,37.7824],[139.1178,37.7825],[139.1177,37.7826],[139.1173,37.7828],[139.1172,37.7828],[139.1168,37.783],[139.1161,37.7831],[139.1163,37.7835],[139.1166,37.7841],[139.1167,37.7843],[139.1169,37.7846],[139.117,37.7847],[139.1155,37.7845],[139.1145,37.7844],[139.1133,37.7843],[139.1118,37.7841],[139.1117,37.7841],[139.1117,37.7844],[139.1118,37.7849],[139.1119,37.7853],[139.1119,37.7858],[139.1119,37.7862],[139.1119,37.7862],[139.1109,37.7861],[139.1107,37.7875],[139.1106,37.7875],[139.1105,37.7882],[139.1096,37.7881],[139.1096,37.7883],[139.1094,37.7892],[139.1093,37.79],[139.1093,37.7901],[139.1092,37.7909],[139.1091,37.7913],[139.1091,37.7914],[139.1091,37.7917],[139.109,37.7922],[139.1081,37.7921],[139.1082,37.7919],[139.1078,37.7921],[139.1072,37.7926],[139.1071,37.7927],[139.107,37.7928],[139.1067,37.7928],[139.1051,37.7916],[139.1045,37.7911],[139.1045,37.7911],[139.1042,37.7913],[139.1044,37.7922],[139.1046,37.7927],[139.1044,37.7928],[139.1042,37.7929],[139.1048,37.7934],[139.1049,37.7934],[139.1046,37.7935],[139.1045,37.7935],[139.1043,37.7935],[139.1042,37.7936],[139.1041,37.7936],[139.1039,37.7937],[139.1039,37.7937],[139.1039,37.7937],[139.1035,37.7939],[139.1041,37.7945],[139.1042,37.7947],[139.1037,37.7948],[139.1039,37.7952],[139.104,37.7952],[139.1041,37.7951],[139.1042,37.795],[139.1044,37.7949],[139.1045,37.7948],[139.1047,37.7947],[139.1053,37.7946],[139.1056,37.7952],[139.1057,37.7955],[139.1052,37.7955],[139.105,37.7956],[139.1047,37.7956],[139.1047,37.7959],[139.1048,37.7963],[139.1048,37.7965],[139.1047,37.7968],[139.1047,37.7971],[139.1047,37.7973],[139.1048,37.7978],[139.1049,37.798],[139.1055,37.798],[139.106,37.7974],[139.106,37.7973],[139.1059,37.797],[139.1058,37.7967],[139.1058,37.7965],[139.1058,37.7965],[139.1058,37.7963],[139.1058,37.7962],[139.1059,37.7962],[139.1062,37.7962],[139.1063,37.7962],[139.1063,37.7963],[139.1064,37.7963],[139.1066,37.7965],[139.1067,37.7966],[139.107,37.7968],[139.1075,37.7963],[139.1079,37.7959],[139.1079,37.7959],[139.1082,37.7956],[139.1082,37.7956],[139.1086,37.7958],[139.1086,37.7958],[139.1083,37.7961],[139.1081,37.7963],[139.1078,37.7965],[139.1076,37.7968],[139.1074,37.797],[139.108,37.7974],[139.1087,37.7978],[139.1094,37.7982],[139.1101,37.7986],[139.1108,37.7991],[139.1115,37.7995],[139.1121,37.7999],[139.1122,37.7999],[139.1104,37.8018],[139.1118,37.8026],[139.1118,37.8026],[139.1131,37.8026],[139.1131,37.8029],[139.1118,37.803],[139.1118,37.8027],[139.1108,37.8037],[139.1105,37.804],[139.1119,37.804],[139.1132,37.8039],[139.1145,37.8039],[139.115,37.8038],[139.1154,37.8038],[139.1154,37.8038],[139.1155,37.8052],[139.1156,37.8063],[139.1156,37.8065],[139.1156,37.8066],[139.1168,37.8066],[139.1172,37.8066],[139.1172,37.8069],[139.1172,37.8072],[139.1172,37.8074],[139.1172,37.8074],[139.1172,37.8078],[139.1173,37.8081],[139.1166,37.808],[139.1162,37.8081],[139.1162,37.8084],[139.1162,37.8084],[139.1162,37.8086],[139.1162,37.8087],[139.1162,37.8088],[139.1163,37.8091],[139.1163,37.8093],[139.1158,37.8094],[139.1158,37.81],[139.1153,37.8101],[139.114,37.8101],[139.1123,37.8102],[139.1123,37.8105],[139.1123,37.8109],[139.1124,37.8112],[139.1124,37.8116],[139.1137,37.8115],[139.1137,37.8129],[139.1142,37.8128],[139.1147,37.8128],[139.1147,37.8132],[139.1151,37.8132],[139.1151,37.8135],[139.116,37.8135],[139.1161,37.8142],[139.1167,37.8142],[139.1161,37.8155],[139.116,37.8157],[139.1159,37.8161],[139.1156,37.8165],[139.1121,37.8167],[139.1122,37.8178],[139.1128,37.8177],[139.1129,37.8185],[139.1129,37.8187],[139.1129,37.819],[139.1129,37.8199],[139.1142,37.8199],[139.1142,37.8199],[139.1141,37.8201],[139.116,37.82],[139.1174,37.8199],[139.1172,37.8187],[139.1171,37.8176],[139.1171,37.8174],[139.1171,37.8173],[139.1171,37.8172],[139.1173,37.817],[139.1168,37.8167],[139.1171,37.8161],[139.1171,37.8159],[139.1172,37.8156],[139.1173,37.8154],[139.1174,37.815],[139.1176,37.815],[139.1181,37.8152],[139.1185,37.8153],[139.1186,37.8154],[139.1191,37.8155],[139.1193,37.8156],[139.1194,37.8153],[139.1196,37.8153],[139.1197,37.8154],[139.1199,37.8154],[139.1199,37.8154],[139.1199,37.8155],[139.12,37.8156],[139.1201,37.8154],[139.1201,37.8154],[139.1204,37.8155],[139.1204,37.8156],[139.1207,37.8157],[139.1222,37.8159],[139.1222,37.8159],[139.1225,37.8154],[139.123,37.8149],[139.1237,37.8141],[139.1244,37.8135],[139.1246,37.8132],[139.1248,37.813],[139.125,37.8127],[139.1254,37.8124],[139.1264,37.8112],[139.127,37.8106],[139.1272,37.8103],[139.1277,37.8098],[139.128,37.8094],[139.1282,37.8092],[139.1283,37.8089],[139.1284,37.8087],[139.1284,37.8087],[139.1284,37.8087],[139.1284,37.8087],[139.1283,37.8087],[139.1283,37.8087],[139.1282,37.8087],[139.1282,37.8087],[139.1282,37.8087],[139.1281,37.8087],[139.1281,37.8087],[139.1281,37.8087],[139.1281,37.8087],[139.1281,37.8087],[139.127,37.8088],[139.1268,37.8088],[139.1264,37.8088],[139.1264,37.8089],[139.1263,37.809],[139.1262,37.8092],[139.126,37.8094],[139.126,37.8095],[139.1266,37.8097],[139.1264,37.81],[139.1258,37.8098],[139.1258,37.8097],[139.1259,37.8096],[139.1258,37.8095],[139.1258,37.8094],[139.1255,37.8092],[139.1254,37.8092],[139.1251,37.8091],[139.1249,37.8091],[139.1248,37.8091],[139.1245,37.809],[139.1243,37.809],[139.1243,37.8089],[139.1244,37.8087],[139.1245,37.8085],[139.1243,37.8085],[139.124,37.8084],[139.1237,37.8082],[139.1235,37.8082],[139.1233,37.8081],[139.1231,37.8079],[139.1229,37.8078],[139.1229,37.8078],[139.1236,37.8078],[139.1245,37.8078],[139.1245,37.8084],[139.1247,37.8083],[139.125,37.8082],[139.1252,37.8082],[139.1254,37.8081],[139.1255,37.8081],[139.1257,37.8081],[139.1258,37.808],[139.126,37.808],[139.1261,37.808],[139.1262,37.8075],[139.1265,37.8075],[139.1265,37.8072],[139.1265,37.807],[139.1265,37.8068],[139.1265,37.8062],[139.1264,37.8056],[139.1263,37.8052],[139.1268,37.8052],[139.1267,37.8047],[139.1267,37.8047],[139.1267,37.8044],[139.1266,37.8042],[139.1266,37.804],[139.1266,37.804],[139.126,37.8042],[139.1259,37.8041],[139.1259,37.804],[139.1256,37.8034],[139.1252,37.8021],[139.1255,37.802],[139.1258,37.802],[139.1263,37.802],[139.1272,37.8021],[139.1273,37.8018],[139.1273,37.8017],[139.1274,37.8015],[139.1273,37.8014],[139.1273,37.8012],[139.1276,37.8012],[139.1277,37.8013],[139.1277,37.8015],[139.1277,37.8016],[139.1277,37.8018],[139.1278,37.8019],[139.1279,37.8022],[139.1279,37.8023],[139.128,37.8024],[139.128,37.8024],[139.1281,37.8024],[139.1284,37.8025],[139.1285,37.8025],[139.1286,37.8026],[139.1287,37.8027],[139.1288,37.8028],[139.1288,37.803],[139.1289,37.8031],[139.129,37.8032],[139.1292,37.8033],[139.1296,37.8036],[139.1295,37.8035],[139.1295,37.8035],[139.1295,37.8034],[139.1294,37.8033],[139.1294,37.8032],[139.1294,37.8031],[139.1293,37.803],[139.1305,37.8029],[139.1305,37.8029],[139.1306,37.8039],[139.1325,37.8039],[139.1322,37.8034],[139.1319,37.8029],[139.133,37.8019],[139.1335,37.8022],[139.1338,37.8024],[139.1346,37.8029],[139.1365,37.8042],[139.1375,37.8049],[139.1387,37.8037],[139.1378,37.803],[139.1387,37.8022],[139.1388,37.8023],[139.1387,37.8025],[139.139,37.8027],[139.1392,37.8025],[139.1398,37.8028],[139.1398,37.8028],[139.1394,37.8034],[139.139,37.8039],[139.1382,37.8047],[139.1379,37.8052],[139.1385,37.8055],[139.1401,37.8063],[139.1404,37.8059],[139.1408,37.8054],[139.1409,37.8053],[139.1416,37.8045],[139.142,37.804],[139.1421,37.8038],[139.1423,37.8036],[139.1424,37.8035],[139.1424,37.8034],[139.1425,37.8033],[139.1425,37.8033],[139.1426,37.8032],[139.1427,37.8031],[139.1428,37.803],[139.1428,37.803],[139.1429,37.8029],[139.1432,37.8025],[139.1434,37.8023],[139.144,37.8026],[139.144,37.8024],[139.1435,37.8022],[139.1437,37.8019],[139.1441,37.8014],[139.1452,37.802],[139.1452,37.8019],[139.1454,37.8017],[139.1459,37.8011],[139.1464,37.8005],[139.1465,37.8004],[139.1454,37.7998],[139.1465,37.7985],[139.1465,37.7985],[139.1472,37.7977],[139.1475,37.7972],[139.1481,37.7966],[139.1487,37.7958],[139.1482,37.7955],[139.1475,37.7952],[139.1471,37.795],[139.1458,37.7943],[139.145,37.7949],[139.1459,37.7954],[139.1453,37.7962],[139.1452,37.7964],[139.1446,37.7962],[139.1437,37.7959],[139.1436,37.796],[139.1433,37.796],[139.1431,37.7959],[139.143,37.7959],[139.1428,37.7958],[139.1427,37.7958],[139.1426,37.7957],[139.1423,37.7956],[139.1422,37.7956],[139.1419,37.7955],[139.1419,37.7955],[139.1419,37.7955],[139.1417,37.7954],[139.1415,37.7954],[139.1414,37.7954],[139.1414,37.7953],[139.1413,37.7953],[139.1413,37.7953],[139.142,37.7944],[139.1416,37.7942],[139.1417,37.7941],[139.1414,37.794],[139.1413,37.794],[139.1409,37.7938],[139.1412,37.7935],[139.1414,37.7933],[139.1414,37.7932],[139.1398,37.794],[139.1399,37.7938],[139.1395,37.7936],[139.1394,37.7935],[139.1391,37.7935],[139.1391,37.793],[139.1388,37.793],[139.1388,37.7929],[139.1382,37.7929],[139.1376,37.7926],[139.1376,37.7925],[139.1379,37.7922],[139.1382,37.7919],[139.1383,37.7919],[139.1382,37.7918],[139.1379,37.7917],[139.1378,37.7916],[139.1379,37.7915],[139.138,37.7914],[139.1383,37.7911],[139.1384,37.7909],[139.1387,37.7907],[139.139,37.7904],[139.1392,37.7902],[139.1396,37.7899],[139.14,37.7897],[139.1404,37.7894],[139.141,37.7891],[139.1416,37.7888],[139.1423,37.7884],[139.1425,37.7886],[139.1423,37.7887],[139.142,37.7889],[139.1418,37.789],[139.1418,37.7891],[139.1419,37.7892],[139.1419,37.7893],[139.142,37.7894],[139.1421,37.7895],[139.1417,37.7897],[139.1414,37.7898],[139.1417,37.7903],[139.142,37.7902],[139.1423,37.7909],[139.1424,37.791],[139.1425,37.7909],[139.1428,37.7907],[139.1429,37.7906],[139.143,37.7905],[139.1434,37.7903],[139.1437,37.7899],[139.144,37.7895],[139.1443,37.7891],[139.1445,37.7889],[139.1447,37.7886],[139.1447,37.7886],[139.1446,37.7885],[139.1443,37.7883],[139.1443,37.7883],[139.1445,37.7881],[139.1446,37.788],[139.1448,37.7877],[139.1449,37.7876],[139.145,37.7875],[139.1451,37.7874],[139.1452,37.7873],[139.1453,37.7872],[139.1453,37.7871],[139.1452,37.7871],[139.1451,37.7869],[139.1453,37.7868],[139.1455,37.7867],[139.1458,37.7865],[139.1462,37.7863],[139.1464,37.7862],[139.1465,37.7861],[139.1466,37.7861],[139.1468,37.7859],[139.147,37.7857],[139.1467,37.7854],[139.1463,37.7851],[139.1466,37.785],[139.1473,37.7851],[139.1474,37.7852],[139.1474,37.7853],[139.1474,37.7853],[139.1476,37.7851],[139.1478,37.7848],[139.148,37.7846],[139.1483,37.7841],[139.1487,37.7836],[139.1489,37.7833],[139.1491,37.7829]]]},"properties":{"name":"新潟市秋葉区","pop":1}},{"type":"Feature","geometry":{"type":"Polygon","coordinates":[[[139.1018,37.8367],[139.1014,37.8365],[139.1009,37.8362],[139.1007,37.8365],[139.1007,37.8366],[139.1006,37.8366],[139.1004,37.8365],[139.1002,37.8365],[139.1,37.8368],[139.1002,37.8369],[139.1006,37.8372],[139.1009,37.8374],[139.101,37.8375],[139.101,37.8375],[139.1011,37.8375],[139.1012,37.8374],[139.1012,37.8374],[139.1012,37.8373],[139.1013,37.8373],[139.1013,37.8372],[139.1013,37.8371],[139.1015,37.8369],[139.1018,37.837],[139.1018,37.8368],[139.1018,37.8367]]]},"properties":{"name":"新潟市秋葉区","pop":2}},{"type":"Feature","geometry":{"type":"Polygon","coordinates":[[[139.1018,37.8367],[139.1024,37.8371],[139.1026,37.8369],[139.1034,37.837],[139.1034,37.837],[139.1034,37.8372],[139.1033,37.8375],[139.1033,37.8375],[139.1038,37.8378],[139.1044,37.8382],[139.1051,37.8385],[139.1048,37.8388],[139.1046,37.8391],[139.1046,37.8392],[139.1044,37.8391],[139.1043,37.8393],[139.104,37.8396],[139.1043,37.8397],[139.1046,37.8399],[139.1047,37.84],[139.1049,37.8401],[139.105,37.8403],[139.1053,37.8406],[139.1054,37.8407],[139.1055,37.8408],[139.1057,37.8408],[139.1059,37.8408],[139.106,37.8409],[139.1065,37.8409],[139.1067,37.8409],[139.107,37.8408],[139.1074,37.8408],[139.1075,37.8407],[139.108,37.8407],[139.1083,37.8406],[139.109,37.8406],[139.1097,37.8405],[139.1096,37.84],[139.1098,37.84],[139.1097,37.8397],[139.11,37.8397],[139.1098,37.839],[139.1101,37.8389],[139.1102,37.8389],[139.1106,37.8388],[139.1108,37.8393],[139.1109,37.8393],[139.1109,37.8395],[139.111,37.8395],[139.111,37.8397],[139.1112,37.8397],[139.1113,37.8402],[139.1115,37.8402],[139.1117,37.8401],[139.1119,37.8401],[139.1121,37.84],[139.1124,37.84],[139.1124,37.8399],[139.1123,37.8398],[139.1122,37.8396],[139.1122,37.8394],[139.1121,37.8392],[139.1119,37.8393],[139.1118,37.8393],[139.1116,37.8392],[139.1115,37.8389],[139.1114,37.8386],[139.1122,37.8384],[139.1123,37.8384],[139.1125,37.8383],[139.1129,37.8382],[139.1127,37.8388],[139.1128,37.8388],[139.113,37.839],[139.1131,37.8393],[139.1132,37.8395],[139.1133,37.8396],[139.1131,37.8396],[139.1131,37.8397],[139.1132,37.8398],[139.1138,37.8396],[139.1144,37.8393],[139.1145,37.8393],[139.1149,37.839],[139.115,37.839],[139.1157,37.8387],[139.1158,37.8386],[139.116,37.8384],[139.1162,37.8383],[139.1165,37.838],[139.1168,37.8377],[139.117,37.8375],[139.1171,37.8373],[139.1172,37.8371],[139.1177,37.8374],[139.1177,37.8371],[139.1178,37.8369],[139.1181,37.8361],[139.1182,37.8357],[139.1185,37.8353],[139.1186,37.835],[139.1189,37.8347],[139.1191,37.8345],[139.1195,37.8341],[139.12,37.8339],[139.1204,37.8337],[139.1204,37.8337],[139.1201,37.8333],[139.1203,37.8332],[139.1206,37.833],[139.121,37.8328],[139.1213,37.8327],[139.1218,37.8326],[139.1221,37.8325],[139.1223,37.8324],[139.1224,37.8323],[139.1226,37.8322],[139.1227,37.832],[139.1228,37.8319],[139.1228,37.8318],[139.1228,37.8317],[139.1228,37.8317],[139.1229,37.8316],[139.123,37.8312],[139.1231,37.8308],[139.1232,37.8305],[139.1242,37.8307],[139.1243,37.8304],[139.1243,37.83],[139.1243,37.8297],[139.1243,37.8295],[139.1242,37.8293],[139.1242,37.8293],[139.1241,37.8292],[139.1239,37.8289],[139.1236,37.8285],[139.1233,37.8281],[139.1228,37.8276],[139.1224,37.8271],[139.122,37.8264],[139.1218,37.8262],[139.1217,37.8261],[139.1215,37.8257],[139.1213,37.8253],[139.1209,37.8245],[139.1208,37.8242],[139.1207,37.8238],[139.1206,37.8235],[139.1206,37.8229],[139.1205,37.8222],[139.1204,37.8219],[139.1205,37.8216],[139.1195,37.8217],[139.1196,37.8212],[139.1192,37.8211],[139.1189,37.8211],[139.1187,37.821],[139.1185,37.821],[139.1182,37.821],[139.1178,37.821],[139.1175,37.821],[139.1172,37.821],[139.117,37.821],[139.1167,37.8209],[139.1167,37.8214],[139.1165,37.8215],[139.1163,37.8216],[139.1164,37.8217],[139.1165,37.8219],[139.1165,37.822],[139.1164,37.8223],[139.1164,37.8225],[139.1163,37.8229],[139.1163,37.8231],[139.1164,37.8233],[139.1165,37.8237],[139.1165,37.8241],[139.1166,37.8243],[139.1154,37.8246],[139.1154,37.8246],[139.1154,37.8243],[139.1155,37.8239],[139.1156,37.8233],[139.1156,37.8233],[139.1157,37.823],[139.1158,37.8227],[139.1159,37.8223],[139.1158,37.8222],[139.1156,37.8221],[139.1152,37.822],[139.1152,37.822],[139.1141,37.8218],[139.114,37.8218],[139.1138,37.8218],[139.1135,37.8231],[139.1133,37.824],[139.1133,37.8243],[139.1133,37.8243],[139.113,37.8256],[139.1129,37.8263],[139.1127,37.827],[139.1126,37.8274],[139.1124,37.8284],[139.1122,37.8297],[139.11,37.8295],[139.11,37.8295],[139.1082,37.8293],[139.1062,37.829],[139.1062,37.8294],[139.1061,37.8297],[139.106,37.8304],[139.1058,37.8313],[139.1057,37.8317],[139.1044,37.8316],[139.1035,37.8315],[139.1032,37.8314],[139.1016,37.8312],[139.1015,37.8315],[139.1014,37.8318],[139.1026,37.832],[139.1043,37.8322],[139.1044,37.8322],[139.1044,37.8323],[139.1044,37.8323],[139.1044,37.8325],[139.1023,37.8322],[139.1011,37.8321],[139.101,37.8325],[139.101,37.8326],[139.1009,37.833],[139.1008,37.8333],[139.1007,37.8336],[139.1007,37.8339],[139.1007,37.8339],[139.1007,37.8339],[139.1006,37.8343],[139.1006,37.8346],[139.1005,37.8349],[139.1005,37.8349],[139.1004,37.8353],[139.1004,37.8355],[139.1004,37.8356],[139.1003,37.8359],[139.1005,37.836],[139.1012,37.836],[139.1013,37.8361],[139.1014,37.8354],[139.1016,37.8353],[139.1019,37.8353],[139.1019,37.8353],[139.102,37.8354],[139.1021,37.8354],[139.1021,37.8355],[139.102,37.8358],[139.1018,37.8367]]]},"properties":{"name":"新潟市秋葉区","pop":2}},{"type":"Feature","geometry":{"type":"Polygon","coordinates":[[[139.0155,37.7789],[139.0152,37.7784],[139.0148,37.7777],[139.0146,37.7774],[139.0144,37.777],[139.0138,37.7773],[139.0135,37.7766],[139.0141,37.7764],[139.0141,37.7762],[139.0145,37.7756],[139.0146,37.7754],[139.0146,37.7752],[139.0146,37.7749],[139.0146,37.7744],[139.0146,37.7744],[139.0154,37.7743],[139.0154,37.7744],[139.016,37.7744],[139.016,37.7742],[139.0161,37.7742],[139.0161,37.7742],[139.0162,37.7742],[139.0162,37.7742],[139.0162,37.7743],[139.0177,37.7742],[139.0197,37.7741],[139.0196,37.7726],[139.0202,37.7725],[139.0201,37.771],[139.02,37.7705],[139.0204,37.7704],[139.0207,37.7704],[139.0214,37.7704],[139.0214,37.77],[139.0214,37.7695],[139.0213,37.7692],[139.0207,37.7692],[139.0206,37.7689],[139.0206,37.7677],[139.0205,37.7677],[139.0201,37.7677],[139.0199,37.7677],[139.0199,37.7677],[139.02,37.7686],[139.0193,37.7686],[139.0194,37.7695],[139.0195,37.7705],[139.0194,37.7705],[139.0188,37.7705],[139.0183,37.7705],[139.0177,37.7706],[139.0174,37.7706],[139.0174,37.7706],[139.0172,37.7706],[139.0162,37.7706],[139.016,37.7707],[139.0156,37.7707],[139.0151,37.7707],[139.015,37.7707],[139.0142,37.7707],[139.0142,37.7707],[139.0142,37.7707],[139.0142,37.7702],[139.0143,37.7695],[139.0145,37.7688],[139.0145,37.7688],[139.0146,37.7684],[139.0147,37.7678],[139.0147,37.7677],[139.0147,37.7677],[139.016,37.7677],[139.0166,37.7676],[139.0172,37.7676],[139.018,37.7676],[139.0186,37.7675],[139.0192,37.7675],[139.0199,37.7675],[139.0206,37.7674],[139.0205,37.7664],[139.0204,37.765],[139.021,37.765],[139.0217,37.765],[139.0217,37.7656],[139.0218,37.7663],[139.0211,37.7663],[139.0212,37.7674],[139.0216,37.7674],[139.0216,37.768],[139.0217,37.7692],[139.0218,37.7704],[139.0223,37.7704],[139.0227,37.7704],[139.0232,37.7703],[139.0236,37.7703],[139.024,37.7703],[139.0244,37.7703],[139.0247,37.7703],[139.0253,37.7702],[139.0259,37.7702],[139.0268,37.7702],[139.0269,37.7698],[139.0269,37.7697],[139.0269,37.7697],[139.0269,37.7695],[139.0269,37.7694],[139.0271,37.7691],[139.0274,37.7693],[139.0274,37.769],[139.0274,37.769],[139.0275,37.7688],[139.0275,37.7688],[139.0274,37.7686],[139.0274,37.7685],[139.0274,37.7683],[139.0268,37.768],[139.0264,37.7678],[139.0263,37.7678],[139.0263,37.7677],[139.0251,37.7678],[139.0247,37.7673],[139.0245,37.7673],[139.0245,37.7673],[139.0242,37.7673],[139.0241,37.7673],[139.0238,37.7673],[139.0237,37.7662],[139.0237,37.7657],[139.0237,37.7656],[139.0238,37.7655],[139.024,37.7659],[139.0251,37.7659],[139.0252,37.7658],[139.0254,37.7658],[139.0254,37.7658],[139.0255,37.7658],[139.0258,37.7658],[139.026,37.7658],[139.0261,37.7658],[139.0269,37.7658],[139.0268,37.7653],[139.0267,37.7648],[139.0244,37.7649],[139.0239,37.764],[139.0238,37.764],[139.0236,37.7639],[139.0228,37.7638],[139.0226,37.7633],[139.0224,37.7632],[139.022,37.7631],[139.0216,37.7629],[139.0214,37.7629],[139.0211,37.7628],[139.0211,37.7628],[139.021,37.7629],[139.0209,37.7631],[139.0201,37.7628],[139.0201,37.7619],[139.02,37.7613],[139.02,37.7608],[139.02,37.7603],[139.0199,37.7598],[139.0198,37.7582],[139.0198,37.7572],[139.0192,37.7573],[139.0179,37.7573],[139.0179,37.7583],[139.018,37.7599],[139.0181,37.7601],[139.0167,37.7602],[139.0167,37.7594],[139.015,37.7595],[139.015,37.7594],[139.015,37.7593],[139.015,37.7593],[139.0152,37.7593],[139.0154,37.7592],[139.0154,37.759],[139.0158,37.759],[139.0157,37.7586],[139.0157,37.7585],[139.015,37.7585],[139.0149,37.7578],[139.0157,37.7578],[139.0157,37.7574],[139.0161,37.7574],[139.0161,37.757],[139.0149,37.7571],[139.0149,37.7569],[139.0149,37.7566],[139.0166,37.7565],[139.0166,37.7558],[139.0165,37.7552],[139.0166,37.7551],[139.0165,37.755],[139.0165,37.7543],[139.0163,37.7543],[139.0163,37.7543],[139.0161,37.7542],[139.0161,37.7541],[139.016,37.7541],[139.0157,37.7538],[139.0153,37.7535],[139.0152,37.7535],[139.0149,37.7532],[139.0149,37.7532],[139.015,37.753],[139.0151,37.7524],[139.0149,37.7523],[139.0143,37.7521],[139.0141,37.7528],[139.0139,37.7532],[139.0138,37.7536],[139.0132,37.7534],[139.0132,37.7534],[139.0128,37.7533],[139.013,37.7526],[139.0114,37.7522],[139.0111,37.7526],[139.0116,37.7528],[139.0115,37.7535],[139.0115,37.7536],[139.0117,37.7543],[139.0117,37.7546],[139.0112,37.7544],[139.0111,37.7543],[139.0111,37.7543],[139.011,37.7544],[139.0105,37.7541],[139.0099,37.7538],[139.0097,37.754],[139.0089,37.7533],[139.0081,37.7527],[139.0077,37.7524],[139.0074,37.7522],[139.0072,37.7522],[139.0069,37.7521],[139.0065,37.752],[139.0062,37.7519],[139.0061,37.7519],[139.0059,37.752],[139.0057,37.752],[139.0059,37.7531],[139.006,37.7541],[139.0067,37.7539],[139.007,37.7538],[139.0073,37.7538],[139.0076,37.7539],[139.0079,37.754],[139.0091,37.7546],[139.0094,37.7549],[139.0101,37.7553],[139.01,37.7554],[139.01,37.7555],[139.0085,37.7553],[139.0085,37.7554],[139.0083,37.7556],[139.0082,37.7558],[139.0082,37.7559],[139.0082,37.756],[139.0082,37.7561],[139.0082,37.7563],[139.0082,37.7567],[139.0083,37.7568],[139.0084,37.7571],[139.0086,37.7575],[139.009,37.7581],[139.0091,37.7581],[139.0093,37.7583],[139.0096,37.7587],[139.0102,37.7591],[139.0102,37.7591],[139.0103,37.7591],[139.0103,37.7591],[139.0105,37.7593],[139.011,37.7597],[139.0111,37.7599],[139.0112,37.7599],[139.0113,37.7601],[139.0113,37.7601],[139.0114,37.7603],[139.0114,37.7604],[139.0115,37.7606],[139.0115,37.7609],[139.0115,37.7609],[139.0116,37.7612],[139.0116,37.7615],[139.0116,37.7619],[139.0116,37.762],[139.0116,37.7621],[139.0116,37.7622],[139.0116,37.7624],[139.0115,37.7629],[139.0115,37.7631],[139.0115,37.7633],[139.0115,37.7636],[139.0115,37.7638],[139.0115,37.7641],[139.0115,37.7642],[139.0116,37.7644],[139.0116,37.7645],[139.0118,37.765],[139.0119,37.7651],[139.012,37.7654],[139.0122,37.7658],[139.0122,37.7658],[139.0124,37.7663],[139.0125,37.7664],[139.0125,37.7665],[139.0132,37.7665],[139.0136,37.7665],[139.0136,37.7674],[139.0133,37.7674],[139.0131,37.7674],[139.0124,37.7673],[139.0124,37.7674],[139.0123,37.7676],[139.0123,37.7677],[139.0121,37.768],[139.0134,37.7682],[139.0133,37.7687],[139.0139,37.7688],[139.0139,37.7689],[139.0135,37.7689],[139.0134,37.7689],[139.0133,37.7689],[139.0132,37.7688],[139.0132,37.7688],[139.013,37.7691],[139.0127,37.7691],[139.0115,37.769],[139.0115,37.769],[139.0113,37.7694],[139.0112,37.7696],[139.0111,37.7698],[139.0111,37.7699],[139.0122,37.77],[139.0125,37.77],[139.0125,37.7702],[139.0124,37.7703],[139.0124,37.7704],[139.0124,37.7705],[139.0124,37.7705],[139.0122,37.7705],[139.0122,37.7705],[139.012,37.7705],[139.0118,37.7705],[139.0116,37.7705],[139.0114,37.7704],[139.011,37.7704],[139.011,37.7704],[139.0109,37.7712],[139.0109,37.7713],[139.0109,37.7718],[139.0124,37.7717],[139.0125,37.7722],[139.011,37.7722],[139.011,37.7724],[139.011,37.7726],[139.011,37.7727],[139.0112,37.7733],[139.0113,37.7738],[139.0114,37.7743],[139.0115,37.7745],[139.0115,37.7745],[139.0115,37.7747],[139.0116,37.7752],[139.0116,37.7756],[139.0116,37.7764],[139.0116,37.7764],[139.0116,37.7766],[139.0116,37.7767],[139.0116,37.777],[139.0117,37.7774],[139.0117,37.7775],[139.0117,37.7776],[139.0117,37.7777],[139.0119,37.7779],[139.012,37.7782],[139.0121,37.7783],[139.0122,37.7785],[139.0123,37.7786],[139.0125,37.779],[139.0137,37.7785],[139.0138,37.7787],[139.014,37.779],[139.0146,37.7788],[139.0147,37.7789],[139.0148,37.7791],[139.0148,37.7791],[139.015,37.7791],[139.015,37.7791],[139.0154,37.779],[139.0155,37.779],[139.0155,37.7789]]]},"properties":{"name":"新潟市南区","pop":1}},{"type":"Feature","geometry":{"type":"Polygon","coordinates":[[[139.0024,37.9075],[139.0026,37.9074],[139.0027,37.9074],[139.0028,37.9073],[139.003,37.907],[139.0034,37.9071],[139.0041,37.9073],[139.0055,37.9078],[139.0054,37.908],[139.0055,37.908],[139.0061,37.9073],[139.0064,37.9069],[139.0066,37.9065],[139.0068,37.9062],[139.0071,37.9058],[139.0073,37.9057],[139.0073,37.9056],[139.0072,37.9054],[139.0073,37.9052],[139.0078,37.9044],[139.0083,37.9035],[139.0083,37.9035],[139.0085,37.9032],[139.0086,37.903],[139.0083,37.9028],[139.0083,37.9028],[139.0074,37.9021],[139.0077,37.9018],[139.0083,37.9022],[139.0083,37.9022],[139.0089,37.9027],[139.0091,37.9024],[139.0094,37.9019],[139.0083,37.9011],[139.0083,37.9011],[139.0081,37.9009],[139.0083,37.9007],[139.0083,37.9007],[139.0088,37.9004],[139.01,37.9007],[139.0102,37.9004],[139.0104,37.9002],[139.0105,37.9],[139.0105,37.9],[139.0108,37.8996],[139.0112,37.8988],[139.0116,37.898],[139.0117,37.8979],[139.0119,37.8972],[139.0116,37.8965],[139.0113,37.896],[139.0121,37.8946],[139.0125,37.8917],[139.0125,37.8917],[139.0126,37.8907],[139.0105,37.8907],[139.0106,37.8905],[139.0105,37.8905],[139.0105,37.8903],[139.0106,37.8903],[139.0106,37.8902],[139.0106,37.8901],[139.0105,37.8901],[139.0105,37.89],[139.0105,37.89],[139.0105,37.8899],[139.0106,37.8899],[139.0106,37.8899],[139.0106,37.8899],[139.0106,37.8898],[139.0108,37.8898],[139.0108,37.8896],[139.0106,37.8897],[139.0106,37.8896],[139.0105,37.8893],[139.0105,37.8888],[139.0105,37.8887],[139.0105,37.8887],[139.0107,37.8887],[139.0107,37.8886],[139.0106,37.8886],[139.0106,37.8883],[139.0105,37.8883],[139.0104,37.8883],[139.0104,37.8881],[139.0104,37.8881],[139.0102,37.8881],[139.0101,37.8881],[139.0102,37.888],[139.0102,37.8879],[139.0102,37.8879],[139.0112,37.8864],[139.0113,37.8861],[139.0114,37.8858],[139.0115,37.8852],[139.0116,37.8844],[139.0119,37.8835],[139.012,37.883],[139.0115,37.8825],[139.0115,37.8822],[139.0116,37.8819],[139.0115,37.8815],[139.0115,37.8813],[139.0115,37.8812],[139.0115,37.8808],[139.0108,37.8809],[139.0106,37.8804],[139.0106,37.8804],[139.0106,37.8804],[139.0114,37.8802],[139.0114,37.8802],[139.0121,37.8801],[139.0125,37.8801],[139.0126,37.88],[139.0126,37.88],[139.0124,37.8796],[139.0127,37.8796],[139.0127,37.8796],[139.0127,37.8794],[139.0127,37.8792],[139.0127,37.879],[139.0127,37.8789],[139.0126,37.8787],[139.0126,37.8785],[139.0125,37.8784],[139.0124,37.8781],[139.0123,37.8781],[139.0123,37.8781],[139.0121,37.8776],[139.012,37.8773],[139.0119,37.8766],[139.0119,37.8766],[139.0122,37.8765],[139.0121,37.8761],[139.0121,37.8759],[139.012,37.8759],[139.0119,37.8756],[139.012,37.8756],[139.0123,37.8755],[139.0125,37.8758],[139.0127,37.8765],[139.0127,37.8765],[139.0132,37.8764],[139.0134,37.8764],[139.0134,37.8764],[139.0134,37.876],[139.0129,37.8753],[139.0126,37.875],[139.0122,37.8752],[139.0117,37.8754],[139.0114,37.8746],[139.0113,37.8742],[139.012,37.8742],[139.0114,37.8737],[139.0113,37.8737],[139.0109,37.8735],[139.0107,37.8734],[139.0104,37.8732],[139.01,37.8731],[139.0095,37.8729],[139.0096,37.8718],[139.0103,37.8719],[139.0107,37.872],[139.0106,37.8723],[139.0112,37.8724],[139.0113,37.8721],[139.0114,37.872],[139.0125,37.8723],[139.0127,37.8716],[139.0124,37.8716],[139.0127,37.8707],[139.0127,37.8707],[139.014,37.871],[139.0142,37.8704],[139.0126,37.8698],[139.0116,37.8695],[139.0115,37.8695],[139.0116,37.8693],[139.012,37.8688],[139.0121,37.8687],[139.0122,37.8687],[139.0124,37.8686],[139.0131,37.8688],[139.0135,37.869],[139.0134,37.8691],[139.0139,37.8693],[139.0142,37.8692],[139.0144,37.8695],[139.0146,37.8695],[139.0149,37.8696],[139.0162,37.8699],[139.0166,37.8689],[139.0168,37.8684],[139.0169,37.8682],[139.0173,37.867],[139.0178,37.8659],[139.0178,37.8659],[139.017,37.8657],[139.017,37.8656],[139.0162,37.8655],[139.0162,37.8655],[139.0152,37.8653],[139.0152,37.8653],[139.0152,37.865],[139.0152,37.8649],[139.0153,37.8649],[139.016,37.865],[139.0163,37.8651],[139.0163,37.865],[139.0164,37.8648],[139.0164,37.8647],[139.0164,37.8646],[139.0164,37.8645],[139.0164,37.8645],[139.0165,37.8644],[139.0165,37.8641],[139.0165,37.864],[139.0167,37.8633],[139.017,37.863],[139.0176,37.8628],[139.0177,37.8627],[139.0178,37.8627],[139.0179,37.8627],[139.0179,37.8624],[139.0178,37.8618],[139.0175,37.8602],[139.0175,37.8602],[139.0175,37.8601],[139.0174,37.8596],[139.0172,37.8586],[139.0171,37.8578],[139.0171,37.8577],[139.017,37.8575],[139.017,37.8574],[139.0159,37.8575],[139.0158,37.8575],[139.0159,37.8571],[139.016,37.8567],[139.0162,37.8552],[139.0162,37.8551],[139.0162,37.8548],[139.0163,37.8545],[139.0163,37.8541],[139.0164,37.8536],[139.0165,37.8529],[139.0165,37.8528],[139.0166,37.8527],[139.0166,37.8521],[139.0168,37.852],[139.0169,37.8524],[139.0173,37.8524],[139.0173,37.8525],[139.0174,37.8525],[139.0174,37.8528],[139.0178,37.8529],[139.0185,37.853],[139.0187,37.8531],[139.0191,37.8516],[139.0193,37.851],[139.0195,37.8504],[139.0197,37.85],[139.0208,37.8481],[139.021,37.8477],[139.0214,37.8462],[139.0214,37.8458],[139.0215,37.8451],[139.0214,37.845],[139.0211,37.8445],[139.021,37.8444],[139.0208,37.8442],[139.0199,37.8439],[139.0193,37.8437],[139.0189,37.8436],[139.0186,37.8436],[139.018,37.8436],[139.0173,37.8436],[139.0167,37.8437],[139.0167,37.8437],[139.0165,37.8437],[139.0156,37.8438],[139.015,37.8439],[139.0144,37.8438],[139.0137,37.8436],[139.013,37.8434],[139.0129,37.8433],[139.0126,37.8439],[139.0126,37.844],[139.012,37.8439],[139.012,37.8439],[139.0117,37.844],[139.0117,37.844],[139.0101,37.8435],[139.0092,37.8441],[139.0094,37.8443],[139.0094,37.8449],[139.0081,37.8461],[139.0071,37.8472],[139.0065,37.8477],[139.0053,37.8469],[139.0053,37.8469],[139.0054,37.8473],[139.0059,37.8484],[139.0064,37.8496],[139.0064,37.8497],[139.007,37.8498],[139.0076,37.8498],[139.0077,37.8498],[139.0078,37.8498],[139.0079,37.8498],[139.008,37.8498],[139.0076,37.8514],[139.0077,37.8514],[139.0089,37.8515],[139.0088,37.8522],[139.0087,37.8526],[139.0088,37.8532],[139.0089,37.8535],[139.009,37.8537],[139.0091,37.8539],[139.0092,37.854],[139.0094,37.8542],[139.0095,37.8543],[139.0099,37.8544],[139.0102,37.8545],[139.0104,37.8546],[139.0108,37.8546],[139.0112,37.8546],[139.0115,37.8547],[139.0116,37.8546],[139.0119,37.8546],[139.0121,37.8548],[139.0122,37.855],[139.0122,37.8551],[139.0122,37.856],[139.0122,37.857],[139.0122,37.8577],[139.0122,37.8581],[139.0123,37.8582],[139.0123,37.8586],[139.0124,37.8594],[139.0124,37.8595],[139.0124,37.8596],[139.012,37.8606],[139.0117,37.8606],[139.0116,37.8608],[139.0119,37.8609],[139.0116,37.8616],[139.0111,37.8615],[139.0099,37.8614],[139.0098,37.8615],[139.0096,37.8624],[139.0093,37.8634],[139.0094,37.8634],[139.0093,37.8639],[139.0093,37.8639],[139.009,37.8649],[139.0099,37.8651],[139.0099,37.8651],[139.0108,37.8652],[139.0107,37.8653],[139.0104,37.8659],[139.01,37.8663],[139.0096,37.8666],[139.0088,37.8672],[139.0084,37.8675],[139.0087,37.8676],[139.0098,37.8677],[139.0095,37.8682],[139.0094,37.8685],[139.0092,37.8688],[139.009,37.8691],[139.0087,37.8697],[139.0083,37.871],[139.008,37.8722],[139.0077,37.8721],[139.0077,37.8725],[139.0076,37.8729],[139.0075,37.8737],[139.0075,37.8745],[139.0075,37.8747],[139.0075,37.8749],[139.0078,37.8749],[139.0078,37.8747],[139.0078,37.8747],[139.0079,37.8747],[139.0079,37.8747],[139.008,37.8749],[139.0081,37.8754],[139.0082,37.8756],[139.0083,37.8759],[139.0084,37.877],[139.0085,37.8774],[139.0085,37.8775],[139.0084,37.8779],[139.0084,37.8784],[139.0084,37.8784],[139.0084,37.8787],[139.0084,37.8788],[139.0084,37.8789],[139.0085,37.8792],[139.0082,37.8792],[139.0083,37.8793],[139.0077,37.8794],[139.0077,37.8793],[139.0076,37.8791],[139.0077,37.879],[139.007,37.8794],[139.0063,37.8798],[139.0051,37.8804],[139.0052,37.8805],[139.0055,37.8809],[139.0055,37.8809],[139.0057,37.8811],[139.0055,37.8811],[139.0053,37.8821],[139.0053,37.8823],[139.0043,37.8821],[139.0042,37.8825],[139.0039,37.8824],[139.0035,37.8824],[139.0032,37.8821],[139.0032,37.8822],[139.003,37.8823],[139.0017,37.8833],[139.0001,37.8846],[139.0,37.8846],[139.0029,37.8848],[139.0037,37.8849],[139.0035,37.8853],[139.0032,37.8852],[139.0029,37.885],[139.0027,37.885],[139.0025,37.8849],[139.0021,37.8849],[139.001,37.8849],[139.0009,37.8853],[139.0007,37.8856],[139.0006,37.8856],[139.0006,37.8856],[139.0005,37.8856],[139.0003,37.8857],[138.9995,37.885],[138.9999,37.8847],[138.9995,37.8846],[138.9993,37.8845],[138.9994,37.8844],[138.999,37.8842],[138.9987,37.8839],[138.9983,37.8837],[138.9978,37.8832],[138.9975,37.8828],[138.9973,37.8827],[138.997,37.8825],[138.9964,37.8821],[138.9964,37.8821],[138.9958,37.8817],[138.9949,37.881],[138.9942,37.8805],[138.9935,37.8799],[138.9931,37.8795],[138.9927,37.879],[138.9927,37.8789],[138.9927,37.8789],[138.9925,37.8786],[138.9924,37.8785],[138.9922,37.8782],[138.992,37.8781],[138.9916,37.878],[138.9913,37.8779],[138.9912,37.8782],[138.9907,37.8788],[138.9904,37.8787],[138.9903,37.8786],[138.9901,37.8785],[138.9899,37.8785],[138.9899,37.8785],[138.9901,37.8782],[138.9896,37.8783],[138.9892,37.8784],[138.9888,37.8786],[138.9884,37.8787],[138.9882,37.8788],[138.988,37.8789],[138.9878,37.8791],[138.9875,37.8792],[138.9874,37.8792],[138.9872,37.8793],[138.9869,37.8793],[138.9866,37.8793],[138.9864,37.8792],[138.9858,37.8791],[138.985,37.8788],[138.9848,37.879],[138.9846,37.8791],[138.9841,37.8788],[138.9837,37.8784],[138.984,37.8782],[138.9839,37.878],[138.9839,37.8778],[138.9835,37.8779],[138.9833,37.8776],[138.9832,37.8773],[138.9832,37.8772],[138.9831,37.877],[138.9831,37.8768],[138.9831,37.8766],[138.9832,37.876],[138.9832,37.8759],[138.9831,37.8757],[138.9831,37.8756],[138.983,37.8753],[138.983,37.8752],[138.9829,37.8749],[138.9828,37.8745],[138.9827,37.8741],[138.9826,37.8738],[138.9825,37.8738],[138.9824,37.8736],[138.9824,37.8735],[138.9822,37.8734],[138.982,37.8732],[138.982,37.8732],[138.9818,37.873],[138.9815,37.8728],[138.9812,37.873],[138.9811,37.873],[138.9811,37.873],[138.9811,37.8731],[138.9807,37.8733],[138.9805,37.873],[138.9808,37.8729],[138.981,37.8728],[138.9813,37.8726],[138.9812,37.8724],[138.9811,37.8724],[138.9809,37.8722],[138.9809,37.8721],[138.9807,37.872],[138.9806,37.8719],[138.9808,37.8718],[138.9808,37.8718],[138.9808,37.8718],[138.9812,37.872],[138.9818,37.8725],[138.9824,37.8729],[138.9826,37.8731],[138.983,37.8735],[138.9837,37.8741],[138.9841,37.8744],[138.9844,37.8743],[138.9841,37.8738],[138.9838,37.8736],[138.9835,37.8734],[138.9834,37.8732],[138.983,37.8727],[138.9827,37.8724],[138.9824,37.8721],[138.9817,37.8715],[138.9814,37.8708],[138.9808,37.8701],[138.9797,37.8687],[138.9795,37.8685],[138.9797,37.8681],[138.9794,37.868],[138.9786,37.8678],[138.9782,37.8677],[138.9773,37.8677],[138.9773,37.8678],[138.9773,37.8679],[138.9772,37.8681],[138.9772,37.8688],[138.9777,37.8692],[138.9781,37.8696],[138.9779,37.8697],[138.9775,37.8694],[138.977,37.869],[138.9765,37.8695],[138.9761,37.8692],[138.9757,37.8689],[138.9757,37.8689],[138.9753,37.8688],[138.9753,37.8689],[138.9751,37.8688],[138.9752,37.8685],[138.9751,37.8684],[138.9753,37.8681],[138.9755,37.868],[138.9755,37.8679],[138.9757,37.8678],[138.9756,37.8676],[138.975,37.8681],[138.975,37.8681],[138.9749,37.8683],[138.9746,37.8681],[138.9744,37.8679],[138.9747,37.8676],[138.975,37.8674],[138.9753,37.8673],[138.9752,37.8671],[138.9746,37.8674],[138.9744,37.8674],[138.9739,37.8675],[138.9738,37.8674],[138.9742,37.867],[138.9744,37.8669],[138.9746,37.8668],[138.9749,37.8666],[138.9748,37.8666],[138.9747,37.8665],[138.9743,37.8663],[138.9739,37.8667],[138.9735,37.8672],[138.9733,37.867],[138.9731,37.8669],[138.973,37.8669],[138.9729,37.8669],[138.9731,37.8663],[138.9732,37.8663],[138.9734,37.8661],[138.9737,37.8657],[138.9735,37.8655],[138.9734,37.8655],[138.9733,37.8654],[138.9732,37.8654],[138.973,37.8654],[138.9729,37.8655],[138.9727,37.8656],[138.9725,37.8668],[138.9723,37.8669],[138.9724,37.8657],[138.9723,37.8657],[138.9722,37.8657],[138.9719,37.8658],[138.9717,37.8659],[138.9717,37.866],[138.9718,37.8662],[138.9718,37.8665],[138.9718,37.8669],[138.9716,37.867],[138.9715,37.8662],[138.9715,37.8661],[138.9715,37.8659],[138.9711,37.866],[138.9707,37.8661],[138.9704,37.8662],[138.9703,37.8663],[138.9703,37.8663],[138.9701,37.8664],[138.9699,37.8665],[138.9693,37.8669],[138.9694,37.8671],[138.9695,37.8673],[138.9697,37.8673],[138.9698,37.8673],[138.9698,37.8673],[138.9701,37.8673],[138.97,37.8674],[138.9699,37.8677],[138.9698,37.8681],[138.9696,37.8685],[138.9686,37.8688],[138.9682,37.8689],[138.968,37.869],[138.968,37.869],[138.9679,37.8693],[138.9674,37.8692],[138.9674,37.8692],[138.9673,37.8692],[138.9671,37.8692],[138.967,37.8689],[138.967,37.8688],[138.9669,37.8686],[138.9667,37.8683],[138.9662,37.8685],[138.9659,37.8686],[138.966,37.8688],[138.966,37.8689],[138.966,37.869],[138.966,37.869],[138.966,37.8693],[138.9659,37.8693],[138.9657,37.8693],[138.9653,37.8692],[138.9654,37.869],[138.9654,37.8686],[138.9646,37.8687],[138.9646,37.8684],[138.9632,37.8682],[138.9629,37.8681],[138.9625,37.8688],[138.9625,37.8688],[138.9613,37.8684],[138.9611,37.8683],[138.9602,37.8676],[138.9595,37.8671],[138.9594,37.867],[138.9591,37.8667],[138.9589,37.8665],[138.9585,37.866],[138.9585,37.866],[138.9573,37.8655],[138.9579,37.8646],[138.9581,37.8643],[138.9583,37.864],[138.9584,37.8638],[138.9583,37.8636],[138.958,37.8632],[138.9577,37.8628],[138.9575,37.8625],[138.9574,37.8623],[138.9573,37.8622],[138.9572,37.8621],[138.9566,37.8619],[138.9562,37.8617],[138.9557,37.8615],[138.9555,37.8614],[138.9554,37.8614],[138.955,37.8614],[138.9548,37.8614],[138.9546,37.8614],[138.9544,37.8615],[138.9543,37.8615],[138.954,37.8616],[138.9536,37.8618],[138.9533,37.8619],[138.9532,37.862],[138.953,37.8621],[138.9527,37.8623],[138.9524,37.8626],[138.9522,37.863],[138.952,37.8634],[138.9517,37.8631],[138.9515,37.8629],[138.9514,37.8628],[138.9511,37.8625],[138.9508,37.8628],[138.9505,37.863],[138.9501,37.8627],[138.9499,37.8626],[138.9504,37.8623],[138.9505,37.8622],[138.9506,37.862],[138.9507,37.8619],[138.9512,37.8616],[138.9516,37.8612],[138.952,37.8609],[138.9523,37.8605],[138.9525,37.8603],[138.9527,37.8601],[138.9528,37.8598],[138.9529,37.8597],[138.9529,37.8597],[138.9529,37.8596],[138.9528,37.8596],[138.9531,37.8596],[138.9532,37.8596],[138.9533,37.8597],[138.9535,37.8597],[138.9537,37.8596],[138.954,37.8596],[138.9545,37.8596],[138.9546,37.8595],[138.9547,37.8595],[138.955,37.8595],[138.9552,37.8595],[138.9555,37.8595],[138.9556,37.8596],[138.9557,37.8596],[138.9558,37.8596],[138.9568,37.8598],[138.957,37.8598],[138.957,37.8597],[138.9571,37.8597],[138.9571,37.8594],[138.9571,37.8594],[138.9572,37.8593],[138.9572,37.8593],[138.9578,37.8596],[138.9578,37.8596],[138.9582,37.8598],[138.9583,37.8599],[138.9585,37.86],[138.9581,37.8606],[138.9585,37.8609],[138.9588,37.8612],[138.9589,37.8613],[138.9592,37.8617],[138.9596,37.8622],[138.9596,37.8622],[138.9599,37.8627],[138.9604,37.8635],[138.9604,37.8635],[138.9606,37.8635],[138.9606,37.8635],[138.9607,37.8635],[138.9609,37.8634],[138.961,37.8634],[138.9612,37.8636],[138.9614,37.8638],[138.9612,37.8641],[138.9609,37.8641],[138.9607,37.8641],[138.9608,37.8647],[138.9609,37.8648],[138.9611,37.865],[138.9615,37.8647],[138.962,37.8641],[138.9624,37.8636],[138.9631,37.8628],[138.9638,37.8621],[138.9638,37.8621],[138.964,37.8618],[138.9642,37.8616],[138.9632,37.861],[138.9621,37.8603],[138.9621,37.8603],[138.9605,37.8594],[138.9605,37.8594],[138.9594,37.8587],[138.9589,37.8585],[138.9588,37.8585],[138.9585,37.8588],[138.9585,37.8589],[138.9578,37.8585],[138.9574,37.859],[138.9574,37.859],[138.9571,37.8589],[138.9566,37.8589],[138.9564,37.8588],[138.9563,37.8588],[138.9562,37.8588],[138.9559,37.8586],[138.9559,37.8586],[138.955,37.8581],[138.9561,37.8569],[138.9555,37.8566],[138.9554,37.8567],[138.9555,37.8569],[138.9549,37.8575],[138.9545,37.8578],[138.9539,37.8582],[138.9538,37.8584],[138.9537,37.8585],[138.9531,37.8591],[138.953,37.8593],[138.9522,37.8588],[138.952,37.8589],[138.9518,37.8587],[138.9516,37.8589],[138.9514,37.8587],[138.9512,37.8586],[138.9511,37.8586],[138.9509,37.8585],[138.9508,37.8587],[138.9508,37.8587],[138.9509,37.8588],[138.9509,37.8588],[138.951,37.8589],[138.951,37.8589],[138.9508,37.859],[138.9506,37.8589],[138.9493,37.8602],[138.9483,37.8595],[138.9477,37.8601],[138.9477,37.8601],[138.9482,37.8604],[138.9472,37.8613],[138.9469,37.8616],[138.9466,37.8618],[138.9459,37.8624],[138.946,37.8627],[138.9461,37.8629],[138.9462,37.8631],[138.9465,37.8635],[138.9463,37.8636],[138.9464,37.8638],[138.9461,37.8639],[138.9459,37.8633],[138.9459,37.8631],[138.9459,37.863],[138.9457,37.8627],[138.9456,37.8626],[138.9455,37.8625],[138.9454,37.8623],[138.9453,37.8621],[138.9452,37.8619],[138.9452,37.8617],[138.9451,37.8616],[138.9448,37.8604],[138.9448,37.8601],[138.9447,37.86],[138.9447,37.8598],[138.9446,37.8597],[138.9444,37.8596],[138.9443,37.8595],[138.9442,37.8594],[138.9436,37.859],[138.9434,37.8588],[138.9432,37.8587],[138.9429,37.8585],[138.9428,37.8584],[138.9429,37.8583],[138.9432,37.858],[138.9436,37.8577],[138.9435,37.8576],[138.9436,37.8574],[138.9437,37.8573],[138.9438,37.8573],[138.9433,37.8567],[138.9429,37.8563],[138.9427,37.8558],[138.9425,37.8554],[138.9424,37.8551],[138.9421,37.8545],[138.9416,37.8535],[138.9416,37.8535],[138.942,37.8535],[138.9421,37.8534],[138.9422,37.8533],[138.9422,37.8533],[138.9431,37.8529],[138.9429,37.8526],[138.9427,37.852],[138.9418,37.8523],[138.9416,37.8524],[138.9412,37.8525],[138.9409,37.8526],[138.9407,37.8523],[138.9405,37.8521],[138.9404,37.8521],[138.9404,37.852],[138.9404,37.8519],[138.9403,37.8518],[138.9403,37.8515],[138.9404,37.8512],[138.9404,37.851],[138.9396,37.8492],[138.9393,37.8492],[138.9392,37.8492],[138.9389,37.8492],[138.9387,37.8492],[138.9387,37.8492],[138.9381,37.8514],[138.9372,37.8513],[138.937,37.8513],[138.9368,37.8514],[138.9368,37.852],[138.9368,37.8522],[138.9367,37.8525],[138.9363,37.8524],[138.9359,37.8524],[138.9356,37.8524],[138.9355,37.8524],[138.9354,37.8523],[138.9352,37.8522],[138.9345,37.8519],[138.9342,37.8526],[138.9343,37.8526],[138.9344,37.8526],[138.9348,37.8527],[138.9352,37.8529],[138.9353,37.8529],[138.9353,37.8532],[138.9353,37.8532],[138.9353,37.8533],[138.9354,37.8533],[138.9354,37.8533],[138.9354,37.8534],[138.9354,37.8534],[138.9354,37.8534],[138.9353,37.8533],[138.9352,37.8533],[138.9352,37.8533],[138.9351,37.8533],[138.9349,37.8534],[138.9348,37.8534],[138.9346,37.8535],[138.9343,37.8537],[138.9342,37.8537],[138.934,37.8538],[138.934,37.8538],[138.9339,37.8538],[138.9338,37.8538],[138.9337,37.8537],[138.9336,37.8536],[138.9335,37.8535],[138.9334,37.8534],[138.9334,37.8534],[138.9335,37.8532],[138.9336,37.8531],[138.9337,37.853],[138.9337,37.8528],[138.9336,37.8527],[138.9336,37.8525],[138.9336,37.8525],[138.9336,37.8523],[138.9338,37.852],[138.934,37.8517],[138.9334,37.8514],[138.933,37.8512],[138.933,37.8512],[138.9326,37.851],[138.9323,37.8509],[138.9317,37.8506],[138.9312,37.8513],[138.9311,37.851],[138.931,37.8508],[138.9309,37.8508],[138.9308,37.8507],[138.9308,37.8507],[138.9311,37.8503],[138.9297,37.8497],[138.9297,37.8496],[138.9295,37.8491],[138.9294,37.8488],[138.9288,37.8475],[138.9283,37.8463],[138.9281,37.8459],[138.9273,37.8461],[138.9274,37.8465],[138.9272,37.8466],[138.9269,37.8467],[138.9264,37.8468],[138.9264,37.8468],[138.9251,37.8471],[138.9252,37.8474],[138.9254,37.8477],[138.9255,37.8481],[138.9256,37.8483],[138.9256,37.8483],[138.9257,37.8487],[138.9257,37.8487],[138.9258,37.8488],[138.9259,37.8489],[138.926,37.8491],[138.926,37.8492],[138.9255,37.8493],[138.9255,37.8492],[138.9247,37.8468],[138.9246,37.8465],[138.9239,37.8448],[138.9235,37.845],[138.9231,37.8452],[138.9227,37.8453],[138.9223,37.8455],[138.9228,37.8464],[138.9232,37.8469],[138.9234,37.8472],[138.9222,37.8477],[138.9219,37.8472],[138.9217,37.8468],[138.9215,37.8466],[138.9212,37.8461],[138.9211,37.8459],[138.9206,37.8462],[138.9199,37.8464],[138.9188,37.8469],[138.9186,37.8468],[138.9185,37.8467],[138.9183,37.8466],[138.9181,37.8465],[138.9179,37.8464],[138.9177,37.8464],[138.9176,37.8463],[138.9174,37.8463],[138.9173,37.8462],[138.9171,37.8462],[138.917,37.8461],[138.917,37.8462],[138.9169,37.8462],[138.9169,37.8462],[138.9167,37.8468],[138.917,37.8469],[138.9166,37.8469],[138.9163,37.8469],[138.9162,37.8469],[138.9161,37.847],[138.9161,37.8469],[138.9161,37.8469],[138.9161,37.8467],[138.9163,37.8466],[138.9158,37.8463],[138.9153,37.8461],[138.9143,37.8457],[138.9137,37.8454],[138.9132,37.8452],[138.9127,37.845],[138.9123,37.8447],[138.912,37.8445],[138.9116,37.8442],[138.9108,37.8436],[138.9105,37.8434],[138.9102,37.8432],[138.91,37.8431],[138.91,37.8431],[138.9097,37.8435],[138.91,37.8437],[138.9102,37.8438],[138.9103,37.8439],[138.91,37.8442],[138.9099,37.8442],[138.9097,37.8441],[138.9095,37.844],[138.9092,37.8439],[138.9088,37.8438],[138.9086,37.8437],[138.9084,37.8437],[138.9082,37.8437],[138.9079,37.8435],[138.9075,37.8432],[138.9072,37.8436],[138.9067,37.8442],[138.9064,37.8445],[138.9062,37.8447],[138.9059,37.845],[138.9061,37.8452],[138.9065,37.8454],[138.907,37.8457],[138.9074,37.846],[138.9075,37.8461],[138.9078,37.8462],[138.9081,37.8463],[138.9084,37.8464],[138.9086,37.8465],[138.9087,37.8466],[138.9089,37.8468],[138.909,37.8469],[138.9093,37.847],[138.9095,37.8471],[138.9097,37.8473],[138.91,37.8474],[138.9102,37.8476],[138.9106,37.8477],[138.9106,37.8477],[138.9108,37.8478],[138.911,37.848],[138.9111,37.8481],[138.9114,37.8482],[138.9116,37.8483],[138.9118,37.8484],[138.912,37.8485],[138.9124,37.8487],[138.9126,37.8488],[138.9128,37.8489],[138.9129,37.849],[138.9132,37.8492],[138.913,37.8494],[138.9129,37.8494],[138.9129,37.8495],[138.9131,37.8497],[138.9132,37.8499],[138.9134,37.8497],[138.9135,37.8498],[138.9138,37.8499],[138.9139,37.8499],[138.9141,37.8499],[138.9143,37.8501],[138.9147,37.8502],[138.915,37.8504],[138.9153,37.8505],[138.9155,37.8506],[138.9156,37.8507],[138.9157,37.8507],[138.9156,37.8509],[138.9155,37.851],[138.9154,37.8511],[138.9154,37.8511],[138.9153,37.8513],[138.9152,37.8515],[138.9151,37.8515],[138.915,37.8516],[138.915,37.8518],[138.915,37.8519],[138.915,37.852],[138.915,37.8521],[138.915,37.8523],[138.915,37.8524],[138.915,37.8524],[138.915,37.8525],[138.9151,37.8525],[138.9151,37.8526],[138.9152,37.8527],[138.9153,37.8528],[138.9153,37.8529],[138.9153,37.853],[138.9153,37.8531],[138.9152,37.8532],[138.9152,37.8533],[138.9151,37.8533],[138.9151,37.8533],[138.9152,37.8534],[138.9152,37.8534],[138.9152,37.8534],[138.9152,37.8534],[138.9153,37.8533],[138.9153,37.8534],[138.9154,37.8535],[138.9154,37.8535],[138.9153,37.8536],[138.9153,37.8537],[138.9152,37.8538],[138.9156,37.854],[138.9157,37.854],[138.9157,37.854],[138.9158,37.854],[138.9158,37.8541],[138.916,37.8541],[138.9161,37.854],[138.9163,37.854],[138.9164,37.854],[138.9166,37.8541],[138.9167,37.854],[138.917,37.8539],[138.9172,37.8539],[138.9173,37.8539],[138.9176,37.8539],[138.9182,37.854],[138.9184,37.8541],[138.9187,37.8541],[138.9189,37.8541],[138.9189,37.8541],[138.919,37.8541],[138.919,37.8542],[138.9193,37.8542],[138.9195,37.8543],[138.9194,37.8546],[138.9192,37.855],[138.9192,37.8551],[138.9196,37.8552],[138.9196,37.8553],[138.9196,37.8554],[138.9201,37.8555],[138.9205,37.8555],[138.9205,37.8553],[138.9206,37.855],[138.9205,37.855],[138.9206,37.8541],[138.9209,37.8542],[138.9211,37.8542],[138.9211,37.8541],[138.921,37.854],[138.921,37.854],[138.921,37.8539],[138.921,37.8539],[138.9209,37.8538],[138.9209,37.8538],[138.9208,37.8535],[138.9209,37.8535],[138.921,37.8536],[138.9211,37.8536],[138.9218,37.8539],[138.9221,37.8541],[138.9221,37.8541],[138.9221,37.8541],[138.9226,37.8543],[138.9229,37.8544],[138.9231,37.8546],[138.9233,37.8547],[138.9234,37.8548],[138.9234,37.8548],[138.9234,37.8548],[138.9234,37.8548],[138.9235,37.8548],[138.924,37.8551],[138.9245,37.8553],[138.9251,37.8557],[138.9246,37.8564],[138.9248,37.8565],[138.925,37.8566],[138.9251,37.8566],[138.9253,37.8567],[138.9255,37.8568],[138.9258,37.857],[138.9257,37.8572],[138.9261,37.8574],[138.9263,37.8574],[138.9266,37.8575],[138.9273,37.8577],[138.9273,37.8581],[138.9274,37.8581],[138.9274,37.8583],[138.9273,37.8584],[138.9272,37.8586],[138.9271,37.8588],[138.9271,37.8589],[138.9271,37.8589],[138.9272,37.8591],[138.9272,37.8591],[138.9271,37.8593],[138.9271,37.8595],[138.927,37.8597],[138.927,37.8598],[138.927,37.8598],[138.927,37.8599],[138.9272,37.8599],[138.9273,37.8599],[138.9276,37.8599],[138.9278,37.8598],[138.928,37.8599],[138.9281,37.8599],[138.9284,37.86],[138.9286,37.86],[138.9287,37.8601],[138.9287,37.8601],[138.9286,37.8602],[138.9285,37.8603],[138.9284,37.8604],[138.9284,37.8604],[138.9283,37.8605],[138.9283,37.8606],[138.9284,37.8607],[138.9284,37.8607],[138.9285,37.8608],[138.9284,37.8608],[138.9282,37.8608],[138.928,37.8608],[138.9279,37.8608],[138.9278,37.8608],[138.9276,37.8608],[138.9274,37.8608],[138.927,37.8608],[138.927,37.8606],[138.9266,37.8607],[138.9264,37.8608],[138.9259,37.861],[138.9259,37.861],[138.9257,37.861],[138.9256,37.861],[138.9254,37.861],[138.9252,37.8609],[138.9252,37.861],[138.9252,37.8611],[138.9252,37.8613],[138.9252,37.8615],[138.9252,37.8617],[138.9254,37.8618],[138.9255,37.8619],[138.9256,37.862],[138.9257,37.8621],[138.9258,37.8622],[138.926,37.8622],[138.926,37.8623],[138.9258,37.8624],[138.9255,37.8625],[138.9255,37.8625],[138.9253,37.8627],[138.9252,37.8627],[138.9251,37.8629],[138.925,37.863],[138.9248,37.8632],[138.9247,37.8634],[138.9247,37.8634],[138.925,37.8634],[138.9253,37.8634],[138.9255,37.8634],[138.9256,37.8635],[138.9257,37.8635],[138.9258,37.8635],[138.9258,37.8635],[138.9259,37.8638],[138.9252,37.864],[138.9246,37.8641],[138.924,37.8643],[138.9232,37.865],[138.9232,37.865],[138.9232,37.865],[138.9234,37.8651],[138.9234,37.8651],[138.9234,37.8651],[138.9233,37.8652],[138.9238,37.8656],[138.9241,37.8657],[138.925,37.8661],[138.925,37.8661],[138.9258,37.8664],[138.9261,37.8665],[138.9262,37.8665],[138.9263,37.8665],[138.9264,37.8665],[138.9266,37.8666],[138.9265,37.8668],[138.9265,37.8669],[138.9267,37.867],[138.9268,37.8671],[138.9269,37.8671],[138.9269,37.8672],[138.9271,37.8673],[138.9272,37.8673],[138.9273,37.8673],[138.9273,37.8673],[138.9275,37.8675],[138.9276,37.8675],[138.9277,37.8677],[138.9279,37.8677],[138.9281,37.8677],[138.928,37.8677],[138.928,37.8679],[138.928,37.8679],[138.9281,37.8679],[138.9281,37.8679],[138.9283,37.868],[138.9284,37.868],[138.9285,37.8681],[138.9285,37.8681],[138.9285,37.8682],[138.9286,37.8682],[138.9288,37.8678],[138.9288,37.8677],[138.9288,37.8676],[138.9288,37.8674],[138.9289,37.8673],[138.929,37.8673],[138.9293,37.8673],[138.9297,37.8673],[138.9299,37.8673],[138.93,37.8674],[138.93,37.8675],[138.93,37.8676],[138.9301,37.8676],[138.93,37.8676],[138.93,37.8677],[138.93,37.8677],[138.93,37.8679],[138.93,37.868],[138.93,37.8681],[138.93,37.8682],[138.93,37.8683],[138.9301,37.8684],[138.9301,37.8685],[138.9301,37.8687],[138.9301,37.8688],[138.9301,37.8688],[138.9302,37.8689],[138.9302,37.8689],[138.9302,37.869],[138.9302,37.869],[138.9302,37.8691],[138.9302,37.8692],[138.9302,37.8693],[138.9302,37.8693],[138.9304,37.8692],[138.9304,37.8692],[138.9305,37.8691],[138.9305,37.869],[138.9306,37.869],[138.9306,37.8688],[138.9306,37.8686],[138.9306,37.8684],[138.9304,37.8683],[138.9304,37.8683],[138.9304,37.8682],[138.9303,37.8681],[138.9303,37.8681],[138.9303,37.8681],[138.9303,37.8678],[138.9303,37.8678],[138.9302,37.8677],[138.9303,37.8676],[138.9303,37.8676],[138.9304,37.8675],[138.9304,37.8675],[138.9304,37.8673],[138.9305,37.8672],[138.9305,37.8672],[138.9306,37.8672],[138.9307,37.8673],[138.9308,37.8673],[138.9308,37.8673],[138.9309,37.8674],[138.931,37.8674],[138.9311,37.8674],[138.9312,37.8674],[138.9312,37.8674],[138.9313,37.8674],[138.9313,37.8674],[138.9314,37.8673],[138.9314,37.8673],[138.9315,37.8674],[138.9316,37.8675],[138.9317,37.8676],[138.9318,37.8676],[138.9318,37.8676],[138.932,37.8676],[138.932,37.8676],[138.9322,37.8677],[138.9323,37.8677],[138.9322,37.8678],[138.9322,37.8679],[138.9322,37.868],[138.9322,37.8681],[138.9323,37.8682],[138.9323,37.8682],[138.9324,37.8682],[138.9324,37.8682],[138.9325,37.8681],[138.9326,37.8681],[138.9327,37.8683],[138.9327,37.8688],[138.9328,37.8689],[138.9328,37.869],[138.9329,37.869],[138.9329,37.869],[138.9331,37.869],[138.9332,37.869],[138.9334,37.869],[138.9337,37.869],[138.9339,37.8691],[138.934,37.8691],[138.9345,37.8691],[138.9345,37.869],[138.9345,37.8689],[138.9346,37.8688],[138.9347,37.8687],[138.9347,37.8686],[138.9348,37.8685],[138.9348,37.8683],[138.9348,37.8683],[138.9349,37.8684],[138.9351,37.8684],[138.9353,37.8687],[138.9356,37.8691],[138.9361,37.8689],[138.9363,37.869],[138.9364,37.869],[138.9367,37.8692],[138.9369,37.8693],[138.937,37.8693],[138.9373,37.8695],[138.9374,37.8695],[138.938,37.8698],[138.9384,37.87],[138.939,37.8703],[138.9395,37.8706],[138.9397,37.8706],[138.9401,37.8708],[138.9403,37.8709],[138.9406,37.8711],[138.941,37.8713],[138.9412,37.8714],[138.9413,37.8714],[138.9416,37.8715],[138.9421,37.8717],[138.9435,37.8723],[138.9436,37.8723],[138.9438,37.8724],[138.9443,37.8726],[138.9445,37.8727],[138.9449,37.8729],[138.9462,37.8709],[138.9466,37.8711],[138.9469,37.8713],[138.9479,37.8711],[138.9487,37.871],[138.9492,37.871],[138.9498,37.871],[138.9497,37.8716],[138.9498,37.8716],[138.9499,37.8715],[138.95,37.8714],[138.9502,37.8714],[138.9506,37.8715],[138.9509,37.8715],[138.9509,37.8712],[138.9509,37.871],[138.9512,37.871],[138.9514,37.8711],[138.9515,37.8712],[138.9515,37.8712],[138.9517,37.8713],[138.9518,37.8714],[138.9519,37.8714],[138.952,37.8715],[138.9517,37.8718],[138.9515,37.872],[138.9511,37.8723],[138.951,37.8724],[138.9509,37.8726],[138.9522,37.8726],[138.9527,37.8726],[138.9532,37.8726],[138.9535,37.8727],[138.954,37.8728],[138.9542,37.8728],[138.9542,37.8729],[138.9546,37.8729],[138.9546,37.8728],[138.9548,37.8728],[138.955,37.8728],[138.9553,37.8728],[138.9554,37.8728],[138.9558,37.8729],[138.9562,37.8729],[138.9564,37.873],[138.9566,37.873],[138.9567,37.8731],[138.9568,37.8732],[138.9567,37.8733],[138.9566,37.8733],[138.9559,37.8735],[138.9558,37.8735],[138.9556,37.8735],[138.9556,37.8744],[138.9555,37.8745],[138.9553,37.8745],[138.9551,37.8745],[138.9549,37.8745],[138.9546,37.8746],[138.9542,37.8746],[138.9536,37.8746],[138.9532,37.8746],[138.9531,37.8746],[138.953,37.8746],[138.9529,37.8747],[138.9527,37.8746],[138.9525,37.8746],[138.9522,37.8747],[138.952,37.8747],[138.9518,37.8746],[138.9514,37.8747],[138.9509,37.8747],[138.9507,37.8747],[138.9507,37.8747],[138.9505,37.8746],[138.9503,37.8746],[138.9502,37.8746],[138.9502,37.875],[138.9502,37.8751],[138.9503,37.8752],[138.95,37.8752],[138.95,37.8752],[138.95,37.8753],[138.95,37.8753],[138.9499,37.8753],[138.9499,37.8753],[138.9498,37.8752],[138.9498,37.8752],[138.9497,37.8751],[138.9496,37.8751],[138.9495,37.8751],[138.9494,37.8751],[138.9494,37.8751],[138.9493,37.875],[138.9492,37.8749],[138.949,37.8747],[138.9488,37.8746],[138.9485,37.8744],[138.9483,37.8746],[138.9483,37.8748],[138.9483,37.8749],[138.9483,37.875],[138.9483,37.8751],[138.9484,37.8752],[138.9484,37.8754],[138.9484,37.8755],[138.9487,37.8756],[138.949,37.8756],[138.949,37.8756],[138.9491,37.8756],[138.9492,37.8756],[138.9493,37.8756],[138.9497,37.8757],[138.95,37.8759],[138.9499,37.876],[138.9498,37.8761],[138.9497,37.8762],[138.9497,37.8763],[138.9498,37.8764],[138.9498,37.8765],[138.9498,37.8767],[138.9497,37.8769],[138.9496,37.8773],[138.9498,37.8774],[138.9502,37.8775],[138.9505,37.8774],[138.9508,37.8774],[138.9512,37.8776],[138.9516,37.8777],[138.9519,37.8778],[138.9523,37.878],[138.9524,37.878],[138.9525,37.8779],[138.9525,37.8779],[138.9527,37.878],[138.953,37.8782],[138.9533,37.8783],[138.9534,37.8784],[138.9536,37.8785],[138.9537,37.8785],[138.9539,37.8785],[138.954,37.8785],[138.9545,37.8785],[138.9548,37.8778],[138.955,37.8774],[138.9551,37.8774],[138.9552,37.8774],[138.9553,37.8774],[138.9553,37.8774],[138.9554,37.8775],[138.9555,37.8775],[138.9556,37.8775],[138.9553,37.8781],[138.9554,37.8781],[138.9551,37.8787],[138.9561,37.8791],[138.9564,37.8792],[138.956,37.8799],[138.9568,37.8802],[138.9563,37.8809],[138.9577,37.8815],[138.9588,37.8819],[138.9579,37.8833],[138.9581,37.8834],[138.9584,37.8835],[138.9587,37.883],[138.9591,37.8832],[138.9591,37.8834],[138.9594,37.8835],[138.9598,37.8831],[138.9599,37.8832],[138.9599,37.8832],[138.9601,37.8833],[138.9604,37.8828],[138.9607,37.883],[138.9603,37.8835],[138.9601,37.8839],[138.9606,37.8841],[138.9604,37.8844],[138.9608,37.8846],[138.9605,37.885],[138.9608,37.8851],[138.9613,37.8854],[138.9622,37.8859],[138.9625,37.886],[138.963,37.8862],[138.9635,37.8856],[138.9647,37.8861],[138.9645,37.8865],[138.9642,37.8869],[138.9643,37.887],[138.9647,37.8871],[138.9649,37.8872],[138.9651,37.8874],[138.9652,37.8874],[138.9653,37.8874],[138.9658,37.8876],[138.9658,37.8876],[138.966,37.8877],[138.9663,37.8879],[138.9671,37.8883],[138.9673,37.8882],[138.9676,37.8878],[138.9679,37.888],[138.9682,37.8882],[138.9682,37.8882],[138.9683,37.8883],[138.9685,37.8884],[138.9685,37.8885],[138.9687,37.8886],[138.9688,37.8886],[138.9691,37.8888],[138.9692,37.8888],[138.9695,37.8889],[138.9699,37.8891],[138.9703,37.8893],[138.9703,37.8893],[138.9705,37.8894],[138.9705,37.8894],[138.971,37.8895],[138.9715,37.8897],[138.9722,37.89],[138.9729,37.8903],[138.9728,37.8903],[138.9728,37.8903],[138.9736,37.8907],[138.9747,37.8912],[138.9754,37.8915],[138.9755,37.8914],[138.9757,37.8911],[138.9757,37.8911],[138.9763,37.8914],[138.9777,37.8921],[138.9779,37.892],[138.9781,37.8918],[138.9787,37.8923],[138.9789,37.8924],[138.979,37.8925],[138.9792,37.8926],[138.979,37.8927],[138.9799,37.8932],[138.9803,37.8934],[138.9806,37.8935],[138.9807,37.8936],[138.9808,37.8937],[138.9809,37.8937],[138.981,37.8938],[138.9811,37.8939],[138.9817,37.8944],[138.9825,37.8945],[138.9827,37.8945],[138.9829,37.8946],[138.9837,37.8949],[138.9844,37.8952],[138.9844,37.8952],[138.9842,37.8955],[138.9841,37.8956],[138.984,37.8958],[138.984,37.8959],[138.9839,37.8963],[138.9841,37.8963],[138.9843,37.8965],[138.9845,37.8963],[138.9846,37.8963],[138.9846,37.8963],[138.9854,37.8963],[138.986,37.8963],[138.9866,37.8963],[138.9871,37.8962],[138.9872,37.8962],[138.9873,37.8962],[138.9873,37.8962],[138.9878,37.8962],[138.9879,37.8962],[138.9879,37.8962],[138.9882,37.8964],[138.9877,37.8966],[138.9888,37.8975],[138.9893,37.8978],[138.9903,37.8976],[138.9904,37.8975],[138.9909,37.8981],[138.9908,37.8981],[138.991,37.8984],[138.9912,37.8985],[138.9919,37.8991],[138.9919,37.8991],[138.992,37.8991],[138.9921,37.8991],[138.9921,37.8991],[138.9924,37.8988],[138.9926,37.8988],[138.9926,37.8989],[138.9922,37.8992],[138.9923,37.8993],[138.9923,37.8993],[138.9926,37.8991],[138.9933,37.8995],[138.9937,37.8998],[138.9939,37.8999],[138.9936,37.9002],[138.9936,37.9002],[138.9936,37.9003],[138.9937,37.9004],[138.9938,37.9005],[138.994,37.9006],[138.9941,37.9007],[138.9941,37.9007],[138.9947,37.901],[138.9948,37.901],[138.9949,37.901],[138.9951,37.9011],[138.9955,37.9014],[138.9958,37.9016],[138.996,37.9017],[138.9964,37.9019],[138.9965,37.9019],[138.9969,37.9021],[138.997,37.9022],[138.9972,37.9023],[138.9974,37.9024],[138.9975,37.9025],[138.9977,37.9026],[138.9975,37.9028],[138.9978,37.903],[138.998,37.9028],[138.9982,37.9029],[138.9983,37.9029],[138.9985,37.9031],[138.9987,37.9032],[138.9986,37.9032],[138.9987,37.9033],[138.9989,37.9033],[138.999,37.9033],[138.9991,37.9034],[138.9991,37.9034],[138.9992,37.9034],[138.9992,37.9035],[138.9994,37.9036],[138.9997,37.9037],[138.9999,37.9039],[138.9999,37.9039],[139.0001,37.904],[139.0001,37.904],[139.0003,37.9041],[139.0004,37.9041],[139.0004,37.9042],[139.0004,37.9042],[139.0005,37.9042],[139.0006,37.9043],[139.0006,37.9043],[139.0006,37.9043],[139.0007,37.9043],[139.0007,37.9044],[139.0008,37.9044],[139.0009,37.9044],[139.001,37.9045],[139.001,37.9045],[139.0011,37.9046],[139.0012,37.9046],[139.0012,37.9046],[139.0013,37.9047],[139.0014,37.9047],[139.0014,37.9048],[139.0015,37.9048],[139.0015,37.9048],[139.0016,37.9049],[139.0016,37.9049],[139.0017,37.905],[139.0017,37.905],[139.0017,37.905],[139.0018,37.905],[139.0018,37.905],[139.0024,37.9054],[139.002,37.9058],[139.0022,37.906],[139.0024,37.9061],[139.0026,37.9063],[139.0022,37.9067],[139.0013,37.9075],[139.0012,37.9077],[139.0013,37.9077],[139.0018,37.908],[139.0018,37.908],[139.002,37.9081],[139.0021,37.908],[139.0021,37.9079],[139.0023,37.9077],[139.0024,37.9075]]]},"properties":{"name":"新潟市西区","pop":1}},{"type":"Feature","geometry":{"type":"Polygon","coordinates":[[[138.8826,37.7705],[138.8827,37.7703],[138.8827,37.77],[138.8827,37.7699],[138.8827,37.7698],[138.8826,37.7697],[138.8826,37.7695],[138.8826,37.7694],[138.8831,37.7693],[138.8835,37.7693],[138.884,37.7692],[138.8847,37.7693],[138.8855,37.7692],[138.8863,37.7692],[138.8878,37.7691],[138.8884,37.7691],[138.8886,37.769],[138.8889,37.7691],[138.8892,37.769],[138.8897,37.7689],[138.8897,37.7688],[138.8895,37.7684],[138.8893,37.7681],[138.8883,37.7667],[138.8883,37.7667],[138.8886,37.7666],[138.8886,37.7665],[138.8888,37.7664],[138.8887,37.7662],[138.8894,37.766],[138.8895,37.7658],[138.8897,37.7658],[138.8901,37.7663],[138.8904,37.7668],[138.893,37.7661],[138.8936,37.7658],[138.8934,37.7654],[138.8932,37.7649],[138.8931,37.7649],[138.8926,37.7651],[138.8921,37.7638],[138.8949,37.7637],[138.8947,37.7635],[138.8943,37.7626],[138.8939,37.7616],[138.8931,37.7596],[138.8946,37.7595],[138.8945,37.7585],[138.8927,37.7585],[138.8922,37.7575],[138.8921,37.757],[138.892,37.7568],[138.8919,37.7565],[138.8945,37.7564],[138.8944,37.7554],[138.8979,37.7553],[138.8978,37.7547],[138.8978,37.7542],[138.8978,37.7535],[138.8992,37.7536],[138.8995,37.7517],[138.8983,37.7516],[138.8966,37.7515],[138.896,37.7514],[138.8957,37.7514],[138.895,37.7513],[138.8929,37.7511],[138.8919,37.751],[138.8918,37.752],[138.8917,37.7524],[138.8917,37.7524],[138.8901,37.7523],[138.8901,37.752],[138.889,37.7519],[138.8889,37.7519],[138.8889,37.7519],[138.8889,37.7518],[138.8888,37.7518],[138.8888,37.7518],[138.8887,37.7519],[138.8885,37.752],[138.8883,37.7522],[138.8882,37.7523],[138.888,37.7524],[138.8879,37.752],[138.8878,37.7515],[138.8877,37.7508],[138.8874,37.7508],[138.8874,37.7502],[138.8872,37.7494],[138.8872,37.7492],[138.8871,37.749],[138.8865,37.7476],[138.886,37.7465],[138.8857,37.7465],[138.8855,37.7464],[138.8854,37.7464],[138.8853,37.7464],[138.885,37.7465],[138.8853,37.7469],[138.884,37.7475],[138.8843,37.748],[138.8819,37.7488],[138.8823,37.7496],[138.8825,37.7499],[138.8817,37.7524],[138.8825,37.7526],[138.8826,37.7528],[138.8829,37.7529],[138.8828,37.7532],[138.8825,37.7531],[138.8824,37.7537],[138.8826,37.7537],[138.8836,37.7539],[138.8837,37.7539],[138.8844,37.7535],[138.8841,37.7529],[138.8848,37.7527],[138.885,37.7526],[138.8851,37.7526],[138.8852,37.7526],[138.8845,37.7537],[138.8844,37.7539],[138.8842,37.7541],[138.8841,37.7543],[138.884,37.7544],[138.8838,37.7547],[138.8837,37.7549],[138.8837,37.755],[138.8835,37.7555],[138.8834,37.7558],[138.8821,37.7556],[138.8813,37.7578],[138.8799,37.7575],[138.8797,37.7577],[138.8793,37.7579],[138.8788,37.7582],[138.8784,37.7585],[138.8782,37.7586],[138.8779,37.7586],[138.8777,37.7594],[138.8774,37.7596],[138.8771,37.7597],[138.8768,37.7597],[138.8764,37.7598],[138.8761,37.7598],[138.8758,37.7598],[138.8755,37.7597],[138.8751,37.7595],[138.8749,37.7594],[138.8748,37.7592],[138.8746,37.759],[138.8745,37.7589],[138.8744,37.7588],[138.8742,37.7587],[138.8741,37.7589],[138.8743,37.759],[138.8745,37.7592],[138.875,37.7596],[138.8752,37.7599],[138.8753,37.76],[138.8755,37.76],[138.8757,37.7601],[138.8762,37.7601],[138.8765,37.7602],[138.8766,37.7603],[138.8768,37.7603],[138.8769,37.7605],[138.8772,37.7606],[138.8774,37.7608],[138.8775,37.7608],[138.8776,37.7609],[138.8776,37.7609],[138.8777,37.7611],[138.8778,37.7613],[138.8778,37.7615],[138.8778,37.7618],[138.8779,37.7626],[138.8779,37.7627],[138.8778,37.7629],[138.8779,37.7633],[138.8781,37.7637],[138.8781,37.7638],[138.8782,37.7639],[138.8782,37.764],[138.8782,37.7641],[138.8783,37.7642],[138.8784,37.7644],[138.8784,37.7644],[138.8784,37.7646],[138.8785,37.7649],[138.8789,37.7655],[138.8789,37.7656],[138.8789,37.7658],[138.879,37.7661],[138.8791,37.7663],[138.8792,37.7666],[138.8793,37.7668],[138.8795,37.767],[138.8797,37.7672],[138.8798,37.7674],[138.8798,37.7676],[138.8798,37.7679],[138.88,37.7683],[138.8801,37.7685],[138.8801,37.7686],[138.8804,37.7689],[138.8807,37.7694],[138.881,37.7698],[138.8814,37.7702],[138.8818,37.77],[138.882,37.7705],[138.8822,37.7704],[138.8825,37.7709],[138.8825,37.7707],[138.8826,37.7705]]]},"properties":{"name":"新潟市西蒲区","pop":1}},{"type":"Feature","geometry":{"type":"Polygon","coordinates":[[[138.9177,37.8024],[138.9176,37.8013],[138.9175,37.8002],[138.9174,37.7999],[138.9174,37.7997],[138.9187,37.7997],[138.9187,37.7993],[138.9187,37.7989],[138.9188,37.799],[138.919,37.7991],[138.9193,37.7994],[138.9199,37.7998],[138.9203,37.8],[138.9205,37.8001],[138.9207,37.8003],[138.921,37.8005],[138.9212,37.8008],[138.9214,37.8011],[138.9222,37.802],[138.9227,37.8026],[138.9228,37.8019],[138.9229,37.8003],[138.9222,37.8002],[138.9217,37.8002],[138.9208,37.8002],[138.9207,37.7999],[138.9205,37.7997],[138.9206,37.7991],[138.9193,37.799],[138.919,37.7988],[138.9191,37.7983],[138.9185,37.7985],[138.9183,37.7983],[138.9182,37.7982],[138.9182,37.7981],[138.9182,37.798],[138.9182,37.7979],[138.9181,37.7976],[138.9181,37.7975],[138.9178,37.7975],[138.9177,37.7975],[138.9176,37.7974],[138.9176,37.7973],[138.9176,37.7972],[138.9177,37.7972],[138.9178,37.7972],[138.9178,37.7971],[138.9178,37.797],[138.9178,37.7969],[138.9178,37.7968],[138.9179,37.7967],[138.9179,37.7966],[138.9181,37.7967],[138.9182,37.7968],[138.9183,37.7969],[138.9184,37.7969],[138.9186,37.7969],[138.9188,37.7969],[138.9191,37.797],[138.9192,37.797],[138.9194,37.797],[138.9195,37.797],[138.9197,37.7971],[138.9198,37.7971],[138.92,37.7972],[138.9202,37.7972],[138.9204,37.7972],[138.9208,37.7971],[138.9212,37.7971],[138.9215,37.797],[138.9225,37.797],[138.9231,37.7971],[138.9232,37.796],[138.9217,37.7959],[138.9203,37.7958],[138.9198,37.7957],[138.9199,37.7948],[138.9193,37.7947],[138.9192,37.7952],[138.919,37.7951],[138.9187,37.7951],[138.9184,37.7951],[138.9184,37.795],[138.9183,37.7949],[138.9183,37.7947],[138.9182,37.7945],[138.9181,37.7943],[138.9181,37.7941],[138.918,37.7939],[138.9179,37.7936],[138.9177,37.7931],[138.9175,37.7926],[138.9177,37.7926],[138.9179,37.7925],[138.918,37.7925],[138.9181,37.7923],[138.919,37.7923],[138.9189,37.792],[138.9201,37.7921],[138.9213,37.7922],[138.9213,37.7916],[138.9202,37.7916],[138.9202,37.791],[138.9203,37.7909],[138.9194,37.7909],[138.9194,37.7904],[138.9188,37.7904],[138.9183,37.7904],[138.9179,37.7904],[138.9175,37.7903],[138.9173,37.7903],[138.9169,37.7901],[138.9168,37.79],[138.9167,37.7898],[138.9165,37.7898],[138.9165,37.7896],[138.9162,37.7896],[138.916,37.7896],[138.916,37.7895],[138.916,37.7895],[138.916,37.7893],[138.9162,37.7893],[138.9164,37.7893],[138.917,37.7892],[138.9175,37.7893],[138.9177,37.7893],[138.918,37.7893],[138.9181,37.7893],[138.9185,37.7894],[138.9189,37.7894],[138.9189,37.7893],[138.9189,37.7891],[138.919,37.7889],[138.919,37.7887],[138.9191,37.7886],[138.9177,37.7885],[138.9178,37.7879],[138.9187,37.788],[138.9194,37.7881],[138.9203,37.7881],[138.9214,37.7882],[138.9225,37.7881],[138.923,37.788],[138.9226,37.7873],[138.9223,37.787],[138.9222,37.7869],[138.9217,37.7865],[138.9213,37.7861],[138.9199,37.7852],[138.9195,37.7852],[138.918,37.7855],[138.918,37.7857],[138.9181,37.7859],[138.9182,37.786],[138.9182,37.7861],[138.9182,37.7862],[138.9183,37.7865],[138.9183,37.7867],[138.9183,37.7868],[138.9184,37.7871],[138.9168,37.7873],[138.917,37.7878],[138.9168,37.7878],[138.9168,37.7879],[138.9168,37.788],[138.9168,37.7881],[138.9162,37.7881],[138.9155,37.7881],[138.9154,37.788],[138.9149,37.7877],[138.9147,37.7875],[138.9146,37.7874],[138.9145,37.7873],[138.9142,37.7874],[138.9142,37.7874],[138.914,37.7873],[138.9139,37.7872],[138.914,37.787],[138.9139,37.7868],[138.9138,37.7866],[138.9137,37.7864],[138.9135,37.7859],[138.9133,37.7856],[138.9132,37.7851],[138.9131,37.7849],[138.913,37.7847],[138.9129,37.7847],[138.9127,37.7846],[138.9124,37.7846],[138.912,37.7846],[138.9116,37.7845],[138.9114,37.7845],[138.9111,37.7844],[138.9107,37.7844],[138.9105,37.7843],[138.9099,37.7847],[138.9096,37.785],[138.9094,37.7851],[138.9094,37.7852],[138.9091,37.7852],[138.909,37.7853],[138.9087,37.7853],[138.9083,37.7854],[138.908,37.7854],[138.9077,37.7854],[138.9075,37.7854],[138.9071,37.7853],[138.9065,37.7852],[138.9071,37.7879],[138.9078,37.7878],[138.9087,37.7877],[138.9095,37.7869],[138.9096,37.787],[138.9098,37.7873],[138.9105,37.7882],[138.9102,37.7883],[138.91,37.7884],[138.9098,37.7884],[138.9095,37.7886],[138.9092,37.7887],[138.909,37.7888],[138.9088,37.7889],[138.9087,37.789],[138.9086,37.7892],[138.9085,37.7893],[138.9085,37.7894],[138.9084,37.7895],[138.9084,37.7898],[138.9083,37.7899],[138.9082,37.7902],[138.9082,37.7904],[138.9081,37.7905],[138.908,37.7907],[138.9079,37.7909],[138.9078,37.791],[138.9077,37.7911],[138.9076,37.7912],[138.9073,37.7914],[138.9066,37.7913],[138.9063,37.7914],[138.906,37.7915],[138.9057,37.7916],[138.905,37.7917],[138.9046,37.7918],[138.9043,37.7918],[138.904,37.7919],[138.904,37.7922],[138.904,37.7926],[138.9039,37.7929],[138.904,37.7929],[138.9043,37.7931],[138.9047,37.7935],[138.9048,37.7936],[138.905,37.7935],[138.905,37.7934],[138.905,37.7933],[138.905,37.7931],[138.9061,37.7931],[138.9071,37.7928],[138.9077,37.7926],[138.9082,37.7927],[138.9095,37.7928],[138.9094,37.7934],[138.9094,37.7937],[138.9107,37.7938],[138.9105,37.7945],[138.9104,37.7954],[138.9104,37.7959],[138.9107,37.7959],[138.9105,37.7969],[138.9111,37.797],[138.9115,37.797],[138.9117,37.796],[138.9124,37.7961],[138.9137,37.7962],[138.9135,37.7972],[138.9149,37.7974],[138.915,37.7971],[138.9152,37.7964],[138.9156,37.7964],[138.9161,37.7964],[138.916,37.7967],[138.9159,37.7973],[138.9158,37.7976],[138.9156,37.7981],[138.9154,37.7985],[138.9154,37.7989],[138.9152,37.7991],[138.9152,37.7992],[138.9151,37.7993],[138.9149,37.7996],[138.9147,37.8],[138.9146,37.8002],[138.9145,37.8003],[138.9145,37.8005],[138.9145,37.8008],[138.9145,37.8011],[138.9145,37.8014],[138.9145,37.8018],[138.9145,37.8018],[138.9151,37.8017],[138.9152,37.802],[138.916,37.8021],[138.9159,37.8024],[138.9159,37.8026],[138.9159,37.8027],[138.916,37.803],[138.916,37.8032],[138.916,37.8035],[138.9165,37.8035],[138.9169,37.8035],[138.9178,37.8034],[138.9177,37.8024]]]},"properties":{"name":"新潟市西蒲区","pop":2}},{"type":"Feature","geometry":{"type":"Polygon","coordinates":[[[138.8626,37.4921],[138.8632,37.4915],[138.8634,37.4912],[138.8635,37.4909],[138.8635,37.4905],[138.8635,37.4902],[138.8635,37.4901],[138.8635,37.49],[138.8636,37.4898],[138.8637,37.4896],[138.8637,37.4893],[138.8637,37.489],[138.8638,37.4887],[138.8641,37.4881],[138.8644,37.4874],[138.8645,37.4869],[138.8647,37.486],[138.8647,37.4857],[138.8646,37.4854],[138.8643,37.4849],[138.8641,37.4843],[138.8639,37.4833],[138.8637,37.4827],[138.8636,37.4824],[138.8635,37.4823],[138.8635,37.4822],[138.8635,37.4821],[138.8635,37.4819],[138.8636,37.4816],[138.8637,37.4812],[138.8639,37.4808],[138.8639,37.4808],[138.8639,37.4805],[138.8639,37.4804],[138.8639,37.4801],[138.864,37.4797],[138.864,37.4794],[138.8639,37.4789],[138.8638,37.4787],[138.8637,37.4785],[138.8637,37.4784],[138.8638,37.4783],[138.8638,37.4781],[138.8639,37.4781],[138.8642,37.4783],[138.8654,37.479],[138.8662,37.4794],[138.8665,37.4795],[138.8668,37.4797],[138.867,37.4797],[138.8668,37.4792],[138.8666,37.4786],[138.8664,37.478],[138.8663,37.4777],[138.8663,37.4777],[138.866,37.477],[138.8658,37.4764],[138.8658,37.4763],[138.8657,37.4762],[138.8654,37.4754],[138.8652,37.4749],[138.8635,37.4746],[138.8631,37.4746],[138.8631,37.4743],[138.8632,37.4738],[138.8629,37.4734],[138.8632,37.4731],[138.8637,37.4726],[138.8639,37.4722],[138.864,37.4722],[138.864,37.4721],[138.8641,37.4719],[138.8641,37.4717],[138.8641,37.4714],[138.8641,37.471],[138.864,37.4707],[138.8639,37.4704],[138.8639,37.4702],[138.8639,37.4699],[138.8638,37.4698],[138.8638,37.4695],[138.8637,37.4694],[138.8637,37.4691],[138.8636,37.469],[138.8646,37.469],[138.8646,37.469],[138.8646,37.4689],[138.8679,37.469],[138.8679,37.469],[138.8696,37.469],[138.8704,37.469],[138.8699,37.4673],[138.8703,37.4673],[138.8708,37.4673],[138.8715,37.4673],[138.8715,37.4672],[138.8713,37.467],[138.8718,37.467],[138.8723,37.4669],[138.8722,37.4668],[138.8722,37.4667],[138.8722,37.4666],[138.8722,37.4665],[138.8722,37.4665],[138.8722,37.4664],[138.8722,37.4664],[138.8722,37.4663],[138.8722,37.4663],[138.8721,37.4661],[138.8718,37.4656],[138.872,37.4655],[138.8722,37.4654],[138.8722,37.4654],[138.8723,37.4653],[138.8724,37.4653],[138.8724,37.4652],[138.8723,37.4651],[138.8723,37.465],[138.8722,37.4649],[138.8722,37.4647],[138.8722,37.4646],[138.8722,37.4644],[138.8723,37.4642],[138.872,37.4642],[138.872,37.464],[138.8721,37.4639],[138.8722,37.4637],[138.8723,37.4636],[138.8727,37.4636],[138.8728,37.4636],[138.8729,37.4644],[138.873,37.4647],[138.8731,37.4649],[138.8733,37.4652],[138.8734,37.4654],[138.8736,37.4658],[138.8743,37.4653],[138.8747,37.465],[138.8755,37.4644],[138.8765,37.4637],[138.8764,37.4636],[138.876,37.4636],[138.8755,37.4636],[138.8751,37.4636],[138.8751,37.4633],[138.8753,37.4625],[138.8754,37.4618],[138.8755,37.4617],[138.8755,37.4613],[138.8756,37.461],[138.8757,37.4606],[138.8753,37.4604],[138.8751,37.4604],[138.8747,37.4604],[138.8747,37.4603],[138.8747,37.4598],[138.8747,37.4596],[138.8747,37.4593],[138.8747,37.4592],[138.8747,37.4591],[138.8746,37.4591],[138.8741,37.4592],[138.874,37.4588],[138.8739,37.4585],[138.8738,37.4582],[138.8737,37.458],[138.8731,37.4581],[138.8729,37.4574],[138.8722,37.4575],[138.8719,37.4575],[138.8714,37.4576],[138.871,37.4576],[138.87,37.4576],[138.8692,37.4575],[138.8686,37.4574],[138.8681,37.4574],[138.8681,37.4571],[138.8695,37.4568],[138.8705,37.4566],[138.8718,37.4563],[138.872,37.4568],[138.8731,37.4565],[138.8739,37.4564],[138.8737,37.4559],[138.8747,37.4555],[138.8745,37.4553],[138.8744,37.455],[138.8741,37.4546],[138.8739,37.4544],[138.8738,37.4543],[138.8737,37.4542],[138.8736,37.4541],[138.8735,37.454],[138.8733,37.4536],[138.8731,37.4537],[138.8732,37.4535],[138.8734,37.4533],[138.8736,37.4531],[138.8738,37.4529],[138.8741,37.4526],[138.8743,37.4523],[138.8743,37.4523],[138.8731,37.4515],[138.8726,37.4512],[138.8723,37.451],[138.8731,37.4502],[138.8728,37.45],[138.874,37.4488],[138.8726,37.4479],[138.8722,37.4483],[138.8722,37.4483],[138.8706,37.4499],[138.8702,37.4497],[138.8692,37.4491],[138.8684,37.4485],[138.8679,37.4482],[138.8681,37.448],[138.8683,37.4478],[138.8687,37.4474],[138.8688,37.4474],[138.8687,37.4471],[138.8683,37.4471],[138.8674,37.4465],[138.8674,37.4465],[138.8677,37.4461],[138.8677,37.4461],[138.8676,37.4456],[138.8671,37.4457],[138.867,37.4453],[138.8671,37.4453],[138.8675,37.4452],[138.8679,37.4451],[138.8683,37.4449],[138.8682,37.4444],[138.8681,37.4437],[138.8681,37.4437],[138.868,37.4436],[138.868,37.4436],[138.868,37.4434],[138.8679,37.4433],[138.8678,37.4432],[138.8678,37.4432],[138.8677,37.4431],[138.8676,37.443],[138.8675,37.4429],[138.8675,37.4428],[138.8674,37.4427],[138.8673,37.4425],[138.8675,37.4424],[138.8675,37.4424],[138.8681,37.4422],[138.8682,37.4428],[138.8685,37.4433],[138.8686,37.4437],[138.8688,37.4441],[138.8689,37.4442],[138.8689,37.4442],[138.8692,37.4441],[138.8695,37.4445],[138.8711,37.444],[138.8712,37.4442],[138.8712,37.4442],[138.8712,37.4442],[138.8714,37.444],[138.8714,37.4439],[138.8726,37.4428],[138.8736,37.4435],[138.8742,37.4438],[138.8744,37.444],[138.8748,37.444],[138.8763,37.4442],[138.8764,37.4442],[138.8774,37.4431],[138.8775,37.4431],[138.8778,37.4431],[138.878,37.4431],[138.8781,37.4431],[138.8783,37.443],[138.8785,37.443],[138.8788,37.443],[138.879,37.4429],[138.8791,37.4432],[138.8791,37.4438],[138.8798,37.4437],[138.88,37.443],[138.8802,37.4422],[138.8809,37.4422],[138.8812,37.4422],[138.8814,37.4422],[138.8816,37.4421],[138.8815,37.4418],[138.8814,37.4418],[138.8814,37.4418],[138.8812,37.4418],[138.8813,37.4413],[138.8813,37.4413],[138.8813,37.4413],[138.8813,37.4413],[138.8814,37.4412],[138.8814,37.4412],[138.8814,37.4412],[138.8815,37.4411],[138.8816,37.441],[138.8817,37.4408],[138.8819,37.4407],[138.882,37.4405],[138.8823,37.4404],[138.8824,37.4403],[138.8826,37.4403],[138.883,37.4407],[138.8832,37.4406],[138.8833,37.4406],[138.8835,37.4406],[138.8835,37.4406],[138.8836,37.4405],[138.8836,37.4404],[138.8838,37.4403],[138.8839,37.4402],[138.884,37.4402],[138.8841,37.4401],[138.8841,37.4401],[138.8841,37.44],[138.884,37.4398],[138.884,37.4397],[138.884,37.4396],[138.8841,37.4395],[138.8843,37.4394],[138.8844,37.4393],[138.8844,37.4392],[138.8845,37.4392],[138.8847,37.4392],[138.8847,37.4391],[138.8847,37.4391],[138.8847,37.439],[138.8844,37.4389],[138.8844,37.4389],[138.8845,37.4388],[138.8845,37.4387],[138.8845,37.4386],[138.8846,37.4385],[138.8847,37.4384],[138.8847,37.4384],[138.8847,37.4383],[138.8847,37.4381],[138.8847,37.4381],[138.8848,37.438],[138.8849,37.438],[138.885,37.4379],[138.885,37.4377],[138.885,37.4375],[138.8851,37.4375],[138.8852,37.4374],[138.8853,37.4373],[138.8855,37.4373],[138.8857,37.4373],[138.8858,37.4374],[138.886,37.4374],[138.8861,37.4375],[138.8862,37.4375],[138.8863,37.4374],[138.8864,37.4373],[138.8865,37.4371],[138.8866,37.4369],[138.8867,37.4368],[138.8867,37.4368],[138.8867,37.4368],[138.8866,37.4367],[138.8866,37.4366],[138.8865,37.4365],[138.8865,37.4364],[138.8863,37.4364],[138.8861,37.4363],[138.886,37.4362],[138.8859,37.4361],[138.8858,37.4359],[138.8856,37.4357],[138.8859,37.4357],[138.8861,37.4356],[138.8857,37.4352],[138.8854,37.4353],[138.8853,37.4352],[138.8853,37.4353],[138.8853,37.435],[138.8853,37.435],[138.8853,37.4349],[138.8854,37.4349],[138.8852,37.4346],[138.8852,37.4344],[138.8854,37.434],[138.8857,37.434],[138.8857,37.4338],[138.8862,37.4338],[138.8861,37.4339],[138.8861,37.434],[138.8859,37.4342],[138.8857,37.4344],[138.8857,37.4345],[138.8857,37.4346],[138.8858,37.4347],[138.8861,37.4348],[138.8864,37.4351],[138.8867,37.4354],[138.8876,37.4352],[138.8879,37.435],[138.8884,37.4346],[138.8888,37.4344],[138.8897,37.4338],[138.8899,37.4337],[138.89,37.4335],[138.8904,37.4337],[138.891,37.4331],[138.8907,37.4329],[138.8909,37.4327],[138.8909,37.4327],[138.8908,37.4327],[138.8907,37.4327],[138.8904,37.4327],[138.8903,37.4327],[138.8903,37.4327],[138.8901,37.4326],[138.8902,37.4325],[138.8903,37.4323],[138.8904,37.4322],[138.8905,37.432],[138.8907,37.4318],[138.8907,37.4317],[138.8907,37.4316],[138.8907,37.4314],[138.8906,37.431],[138.8903,37.431],[138.8902,37.431],[138.89,37.4309],[138.8897,37.4309],[138.8896,37.4309],[138.8895,37.431],[138.8894,37.431],[138.8891,37.4311],[138.889,37.4311],[138.8889,37.4311],[138.8888,37.4312],[138.8887,37.4313],[138.888,37.4319],[138.8879,37.432],[138.8881,37.4322],[138.8882,37.4322],[138.8882,37.4323],[138.888,37.4324],[138.8879,37.4324],[138.8876,37.4325],[138.8875,37.4325],[138.8874,37.4325],[138.8873,37.4326],[138.8871,37.4328],[138.887,37.4331],[138.8868,37.4331],[138.8868,37.4329],[138.8866,37.4332],[138.8862,37.4333],[138.886,37.4334],[138.8858,37.4335],[138.8855,37.4334],[138.8853,37.4334],[138.8851,37.4334],[138.8849,37.4334],[138.8847,37.4335],[138.8844,37.4337],[138.884,37.4338],[138.884,37.434],[138.884,37.4341],[138.884,37.4342],[138.8837,37.4354],[138.8817,37.4348],[138.8813,37.4346],[138.881,37.4345],[138.8808,37.4344],[138.8806,37.4344],[138.8804,37.4345],[138.8799,37.4346],[138.8793,37.4348],[138.8792,37.4348],[138.879,37.4349],[138.8784,37.4347],[138.878,37.4347],[138.8778,37.4347],[138.8776,37.4347],[138.8775,37.4347],[138.8774,37.4347],[138.8773,37.4347],[138.8773,37.4347],[138.8774,37.4346],[138.8753,37.4345],[138.8753,37.4345],[138.8753,37.4345],[138.8752,37.4346],[138.8752,37.4347],[138.8751,37.4347],[138.8746,37.4355],[138.8732,37.4349],[138.8728,37.4349],[138.8726,37.4349],[138.8725,37.4348],[138.8726,37.4344],[138.8713,37.4343],[138.8713,37.4343],[138.8713,37.4342],[138.8717,37.4339],[138.871,37.4333],[138.8711,37.4332],[138.8708,37.4329],[138.8706,37.433],[138.8704,37.4332],[138.8698,37.4335],[138.8693,37.4338],[138.8688,37.434],[138.8688,37.434],[138.8687,37.4339],[138.8689,37.4338],[138.869,37.4337],[138.8691,37.4337],[138.8691,37.4336],[138.8692,37.4336],[138.8693,37.4334],[138.8695,37.4333],[138.8695,37.4332],[138.8697,37.433],[138.8697,37.4329],[138.8698,37.4328],[138.8699,37.4327],[138.87,37.4325],[138.87,37.4323],[138.8702,37.4323],[138.8703,37.4319],[138.8697,37.4322],[138.8689,37.4321],[138.8687,37.4321],[138.8686,37.4321],[138.8686,37.432],[138.8686,37.432],[138.869,37.4308],[138.8689,37.4308],[138.8688,37.4309],[138.8687,37.4309],[138.8686,37.4309],[138.8684,37.431],[138.8684,37.431],[138.8682,37.431],[138.8678,37.4312],[138.8678,37.4312],[138.8677,37.4313],[138.8676,37.4313],[138.8674,37.4314],[138.867,37.4315],[138.8663,37.4316],[138.8661,37.4317],[138.8659,37.4317],[138.8658,37.4317],[138.8655,37.4318],[138.8653,37.4319],[138.8648,37.4319],[138.8643,37.432],[138.8638,37.432],[138.8635,37.4321],[138.8626,37.4325],[138.8622,37.4327],[138.8621,37.4328],[138.862,37.4326],[138.8612,37.4311],[138.8605,37.4299],[138.8603,37.4296],[138.8594,37.4281],[138.8594,37.4281],[138.8593,37.428],[138.8592,37.428],[138.8585,37.4281],[138.8584,37.4283],[138.8582,37.4282],[138.8577,37.4279],[138.8576,37.4278],[138.8566,37.4276],[138.8564,37.4276],[138.8564,37.4275],[138.8535,37.4264],[138.853,37.427],[138.8529,37.427],[138.8512,37.4279],[138.8505,37.4271],[138.8503,37.4269],[138.8504,37.4266],[138.8504,37.4261],[138.8504,37.426],[138.8503,37.4252],[138.85,37.4254],[138.8498,37.4251],[138.8485,37.4249],[138.8468,37.4222],[138.847,37.422],[138.8463,37.4219],[138.8453,37.4219],[138.8453,37.4224],[138.8448,37.4223],[138.8447,37.4223],[138.8442,37.4224],[138.8436,37.4224],[138.8423,37.4223],[138.8424,37.4222],[138.8424,37.4221],[138.8425,37.4218],[138.8442,37.4218],[138.8443,37.4215],[138.8454,37.4215],[138.8455,37.4209],[138.8455,37.4206],[138.8462,37.4206],[138.846,37.4202],[138.8461,37.4199],[138.8461,37.4192],[138.8463,37.4182],[138.8464,37.4173],[138.8465,37.4163],[138.846,37.4163],[138.8461,37.4157],[138.8466,37.4155],[138.8469,37.4155],[138.8469,37.4154],[138.8469,37.4145],[138.8467,37.4138],[138.8466,37.413],[138.8466,37.413],[138.8466,37.413],[138.8465,37.4125],[138.8463,37.4117],[138.8459,37.4118],[138.8457,37.4118],[138.8456,37.4116],[138.8453,37.4116],[138.8453,37.4111],[138.8454,37.4109],[138.8454,37.4107],[138.8454,37.4103],[138.8459,37.4103],[138.8456,37.4089],[138.8452,37.4088],[138.8453,37.4087],[138.8454,37.4086],[138.8456,37.4083],[138.8457,37.4081],[138.8459,37.4079],[138.8461,37.4076],[138.8466,37.4069],[138.8467,37.4066],[138.8468,37.4065],[138.8465,37.4064],[138.8464,37.4064],[138.8458,37.4064],[138.8458,37.4065],[138.8457,37.4066],[138.8457,37.4067],[138.8456,37.4069],[138.8454,37.4071],[138.8453,37.4072],[138.8452,37.4072],[138.8446,37.4076],[138.8432,37.4074],[138.8429,37.4073],[138.8417,37.4072],[138.8403,37.407],[138.8392,37.4068],[138.8393,37.4073],[138.8394,37.4079],[138.8394,37.4082],[138.8395,37.4086],[138.8386,37.4086],[138.8386,37.4103],[138.8387,37.4103],[138.8387,37.4104],[138.8398,37.4103],[138.84,37.4113],[138.8406,37.4112],[138.8408,37.4119],[138.8412,37.412],[138.8411,37.4121],[138.8411,37.4122],[138.841,37.4123],[138.841,37.4124],[138.841,37.4125],[138.8409,37.4126],[138.8408,37.4128],[138.8406,37.4129],[138.8406,37.413],[138.8405,37.4131],[138.8404,37.4132],[138.8405,37.4137],[138.8399,37.4141],[138.8394,37.4144],[138.8393,37.4145],[138.8392,37.4147],[138.8391,37.4149],[138.8391,37.4151],[138.8389,37.4152],[138.8387,37.4152],[138.8385,37.4153],[138.8384,37.4153],[138.8383,37.4152],[138.838,37.4152],[138.8378,37.4154],[138.8377,37.4155],[138.8377,37.4155],[138.8377,37.4156],[138.8378,37.4157],[138.8377,37.4158],[138.8376,37.4161],[138.8367,37.4159],[138.8365,37.4162],[138.8361,37.4167],[138.8359,37.4169],[138.8358,37.417],[138.8358,37.4171],[138.8357,37.4173],[138.8355,37.4176],[138.8354,37.418],[138.8353,37.4184],[138.8351,37.4187],[138.835,37.4191],[138.8348,37.4197],[138.8348,37.4201],[138.8353,37.4207],[138.8357,37.4213],[138.8359,37.4216],[138.836,37.4217],[138.8361,37.4216],[138.838,37.4238],[138.8382,37.424],[138.8382,37.4241],[138.8384,37.4243],[138.8386,37.4246],[138.8388,37.4248],[138.8395,37.4255],[138.8395,37.4256],[138.8399,37.4261],[138.8405,37.4267],[138.841,37.4273],[138.841,37.4274],[138.8408,37.4281],[138.8411,37.4281],[138.8409,37.4288],[138.8412,37.429],[138.8412,37.429],[138.8415,37.4292],[138.8416,37.4294],[138.8417,37.4295],[138.8418,37.4296],[138.8419,37.4298],[138.8421,37.4299],[138.8421,37.4301],[138.8422,37.4303],[138.8423,37.4305],[138.8425,37.4309],[138.8427,37.4313],[138.8428,37.4314],[138.8433,37.4318],[138.8437,37.4322],[138.8441,37.4325],[138.8442,37.4326],[138.8442,37.4327],[138.8444,37.4328],[138.8441,37.4331],[138.8441,37.4332],[138.8438,37.4329],[138.8435,37.4329],[138.8433,37.4329],[138.8429,37.4329],[138.8428,37.4327],[138.8427,37.4326],[138.8426,37.4325],[138.842,37.4326],[138.8418,37.4326],[138.8418,37.4328],[138.8417,37.4328],[138.8413,37.4328],[138.8409,37.4329],[138.8402,37.4328],[138.8402,37.4328],[138.8402,37.4326],[138.8401,37.4323],[138.8398,37.4315],[138.8397,37.4312],[138.8397,37.431],[138.8393,37.43],[138.8393,37.43],[138.839,37.4289],[138.8396,37.4288],[138.8393,37.428],[138.8387,37.4279],[138.8386,37.4278],[138.8381,37.4277],[138.8377,37.4276],[138.8375,37.4275],[138.8369,37.4269],[138.8358,37.4271],[138.8332,37.4278],[138.8332,37.4281],[138.8332,37.4285],[138.8333,37.4287],[138.8333,37.4289],[138.8333,37.4291],[138.8334,37.4293],[138.8335,37.4295],[138.8336,37.4298],[138.8337,37.4301],[138.8338,37.4303],[138.834,37.4307],[138.8348,37.4305],[138.8348,37.4304],[138.835,37.4303],[138.8352,37.4304],[138.8354,37.4306],[138.8355,37.4306],[138.8357,37.4307],[138.8359,37.4313],[138.836,37.4314],[138.8361,37.4315],[138.8362,37.4316],[138.8365,37.4317],[138.8368,37.4316],[138.8369,37.4316],[138.8372,37.4315],[138.8373,37.4318],[138.8372,37.4319],[138.837,37.432],[138.8371,37.4321],[138.8373,37.4322],[138.8366,37.4324],[138.8363,37.4324],[138.8366,37.4326],[138.8367,37.4326],[138.8368,37.4327],[138.8369,37.4328],[138.837,37.4329],[138.8371,37.433],[138.8371,37.4332],[138.8372,37.4339],[138.8373,37.4346],[138.8376,37.437],[138.8377,37.4376],[138.8378,37.4381],[138.8379,37.4387],[138.8379,37.4392],[138.8379,37.4393],[138.838,37.4394],[138.838,37.4398],[138.8384,37.4397],[138.8384,37.4398],[138.838,37.4399],[138.8381,37.4401],[138.8381,37.4404],[138.8381,37.4407],[138.8381,37.4407],[138.838,37.4408],[138.8379,37.4408],[138.8378,37.4409],[138.8377,37.4409],[138.8376,37.4412],[138.8373,37.4417],[138.8372,37.4419],[138.8372,37.442],[138.8372,37.4421],[138.8372,37.4422],[138.8372,37.4423],[138.8374,37.4423],[138.8375,37.4423],[138.8376,37.4423],[138.8378,37.4423],[138.8379,37.4426],[138.8382,37.4426],[138.8383,37.4437],[138.838,37.4437],[138.8381,37.4439],[138.8382,37.4443],[138.8382,37.4446],[138.8383,37.4451],[138.8384,37.4456],[138.8384,37.4458],[138.8384,37.4459],[138.8384,37.4461],[138.8383,37.4463],[138.8382,37.4465],[138.838,37.4468],[138.8379,37.447],[138.8376,37.4475],[138.8375,37.4477],[138.8374,37.4478],[138.8371,37.4481],[138.837,37.4484],[138.8382,37.4487],[138.8382,37.449],[138.8381,37.4493],[138.8373,37.4493],[138.8372,37.4495],[138.8372,37.4495],[138.8366,37.4495],[138.8365,37.4495],[138.8365,37.4495],[138.8364,37.4499],[138.8364,37.45],[138.8365,37.4504],[138.8366,37.4508],[138.8369,37.4513],[138.8372,37.4518],[138.8373,37.4521],[138.8375,37.4525],[138.8375,37.4525],[138.8377,37.453],[138.8379,37.4533],[138.838,37.4534],[138.8381,37.4536],[138.8382,37.4536],[138.8383,37.4537],[138.8387,37.454],[138.8393,37.4544],[138.8394,37.4544],[138.84,37.4544],[138.84,37.4542],[138.84,37.4542],[138.8404,37.4542],[138.8404,37.455],[138.8404,37.4551],[138.841,37.4555],[138.8409,37.4556],[138.8413,37.4559],[138.8414,37.456],[138.8416,37.4561],[138.8417,37.4562],[138.8418,37.4564],[138.8419,37.4566],[138.8422,37.4571],[138.8423,37.4573],[138.8427,37.4578],[138.8428,37.4581],[138.843,37.4583],[138.8431,37.4584],[138.8433,37.4586],[138.8435,37.4589],[138.8438,37.4594],[138.8442,37.4599],[138.8445,37.4603],[138.8448,37.4607],[138.8451,37.461],[138.8452,37.4613],[138.8455,37.4621],[138.8456,37.4622],[138.8458,37.4629],[138.8461,37.4633],[138.8463,37.4635],[138.8464,37.4638],[138.8467,37.464],[138.847,37.4643],[138.8473,37.4646],[138.8474,37.4646],[138.8476,37.4647],[138.8478,37.4648],[138.8479,37.4648],[138.848,37.4649],[138.8482,37.465],[138.8485,37.4651],[138.849,37.4654],[138.8491,37.4654],[138.849,37.4655],[138.8487,37.4658],[138.8486,37.4659],[138.8485,37.466],[138.8485,37.4662],[138.8484,37.4663],[138.8484,37.4666],[138.8484,37.4669],[138.8485,37.4671],[138.8485,37.4674],[138.8487,37.4675],[138.8488,37.4679],[138.849,37.4684],[138.8492,37.4688],[138.8492,37.4688],[138.8496,37.4697],[138.8497,37.4701],[138.8497,37.4706],[138.8498,37.4709],[138.8501,37.4717],[138.8505,37.4725],[138.8507,37.4732],[138.8507,37.4732],[138.8508,37.4734],[138.851,37.4741],[138.8511,37.4743],[138.8514,37.4753],[138.8517,37.4763],[138.8517,37.4774],[138.8519,37.4791],[138.852,37.4797],[138.8521,37.4803],[138.8522,37.4807],[138.8522,37.4807],[138.8523,37.4813],[138.8524,37.4814],[138.8525,37.4819],[138.8529,37.4827],[138.8533,37.4834],[138.8538,37.4842],[138.854,37.4846],[138.8544,37.4855],[138.8548,37.4866],[138.8552,37.4878],[138.8553,37.4885],[138.8558,37.4885],[138.8557,37.4901],[138.8554,37.4913],[138.8552,37.4917],[138.8546,37.4931],[138.8552,37.4931],[138.8553,37.4931],[138.8554,37.4931],[138.8555,37.4932],[138.856,37.4931],[138.8563,37.4931],[138.8566,37.4931],[138.8567,37.4931],[138.8567,37.4929],[138.8566,37.4926],[138.8566,37.4923],[138.8566,37.4922],[138.8567,37.4917],[138.8575,37.4919],[138.8575,37.492],[138.8577,37.4922],[138.8578,37.4925],[138.858,37.4927],[138.8582,37.4928],[138.8587,37.493],[138.8598,37.4934],[138.8607,37.4932],[138.8615,37.4929],[138.8619,37.4927],[138.8624,37.4923],[138.8626,37.4921]],[[138.869,37.4406],[138.8682,37.4389],[138.868,37.4384],[138.8687,37.4382],[138.8686,37.438],[138.8689,37.4379],[138.8689,37.4381],[138.8693,37.4381],[138.8691,37.4374],[138.8691,37.4374],[138.8694,37.4373],[138.8713,37.437],[138.8729,37.4367],[138.8734,37.4366],[138.8736,37.4366],[138.8735,37.4365],[138.8735,37.4365],[138.8735,37.4365],[138.8735,37.4365],[138.8736,37.4365],[138.8736,37.4365],[138.8739,37.4364],[138.874,37.4364],[138.8746,37.4363],[138.8747,37.4365],[138.8749,37.4365],[138.875,37.4367],[138.8753,37.4367],[138.8752,37.4369],[138.8749,37.437],[138.875,37.4376],[138.8752,37.4375],[138.8753,37.4379],[138.8752,37.4379],[138.8753,37.4383],[138.8753,37.4383],[138.8755,37.4381],[138.8757,37.4379],[138.8757,37.4379],[138.8757,37.4378],[138.8757,37.4378],[138.8758,37.4377],[138.8758,37.4376],[138.8759,37.4375],[138.876,37.4375],[138.8761,37.4374],[138.8761,37.4374],[138.8761,37.4372],[138.8761,37.4371],[138.8761,37.437],[138.8765,37.437],[138.8767,37.4369],[138.8765,37.4377],[138.8763,37.4381],[138.8762,37.4386],[138.876,37.439],[138.8758,37.4394],[138.8757,37.4395],[138.8756,37.4397],[138.8753,37.4399],[138.8752,37.44],[138.875,37.4401],[138.8748,37.4402],[138.8746,37.4403],[138.8746,37.4401],[138.8726,37.4405],[138.8724,37.4405],[138.8723,37.4404],[138.8713,37.4406],[138.8711,37.4401],[138.8697,37.4404],[138.8697,37.4405],[138.869,37.4406]]]},"properties":{"name":"長岡市","pop":1}},{"type":"Feature","geometry":{"type":"Polygon","coordinates":[[[138.8325,37.4842],[138.8328,37.4823],[138.8331,37.4823],[138.833,37.4827],[138.8334,37.4828],[138.8334,37.4829],[138.8338,37.483],[138.8338,37.483],[138.8344,37.4831],[138.8344,37.4833],[138.8348,37.4833],[138.8348,37.4833],[138.8348,37.4831],[138.8349,37.4832],[138.8349,37.4826],[138.8348,37.4819],[138.8355,37.4819],[138.8358,37.4819],[138.8357,37.4813],[138.8358,37.4811],[138.8358,37.481],[138.836,37.481],[138.8361,37.4806],[138.8357,37.4806],[138.8353,37.4805],[138.835,37.4788],[138.8351,37.4789],[138.8362,37.4792],[138.8364,37.4793],[138.8368,37.4794],[138.837,37.4795],[138.8369,37.4799],[138.8362,37.4819],[138.837,37.482],[138.8376,37.4821],[138.8378,37.4818],[138.8383,37.481],[138.8389,37.4798],[138.8396,37.4798],[138.84,37.4798],[138.8403,37.4797],[138.8408,37.48],[138.8408,37.4794],[138.8412,37.4793],[138.8412,37.4795],[138.8413,37.4798],[138.842,37.4798],[138.842,37.48],[138.8429,37.4803],[138.8437,37.4802],[138.846,37.4806],[138.8461,37.4806],[138.846,37.4801],[138.8459,37.4795],[138.8457,37.4788],[138.8455,37.478],[138.8442,37.4784],[138.8434,37.4785],[138.8428,37.4786],[138.8428,37.4782],[138.8428,37.4781],[138.8428,37.4779],[138.8427,37.4774],[138.8425,37.477],[138.8424,37.4765],[138.8423,37.4763],[138.8423,37.476],[138.8422,37.4756],[138.8422,37.4753],[138.8421,37.4749],[138.8419,37.4745],[138.8419,37.4744],[138.8415,37.474],[138.8413,37.4739],[138.8409,37.4736],[138.8403,37.4734],[138.8401,37.4732],[138.8398,37.473],[138.8398,37.473],[138.8397,37.4729],[138.8393,37.4726],[138.8387,37.4721],[138.8383,37.4717],[138.8379,37.4713],[138.8378,37.4712],[138.8375,37.471],[138.8372,37.4707],[138.8371,37.4706],[138.8367,37.4703],[138.8365,37.47],[138.8361,37.4697],[138.834,37.4652],[138.8339,37.465],[138.8335,37.4643],[138.8329,37.4633],[138.8323,37.4624],[138.8319,37.4617],[138.8318,37.4616],[138.8314,37.4611],[138.8312,37.4607],[138.8308,37.4602],[138.8303,37.4595],[138.83,37.4591],[138.8294,37.4584],[138.8293,37.4582],[138.829,37.4576],[138.8283,37.4563],[138.8279,37.4554],[138.8278,37.4552],[138.8274,37.4543],[138.8272,37.4536],[138.827,37.4528],[138.8267,37.4522],[138.8266,37.4521],[138.8264,37.4515],[138.8263,37.451],[138.8262,37.4506],[138.8262,37.4503],[138.8261,37.45],[138.8261,37.4496],[138.8261,37.4494],[138.8261,37.4491],[138.8261,37.449],[138.8262,37.4487],[138.8263,37.4483],[138.8264,37.448],[138.8266,37.4476],[138.8268,37.4473],[138.8269,37.4471],[138.8272,37.4467],[138.8273,37.4466],[138.8275,37.4463],[138.8278,37.4459],[138.828,37.4456],[138.8282,37.4452],[138.8283,37.4448],[138.8283,37.4445],[138.8284,37.4444],[138.8283,37.4444],[138.8283,37.4442],[138.8281,37.4439],[138.8278,37.4435],[138.8276,37.4432],[138.8274,37.4429],[138.8273,37.4425],[138.8272,37.4424],[138.8271,37.4422],[138.827,37.4421],[138.8268,37.4419],[138.8267,37.4418],[138.8266,37.4416],[138.8264,37.4415],[138.8262,37.4414],[138.826,37.4412],[138.8256,37.441],[138.8252,37.4408],[138.8248,37.4406],[138.8245,37.4404],[138.8241,37.4404],[138.824,37.4404],[138.8236,37.4403],[138.8234,37.4403],[138.8231,37.4402],[138.8227,37.4401],[138.8222,37.4399],[138.822,37.4398],[138.8217,37.4396],[138.8214,37.4394],[138.8212,37.4393],[138.8208,37.4391],[138.8205,37.4389],[138.8201,37.4386],[138.8197,37.4383],[138.8194,37.4381],[138.8193,37.4379],[138.819,37.4376],[138.8187,37.4373],[138.8185,37.4371],[138.8183,37.4368],[138.818,37.4364],[138.8177,37.4359],[138.8176,37.4357],[138.8175,37.4354],[138.8174,37.4352],[138.8173,37.4352],[138.8172,37.4349],[138.817,37.4347],[138.817,37.4346],[138.817,37.4346],[138.8168,37.4344],[138.8166,37.4343],[138.8165,37.4342],[138.816,37.4339],[138.8157,37.4337],[138.8151,37.4334],[138.8145,37.4329],[138.8139,37.4325],[138.8137,37.4324],[138.8134,37.4324],[138.8132,37.4323],[138.8128,37.4323],[138.8122,37.4322],[138.8116,37.4322],[138.8112,37.4322],[138.8108,37.4323],[138.8109,37.4328],[138.8113,37.4342],[138.8111,37.4343],[138.8108,37.4345],[138.8105,37.4347],[138.8102,37.4349],[138.81,37.435],[138.8098,37.435],[138.8096,37.4351],[138.8094,37.4351],[138.8092,37.4351],[138.809,37.4352],[138.8087,37.4353],[138.8083,37.4355],[138.8081,37.4356],[138.808,37.4357],[138.8078,37.4357],[138.8092,37.4357],[138.8098,37.4356],[138.8099,37.4359],[138.8099,37.436],[138.8103,37.4359],[138.8104,37.436],[138.8105,37.4361],[138.8106,37.4361],[138.8108,37.4363],[138.811,37.4362],[138.8111,37.4362],[138.8112,37.4363],[138.8113,37.4363],[138.8115,37.4365],[138.8116,37.4367],[138.8111,37.4371],[138.8109,37.4368],[138.8093,37.4385],[138.8092,37.4385],[138.8088,37.4383],[138.8075,37.4375],[138.8071,37.4373],[138.807,37.4386],[138.807,37.4397],[138.8069,37.4407],[138.8075,37.4407],[138.8082,37.4421],[138.809,37.4436],[138.8095,37.4447],[138.8101,37.4459],[138.8106,37.4467],[138.8112,37.448],[138.8116,37.4487],[138.8117,37.4489],[138.8119,37.4492],[138.8124,37.4502],[138.8133,37.4518],[138.8134,37.4521],[138.8122,37.4525],[138.8124,37.4528],[138.8125,37.453],[138.8126,37.4532],[138.8127,37.4535],[138.8128,37.4538],[138.8128,37.4538],[138.8135,37.4535],[138.8138,37.4541],[138.8144,37.4554],[138.815,37.4566],[138.8154,37.4565],[138.8157,37.4564],[138.8158,37.4567],[138.8164,37.4581],[138.8165,37.4583],[138.8166,37.4584],[138.817,37.4594],[138.817,37.4594],[138.8175,37.4604],[138.819,37.4601],[138.8187,37.4596],[138.819,37.4596],[138.8201,37.4596],[138.8205,37.4596],[138.8214,37.4596],[138.8214,37.4596],[138.8213,37.4601],[138.8213,37.4608],[138.8211,37.4616],[138.8211,37.4623],[138.821,37.4623],[138.8208,37.4626],[138.8204,37.4631],[138.8203,37.463],[138.8199,37.4637],[138.8204,37.464],[138.821,37.4644],[138.8213,37.4643],[138.821,37.464],[138.8207,37.4635],[138.8213,37.4633],[138.8217,37.464],[138.8223,37.465],[138.8229,37.4648],[138.8235,37.4656],[138.8232,37.4658],[138.8228,37.4659],[138.822,37.4662],[138.8217,37.4655],[138.8214,37.4656],[138.821,37.4657],[138.821,37.4657],[138.8207,37.4659],[138.8205,37.4659],[138.8206,37.4663],[138.8211,37.4672],[138.8214,37.4681],[138.8215,37.4684],[138.8215,37.4688],[138.8213,37.4691],[138.8212,37.4693],[138.8205,37.4697],[138.8204,37.4699],[138.8215,37.4696],[138.8224,37.4694],[138.8228,37.4704],[138.8232,37.4703],[138.8238,37.4701],[138.8246,37.4699],[138.8248,37.4699],[138.8254,37.4706],[138.825,37.471],[138.8253,37.4717],[138.8255,37.4722],[138.8263,37.4741],[138.8263,37.4742],[138.8277,37.4748],[138.8284,37.4751],[138.8286,37.4752],[138.8293,37.4754],[138.8298,37.4757],[138.8305,37.476],[138.8314,37.4763],[138.8316,37.4764],[138.8316,37.4764],[138.8316,37.4764],[138.8319,37.4766],[138.8319,37.4766],[138.8322,37.4768],[138.8326,37.4771],[138.8321,37.4778],[138.832,37.4781],[138.8322,37.4781],[138.8321,37.4783],[138.832,37.479],[138.8317,37.4804],[138.8315,37.4822],[138.8312,37.4841],[138.8325,37.4842]]]},"properties":{"name":"長岡市","pop":2}},{"type":"Feature","geometry":{"type":"Polygon","coordinates":[[[138.9983,37.4829],[138.9991,37.4824],[138.9993,37.4823],[138.9998,37.482],[138.9997,37.4818],[138.9996,37.4817],[138.9979,37.4826],[138.9983,37.4829]]]},"properties":{"name":"長岡市","pop":3}},{"type":"Feature","geometry":{"type":"Polygon","coordinates":[[[138.9983,37.4829],[138.9976,37.4833],[138.9964,37.4842],[138.9959,37.4836],[138.9958,37.4835],[138.9955,37.4834],[138.9947,37.4829],[138.9943,37.4827],[138.994,37.4826],[138.9935,37.4823],[138.9937,37.4821],[138.9938,37.4812],[138.9945,37.4813],[138.9956,37.4814],[138.9956,37.4816],[138.9958,37.4821],[138.9958,37.4823],[138.9958,37.4825],[138.9959,37.483],[138.9968,37.4825],[138.9975,37.4822],[138.9985,37.4817],[138.9979,37.481],[138.9978,37.481],[138.9977,37.4809],[138.9975,37.4809],[138.9975,37.4808],[138.9975,37.4807],[138.9975,37.4807],[138.9975,37.4806],[138.9976,37.4806],[138.9975,37.4805],[138.9976,37.4805],[138.9976,37.4805],[138.9977,37.4804],[138.9977,37.4803],[138.9977,37.4803],[138.9977,37.4802],[138.9977,37.48],[138.9982,37.4801],[138.9986,37.4801],[138.9988,37.4802],[138.9991,37.4802],[138.9992,37.4797],[138.9998,37.4797],[138.9999,37.4797],[139.0,37.4797],[139.0,37.4797],[139.0001,37.4798],[139.0002,37.4798],[139.0003,37.4799],[139.0004,37.4799],[139.0006,37.48],[139.0007,37.4801],[139.0007,37.4801],[139.0007,37.4801],[139.0008,37.4801],[139.0009,37.4801],[139.001,37.4801],[139.0011,37.4801],[139.0012,37.48],[139.0014,37.4801],[139.0015,37.4801],[139.0016,37.4801],[139.0018,37.4802],[139.0018,37.4802],[139.002,37.4803],[139.0022,37.4805],[139.0022,37.4805],[139.0023,37.4806],[139.0023,37.4807],[139.0024,37.4808],[139.0025,37.4808],[139.0026,37.481],[139.0026,37.4811],[139.0026,37.4813],[139.0026,37.4814],[139.0026,37.4815],[139.0026,37.4816],[139.0027,37.4817],[139.0027,37.4817],[139.0027,37.4818],[139.0027,37.4818],[139.0027,37.482],[139.0028,37.482],[139.003,37.482],[139.003,37.4813],[139.0029,37.4811],[139.0032,37.481],[139.0034,37.481],[139.0036,37.481],[139.0036,37.4809],[139.0035,37.4808],[139.0034,37.4806],[139.0033,37.4805],[139.0033,37.4803],[139.0032,37.4801],[139.0032,37.4799],[139.003,37.4796],[139.003,37.4796],[139.0036,37.4794],[139.0043,37.4792],[139.0043,37.4792],[139.004,37.479],[139.0038,37.4789],[139.0036,37.4788],[139.0034,37.4787],[139.0031,37.4787],[139.0026,37.4785],[139.0022,37.4784],[139.0022,37.4784],[139.0021,37.4784],[139.0021,37.4784],[139.0019,37.4785],[139.0019,37.4784],[139.0018,37.4784],[139.0017,37.4783],[139.0016,37.4783],[139.0015,37.4783],[139.0014,37.4784],[139.0013,37.4784],[139.0011,37.4784],[139.0009,37.4784],[139.0005,37.4785],[139.0003,37.4785],[139.0002,37.4785],[139.0002,37.4786],[139.0001,37.4786],[139.0,37.4787],[139.0,37.4786],[139.0,37.4786],[139.0,37.4785],[139.0,37.4784],[139.0,37.4784],[139.0001,37.4783],[139.0001,37.4782],[139.0002,37.4781],[139.0002,37.4781],[139.0003,37.478],[139.0004,37.478],[139.0004,37.4779],[139.0005,37.478],[139.0005,37.478],[139.0006,37.478],[139.0007,37.478],[139.0008,37.4779],[139.0008,37.4779],[139.0008,37.4778],[139.0007,37.4778],[139.0006,37.4777],[139.0005,37.4777],[139.0003,37.4776],[139.0002,37.4775],[139.0002,37.4775],[139.0003,37.4774],[139.0003,37.4773],[139.0003,37.4772],[139.0004,37.4772],[139.0004,37.4771],[139.0004,37.477],[139.0005,37.477],[139.0006,37.4768],[139.0007,37.4767],[139.0005,37.4767],[139.0002,37.4767],[139.0003,37.4766],[139.0004,37.4766],[139.0005,37.4764],[139.0005,37.4763],[139.0006,37.4762],[139.0007,37.476],[139.0007,37.476],[139.0008,37.4759],[139.0008,37.4759],[139.0009,37.4759],[139.001,37.4758],[139.0011,37.4758],[139.0011,37.4757],[139.0011,37.4756],[139.0012,37.4755],[139.0012,37.4754],[139.0014,37.4752],[139.0015,37.4751],[139.0015,37.475],[139.0014,37.4749],[139.0014,37.4748],[139.0015,37.4746],[139.0014,37.4746],[139.0013,37.4745],[139.0012,37.4745],[139.0011,37.4745],[139.001,37.4744],[139.0007,37.4743],[139.0009,37.4741],[139.0016,37.4734],[139.002,37.473],[139.0025,37.4725],[139.0028,37.4723],[139.003,37.472],[139.0031,37.4718],[139.0036,37.4712],[139.0045,37.4715],[139.0045,37.4714],[139.0047,37.4711],[139.0048,37.4708],[139.005,37.4704],[139.0051,37.4701],[139.0052,37.4698],[139.0052,37.4697],[139.0053,37.4694],[139.0053,37.4693],[139.0053,37.4692],[139.0053,37.4691],[139.0052,37.4691],[139.0053,37.4691],[139.0054,37.469],[139.0054,37.469],[139.0055,37.469],[139.0056,37.4689],[139.0058,37.4687],[139.0059,37.4687],[139.006,37.4686],[139.0062,37.4685],[139.0062,37.4684],[139.0062,37.4683],[139.0063,37.4682],[139.0063,37.4681],[139.0063,37.468],[139.0063,37.4679],[139.0056,37.4676],[139.0056,37.4676],[139.0054,37.4676],[139.0053,37.4676],[139.0052,37.4676],[139.0051,37.4676],[139.0046,37.4675],[139.0047,37.4668],[139.0047,37.4666],[139.0049,37.4659],[139.0049,37.4659],[139.0051,37.4656],[139.0052,37.4653],[139.0054,37.4651],[139.005,37.465],[139.0045,37.4652],[139.004,37.4651],[139.0039,37.4652],[139.0039,37.4653],[139.0039,37.4654],[139.004,37.4654],[139.004,37.4655],[139.004,37.4656],[139.004,37.4656],[139.004,37.4657],[139.004,37.4658],[139.004,37.4659],[139.004,37.466],[139.004,37.4661],[139.0039,37.4663],[139.0038,37.4665],[139.0036,37.4666],[139.0035,37.4667],[139.0034,37.4668],[139.0033,37.4668],[139.0031,37.4671],[139.003,37.4672],[139.003,37.4672],[139.0029,37.4673],[139.0029,37.4674],[139.0028,37.4674],[139.0027,37.4674],[139.0025,37.4675],[139.0024,37.4675],[139.0023,37.4676],[139.0021,37.4677],[139.002,37.4678],[139.0019,37.4679],[139.0018,37.4679],[139.0018,37.468],[139.0017,37.4681],[139.0017,37.4681],[139.0016,37.4681],[139.0016,37.4681],[139.0015,37.4683],[139.0014,37.4684],[139.0013,37.4685],[139.0012,37.4685],[139.0011,37.4686],[139.0009,37.4687],[139.0008,37.4687],[139.0005,37.4687],[139.0004,37.4687],[139.0003,37.4687],[139.0001,37.4687],[139.0,37.4686],[138.9998,37.4685],[138.9998,37.4685],[138.9996,37.4685],[138.9996,37.4685],[138.9995,37.4685],[138.9992,37.4685],[138.9991,37.4685],[138.9989,37.4685],[138.9988,37.4686],[138.9986,37.4686],[138.9985,37.4687],[138.9985,37.4687],[138.9984,37.4688],[138.9983,37.4688],[138.9983,37.4687],[138.9993,37.4678],[138.9995,37.4677],[138.9996,37.4677],[138.9999,37.4674],[139.0,37.4674],[139.0002,37.4674],[139.0003,37.4674],[139.0004,37.4673],[139.0005,37.4673],[139.0006,37.4672],[139.0007,37.4672],[139.0008,37.4671],[139.0008,37.467],[139.001,37.4669],[139.0011,37.4668],[139.0011,37.4667],[139.001,37.4667],[139.001,37.4666],[139.0008,37.4666],[139.0005,37.4667],[139.0004,37.4667],[139.0003,37.4668],[138.9997,37.466],[138.9993,37.4653],[138.9982,37.4656],[138.9971,37.4659],[138.9966,37.466],[138.9964,37.4665],[138.9963,37.4668],[138.9951,37.4671],[138.9948,37.4672],[138.9945,37.4673],[138.9941,37.4674],[138.994,37.4674],[138.9938,37.4675],[138.9936,37.4671],[138.9935,37.4672],[138.9933,37.4672],[138.993,37.4672],[138.9927,37.4672],[138.9923,37.4671],[138.992,37.467],[138.9918,37.4672],[138.992,37.4673],[138.992,37.4673],[138.9923,37.4675],[138.9925,37.4678],[138.9926,37.4679],[138.9927,37.4682],[138.9928,37.4684],[138.9928,37.4687],[138.9929,37.4693],[138.992,37.4695],[138.9921,37.4704],[138.9922,37.4715],[138.9922,37.4717],[138.9923,37.4719],[138.9909,37.4731],[138.991,37.4731],[138.9912,37.4731],[138.9912,37.4731],[138.9913,37.4731],[138.9914,37.4732],[138.9915,37.4732],[138.9916,37.4732],[138.9917,37.4733],[138.9918,37.4733],[138.992,37.4733],[138.9921,37.4733],[138.9923,37.4733],[138.9923,37.4733],[138.9925,37.4735],[138.9929,37.4739],[138.9932,37.474],[138.9925,37.4746],[138.993,37.4748],[138.9926,37.4752],[138.9925,37.4757],[138.9922,37.4756],[138.992,37.4758],[138.9918,37.4758],[138.9917,37.4759],[138.9916,37.476],[138.9914,37.4762],[138.9913,37.4764],[138.9913,37.4766],[138.9914,37.4767],[138.9915,37.477],[138.9913,37.4772],[138.9911,37.4774],[138.9908,37.4778],[138.9908,37.4778],[138.9907,37.4778],[138.9907,37.4779],[138.9906,37.478],[138.9917,37.4782],[138.9916,37.4783],[138.9914,37.4788],[138.9913,37.4791],[138.9907,37.4788],[138.9901,37.4797],[138.9899,37.48],[138.9902,37.4801],[138.9902,37.4802],[138.9901,37.4803],[138.99,37.4805],[138.99,37.4806],[138.99,37.4808],[138.99,37.4811],[138.99,37.4814],[138.99,37.4815],[138.99,37.4816],[138.9899,37.4816],[138.9899,37.4817],[138.9898,37.4819],[138.9896,37.482],[138.9894,37.4824],[138.9891,37.4829],[138.9893,37.483],[138.9896,37.483],[138.9899,37.4831],[138.9901,37.4832],[138.9903,37.4832],[138.9903,37.4832],[138.9904,37.483],[138.9904,37.4829],[138.9905,37.4828],[138.9907,37.4828],[138.9908,37.4827],[138.991,37.4827],[138.9911,37.4826],[138.9911,37.4827],[138.9912,37.4831],[138.9913,37.4833],[138.9914,37.4836],[138.9914,37.4838],[138.9915,37.484],[138.9916,37.4841],[138.9917,37.4842],[138.9918,37.4843],[138.9918,37.4844],[138.9916,37.4845],[138.9915,37.485],[138.9909,37.4854],[138.9914,37.4855],[138.9917,37.4856],[138.9917,37.4857],[138.9917,37.4858],[138.9919,37.4858],[138.9919,37.4858],[138.9926,37.4866],[138.9932,37.4862],[138.9935,37.4864],[138.9939,37.4868],[138.9944,37.4872],[138.9951,37.4867],[138.9958,37.4863],[138.9962,37.4867],[138.9967,37.4871],[138.9972,37.4868],[138.9985,37.486],[138.998,37.4856],[138.9998,37.4844],[138.9994,37.484],[138.9996,37.4839],[139.0009,37.483],[139.0008,37.483],[139.0007,37.4829],[139.0004,37.4829],[139.0003,37.4829],[139.0001,37.4829],[138.9995,37.4834],[138.999,37.4837],[138.9986,37.4833],[138.9983,37.4829]]]},"properties":{"name":"長岡市","pop":3}},{"type":"Feature","geometry":{"type":"Polygon","coordinates":[[[138.781,37.4586],[138.7815,37.4579],[138.7815,37.458],[138.7816,37.458],[138.7817,37.4581],[138.7819,37.4577],[138.7821,37.4574],[138.7826,37.457],[138.7828,37.4568],[138.7835,37.4565],[138.7837,37.4564],[138.7846,37.456],[138.7845,37.4558],[138.7841,37.4552],[138.7837,37.4547],[138.7837,37.4546],[138.7839,37.4543],[138.7838,37.4542],[138.7832,37.4541],[138.7826,37.4539],[138.7826,37.4538],[138.7828,37.4536],[138.7829,37.4532],[138.7829,37.453],[138.7824,37.4531],[138.782,37.4532],[138.7814,37.4533],[138.7811,37.4533],[138.7809,37.4531],[138.7806,37.4528],[138.7804,37.4523],[138.7813,37.4521],[138.7821,37.452],[138.782,37.4518],[138.7818,37.4514],[138.7818,37.4513],[138.7815,37.4513],[138.7814,37.4513],[138.7811,37.4514],[138.7807,37.4515],[138.7801,37.4516],[138.7796,37.4517],[138.7797,37.4519],[138.7788,37.452],[138.7791,37.4526],[138.7788,37.4527],[138.7785,37.4519],[138.7782,37.4513],[138.7781,37.4509],[138.7798,37.4506],[138.78,37.451],[138.7801,37.4509],[138.7802,37.4509],[138.7805,37.4507],[138.7807,37.4505],[138.7809,37.4503],[138.7811,37.45],[138.7809,37.4491],[138.7804,37.4492],[138.7804,37.4489],[138.7805,37.4488],[138.7804,37.4486],[138.7801,37.4486],[138.78,37.4482],[138.78,37.4481],[138.7802,37.448],[138.7802,37.4478],[138.7801,37.4478],[138.78,37.4473],[138.7798,37.4473],[138.7793,37.447],[138.7789,37.4467],[138.7788,37.4467],[138.7783,37.4468],[138.778,37.4463],[138.7775,37.4465],[138.7763,37.447],[138.7759,37.4472],[138.7754,37.4464],[138.7747,37.4466],[138.7737,37.447],[138.7728,37.4474],[138.7725,37.4475],[138.7715,37.4478],[138.771,37.448],[138.7712,37.4483],[138.7709,37.4484],[138.771,37.4486],[138.7706,37.4487],[138.7707,37.4494],[138.7712,37.4493],[138.7713,37.4496],[138.7714,37.4499],[138.7718,37.4503],[138.7712,37.4506],[138.7707,37.4508],[138.7704,37.4509],[138.7702,37.4509],[138.7702,37.4504],[138.7701,37.4495],[138.7694,37.4496],[138.7684,37.4498],[138.7682,37.4507],[138.7681,37.4513],[138.768,37.4516],[138.7678,37.4518],[138.7677,37.452],[138.7673,37.4525],[138.7673,37.4529],[138.7672,37.4532],[138.7672,37.4536],[138.7673,37.4537],[138.7677,37.4536],[138.7679,37.4536],[138.768,37.4536],[138.7682,37.4536],[138.7686,37.4536],[138.769,37.4536],[138.7695,37.4537],[138.7697,37.4537],[138.77,37.4537],[138.7703,37.4536],[138.7704,37.4536],[138.7708,37.4544],[138.7706,37.4545],[138.7702,37.4546],[138.7696,37.4547],[138.7695,37.4548],[138.7694,37.4547],[138.7693,37.4545],[138.7691,37.4544],[138.7688,37.4544],[138.7686,37.4545],[138.7684,37.4545],[138.7682,37.4545],[138.7681,37.4545],[138.768,37.4544],[138.7677,37.4543],[138.7673,37.4543],[138.767,37.4544],[138.7669,37.4545],[138.7667,37.4545],[138.7665,37.454],[138.7662,37.4542],[138.7661,37.4542],[138.7662,37.4543],[138.7663,37.4546],[138.7663,37.4547],[138.7663,37.4549],[138.7664,37.455],[138.7664,37.4552],[138.7665,37.4554],[138.7664,37.4555],[138.7664,37.4556],[138.7663,37.4557],[138.7662,37.4557],[138.7662,37.4558],[138.7662,37.4558],[138.7662,37.4559],[138.7661,37.4559],[138.7662,37.4561],[138.7664,37.456],[138.7667,37.4559],[138.7668,37.4558],[138.7671,37.4562],[138.7682,37.456],[138.768,37.4557],[138.7678,37.4553],[138.7687,37.455],[138.7692,37.4549],[138.7693,37.4551],[138.7694,37.4552],[138.7697,37.4554],[138.77,37.4554],[138.7701,37.4554],[138.7703,37.4555],[138.7704,37.4554],[138.7707,37.4553],[138.7709,37.4552],[138.771,37.4553],[138.7711,37.4556],[138.7713,37.4559],[138.7718,37.4558],[138.7721,37.4557],[138.7723,37.4557],[138.773,37.4559],[138.7735,37.456],[138.7735,37.4563],[138.7737,37.4563],[138.7738,37.4566],[138.7746,37.4565],[138.7746,37.4568],[138.7746,37.4569],[138.7748,37.4569],[138.7751,37.4569],[138.7751,37.4569],[138.7751,37.4569],[138.7758,37.4572],[138.7759,37.4573],[138.7764,37.4575],[138.7766,37.4576],[138.7768,37.4574],[138.7769,37.4572],[138.7772,37.4569],[138.7774,37.4566],[138.7772,37.4564],[138.777,37.4563],[138.7768,37.4561],[138.7765,37.456],[138.7763,37.456],[138.7761,37.456],[138.7759,37.4559],[138.7754,37.4556],[138.7752,37.4554],[138.7751,37.4552],[138.775,37.4548],[138.7748,37.4542],[138.7748,37.454],[138.7751,37.4539],[138.7754,37.4539],[138.7754,37.4539],[138.7756,37.4538],[138.7756,37.4538],[138.7757,37.4539],[138.7757,37.454],[138.776,37.4539],[138.7762,37.4539],[138.7762,37.4537],[138.7761,37.4534],[138.776,37.4531],[138.7765,37.453],[138.7773,37.4529],[138.7778,37.4528],[138.7784,37.4527],[138.7786,37.453],[138.779,37.4534],[138.7793,37.4537],[138.7793,37.4538],[138.7795,37.4541],[138.7796,37.4544],[138.7796,37.4545],[138.7798,37.455],[138.78,37.4558],[138.7801,37.4564],[138.7802,37.4568],[138.7803,37.4576],[138.7804,37.4583],[138.7805,37.4588],[138.7809,37.4587],[138.781,37.4586]]]},"properties":{"name":"長岡市","pop":4}},{"type":"Feature","geometry":{"type":"Polygon","coordinates":[[[138.7776,37.4599],[138.778,37.4598],[138.7785,37.4598],[138.7787,37.4598],[138.7789,37.4597],[138.7787,37.4592],[138.7787,37.4589],[138.7787,37.4587],[138.7787,37.4586],[138.7789,37.4583],[138.7788,37.4582],[138.7783,37.4581],[138.7778,37.4579],[138.7773,37.4578],[138.7768,37.4577],[138.7766,37.4576],[138.7761,37.4582],[138.7761,37.4583],[138.7761,37.4587],[138.7757,37.4587],[138.7756,37.4591],[138.7762,37.4592],[138.7762,37.4594],[138.7762,37.4595],[138.7763,37.4597],[138.7764,37.4598],[138.7764,37.46],[138.7764,37.4603],[138.7765,37.4603],[138.7766,37.4603],[138.7768,37.4602],[138.7769,37.4602],[138.7771,37.4601],[138.7774,37.4601],[138.7774,37.46],[138.7775,37.4599],[138.7776,37.4599]]]},"properties":{"name":"長岡市","pop":4}},{"type":"Feature","geometry":{"type":"Polygon","coordinates":[[[138.9779,37.6165],[138.9789,37.6165],[138.9789,37.6166],[138.9789,37.6167],[138.979,37.6167],[138.9792,37.6159],[138.9793,37.6157],[138.9794,37.6153],[138.9797,37.6147],[138.98,37.6136],[138.9801,37.6136],[138.9804,37.6137],[138.9804,37.6136],[138.9805,37.6133],[138.9808,37.6127],[138.9802,37.6127],[138.9802,37.6128],[138.9802,37.6128],[138.9801,37.613],[138.9798,37.6134],[138.9798,37.6134],[138.9797,37.6134],[138.9797,37.6135],[138.9797,37.6137],[138.9797,37.6139],[138.9797,37.6143],[138.9797,37.6143],[138.9794,37.6149],[138.9793,37.6151],[138.9791,37.6154],[138.9791,37.6154],[138.9789,37.6156],[138.9789,37.6158],[138.9789,37.616],[138.9781,37.616],[138.9779,37.616],[138.9779,37.616],[138.9779,37.6165],[138.9779,37.6165]]]},"properties":{"name":"三条市","pop":1}},{"type":"Feature","geometry":{"type":"Polygon","coordinates":[[[138.9788,37.6201],[138.9788,37.6207],[138.9801,37.6207],[138.9801,37.6203],[138.9801,37.6201],[138.9788,37.6201]]]},"properties":{"name":"三条市","pop":1}},{"type":"Feature","geometry":{"type":"Polygon","coordinates":[[[138.9414,37.6284],[138.9414,37.6266],[138.941,37.6261],[138.9408,37.626],[138.9406,37.626],[138.9403,37.626],[138.9401,37.626],[138.94,37.6259],[138.9398,37.6259],[138.9397,37.6259],[138.9397,37.6259],[138.9389,37.6258],[138.9389,37.6263],[138.9389,37.6267],[138.9383,37.6267],[138.9379,37.6267],[138.9373,37.6266],[138.9371,37.6266],[138.9367,37.6269],[138.9366,37.627],[138.9366,37.627],[138.9371,37.627],[138.9371,37.6282],[138.9362,37.6281],[138.9362,37.6281],[138.936,37.6284],[138.9374,37.6284],[138.9373,37.6291],[138.9374,37.6291],[138.9376,37.6291],[138.9382,37.629],[138.9388,37.629],[138.9388,37.6284],[138.9388,37.6284],[138.9403,37.6284],[138.9414,37.6284]]]},"properties":{"name":"三条市","pop":1}},{"type":"Feature","geometry":{"type":"Polygon","coordinates":[[[138.9788,37.6201],[138.9788,37.6196],[138.9788,37.6191],[138.9788,37.6186],[138.9788,37.6186],[138.9788,37.6177],[138.9788,37.6176],[138.979,37.6173],[138.979,37.6172],[138.979,37.617],[138.9783,37.617],[138.9779,37.617],[138.9779,37.6165],[138.9779,37.6165],[138.977,37.6165],[138.977,37.616],[138.977,37.6154],[138.977,37.6153],[138.977,37.6149],[138.9781,37.6149],[138.9781,37.6144],[138.978,37.6141],[138.9775,37.6141],[138.977,37.6141],[138.977,37.6144],[138.9757,37.6144],[138.9757,37.6149],[138.9742,37.615],[138.9742,37.6155],[138.9757,37.6154],[138.9757,37.616],[138.9757,37.616],[138.9757,37.6165],[138.9742,37.6166],[138.9727,37.6166],[138.9719,37.6166],[138.9712,37.6166],[138.9712,37.6172],[138.9727,37.6171],[138.9727,37.6182],[138.9728,37.6192],[138.9743,37.6192],[138.9743,37.6202],[138.9741,37.6203],[138.9738,37.6203],[138.9735,37.6202],[138.9733,37.6203],[138.973,37.6204],[138.9728,37.6207],[138.9726,37.6209],[138.9725,37.621],[138.9722,37.6212],[138.972,37.6213],[138.9717,37.6214],[138.9711,37.6217],[138.9708,37.6217],[138.9707,37.6214],[138.9706,37.6212],[138.9706,37.621],[138.9706,37.6203],[138.9713,37.6203],[138.9713,37.6192],[138.9698,37.6192],[138.968,37.6193],[138.9669,37.6193],[138.967,37.6198],[138.9671,37.6198],[138.9673,37.6198],[138.9675,37.6199],[138.9678,37.62],[138.9681,37.6201],[138.9685,37.6202],[138.9684,37.6204],[138.9684,37.6206],[138.9684,37.6209],[138.9683,37.6211],[138.9682,37.6214],[138.9679,37.6212],[138.9673,37.621],[138.9671,37.621],[138.9672,37.6207],[138.9672,37.6206],[138.9665,37.6205],[138.9657,37.6204],[138.9656,37.6203],[138.9654,37.6202],[138.9654,37.6188],[138.9654,37.6183],[138.9634,37.6183],[138.9637,37.6185],[138.9638,37.6188],[138.9628,37.619],[138.9617,37.6192],[138.962,37.6202],[138.962,37.6202],[138.9622,37.6207],[138.9624,37.6212],[138.9611,37.6214],[138.9609,37.6209],[138.9608,37.6205],[138.9605,37.6195],[138.9603,37.619],[138.9602,37.6186],[138.9602,37.6185],[138.9601,37.6182],[138.96,37.618],[138.9598,37.6174],[138.9594,37.6164],[138.9592,37.6157],[138.9591,37.6154],[138.9586,37.6145],[138.9583,37.6142],[138.958,37.6138],[138.9579,37.6136],[138.9573,37.6128],[138.9569,37.6129],[138.9556,37.6133],[138.9551,37.6135],[138.9551,37.6135],[138.955,37.614],[138.9536,37.6144],[138.9531,37.6146],[138.9531,37.6146],[138.9506,37.6153],[138.9487,37.6158],[138.9471,37.6163],[138.9465,37.6164],[138.9461,37.6165],[138.9457,37.6166],[138.9455,37.6161],[138.9455,37.6161],[138.9444,37.6164],[138.9447,37.6169],[138.9437,37.6172],[138.9437,37.6166],[138.9437,37.6166],[138.9438,37.6159],[138.9438,37.6155],[138.944,37.6153],[138.9441,37.6151],[138.944,37.6151],[138.9428,37.6151],[138.9416,37.6152],[138.9416,37.6155],[138.9418,37.6167],[138.943,37.6167],[138.9431,37.6174],[138.9429,37.6175],[138.9419,37.6176],[138.9416,37.6177],[138.9409,37.6177],[138.9406,37.6178],[138.94,37.6178],[138.9399,37.6178],[138.939,37.6179],[138.9399,37.6191],[138.9387,37.6197],[138.9375,37.618],[138.9363,37.6181],[138.936,37.6181],[138.9351,37.6168],[138.9346,37.6161],[138.9344,37.6159],[138.9341,37.6155],[138.934,37.6153],[138.9339,37.6151],[138.933,37.6155],[138.9337,37.6164],[138.9324,37.617],[138.9311,37.6176],[138.9318,37.6185],[138.9331,37.6179],[138.9336,37.6186],[138.9335,37.6186],[138.9336,37.6199],[138.933,37.621],[138.9332,37.6211],[138.9345,37.6205],[138.9352,37.6214],[138.9364,37.6208],[138.9368,37.6207],[138.9363,37.62],[138.9368,37.6198],[138.9372,37.6197],[138.9375,37.6202],[138.9383,37.6213],[138.938,37.6214],[138.9375,37.6216],[138.9359,37.6224],[138.9365,37.6233],[138.9365,37.6233],[138.9371,37.6241],[138.937,37.6245],[138.937,37.6245],[138.9372,37.6246],[138.9375,37.6247],[138.9375,37.6247],[138.9376,37.6247],[138.9376,37.6247],[138.9377,37.6248],[138.9386,37.6251],[138.9388,37.6252],[138.939,37.6254],[138.94,37.6253],[138.9412,37.6251],[138.9414,37.6255],[138.9414,37.6257],[138.9415,37.626],[138.9417,37.6263],[138.9418,37.6265],[138.9418,37.6267],[138.9418,37.6271],[138.9418,37.6273],[138.9421,37.6277],[138.9422,37.6279],[138.9423,37.628],[138.9425,37.6282],[138.9422,37.6283],[138.9419,37.6284],[138.9417,37.6284],[138.9414,37.6284],[138.9413,37.6285],[138.9413,37.6288],[138.9417,37.6288],[138.9417,37.629],[138.9425,37.6289],[138.9425,37.6289],[138.9438,37.6292],[138.9448,37.6295],[138.9458,37.6296],[138.946,37.6296],[138.9462,37.6295],[138.9462,37.6298],[138.9462,37.6302],[138.9461,37.6304],[138.9462,37.6306],[138.9467,37.6303],[138.9467,37.6303],[138.947,37.6305],[138.9471,37.6305],[138.9474,37.6303],[138.9476,37.6302],[138.9477,37.6302],[138.9479,37.6304],[138.9476,37.6306],[138.9477,37.6307],[138.9478,37.6307],[138.9478,37.6308],[138.9481,37.6306],[138.9481,37.6305],[138.9483,37.6304],[138.9483,37.6305],[138.9485,37.6309],[138.9494,37.6303],[138.9501,37.6299],[138.9505,37.6296],[138.9506,37.6295],[138.9503,37.6293],[138.9502,37.6295],[138.9497,37.6299],[138.9494,37.6301],[138.9488,37.6304],[138.9484,37.6298],[138.9492,37.6293],[138.9493,37.6293],[138.9495,37.629],[138.9496,37.629],[138.9501,37.6285],[138.9504,37.6283],[138.9506,37.6282],[138.9508,37.6283],[138.9511,37.6281],[138.9519,37.6274],[138.9522,37.6271],[138.9524,37.6269],[138.9525,37.6268],[138.9527,37.6267],[138.9529,37.6263],[138.9529,37.6262],[138.953,37.6257],[138.9531,37.6257],[138.953,37.6261],[138.953,37.6267],[138.9534,37.6266],[138.9539,37.6265],[138.9546,37.6263],[138.955,37.6261],[138.9549,37.6261],[138.955,37.6256],[138.9556,37.6257],[138.9556,37.6259],[138.9556,37.626],[138.9559,37.626],[138.9559,37.6267],[138.9558,37.6267],[138.9548,37.6268],[138.9545,37.6269],[138.9543,37.6269],[138.954,37.627],[138.9543,37.6274],[138.9545,37.6276],[138.9546,37.6277],[138.9547,37.6279],[138.9548,37.6282],[138.9544,37.6282],[138.9544,37.6282],[138.9542,37.6281],[138.954,37.628],[138.9539,37.628],[138.9539,37.628],[138.9538,37.628],[138.9537,37.6281],[138.9534,37.6282],[138.9532,37.6284],[138.9531,37.6284],[138.9525,37.6288],[138.952,37.6292],[138.952,37.6292],[138.9515,37.6295],[138.9511,37.6299],[138.9507,37.6301],[138.9505,37.6302],[138.9504,37.6303],[138.9503,37.6304],[138.9501,37.6306],[138.9499,37.6307],[138.9497,37.6308],[138.9495,37.631],[138.9487,37.6312],[138.9488,37.6317],[138.9488,37.6317],[138.9483,37.6318],[138.9483,37.632],[138.9485,37.6322],[138.9487,37.6325],[138.9491,37.6329],[138.9493,37.6328],[138.9493,37.6328],[138.9495,37.633],[138.9496,37.633],[138.9498,37.6332],[138.9499,37.6333],[138.95,37.6335],[138.95,37.6336],[138.9501,37.6339],[138.9501,37.6341],[138.9502,37.6343],[138.9497,37.6343],[138.9497,37.6344],[138.9496,37.6348],[138.9496,37.6352],[138.9496,37.6354],[138.9479,37.6355],[138.9479,37.6361],[138.9479,37.6368],[138.9476,37.6376],[138.9475,37.6378],[138.9474,37.638],[138.9472,37.6382],[138.947,37.6385],[138.9464,37.6391],[138.9462,37.6393],[138.9479,37.64],[138.9483,37.6401],[138.9483,37.6406],[138.9483,37.6413],[138.9484,37.6416],[138.9485,37.642],[138.9486,37.6421],[138.9489,37.6425],[138.9491,37.6428],[138.9495,37.6427],[138.9501,37.6425],[138.9507,37.6422],[138.9518,37.6426],[138.9518,37.6426],[138.9528,37.6429],[138.9516,37.6435],[138.9507,37.6438],[138.9507,37.6442],[138.9517,37.6446],[138.9526,37.645],[138.9529,37.6451],[138.9531,37.6452],[138.9539,37.6457],[138.9542,37.6459],[138.9544,37.646],[138.9545,37.6461],[138.9547,37.6464],[138.9548,37.6464],[138.955,37.6467],[138.9554,37.6472],[138.9558,37.647],[138.9564,37.6468],[138.9567,37.6472],[138.956,37.6475],[138.9556,37.6477],[138.9555,37.6474],[138.9549,37.6475],[138.9552,37.6482],[138.9551,37.6482],[138.9552,37.6484],[138.9554,37.6483],[138.9555,37.6486],[138.9556,37.6485],[138.9557,37.6488],[138.9558,37.6489],[138.9563,37.6488],[138.9568,37.6495],[138.957,37.6499],[138.9573,37.6505],[138.9577,37.651],[138.9579,37.6515],[138.9582,37.6519],[138.959,37.6517],[138.9598,37.6516],[138.9597,37.6514],[138.9593,37.6509],[138.9593,37.6509],[138.9586,37.65],[138.9579,37.649],[138.9573,37.6481],[138.9599,37.6469],[138.9593,37.646],[138.9587,37.6451],[138.9591,37.6449],[138.9598,37.6451],[138.9604,37.6453],[138.9607,37.6454],[138.9608,37.6454],[138.961,37.6455],[138.9605,37.6443],[138.9608,37.6442],[138.9617,37.6439],[138.9629,37.6436],[138.9636,37.6434],[138.9643,37.6432],[138.9643,37.6428],[138.9643,37.6415],[138.9649,37.6415],[138.965,37.6418],[138.965,37.642],[138.965,37.6423],[138.965,37.6426],[138.965,37.6432],[138.9656,37.6432],[138.9657,37.645],[138.9657,37.645],[138.9671,37.6446],[138.9668,37.6457],[138.9675,37.6458],[138.9675,37.6456],[138.9682,37.6457],[138.9683,37.645],[138.9699,37.6453],[138.9698,37.646],[138.9704,37.6461],[138.9707,37.6449],[138.9707,37.6447],[138.9714,37.6448],[138.9716,37.6441],[138.9717,37.6439],[138.9717,37.6438],[138.9721,37.6439],[138.9723,37.6439],[138.9723,37.644],[138.9723,37.6441],[138.9722,37.6443],[138.9721,37.6444],[138.9721,37.6445],[138.972,37.6447],[138.972,37.6449],[138.972,37.645],[138.9731,37.6449],[138.973,37.6445],[138.9729,37.6432],[138.9728,37.6431],[138.9737,37.643],[138.9736,37.6418],[138.9736,37.6418],[138.9734,37.6407],[138.9744,37.6406],[138.9745,37.6416],[138.9745,37.6416],[138.9754,37.6415],[138.9754,37.6418],[138.9755,37.6429],[138.9755,37.6429],[138.9747,37.6429],[138.9749,37.6448],[138.9758,37.6447],[138.9758,37.645],[138.9767,37.6449],[138.9766,37.6446],[138.9766,37.6446],[138.977,37.6446],[138.9771,37.6443],[138.9771,37.6441],[138.9771,37.6439],[138.9771,37.6439],[138.9774,37.6439],[138.9775,37.6439],[138.9779,37.6439],[138.9778,37.6445],[138.9784,37.6445],[138.9785,37.644],[138.9786,37.6435],[138.9786,37.6435],[138.9787,37.6428],[138.9789,37.6424],[138.979,37.6421],[138.979,37.6419],[138.9789,37.6415],[138.9789,37.6412],[138.9788,37.6408],[138.9794,37.6409],[138.9797,37.6408],[138.9797,37.6404],[138.9803,37.6405],[138.9806,37.6405],[138.9815,37.6407],[138.9817,37.6398],[138.9806,37.6396],[138.9808,37.6393],[138.9808,37.6392],[138.9809,37.6389],[138.9809,37.6387],[138.9809,37.6386],[138.9809,37.6386],[138.9809,37.6386],[138.9809,37.6385],[138.9808,37.6385],[138.9808,37.6383],[138.9809,37.6381],[138.9809,37.6381],[138.981,37.6379],[138.9811,37.6378],[138.9811,37.6376],[138.9812,37.6377],[138.9813,37.6377],[138.9816,37.6377],[138.9817,37.6373],[138.9818,37.6369],[138.9818,37.6366],[138.9818,37.6364],[138.9819,37.6363],[138.9819,37.6362],[138.982,37.6362],[138.982,37.6361],[138.982,37.6361],[138.9819,37.6359],[138.9819,37.6359],[138.9816,37.636],[138.9813,37.6362],[138.9806,37.6359],[138.9794,37.6373],[138.9794,37.6373],[138.9792,37.6373],[138.9792,37.6373],[138.9791,37.6372],[138.979,37.6372],[138.9788,37.6372],[138.9786,37.637],[138.9798,37.6355],[138.9801,37.6351],[138.9808,37.6343],[138.9811,37.6339],[138.9818,37.6343],[138.9825,37.6347],[138.9825,37.6346],[138.9835,37.6347],[138.9837,37.6348],[138.9836,37.6346],[138.9835,37.6345],[138.9835,37.6344],[138.9834,37.6343],[138.9834,37.6342],[138.9833,37.634],[138.9833,37.6337],[138.9833,37.6335],[138.9835,37.6336],[138.9837,37.6336],[138.9846,37.6337],[138.9855,37.6338],[138.9855,37.6338],[138.9854,37.6344],[138.9858,37.6342],[138.986,37.6341],[138.9861,37.6341],[138.9863,37.6341],[138.9864,37.6341],[138.9865,37.634],[138.9866,37.634],[138.9863,37.6339],[138.9868,37.6318],[138.9859,37.6317],[138.986,37.6312],[138.9869,37.6314],[138.987,37.6306],[138.9872,37.6297],[138.9863,37.6296],[138.9854,37.6295],[138.9857,37.6283],[138.9848,37.6282],[138.9848,37.628],[138.9849,37.6278],[138.985,37.6273],[138.9852,37.6263],[138.9856,37.6261],[138.9861,37.6258],[138.9867,37.6255],[138.9872,37.6252],[138.9882,37.6246],[138.9885,37.6245],[138.9888,37.6243],[138.9892,37.624],[138.9893,37.6239],[138.9895,37.6238],[138.9897,37.6236],[138.9898,37.6236],[138.9899,37.6235],[138.99,37.6233],[138.9902,37.623],[138.9903,37.6229],[138.9905,37.6226],[138.9906,37.6225],[138.9908,37.6221],[138.9908,37.6219],[138.9905,37.6219],[138.9904,37.6218],[138.9904,37.6214],[138.9904,37.6212],[138.9906,37.6208],[138.9909,37.6206],[138.9911,37.6207],[138.9913,37.6207],[138.9918,37.6196],[138.9919,37.6193],[138.992,37.619],[138.9917,37.6191],[138.9911,37.6189],[138.9911,37.6189],[138.9908,37.6188],[138.9905,37.6188],[138.9904,37.6186],[138.9906,37.6183],[138.9907,37.6181],[138.9908,37.6178],[138.991,37.6176],[138.9911,37.6175],[138.9912,37.6176],[138.9913,37.6177],[138.9916,37.6177],[138.9918,37.6177],[138.9921,37.6177],[138.9921,37.6174],[138.9922,37.6172],[138.9924,37.6165],[138.993,37.6166],[138.993,37.6166],[138.9934,37.6156],[138.9935,37.6153],[138.9938,37.6145],[138.9945,37.6127],[138.9948,37.6119],[138.9945,37.6119],[138.9941,37.6119],[138.9943,37.6114],[138.9944,37.6111],[138.9945,37.611],[138.9948,37.6106],[138.9951,37.6107],[138.9953,37.6108],[138.996,37.61],[138.9972,37.6085],[138.9964,37.6082],[138.9958,37.6079],[138.9952,37.6077],[138.9946,37.6086],[138.9934,37.608],[138.9937,37.6076],[138.9934,37.6076],[138.9931,37.6076],[138.9927,37.6075],[138.9926,37.6075],[138.9926,37.6076],[138.9925,37.608],[138.9924,37.6086],[138.9929,37.6088],[138.9931,37.6088],[138.9934,37.6089],[138.9934,37.6089],[138.9936,37.6091],[138.9934,37.6093],[138.9934,37.6092],[138.9931,37.6097],[138.9936,37.6099],[138.994,37.6093],[138.9946,37.6096],[138.9941,37.6104],[138.994,37.6105],[138.994,37.6106],[138.994,37.6107],[138.994,37.6108],[138.9939,37.6109],[138.9939,37.611],[138.9939,37.6111],[138.9939,37.6112],[138.9938,37.6112],[138.9937,37.6117],[138.9936,37.6118],[138.9934,37.6121],[138.9933,37.6121],[138.9928,37.6123],[138.9924,37.6125],[138.992,37.6126],[138.992,37.6126],[138.9918,37.6126],[138.9913,37.6131],[138.9911,37.6131],[138.9907,37.6132],[138.99,37.6129],[138.9897,37.6131],[138.9893,37.6134],[138.9889,37.6137],[138.9884,37.6139],[138.9885,37.614],[138.9878,37.6149],[138.9875,37.6153],[138.9865,37.6167],[138.986,37.6164],[138.9854,37.6161],[138.9851,37.6165],[138.9848,37.6169],[138.9845,37.6173],[138.9841,37.6171],[138.984,37.6173],[138.9839,37.6176],[138.9838,37.6178],[138.9837,37.618],[138.9841,37.6181],[138.9839,37.6185],[138.9839,37.6189],[138.9846,37.6192],[138.9852,37.6195],[138.9856,37.6189],[138.9861,37.6183],[138.9866,37.6186],[138.9864,37.6189],[138.9857,37.6198],[138.9863,37.62],[138.9857,37.6209],[138.9851,37.6207],[138.985,37.6207],[138.9848,37.6205],[138.9846,37.6204],[138.9844,37.6202],[138.9842,37.6202],[138.9839,37.6201],[138.9836,37.6201],[138.9836,37.6205],[138.9848,37.6207],[138.9846,37.6207],[138.9843,37.6207],[138.984,37.6211],[138.9837,37.6213],[138.9834,37.6217],[138.9834,37.6218],[138.9834,37.6219],[138.9828,37.6226],[138.9834,37.6229],[138.9827,37.6239],[138.9821,37.624],[138.9817,37.6238],[138.9819,37.6238],[138.9819,37.6238],[138.982,37.6237],[138.982,37.6236],[138.9821,37.6236],[138.9822,37.6235],[138.9819,37.6233],[138.9812,37.6229],[138.981,37.6231],[138.9808,37.6233],[138.9805,37.6234],[138.9803,37.6235],[138.98,37.6236],[138.9798,37.6236],[138.979,37.6236],[138.9788,37.6236],[138.9784,37.6235],[138.9771,37.6233],[138.9763,37.6231],[138.9753,37.6229],[138.9743,37.6227],[138.9739,37.6226],[138.974,37.622],[138.9745,37.622],[138.975,37.6221],[138.9756,37.6222],[138.9756,37.6219],[138.9756,37.6202],[138.9771,37.6202],[138.9771,37.6202],[138.9786,37.6201],[138.9788,37.6201]]]},"properties":{"name":"三条市","pop":1}},{"type":"Feature","geometry":{"type":"Polygon","coordinates":[[[138.5713,37.3567],[138.5715,37.3574],[138.5716,37.358],[138.5716,37.358],[138.5718,37.3588],[138.5719,37.3593],[138.5721,37.3592],[138.5724,37.3592],[138.5728,37.3592],[138.5729,37.3588],[138.5728,37.3587],[138.5727,37.3585],[138.5725,37.3584],[138.5723,37.3584],[138.5723,37.3584],[138.5723,37.3582],[138.5722,37.358],[138.5722,37.3578],[138.5723,37.3578],[138.5724,37.3574],[138.5725,37.357],[138.5726,37.3569],[138.5726,37.3568],[138.5726,37.3566],[138.5725,37.3564],[138.5717,37.3566],[138.5713,37.3567]]]},"properties":{"name":"柏崎市","pop":1}},{"type":"Feature","geometry":{"type":"Polygon","coordinates":[[[138.5713,37.3567],[138.5712,37.3562],[138.5711,37.3558],[138.571,37.3556],[138.571,37.3555],[138.5709,37.3554],[138.5709,37.3552],[138.5698,37.3554],[138.5688,37.3555],[138.5681,37.3556],[138.568,37.3551],[138.568,37.355],[138.5676,37.3555],[138.5671,37.3563],[138.5667,37.3568],[138.5662,37.3575],[138.566,37.3575],[138.5653,37.3576],[138.5647,37.3577],[138.564,37.3578],[138.5642,37.3587],[138.5643,37.359],[138.5636,37.3591],[138.5634,37.3579],[138.5628,37.358],[138.5627,37.358],[138.562,37.3581],[138.5617,37.3581],[138.5614,37.3582],[138.5596,37.3576],[138.5599,37.3571],[138.5578,37.3565],[138.558,37.356],[138.5583,37.3555],[138.5588,37.3545],[138.559,37.354],[138.5593,37.3535],[138.5572,37.3529],[138.5576,37.352],[138.557,37.3518],[138.5568,37.352],[138.5565,37.3524],[138.5564,37.3526],[138.5562,37.3529],[138.556,37.3533],[138.5559,37.3534],[138.5556,37.3539],[138.5555,37.3541],[138.5555,37.3543],[138.5555,37.3546],[138.5556,37.3547],[138.5556,37.3549],[138.5556,37.355],[138.5556,37.3551],[138.5555,37.3551],[138.5554,37.355],[138.5553,37.355],[138.5553,37.355],[138.5552,37.3551],[138.5552,37.3551],[138.5552,37.3552],[138.5552,37.3553],[138.555,37.3553],[138.5549,37.3553],[138.5548,37.3553],[138.5547,37.3552],[138.5546,37.3552],[138.5545,37.3552],[138.5544,37.3552],[138.5543,37.3552],[138.5541,37.3553],[138.5539,37.3554],[138.5539,37.3554],[138.5538,37.3554],[138.5536,37.3555],[138.5535,37.3555],[138.5532,37.3556],[138.553,37.3557],[138.5527,37.3558],[138.5524,37.3559],[138.5521,37.356],[138.5518,37.3561],[138.5518,37.3561],[138.5518,37.3563],[138.5518,37.3565],[138.5518,37.3565],[138.5518,37.3567],[138.5518,37.3569],[138.5518,37.357],[138.5518,37.3575],[138.5518,37.3576],[138.5517,37.3579],[138.5516,37.358],[138.5515,37.3582],[138.5513,37.3584],[138.5511,37.3585],[138.5511,37.3586],[138.5506,37.359],[138.5503,37.3593],[138.5502,37.3595],[138.5501,37.3597],[138.55,37.3601],[138.5522,37.3605],[138.5521,37.3609],[138.5515,37.3608],[138.5515,37.3608],[138.5507,37.3607],[138.55,37.3605],[138.5499,37.3611],[138.5498,37.3614],[138.5493,37.3619],[138.549,37.3624],[138.5492,37.3626],[138.5493,37.3628],[138.5484,37.3629],[138.5488,37.3638],[138.5493,37.3643],[138.5491,37.3643],[138.5489,37.3643],[138.5484,37.3643],[138.5477,37.3643],[138.5474,37.3643],[138.5473,37.3642],[138.5466,37.3639],[138.5468,37.3638],[138.547,37.3636],[138.5473,37.3633],[138.5475,37.3631],[138.5474,37.3631],[138.5472,37.363],[138.547,37.3629],[138.5467,37.3626],[138.5468,37.3623],[138.5469,37.3622],[138.5469,37.362],[138.547,37.3617],[138.547,37.3617],[138.547,37.3616],[138.547,37.3615],[138.547,37.3614],[138.5465,37.3614],[138.5459,37.3614],[138.5451,37.3614],[138.5452,37.3612],[138.5452,37.3611],[138.5453,37.3609],[138.5454,37.3606],[138.5454,37.3604],[138.5456,37.3601],[138.5457,37.3599],[138.5456,37.3596],[138.5455,37.3593],[138.5454,37.3593],[138.5454,37.3592],[138.5453,37.3592],[138.5452,37.3592],[138.5452,37.3593],[138.5451,37.3593],[138.5451,37.3593],[138.5451,37.3594],[138.5451,37.3594],[138.545,37.3597],[138.545,37.3597],[138.545,37.3599],[138.5449,37.3599],[138.5449,37.3599],[138.5448,37.36],[138.5448,37.3598],[138.5447,37.3598],[138.5447,37.3598],[138.5446,37.3597],[138.5445,37.3597],[138.5444,37.3594],[138.5441,37.3593],[138.5439,37.3593],[138.5437,37.3594],[138.5436,37.3596],[138.5435,37.3598],[138.5435,37.3599],[138.5433,37.3602],[138.5432,37.3603],[138.5432,37.3604],[138.5431,37.36],[138.5429,37.36],[138.5429,37.3602],[138.5426,37.3602],[138.5426,37.3605],[138.5427,37.3606],[138.5428,37.3608],[138.543,37.3609],[138.5431,37.361],[138.5432,37.3611],[138.5432,37.3611],[138.5433,37.3612],[138.5433,37.3614],[138.5428,37.3614],[138.5425,37.3614],[138.5422,37.3615],[138.5421,37.3613],[138.5419,37.361],[138.5418,37.3608],[138.5416,37.3606],[138.5415,37.3605],[138.5415,37.3604],[138.5414,37.3603],[138.5413,37.3603],[138.5412,37.3603],[138.5411,37.3603],[138.5409,37.3603],[138.5406,37.3604],[138.5401,37.3606],[138.54,37.3607],[138.54,37.3608],[138.54,37.3609],[138.54,37.3609],[138.54,37.361],[138.5402,37.361],[138.5402,37.361],[138.5398,37.3612],[138.5398,37.3611],[138.539,37.3614],[138.5387,37.3615],[138.5384,37.3616],[138.5379,37.3619],[138.5381,37.362],[138.5381,37.3621],[138.5382,37.3624],[138.5382,37.3626],[138.538,37.3626],[138.5379,37.3626],[138.5374,37.3626],[138.5368,37.3627],[138.5364,37.3626],[138.5363,37.363],[138.5364,37.3631],[138.5366,37.3634],[138.5367,37.3636],[138.5368,37.3637],[138.5366,37.3638],[138.5364,37.3638],[138.5362,37.3639],[138.5361,37.364],[138.5358,37.364],[138.5356,37.364],[138.5354,37.364],[138.5352,37.3639],[138.5348,37.3638],[138.5341,37.3636],[138.5338,37.3636],[138.5334,37.3635],[138.5331,37.3638],[138.5331,37.3639],[138.5331,37.364],[138.5331,37.3641],[138.5317,37.3645],[138.5314,37.3646],[138.5308,37.3648],[138.5304,37.3649],[138.5302,37.365],[138.53,37.3651],[138.5299,37.3652],[138.5299,37.3653],[138.5299,37.3654],[138.53,37.3655],[138.53,37.3657],[138.5297,37.3658],[138.5297,37.366],[138.5298,37.366],[138.5298,37.3661],[138.5298,37.3661],[138.5298,37.3661],[138.5298,37.3661],[138.5298,37.3662],[138.5299,37.3662],[138.5299,37.3663],[138.5299,37.3663],[138.53,37.3665],[138.5307,37.3668],[138.5326,37.3676],[138.5326,37.3677],[138.5341,37.3683],[138.5344,37.3685],[138.536,37.3699],[138.5373,37.373],[138.5391,37.3775],[138.5392,37.3775],[138.5393,37.3774],[138.5392,37.3771],[138.539,37.3766],[138.5385,37.3755],[138.5384,37.375],[138.5384,37.375],[138.5383,37.3749],[138.5383,37.3749],[138.5381,37.3743],[138.5378,37.3738],[138.5378,37.3738],[138.5376,37.3732],[138.5375,37.3729],[138.5374,37.3729],[138.5372,37.3724],[138.537,37.3717],[138.5367,37.371],[138.5365,37.3704],[138.5363,37.3701],[138.5362,37.3699],[138.5354,37.3691],[138.5347,37.3686],[138.5344,37.3683],[138.5344,37.3683],[138.5343,37.3682],[138.5343,37.3682],[138.5342,37.3682],[138.5338,37.368],[138.5333,37.3678],[138.5333,37.3678],[138.5327,37.3676],[138.5327,37.3676],[138.5321,37.3673],[138.5323,37.3669],[138.5319,37.3667],[138.5319,37.3667],[138.5317,37.3665],[138.5311,37.3661],[138.5308,37.3659],[138.5305,37.3653],[138.5305,37.3653],[138.5309,37.3652],[138.5314,37.365],[138.5319,37.3649],[138.5321,37.3653],[138.5322,37.3656],[138.5326,37.3655],[138.5329,37.3654],[138.5329,37.3653],[138.5328,37.3651],[138.5326,37.3647],[138.5333,37.3645],[138.5333,37.3645],[138.5336,37.3645],[138.5338,37.3645],[138.5338,37.3647],[138.5338,37.3647],[138.5338,37.3646],[138.5356,37.3651],[138.5354,37.3656],[138.5353,37.3655],[138.535,37.3663],[138.5348,37.3667],[138.5348,37.3667],[138.5347,37.3669],[138.5348,37.3669],[138.5348,37.3669],[138.5349,37.3669],[138.5348,37.367],[138.5348,37.367],[138.5348,37.3671],[138.5348,37.3671],[138.5348,37.3671],[138.5348,37.3671],[138.5349,37.3669],[138.5362,37.3673],[138.5364,37.3667],[138.5368,37.3659],[138.5376,37.3661],[138.5382,37.3663],[138.538,37.3667],[138.538,37.3667],[138.5377,37.3673],[138.5376,37.3677],[138.5381,37.3679],[138.54,37.369],[138.5409,37.3695],[138.5415,37.3697],[138.5413,37.37],[138.5413,37.37],[138.5412,37.3703],[138.5412,37.3703],[138.541,37.3708],[138.541,37.3708],[138.5409,37.3709],[138.5406,37.3716],[138.5405,37.3716],[138.5404,37.3719],[138.5407,37.3719],[138.5407,37.3718],[138.5413,37.3718],[138.5415,37.3724],[138.5417,37.3728],[138.5417,37.3729],[138.5419,37.3735],[138.5424,37.3747],[138.5425,37.375],[138.5425,37.375],[138.5429,37.3759],[138.543,37.3762],[138.5432,37.3762],[138.5432,37.376],[138.5431,37.376],[138.5431,37.376],[138.543,37.3757],[138.5429,37.3755],[138.5428,37.3753],[138.5427,37.375],[138.5427,37.375],[138.5427,37.375],[138.5426,37.3748],[138.5425,37.3746],[138.5423,37.374],[138.5422,37.3738],[138.5421,37.3735],[138.5421,37.3735],[138.5418,37.373],[138.5417,37.3727],[138.5417,37.3727],[138.5417,37.3726],[138.5417,37.3726],[138.5416,37.3726],[138.5415,37.3722],[138.5414,37.3721],[138.5413,37.3718],[138.5412,37.3716],[138.5411,37.3712],[138.541,37.3709],[138.5412,37.3704],[138.5417,37.3693],[138.5417,37.3693],[138.5419,37.3687],[138.5421,37.3683],[138.5421,37.3683],[138.5421,37.3683],[138.5422,37.3683],[138.5422,37.3683],[138.5423,37.3682],[138.5423,37.3682],[138.5424,37.3682],[138.5424,37.3682],[138.5425,37.3682],[138.5426,37.3682],[138.5426,37.3682],[138.5426,37.3682],[138.5427,37.3681],[138.5427,37.3681],[138.5427,37.3681],[138.5427,37.3681],[138.5428,37.3681],[138.5429,37.368],[138.5429,37.368],[138.5429,37.368],[138.5429,37.368],[138.5429,37.3679],[138.5431,37.3674],[138.5431,37.3674],[138.5431,37.3674],[138.5434,37.3676],[138.5434,37.3675],[138.5436,37.3677],[138.5436,37.3678],[138.5436,37.3679],[138.5436,37.3679],[138.5436,37.3678],[138.5435,37.3678],[138.5435,37.3683],[138.5437,37.3685],[138.5438,37.3685],[138.5438,37.3685],[138.5438,37.3685],[138.5439,37.3686],[138.5439,37.3686],[138.5439,37.3687],[138.5439,37.3687],[138.5439,37.3688],[138.5439,37.3688],[138.5439,37.3688],[138.5439,37.3689],[138.5439,37.369],[138.5437,37.3698],[138.5436,37.3704],[138.5437,37.3709],[138.5437,37.3714],[138.5437,37.3715],[138.5437,37.3716],[138.5437,37.3717],[138.5437,37.3718],[138.5438,37.3719],[138.5438,37.3719],[138.5438,37.372],[138.5438,37.3721],[138.5439,37.3722],[138.544,37.3726],[138.5441,37.3727],[138.5441,37.3728],[138.5445,37.3738],[138.5446,37.3738],[138.5444,37.3732],[138.5442,37.3727],[138.5441,37.3724],[138.5441,37.3724],[138.5442,37.3724],[138.5443,37.3723],[138.5445,37.3723],[138.5446,37.3723],[138.5448,37.3722],[138.5449,37.3722],[138.545,37.3722],[138.5452,37.3722],[138.5453,37.3722],[138.5454,37.3722],[138.5456,37.3722],[138.5457,37.3722],[138.5459,37.3723],[138.546,37.3723],[138.5461,37.3723],[138.5462,37.3723],[138.5464,37.3724],[138.5465,37.3724],[138.5465,37.3724],[138.5465,37.3725],[138.5465,37.3725],[138.5466,37.3725],[138.5467,37.3725],[138.5467,37.3725],[138.5467,37.3725],[138.5467,37.3725],[138.5467,37.3725],[138.5468,37.3725],[138.5468,37.3725],[138.5468,37.3726],[138.5468,37.3726],[138.5468,37.3726],[138.5468,37.3726],[138.5469,37.3726],[138.5469,37.3726],[138.5469,37.3726],[138.547,37.3726],[138.5471,37.3727],[138.5471,37.3727],[138.5472,37.3727],[138.5472,37.3727],[138.5473,37.3728],[138.5473,37.3728],[138.5474,37.3728],[138.5474,37.3728],[138.5474,37.3729],[138.5474,37.3729],[138.5474,37.3729],[138.5475,37.3729],[138.5475,37.3729],[138.5475,37.3729],[138.5476,37.3729],[138.5476,37.3729],[138.5476,37.373],[138.5476,37.373],[138.5477,37.373],[138.5477,37.373],[138.5477,37.373],[138.5477,37.373],[138.5478,37.373],[138.5478,37.373],[138.5478,37.373],[138.5479,37.3731],[138.5476,37.3735],[138.5476,37.3736],[138.5476,37.3737],[138.5474,37.3742],[138.5473,37.3743],[138.5473,37.3743],[138.5471,37.3746],[138.547,37.375],[138.547,37.375],[138.5469,37.375],[138.5469,37.3752],[138.5468,37.3753],[138.5468,37.3753],[138.5468,37.3754],[138.5468,37.3754],[138.5468,37.3754],[138.5467,37.3754],[138.5467,37.3755],[138.5467,37.3755],[138.5466,37.3755],[138.5466,37.3755],[138.5466,37.3756],[138.5465,37.3756],[138.5465,37.3756],[138.5464,37.3756],[138.5464,37.3756],[138.5464,37.3756],[138.5463,37.3756],[138.5463,37.3755],[138.5461,37.3755],[138.5461,37.3755],[138.5463,37.3756],[138.5463,37.3756],[138.5463,37.3756],[138.5464,37.3756],[138.5464,37.3756],[138.5465,37.3756],[138.5465,37.3756],[138.5466,37.3756],[138.5466,37.3756],[138.5467,37.3756],[138.5467,37.3755],[138.5468,37.3755],[138.5468,37.3754],[138.5468,37.3754],[138.5468,37.3753],[138.5469,37.3753],[138.5469,37.3752],[138.5469,37.3751],[138.547,37.3751],[138.547,37.3749],[138.5471,37.3748],[138.5473,37.3748],[138.5475,37.3747],[138.5476,37.3747],[138.5477,37.3748],[138.5477,37.3748],[138.5478,37.3748],[138.5478,37.3748],[138.5479,37.3748],[138.5479,37.3748],[138.548,37.3747],[138.5481,37.3747],[138.5481,37.3747],[138.5482,37.3747],[138.5482,37.3747],[138.5483,37.3747],[138.5484,37.3747],[138.5484,37.3747],[138.5485,37.3747],[138.5485,37.3747],[138.5486,37.3747],[138.5486,37.3747],[138.5487,37.3747],[138.5487,37.3747],[138.5487,37.3747],[138.5488,37.3747],[138.5489,37.3747],[138.5489,37.3747],[138.549,37.3747],[138.549,37.3747],[138.5491,37.3747],[138.5492,37.3747],[138.5494,37.3747],[138.5494,37.3747],[138.5496,37.3747],[138.5497,37.3747],[138.5498,37.3747],[138.5499,37.3747],[138.5501,37.3748],[138.5502,37.3748],[138.5503,37.3748],[138.5505,37.3748],[138.5505,37.3748],[138.5506,37.3748],[138.5506,37.3748],[138.5507,37.3748],[138.5507,37.3748],[138.5507,37.3748],[138.5508,37.3749],[138.5508,37.3749],[138.5508,37.3749],[138.5508,37.3749],[138.5509,37.3749],[138.5509,37.3749],[138.5509,37.3749],[138.5509,37.375],[138.551,37.3749],[138.5523,37.3762],[138.5524,37.3763],[138.5533,37.3772],[138.5536,37.3775],[138.554,37.378],[138.554,37.378],[138.554,37.378],[138.554,37.378],[138.5541,37.378],[138.5554,37.3795],[138.5558,37.3799],[138.5559,37.38],[138.5563,37.3804],[138.5568,37.381],[138.5576,37.3818],[138.558,37.3822],[138.5581,37.3824],[138.5581,37.3824],[138.5582,37.3825],[138.5582,37.3825],[138.5583,37.3826],[138.5583,37.3826],[138.5584,37.3827],[138.5589,37.3833],[138.5589,37.3833],[138.559,37.3834],[138.559,37.3834],[138.5595,37.384],[138.5604,37.385],[138.5603,37.385],[138.561,37.3858],[138.5618,37.3868],[138.562,37.387],[138.562,37.3871],[138.563,37.3881],[138.5631,37.388],[138.564,37.3887],[138.564,37.3887],[138.564,37.3887],[138.564,37.3887],[138.564,37.3888],[138.5641,37.3888],[138.5641,37.3889],[138.5641,37.3889],[138.5641,37.389],[138.5642,37.3891],[138.5643,37.3891],[138.5644,37.3892],[138.5644,37.3893],[138.5645,37.3894],[138.5645,37.3895],[138.5646,37.3895],[138.5646,37.3896],[138.5647,37.3897],[138.5646,37.3898],[138.5646,37.3898],[138.5646,37.3898],[138.5646,37.3898],[138.5647,37.3898],[138.5647,37.3898],[138.5647,37.3898],[138.5648,37.3898],[138.5648,37.3899],[138.5648,37.3899],[138.5649,37.3899],[138.5649,37.3899],[138.565,37.3899],[138.565,37.3899],[138.5651,37.3899],[138.5651,37.3899],[138.5651,37.3898],[138.5651,37.3898],[138.5652,37.3898],[138.5652,37.3898],[138.5652,37.3898],[138.5652,37.3898],[138.5652,37.3898],[138.5652,37.3897],[138.5652,37.3897],[138.5652,37.3897],[138.5652,37.3897],[138.5652,37.3896],[138.5652,37.3896],[138.5652,37.3896],[138.5652,37.3895],[138.5653,37.3895],[138.5652,37.3894],[138.5652,37.3894],[138.5652,37.3894],[138.5652,37.3894],[138.5653,37.3893],[138.5653,37.3893],[138.5654,37.3892],[138.5655,37.3891],[138.5655,37.3891],[138.5656,37.389],[138.5656,37.389],[138.5657,37.3889],[138.5657,37.3889],[138.5657,37.3889],[138.5657,37.3889],[138.5657,37.3889],[138.5657,37.3888],[138.5658,37.3887],[138.5658,37.3887],[138.5658,37.3886],[138.5659,37.3886],[138.5659,37.3885],[138.5659,37.3885],[138.5659,37.3885],[138.5659,37.3885],[138.5659,37.3885],[138.5659,37.3885],[138.5659,37.3885],[138.566,37.3885],[138.568,37.3869],[138.5679,37.3869],[138.5679,37.3869],[138.568,37.3868],[138.568,37.3868],[138.568,37.3869],[138.5684,37.3865],[138.5688,37.3862],[138.5695,37.3856],[138.5697,37.386],[138.5698,37.3863],[138.5696,37.3865],[138.5688,37.3872],[138.5684,37.3876],[138.5671,37.3887],[138.5672,37.3887],[138.5671,37.3887],[138.5671,37.3887],[138.5671,37.3887],[138.5668,37.389],[138.5667,37.3891],[138.5668,37.3891],[138.5667,37.3891],[138.5667,37.3891],[138.5662,37.3895],[138.5662,37.3895],[138.5662,37.3895],[138.5662,37.3895],[138.5659,37.3898],[138.5666,37.3899],[138.5674,37.3909],[138.5677,37.3914],[138.568,37.3913],[138.5687,37.3922],[138.5683,37.3924],[138.5688,37.393],[138.5694,37.3936],[138.57,37.3934],[138.5705,37.3941],[138.571,37.394],[138.5709,37.3938],[138.5715,37.3935],[138.5717,37.3935],[138.573,37.3929],[138.5729,37.3926],[138.5729,37.3925],[138.5725,37.3918],[138.5749,37.3914],[138.5748,37.3913],[138.5745,37.391],[138.5743,37.3908],[138.5743,37.3907],[138.5742,37.3906],[138.5742,37.3903],[138.5742,37.3901],[138.5743,37.3899],[138.5743,37.3897],[138.5744,37.3894],[138.5745,37.3892],[138.5748,37.3886],[138.5749,37.3882],[138.5749,37.3879],[138.5749,37.3877],[138.5749,37.3875],[138.575,37.3872],[138.575,37.3871],[138.575,37.3868],[138.575,37.3867],[138.575,37.3864],[138.5749,37.3862],[138.5749,37.3862],[138.5749,37.3859],[138.5748,37.3857],[138.5747,37.3855],[138.5747,37.3853],[138.5746,37.3852],[138.5745,37.3851],[138.5744,37.385],[138.5725,37.3856],[138.5719,37.3846],[138.5717,37.3847],[138.5714,37.3848],[138.5713,37.3849],[138.5711,37.3847],[138.571,37.3844],[138.5709,37.3842],[138.5708,37.3842],[138.5709,37.3841],[138.5709,37.3841],[138.5706,37.3836],[138.5714,37.3833],[138.5718,37.3831],[138.5722,37.3829],[138.5723,37.3831],[138.5728,37.3831],[138.5733,37.3831],[138.5737,37.383],[138.5734,37.3824],[138.5732,37.3823],[138.573,37.3819],[138.5732,37.3818],[138.5734,37.3816],[138.5736,37.3814],[138.5736,37.3813],[138.5737,37.3812],[138.5748,37.3821],[138.575,37.3822],[138.5759,37.383],[138.5761,37.3829],[138.5777,37.3828],[138.5775,37.382],[138.5763,37.3821],[138.5762,37.3817],[138.5762,37.3813],[138.5773,37.3812],[138.5775,37.3812],[138.5775,37.3817],[138.5789,37.3815],[138.5788,37.3811],[138.5782,37.3812],[138.5781,37.3808],[138.578,37.3803],[138.5787,37.3803],[138.5786,37.3799],[138.5786,37.3795],[138.5785,37.3791],[138.5785,37.3787],[138.5784,37.378],[138.5779,37.3781],[138.5769,37.3782],[138.5758,37.3783],[138.5758,37.3786],[138.5745,37.3788],[138.5746,37.3791],[138.5731,37.3792],[138.5725,37.3793],[138.5726,37.379],[138.5727,37.3788],[138.5729,37.3786],[138.5733,37.3783],[138.5738,37.3784],[138.5741,37.3784],[138.5745,37.3784],[138.5744,37.378],[138.575,37.3779],[138.5756,37.3779],[138.5764,37.3778],[138.5767,37.3778],[138.5768,37.3778],[138.5769,37.3778],[138.577,37.3778],[138.577,37.3776],[138.577,37.3775],[138.5771,37.3773],[138.5781,37.3768],[138.5797,37.3761],[138.5795,37.3756],[138.5794,37.3751],[138.5793,37.3749],[138.5793,37.3748],[138.5791,37.3742],[138.5789,37.3737],[138.5793,37.3737],[138.5801,37.3738],[138.5801,37.3742],[138.5799,37.3746],[138.5799,37.3748],[138.5803,37.3749],[138.5804,37.3743],[138.5809,37.3744],[138.5811,37.3747],[138.5815,37.3745],[138.5816,37.3745],[138.5817,37.3741],[138.5819,37.3737],[138.582,37.3735],[138.5823,37.3732],[138.5825,37.3731],[138.5829,37.3729],[138.5831,37.3729],[138.5829,37.3727],[138.5826,37.3724],[138.5825,37.3723],[138.5824,37.3722],[138.5827,37.3721],[138.5832,37.372],[138.5835,37.3719],[138.5839,37.3718],[138.5844,37.3716],[138.5845,37.3719],[138.5846,37.3722],[138.5846,37.3723],[138.5845,37.3725],[138.5846,37.3725],[138.5846,37.3726],[138.5843,37.3727],[138.5841,37.3725],[138.5839,37.3726],[138.5841,37.373],[138.5844,37.3735],[138.5847,37.374],[138.5852,37.3738],[138.585,37.3732],[138.585,37.3732],[138.5848,37.3729],[138.5854,37.3727],[138.5859,37.3725],[138.586,37.3725],[138.5856,37.3719],[138.5854,37.3717],[138.5851,37.3713],[138.5857,37.371],[138.5859,37.3709],[138.5869,37.3705],[138.5873,37.371],[138.5875,37.3713],[138.5876,37.3714],[138.5883,37.371],[138.5888,37.3707],[138.5892,37.3704],[138.5894,37.3702],[138.5895,37.3701],[138.5894,37.3701],[138.5893,37.3701],[138.5892,37.3699],[138.5893,37.3694],[138.5894,37.369],[138.5895,37.3689],[138.5893,37.3684],[138.589,37.3679],[138.5895,37.3676],[138.5896,37.3675],[138.5897,37.3674],[138.5898,37.3674],[138.5899,37.3674],[138.5899,37.3674],[138.59,37.3673],[138.5901,37.3673],[138.5901,37.3672],[138.5902,37.3672],[138.5903,37.3672],[138.5904,37.3671],[138.5904,37.3671],[138.5905,37.3671],[138.5905,37.367],[138.5905,37.3669],[138.5905,37.3669],[138.5905,37.3668],[138.5905,37.3668],[138.5904,37.3667],[138.5903,37.3666],[138.5902,37.3665],[138.5901,37.3665],[138.5901,37.3664],[138.5901,37.3664],[138.5901,37.3663],[138.5902,37.3663],[138.5903,37.3662],[138.5903,37.3662],[138.5904,37.3662],[138.5904,37.3661],[138.5905,37.3661],[138.5905,37.3661],[138.5905,37.3661],[138.5905,37.3659],[138.5903,37.366],[138.59,37.3661],[138.5897,37.3662],[138.5893,37.3663],[138.5891,37.3663],[138.589,37.3663],[138.5889,37.3664],[138.5887,37.3665],[138.5886,37.3666],[138.5886,37.3666],[138.5885,37.3667],[138.5884,37.3667],[138.5883,37.3667],[138.5882,37.3666],[138.5879,37.3665],[138.5878,37.3664],[138.5877,37.3664],[138.5876,37.3664],[138.5875,37.3664],[138.5873,37.3665],[138.5871,37.3665],[138.587,37.3662],[138.5869,37.3662],[138.5869,37.3664],[138.5868,37.3664],[138.5868,37.3662],[138.5865,37.3663],[138.5865,37.3663],[138.5866,37.3664],[138.5868,37.3665],[138.5869,37.3665],[138.5869,37.3666],[138.5869,37.3668],[138.587,37.3673],[138.5871,37.3674],[138.5872,37.3676],[138.5872,37.3678],[138.5872,37.3681],[138.5872,37.3689],[138.5852,37.3692],[138.5851,37.3689],[138.585,37.3682],[138.5849,37.3679],[138.5847,37.3671],[138.5835,37.3673],[138.5827,37.3674],[138.5823,37.3675],[138.5822,37.3667],[138.5821,37.3665],[138.5835,37.3662],[138.5844,37.3661],[138.5845,37.3661],[138.5842,37.366],[138.5831,37.3656],[138.5825,37.3655],[138.5822,37.3654],[138.582,37.3653],[138.5819,37.3653],[138.5818,37.3653],[138.5817,37.3653],[138.5817,37.3653],[138.5816,37.3654],[138.5812,37.3663],[138.5801,37.3662],[138.5788,37.366],[138.5787,37.3659],[138.5807,37.3654],[138.5804,37.3647],[138.5801,37.3639],[138.5801,37.3638],[138.58,37.3632],[138.5784,37.3634],[138.5769,37.3636],[138.5769,37.363],[138.5751,37.3632],[138.5752,37.3637],[138.5752,37.3643],[138.5753,37.3646],[138.5742,37.3648],[138.5741,37.3649],[138.5737,37.3652],[138.5724,37.3651],[138.5725,37.3657],[138.5724,37.3656],[138.5714,37.3649],[138.57,37.3639],[138.5699,37.3653],[138.5688,37.3652],[138.5689,37.3647],[138.5676,37.3646],[138.5677,37.3643],[138.5671,37.3644],[138.5665,37.3645],[138.5656,37.3646],[138.5653,37.3646],[138.5658,37.3613],[138.5661,37.3614],[138.5667,37.3616],[138.5671,37.3619],[138.5675,37.3622],[138.5679,37.3624],[138.568,37.3624],[138.5702,37.3627],[138.5702,37.3634],[138.5703,37.3633],[138.5708,37.3631],[138.5714,37.3629],[138.5714,37.3622],[138.5703,37.3621],[138.5681,37.3619],[138.5682,37.3614],[138.5683,37.3609],[138.5659,37.3606],[138.566,37.3602],[138.566,37.3601],[138.5661,37.3601],[138.5665,37.3602],[138.5675,37.3603],[138.5684,37.3603],[138.5684,37.3598],[138.5685,37.3593],[138.5694,37.3594],[138.5707,37.3595],[138.5707,37.3593],[138.5706,37.3589],[138.5706,37.3586],[138.5694,37.3588],[138.5695,37.359],[138.5686,37.3589],[138.5687,37.3584],[138.5697,37.3582],[138.5705,37.3581],[138.5703,37.3575],[138.5702,37.357],[138.571,37.3569],[138.5713,37.3567]]]},"properties":{"name":"柏崎市","pop":1}},{"type":"Feature","geometry":{"type":"Polygon","coordinates":[[[139.32,37.966],[139.3196,37.9639],[139.3209,37.9638],[139.3212,37.9637],[139.3222,37.9636],[139.3234,37.9635],[139.3247,37.9633],[139.325,37.9633],[139.326,37.9632],[139.3274,37.963],[139.3273,37.9626],[139.3271,37.9619],[139.3278,37.9618],[139.328,37.9629],[139.3287,37.9629],[139.3293,37.9628],[139.3299,37.9627],[139.3298,37.9619],[139.3311,37.9618],[139.3312,37.9626],[139.3318,37.9625],[139.3322,37.9625],[139.3325,37.9624],[139.3324,37.9616],[139.3337,37.9615],[139.3338,37.9622],[139.334,37.9622],[139.3343,37.9621],[139.3345,37.9621],[139.3347,37.962],[139.3348,37.962],[139.3349,37.962],[139.3351,37.9619],[139.3358,37.9616],[139.3359,37.9615],[139.336,37.9615],[139.3362,37.9614],[139.3368,37.961],[139.3379,37.9604],[139.3398,37.9593],[139.3408,37.9587],[139.3418,37.9581],[139.3425,37.9576],[139.3426,37.9576],[139.3428,37.9575],[139.3434,37.9572],[139.3442,37.9568],[139.3451,37.9565],[139.3456,37.9563],[139.3453,37.956],[139.3447,37.9551],[139.3441,37.9541],[139.3465,37.9526],[139.348,37.9518],[139.3494,37.951],[139.3494,37.9509],[139.3502,37.9493],[139.3489,37.9489],[139.3478,37.9486],[139.3475,37.9485],[139.3477,37.9482],[139.3478,37.9481],[139.348,37.948],[139.3481,37.9479],[139.3483,37.9478],[139.3484,37.9476],[139.3486,37.9474],[139.3487,37.9473],[139.3489,37.947],[139.348,37.9467],[139.3474,37.9465],[139.347,37.9464],[139.3462,37.9462],[139.3457,37.9461],[139.346,37.944],[139.3477,37.9441],[139.3477,37.944],[139.348,37.9423],[139.3462,37.9422],[139.3444,37.942],[139.3435,37.9419],[139.3436,37.9412],[139.3437,37.9404],[139.3438,37.9397],[139.3438,37.9396],[139.3438,37.9392],[139.3439,37.9384],[139.344,37.9376],[139.344,37.9376],[139.3441,37.937],[139.3441,37.937],[139.3441,37.9369],[139.3441,37.9368],[139.3442,37.9363],[139.3442,37.9362],[139.3444,37.9361],[139.3447,37.936],[139.3453,37.9357],[139.3457,37.9356],[139.3462,37.9354],[139.3471,37.9351],[139.3474,37.935],[139.3475,37.9348],[139.3475,37.9346],[139.3475,37.9345],[139.3475,37.9345],[139.3473,37.9346],[139.3461,37.9346],[139.3461,37.935],[139.3456,37.935],[139.3456,37.9339],[139.3451,37.9339],[139.3446,37.9339],[139.3446,37.9339],[139.3443,37.9341],[139.3442,37.9343],[139.344,37.9345],[139.3438,37.9346],[139.3436,37.9346],[139.3433,37.9347],[139.3436,37.935],[139.3432,37.9353],[139.3428,37.9348],[139.3424,37.9351],[139.3427,37.9353],[139.3424,37.9355],[139.3409,37.9351],[139.3404,37.935],[139.3395,37.9342],[139.3385,37.9348],[139.3383,37.9349],[139.3376,37.9354],[139.3359,37.9365],[139.3355,37.936],[139.3351,37.9357],[139.3348,37.9358],[139.3345,37.9361],[139.3341,37.9363],[139.334,37.9364],[139.334,37.9364],[139.3339,37.9366],[139.3337,37.9369],[139.3335,37.9368],[139.3333,37.9368],[139.3333,37.9368],[139.3332,37.9368],[139.3332,37.9368],[139.3332,37.9368],[139.3331,37.9368],[139.333,37.9369],[139.3329,37.9369],[139.3328,37.937],[139.3327,37.937],[139.3327,37.937],[139.3326,37.9371],[139.3325,37.9371],[139.3325,37.9372],[139.3325,37.9372],[139.3325,37.9373],[139.3325,37.9374],[139.3325,37.9374],[139.3325,37.9375],[139.3324,37.9375],[139.3324,37.9375],[139.3323,37.9376],[139.3322,37.9377],[139.3319,37.9379],[139.3317,37.938],[139.3316,37.9381],[139.3315,37.9381],[139.3315,37.9381],[139.3313,37.9381],[139.3315,37.9382],[139.3314,37.9382],[139.3313,37.9383],[139.3312,37.9383],[139.3312,37.9384],[139.3318,37.9388],[139.3318,37.9389],[139.3318,37.939],[139.3316,37.939],[139.3315,37.9391],[139.3313,37.9391],[139.3309,37.9393],[139.3306,37.9394],[139.3304,37.9392],[139.3303,37.9392],[139.3302,37.9393],[139.3302,37.9393],[139.3301,37.9394],[139.3301,37.9394],[139.33,37.9394],[139.33,37.9394],[139.33,37.9395],[139.3299,37.9394],[139.3299,37.9394],[139.3298,37.9394],[139.3297,37.9394],[139.3296,37.9394],[139.3294,37.9394],[139.3293,37.9394],[139.3293,37.9395],[139.3292,37.9395],[139.3287,37.9393],[139.3284,37.9398],[139.3283,37.94],[139.3282,37.94],[139.3278,37.9398],[139.3278,37.9398],[139.3274,37.9396],[139.3272,37.9395],[139.3268,37.9393],[139.3267,37.9393],[139.3262,37.9391],[139.3261,37.9391],[139.3262,37.9389],[139.3261,37.9389],[139.3255,37.939],[139.3254,37.9388],[139.3248,37.939],[139.3245,37.9383],[139.3245,37.9381],[139.3242,37.9377],[139.3242,37.9375],[139.3239,37.9375],[139.3238,37.9376],[139.3238,37.9378],[139.3237,37.9378],[139.3236,37.9379],[139.3234,37.9376],[139.3233,37.9376],[139.3231,37.9372],[139.3231,37.9371],[139.3228,37.9363],[139.3221,37.9367],[139.3213,37.9372],[139.3212,37.9372],[139.3204,37.9364],[139.3201,37.9361],[139.3188,37.9379],[139.3198,37.9384],[139.3198,37.9385],[139.318,37.9389],[139.3179,37.939],[139.3163,37.9401],[139.3153,37.9408],[139.3151,37.9407],[139.3143,37.9409],[139.3138,37.941],[139.3135,37.9411],[139.3131,37.9412],[139.3126,37.9413],[139.3121,37.9414],[139.3124,37.942],[139.3125,37.9422],[139.312,37.9424],[139.3119,37.9421],[139.3117,37.9415],[139.3113,37.9416],[139.3114,37.9419],[139.3114,37.9422],[139.3115,37.9424],[139.3111,37.9425],[139.3112,37.943],[139.3114,37.9434],[139.3115,37.9438],[139.3114,37.9441],[139.3114,37.9443],[139.3101,37.9442],[139.3092,37.944],[139.3088,37.944],[139.3086,37.9446],[139.3082,37.9445],[139.3084,37.9435],[139.3084,37.9435],[139.3076,37.9434],[139.3075,37.9438],[139.3074,37.9444],[139.3072,37.945],[139.3066,37.9449],[139.3061,37.9448],[139.306,37.945],[139.3059,37.9452],[139.3058,37.9453],[139.3057,37.9455],[139.3056,37.9456],[139.3054,37.9457],[139.3054,37.9457],[139.3053,37.9459],[139.3051,37.9461],[139.3051,37.9463],[139.3049,37.9464],[139.3048,37.9466],[139.3047,37.9466],[139.3045,37.9467],[139.3042,37.9469],[139.3039,37.9471],[139.3037,37.9472],[139.3035,37.9473],[139.3033,37.9475],[139.3031,37.9476],[139.3031,37.9476],[139.303,37.9476],[139.3029,37.9478],[139.3027,37.948],[139.3026,37.9481],[139.3025,37.9483],[139.3023,37.9485],[139.3023,37.9481],[139.3023,37.948],[139.3023,37.9479],[139.3023,37.9479],[139.3023,37.9478],[139.3022,37.9478],[139.3021,37.9477],[139.302,37.9476],[139.3019,37.9475],[139.3017,37.9473],[139.3015,37.9471],[139.3015,37.947],[139.3012,37.9469],[139.3011,37.947],[139.301,37.947],[139.3009,37.9471],[139.3007,37.9471],[139.3005,37.9471],[139.3004,37.9471],[139.3002,37.9471],[139.3,37.9471],[139.2999,37.9471],[139.2997,37.9471],[139.2995,37.9471],[139.2993,37.9472],[139.299,37.9472],[139.2986,37.9473],[139.2984,37.9474],[139.2981,37.9474],[139.298,37.9475],[139.2979,37.9476],[139.2979,37.9477],[139.298,37.9478],[139.2982,37.9479],[139.2983,37.948],[139.2983,37.9481],[139.2983,37.9482],[139.2984,37.9495],[139.299,37.9495],[139.2997,37.9495],[139.301,37.9494],[139.3015,37.9494],[139.3009,37.9503],[139.3005,37.9507],[139.3001,37.9511],[139.2999,37.9513],[139.2998,37.9514],[139.2999,37.9526],[139.2998,37.9527],[139.2994,37.9525],[139.2994,37.9526],[139.2993,37.9527],[139.2991,37.9527],[139.2991,37.9527],[139.2991,37.9527],[139.2991,37.953],[139.2989,37.9532],[139.2988,37.9536],[139.2988,37.9538],[139.2988,37.954],[139.2986,37.954],[139.2984,37.954],[139.2981,37.9539],[139.298,37.954],[139.2977,37.9542],[139.2975,37.9544],[139.2974,37.9547],[139.2973,37.9549],[139.2972,37.955],[139.2972,37.9551],[139.2972,37.9553],[139.2971,37.9554],[139.2974,37.9554],[139.2975,37.9555],[139.2981,37.9555],[139.2981,37.9561],[139.2987,37.9561],[139.2991,37.9561],[139.2996,37.9561],[139.2997,37.9561],[139.3001,37.9559],[139.3005,37.9557],[139.3007,37.9557],[139.3007,37.9559],[139.3021,37.9559],[139.3021,37.956],[139.3037,37.9567],[139.3048,37.9552],[139.3054,37.9555],[139.3054,37.9556],[139.3054,37.9556],[139.3059,37.9558],[139.3056,37.9562],[139.3049,37.9572],[139.3061,37.9577],[139.3063,37.9579],[139.3067,37.9581],[139.3064,37.9583],[139.3061,37.9585],[139.3057,37.9588],[139.3069,37.9593],[139.3082,37.9599],[139.3082,37.96],[139.3073,37.9613],[139.3077,37.9615],[139.3098,37.961],[139.3104,37.9609],[139.3106,37.9608],[139.3107,37.9608],[139.3109,37.9607],[139.311,37.9607],[139.3111,37.9608],[139.3113,37.9609],[139.3114,37.961],[139.3108,37.9619],[139.3119,37.9624],[139.3123,37.9625],[139.3127,37.9627],[139.3131,37.9629],[139.3134,37.963],[139.3138,37.9632],[139.3142,37.9634],[139.314,37.9637],[139.3137,37.964],[139.3142,37.9641],[139.3146,37.9642],[139.3151,37.9642],[139.3155,37.9643],[139.3159,37.9643],[139.3162,37.9643],[139.3165,37.9642],[139.3166,37.9642],[139.318,37.9641],[139.3183,37.9641],[139.3186,37.9657],[139.3187,37.9661],[139.32,37.966]]]},"properties":{"name":"新発田市","pop":1}},{"type":"Feature","geometry":{"type":"Polygon","coordinates":[[[138.791,37.3198],[138.7911,37.3191],[138.7922,37.3192],[138.7924,37.3185],[138.7925,37.3178],[138.7926,37.3176],[138.793,37.3176],[138.7932,37.3176],[138.7935,37.3176],[138.7938,37.3176],[138.7943,37.3177],[138.7939,37.3173],[138.7938,37.3171],[138.7937,37.3169],[138.7937,37.3167],[138.7947,37.316],[138.7946,37.3159],[138.7945,37.3157],[138.7943,37.3156],[138.7941,37.3155],[138.7939,37.3154],[138.7939,37.3152],[138.7946,37.3149],[138.7957,37.3144],[138.7959,37.3146],[138.7961,37.315],[138.7964,37.3153],[138.7962,37.3154],[138.7958,37.3156],[138.7958,37.3156],[138.7956,37.3169],[138.7957,37.3169],[138.796,37.3169],[138.7963,37.317],[138.7965,37.317],[138.7971,37.3164],[138.7982,37.3172],[138.7977,37.3176],[138.7979,37.3177],[138.798,37.3177],[138.7981,37.3177],[138.7982,37.3177],[138.7983,37.3177],[138.7986,37.3176],[138.7989,37.3174],[138.799,37.3174],[138.799,37.3173],[138.799,37.3173],[138.7989,37.3172],[138.7989,37.3172],[138.7989,37.3171],[138.7988,37.317],[138.7988,37.3169],[138.7988,37.3166],[138.7988,37.3163],[138.7992,37.3164],[138.7994,37.3164],[138.7996,37.3165],[138.8003,37.3167],[138.8003,37.317],[138.8005,37.317],[138.8006,37.317],[138.8008,37.3171],[138.8011,37.3171],[138.8015,37.317],[138.802,37.317],[138.8019,37.3168],[138.8018,37.3163],[138.8017,37.3159],[138.8027,37.3157],[138.8026,37.3162],[138.8027,37.3162],[138.8027,37.3162],[138.8028,37.3162],[138.8028,37.3163],[138.8033,37.3176],[138.8059,37.3169],[138.8067,37.3167],[138.8045,37.3133],[138.8072,37.3121],[138.8077,37.3119],[138.8077,37.3119],[138.8078,37.3118],[138.8078,37.3118],[138.8076,37.3116],[138.8075,37.3114],[138.8074,37.3114],[138.8073,37.3113],[138.8073,37.3112],[138.8072,37.3111],[138.8071,37.311],[138.8071,37.3108],[138.8071,37.3105],[138.807,37.3104],[138.807,37.3099],[138.807,37.3098],[138.8072,37.3098],[138.8073,37.3097],[138.8073,37.3096],[138.8073,37.3095],[138.8072,37.3092],[138.8071,37.309],[138.8079,37.3088],[138.808,37.3089],[138.808,37.309],[138.8081,37.3091],[138.8083,37.3092],[138.8084,37.3093],[138.8086,37.3094],[138.8088,37.3096],[138.8088,37.3097],[138.8088,37.3098],[138.8088,37.3098],[138.8088,37.3099],[138.8088,37.31],[138.8088,37.3101],[138.8088,37.3102],[138.8089,37.3103],[138.8089,37.3104],[138.809,37.3104],[138.809,37.3105],[138.8092,37.3107],[138.8093,37.3108],[138.8094,37.3109],[138.8095,37.3111],[138.8096,37.3111],[138.8097,37.3112],[138.8099,37.3116],[138.8101,37.312],[138.8098,37.3122],[138.8099,37.3122],[138.8099,37.3122],[138.8099,37.3123],[138.81,37.3124],[138.81,37.3125],[138.81,37.3126],[138.81,37.3126],[138.8101,37.3127],[138.8101,37.3127],[138.8102,37.3127],[138.8102,37.3128],[138.8103,37.3128],[138.8103,37.313],[138.8103,37.313],[138.8104,37.3132],[138.8104,37.3133],[138.8104,37.3133],[138.8104,37.3134],[138.8104,37.3136],[138.8104,37.3137],[138.8104,37.3139],[138.8104,37.314],[138.811,37.3145],[138.8118,37.3153],[138.812,37.3151],[138.812,37.315],[138.8121,37.315],[138.8122,37.315],[138.8123,37.3149],[138.8125,37.315],[138.8127,37.3148],[138.8129,37.3147],[138.8129,37.3147],[138.813,37.3146],[138.8131,37.3145],[138.8132,37.3144],[138.8132,37.3144],[138.813,37.3139],[138.8129,37.3136],[138.8127,37.3132],[138.8126,37.313],[138.8126,37.3128],[138.8125,37.3125],[138.8129,37.3125],[138.813,37.3125],[138.8133,37.3125],[138.8133,37.3124],[138.8133,37.3126],[138.8133,37.3129],[138.8133,37.3129],[138.8133,37.313],[138.8133,37.3131],[138.8133,37.3133],[138.8133,37.3134],[138.8133,37.3135],[138.8133,37.3136],[138.8134,37.3137],[138.8136,37.3139],[138.8137,37.3141],[138.8137,37.3142],[138.8137,37.3143],[138.8137,37.3143],[138.8137,37.3144],[138.8138,37.3144],[138.8138,37.3144],[138.8139,37.3143],[138.8139,37.3143],[138.814,37.3141],[138.814,37.314],[138.814,37.3139],[138.814,37.3138],[138.814,37.3138],[138.814,37.3137],[138.8139,37.3137],[138.8139,37.3136],[138.8139,37.3135],[138.8138,37.3134],[138.8138,37.3133],[138.8139,37.3132],[138.8139,37.3132],[138.8139,37.3131],[138.814,37.3131],[138.814,37.3131],[138.8141,37.3131],[138.8142,37.3131],[138.8142,37.3131],[138.8143,37.3132],[138.8143,37.3132],[138.8143,37.313],[138.814,37.3126],[138.8139,37.3124],[138.8138,37.3122],[138.8139,37.3121],[138.8139,37.3119],[138.8139,37.3117],[138.8139,37.3117],[138.814,37.3116],[138.8141,37.3115],[138.8142,37.3112],[138.8144,37.3106],[138.8133,37.3103],[138.8135,37.3099],[138.8136,37.3095],[138.8137,37.3094],[138.8138,37.309],[138.814,37.3086],[138.8143,37.3078],[138.8142,37.3078],[138.8135,37.3077],[138.8141,37.3067],[138.8149,37.3065],[138.8153,37.3056],[138.815,37.3051],[138.8146,37.3051],[138.8149,37.3045],[138.8136,37.3042],[138.8136,37.3042],[138.8136,37.3042],[138.8136,37.3042],[138.8136,37.3039],[138.8137,37.3034],[138.8132,37.3034],[138.813,37.3034],[138.8127,37.3032],[138.8126,37.3032],[138.8127,37.3032],[138.8127,37.3031],[138.8128,37.3028],[138.8128,37.3028],[138.8129,37.3027],[138.8129,37.3026],[138.8129,37.3026],[138.813,37.3026],[138.813,37.3025],[138.8133,37.3025],[138.8135,37.3024],[138.8137,37.3023],[138.8137,37.3023],[138.8132,37.3015],[138.8126,37.3019],[138.8123,37.302],[138.8118,37.3022],[138.8117,37.3022],[138.8115,37.3023],[138.8113,37.3023],[138.8112,37.3024],[138.8109,37.3026],[138.8109,37.3026],[138.8108,37.3026],[138.8107,37.3026],[138.8103,37.3025],[138.8102,37.3024],[138.81,37.3023],[138.8098,37.3021],[138.8096,37.3019],[138.8095,37.3018],[138.8094,37.3015],[138.8092,37.301],[138.809,37.3006],[138.8088,37.3009],[138.8087,37.3011],[138.8087,37.3012],[138.8086,37.3014],[138.8085,37.3016],[138.8085,37.3017],[138.8084,37.3018],[138.8083,37.3021],[138.8083,37.3023],[138.8082,37.3026],[138.8082,37.3026],[138.8082,37.3027],[138.8081,37.3028],[138.8081,37.3029],[138.8084,37.3029],[138.8085,37.3029],[138.8089,37.3029],[138.8087,37.3036],[138.8085,37.3043],[138.8084,37.3043],[138.8084,37.3044],[138.8083,37.3044],[138.8081,37.3044],[138.8081,37.3044],[138.8079,37.3043],[138.8078,37.3048],[138.8077,37.3053],[138.8076,37.3057],[138.8076,37.3058],[138.8074,37.3058],[138.807,37.3058],[138.8067,37.3057],[138.8063,37.3057],[138.806,37.3057],[138.8059,37.3057],[138.806,37.3058],[138.8059,37.306],[138.8059,37.3063],[138.8059,37.3064],[138.8058,37.3064],[138.8056,37.3064],[138.8055,37.3064],[138.8052,37.3065],[138.8051,37.3065],[138.8051,37.3066],[138.8051,37.3067],[138.8051,37.3069],[138.805,37.307],[138.805,37.3072],[138.8049,37.3075],[138.8049,37.3075],[138.8049,37.3075],[138.8051,37.3078],[138.8055,37.3084],[138.8057,37.3087],[138.8056,37.3089],[138.8056,37.309],[138.8056,37.309],[138.8057,37.3092],[138.8059,37.3094],[138.805,37.3097],[138.8028,37.3104],[138.802,37.309],[138.8019,37.3089],[138.8008,37.3091],[138.8006,37.3091],[138.8006,37.3093],[138.8006,37.3095],[138.8007,37.3098],[138.8007,37.31],[138.8008,37.3102],[138.8002,37.31],[138.7997,37.3098],[138.7998,37.3096],[138.7999,37.3096],[138.8,37.3096],[138.8001,37.3095],[138.8003,37.3094],[138.8004,37.3093],[138.8004,37.3093],[138.8005,37.3091],[138.8005,37.3091],[138.8005,37.3087],[138.8006,37.3084],[138.8006,37.3083],[138.8005,37.3083],[138.8005,37.3082],[138.8004,37.3081],[138.8002,37.308],[138.8002,37.3079],[138.8001,37.3079],[138.8,37.3079],[138.7999,37.3079],[138.7999,37.3079],[138.7997,37.3081],[138.7997,37.308],[138.7996,37.3079],[138.7993,37.3076],[138.799,37.3077],[138.799,37.3078],[138.7989,37.3078],[138.7988,37.3079],[138.7986,37.308],[138.7985,37.3081],[138.7984,37.3081],[138.7984,37.308],[138.7983,37.3079],[138.7981,37.3072],[138.7982,37.3072],[138.7983,37.3072],[138.7983,37.3072],[138.7983,37.3071],[138.7983,37.307],[138.7983,37.3068],[138.7983,37.3067],[138.7983,37.3066],[138.7983,37.3066],[138.7983,37.3064],[138.7983,37.3063],[138.7983,37.3063],[138.7984,37.3062],[138.7984,37.3061],[138.7985,37.306],[138.7985,37.3057],[138.7985,37.3057],[138.7989,37.3056],[138.799,37.3058],[138.7991,37.3061],[138.7992,37.3062],[138.7992,37.3062],[138.7993,37.3062],[138.7993,37.3062],[138.7993,37.3064],[138.7993,37.3065],[138.7993,37.3066],[138.7993,37.3066],[138.7993,37.3066],[138.7994,37.3066],[138.7994,37.3066],[138.7994,37.3066],[138.7994,37.3066],[138.7994,37.3069],[138.7994,37.307],[138.7995,37.307],[138.7995,37.3071],[138.7995,37.3071],[138.7996,37.3072],[138.7996,37.3072],[138.7996,37.3073],[138.7997,37.3074],[138.7998,37.3075],[138.7999,37.3076],[138.8,37.3077],[138.8,37.3077],[138.8001,37.3078],[138.8002,37.3078],[138.8003,37.3079],[138.8004,37.3079],[138.8004,37.3079],[138.8004,37.3079],[138.8005,37.3079],[138.8005,37.3079],[138.8005,37.3077],[138.8005,37.3076],[138.8006,37.3075],[138.8007,37.3073],[138.8007,37.3072],[138.8007,37.3072],[138.8008,37.3071],[138.8008,37.307],[138.8008,37.307],[138.8008,37.307],[138.8019,37.307],[138.8018,37.3067],[138.8004,37.307],[138.8002,37.3063],[138.8002,37.3062],[138.8001,37.306],[138.8001,37.3057],[138.8001,37.3057],[138.8,37.3056],[138.8018,37.3053],[138.8018,37.305],[138.8015,37.3049],[138.8007,37.3044],[138.8007,37.3041],[138.8002,37.3041],[138.8002,37.3043],[138.7999,37.3043],[138.7996,37.3043],[138.7995,37.3041],[138.7995,37.3039],[138.7995,37.3038],[138.7995,37.3038],[138.7996,37.3037],[138.7996,37.3036],[138.7996,37.3036],[138.7996,37.3036],[138.7996,37.3034],[138.7996,37.3033],[138.8,37.3033],[138.7999,37.3031],[138.7998,37.3025],[138.7991,37.3025],[138.7991,37.3028],[138.7986,37.3028],[138.7985,37.3025],[138.7984,37.3024],[138.7984,37.3023],[138.7984,37.3022],[138.7982,37.302],[138.7982,37.3019],[138.7979,37.3017],[138.7977,37.3015],[138.7976,37.3014],[138.7975,37.3011],[138.7975,37.301],[138.7974,37.3009],[138.7976,37.3009],[138.7979,37.3009],[138.798,37.3008],[138.798,37.3008],[138.7982,37.3008],[138.7985,37.3008],[138.7987,37.3008],[138.7989,37.3008],[138.7989,37.3008],[138.7992,37.3008],[138.7993,37.3007],[138.7996,37.3007],[138.7996,37.3007],[138.8001,37.3007],[138.8005,37.3008],[138.8009,37.2999],[138.8012,37.2991],[138.8013,37.2989],[138.8001,37.2988],[138.8,37.299],[138.7999,37.299],[138.7999,37.299],[138.7998,37.299],[138.7997,37.2991],[138.7993,37.2991],[138.7989,37.2992],[138.7988,37.2994],[138.7982,37.2995],[138.7981,37.2995],[138.7981,37.2995],[138.7981,37.2996],[138.7982,37.2997],[138.7983,37.3001],[138.7983,37.3001],[138.7983,37.3001],[138.7983,37.3002],[138.7981,37.3003],[138.7979,37.3005],[138.7977,37.3006],[138.7976,37.3006],[138.7973,37.3007],[138.7972,37.3003],[138.797,37.3004],[138.7968,37.3004],[138.7966,37.3004],[138.7963,37.3005],[138.7958,37.3006],[138.7953,37.299],[138.7948,37.299],[138.7943,37.299],[138.7945,37.2998],[138.793,37.2998],[138.7933,37.3001],[138.7937,37.3004],[138.7941,37.3006],[138.7944,37.3008],[138.7947,37.3011],[138.7948,37.3012],[138.7949,37.3013],[138.7949,37.3016],[138.7949,37.3017],[138.7951,37.3019],[138.7952,37.302],[138.7955,37.3022],[138.7956,37.3023],[138.796,37.3026],[138.7963,37.3027],[138.7963,37.3027],[138.7965,37.3028],[138.7966,37.3029],[138.7968,37.3034],[138.7968,37.3034],[138.7968,37.3035],[138.7967,37.3038],[138.7967,37.3039],[138.7967,37.3043],[138.7968,37.3043],[138.7966,37.3046],[138.7965,37.3048],[138.7965,37.3049],[138.7965,37.305],[138.7966,37.3056],[138.7967,37.306],[138.7966,37.3061],[138.7966,37.3062],[138.7965,37.3063],[138.7965,37.3064],[138.7965,37.3064],[138.7964,37.3065],[138.7964,37.3065],[138.7963,37.3065],[138.7963,37.3066],[138.7963,37.3066],[138.7962,37.3067],[138.7962,37.3067],[138.7962,37.3068],[138.7962,37.3068],[138.7961,37.3068],[138.7961,37.3068],[138.796,37.3068],[138.7959,37.3068],[138.796,37.3067],[138.796,37.3066],[138.796,37.3064],[138.7957,37.3062],[138.7952,37.3059],[138.7949,37.3057],[138.7949,37.3057],[138.7947,37.3056],[138.7945,37.3055],[138.7943,37.3054],[138.7941,37.3052],[138.7942,37.3052],[138.7942,37.3052],[138.7942,37.3051],[138.7941,37.3051],[138.7939,37.3048],[138.7937,37.3046],[138.7938,37.3045],[138.7938,37.3045],[138.7939,37.3044],[138.794,37.3043],[138.7941,37.3042],[138.7942,37.3042],[138.7943,37.304],[138.7943,37.3039],[138.7944,37.3039],[138.7944,37.3039],[138.7945,37.3039],[138.7945,37.3039],[138.7945,37.3039],[138.7945,37.3038],[138.7944,37.3037],[138.7943,37.3037],[138.7943,37.3036],[138.7942,37.3035],[138.7942,37.3034],[138.7941,37.3031],[138.794,37.3029],[138.7939,37.3028],[138.7943,37.3025],[138.7942,37.3023],[138.794,37.3021],[138.7937,37.3017],[138.7936,37.3016],[138.7933,37.3011],[138.7932,37.301],[138.7931,37.3009],[138.7931,37.3008],[138.7929,37.3006],[138.7928,37.3005],[138.7928,37.3004],[138.7927,37.3004],[138.7926,37.3004],[138.7924,37.3003],[138.7923,37.3002],[138.7921,37.3001],[138.792,37.3],[138.7919,37.2999],[138.7918,37.2998],[138.7916,37.2997],[138.7915,37.2997],[138.7914,37.2996],[138.7913,37.2996],[138.7912,37.2996],[138.791,37.2996],[138.7909,37.2996],[138.7908,37.2996],[138.7907,37.2996],[138.7906,37.2996],[138.7906,37.2998],[138.7906,37.3],[138.7906,37.3001],[138.7906,37.3001],[138.7906,37.3002],[138.7906,37.3003],[138.7907,37.3004],[138.7907,37.3005],[138.7908,37.3007],[138.7909,37.3011],[138.791,37.301],[138.7914,37.3009],[138.7914,37.3009],[138.7912,37.3012],[138.7911,37.3013],[138.791,37.3014],[138.7909,37.3015],[138.7908,37.3016],[138.7907,37.3018],[138.7906,37.3017],[138.7902,37.3013],[138.79,37.3011],[138.7899,37.3011],[138.7898,37.3011],[138.7896,37.3011],[138.7892,37.3011],[138.7889,37.3011],[138.7889,37.3011],[138.7888,37.301],[138.7887,37.301],[138.7886,37.301],[138.7886,37.301],[138.7885,37.3011],[138.7884,37.3011],[138.7881,37.3012],[138.7877,37.3013],[138.7874,37.3005],[138.7873,37.3003],[138.7874,37.3],[138.7874,37.2998],[138.7876,37.2992],[138.7877,37.2991],[138.7876,37.2991],[138.7873,37.2993],[138.7871,37.2994],[138.7868,37.2995],[138.7866,37.2997],[138.7862,37.3001],[138.7862,37.2999],[138.7862,37.2999],[138.7861,37.2997],[138.7858,37.2995],[138.7853,37.2989],[138.7849,37.2992],[138.7848,37.2992],[138.7847,37.2994],[138.7846,37.3002],[138.7845,37.3007],[138.7844,37.3008],[138.7844,37.301],[138.7844,37.3011],[138.7844,37.3011],[138.7843,37.3013],[138.7843,37.3013],[138.7842,37.3015],[138.7841,37.3016],[138.7841,37.3016],[138.784,37.3018],[138.7846,37.3018],[138.7852,37.3018],[138.7854,37.3018],[138.7855,37.3019],[138.7856,37.302],[138.7856,37.3021],[138.7857,37.3022],[138.7858,37.3024],[138.7859,37.3026],[138.7859,37.3026],[138.7863,37.3033],[138.7865,37.3038],[138.7862,37.304],[138.7863,37.3042],[138.7863,37.3046],[138.7863,37.305],[138.7863,37.305],[138.7865,37.3052],[138.7868,37.3053],[138.7868,37.3053],[138.7869,37.3053],[138.7869,37.3052],[138.787,37.3051],[138.787,37.3051],[138.7872,37.305],[138.7873,37.305],[138.7873,37.305],[138.7873,37.3049],[138.7873,37.3048],[138.7882,37.3047],[138.7884,37.3048],[138.7885,37.305],[138.7886,37.3051],[138.7886,37.3052],[138.7886,37.3052],[138.7887,37.3055],[138.7888,37.3057],[138.7889,37.3058],[138.7891,37.3059],[138.789,37.306],[138.7889,37.3061],[138.7888,37.3061],[138.7882,37.3062],[138.7881,37.306],[138.7875,37.3061],[138.7877,37.3065],[138.7878,37.3068],[138.7879,37.3071],[138.7879,37.3072],[138.788,37.3073],[138.7882,37.3075],[138.7884,37.3077],[138.7886,37.3078],[138.789,37.308],[138.7891,37.308],[138.7893,37.3081],[138.7895,37.3083],[138.7896,37.3084],[138.79,37.3089],[138.7901,37.3091],[138.7901,37.3093],[138.7901,37.3095],[138.7909,37.3093],[138.7914,37.3092],[138.7917,37.3099],[138.7917,37.3101],[138.7917,37.3105],[138.7917,37.3106],[138.7917,37.3107],[138.7916,37.3107],[138.7912,37.3106],[138.7908,37.3105],[138.7906,37.3106],[138.7902,37.3107],[138.79,37.3107],[138.7899,37.3107],[138.7897,37.3106],[138.7896,37.3105],[138.7894,37.3104],[138.7892,37.3103],[138.789,37.3102],[138.7889,37.3102],[138.7887,37.3101],[138.7884,37.3101],[138.7881,37.3101],[138.7879,37.31],[138.7878,37.3099],[138.7868,37.31],[138.7863,37.3101],[138.7859,37.3101],[138.7853,37.3101],[138.7857,37.3113],[138.7859,37.3112],[138.786,37.3111],[138.7867,37.3116],[138.7868,37.3124],[138.787,37.3128],[138.7875,37.3145],[138.788,37.3143],[138.7889,37.3139],[138.7892,37.3143],[138.7883,37.3146],[138.7886,37.3151],[138.7882,37.3153],[138.7879,37.3154],[138.7874,37.3156],[138.7877,37.3158],[138.7879,37.316],[138.7881,37.3162],[138.7885,37.3163],[138.7885,37.3163],[138.7892,37.3166],[138.7894,37.3164],[138.7896,37.3163],[138.7898,37.3162],[138.79,37.3161],[138.7904,37.317],[138.7905,37.317],[138.7921,37.3177],[138.7921,37.3177],[138.792,37.3177],[138.7919,37.3177],[138.7914,37.3177],[138.7901,37.3175],[138.7898,37.3179],[138.7895,37.3182],[138.7895,37.3182],[138.7894,37.3184],[138.7893,37.3186],[138.7893,37.3186],[138.7892,37.3189],[138.7879,37.3187],[138.7877,37.3194],[138.7888,37.3195],[138.7889,37.3196],[138.7894,37.3196],[138.7894,37.3196],[138.7907,37.3198],[138.791,37.3198]]]},"properties":{"name":"小千谷市","pop":1}},{"type":"Feature","geometry":{"type":"Polygon","coordinates":[[[139.0672,37.6525],[139.0676,37.6523],[139.0672,37.6518],[139.0669,37.6514],[139.0667,37.6513],[139.0666,37.6513],[139.0666,37.6514],[139.0664,37.6514],[139.0664,37.6514],[139.0662,37.6514],[139.0661,37.6513],[139.066,37.6514],[139.0666,37.6517],[139.0661,37.6517],[139.0657,37.6518],[139.065,37.651],[139.0647,37.6512],[139.0653,37.652],[139.0656,37.6523],[139.0654,37.6524],[139.0654,37.6529],[139.0662,37.6529],[139.0662,37.6524],[139.0666,37.6523],[139.0671,37.6522],[139.0672,37.6523],[139.0672,37.6523],[139.0672,37.6525]]]},"properties":{"name":"加茂市","pop":1}},{"type":"Feature","geometry":{"type":"Polygon","coordinates":[[[139.0379,37.6558],[139.0383,37.6555],[139.039,37.655],[139.0392,37.6549],[139.0389,37.6548],[139.0386,37.6548],[139.0385,37.6547],[139.0383,37.6545],[139.0381,37.6543],[139.0376,37.6543],[139.0373,37.6544],[139.0366,37.6544],[139.0375,37.6554],[139.0379,37.6558]]]},"properties":{"name":"加茂市","pop":1}},{"type":"Feature","geometry":{"type":"Polygon","coordinates":[[[139.045,37.6677],[139.0456,37.6683],[139.0457,37.6679],[139.0457,37.6677],[139.0458,37.6676],[139.0458,37.6675],[139.0458,37.6674],[139.0462,37.6675],[139.0463,37.6675],[139.0471,37.6679],[139.0474,37.6676],[139.0477,37.6672],[139.0478,37.667],[139.0471,37.6666],[139.047,37.6666],[139.0469,37.6666],[139.0468,37.6666],[139.0468,37.6665],[139.0467,37.6665],[139.0466,37.6666],[139.0465,37.6666],[139.0463,37.6667],[139.0461,37.6667],[139.046,37.6668],[139.0459,37.6669],[139.0458,37.6672],[139.0454,37.6674],[139.045,37.6677]]]},"properties":{"name":"加茂市","pop":1}},{"type":"Feature","geometry":{"type":"Polygon","coordinates":[[[139.0672,37.6525],[139.0672,37.6525],[139.0671,37.6527],[139.0671,37.6528],[139.067,37.653],[139.0668,37.653],[139.0668,37.653],[139.0668,37.6531],[139.0668,37.6531],[139.0668,37.6531],[139.0668,37.6532],[139.0668,37.6532],[139.0668,37.6533],[139.0667,37.6533],[139.0667,37.6534],[139.0667,37.6534],[139.0667,37.6535],[139.0667,37.6535],[139.0667,37.6536],[139.0667,37.6537],[139.0666,37.6538],[139.0665,37.6538],[139.0665,37.6538],[139.0665,37.6538],[139.0665,37.6537],[139.0664,37.6537],[139.0664,37.6537],[139.0663,37.6538],[139.0662,37.6539],[139.0661,37.6539],[139.0661,37.6539],[139.0662,37.654],[139.0661,37.654],[139.0661,37.6541],[139.0661,37.6541],[139.0661,37.6541],[139.066,37.6541],[139.0659,37.6541],[139.0658,37.6543],[139.0659,37.6543],[139.0659,37.6543],[139.0659,37.6544],[139.0658,37.6544],[139.0658,37.6544],[139.0657,37.6544],[139.0657,37.6544],[139.0657,37.6545],[139.0656,37.6545],[139.0656,37.6545],[139.0656,37.6546],[139.0656,37.6546],[139.0657,37.6547],[139.0658,37.6547],[139.0658,37.6548],[139.0658,37.6548],[139.0658,37.6549],[139.0659,37.655],[139.0659,37.6551],[139.0658,37.6551],[139.0658,37.6551],[139.0657,37.6552],[139.0656,37.6552],[139.0655,37.6552],[139.0655,37.6551],[139.0654,37.655],[139.0653,37.6549],[139.0652,37.6549],[139.0651,37.6549],[139.0651,37.6549],[139.065,37.6549],[139.0649,37.6549],[139.0648,37.655],[139.0648,37.655],[139.0647,37.655],[139.0646,37.6551],[139.0646,37.6551],[139.0645,37.6551],[139.0644,37.655],[139.0644,37.655],[139.0644,37.6549],[139.0643,37.6549],[139.0643,37.6548],[139.0641,37.6547],[139.0639,37.6546],[139.0638,37.6545],[139.0637,37.6545],[139.0636,37.6545],[139.0635,37.6544],[139.0634,37.6544],[139.0632,37.6544],[139.063,37.6543],[139.0628,37.6543],[139.0628,37.6545],[139.0624,37.6544],[139.0623,37.6544],[139.0621,37.6544],[139.0619,37.6545],[139.0618,37.6545],[139.0618,37.6545],[139.0616,37.6546],[139.0614,37.6546],[139.0614,37.6545],[139.0613,37.6545],[139.0613,37.6544],[139.0613,37.6543],[139.0613,37.6542],[139.0613,37.6541],[139.0613,37.654],[139.0614,37.654],[139.0613,37.6539],[139.0614,37.6537],[139.0613,37.6537],[139.0613,37.6536],[139.0613,37.6535],[139.0613,37.6534],[139.0613,37.6532],[139.0612,37.6531],[139.0613,37.6529],[139.0613,37.6528],[139.0613,37.6527],[139.0614,37.6526],[139.0614,37.6526],[139.0614,37.6525],[139.0615,37.6524],[139.0615,37.6523],[139.0616,37.6522],[139.0616,37.6521],[139.0615,37.652],[139.0615,37.652],[139.0614,37.6519],[139.0613,37.6519],[139.0612,37.6518],[139.0612,37.6518],[139.0612,37.6517],[139.0612,37.6517],[139.0611,37.6517],[139.0611,37.6517],[139.0609,37.6518],[139.061,37.6519],[139.0611,37.652],[139.0611,37.652],[139.0612,37.6521],[139.0612,37.6521],[139.0612,37.6522],[139.0612,37.6523],[139.0612,37.6523],[139.0612,37.6524],[139.0612,37.6524],[139.0612,37.6525],[139.0612,37.6525],[139.0611,37.6527],[139.061,37.6528],[139.061,37.6528],[139.0609,37.6529],[139.0608,37.653],[139.0608,37.653],[139.0607,37.6531],[139.0607,37.6532],[139.0607,37.6533],[139.0607,37.6534],[139.0607,37.6534],[139.0607,37.6535],[139.0607,37.6535],[139.0607,37.6536],[139.0608,37.6536],[139.0608,37.6537],[139.0607,37.6537],[139.0607,37.6537],[139.0607,37.6537],[139.0606,37.6537],[139.0606,37.6537],[139.0606,37.6538],[139.0605,37.6538],[139.0604,37.6537],[139.0604,37.6538],[139.0603,37.6538],[139.0603,37.6538],[139.0603,37.6539],[139.0603,37.654],[139.0604,37.654],[139.0604,37.654],[139.0603,37.6541],[139.0604,37.6541],[139.0604,37.6542],[139.0604,37.6542],[139.0603,37.6543],[139.0604,37.6543],[139.0603,37.6543],[139.0602,37.6544],[139.0601,37.6543],[139.06,37.6543],[139.0599,37.6543],[139.0599,37.6543],[139.0598,37.6543],[139.0597,37.6544],[139.0596,37.6544],[139.0595,37.6544],[139.0594,37.6544],[139.0594,37.6544],[139.0593,37.6545],[139.0592,37.6545],[139.0591,37.6545],[139.059,37.6545],[139.0589,37.6545],[139.0588,37.6545],[139.0588,37.6545],[139.0587,37.6546],[139.0587,37.6547],[139.0586,37.6547],[139.0585,37.6547],[139.0585,37.6547],[139.0584,37.6547],[139.0583,37.6547],[139.0582,37.6547],[139.0581,37.6547],[139.0581,37.6547],[139.058,37.6548],[139.058,37.6549],[139.058,37.6549],[139.058,37.655],[139.0579,37.655],[139.0579,37.655],[139.0578,37.6549],[139.0578,37.6549],[139.0578,37.6549],[139.0575,37.6548],[139.0574,37.6547],[139.0574,37.6546],[139.0573,37.6545],[139.0573,37.6545],[139.0572,37.6544],[139.0572,37.6544],[139.0571,37.6544],[139.0571,37.6544],[139.0571,37.6544],[139.057,37.6543],[139.057,37.6543],[139.057,37.6542],[139.0569,37.6542],[139.0569,37.6541],[139.0568,37.6541],[139.0567,37.654],[139.0566,37.6539],[139.0565,37.6538],[139.0565,37.6538],[139.0565,37.6538],[139.0565,37.6537],[139.0565,37.6537],[139.0565,37.6537],[139.0565,37.6537],[139.0564,37.6537],[139.0563,37.6537],[139.0562,37.6536],[139.056,37.6535],[139.0558,37.6534],[139.0557,37.6534],[139.0556,37.6535],[139.0555,37.6536],[139.0555,37.6537],[139.0555,37.6537],[139.0556,37.6539],[139.0556,37.654],[139.0557,37.6541],[139.0558,37.6542],[139.0559,37.6543],[139.0559,37.6544],[139.0561,37.6545],[139.0561,37.6546],[139.0563,37.6547],[139.0563,37.6547],[139.0564,37.6547],[139.0565,37.6547],[139.0566,37.6547],[139.0566,37.6548],[139.0567,37.6549],[139.0568,37.655],[139.0569,37.6551],[139.057,37.6551],[139.057,37.6552],[139.0571,37.6552],[139.0572,37.6553],[139.0572,37.6554],[139.0573,37.6555],[139.0573,37.6555],[139.0574,37.6557],[139.0574,37.6557],[139.0574,37.6558],[139.0575,37.6558],[139.0575,37.6558],[139.0575,37.6559],[139.0573,37.6561],[139.0573,37.6562],[139.0575,37.6562],[139.0575,37.6562],[139.0577,37.6562],[139.0577,37.6563],[139.0576,37.6563],[139.0576,37.6563],[139.0576,37.6563],[139.0575,37.6564],[139.0574,37.6564],[139.0573,37.6564],[139.0573,37.6564],[139.0571,37.6564],[139.0571,37.6565],[139.0571,37.6566],[139.057,37.6567],[139.057,37.6568],[139.0569,37.657],[139.0569,37.657],[139.0568,37.657],[139.0568,37.657],[139.0567,37.657],[139.0567,37.657],[139.0567,37.6571],[139.0566,37.6571],[139.0566,37.6571],[139.0565,37.6571],[139.0564,37.657],[139.0564,37.657],[139.0563,37.657],[139.0562,37.657],[139.0561,37.657],[139.0561,37.657],[139.0561,37.6571],[139.0562,37.6572],[139.0561,37.6572],[139.056,37.6572],[139.0559,37.6572],[139.0558,37.6572],[139.0558,37.6571],[139.0558,37.6571],[139.0557,37.657],[139.0557,37.657],[139.0557,37.657],[139.0556,37.6569],[139.0555,37.6569],[139.0554,37.657],[139.0554,37.657],[139.0554,37.6571],[139.0553,37.6572],[139.0553,37.6573],[139.0552,37.6574],[139.0552,37.6574],[139.055,37.6575],[139.0549,37.6575],[139.0549,37.6575],[139.0548,37.6574],[139.0548,37.6574],[139.0549,37.6574],[139.0548,37.6574],[139.0547,37.6574],[139.0546,37.6574],[139.0544,37.6574],[139.0543,37.6574],[139.0535,37.6573],[139.0534,37.6573],[139.0533,37.6574],[139.0533,37.6574],[139.0532,37.6577],[139.0535,37.6577],[139.0535,37.6577],[139.0536,37.6577],[139.0538,37.6578],[139.0542,37.6578],[139.0542,37.6577],[139.0543,37.6577],[139.0543,37.6579],[139.0543,37.658],[139.0542,37.6581],[139.0542,37.6582],[139.0542,37.6584],[139.0542,37.6585],[139.054,37.6585],[139.0538,37.6585],[139.0537,37.6585],[139.0535,37.6585],[139.0535,37.6584],[139.0533,37.6584],[139.0527,37.6583],[139.0528,37.6582],[139.0527,37.658],[139.0527,37.6579],[139.0526,37.6578],[139.0524,37.6577],[139.0522,37.6576],[139.0523,37.6575],[139.0523,37.6573],[139.0522,37.6572],[139.0521,37.657],[139.052,37.6569],[139.0519,37.6567],[139.0519,37.6566],[139.0518,37.6565],[139.0517,37.6564],[139.0516,37.6563],[139.0515,37.6563],[139.0515,37.6563],[139.0514,37.6562],[139.0514,37.6562],[139.0513,37.6562],[139.0513,37.6562],[139.0513,37.6563],[139.0513,37.6564],[139.0513,37.6565],[139.0513,37.6565],[139.0512,37.6566],[139.0512,37.6566],[139.0512,37.6567],[139.0512,37.6567],[139.0513,37.6568],[139.0512,37.6569],[139.0512,37.6569],[139.0512,37.6569],[139.0511,37.6569],[139.0511,37.6569],[139.051,37.6568],[139.0509,37.6567],[139.0508,37.6566],[139.0508,37.6565],[139.0507,37.6564],[139.0507,37.6563],[139.0508,37.6562],[139.0508,37.6562],[139.0508,37.6561],[139.0508,37.656],[139.0508,37.6559],[139.0508,37.6559],[139.0507,37.6558],[139.0507,37.6558],[139.0508,37.6558],[139.0508,37.6558],[139.0505,37.6554],[139.0504,37.6553],[139.0503,37.6552],[139.0501,37.6551],[139.0502,37.6549],[139.0503,37.6549],[139.0504,37.6547],[139.0507,37.6546],[139.0506,37.6545],[139.0505,37.6544],[139.0504,37.6543],[139.0503,37.6541],[139.0503,37.654],[139.0502,37.6539],[139.0501,37.6539],[139.0501,37.6539],[139.0498,37.654],[139.0497,37.6539],[139.0496,37.6538],[139.0494,37.6536],[139.0487,37.653],[139.0487,37.6529],[139.0484,37.6527],[139.0483,37.6526],[139.0482,37.6526],[139.0479,37.6527],[139.0474,37.6529],[139.0472,37.6529],[139.0471,37.653],[139.047,37.653],[139.047,37.6528],[139.047,37.6527],[139.047,37.6526],[139.0471,37.6525],[139.0471,37.6525],[139.0472,37.6525],[139.0473,37.6524],[139.0474,37.6523],[139.0474,37.6522],[139.0475,37.6522],[139.0476,37.6522],[139.0477,37.6522],[139.0478,37.6522],[139.048,37.6523],[139.048,37.6523],[139.0481,37.6522],[139.0481,37.6521],[139.048,37.652],[139.0479,37.6519],[139.0478,37.6519],[139.0478,37.6518],[139.0478,37.6517],[139.0479,37.6517],[139.048,37.6517],[139.0482,37.6517],[139.0483,37.6518],[139.0483,37.6518],[139.0483,37.6518],[139.0483,37.6517],[139.0482,37.6517],[139.0482,37.6516],[139.0481,37.6515],[139.048,37.6515],[139.0479,37.6515],[139.0478,37.6514],[139.0477,37.6514],[139.0476,37.6514],[139.0475,37.6513],[139.0474,37.6513],[139.0474,37.6512],[139.0473,37.6513],[139.0473,37.6512],[139.0473,37.651],[139.0468,37.6508],[139.0468,37.6507],[139.0467,37.6507],[139.0464,37.6503],[139.0466,37.6502],[139.0465,37.6501],[139.0464,37.65],[139.0463,37.65],[139.0461,37.6497],[139.0461,37.6497],[139.0458,37.6499],[139.0456,37.65],[139.0451,37.6502],[139.0448,37.6498],[139.0448,37.6498],[139.0451,37.6496],[139.0451,37.6496],[139.0451,37.6494],[139.045,37.6493],[139.0449,37.6492],[139.0448,37.6492],[139.0448,37.6493],[139.0447,37.6493],[139.0441,37.6496],[139.0442,37.6498],[139.0443,37.6499],[139.0444,37.6501],[139.0445,37.6502],[139.0446,37.6502],[139.0446,37.6503],[139.0446,37.6504],[139.0443,37.6506],[139.0442,37.6506],[139.044,37.6507],[139.0438,37.6509],[139.0436,37.651],[139.0435,37.6511],[139.0432,37.6512],[139.043,37.6514],[139.0431,37.6516],[139.0433,37.6518],[139.0434,37.6519],[139.043,37.6521],[139.0426,37.6524],[139.0423,37.6526],[139.0421,37.6528],[139.0417,37.653],[139.0414,37.6528],[139.0413,37.6526],[139.0411,37.6524],[139.0413,37.6523],[139.0414,37.6523],[139.0416,37.6523],[139.0417,37.6522],[139.0419,37.6521],[139.0419,37.6521],[139.0424,37.6518],[139.0426,37.6517],[139.0422,37.6515],[139.0422,37.6515],[139.0423,37.6514],[139.0422,37.6514],[139.0422,37.6513],[139.0422,37.6513],[139.0421,37.6513],[139.0421,37.6513],[139.0421,37.6512],[139.0421,37.6512],[139.0421,37.6511],[139.0422,37.6511],[139.0422,37.651],[139.0422,37.6509],[139.0422,37.6508],[139.0422,37.6508],[139.0422,37.6507],[139.0422,37.6506],[139.0422,37.6506],[139.0421,37.6505],[139.042,37.6505],[139.042,37.6505],[139.0419,37.6505],[139.0418,37.6505],[139.0417,37.6505],[139.0416,37.6505],[139.0416,37.6506],[139.0416,37.6507],[139.0415,37.6508],[139.0414,37.6509],[139.0414,37.651],[139.0413,37.6511],[139.0412,37.6511],[139.0411,37.6512],[139.0407,37.6512],[139.0406,37.6512],[139.0405,37.6512],[139.0404,37.6511],[139.0393,37.6505],[139.039,37.6504],[139.039,37.6503],[139.0389,37.6503],[139.0387,37.6502],[139.0386,37.6502],[139.0385,37.6502],[139.0383,37.6501],[139.0381,37.65],[139.038,37.65],[139.0379,37.6499],[139.0378,37.6501],[139.0377,37.6501],[139.0376,37.651],[139.0375,37.6516],[139.0375,37.6516],[139.0388,37.6517],[139.0391,37.6517],[139.0393,37.6518],[139.0394,37.6518],[139.0396,37.6519],[139.0396,37.6521],[139.0395,37.6522],[139.0395,37.6523],[139.0395,37.6524],[139.0395,37.6526],[139.0395,37.6528],[139.0389,37.6529],[139.0397,37.6534],[139.0397,37.6533],[139.0398,37.6532],[139.04,37.6532],[139.0403,37.6534],[139.0405,37.6535],[139.0404,37.6536],[139.0403,37.6537],[139.0402,37.6539],[139.0401,37.654],[139.04,37.6541],[139.04,37.6542],[139.0398,37.6543],[139.0397,37.6544],[139.0397,37.6545],[139.0396,37.6546],[139.0396,37.6547],[139.0401,37.6552],[139.0403,37.6554],[139.0406,37.6557],[139.0412,37.6563],[139.0406,37.6567],[139.0397,37.6557],[139.039,37.6561],[139.0385,37.6564],[139.0379,37.6558],[139.0373,37.6561],[139.0363,37.6551],[139.0363,37.6551],[139.0359,37.6547],[139.0359,37.6545],[139.0354,37.6545],[139.0352,37.6546],[139.0351,37.6546],[139.0348,37.6547],[139.0345,37.6548],[139.0344,37.6549],[139.0343,37.6552],[139.0351,37.6559],[139.036,37.6569],[139.0368,37.6576],[139.0371,37.6579],[139.0378,37.6575],[139.0379,37.6576],[139.0384,37.6581],[139.038,37.6583],[139.0377,37.6585],[139.0371,37.6588],[139.0371,37.6589],[139.0375,37.6594],[139.038,37.6591],[139.0385,37.6588],[139.0385,37.6588],[139.0389,37.6592],[139.0384,37.6595],[139.0379,37.6598],[139.0375,37.6601],[139.0366,37.6592],[139.0361,37.6595],[139.0356,37.6598],[139.0356,37.6598],[139.0365,37.6607],[139.0364,37.6608],[139.036,37.661],[139.0355,37.6613],[139.035,37.6617],[139.0361,37.6627],[139.0371,37.6638],[139.0374,37.6636],[139.0378,37.6634],[139.0379,37.6633],[139.039,37.6644],[139.0382,37.6649],[139.0393,37.666],[139.0398,37.6665],[139.0399,37.6666],[139.0404,37.6671],[139.0415,37.6681],[139.042,37.6678],[139.0423,37.6676],[139.0433,37.6687],[139.0436,37.6686],[139.0446,37.6697],[139.0451,37.6694],[139.0456,37.6691],[139.0445,37.668],[139.0448,37.6678],[139.045,37.6677],[139.0447,37.6673],[139.0448,37.6672],[139.0446,37.6671],[139.0445,37.6671],[139.0439,37.6666],[139.0443,37.6663],[139.0449,37.6668],[139.0462,37.666],[139.0465,37.6654],[139.0467,37.6655],[139.0468,37.6656],[139.0468,37.6656],[139.047,37.6662],[139.0471,37.6661],[139.0472,37.6661],[139.0474,37.666],[139.0478,37.6659],[139.0479,37.6658],[139.048,37.6656],[139.048,37.6655],[139.0482,37.6655],[139.0489,37.6655],[139.0495,37.6656],[139.0498,37.6655],[139.0502,37.6656],[139.0503,37.6655],[139.0503,37.6655],[139.0504,37.6654],[139.0505,37.665],[139.0505,37.665],[139.0512,37.6644],[139.0515,37.6639],[139.0521,37.6629],[139.0519,37.6624],[139.0521,37.6624],[139.0528,37.6632],[139.0531,37.6635],[139.0527,37.6637],[139.0526,37.6639],[139.0526,37.6639],[139.0522,37.6642],[139.0519,37.6645],[139.0516,37.6647],[139.0505,37.6657],[139.0504,37.6658],[139.0507,37.6659],[139.0506,37.6661],[139.0511,37.6664],[139.0513,37.6662],[139.0513,37.6661],[139.0521,37.6664],[139.0523,37.6661],[139.0524,37.6658],[139.0529,37.6665],[139.053,37.6667],[139.0532,37.667],[139.0534,37.6674],[139.0531,37.6679],[139.0529,37.6683],[139.0526,37.6687],[139.0526,37.6687],[139.0523,37.6692],[139.0518,37.6698],[139.0528,37.6702],[139.0533,37.6703],[139.0532,37.6705],[139.0531,37.6708],[139.0529,37.6711],[139.0528,37.6713],[139.0526,37.6714],[139.0524,37.6716],[139.0522,37.6717],[139.0521,37.6718],[139.0522,37.6718],[139.0523,37.6717],[139.0524,37.6717],[139.0524,37.6717],[139.0524,37.6717],[139.0525,37.6717],[139.0525,37.6717],[139.0526,37.6717],[139.0526,37.6716],[139.0526,37.6716],[139.0527,37.6716],[139.0527,37.6716],[139.0528,37.6716],[139.0529,37.6716],[139.0529,37.6716],[139.053,37.6716],[139.0531,37.6716],[139.0531,37.6716],[139.0531,37.6716],[139.0532,37.6715],[139.0532,37.6715],[139.0533,37.6714],[139.0533,37.6714],[139.0534,37.6713],[139.0535,37.6713],[139.0536,37.6712],[139.0538,37.6711],[139.0538,37.6711],[139.0539,37.6711],[139.0539,37.671],[139.0539,37.671],[139.0539,37.6709],[139.0539,37.6709],[139.0539,37.6708],[139.0539,37.6707],[139.0539,37.6707],[139.0539,37.6706],[139.054,37.6705],[139.054,37.6705],[139.0541,37.6705],[139.0541,37.6704],[139.0542,37.6704],[139.0542,37.6703],[139.0543,37.6701],[139.0544,37.6701],[139.0544,37.6702],[139.0545,37.6702],[139.0545,37.6703],[139.0545,37.6704],[139.0545,37.6705],[139.0545,37.6706],[139.0545,37.6707],[139.0545,37.6708],[139.0545,37.6709],[139.0544,37.6711],[139.0543,37.6711],[139.0543,37.6711],[139.0542,37.6711],[139.0542,37.6712],[139.0541,37.6713],[139.0541,37.6713],[139.0541,37.6713],[139.054,37.6713],[139.054,37.6713],[139.0539,37.6714],[139.0538,37.6714],[139.0538,37.6714],[139.0537,37.6715],[139.0537,37.6715],[139.0536,37.6715],[139.0535,37.6716],[139.0535,37.6717],[139.0535,37.6717],[139.0534,37.6718],[139.0534,37.6718],[139.0535,37.6719],[139.0536,37.672],[139.0536,37.6721],[139.0538,37.6723],[139.0539,37.6724],[139.0541,37.6725],[139.0543,37.6724],[139.0544,37.6724],[139.0544,37.6724],[139.0545,37.6724],[139.0546,37.6724],[139.0548,37.6724],[139.0548,37.6723],[139.0551,37.6723],[139.0553,37.6723],[139.0554,37.6722],[139.0558,37.6722],[139.0559,37.6722],[139.056,37.6722],[139.0561,37.6721],[139.0561,37.6719],[139.0562,37.6719],[139.0562,37.6718],[139.0565,37.6716],[139.0567,37.6716],[139.0569,37.6716],[139.057,37.6717],[139.057,37.6716],[139.0569,37.6715],[139.0568,37.6713],[139.0569,37.6713],[139.057,37.6713],[139.0571,37.6712],[139.0573,37.6712],[139.0574,37.6712],[139.0575,37.6712],[139.0576,37.6711],[139.0576,37.671],[139.0576,37.6709],[139.0577,37.6709],[139.0578,37.6709],[139.0579,37.6708],[139.058,37.6708],[139.0582,37.6708],[139.0583,37.6708],[139.0585,37.6708],[139.0587,37.6708],[139.0589,37.6707],[139.059,37.6707],[139.059,37.6707],[139.0591,37.6706],[139.0592,37.6706],[139.0593,37.6705],[139.0594,37.6705],[139.0595,37.6704],[139.0596,37.6704],[139.0599,37.6706],[139.06,37.6706],[139.0601,37.6707],[139.0602,37.6707],[139.0603,37.6708],[139.0604,37.6709],[139.0604,37.6709],[139.0604,37.671],[139.0605,37.671],[139.0606,37.6711],[139.0606,37.6712],[139.0607,37.6712],[139.0608,37.6713],[139.0609,37.6713],[139.0609,37.6713],[139.061,37.6714],[139.0611,37.6714],[139.0611,37.6715],[139.0612,37.6717],[139.0612,37.6718],[139.0612,37.6719],[139.0612,37.672],[139.0613,37.672],[139.0614,37.672],[139.0616,37.672],[139.0617,37.672],[139.0618,37.672],[139.0621,37.6719],[139.0621,37.6719],[139.0621,37.6718],[139.0621,37.6718],[139.0621,37.6717],[139.0621,37.6717],[139.0621,37.6716],[139.0622,37.6716],[139.0622,37.6715],[139.0622,37.6714],[139.0622,37.6707],[139.0622,37.6705],[139.0622,37.6702],[139.0619,37.6692],[139.0618,37.6693],[139.0616,37.6679],[139.0618,37.6679],[139.0618,37.6676],[139.0618,37.6676],[139.0618,37.6676],[139.0618,37.6676],[139.0619,37.6676],[139.0619,37.6675],[139.0619,37.6675],[139.0619,37.6675],[139.0619,37.6674],[139.0618,37.6674],[139.0618,37.6674],[139.0616,37.6674],[139.0615,37.6675],[139.0611,37.6664],[139.0613,37.6663],[139.0614,37.6663],[139.0614,37.6663],[139.0615,37.6663],[139.0616,37.6663],[139.0616,37.6662],[139.0616,37.6662],[139.0615,37.6662],[139.0615,37.6662],[139.0614,37.6662],[139.0614,37.6661],[139.0613,37.6661],[139.0612,37.6661],[139.0611,37.6661],[139.0611,37.6661],[139.061,37.6661],[139.061,37.6661],[139.0609,37.666],[139.061,37.6659],[139.061,37.6658],[139.0609,37.6658],[139.0609,37.6658],[139.0609,37.6657],[139.0609,37.6657],[139.0609,37.6657],[139.0609,37.6657],[139.0607,37.6657],[139.0606,37.6657],[139.0606,37.6656],[139.0605,37.6656],[139.0604,37.6656],[139.0603,37.6656],[139.0602,37.6656],[139.0601,37.6656],[139.06,37.6656],[139.06,37.6656],[139.06,37.6656],[139.06,37.6655],[139.06,37.6654],[139.06,37.6654],[139.0598,37.6655],[139.0596,37.6656],[139.0593,37.6656],[139.0593,37.6657],[139.0593,37.6658],[139.0593,37.6658],[139.0593,37.6659],[139.0593,37.6659],[139.0593,37.6659],[139.0593,37.666],[139.0593,37.666],[139.0595,37.666],[139.0598,37.666],[139.0601,37.666],[139.0601,37.666],[139.0603,37.6665],[139.0602,37.6666],[139.06,37.6666],[139.0598,37.6666],[139.0597,37.6667],[139.0595,37.6667],[139.0593,37.6668],[139.0591,37.6667],[139.0589,37.6667],[139.0587,37.6666],[139.0585,37.6666],[139.0583,37.6666],[139.0582,37.6665],[139.0581,37.6665],[139.0581,37.6665],[139.0579,37.6664],[139.0577,37.6665],[139.0578,37.6664],[139.0579,37.6663],[139.0579,37.6662],[139.058,37.666],[139.058,37.6659],[139.058,37.6657],[139.0568,37.6658],[139.057,37.6658],[139.0571,37.6657],[139.0572,37.6657],[139.0572,37.6657],[139.0573,37.6656],[139.0574,37.6656],[139.0574,37.6655],[139.0575,37.6654],[139.0576,37.6654],[139.0576,37.6654],[139.0576,37.6653],[139.0577,37.6653],[139.0578,37.6653],[139.0579,37.6653],[139.058,37.6652],[139.058,37.6652],[139.058,37.6651],[139.0581,37.665],[139.0581,37.6649],[139.0581,37.6649],[139.0581,37.6649],[139.0581,37.6648],[139.0582,37.6648],[139.0582,37.6647],[139.0583,37.6647],[139.0583,37.6646],[139.0585,37.6647],[139.0586,37.6648],[139.0588,37.6649],[139.059,37.665],[139.0591,37.665],[139.0592,37.6651],[139.0593,37.6651],[139.0594,37.6651],[139.0595,37.6651],[139.0596,37.665],[139.0596,37.665],[139.0596,37.6649],[139.0595,37.6649],[139.0594,37.6648],[139.0593,37.6647],[139.0592,37.6646],[139.0593,37.6645],[139.0593,37.6644],[139.0594,37.6643],[139.0594,37.6641],[139.0596,37.6641],[139.0597,37.6641],[139.0598,37.6641],[139.0599,37.6641],[139.06,37.6641],[139.0601,37.6641],[139.0602,37.6641],[139.0602,37.6641],[139.0603,37.664],[139.0603,37.664],[139.0604,37.664],[139.0605,37.664],[139.0605,37.664],[139.0606,37.664],[139.0606,37.664],[139.0607,37.664],[139.0608,37.6641],[139.0609,37.6642],[139.061,37.6642],[139.0611,37.6642],[139.0613,37.6642],[139.0614,37.6641],[139.0614,37.6641],[139.0615,37.6641],[139.0616,37.664],[139.0617,37.6638],[139.0621,37.6632],[139.0624,37.6626],[139.0625,37.6626],[139.0627,37.6627],[139.0629,37.6628],[139.0631,37.6628],[139.0631,37.6628],[139.0632,37.6629],[139.0635,37.6629],[139.0638,37.6629],[139.064,37.662],[139.0642,37.6621],[139.0644,37.6621],[139.0646,37.6621],[139.0647,37.6621],[139.0648,37.6622],[139.065,37.6623],[139.0648,37.6622],[139.0648,37.6621],[139.0648,37.6621],[139.0647,37.6621],[139.0647,37.662],[139.0647,37.662],[139.0646,37.662],[139.0646,37.6619],[139.0646,37.6619],[139.0645,37.6619],[139.0645,37.662],[139.0644,37.662],[139.0643,37.662],[139.0643,37.662],[139.0643,37.6619],[139.0642,37.6619],[139.064,37.6619],[139.0639,37.6619],[139.0638,37.6619],[139.0637,37.6619],[139.0636,37.6618],[139.0635,37.6617],[139.0635,37.6617],[139.0635,37.6617],[139.0635,37.6616],[139.0634,37.6616],[139.0633,37.6614],[139.0634,37.6613],[139.0635,37.6613],[139.0635,37.6613],[139.0634,37.6612],[139.0634,37.6612],[139.0634,37.6612],[139.0634,37.6612],[139.0633,37.661],[139.0634,37.6609],[139.0635,37.6607],[139.0636,37.6606],[139.0638,37.6604],[139.0639,37.6603],[139.0641,37.6602],[139.0643,37.6601],[139.0646,37.6599],[139.0648,37.6598],[139.0651,37.6596],[139.0653,37.6595],[139.0655,37.6595],[139.0654,37.6591],[139.0648,37.6593],[139.0641,37.6595],[139.0638,37.6596],[139.0636,37.6596],[139.0635,37.6596],[139.0633,37.6595],[139.0627,37.6592],[139.0626,37.6592],[139.063,37.6587],[139.0631,37.6588],[139.0632,37.6588],[139.0633,37.6588],[139.0634,37.6588],[139.0635,37.6588],[139.0636,37.6588],[139.0638,37.6588],[139.0638,37.6587],[139.0638,37.6587],[139.0638,37.6586],[139.0638,37.6586],[139.0638,37.6585],[139.0638,37.6585],[139.0638,37.6584],[139.0638,37.6583],[139.0638,37.6583],[139.0638,37.6582],[139.0638,37.6581],[139.0639,37.6582],[139.064,37.6582],[139.064,37.6582],[139.064,37.6582],[139.0641,37.6581],[139.0642,37.6581],[139.0642,37.658],[139.0643,37.658],[139.0645,37.6579],[139.0643,37.6577],[139.0642,37.6576],[139.0649,37.6573],[139.0651,37.6575],[139.0652,37.6577],[139.0653,37.6578],[139.0654,37.6578],[139.0655,37.6579],[139.0656,37.6579],[139.0657,37.6579],[139.0658,37.6579],[139.0659,37.658],[139.0663,37.6578],[139.0663,37.6579],[139.0667,37.6577],[139.0669,37.658],[139.0663,37.6582],[139.0656,37.6585],[139.0654,37.6587],[139.0656,37.6588],[139.0658,37.6589],[139.0659,37.659],[139.0661,37.659],[139.0663,37.659],[139.0664,37.659],[139.0666,37.6591],[139.0667,37.6591],[139.0669,37.6594],[139.0669,37.6595],[139.0668,37.6595],[139.0669,37.6597],[139.0669,37.6598],[139.0667,37.6599],[139.0666,37.6599],[139.0665,37.6599],[139.0664,37.6599],[139.0663,37.66],[139.0667,37.66],[139.067,37.66],[139.0671,37.66],[139.0672,37.66],[139.0673,37.66],[139.0674,37.6599],[139.0674,37.6599],[139.0675,37.6599],[139.0676,37.6599],[139.0677,37.6599],[139.0678,37.6599],[139.0678,37.6599],[139.0679,37.6599],[139.068,37.6598],[139.068,37.6598],[139.0681,37.6597],[139.0682,37.6597],[139.0684,37.6597],[139.0685,37.6597],[139.0687,37.6597],[139.0688,37.6597],[139.0689,37.6597],[139.069,37.6596],[139.0693,37.6595],[139.0695,37.6594],[139.0695,37.6594],[139.069,37.6586],[139.0691,37.6586],[139.0692,37.6586],[139.0693,37.6586],[139.0695,37.6585],[139.0696,37.6585],[139.0696,37.6585],[139.0697,37.6584],[139.0698,37.6584],[139.07,37.6584],[139.0701,37.6583],[139.0701,37.6583],[139.0702,37.6582],[139.0702,37.6582],[139.0702,37.6581],[139.0703,37.6581],[139.0704,37.6581],[139.0704,37.6581],[139.0704,37.6581],[139.0705,37.6583],[139.0699,37.6589],[139.0697,37.659],[139.0699,37.6591],[139.07,37.6592],[139.0701,37.6593],[139.0701,37.6593],[139.0701,37.6594],[139.0701,37.6594],[139.0701,37.6594],[139.07,37.6594],[139.07,37.6595],[139.07,37.6596],[139.07,37.6596],[139.0701,37.6597],[139.0703,37.6598],[139.0705,37.6599],[139.0705,37.6599],[139.0705,37.66],[139.0705,37.66],[139.0703,37.6604],[139.0703,37.6604],[139.0703,37.6604],[139.0705,37.6605],[139.0705,37.6605],[139.0705,37.6607],[139.0705,37.6608],[139.0706,37.6609],[139.0707,37.6608],[139.0708,37.6607],[139.0708,37.6606],[139.0708,37.6605],[139.0711,37.66],[139.0711,37.66],[139.0712,37.6599],[139.0714,37.6592],[139.0714,37.6591],[139.0714,37.659],[139.0713,37.6588],[139.0714,37.6587],[139.0714,37.6586],[139.0715,37.6585],[139.0716,37.6585],[139.0717,37.6585],[139.0719,37.6585],[139.0721,37.6585],[139.0721,37.6585],[139.0722,37.6587],[139.0723,37.6586],[139.0724,37.6585],[139.0724,37.6584],[139.0724,37.6584],[139.0723,37.6582],[139.0719,37.6576],[139.0703,37.658],[139.0703,37.658],[139.0704,37.6579],[139.0704,37.6579],[139.0705,37.6576],[139.0706,37.6575],[139.0706,37.6573],[139.0707,37.6571],[139.07,37.657],[139.0697,37.6566],[139.0696,37.6567],[139.0695,37.6567],[139.0695,37.6567],[139.0694,37.6567],[139.0693,37.6567],[139.0692,37.6567],[139.0691,37.6563],[139.069,37.656],[139.0688,37.656],[139.0687,37.6557],[139.0698,37.6557],[139.0705,37.6557],[139.071,37.6557],[139.0718,37.6556],[139.0723,37.6556],[139.0745,37.6548],[139.075,37.6543],[139.0747,37.654],[139.075,37.6538],[139.0755,37.6533],[139.0759,37.6529],[139.0763,37.6525],[139.0764,37.6525],[139.0766,37.6524],[139.077,37.6522],[139.0773,37.6521],[139.0774,37.6521],[139.0775,37.652],[139.0774,37.6518],[139.0778,37.6516],[139.0778,37.6514],[139.0769,37.6515],[139.0769,37.6516],[139.0767,37.6517],[139.0764,37.6518],[139.0763,37.6518],[139.0762,37.652],[139.076,37.6522],[139.0759,37.6523],[139.0758,37.6525],[139.0756,37.6527],[139.0755,37.6529],[139.0754,37.653],[139.0751,37.6531],[139.0751,37.653],[139.0751,37.653],[139.0752,37.6529],[139.0753,37.6528],[139.0753,37.6527],[139.0754,37.6526],[139.0755,37.6525],[139.0756,37.6524],[139.0756,37.6524],[139.0757,37.6523],[139.0757,37.6522],[139.0758,37.6521],[139.0759,37.652],[139.076,37.6519],[139.0761,37.6519],[139.0761,37.6518],[139.0762,37.6517],[139.0762,37.6517],[139.0763,37.6516],[139.0764,37.6516],[139.0765,37.6515],[139.0764,37.6514],[139.0763,37.6513],[139.0762,37.6511],[139.0761,37.6509],[139.076,37.6508],[139.076,37.6508],[139.076,37.6507],[139.0759,37.6507],[139.0759,37.6507],[139.0758,37.6508],[139.0757,37.6508],[139.0756,37.6508],[139.0756,37.6508],[139.0755,37.6508],[139.0755,37.6508],[139.0754,37.6507],[139.0755,37.651],[139.0752,37.651],[139.0753,37.6511],[139.0753,37.6513],[139.0754,37.6514],[139.0753,37.6515],[139.0751,37.6515],[139.075,37.6515],[139.0751,37.6516],[139.0751,37.6516],[139.0751,37.6517],[139.0751,37.6517],[139.0752,37.6518],[139.0751,37.6518],[139.0751,37.6519],[139.075,37.6519],[139.0748,37.652],[139.0747,37.652],[139.0746,37.652],[139.0746,37.6519],[139.0746,37.6519],[139.0745,37.6518],[139.0745,37.6518],[139.0743,37.6518],[139.0742,37.6518],[139.0741,37.6519],[139.0741,37.6519],[139.0741,37.652],[139.074,37.652],[139.074,37.652],[139.0739,37.6521],[139.0737,37.6522],[139.0737,37.6521],[139.0737,37.6521],[139.0736,37.6521],[139.0736,37.6521],[139.0735,37.6521],[139.0734,37.6521],[139.0731,37.6517],[139.0732,37.6517],[139.0733,37.6517],[139.0733,37.6517],[139.0733,37.6517],[139.0734,37.6517],[139.0733,37.6516],[139.0733,37.6515],[139.0732,37.6515],[139.0731,37.6514],[139.0731,37.6515],[139.073,37.6515],[139.0728,37.6516],[139.073,37.6519],[139.073,37.652],[139.0729,37.652],[139.0728,37.6521],[139.0728,37.6521],[139.0727,37.6522],[139.0729,37.6524],[139.073,37.6525],[139.0733,37.6529],[139.073,37.653],[139.0728,37.6531],[139.0725,37.6532],[139.0724,37.6528],[139.0721,37.6529],[139.0719,37.6529],[139.0719,37.6528],[139.0717,37.6528],[139.0716,37.6528],[139.0715,37.6528],[139.0715,37.6529],[139.0715,37.653],[139.0715,37.6531],[139.0715,37.6532],[139.0716,37.6533],[139.0717,37.6534],[139.0717,37.6535],[139.0717,37.6535],[139.0706,37.654],[139.0706,37.654],[139.0704,37.6538],[139.0705,37.6537],[139.0706,37.6537],[139.0706,37.6536],[139.0702,37.653],[139.0702,37.653],[139.0702,37.6529],[139.0701,37.6528],[139.0701,37.6527],[139.0701,37.6526],[139.0701,37.6525],[139.0701,37.6525],[139.0702,37.6524],[139.0702,37.6523],[139.0702,37.6523],[139.0697,37.6522],[139.0697,37.6521],[139.0698,37.6519],[139.0695,37.6519],[139.0695,37.6519],[139.0694,37.6518],[139.0693,37.6518],[139.0691,37.6518],[139.069,37.6518],[139.0689,37.6517],[139.0687,37.6517],[139.0687,37.6517],[139.0686,37.6517],[139.0685,37.6517],[139.0683,37.6518],[139.0683,37.6518],[139.0683,37.6519],[139.0682,37.652],[139.0682,37.6521],[139.0681,37.6521],[139.068,37.6522],[139.0679,37.6522],[139.0678,37.6523],[139.0677,37.6523],[139.0676,37.6524],[139.0675,37.6524],[139.0674,37.6524],[139.0672,37.6525]]]},"properties":{"name":"加茂市","pop":1}},{"type":"Feature","geometry":{"type":"Polygon","coordinates":[[[138.7697,37.1435],[138.77,37.1441],[138.77,37.1442],[138.7701,37.1442],[138.7702,37.1442],[138.7702,37.1442],[138.7706,37.1441],[138.7708,37.144],[138.7711,37.144],[138.7713,37.144],[138.7716,37.144],[138.7717,37.144],[138.7718,37.144],[138.772,37.144],[138.7723,37.144],[138.7723,37.144],[138.7725,37.1446],[138.7729,37.1445],[138.7737,37.1444],[138.7735,37.1426],[138.7734,37.1426],[138.7733,37.1426],[138.7733,37.1425],[138.7732,37.1425],[138.773,37.1424],[138.7728,37.1424],[138.7726,37.1423],[138.7725,37.1423],[138.7722,37.1422],[138.7722,37.1423],[138.7722,37.1423],[138.7724,37.1424],[138.7725,37.1425],[138.7727,37.1429],[138.7726,37.143],[138.7721,37.1432],[138.7719,37.1433],[138.7718,37.1433],[138.7718,37.1433],[138.7715,37.143],[138.7715,37.143],[138.77,37.1434],[138.7697,37.1435]]]},"properties":{"name":"十日町市","pop":1}},{"type":"Feature","geometry":{"type":"Polygon","coordinates":[[[138.7697,37.1435],[138.7697,37.1434],[138.7695,37.1427],[138.7695,37.1427],[138.7696,37.1427],[138.7697,37.1427],[138.7698,37.1426],[138.7701,37.1425],[138.7702,37.1424],[138.7704,37.1423],[138.7704,37.1422],[138.7704,37.1421],[138.7705,37.142],[138.7705,37.142],[138.7707,37.1419],[138.7708,37.1419],[138.7712,37.142],[138.7712,37.1421],[138.7716,37.1419],[138.7715,37.1418],[138.7713,37.1416],[138.7712,37.1413],[138.7711,37.1412],[138.7709,37.141],[138.7708,37.1409],[138.7709,37.1408],[138.7711,37.1407],[138.7713,37.1406],[138.7714,37.1406],[138.7716,37.1404],[138.7717,37.1404],[138.7717,37.1403],[138.7719,37.1403],[138.7721,37.1402],[138.7728,37.14],[138.7728,37.14],[138.7729,37.14],[138.773,37.1398],[138.773,37.1398],[138.7731,37.1397],[138.7732,37.1397],[138.7733,37.1397],[138.7734,37.1396],[138.7734,37.1396],[138.7729,37.1396],[138.7726,37.1396],[138.7724,37.1396],[138.7723,37.1395],[138.7722,37.1394],[138.7722,37.1393],[138.772,37.1388],[138.772,37.1387],[138.7719,37.1386],[138.7719,37.1386],[138.7718,37.1386],[138.7718,37.1386],[138.7717,37.1386],[138.7716,37.1385],[138.7716,37.1385],[138.7716,37.1385],[138.7716,37.1385],[138.7715,37.1386],[138.7712,37.1388],[138.7709,37.1389],[138.7709,37.139],[138.7708,37.1389],[138.7707,37.1389],[138.7706,37.1388],[138.7706,37.1387],[138.7706,37.1387],[138.7706,37.1386],[138.7705,37.1386],[138.7705,37.1385],[138.7705,37.1385],[138.7704,37.1385],[138.7703,37.1386],[138.7702,37.1386],[138.7701,37.1386],[138.77,37.1386],[138.7699,37.1386],[138.7698,37.1385],[138.7698,37.1383],[138.7697,37.1382],[138.7695,37.138],[138.7695,37.1378],[138.7695,37.1377],[138.7696,37.1376],[138.7696,37.1376],[138.7697,37.1376],[138.7697,37.1375],[138.7698,37.1375],[138.7698,37.1375],[138.7697,37.1374],[138.7697,37.1374],[138.7696,37.1374],[138.7692,37.1374],[138.7691,37.1373],[138.769,37.1372],[138.769,37.1371],[138.7689,37.137],[138.7688,37.1369],[138.7687,37.1369],[138.7686,37.1368],[138.7685,37.1366],[138.7683,37.1364],[138.768,37.1364],[138.7679,37.1364],[138.7676,37.1362],[138.7674,37.1361],[138.7672,37.1359],[138.7671,37.1358],[138.7669,37.1356],[138.7669,37.1354],[138.767,37.1354],[138.767,37.1354],[138.767,37.1353],[138.7671,37.1352],[138.7671,37.1352],[138.7671,37.1352],[138.7672,37.1351],[138.7674,37.135],[138.7675,37.1349],[138.7676,37.1349],[138.7676,37.1348],[138.7677,37.1348],[138.768,37.1347],[138.7682,37.1346],[138.7683,37.1345],[138.7686,37.1344],[138.7687,37.1343],[138.7689,37.1342],[138.7693,37.134],[138.7694,37.134],[138.7694,37.134],[138.7695,37.134],[138.7695,37.134],[138.7695,37.134],[138.7695,37.134],[138.7696,37.1339],[138.7697,37.1339],[138.7698,37.1338],[138.7699,37.1338],[138.7701,37.1337],[138.7705,37.1336],[138.7707,37.1335],[138.7707,37.1335],[138.7708,37.1335],[138.7709,37.1334],[138.771,37.1334],[138.7711,37.1333],[138.7712,37.1333],[138.7712,37.1333],[138.7712,37.1333],[138.7712,37.1332],[138.7711,37.1331],[138.7711,37.1331],[138.7712,37.133],[138.7714,37.133],[138.7715,37.1329],[138.7715,37.1328],[138.7717,37.1322],[138.7714,37.1322],[138.7709,37.1322],[138.7707,37.1322],[138.7705,37.1321],[138.7704,37.1321],[138.7703,37.1323],[138.7697,37.1325],[138.7686,37.1329],[138.7682,37.1331],[138.7676,37.1324],[138.7675,37.1324],[138.7671,37.1326],[138.7667,37.1329],[138.7665,37.133],[138.7664,37.1332],[138.7661,37.1335],[138.7658,37.1337],[138.7657,37.1339],[138.7656,37.1341],[138.7655,37.1342],[138.7655,37.1344],[138.7651,37.1343],[138.7651,37.1343],[138.7648,37.1343],[138.7645,37.1342],[138.7644,37.1341],[138.7642,37.134],[138.7639,37.1338],[138.7636,37.1335],[138.7635,37.1333],[138.7634,37.1332],[138.7634,37.1331],[138.7633,37.133],[138.7632,37.1328],[138.7632,37.1327],[138.7632,37.1327],[138.7633,37.1327],[138.7635,37.1327],[138.7636,37.1327],[138.7636,37.1328],[138.7637,37.1329],[138.764,37.1328],[138.7642,37.1327],[138.7641,37.1325],[138.7641,37.1325],[138.7641,37.1323],[138.7642,37.1323],[138.7642,37.1323],[138.7642,37.1322],[138.7641,37.1321],[138.7641,37.132],[138.7641,37.1317],[138.7642,37.1317],[138.7648,37.1314],[138.7653,37.1312],[138.7654,37.1313],[138.7656,37.1315],[138.7658,37.1314],[138.766,37.1312],[138.7664,37.131],[138.7666,37.1309],[138.7667,37.1309],[138.7667,37.1309],[138.767,37.1308],[138.767,37.1308],[138.7673,37.1314],[138.768,37.131],[138.7685,37.1308],[138.7683,37.1305],[138.7683,37.1304],[138.7683,37.1303],[138.7682,37.1301],[138.7681,37.1301],[138.7681,37.13],[138.768,37.1299],[138.768,37.1298],[138.768,37.1297],[138.768,37.1296],[138.7682,37.1296],[138.7682,37.1295],[138.7677,37.1295],[138.7672,37.1295],[138.7668,37.1295],[138.7668,37.1292],[138.7668,37.1287],[138.7667,37.128],[138.7666,37.1276],[138.7665,37.1272],[138.7662,37.1271],[138.7657,37.127],[138.7653,37.1269],[138.7652,37.127],[138.7651,37.1271],[138.765,37.1273],[138.765,37.1275],[138.7647,37.128],[138.7644,37.1284],[138.7643,37.1288],[138.7641,37.1291],[138.764,37.1292],[138.7638,37.1294],[138.763,37.1291],[138.7626,37.1289],[138.7626,37.1288],[138.7627,37.1288],[138.7628,37.1287],[138.7628,37.1286],[138.7629,37.1284],[138.763,37.1284],[138.763,37.1283],[138.763,37.1281],[138.763,37.128],[138.7628,37.1279],[138.7626,37.1279],[138.7624,37.1278],[138.7618,37.1286],[138.7613,37.1279],[138.761,37.1279],[138.7607,37.128],[138.7606,37.128],[138.7602,37.1281],[138.7601,37.1281],[138.7601,37.1282],[138.7602,37.1282],[138.7602,37.1284],[138.76,37.1285],[138.7599,37.1285],[138.7599,37.1285],[138.7599,37.1284],[138.7598,37.1279],[138.7596,37.1276],[138.7594,37.1274],[138.759,37.127],[138.759,37.127],[138.7588,37.127],[138.7588,37.1271],[138.7589,37.1272],[138.7589,37.1272],[138.7588,37.1274],[138.7586,37.1274],[138.7585,37.1273],[138.7585,37.1273],[138.7587,37.1272],[138.7586,37.1269],[138.758,37.1271],[138.7571,37.1275],[138.7563,37.1265],[138.7561,37.1262],[138.7563,37.1261],[138.7562,37.1259],[138.7562,37.1258],[138.7561,37.1257],[138.756,37.1256],[138.7558,37.1253],[138.7559,37.1253],[138.7566,37.1251],[138.7567,37.1251],[138.7567,37.1252],[138.7568,37.1251],[138.7571,37.1249],[138.7571,37.125],[138.7574,37.1248],[138.7574,37.1248],[138.7575,37.1249],[138.7574,37.1249],[138.7573,37.125],[138.7573,37.125],[138.7574,37.1251],[138.7574,37.1251],[138.7575,37.1252],[138.7576,37.1251],[138.7577,37.1252],[138.7575,37.1253],[138.7576,37.1253],[138.7576,37.1254],[138.7577,37.1255],[138.7577,37.1255],[138.7577,37.1255],[138.7578,37.1258],[138.7578,37.1258],[138.7586,37.1255],[138.7585,37.1255],[138.7583,37.1255],[138.7582,37.1254],[138.758,37.1251],[138.7578,37.1249],[138.7577,37.1247],[138.7577,37.1246],[138.7575,37.1245],[138.7573,37.1243],[138.7572,37.1241],[138.757,37.1241],[138.7569,37.124],[138.7569,37.1239],[138.7568,37.124],[138.7567,37.124],[138.7567,37.1241],[138.7566,37.1241],[138.7565,37.1241],[138.7565,37.1242],[138.7564,37.1242],[138.7564,37.1243],[138.7563,37.1243],[138.7562,37.1242],[138.756,37.1241],[138.7558,37.124],[138.7557,37.124],[138.7555,37.1238],[138.7555,37.1238],[138.7554,37.1237],[138.7553,37.1236],[138.7552,37.1235],[138.755,37.1232],[138.7549,37.1231],[138.7549,37.123],[138.7553,37.1227],[138.7554,37.1226],[138.7555,37.1225],[138.7555,37.1224],[138.7555,37.1223],[138.7556,37.1221],[138.7556,37.1218],[138.7557,37.1216],[138.7558,37.1215],[138.7557,37.1215],[138.7554,37.1213],[138.7549,37.121],[138.7551,37.1209],[138.7551,37.1208],[138.7551,37.1206],[138.7551,37.1205],[138.755,37.1204],[138.755,37.1203],[138.7548,37.1202],[138.7546,37.1202],[138.7545,37.1202],[138.7543,37.1202],[138.7542,37.1203],[138.7541,37.1202],[138.7543,37.1199],[138.7546,37.1197],[138.7547,37.1196],[138.7547,37.1194],[138.7545,37.1193],[138.7539,37.1186],[138.7537,37.1187],[138.7535,37.1188],[138.7534,37.1188],[138.7531,37.1189],[138.7528,37.1188],[138.7527,37.1188],[138.7522,37.1181],[138.752,37.1179],[138.7519,37.1177],[138.7519,37.1175],[138.7519,37.1173],[138.7516,37.1166],[138.7507,37.1167],[138.7505,37.1168],[138.7509,37.1172],[138.7511,37.1174],[138.7513,37.1177],[138.7515,37.1181],[138.7519,37.1188],[138.7513,37.1191],[138.7513,37.1189],[138.7512,37.1189],[138.7511,37.1186],[138.7506,37.1186],[138.7501,37.1186],[138.7489,37.1192],[138.7491,37.1196],[138.7495,37.1203],[138.7498,37.1202],[138.75,37.1205],[138.7504,37.1203],[138.7507,37.1206],[138.751,37.121],[138.7508,37.1211],[138.7511,37.1215],[138.7508,37.1216],[138.7506,37.1218],[138.7515,37.1229],[138.7517,37.1232],[138.7506,37.1237],[138.7503,37.1239],[138.7496,37.1242],[138.7497,37.1244],[138.7498,37.1245],[138.7499,37.1247],[138.7502,37.125],[138.7505,37.1254],[138.7509,37.1259],[138.7509,37.126],[138.7511,37.1261],[138.7513,37.1264],[138.7516,37.1269],[138.7509,37.1274],[138.7505,37.1277],[138.7504,37.1278],[138.75,37.1281],[138.7496,37.1277],[138.7492,37.1273],[138.7488,37.1269],[138.7485,37.1266],[138.7483,37.1266],[138.7481,37.1264],[138.7479,37.1263],[138.7473,37.126],[138.7469,37.1258],[138.7463,37.1255],[138.7462,37.1255],[138.7462,37.1256],[138.7461,37.1256],[138.746,37.1256],[138.7458,37.1257],[138.7457,37.1258],[138.7456,37.1258],[138.7455,37.1259],[138.7454,37.1259],[138.7453,37.126],[138.7452,37.1261],[138.7451,37.1261],[138.745,37.1261],[138.745,37.1262],[138.7446,37.1263],[138.745,37.1268],[138.7453,37.1271],[138.7457,37.1276],[138.7466,37.1287],[138.7456,37.1293],[138.7451,37.1295],[138.7457,37.1302],[138.7455,37.1303],[138.7455,37.1304],[138.7461,37.1308],[138.7462,37.1308],[138.7462,37.1309],[138.7463,37.1309],[138.7464,37.131],[138.7465,37.1309],[138.7465,37.1309],[138.7465,37.1308],[138.7466,37.1308],[138.7466,37.1308],[138.7467,37.1308],[138.7467,37.1308],[138.7469,37.131],[138.747,37.131],[138.7471,37.1309],[138.7473,37.1308],[138.7476,37.1307],[138.7476,37.1308],[138.7477,37.1308],[138.7477,37.1309],[138.7476,37.131],[138.7474,37.1311],[138.7475,37.1312],[138.7475,37.1312],[138.7474,37.1312],[138.7474,37.1312],[138.7469,37.1315],[138.7467,37.1316],[138.7466,37.1317],[138.7464,37.1319],[138.7462,37.1322],[138.7459,37.1324],[138.7458,37.1323],[138.7456,37.1322],[138.7455,37.1321],[138.7454,37.1321],[138.7453,37.132],[138.7451,37.132],[138.745,37.132],[138.745,37.1319],[138.7449,37.1319],[138.7449,37.1319],[138.7448,37.1319],[138.7444,37.1315],[138.7439,37.1312],[138.7438,37.1313],[138.7437,37.1315],[138.7436,37.1316],[138.7435,37.1316],[138.7435,37.1317],[138.7434,37.1318],[138.7434,37.1318],[138.7433,37.1319],[138.7433,37.132],[138.7433,37.1321],[138.7433,37.1322],[138.7433,37.1322],[138.7432,37.1323],[138.7432,37.1323],[138.7432,37.1324],[138.7433,37.1325],[138.7434,37.1325],[138.7435,37.1326],[138.7436,37.1326],[138.7438,37.1328],[138.7443,37.1331],[138.7444,37.1331],[138.7445,37.1332],[138.7446,37.1332],[138.7448,37.1332],[138.745,37.1332],[138.7451,37.1332],[138.7453,37.1335],[138.7451,37.1336],[138.7453,37.1338],[138.7451,37.134],[138.7455,37.1344],[138.7455,37.1344],[138.7456,37.1346],[138.7456,37.1346],[138.7457,37.1346],[138.7458,37.1346],[138.7465,37.1342],[138.7467,37.1344],[138.7469,37.1343],[138.747,37.1345],[138.7471,37.1345],[138.747,37.1348],[138.7471,37.1349],[138.7471,37.135],[138.7472,37.1352],[138.7472,37.1354],[138.7474,37.1353],[138.7475,37.1353],[138.7477,37.1354],[138.748,37.1353],[138.7484,37.1355],[138.7486,37.1358],[138.7488,37.136],[138.749,37.1361],[138.7494,37.1362],[138.7497,37.1362],[138.7498,37.1361],[138.7498,37.1357],[138.7502,37.1357],[138.7505,37.1356],[138.7506,37.1356],[138.7507,37.1357],[138.7512,37.1357],[138.7511,37.1359],[138.751,37.1359],[138.751,37.136],[138.751,37.1361],[138.751,37.1362],[138.751,37.1365],[138.751,37.1367],[138.751,37.1368],[138.7511,37.1369],[138.7512,37.1371],[138.7513,37.1372],[138.7514,37.1373],[138.7515,37.1374],[138.7516,37.1374],[138.7517,37.1375],[138.7523,37.1379],[138.7524,37.138],[138.7525,37.138],[138.7527,37.1382],[138.7528,37.1383],[138.7529,37.1385],[138.7531,37.1387],[138.7531,37.1389],[138.7532,37.1391],[138.7521,37.14],[138.7524,37.1403],[138.7528,37.14],[138.7534,37.1395],[138.7535,37.1398],[138.7538,37.1395],[138.754,37.1394],[138.754,37.1394],[138.7541,37.1396],[138.7541,37.14],[138.7539,37.1404],[138.7539,37.1404],[138.7539,37.1407],[138.7539,37.1408],[138.7538,37.141],[138.7538,37.141],[138.7538,37.1411],[138.7538,37.1412],[138.7539,37.1414],[138.754,37.1416],[138.754,37.1418],[138.754,37.1419],[138.7541,37.142],[138.7541,37.1421],[138.7541,37.1422],[138.7542,37.1424],[138.7542,37.1424],[138.7542,37.1426],[138.7542,37.1427],[138.7542,37.1428],[138.7542,37.1429],[138.7542,37.143],[138.7543,37.143],[138.7543,37.1431],[138.7543,37.1431],[138.7543,37.1432],[138.7543,37.1432],[138.7544,37.1432],[138.7545,37.1431],[138.7547,37.1429],[138.755,37.1427],[138.7553,37.1425],[138.7556,37.1424],[138.756,37.1421],[138.7564,37.142],[138.7567,37.1418],[138.7571,37.1416],[138.7573,37.1415],[138.7574,37.1413],[138.7576,37.1412],[138.7577,37.141],[138.7579,37.1408],[138.758,37.1407],[138.7582,37.1402],[138.7586,37.1403],[138.7586,37.1403],[138.7589,37.1404],[138.7591,37.1405],[138.759,37.1407],[138.7588,37.141],[138.7591,37.1414],[138.759,37.1415],[138.7588,37.1417],[138.758,37.1422],[138.7579,37.1425],[138.758,37.1427],[138.7582,37.143],[138.7583,37.1431],[138.7584,37.1433],[138.7584,37.1434],[138.7586,37.1435],[138.7586,37.1435],[138.7589,37.1437],[138.7588,37.1438],[138.7591,37.144],[138.7593,37.1442],[138.7595,37.1439],[138.7598,37.1437],[138.76,37.1435],[138.7602,37.1433],[138.7603,37.1432],[138.7606,37.1433],[138.7609,37.1435],[138.7611,37.1436],[138.7609,37.1436],[138.7611,37.1437],[138.7611,37.144],[138.7611,37.144],[138.7611,37.144],[138.7609,37.1442],[138.7603,37.1448],[138.7602,37.1444],[138.7599,37.1447],[138.7596,37.1451],[138.7591,37.1456],[138.7589,37.1459],[138.7588,37.146],[138.7579,37.1455],[138.7578,37.1457],[138.7576,37.1459],[138.7575,37.146],[138.7576,37.1461],[138.7578,37.1461],[138.7579,37.1462],[138.758,37.1462],[138.7581,37.1463],[138.7579,37.1464],[138.7579,37.1465],[138.7578,37.1467],[138.7577,37.1468],[138.7577,37.1469],[138.7576,37.147],[138.7576,37.1471],[138.7575,37.1473],[138.7572,37.1475],[138.7571,37.1477],[138.7571,37.1479],[138.7568,37.1481],[138.7573,37.1487],[138.7578,37.1484],[138.7582,37.1482],[138.7585,37.1481],[138.7592,37.148],[138.7593,37.148],[138.7601,37.1478],[138.7602,37.1477],[138.7604,37.1477],[138.7604,37.1477],[138.7605,37.1477],[138.7606,37.1478],[138.7607,37.1479],[138.7608,37.148],[138.7609,37.148],[138.761,37.1482],[138.7611,37.1482],[138.7611,37.1482],[138.7612,37.1481],[138.7613,37.1481],[138.7614,37.1481],[138.7617,37.1481],[138.7618,37.1481],[138.762,37.148],[138.762,37.148],[138.7624,37.1488],[138.763,37.1498],[138.7633,37.1503],[138.7637,37.1501],[138.7641,37.15],[138.7641,37.1499],[138.7642,37.1499],[138.7642,37.1498],[138.7642,37.1498],[138.7641,37.1498],[138.764,37.1497],[138.764,37.1496],[138.7639,37.1495],[138.7639,37.1494],[138.7639,37.1494],[138.7639,37.1491],[138.7639,37.1488],[138.7638,37.1484],[138.7638,37.1482],[138.7638,37.148],[138.7639,37.148],[138.764,37.148],[138.7642,37.148],[138.7643,37.148],[138.7644,37.148],[138.7645,37.148],[138.7646,37.1484],[138.7649,37.1488],[138.7644,37.149],[138.7646,37.1493],[138.7643,37.1494],[138.7644,37.1498],[138.7646,37.1498],[138.7652,37.1499],[138.7653,37.1499],[138.7652,37.15],[138.7655,37.1504],[138.7655,37.1505],[138.7653,37.1506],[138.7652,37.1506],[138.765,37.1506],[138.7648,37.1507],[138.764,37.1509],[138.764,37.1508],[138.7639,37.1505],[138.7632,37.1506],[138.7632,37.1508],[138.7632,37.1512],[138.7632,37.1517],[138.7632,37.1521],[138.7631,37.1525],[138.7631,37.1527],[138.763,37.1532],[138.763,37.1535],[138.7631,37.1535],[138.7631,37.1535],[138.7632,37.1535],[138.7632,37.1536],[138.7633,37.1537],[138.7634,37.1537],[138.7634,37.1538],[138.7635,37.1538],[138.7637,37.1539],[138.7638,37.1539],[138.7639,37.154],[138.764,37.154],[138.764,37.154],[138.7642,37.1537],[138.7647,37.1532],[138.7649,37.153],[138.7652,37.1527],[138.7653,37.1526],[138.7655,37.1525],[138.7656,37.1524],[138.7659,37.1522],[138.7661,37.1521],[138.7661,37.152],[138.7663,37.1518],[138.7665,37.1516],[138.7665,37.1515],[138.7666,37.1514],[138.7667,37.1514],[138.7669,37.1517],[138.767,37.1521],[138.7671,37.152],[138.7672,37.152],[138.7673,37.1518],[138.7674,37.1517],[138.7675,37.1516],[138.7677,37.1515],[138.7678,37.1514],[138.768,37.1512],[138.7683,37.1509],[138.768,37.1502],[138.7679,37.1499],[138.7676,37.1494],[138.7674,37.1489],[138.7673,37.1488],[138.7671,37.1483],[138.767,37.1481],[138.767,37.148],[138.7666,37.1481],[138.766,37.1482],[138.7659,37.1481],[138.7658,37.1481],[138.7656,37.1482],[138.7656,37.148],[138.7659,37.1479],[138.7668,37.1477],[138.7672,37.1476],[138.7673,37.1476],[138.7675,37.1476],[138.7678,37.1477],[138.768,37.1479],[138.7682,37.1479],[138.7684,37.1479],[138.7686,37.1479],[138.7688,37.1479],[138.769,37.1478],[138.7694,37.1477],[138.7697,37.1477],[138.7702,37.1475],[138.7706,37.1475],[138.7707,37.1474],[138.7707,37.1473],[138.7707,37.1473],[138.7706,37.1472],[138.7706,37.1471],[138.7705,37.1471],[138.7704,37.1469],[138.7704,37.1468],[138.7702,37.1466],[138.7702,37.1464],[138.7698,37.1465],[138.7695,37.1466],[138.7684,37.1468],[138.7683,37.1464],[138.7682,37.1462],[138.768,37.1462],[138.7675,37.1463],[138.7663,37.1466],[138.7664,37.1469],[138.7665,37.1471],[138.766,37.1473],[138.7659,37.1472],[138.7658,37.1472],[138.7657,37.1471],[138.7656,37.147],[138.7654,37.147],[138.7652,37.1471],[138.765,37.1471],[138.7648,37.1471],[138.7647,37.1471],[138.7646,37.1472],[138.7644,37.1472],[138.7643,37.1473],[138.7642,37.1473],[138.7641,37.1472],[138.764,37.1472],[138.7639,37.1473],[138.7639,37.1473],[138.7639,37.1474],[138.7639,37.1475],[138.7639,37.1475],[138.7638,37.1475],[138.7637,37.1476],[138.7635,37.1476],[138.7634,37.1474],[138.7632,37.1471],[138.7633,37.1471],[138.7633,37.147],[138.7633,37.147],[138.7633,37.1469],[138.7633,37.1469],[138.7634,37.1468],[138.7637,37.1467],[138.7637,37.1463],[138.7638,37.1463],[138.7647,37.1462],[138.7649,37.1461],[138.765,37.1461],[138.7649,37.1458],[138.7648,37.1458],[138.7649,37.1457],[138.765,37.1457],[138.765,37.1456],[138.765,37.1456],[138.7652,37.1456],[138.7657,37.1453],[138.7656,37.1451],[138.766,37.145],[138.7666,37.1449],[138.7668,37.1448],[138.7677,37.1447],[138.7676,37.1446],[138.7675,37.1442],[138.768,37.1442],[138.7681,37.1439],[138.7681,37.1439],[138.7683,37.1438],[138.7687,37.1437],[138.7692,37.1436],[138.7697,37.1435]]]},"properties":{"name":"十日町市","pop":1}},{"type":"Feature","geometry":{"type":"Polygon","coordinates":[[[138.9132,37.5372],[138.9141,37.5367],[138.9143,37.5371],[138.9144,37.5372],[138.9144,37.5374],[138.9144,37.5379],[138.9148,37.5379],[138.9156,37.5379],[138.9155,37.5385],[138.9155,37.5387],[138.9156,37.5389],[138.9156,37.5391],[138.9166,37.5396],[138.9175,37.5389],[138.9176,37.5388],[138.9171,37.5381],[138.917,37.5381],[138.9169,37.5379],[138.9164,37.5371],[138.9162,37.5369],[138.9175,37.5358],[138.9187,37.5359],[138.9191,37.536],[138.9203,37.5361],[138.9204,37.5358],[138.9205,37.5358],[138.9205,37.5352],[138.9209,37.5352],[138.921,37.5348],[138.9212,37.5344],[138.9212,37.5338],[138.9239,37.5338],[138.9239,37.5348],[138.9265,37.5348],[138.9265,37.5358],[138.9282,37.5359],[138.9289,37.5358],[138.9289,37.5358],[138.929,37.5356],[138.9291,37.5353],[138.9292,37.5352],[138.9292,37.5351],[138.9292,37.535],[138.9291,37.5348],[138.9289,37.5346],[138.9287,37.5342],[138.9283,37.5338],[138.9279,37.5333],[138.9277,37.533],[138.9275,37.5329],[138.9275,37.5328],[138.9274,37.5326],[138.9274,37.5325],[138.9274,37.5323],[138.9275,37.532],[138.9276,37.5319],[138.9277,37.5318],[138.928,37.5314],[138.9283,37.5309],[138.9285,37.5307],[138.9286,37.5305],[138.9287,37.5303],[138.9289,37.53],[138.929,37.5297],[138.9292,37.5296],[138.9294,37.5294],[138.9294,37.5292],[138.9294,37.5289],[138.9294,37.5288],[138.9293,37.5286],[138.9292,37.5284],[138.9292,37.5283],[138.929,37.528],[138.9289,37.5279],[138.9287,37.5276],[138.9284,37.5274],[138.9282,37.5273],[138.928,37.5272],[138.9279,37.5272],[138.9276,37.5272],[138.9276,37.5271],[138.9277,37.5268],[138.9277,37.5268],[138.9276,37.5267],[138.9275,37.5266],[138.9274,37.5264],[138.9273,37.5264],[138.9273,37.5265],[138.9272,37.5267],[138.9268,37.5267],[138.9268,37.5265],[138.9269,37.5264],[138.9269,37.5263],[138.927,37.5262],[138.927,37.5261],[138.9271,37.5258],[138.9271,37.5254],[138.9271,37.5253],[138.9271,37.5252],[138.9271,37.5248],[138.9271,37.5247],[138.9272,37.5246],[138.9273,37.5245],[138.9273,37.5245],[138.9274,37.5243],[138.9274,37.5242],[138.9276,37.5238],[138.9276,37.5237],[138.9276,37.5236],[138.9276,37.5235],[138.9276,37.5234],[138.9276,37.5232],[138.9276,37.5231],[138.9276,37.5231],[138.9277,37.523],[138.9277,37.5229],[138.9276,37.5227],[138.9274,37.5225],[138.9273,37.5224],[138.9274,37.5222],[138.9276,37.522],[138.9277,37.5218],[138.9279,37.5215],[138.928,37.5212],[138.9281,37.521],[138.9283,37.5208],[138.9283,37.5207],[138.9285,37.5206],[138.9286,37.5205],[138.9287,37.5205],[138.9289,37.5205],[138.929,37.5205],[138.9292,37.5205],[138.9292,37.5205],[138.9293,37.5204],[138.9293,37.5204],[138.9296,37.5202],[138.9297,37.5201],[138.9299,37.52],[138.9302,37.5198],[138.9304,37.5196],[138.9306,37.5196],[138.9304,37.5195],[138.9294,37.5191],[138.9292,37.5199],[138.9287,37.52],[138.9288,37.5193],[138.9289,37.519],[138.9277,37.5189],[138.9271,37.5189],[138.9271,37.5183],[138.9272,37.5183],[138.9275,37.5183],[138.9276,37.5183],[138.9279,37.5183],[138.9282,37.5184],[138.9285,37.5184],[138.9285,37.5184],[138.9286,37.5184],[138.9286,37.5184],[138.9286,37.5184],[138.9286,37.5184],[138.9286,37.5184],[138.9286,37.5184],[138.9286,37.5184],[138.9288,37.5184],[138.9292,37.5185],[138.9292,37.5185],[138.9295,37.5185],[138.9298,37.5185],[138.9299,37.5186],[138.93,37.5179],[138.93,37.5174],[138.9307,37.5175],[138.9307,37.5179],[138.9307,37.518],[138.9329,37.5183],[138.9329,37.5181],[138.9341,37.5181],[138.9341,37.518],[138.9341,37.5179],[138.9342,37.5178],[138.9341,37.5177],[138.9339,37.5176],[138.9339,37.5175],[138.9338,37.5174],[138.9336,37.5173],[138.9334,37.5174],[138.9329,37.5175],[138.9329,37.5175],[138.933,37.517],[138.933,37.5167],[138.933,37.5164],[138.933,37.5163],[138.9321,37.5164],[138.9319,37.5165],[138.9317,37.5165],[138.9314,37.5165],[138.9302,37.5164],[138.9295,37.5163],[138.9273,37.5161],[138.9262,37.516],[138.9262,37.5159],[138.9263,37.5157],[138.9265,37.5157],[138.9267,37.5156],[138.9268,37.5144],[138.9268,37.5142],[138.9244,37.514],[138.9243,37.514],[138.9243,37.514],[138.9243,37.5139],[138.9247,37.5135],[138.9247,37.5135],[138.9248,37.5134],[138.9249,37.5133],[138.9248,37.5133],[138.9248,37.5132],[138.9247,37.5132],[138.9246,37.5128],[138.9246,37.5128],[138.9246,37.5127],[138.9243,37.5127],[138.9242,37.5127],[138.924,37.5128],[138.9237,37.5128],[138.9217,37.5129],[138.9217,37.5129],[138.9217,37.5128],[138.9216,37.5125],[138.9216,37.5122],[138.9216,37.5118],[138.9212,37.5119],[138.9207,37.5119],[138.9201,37.5119],[138.9202,37.5123],[138.9202,37.5126],[138.9202,37.513],[138.9196,37.513],[138.9191,37.513],[138.9188,37.5125],[138.9186,37.5122],[138.9185,37.5119],[138.9185,37.5119],[138.9183,37.5119],[138.9184,37.512],[138.9185,37.5122],[138.9186,37.5125],[138.9186,37.5128],[138.9185,37.5128],[138.9184,37.513],[138.9183,37.5134],[138.9183,37.5137],[138.9182,37.5141],[138.9188,37.5141],[138.9188,37.5142],[138.9188,37.5143],[138.9191,37.5143],[138.9192,37.5145],[138.9192,37.5145],[138.9196,37.515],[138.9195,37.5151],[138.9196,37.5152],[138.9196,37.5153],[138.9196,37.5157],[138.9196,37.516],[138.9196,37.5161],[138.9201,37.516],[138.9205,37.5159],[138.9204,37.5162],[138.9203,37.5164],[138.9203,37.5165],[138.9204,37.5169],[138.9205,37.5169],[138.9206,37.5173],[138.9206,37.5175],[138.9207,37.5177],[138.9209,37.5177],[138.921,37.5177],[138.921,37.5177],[138.9212,37.5177],[138.9214,37.5177],[138.9217,37.5177],[138.9217,37.5178],[138.9217,37.518],[138.9217,37.5181],[138.9214,37.5181],[138.9211,37.518],[138.9209,37.518],[138.9207,37.518],[138.9204,37.518],[138.9202,37.5183],[138.9201,37.5185],[138.92,37.5186],[138.9195,37.5183],[138.919,37.5181],[138.9189,37.518],[138.9187,37.518],[138.9187,37.518],[138.9186,37.518],[138.9183,37.518],[138.918,37.518],[138.9177,37.518],[138.9174,37.518],[138.917,37.5179],[138.9166,37.5178],[138.9167,37.5183],[138.9167,37.5189],[138.9167,37.5192],[138.9169,37.5192],[138.9169,37.5195],[138.9167,37.5195],[138.9167,37.5201],[138.9167,37.5201],[138.9166,37.5201],[138.9165,37.5202],[138.9162,37.5202],[138.9159,37.5202],[138.9157,37.5202],[138.9155,37.5203],[138.9153,37.5203],[138.9152,37.5203],[138.9151,37.5203],[138.915,37.5203],[138.9147,37.5203],[138.9145,37.5202],[138.9143,37.5202],[138.914,37.5202],[138.9139,37.5201],[138.9137,37.5201],[138.9137,37.5201],[138.9137,37.5201],[138.9135,37.5201],[138.9134,37.52],[138.9132,37.52],[138.913,37.52],[138.9129,37.5199],[138.9128,37.5199],[138.9127,37.5199],[138.9126,37.5198],[138.9125,37.5198],[138.9123,37.5197],[138.911,37.522],[138.9112,37.5223],[138.9114,37.5225],[138.9117,37.5229],[138.9118,37.523],[138.9118,37.5231],[138.9118,37.5231],[138.9117,37.5232],[138.9115,37.5234],[138.9113,37.5236],[138.9112,37.5237],[138.9112,37.524],[138.9113,37.5242],[138.9114,37.5243],[138.9118,37.5246],[138.9117,37.5251],[138.9113,37.5248],[138.9111,37.5246],[138.9107,37.5246],[138.9093,37.5246],[138.9082,37.5246],[138.9068,37.5246],[138.9068,37.5256],[138.9068,37.5267],[138.9074,37.5267],[138.9098,37.5267],[138.9101,37.5267],[138.9107,37.5267],[138.9107,37.5267],[138.9106,37.5278],[138.9098,37.5278],[138.9094,37.5278],[138.9094,37.5297],[138.9094,37.5306],[138.9101,37.5309],[138.9103,37.5306],[138.9114,37.531],[138.9116,37.5306],[138.9119,37.53],[138.9125,37.5303],[138.9125,37.5303],[138.912,37.5312],[138.9118,37.5316],[138.9113,37.5314],[138.911,37.5318],[138.9109,37.5321],[138.9107,37.5324],[138.9105,37.5327],[138.9095,37.5325],[138.9094,37.5331],[138.9094,37.5335],[138.9095,37.5341],[138.9095,37.5344],[138.9095,37.5349],[138.907,37.5351],[138.907,37.5361],[138.907,37.5362],[138.9052,37.5363],[138.9045,37.5372],[138.9038,37.5382],[138.9036,37.5385],[138.9042,37.5393],[138.9047,37.5401],[138.905,37.5405],[138.9053,37.5409],[138.9056,37.5413],[138.906,37.5419],[138.9064,37.5424],[138.9064,37.5424],[138.9066,37.5427],[138.9067,37.5427],[138.9087,37.5421],[138.9099,37.5417],[138.9106,37.5415],[138.9117,37.5411],[138.9137,37.5405],[138.9132,37.5396],[138.913,37.5391],[138.9127,37.5386],[138.9125,37.5381],[138.9122,37.5375],[138.9127,37.5373],[138.9132,37.5372]]]},"properties":{"name":"見附市","pop":1}},{"type":"Feature","geometry":{"type":"Polygon","coordinates":[[[138.8895,37.5572],[138.8894,37.5568],[138.8893,37.5567],[138.8892,37.5562],[138.889,37.5558],[138.889,37.5555],[138.8889,37.5553],[138.8888,37.555],[138.8887,37.5548],[138.8886,37.5547],[138.8886,37.5546],[138.8886,37.5545],[138.8885,37.5544],[138.8883,37.5537],[138.8889,37.5537],[138.8893,37.5537],[138.8893,37.5537],[138.8893,37.5542],[138.8894,37.5547],[138.8894,37.5552],[138.8894,37.5558],[138.8894,37.5561],[138.8895,37.5563],[138.8899,37.5563],[138.8905,37.5562],[138.8912,37.5562],[138.8912,37.5567],[138.8924,37.5566],[138.8926,37.5566],[138.8927,37.5565],[138.8928,37.5563],[138.8929,37.5561],[138.893,37.5561],[138.893,37.556],[138.8929,37.5556],[138.8929,37.5555],[138.8929,37.5553],[138.8929,37.5551],[138.8929,37.5551],[138.8929,37.5549],[138.8928,37.5546],[138.8928,37.5543],[138.8928,37.554],[138.8925,37.5541],[138.8922,37.5541],[138.8916,37.5541],[138.8915,37.5541],[138.8915,37.5536],[138.8915,37.5536],[138.8923,37.5536],[138.8927,37.5535],[138.8928,37.5535],[138.8927,37.5533],[138.8927,37.553],[138.8927,37.5525],[138.8926,37.552],[138.8926,37.5515],[138.8926,37.551],[138.8925,37.5504],[138.8925,37.5499],[138.8925,37.5494],[138.8924,37.549],[138.8924,37.5489],[138.8924,37.5485],[138.8924,37.5484],[138.8923,37.5482],[138.8923,37.548],[138.8922,37.5479],[138.8922,37.5477],[138.8921,37.5476],[138.892,37.5475],[138.8924,37.5475],[138.8922,37.5465],[138.8921,37.5461],[138.892,37.5456],[138.8919,37.5451],[138.8917,37.5446],[138.8916,37.5447],[138.8907,37.5451],[138.8901,37.5454],[138.8901,37.5454],[138.8893,37.5445],[138.8912,37.5436],[138.8912,37.5435],[138.8912,37.5435],[138.8911,37.5434],[138.8908,37.5428],[138.8906,37.5427],[138.8906,37.5426],[138.8906,37.5425],[138.8905,37.5424],[138.8903,37.5423],[138.8902,37.5421],[138.8899,37.5418],[138.8897,37.5415],[138.8895,37.5413],[138.8893,37.5412],[138.8891,37.541],[138.8864,37.5423],[138.8857,37.5414],[138.885,37.5418],[138.8838,37.5424],[138.8842,37.5426],[138.8845,37.5429],[138.8847,37.5431],[138.8848,37.5431],[138.8843,37.5434],[138.8839,37.5436],[138.8837,37.5437],[138.8837,37.5437],[138.8838,37.5439],[138.884,37.5441],[138.8841,37.5441],[138.8842,37.5442],[138.8843,37.5443],[138.8844,37.5443],[138.8845,37.5444],[138.8847,37.5446],[138.8847,37.5447],[138.8848,37.5448],[138.8849,37.5449],[138.885,37.545],[138.8851,37.5451],[138.8851,37.5452],[138.8852,37.5453],[138.8853,37.5453],[138.8854,37.5454],[138.8854,37.5454],[138.8855,37.5455],[138.8855,37.5455],[138.8857,37.5457],[138.8857,37.5458],[138.8858,37.546],[138.886,37.5462],[138.8857,37.5462],[138.8857,37.5463],[138.8857,37.5464],[138.8857,37.5466],[138.8856,37.5466],[138.8856,37.5467],[138.8855,37.5468],[138.8854,37.5468],[138.8853,37.5469],[138.8852,37.547],[138.885,37.547],[138.8849,37.547],[138.8848,37.547],[138.8846,37.547],[138.8844,37.547],[138.8842,37.5469],[138.884,37.5469],[138.8839,37.547],[138.8839,37.5469],[138.8838,37.5469],[138.8833,37.5469],[138.8833,37.5469],[138.8832,37.5469],[138.8826,37.5468],[138.8823,37.5468],[138.8821,37.5469],[138.8819,37.5469],[138.8817,37.547],[138.8814,37.5471],[138.8812,37.5472],[138.8811,37.5474],[138.8811,37.5474],[138.8812,37.5475],[138.8812,37.5475],[138.8813,37.5476],[138.8813,37.5476],[138.8814,37.5477],[138.8815,37.5477],[138.8815,37.5477],[138.8817,37.5479],[138.882,37.5482],[138.8822,37.5484],[138.8825,37.5485],[138.8827,37.5486],[138.8829,37.5488],[138.883,37.5488],[138.883,37.5488],[138.883,37.5488],[138.8831,37.5489],[138.8832,37.549],[138.8832,37.5491],[138.8832,37.5493],[138.883,37.5496],[138.8829,37.5498],[138.8829,37.5498],[138.8827,37.5499],[138.8827,37.55],[138.8825,37.5501],[138.8825,37.5501],[138.882,37.5505],[138.8818,37.5507],[138.8814,37.551],[138.881,37.5513],[138.8808,37.5514],[138.8806,37.5515],[138.8802,37.5516],[138.88,37.5516],[138.8798,37.5516],[138.8792,37.5515],[138.8791,37.5514],[138.8789,37.5514],[138.8789,37.5514],[138.8787,37.5513],[138.8787,37.5513],[138.8786,37.5513],[138.8785,37.5514],[138.8785,37.5514],[138.8783,37.5515],[138.8783,37.5516],[138.8782,37.5518],[138.879,37.552],[138.8791,37.552],[138.8793,37.5524],[138.8795,37.5526],[138.8797,37.5527],[138.8798,37.5527],[138.8799,37.5527],[138.8824,37.5522],[138.8826,37.5527],[138.8831,37.5522],[138.8836,37.5518],[138.8836,37.5518],[138.884,37.5517],[138.8843,37.5518],[138.8845,37.5519],[138.8849,37.552],[138.8851,37.5521],[138.8854,37.5522],[138.8858,37.5523],[138.8859,37.5524],[138.8862,37.5525],[138.8866,37.5527],[138.8867,37.553],[138.8861,37.5531],[138.8862,37.5534],[138.8864,37.5538],[138.8865,37.5541],[138.8866,37.5545],[138.8867,37.5549],[138.8868,37.5551],[138.8864,37.5552],[138.8862,37.5552],[138.8858,37.5553],[138.8855,37.5554],[138.8849,37.5555],[138.885,37.556],[138.8852,37.5563],[138.8852,37.5565],[138.8857,37.5564],[138.8865,37.5562],[138.8871,37.5561],[138.8874,37.556],[138.8877,37.556],[138.8879,37.5565],[138.8879,37.5565],[138.888,37.557],[138.888,37.557],[138.8882,37.5575],[138.8884,37.558],[138.8891,37.5578],[138.8897,37.5577],[138.8896,37.5574],[138.8895,37.5572]]]},"properties":{"name":"見附市","pop":2}},{"type":"Feature","geometry":{"type":"Polygon","coordinates":[[[139.451,38.2345],[139.4511,38.2343],[139.4512,38.2342],[139.4515,38.2339],[139.4518,38.2338],[139.4521,38.2337],[139.4525,38.2336],[139.4531,38.2336],[139.453,38.2334],[139.4535,38.2333],[139.4537,38.2333],[139.4538,38.2333],[139.4541,38.2333],[139.4545,38.2332],[139.4546,38.2333],[139.4549,38.2332],[139.4549,38.2334],[139.4551,38.2334],[139.4556,38.2334],[139.4559,38.2333],[139.4561,38.2333],[139.4565,38.2332],[139.4569,38.2331],[139.4578,38.2328],[139.4582,38.2319],[139.4587,38.2312],[139.4588,38.2313],[139.4593,38.2307],[139.4598,38.2302],[139.4605,38.2294],[139.4607,38.2291],[139.4608,38.229],[139.4608,38.2296],[139.4609,38.2297],[139.4611,38.2297],[139.4609,38.2305],[139.4612,38.2306],[139.4613,38.2304],[139.4614,38.2302],[139.4617,38.2299],[139.4619,38.2297],[139.462,38.2296],[139.4621,38.2293],[139.4622,38.2291],[139.4625,38.2283],[139.4628,38.2276],[139.4628,38.2275],[139.4628,38.2274],[139.4631,38.227],[139.4635,38.2272],[139.4634,38.2274],[139.4636,38.2277],[139.4639,38.2276],[139.4649,38.2272],[139.465,38.2273],[139.4652,38.2276],[139.4648,38.228],[139.465,38.2281],[139.4651,38.2283],[139.4653,38.2285],[139.4655,38.2285],[139.4656,38.2286],[139.466,38.2285],[139.466,38.2286],[139.4649,38.229],[139.4653,38.2295],[139.4659,38.229],[139.466,38.2291],[139.4662,38.2292],[139.4663,38.2293],[139.4665,38.2296],[139.4666,38.2298],[139.4667,38.23],[139.4669,38.2303],[139.4671,38.2302],[139.4679,38.2297],[139.4684,38.2294],[139.4688,38.2292],[139.469,38.2291],[139.4698,38.2289],[139.4704,38.2287],[139.4714,38.2287],[139.4715,38.2287],[139.4721,38.2286],[139.4727,38.2286],[139.473,38.2285],[139.473,38.2279],[139.4731,38.2278],[139.4733,38.2275],[139.4735,38.2273],[139.4738,38.227],[139.4738,38.2269],[139.4744,38.2273],[139.4749,38.2276],[139.4753,38.2278],[139.4755,38.2279],[139.4756,38.228],[139.4754,38.2282],[139.4756,38.2284],[139.4754,38.2286],[139.4753,38.2286],[139.475,38.2284],[139.4747,38.2287],[139.4748,38.2289],[139.4755,38.229],[139.4759,38.2291],[139.4763,38.2291],[139.4766,38.2292],[139.4769,38.2293],[139.4772,38.2294],[139.4774,38.2295],[139.4779,38.2298],[139.478,38.2299],[139.4783,38.2299],[139.4785,38.2299],[139.479,38.23],[139.4796,38.2299],[139.4798,38.2299],[139.48,38.2298],[139.4802,38.2297],[139.4804,38.2297],[139.4815,38.2297],[139.482,38.2297],[139.4825,38.2298],[139.4828,38.2299],[139.4834,38.2303],[139.4838,38.2306],[139.4841,38.2308],[139.4843,38.2309],[139.4846,38.2309],[139.4848,38.2309],[139.4854,38.2309],[139.4855,38.2305],[139.4856,38.2303],[139.4857,38.2301],[139.4857,38.23],[139.4857,38.23],[139.4862,38.23],[139.4862,38.2305],[139.4858,38.2305],[139.4857,38.2306],[139.4858,38.2307],[139.4859,38.2308],[139.4859,38.2308],[139.4861,38.2308],[139.4866,38.2307],[139.4875,38.2306],[139.4882,38.2306],[139.4886,38.2305],[139.4889,38.2305],[139.4895,38.2303],[139.49,38.2302],[139.4905,38.23],[139.491,38.2296],[139.4915,38.2293],[139.4918,38.229],[139.4918,38.229],[139.4918,38.2289],[139.4919,38.2288],[139.492,38.2288],[139.4922,38.2287],[139.4926,38.2285],[139.493,38.2283],[139.4936,38.2275],[139.4938,38.2273],[139.4939,38.2272],[139.4939,38.2271],[139.4932,38.2267],[139.4936,38.2262],[139.4934,38.2258],[139.4931,38.225],[139.4933,38.2249],[139.4929,38.2245],[139.4927,38.2242],[139.4927,38.2241],[139.4924,38.2242],[139.4926,38.2247],[139.4919,38.2249],[139.4918,38.2247],[139.4915,38.224],[139.49,38.2245],[139.4894,38.2247],[139.489,38.224],[139.4886,38.2241],[139.4874,38.2245],[139.487,38.2239],[139.4869,38.2239],[139.4868,38.2239],[139.4867,38.2238],[139.4866,38.2237],[139.4864,38.2235],[139.4862,38.2234],[139.486,38.2234],[139.4859,38.2235],[139.4858,38.2235],[139.4855,38.2236],[139.4853,38.2237],[139.4851,38.2238],[139.484,38.223],[139.4843,38.2226],[139.4843,38.2225],[139.4846,38.2223],[139.4844,38.2221],[139.4845,38.2219],[139.4843,38.2216],[139.484,38.2213],[139.4836,38.2209],[139.4835,38.2209],[139.4835,38.2209],[139.4833,38.2208],[139.4825,38.2214],[139.4823,38.2211],[139.482,38.2209],[139.4817,38.2207],[139.4816,38.2208],[139.4812,38.2212],[139.4808,38.221],[139.4809,38.2208],[139.481,38.2208],[139.4813,38.2204],[139.4804,38.2199],[139.4805,38.2194],[139.4808,38.2189],[139.4811,38.2185],[139.4814,38.2186],[139.4813,38.2187],[139.4816,38.2188],[139.4818,38.2185],[139.4819,38.2184],[139.4819,38.2183],[139.4819,38.2182],[139.4819,38.2181],[139.4819,38.2181],[139.482,38.218],[139.4821,38.2179],[139.4822,38.2178],[139.4821,38.2177],[139.4821,38.2176],[139.4821,38.2175],[139.4823,38.2173],[139.4824,38.2172],[139.4824,38.2171],[139.4825,38.217],[139.4826,38.2171],[139.4827,38.217],[139.4831,38.2171],[139.4832,38.217],[139.4832,38.217],[139.4832,38.217],[139.4833,38.2169],[139.4834,38.2168],[139.4836,38.2167],[139.4836,38.2167],[139.4836,38.2167],[139.4839,38.2167],[139.4839,38.216],[139.4834,38.2157],[139.4837,38.2154],[139.4833,38.2152],[139.483,38.2153],[139.4827,38.2156],[139.4825,38.2158],[139.4824,38.2159],[139.4823,38.2161],[139.4822,38.2158],[139.482,38.2154],[139.482,38.2153],[139.4819,38.2152],[139.4819,38.2153],[139.4819,38.2154],[139.482,38.2157],[139.482,38.2158],[139.482,38.216],[139.4819,38.2162],[139.4818,38.2166],[139.4818,38.2169],[139.4817,38.217],[139.4816,38.2171],[139.4814,38.2173],[139.4813,38.2173],[139.4813,38.2174],[139.4813,38.2175],[139.4813,38.2176],[139.4813,38.2178],[139.4812,38.2179],[139.4812,38.2179],[139.481,38.218],[139.4809,38.2181],[139.4808,38.2182],[139.4806,38.2182],[139.4804,38.2182],[139.4803,38.2182],[139.4801,38.2181],[139.4801,38.218],[139.48,38.2177],[139.4799,38.2176],[139.4798,38.2175],[139.4796,38.2173],[139.4794,38.2173],[139.4793,38.2173],[139.4792,38.2173],[139.4791,38.2174],[139.4791,38.2175],[139.4791,38.2176],[139.479,38.2177],[139.4795,38.2177],[139.4796,38.2188],[139.4787,38.2189],[139.4776,38.219],[139.4774,38.219],[139.4773,38.2189],[139.4772,38.2189],[139.4764,38.2185],[139.4758,38.2182],[139.4754,38.2179],[139.4747,38.2176],[139.4737,38.217],[139.4737,38.2169],[139.4742,38.2161],[139.4741,38.216],[139.4747,38.2157],[139.4744,38.2156],[139.4743,38.2155],[139.4742,38.2155],[139.4742,38.2155],[139.474,38.2155],[139.474,38.2155],[139.4738,38.2154],[139.4738,38.2152],[139.4739,38.2151],[139.4741,38.2151],[139.4745,38.2147],[139.4748,38.2146],[139.4743,38.2141],[139.4737,38.2145],[139.4736,38.2146],[139.4735,38.2148],[139.4734,38.2149],[139.4733,38.2151],[139.4733,38.2151],[139.4732,38.2153],[139.4732,38.2153],[139.473,38.2152],[139.4728,38.2151],[139.4727,38.2151],[139.4727,38.215],[139.4727,38.215],[139.4727,38.2149],[139.4726,38.2149],[139.4725,38.2148],[139.4725,38.2148],[139.4724,38.2148],[139.4724,38.2148],[139.4724,38.2148],[139.4724,38.2148],[139.4727,38.2143],[139.4725,38.2143],[139.4725,38.2142],[139.4725,38.2141],[139.4724,38.2141],[139.4723,38.2141],[139.4723,38.2141],[139.4721,38.2141],[139.4721,38.2143],[139.472,38.2143],[139.4719,38.2143],[139.4718,38.2143],[139.4718,38.2143],[139.4717,38.2142],[139.4716,38.2141],[139.4716,38.2141],[139.4715,38.2141],[139.4714,38.2141],[139.4713,38.214],[139.4714,38.2138],[139.4714,38.2137],[139.4714,38.2136],[139.4714,38.2136],[139.4712,38.2136],[139.4711,38.2136],[139.4709,38.2138],[139.4708,38.2138],[139.4708,38.2139],[139.4707,38.214],[139.4706,38.214],[139.4705,38.2139],[139.4703,38.2138],[139.4701,38.2137],[139.47,38.2137],[139.4698,38.2136],[139.4697,38.2136],[139.4697,38.2136],[139.4696,38.2136],[139.4696,38.2136],[139.4695,38.2136],[139.4695,38.2135],[139.4694,38.2135],[139.4694,38.2135],[139.4694,38.2135],[139.4693,38.2135],[139.4693,38.2135],[139.4693,38.2136],[139.4692,38.2136],[139.469,38.2135],[139.469,38.2135],[139.469,38.2135],[139.469,38.2134],[139.4691,38.2132],[139.4691,38.2132],[139.469,38.2132],[139.4689,38.2134],[139.4688,38.2134],[139.4686,38.2134],[139.4684,38.2134],[139.4682,38.2134],[139.4682,38.2134],[139.4682,38.2134],[139.4682,38.2133],[139.4684,38.213],[139.4685,38.213],[139.4685,38.213],[139.4684,38.213],[139.4684,38.213],[139.4684,38.213],[139.4681,38.2131],[139.4681,38.2131],[139.4681,38.2131],[139.4681,38.213],[139.4681,38.213],[139.468,38.213],[139.468,38.213],[139.4679,38.213],[139.4678,38.213],[139.4678,38.213],[139.4677,38.213],[139.4677,38.213],[139.4676,38.213],[139.4675,38.213],[139.4675,38.2131],[139.4674,38.2131],[139.4673,38.2131],[139.4671,38.213],[139.4669,38.213],[139.4668,38.213],[139.4668,38.2129],[139.4667,38.2129],[139.4667,38.2129],[139.4667,38.2129],[139.4667,38.2129],[139.4668,38.2128],[139.4667,38.2126],[139.4668,38.2123],[139.4667,38.2122],[139.4667,38.2123],[139.4665,38.2127],[139.4664,38.2128],[139.4663,38.2128],[139.4662,38.2127],[139.466,38.2126],[139.466,38.2125],[139.4659,38.2125],[139.4658,38.2125],[139.4657,38.2124],[139.4656,38.2122],[139.4656,38.2122],[139.4656,38.212],[139.4656,38.212],[139.4655,38.212],[139.4654,38.2121],[139.465,38.2117],[139.4648,38.2115],[139.4646,38.2113],[139.4642,38.2114],[139.4643,38.2116],[139.4641,38.2118],[139.4639,38.2117],[139.4639,38.2117],[139.4637,38.2116],[139.4635,38.2115],[139.4633,38.2115],[139.4629,38.2116],[139.4627,38.2117],[139.4626,38.2117],[139.4626,38.2119],[139.4627,38.212],[139.4628,38.2122],[139.463,38.2123],[139.4632,38.2124],[139.4631,38.2126],[139.4629,38.2125],[139.4631,38.213],[139.4632,38.2134],[139.4633,38.2138],[139.4634,38.2141],[139.4634,38.2146],[139.4634,38.2154],[139.4633,38.2161],[139.4645,38.2166],[139.4645,38.2166],[139.4648,38.2165],[139.4649,38.2165],[139.4649,38.2165],[139.4652,38.2165],[139.4652,38.2164],[139.4659,38.2163],[139.4663,38.2164],[139.4661,38.217],[139.4649,38.2171],[139.4632,38.2172],[139.4632,38.2183],[139.4632,38.2184],[139.4628,38.2184],[139.4628,38.2184],[139.4624,38.2184],[139.4624,38.2185],[139.4625,38.2193],[139.4625,38.2197],[139.4625,38.2204],[139.4625,38.2206],[139.4624,38.2206],[139.4624,38.2204],[139.4624,38.2204],[139.4608,38.2204],[139.4608,38.2204],[139.4607,38.2208],[139.4604,38.2208],[139.4603,38.221],[139.4601,38.2208],[139.46,38.2207],[139.4598,38.2205],[139.4597,38.2205],[139.4596,38.2204],[139.4591,38.2202],[139.4592,38.22],[139.4596,38.2201],[139.4598,38.2199],[139.4601,38.2196],[139.46,38.2186],[139.4603,38.2186],[139.4603,38.2184],[139.4601,38.2184],[139.4601,38.2183],[139.4602,38.2182],[139.4604,38.2182],[139.4604,38.2179],[139.4603,38.2177],[139.4603,38.2177],[139.4601,38.2174],[139.4596,38.2175],[139.4598,38.2176],[139.4598,38.2177],[139.4595,38.2178],[139.4594,38.2175],[139.4594,38.2175],[139.4588,38.2176],[139.4588,38.2176],[139.4588,38.2176],[139.4583,38.2177],[139.4584,38.218],[139.4584,38.2181],[139.4582,38.2181],[139.458,38.2181],[139.4577,38.2182],[139.4574,38.2182],[139.4572,38.2181],[139.4572,38.2181],[139.4571,38.2182],[139.457,38.2182],[139.4568,38.2182],[139.4567,38.2182],[139.4565,38.2182],[139.4565,38.2181],[139.4564,38.2181],[139.4561,38.2181],[139.4561,38.2183],[139.4558,38.2183],[139.4557,38.2183],[139.4556,38.2184],[139.4555,38.2184],[139.4554,38.2184],[139.4554,38.2185],[139.4556,38.2185],[139.4554,38.219],[139.4554,38.219],[139.4553,38.2191],[139.4553,38.2193],[139.4553,38.2194],[139.4553,38.2196],[139.4552,38.2197],[139.4552,38.2199],[139.4552,38.2199],[139.4547,38.2199],[139.4547,38.2201],[139.4546,38.2201],[139.4547,38.2203],[139.4549,38.2205],[139.4549,38.2206],[139.455,38.2207],[139.4549,38.2208],[139.4548,38.2209],[139.4546,38.221],[139.4546,38.2211],[139.4546,38.2212],[139.4547,38.2212],[139.4548,38.2212],[139.4549,38.2213],[139.4553,38.2213],[139.4557,38.2213],[139.456,38.2212],[139.4561,38.2216],[139.4562,38.2216],[139.4562,38.2217],[139.4562,38.2218],[139.4569,38.2218],[139.4569,38.2219],[139.4571,38.2219],[139.4571,38.2219],[139.4571,38.2219],[139.4574,38.2219],[139.4574,38.222],[139.4576,38.222],[139.4576,38.2221],[139.4576,38.2221],[139.4582,38.222],[139.4582,38.2218],[139.458,38.2218],[139.458,38.2217],[139.4581,38.2217],[139.4582,38.2214],[139.4583,38.2214],[139.4585,38.2214],[139.4588,38.2214],[139.4593,38.2215],[139.4593,38.2214],[139.4593,38.2214],[139.4595,38.2212],[139.4595,38.2212],[139.4597,38.2211],[139.4598,38.2212],[139.4602,38.2213],[139.4605,38.2214],[139.4607,38.2214],[139.4613,38.2221],[139.4608,38.2221],[139.4607,38.2221],[139.4606,38.2221],[139.4605,38.222],[139.4599,38.222],[139.4599,38.2221],[139.4597,38.2221],[139.4595,38.2221],[139.4596,38.2222],[139.4593,38.2222],[139.4593,38.2228],[139.459,38.2228],[139.459,38.2232],[139.459,38.2232],[139.459,38.2234],[139.4586,38.2234],[139.4581,38.2236],[139.458,38.2241],[139.4579,38.2241],[139.458,38.2242],[139.458,38.2243],[139.4583,38.2243],[139.4587,38.2242],[139.4591,38.2242],[139.4589,38.2244],[139.4587,38.2245],[139.4587,38.2246],[139.4583,38.2249],[139.4582,38.2249],[139.4574,38.2255],[139.458,38.226],[139.4577,38.226],[139.4563,38.2262],[139.4564,38.2263],[139.4566,38.227],[139.4568,38.2275],[139.4567,38.2275],[139.4566,38.2277],[139.4565,38.2277],[139.456,38.2277],[139.4563,38.2284],[139.4566,38.2285],[139.4572,38.2285],[139.4575,38.2285],[139.4579,38.2286],[139.4585,38.2288],[139.4589,38.229],[139.4586,38.2293],[139.458,38.2298],[139.4578,38.23],[139.4577,38.2299],[139.4575,38.2299],[139.4573,38.2298],[139.4572,38.2298],[139.4571,38.2299],[139.4568,38.2299],[139.4567,38.2299],[139.4565,38.2299],[139.4563,38.2299],[139.4562,38.2298],[139.4561,38.2298],[139.456,38.2298],[139.4558,38.2299],[139.4557,38.2299],[139.4556,38.23],[139.4554,38.2301],[139.4552,38.2301],[139.4549,38.2298],[139.4548,38.2299],[139.4548,38.2302],[139.4547,38.2304],[139.4544,38.2306],[139.4542,38.2307],[139.454,38.2308],[139.454,38.231],[139.4535,38.2311],[139.4535,38.2313],[139.4535,38.2315],[139.4535,38.2318],[139.4532,38.2317],[139.453,38.2317],[139.4527,38.2317],[139.4525,38.2318],[139.4526,38.2323],[139.4527,38.2326],[139.4525,38.2326],[139.4518,38.2327],[139.4517,38.2327],[139.4507,38.2328],[139.4503,38.2323],[139.4501,38.2322],[139.4505,38.2321],[139.4503,38.2318],[139.45,38.2319],[139.4495,38.2313],[139.4492,38.2309],[139.4489,38.2305],[139.4486,38.2301],[139.4484,38.2298],[139.4482,38.2299],[139.4483,38.2302],[139.4482,38.2303],[139.4483,38.2304],[139.4484,38.2307],[139.4484,38.2309],[139.4485,38.231],[139.4487,38.2311],[139.4488,38.2312],[139.4488,38.2313],[139.4488,38.2315],[139.4489,38.2317],[139.449,38.2318],[139.4491,38.2319],[139.4492,38.2322],[139.4493,38.2325],[139.4496,38.2328],[139.4496,38.2329],[139.4496,38.2329],[139.4496,38.233],[139.4496,38.233],[139.4496,38.233],[139.4498,38.233],[139.4498,38.2331],[139.45,38.2331],[139.4504,38.2333],[139.4502,38.2335],[139.4502,38.2337],[139.4502,38.2339],[139.4502,38.234],[139.4502,38.2341],[139.4501,38.2342],[139.45,38.2343],[139.4498,38.2343],[139.4497,38.2344],[139.4497,38.2344],[139.4496,38.2344],[139.4496,38.2345],[139.4497,38.2347],[139.4499,38.235],[139.4499,38.2351],[139.45,38.2351],[139.45,38.235],[139.45,38.2348],[139.4501,38.2347],[139.4504,38.2345],[139.4506,38.2344],[139.4506,38.2344],[139.4506,38.2347],[139.4506,38.2349],[139.4507,38.2353],[139.4507,38.2354],[139.4507,38.2355],[139.4506,38.2356],[139.4507,38.2357],[139.4507,38.2358],[139.4507,38.2359],[139.4508,38.2363],[139.4509,38.2366],[139.4511,38.2366],[139.451,38.2363],[139.4509,38.2355],[139.4508,38.2347],[139.451,38.2347],[139.451,38.2345]]]},"properties":{"name":"村上市","pop":1}},{"type":"Feature","geometry":{"type":"Polygon","coordinates":[[[138.9211,37.6692],[138.9207,37.6691],[138.9204,37.669],[138.9196,37.6697],[138.9199,37.6699],[138.9201,37.6701],[138.9211,37.6692]]]},"properties":{"name":"燕市","pop":1}},{"type":"Feature","geometry":{"type":"Polygon","coordinates":[[[138.9211,37.6692],[138.9217,37.6696],[138.9222,37.6699],[138.9233,37.6689],[138.9238,37.6692],[138.9236,37.6695],[138.9233,37.6697],[138.9227,37.6703],[138.9217,37.6712],[138.9228,37.6719],[138.9232,37.6714],[138.9249,37.67],[138.9252,37.6698],[138.9253,37.6702],[138.9254,37.6708],[138.9255,37.6711],[138.9255,37.6712],[138.9262,37.6713],[138.9264,37.6713],[138.9268,37.6714],[138.9266,37.6724],[138.9268,37.6724],[138.927,37.6724],[138.9272,37.6724],[138.9276,37.6724],[138.928,37.6723],[138.928,37.6724],[138.928,37.6724],[138.928,37.6727],[138.9288,37.6726],[138.9302,37.6725],[138.9308,37.6724],[138.9307,37.672],[138.9311,37.6719],[138.9314,37.6719],[138.9317,37.6719],[138.932,37.6718],[138.9322,37.6718],[138.9326,37.6717],[138.9327,37.6718],[138.933,37.672],[138.9334,37.6722],[138.9335,37.6722],[138.9336,37.6722],[138.9337,37.6722],[138.9339,37.6722],[138.934,37.6723],[138.9341,37.6723],[138.9342,37.6727],[138.9343,37.6734],[138.9343,37.6738],[138.9344,37.6744],[138.9345,37.6751],[138.9345,37.6752],[138.9346,37.6757],[138.9347,37.6764],[138.9357,37.6764],[138.9357,37.6767],[138.9363,37.6768],[138.9363,37.6768],[138.9363,37.6765],[138.9363,37.6764],[138.9364,37.6762],[138.9368,37.6763],[138.9368,37.6761],[138.9368,37.6757],[138.9368,37.6751],[138.9361,37.6751],[138.9359,37.6751],[138.9359,37.6749],[138.9359,37.6749],[138.9359,37.6747],[138.9359,37.6746],[138.9358,37.6744],[138.9356,37.6741],[138.9354,37.6736],[138.9352,37.6734],[138.9351,37.673],[138.9348,37.6724],[138.935,37.6724],[138.9352,37.6724],[138.9354,37.6724],[138.9355,37.6724],[138.9354,37.6722],[138.9353,37.672],[138.9351,37.6717],[138.9349,37.6713],[138.9348,37.6711],[138.9347,37.6709],[138.9345,37.6707],[138.9343,37.6705],[138.9342,37.6705],[138.9338,37.6704],[138.9335,37.6703],[138.9333,37.6702],[138.9331,37.6702],[138.9329,37.6702],[138.9328,37.6702],[138.9327,37.6701],[138.9328,37.67],[138.9329,37.6698],[138.933,37.6695],[138.9331,37.6687],[138.9332,37.6684],[138.9336,37.6683],[138.9342,37.6682],[138.9343,37.6681],[138.934,37.6676],[138.934,37.6676],[138.934,37.6676],[138.9338,37.6676],[138.9331,37.6676],[138.9332,37.667],[138.9341,37.6671],[138.935,37.667],[138.935,37.667],[138.9353,37.6673],[138.9354,37.6675],[138.9354,37.6675],[138.9358,37.668],[138.936,37.6681],[138.936,37.6673],[138.9361,37.6659],[138.9361,37.6656],[138.9362,37.6656],[138.9363,37.6655],[138.9363,37.6653],[138.9363,37.6653],[138.9365,37.6653],[138.9366,37.6651],[138.9367,37.6651],[138.9367,37.6649],[138.9368,37.6649],[138.9369,37.6649],[138.9369,37.6648],[138.9374,37.6648],[138.9376,37.6648],[138.9378,37.6645],[138.9381,37.6643],[138.9384,37.664],[138.9386,37.6638],[138.9389,37.6636],[138.9391,37.6634],[138.9394,37.6634],[138.9396,37.6634],[138.9399,37.6634],[138.9402,37.6634],[138.9406,37.6633],[138.9408,37.6632],[138.9411,37.6632],[138.9413,37.6631],[138.9418,37.6631],[138.942,37.6631],[138.9425,37.663],[138.9428,37.663],[138.9433,37.663],[138.9434,37.663],[138.9445,37.6628],[138.9451,37.6627],[138.9453,37.6627],[138.9455,37.6626],[138.9457,37.6625],[138.9461,37.6624],[138.9462,37.6623],[138.9465,37.6621],[138.9467,37.662],[138.9468,37.662],[138.9469,37.662],[138.947,37.662],[138.9469,37.6616],[138.9469,37.6613],[138.9468,37.6612],[138.9468,37.661],[138.9467,37.6609],[138.9466,37.6605],[138.9469,37.6604],[138.9472,37.6604],[138.9476,37.6603],[138.9478,37.6603],[138.9479,37.6602],[138.9481,37.6602],[138.9484,37.6602],[138.9488,37.6602],[138.9494,37.6602],[138.9494,37.6599],[138.9494,37.6593],[138.9469,37.659],[138.9456,37.6591],[138.9452,37.6591],[138.9438,37.6593],[138.9431,37.6594],[138.9428,37.6595],[138.9426,37.659],[138.9425,37.6586],[138.9423,37.658],[138.942,37.6571],[138.9411,37.6574],[138.9405,37.6575],[138.9396,37.6578],[138.9378,37.6583],[138.9367,37.6586],[138.9369,37.6591],[138.9371,37.6596],[138.9368,37.6596],[138.937,37.6599],[138.9372,37.6599],[138.9376,37.6609],[138.9355,37.6615],[138.9355,37.6615],[138.9356,37.6618],[138.9359,37.6624],[138.9361,37.6623],[138.9368,37.6623],[138.9374,37.6623],[138.9377,37.6623],[138.9381,37.6622],[138.9385,37.6622],[138.9387,37.6621],[138.9391,37.6622],[138.9394,37.6622],[138.9391,37.6623],[138.939,37.6624],[138.939,37.6626],[138.939,37.6629],[138.939,37.6633],[138.9386,37.6633],[138.9379,37.6634],[138.9374,37.6634],[138.937,37.6634],[138.9365,37.6634],[138.9362,37.6633],[138.9356,37.6632],[138.9352,37.6631],[138.9343,37.6632],[138.9337,37.6621],[138.9331,37.6623],[138.9331,37.6622],[138.933,37.662],[138.9329,37.6615],[138.9328,37.6609],[138.9327,37.6605],[138.9322,37.6605],[138.9315,37.6605],[138.9308,37.6605],[138.9308,37.66],[138.9315,37.66],[138.9326,37.66],[138.9328,37.66],[138.933,37.66],[138.9332,37.6599],[138.9332,37.6597],[138.9333,37.6596],[138.9333,37.6596],[138.9336,37.6595],[138.934,37.6594],[138.9341,37.6594],[138.9347,37.6592],[138.9351,37.6591],[138.9351,37.6591],[138.935,37.659],[138.935,37.6586],[138.9351,37.6584],[138.9343,37.6584],[138.9341,37.6584],[138.9334,37.6583],[138.9334,37.6578],[138.9329,37.6578],[138.9327,37.6578],[138.9323,37.6577],[138.9321,37.6577],[138.932,37.6575],[138.932,37.6572],[138.932,37.6572],[138.9319,37.6571],[138.9313,37.6572],[138.9308,37.6572],[138.9309,37.6566],[138.9309,37.6566],[138.9309,37.6562],[138.9309,37.656],[138.9308,37.656],[138.9304,37.6559],[138.9297,37.6559],[138.9295,37.6559],[138.9295,37.6562],[138.9295,37.6565],[138.9295,37.6566],[138.9295,37.6567],[138.9289,37.6567],[138.9285,37.6567],[138.9278,37.6567],[138.9278,37.6561],[138.9278,37.6554],[138.9273,37.6553],[138.9265,37.6552],[138.9265,37.6552],[138.9264,37.6553],[138.9264,37.6554],[138.9262,37.6553],[138.9262,37.6553],[138.9259,37.6553],[138.9259,37.6553],[138.9257,37.6552],[138.9253,37.6551],[138.9251,37.655],[138.9251,37.655],[138.925,37.655],[138.925,37.655],[138.9243,37.6547],[138.9242,37.6546],[138.9241,37.6545],[138.9239,37.6544],[138.9236,37.6541],[138.9229,37.6544],[138.9226,37.6546],[138.9224,37.6548],[138.9222,37.6549],[138.922,37.655],[138.9213,37.6553],[138.9208,37.6555],[138.9208,37.6555],[138.9207,37.6554],[138.9208,37.6553],[138.9209,37.6549],[138.9212,37.654],[138.9217,37.6533],[138.9223,37.6523],[138.9203,37.653],[138.9194,37.6533],[138.9189,37.6534],[138.9186,37.653],[138.9185,37.653],[138.9184,37.6531],[138.918,37.6532],[138.918,37.6532],[138.9163,37.6536],[138.9162,37.6537],[138.9145,37.654],[138.9137,37.6541],[138.9127,37.6543],[138.9119,37.6541],[138.9113,37.6537],[138.9106,37.6535],[138.9103,37.6535],[138.9098,37.6534],[138.9095,37.6534],[138.9094,37.6534],[138.9093,37.6534],[138.9074,37.6539],[138.9069,37.6541],[138.9061,37.6543],[138.906,37.6544],[138.9058,37.6554],[138.9058,37.6558],[138.9068,37.6553],[138.9066,37.655],[138.9077,37.6545],[138.9079,37.6547],[138.9081,37.655],[138.9083,37.6552],[138.9086,37.6557],[138.9089,37.6561],[138.9078,37.6566],[138.9082,37.6571],[138.9077,37.6574],[138.9069,37.6577],[138.9066,37.6579],[138.9053,37.6585],[138.9053,37.6585],[138.9058,37.659],[138.9067,37.6599],[138.9049,37.661],[138.9047,37.6625],[138.9051,37.6623],[138.9097,37.6593],[138.9102,37.6597],[138.9106,37.6602],[138.911,37.6606],[138.9115,37.661],[138.9125,37.6603],[138.9137,37.6595],[138.9132,37.6592],[138.9121,37.6599],[138.9116,37.6595],[138.9128,37.6587],[138.9124,37.6583],[138.9119,37.6579],[138.9129,37.6572],[138.9131,37.6573],[138.9133,37.6577],[138.9136,37.6582],[138.9136,37.6582],[138.9136,37.6583],[138.914,37.6586],[138.9146,37.6589],[138.9157,37.6596],[138.9145,37.6604],[138.9152,37.6611],[138.9154,37.6613],[138.9163,37.6621],[138.9171,37.6616],[138.9173,37.6621],[138.9175,37.6626],[138.9175,37.6627],[138.9177,37.6631],[138.9177,37.6632],[138.9169,37.6638],[138.9173,37.6642],[138.9182,37.6636],[138.9181,37.6636],[138.9185,37.6635],[138.9185,37.6634],[138.9186,37.6634],[138.9189,37.6633],[138.9192,37.6633],[138.9195,37.6633],[138.9198,37.6633],[138.92,37.6633],[138.9197,37.6639],[138.9195,37.6643],[138.9195,37.6643],[138.9195,37.6644],[138.9192,37.6646],[138.9204,37.666],[138.9204,37.666],[138.9208,37.6665],[138.921,37.6667],[138.921,37.6668],[138.921,37.6669],[138.921,37.667],[138.9205,37.668],[138.9202,37.6686],[138.9206,37.6686],[138.9208,37.6687],[138.9211,37.6684],[138.9211,37.6686],[138.9212,37.6689],[138.9213,37.669],[138.9211,37.6692]]]},"properties":{"name":"燕市","pop":1}},{"type":"Feature","geometry":{"type":"Polygon","coordinates":[[[138.89,37.7114],[138.8895,37.7102],[138.8882,37.7105],[138.8875,37.7107],[138.8874,37.7107],[138.8874,37.7105],[138.8866,37.7086],[138.8856,37.7066],[138.8852,37.7055],[138.8847,37.7045],[138.8845,37.7038],[138.8845,37.7035],[138.8845,37.7033],[138.8853,37.7031],[138.8853,37.7032],[138.8861,37.7032],[138.8864,37.7032],[138.8865,37.7033],[138.8869,37.7032],[138.8871,37.7032],[138.8873,37.7031],[138.8875,37.7031],[138.8876,37.7034],[138.8879,37.7033],[138.8875,37.7023],[138.8873,37.7019],[138.8872,37.7016],[138.8871,37.7013],[138.8869,37.7009],[138.8868,37.7006],[138.8866,37.7003],[138.8865,37.7],[138.8863,37.6997],[138.885,37.7],[138.885,37.6994],[138.884,37.6993],[138.8838,37.6992],[138.8834,37.699],[138.8828,37.6986],[138.8829,37.6977],[138.8831,37.6967],[138.8833,37.6957],[138.8835,37.6947],[138.8836,37.6937],[138.8837,37.6932],[138.8838,37.6927],[138.886,37.6929],[138.8859,37.6939],[138.8875,37.6941],[138.8877,37.6931],[138.8878,37.6921],[138.8861,37.6919],[138.8861,37.6916],[138.886,37.6911],[138.886,37.6908],[138.8858,37.6902],[138.8857,37.6899],[138.886,37.6899],[138.8864,37.6898],[138.8867,37.6897],[138.887,37.6896],[138.8867,37.6892],[138.8872,37.689],[138.887,37.6889],[138.8867,37.6886],[138.8865,37.6884],[138.8863,37.688],[138.8868,37.6878],[138.8859,37.6871],[138.8867,37.6866],[138.8868,37.6866],[138.8869,37.6864],[138.8873,37.6861],[138.8876,37.6861],[138.8884,37.6859],[138.888,37.6852],[138.8874,37.6854],[138.8873,37.6853],[138.887,37.685],[138.8868,37.6848],[138.8866,37.6849],[138.8864,37.6848],[138.886,37.6847],[138.8859,37.6846],[138.8858,37.6845],[138.8853,37.6841],[138.8844,37.6837],[138.8836,37.684],[138.8834,37.6836],[138.8831,37.6833],[138.8828,37.683],[138.8828,37.683],[138.8824,37.6827],[138.8821,37.6824],[138.8815,37.682],[138.883,37.6812],[138.8827,37.681],[138.8825,37.6809],[138.8819,37.6801],[138.8818,37.6801],[138.8818,37.6801],[138.8811,37.6802],[138.8806,37.6803],[138.8803,37.6804],[138.8802,37.6802],[138.88,37.68],[138.879,37.6803],[138.8788,37.68],[138.8785,37.6788],[138.8788,37.6788],[138.8789,37.6787],[138.8792,37.679],[138.8795,37.6788],[138.8803,37.6787],[138.8801,37.6784],[138.8799,37.6779],[138.8789,37.6782],[138.8788,37.6778],[138.8783,37.678],[138.8783,37.6781],[138.8771,37.6784],[138.8768,37.6782],[138.8767,37.6781],[138.8766,37.678],[138.8764,37.6765],[138.8759,37.6766],[138.8752,37.6766],[138.8754,37.678],[138.876,37.6785],[138.8744,37.6789],[138.8743,37.6789],[138.8743,37.6789],[138.8742,37.6785],[138.8737,37.6785],[138.8734,37.6785],[138.8735,37.6791],[138.8731,37.6792],[138.8731,37.6792],[138.8725,37.6793],[138.8723,37.679],[138.8716,37.6793],[138.8716,37.6792],[138.8715,37.6788],[138.8714,37.6784],[138.8706,37.6786],[138.8708,37.6782],[138.8701,37.6781],[138.8698,37.6786],[138.8698,37.6787],[138.8698,37.6789],[138.8699,37.6794],[138.87,37.6797],[138.87,37.6803],[138.87,37.6805],[138.87,37.6805],[138.8699,37.6809],[138.8699,37.6816],[138.8699,37.6818],[138.87,37.682],[138.8702,37.6824],[138.8702,37.6825],[138.8703,37.6826],[138.8711,37.6823],[138.8712,37.6824],[138.8712,37.6828],[138.8713,37.6833],[138.8714,37.6837],[138.8714,37.6838],[138.8715,37.6839],[138.8711,37.684],[138.8713,37.6845],[138.8715,37.685],[138.8717,37.6854],[138.8717,37.6858],[138.8717,37.6858],[138.8716,37.6859],[138.8716,37.686],[138.8713,37.6862],[138.8711,37.6864],[138.871,37.6866],[138.8716,37.6866],[138.8714,37.6872],[138.8711,37.6872],[138.8711,37.6872],[138.871,37.6872],[138.871,37.6875],[138.8708,37.6875],[138.8707,37.6875],[138.8706,37.6875],[138.8706,37.6877],[138.8707,37.6878],[138.8707,37.6878],[138.8708,37.688],[138.8702,37.6882],[138.8703,37.6885],[138.8705,37.6889],[138.8707,37.6891],[138.8709,37.6894],[138.8711,37.6897],[138.8706,37.6899],[138.8709,37.6904],[138.8712,37.6912],[138.8715,37.6909],[138.8717,37.6907],[138.8718,37.6906],[138.8719,37.6905],[138.872,37.6903],[138.8722,37.6899],[138.8725,37.6901],[138.8731,37.6904],[138.873,37.6906],[138.8728,37.6908],[138.8727,37.691],[138.8725,37.6913],[138.8723,37.6915],[138.8722,37.6915],[138.8718,37.6918],[138.8718,37.6917],[138.8711,37.6912],[138.8707,37.6916],[138.8702,37.692],[138.8695,37.6915],[138.8695,37.6916],[138.8694,37.6918],[138.8693,37.6919],[138.8692,37.692],[138.8694,37.6921],[138.8684,37.6929],[138.8688,37.6931],[138.8697,37.6924],[138.8697,37.6924],[138.87,37.6926],[138.87,37.6927],[138.8703,37.6929],[138.8706,37.6931],[138.8697,37.6939],[138.87,37.6941],[138.8702,37.6942],[138.8703,37.6944],[138.8706,37.6946],[138.871,37.6949],[138.8706,37.6952],[138.8706,37.6952],[138.8716,37.6959],[138.8717,37.696],[138.8719,37.6957],[138.872,37.6957],[138.8721,37.6956],[138.8722,37.6955],[138.8726,37.6953],[138.8731,37.6951],[138.8732,37.6953],[138.8728,37.6954],[138.8726,37.6955],[138.8721,37.696],[138.8719,37.6962],[138.872,37.6962],[138.872,37.6962],[138.8721,37.6963],[138.8721,37.6963],[138.872,37.6964],[138.8721,37.6964],[138.8729,37.6971],[138.8727,37.6972],[138.873,37.6978],[138.8738,37.6976],[138.8745,37.6974],[138.8745,37.6977],[138.8768,37.6979],[138.8769,37.6974],[138.877,37.6969],[138.8771,37.6966],[138.8779,37.6963],[138.8777,37.6958],[138.8776,37.6955],[138.8774,37.6952],[138.8775,37.6951],[138.8777,37.695],[138.8779,37.6949],[138.8781,37.6948],[138.8785,37.6952],[138.8786,37.6954],[138.8792,37.6963],[138.8794,37.6962],[138.8807,37.6972],[138.881,37.6974],[138.8813,37.6976],[138.8814,37.6977],[138.8816,37.6978],[138.8815,37.6982],[138.8803,37.698],[138.8798,37.7011],[138.8787,37.701],[138.8784,37.7028],[138.8783,37.7037],[138.8784,37.7038],[138.8787,37.704],[138.8793,37.7042],[138.8797,37.7045],[138.8799,37.7047],[138.8804,37.7052],[138.8815,37.7063],[138.8815,37.7061],[138.8817,37.7061],[138.8819,37.7067],[138.8824,37.7073],[138.8832,37.7082],[138.8837,37.7088],[138.8842,37.7094],[138.8845,37.7098],[138.8847,37.71],[138.885,37.7101],[138.8851,37.7102],[138.8862,37.7105],[138.8876,37.7114],[138.8878,37.7115],[138.8878,37.7115],[138.8884,37.7118],[138.8895,37.7124],[138.8899,37.7127],[138.8906,37.713],[138.8908,37.7132],[138.8909,37.7133],[138.8906,37.7127],[138.8903,37.712],[138.89,37.7114]]]},"properties":{"name":"燕市","pop":2}},{"type":"Feature","geometry":{"type":"Polygon","coordinates":[[[138.8415,37.6365],[138.8426,37.6361],[138.8429,37.636],[138.843,37.6359],[138.8433,37.6357],[138.8435,37.6356],[138.8436,37.6355],[138.8438,37.6352],[138.8439,37.6349],[138.8439,37.6346],[138.8439,37.6344],[138.8438,37.6342],[138.8437,37.6339],[138.8431,37.6332],[138.843,37.6329],[138.8429,37.6327],[138.8429,37.6326],[138.8429,37.6323],[138.8429,37.6322],[138.8429,37.6315],[138.8429,37.6311],[138.8429,37.631],[138.8439,37.6315],[138.844,37.6315],[138.8443,37.6322],[138.8444,37.6328],[138.8445,37.6331],[138.8446,37.6335],[138.8445,37.634],[138.8445,37.6349],[138.8445,37.6351],[138.8454,37.6356],[138.8466,37.6354],[138.8466,37.6351],[138.8466,37.6346],[138.8467,37.6346],[138.8461,37.6337],[138.8459,37.6331],[138.8457,37.6327],[138.8454,37.6322],[138.8459,37.6325],[138.8459,37.6325],[138.846,37.6325],[138.8462,37.6325],[138.8465,37.6325],[138.847,37.6325],[138.8474,37.6324],[138.8474,37.6325],[138.8474,37.6332],[138.8478,37.6331],[138.8477,37.6325],[138.848,37.6324],[138.8479,37.6318],[138.8479,37.6313],[138.8479,37.6311],[138.8478,37.6304],[138.8481,37.6304],[138.8481,37.6299],[138.848,37.6297],[138.848,37.629],[138.8489,37.6289],[138.8496,37.6289],[138.8506,37.6288],[138.8512,37.6288],[138.8512,37.6281],[138.8508,37.6281],[138.8505,37.6281],[138.8495,37.6282],[138.8494,37.6275],[138.8495,37.6275],[138.8494,37.6272],[138.8494,37.6263],[138.8493,37.6263],[138.8491,37.6256],[138.8485,37.6249],[138.8479,37.6249],[138.8474,37.6246],[138.8475,37.6245],[138.8477,37.6244],[138.8483,37.6242],[138.8487,37.624],[138.8491,37.6238],[138.8489,37.6236],[138.8486,37.6236],[138.8482,37.6232],[138.8482,37.6228],[138.8486,37.6228],[138.8476,37.622],[138.8472,37.6218],[138.847,37.6217],[138.8466,37.6216],[138.8459,37.6213],[138.8451,37.6211],[138.8446,37.621],[138.8445,37.6209],[138.8446,37.6208],[138.8448,37.6202],[138.8448,37.6202],[138.845,37.6197],[138.8452,37.6192],[138.8453,37.6187],[138.8454,37.6185],[138.8454,37.6183],[138.8454,37.6183],[138.8454,37.618],[138.8454,37.6179],[138.8445,37.618],[138.8444,37.6184],[138.8444,37.6185],[138.8442,37.619],[138.8441,37.6189],[138.8443,37.6185],[138.8444,37.6182],[138.8444,37.6177],[138.8444,37.6175],[138.8436,37.6181],[138.8433,37.6184],[138.8425,37.6193],[138.8419,37.62],[138.8417,37.6202],[138.8417,37.6203],[138.8419,37.6203],[138.8428,37.6204],[138.8428,37.6202],[138.8433,37.6198],[138.8437,37.62],[138.8436,37.6202],[138.8435,37.6203],[138.8433,37.6206],[138.8431,37.6209],[138.8429,37.6211],[138.8429,37.6212],[138.8428,37.6213],[138.8428,37.6214],[138.8428,37.6215],[138.8429,37.6218],[138.8429,37.622],[138.842,37.6221],[138.8419,37.6219],[138.8419,37.6218],[138.8419,37.6217],[138.842,37.6216],[138.8426,37.6215],[138.8426,37.6212],[138.8426,37.621],[138.8426,37.6208],[138.8427,37.6206],[138.8427,37.6206],[138.8418,37.6204],[138.8416,37.6204],[138.8416,37.6204],[138.8415,37.6205],[138.8409,37.6204],[138.8394,37.6201],[138.8387,37.6215],[138.8383,37.6222],[138.8378,37.6231],[138.8374,37.6238],[138.8372,37.624],[138.8374,37.6241],[138.8374,37.625],[138.8375,37.625],[138.838,37.625],[138.8383,37.625],[138.8382,37.6257],[138.8381,37.6257],[138.8379,37.6257],[138.8379,37.626],[138.8378,37.6262],[138.8378,37.6262],[138.8378,37.6264],[138.8377,37.6264],[138.8377,37.6267],[138.837,37.6267],[138.8365,37.6278],[138.8363,37.6284],[138.8361,37.6288],[138.836,37.6292],[138.8359,37.6299],[138.8365,37.6302],[138.8365,37.6302],[138.8365,37.6303],[138.8365,37.6303],[138.8366,37.6304],[138.8367,37.6306],[138.8367,37.6307],[138.8367,37.6307],[138.8367,37.631],[138.8366,37.6311],[138.8366,37.6313],[138.8366,37.6314],[138.8365,37.6317],[138.8365,37.6319],[138.8365,37.632],[138.8366,37.6321],[138.8366,37.6323],[138.8367,37.6324],[138.8368,37.6325],[138.837,37.6327],[138.8375,37.6327],[138.8375,37.6327],[138.8374,37.6321],[138.8378,37.6321],[138.8376,37.6315],[138.8376,37.6315],[138.8376,37.6313],[138.8376,37.6313],[138.8377,37.6313],[138.8377,37.6313],[138.8378,37.6313],[138.8379,37.6315],[138.8379,37.6316],[138.838,37.6315],[138.838,37.6314],[138.838,37.6314],[138.838,37.6313],[138.8381,37.6313],[138.8381,37.631],[138.8383,37.631],[138.8385,37.631],[138.8386,37.6315],[138.8386,37.6315],[138.8386,37.6315],[138.8388,37.6326],[138.8394,37.6325],[138.8394,37.632],[138.8394,37.632],[138.84,37.632],[138.84,37.6316],[138.8405,37.6316],[138.8405,37.6324],[138.8409,37.6324],[138.841,37.6334],[138.8411,37.6339],[138.8408,37.6339],[138.8388,37.6341],[138.8389,37.6344],[138.839,37.635],[138.8389,37.6352],[138.8389,37.6355],[138.8388,37.6357],[138.8388,37.6361],[138.8387,37.6364],[138.8387,37.6365],[138.8395,37.6365],[138.8399,37.6364],[138.8399,37.6369],[138.8403,37.6368],[138.8415,37.6365]]]},"properties":{"name":"燕市","pop":3}},{"type":"Feature","geometry":{"type":"Polygon","coordinates":[[[137.8442,37.0383],[137.8444,37.0378],[137.8444,37.0376],[137.8444,37.0374],[137.8441,37.0374],[137.8437,37.0373],[137.8436,37.0377],[137.8436,37.0381],[137.8442,37.0383]]]},"properties":{"name":"糸魚川市","pop":1}},{"type":"Feature","geometry":{"type":"Polygon","coordinates":[[[137.8442,37.0383],[137.8441,37.0387],[137.844,37.0391],[137.845,37.0393],[137.8452,37.0389],[137.8455,37.039],[137.8463,37.0392],[137.8464,37.0388],[137.8459,37.0386],[137.8453,37.0385],[137.8442,37.0383]]]},"properties":{"name":"糸魚川市","pop":1}},{"type":"Feature","geometry":{"type":"Polygon","coordinates":[[[137.843,37.0398],[137.8431,37.0394],[137.8436,37.0381],[137.8433,37.0381],[137.8429,37.0394],[137.8428,37.0396],[137.8427,37.0397],[137.843,37.0398]]]},"properties":{"name":"糸魚川市","pop":1}},{"type":"Feature","geometry":{"type":"Polygon","coordinates":[[[137.874,37.0415],[137.8736,37.0423],[137.8729,37.0421],[137.872,37.0419],[137.8718,37.0421],[137.8717,37.0423],[137.8715,37.0428],[137.8731,37.0433],[137.8737,37.0435],[137.8742,37.0425],[137.8746,37.0417],[137.874,37.0415]]]},"properties":{"name":"糸魚川市","pop":1}},{"type":"Feature","geometry":{"type":"Polygon","coordinates":[[[137.872,37.0419],[137.8722,37.0413],[137.8726,37.0415],[137.873,37.0405],[137.8725,37.0404],[137.8725,37.0399],[137.8725,37.0397],[137.8733,37.0399],[137.8737,37.04],[137.8737,37.0401],[137.8739,37.0401],[137.8739,37.0401],[137.8736,37.0407],[137.8734,37.0413],[137.874,37.0415],[137.8742,37.041],[137.8748,37.0412],[137.8754,37.0413],[137.876,37.0415],[137.8757,37.042],[137.8764,37.0422],[137.8769,37.0424],[137.8775,37.0426],[137.8772,37.0434],[137.8766,37.0445],[137.8763,37.0452],[137.8758,37.045],[137.8751,37.0448],[137.8754,37.0443],[137.8733,37.0437],[137.8733,37.0437],[137.873,37.0436],[137.8729,37.0438],[137.8713,37.0433],[137.8715,37.0428],[137.8705,37.0425],[137.8705,37.0425],[137.8706,37.0423],[137.8707,37.042],[137.8708,37.0419],[137.8708,37.0419],[137.8701,37.0417],[137.8702,37.0413],[137.8702,37.0413],[137.87,37.0412],[137.8694,37.0411],[137.8692,37.0414],[137.8692,37.0416],[137.8691,37.0418],[137.869,37.042],[137.8688,37.0423],[137.8687,37.0425],[137.8685,37.043],[137.8673,37.0426],[137.8675,37.0422],[137.8671,37.042],[137.8658,37.0416],[137.8658,37.0416],[137.8648,37.0413],[137.865,37.041],[137.8644,37.0409],[137.8633,37.0405],[137.8632,37.0405],[137.8626,37.0403],[137.862,37.0401],[137.8612,37.0399],[137.8613,37.0396],[137.863,37.04],[137.8632,37.0395],[137.8638,37.0396],[137.8638,37.0396],[137.8638,37.0395],[137.8639,37.0393],[137.8637,37.0393],[137.8638,37.0392],[137.8638,37.0392],[137.8638,37.039],[137.8633,37.0389],[137.8634,37.0387],[137.8635,37.0387],[137.8636,37.0387],[137.8637,37.0387],[137.8639,37.0384],[137.8644,37.0385],[137.8647,37.0386],[137.8647,37.0385],[137.8647,37.0385],[137.8643,37.038],[137.8642,37.0379],[137.8642,37.0378],[137.8639,37.0373],[137.8638,37.0372],[137.8637,37.0368],[137.8641,37.0367],[137.8641,37.0366],[137.8642,37.0366],[137.8642,37.0365],[137.8642,37.0363],[137.8642,37.0361],[137.8642,37.0361],[137.8642,37.0359],[137.8642,37.0357],[137.8642,37.0355],[137.8641,37.0353],[137.8641,37.0351],[137.864,37.035],[137.864,37.035],[137.864,37.0349],[137.864,37.0348],[137.8639,37.0347],[137.8639,37.0346],[137.8638,37.0346],[137.8637,37.0346],[137.8637,37.0346],[137.8636,37.0344],[137.8635,37.0343],[137.8634,37.0342],[137.8632,37.034],[137.8631,37.0339],[137.8629,37.0338],[137.8626,37.0337],[137.8624,37.0337],[137.8624,37.0339],[137.8624,37.0341],[137.8625,37.0343],[137.8625,37.0344],[137.8627,37.0345],[137.8627,37.0346],[137.8627,37.0347],[137.8627,37.0348],[137.8627,37.0349],[137.8628,37.035],[137.8629,37.0351],[137.8628,37.0353],[137.8628,37.0354],[137.8627,37.0355],[137.8623,37.0359],[137.8622,37.036],[137.8622,37.0363],[137.862,37.0363],[137.8619,37.0363],[137.8618,37.0364],[137.8618,37.0366],[137.8618,37.0367],[137.8612,37.0367],[137.861,37.0366],[137.8605,37.0364],[137.8602,37.0364],[137.8599,37.0364],[137.8598,37.0364],[137.8597,37.0367],[137.8597,37.0368],[137.8592,37.0367],[137.8592,37.0368],[137.859,37.0368],[137.8589,37.0368],[137.8589,37.0362],[137.8589,37.036],[137.8588,37.0355],[137.8588,37.0353],[137.8588,37.035],[137.8588,37.0347],[137.8593,37.0348],[137.8601,37.0347],[137.8599,37.0352],[137.8599,37.0352],[137.86,37.0353],[137.8605,37.0353],[137.8609,37.0354],[137.8611,37.0355],[137.8613,37.0355],[137.8614,37.0355],[137.8615,37.0355],[137.8615,37.0355],[137.8615,37.0354],[137.8615,37.0353],[137.8617,37.0349],[137.8617,37.0349],[137.8617,37.0345],[137.8618,37.0341],[137.8617,37.0339],[137.8617,37.0337],[137.8616,37.0333],[137.8615,37.0328],[137.8614,37.0327],[137.861,37.0327],[137.8593,37.0325],[137.8585,37.0324],[137.8585,37.0323],[137.8585,37.0323],[137.8587,37.0317],[137.8588,37.0316],[137.8589,37.0315],[137.8591,37.0314],[137.8591,37.0313],[137.8592,37.0311],[137.8591,37.0309],[137.8591,37.0307],[137.8591,37.0306],[137.8595,37.0297],[137.8598,37.0289],[137.8601,37.0285],[137.8603,37.0281],[137.8604,37.0279],[137.8589,37.0274],[137.8584,37.0283],[137.858,37.029],[137.8587,37.0294],[137.8592,37.0296],[137.8591,37.0297],[137.8591,37.0298],[137.8588,37.03],[137.8585,37.0302],[137.8584,37.0303],[137.8582,37.0304],[137.8581,37.0304],[137.858,37.0305],[137.8579,37.0307],[137.8578,37.0307],[137.8575,37.0307],[137.8575,37.0311],[137.8575,37.0312],[137.8575,37.0312],[137.8575,37.0313],[137.8576,37.0314],[137.8576,37.0315],[137.8576,37.0315],[137.8576,37.0315],[137.8574,37.0316],[137.8573,37.0315],[137.8567,37.0315],[137.8567,37.0315],[137.8567,37.0316],[137.8567,37.0316],[137.8566,37.0318],[137.8566,37.0319],[137.8566,37.0321],[137.8566,37.0323],[137.8566,37.0325],[137.8566,37.0327],[137.8577,37.0329],[137.858,37.033],[137.8578,37.0333],[137.8578,37.0333],[137.8578,37.0333],[137.8577,37.0336],[137.8577,37.0337],[137.8577,37.0338],[137.8577,37.0339],[137.8578,37.0339],[137.8578,37.034],[137.8579,37.034],[137.8581,37.034],[137.8581,37.0343],[137.8581,37.0345],[137.8581,37.0345],[137.8572,37.0345],[137.8564,37.0344],[137.8564,37.0341],[137.8565,37.034],[137.8565,37.0339],[137.8564,37.0337],[137.8563,37.0336],[137.8562,37.0335],[137.8561,37.0333],[137.856,37.0331],[137.8559,37.033],[137.8558,37.0328],[137.8556,37.0325],[137.8556,37.0323],[137.8555,37.0321],[137.8554,37.0321],[137.8554,37.0322],[137.8554,37.0323],[137.8551,37.0327],[137.855,37.0328],[137.8551,37.0331],[137.8551,37.0333],[137.8549,37.034],[137.8548,37.0342],[137.8548,37.0343],[137.8548,37.0345],[137.8548,37.0346],[137.8547,37.0347],[137.8547,37.0348],[137.8547,37.0349],[137.8548,37.0351],[137.8548,37.0353],[137.8549,37.0356],[137.8549,37.0359],[137.8549,37.0366],[137.8548,37.0366],[137.8546,37.0366],[137.8545,37.0366],[137.8544,37.0365],[137.8544,37.037],[137.8543,37.038],[137.8543,37.0385],[137.8543,37.0385],[137.8552,37.0386],[137.8553,37.0386],[137.8554,37.0385],[137.8554,37.0385],[137.8557,37.0387],[137.8559,37.0387],[137.8561,37.0389],[137.8563,37.039],[137.8563,37.0393],[137.8563,37.0396],[137.8562,37.0396],[137.8561,37.0396],[137.8559,37.0396],[137.8555,37.0395],[137.8555,37.0392],[137.8551,37.0392],[137.8551,37.0397],[137.8551,37.0403],[137.8547,37.0403],[137.8548,37.0405],[137.8548,37.0406],[137.8549,37.0407],[137.855,37.0409],[137.8552,37.0411],[137.8553,37.0411],[137.8553,37.0412],[137.8554,37.0413],[137.8554,37.0413],[137.8554,37.0413],[137.8556,37.0415],[137.8558,37.0416],[137.8564,37.0416],[137.8564,37.0415],[137.8569,37.0415],[137.8569,37.0417],[137.857,37.0417],[137.8571,37.0417],[137.8573,37.0417],[137.8573,37.0417],[137.8574,37.0419],[137.8578,37.0419],[137.8581,37.042],[137.8583,37.042],[137.8583,37.042],[137.8584,37.0422],[137.8596,37.0424],[137.8594,37.0429],[137.8576,37.0425],[137.8573,37.0424],[137.8572,37.0429],[137.8566,37.0428],[137.8557,37.0427],[137.8557,37.0427],[137.8557,37.0426],[137.8558,37.0423],[137.8557,37.0422],[137.8556,37.0422],[137.8556,37.0421],[137.8556,37.0421],[137.8556,37.042],[137.8556,37.042],[137.8556,37.042],[137.8556,37.042],[137.8556,37.042],[137.8555,37.0419],[137.8555,37.0419],[137.8554,37.0419],[137.8553,37.0419],[137.8553,37.0418],[137.8553,37.0418],[137.8553,37.0417],[137.855,37.0416],[137.8547,37.0414],[137.8542,37.0412],[137.8541,37.0411],[137.8541,37.0412],[137.8541,37.0416],[137.854,37.0415],[137.8539,37.0415],[137.8537,37.0415],[137.8536,37.0415],[137.8534,37.0414],[137.8531,37.0414],[137.8529,37.0413],[137.8528,37.0415],[137.8527,37.0417],[137.8525,37.0422],[137.8533,37.0423],[137.8538,37.0424],[137.8537,37.0426],[137.8536,37.0426],[137.8534,37.0426],[137.8532,37.0426],[137.8532,37.0426],[137.8531,37.0429],[137.8524,37.0428],[137.8519,37.0427],[137.8519,37.0427],[137.8518,37.0427],[137.8514,37.0426],[137.8517,37.0421],[137.8517,37.0421],[137.8521,37.0411],[137.8525,37.0403],[137.8522,37.0402],[137.8518,37.0399],[137.8517,37.0398],[137.8516,37.0398],[137.8514,37.0398],[137.8514,37.0398],[137.8511,37.0398],[137.8509,37.0397],[137.8507,37.0401],[137.8499,37.0398],[137.8499,37.0398],[137.8493,37.0396],[137.8496,37.0392],[137.8486,37.0388],[137.8488,37.0384],[137.8503,37.039],[137.8505,37.0386],[137.8497,37.0381],[137.8496,37.0379],[137.8492,37.0377],[137.8489,37.0375],[137.8481,37.0369],[137.8474,37.0364],[137.8472,37.0371],[137.8472,37.0373],[137.8472,37.0373],[137.8474,37.0379],[137.8476,37.0385],[137.8473,37.0385],[137.8473,37.039],[137.8473,37.0392],[137.8474,37.0395],[137.8474,37.0398],[137.8474,37.0402],[137.8474,37.0404],[137.8473,37.0407],[137.8467,37.0406],[137.8463,37.0406],[137.846,37.0412],[137.8459,37.0412],[137.8454,37.0411],[137.8453,37.0412],[137.8447,37.041],[137.8449,37.0407],[137.8452,37.0403],[137.8447,37.0402],[137.8443,37.0401],[137.8436,37.0399],[137.843,37.0398],[137.8427,37.0404],[137.8428,37.0405],[137.8429,37.0405],[137.8429,37.0406],[137.8428,37.0409],[137.8423,37.0408],[137.8422,37.0408],[137.8416,37.0406],[137.8415,37.0408],[137.8413,37.0409],[137.8423,37.042],[137.8424,37.0421],[137.8426,37.0418],[137.8428,37.0415],[137.8434,37.0417],[137.8439,37.0418],[137.844,37.0418],[137.844,37.0418],[137.8442,37.0419],[137.8446,37.042],[137.8447,37.0421],[137.8449,37.0421],[137.8453,37.0422],[137.8453,37.0421],[137.8454,37.042],[137.8455,37.0417],[137.846,37.0419],[137.8463,37.0421],[137.8464,37.0421],[137.8464,37.0421],[137.8463,37.0427],[137.8463,37.0429],[137.8463,37.0429],[137.8463,37.043],[137.8463,37.0432],[137.8464,37.0434],[137.8466,37.0437],[137.8468,37.0439],[137.8472,37.0442],[137.8475,37.0443],[137.8475,37.0444],[137.8475,37.0445],[137.8476,37.0445],[137.8479,37.0446],[137.848,37.0446],[137.8481,37.0446],[137.8482,37.0446],[137.8483,37.0446],[137.8484,37.0447],[137.8484,37.0447],[137.8484,37.0447],[137.8485,37.0447],[137.8485,37.0447],[137.8486,37.0448],[137.8486,37.0448],[137.8486,37.0448],[137.8487,37.0448],[137.8487,37.0448],[137.8488,37.0448],[137.8489,37.0448],[137.849,37.0448],[137.849,37.0448],[137.849,37.0448],[137.8491,37.0448],[137.8491,37.0448],[137.8493,37.0448],[137.8498,37.0449],[137.8502,37.045],[137.851,37.0451],[137.8516,37.0453],[137.8517,37.0453],[137.8521,37.0454],[137.8525,37.0454],[137.8528,37.0455],[137.8529,37.0455],[137.853,37.0455],[137.8531,37.0456],[137.8532,37.0456],[137.8533,37.0456],[137.8533,37.0456],[137.8534,37.0456],[137.8535,37.0456],[137.8539,37.0457],[137.8539,37.0457],[137.8541,37.0457],[137.8542,37.0458],[137.8549,37.0459],[137.8549,37.0459],[137.8554,37.046],[137.8556,37.0461],[137.856,37.0462],[137.8561,37.0462],[137.8562,37.0462],[137.8563,37.0462],[137.8564,37.0463],[137.8565,37.0463],[137.8566,37.0463],[137.8567,37.0464],[137.8568,37.0464],[137.8568,37.0464],[137.8569,37.0464],[137.8569,37.0464],[137.8569,37.0464],[137.8572,37.0464],[137.8573,37.0464],[137.8574,37.0464],[137.8575,37.0465],[137.8576,37.0465],[137.8578,37.0465],[137.8579,37.0465],[137.858,37.0465],[137.8582,37.0466],[137.8584,37.0466],[137.8585,37.0466],[137.8587,37.0467],[137.8588,37.0467],[137.8589,37.0467],[137.8591,37.0467],[137.8592,37.0468],[137.8593,37.0468],[137.8594,37.0468],[137.8595,37.0468],[137.8596,37.0469],[137.8597,37.0469],[137.8602,37.0469],[137.8603,37.0469],[137.8611,37.0471],[137.8618,37.0472],[137.8627,37.0474],[137.8632,37.0475],[137.8632,37.0475],[137.8633,37.0475],[137.8634,37.0475],[137.8635,37.0475],[137.8635,37.0475],[137.8635,37.0476],[137.8636,37.0476],[137.8636,37.0476],[137.8637,37.0476],[137.8637,37.0476],[137.8638,37.0476],[137.8638,37.0476],[137.8639,37.0476],[137.8639,37.0476],[137.864,37.0476],[137.8641,37.0476],[137.8641,37.0477],[137.8642,37.0477],[137.8646,37.0481],[137.8647,37.0481],[137.8649,37.0482],[137.8651,37.0482],[137.8654,37.0482],[137.8654,37.0483],[137.8659,37.0484],[137.866,37.0484],[137.8662,37.0485],[137.8662,37.0485],[137.8663,37.0485],[137.8666,37.0486],[137.8667,37.0486],[137.8667,37.0486],[137.8669,37.0486],[137.8673,37.0487],[137.8674,37.0487],[137.8676,37.0487],[137.8679,37.0488],[137.8683,37.0489],[137.8686,37.0489],[137.8687,37.049],[137.8688,37.049],[137.8688,37.0489],[137.8689,37.049],[137.869,37.049],[137.8692,37.0491],[137.8694,37.0491],[137.8696,37.0491],[137.8698,37.0492],[137.8699,37.0492],[137.8701,37.0493],[137.8703,37.0493],[137.8704,37.0493],[137.8705,37.0493],[137.8707,37.0494],[137.8708,37.0494],[137.8708,37.0494],[137.8708,37.0494],[137.8709,37.0495],[137.8709,37.0495],[137.871,37.0495],[137.8711,37.0495],[137.8711,37.0495],[137.8711,37.0495],[137.8711,37.0495],[137.8711,37.0495],[137.8712,37.0495],[137.8713,37.0495],[137.8714,37.0495],[137.8716,37.0496],[137.8718,37.0496],[137.8718,37.0496],[137.8721,37.0497],[137.8723,37.0497],[137.8725,37.0498],[137.8726,37.0498],[137.8728,37.0499],[137.8729,37.0499],[137.8729,37.0499],[137.873,37.0499],[137.8731,37.0499],[137.8732,37.0499],[137.8733,37.0499],[137.8734,37.05],[137.8736,37.05],[137.8737,37.05],[137.8737,37.05],[137.8737,37.05],[137.8738,37.05],[137.874,37.05],[137.8741,37.0501],[137.8742,37.0501],[137.8743,37.0501],[137.8745,37.0502],[137.8747,37.0502],[137.8749,37.0503],[137.875,37.0503],[137.8752,37.0503],[137.8754,37.0504],[137.8756,37.0504],[137.8757,37.0505],[137.8759,37.0505],[137.8761,37.0505],[137.8762,37.0505],[137.8763,37.0506],[137.8764,37.0506],[137.8765,37.0506],[137.8765,37.0506],[137.8766,37.0506],[137.8767,37.0506],[137.8768,37.0507],[137.877,37.0507],[137.8771,37.0508],[137.8772,37.0508],[137.8774,37.0508],[137.8776,37.0509],[137.8776,37.0509],[137.8777,37.0509],[137.8779,37.051],[137.8781,37.051],[137.8782,37.0511],[137.8783,37.0511],[137.8785,37.0511],[137.8786,37.0512],[137.8789,37.0512],[137.8791,37.0513],[137.8794,37.0513],[137.8796,37.0514],[137.8796,37.0514],[137.8798,37.0514],[137.88,37.0514],[137.8802,37.0515],[137.8802,37.0515],[137.8804,37.0509],[137.8807,37.0509],[137.8808,37.0509],[137.8811,37.0508],[137.8813,37.0501],[137.881,37.05],[137.8806,37.0498],[137.8802,37.0496],[137.8799,37.0494],[137.8799,37.0494],[137.88,37.0492],[137.8797,37.0489],[137.8795,37.0489],[137.8793,37.0488],[137.8783,37.0485],[137.8784,37.0481],[137.8786,37.0475],[137.878,37.0474],[137.8777,37.0479],[137.8772,37.0478],[137.8769,37.0484],[137.8768,37.0484],[137.8766,37.0483],[137.8757,37.0481],[137.8754,37.048],[137.8745,37.0479],[137.8744,37.0479],[137.8743,37.0479],[137.874,37.0479],[137.8738,37.0479],[137.8737,37.0479],[137.8734,37.0478],[137.8731,37.0478],[137.8727,37.0477],[137.8718,37.0474],[137.872,37.047],[137.8722,37.0467],[137.8723,37.0464],[137.8717,37.0462],[137.8701,37.0458],[137.8695,37.0456],[137.8698,37.045],[137.87,37.0445],[137.87,37.0445],[137.8706,37.0447],[137.8704,37.0452],[137.872,37.0457],[137.8722,37.0453],[137.873,37.0466],[137.8732,37.0466],[137.8733,37.0467],[137.8738,37.0455],[137.8747,37.0457],[137.8745,37.0463],[137.8751,37.0465],[137.8755,37.0457],[137.876,37.0458],[137.8756,37.0466],[137.8762,37.0468],[137.8759,37.0474],[137.876,37.0474],[137.8765,37.0476],[137.8768,37.047],[137.8772,37.0462],[137.8778,37.0464],[137.8781,37.0459],[137.8781,37.0457],[137.8783,37.0454],[137.8783,37.0453],[137.8783,37.0453],[137.8778,37.045],[137.8775,37.0455],[137.877,37.0453],[137.8772,37.0448],[137.8772,37.0447],[137.8773,37.0446],[137.8775,37.0441],[137.8778,37.0436],[137.8781,37.0428],[137.8787,37.043],[137.8788,37.043],[137.879,37.0432],[137.8793,37.0435],[137.8798,37.0437],[137.8799,37.0438],[137.879,37.044],[137.879,37.044],[137.8801,37.0444],[137.8803,37.044],[137.8805,37.0441],[137.8805,37.0442],[137.8808,37.0443],[137.8814,37.0446],[137.8817,37.0447],[137.8821,37.0448],[137.8823,37.0446],[137.8824,37.0444],[137.8825,37.0441],[137.8826,37.0439],[137.8826,37.0436],[137.8812,37.0433],[137.88,37.0429],[137.8799,37.043],[137.8797,37.0431],[137.8797,37.0432],[137.8797,37.0433],[137.8798,37.0434],[137.8798,37.0435],[137.8798,37.0435],[137.8794,37.0431],[137.8794,37.043],[137.8794,37.0429],[137.8792,37.0428],[137.8791,37.0427],[137.8789,37.0426],[137.879,37.0424],[137.879,37.0424],[137.879,37.0424],[137.8791,37.0423],[137.8792,37.0421],[137.8793,37.042],[137.8794,37.042],[137.8794,37.0419],[137.8794,37.0419],[137.8795,37.0419],[137.8795,37.0419],[137.8795,37.0419],[137.8795,37.0418],[137.8794,37.0418],[137.8794,37.0417],[137.8794,37.0417],[137.8793,37.0416],[137.8793,37.0416],[137.879,37.0417],[137.8789,37.0417],[137.8789,37.0417],[137.8788,37.0417],[137.8787,37.0417],[137.8787,37.0417],[137.8786,37.0416],[137.8784,37.0414],[137.8784,37.0414],[137.8783,37.0415],[137.8777,37.0418],[137.8778,37.0419],[137.8778,37.0419],[137.8777,37.0419],[137.8774,37.0415],[137.8772,37.0419],[137.8766,37.0417],[137.8769,37.041],[137.8767,37.0408],[137.8766,37.0407],[137.8764,37.0406],[137.8764,37.0406],[137.8764,37.0405],[137.8764,37.0403],[137.8763,37.0401],[137.8763,37.04],[137.8763,37.0399],[137.8763,37.0396],[137.876,37.0396],[137.8762,37.0391],[137.8766,37.0387],[137.8767,37.0384],[137.8774,37.0372],[137.8772,37.0371],[137.877,37.0371],[137.8769,37.0371],[137.8768,37.0371],[137.8767,37.0371],[137.8765,37.037],[137.8765,37.037],[137.8764,37.0371],[137.8761,37.0373],[137.8761,37.0374],[137.876,37.0375],[137.8759,37.0376],[137.8758,37.0377],[137.8757,37.0378],[137.8757,37.0378],[137.8756,37.0379],[137.8755,37.0381],[137.8754,37.0382],[137.8753,37.0383],[137.8753,37.0384],[137.8752,37.0385],[137.8751,37.0385],[137.875,37.0386],[137.8749,37.0387],[137.8748,37.0389],[137.8747,37.0391],[137.8745,37.0393],[137.8744,37.0394],[137.8743,37.0396],[137.8742,37.0396],[137.8742,37.0396],[137.8741,37.0396],[137.8741,37.0396],[137.8739,37.0396],[137.8738,37.0396],[137.8737,37.0394],[137.8737,37.0394],[137.8737,37.0393],[137.8737,37.0393],[137.8735,37.0391],[137.8735,37.039],[137.8734,37.0389],[137.8735,37.0388],[137.8733,37.0382],[137.8732,37.0379],[137.8731,37.0378],[137.8731,37.0376],[137.8731,37.0374],[137.873,37.0372],[137.8726,37.0371],[137.8727,37.0366],[137.8727,37.0362],[137.8728,37.0358],[137.8728,37.0357],[137.8728,37.0357],[137.8729,37.0356],[137.873,37.0355],[137.8731,37.0354],[137.8732,37.0353],[137.8731,37.0354],[137.873,37.0354],[137.873,37.0353],[137.8729,37.0353],[137.8729,37.0353],[137.8728,37.0353],[137.8727,37.0353],[137.8726,37.0354],[137.8725,37.0356],[137.8725,37.0357],[137.8724,37.0358],[137.8724,37.0358],[137.8724,37.0361],[137.8724,37.0362],[137.8722,37.0366],[137.8721,37.0368],[137.8719,37.0371],[137.8718,37.0371],[137.8718,37.0372],[137.8718,37.0372],[137.8718,37.0373],[137.8718,37.0373],[137.8717,37.0376],[137.8716,37.0377],[137.8716,37.0378],[137.8715,37.0378],[137.8715,37.0379],[137.8715,37.038],[137.8714,37.0381],[137.8714,37.0382],[137.8714,37.0383],[137.8714,37.0383],[137.8714,37.0384],[137.8714,37.0385],[137.8714,37.0386],[137.8715,37.0387],[137.8715,37.0388],[137.8715,37.0389],[137.8714,37.0391],[137.8712,37.0394],[137.8711,37.0393],[137.871,37.0393],[137.8709,37.0393],[137.8708,37.0394],[137.8707,37.0394],[137.8704,37.0392],[137.8703,37.0391],[137.8702,37.039],[137.8702,37.039],[137.87,37.0391],[137.8698,37.0391],[137.8696,37.0391],[137.8695,37.0391],[137.8696,37.039],[137.8696,37.039],[137.8696,37.0389],[137.8695,37.0389],[137.8693,37.039],[137.8692,37.0389],[137.8691,37.0389],[137.869,37.0389],[137.869,37.0389],[137.8689,37.0389],[137.8688,37.0388],[137.8687,37.0387],[137.8687,37.0387],[137.8686,37.0387],[137.8685,37.0388],[137.8685,37.0388],[137.8685,37.0389],[137.8684,37.0388],[137.868,37.0395],[137.8674,37.0393],[137.8678,37.0386],[137.8677,37.0385],[137.8677,37.0385],[137.8677,37.0384],[137.8679,37.0384],[137.8679,37.0383],[137.8678,37.0383],[137.8677,37.0383],[137.8677,37.0383],[137.8676,37.0383],[137.8673,37.0383],[137.8673,37.0383],[137.8672,37.0382],[137.8671,37.0382],[137.8669,37.0381],[137.8667,37.038],[137.8666,37.038],[137.8664,37.0379],[137.8663,37.0378],[137.8662,37.0377],[137.8659,37.0383],[137.8658,37.0383],[137.8656,37.0376],[137.8652,37.0376],[137.8647,37.0377],[137.8651,37.0391],[137.8654,37.0401],[137.8657,37.0402],[137.8656,37.0405],[137.8654,37.0405],[137.8654,37.0405],[137.8651,37.0411],[137.8659,37.0413],[137.866,37.0411],[137.8666,37.0413],[137.8672,37.0415],[137.8677,37.0417],[137.868,37.0412],[137.8682,37.0407],[137.8688,37.0409],[137.8694,37.041],[137.8697,37.0404],[137.87,37.0405],[137.8702,37.0401],[137.8702,37.0401],[137.8703,37.0401],[137.8706,37.04],[137.8706,37.0401],[137.8707,37.0401],[137.8709,37.0401],[137.871,37.0401],[137.8711,37.0401],[137.8716,37.0402],[137.8716,37.04],[137.8721,37.0401],[137.8721,37.0403],[137.872,37.0404],[137.872,37.0405],[137.8721,37.0406],[137.8723,37.0408],[137.8724,37.0409],[137.8723,37.0408],[137.8721,37.0408],[137.8718,37.0408],[137.8717,37.0408],[137.8716,37.0408],[137.8715,37.0408],[137.8712,37.0416],[137.8714,37.0417],[137.872,37.0419]]]},"properties":{"name":"糸魚川市","pop":1}},{"type":"Feature","geometry":{"type":"Polygon","coordinates":[[[137.8278,37.0353],[137.8279,37.0351],[137.828,37.0349],[137.8282,37.0348],[137.8283,37.0346],[137.8285,37.0345],[137.8287,37.0345],[137.8289,37.0344],[137.8291,37.0346],[137.8293,37.0343],[137.8296,37.034],[137.83,37.0337],[137.8309,37.0326],[137.8288,37.0317],[137.828,37.0315],[137.8278,37.0313],[137.828,37.031],[137.8282,37.0307],[137.8288,37.0303],[137.8289,37.0302],[137.8289,37.0301],[137.8296,37.0294],[137.8292,37.0292],[137.8293,37.0284],[137.8271,37.0285],[137.8259,37.0285],[137.824,37.0285],[137.8235,37.0285],[137.8231,37.0295],[137.8215,37.0289],[137.8211,37.0295],[137.8203,37.0291],[137.8194,37.0288],[137.8184,37.0284],[137.8172,37.0302],[137.817,37.0291],[137.8167,37.0282],[137.8153,37.0283],[137.8154,37.0276],[137.8148,37.0275],[137.8138,37.0273],[137.8143,37.027],[137.8148,37.0265],[137.8151,37.0259],[137.8157,37.026],[137.8162,37.0262],[137.8161,37.0267],[137.8162,37.0269],[137.8168,37.0271],[137.8187,37.0278],[137.8201,37.0283],[137.8204,37.0278],[137.8196,37.0275],[137.8198,37.0273],[137.8201,37.0273],[137.8202,37.0271],[137.8203,37.027],[137.8207,37.0271],[137.8207,37.027],[137.8215,37.0271],[137.8217,37.0271],[137.8219,37.0271],[137.8221,37.0271],[137.8223,37.0271],[137.8225,37.0272],[137.8226,37.0273],[137.824,37.0275],[137.8241,37.0276],[137.824,37.0278],[137.8239,37.028],[137.8241,37.0281],[137.8248,37.0281],[137.8252,37.0281],[137.8258,37.0279],[137.8261,37.0275],[137.8263,37.0271],[137.8264,37.0266],[137.8263,37.026],[137.826,37.0257],[137.8256,37.0255],[137.8256,37.0255],[137.8255,37.0255],[137.8255,37.0255],[137.8254,37.0246],[137.8251,37.0246],[137.8246,37.0246],[137.8242,37.0248],[137.8237,37.025],[137.8233,37.0251],[137.8227,37.0252],[137.8224,37.0255],[137.8217,37.0265],[137.8204,37.026],[137.8202,37.0254],[137.8201,37.0253],[137.82,37.0252],[137.8199,37.0251],[137.8197,37.0251],[137.8197,37.0242],[137.8195,37.0233],[137.8188,37.0219],[137.8182,37.022],[137.818,37.022],[137.818,37.0218],[137.8181,37.0217],[137.8183,37.0214],[137.8185,37.0211],[137.8187,37.021],[137.8188,37.0208],[137.8188,37.0205],[137.8187,37.0197],[137.8187,37.0191],[137.8188,37.0189],[137.8192,37.0187],[137.8196,37.0187],[137.8199,37.0188],[137.8205,37.0188],[137.8208,37.0188],[137.8211,37.0185],[137.8218,37.0183],[137.8222,37.018],[137.8223,37.0177],[137.822,37.0173],[137.8216,37.0174],[137.8212,37.0175],[137.8208,37.0176],[137.8204,37.0176],[137.8193,37.0171],[137.8189,37.0171],[137.8184,37.0172],[137.8174,37.0176],[137.817,37.0179],[137.8165,37.0185],[137.8159,37.0191],[137.8153,37.0196],[137.8137,37.0198],[137.8125,37.0201],[137.8127,37.0207],[137.8127,37.021],[137.8124,37.0213],[137.8122,37.0216],[137.8116,37.0222],[137.8114,37.0224],[137.8112,37.0227],[137.811,37.023],[137.811,37.0234],[137.811,37.0237],[137.811,37.024],[137.8108,37.0244],[137.8105,37.0248],[137.8088,37.0245],[137.808,37.0243],[137.8076,37.0243],[137.8068,37.0242],[137.8058,37.0243],[137.8054,37.0243],[137.8048,37.0244],[137.8042,37.0244],[137.8039,37.0244],[137.8033,37.0243],[137.8028,37.0243],[137.8023,37.0242],[137.8015,37.024],[137.8011,37.0238],[137.8,37.0234],[137.7994,37.0232],[137.7994,37.023],[137.7994,37.0227],[137.7994,37.0227],[137.7995,37.0225],[137.7996,37.0225],[137.7997,37.0224],[137.7998,37.0223],[137.7999,37.0222],[137.7999,37.0222],[137.7999,37.022],[137.7999,37.0219],[137.8,37.0218],[137.8002,37.0216],[137.8005,37.0214],[137.8008,37.0213],[137.8009,37.021],[137.8005,37.0208],[137.8004,37.0205],[137.8005,37.0202],[137.8008,37.02],[137.8009,37.0199],[137.801,37.0198],[137.801,37.0197],[137.8002,37.019],[137.7995,37.0187],[137.7989,37.0192],[137.7987,37.0195],[137.7985,37.0195],[137.7983,37.0196],[137.7982,37.0194],[137.7981,37.0193],[137.7978,37.0192],[137.7975,37.0191],[137.7972,37.019],[137.7971,37.0189],[137.797,37.0189],[137.7968,37.0189],[137.7967,37.0189],[137.7965,37.0189],[137.7963,37.0191],[137.7962,37.0192],[137.7961,37.0194],[137.7962,37.0196],[137.7965,37.0202],[137.7966,37.0208],[137.7962,37.0211],[137.796,37.0214],[137.7958,37.0214],[137.7957,37.0215],[137.7957,37.0217],[137.7956,37.0218],[137.7955,37.0218],[137.7954,37.0218],[137.7953,37.0218],[137.7952,37.0219],[137.7952,37.022],[137.7951,37.022],[137.7951,37.022],[137.7951,37.0216],[137.7951,37.0211],[137.7952,37.0203],[137.7952,37.0196],[137.7949,37.0195],[137.795,37.0194],[137.795,37.0194],[137.7949,37.0193],[137.7949,37.0192],[137.795,37.0191],[137.7951,37.019],[137.7952,37.0188],[137.7952,37.0187],[137.7951,37.0187],[137.7949,37.0187],[137.7947,37.0187],[137.7946,37.0187],[137.7945,37.0186],[137.7943,37.0185],[137.7942,37.0185],[137.7941,37.0184],[137.7938,37.0184],[137.7937,37.0184],[137.7937,37.0182],[137.7936,37.018],[137.7937,37.0177],[137.7938,37.0174],[137.7951,37.0174],[137.7953,37.0168],[137.7959,37.0167],[137.7959,37.0162],[137.7959,37.0162],[137.7957,37.0161],[137.7942,37.0161],[137.7942,37.0159],[137.7941,37.0155],[137.7945,37.015],[137.7947,37.0147],[137.7949,37.0146],[137.7952,37.0145],[137.7958,37.014],[137.7961,37.0137],[137.7964,37.0135],[137.7969,37.0133],[137.7969,37.013],[137.7965,37.013],[137.7962,37.0128],[137.796,37.0127],[137.795,37.0124],[137.7947,37.0125],[137.7943,37.0126],[137.7943,37.0127],[137.7942,37.0129],[137.7941,37.0131],[137.794,37.0133],[137.7941,37.0136],[137.7941,37.0136],[137.7937,37.0138],[137.7934,37.0139],[137.7931,37.0132],[137.7927,37.0124],[137.7924,37.012],[137.792,37.0118],[137.7919,37.0114],[137.7917,37.0111],[137.7923,37.0103],[137.7924,37.0098],[137.7924,37.0098],[137.7924,37.0098],[137.7917,37.01],[137.791,37.0103],[137.7908,37.01],[137.7905,37.0097],[137.7901,37.0093],[137.7899,37.009],[137.7898,37.0088],[137.7898,37.0086],[137.7899,37.0083],[137.7901,37.0081],[137.7901,37.0079],[137.7901,37.0077],[137.7898,37.0076],[137.7896,37.0075],[137.7894,37.0074],[137.789,37.0075],[137.7884,37.0077],[137.7882,37.0081],[137.7881,37.0082],[137.7879,37.0084],[137.7881,37.0088],[137.7878,37.009],[137.7875,37.0087],[137.788,37.0082],[137.7874,37.0078],[137.7872,37.0077],[137.787,37.0077],[137.7867,37.0076],[137.7864,37.0075],[137.7863,37.0073],[137.786,37.007],[137.7862,37.0069],[137.7864,37.0069],[137.7868,37.0068],[137.787,37.0068],[137.7872,37.0067],[137.7882,37.0076],[137.7882,37.0073],[137.7882,37.0071],[137.7883,37.0071],[137.7887,37.0068],[137.7888,37.0067],[137.7888,37.0066],[137.789,37.0068],[137.789,37.0068],[137.7892,37.007],[137.7893,37.0069],[137.7895,37.0067],[137.7896,37.0067],[137.79,37.0066],[137.7897,37.0056],[137.79,37.0054],[137.7902,37.0051],[137.7906,37.0054],[137.791,37.0048],[137.7906,37.0045],[137.7904,37.0046],[137.7901,37.0049],[137.7892,37.0056],[137.7882,37.0054],[137.788,37.0056],[137.7875,37.0058],[137.7871,37.0058],[137.7866,37.0057],[137.7863,37.0055],[137.786,37.0054],[137.7857,37.0054],[137.7854,37.0054],[137.7849,37.0051],[137.7845,37.0048],[137.784,37.0044],[137.784,37.0046],[137.784,37.005],[137.784,37.0056],[137.7841,37.0065],[137.7841,37.0073],[137.7844,37.0082],[137.7848,37.0093],[137.7851,37.0105],[137.7854,37.0114],[137.7857,37.0117],[137.7866,37.0128],[137.7875,37.0137],[137.7882,37.0144],[137.789,37.0154],[137.7894,37.0156],[137.79,37.016],[137.7905,37.0163],[137.7914,37.0172],[137.7917,37.0181],[137.7919,37.0188],[137.792,37.0193],[137.792,37.0201],[137.792,37.021],[137.7924,37.021],[137.7924,37.0213],[137.7925,37.0215],[137.7927,37.0218],[137.7926,37.023],[137.7926,37.0231],[137.7926,37.0233],[137.7921,37.0233],[137.7917,37.0232],[137.7916,37.0233],[137.7916,37.0233],[137.7915,37.0234],[137.7915,37.0234],[137.7914,37.0235],[137.7913,37.0234],[137.7913,37.0235],[137.7913,37.0236],[137.7915,37.0238],[137.7917,37.0239],[137.792,37.0239],[137.793,37.0242],[137.7934,37.0242],[137.7941,37.0244],[137.7943,37.0245],[137.7948,37.0246],[137.7956,37.0248],[137.796,37.0249],[137.7961,37.0249],[137.7968,37.0251],[137.7974,37.0252],[137.798,37.0254],[137.7987,37.0257],[137.7991,37.0258],[137.7995,37.0259],[137.7998,37.026],[137.8001,37.0261],[137.8007,37.0262],[137.8013,37.0263],[137.8014,37.0261],[137.8015,37.0257],[137.8017,37.025],[137.8007,37.0249],[137.8008,37.0243],[137.8022,37.0245],[137.8021,37.0251],[137.8027,37.0251],[137.8025,37.0258],[137.8023,37.0258],[137.8022,37.0262],[137.8021,37.0265],[137.8029,37.0266],[137.8039,37.0269],[137.8051,37.0271],[137.8063,37.0274],[137.8064,37.0272],[137.8065,37.027],[137.8073,37.0273],[137.8073,37.0275],[137.8072,37.0277],[137.8081,37.0279],[137.8088,37.0282],[137.809,37.0282],[137.8095,37.0284],[137.8099,37.0285],[137.81,37.0284],[137.8101,37.0283],[137.8103,37.0281],[137.8092,37.0277],[137.8083,37.0274],[137.808,37.0273],[137.808,37.0272],[137.8081,37.0272],[137.8083,37.0272],[137.8084,37.0273],[137.8086,37.0268],[137.8087,37.0268],[137.8091,37.0268],[137.8093,37.0269],[137.8095,37.0269],[137.8098,37.0269],[137.8099,37.0268],[137.8107,37.0272],[137.8107,37.0273],[137.8106,37.0274],[137.8105,37.0275],[137.8105,37.0278],[137.8106,37.0282],[137.8116,37.0285],[137.8117,37.0286],[137.8117,37.0288],[137.8117,37.0289],[137.8118,37.029],[137.8118,37.0291],[137.8119,37.0292],[137.8122,37.0293],[137.8124,37.0294],[137.8136,37.0299],[137.8147,37.0303],[137.8151,37.0304],[137.8155,37.0306],[137.8159,37.0309],[137.8164,37.0311],[137.8169,37.0315],[137.8173,37.0317],[137.8178,37.0321],[137.8187,37.0327],[137.819,37.0328],[137.819,37.0329],[137.8193,37.033],[137.8198,37.0332],[137.8204,37.0334],[137.821,37.0336],[137.8216,37.0339],[137.8223,37.0342],[137.8228,37.0345],[137.8232,37.0342],[137.8228,37.034],[137.8227,37.0337],[137.8234,37.0337],[137.824,37.0336],[137.8245,37.0339],[137.8237,37.0349],[137.8245,37.0352],[137.8248,37.0354],[137.8253,37.0358],[137.8257,37.0353],[137.8261,37.0355],[137.8265,37.0357],[137.8268,37.0358],[137.8276,37.0362],[137.8278,37.0356],[137.8278,37.0355],[137.8278,37.0353]]]},"properties":{"name":"糸魚川市","pop":2}},{"type":"Feature","geometry":{"type":"Polygon","coordinates":[[[138.2579,37.0372],[138.2578,37.0369],[138.2577,37.0369],[138.2577,37.0369],[138.2575,37.0362],[138.2575,37.0362],[138.2578,37.0361],[138.2579,37.0361],[138.2582,37.0361],[138.2585,37.0359],[138.2587,37.0359],[138.2589,37.0358],[138.2591,37.0357],[138.2595,37.0357],[138.2596,37.0351],[138.2598,37.0346],[138.2598,37.0344],[138.2599,37.034],[138.2599,37.034],[138.26,37.0336],[138.26,37.0335],[138.26,37.033],[138.2599,37.0323],[138.2598,37.032],[138.2597,37.0318],[138.2595,37.0316],[138.2593,37.0314],[138.2593,37.0311],[138.2592,37.0309],[138.2591,37.0308],[138.2591,37.0306],[138.2591,37.0305],[138.259,37.0305],[138.2591,37.0304],[138.2591,37.0304],[138.2592,37.0304],[138.2593,37.0302],[138.2593,37.0302],[138.2594,37.03],[138.2594,37.0298],[138.2597,37.0297],[138.2597,37.0296],[138.2599,37.0295],[138.2589,37.0294],[138.2589,37.0297],[138.2587,37.0296],[138.2587,37.0293],[138.2587,37.0292],[138.2586,37.0292],[138.2583,37.0291],[138.2581,37.0291],[138.2579,37.029],[138.2578,37.029],[138.2578,37.0289],[138.2576,37.0289],[138.2575,37.0287],[138.2576,37.0287],[138.2581,37.0288],[138.2581,37.0288],[138.2586,37.0288],[138.2599,37.0289],[138.2606,37.0289],[138.2608,37.0285],[138.2612,37.0286],[138.2616,37.0287],[138.2619,37.0288],[138.2621,37.0288],[138.2618,37.0289],[138.2608,37.0289],[138.2608,37.0295],[138.2616,37.0294],[138.2616,37.0299],[138.2624,37.0298],[138.2624,37.0302],[138.2617,37.0302],[138.2616,37.0301],[138.2612,37.0302],[138.2611,37.0304],[138.2611,37.0305],[138.2611,37.0307],[138.2611,37.0307],[138.2612,37.0308],[138.2612,37.0309],[138.2613,37.0314],[138.2617,37.0325],[138.262,37.0325],[138.2621,37.0324],[138.2626,37.0323],[138.2626,37.0323],[138.2627,37.0323],[138.2627,37.0329],[138.2626,37.0329],[138.2614,37.0332],[138.2616,37.0337],[138.2628,37.0334],[138.2629,37.0334],[138.263,37.0338],[138.263,37.0338],[138.2629,37.0338],[138.2629,37.0338],[138.2627,37.0339],[138.2628,37.034],[138.2628,37.0343],[138.2628,37.0344],[138.2629,37.0345],[138.263,37.0347],[138.2631,37.035],[138.2633,37.0354],[138.2634,37.0356],[138.2634,37.0358],[138.2634,37.0359],[138.2634,37.0359],[138.2638,37.0363],[138.2638,37.0363],[138.2648,37.0357],[138.2648,37.0357],[138.2648,37.0357],[138.2641,37.0348],[138.2641,37.0348],[138.2641,37.0347],[138.2641,37.0347],[138.2646,37.0345],[138.2645,37.0342],[138.2643,37.0339],[138.2641,37.0335],[138.264,37.0331],[138.2641,37.0331],[138.2642,37.0331],[138.2646,37.033],[138.2646,37.033],[138.2657,37.0327],[138.2657,37.0327],[138.2656,37.0324],[138.2642,37.0327],[138.2641,37.0321],[138.264,37.0316],[138.264,37.0307],[138.2654,37.0306],[138.2653,37.0299],[138.2653,37.0298],[138.2653,37.0293],[138.2654,37.0288],[138.2639,37.0288],[138.2634,37.0288],[138.2627,37.0288],[138.2621,37.0282],[138.2619,37.028],[138.2616,37.0281],[138.2614,37.0282],[138.2613,37.0283],[138.2612,37.0282],[138.2612,37.0281],[138.2611,37.0281],[138.261,37.0281],[138.2607,37.0281],[138.2608,37.0278],[138.261,37.0278],[138.2611,37.0275],[138.2611,37.0273],[138.2612,37.0273],[138.2613,37.0273],[138.2616,37.0261],[138.2612,37.026],[138.2613,37.0259],[138.2614,37.0257],[138.2614,37.0257],[138.2617,37.0252],[138.2618,37.0251],[138.262,37.0248],[138.2619,37.0248],[138.2618,37.0243],[138.2618,37.0242],[138.2618,37.0239],[138.2618,37.0236],[138.2624,37.0237],[138.2626,37.0233],[138.2628,37.0229],[138.2621,37.0228],[138.2613,37.0227],[138.2615,37.0221],[138.2616,37.0218],[138.2631,37.0222],[138.2634,37.0217],[138.2638,37.0208],[138.2635,37.0207],[138.2627,37.0205],[138.2626,37.0204],[138.2625,37.0204],[138.2625,37.0205],[138.2624,37.0205],[138.2623,37.0206],[138.2623,37.0206],[138.2623,37.0206],[138.2622,37.0206],[138.2622,37.0206],[138.2621,37.0207],[138.2619,37.0208],[138.2619,37.0209],[138.2617,37.0209],[138.2617,37.0209],[138.2616,37.0209],[138.2616,37.021],[138.2614,37.021],[138.2614,37.0211],[138.2613,37.0212],[138.2612,37.0212],[138.2612,37.0213],[138.2611,37.0214],[138.2611,37.0214],[138.261,37.0214],[138.2609,37.0215],[138.2608,37.0216],[138.2607,37.0217],[138.2607,37.0217],[138.2606,37.0218],[138.2606,37.0218],[138.2606,37.0219],[138.2607,37.022],[138.2606,37.0222],[138.2607,37.0222],[138.2608,37.0223],[138.2608,37.0224],[138.2609,37.0224],[138.261,37.0225],[138.261,37.0227],[138.2605,37.0226],[138.2605,37.0228],[138.2604,37.0231],[138.2603,37.0233],[138.2605,37.0239],[138.2601,37.024],[138.2599,37.024],[138.2599,37.024],[138.2596,37.024],[138.2594,37.024],[138.2595,37.0247],[138.2596,37.0247],[138.2598,37.0247],[138.26,37.0247],[138.2601,37.0247],[138.2601,37.0249],[138.2601,37.025],[138.2601,37.0251],[138.26,37.0254],[138.2599,37.0256],[138.2599,37.0257],[138.2598,37.0258],[138.2598,37.0258],[138.2598,37.0258],[138.2598,37.0258],[138.2598,37.0258],[138.2598,37.0258],[138.2597,37.0259],[138.2598,37.0259],[138.2598,37.0259],[138.2598,37.0259],[138.2598,37.0259],[138.2598,37.026],[138.2598,37.026],[138.2598,37.026],[138.2598,37.0261],[138.2598,37.0261],[138.2598,37.0262],[138.2597,37.0262],[138.2597,37.0264],[138.2596,37.0265],[138.2596,37.0266],[138.2597,37.0268],[138.2596,37.0269],[138.2596,37.027],[138.2597,37.0271],[138.2597,37.0271],[138.2596,37.0272],[138.2595,37.0274],[138.2597,37.0274],[138.2598,37.0275],[138.2598,37.0277],[138.2599,37.0277],[138.2599,37.0278],[138.2598,37.0282],[138.2595,37.0281],[138.2591,37.0272],[138.2587,37.0273],[138.2584,37.0273],[138.2584,37.0272],[138.2583,37.0271],[138.2583,37.0269],[138.2583,37.0269],[138.2581,37.0267],[138.2581,37.0266],[138.2581,37.0264],[138.258,37.0263],[138.258,37.026],[138.258,37.0257],[138.258,37.0255],[138.258,37.0254],[138.2572,37.0255],[138.2572,37.0255],[138.2573,37.0254],[138.2573,37.0253],[138.2572,37.0251],[138.2571,37.025],[138.257,37.0249],[138.2569,37.0249],[138.2568,37.0249],[138.2566,37.0248],[138.2565,37.0248],[138.2561,37.0248],[138.2559,37.0247],[138.2559,37.0246],[138.2561,37.024],[138.2566,37.024],[138.2567,37.024],[138.2572,37.0239],[138.2571,37.0236],[138.2571,37.0234],[138.2571,37.0233],[138.2572,37.0233],[138.2571,37.0231],[138.2571,37.0229],[138.257,37.0225],[138.2571,37.0224],[138.2568,37.0223],[138.2566,37.0222],[138.2565,37.0222],[138.2564,37.0222],[138.2564,37.0216],[138.2566,37.0211],[138.2567,37.0209],[138.2568,37.0207],[138.2568,37.0206],[138.2562,37.0206],[138.2562,37.0206],[138.2562,37.0206],[138.2562,37.0207],[138.2562,37.0207],[138.2561,37.0208],[138.2561,37.0208],[138.2561,37.0208],[138.256,37.0209],[138.256,37.0209],[138.256,37.0209],[138.2559,37.021],[138.2559,37.021],[138.2559,37.021],[138.2558,37.021],[138.2557,37.021],[138.2556,37.0207],[138.2556,37.0206],[138.2556,37.0203],[138.2556,37.0199],[138.2557,37.0194],[138.2559,37.0193],[138.2561,37.0192],[138.2564,37.0189],[138.2567,37.019],[138.2566,37.0193],[138.2566,37.0193],[138.2566,37.0193],[138.2567,37.0193],[138.2569,37.0193],[138.257,37.0192],[138.257,37.0192],[138.257,37.0193],[138.257,37.0193],[138.257,37.0193],[138.2571,37.0193],[138.2571,37.0193],[138.2572,37.0192],[138.2572,37.0192],[138.2572,37.0192],[138.2573,37.0192],[138.2573,37.0193],[138.2573,37.0193],[138.2572,37.0194],[138.2573,37.0194],[138.2573,37.0194],[138.2573,37.0194],[138.2573,37.0194],[138.2574,37.0192],[138.2576,37.0188],[138.2576,37.0187],[138.2578,37.0182],[138.2581,37.0175],[138.2582,37.0173],[138.2584,37.0166],[138.2585,37.0165],[138.2586,37.0164],[138.2587,37.0163],[138.2589,37.016],[138.259,37.0157],[138.259,37.0156],[138.2591,37.0156],[138.2589,37.0155],[138.2588,37.0156],[138.2587,37.0155],[138.2585,37.0157],[138.2584,37.0158],[138.2584,37.0158],[138.2583,37.0159],[138.2582,37.016],[138.2581,37.0162],[138.258,37.0163],[138.2579,37.0163],[138.2576,37.0165],[138.2573,37.0167],[138.257,37.0169],[138.2569,37.017],[138.2569,37.0168],[138.2568,37.0166],[138.2567,37.0164],[138.2565,37.0164],[138.2565,37.0163],[138.2565,37.0163],[138.2564,37.0163],[138.2564,37.0163],[138.2564,37.0163],[138.2563,37.0163],[138.2563,37.0163],[138.2563,37.0163],[138.2563,37.0162],[138.2563,37.0162],[138.2562,37.0162],[138.2562,37.0162],[138.2562,37.0161],[138.2561,37.0161],[138.256,37.0162],[138.2559,37.0163],[138.2558,37.0163],[138.2557,37.0163],[138.2556,37.0164],[138.2555,37.0164],[138.2554,37.0165],[138.2554,37.0165],[138.2553,37.0166],[138.2552,37.0167],[138.2551,37.0167],[138.2551,37.0168],[138.255,37.0168],[138.255,37.0169],[138.2549,37.0169],[138.2548,37.017],[138.2548,37.0174],[138.2547,37.0175],[138.2547,37.0175],[138.2546,37.0176],[138.2545,37.0176],[138.2545,37.0177],[138.2544,37.0177],[138.2538,37.0177],[138.2538,37.0175],[138.2537,37.0174],[138.2536,37.0173],[138.2536,37.0173],[138.2532,37.0173],[138.2526,37.0165],[138.2528,37.0164],[138.2528,37.0166],[138.2529,37.0166],[138.2531,37.0166],[138.2531,37.0169],[138.2536,37.0168],[138.2536,37.0168],[138.254,37.0168],[138.2542,37.0165],[138.2544,37.0162],[138.2546,37.0159],[138.2548,37.0156],[138.2548,37.0155],[138.2541,37.0156],[138.2541,37.0152],[138.2535,37.0153],[138.2534,37.0153],[138.2532,37.0154],[138.2531,37.0154],[138.253,37.0153],[138.2529,37.0152],[138.2529,37.0151],[138.2528,37.015],[138.2528,37.015],[138.2527,37.0149],[138.2526,37.0147],[138.2524,37.0145],[138.2524,37.0144],[138.2523,37.0145],[138.2522,37.0145],[138.2521,37.0146],[138.2521,37.0147],[138.2521,37.0147],[138.2519,37.0148],[138.2517,37.0145],[138.2514,37.0142],[138.2513,37.014],[138.2513,37.0138],[138.2512,37.0136],[138.2512,37.0134],[138.2511,37.0132],[138.251,37.0131],[138.2509,37.013],[138.2506,37.0128],[138.2506,37.0129],[138.2505,37.013],[138.2503,37.0132],[138.25,37.014],[138.2495,37.0139],[138.2494,37.0139],[138.2492,37.0138],[138.2491,37.0137],[138.2489,37.0137],[138.2489,37.0137],[138.2486,37.0138],[138.2483,37.0144],[138.2479,37.0151],[138.2475,37.0153],[138.2474,37.0157],[138.2475,37.0157],[138.2474,37.0161],[138.2474,37.0163],[138.2473,37.0165],[138.2472,37.0166],[138.247,37.0166],[138.247,37.0168],[138.247,37.0168],[138.247,37.0168],[138.2467,37.0168],[138.2466,37.0168],[138.2464,37.0167],[138.2463,37.0167],[138.246,37.0169],[138.2456,37.0172],[138.2452,37.0172],[138.2446,37.0172],[138.2445,37.017],[138.2444,37.017],[138.2444,37.0172],[138.2442,37.0172],[138.2442,37.0172],[138.2441,37.0172],[138.2441,37.0174],[138.2439,37.0177],[138.2435,37.0178],[138.2437,37.0181],[138.2436,37.0181],[138.243,37.0181],[138.242,37.018],[138.241,37.018],[138.241,37.0181],[138.241,37.0188],[138.2409,37.0189],[138.2407,37.0186],[138.2402,37.0187],[138.2402,37.0188],[138.2401,37.0188],[138.2397,37.019],[138.2392,37.019],[138.2392,37.0194],[138.2409,37.0195],[138.241,37.0195],[138.241,37.0196],[138.2411,37.0197],[138.2412,37.0199],[138.2417,37.0201],[138.2419,37.0201],[138.242,37.0202],[138.2422,37.0202],[138.2423,37.0203],[138.2424,37.0205],[138.2425,37.0207],[138.2427,37.0208],[138.2429,37.021],[138.2424,37.0213],[138.242,37.0216],[138.2418,37.0214],[138.2417,37.0212],[138.2415,37.0211],[138.2414,37.021],[138.2414,37.0209],[138.2414,37.0209],[138.2414,37.0206],[138.2413,37.0204],[138.2413,37.0202],[138.2413,37.0201],[138.2412,37.02],[138.2411,37.02],[138.241,37.0199],[138.2408,37.0198],[138.2407,37.0198],[138.2406,37.0198],[138.2399,37.0201],[138.24,37.0203],[138.2406,37.0208],[138.2409,37.0208],[138.2409,37.0208],[138.2409,37.0213],[138.2409,37.0213],[138.2406,37.0214],[138.2408,37.0216],[138.241,37.0218],[138.2413,37.022],[138.2409,37.0224],[138.2407,37.0225],[138.2405,37.0228],[138.2395,37.0222],[138.239,37.0219],[138.2379,37.0213],[138.2365,37.0204],[138.2355,37.0198],[138.2354,37.0199],[138.2351,37.0199],[138.2347,37.0199],[138.2347,37.0201],[138.2345,37.0207],[138.2357,37.0213],[138.2372,37.0222],[138.2383,37.0228],[138.2397,37.0237],[138.24,37.0238],[138.241,37.0246],[138.2415,37.0243],[138.2416,37.0242],[138.2417,37.0243],[138.2419,37.0245],[138.242,37.0245],[138.2421,37.0245],[138.2424,37.0245],[138.2425,37.0245],[138.2427,37.0245],[138.2428,37.0245],[138.2429,37.0245],[138.243,37.0244],[138.2433,37.0247],[138.2434,37.0248],[138.2434,37.0249],[138.2433,37.0251],[138.2433,37.0252],[138.2433,37.0254],[138.2429,37.0252],[138.2424,37.0256],[138.2426,37.0258],[138.2436,37.0265],[138.2448,37.0275],[138.2459,37.0272],[138.2459,37.0271],[138.2459,37.0271],[138.2459,37.0271],[138.2462,37.0273],[138.2464,37.0274],[138.2464,37.0274],[138.2464,37.0274],[138.2464,37.0274],[138.2465,37.0275],[138.2465,37.0275],[138.2465,37.0275],[138.2465,37.0276],[138.2465,37.0276],[138.2466,37.0277],[138.2467,37.0277],[138.2469,37.0278],[138.247,37.0279],[138.2472,37.0279],[138.2475,37.0279],[138.2475,37.0279],[138.2478,37.0279],[138.2484,37.028],[138.2489,37.028],[138.2498,37.0281],[138.2497,37.0283],[138.2494,37.0289],[138.2495,37.0289],[138.2497,37.029],[138.2503,37.0292],[138.2502,37.0294],[138.2502,37.0295],[138.2502,37.0296],[138.2502,37.0296],[138.2502,37.0298],[138.2502,37.0299],[138.2502,37.0301],[138.2502,37.0302],[138.2504,37.0308],[138.2505,37.031],[138.2506,37.0313],[138.2504,37.0314],[138.2503,37.0315],[138.2501,37.0317],[138.2501,37.0318],[138.2501,37.0318],[138.2501,37.0321],[138.25,37.0321],[138.2499,37.0322],[138.2497,37.0323],[138.2495,37.0323],[138.2493,37.0323],[138.2491,37.0324],[138.249,37.0325],[138.2491,37.0327],[138.2494,37.0332],[138.2504,37.0325],[138.2508,37.0328],[138.2515,37.0333],[138.2518,37.033],[138.2511,37.0324],[138.2512,37.0323],[138.252,37.0326],[138.2522,37.0327],[138.2523,37.0327],[138.2526,37.0324],[138.2523,37.0323],[138.2521,37.0322],[138.2522,37.032],[138.2523,37.032],[138.2524,37.0317],[138.2521,37.0316],[138.2519,37.0315],[138.2517,37.0315],[138.2516,37.0314],[138.2512,37.0314],[138.2514,37.0311],[138.2515,37.0308],[138.2517,37.0308],[138.2518,37.0308],[138.2519,37.0309],[138.252,37.0309],[138.2522,37.031],[138.2526,37.0311],[138.2527,37.0312],[138.2529,37.0314],[138.2531,37.0318],[138.2532,37.032],[138.2534,37.0325],[138.2534,37.0327],[138.2534,37.033],[138.2535,37.0332],[138.2531,37.0334],[138.2529,37.0335],[138.2527,37.0336],[138.2523,37.0339],[138.2529,37.0343],[138.2532,37.0341],[138.2533,37.0341],[138.2535,37.0342],[138.2535,37.0344],[138.2538,37.0343],[138.2545,37.0353],[138.2546,37.0354],[138.2552,37.0358],[138.2554,37.036],[138.2558,37.0362],[138.2566,37.0362],[138.2566,37.0366],[138.2566,37.0367],[138.2565,37.037],[138.2566,37.037],[138.2567,37.037],[138.2571,37.0371],[138.2578,37.0372],[138.2579,37.0372]]]},"properties":{"name":"妙高市","pop":1}},{"type":"Feature","geometry":{"type":"Polygon","coordinates":[[[139.1749,37.76],[139.1755,37.7599],[139.1767,37.7602],[139.1773,37.7587],[139.1772,37.7586],[139.1771,37.7585],[139.177,37.7585],[139.177,37.7584],[139.1769,37.7583],[139.1768,37.7582],[139.1765,37.758],[139.1762,37.7577],[139.1758,37.7574],[139.176,37.7572],[139.176,37.7569],[139.1767,37.7559],[139.1768,37.7557],[139.177,37.7553],[139.1771,37.755],[139.1772,37.7546],[139.1772,37.7543],[139.1771,37.754],[139.177,37.7538],[139.1767,37.7534],[139.1765,37.7531],[139.1768,37.7532],[139.1775,37.7533],[139.1775,37.753],[139.1776,37.7526],[139.1776,37.7525],[139.1778,37.7521],[139.1779,37.7519],[139.1781,37.7514],[139.1783,37.7511],[139.1787,37.7508],[139.179,37.7506],[139.1793,37.7504],[139.1795,37.7502],[139.18,37.75],[139.1805,37.7498],[139.1811,37.7497],[139.1823,37.7495],[139.182,37.7488],[139.1821,37.7485],[139.182,37.7477],[139.1819,37.7468],[139.1819,37.7467],[139.1818,37.7456],[139.1818,37.7451],[139.1817,37.7446],[139.1817,37.7443],[139.1813,37.7433],[139.1811,37.7424],[139.182,37.7423],[139.1824,37.7423],[139.1826,37.742],[139.1828,37.7419],[139.1829,37.7419],[139.1831,37.7417],[139.1832,37.7416],[139.1834,37.7415],[139.1839,37.7413],[139.1844,37.7411],[139.1845,37.7411],[139.1845,37.7412],[139.185,37.7411],[139.1851,37.7411],[139.1852,37.741],[139.1854,37.7408],[139.1857,37.7408],[139.186,37.7406],[139.1862,37.7404],[139.1864,37.7403],[139.1865,37.7402],[139.1866,37.7401],[139.1866,37.74],[139.1868,37.74],[139.1869,37.7399],[139.1871,37.7398],[139.1872,37.7399],[139.1873,37.7399],[139.1874,37.74],[139.1874,37.7408],[139.1875,37.7418],[139.1875,37.7423],[139.1875,37.7428],[139.1897,37.7427],[139.1903,37.7419],[139.1904,37.7418],[139.1906,37.7415],[139.1907,37.7412],[139.1901,37.7412],[139.1896,37.7412],[139.1895,37.7402],[139.1905,37.7402],[139.1907,37.7401],[139.1907,37.7401],[139.1906,37.7386],[139.1906,37.7386],[139.1908,37.7386],[139.1907,37.7381],[139.1916,37.738],[139.1937,37.738],[139.1937,37.7374],[139.1937,37.7369],[139.1936,37.7364],[139.1935,37.7349],[139.1935,37.7347],[139.1935,37.7346],[139.1931,37.7341],[139.1928,37.734],[139.1928,37.7329],[139.1928,37.7319],[139.1927,37.7319],[139.1927,37.7322],[139.1927,37.7325],[139.1926,37.7326],[139.1923,37.7331],[139.192,37.7334],[139.1919,37.7338],[139.1919,37.7339],[139.1915,37.7342],[139.1913,37.7343],[139.1912,37.7343],[139.1909,37.7344],[139.1908,37.7344],[139.1905,37.7345],[139.1904,37.7346],[139.1903,37.7346],[139.1902,37.7345],[139.1902,37.7345],[139.1902,37.7345],[139.1901,37.7345],[139.1901,37.7345],[139.1901,37.7346],[139.19,37.7346],[139.19,37.7346],[139.1899,37.7346],[139.1899,37.7347],[139.1898,37.7347],[139.1899,37.7349],[139.1899,37.735],[139.1894,37.7353],[139.1898,37.736],[139.1893,37.7361],[139.1887,37.7363],[139.1884,37.7364],[139.188,37.7364],[139.1881,37.736],[139.1882,37.7358],[139.1883,37.7357],[139.1884,37.7355],[139.1884,37.7354],[139.1884,37.7353],[139.1882,37.7351],[139.1885,37.7347],[139.1885,37.7343],[139.1876,37.7342],[139.1879,37.7323],[139.1881,37.7312],[139.1881,37.7312],[139.1894,37.7313],[139.1896,37.7297],[139.1883,37.7296],[139.1884,37.7291],[139.1871,37.729],[139.1873,37.728],[139.186,37.7278],[139.1858,37.7294],[139.1851,37.7293],[139.1844,37.7292],[139.1832,37.7291],[139.1819,37.729],[139.1816,37.7305],[139.181,37.7305],[139.1805,37.7305],[139.1805,37.7303],[139.1805,37.73],[139.1805,37.7299],[139.1806,37.7298],[139.1807,37.7297],[139.1807,37.7294],[139.1808,37.7292],[139.1782,37.7292],[139.178,37.7288],[139.1778,37.7281],[139.1773,37.7281],[139.1749,37.7282],[139.175,37.7292],[139.175,37.7302],[139.1728,37.7303],[139.1728,37.7308],[139.1722,37.7308],[139.1722,37.7313],[139.1722,37.7324],[139.1723,37.7334],[139.1723,37.7334],[139.1723,37.7339],[139.1738,37.7339],[139.1738,37.7339],[139.1738,37.7344],[139.1723,37.7344],[139.1707,37.7345],[139.1707,37.735],[139.1723,37.7349],[139.1723,37.7349],[139.1739,37.7349],[139.1738,37.7354],[139.1738,37.7354],[139.1738,37.7359],[139.1739,37.7364],[139.174,37.7365],[139.1735,37.7369],[139.1733,37.7371],[139.1731,37.7374],[139.1729,37.7378],[139.1727,37.738],[139.1726,37.7384],[139.1724,37.7388],[139.1723,37.7394],[139.1708,37.7396],[139.1708,37.7396],[139.1709,37.7402],[139.171,37.7406],[139.1688,37.7408],[139.1689,37.7419],[139.1715,37.7417],[139.1711,37.7427],[139.1709,37.7433],[139.1706,37.7443],[139.1705,37.7447],[139.17,37.7461],[139.1698,37.7467],[139.1694,37.7477],[139.169,37.749],[139.1696,37.7488],[139.1712,37.7491],[139.1733,37.7496],[139.1735,37.7492],[139.1737,37.7486],[139.1759,37.7491],[139.176,37.749],[139.1761,37.7492],[139.1761,37.7493],[139.1761,37.7494],[139.176,37.7495],[139.1759,37.7495],[139.1758,37.7498],[139.1749,37.7498],[139.1746,37.7498],[139.1744,37.7498],[139.174,37.7497],[139.1738,37.7497],[139.1734,37.7496],[139.173,37.7506],[139.173,37.7506],[139.174,37.7508],[139.1745,37.7509],[139.1746,37.751],[139.1751,37.751],[139.1747,37.7519],[139.1743,37.7527],[139.1741,37.753],[139.1739,37.7534],[139.1738,37.7536],[139.1737,37.754],[139.1736,37.754],[139.172,37.7536],[139.1713,37.7556],[139.1734,37.756],[139.1731,37.757],[139.173,37.758],[139.1726,37.7591],[139.1726,37.7598],[139.1726,37.7598],[139.1733,37.7595],[139.1735,37.7594],[139.1736,37.7594],[139.1738,37.7592],[139.1738,37.7592],[139.1739,37.7593],[139.1738,37.7596],[139.1735,37.7601],[139.1735,37.7603],[139.1741,37.7603],[139.174,37.7606],[139.1743,37.7606],[139.1748,37.7605],[139.1748,37.7605],[139.1749,37.7602],[139.1749,37.76]]]},"properties":{"name":"五泉市","pop":1}},{"type":"Feature","geometry":{"type":"Polygon","coordinates":[[[139.1943,37.7023],[139.1951,37.7016],[139.1951,37.7015],[139.1952,37.7005],[139.1954,37.6995],[139.1955,37.6985],[139.1949,37.6985],[139.1934,37.6983],[139.1934,37.6978],[139.1931,37.6978],[139.1931,37.6974],[139.1932,37.6969],[139.1932,37.6966],[139.1936,37.6966],[139.1936,37.6963],[139.1941,37.6964],[139.1957,37.6965],[139.1959,37.6954],[139.1955,37.6953],[139.1949,37.6953],[139.1946,37.6954],[139.1942,37.6954],[139.1933,37.6955],[139.1924,37.6955],[139.1919,37.6955],[139.1902,37.6956],[139.1895,37.6956],[139.1895,37.6955],[139.1896,37.6952],[139.1896,37.6951],[139.1897,37.6948],[139.1897,37.6948],[139.1912,37.6948],[139.1912,37.6944],[139.1913,37.6938],[139.1906,37.6938],[139.1907,37.6928],[139.1901,37.6928],[139.1899,37.6939],[139.189,37.6939],[139.1888,37.6939],[139.1878,37.6938],[139.1876,37.6938],[139.1875,37.6937],[139.1873,37.6933],[139.1871,37.6929],[139.1869,37.6931],[139.1865,37.6932],[139.1861,37.6934],[139.1856,37.6935],[139.1854,37.6935],[139.1854,37.6934],[139.1853,37.6934],[139.1853,37.6933],[139.1852,37.6932],[139.1852,37.6931],[139.1852,37.693],[139.1851,37.693],[139.1852,37.6929],[139.1852,37.6928],[139.185,37.6928],[139.185,37.6927],[139.1849,37.6927],[139.1848,37.6927],[139.1847,37.6927],[139.1845,37.6928],[139.1844,37.6928],[139.1843,37.6928],[139.1842,37.6927],[139.184,37.6926],[139.184,37.6926],[139.184,37.6925],[139.184,37.6924],[139.1842,37.6923],[139.1834,37.6918],[139.1834,37.6918],[139.183,37.6916],[139.1829,37.6916],[139.1825,37.6914],[139.1823,37.6913],[139.1823,37.6912],[139.1823,37.6912],[139.1825,37.6911],[139.1826,37.691],[139.1826,37.6909],[139.1826,37.6909],[139.1825,37.6909],[139.1824,37.6908],[139.1824,37.6908],[139.1823,37.6908],[139.1822,37.6908],[139.182,37.6909],[139.1819,37.6909],[139.1818,37.6909],[139.1817,37.6909],[139.1816,37.6909],[139.1816,37.6909],[139.1816,37.6908],[139.1816,37.6907],[139.1818,37.6905],[139.1818,37.6904],[139.1818,37.6904],[139.1817,37.6904],[139.1818,37.6902],[139.1818,37.69],[139.1819,37.6898],[139.182,37.6897],[139.1821,37.6896],[139.1822,37.6896],[139.1823,37.6896],[139.1824,37.6896],[139.1826,37.6895],[139.1827,37.6895],[139.183,37.6893],[139.1831,37.6893],[139.1833,37.6891],[139.1835,37.689],[139.1834,37.6891],[139.1833,37.689],[139.1832,37.689],[139.1831,37.689],[139.1829,37.689],[139.1828,37.689],[139.1827,37.689],[139.1824,37.689],[139.1822,37.689],[139.1822,37.689],[139.1821,37.689],[139.1822,37.689],[139.1822,37.6889],[139.1821,37.6889],[139.1821,37.6889],[139.1815,37.6891],[139.1815,37.6892],[139.1807,37.6892],[139.1802,37.6892],[139.1802,37.6887],[139.1803,37.6886],[139.1804,37.6885],[139.1805,37.6884],[139.1808,37.6883],[139.1809,37.6882],[139.1811,37.6881],[139.1811,37.6879],[139.1808,37.6875],[139.1811,37.6873],[139.1813,37.6872],[139.182,37.6868],[139.1816,37.6864],[139.1818,37.6863],[139.1816,37.686],[139.1815,37.6862],[139.1814,37.6863],[139.1813,37.6864],[139.1813,37.6866],[139.1813,37.6867],[139.1812,37.6867],[139.1811,37.6865],[139.1808,37.6866],[139.1807,37.6866],[139.1807,37.6866],[139.1806,37.6866],[139.1804,37.6867],[139.1803,37.6867],[139.1802,37.6867],[139.1801,37.6867],[139.18,37.6867],[139.1799,37.6867],[139.1798,37.6867],[139.1798,37.6867],[139.1798,37.6868],[139.1797,37.6869],[139.1796,37.687],[139.1795,37.687],[139.1795,37.687],[139.1794,37.6871],[139.1794,37.6873],[139.1792,37.6875],[139.1791,37.6875],[139.179,37.6876],[139.1787,37.6876],[139.1786,37.6877],[139.1785,37.6876],[139.1784,37.6876],[139.1783,37.6876],[139.1784,37.6884],[139.1776,37.6884],[139.1776,37.6885],[139.1764,37.6885],[139.1765,37.6874],[139.1766,37.6865],[139.1758,37.6864],[139.1752,37.6864],[139.1752,37.6864],[139.1752,37.6858],[139.1753,37.6848],[139.1753,37.6848],[139.1747,37.6847],[139.1741,37.6847],[139.1742,37.6849],[139.1741,37.6852],[139.1741,37.6855],[139.174,37.6858],[139.174,37.6861],[139.1738,37.6863],[139.1737,37.6865],[139.1736,37.6865],[139.1731,37.6867],[139.1727,37.687],[139.1725,37.6872],[139.1723,37.6874],[139.1723,37.6875],[139.172,37.6876],[139.1719,37.6876],[139.1719,37.6876],[139.1716,37.6878],[139.1716,37.6878],[139.1711,37.6878],[139.171,37.6878],[139.171,37.6876],[139.171,37.6876],[139.1708,37.6876],[139.1706,37.6876],[139.1705,37.6876],[139.1703,37.6876],[139.1699,37.6876],[139.1691,37.6877],[139.1691,37.6881],[139.1691,37.6883],[139.1688,37.6883],[139.1687,37.6885],[139.1685,37.6889],[139.1684,37.6896],[139.1682,37.6896],[139.1681,37.6903],[139.1681,37.6906],[139.1673,37.6905],[139.1672,37.6906],[139.1671,37.6907],[139.167,37.6907],[139.1669,37.6908],[139.1652,37.6919],[139.1658,37.6924],[139.1661,37.6923],[139.1663,37.6922],[139.1671,37.6921],[139.1675,37.6921],[139.1677,37.6923],[139.1694,37.6936],[139.1706,37.6945],[139.1716,37.6952],[139.1717,37.6953],[139.1721,37.6956],[139.1722,37.6955],[139.1722,37.6955],[139.1723,37.6955],[139.1724,37.6955],[139.1725,37.6955],[139.1729,37.6955],[139.1728,37.6952],[139.1736,37.6952],[139.1736,37.696],[139.1741,37.6959],[139.1748,37.6959],[139.1753,37.6958],[139.1756,37.6959],[139.1764,37.6959],[139.1771,37.696],[139.1774,37.6961],[139.1776,37.6961],[139.1776,37.6963],[139.1774,37.6963],[139.1773,37.6963],[139.1771,37.6963],[139.177,37.6963],[139.177,37.6963],[139.1766,37.6966],[139.1765,37.6966],[139.1764,37.6966],[139.1762,37.6966],[139.1761,37.6967],[139.1759,37.6968],[139.1758,37.697],[139.1757,37.697],[139.1756,37.6971],[139.1754,37.6971],[139.1752,37.6971],[139.1752,37.6989],[139.1752,37.7],[139.1752,37.7006],[139.1766,37.7006],[139.1773,37.7007],[139.1774,37.7006],[139.1775,37.7006],[139.1793,37.7006],[139.1793,37.6998],[139.1793,37.6985],[139.1793,37.698],[139.1805,37.698],[139.1805,37.698],[139.1806,37.6979],[139.1806,37.6979],[139.1806,37.6978],[139.1807,37.6978],[139.1808,37.6978],[139.1808,37.6977],[139.1808,37.6977],[139.1808,37.6977],[139.181,37.6973],[139.181,37.6973],[139.1808,37.6972],[139.1807,37.6971],[139.1802,37.6969],[139.1802,37.6968],[139.1801,37.6967],[139.1799,37.6966],[139.1797,37.6965],[139.1796,37.6965],[139.1793,37.6964],[139.1794,37.6963],[139.1794,37.6963],[139.1795,37.6962],[139.1796,37.6961],[139.1797,37.696],[139.1798,37.6961],[139.1798,37.6961],[139.1798,37.696],[139.1798,37.696],[139.1798,37.696],[139.1799,37.6961],[139.1801,37.6961],[139.1802,37.6962],[139.1803,37.6962],[139.1804,37.6962],[139.1805,37.6963],[139.1806,37.6963],[139.1807,37.6964],[139.181,37.6965],[139.1811,37.6965],[139.1812,37.6963],[139.1815,37.6964],[139.1817,37.6963],[139.1818,37.6962],[139.1819,37.6961],[139.1821,37.6962],[139.1826,37.6964],[139.1833,37.6968],[139.184,37.6971],[139.1847,37.6974],[139.1854,37.6978],[139.186,37.6981],[139.1867,37.6985],[139.1873,37.6988],[139.1875,37.6988],[139.1876,37.6988],[139.1884,37.699],[139.1891,37.6991],[139.1891,37.699],[139.1897,37.6991],[139.1907,37.6991],[139.1906,37.6993],[139.1904,37.6998],[139.1902,37.7003],[139.19,37.7009],[139.19,37.7013],[139.1901,37.7015],[139.1903,37.7016],[139.1905,37.7015],[139.1906,37.7015],[139.1907,37.7015],[139.191,37.7015],[139.1911,37.7015],[139.1913,37.7016],[139.1916,37.7016],[139.1918,37.7016],[139.1919,37.7016],[139.1921,37.7017],[139.1923,37.7018],[139.1925,37.7018],[139.1926,37.7018],[139.1927,37.7018],[139.1941,37.7027],[139.1942,37.7025],[139.1943,37.7023]]]},"properties":{"name":"五泉市","pop":2}},{"type":"Feature","geometry":{"type":"Polygon","coordinates":[[[138.2483,37.1315],[138.2489,37.1309],[138.2493,37.1304],[138.2497,37.1299],[138.2501,37.1294],[138.2501,37.1294],[138.2507,37.1295],[138.2532,37.1297],[138.2539,37.129],[138.2554,37.1278],[138.2555,37.1277],[138.2565,37.1271],[138.2579,37.1263],[138.2584,37.126],[138.2593,37.1255],[138.2605,37.1247],[138.2591,37.1244],[138.2594,37.1242],[138.2595,37.1242],[138.2597,37.124],[138.2598,37.1239],[138.26,37.1238],[138.2605,37.1231],[138.2614,37.122],[138.2612,37.1219],[138.2612,37.1219],[138.2613,37.1215],[138.2613,37.1214],[138.2614,37.1213],[138.2614,37.1212],[138.2614,37.121],[138.2614,37.121],[138.2616,37.1207],[138.2622,37.1208],[138.2622,37.1204],[138.2623,37.1204],[138.2622,37.1201],[138.2623,37.1201],[138.2624,37.1201],[138.2627,37.1201],[138.2629,37.1198],[138.2628,37.1193],[138.263,37.1192],[138.2633,37.1192],[138.2634,37.1189],[138.2647,37.1192],[138.2646,37.1197],[138.2645,37.12],[138.2649,37.12],[138.2649,37.1201],[138.2649,37.1201],[138.2657,37.12],[138.2651,37.1212],[138.2651,37.1212],[138.2648,37.1217],[138.2647,37.1219],[138.2646,37.122],[138.2644,37.1223],[138.2641,37.1227],[138.2647,37.123],[138.2647,37.123],[138.2648,37.123],[138.2649,37.1229],[138.2652,37.1224],[138.2654,37.1222],[138.2657,37.1219],[138.2659,37.1219],[138.2658,37.1216],[138.2662,37.1216],[138.2662,37.1217],[138.2663,37.1221],[138.2663,37.1225],[138.2664,37.1228],[138.2665,37.1228],[138.2674,37.1233],[138.2675,37.1235],[138.2679,37.1233],[138.2677,37.1232],[138.2679,37.123],[138.268,37.1228],[138.2684,37.1229],[138.2686,37.1226],[138.2687,37.1226],[138.2688,37.1226],[138.2696,37.1225],[138.2703,37.1225],[138.2704,37.1225],[138.2716,37.1224],[138.2722,37.1224],[138.2727,37.1224],[138.2735,37.1225],[138.2734,37.1221],[138.2744,37.1221],[138.2754,37.122],[138.2755,37.1214],[138.2752,37.1214],[138.2752,37.1215],[138.2752,37.1217],[138.2752,37.1217],[138.2748,37.1217],[138.2747,37.1217],[138.2745,37.1216],[138.2744,37.1216],[138.2741,37.1216],[138.2738,37.1217],[138.2737,37.1217],[138.2734,37.1217],[138.2734,37.1219],[138.2734,37.1221],[138.2731,37.122],[138.2724,37.122],[138.2715,37.122],[138.2715,37.1215],[138.272,37.1215],[138.2724,37.1216],[138.2725,37.1214],[138.2729,37.1206],[138.2728,37.1204],[138.2728,37.1202],[138.2729,37.1201],[138.273,37.1193],[138.273,37.1188],[138.2728,37.1188],[138.2719,37.1185],[138.2713,37.1183],[138.2721,37.1167],[138.2708,37.1163],[138.2701,37.1161],[138.2704,37.1155],[138.2704,37.1154],[138.2707,37.1151],[138.2708,37.115],[138.2711,37.1148],[138.2712,37.1147],[138.2713,37.1145],[138.2714,37.1143],[138.2717,37.114],[138.2719,37.1137],[138.272,37.1138],[138.2722,37.1136],[138.272,37.1135],[138.2721,37.1134],[138.2721,37.1135],[138.2725,37.1134],[138.2724,37.1136],[138.274,37.114],[138.2747,37.1142],[138.2743,37.1151],[138.2757,37.1154],[138.2758,37.1155],[138.2766,37.1139],[138.2756,37.1137],[138.2755,37.1139],[138.2749,37.1137],[138.275,37.1134],[138.2732,37.1128],[138.2731,37.113],[138.2725,37.1129],[138.2725,37.1127],[138.2724,37.1123],[138.2725,37.1123],[138.2725,37.1119],[138.2725,37.1119],[138.2725,37.1118],[138.2725,37.1118],[138.2725,37.1114],[138.2724,37.111],[138.2724,37.1109],[138.2723,37.1103],[138.2724,37.1102],[138.2724,37.1102],[138.2734,37.1104],[138.2734,37.1108],[138.2739,37.1109],[138.2743,37.1097],[138.2744,37.1097],[138.2748,37.1098],[138.2747,37.1102],[138.2746,37.1106],[138.2744,37.111],[138.2758,37.1113],[138.2764,37.1115],[138.2768,37.1102],[138.2769,37.1099],[138.2772,37.109],[138.2774,37.1086],[138.2773,37.1085],[138.2769,37.1084],[138.2772,37.1077],[138.2771,37.1069],[138.2758,37.1071],[138.2752,37.107],[138.2757,37.1058],[138.2757,37.1058],[138.2758,37.1057],[138.276,37.1056],[138.2767,37.1055],[138.2767,37.1055],[138.2766,37.1054],[138.2766,37.1053],[138.2765,37.1052],[138.2765,37.1051],[138.2765,37.105],[138.2765,37.1049],[138.2758,37.105],[138.2756,37.105],[138.2755,37.1048],[138.2759,37.1047],[138.2759,37.1046],[138.2759,37.1045],[138.2759,37.1043],[138.2758,37.1044],[138.2752,37.1045],[138.2744,37.1047],[138.2743,37.1042],[138.2734,37.1041],[138.2734,37.1042],[138.2731,37.1047],[138.2732,37.1049],[138.2724,37.1051],[138.2725,37.1056],[138.2726,37.1058],[138.2727,37.106],[138.2728,37.1065],[138.2723,37.1064],[138.2721,37.1064],[138.2716,37.1051],[138.27,37.105],[138.2696,37.1057],[138.269,37.1071],[138.2689,37.1074],[138.2678,37.1073],[138.268,37.1077],[138.268,37.1078],[138.268,37.1081],[138.268,37.1085],[138.268,37.1089],[138.2679,37.1093],[138.2672,37.1089],[138.2656,37.1083],[138.2656,37.108],[138.2656,37.1071],[138.2656,37.107],[138.2652,37.1067],[138.2651,37.1051],[138.265,37.1041],[138.2641,37.1047],[138.2633,37.1044],[138.2635,37.1041],[138.2635,37.1039],[138.2634,37.1037],[138.2633,37.1034],[138.2631,37.1028],[138.2649,37.1026],[138.2648,37.102],[138.2647,37.1015],[138.2643,37.1013],[138.2638,37.1012],[138.2637,37.1011],[138.2633,37.1008],[138.2633,37.1008],[138.2633,37.1007],[138.263,37.1005],[138.2629,37.1008],[138.2628,37.1008],[138.2627,37.1009],[138.2627,37.1009],[138.2629,37.1009],[138.2626,37.1017],[138.2626,37.1028],[138.2625,37.1028],[138.2624,37.1028],[138.2623,37.1028],[138.2621,37.1029],[138.2615,37.1032],[138.2615,37.1028],[138.2614,37.1028],[138.2611,37.1027],[138.2618,37.1022],[138.2619,37.1021],[138.262,37.1015],[138.262,37.1013],[138.2621,37.1012],[138.2621,37.101],[138.2621,37.1008],[138.2621,37.1007],[138.2621,37.1006],[138.2622,37.1005],[138.2622,37.1004],[138.262,37.1002],[138.2617,37.0999],[138.2613,37.0997],[138.2612,37.0995],[138.2611,37.0994],[138.2612,37.0993],[138.2618,37.0991],[138.2614,37.099],[138.2612,37.099],[138.2609,37.099],[138.2605,37.0988],[138.2597,37.0989],[138.2593,37.0987],[138.2594,37.0989],[138.2585,37.099],[138.2578,37.0991],[138.2577,37.0993],[138.2577,37.0991],[138.2577,37.099],[138.2577,37.0989],[138.2577,37.0987],[138.2577,37.0986],[138.2578,37.0983],[138.2578,37.0981],[138.2578,37.0975],[138.2578,37.0975],[138.2578,37.0972],[138.2577,37.0972],[138.2573,37.0972],[138.2572,37.0974],[138.2572,37.0976],[138.2572,37.0978],[138.2571,37.098],[138.2566,37.0981],[138.2566,37.0981],[138.2564,37.0982],[138.256,37.0982],[138.2556,37.0982],[138.2555,37.0974],[138.2555,37.0973],[138.2554,37.0971],[138.2554,37.0969],[138.255,37.0968],[138.2542,37.0967],[138.2535,37.0966],[138.2535,37.0966],[138.253,37.0965],[138.253,37.0959],[138.2532,37.0954],[138.2533,37.095],[138.2535,37.0947],[138.2537,37.0943],[138.2537,37.0942],[138.2538,37.0941],[138.2537,37.0941],[138.2536,37.094],[138.2535,37.0933],[138.2534,37.0933],[138.2534,37.093],[138.2527,37.093],[138.2511,37.093],[138.2507,37.093],[138.2501,37.093],[138.2501,37.0928],[138.2498,37.0929],[138.2497,37.0929],[138.2497,37.093],[138.2486,37.0929],[138.2455,37.0927],[138.2453,37.0925],[138.2453,37.0925],[138.2452,37.0924],[138.2451,37.0923],[138.245,37.0922],[138.245,37.0922],[138.2448,37.0927],[138.2415,37.0923],[138.2406,37.0923],[138.2406,37.0925],[138.2406,37.0929],[138.2407,37.0931],[138.2408,37.0932],[138.241,37.0934],[138.2411,37.0935],[138.2409,37.0935],[138.2409,37.0937],[138.2403,37.0938],[138.2402,37.0935],[138.2392,37.0936],[138.2389,37.0929],[138.2388,37.0924],[138.2387,37.0924],[138.2363,37.0924],[138.2363,37.0922],[138.2349,37.0922],[138.2342,37.0922],[138.234,37.0921],[138.2336,37.0921],[138.2335,37.0922],[138.2335,37.0925],[138.2335,37.0925],[138.2336,37.0927],[138.2336,37.0929],[138.2335,37.0931],[138.2335,37.0935],[138.2334,37.0939],[138.2333,37.094],[138.2332,37.0939],[138.2322,37.0939],[138.2323,37.0949],[138.2327,37.0949],[138.2327,37.0952],[138.2329,37.0952],[138.2329,37.0953],[138.2329,37.0956],[138.233,37.0959],[138.233,37.0959],[138.233,37.096],[138.2331,37.096],[138.2331,37.0961],[138.2332,37.0961],[138.2333,37.0962],[138.2333,37.0963],[138.2333,37.0964],[138.2334,37.0967],[138.2334,37.0968],[138.2334,37.0969],[138.2335,37.097],[138.2335,37.0971],[138.2335,37.0972],[138.2335,37.0973],[138.2335,37.0974],[138.2335,37.0979],[138.2351,37.0986],[138.2345,37.0995],[138.2348,37.1],[138.2348,37.1001],[138.2349,37.1002],[138.2364,37.1002],[138.2363,37.1013],[138.2363,37.1015],[138.2364,37.1017],[138.2368,37.1024],[138.2379,37.1023],[138.2379,37.1025],[138.2379,37.1027],[138.238,37.1028],[138.2374,37.1029],[138.2374,37.1031],[138.2374,37.1031],[138.2375,37.1034],[138.2378,37.1034],[138.2392,37.1034],[138.2393,37.1044],[138.2393,37.1046],[138.2394,37.1048],[138.2393,37.1048],[138.2392,37.1048],[138.2391,37.1047],[138.239,37.1047],[138.2388,37.1045],[138.2387,37.1044],[138.2385,37.1044],[138.2384,37.1043],[138.2382,37.1043],[138.2381,37.1043],[138.2378,37.1043],[138.2375,37.1044],[138.237,37.1045],[138.2368,37.1046],[138.2368,37.1045],[138.2366,37.1044],[138.2366,37.1046],[138.2366,37.1046],[138.2367,37.1051],[138.2368,37.1061],[138.2371,37.106],[138.2373,37.1059],[138.2374,37.1058],[138.2377,37.1058],[138.2378,37.1065],[138.2379,37.1069],[138.238,37.108],[138.2382,37.1091],[138.2382,37.1094],[138.2383,37.1102],[138.2384,37.1106],[138.2385,37.1111],[138.2385,37.1115],[138.2371,37.1117],[138.2371,37.1116],[138.2369,37.1116],[138.2369,37.1118],[138.2369,37.1118],[138.2368,37.1118],[138.2366,37.1119],[138.2366,37.1119],[138.2366,37.1122],[138.2367,37.1123],[138.2367,37.1126],[138.2367,37.1128],[138.2368,37.113],[138.237,37.1129],[138.237,37.1135],[138.2365,37.1136],[138.2365,37.1135],[138.236,37.1136],[138.2359,37.1136],[138.236,37.1142],[138.2356,37.1142],[138.2356,37.1142],[138.2356,37.1148],[138.2357,37.1149],[138.236,37.115],[138.2362,37.1149],[138.2362,37.1149],[138.2363,37.1148],[138.2366,37.1149],[138.2366,37.1148],[138.2366,37.1148],[138.2366,37.1148],[138.2366,37.1148],[138.2366,37.1147],[138.2366,37.1147],[138.2367,37.1147],[138.2367,37.1147],[138.2367,37.1147],[138.2367,37.1147],[138.2368,37.1147],[138.2371,37.1147],[138.2371,37.1147],[138.2371,37.1147],[138.2371,37.1147],[138.2371,37.1147],[138.2371,37.1147],[138.2372,37.1147],[138.2372,37.1148],[138.2368,37.1152],[138.2364,37.1154],[138.2361,37.1155],[138.2359,37.1156],[138.236,37.1166],[138.236,37.1169],[138.2361,37.1174],[138.2344,37.1175],[138.2343,37.1165],[138.2342,37.1156],[138.2338,37.1156],[138.2336,37.1157],[138.2333,37.1157],[138.2335,37.1175],[138.2333,37.1176],[138.2341,37.1188],[138.2333,37.1191],[138.2328,37.1183],[138.2327,37.1182],[138.2324,37.1176],[138.2323,37.1176],[138.2324,37.1175],[138.2324,37.1173],[138.2324,37.117],[138.2323,37.1166],[138.2324,37.1165],[138.2324,37.1164],[138.233,37.1159],[138.233,37.1158],[138.233,37.1154],[138.2329,37.1144],[138.2329,37.1142],[138.2329,37.1139],[138.2329,37.1139],[138.2327,37.113],[138.2327,37.1127],[138.2327,37.1124],[138.2326,37.1123],[138.2325,37.1115],[138.2325,37.1116],[138.2325,37.1116],[138.2323,37.1115],[138.2321,37.1115],[138.232,37.1114],[138.232,37.1114],[138.2317,37.1113],[138.2314,37.1111],[138.2312,37.1111],[138.2311,37.1111],[138.2311,37.1112],[138.2312,37.1118],[138.2312,37.1122],[138.2313,37.1126],[138.2312,37.1126],[138.2311,37.1126],[138.2312,37.1128],[138.2311,37.1128],[138.2311,37.1128],[138.2311,37.1128],[138.231,37.1128],[138.231,37.1128],[138.231,37.1128],[138.231,37.1129],[138.231,37.1129],[138.2311,37.1132],[138.2311,37.1133],[138.2315,37.1134],[138.2315,37.1135],[138.2314,37.1138],[138.2315,37.1141],[138.2306,37.1142],[138.2306,37.114],[138.2305,37.114],[138.2302,37.1141],[138.2302,37.1141],[138.2301,37.1141],[138.23,37.1141],[138.23,37.114],[138.23,37.114],[138.2299,37.1139],[138.2299,37.1138],[138.2299,37.1137],[138.2299,37.1136],[138.2298,37.1134],[138.2298,37.1134],[138.2298,37.1133],[138.2298,37.1132],[138.2297,37.1132],[138.2296,37.1131],[138.2296,37.113],[138.2295,37.1129],[138.2295,37.1128],[138.2294,37.1127],[138.2294,37.1125],[138.2294,37.1124],[138.2293,37.1124],[138.2286,37.1125],[138.2287,37.1128],[138.2289,37.1136],[138.2289,37.1136],[138.229,37.114],[138.2283,37.1142],[138.2279,37.1142],[138.2279,37.1142],[138.2273,37.1143],[138.2273,37.1145],[138.2274,37.1145],[138.2275,37.1149],[138.2283,37.1148],[138.2284,37.1152],[138.2287,37.1151],[138.2288,37.1155],[138.2284,37.1155],[138.228,37.1155],[138.2278,37.1154],[138.2276,37.1154],[138.2275,37.1153],[138.2274,37.1152],[138.2273,37.115],[138.227,37.1149],[138.2266,37.1148],[138.2266,37.1148],[138.2264,37.1147],[138.2264,37.1147],[138.226,37.1156],[138.2259,37.1168],[138.2257,37.1168],[138.2253,37.1167],[138.2253,37.1164],[138.2244,37.1163],[138.2244,37.1162],[138.2246,37.1157],[138.2241,37.1156],[138.2239,37.1163],[138.2239,37.1166],[138.2238,37.1174],[138.2236,37.1174],[138.2235,37.1178],[138.2235,37.1179],[138.2238,37.1179],[138.2239,37.118],[138.224,37.1182],[138.2239,37.1182],[138.2241,37.1185],[138.2242,37.1186],[138.2243,37.1184],[138.2244,37.1184],[138.2245,37.1184],[138.2248,37.1184],[138.2255,37.1183],[138.2255,37.1185],[138.2257,37.1186],[138.2258,37.1188],[138.2259,37.1189],[138.2261,37.1191],[138.2263,37.1194],[138.2264,37.1193],[138.2266,37.1197],[138.2266,37.1197],[138.2266,37.1199],[138.2266,37.12],[138.2266,37.1202],[138.2271,37.1201],[138.2272,37.1202],[138.2268,37.1202],[138.2264,37.1203],[138.2263,37.1202],[138.2261,37.1202],[138.2262,37.1209],[138.2264,37.1208],[138.2265,37.1214],[138.2267,37.1214],[138.2271,37.1213],[138.2271,37.1217],[138.2273,37.1218],[138.2274,37.1219],[138.2277,37.122],[138.2279,37.1221],[138.2282,37.1221],[138.2286,37.1222],[138.2286,37.1222],[138.2286,37.1225],[138.2288,37.1225],[138.2289,37.1225],[138.2289,37.1222],[138.2288,37.1222],[138.2287,37.122],[138.2292,37.122],[138.23,37.122],[138.2301,37.1216],[138.2304,37.1212],[138.2305,37.1207],[138.2313,37.1207],[138.2322,37.1207],[138.2325,37.1207],[138.2325,37.1211],[138.2327,37.1214],[138.2324,37.1215],[138.2323,37.1224],[138.2323,37.1225],[138.2328,37.1234],[138.2336,37.1231],[138.2345,37.1228],[138.235,37.1237],[138.2342,37.124],[138.2347,37.1249],[138.2345,37.125],[138.2352,37.1254],[138.2355,37.1255],[138.2364,37.1256],[138.2366,37.1256],[138.2372,37.1259],[138.2368,37.1252],[138.2376,37.1249],[138.2377,37.1249],[138.2377,37.1249],[138.2378,37.1249],[138.2378,37.1249],[138.2379,37.1249],[138.2379,37.1249],[138.2379,37.1249],[138.238,37.1249],[138.2381,37.125],[138.2385,37.1251],[138.2387,37.1252],[138.2388,37.1252],[138.2389,37.1255],[138.2392,37.1262],[138.2396,37.1258],[138.24,37.1254],[138.2414,37.126],[138.2405,37.1273],[138.24,37.128],[138.2397,37.1285],[138.2396,37.1285],[138.2394,37.1287],[138.2394,37.1289],[138.2394,37.1291],[138.2395,37.1292],[138.2395,37.1293],[138.2395,37.1293],[138.2396,37.1294],[138.2397,37.1294],[138.2397,37.1294],[138.2399,37.1293],[138.2402,37.1293],[138.2405,37.1294],[138.2406,37.1293],[138.241,37.1286],[138.2417,37.1277],[138.242,37.1273],[138.2425,37.1274],[138.2426,37.1274],[138.243,37.1274],[138.243,37.1274],[138.243,37.1275],[138.2429,37.1276],[138.2429,37.1278],[138.2429,37.1279],[138.2428,37.1279],[138.2427,37.1278],[138.2426,37.1285],[138.2425,37.1286],[138.2428,37.1286],[138.2431,37.1287],[138.2433,37.1287],[138.2437,37.1287],[138.2439,37.1288],[138.244,37.1288],[138.2441,37.1288],[138.2443,37.1289],[138.2443,37.129],[138.2443,37.1291],[138.2444,37.1292],[138.2444,37.1292],[138.2444,37.1293],[138.2439,37.1291],[138.2437,37.1291],[138.2436,37.129],[138.2436,37.129],[138.2433,37.129],[138.2431,37.129],[138.2431,37.1291],[138.2433,37.1292],[138.2435,37.1292],[138.2435,37.1292],[138.2436,37.1292],[138.2437,37.1292],[138.2437,37.1292],[138.2438,37.1292],[138.2439,37.1293],[138.244,37.1293],[138.2442,37.1294],[138.2442,37.1294],[138.2444,37.1294],[138.2444,37.1295],[138.2444,37.1295],[138.2448,37.1298],[138.2449,37.1299],[138.2451,37.1301],[138.2451,37.1302],[138.2452,37.1303],[138.2453,37.1304],[138.2455,37.1308],[138.2466,37.1294],[138.247,37.1288],[138.2478,37.1277],[138.2488,37.1278],[138.249,37.1278],[138.249,37.1279],[138.249,37.1284],[138.2494,37.1289],[138.2486,37.1292],[138.2477,37.129],[138.2475,37.1293],[138.2475,37.1295],[138.2475,37.1304],[138.2475,37.1307],[138.2477,37.1314],[138.248,37.1313],[138.248,37.1314],[138.2483,37.1315]]]},"properties":{"name":"上越市","pop":1}},{"type":"Feature","geometry":{"type":"Polygon","coordinates":[[[138.2386,37.1524],[138.2389,37.1524],[138.2392,37.1525],[138.2395,37.1526],[138.2399,37.1527],[138.2403,37.1528],[138.2405,37.1521],[138.242,37.1523],[138.2422,37.1515],[138.2422,37.1514],[138.2422,37.1512],[138.2423,37.1511],[138.2423,37.1511],[138.2424,37.1506],[138.2425,37.1505],[138.2422,37.1505],[138.2418,37.1504],[138.2414,37.1502],[138.2408,37.15],[138.2406,37.1499],[138.24,37.1497],[138.2396,37.1495],[138.2395,37.1494],[138.2394,37.1494],[138.2391,37.1494],[138.2389,37.1507],[138.2387,37.1516],[138.2386,37.1524]]]},"properties":{"name":"上越市","pop":2}},{"type":"Feature","geometry":{"type":"Polygon","coordinates":[[[138.2386,37.1524],[138.2382,37.1524],[138.238,37.1523],[138.2379,37.1523],[138.2377,37.1522],[138.2369,37.1519],[138.237,37.1513],[138.2378,37.1514],[138.2381,37.1499],[138.2373,37.1498],[138.2372,37.1499],[138.2367,37.1497],[138.237,37.1486],[138.2384,37.1488],[138.2392,37.1489],[138.2394,37.1481],[138.2394,37.1479],[138.239,37.1479],[138.2389,37.1479],[138.2386,37.1479],[138.2386,37.1479],[138.2385,37.1479],[138.2384,37.1478],[138.2382,37.1478],[138.2377,37.1477],[138.2372,37.1476],[138.2374,37.1469],[138.2382,37.147],[138.2384,37.146],[138.2385,37.1456],[138.2398,37.1458],[138.24,37.1457],[138.2403,37.146],[138.2405,37.1462],[138.2406,37.1464],[138.2408,37.1466],[138.2409,37.1467],[138.2407,37.1469],[138.2406,37.1471],[138.2404,37.1473],[138.2402,37.1475],[138.2401,37.1476],[138.24,37.1477],[138.2399,37.1478],[138.2399,37.1479],[138.2398,37.1481],[138.2412,37.1483],[138.2429,37.1485],[138.2429,37.1483],[138.2429,37.1481],[138.2429,37.148],[138.2427,37.1479],[138.2414,37.1471],[138.2415,37.147],[138.2413,37.1469],[138.2413,37.1468],[138.2418,37.1468],[138.2418,37.1464],[138.242,37.1465],[138.2421,37.146],[138.2424,37.1462],[138.2425,37.1455],[138.2438,37.1456],[138.2439,37.1444],[138.244,37.1438],[138.2433,37.1436],[138.243,37.1424],[138.2428,37.1417],[138.2426,37.1417],[138.2426,37.1418],[138.2421,37.1422],[138.2419,37.1426],[138.2418,37.1428],[138.2417,37.1432],[138.2415,37.1442],[138.2399,37.1441],[138.2398,37.1446],[138.2396,37.1445],[138.2395,37.1445],[138.2394,37.1444],[138.2394,37.1443],[138.238,37.1441],[138.2383,37.1431],[138.2379,37.143],[138.2375,37.143],[138.2361,37.1427],[138.2359,37.1438],[138.2358,37.1445],[138.2357,37.1451],[138.2352,37.1451],[138.2352,37.1457],[138.2351,37.1465],[138.2351,37.1471],[138.235,37.1481],[138.235,37.1484],[138.235,37.149],[138.2349,37.1499],[138.2348,37.1504],[138.2336,37.1499],[138.2335,37.1499],[138.2324,37.1498],[138.2325,37.1486],[138.2323,37.1486],[138.2323,37.1481],[138.231,37.148],[138.231,37.1486],[138.2289,37.1485],[138.2288,37.1497],[138.2297,37.1497],[138.2296,37.1507],[138.2288,37.1507],[138.2287,37.1511],[138.2281,37.1511],[138.228,37.152],[138.228,37.1529],[138.2279,37.1537],[138.2279,37.1537],[138.2283,37.1539],[138.2285,37.1541],[138.2286,37.1542],[138.2287,37.1543],[138.2289,37.1544],[138.2292,37.1547],[138.2296,37.1551],[138.2298,37.1554],[138.2299,37.1556],[138.2301,37.1558],[138.2306,37.1566],[138.2306,37.1568],[138.2307,37.1568],[138.2309,37.1573],[138.231,37.1578],[138.231,37.158],[138.231,37.1583],[138.231,37.1587],[138.2311,37.1587],[138.2314,37.1586],[138.232,37.1585],[138.2321,37.1585],[138.2325,37.1571],[138.2327,37.1568],[138.233,37.1557],[138.233,37.1556],[138.2336,37.1541],[138.2339,37.153],[138.2343,37.152],[138.2352,37.1521],[138.2352,37.1521],[138.2355,37.1528],[138.2354,37.1529],[138.2353,37.1536],[138.236,37.1537],[138.2364,37.1544],[138.2368,37.155],[138.2371,37.1554],[138.2366,37.1556],[138.2369,37.1561],[138.2369,37.1561],[138.2374,37.1559],[138.2376,37.1562],[138.2377,37.1562],[138.238,37.1567],[138.238,37.1572],[138.238,37.1572],[138.2373,37.157],[138.2372,37.1572],[138.2371,37.1577],[138.2364,37.1575],[138.2359,37.1576],[138.2359,37.1576],[138.236,37.1581],[138.2357,37.1582],[138.2359,37.1587],[138.2361,37.1586],[138.2363,37.1595],[138.2357,37.1595],[138.2356,37.1601],[138.2369,37.1602],[138.2367,37.1596],[138.2367,37.1594],[138.2367,37.1594],[138.2367,37.1592],[138.2368,37.1592],[138.2371,37.1591],[138.2373,37.1591],[138.2378,37.1591],[138.2378,37.1594],[138.2377,37.1602],[138.2376,37.1613],[138.2357,37.1609],[138.2346,37.1607],[138.2336,37.1605],[138.2332,37.1604],[138.2324,37.1602],[138.2316,37.16],[138.2314,37.1606],[138.2313,37.1611],[138.2309,37.1608],[138.2308,37.1608],[138.2302,37.1608],[138.2286,37.161],[138.2281,37.161],[138.228,37.1606],[138.228,37.1605],[138.2276,37.1606],[138.2265,37.1606],[138.2265,37.1605],[138.2261,37.1605],[138.2261,37.1605],[138.2258,37.1596],[138.2257,37.1591],[138.2256,37.1588],[138.2255,37.1585],[138.2277,37.1583],[138.2278,37.1579],[138.2266,37.1579],[138.2265,37.1579],[138.2265,37.1579],[138.2268,37.1574],[138.2271,37.1569],[138.2271,37.1568],[138.2274,37.1563],[138.2274,37.1558],[138.2277,37.1557],[138.2273,37.1552],[138.2272,37.1547],[138.2272,37.1547],[138.2272,37.1547],[138.2273,37.1546],[138.2273,37.1546],[138.2279,37.1538],[138.2279,37.1537],[138.2271,37.1531],[138.2266,37.1528],[138.2261,37.1524],[138.2255,37.1521],[138.2258,37.1517],[138.2259,37.1515],[138.2264,37.1515],[138.2264,37.152],[138.2273,37.152],[138.2274,37.1511],[138.2275,37.1496],[138.2265,37.1496],[138.2264,37.1496],[138.2266,37.1478],[138.2261,37.1477],[138.2261,37.1468],[138.2284,37.1468],[138.2283,37.1478],[138.231,37.148],[138.2312,37.147],[138.2324,37.147],[138.2328,37.147],[138.2329,37.1456],[138.2339,37.1457],[138.2339,37.1443],[138.2348,37.1443],[138.2348,37.1435],[138.2351,37.1427],[138.235,37.1425],[138.2331,37.1424],[138.2331,37.1415],[138.2324,37.1414],[138.2312,37.1413],[138.23,37.1412],[138.2288,37.141],[138.2287,37.1419],[138.2265,37.1418],[138.2265,37.1411],[138.2263,37.1411],[138.2267,37.1407],[138.224,37.1404],[138.2228,37.1403],[138.2221,37.1402],[138.2209,37.1401],[138.2205,37.1401],[138.2207,37.1406],[138.2206,37.1406],[138.2205,37.1406],[138.2204,37.1406],[138.2203,37.1405],[138.2202,37.1405],[138.2191,37.141],[138.2175,37.1417],[138.2173,37.1418],[138.2174,37.1418],[138.2175,37.142],[138.2176,37.1421],[138.2176,37.1421],[138.2178,37.1424],[138.218,37.1427],[138.2183,37.1431],[138.2184,37.1432],[138.2185,37.1435],[138.2194,37.1434],[138.2194,37.1432],[138.2212,37.143],[138.2212,37.143],[138.2213,37.143],[138.2214,37.1429],[138.2216,37.1427],[138.2219,37.1425],[138.2222,37.1424],[138.2229,37.1421],[138.2229,37.1429],[138.2228,37.1431],[138.2228,37.1431],[138.2226,37.1431],[138.2225,37.1432],[138.2224,37.1433],[138.2224,37.1434],[138.2224,37.1438],[138.2223,37.1438],[138.2216,37.1438],[138.222,37.1451],[138.2225,37.1464],[138.2228,37.1463],[138.223,37.1462],[138.2231,37.1462],[138.2233,37.1462],[138.2237,37.1478],[138.223,37.1479],[138.223,37.148],[138.223,37.1488],[138.223,37.1494],[138.223,37.1496],[138.2232,37.1499],[138.2233,37.1503],[138.2232,37.1508],[138.2243,37.1513],[138.2246,37.1515],[138.2242,37.1519],[138.2243,37.152],[138.224,37.1523],[138.2236,37.1527],[138.2235,37.1528],[138.2233,37.1526],[138.2231,37.1526],[138.2234,37.1536],[138.2233,37.1536],[138.2232,37.1535],[138.2231,37.1534],[138.223,37.1532],[138.2229,37.1531],[138.2228,37.153],[138.2226,37.1529],[138.2221,37.1534],[138.222,37.1536],[138.2219,37.1537],[138.2222,37.154],[138.2223,37.154],[138.2224,37.1541],[138.2224,37.1541],[138.2225,37.1542],[138.2225,37.1543],[138.2226,37.1544],[138.2226,37.1544],[138.2225,37.1545],[138.2226,37.1545],[138.2226,37.1546],[138.2227,37.1546],[138.2227,37.1546],[138.2228,37.1547],[138.2228,37.1548],[138.2228,37.1548],[138.2228,37.1549],[138.2225,37.1551],[138.2226,37.1556],[138.2228,37.1556],[138.2229,37.1555],[138.2233,37.1554],[138.2234,37.1554],[138.2235,37.1556],[138.2235,37.1556],[138.2237,37.1555],[138.2239,37.1555],[138.224,37.1559],[138.2238,37.1559],[138.2237,37.1563],[138.2236,37.1564],[138.2235,37.1569],[138.2237,37.1571],[138.2237,37.1571],[138.2237,37.1572],[138.2237,37.1572],[138.2237,37.1573],[138.2238,37.1575],[138.2238,37.1577],[138.2238,37.1578],[138.2237,37.1579],[138.2236,37.1579],[138.2234,37.158],[138.2234,37.158],[138.2233,37.158],[138.2233,37.158],[138.2233,37.1579],[138.2233,37.1579],[138.2224,37.1587],[138.2225,37.1588],[138.2225,37.1588],[138.2226,37.1589],[138.2227,37.1591],[138.2228,37.1592],[138.2228,37.1592],[138.2227,37.1592],[138.2225,37.1592],[138.2223,37.1592],[138.2221,37.1592],[138.2217,37.159],[138.2216,37.159],[138.2212,37.1586],[138.2209,37.1582],[138.2209,37.1581],[138.2207,37.1572],[138.2207,37.1572],[138.2207,37.1571],[138.2207,37.1571],[138.2207,37.1569],[138.2207,37.1569],[138.2208,37.1568],[138.2207,37.1568],[138.2206,37.1563],[138.2206,37.156],[138.2206,37.1559],[138.2203,37.1556],[138.22,37.1552],[138.2197,37.155],[138.2194,37.1546],[138.2192,37.1544],[138.2195,37.1543],[138.2197,37.1542],[138.2197,37.1541],[138.2198,37.154],[138.2197,37.1539],[138.2195,37.1535],[138.2193,37.1536],[138.2192,37.1535],[138.2191,37.1535],[138.219,37.1534],[138.219,37.1533],[138.2189,37.1533],[138.2187,37.1532],[138.2186,37.1532],[138.2182,37.1532],[138.2181,37.1532],[138.218,37.1532],[138.2179,37.1532],[138.2178,37.1531],[138.2177,37.1529],[138.218,37.1528],[138.218,37.1528],[138.2184,37.1526],[138.2185,37.1525],[138.2186,37.1525],[138.2186,37.1526],[138.2188,37.1526],[138.2187,37.1525],[138.2187,37.1524],[138.2187,37.1523],[138.2187,37.1521],[138.2187,37.1518],[138.2187,37.1517],[138.2186,37.1516],[138.2186,37.1516],[138.2185,37.1515],[138.2185,37.1515],[138.2184,37.1514],[138.2183,37.1514],[138.2182,37.1513],[138.2182,37.1512],[138.218,37.1513],[138.2179,37.1514],[138.2177,37.1517],[138.2172,37.1517],[138.2171,37.1514],[138.2165,37.1514],[138.2158,37.1521],[138.2157,37.1522],[138.2156,37.1524],[138.2156,37.1525],[138.2155,37.1525],[138.2155,37.1525],[138.2154,37.1525],[138.2154,37.1525],[138.2154,37.1525],[138.2153,37.1525],[138.2153,37.1525],[138.2153,37.1523],[138.2152,37.1523],[138.2152,37.1523],[138.215,37.1522],[138.2149,37.1522],[138.2147,37.1523],[138.2146,37.1523],[138.2144,37.1524],[138.2142,37.1524],[138.2144,37.1533],[138.2143,37.1533],[138.2142,37.1534],[138.2143,37.1537],[138.2143,37.1539],[138.2143,37.154],[138.2144,37.1541],[138.2145,37.1541],[138.2146,37.1542],[138.2147,37.1543],[138.2149,37.1545],[138.2151,37.1545],[138.2154,37.1546],[138.2154,37.1545],[138.2155,37.1544],[138.2156,37.1544],[138.2157,37.1544],[138.2158,37.1544],[138.216,37.1547],[138.2163,37.1549],[138.2164,37.155],[138.217,37.1552],[138.2171,37.1552],[138.2171,37.1553],[138.2171,37.1554],[138.217,37.1554],[138.2168,37.1554],[138.2167,37.1554],[138.2166,37.1554],[138.2165,37.1555],[138.2163,37.1558],[138.2163,37.1559],[138.2163,37.156],[138.2163,37.1561],[138.2164,37.1562],[138.2166,37.1563],[138.2168,37.1563],[138.2166,37.1565],[138.217,37.157],[138.2169,37.157],[138.217,37.1571],[138.217,37.1573],[138.2174,37.1577],[138.2172,37.1578],[138.217,37.1579],[138.2168,37.1578],[138.2161,37.1576],[138.2157,37.1575],[138.2155,37.1575],[138.2153,37.1575],[138.2146,37.1573],[138.2141,37.1572],[138.2149,37.1587],[138.2152,37.1587],[138.216,37.1587],[138.216,37.1587],[138.2173,37.1588],[138.218,37.1588],[138.219,37.1589],[138.219,37.1595],[138.2196,37.1596],[138.2201,37.1596],[138.2204,37.1597],[138.221,37.1598],[138.2212,37.1599],[138.2219,37.1601],[138.2221,37.1602],[138.223,37.1605],[138.2234,37.1607],[138.2239,37.161],[138.224,37.161],[138.2241,37.161],[138.224,37.1611],[138.2234,37.1609],[138.2234,37.1618],[138.2234,37.1621],[138.2233,37.1621],[138.2232,37.1621],[138.2232,37.1624],[138.2229,37.163],[138.2227,37.1632],[138.2227,37.1633],[138.2226,37.1635],[138.2228,37.1636],[138.2228,37.1635],[138.2234,37.1635],[138.2234,37.1634],[138.2234,37.1633],[138.2235,37.1624],[138.2236,37.1624],[138.2237,37.1623],[138.2238,37.1623],[138.2245,37.1626],[138.2246,37.1627],[138.2247,37.1627],[138.2249,37.1626],[138.2252,37.1626],[138.2254,37.1626],[138.2256,37.1627],[138.226,37.1628],[138.2261,37.1628],[138.2262,37.1628],[138.2269,37.1627],[138.2271,37.1635],[138.2261,37.1637],[138.2261,37.1643],[138.2262,37.1644],[138.2263,37.1645],[138.2263,37.1647],[138.2263,37.1647],[138.2263,37.1647],[138.2262,37.165],[138.2258,37.1652],[138.2257,37.1654],[138.2256,37.1658],[138.2252,37.1657],[138.2251,37.1657],[138.225,37.1658],[138.2249,37.1658],[138.2247,37.1657],[138.2246,37.1657],[138.2242,37.1657],[138.2243,37.166],[138.2239,37.166],[138.2239,37.1665],[138.2245,37.1666],[138.2245,37.1668],[138.2244,37.1669],[138.2243,37.167],[138.2241,37.1672],[138.2237,37.167],[138.2233,37.1673],[138.2232,37.1676],[138.2231,37.1678],[138.2215,37.1677],[138.2207,37.1677],[138.2207,37.1678],[138.221,37.1679],[138.2215,37.168],[138.2229,37.1685],[138.2229,37.1685],[138.2224,37.1694],[138.2223,37.1695],[138.2225,37.1699],[138.2226,37.1698],[138.2228,37.1697],[138.223,37.1696],[138.2232,37.1694],[138.2237,37.1688],[138.224,37.1684],[138.2244,37.168],[138.2244,37.1679],[138.2245,37.1675],[138.2248,37.1673],[138.2251,37.167],[138.2252,37.167],[138.2253,37.1671],[138.2254,37.1672],[138.2254,37.1673],[138.2256,37.1676],[138.2256,37.1678],[138.2256,37.1683],[138.2256,37.1683],[138.2256,37.1684],[138.2259,37.1684],[138.2263,37.1683],[138.2269,37.1683],[138.2269,37.1684],[138.2268,37.1691],[138.2263,37.1692],[138.2262,37.1693],[138.226,37.1693],[138.2253,37.1692],[138.2253,37.1694],[138.2255,37.1701],[138.2258,37.1701],[138.2261,37.1702],[138.2263,37.1702],[138.2266,37.1702],[138.227,37.1702],[138.2269,37.1695],[138.2281,37.1697],[138.2282,37.1697],[138.2282,37.1698],[138.2282,37.1699],[138.2283,37.17],[138.2285,37.1704],[138.2283,37.1705],[138.2281,37.1706],[138.2278,37.1708],[138.2278,37.171],[138.2278,37.1711],[138.2277,37.1711],[138.2278,37.1728],[138.2281,37.1729],[138.2283,37.173],[138.2284,37.173],[138.2287,37.1732],[138.2287,37.1732],[138.2288,37.1732],[138.2288,37.1733],[138.2288,37.1733],[138.2288,37.1733],[138.2288,37.1734],[138.2288,37.1734],[138.2289,37.1734],[138.229,37.1735],[138.229,37.1735],[138.229,37.1734],[138.2291,37.1734],[138.2291,37.1734],[138.2291,37.1734],[138.2291,37.1734],[138.2292,37.1734],[138.2292,37.1734],[138.2297,37.1736],[138.2297,37.1735],[138.2298,37.1736],[138.2299,37.1736],[138.23,37.1736],[138.23,37.1736],[138.2301,37.1736],[138.2301,37.1736],[138.2302,37.1736],[138.2302,37.1737],[138.2303,37.1737],[138.2303,37.1737],[138.2304,37.1738],[138.2305,37.1738],[138.2308,37.1739],[138.231,37.174],[138.231,37.174],[138.2311,37.174],[138.2311,37.174],[138.2312,37.174],[138.2312,37.174],[138.2313,37.174],[138.2313,37.174],[138.2314,37.174],[138.2315,37.1741],[138.2316,37.1741],[138.2317,37.1742],[138.2318,37.1743],[138.2319,37.1744],[138.2319,37.1745],[138.2319,37.1745],[138.2321,37.1746],[138.2322,37.1746],[138.2323,37.1746],[138.2323,37.1746],[138.2324,37.1746],[138.2325,37.1746],[138.2325,37.1746],[138.2326,37.1746],[138.2326,37.1746],[138.2326,37.1746],[138.2327,37.1746],[138.2327,37.1747],[138.2327,37.1747],[138.2327,37.1747],[138.2327,37.1748],[138.2327,37.1748],[138.2327,37.1748],[138.2327,37.1748],[138.2328,37.1749],[138.2329,37.1749],[138.2329,37.1749],[138.2329,37.1749],[138.233,37.1749],[138.2331,37.175],[138.2331,37.175],[138.2331,37.175],[138.2332,37.175],[138.2332,37.175],[138.2333,37.175],[138.2333,37.175],[138.2333,37.175],[138.2333,37.175],[138.2333,37.175],[138.2333,37.175],[138.2333,37.175],[138.2334,37.175],[138.2334,37.175],[138.2334,37.175],[138.2334,37.175],[138.2335,37.175],[138.2335,37.175],[138.2335,37.175],[138.2335,37.1751],[138.2336,37.1751],[138.2336,37.1752],[138.2336,37.1752],[138.2337,37.1752],[138.2337,37.1753],[138.2337,37.1753],[138.2337,37.1753],[138.2338,37.1753],[138.2338,37.1753],[138.2338,37.1753],[138.2339,37.1753],[138.2339,37.1753],[138.234,37.1753],[138.234,37.1753],[138.234,37.1754],[138.2341,37.1754],[138.2342,37.1755],[138.2343,37.1756],[138.2342,37.1757],[138.2343,37.1757],[138.2343,37.1756],[138.2345,37.1754],[138.235,37.1756],[138.2353,37.1758],[138.2373,37.1768],[138.2389,37.1777],[138.2391,37.1778],[138.2404,37.1784],[138.2405,37.1784],[138.2414,37.179],[138.2417,37.1791],[138.2418,37.1792],[138.2421,37.1793],[138.2428,37.1798],[138.2431,37.18],[138.2441,37.1805],[138.2447,37.1808],[138.2451,37.181],[138.2458,37.1814],[138.2461,37.1811],[138.2462,37.1809],[138.2465,37.1805],[138.2466,37.1803],[138.2467,37.18],[138.2467,37.1799],[138.2468,37.1796],[138.2469,37.179],[138.2469,37.1789],[138.247,37.1786],[138.247,37.1783],[138.2471,37.1776],[138.2471,37.1772],[138.2471,37.1769],[138.2472,37.176],[138.2473,37.1742],[138.2484,37.1743],[138.2493,37.1743],[138.2498,37.1744],[138.2498,37.1745],[138.2498,37.1745],[138.2498,37.1748],[138.2497,37.1752],[138.2497,37.1756],[138.2497,37.1758],[138.2496,37.1763],[138.2496,37.177],[138.2495,37.1775],[138.2495,37.1777],[138.2495,37.1778],[138.2495,37.1778],[138.2495,37.1779],[138.2494,37.1781],[138.2494,37.1784],[138.2494,37.1786],[138.2495,37.1786],[138.2495,37.1787],[138.2496,37.1787],[138.2497,37.1786],[138.2499,37.1786],[138.25,37.1786],[138.2502,37.1785],[138.2503,37.1785],[138.2505,37.1785],[138.2507,37.1784],[138.2509,37.1784],[138.2509,37.1787],[138.2509,37.1789],[138.2506,37.179],[138.2502,37.1791],[138.25,37.1791],[138.2498,37.1791],[138.2497,37.1792],[138.2496,37.1793],[138.2495,37.1794],[138.2495,37.1797],[138.2494,37.1801],[138.2494,37.1802],[138.2493,37.1802],[138.2493,37.1804],[138.2493,37.1806],[138.2492,37.1808],[138.2491,37.181],[138.249,37.1813],[138.2489,37.1815],[138.2486,37.1819],[138.2486,37.1819],[138.2483,37.1823],[138.2479,37.1827],[138.2477,37.1829],[138.2477,37.1829],[138.2476,37.1831],[138.2476,37.1831],[138.2474,37.1833],[138.2473,37.1835],[138.2472,37.1836],[138.247,37.1838],[138.2469,37.184],[138.2469,37.1841],[138.2467,37.1843],[138.2466,37.1844],[138.2465,37.1846],[138.2465,37.1846],[138.2464,37.1848],[138.2464,37.185],[138.2464,37.185],[138.2463,37.1851],[138.2463,37.1854],[138.2463,37.1854],[138.2463,37.1855],[138.2463,37.1855],[138.2463,37.1856],[138.2462,37.1856],[138.2462,37.1859],[138.2462,37.1861],[138.2462,37.1862],[138.2462,37.1862],[138.2463,37.1863],[138.2463,37.1864],[138.2463,37.1865],[138.2463,37.1865],[138.2463,37.1865],[138.2464,37.1865],[138.2464,37.1866],[138.2465,37.1869],[138.2465,37.1871],[138.2466,37.1872],[138.2466,37.1873],[138.2466,37.1873],[138.2467,37.1874],[138.2467,37.1875],[138.2467,37.1876],[138.2467,37.1877],[138.2469,37.1881],[138.2471,37.1887],[138.2473,37.1894],[138.2475,37.1898],[138.2474,37.1898],[138.2481,37.1917],[138.2481,37.1917],[138.2481,37.1917],[138.2482,37.192],[138.2499,37.1966],[138.2499,37.1966],[138.25,37.1968],[138.25,37.1969],[138.2501,37.1972],[138.2501,37.1972],[138.2502,37.1973],[138.2502,37.1973],[138.2504,37.1978],[138.2511,37.1999],[138.2511,37.2],[138.2511,37.2],[138.2521,37.2025],[138.2522,37.2029],[138.2528,37.2045],[138.2529,37.2049],[138.253,37.2051],[138.253,37.2051],[138.2537,37.2057],[138.254,37.206],[138.2544,37.2063],[138.2549,37.2068],[138.2552,37.207],[138.2556,37.2074],[138.2559,37.2076],[138.2561,37.2078],[138.2564,37.2081],[138.2566,37.2083],[138.2568,37.2082],[138.2564,37.2078],[138.256,37.2075],[138.2555,37.207],[138.2551,37.2066],[138.2547,37.2063],[138.2544,37.206],[138.2539,37.2055],[138.2533,37.205],[138.2532,37.205],[138.2532,37.2048],[138.2524,37.2029],[138.2522,37.2024],[138.2521,37.202],[138.2521,37.202],[138.2513,37.2],[138.2513,37.2],[138.2513,37.1999],[138.2505,37.1978],[138.2503,37.1972],[138.2503,37.1972],[138.2503,37.1971],[138.2503,37.1971],[138.2501,37.1965],[138.2501,37.1965],[138.25,37.1965],[138.25,37.1964],[138.25,37.1964],[138.2498,37.1957],[138.2496,37.1953],[138.2488,37.1931],[138.2484,37.192],[138.2483,37.1917],[138.2483,37.1917],[138.2476,37.1898],[138.2476,37.1898],[138.2474,37.1894],[138.2469,37.1878],[138.2468,37.1878],[138.2467,37.1875],[138.2467,37.1874],[138.2467,37.1874],[138.2467,37.1873],[138.2467,37.1873],[138.2467,37.1872],[138.2467,37.1872],[138.2466,37.1871],[138.2466,37.1871],[138.2465,37.1869],[138.2465,37.1867],[138.2464,37.1865],[138.2464,37.1863],[138.2464,37.1863],[138.2464,37.1862],[138.2463,37.1862],[138.2463,37.1862],[138.2463,37.1861],[138.2463,37.1861],[138.2463,37.186],[138.2463,37.186],[138.2464,37.1855],[138.2464,37.1852],[138.2469,37.1853],[138.2472,37.1853],[138.2473,37.1853],[138.2479,37.1845],[138.2483,37.184],[138.2487,37.1835],[138.2488,37.1833],[138.2488,37.1833],[138.249,37.183],[138.2494,37.1825],[138.2494,37.1825],[138.2497,37.1826],[138.2498,37.1827],[138.2499,37.1827],[138.25,37.1828],[138.25,37.1828],[138.2507,37.1831],[138.2513,37.1833],[138.2514,37.1833],[138.2514,37.1833],[138.2516,37.1835],[138.2516,37.1835],[138.2516,37.1835],[138.2515,37.1836],[138.2515,37.1836],[138.2514,37.1838],[138.2519,37.184],[138.2522,37.1836],[138.2523,37.1834],[138.2524,37.1833],[138.2524,37.1833],[138.2524,37.1832],[138.2524,37.1832],[138.2524,37.1832],[138.2524,37.1832],[138.2526,37.1833],[138.2528,37.1833],[138.2528,37.1833],[138.253,37.1834],[138.2532,37.1835],[138.2539,37.1839],[138.2544,37.1842],[138.255,37.1845],[138.2551,37.1844],[138.2553,37.1845],[138.2552,37.1845],[138.2551,37.1846],[138.2551,37.1847],[138.2548,37.1846],[138.2547,37.1846],[138.2546,37.1847],[138.2547,37.1848],[138.2549,37.1849],[138.255,37.1849],[138.2548,37.1851],[138.2548,37.1851],[138.2548,37.1851],[138.2548,37.1851],[138.2548,37.1851],[138.2548,37.1851],[138.2549,37.1852],[138.2549,37.1852],[138.2549,37.1852],[138.2549,37.1852],[138.2548,37.1853],[138.2548,37.1853],[138.2548,37.1853],[138.2548,37.1853],[138.2547,37.1854],[138.2547,37.1855],[138.2546,37.1856],[138.2546,37.1856],[138.2546,37.1856],[138.2534,37.1849],[138.2533,37.1849],[138.2528,37.1847],[138.2528,37.1847],[138.2524,37.1851],[138.2522,37.1853],[138.252,37.1855],[138.2513,37.1861],[138.251,37.1864],[138.2506,37.1868],[138.2505,37.1868],[138.25,37.1873],[138.25,37.1873],[138.25,37.1873],[138.2496,37.1877],[138.2496,37.1877],[138.2497,37.1878],[138.2497,37.1878],[138.2498,37.1879],[138.2498,37.1879],[138.2498,37.1879],[138.2497,37.1879],[138.2497,37.188],[138.2498,37.1879],[138.2499,37.1879],[138.25,37.1881],[138.25,37.1881],[138.25,37.1881],[138.25,37.1881],[138.2504,37.1887],[138.251,37.1894],[138.2521,37.1909],[138.2521,37.1909],[138.2522,37.1909],[138.2538,37.1894],[138.2545,37.1888],[138.2559,37.1875],[138.2564,37.1878],[138.2564,37.1878],[138.2564,37.1878],[138.2569,37.1881],[138.2569,37.1881],[138.258,37.1887],[138.2581,37.1888],[138.2581,37.1888],[138.2581,37.1888],[138.2582,37.1888],[138.258,37.189],[138.2579,37.1891],[138.2578,37.1891],[138.2575,37.1894],[138.2574,37.1895],[138.2559,37.1908],[138.255,37.1917],[138.2549,37.1918],[138.2563,37.1926],[138.2572,37.1931],[138.2572,37.1931],[138.257,37.1934],[138.2583,37.1941],[138.2583,37.1941],[138.2592,37.1946],[138.2607,37.1955],[138.2626,37.1965],[138.2643,37.1974],[138.2649,37.1977],[138.2649,37.1978],[138.265,37.1985],[138.2651,37.1985],[138.2649,37.1978],[138.2649,37.1978],[138.2653,37.1974],[138.2658,37.1967],[138.2666,37.1959],[138.2667,37.1958],[138.2667,37.1958],[138.267,37.1954],[138.2674,37.1949],[138.267,37.1947],[138.2668,37.1946],[138.2667,37.1945],[138.2667,37.1945],[138.2647,37.1934],[138.2647,37.1934],[138.2648,37.1933],[138.2638,37.1928],[138.2639,37.1927],[138.2638,37.1926],[138.2642,37.1922],[138.2643,37.1923],[138.2644,37.1922],[138.2644,37.1922],[138.2648,37.1924],[138.2652,37.1926],[138.2656,37.1928],[138.2659,37.193],[138.2665,37.1933],[138.2667,37.1934],[138.2667,37.1934],[138.2669,37.1935],[138.2669,37.1936],[138.2678,37.194],[138.2685,37.1932],[138.2685,37.1932],[138.2683,37.193],[138.2683,37.1929],[138.2683,37.1925],[138.2684,37.1926],[138.2686,37.1926],[138.2694,37.1928],[138.2714,37.1932],[138.2715,37.1928],[138.2716,37.1925],[138.2721,37.1921],[138.2724,37.1919],[138.2723,37.1917],[138.2722,37.1915],[138.2724,37.1882],[138.2722,37.1881],[138.2721,37.1879],[138.2721,37.1876],[138.2717,37.1874],[138.2717,37.1873],[138.2707,37.1867],[138.2705,37.1865],[138.2701,37.186],[138.2689,37.1846],[138.2682,37.1835],[138.2679,37.1837],[138.2678,37.1838],[138.2666,37.184],[138.2661,37.1839],[138.2653,37.184],[138.2652,37.1841],[138.2652,37.1842],[138.2663,37.186],[138.2667,37.1867],[138.2672,37.187],[138.2678,37.1876],[138.2681,37.188],[138.2681,37.1881],[138.2668,37.1878],[138.2661,37.1878],[138.2634,37.1874],[138.2628,37.1868],[138.2627,37.1868],[138.2627,37.1876],[138.2627,37.1878],[138.2626,37.1882],[138.2627,37.1882],[138.2624,37.189],[138.2615,37.1887],[138.2611,37.1886],[138.2604,37.1884],[138.2589,37.1879],[138.2591,37.1872],[138.2592,37.1872],[138.2592,37.1871],[138.2592,37.1871],[138.2593,37.1866],[138.2595,37.1866],[138.2596,37.1866],[138.2598,37.1866],[138.2601,37.1865],[138.2602,37.1864],[138.2604,37.1864],[138.2604,37.1864],[138.2609,37.1864],[138.2609,37.1864],[138.2611,37.1861],[138.261,37.1855],[138.2612,37.1855],[138.2614,37.1857],[138.2616,37.1859],[138.2618,37.186],[138.2619,37.1861],[138.262,37.1864],[138.2621,37.1865],[138.2621,37.1865],[138.2622,37.1865],[138.2622,37.1865],[138.2622,37.1865],[138.2622,37.1836],[138.2622,37.1821],[138.2622,37.1806],[138.2622,37.1801],[138.2622,37.1799],[138.2621,37.1798],[138.2621,37.1797],[138.2617,37.1797],[138.2612,37.1798],[138.2608,37.1799],[138.2605,37.1799],[138.2598,37.1799],[138.2598,37.1793],[138.2596,37.1793],[138.2595,37.1793],[138.2584,37.1791],[138.2578,37.179],[138.2562,37.1789],[138.2553,37.1789],[138.2551,37.1789],[138.2545,37.1788],[138.2544,37.1788],[138.253,37.1789],[138.2529,37.1789],[138.2526,37.1789],[138.251,37.1789],[138.251,37.1787],[138.2511,37.1784],[138.2511,37.1783],[138.2529,37.1783],[138.254,37.1783],[138.2547,37.1783],[138.2553,37.1783],[138.2565,37.1784],[138.2582,37.1785],[138.2597,37.1787],[138.2608,37.1788],[138.2623,37.1791],[138.2644,37.1794],[138.2647,37.1798],[138.2647,37.1798],[138.2648,37.1798],[138.2661,37.1798],[138.2665,37.1798],[138.2668,37.1798],[138.268,37.1799],[138.2681,37.1799],[138.2684,37.18],[138.2685,37.18],[138.2694,37.1799],[138.2694,37.1799],[138.269,37.1791],[138.2688,37.1788],[138.2693,37.1787],[138.2699,37.1787],[138.27,37.1799],[138.2709,37.1798],[138.272,37.1797],[138.2723,37.1797],[138.2729,37.1797],[138.2731,37.1797],[138.2732,37.1797],[138.2733,37.1796],[138.2735,37.1795],[138.2739,37.1794],[138.2743,37.1791],[138.2752,37.1786],[138.2753,37.1786],[138.2759,37.1784],[138.2761,37.1783],[138.2754,37.1759],[138.2742,37.1761],[138.2732,37.1766],[138.2732,37.1766],[138.273,37.1767],[138.2722,37.1768],[138.2724,37.1761],[138.2731,37.1754],[138.274,37.1751],[138.2754,37.1747],[138.2759,37.1745],[138.2768,37.1745],[138.2772,37.1745],[138.2787,37.1746],[138.2789,37.175],[138.279,37.1752],[138.2791,37.1753],[138.2791,37.1756],[138.2791,37.1758],[138.2791,37.1761],[138.2789,37.1766],[138.2787,37.1769],[138.2784,37.1773],[138.2782,37.1775],[138.2782,37.1776],[138.2783,37.1777],[138.2785,37.178],[138.2796,37.1779],[138.2797,37.1779],[138.2806,37.1779],[138.2816,37.1779],[138.2818,37.1779],[138.2824,37.1778],[138.2826,37.1779],[138.2827,37.1779],[138.2832,37.1779],[138.2838,37.1781],[138.284,37.1781],[138.2846,37.1782],[138.285,37.1783],[138.2852,37.1783],[138.2855,37.1784],[138.2869,37.1786],[138.2871,37.1786],[138.2873,37.1785],[138.2884,37.1783],[138.2887,37.1772],[138.2887,37.1771],[138.2888,37.1762],[138.2887,37.1757],[138.2887,37.1752],[138.2888,37.1748],[138.2884,37.174],[138.2885,37.1739],[138.2877,37.1738],[138.2878,37.1716],[138.2877,37.1716],[138.2871,37.1717],[138.2871,37.1712],[138.2876,37.1712],[138.2875,37.1709],[138.2878,37.1709],[138.2878,37.1702],[138.2877,37.1702],[138.2857,37.1703],[138.2831,37.1705],[138.2831,37.1705],[138.281,37.1707],[138.281,37.1709],[138.2813,37.1709],[138.2814,37.172],[138.2795,37.1722],[138.2781,37.1723],[138.2779,37.1723],[138.2763,37.1724],[138.2754,37.1724],[138.273,37.1725],[138.2675,37.1728],[138.2675,37.1721],[138.2673,37.1721],[138.2673,37.1721],[138.2673,37.1714],[138.266,37.1714],[138.266,37.1711],[138.2659,37.1706],[138.2656,37.17],[138.2642,37.1701],[138.2641,37.1694],[138.2641,37.1694],[138.2641,37.1687],[138.2641,37.1684],[138.264,37.1673],[138.264,37.167],[138.264,37.1664],[138.2639,37.1661],[138.2639,37.1657],[138.2639,37.1654],[138.2639,37.1651],[138.2638,37.1649],[138.2631,37.165],[138.263,37.1651],[138.2629,37.1654],[138.2628,37.1657],[138.2632,37.1657],[138.2633,37.1657],[138.2633,37.1661],[138.2631,37.1661],[138.2627,37.166],[138.2626,37.1664],[138.2623,37.1674],[138.2623,37.1675],[138.262,37.1674],[138.2619,37.1673],[138.2617,37.1678],[138.2614,37.1685],[138.2612,37.1692],[138.2608,37.1691],[138.2609,37.1685],[138.261,37.1679],[138.2611,37.1672],[138.2607,37.1672],[138.2604,37.1672],[138.2601,37.1673],[138.2598,37.1675],[138.2595,37.1677],[138.2593,37.1677],[138.2593,37.1676],[138.2588,37.1676],[138.2589,37.1675],[138.2589,37.1672],[138.2578,37.1671],[138.2563,37.1669],[138.2564,37.1656],[138.2565,37.1652],[138.2554,37.1649],[138.2548,37.1647],[138.2539,37.1644],[138.2531,37.1642],[138.2523,37.1639],[138.2525,37.1635],[138.2527,37.1628],[138.2532,37.1615],[138.2533,37.1607],[138.2531,37.1606],[138.253,37.1606],[138.252,37.1602],[138.2524,37.1592],[138.253,37.1583],[138.2512,37.1577],[138.2488,37.1569],[138.2486,37.1572],[138.2485,37.1577],[138.2483,37.1582],[138.2483,37.1582],[138.2486,37.1583],[138.249,37.1584],[138.2492,37.158],[138.2494,37.1576],[138.2498,37.1578],[138.2498,37.1578],[138.2494,37.1586],[138.2496,37.1586],[138.2499,37.1584],[138.2501,37.1587],[138.2501,37.1592],[138.2501,37.1594],[138.25,37.1596],[138.2498,37.1602],[138.2501,37.1606],[138.25,37.1608],[138.2496,37.1609],[138.2495,37.1611],[138.2508,37.1615],[138.2505,37.1619],[138.25,37.1617],[138.2499,37.1619],[138.2499,37.162],[138.2502,37.1622],[138.2495,37.1629],[138.2515,37.1636],[138.2513,37.164],[138.2512,37.1641],[138.2507,37.1644],[138.2502,37.1647],[138.2502,37.1655],[138.2502,37.1659],[138.2499,37.1658],[138.25,37.1659],[138.2502,37.1663],[138.2505,37.1666],[138.2507,37.1669],[138.2508,37.167],[138.2511,37.1671],[138.2503,37.1673],[138.2499,37.1676],[138.2498,37.1674],[138.2473,37.1663],[138.247,37.1662],[138.2466,37.166],[138.2465,37.1659],[138.246,37.1656],[138.2459,37.1655],[138.2455,37.1649],[138.2453,37.1645],[138.244,37.1643],[138.244,37.1639],[138.244,37.1639],[138.244,37.1639],[138.2433,37.1627],[138.2439,37.1624],[138.2442,37.1625],[138.2441,37.162],[138.2441,37.162],[138.2426,37.1619],[138.2427,37.1624],[138.2427,37.1628],[138.2428,37.1632],[138.2432,37.1641],[138.2427,37.1641],[138.2425,37.1642],[138.2416,37.1628],[138.241,37.1618],[138.24,37.1617],[138.2394,37.1616],[138.2395,37.1615],[138.2396,37.1615],[138.2406,37.1611],[138.2405,37.1609],[138.2398,37.1598],[138.2397,37.1596],[138.2393,37.1589],[138.2406,37.1588],[138.2415,37.1587],[138.2418,37.1587],[138.2418,37.1587],[138.2418,37.1587],[138.2418,37.1584],[138.2418,37.1583],[138.2418,37.158],[138.2418,37.158],[138.2417,37.1577],[138.2417,37.1575],[138.2416,37.1574],[138.2398,37.1573],[138.2398,37.1573],[138.2398,37.1571],[138.2398,37.1568],[138.2398,37.1566],[138.2398,37.1566],[138.2404,37.1565],[138.2406,37.1565],[138.2415,37.1565],[138.2415,37.1562],[138.2415,37.1561],[138.2414,37.1556],[138.2412,37.1551],[138.2403,37.1553],[138.2402,37.1548],[138.2401,37.1548],[138.2401,37.1546],[138.24,37.1541],[138.2399,37.1541],[138.2387,37.154],[138.2383,37.1539],[138.2383,37.1539],[138.2374,37.1538],[138.2369,37.1531],[138.2377,37.1532],[138.2384,37.1532],[138.2386,37.1524]]]},"properties":{"name":"上越市","pop":2}},{"type":"Feature","geometry":{"type":"Polygon","coordinates":[[[139.2351,37.8355],[139.2372,37.8354],[139.237,37.8357],[139.2374,37.8357],[139.2384,37.8354],[139.2388,37.8353],[139.2394,37.8352],[139.2399,37.835],[139.2397,37.835],[139.2395,37.835],[139.2391,37.8349],[139.238,37.8348],[139.238,37.8347],[139.2377,37.8347],[139.2375,37.8347],[139.2351,37.8348],[139.2351,37.8355]]]},"properties":{"name":"阿賀野市","pop":1}},{"type":"Feature","geometry":{"type":"Polygon","coordinates":[[[139.2351,37.8355],[139.2328,37.8355],[139.2328,37.8362],[139.2317,37.8362],[139.2312,37.8362],[139.2306,37.8362],[139.2306,37.8354],[139.2306,37.8354],[139.2306,37.8351],[139.2308,37.8351],[139.2308,37.8348],[139.2311,37.8348],[139.2328,37.8348],[139.2328,37.8341],[139.2327,37.8338],[139.2327,37.8335],[139.2328,37.8335],[139.2327,37.8327],[139.2327,37.832],[139.2327,37.8307],[139.2326,37.8306],[139.2324,37.8301],[139.2323,37.8293],[139.2323,37.8289],[139.2323,37.8278],[139.2322,37.8267],[139.2313,37.8267],[139.2304,37.8267],[139.2305,37.8279],[139.23,37.8279],[139.2296,37.8279],[139.2296,37.8278],[139.2295,37.8276],[139.2295,37.8271],[139.2296,37.8269],[139.2297,37.8267],[139.2269,37.8268],[139.2251,37.8269],[139.224,37.8269],[139.2234,37.8269],[139.2216,37.827],[139.2208,37.827],[139.2198,37.827],[139.2199,37.8271],[139.22,37.8273],[139.2201,37.8275],[139.2202,37.8278],[139.2204,37.828],[139.2206,37.8281],[139.2213,37.8281],[139.2216,37.8281],[139.2217,37.8285],[139.2217,37.829],[139.2217,37.8291],[139.2218,37.8292],[139.222,37.8294],[139.2222,37.8294],[139.2226,37.8296],[139.2224,37.8298],[139.2221,37.8301],[139.222,37.8302],[139.2213,37.8299],[139.2207,37.8295],[139.2201,37.8291],[139.2198,37.8289],[139.2195,37.8291],[139.2194,37.8291],[139.2194,37.829],[139.219,37.8288],[139.2189,37.8287],[139.2186,37.8285],[139.2184,37.8284],[139.2176,37.8281],[139.2176,37.828],[139.2174,37.828],[139.2172,37.828],[139.2166,37.8285],[139.2165,37.8286],[139.2165,37.8287],[139.2155,37.8279],[139.2155,37.828],[139.215,37.8284],[139.2148,37.8285],[139.2145,37.8288],[139.2142,37.8291],[139.2139,37.8293],[139.2136,37.8296],[139.2133,37.8298],[139.2132,37.83],[139.2133,37.8301],[139.2141,37.8307],[139.2145,37.831],[139.2142,37.8312],[139.2147,37.8316],[139.2148,37.8315],[139.2153,37.8319],[139.2149,37.8322],[139.2144,37.8319],[139.2139,37.8314],[139.2135,37.8311],[139.2125,37.8319],[139.213,37.8323],[139.2123,37.8328],[139.2125,37.8329],[139.2126,37.833],[139.2128,37.8332],[139.2131,37.8334],[139.2137,37.8339],[139.2142,37.8342],[139.2142,37.8343],[139.2142,37.8343],[139.2141,37.8344],[139.2152,37.8351],[139.2153,37.8352],[139.2149,37.8355],[139.2149,37.8354],[139.2148,37.8353],[139.2148,37.8352],[139.2139,37.8345],[139.2134,37.8342],[139.2132,37.8342],[139.2131,37.8343],[139.212,37.8358],[139.2137,37.8366],[139.2141,37.8367],[139.2141,37.8368],[139.2139,37.837],[139.2139,37.8371],[139.214,37.8373],[139.2142,37.8384],[139.2143,37.8388],[139.2143,37.8389],[139.214,37.839],[139.2142,37.8395],[139.2143,37.8398],[139.215,37.8404],[139.2152,37.8404],[139.2151,37.8409],[139.2159,37.8409],[139.2161,37.8409],[139.2177,37.841],[139.2177,37.8414],[139.2181,37.8413],[139.2181,37.8414],[139.2184,37.8414],[139.2185,37.8419],[139.2185,37.8421],[139.2182,37.8423],[139.2181,37.8427],[139.2185,37.8427],[139.2192,37.8422],[139.2206,37.8414],[139.2208,37.8414],[139.221,37.8414],[139.2209,37.8409],[139.2209,37.8397],[139.2213,37.8397],[139.2223,37.8397],[139.2223,37.8399],[139.2223,37.8405],[139.2228,37.8408],[139.2232,37.8411],[139.2234,37.8413],[139.2235,37.8413],[139.2255,37.8412],[139.2257,37.8412],[139.2263,37.8412],[139.2264,37.8411],[139.2265,37.8411],[139.2266,37.8411],[139.2269,37.8409],[139.227,37.8409],[139.2271,37.8411],[139.2273,37.8414],[139.2273,37.8416],[139.2273,37.8419],[139.2264,37.842],[139.2264,37.8419],[139.2264,37.8416],[139.2256,37.8416],[139.2256,37.8419],[139.2256,37.8429],[139.2257,37.843],[139.2274,37.8429],[139.2274,37.8435],[139.2277,37.8438],[139.2284,37.8443],[139.2289,37.8447],[139.2293,37.8449],[139.2295,37.845],[139.2302,37.845],[139.2302,37.8457],[139.2302,37.846],[139.23,37.8463],[139.2303,37.8466],[139.2305,37.8468],[139.2313,37.8463],[139.232,37.8459],[139.2319,37.8449],[139.2319,37.8449],[139.2319,37.8439],[139.2331,37.8439],[139.2331,37.8449],[139.2335,37.8449],[139.2338,37.8437],[139.2331,37.8428],[139.2336,37.8431],[139.2351,37.8438],[139.2359,37.8442],[139.2366,37.8433],[139.2371,37.8427],[139.2364,37.8423],[139.2349,37.8415],[139.2362,37.8398],[139.2363,37.8398],[139.2358,37.8396],[139.2355,37.8395],[139.2353,37.8394],[139.2351,37.8392],[139.2353,37.839],[139.2353,37.8389],[139.2358,37.8382],[139.2359,37.8382],[139.236,37.838],[139.236,37.8379],[139.2366,37.837],[139.2367,37.8368],[139.2364,37.8366],[139.2367,37.8362],[139.2356,37.8362],[139.2352,37.8362],[139.2352,37.8362],[139.2352,37.8362],[139.2351,37.8355]]]},"properties":{"name":"阿賀野市","pop":1}},{"type":"Feature","geometry":{"type":"Polygon","coordinates":[[[138.8826,37.0769],[138.8825,37.0766],[138.8836,37.0764],[138.8832,37.0755],[138.8829,37.0747],[138.8827,37.0743],[138.8827,37.0742],[138.8829,37.0741],[138.883,37.0741],[138.8831,37.074],[138.8832,37.074],[138.8833,37.0739],[138.8834,37.0739],[138.8834,37.0739],[138.8835,37.0738],[138.8836,37.0738],[138.8838,37.0738],[138.8838,37.0738],[138.8839,37.0737],[138.884,37.0736],[138.8841,37.0735],[138.8842,37.0734],[138.8843,37.0734],[138.8844,37.0733],[138.8845,37.0732],[138.8847,37.0733],[138.8848,37.0733],[138.8848,37.0733],[138.8849,37.0733],[138.8849,37.0733],[138.885,37.0733],[138.885,37.0734],[138.885,37.0734],[138.885,37.0734],[138.8853,37.0732],[138.8854,37.0732],[138.8854,37.0732],[138.8855,37.0731],[138.8856,37.0731],[138.8856,37.0731],[138.8859,37.0732],[138.886,37.0732],[138.8861,37.0732],[138.8863,37.0733],[138.8865,37.0732],[138.8862,37.073],[138.886,37.0728],[138.8858,37.0727],[138.8858,37.0725],[138.8855,37.0723],[138.8851,37.0721],[138.885,37.0719],[138.8848,37.0719],[138.8847,37.0718],[138.8845,37.0718],[138.8843,37.0718],[138.8841,37.0718],[138.884,37.0718],[138.8836,37.0719],[138.8834,37.072],[138.8827,37.0722],[138.8821,37.0724],[138.8813,37.0726],[138.8805,37.0719],[138.8796,37.0709],[138.8791,37.0703],[138.8792,37.0703],[138.8793,37.0702],[138.8794,37.0702],[138.8794,37.0701],[138.8794,37.0701],[138.8795,37.07],[138.8796,37.0698],[138.8797,37.0697],[138.8798,37.0696],[138.8798,37.0695],[138.8798,37.0695],[138.8798,37.0694],[138.8799,37.0693],[138.8799,37.0693],[138.88,37.0692],[138.88,37.0691],[138.88,37.069],[138.8801,37.069],[138.8801,37.069],[138.8802,37.069],[138.8806,37.0695],[138.8809,37.07],[138.8813,37.0698],[138.8818,37.0694],[138.882,37.0692],[138.8822,37.069],[138.8822,37.0689],[138.8823,37.0688],[138.882,37.0687],[138.8818,37.0686],[138.8816,37.0686],[138.8815,37.0685],[138.8814,37.0683],[138.8813,37.0682],[138.8812,37.068],[138.881,37.0679],[138.8811,37.0678],[138.8812,37.0678],[138.8813,37.0677],[138.8813,37.0677],[138.8813,37.0676],[138.8814,37.0674],[138.8822,37.0668],[138.8818,37.0661],[138.8816,37.0656],[138.8813,37.065],[138.8812,37.0646],[138.8812,37.0645],[138.8811,37.0633],[138.881,37.0629],[138.881,37.0621],[138.8811,37.0609],[138.881,37.0598],[138.8808,37.0593],[138.8807,37.0592],[138.8802,37.0585],[138.8791,37.0588],[138.8779,37.0593],[138.8773,37.0594],[138.8773,37.0594],[138.8773,37.0595],[138.8774,37.0596],[138.8765,37.0598],[138.8765,37.0595],[138.8765,37.0595],[138.8766,37.0594],[138.8768,37.0593],[138.8771,37.0592],[138.8773,37.0591],[138.8773,37.059],[138.8773,37.0587],[138.8774,37.0585],[138.8774,37.0583],[138.8774,37.0583],[138.8774,37.0582],[138.8778,37.0582],[138.878,37.0579],[138.878,37.0579],[138.8779,37.0579],[138.8778,37.0578],[138.8776,37.0578],[138.8776,37.0578],[138.8775,37.0578],[138.8775,37.0577],[138.8775,37.0575],[138.8775,37.0575],[138.8775,37.0574],[138.8774,37.0572],[138.8774,37.0572],[138.879,37.0565],[138.8789,37.0559],[138.878,37.0562],[138.8777,37.0559],[138.8775,37.0558],[138.8773,37.0556],[138.877,37.0555],[138.8767,37.0554],[138.8764,37.0553],[138.8761,37.0552],[138.8759,37.0552],[138.8756,37.0552],[138.8756,37.0551],[138.8753,37.0545],[138.8751,37.054],[138.8748,37.0537],[138.8748,37.0536],[138.8748,37.0535],[138.8748,37.0533],[138.8749,37.0532],[138.875,37.0531],[138.8751,37.0529],[138.8754,37.0527],[138.8755,37.0526],[138.8758,37.0525],[138.8762,37.0523],[138.8765,37.0522],[138.8767,37.0521],[138.8766,37.0519],[138.8765,37.0517],[138.8764,37.0517],[138.8764,37.0516],[138.8762,37.0515],[138.8757,37.0513],[138.8757,37.0513],[138.8756,37.0512],[138.8756,37.0512],[138.875,37.0514],[138.8749,37.0515],[138.8744,37.0517],[138.8737,37.052],[138.8738,37.0523],[138.8721,37.0527],[138.8724,37.0537],[138.8719,37.0538],[138.8719,37.0538],[138.8719,37.0538],[138.8717,37.0537],[138.8716,37.0536],[138.8714,37.0535],[138.8714,37.0535],[138.8705,37.0542],[138.8701,37.0545],[138.8704,37.0546],[138.8707,37.0547],[138.8709,37.0548],[138.871,37.0548],[138.8711,37.055],[138.8712,37.0552],[138.8717,37.0552],[138.8729,37.0552],[138.8724,37.0557],[138.872,37.0562],[138.8727,37.0571],[138.8732,37.0568],[138.8734,37.0571],[138.8744,37.0566],[138.8746,37.0568],[138.8745,37.0568],[138.8737,37.0571],[138.8731,37.0574],[138.873,37.0574],[138.873,37.0574],[138.8726,37.0576],[138.8716,37.0581],[138.8721,37.0586],[138.8723,37.059],[138.8726,37.0594],[138.8732,37.0601],[138.8737,37.0608],[138.8737,37.0608],[138.8733,37.061],[138.8729,37.0612],[138.8727,37.0613],[138.8726,37.0614],[138.8725,37.0614],[138.8725,37.0614],[138.8724,37.0614],[138.8724,37.0614],[138.8723,37.0614],[138.8727,37.0621],[138.8731,37.0627],[138.8735,37.0634],[138.8732,37.0633],[138.8727,37.0632],[138.872,37.063],[138.872,37.0628],[138.8707,37.0615],[138.8702,37.0611],[138.8693,37.0616],[138.8688,37.0612],[138.868,37.0617],[138.8682,37.062],[138.869,37.0627],[138.8696,37.0633],[138.8702,37.0632],[138.8705,37.0635],[138.871,37.0639],[138.8713,37.0642],[138.8714,37.0643],[138.8715,37.0643],[138.8715,37.0643],[138.8716,37.0642],[138.8717,37.0642],[138.8718,37.0641],[138.872,37.0643],[138.8721,37.0645],[138.8723,37.0647],[138.8725,37.065],[138.8726,37.0654],[138.8727,37.0657],[138.8729,37.0661],[138.873,37.0663],[138.8742,37.066],[138.8736,37.065],[138.8742,37.0649],[138.8743,37.0648],[138.8745,37.0651],[138.8749,37.0657],[138.8751,37.0661],[138.8753,37.0663],[138.8754,37.0665],[138.8756,37.0667],[138.8758,37.067],[138.876,37.0671],[138.8754,37.0674],[138.8743,37.068],[138.8737,37.0682],[138.8726,37.0687],[138.8721,37.0689],[138.8718,37.0691],[138.8714,37.0692],[138.8714,37.0694],[138.8714,37.0696],[138.8714,37.0696],[138.8714,37.0697],[138.8714,37.0698],[138.8714,37.0698],[138.8714,37.0698],[138.8715,37.07],[138.8715,37.0702],[138.8715,37.0703],[138.8715,37.0704],[138.8716,37.0705],[138.8716,37.0705],[138.8715,37.0705],[138.8715,37.0706],[138.8715,37.0707],[138.8715,37.0708],[138.8716,37.0709],[138.8716,37.071],[138.8716,37.0711],[138.8717,37.0712],[138.8717,37.0713],[138.8717,37.0715],[138.8717,37.0716],[138.8718,37.0715],[138.872,37.0713],[138.8729,37.0718],[138.8735,37.0722],[138.8738,37.0723],[138.8747,37.0729],[138.8753,37.0722],[138.876,37.0729],[138.8771,37.0723],[138.8774,37.0721],[138.8775,37.0724],[138.8777,37.0727],[138.8779,37.0731],[138.8779,37.0732],[138.8779,37.0732],[138.8779,37.0733],[138.8778,37.0733],[138.8778,37.0734],[138.8776,37.0735],[138.8776,37.0735],[138.8776,37.0736],[138.8776,37.0738],[138.8777,37.0739],[138.8782,37.0737],[138.8782,37.0739],[138.8783,37.074],[138.8783,37.0741],[138.8783,37.0742],[138.8783,37.0744],[138.8783,37.0745],[138.8783,37.0746],[138.8783,37.0749],[138.8783,37.0751],[138.8782,37.0753],[138.8782,37.0755],[138.8785,37.0756],[138.8789,37.0754],[138.8792,37.0756],[138.8796,37.0759],[138.8795,37.0761],[138.8799,37.0763],[138.8797,37.0765],[138.8799,37.0766],[138.8799,37.0766],[138.88,37.0766],[138.8806,37.0761],[138.8808,37.0758],[138.8809,37.0758],[138.881,37.0758],[138.881,37.0758],[138.8813,37.0761],[138.8818,37.0765],[138.8819,37.0766],[138.882,37.0766],[138.8822,37.0766],[138.8822,37.0769],[138.8826,37.0769]]]},"properties":{"name":"南魚沼市","pop":1}}]}