{"type":"FeatureCollection","features":[{"type":"Feature","geometry":{"type":"Point","coordinates":[135.24992,34.72827]},"properties":{"price":232000,"use":"神戸東灘","zone":"","station":"住宅"}},{"type":"Feature","geometry":{"type":"Point","coordinates":[135.25375,34.72232]},"properties":{"price":599000,"use":"神戸東灘","zone":"","station":"住宅"}},{"type":"Feature","geometry":{"type":"Point","coordinates":[135.28999,34.73901]},"properties":{"price":134000,"use":"神戸東灘","zone":"","station":"住宅"}},{"type":"Feature","geometry":{"type":"Point","coordinates":[135.28267,34.72705]},"properties":{"price":490000,"use":"神戸東灘","zone":"","station":"共同住宅"}},{"type":"Feature","geometry":{"type":"Point","coordinates":[135.26999,34.71812]},"properties":{"price":355000,"use":"神戸東灘","zone":"","station":"住宅"}},{"type":"Feature","geometry":{"type":"Point","coordinates":[135.274,34.72779]},"properties":{"price":604000,"use":"神戸東灘","zone":"","station":"住宅"}},{"type":"Feature","geometry":{"type":"Point","coordinates":[135.27445,34.71327]},"properties":{"price":244000,"use":"神戸東灘","zone":"","station":"住宅"}},{"type":"Feature","geometry":{"type":"Point","coordinates":[135.25004,34.71865]},"properties":{"price":362000,"use":"神戸東灘","zone":"","station":"住宅"}},{"type":"Feature","geometry":{"type":"Point","coordinates":[135.30001,34.72202]},"properties":{"price":240000,"use":"神戸東灘","zone":"","station":"住宅"}},{"type":"Feature","geometry":{"type":"Point","coordinates":[135.26274,34.72783]},"properties":{"price":414000,"use":"神戸東灘","zone":"","station":"住宅"}},{"type":"Feature","geometry":{"type":"Point","coordinates":[135.25593,34.73611]},"properties":{"price":115000,"use":"神戸東灘","zone":"","station":"住宅"}},{"type":"Feature","geometry":{"type":"Point","coordinates":[135.29785,34.72708]},"properties":{"price":377000,"use":"神戸東灘","zone":"","station":"共同住宅"}},{"type":"Feature","geometry":{"type":"Point","coordinates":[135.27892,34.72015]},"properties":{"price":380000,"use":"神戸東灘","zone":"","station":"住宅"}},{"type":"Feature","geometry":{"type":"Point","coordinates":[135.28702,34.73302]},"properties":{"price":238000,"use":"神戸東灘","zone":"","station":"住宅"}},{"type":"Feature","geometry":{"type":"Point","coordinates":[135.26265,34.72296]},"properties":{"price":542000,"use":"神戸東灘","zone":"","station":"共同住宅"}},{"type":"Feature","geometry":{"type":"Point","coordinates":[135.29022,34.72098]},"properties":{"price":262000,"use":"神戸東灘","zone":"","station":"住宅"}},{"type":"Feature","geometry":{"type":"Point","coordinates":[135.27782,34.73018]},"properties":{"price":500000,"use":"神戸東灘","zone":"","station":"住宅"}},{"type":"Feature","geometry":{"type":"Point","coordinates":[135.24427,34.72995]},"properties":{"price":229000,"use":"神戸東灘","zone":"","station":"住宅"}},{"type":"Feature","geometry":{"type":"Point","coordinates":[135.25975,34.72794]},"properties":{"price":313000,"use":"神戸東灘","zone":"","station":"住宅"}},{"type":"Feature","geometry":{"type":"Point","coordinates":[135.26188,34.73198]},"properties":{"price":161000,"use":"神戸東灘","zone":"","station":"住宅"}},{"type":"Feature","geometry":{"type":"Point","coordinates":[135.25281,34.71175]},"properties":{"price":273000,"use":"神戸東灘","zone":"","station":"住宅"}},{"type":"Feature","geometry":{"type":"Point","coordinates":[135.257,34.70938]},"properties":{"price":188000,"use":"神戸東灘","zone":"","station":"住宅"}},{"type":"Feature","geometry":{"type":"Point","coordinates":[135.24881,34.71164]},"properties":{"price":244000,"use":"神戸東灘","zone":"","station":"住宅"}},{"type":"Feature","geometry":{"type":"Point","coordinates":[135.26284,34.71773]},"properties":{"price":350000,"use":"神戸東灘","zone":"","station":"共同住宅"}},{"type":"Feature","geometry":{"type":"Point","coordinates":[135.29411,34.72761]},"properties":{"price":335000,"use":"神戸東灘","zone":"","station":"住宅"}},{"type":"Feature","geometry":{"type":"Point","coordinates":[135.27359,34.73102]},"properties":{"price":475000,"use":"神戸東灘","zone":"","station":"住宅"}},{"type":"Feature","geometry":{"type":"Point","coordinates":[135.2747,34.72582]},"properties":{"price":425000,"use":"神戸東灘","zone":"","station":"住宅"}},{"type":"Feature","geometry":{"type":"Point","coordinates":[135.2571,34.7133]},"properties":{"price":340000,"use":"神戸東灘","zone":"","station":"住宅"}},{"type":"Feature","geometry":{"type":"Point","coordinates":[135.28326,34.72965]},"properties":{"price":308000,"use":"神戸東灘","zone":"","station":"住宅"}},{"type":"Feature","geometry":{"type":"Point","coordinates":[135.25629,34.71994]},"properties":{"price":437000,"use":"神戸東灘","zone":"","station":"住宅"}},{"type":"Feature","geometry":{"type":"Point","coordinates":[135.24902,34.73478]},"properties":{"price":175000,"use":"神戸東灘","zone":"","station":"住宅"}},{"type":"Feature","geometry":{"type":"Point","coordinates":[135.25247,34.74034]},"properties":{"price":96300,"use":"神戸東灘","zone":"","station":"住宅"}},{"type":"Feature","geometry":{"type":"Point","coordinates":[135.27547,34.71137]},"properties":{"price":196000,"use":"神戸東灘","zone":"","station":"住宅"}},{"type":"Feature","geometry":{"type":"Point","coordinates":[135.27385,34.72226]},"properties":{"price":540000,"use":"神戸東灘","zone":"","station":"店舗兼共同住宅"}},{"type":"Feature","geometry":{"type":"Point","coordinates":[135.29189,34.72413]},"properties":{"price":394000,"use":"神戸東灘","zone":"","station":"店舗兼住宅"}},{"type":"Feature","geometry":{"type":"Point","coordinates":[135.27605,34.72793]},"properties":{"price":799000,"use":"神戸東灘","zone":"","station":"店舗兼事務所"}},{"type":"Feature","geometry":{"type":"Point","coordinates":[135.26049,34.72136]},"properties":{"price":549000,"use":"神戸東灘","zone":"","station":"店舗兼共同住宅"}},{"type":"Feature","geometry":{"type":"Point","coordinates":[135.25573,34.71444]},"properties":{"price":550000,"use":"神戸東灘","zone":"","station":"銀行"}},{"type":"Feature","geometry":{"type":"Point","coordinates":[135.29597,34.72229]},"properties":{"price":158000,"use":"神戸東灘","zone":"","station":"店舗兼事務所"}},{"type":"Feature","geometry":{"type":"Point","coordinates":[135.28442,34.70812]},"properties":{"price":100000,"use":"神戸東灘","zone":"","station":"倉庫兼事務所"}},{"type":"Feature","geometry":{"type":"Point","coordinates":[135.26112,34.70342]},"properties":{"price":82000,"use":"神戸東灘","zone":"","station":"工場"}},{"type":"Feature","geometry":{"type":"Point","coordinates":[135.29504,34.7079]},"properties":{"price":103000,"use":"神戸東灘","zone":"","station":"工場兼事務所"}},{"type":"Feature","geometry":{"type":"Point","coordinates":[135.2996,34.71602]},"properties":{"price":128000,"use":"神戸東灘","zone":"","station":"倉庫、車庫兼事務所"}},{"type":"Feature","geometry":{"type":"Point","coordinates":[135.27537,34.7088]},"properties":{"price":174000,"use":"神戸東灘","zone":"","station":"工場"}},{"type":"Feature","geometry":{"type":"Point","coordinates":[135.218,34.71778]},"properties":{"price":286000,"use":"神戸灘","zone":"","station":"住宅"}},{"type":"Feature","geometry":{"type":"Point","coordinates":[135.24161,34.72156]},"properties":{"price":430000,"use":"神戸灘","zone":"","station":"住宅"}},{"type":"Feature","geometry":{"type":"Point","coordinates":[135.24745,34.71336]},"properties":{"price":360000,"use":"神戸灘","zone":"","station":"共同住宅"}},{"type":"Feature","geometry":{"type":"Point","coordinates":[135.23427,34.72279]},"properties":{"price":468000,"use":"神戸灘","zone":"","station":"住宅"}},{"type":"Feature","geometry":{"type":"Point","coordinates":[135.24094,34.72581]},"properties":{"price":217000,"use":"神戸灘","zone":"","station":"住宅"}},{"type":"Feature","geometry":{"type":"Point","coordinates":[135.227,34.70867]},"properties":{"price":327000,"use":"神戸灘","zone":"","station":"住宅"}},{"type":"Feature","geometry":{"type":"Point","coordinates":[135.23594,34.73414]},"properties":{"price":158000,"use":"神戸灘","zone":"","station":"住宅"}},{"type":"Feature","geometry":{"type":"Point","coordinates":[135.23337,34.71854]},"properties":{"price":483000,"use":"神戸灘","zone":"","station":"住宅"}},{"type":"Feature","geometry":{"type":"Point","coordinates":[135.24198,34.71638]},"properties":{"price":437000,"use":"神戸灘","zone":"","station":"住宅"}},{"type":"Feature","geometry":{"type":"Point","coordinates":[135.22016,34.70804]},"properties":{"price":369000,"use":"神戸灘","zone":"","station":"住宅"}},{"type":"Feature","geometry":{"type":"Point","coordinates":[135.22399,34.7177]},"properties":{"price":349000,"use":"神戸灘","zone":"","station":"住宅"}},{"type":"Feature","geometry":{"type":"Point","coordinates":[135.23329,34.71052]},"properties":{"price":325000,"use":"神戸灘","zone":"","station":"住宅"}},{"type":"Feature","geometry":{"type":"Point","coordinates":[135.22124,34.70414]},"properties":{"price":299000,"use":"神戸灘","zone":"","station":"住宅"}},{"type":"Feature","geometry":{"type":"Point","coordinates":[135.22701,34.72288]},"properties":{"price":396000,"use":"神戸灘","zone":"","station":"住宅"}},{"type":"Feature","geometry":{"type":"Point","coordinates":[135.22013,34.7216]},"properties":{"price":212000,"use":"神戸灘","zone":"","station":"住宅"}},{"type":"Feature","geometry":{"type":"Point","coordinates":[135.23686,34.71048]},"properties":{"price":340000,"use":"神戸灘","zone":"","station":"住宅"}},{"type":"Feature","geometry":{"type":"Point","coordinates":[135.23043,34.7135]},"properties":{"price":334000,"use":"神戸灘","zone":"","station":"住宅"}},{"type":"Feature","geometry":{"type":"Point","coordinates":[135.21207,34.71665]},"properties":{"price":201000,"use":"神戸灘","zone":"","station":"住宅"}},{"type":"Feature","geometry":{"type":"Point","coordinates":[135.22925,34.73437]},"properties":{"price":132000,"use":"神戸灘","zone":"","station":"住宅"}},{"type":"Feature","geometry":{"type":"Point","coordinates":[135.2328,34.72644]},"properties":{"price":195000,"use":"神戸灘","zone":"","station":"住宅"}},{"type":"Feature","geometry":{"type":"Point","coordinates":[135.24434,34.71623]},"properties":{"price":415000,"use":"神戸灘","zone":"","station":"共同住宅"}},{"type":"Feature","geometry":{"type":"Point","coordinates":[135.22358,34.71281]},"properties":{"price":438000,"use":"神戸灘","zone":"","station":"店舗兼住宅"}},{"type":"Feature","geometry":{"type":"Point","coordinates":[135.2412,34.71129]},"properties":{"price":464000,"use":"神戸灘","zone":"","station":"店舗兼住宅"}},{"type":"Feature","geometry":{"type":"Point","coordinates":[135.23752,34.71684]},"properties":{"price":710000,"use":"神戸灘","zone":"","station":"店舗兼共同住宅"}},{"type":"Feature","geometry":{"type":"Point","coordinates":[135.24536,34.71432]},"properties":{"price":470000,"use":"神戸灘","zone":"","station":"店舗兼共同住宅"}},{"type":"Feature","geometry":{"type":"Point","coordinates":[135.23046,34.70365]},"properties":{"price":185000,"use":"神戸灘","zone":"","station":"事務所兼工場"}},{"type":"Feature","geometry":{"type":"Point","coordinates":[135.15833,34.6843]},"properties":{"price":158000,"use":"神戸兵庫","zone":"","station":"住宅"}},{"type":"Feature","geometry":{"type":"Point","coordinates":[135.15877,34.67555]},"properties":{"price":240000,"use":"神戸兵庫","zone":"","station":"住宅"}},{"type":"Feature","geometry":{"type":"Point","coordinates":[135.17999,34.67323]},"properties":{"price":152000,"use":"神戸兵庫","zone":"","station":"住宅"}},{"type":"Feature","geometry":{"type":"Point","coordinates":[135.16862,34.69122]},"properties":{"price":180000,"use":"神戸兵庫","zone":"","station":"住宅"}},{"type":"Feature","geometry":{"type":"Point","coordinates":[135.17274,34.67129]},"properties":{"price":210000,"use":"神戸兵庫","zone":"","station":"住宅"}},{"type":"Feature","geometry":{"type":"Point","coordinates":[135.16407,34.6744]},"properties":{"price":261000,"use":"神戸兵庫","zone":"","station":"医院兼住宅"}},{"type":"Feature","geometry":{"type":"Point","coordinates":[135.16677,34.66468]},"properties":{"price":198000,"use":"神戸兵庫","zone":"","station":"住宅"}},{"type":"Feature","geometry":{"type":"Point","coordinates":[135.16055,34.67757]},"properties":{"price":211000,"use":"神戸兵庫","zone":"","station":"住宅"}},{"type":"Feature","geometry":{"type":"Point","coordinates":[135.17153,34.65666]},"properties":{"price":182000,"use":"神戸兵庫","zone":"","station":"事務所兼住宅"}},{"type":"Feature","geometry":{"type":"Point","coordinates":[135.15638,34.68682]},"properties":{"price":93000,"use":"神戸兵庫","zone":"","station":"住宅"}},{"type":"Feature","geometry":{"type":"Point","coordinates":[135.17675,34.66158]},"properties":{"price":175000,"use":"神戸兵庫","zone":"","station":"住宅"}},{"type":"Feature","geometry":{"type":"Point","coordinates":[135.16979,34.6828]},"properties":{"price":237000,"use":"神戸兵庫","zone":"","station":"住宅"}},{"type":"Feature","geometry":{"type":"Point","coordinates":[135.16984,34.67115]},"properties":{"price":195000,"use":"神戸兵庫","zone":"","station":"共同住宅"}},{"type":"Feature","geometry":{"type":"Point","coordinates":[135.16125,34.66901]},"properties":{"price":245000,"use":"神戸兵庫","zone":"","station":"住宅"}},{"type":"Feature","geometry":{"type":"Point","coordinates":[135.16148,34.68733]},"properties":{"price":168000,"use":"神戸兵庫","zone":"","station":"住宅"}},{"type":"Feature","geometry":{"type":"Point","coordinates":[135.17247,34.69073]},"properties":{"price":163000,"use":"神戸兵庫","zone":"","station":"住宅"}},{"type":"Feature","geometry":{"type":"Point","coordinates":[135.16852,34.67601]},"properties":{"price":557000,"use":"神戸兵庫","zone":"","station":"店舗兼事務所"}},{"type":"Feature","geometry":{"type":"Point","coordinates":[135.16663,34.67093]},"properties":{"price":405000,"use":"神戸兵庫","zone":"","station":"事務所兼共同住宅"}},{"type":"Feature","geometry":{"type":"Point","coordinates":[135.17426,34.6769]},"properties":{"price":332000,"use":"神戸兵庫","zone":"","station":"店舗兼共同住宅"}},{"type":"Feature","geometry":{"type":"Point","coordinates":[135.16858,34.69067]},"properties":{"price":226000,"use":"神戸兵庫","zone":"","station":"店舗兼住宅"}},{"type":"Feature","geometry":{"type":"Point","coordinates":[135.15873,34.6744]},"properties":{"price":274000,"use":"神戸兵庫","zone":"","station":"診療所兼住宅"}},{"type":"Feature","geometry":{"type":"Point","coordinates":[135.17101,34.65935]},"properties":{"price":200000,"use":"神戸兵庫","zone":"","station":"店舗兼共同住宅"}},{"type":"Feature","geometry":{"type":"Point","coordinates":[135.16896,34.66023]},"properties":{"price":133000,"use":"神戸兵庫","zone":"","station":"事務所兼倉庫"}},{"type":"Feature","geometry":{"type":"Point","coordinates":[135.16041,34.65266]},"properties":{"price":71700,"use":"神戸兵庫","zone":"","station":"工場兼事務所"}},{"type":"Feature","geometry":{"type":"Point","coordinates":[135.14521,34.67408]},"properties":{"price":154000,"use":"神戸長田","zone":"","station":"住宅"}},{"type":"Feature","geometry":{"type":"Point","coordinates":[135.14159,34.67594]},"properties":{"price":55500,"use":"神戸長田","zone":"","station":"住宅"}},{"type":"Feature","geometry":{"type":"Point","coordinates":[135.13184,34.68369]},"properties":{"price":37200,"use":"神戸長田","zone":"","station":"住宅"}},{"type":"Feature","geometry":{"type":"Point","coordinates":[135.14972,34.67205]},"properties":{"price":168000,"use":"神戸長田","zone":"","station":"住宅"}},{"type":"Feature","geometry":{"type":"Point","coordinates":[135.14923,34.67653]},"properties":{"price":110000,"use":"神戸長田","zone":"","station":"住宅"}},{"type":"Feature","geometry":{"type":"Point","coordinates":[135.14237,34.65003]},"properties":{"price":160000,"use":"神戸長田","zone":"","station":"住宅"}},{"type":"Feature","geometry":{"type":"Point","coordinates":[135.13748,34.6895]},"properties":{"price":48000,"use":"神戸長田","zone":"","station":"住宅"}},{"type":"Feature","geometry":{"type":"Point","coordinates":[135.14041,34.65822]},"properties":{"price":216000,"use":"神戸長田","zone":"","station":"住宅"}},{"type":"Feature","geometry":{"type":"Point","coordinates":[135.13414,34.66697]},"properties":{"price":125000,"use":"神戸長田","zone":"","station":"住宅"}},{"type":"Feature","geometry":{"type":"Point","coordinates":[135.14805,34.68183]},"properties":{"price":75000,"use":"神戸長田","zone":"","station":"住宅"}},{"type":"Feature","geometry":{"type":"Point","coordinates":[135.14599,34.66562]},"properties":{"price":201000,"use":"神戸長田","zone":"","station":"住宅"}},{"type":"Feature","geometry":{"type":"Point","coordinates":[135.15623,34.66548]},"properties":{"price":178000,"use":"神戸長田","zone":"","station":"住宅"}},{"type":"Feature","geometry":{"type":"Point","coordinates":[135.13382,34.66363]},"properties":{"price":201000,"use":"神戸長田","zone":"","station":"住宅"}},{"type":"Feature","geometry":{"type":"Point","coordinates":[135.14533,34.67136]},"properties":{"price":152000,"use":"神戸長田","zone":"","station":"住宅"}},{"type":"Feature","geometry":{"type":"Point","coordinates":[135.13896,34.66722]},"properties":{"price":104000,"use":"神戸長田","zone":"","station":"住宅"}},{"type":"Feature","geometry":{"type":"Point","coordinates":[135.14732,34.68602]},"properties":{"price":69000,"use":"神戸長田","zone":"","station":"住宅"}},{"type":"Feature","geometry":{"type":"Point","coordinates":[135.13806,34.66138]},"properties":{"price":203000,"use":"神戸長田","zone":"","station":"住宅"}},{"type":"Feature","geometry":{"type":"Point","coordinates":[135.15569,34.65582]},"properties":{"price":132000,"use":"神戸長田","zone":"","station":"住宅"}},{"type":"Feature","geometry":{"type":"Point","coordinates":[135.1516,34.66791]},"properties":{"price":304000,"use":"神戸長田","zone":"","station":"建築中"}},{"type":"Feature","geometry":{"type":"Point","coordinates":[135.14404,34.65811]},"properties":{"price":340000,"use":"神戸長田","zone":"","station":"店舗兼事務所"}},{"type":"Feature","geometry":{"type":"Point","coordinates":[135.14857,34.67083]},"properties":{"price":277000,"use":"神戸長田","zone":"","station":"店舗、事務所兼住宅"}},{"type":"Feature","geometry":{"type":"Point","coordinates":[135.15477,34.66372]},"properties":{"price":222000,"use":"神戸長田","zone":"","station":"店舗兼共同住宅"}},{"type":"Feature","geometry":{"type":"Point","coordinates":[135.14973,34.65473]},"properties":{"price":199000,"use":"神戸長田","zone":"","station":"事務所兼住宅"}},{"type":"Feature","geometry":{"type":"Point","coordinates":[135.14645,34.64626]},"properties":{"price":72800,"use":"神戸長田","zone":"","station":"工場兼事務所"}},{"type":"Feature","geometry":{"type":"Point","coordinates":[135.14974,34.66078]},"properties":{"price":141000,"use":"神戸長田","zone":"","station":"事務所兼作業場"}},{"type":"Feature","geometry":{"type":"Point","coordinates":[135.15703,34.65319]},"properties":{"price":90000,"use":"神戸長田","zone":"","station":"事務所兼倉庫"}},{"type":"Feature","geometry":{"type":"Point","coordinates":[135.13498,34.65719]},"properties":{"price":234000,"use":"神戸須磨","zone":"","station":"住宅"}},{"type":"Feature","geometry":{"type":"Point","coordinates":[135.12549,34.65507]},"properties":{"price":253000,"use":"神戸須磨","zone":"","station":"住宅"}},{"type":"Feature","geometry":{"type":"Point","coordinates":[135.11906,34.64879]},"properties":{"price":204000,"use":"神戸須磨","zone":"","station":"住宅"}},{"type":"Feature","geometry":{"type":"Point","coordinates":[135.13366,34.64781]},"properties":{"price":151000,"use":"神戸須磨","zone":"","station":"医院兼住宅"}},{"type":"Feature","geometry":{"type":"Point","coordinates":[135.11889,34.64644]},"properties":{"price":172000,"use":"神戸須磨","zone":"","station":"住宅"}},{"type":"Feature","geometry":{"type":"Point","coordinates":[135.09659,34.66936]},"properties":{"price":116000,"use":"神戸須磨","zone":"","station":"住宅"}},{"type":"Feature","geometry":{"type":"Point","coordinates":[135.12533,34.64885]},"properties":{"price":235000,"use":"神戸須磨","zone":"","station":"住宅"}},{"type":"Feature","geometry":{"type":"Point","coordinates":[135.12901,34.65186]},"properties":{"price":212000,"use":"神戸須磨","zone":"","station":"住宅"}},{"type":"Feature","geometry":{"type":"Point","coordinates":[135.13142,34.6555]},"properties":{"price":233000,"use":"神戸須磨","zone":"","station":"住宅"}},{"type":"Feature","geometry":{"type":"Point","coordinates":[135.09365,34.67483]},"properties":{"price":153000,"use":"神戸須磨","zone":"","station":"住宅"}},{"type":"Feature","geometry":{"type":"Point","coordinates":[135.09358,34.68521]},"properties":{"price":145000,"use":"神戸須磨","zone":"","station":"住宅"}},{"type":"Feature","geometry":{"type":"Point","coordinates":[135.10926,34.64556]},"properties":{"price":161000,"use":"神戸須磨","zone":"","station":"住宅"}},{"type":"Feature","geometry":{"type":"Point","coordinates":[135.10751,34.6932]},"properties":{"price":86000,"use":"神戸須磨","zone":"","station":"住宅"}},{"type":"Feature","geometry":{"type":"Point","coordinates":[135.13037,34.65698]},"properties":{"price":229000,"use":"神戸須磨","zone":"","station":"住宅"}},{"type":"Feature","geometry":{"type":"Point","coordinates":[135.10164,34.68986]},"properties":{"price":112000,"use":"神戸須磨","zone":"","station":"住宅"}},{"type":"Feature","geometry":{"type":"Point","coordinates":[135.13128,34.66654]},"properties":{"price":134000,"use":"神戸須磨","zone":"","station":"住宅"}},{"type":"Feature","geometry":{"type":"Point","coordinates":[135.1001,34.65652]},"properties":{"price":98000,"use":"神戸須磨","zone":"","station":"住宅"}},{"type":"Feature","geometry":{"type":"Point","coordinates":[135.08647,34.67169]},"properties":{"price":121000,"use":"神戸須磨","zone":"","station":"住宅"}},{"type":"Feature","geometry":{"type":"Point","coordinates":[135.12174,34.64533]},"properties":{"price":250000,"use":"神戸須磨","zone":"","station":"住宅"}},{"type":"Feature","geometry":{"type":"Point","coordinates":[135.10281,34.64185]},"properties":{"price":65900,"use":"神戸須磨","zone":"","station":"住宅"}},{"type":"Feature","geometry":{"type":"Point","coordinates":[135.11094,34.64253]},"properties":{"price":126000,"use":"神戸須磨","zone":"","station":"住宅"}},{"type":"Feature","geometry":{"type":"Point","coordinates":[135.11443,34.68929]},"properties":{"price":55800,"use":"神戸須磨","zone":"","station":"住宅"}},{"type":"Feature","geometry":{"type":"Point","coordinates":[135.13496,34.64448]},"properties":{"price":115000,"use":"神戸須磨","zone":"","station":"住宅"}},{"type":"Feature","geometry":{"type":"Point","coordinates":[135.12935,34.66008]},"properties":{"price":212000,"use":"神戸須磨","zone":"","station":"住宅"}},{"type":"Feature","geometry":{"type":"Point","coordinates":[135.12078,34.67709]},"properties":{"price":55000,"use":"神戸須磨","zone":"","station":"住宅"}},{"type":"Feature","geometry":{"type":"Point","coordinates":[135.11466,34.67138]},"properties":{"price":119000,"use":"神戸須磨","zone":"","station":"住宅"}},{"type":"Feature","geometry":{"type":"Point","coordinates":[135.11796,34.68086]},"properties":{"price":65000,"use":"神戸須磨","zone":"","station":"住宅"}},{"type":"Feature","geometry":{"type":"Point","coordinates":[135.13014,34.64769]},"properties":{"price":234000,"use":"神戸須磨","zone":"","station":"住宅"}},{"type":"Feature","geometry":{"type":"Point","coordinates":[135.10122,34.67494]},"properties":{"price":129000,"use":"神戸須磨","zone":"","station":"住宅"}},{"type":"Feature","geometry":{"type":"Point","coordinates":[135.09998,34.66561]},"properties":{"price":95800,"use":"神戸須磨","zone":"","station":"住宅"}},{"type":"Feature","geometry":{"type":"Point","coordinates":[135.08363,34.6885]},"properties":{"price":118000,"use":"神戸須磨","zone":"","station":"住宅"}},{"type":"Feature","geometry":{"type":"Point","coordinates":[135.10452,34.68644]},"properties":{"price":121000,"use":"神戸須磨","zone":"","station":"住宅"}},{"type":"Feature","geometry":{"type":"Point","coordinates":[135.10105,34.69539]},"properties":{"price":99000,"use":"神戸須磨","zone":"","station":"住宅"}},{"type":"Feature","geometry":{"type":"Point","coordinates":[135.09393,34.66147]},"properties":{"price":42900,"use":"神戸須磨","zone":"","station":"住宅"}},{"type":"Feature","geometry":{"type":"Point","coordinates":[135.10976,34.67946]},"properties":{"price":82500,"use":"神戸須磨","zone":"","station":"住宅"}},{"type":"Feature","geometry":{"type":"Point","coordinates":[135.12252,34.66928]},"properties":{"price":43500,"use":"神戸須磨","zone":"","station":"住宅"}},{"type":"Feature","geometry":{"type":"Point","coordinates":[135.11978,34.6577]},"properties":{"price":61000,"use":"神戸須磨","zone":"","station":"住宅"}},{"type":"Feature","geometry":{"type":"Point","coordinates":[135.11569,34.65029]},"properties":{"price":189000,"use":"神戸須磨","zone":"","station":"住宅"}},{"type":"Feature","geometry":{"type":"Point","coordinates":[135.10738,34.67628]},"properties":{"price":101000,"use":"神戸須磨","zone":"","station":"共同住宅"}},{"type":"Feature","geometry":{"type":"Point","coordinates":[135.1279,34.645]},"properties":{"price":293000,"use":"神戸須磨","zone":"","station":"店舗"}},{"type":"Feature","geometry":{"type":"Point","coordinates":[135.13344,34.66081]},"properties":{"price":520000,"use":"神戸須磨","zone":"","station":"店舗兼事務所"}},{"type":"Feature","geometry":{"type":"Point","coordinates":[135.12237,34.64854]},"properties":{"price":346000,"use":"神戸須磨","zone":"","station":"店舗"}},{"type":"Feature","geometry":{"type":"Point","coordinates":[135.13474,34.65752]},"properties":{"price":239000,"use":"神戸須磨","zone":"","station":"事務所兼倉庫"}},{"type":"Feature","geometry":{"type":"Point","coordinates":[135.13207,34.65455]},"properties":{"price":227000,"use":"神戸須磨","zone":"","station":"店舗兼住宅"}},{"type":"Feature","geometry":{"type":"Point","coordinates":[135.09285,34.67978]},"properties":{"price":253000,"use":"神戸須磨","zone":"","station":"店舗兼事務所"}},{"type":"Feature","geometry":{"type":"Point","coordinates":[135.13441,34.66181]},"properties":{"price":236000,"use":"神戸須磨","zone":"","station":"店舗兼住宅"}},{"type":"Feature","geometry":{"type":"Point","coordinates":[135.12724,34.65438]},"properties":{"price":227000,"use":"神戸須磨","zone":"","station":"店舗兼共同住宅"}},{"type":"Feature","geometry":{"type":"Point","coordinates":[135.07226,34.68693]},"properties":{"price":90000,"use":"神戸須磨","zone":"","station":"倉庫兼事務所"}},{"type":"Feature","geometry":{"type":"Point","coordinates":[135.06827,34.64032]},"properties":{"price":79800,"use":"神戸垂水","zone":"","station":"住宅"}},{"type":"Feature","geometry":{"type":"Point","coordinates":[135.05655,34.63655]},"properties":{"price":169000,"use":"神戸垂水","zone":"","station":"住宅"}},{"type":"Feature","geometry":{"type":"Point","coordinates":[135.03122,34.6561]},"properties":{"price":107000,"use":"神戸垂水","zone":"","station":"住宅"}},{"type":"Feature","geometry":{"type":"Point","coordinates":[135.02861,34.64153]},"properties":{"price":153000,"use":"神戸垂水","zone":"","station":"住宅"}},{"type":"Feature","geometry":{"type":"Point","coordinates":[135.09293,34.65024]},"properties":{"price":59500,"use":"神戸垂水","zone":"","station":"住宅"}},{"type":"Feature","geometry":{"type":"Point","coordinates":[135.06618,34.64334]},"properties":{"price":116000,"use":"神戸垂水","zone":"","station":"住宅"}},{"type":"Feature","geometry":{"type":"Point","coordinates":[135.05986,34.6301]},"properties":{"price":204000,"use":"神戸垂水","zone":"","station":"住宅"}},{"type":"Feature","geometry":{"type":"Point","coordinates":[135.07592,34.65708]},"properties":{"price":92200,"use":"神戸垂水","zone":"","station":"住宅"}},{"type":"Feature","geometry":{"type":"Point","coordinates":[135.05541,34.64061]},"properties":{"price":113000,"use":"神戸垂水","zone":"","station":"住宅"}},{"type":"Feature","geometry":{"type":"Point","coordinates":[135.07861,34.63466]},"properties":{"price":126000,"use":"神戸垂水","zone":"","station":"住宅"}},{"type":"Feature","geometry":{"type":"Point","coordinates":[135.06091,34.66805]},"properties":{"price":115000,"use":"神戸垂水","zone":"","station":"住宅"}},{"type":"Feature","geometry":{"type":"Point","coordinates":[135.06697,34.638]},"properties":{"price":82000,"use":"神戸垂水","zone":"","station":"住宅"}},{"type":"Feature","geometry":{"type":"Point","coordinates":[135.0386,34.63688]},"properties":{"price":197000,"use":"神戸垂水","zone":"","station":"住宅"}},{"type":"Feature","geometry":{"type":"Point","coordinates":[135.0461,34.64137]},"properties":{"price":142000,"use":"神戸垂水","zone":"","station":"住宅"}},{"type":"Feature","geometry":{"type":"Point","coordinates":[135.04953,34.63046]},"properties":{"price":221000,"use":"神戸垂水","zone":"","station":"住宅"}},{"type":"Feature","geometry":{"type":"Point","coordinates":[135.03833,34.63362]},"properties":{"price":167000,"use":"神戸垂水","zone":"","station":"住宅"}},{"type":"Feature","geometry":{"type":"Point","coordinates":[135.04352,34.64937]},"properties":{"price":79200,"use":"神戸垂水","zone":"","station":"住宅"}},{"type":"Feature","geometry":{"type":"Point","coordinates":[135.05767,34.6437]},"properties":{"price":124000,"use":"神戸垂水","zone":"","station":"住宅"}},{"type":"Feature","geometry":{"type":"Point","coordinates":[135.05414,34.63271]},"properties":{"price":177000,"use":"神戸垂水","zone":"","station":"住宅"}},{"type":"Feature","geometry":{"type":"Point","coordinates":[135.05807,34.63413]},"properties":{"price":198000,"use":"神戸垂水","zone":"","station":"住宅"}},{"type":"Feature","geometry":{"type":"Point","coordinates":[135.0464,34.65904]},"properties":{"price":112000,"use":"神戸垂水","zone":"","station":"住宅"}},{"type":"Feature","geometry":{"type":"Point","coordinates":[135.04223,34.64174]},"properties":{"price":118000,"use":"神戸垂水","zone":"","station":"住宅"}},{"type":"Feature","geometry":{"type":"Point","coordinates":[135.04547,34.63755]},"properties":{"price":193000,"use":"神戸垂水","zone":"","station":"住宅"}},{"type":"Feature","geometry":{"type":"Point","coordinates":[135.08561,34.64321]},"properties":{"price":59000,"use":"神戸垂水","zone":"","station":"住宅"}},{"type":"Feature","geometry":{"type":"Point","coordinates":[135.03665,34.66416]},"properties":{"price":97300,"use":"神戸垂水","zone":"","station":"住宅"}},{"type":"Feature","geometry":{"type":"Point","coordinates":[135.06618,34.6307]},"properties":{"price":113000,"use":"神戸垂水","zone":"","station":"住宅"}},{"type":"Feature","geometry":{"type":"Point","coordinates":[135.07065,34.66771]},"properties":{"price":46400,"use":"神戸垂水","zone":"","station":"住宅"}},{"type":"Feature","geometry":{"type":"Point","coordinates":[135.07494,34.63936]},"properties":{"price":103000,"use":"神戸垂水","zone":"","station":"住宅"}},{"type":"Feature","geometry":{"type":"Point","coordinates":[135.08173,34.63974]},"properties":{"price":73000,"use":"神戸垂水","zone":"","station":"住宅"}},{"type":"Feature","geometry":{"type":"Point","coordinates":[135.04204,34.65869]},"properties":{"price":89600,"use":"神戸垂水","zone":"","station":"住宅"}},{"type":"Feature","geometry":{"type":"Point","coordinates":[135.03262,34.6467]},"properties":{"price":83000,"use":"神戸垂水","zone":"","station":"住宅"}},{"type":"Feature","geometry":{"type":"Point","coordinates":[135.05636,34.6601]},"properties":{"price":118000,"use":"神戸垂水","zone":"","station":"住宅"}},{"type":"Feature","geometry":{"type":"Point","coordinates":[135.02712,34.64951]},"properties":{"price":146000,"use":"神戸垂水","zone":"","station":"住宅"}},{"type":"Feature","geometry":{"type":"Point","coordinates":[135.0453,34.6352]},"properties":{"price":216000,"use":"神戸垂水","zone":"","station":"住宅"}},{"type":"Feature","geometry":{"type":"Point","coordinates":[135.04977,34.6742]},"properties":{"price":109000,"use":"神戸垂水","zone":"","station":"住宅"}},{"type":"Feature","geometry":{"type":"Point","coordinates":[135.07016,34.64401]},"properties":{"price":110000,"use":"神戸垂水","zone":"","station":"住宅"}},{"type":"Feature","geometry":{"type":"Point","coordinates":[135.06241,34.63132]},"properties":{"price":167000,"use":"神戸垂水","zone":"","station":"住宅"}},{"type":"Feature","geometry":{"type":"Point","coordinates":[135.03341,34.63767]},"properties":{"price":150000,"use":"神戸垂水","zone":"","station":"住宅"}},{"type":"Feature","geometry":{"type":"Point","coordinates":[135.05605,34.64632]},"properties":{"price":119000,"use":"神戸垂水","zone":"","station":"住宅"}},{"type":"Feature","geometry":{"type":"Point","coordinates":[135.03671,34.63252]},"properties":{"price":199000,"use":"神戸垂水","zone":"","station":"住宅"}},{"type":"Feature","geometry":{"type":"Point","coordinates":[135.08583,34.64772]},"properties":{"price":78500,"use":"神戸垂水","zone":"","station":"住宅"}},{"type":"Feature","geometry":{"type":"Point","coordinates":[135.0367,34.64243]},"properties":{"price":108000,"use":"神戸垂水","zone":"","station":"住宅"}},{"type":"Feature","geometry":{"type":"Point","coordinates":[135.03496,34.65733]},"properties":{"price":97000,"use":"神戸垂水","zone":"","station":"住宅"}},{"type":"Feature","geometry":{"type":"Point","coordinates":[135.07946,34.65202]},"properties":{"price":106000,"use":"神戸垂水","zone":"","station":"住宅"}},{"type":"Feature","geometry":{"type":"Point","coordinates":[135.03654,34.65198]},"properties":{"price":83500,"use":"神戸垂水","zone":"","station":"住宅"}},{"type":"Feature","geometry":{"type":"Point","coordinates":[135.07974,34.63958]},"properties":{"price":65000,"use":"神戸垂水","zone":"","station":"住宅"}},{"type":"Feature","geometry":{"type":"Point","coordinates":[135.06204,34.63324]},"properties":{"price":174000,"use":"神戸垂水","zone":"","station":"住宅"}},{"type":"Feature","geometry":{"type":"Point","coordinates":[135.04385,34.66475]},"properties":{"price":79500,"use":"神戸垂水","zone":"","station":"住宅"}},{"type":"Feature","geometry":{"type":"Point","coordinates":[135.08358,34.63574]},"properties":{"price":91000,"use":"神戸垂水","zone":"","station":"住宅"}},{"type":"Feature","geometry":{"type":"Point","coordinates":[135.05053,34.6527]},"properties":{"price":110000,"use":"神戸垂水","zone":"","station":"住宅"}},{"type":"Feature","geometry":{"type":"Point","coordinates":[135.07825,34.64127]},"properties":{"price":94400,"use":"神戸垂水","zone":"","station":"住宅"}},{"type":"Feature","geometry":{"type":"Point","coordinates":[135.08545,34.65862]},"properties":{"price":106000,"use":"神戸垂水","zone":"","station":"住宅"}},{"type":"Feature","geometry":{"type":"Point","coordinates":[135.02987,34.63618]},"properties":{"price":138000,"use":"神戸垂水","zone":"","station":"住宅"}},{"type":"Feature","geometry":{"type":"Point","coordinates":[135.04835,34.64056]},"properties":{"price":121000,"use":"神戸垂水","zone":"","station":"住宅"}},{"type":"Feature","geometry":{"type":"Point","coordinates":[135.04138,34.65329]},"properties":{"price":105000,"use":"神戸垂水","zone":"","station":"住宅"}},{"type":"Feature","geometry":{"type":"Point","coordinates":[135.05241,34.63644]},"properties":{"price":105000,"use":"神戸垂水","zone":"","station":"住宅"}},{"type":"Feature","geometry":{"type":"Point","coordinates":[135.03055,34.65145]},"properties":{"price":109000,"use":"神戸垂水","zone":"","station":"住宅"}},{"type":"Feature","geometry":{"type":"Point","coordinates":[135.02075,34.64359]},"properties":{"price":198000,"use":"神戸垂水","zone":"","station":"住宅"}},{"type":"Feature","geometry":{"type":"Point","coordinates":[135.04797,34.65075]},"properties":{"price":110000,"use":"神戸垂水","zone":"","station":"住宅"}},{"type":"Feature","geometry":{"type":"Point","coordinates":[135.04873,34.66853]},"properties":{"price":121000,"use":"神戸垂水","zone":"","station":"住宅"}},{"type":"Feature","geometry":{"type":"Point","coordinates":[135.06226,34.66441]},"properties":{"price":116000,"use":"神戸垂水","zone":"","station":"店舗"}},{"type":"Feature","geometry":{"type":"Point","coordinates":[135.06489,34.64567]},"properties":{"price":144000,"use":"神戸垂水","zone":"","station":"店舗兼共同住宅"}},{"type":"Feature","geometry":{"type":"Point","coordinates":[135.05451,34.6718]},"properties":{"price":134000,"use":"神戸垂水","zone":"","station":"店舗"}},{"type":"Feature","geometry":{"type":"Point","coordinates":[135.13531,34.72632]},"properties":{"price":102000,"use":"神戸北","zone":"","station":"住宅"}},{"type":"Feature","geometry":{"type":"Point","coordinates":[135.15439,34.72416]},"properties":{"price":59400,"use":"神戸北","zone":"","station":"住宅"}},{"type":"Feature","geometry":{"type":"Point","coordinates":[135.16756,34.75307]},"properties":{"price":61000,"use":"神戸北","zone":"","station":"住宅"}},{"type":"Feature","geometry":{"type":"Point","coordinates":[135.23653,34.80761]},"properties":{"price":33000,"use":"神戸北","zone":"","station":"住宅"}},{"type":"Feature","geometry":{"type":"Point","coordinates":[135.15484,34.73497]},"properties":{"price":74300,"use":"神戸北","zone":"","station":"住宅"}},{"type":"Feature","geometry":{"type":"Point","coordinates":[135.15436,34.71436]},"properties":{"price":49000,"use":"神戸北","zone":"","station":"住宅"}},{"type":"Feature","geometry":{"type":"Point","coordinates":[135.21227,34.78562]},"properties":{"price":37000,"use":"神戸北","zone":"","station":"住宅"}},{"type":"Feature","geometry":{"type":"Point","coordinates":[135.14695,34.73564]},"properties":{"price":87000,"use":"神戸北","zone":"","station":"住宅"}},{"type":"Feature","geometry":{"type":"Point","coordinates":[135.14447,34.73005]},"properties":{"price":68300,"use":"神戸北","zone":"","station":"住宅"}},{"type":"Feature","geometry":{"type":"Point","coordinates":[135.13982,34.71555]},"properties":{"price":54700,"use":"神戸北","zone":"","station":"住宅"}},{"type":"Feature","geometry":{"type":"Point","coordinates":[135.14354,34.74959]},"properties":{"price":81100,"use":"神戸北","zone":"","station":"住宅"}},{"type":"Feature","geometry":{"type":"Point","coordinates":[135.15202,34.76745]},"properties":{"price":33100,"use":"神戸北","zone":"","station":"住宅"}},{"type":"Feature","geometry":{"type":"Point","coordinates":[135.13406,34.73771]},"properties":{"price":60000,"use":"神戸北","zone":"","station":"住宅"}},{"type":"Feature","geometry":{"type":"Point","coordinates":[135.21742,34.83728]},"properties":{"price":53800,"use":"神戸北","zone":"","station":"住宅"}},{"type":"Feature","geometry":{"type":"Point","coordinates":[135.22815,34.84482]},"properties":{"price":31200,"use":"神戸北","zone":"","station":"空地"}},{"type":"Feature","geometry":{"type":"Point","coordinates":[135.12211,34.6886]},"properties":{"price":69500,"use":"神戸北","zone":"","station":"住宅"}},{"type":"Feature","geometry":{"type":"Point","coordinates":[135.20886,34.80743]},"properties":{"price":34300,"use":"神戸北","zone":"","station":"住宅"}},{"type":"Feature","geometry":{"type":"Point","coordinates":[135.12075,34.81836]},"properties":{"price":11400,"use":"神戸北","zone":"","station":"住宅"}},{"type":"Feature","geometry":{"type":"Point","coordinates":[135.12328,34.7218]},"properties":{"price":73000,"use":"神戸北","zone":"","station":"住宅"}},{"type":"Feature","geometry":{"type":"Point","coordinates":[135.20161,34.77588]},"properties":{"price":36800,"use":"神戸北","zone":"","station":"住宅"}},{"type":"Feature","geometry":{"type":"Point","coordinates":[135.15283,34.73907]},"properties":{"price":97000,"use":"神戸北","zone":"","station":"住宅"}},{"type":"Feature","geometry":{"type":"Point","coordinates":[135.19353,34.81561]},"properties":{"price":17000,"use":"神戸北","zone":"","station":"住宅"}},{"type":"Feature","geometry":{"type":"Point","coordinates":[135.16163,34.86714]},"properties":{"price":13100,"use":"神戸北","zone":"","station":"住宅"}},{"type":"Feature","geometry":{"type":"Point","coordinates":[135.24914,34.80405]},"properties":{"price":47500,"use":"神戸北","zone":"","station":"住宅"}},{"type":"Feature","geometry":{"type":"Point","coordinates":[135.21236,34.87099]},"properties":{"price":23200,"use":"神戸北","zone":"","station":"住宅"}},{"type":"Feature","geometry":{"type":"Point","coordinates":[135.22647,34.83233]},"properties":{"price":66500,"use":"神戸北","zone":"","station":"住宅"}},{"type":"Feature","geometry":{"type":"Point","coordinates":[135.2352,34.86645]},"properties":{"price":16400,"use":"神戸北","zone":"","station":"住宅"}},{"type":"Feature","geometry":{"type":"Point","coordinates":[135.13455,34.71976]},"properties":{"price":80000,"use":"神戸北","zone":"","station":"住宅"}},{"type":"Feature","geometry":{"type":"Point","coordinates":[135.15251,34.75839]},"properties":{"price":71800,"use":"神戸北","zone":"","station":"住宅"}},{"type":"Feature","geometry":{"type":"Point","coordinates":[135.18594,34.76915]},"properties":{"price":42600,"use":"神戸北","zone":"","station":"住宅"}},{"type":"Feature","geometry":{"type":"Point","coordinates":[135.14929,34.74981]},"properties":{"price":63000,"use":"神戸北","zone":"","station":"住宅"}},{"type":"Feature","geometry":{"type":"Point","coordinates":[135.16236,34.74182]},"properties":{"price":60000,"use":"神戸北","zone":"","station":"住宅"}},{"type":"Feature","geometry":{"type":"Point","coordinates":[135.14436,34.72213]},"properties":{"price":74500,"use":"神戸北","zone":"","station":"住宅"}},{"type":"Feature","geometry":{"type":"Point","coordinates":[135.22469,34.79676]},"properties":{"price":28100,"use":"神戸北","zone":"","station":"住宅"}},{"type":"Feature","geometry":{"type":"Point","coordinates":[135.19191,34.77525]},"properties":{"price":32500,"use":"神戸北","zone":"","station":"住宅"}},{"type":"Feature","geometry":{"type":"Point","coordinates":[135.16779,34.7654]},"properties":{"price":37800,"use":"神戸北","zone":"","station":"住宅"}},{"type":"Feature","geometry":{"type":"Point","coordinates":[135.23095,34.86051]},"properties":{"price":35800,"use":"神戸北","zone":"","station":"住宅"}},{"type":"Feature","geometry":{"type":"Point","coordinates":[135.13629,34.73335]},"properties":{"price":70500,"use":"神戸北","zone":"","station":"住宅"}},{"type":"Feature","geometry":{"type":"Point","coordinates":[135.15871,34.72799]},"properties":{"price":65000,"use":"神戸北","zone":"","station":"住宅"}},{"type":"Feature","geometry":{"type":"Point","coordinates":[135.15504,34.76206]},"properties":{"price":47500,"use":"神戸北","zone":"","station":"住宅"}},{"type":"Feature","geometry":{"type":"Point","coordinates":[135.19011,34.76705]},"properties":{"price":40100,"use":"神戸北","zone":"","station":"住宅"}},{"type":"Feature","geometry":{"type":"Point","coordinates":[135.22071,34.86056]},"properties":{"price":60700,"use":"神戸北","zone":"","station":"住宅"}},{"type":"Feature","geometry":{"type":"Point","coordinates":[135.15666,34.74638]},"properties":{"price":35500,"use":"神戸北","zone":"","station":"住宅"}},{"type":"Feature","geometry":{"type":"Point","coordinates":[135.15044,34.72419]},"properties":{"price":66500,"use":"神戸北","zone":"","station":"住宅"}},{"type":"Feature","geometry":{"type":"Point","coordinates":[135.14789,34.81738]},"properties":{"price":9600,"use":"神戸北","zone":"","station":"住宅"}},{"type":"Feature","geometry":{"type":"Point","coordinates":[135.12047,34.73154]},"properties":{"price":19600,"use":"神戸北","zone":"","station":"住宅"}},{"type":"Feature","geometry":{"type":"Point","coordinates":[135.21484,34.81862]},"properties":{"price":75800,"use":"神戸北","zone":"","station":"住宅"}},{"type":"Feature","geometry":{"type":"Point","coordinates":[135.21614,34.85118]},"properties":{"price":60600,"use":"神戸北","zone":"","station":"住宅"}},{"type":"Feature","geometry":{"type":"Point","coordinates":[135.17876,34.76272]},"properties":{"price":82500,"use":"神戸北","zone":"","station":"住宅"}},{"type":"Feature","geometry":{"type":"Point","coordinates":[135.17382,34.7627]},"properties":{"price":90500,"use":"神戸北","zone":"","station":"共同住宅"}},{"type":"Feature","geometry":{"type":"Point","coordinates":[135.22659,34.83107]},"properties":{"price":138000,"use":"神戸北","zone":"","station":"店舗兼事務所"}},{"type":"Feature","geometry":{"type":"Point","coordinates":[135.14744,34.72381]},"properties":{"price":166000,"use":"神戸北","zone":"","station":"事務所"}},{"type":"Feature","geometry":{"type":"Point","coordinates":[135.13466,34.72558]},"properties":{"price":175000,"use":"神戸北","zone":"","station":"銀行"}},{"type":"Feature","geometry":{"type":"Point","coordinates":[135.17984,34.69106]},"properties":{"price":486000,"use":"神戸中央","zone":"","station":"住宅"}},{"type":"Feature","geometry":{"type":"Point","coordinates":[135.18994,34.69851]},"properties":{"price":386000,"use":"神戸中央","zone":"","station":"空地"}},{"type":"Feature","geometry":{"type":"Point","coordinates":[135.1989,34.71038]},"properties":{"price":172000,"use":"神戸中央","zone":"","station":"住宅"}},{"type":"Feature","geometry":{"type":"Point","coordinates":[135.20752,34.71395]},"properties":{"price":209000,"use":"神戸中央","zone":"","station":"住宅"}},{"type":"Feature","geometry":{"type":"Point","coordinates":[135.17614,34.68413]},"properties":{"price":290000,"use":"神戸中央","zone":"","station":"住宅"}},{"type":"Feature","geometry":{"type":"Point","coordinates":[135.21164,34.70767]},"properties":{"price":318000,"use":"神戸中央","zone":"","station":"住宅"}},{"type":"Feature","geometry":{"type":"Point","coordinates":[135.19901,34.70651]},"properties":{"price":363000,"use":"神戸中央","zone":"","station":"住宅"}},{"type":"Feature","geometry":{"type":"Point","coordinates":[135.20227,34.70536]},"properties":{"price":268000,"use":"神戸中央","zone":"","station":"住宅"}},{"type":"Feature","geometry":{"type":"Point","coordinates":[135.17687,34.69333]},"properties":{"price":276000,"use":"神戸中央","zone":"","station":"共同住宅"}},{"type":"Feature","geometry":{"type":"Point","coordinates":[135.19246,34.70005]},"properties":{"price":594000,"use":"神戸中央","zone":"","station":"共同住宅"}},{"type":"Feature","geometry":{"type":"Point","coordinates":[135.18289,34.69582]},"properties":{"price":399000,"use":"神戸中央","zone":"","station":"共同住宅"}},{"type":"Feature","geometry":{"type":"Point","coordinates":[135.18467,34.69794]},"properties":{"price":204000,"use":"神戸中央","zone":"","station":"住宅"}},{"type":"Feature","geometry":{"type":"Point","coordinates":[135.17831,34.68762]},"properties":{"price":328000,"use":"神戸中央","zone":"","station":"住宅"}},{"type":"Feature","geometry":{"type":"Point","coordinates":[135.18334,34.6896]},"properties":{"price":535000,"use":"神戸中央","zone":"","station":"店舗、事務所兼共同住宅"}},{"type":"Feature","geometry":{"type":"Point","coordinates":[135.19826,34.69366]},"properties":{"price":863000,"use":"神戸中央","zone":"","station":"店舗兼事務所"}},{"type":"Feature","geometry":{"type":"Point","coordinates":[135.1979,34.69068]},"properties":{"price":877000,"use":"神戸中央","zone":"","station":"事務所"}},{"type":"Feature","geometry":{"type":"Point","coordinates":[135.19376,34.68861]},"properties":{"price":2760000,"use":"神戸中央","zone":"","station":"店舗兼事務所"}},{"type":"Feature","geometry":{"type":"Point","coordinates":[135.19415,34.69229]},"properties":{"price":6650000,"use":"神戸中央","zone":"","station":"店舗、診療所兼事務所"}},{"type":"Feature","geometry":{"type":"Point","coordinates":[135.18612,34.68821]},"properties":{"price":1090000,"use":"神戸中央","zone":"","station":"店舗兼事務所"}},{"type":"Feature","geometry":{"type":"Point","coordinates":[135.18952,34.69162]},"properties":{"price":1280000,"use":"神戸中央","zone":"","station":"店舗兼事務所"}},{"type":"Feature","geometry":{"type":"Point","coordinates":[135.18132,34.68378]},"properties":{"price":698000,"use":"神戸中央","zone":"","station":"事務所"}},{"type":"Feature","geometry":{"type":"Point","coordinates":[135.1752,34.67869]},"properties":{"price":500000,"use":"神戸中央","zone":"","station":"事務所"}},{"type":"Feature","geometry":{"type":"Point","coordinates":[135.19173,34.69415]},"properties":{"price":1170000,"use":"神戸中央","zone":"","station":"店舗"}},{"type":"Feature","geometry":{"type":"Point","coordinates":[135.19056,34.69583]},"properties":{"price":1030000,"use":"神戸中央","zone":"","station":"店舗"}},{"type":"Feature","geometry":{"type":"Point","coordinates":[135.20829,34.70072]},"properties":{"price":265000,"use":"神戸中央","zone":"","station":"店舗兼共同住宅"}},{"type":"Feature","geometry":{"type":"Point","coordinates":[135.19692,34.7021]},"properties":{"price":472000,"use":"神戸中央","zone":"","station":"店舗兼共同住宅"}},{"type":"Feature","geometry":{"type":"Point","coordinates":[135.18883,34.68673]},"properties":{"price":582000,"use":"神戸中央","zone":"","station":"店舗兼事務所"}},{"type":"Feature","geometry":{"type":"Point","coordinates":[135.1843,34.68529]},"properties":{"price":408000,"use":"神戸中央","zone":"","station":"事務所兼住宅"}},{"type":"Feature","geometry":{"type":"Point","coordinates":[135.19553,34.69807]},"properties":{"price":379000,"use":"神戸中央","zone":"","station":"店舗兼共同住宅"}},{"type":"Feature","geometry":{"type":"Point","coordinates":[135.21189,34.70101]},"properties":{"price":366000,"use":"神戸中央","zone":"","station":"事務所兼倉庫"}},{"type":"Feature","geometry":{"type":"Point","coordinates":[135.19131,34.68874]},"properties":{"price":3640000,"use":"神戸中央","zone":"","station":"店舗兼事務所"}},{"type":"Feature","geometry":{"type":"Point","coordinates":[135.20045,34.69307]},"properties":{"price":465000,"use":"神戸中央","zone":"","station":"事務所"}},{"type":"Feature","geometry":{"type":"Point","coordinates":[135.19275,34.69657]},"properties":{"price":904000,"use":"神戸中央","zone":"","station":"店舗兼事務所"}},{"type":"Feature","geometry":{"type":"Point","coordinates":[135.1876,34.69195]},"properties":{"price":935000,"use":"神戸中央","zone":"","station":"店舗兼事務所"}},{"type":"Feature","geometry":{"type":"Point","coordinates":[135.18952,34.69378]},"properties":{"price":583000,"use":"神戸中央","zone":"","station":"店舗兼住宅"}},{"type":"Feature","geometry":{"type":"Point","coordinates":[135.19786,34.70687]},"properties":{"price":558000,"use":"神戸中央","zone":"","station":"共同住宅兼店舗"}},{"type":"Feature","geometry":{"type":"Point","coordinates":[135.19596,34.691]},"properties":{"price":3850000,"use":"神戸中央","zone":"","station":"店舗兼事務所"}},{"type":"Feature","geometry":{"type":"Point","coordinates":[135.18212,34.69022]},"properties":{"price":990000,"use":"神戸中央","zone":"","station":"店舗兼共同住宅"}},{"type":"Feature","geometry":{"type":"Point","coordinates":[135.21129,34.67783]},"properties":{"price":138000,"use":"神戸中央","zone":"","station":"倉庫兼事務所"}},{"type":"Feature","geometry":{"type":"Point","coordinates":[135.01517,34.66895]},"properties":{"price":88000,"use":"神戸西","zone":"","station":"住宅"}},{"type":"Feature","geometry":{"type":"Point","coordinates":[135.06353,34.74498]},"properties":{"price":46300,"use":"神戸西","zone":"","station":"住宅"}},{"type":"Feature","geometry":{"type":"Point","coordinates":[135.04449,34.75792]},"properties":{"price":41200,"use":"神戸西","zone":"","station":"住宅"}},{"type":"Feature","geometry":{"type":"Point","coordinates":[135.02114,34.69157]},"properties":{"price":126000,"use":"神戸西","zone":"","station":"住宅"}},{"type":"Feature","geometry":{"type":"Point","coordinates":[135.03308,34.76313]},"properties":{"price":39000,"use":"神戸西","zone":"","station":"住宅"}},{"type":"Feature","geometry":{"type":"Point","coordinates":[134.92174,34.71747]},"properties":{"price":51800,"use":"神戸西","zone":"","station":"住宅"}},{"type":"Feature","geometry":{"type":"Point","coordinates":[134.94614,34.71392]},"properties":{"price":54500,"use":"神戸西","zone":"","station":"住宅"}},{"type":"Feature","geometry":{"type":"Point","coordinates":[135.02282,34.66657]},"properties":{"price":90800,"use":"神戸西","zone":"","station":"住宅"}},{"type":"Feature","geometry":{"type":"Point","coordinates":[134.93843,34.71081]},"properties":{"price":65700,"use":"神戸西","zone":"","station":"住宅"}},{"type":"Feature","geometry":{"type":"Point","coordinates":[135.05218,34.75495]},"properties":{"price":21000,"use":"神戸西","zone":"","station":"住宅"}},{"type":"Feature","geometry":{"type":"Point","coordinates":[135.00865,34.67743]},"properties":{"price":74500,"use":"神戸西","zone":"","station":"住宅"}},{"type":"Feature","geometry":{"type":"Point","coordinates":[135.00734,34.71413]},"properties":{"price":154000,"use":"神戸西","zone":"","station":"住宅"}},{"type":"Feature","geometry":{"type":"Point","coordinates":[135.01704,34.65881]},"properties":{"price":96000,"use":"神戸西","zone":"","station":"住宅"}},{"type":"Feature","geometry":{"type":"Point","coordinates":[134.99808,34.67465]},"properties":{"price":58900,"use":"神戸西","zone":"","station":"住宅"}},{"type":"Feature","geometry":{"type":"Point","coordinates":[135.05481,34.68444]},"properties":{"price":157000,"use":"神戸西","zone":"","station":"住宅"}},{"type":"Feature","geometry":{"type":"Point","coordinates":[134.9915,34.67161]},"properties":{"price":68800,"use":"神戸西","zone":"","station":"住宅"}},{"type":"Feature","geometry":{"type":"Point","coordinates":[134.99763,34.66018]},"properties":{"price":64300,"use":"神戸西","zone":"","station":"住宅"}},{"type":"Feature","geometry":{"type":"Point","coordinates":[134.97728,34.6682]},"properties":{"price":86900,"use":"神戸西","zone":"","station":"住宅"}},{"type":"Feature","geometry":{"type":"Point","coordinates":[134.95113,34.72926]},"properties":{"price":17700,"use":"神戸西","zone":"","station":"住宅"}},{"type":"Feature","geometry":{"type":"Point","coordinates":[135.05723,34.69413]},"properties":{"price":21300,"use":"神戸西","zone":"","station":"住宅"}},{"type":"Feature","geometry":{"type":"Point","coordinates":[134.97635,34.67308]},"properties":{"price":100000,"use":"神戸西","zone":"","station":"住宅"}},{"type":"Feature","geometry":{"type":"Point","coordinates":[134.97665,34.66234]},"properties":{"price":95000,"use":"神戸西","zone":"","station":"住宅"}},{"type":"Feature","geometry":{"type":"Point","coordinates":[135.0283,34.66942]},"properties":{"price":97300,"use":"神戸西","zone":"","station":"共同住宅"}},{"type":"Feature","geometry":{"type":"Point","coordinates":[135.03485,34.66808]},"properties":{"price":92500,"use":"神戸西","zone":"","station":"住宅"}},{"type":"Feature","geometry":{"type":"Point","coordinates":[135.00171,34.66162]},"properties":{"price":83000,"use":"神戸西","zone":"","station":"住宅"}},{"type":"Feature","geometry":{"type":"Point","coordinates":[134.98971,34.74826]},"properties":{"price":17200,"use":"神戸西","zone":"","station":"住宅"}},{"type":"Feature","geometry":{"type":"Point","coordinates":[134.98512,34.68917]},"properties":{"price":67500,"use":"神戸西","zone":"","station":"住宅"}},{"type":"Feature","geometry":{"type":"Point","coordinates":[134.98235,34.69517]},"properties":{"price":25000,"use":"神戸西","zone":"","station":"住宅"}},{"type":"Feature","geometry":{"type":"Point","coordinates":[135.00659,34.6596]},"properties":{"price":99800,"use":"神戸西","zone":"","station":"住宅"}},{"type":"Feature","geometry":{"type":"Point","coordinates":[135.03117,34.6628]},"properties":{"price":82400,"use":"神戸西","zone":"","station":"住宅"}},{"type":"Feature","geometry":{"type":"Point","coordinates":[134.98504,34.67838]},"properties":{"price":68500,"use":"神戸西","zone":"","station":"住宅"}},{"type":"Feature","geometry":{"type":"Point","coordinates":[134.9888,34.66654]},"properties":{"price":51100,"use":"神戸西","zone":"","station":"住宅"}},{"type":"Feature","geometry":{"type":"Point","coordinates":[135.02774,34.76054]},"properties":{"price":29900,"use":"神戸西","zone":"","station":"住宅"}},{"type":"Feature","geometry":{"type":"Point","coordinates":[134.97143,34.67801]},"properties":{"price":94500,"use":"神戸西","zone":"","station":"住宅"}},{"type":"Feature","geometry":{"type":"Point","coordinates":[135.03814,34.71592]},"properties":{"price":19100,"use":"神戸西","zone":"","station":"住宅"}},{"type":"Feature","geometry":{"type":"Point","coordinates":[134.97883,34.66467]},"properties":{"price":117000,"use":"神戸西","zone":"","station":"店舗兼共同住宅"}},{"type":"Feature","geometry":{"type":"Point","coordinates":[135.02329,34.67305]},"properties":{"price":92500,"use":"神戸西","zone":"","station":"店舗兼共同住宅"}},{"type":"Feature","geometry":{"type":"Point","coordinates":[135.00142,34.6693]},"properties":{"price":62000,"use":"神戸西","zone":"","station":"工場"}},{"type":"Feature","geometry":{"type":"Point","coordinates":[134.93014,34.71649]},"properties":{"price":43000,"use":"神戸西","zone":"","station":"工場"}},{"type":"Feature","geometry":{"type":"Point","coordinates":[134.98144,34.66745]},"properties":{"price":85000,"use":"神戸西","zone":"","station":"倉庫"}},{"type":"Feature","geometry":{"type":"Point","coordinates":[135.02544,34.66823]},"properties":{"price":84500,"use":"神戸西","zone":"","station":"事務所兼作業所"}},{"type":"Feature","geometry":{"type":"Point","coordinates":[134.98003,34.68725]},"properties":{"price":60600,"use":"神戸西","zone":"","station":"事務所兼倉庫"}},{"type":"Feature","geometry":{"type":"Point","coordinates":[135.0216,34.66353]},"properties":{"price":57400,"use":"神戸西","zone":"","station":"倉庫、事務所兼住宅"}},{"type":"Feature","geometry":{"type":"Point","coordinates":[135.0497,34.70132]},"properties":{"price":58000,"use":"神戸西","zone":"","station":"倉庫、工場兼事務所"}},{"type":"Feature","geometry":{"type":"Point","coordinates":[134.96686,34.71979]},"properties":{"price":800,"use":"神戸西","zone":"","station":"山林（雑木林）"}},{"type":"Feature","geometry":{"type":"Point","coordinates":[135.02517,34.75642]},"properties":{"price":970,"use":"神戸西","zone":"","station":"山林（雑木林）"}},{"type":"Feature","geometry":{"type":"Point","coordinates":[135.03959,34.67586]},"properties":{"price":1160,"use":"神戸西","zone":"","station":"山林（雑木林）"}},{"type":"Feature","geometry":{"type":"Point","coordinates":[135.08892,34.7494]},"properties":{"price":1140,"use":"神戸西","zone":"","station":"山林（雑木林）"}},{"type":"Feature","geometry":{"type":"Point","coordinates":[134.71093,34.79123]},"properties":{"price":73500,"use":"姫路","zone":"","station":"住宅"}},{"type":"Feature","geometry":{"type":"Point","coordinates":[134.60456,34.86398]},"properties":{"price":17200,"use":"姫路","zone":"","station":"住宅"}},{"type":"Feature","geometry":{"type":"Point","coordinates":[134.67753,34.80806]},"properties":{"price":89000,"use":"姫路","zone":"","station":"住宅"}},{"type":"Feature","geometry":{"type":"Point","coordinates":[134.72388,34.83939]},"properties":{"price":35700,"use":"姫路","zone":"","station":"空地"}},{"type":"Feature","geometry":{"type":"Point","coordinates":[134.74339,34.84167]},"properties":{"price":26300,"use":"姫路","zone":"","station":"住宅"}},{"type":"Feature","geometry":{"type":"Point","coordinates":[134.70248,34.83663]},"properties":{"price":99500,"use":"姫路","zone":"","station":"住宅"}},{"type":"Feature","geometry":{"type":"Point","coordinates":[134.69693,34.81779]},"properties":{"price":100000,"use":"姫路","zone":"","station":"住宅"}},{"type":"Feature","geometry":{"type":"Point","coordinates":[134.64708,34.85533]},"properties":{"price":53600,"use":"姫路","zone":"","station":"住宅"}},{"type":"Feature","geometry":{"type":"Point","coordinates":[134.5923,34.78917]},"properties":{"price":69200,"use":"姫路","zone":"","station":"住宅"}},{"type":"Feature","geometry":{"type":"Point","coordinates":[134.67078,34.81186]},"properties":{"price":85900,"use":"姫路","zone":"","station":"住宅"}},{"type":"Feature","geometry":{"type":"Point","coordinates":[134.66614,34.82464]},"properties":{"price":55300,"use":"姫路","zone":"","station":"住宅"}},{"type":"Feature","geometry":{"type":"Point","coordinates":[134.63963,34.84324]},"properties":{"price":70300,"use":"姫路","zone":"","station":"住宅"}},{"type":"Feature","geometry":{"type":"Point","coordinates":[134.6407,34.80814]},"properties":{"price":83800,"use":"姫路","zone":"","station":"住宅"}},{"type":"Feature","geometry":{"type":"Point","coordinates":[134.63336,34.80687]},"properties":{"price":79300,"use":"姫路","zone":"","station":"住宅"}},{"type":"Feature","geometry":{"type":"Point","coordinates":[134.69633,34.84403]},"properties":{"price":103000,"use":"姫路","zone":"","station":"住宅"}},{"type":"Feature","geometry":{"type":"Point","coordinates":[134.62847,34.81445]},"properties":{"price":59600,"use":"姫路","zone":"","station":"住宅"}},{"type":"Feature","geometry":{"type":"Point","coordinates":[134.61916,34.8062]},"properties":{"price":80500,"use":"姫路","zone":"","station":"住宅"}},{"type":"Feature","geometry":{"type":"Point","coordinates":[134.58272,34.81031]},"properties":{"price":75000,"use":"姫路","zone":"","station":"住宅"}},{"type":"Feature","geometry":{"type":"Point","coordinates":[134.58575,34.79853]},"properties":{"price":56400,"use":"姫路","zone":"","station":"住宅"}},{"type":"Feature","geometry":{"type":"Point","coordinates":[134.58026,34.78228]},"properties":{"price":51600,"use":"姫路","zone":"","station":"住宅"}},{"type":"Feature","geometry":{"type":"Point","coordinates":[134.58761,34.91133]},"properties":{"price":13500,"use":"姫路","zone":"","station":"住宅"}},{"type":"Feature","geometry":{"type":"Point","coordinates":[134.5645,34.80548]},"properties":{"price":33800,"use":"姫路","zone":"","station":"住宅"}},{"type":"Feature","geometry":{"type":"Point","coordinates":[134.60162,34.82343]},"properties":{"price":53000,"use":"姫路","zone":"","station":"住宅"}},{"type":"Feature","geometry":{"type":"Point","coordinates":[134.61074,34.80915]},"properties":{"price":95500,"use":"姫路","zone":"","station":"住宅"}},{"type":"Feature","geometry":{"type":"Point","coordinates":[134.64378,34.82611]},"properties":{"price":63200,"use":"姫路","zone":"","station":"住宅"}},{"type":"Feature","geometry":{"type":"Point","coordinates":[134.75065,34.81314]},"properties":{"price":64500,"use":"姫路","zone":"","station":"住宅"}},{"type":"Feature","geometry":{"type":"Point","coordinates":[134.64129,34.86281]},"properties":{"price":47300,"use":"姫路","zone":"","station":"住宅"}},{"type":"Feature","geometry":{"type":"Point","coordinates":[134.73491,34.92981]},"properties":{"price":40500,"use":"姫路","zone":"","station":"住宅"}},{"type":"Feature","geometry":{"type":"Point","coordinates":[134.64889,34.86698]},"properties":{"price":55300,"use":"姫路","zone":"","station":"住宅"}},{"type":"Feature","geometry":{"type":"Point","coordinates":[134.65874,34.85494]},"properties":{"price":29000,"use":"姫路","zone":"","station":"空地"}},{"type":"Feature","geometry":{"type":"Point","coordinates":[134.65699,34.84708]},"properties":{"price":66900,"use":"姫路","zone":"","station":"住宅"}},{"type":"Feature","geometry":{"type":"Point","coordinates":[134.66501,34.84268]},"properties":{"price":61900,"use":"姫路","zone":"","station":"住宅"}},{"type":"Feature","geometry":{"type":"Point","coordinates":[134.58836,34.77678]},"properties":{"price":38800,"use":"姫路","zone":"","station":"住宅"}},{"type":"Feature","geometry":{"type":"Point","coordinates":[134.66305,34.86697]},"properties":{"price":77900,"use":"姫路","zone":"","station":"住宅"}},{"type":"Feature","geometry":{"type":"Point","coordinates":[134.67422,34.86034]},"properties":{"price":96600,"use":"姫路","zone":"","station":"住宅"}},{"type":"Feature","geometry":{"type":"Point","coordinates":[134.68379,34.84646]},"properties":{"price":137000,"use":"姫路","zone":"","station":"住宅"}},{"type":"Feature","geometry":{"type":"Point","coordinates":[134.68348,34.84072]},"properties":{"price":103000,"use":"姫路","zone":"","station":"住宅"}},{"type":"Feature","geometry":{"type":"Point","coordinates":[134.68805,34.80452]},"properties":{"price":83700,"use":"姫路","zone":"","station":"住宅"}},{"type":"Feature","geometry":{"type":"Point","coordinates":[134.68855,34.85364]},"properties":{"price":93000,"use":"姫路","zone":"","station":"住宅"}},{"type":"Feature","geometry":{"type":"Point","coordinates":[134.69639,34.85323]},"properties":{"price":77000,"use":"姫路","zone":"","station":"住宅"}},{"type":"Feature","geometry":{"type":"Point","coordinates":[134.58242,34.90713]},"properties":{"price":24400,"use":"姫路","zone":"","station":"住宅"}},{"type":"Feature","geometry":{"type":"Point","coordinates":[134.70544,34.8602]},"properties":{"price":66400,"use":"姫路","zone":"","station":"住宅"}},{"type":"Feature","geometry":{"type":"Point","coordinates":[134.70758,34.84126]},"properties":{"price":62600,"use":"姫路","zone":"","station":"住宅"}},{"type":"Feature","geometry":{"type":"Point","coordinates":[134.72707,34.8875]},"properties":{"price":47000,"use":"姫路","zone":"","station":"住宅"}},{"type":"Feature","geometry":{"type":"Point","coordinates":[134.73114,34.86958]},"properties":{"price":39500,"use":"姫路","zone":"","station":"空地"}},{"type":"Feature","geometry":{"type":"Point","coordinates":[134.59972,34.80367]},"properties":{"price":69800,"use":"姫路","zone":"","station":"住宅"}},{"type":"Feature","geometry":{"type":"Point","coordinates":[134.67822,34.80402]},"properties":{"price":92600,"use":"姫路","zone":"","station":"住宅"}},{"type":"Feature","geometry":{"type":"Point","coordinates":[134.74222,34.82189]},"properties":{"price":58000,"use":"姫路","zone":"","station":"住宅"}},{"type":"Feature","geometry":{"type":"Point","coordinates":[134.7554,34.93391]},"properties":{"price":14200,"use":"姫路","zone":"","station":"住宅"}},{"type":"Feature","geometry":{"type":"Point","coordinates":[134.72203,34.83095]},"properties":{"price":55300,"use":"姫路","zone":"","station":"住宅"}},{"type":"Feature","geometry":{"type":"Point","coordinates":[134.72781,34.81033]},"properties":{"price":17500,"use":"姫路","zone":"","station":"住宅"}},{"type":"Feature","geometry":{"type":"Point","coordinates":[134.75735,34.78312]},"properties":{"price":56800,"use":"姫路","zone":"","station":"住宅"}},{"type":"Feature","geometry":{"type":"Point","coordinates":[134.74118,34.77803]},"properties":{"price":35900,"use":"姫路","zone":"","station":"住宅"}},{"type":"Feature","geometry":{"type":"Point","coordinates":[134.7272,34.77677]},"properties":{"price":41000,"use":"姫路","zone":"","station":"住宅"}},{"type":"Feature","geometry":{"type":"Point","coordinates":[134.69799,34.82849]},"properties":{"price":141000,"use":"姫路","zone":"","station":"住宅"}},{"type":"Feature","geometry":{"type":"Point","coordinates":[134.66622,34.81866]},"properties":{"price":76500,"use":"姫路","zone":"","station":"住宅"}},{"type":"Feature","geometry":{"type":"Point","coordinates":[134.64355,34.80211]},"properties":{"price":69600,"use":"姫路","zone":"","station":"住宅"}},{"type":"Feature","geometry":{"type":"Point","coordinates":[134.69527,34.79313]},"properties":{"price":59500,"use":"姫路","zone":"","station":"住宅"}},{"type":"Feature","geometry":{"type":"Point","coordinates":[134.68508,34.87073]},"properties":{"price":47000,"use":"姫路","zone":"","station":"住宅"}},{"type":"Feature","geometry":{"type":"Point","coordinates":[134.63463,34.79721]},"properties":{"price":63800,"use":"姫路","zone":"","station":"住宅"}},{"type":"Feature","geometry":{"type":"Point","coordinates":[134.7182,34.78166]},"properties":{"price":67500,"use":"姫路","zone":"","station":"住宅"}},{"type":"Feature","geometry":{"type":"Point","coordinates":[134.74004,34.88464]},"properties":{"price":19200,"use":"姫路","zone":"","station":"住宅"}},{"type":"Feature","geometry":{"type":"Point","coordinates":[134.7047,34.83164]},"properties":{"price":98300,"use":"姫路","zone":"","station":"事務所兼住宅"}},{"type":"Feature","geometry":{"type":"Point","coordinates":[134.67024,34.83423]},"properties":{"price":72600,"use":"姫路","zone":"","station":"住宅"}},{"type":"Feature","geometry":{"type":"Point","coordinates":[134.71173,34.82724]},"properties":{"price":104000,"use":"姫路","zone":"","station":"住宅"}},{"type":"Feature","geometry":{"type":"Point","coordinates":[134.72168,34.85556]},"properties":{"price":57700,"use":"姫路","zone":"","station":"住宅"}},{"type":"Feature","geometry":{"type":"Point","coordinates":[134.72785,34.91246]},"properties":{"price":20700,"use":"姫路","zone":"","station":"住宅"}},{"type":"Feature","geometry":{"type":"Point","coordinates":[134.68223,34.79955]},"properties":{"price":73500,"use":"姫路","zone":"","station":"住宅"}},{"type":"Feature","geometry":{"type":"Point","coordinates":[134.72947,34.82658]},"properties":{"price":56400,"use":"姫路","zone":"","station":"住宅"}},{"type":"Feature","geometry":{"type":"Point","coordinates":[134.74221,34.81548]},"properties":{"price":43300,"use":"姫路","zone":"","station":"住宅"}},{"type":"Feature","geometry":{"type":"Point","coordinates":[134.61145,34.78918]},"properties":{"price":51000,"use":"姫路","zone":"","station":"住宅"}},{"type":"Feature","geometry":{"type":"Point","coordinates":[134.65575,34.80672]},"properties":{"price":85800,"use":"姫路","zone":"","station":"住宅"}},{"type":"Feature","geometry":{"type":"Point","coordinates":[134.70524,34.82849]},"properties":{"price":103000,"use":"姫路","zone":"","station":"住宅"}},{"type":"Feature","geometry":{"type":"Point","coordinates":[134.68933,34.79481]},"properties":{"price":72100,"use":"姫路","zone":"","station":"住宅"}},{"type":"Feature","geometry":{"type":"Point","coordinates":[134.66,34.79682]},"properties":{"price":62000,"use":"姫路","zone":"","station":"住宅"}},{"type":"Feature","geometry":{"type":"Point","coordinates":[134.67815,34.79231]},"properties":{"price":67000,"use":"姫路","zone":"","station":"住宅"}},{"type":"Feature","geometry":{"type":"Point","coordinates":[134.71215,34.83447]},"properties":{"price":78900,"use":"姫路","zone":"","station":"住宅"}},{"type":"Feature","geometry":{"type":"Point","coordinates":[134.68193,34.8241]},"properties":{"price":107000,"use":"姫路","zone":"","station":"住宅"}},{"type":"Feature","geometry":{"type":"Point","coordinates":[134.63431,34.83318]},"properties":{"price":58500,"use":"姫路","zone":"","station":"住宅"}},{"type":"Feature","geometry":{"type":"Point","coordinates":[134.68254,34.85058]},"properties":{"price":95000,"use":"姫路","zone":"","station":"住宅"}},{"type":"Feature","geometry":{"type":"Point","coordinates":[134.67798,34.83205]},"properties":{"price":120000,"use":"姫路","zone":"","station":"住宅"}},{"type":"Feature","geometry":{"type":"Point","coordinates":[134.72381,34.81845]},"properties":{"price":30700,"use":"姫路","zone":"","station":"住宅"}},{"type":"Feature","geometry":{"type":"Point","coordinates":[134.6889,34.81897]},"properties":{"price":128000,"use":"姫路","zone":"","station":"共同住宅"}},{"type":"Feature","geometry":{"type":"Point","coordinates":[134.6655,34.80515]},"properties":{"price":83500,"use":"姫路","zone":"","station":"住宅"}},{"type":"Feature","geometry":{"type":"Point","coordinates":[134.6057,34.8036]},"properties":{"price":98800,"use":"姫路","zone":"","station":"住宅"}},{"type":"Feature","geometry":{"type":"Point","coordinates":[134.65969,34.81513]},"properties":{"price":81400,"use":"姫路","zone":"","station":"住宅"}},{"type":"Feature","geometry":{"type":"Point","coordinates":[134.75061,34.80846]},"properties":{"price":73300,"use":"姫路","zone":"","station":"住宅"}},{"type":"Feature","geometry":{"type":"Point","coordinates":[134.70934,34.82125]},"properties":{"price":95000,"use":"姫路","zone":"","station":"住宅"}},{"type":"Feature","geometry":{"type":"Point","coordinates":[134.69684,34.82963]},"properties":{"price":214000,"use":"姫路","zone":"","station":"共同住宅"}},{"type":"Feature","geometry":{"type":"Point","coordinates":[134.67585,34.81503]},"properties":{"price":87800,"use":"姫路","zone":"","station":"住宅"}},{"type":"Feature","geometry":{"type":"Point","coordinates":[134.69241,34.83093]},"properties":{"price":413000,"use":"姫路","zone":"","station":"店舗"}},{"type":"Feature","geometry":{"type":"Point","coordinates":[134.68797,34.82997]},"properties":{"price":280000,"use":"姫路","zone":"","station":"事務所"}},{"type":"Feature","geometry":{"type":"Point","coordinates":[134.67694,34.80131]},"properties":{"price":107000,"use":"姫路","zone":"","station":"店舗兼事務所"}},{"type":"Feature","geometry":{"type":"Point","coordinates":[134.69031,34.83203]},"properties":{"price":152000,"use":"姫路","zone":"","station":"店舗兼住宅"}},{"type":"Feature","geometry":{"type":"Point","coordinates":[134.58359,34.81333]},"properties":{"price":78000,"use":"姫路","zone":"","station":"銀行"}},{"type":"Feature","geometry":{"type":"Point","coordinates":[134.69785,34.83255]},"properties":{"price":120000,"use":"姫路","zone":"","station":"事務所"}},{"type":"Feature","geometry":{"type":"Point","coordinates":[134.68764,34.8235]},"properties":{"price":528000,"use":"姫路","zone":"","station":"事務所"}},{"type":"Feature","geometry":{"type":"Point","coordinates":[134.6829,34.81688]},"properties":{"price":151000,"use":"姫路","zone":"","station":"店舗兼共同住宅"}},{"type":"Feature","geometry":{"type":"Point","coordinates":[134.67154,34.8366]},"properties":{"price":97000,"use":"姫路","zone":"","station":"事務所"}},{"type":"Feature","geometry":{"type":"Point","coordinates":[134.70219,34.84787]},"properties":{"price":82500,"use":"姫路","zone":"","station":"店舗兼住宅"}},{"type":"Feature","geometry":{"type":"Point","coordinates":[134.58751,34.78529]},"properties":{"price":62700,"use":"姫路","zone":"","station":"銀行"}},{"type":"Feature","geometry":{"type":"Point","coordinates":[134.72778,34.83808]},"properties":{"price":89500,"use":"姫路","zone":"","station":"銀行"}},{"type":"Feature","geometry":{"type":"Point","coordinates":[134.72717,34.80345]},"properties":{"price":58800,"use":"姫路","zone":"","station":"倉庫兼事務所"}},{"type":"Feature","geometry":{"type":"Point","coordinates":[134.70795,34.78671]},"properties":{"price":88000,"use":"姫路","zone":"","station":"店舗兼住宅"}},{"type":"Feature","geometry":{"type":"Point","coordinates":[134.69106,34.82865]},"properties":{"price":1610000,"use":"姫路","zone":"","station":"事務所"}},{"type":"Feature","geometry":{"type":"Point","coordinates":[134.68092,34.80729]},"properties":{"price":110000,"use":"姫路","zone":"","station":"店舗兼住宅"}},{"type":"Feature","geometry":{"type":"Point","coordinates":[134.64414,34.81189]},"properties":{"price":93500,"use":"姫路","zone":"","station":"診療所"}},{"type":"Feature","geometry":{"type":"Point","coordinates":[134.63065,34.79921]},"properties":{"price":91500,"use":"姫路","zone":"","station":"店舗兼住宅"}},{"type":"Feature","geometry":{"type":"Point","coordinates":[134.71051,34.82637]},"properties":{"price":117000,"use":"姫路","zone":"","station":"事務所"}},{"type":"Feature","geometry":{"type":"Point","coordinates":[134.67221,34.84817]},"properties":{"price":98500,"use":"姫路","zone":"","station":"店舗"}},{"type":"Feature","geometry":{"type":"Point","coordinates":[134.72089,34.85686]},"properties":{"price":80000,"use":"姫路","zone":"","station":"店舗兼事務所"}},{"type":"Feature","geometry":{"type":"Point","coordinates":[134.67492,34.8312]},"properties":{"price":106000,"use":"姫路","zone":"","station":"店舗"}},{"type":"Feature","geometry":{"type":"Point","coordinates":[134.61713,34.80772]},"properties":{"price":115000,"use":"姫路","zone":"","station":"診療所、店舗"}},{"type":"Feature","geometry":{"type":"Point","coordinates":[134.68031,34.83223]},"properties":{"price":149000,"use":"姫路","zone":"","station":"店舗、事務所兼共同住宅"}},{"type":"Feature","geometry":{"type":"Point","coordinates":[134.6644,34.84037]},"properties":{"price":95500,"use":"姫路","zone":"","station":"店舗兼作業所"}},{"type":"Feature","geometry":{"type":"Point","coordinates":[134.69033,34.8242]},"properties":{"price":243000,"use":"姫路","zone":"","station":"事務所"}},{"type":"Feature","geometry":{"type":"Point","coordinates":[134.6746,34.80978]},"properties":{"price":113000,"use":"姫路","zone":"","station":"店舗"}},{"type":"Feature","geometry":{"type":"Point","coordinates":[134.63507,34.79558]},"properties":{"price":81000,"use":"姫路","zone":"","station":"店舗"}},{"type":"Feature","geometry":{"type":"Point","coordinates":[134.65677,34.78328]},"properties":{"price":31500,"use":"姫路","zone":"","station":"工場"}},{"type":"Feature","geometry":{"type":"Point","coordinates":[134.6768,34.78912]},"properties":{"price":49300,"use":"姫路","zone":"","station":"倉庫兼事務所"}},{"type":"Feature","geometry":{"type":"Point","coordinates":[134.57719,34.76212]},"properties":{"price":29800,"use":"姫路","zone":"","station":"工場"}},{"type":"Feature","geometry":{"type":"Point","coordinates":[134.70182,34.77947]},"properties":{"price":45600,"use":"姫路","zone":"","station":"事務所兼倉庫"}},{"type":"Feature","geometry":{"type":"Point","coordinates":[134.65597,34.79607]},"properties":{"price":39000,"use":"姫路","zone":"","station":"工場"}},{"type":"Feature","geometry":{"type":"Point","coordinates":[134.62472,34.79459]},"properties":{"price":44700,"use":"姫路","zone":"","station":"工場"}},{"type":"Feature","geometry":{"type":"Point","coordinates":[134.67911,34.83048]},"properties":{"price":70700,"use":"姫路","zone":"","station":"工場"}},{"type":"Feature","geometry":{"type":"Point","coordinates":[135.44711,34.76042]},"properties":{"price":216000,"use":"尼崎","zone":"","station":"住宅"}},{"type":"Feature","geometry":{"type":"Point","coordinates":[135.42797,34.74791]},"properties":{"price":185000,"use":"尼崎","zone":"","station":"住宅"}},{"type":"Feature","geometry":{"type":"Point","coordinates":[135.41646,34.7612]},"properties":{"price":211000,"use":"尼崎","zone":"","station":"住宅"}},{"type":"Feature","geometry":{"type":"Point","coordinates":[135.45297,34.7512]},"properties":{"price":236000,"use":"尼崎","zone":"","station":"住宅"}},{"type":"Feature","geometry":{"type":"Point","coordinates":[135.38928,34.75361]},"properties":{"price":348000,"use":"尼崎","zone":"","station":"住宅"}},{"type":"Feature","geometry":{"type":"Point","coordinates":[135.39373,34.73857]},"properties":{"price":166000,"use":"尼崎","zone":"","station":"住宅"}},{"type":"Feature","geometry":{"type":"Point","coordinates":[135.42532,34.76212]},"properties":{"price":152000,"use":"尼崎","zone":"","station":"住宅"}},{"type":"Feature","geometry":{"type":"Point","coordinates":[135.39788,34.75937]},"properties":{"price":227000,"use":"尼崎","zone":"","station":"住宅"}},{"type":"Feature","geometry":{"type":"Point","coordinates":[135.43355,34.76064]},"properties":{"price":159000,"use":"尼崎","zone":"","station":"住宅"}},{"type":"Feature","geometry":{"type":"Point","coordinates":[135.44425,34.74634]},"properties":{"price":173000,"use":"尼崎","zone":"","station":"住宅"}},{"type":"Feature","geometry":{"type":"Point","coordinates":[135.38312,34.73569]},"properties":{"price":170000,"use":"尼崎","zone":"","station":"住宅"}},{"type":"Feature","geometry":{"type":"Point","coordinates":[135.39002,34.7467]},"properties":{"price":277000,"use":"尼崎","zone":"","station":"住宅"}},{"type":"Feature","geometry":{"type":"Point","coordinates":[135.38472,34.75832]},"properties":{"price":226000,"use":"尼崎","zone":"","station":"住宅"}},{"type":"Feature","geometry":{"type":"Point","coordinates":[135.42031,34.75166]},"properties":{"price":370000,"use":"尼崎","zone":"","station":"共同住宅"}},{"type":"Feature","geometry":{"type":"Point","coordinates":[135.45656,34.73663]},"properties":{"price":92000,"use":"尼崎","zone":"","station":"住宅"}},{"type":"Feature","geometry":{"type":"Point","coordinates":[135.40874,34.74149]},"properties":{"price":188000,"use":"尼崎","zone":"","station":"住宅"}},{"type":"Feature","geometry":{"type":"Point","coordinates":[135.42412,34.76701]},"properties":{"price":144000,"use":"尼崎","zone":"","station":"住宅"}},{"type":"Feature","geometry":{"type":"Point","coordinates":[135.38447,34.76525]},"properties":{"price":194000,"use":"尼崎","zone":"","station":"住宅"}},{"type":"Feature","geometry":{"type":"Point","coordinates":[135.43187,34.73878]},"properties":{"price":172000,"use":"尼崎","zone":"","station":"住宅"}},{"type":"Feature","geometry":{"type":"Point","coordinates":[135.37679,34.75447]},"properties":{"price":207000,"use":"尼崎","zone":"","station":"住宅"}},{"type":"Feature","geometry":{"type":"Point","coordinates":[135.43878,34.72733]},"properties":{"price":166000,"use":"尼崎","zone":"","station":"住宅"}},{"type":"Feature","geometry":{"type":"Point","coordinates":[135.44327,34.72132]},"properties":{"price":154000,"use":"尼崎","zone":"","station":"住宅"}},{"type":"Feature","geometry":{"type":"Point","coordinates":[135.39501,34.71705]},"properties":{"price":165000,"use":"尼崎","zone":"","station":"住宅"}},{"type":"Feature","geometry":{"type":"Point","coordinates":[135.43643,34.74719]},"properties":{"price":202000,"use":"尼崎","zone":"","station":"住宅"}},{"type":"Feature","geometry":{"type":"Point","coordinates":[135.42639,34.71471]},"properties":{"price":161000,"use":"尼崎","zone":"","station":"住宅"}},{"type":"Feature","geometry":{"type":"Point","coordinates":[135.39374,34.72644]},"properties":{"price":158000,"use":"尼崎","zone":"","station":"住宅"}},{"type":"Feature","geometry":{"type":"Point","coordinates":[135.38445,34.74724]},"properties":{"price":197000,"use":"尼崎","zone":"","station":"住宅"}},{"type":"Feature","geometry":{"type":"Point","coordinates":[135.38607,34.72517]},"properties":{"price":160000,"use":"尼崎","zone":"","station":"住宅"}},{"type":"Feature","geometry":{"type":"Point","coordinates":[135.43967,34.73375]},"properties":{"price":186000,"use":"尼崎","zone":"","station":"住宅"}},{"type":"Feature","geometry":{"type":"Point","coordinates":[135.41079,34.72655]},"properties":{"price":191000,"use":"尼崎","zone":"","station":"住宅"}},{"type":"Feature","geometry":{"type":"Point","coordinates":[135.38511,34.71338]},"properties":{"price":166000,"use":"尼崎","zone":"","station":"住宅"}},{"type":"Feature","geometry":{"type":"Point","coordinates":[135.41625,34.7151]},"properties":{"price":168000,"use":"尼崎","zone":"","station":"住宅"}},{"type":"Feature","geometry":{"type":"Point","coordinates":[135.40066,34.75053]},"properties":{"price":200000,"use":"尼崎","zone":"","station":"住宅"}},{"type":"Feature","geometry":{"type":"Point","coordinates":[135.43098,34.72206]},"properties":{"price":185000,"use":"尼崎","zone":"","station":"住宅"}},{"type":"Feature","geometry":{"type":"Point","coordinates":[135.40127,34.73283]},"properties":{"price":207000,"use":"尼崎","zone":"","station":"住宅"}},{"type":"Feature","geometry":{"type":"Point","coordinates":[135.41297,34.75054]},"properties":{"price":309000,"use":"尼崎","zone":"","station":"住宅"}},{"type":"Feature","geometry":{"type":"Point","coordinates":[135.38342,34.76927]},"properties":{"price":163000,"use":"尼崎","zone":"","station":"住宅"}},{"type":"Feature","geometry":{"type":"Point","coordinates":[135.4391,34.71774]},"properties":{"price":193000,"use":"尼崎","zone":"","station":"住宅"}},{"type":"Feature","geometry":{"type":"Point","coordinates":[135.40199,34.7545]},"properties":{"price":214000,"use":"尼崎","zone":"","station":"住宅"}},{"type":"Feature","geometry":{"type":"Point","coordinates":[135.42045,34.73576]},"properties":{"price":165000,"use":"尼崎","zone":"","station":"住宅"}},{"type":"Feature","geometry":{"type":"Point","coordinates":[135.39972,34.72651]},"properties":{"price":170000,"use":"尼崎","zone":"","station":"住宅"}},{"type":"Feature","geometry":{"type":"Point","coordinates":[135.44868,34.75028]},"properties":{"price":259000,"use":"尼崎","zone":"","station":"住宅"}},{"type":"Feature","geometry":{"type":"Point","coordinates":[135.38575,34.71804]},"properties":{"price":167000,"use":"尼崎","zone":"","station":"住宅"}},{"type":"Feature","geometry":{"type":"Point","coordinates":[135.39447,34.74572]},"properties":{"price":265000,"use":"尼崎","zone":"","station":"住宅"}},{"type":"Feature","geometry":{"type":"Point","coordinates":[135.38966,34.73676]},"properties":{"price":156000,"use":"尼崎","zone":"","station":"住宅"}},{"type":"Feature","geometry":{"type":"Point","coordinates":[135.43997,34.75251]},"properties":{"price":164000,"use":"尼崎","zone":"","station":"住宅"}},{"type":"Feature","geometry":{"type":"Point","coordinates":[135.43042,34.75418]},"properties":{"price":180000,"use":"尼崎","zone":"","station":"住宅"}},{"type":"Feature","geometry":{"type":"Point","coordinates":[135.41164,34.71648]},"properties":{"price":173000,"use":"尼崎","zone":"","station":"住宅"}},{"type":"Feature","geometry":{"type":"Point","coordinates":[135.42753,34.75233]},"properties":{"price":286000,"use":"尼崎","zone":"","station":"住宅"}},{"type":"Feature","geometry":{"type":"Point","coordinates":[135.40582,34.71923]},"properties":{"price":265000,"use":"尼崎","zone":"","station":"医院兼住宅"}},{"type":"Feature","geometry":{"type":"Point","coordinates":[135.39367,34.75078]},"properties":{"price":470000,"use":"尼崎","zone":"","station":"店舗兼共同住宅"}},{"type":"Feature","geometry":{"type":"Point","coordinates":[135.41538,34.72116]},"properties":{"price":415000,"use":"尼崎","zone":"","station":"店舗、事務所兼共同住宅"}},{"type":"Feature","geometry":{"type":"Point","coordinates":[135.41594,34.71976]},"properties":{"price":505000,"use":"尼崎","zone":"","station":"空地"}},{"type":"Feature","geometry":{"type":"Point","coordinates":[135.39904,34.74249]},"properties":{"price":260000,"use":"尼崎","zone":"","station":"病院"}},{"type":"Feature","geometry":{"type":"Point","coordinates":[135.44786,34.75338]},"properties":{"price":298000,"use":"尼崎","zone":"","station":"店舗"}},{"type":"Feature","geometry":{"type":"Point","coordinates":[135.41708,34.75164]},"properties":{"price":430000,"use":"尼崎","zone":"","station":"店舗兼事務所"}},{"type":"Feature","geometry":{"type":"Point","coordinates":[135.39687,34.72699]},"properties":{"price":301000,"use":"尼崎","zone":"","station":"店舗"}},{"type":"Feature","geometry":{"type":"Point","coordinates":[135.38311,34.75777]},"properties":{"price":240000,"use":"尼崎","zone":"","station":"店舗兼住宅"}},{"type":"Feature","geometry":{"type":"Point","coordinates":[135.416,34.71798]},"properties":{"price":455000,"use":"尼崎","zone":"","station":"店舗兼事務所"}},{"type":"Feature","geometry":{"type":"Point","coordinates":[135.42004,34.73784]},"properties":{"price":209000,"use":"尼崎","zone":"","station":"店舗兼住宅"}},{"type":"Feature","geometry":{"type":"Point","coordinates":[135.39174,34.75284]},"properties":{"price":388000,"use":"尼崎","zone":"","station":"店舗兼住宅"}},{"type":"Feature","geometry":{"type":"Point","coordinates":[135.4299,34.73267]},"properties":{"price":780000,"use":"尼崎","zone":"","station":"店舗兼事務所"}},{"type":"Feature","geometry":{"type":"Point","coordinates":[135.43259,34.74952]},"properties":{"price":203000,"use":"尼崎","zone":"","station":"店舗兼住宅"}},{"type":"Feature","geometry":{"type":"Point","coordinates":[135.42434,34.75129]},"properties":{"price":383000,"use":"尼崎","zone":"","station":"店舗兼共同住宅"}},{"type":"Feature","geometry":{"type":"Point","coordinates":[135.42383,34.72856]},"properties":{"price":170000,"use":"尼崎","zone":"","station":"倉庫兼事務所"}},{"type":"Feature","geometry":{"type":"Point","coordinates":[135.42831,34.74137]},"properties":{"price":130000,"use":"尼崎","zone":"","station":"工場"}},{"type":"Feature","geometry":{"type":"Point","coordinates":[135.38589,34.69992]},"properties":{"price":134000,"use":"尼崎","zone":"","station":"工場"}},{"type":"Feature","geometry":{"type":"Point","coordinates":[135.42188,34.74767]},"properties":{"price":136000,"use":"尼崎","zone":"","station":"工場"}},{"type":"Feature","geometry":{"type":"Point","coordinates":[135.4044,34.7128]},"properties":{"price":185000,"use":"尼崎","zone":"","station":"倉庫"}},{"type":"Feature","geometry":{"type":"Point","coordinates":[135.41886,34.72749]},"properties":{"price":140000,"use":"尼崎","zone":"","station":"工場"}},{"type":"Feature","geometry":{"type":"Point","coordinates":[135.40396,34.69704]},"properties":{"price":118000,"use":"尼崎","zone":"","station":"工場"}},{"type":"Feature","geometry":{"type":"Point","coordinates":[135.40144,34.71665]},"properties":{"price":142000,"use":"尼崎","zone":"","station":"工場"}},{"type":"Feature","geometry":{"type":"Point","coordinates":[135.41467,34.74098]},"properties":{"price":170000,"use":"尼崎","zone":"","station":"事務所兼倉庫"}},{"type":"Feature","geometry":{"type":"Point","coordinates":[135.44045,34.74375]},"properties":{"price":165000,"use":"尼崎","zone":"","station":"工場"}},{"type":"Feature","geometry":{"type":"Point","coordinates":[135.41784,34.70645]},"properties":{"price":140000,"use":"尼崎","zone":"","station":"工場"}},{"type":"Feature","geometry":{"type":"Point","coordinates":[134.90564,34.68313]},"properties":{"price":75000,"use":"明石","zone":"","station":"住宅"}},{"type":"Feature","geometry":{"type":"Point","coordinates":[134.98583,34.6446]},"properties":{"price":120000,"use":"明石","zone":"","station":"住宅"}},{"type":"Feature","geometry":{"type":"Point","coordinates":[134.88914,34.70978]},"properties":{"price":83300,"use":"明石","zone":"","station":"住宅"}},{"type":"Feature","geometry":{"type":"Point","coordinates":[135.01159,34.64765]},"properties":{"price":133000,"use":"明石","zone":"","station":"住宅"}},{"type":"Feature","geometry":{"type":"Point","coordinates":[134.93493,34.68073]},"properties":{"price":149000,"use":"明石","zone":"","station":"住宅"}},{"type":"Feature","geometry":{"type":"Point","coordinates":[135.00035,34.65519]},"properties":{"price":200000,"use":"明石","zone":"","station":"住宅"}},{"type":"Feature","geometry":{"type":"Point","coordinates":[135.00017,34.64939]},"properties":{"price":157000,"use":"明石","zone":"","station":"住宅"}},{"type":"Feature","geometry":{"type":"Point","coordinates":[134.89322,34.71604]},"properties":{"price":74500,"use":"明石","zone":"","station":"住宅"}},{"type":"Feature","geometry":{"type":"Point","coordinates":[135.01285,34.65445]},"properties":{"price":119000,"use":"明石","zone":"","station":"住宅"}},{"type":"Feature","geometry":{"type":"Point","coordinates":[134.94111,34.68892]},"properties":{"price":97000,"use":"明石","zone":"","station":"住宅"}},{"type":"Feature","geometry":{"type":"Point","coordinates":[134.98052,34.6541]},"properties":{"price":129000,"use":"明石","zone":"","station":"住宅"}},{"type":"Feature","geometry":{"type":"Point","coordinates":[134.88712,34.70292]},"properties":{"price":87000,"use":"明石","zone":"","station":"住宅"}},{"type":"Feature","geometry":{"type":"Point","coordinates":[134.96856,34.66744]},"properties":{"price":141000,"use":"明石","zone":"","station":"住宅"}},{"type":"Feature","geometry":{"type":"Point","coordinates":[134.89978,34.6927]},"properties":{"price":87800,"use":"明石","zone":"","station":"住宅"}},{"type":"Feature","geometry":{"type":"Point","coordinates":[134.94205,34.67085]},"properties":{"price":74500,"use":"明石","zone":"","station":"住宅"}},{"type":"Feature","geometry":{"type":"Point","coordinates":[134.95745,34.67144]},"properties":{"price":124000,"use":"明石","zone":"","station":"住宅"}},{"type":"Feature","geometry":{"type":"Point","coordinates":[134.94832,34.70011]},"properties":{"price":84500,"use":"明石","zone":"","station":"住宅"}},{"type":"Feature","geometry":{"type":"Point","coordinates":[134.93675,34.67024]},"properties":{"price":97000,"use":"明石","zone":"","station":"店舗兼共同住宅"}},{"type":"Feature","geometry":{"type":"Point","coordinates":[134.89935,34.70439]},"properties":{"price":80800,"use":"明石","zone":"","station":"住宅"}},{"type":"Feature","geometry":{"type":"Point","coordinates":[135.01924,34.65006]},"properties":{"price":140000,"use":"明石","zone":"","station":"住宅"}},{"type":"Feature","geometry":{"type":"Point","coordinates":[134.93416,34.69875]},"properties":{"price":82000,"use":"明石","zone":"","station":"住宅"}},{"type":"Feature","geometry":{"type":"Point","coordinates":[134.90242,34.71507]},"properties":{"price":68400,"use":"明石","zone":"","station":"住宅"}},{"type":"Feature","geometry":{"type":"Point","coordinates":[134.91184,34.69451]},"properties":{"price":106000,"use":"明石","zone":"","station":"住宅"}},{"type":"Feature","geometry":{"type":"Point","coordinates":[134.87966,34.70301]},"properties":{"price":77000,"use":"明石","zone":"","station":"住宅"}},{"type":"Feature","geometry":{"type":"Point","coordinates":[134.9961,34.64917]},"properties":{"price":195000,"use":"明石","zone":"","station":"住宅"}},{"type":"Feature","geometry":{"type":"Point","coordinates":[134.92049,34.67938]},"properties":{"price":50900,"use":"明石","zone":"","station":"住宅"}},{"type":"Feature","geometry":{"type":"Point","coordinates":[134.96379,34.67996]},"properties":{"price":87000,"use":"明石","zone":"","station":"住宅"}},{"type":"Feature","geometry":{"type":"Point","coordinates":[134.96449,34.65058]},"properties":{"price":94300,"use":"明石","zone":"","station":"住宅"}},{"type":"Feature","geometry":{"type":"Point","coordinates":[135.00851,34.64934]},"properties":{"price":120000,"use":"明石","zone":"","station":"住宅"}},{"type":"Feature","geometry":{"type":"Point","coordinates":[135.00603,34.64536]},"properties":{"price":117000,"use":"明石","zone":"","station":"住宅"}},{"type":"Feature","geometry":{"type":"Point","coordinates":[134.95519,34.66085]},"properties":{"price":108000,"use":"明石","zone":"","station":"住宅"}},{"type":"Feature","geometry":{"type":"Point","coordinates":[134.88336,34.69825]},"properties":{"price":73500,"use":"明石","zone":"","station":"住宅"}},{"type":"Feature","geometry":{"type":"Point","coordinates":[135.02079,34.65697]},"properties":{"price":115000,"use":"明石","zone":"","station":"住宅"}},{"type":"Feature","geometry":{"type":"Point","coordinates":[134.9888,34.64339]},"properties":{"price":118000,"use":"明石","zone":"","station":"共同住宅"}},{"type":"Feature","geometry":{"type":"Point","coordinates":[134.97305,34.65186]},"properties":{"price":94000,"use":"明石","zone":"","station":"住宅"}},{"type":"Feature","geometry":{"type":"Point","coordinates":[134.99265,34.64734]},"properties":{"price":535000,"use":"明石","zone":"","station":"事務所"}},{"type":"Feature","geometry":{"type":"Point","coordinates":[134.99136,34.64621]},"properties":{"price":187000,"use":"明石","zone":"","station":"店舗兼共同住宅"}},{"type":"Feature","geometry":{"type":"Point","coordinates":[134.9624,34.66806]},"properties":{"price":280000,"use":"明石","zone":"","station":"事務所兼車庫"}},{"type":"Feature","geometry":{"type":"Point","coordinates":[134.9253,34.69178]},"properties":{"price":86800,"use":"明石","zone":"","station":"空地"}},{"type":"Feature","geometry":{"type":"Point","coordinates":[134.89296,34.72033]},"properties":{"price":98000,"use":"明石","zone":"","station":"店舗、作業所兼住宅等"}},{"type":"Feature","geometry":{"type":"Point","coordinates":[134.98166,34.65048]},"properties":{"price":153000,"use":"明石","zone":"","station":"事務所兼店舗"}},{"type":"Feature","geometry":{"type":"Point","coordinates":[134.9975,34.64636]},"properties":{"price":154000,"use":"明石","zone":"","station":"店舗"}},{"type":"Feature","geometry":{"type":"Point","coordinates":[134.96944,34.66988]},"properties":{"price":154000,"use":"明石","zone":"","station":"銀行"}},{"type":"Feature","geometry":{"type":"Point","coordinates":[134.90807,34.69674]},"properties":{"price":138000,"use":"明石","zone":"","station":"店舗"}},{"type":"Feature","geometry":{"type":"Point","coordinates":[134.98658,34.64786]},"properties":{"price":265000,"use":"明石","zone":"","station":"事務所"}},{"type":"Feature","geometry":{"type":"Point","coordinates":[134.99057,34.64989]},"properties":{"price":273000,"use":"明石","zone":"","station":"店舗兼事務所"}},{"type":"Feature","geometry":{"type":"Point","coordinates":[135.01787,34.64471]},"properties":{"price":280000,"use":"明石","zone":"","station":"店舗兼医院"}},{"type":"Feature","geometry":{"type":"Point","coordinates":[134.94047,34.68362]},"properties":{"price":242000,"use":"明石","zone":"","station":"店舗、事務所兼住宅"}},{"type":"Feature","geometry":{"type":"Point","coordinates":[134.95576,34.65916]},"properties":{"price":42500,"use":"明石","zone":"","station":"工場"}},{"type":"Feature","geometry":{"type":"Point","coordinates":[134.8773,34.68943]},"properties":{"price":53000,"use":"明石","zone":"","station":"工場、倉庫兼事務所"}},{"type":"Feature","geometry":{"type":"Point","coordinates":[134.97653,34.65568]},"properties":{"price":84000,"use":"明石","zone":"","station":"倉庫兼作業場"}},{"type":"Feature","geometry":{"type":"Point","coordinates":[135.36157,34.725]},"properties":{"price":392000,"use":"西宮","zone":"","station":"住宅"}},{"type":"Feature","geometry":{"type":"Point","coordinates":[135.34193,34.74609]},"properties":{"price":291000,"use":"西宮","zone":"","station":"住宅"}},{"type":"Feature","geometry":{"type":"Point","coordinates":[135.36981,34.72747]},"properties":{"price":419000,"use":"西宮","zone":"","station":"住宅"}},{"type":"Feature","geometry":{"type":"Point","coordinates":[135.33315,34.7442]},"properties":{"price":390000,"use":"西宮","zone":"","station":"住宅"}},{"type":"Feature","geometry":{"type":"Point","coordinates":[135.32344,34.74864]},"properties":{"price":415000,"use":"西宮","zone":"","station":"住宅"}},{"type":"Feature","geometry":{"type":"Point","coordinates":[135.33097,34.7445]},"properties":{"price":430000,"use":"西宮","zone":"","station":"住宅"}},{"type":"Feature","geometry":{"type":"Point","coordinates":[135.35611,34.76877]},"properties":{"price":342000,"use":"西宮","zone":"","station":"住宅"}},{"type":"Feature","geometry":{"type":"Point","coordinates":[135.36053,34.75858]},"properties":{"price":305000,"use":"西宮","zone":"","station":"住宅"}},{"type":"Feature","geometry":{"type":"Point","coordinates":[135.37079,34.73595]},"properties":{"price":365000,"use":"西宮","zone":"","station":"住宅"}},{"type":"Feature","geometry":{"type":"Point","coordinates":[135.36894,34.73333]},"properties":{"price":343000,"use":"西宮","zone":"","station":"住宅"}},{"type":"Feature","geometry":{"type":"Point","coordinates":[135.33064,34.74656]},"properties":{"price":412000,"use":"西宮","zone":"","station":"共同住宅"}},{"type":"Feature","geometry":{"type":"Point","coordinates":[135.36194,34.76983]},"properties":{"price":339000,"use":"西宮","zone":"","station":"住宅"}},{"type":"Feature","geometry":{"type":"Point","coordinates":[135.36909,34.7472]},"properties":{"price":300000,"use":"西宮","zone":"","station":"住宅"}},{"type":"Feature","geometry":{"type":"Point","coordinates":[135.33051,34.7596]},"properties":{"price":275000,"use":"西宮","zone":"","station":"住宅"}},{"type":"Feature","geometry":{"type":"Point","coordinates":[135.3216,34.73491]},"properties":{"price":301000,"use":"西宮","zone":"","station":"住宅"}},{"type":"Feature","geometry":{"type":"Point","coordinates":[135.3265,34.75327]},"properties":{"price":369000,"use":"西宮","zone":"","station":"住宅"}},{"type":"Feature","geometry":{"type":"Point","coordinates":[135.3646,34.77608]},"properties":{"price":267000,"use":"西宮","zone":"","station":"住宅"}},{"type":"Feature","geometry":{"type":"Point","coordinates":[135.34762,34.75569]},"properties":{"price":209000,"use":"西宮","zone":"","station":"住宅"}},{"type":"Feature","geometry":{"type":"Point","coordinates":[135.35092,34.74852]},"properties":{"price":362000,"use":"西宮","zone":"","station":"住宅"}},{"type":"Feature","geometry":{"type":"Point","coordinates":[135.35519,34.77098]},"properties":{"price":297000,"use":"西宮","zone":"","station":"住宅"}},{"type":"Feature","geometry":{"type":"Point","coordinates":[135.36791,34.7666]},"properties":{"price":266000,"use":"西宮","zone":"","station":"住宅"}},{"type":"Feature","geometry":{"type":"Point","coordinates":[135.35611,34.75555]},"properties":{"price":357000,"use":"西宮","zone":"","station":"住宅"}},{"type":"Feature","geometry":{"type":"Point","coordinates":[135.36874,34.75305]},"properties":{"price":270000,"use":"西宮","zone":"","station":"住宅"}},{"type":"Feature","geometry":{"type":"Point","coordinates":[135.37117,34.75959]},"properties":{"price":225000,"use":"西宮","zone":"","station":"住宅"}},{"type":"Feature","geometry":{"type":"Point","coordinates":[135.35902,34.72909]},"properties":{"price":340000,"use":"西宮","zone":"","station":"住宅"}},{"type":"Feature","geometry":{"type":"Point","coordinates":[135.38013,34.72216]},"properties":{"price":268000,"use":"西宮","zone":"","station":"住宅"}},{"type":"Feature","geometry":{"type":"Point","coordinates":[135.34545,34.74669]},"properties":{"price":248000,"use":"西宮","zone":"","station":"住宅"}},{"type":"Feature","geometry":{"type":"Point","coordinates":[135.34837,34.73668]},"properties":{"price":317000,"use":"西宮","zone":"","station":"住宅"}},{"type":"Feature","geometry":{"type":"Point","coordinates":[135.34274,34.75027]},"properties":{"price":283000,"use":"西宮","zone":"","station":"住宅"}},{"type":"Feature","geometry":{"type":"Point","coordinates":[135.35453,34.73396]},"properties":{"price":270000,"use":"西宮","zone":"","station":"住宅"}},{"type":"Feature","geometry":{"type":"Point","coordinates":[135.32731,34.73953]},"properties":{"price":470000,"use":"西宮","zone":"","station":"住宅"}},{"type":"Feature","geometry":{"type":"Point","coordinates":[135.31401,34.75274]},"properties":{"price":187000,"use":"西宮","zone":"","station":"住宅"}},{"type":"Feature","geometry":{"type":"Point","coordinates":[135.36637,34.72443]},"properties":{"price":440000,"use":"西宮","zone":"","station":"住宅"}},{"type":"Feature","geometry":{"type":"Point","coordinates":[135.33627,34.75701]},"properties":{"price":194000,"use":"西宮","zone":"","station":"住宅"}},{"type":"Feature","geometry":{"type":"Point","coordinates":[135.33259,34.73172]},"properties":{"price":295000,"use":"西宮","zone":"","station":"住宅"}},{"type":"Feature","geometry":{"type":"Point","coordinates":[135.34021,34.75864]},"properties":{"price":198000,"use":"西宮","zone":"","station":"住宅"}},{"type":"Feature","geometry":{"type":"Point","coordinates":[135.33194,34.76208]},"properties":{"price":248000,"use":"西宮","zone":"","station":"住宅"}},{"type":"Feature","geometry":{"type":"Point","coordinates":[135.30252,34.82933]},"properties":{"price":37500,"use":"西宮","zone":"","station":"住宅"}},{"type":"Feature","geometry":{"type":"Point","coordinates":[135.35464,34.71472]},"properties":{"price":223000,"use":"西宮","zone":"","station":"住宅"}},{"type":"Feature","geometry":{"type":"Point","coordinates":[135.32768,34.738]},"properties":{"price":340000,"use":"西宮","zone":"","station":"住宅"}},{"type":"Feature","geometry":{"type":"Point","coordinates":[135.31846,34.73923]},"properties":{"price":323000,"use":"西宮","zone":"","station":"住宅"}},{"type":"Feature","geometry":{"type":"Point","coordinates":[135.37262,34.74038]},"properties":{"price":419000,"use":"西宮","zone":"","station":"住宅"}},{"type":"Feature","geometry":{"type":"Point","coordinates":[135.36758,34.71557]},"properties":{"price":273000,"use":"西宮","zone":"","station":"住宅"}},{"type":"Feature","geometry":{"type":"Point","coordinates":[135.31385,34.83276]},"properties":{"price":78000,"use":"西宮","zone":"","station":"住宅"}},{"type":"Feature","geometry":{"type":"Point","coordinates":[135.3729,34.74182]},"properties":{"price":416000,"use":"西宮","zone":"","station":"共同住宅"}},{"type":"Feature","geometry":{"type":"Point","coordinates":[135.37144,34.73172]},"properties":{"price":425000,"use":"西宮","zone":"","station":"住宅"}},{"type":"Feature","geometry":{"type":"Point","coordinates":[135.36433,34.74606]},"properties":{"price":339000,"use":"西宮","zone":"","station":"住宅"}},{"type":"Feature","geometry":{"type":"Point","coordinates":[135.3367,34.75054]},"properties":{"price":308000,"use":"西宮","zone":"","station":"住宅"}},{"type":"Feature","geometry":{"type":"Point","coordinates":[135.32757,34.81844]},"properties":{"price":67500,"use":"西宮","zone":"","station":"住宅"}},{"type":"Feature","geometry":{"type":"Point","coordinates":[135.33114,34.73534]},"properties":{"price":309000,"use":"西宮","zone":"","station":"住宅"}},{"type":"Feature","geometry":{"type":"Point","coordinates":[135.33025,34.73057]},"properties":{"price":312000,"use":"西宮","zone":"","station":"住宅"}},{"type":"Feature","geometry":{"type":"Point","coordinates":[135.32129,34.74629]},"properties":{"price":363000,"use":"西宮","zone":"","station":"住宅"}},{"type":"Feature","geometry":{"type":"Point","coordinates":[135.32442,34.74258]},"properties":{"price":447000,"use":"西宮","zone":"","station":"住宅"}},{"type":"Feature","geometry":{"type":"Point","coordinates":[135.32797,34.74644]},"properties":{"price":408000,"use":"西宮","zone":"","station":"住宅"}},{"type":"Feature","geometry":{"type":"Point","coordinates":[135.31306,34.77041]},"properties":{"price":85000,"use":"西宮","zone":"","station":"住宅"}},{"type":"Feature","geometry":{"type":"Point","coordinates":[135.34981,34.76799]},"properties":{"price":305000,"use":"西宮","zone":"","station":"住宅"}},{"type":"Feature","geometry":{"type":"Point","coordinates":[135.32888,34.76292]},"properties":{"price":217000,"use":"西宮","zone":"","station":"住宅"}},{"type":"Feature","geometry":{"type":"Point","coordinates":[135.32102,34.75293]},"properties":{"price":327000,"use":"西宮","zone":"","station":"住宅"}},{"type":"Feature","geometry":{"type":"Point","coordinates":[135.31045,34.76005]},"properties":{"price":146000,"use":"西宮","zone":"","station":"住宅"}},{"type":"Feature","geometry":{"type":"Point","coordinates":[135.35799,34.76051]},"properties":{"price":306000,"use":"西宮","zone":"","station":"住宅"}},{"type":"Feature","geometry":{"type":"Point","coordinates":[135.33097,34.81291]},"properties":{"price":55000,"use":"西宮","zone":"","station":"住宅"}},{"type":"Feature","geometry":{"type":"Point","coordinates":[135.28414,34.83479]},"properties":{"price":29500,"use":"西宮","zone":"","station":"住宅"}},{"type":"Feature","geometry":{"type":"Point","coordinates":[135.23617,34.84138]},"properties":{"price":36500,"use":"西宮","zone":"","station":"住宅"}},{"type":"Feature","geometry":{"type":"Point","coordinates":[135.35529,34.71855]},"properties":{"price":266000,"use":"西宮","zone":"","station":"住宅"}},{"type":"Feature","geometry":{"type":"Point","coordinates":[135.36055,34.75011]},"properties":{"price":460000,"use":"西宮","zone":"","station":"住宅"}},{"type":"Feature","geometry":{"type":"Point","coordinates":[135.3218,34.75657]},"properties":{"price":230000,"use":"西宮","zone":"","station":"住宅"}},{"type":"Feature","geometry":{"type":"Point","coordinates":[135.35953,34.76282]},"properties":{"price":317000,"use":"西宮","zone":"","station":"住宅"}},{"type":"Feature","geometry":{"type":"Point","coordinates":[135.31598,34.74873]},"properties":{"price":284000,"use":"西宮","zone":"","station":"住宅"}},{"type":"Feature","geometry":{"type":"Point","coordinates":[135.33885,34.72783]},"properties":{"price":225000,"use":"西宮","zone":"","station":"住宅"}},{"type":"Feature","geometry":{"type":"Point","coordinates":[135.32354,34.73862]},"properties":{"price":415000,"use":"西宮","zone":"","station":"住宅"}},{"type":"Feature","geometry":{"type":"Point","coordinates":[135.33616,34.74227]},"properties":{"price":370000,"use":"西宮","zone":"","station":"住宅"}},{"type":"Feature","geometry":{"type":"Point","coordinates":[135.33762,34.76485]},"properties":{"price":206000,"use":"西宮","zone":"","station":"住宅"}},{"type":"Feature","geometry":{"type":"Point","coordinates":[135.34891,34.76395]},"properties":{"price":243000,"use":"西宮","zone":"","station":"住宅"}},{"type":"Feature","geometry":{"type":"Point","coordinates":[135.32497,34.77029]},"properties":{"price":65500,"use":"西宮","zone":"","station":"住宅"}},{"type":"Feature","geometry":{"type":"Point","coordinates":[135.3513,34.72671]},"properties":{"price":235000,"use":"西宮","zone":"","station":"住宅"}},{"type":"Feature","geometry":{"type":"Point","coordinates":[135.3008,34.82557]},"properties":{"price":48000,"use":"西宮","zone":"","station":"住宅"}},{"type":"Feature","geometry":{"type":"Point","coordinates":[135.34983,34.75215]},"properties":{"price":282000,"use":"西宮","zone":"","station":"住宅"}},{"type":"Feature","geometry":{"type":"Point","coordinates":[135.35356,34.74741]},"properties":{"price":456000,"use":"西宮","zone":"","station":"共同住宅"}},{"type":"Feature","geometry":{"type":"Point","coordinates":[135.24252,34.8191]},"properties":{"price":41000,"use":"西宮","zone":"","station":"住宅"}},{"type":"Feature","geometry":{"type":"Point","coordinates":[135.2506,34.81139]},"properties":{"price":29400,"use":"西宮","zone":"","station":"住宅"}},{"type":"Feature","geometry":{"type":"Point","coordinates":[135.32739,34.72901]},"properties":{"price":297000,"use":"西宮","zone":"","station":"住宅"}},{"type":"Feature","geometry":{"type":"Point","coordinates":[135.3714,34.72201]},"properties":{"price":358000,"use":"西宮","zone":"","station":"住宅"}},{"type":"Feature","geometry":{"type":"Point","coordinates":[135.27106,34.84619]},"properties":{"price":13000,"use":"西宮","zone":"","station":"住宅"}},{"type":"Feature","geometry":{"type":"Point","coordinates":[135.37238,34.70989]},"properties":{"price":198000,"use":"西宮","zone":"","station":"住宅"}},{"type":"Feature","geometry":{"type":"Point","coordinates":[135.37729,34.71285]},"properties":{"price":223000,"use":"西宮","zone":"","station":"住宅"}},{"type":"Feature","geometry":{"type":"Point","coordinates":[135.36343,34.7288]},"properties":{"price":368000,"use":"西宮","zone":"","station":"住宅"}},{"type":"Feature","geometry":{"type":"Point","coordinates":[135.37736,34.73505]},"properties":{"price":365000,"use":"西宮","zone":"","station":"住宅"}},{"type":"Feature","geometry":{"type":"Point","coordinates":[135.35588,34.72368]},"properties":{"price":242000,"use":"西宮","zone":"","station":"住宅"}},{"type":"Feature","geometry":{"type":"Point","coordinates":[135.2516,34.83494]},"properties":{"price":47500,"use":"西宮","zone":"","station":"住宅"}},{"type":"Feature","geometry":{"type":"Point","coordinates":[135.24269,34.82323]},"properties":{"price":30700,"use":"西宮","zone":"","station":"住宅"}},{"type":"Feature","geometry":{"type":"Point","coordinates":[135.37144,34.77216]},"properties":{"price":237000,"use":"西宮","zone":"","station":"住宅"}},{"type":"Feature","geometry":{"type":"Point","coordinates":[135.36783,34.74889]},"properties":{"price":305000,"use":"西宮","zone":"","station":"住宅"}},{"type":"Feature","geometry":{"type":"Point","coordinates":[135.34375,34.77459]},"properties":{"price":137000,"use":"西宮","zone":"","station":"住宅"}},{"type":"Feature","geometry":{"type":"Point","coordinates":[135.36248,34.73442]},"properties":{"price":273000,"use":"西宮","zone":"","station":"住宅"}},{"type":"Feature","geometry":{"type":"Point","coordinates":[135.33655,34.7361]},"properties":{"price":528000,"use":"西宮","zone":"","station":"診療所、事務所兼住宅"}},{"type":"Feature","geometry":{"type":"Point","coordinates":[135.34402,34.74701]},"properties":{"price":345000,"use":"西宮","zone":"","station":"店舗"}},{"type":"Feature","geometry":{"type":"Point","coordinates":[135.33921,34.73796]},"properties":{"price":626000,"use":"西宮","zone":"","station":"事務所兼診療所"}},{"type":"Feature","geometry":{"type":"Point","coordinates":[135.35695,34.74454]},"properties":{"price":1150000,"use":"西宮","zone":"","station":"店舗兼事務所"}},{"type":"Feature","geometry":{"type":"Point","coordinates":[135.35222,34.73133]},"properties":{"price":435000,"use":"西宮","zone":"","station":"店舗兼診療所"}},{"type":"Feature","geometry":{"type":"Point","coordinates":[135.37497,34.73964]},"properties":{"price":468000,"use":"西宮","zone":"","station":"診療所兼住宅"}},{"type":"Feature","geometry":{"type":"Point","coordinates":[135.37377,34.7335]},"properties":{"price":415000,"use":"西宮","zone":"","station":"銀行"}},{"type":"Feature","geometry":{"type":"Point","coordinates":[135.32777,34.75028]},"properties":{"price":500000,"use":"西宮","zone":"","station":"事務所"}},{"type":"Feature","geometry":{"type":"Point","coordinates":[135.34339,34.72718]},"properties":{"price":298000,"use":"西宮","zone":"","station":"店舗"}},{"type":"Feature","geometry":{"type":"Point","coordinates":[135.32976,34.76133]},"properties":{"price":347000,"use":"西宮","zone":"","station":"店舗兼共同住宅"}},{"type":"Feature","geometry":{"type":"Point","coordinates":[135.33534,34.73841]},"properties":{"price":506000,"use":"西宮","zone":"","station":"店舗兼共同住宅"}},{"type":"Feature","geometry":{"type":"Point","coordinates":[135.35935,34.76586]},"properties":{"price":381000,"use":"西宮","zone":"","station":"店舗兼共同住宅"}},{"type":"Feature","geometry":{"type":"Point","coordinates":[135.34768,34.73747]},"properties":{"price":458000,"use":"西宮","zone":"","station":"店舗兼事務所"}},{"type":"Feature","geometry":{"type":"Point","coordinates":[135.35395,34.74263]},"properties":{"price":450000,"use":"西宮","zone":"","station":"店舗"}},{"type":"Feature","geometry":{"type":"Point","coordinates":[135.36064,34.69438]},"properties":{"price":140000,"use":"西宮","zone":"","station":"工場"}},{"type":"Feature","geometry":{"type":"Point","coordinates":[135.23477,34.82407]},"properties":{"price":70500,"use":"西宮","zone":"","station":"事務所兼倉庫"}},{"type":"Feature","geometry":{"type":"Point","coordinates":[135.33679,34.71482]},"properties":{"price":140000,"use":"西宮","zone":"","station":"事務所兼作業場"}},{"type":"Feature","geometry":{"type":"Point","coordinates":[134.89107,34.3396]},"properties":{"price":47100,"use":"洲本","zone":"","station":"住宅"}},{"type":"Feature","geometry":{"type":"Point","coordinates":[134.84536,34.33751]},"properties":{"price":37200,"use":"洲本","zone":"","station":"店舗兼住宅"}},{"type":"Feature","geometry":{"type":"Point","coordinates":[134.89287,34.32821]},"properties":{"price":36300,"use":"洲本","zone":"","station":"住宅"}},{"type":"Feature","geometry":{"type":"Point","coordinates":[134.85665,34.37267]},"properties":{"price":10700,"use":"洲本","zone":"","station":"住宅"}},{"type":"Feature","geometry":{"type":"Point","coordinates":[134.8922,34.34151]},"properties":{"price":80500,"use":"洲本","zone":"","station":"店舗兼住宅"}},{"type":"Feature","geometry":{"type":"Point","coordinates":[134.8948,34.34122]},"properties":{"price":95500,"use":"洲本","zone":"","station":"事務所兼住宅"}},{"type":"Feature","geometry":{"type":"Point","coordinates":[135.31154,34.73589]},"properties":{"price":502000,"use":"芦屋","zone":"","station":"住宅"}},{"type":"Feature","geometry":{"type":"Point","coordinates":[135.31691,34.72919]},"properties":{"price":311000,"use":"芦屋","zone":"","station":"共同住宅"}},{"type":"Feature","geometry":{"type":"Point","coordinates":[135.29923,34.74194]},"properties":{"price":362000,"use":"芦屋","zone":"","station":"住宅"}},{"type":"Feature","geometry":{"type":"Point","coordinates":[135.30248,34.72366]},"properties":{"price":306000,"use":"芦屋","zone":"","station":"住宅"}},{"type":"Feature","geometry":{"type":"Point","coordinates":[135.29883,34.73423]},"properties":{"price":445000,"use":"芦屋","zone":"","station":"住宅"}},{"type":"Feature","geometry":{"type":"Point","coordinates":[135.30799,34.72585]},"properties":{"price":347000,"use":"芦屋","zone":"","station":"住宅"}},{"type":"Feature","geometry":{"type":"Point","coordinates":[135.30175,34.72864]},"properties":{"price":448000,"use":"芦屋","zone":"","station":"住宅"}},{"type":"Feature","geometry":{"type":"Point","coordinates":[135.30689,34.72164]},"properties":{"price":306000,"use":"芦屋","zone":"","station":"住宅"}},{"type":"Feature","geometry":{"type":"Point","coordinates":[135.29719,34.73662]},"properties":{"price":415000,"use":"芦屋","zone":"","station":"住宅"}},{"type":"Feature","geometry":{"type":"Point","coordinates":[135.31497,34.74512]},"properties":{"price":338000,"use":"芦屋","zone":"","station":"住宅"}},{"type":"Feature","geometry":{"type":"Point","coordinates":[135.30384,34.73685]},"properties":{"price":710000,"use":"芦屋","zone":"","station":"住宅"}},{"type":"Feature","geometry":{"type":"Point","coordinates":[135.31494,34.73907]},"properties":{"price":402000,"use":"芦屋","zone":"","station":"共同住宅"}},{"type":"Feature","geometry":{"type":"Point","coordinates":[135.30804,34.744]},"properties":{"price":263000,"use":"芦屋","zone":"","station":"住宅"}},{"type":"Feature","geometry":{"type":"Point","coordinates":[135.31387,34.70991]},"properties":{"price":118000,"use":"芦屋","zone":"","station":"住宅"}},{"type":"Feature","geometry":{"type":"Point","coordinates":[135.30669,34.72829]},"properties":{"price":400000,"use":"芦屋","zone":"","station":"住宅"}},{"type":"Feature","geometry":{"type":"Point","coordinates":[135.32246,34.72061]},"properties":{"price":154000,"use":"芦屋","zone":"","station":"住宅"}},{"type":"Feature","geometry":{"type":"Point","coordinates":[135.30714,34.74153]},"properties":{"price":321000,"use":"芦屋","zone":"","station":"住宅"}},{"type":"Feature","geometry":{"type":"Point","coordinates":[135.31831,34.73269]},"properties":{"price":380000,"use":"芦屋","zone":"","station":"住宅"}},{"type":"Feature","geometry":{"type":"Point","coordinates":[135.31311,34.73166]},"properties":{"price":389000,"use":"芦屋","zone":"","station":"住宅"}},{"type":"Feature","geometry":{"type":"Point","coordinates":[135.30615,34.73361]},"properties":{"price":788000,"use":"芦屋","zone":"","station":"事務所"}},{"type":"Feature","geometry":{"type":"Point","coordinates":[135.30084,34.73618]},"properties":{"price":590000,"use":"芦屋","zone":"","station":"店舗兼住宅"}},{"type":"Feature","geometry":{"type":"Point","coordinates":[135.31617,34.73168]},"properties":{"price":356000,"use":"芦屋","zone":"","station":"店舗兼住宅"}},{"type":"Feature","geometry":{"type":"Point","coordinates":[135.30618,34.73641]},"properties":{"price":920000,"use":"芦屋","zone":"","station":"店舗"}},{"type":"Feature","geometry":{"type":"Point","coordinates":[135.41369,34.77268]},"properties":{"price":281000,"use":"伊丹","zone":"","station":"住宅"}},{"type":"Feature","geometry":{"type":"Point","coordinates":[135.41516,34.75938]},"properties":{"price":226000,"use":"伊丹","zone":"","station":"住宅"}},{"type":"Feature","geometry":{"type":"Point","coordinates":[135.37255,34.79293]},"properties":{"price":123000,"use":"伊丹","zone":"","station":"住宅"}},{"type":"Feature","geometry":{"type":"Point","coordinates":[135.38251,34.77713]},"properties":{"price":153000,"use":"伊丹","zone":"","station":"住宅"}},{"type":"Feature","geometry":{"type":"Point","coordinates":[135.40443,34.79182]},"properties":{"price":195000,"use":"伊丹","zone":"","station":"住宅"}},{"type":"Feature","geometry":{"type":"Point","coordinates":[135.41496,34.77766]},"properties":{"price":315000,"use":"伊丹","zone":"","station":"共同住宅"}},{"type":"Feature","geometry":{"type":"Point","coordinates":[135.4046,34.77236]},"properties":{"price":195000,"use":"伊丹","zone":"","station":"住宅"}},{"type":"Feature","geometry":{"type":"Point","coordinates":[135.40317,34.78647]},"properties":{"price":188000,"use":"伊丹","zone":"","station":"住宅"}},{"type":"Feature","geometry":{"type":"Point","coordinates":[135.39478,34.79841]},"properties":{"price":160000,"use":"伊丹","zone":"","station":"住宅"}},{"type":"Feature","geometry":{"type":"Point","coordinates":[135.38012,34.78892]},"properties":{"price":140000,"use":"伊丹","zone":"","station":"住宅"}},{"type":"Feature","geometry":{"type":"Point","coordinates":[135.39449,34.77435]},"properties":{"price":164000,"use":"伊丹","zone":"","station":"住宅"}},{"type":"Feature","geometry":{"type":"Point","coordinates":[135.40261,34.80206]},"properties":{"price":140000,"use":"伊丹","zone":"","station":"住宅"}},{"type":"Feature","geometry":{"type":"Point","coordinates":[135.41336,34.76321]},"properties":{"price":252000,"use":"伊丹","zone":"","station":"住宅"}},{"type":"Feature","geometry":{"type":"Point","coordinates":[135.43117,34.78306]},"properties":{"price":116000,"use":"伊丹","zone":"","station":"住宅"}},{"type":"Feature","geometry":{"type":"Point","coordinates":[135.41637,34.77414]},"properties":{"price":268000,"use":"伊丹","zone":"","station":"住宅"}},{"type":"Feature","geometry":{"type":"Point","coordinates":[135.40948,34.78475]},"properties":{"price":240000,"use":"伊丹","zone":"","station":"住宅"}},{"type":"Feature","geometry":{"type":"Point","coordinates":[135.3894,34.78673]},"properties":{"price":175000,"use":"伊丹","zone":"","station":"住宅"}},{"type":"Feature","geometry":{"type":"Point","coordinates":[135.40595,34.763]},"properties":{"price":218000,"use":"伊丹","zone":"","station":"住宅"}},{"type":"Feature","geometry":{"type":"Point","coordinates":[135.3965,34.78033]},"properties":{"price":172000,"use":"伊丹","zone":"","station":"住宅"}},{"type":"Feature","geometry":{"type":"Point","coordinates":[135.41217,34.79114]},"properties":{"price":184000,"use":"伊丹","zone":"","station":"住宅"}},{"type":"Feature","geometry":{"type":"Point","coordinates":[135.40974,34.79655]},"properties":{"price":158000,"use":"伊丹","zone":"","station":"住宅"}},{"type":"Feature","geometry":{"type":"Point","coordinates":[135.3789,34.81024]},"properties":{"price":159000,"use":"伊丹","zone":"","station":"住宅"}},{"type":"Feature","geometry":{"type":"Point","coordinates":[135.38782,34.80498]},"properties":{"price":140000,"use":"伊丹","zone":"","station":"住宅"}},{"type":"Feature","geometry":{"type":"Point","coordinates":[135.39566,34.76981]},"properties":{"price":178000,"use":"伊丹","zone":"","station":"住宅"}},{"type":"Feature","geometry":{"type":"Point","coordinates":[135.40115,34.77771]},"properties":{"price":170000,"use":"伊丹","zone":"","station":"住宅"}},{"type":"Feature","geometry":{"type":"Point","coordinates":[135.38251,34.79875]},"properties":{"price":148000,"use":"伊丹","zone":"","station":"住宅"}},{"type":"Feature","geometry":{"type":"Point","coordinates":[135.39233,34.79264]},"properties":{"price":158000,"use":"伊丹","zone":"","station":"住宅"}},{"type":"Feature","geometry":{"type":"Point","coordinates":[135.39734,34.76193]},"properties":{"price":192000,"use":"伊丹","zone":"","station":"住宅"}},{"type":"Feature","geometry":{"type":"Point","coordinates":[135.4202,34.77209]},"properties":{"price":210000,"use":"伊丹","zone":"","station":"住宅"}},{"type":"Feature","geometry":{"type":"Point","coordinates":[135.41395,34.7858]},"properties":{"price":207000,"use":"伊丹","zone":"","station":"住宅"}},{"type":"Feature","geometry":{"type":"Point","coordinates":[135.37216,34.7879]},"properties":{"price":116000,"use":"伊丹","zone":"","station":"住宅"}},{"type":"Feature","geometry":{"type":"Point","coordinates":[135.4127,34.76988]},"properties":{"price":240000,"use":"伊丹","zone":"","station":"住宅"}},{"type":"Feature","geometry":{"type":"Point","coordinates":[135.40466,34.76752]},"properties":{"price":175000,"use":"伊丹","zone":"","station":"住宅"}},{"type":"Feature","geometry":{"type":"Point","coordinates":[135.38563,34.77955]},"properties":{"price":150000,"use":"伊丹","zone":"","station":"住宅"}},{"type":"Feature","geometry":{"type":"Point","coordinates":[135.40324,34.78149]},"properties":{"price":205000,"use":"伊丹","zone":"","station":"住宅"}},{"type":"Feature","geometry":{"type":"Point","coordinates":[135.40872,34.77748]},"properties":{"price":240000,"use":"伊丹","zone":"","station":"住宅"}},{"type":"Feature","geometry":{"type":"Point","coordinates":[135.39132,34.79558]},"properties":{"price":173000,"use":"伊丹","zone":"","station":"店舗兼工場"}},{"type":"Feature","geometry":{"type":"Point","coordinates":[135.38776,34.81463]},"properties":{"price":153000,"use":"伊丹","zone":"","station":"店舗"}},{"type":"Feature","geometry":{"type":"Point","coordinates":[135.41201,34.77937]},"properties":{"price":398000,"use":"伊丹","zone":"","station":"店舗"}},{"type":"Feature","geometry":{"type":"Point","coordinates":[135.41823,34.77968]},"properties":{"price":317000,"use":"伊丹","zone":"","station":"店舗兼共同住宅"}},{"type":"Feature","geometry":{"type":"Point","coordinates":[135.40755,34.7874]},"properties":{"price":225000,"use":"伊丹","zone":"","station":"店舗"}},{"type":"Feature","geometry":{"type":"Point","coordinates":[135.40767,34.79136]},"properties":{"price":195000,"use":"伊丹","zone":"","station":"店舗兼工場"}},{"type":"Feature","geometry":{"type":"Point","coordinates":[135.41454,34.77968]},"properties":{"price":543000,"use":"伊丹","zone":"","station":"店舗兼事務所"}},{"type":"Feature","geometry":{"type":"Point","coordinates":[135.4207,34.78268]},"properties":{"price":334000,"use":"伊丹","zone":"","station":"店舗兼共同住宅"}},{"type":"Feature","geometry":{"type":"Point","coordinates":[135.41538,34.77868]},"properties":{"price":295000,"use":"伊丹","zone":"","station":"店舗、事務所兼共同住宅"}},{"type":"Feature","geometry":{"type":"Point","coordinates":[135.42151,34.7905]},"properties":{"price":115000,"use":"伊丹","zone":"","station":"工場"}},{"type":"Feature","geometry":{"type":"Point","coordinates":[135.42241,34.77511]},"properties":{"price":123000,"use":"伊丹","zone":"","station":"工場"}},{"type":"Feature","geometry":{"type":"Point","coordinates":[135.43627,34.7768]},"properties":{"price":114000,"use":"伊丹","zone":"","station":"事務所、作業場兼倉庫"}},{"type":"Feature","geometry":{"type":"Point","coordinates":[135.42799,34.7816]},"properties":{"price":113000,"use":"伊丹","zone":"","station":"工場"}},{"type":"Feature","geometry":{"type":"Point","coordinates":[134.47618,34.81661]},"properties":{"price":70500,"use":"相生","zone":"","station":"住宅"}},{"type":"Feature","geometry":{"type":"Point","coordinates":[134.47896,34.81954]},"properties":{"price":53000,"use":"相生","zone":"","station":"住宅"}},{"type":"Feature","geometry":{"type":"Point","coordinates":[134.46929,34.81255]},"properties":{"price":50000,"use":"相生","zone":"","station":"住宅"}},{"type":"Feature","geometry":{"type":"Point","coordinates":[134.45186,34.80374]},"properties":{"price":35000,"use":"相生","zone":"","station":"空地"}},{"type":"Feature","geometry":{"type":"Point","coordinates":[134.48428,34.81435]},"properties":{"price":64800,"use":"相生","zone":"","station":"住宅"}},{"type":"Feature","geometry":{"type":"Point","coordinates":[134.47678,34.79895]},"properties":{"price":24300,"use":"相生","zone":"","station":"住宅"}},{"type":"Feature","geometry":{"type":"Point","coordinates":[134.45095,34.85882]},"properties":{"price":10800,"use":"相生","zone":"","station":"住宅"}},{"type":"Feature","geometry":{"type":"Point","coordinates":[134.48296,34.78541]},"properties":{"price":12000,"use":"相生","zone":"","station":"住宅"}},{"type":"Feature","geometry":{"type":"Point","coordinates":[134.43132,34.83613]},"properties":{"price":14300,"use":"相生","zone":"","station":"住宅"}},{"type":"Feature","geometry":{"type":"Point","coordinates":[134.47121,34.80815]},"properties":{"price":37800,"use":"相生","zone":"","station":"店舗兼住宅"}},{"type":"Feature","geometry":{"type":"Point","coordinates":[134.47444,34.81718]},"properties":{"price":84600,"use":"相生","zone":"","station":"店舗兼住宅"}},{"type":"Feature","geometry":{"type":"Point","coordinates":[134.48519,34.8253]},"properties":{"price":22600,"use":"相生","zone":"","station":"工場"}},{"type":"Feature","geometry":{"type":"Point","coordinates":[134.81706,35.54177]},"properties":{"price":50000,"use":"豊岡","zone":"","station":"住宅"}},{"type":"Feature","geometry":{"type":"Point","coordinates":[134.83792,35.54388]},"properties":{"price":18300,"use":"豊岡","zone":"","station":"住宅"}},{"type":"Feature","geometry":{"type":"Point","coordinates":[134.81868,35.50133]},"properties":{"price":12400,"use":"豊岡","zone":"","station":"住宅"}},{"type":"Feature","geometry":{"type":"Point","coordinates":[134.87371,35.46295]},"properties":{"price":31700,"use":"豊岡","zone":"","station":"住宅"}},{"type":"Feature","geometry":{"type":"Point","coordinates":[134.80989,35.62902]},"properties":{"price":40100,"use":"豊岡","zone":"","station":"住宅"}},{"type":"Feature","geometry":{"type":"Point","coordinates":[134.75979,35.66025]},"properties":{"price":18500,"use":"豊岡","zone":"","station":"住宅"}},{"type":"Feature","geometry":{"type":"Point","coordinates":[134.86973,35.46988]},"properties":{"price":24200,"use":"豊岡","zone":"","station":"住宅"}},{"type":"Feature","geometry":{"type":"Point","coordinates":[134.77439,35.46684]},"properties":{"price":23100,"use":"豊岡","zone":"","station":"住宅"}},{"type":"Feature","geometry":{"type":"Point","coordinates":[134.72271,35.46267]},"properties":{"price":8900,"use":"豊岡","zone":"","station":"住宅"}},{"type":"Feature","geometry":{"type":"Point","coordinates":[134.81117,35.54517]},"properties":{"price":58500,"use":"豊岡","zone":"","station":"住宅"}},{"type":"Feature","geometry":{"type":"Point","coordinates":[134.82105,35.54402]},"properties":{"price":65000,"use":"豊岡","zone":"","station":"店舗兼住宅"}},{"type":"Feature","geometry":{"type":"Point","coordinates":[134.81335,35.55444]},"properties":{"price":65100,"use":"豊岡","zone":"","station":"店舗"}},{"type":"Feature","geometry":{"type":"Point","coordinates":[134.8086,35.62592]},"properties":{"price":198000,"use":"豊岡","zone":"","station":"店舗兼住宅"}},{"type":"Feature","geometry":{"type":"Point","coordinates":[134.76209,35.6559]},"properties":{"price":27600,"use":"豊岡","zone":"","station":"店舗兼事務所"}},{"type":"Feature","geometry":{"type":"Point","coordinates":[134.76865,35.46735]},"properties":{"price":45600,"use":"豊岡","zone":"","station":"診療所兼住宅"}},{"type":"Feature","geometry":{"type":"Point","coordinates":[134.8744,35.4627]},"properties":{"price":64000,"use":"豊岡","zone":"","station":"店舗"}},{"type":"Feature","geometry":{"type":"Point","coordinates":[134.80894,35.53933]},"properties":{"price":62700,"use":"豊岡","zone":"","station":"店舗"}},{"type":"Feature","geometry":{"type":"Point","coordinates":[134.83023,34.76717]},"properties":{"price":111000,"use":"加古川","zone":"","station":"住宅"}},{"type":"Feature","geometry":{"type":"Point","coordinates":[134.83612,34.75716]},"properties":{"price":123000,"use":"加古川","zone":"","station":"住宅"}},{"type":"Feature","geometry":{"type":"Point","coordinates":[134.82298,34.77459]},"properties":{"price":66100,"use":"加古川","zone":"","station":"住宅"}},{"type":"Feature","geometry":{"type":"Point","coordinates":[134.89317,34.72906]},"properties":{"price":63500,"use":"加古川","zone":"","station":"住宅"}},{"type":"Feature","geometry":{"type":"Point","coordinates":[134.90423,34.79276]},"properties":{"price":16700,"use":"加古川","zone":"","station":"住宅"}},{"type":"Feature","geometry":{"type":"Point","coordinates":[134.83325,34.76232]},"properties":{"price":125000,"use":"加古川","zone":"","station":"住宅"}},{"type":"Feature","geometry":{"type":"Point","coordinates":[134.84709,34.7631]},"properties":{"price":88600,"use":"加古川","zone":"","station":"住宅"}},{"type":"Feature","geometry":{"type":"Point","coordinates":[134.87239,34.78829]},"properties":{"price":68500,"use":"加古川","zone":"","station":"住宅"}},{"type":"Feature","geometry":{"type":"Point","coordinates":[134.84333,34.72569]},"properties":{"price":52900,"use":"加古川","zone":"","station":"住宅"}},{"type":"Feature","geometry":{"type":"Point","coordinates":[134.82108,34.81558]},"properties":{"price":26600,"use":"加古川","zone":"","station":"住宅"}},{"type":"Feature","geometry":{"type":"Point","coordinates":[134.85043,34.74888]},"properties":{"price":71400,"use":"加古川","zone":"","station":"住宅"}},{"type":"Feature","geometry":{"type":"Point","coordinates":[134.82289,34.78875]},"properties":{"price":72400,"use":"加古川","zone":"","station":"住宅"}},{"type":"Feature","geometry":{"type":"Point","coordinates":[134.87419,34.74291]},"properties":{"price":119000,"use":"加古川","zone":"","station":"住宅"}},{"type":"Feature","geometry":{"type":"Point","coordinates":[134.81696,34.75593]},"properties":{"price":64200,"use":"加古川","zone":"","station":"住宅"}},{"type":"Feature","geometry":{"type":"Point","coordinates":[134.88513,34.72961]},"properties":{"price":64900,"use":"加古川","zone":"","station":"住宅"}},{"type":"Feature","geometry":{"type":"Point","coordinates":[134.86642,34.739]},"properties":{"price":70800,"use":"加古川","zone":"","station":"住宅"}},{"type":"Feature","geometry":{"type":"Point","coordinates":[134.81839,34.78422]},"properties":{"price":70400,"use":"加古川","zone":"","station":"住宅"}},{"type":"Feature","geometry":{"type":"Point","coordinates":[134.81349,34.79709]},"properties":{"price":51100,"use":"加古川","zone":"","station":"住宅"}},{"type":"Feature","geometry":{"type":"Point","coordinates":[134.82491,34.74243]},"properties":{"price":61700,"use":"加古川","zone":"","station":"住宅"}},{"type":"Feature","geometry":{"type":"Point","coordinates":[134.83789,34.83466]},"properties":{"price":15700,"use":"加古川","zone":"","station":"住宅"}},{"type":"Feature","geometry":{"type":"Point","coordinates":[134.84883,34.7325]},"properties":{"price":71200,"use":"加古川","zone":"","station":"住宅"}},{"type":"Feature","geometry":{"type":"Point","coordinates":[134.88112,34.8046]},"properties":{"price":26000,"use":"加古川","zone":"","station":"住宅"}},{"type":"Feature","geometry":{"type":"Point","coordinates":[134.84339,34.75883]},"properties":{"price":122000,"use":"加古川","zone":"","station":"住宅"}},{"type":"Feature","geometry":{"type":"Point","coordinates":[134.82754,34.75359]},"properties":{"price":83600,"use":"加古川","zone":"","station":"店舗"}},{"type":"Feature","geometry":{"type":"Point","coordinates":[134.83653,34.76543]},"properties":{"price":186000,"use":"加古川","zone":"","station":"店舗"}},{"type":"Feature","geometry":{"type":"Point","coordinates":[134.84949,34.73012]},"properties":{"price":180000,"use":"加古川","zone":"","station":"店舗"}},{"type":"Feature","geometry":{"type":"Point","coordinates":[134.86892,34.74473]},"properties":{"price":126000,"use":"加古川","zone":"","station":"店舗"}},{"type":"Feature","geometry":{"type":"Point","coordinates":[134.87157,34.7397]},"properties":{"price":90800,"use":"加古川","zone":"","station":"店舗"}},{"type":"Feature","geometry":{"type":"Point","coordinates":[134.83563,34.76153]},"properties":{"price":128000,"use":"加古川","zone":"","station":"店舗兼共同住宅"}},{"type":"Feature","geometry":{"type":"Point","coordinates":[134.86816,34.74531]},"properties":{"price":189000,"use":"加古川","zone":"","station":"店舗兼事務所"}},{"type":"Feature","geometry":{"type":"Point","coordinates":[134.83881,34.767]},"properties":{"price":343000,"use":"加古川","zone":"","station":"店舗兼事務所"}},{"type":"Feature","geometry":{"type":"Point","coordinates":[134.85675,34.75055]},"properties":{"price":120000,"use":"加古川","zone":"","station":"店舗"}},{"type":"Feature","geometry":{"type":"Point","coordinates":[134.86395,34.74015]},"properties":{"price":126000,"use":"加古川","zone":"","station":"店舗兼共同住宅"}},{"type":"Feature","geometry":{"type":"Point","coordinates":[134.81558,34.73903]},"properties":{"price":48900,"use":"加古川","zone":"","station":"事務所兼作業場"}},{"type":"Feature","geometry":{"type":"Point","coordinates":[134.85941,34.76319]},"properties":{"price":35900,"use":"加古川","zone":"","station":"工場"}},{"type":"Feature","geometry":{"type":"Point","coordinates":[134.37597,34.75924]},"properties":{"price":55800,"use":"赤穂","zone":"","station":"住宅"}},{"type":"Feature","geometry":{"type":"Point","coordinates":[134.39267,34.75912]},"properties":{"price":57200,"use":"赤穂","zone":"","station":"住宅"}},{"type":"Feature","geometry":{"type":"Point","coordinates":[134.40741,34.76128]},"properties":{"price":40800,"use":"赤穂","zone":"","station":"住宅"}},{"type":"Feature","geometry":{"type":"Point","coordinates":[134.38545,34.75283]},"properties":{"price":62000,"use":"赤穂","zone":"","station":"住宅"}},{"type":"Feature","geometry":{"type":"Point","coordinates":[134.39521,34.74928]},"properties":{"price":50500,"use":"赤穂","zone":"","station":"住宅"}},{"type":"Feature","geometry":{"type":"Point","coordinates":[134.39898,34.74348]},"properties":{"price":47200,"use":"赤穂","zone":"","station":"住宅"}},{"type":"Feature","geometry":{"type":"Point","coordinates":[134.41039,34.7468]},"properties":{"price":45400,"use":"赤穂","zone":"","station":"住宅"}},{"type":"Feature","geometry":{"type":"Point","coordinates":[134.38769,34.75787]},"properties":{"price":59800,"use":"赤穂","zone":"","station":"空地"}},{"type":"Feature","geometry":{"type":"Point","coordinates":[134.33073,34.74707]},"properties":{"price":8040,"use":"赤穂","zone":"","station":"住宅"}},{"type":"Feature","geometry":{"type":"Point","coordinates":[134.37839,34.8267]},"properties":{"price":18600,"use":"赤穂","zone":"","station":"住宅"}},{"type":"Feature","geometry":{"type":"Point","coordinates":[134.40751,34.73205]},"properties":{"price":27600,"use":"赤穂","zone":"","station":"住宅"}},{"type":"Feature","geometry":{"type":"Point","coordinates":[134.4139,34.77978]},"properties":{"price":15700,"use":"赤穂","zone":"","station":"住宅"}},{"type":"Feature","geometry":{"type":"Point","coordinates":[134.41964,34.76911]},"properties":{"price":39600,"use":"赤穂","zone":"","station":"住宅"}},{"type":"Feature","geometry":{"type":"Point","coordinates":[134.39306,34.75545]},"properties":{"price":84500,"use":"赤穂","zone":"","station":"店舗兼住宅"}},{"type":"Feature","geometry":{"type":"Point","coordinates":[134.39754,34.75503]},"properties":{"price":82200,"use":"赤穂","zone":"","station":"店舗"}},{"type":"Feature","geometry":{"type":"Point","coordinates":[134.36732,34.75567]},"properties":{"price":20700,"use":"赤穂","zone":"","station":"工場"}},{"type":"Feature","geometry":{"type":"Point","coordinates":[134.39721,34.78857]},"properties":{"price":16100,"use":"赤穂","zone":"","station":"工場"}},{"type":"Feature","geometry":{"type":"Point","coordinates":[134.96633,34.97195]},"properties":{"price":32700,"use":"西脇","zone":"","station":"住宅"}},{"type":"Feature","geometry":{"type":"Point","coordinates":[134.96151,34.97828]},"properties":{"price":34200,"use":"西脇","zone":"","station":"住宅"}},{"type":"Feature","geometry":{"type":"Point","coordinates":[134.96851,34.99633]},"properties":{"price":22300,"use":"西脇","zone":"","station":"住宅"}},{"type":"Feature","geometry":{"type":"Point","coordinates":[134.95098,34.97671]},"properties":{"price":29900,"use":"西脇","zone":"","station":"住宅"}},{"type":"Feature","geometry":{"type":"Point","coordinates":[134.97531,34.98382]},"properties":{"price":23800,"use":"西脇","zone":"","station":"住宅"}},{"type":"Feature","geometry":{"type":"Point","coordinates":[134.99899,34.99243]},"properties":{"price":14700,"use":"西脇","zone":"","station":"住宅"}},{"type":"Feature","geometry":{"type":"Point","coordinates":[134.95363,35.02383]},"properties":{"price":11500,"use":"西脇","zone":"","station":"住宅"}},{"type":"Feature","geometry":{"type":"Point","coordinates":[134.98338,35.00328]},"properties":{"price":15100,"use":"西脇","zone":"","station":"住宅"}},{"type":"Feature","geometry":{"type":"Point","coordinates":[134.96386,34.97402]},"properties":{"price":52600,"use":"西脇","zone":"","station":"事務所"}},{"type":"Feature","geometry":{"type":"Point","coordinates":[135.33881,34.8049]},"properties":{"price":194000,"use":"宝塚","zone":"","station":"住宅"}},{"type":"Feature","geometry":{"type":"Point","coordinates":[135.37952,34.82167]},"properties":{"price":141000,"use":"宝塚","zone":"","station":"住宅"}},{"type":"Feature","geometry":{"type":"Point","coordinates":[135.34836,34.79708]},"properties":{"price":247000,"use":"宝塚","zone":"","station":"住宅"}},{"type":"Feature","geometry":{"type":"Point","coordinates":[135.34237,34.81582]},"properties":{"price":193000,"use":"宝塚","zone":"","station":"住宅"}},{"type":"Feature","geometry":{"type":"Point","coordinates":[135.35687,34.80783]},"properties":{"price":172000,"use":"宝塚","zone":"","station":"住宅"}},{"type":"Feature","geometry":{"type":"Point","coordinates":[135.37172,34.8049]},"properties":{"price":122000,"use":"宝塚","zone":"","station":"住宅"}},{"type":"Feature","geometry":{"type":"Point","coordinates":[135.35735,34.79665]},"properties":{"price":191000,"use":"宝塚","zone":"","station":"住宅"}},{"type":"Feature","geometry":{"type":"Point","coordinates":[135.35889,34.78971]},"properties":{"price":163000,"use":"宝塚","zone":"","station":"住宅"}},{"type":"Feature","geometry":{"type":"Point","coordinates":[135.35413,34.77415]},"properties":{"price":224000,"use":"宝塚","zone":"","station":"住宅"}},{"type":"Feature","geometry":{"type":"Point","coordinates":[135.39794,34.82978]},"properties":{"price":164000,"use":"宝塚","zone":"","station":"住宅"}},{"type":"Feature","geometry":{"type":"Point","coordinates":[135.39686,34.81941]},"properties":{"price":156000,"use":"宝塚","zone":"","station":"住宅"}},{"type":"Feature","geometry":{"type":"Point","coordinates":[135.36251,34.8104]},"properties":{"price":147000,"use":"宝塚","zone":"","station":"住宅"}},{"type":"Feature","geometry":{"type":"Point","coordinates":[135.35661,34.81674]},"properties":{"price":118000,"use":"宝塚","zone":"","station":"住宅"}},{"type":"Feature","geometry":{"type":"Point","coordinates":[135.36697,34.81034]},"properties":{"price":144000,"use":"宝塚","zone":"","station":"住宅"}},{"type":"Feature","geometry":{"type":"Point","coordinates":[135.33841,34.7959]},"properties":{"price":144000,"use":"宝塚","zone":"","station":"住宅"}},{"type":"Feature","geometry":{"type":"Point","coordinates":[135.35529,34.78464]},"properties":{"price":150000,"use":"宝塚","zone":"","station":"住宅"}},{"type":"Feature","geometry":{"type":"Point","coordinates":[135.34958,34.79182]},"properties":{"price":208000,"use":"宝塚","zone":"","station":"住宅"}},{"type":"Feature","geometry":{"type":"Point","coordinates":[135.35651,34.79999]},"properties":{"price":194000,"use":"宝塚","zone":"","station":"住宅"}},{"type":"Feature","geometry":{"type":"Point","coordinates":[135.35392,34.81329]},"properties":{"price":153000,"use":"宝塚","zone":"","station":"住宅"}},{"type":"Feature","geometry":{"type":"Point","coordinates":[135.38663,34.81534]},"properties":{"price":165000,"use":"宝塚","zone":"","station":"住宅"}},{"type":"Feature","geometry":{"type":"Point","coordinates":[135.39181,34.82108]},"properties":{"price":165000,"use":"宝塚","zone":"","station":"住宅"}},{"type":"Feature","geometry":{"type":"Point","coordinates":[135.3433,34.77663]},"properties":{"price":106000,"use":"宝塚","zone":"","station":"住宅"}},{"type":"Feature","geometry":{"type":"Point","coordinates":[135.36655,34.83721]},"properties":{"price":87000,"use":"宝塚","zone":"","station":"住宅"}},{"type":"Feature","geometry":{"type":"Point","coordinates":[135.33282,34.8107]},"properties":{"price":63000,"use":"宝塚","zone":"","station":"住宅"}},{"type":"Feature","geometry":{"type":"Point","coordinates":[135.3364,34.80728]},"properties":{"price":81500,"use":"宝塚","zone":"","station":"住宅"}},{"type":"Feature","geometry":{"type":"Point","coordinates":[135.36393,34.80292]},"properties":{"price":156000,"use":"宝塚","zone":"","station":"住宅"}},{"type":"Feature","geometry":{"type":"Point","coordinates":[135.40406,34.83349]},"properties":{"price":113000,"use":"宝塚","zone":"","station":"住宅"}},{"type":"Feature","geometry":{"type":"Point","coordinates":[135.36551,34.82766]},"properties":{"price":90500,"use":"宝塚","zone":"","station":"住宅"}},{"type":"Feature","geometry":{"type":"Point","coordinates":[135.36902,34.82237]},"properties":{"price":160000,"use":"宝塚","zone":"","station":"住宅"}},{"type":"Feature","geometry":{"type":"Point","coordinates":[135.37481,34.79879]},"properties":{"price":144000,"use":"宝塚","zone":"","station":"住宅"}},{"type":"Feature","geometry":{"type":"Point","coordinates":[135.37506,34.80395]},"properties":{"price":140000,"use":"宝塚","zone":"","station":"住宅"}},{"type":"Feature","geometry":{"type":"Point","coordinates":[135.3598,34.82261]},"properties":{"price":82300,"use":"宝塚","zone":"","station":"住宅"}},{"type":"Feature","geometry":{"type":"Point","coordinates":[135.40915,34.83921]},"properties":{"price":88700,"use":"宝塚","zone":"","station":"住宅"}},{"type":"Feature","geometry":{"type":"Point","coordinates":[135.3972,34.83771]},"properties":{"price":61400,"use":"宝塚","zone":"","station":"住宅"}},{"type":"Feature","geometry":{"type":"Point","coordinates":[135.3329,34.79181]},"properties":{"price":114000,"use":"宝塚","zone":"","station":"住宅"}},{"type":"Feature","geometry":{"type":"Point","coordinates":[135.37575,34.81494]},"properties":{"price":202000,"use":"宝塚","zone":"","station":"住宅"}},{"type":"Feature","geometry":{"type":"Point","coordinates":[135.35532,34.78063]},"properties":{"price":171000,"use":"宝塚","zone":"","station":"住宅"}},{"type":"Feature","geometry":{"type":"Point","coordinates":[135.38352,34.81956]},"properties":{"price":166000,"use":"宝塚","zone":"","station":"住宅"}},{"type":"Feature","geometry":{"type":"Point","coordinates":[135.39875,34.8261]},"properties":{"price":214000,"use":"宝塚","zone":"","station":"住宅"}},{"type":"Feature","geometry":{"type":"Point","coordinates":[135.35182,34.80243]},"properties":{"price":248000,"use":"宝塚","zone":"","station":"住宅"}},{"type":"Feature","geometry":{"type":"Point","coordinates":[135.34682,34.82064]},"properties":{"price":84500,"use":"宝塚","zone":"","station":"住宅"}},{"type":"Feature","geometry":{"type":"Point","coordinates":[135.34191,34.80711]},"properties":{"price":318000,"use":"宝塚","zone":"","station":"共同住宅"}},{"type":"Feature","geometry":{"type":"Point","coordinates":[135.36092,34.78305]},"properties":{"price":138000,"use":"宝塚","zone":"","station":"住宅"}},{"type":"Feature","geometry":{"type":"Point","coordinates":[135.34274,34.79112]},"properties":{"price":188000,"use":"宝塚","zone":"","station":"住宅"}},{"type":"Feature","geometry":{"type":"Point","coordinates":[135.34493,34.80096]},"properties":{"price":222000,"use":"宝塚","zone":"","station":"住宅"}},{"type":"Feature","geometry":{"type":"Point","coordinates":[135.34596,34.79397]},"properties":{"price":222000,"use":"宝塚","zone":"","station":"住宅"}},{"type":"Feature","geometry":{"type":"Point","coordinates":[135.34048,34.81257]},"properties":{"price":230000,"use":"宝塚","zone":"","station":"住宅"}},{"type":"Feature","geometry":{"type":"Point","coordinates":[135.36539,34.79517]},"properties":{"price":167000,"use":"宝塚","zone":"","station":"住宅"}},{"type":"Feature","geometry":{"type":"Point","coordinates":[135.31047,34.91109]},"properties":{"price":14800,"use":"宝塚","zone":"","station":"店舗兼住宅"}},{"type":"Feature","geometry":{"type":"Point","coordinates":[135.35098,34.79854]},"properties":{"price":474000,"use":"宝塚","zone":"","station":"銀行"}},{"type":"Feature","geometry":{"type":"Point","coordinates":[135.37448,34.81498]},"properties":{"price":235000,"use":"宝塚","zone":"","station":"店舗兼事務所"}},{"type":"Feature","geometry":{"type":"Point","coordinates":[135.35689,34.77448]},"properties":{"price":286000,"use":"宝塚","zone":"","station":"店舗"}},{"type":"Feature","geometry":{"type":"Point","coordinates":[135.35524,34.78776]},"properties":{"price":215000,"use":"宝塚","zone":"","station":"店舗兼共同住宅"}},{"type":"Feature","geometry":{"type":"Point","coordinates":[135.34026,34.81006]},"properties":{"price":500000,"use":"宝塚","zone":"","station":"店舗兼事務所"}},{"type":"Feature","geometry":{"type":"Point","coordinates":[135.37524,34.80457]},"properties":{"price":155000,"use":"宝塚","zone":"","station":"店舗"}},{"type":"Feature","geometry":{"type":"Point","coordinates":[135.34729,34.8043]},"properties":{"price":280000,"use":"宝塚","zone":"","station":"店舗兼共同住宅"}},{"type":"Feature","geometry":{"type":"Point","coordinates":[135.3524,34.81202]},"properties":{"price":167000,"use":"宝塚","zone":"","station":"店舗兼住宅"}},{"type":"Feature","geometry":{"type":"Point","coordinates":[135.37335,34.79492]},"properties":{"price":104000,"use":"宝塚","zone":"","station":"工場"}},{"type":"Feature","geometry":{"type":"Point","coordinates":[135.36665,34.78866]},"properties":{"price":139000,"use":"宝塚","zone":"","station":"工場"}},{"type":"Feature","geometry":{"type":"Point","coordinates":[134.97043,34.8084]},"properties":{"price":31600,"use":"三木","zone":"","station":"住宅"}},{"type":"Feature","geometry":{"type":"Point","coordinates":[134.97021,34.78668]},"properties":{"price":25200,"use":"三木","zone":"","station":"住宅"}},{"type":"Feature","geometry":{"type":"Point","coordinates":[134.98144,34.80172]},"properties":{"price":55200,"use":"三木","zone":"","station":"住宅"}},{"type":"Feature","geometry":{"type":"Point","coordinates":[135.01139,34.78527]},"properties":{"price":40800,"use":"三木","zone":"","station":"住宅"}},{"type":"Feature","geometry":{"type":"Point","coordinates":[135.01168,34.79628]},"properties":{"price":14400,"use":"三木","zone":"","station":"住宅"}},{"type":"Feature","geometry":{"type":"Point","coordinates":[135.03767,34.78084]},"properties":{"price":53000,"use":"三木","zone":"","station":"住宅"}},{"type":"Feature","geometry":{"type":"Point","coordinates":[135.00716,34.77326]},"properties":{"price":14800,"use":"三木","zone":"","station":"住宅"}},{"type":"Feature","geometry":{"type":"Point","coordinates":[135.11689,34.91007]},"properties":{"price":11500,"use":"三木","zone":"","station":"住宅"}},{"type":"Feature","geometry":{"type":"Point","coordinates":[134.94199,34.79195]},"properties":{"price":14600,"use":"三木","zone":"","station":"住宅"}},{"type":"Feature","geometry":{"type":"Point","coordinates":[134.9791,34.80062]},"properties":{"price":76900,"use":"三木","zone":"","station":"店舗"}},{"type":"Feature","geometry":{"type":"Point","coordinates":[135.11372,34.885]},"properties":{"price":37400,"use":"三木","zone":"","station":"店舗"}},{"type":"Feature","geometry":{"type":"Point","coordinates":[134.96934,34.80507]},"properties":{"price":67600,"use":"三木","zone":"","station":"店舗"}},{"type":"Feature","geometry":{"type":"Point","coordinates":[135.00909,34.78085]},"properties":{"price":65500,"use":"三木","zone":"","station":"店舗"}},{"type":"Feature","geometry":{"type":"Point","coordinates":[134.79844,34.7474]},"properties":{"price":70000,"use":"高砂","zone":"","station":"住宅"}},{"type":"Feature","geometry":{"type":"Point","coordinates":[134.79621,34.76234]},"properties":{"price":83300,"use":"高砂","zone":"","station":"住宅"}},{"type":"Feature","geometry":{"type":"Point","coordinates":[134.78071,34.7681]},"properties":{"price":58400,"use":"高砂","zone":"","station":"住宅"}},{"type":"Feature","geometry":{"type":"Point","coordinates":[134.75219,34.78382]},"properties":{"price":54300,"use":"高砂","zone":"","station":"住宅"}},{"type":"Feature","geometry":{"type":"Point","coordinates":[134.77016,34.791]},"properties":{"price":57900,"use":"高砂","zone":"","station":"住宅"}},{"type":"Feature","geometry":{"type":"Point","coordinates":[134.76803,34.785]},"properties":{"price":53400,"use":"高砂","zone":"","station":"住宅"}},{"type":"Feature","geometry":{"type":"Point","coordinates":[134.76692,34.79679]},"properties":{"price":48100,"use":"高砂","zone":"","station":"住宅"}},{"type":"Feature","geometry":{"type":"Point","coordinates":[134.8066,34.77981]},"properties":{"price":85600,"use":"高砂","zone":"","station":"住宅"}},{"type":"Feature","geometry":{"type":"Point","coordinates":[134.78532,34.79654]},"properties":{"price":21400,"use":"高砂","zone":"","station":"住宅"}},{"type":"Feature","geometry":{"type":"Point","coordinates":[134.78635,34.77144]},"properties":{"price":57800,"use":"高砂","zone":"","station":"住宅"}},{"type":"Feature","geometry":{"type":"Point","coordinates":[134.80622,34.77025]},"properties":{"price":65200,"use":"高砂","zone":"","station":"住宅"}},{"type":"Feature","geometry":{"type":"Point","coordinates":[134.77343,34.77217]},"properties":{"price":50200,"use":"高砂","zone":"","station":"住宅"}},{"type":"Feature","geometry":{"type":"Point","coordinates":[134.78362,34.7927]},"properties":{"price":59400,"use":"高砂","zone":"","station":"住宅"}},{"type":"Feature","geometry":{"type":"Point","coordinates":[134.80632,34.78566]},"properties":{"price":98000,"use":"高砂","zone":"","station":"店舗、事務所兼共同住宅"}},{"type":"Feature","geometry":{"type":"Point","coordinates":[134.79519,34.76459]},"properties":{"price":89000,"use":"高砂","zone":"","station":"事務所"}},{"type":"Feature","geometry":{"type":"Point","coordinates":[134.80138,34.77078]},"properties":{"price":78400,"use":"高砂","zone":"","station":"店舗"}},{"type":"Feature","geometry":{"type":"Point","coordinates":[134.80882,34.78056]},"properties":{"price":91700,"use":"高砂","zone":"","station":"銀行"}},{"type":"Feature","geometry":{"type":"Point","coordinates":[134.79903,34.76131]},"properties":{"price":78500,"use":"高砂","zone":"","station":"事務所兼倉庫"}},{"type":"Feature","geometry":{"type":"Point","coordinates":[134.78582,34.75365]},"properties":{"price":47000,"use":"高砂","zone":"","station":"倉庫、工場兼事務所"}},{"type":"Feature","geometry":{"type":"Point","coordinates":[134.78747,34.762]},"properties":{"price":25300,"use":"高砂","zone":"","station":"工場"}},{"type":"Feature","geometry":{"type":"Point","coordinates":[134.77152,34.78684]},"properties":{"price":34100,"use":"高砂","zone":"","station":"工場"}},{"type":"Feature","geometry":{"type":"Point","coordinates":[135.40546,34.82864]},"properties":{"price":236000,"use":"川西","zone":"","station":"住宅"}},{"type":"Feature","geometry":{"type":"Point","coordinates":[135.41531,34.85101]},"properties":{"price":86300,"use":"川西","zone":"","station":"住宅"}},{"type":"Feature","geometry":{"type":"Point","coordinates":[135.39,34.87231]},"properties":{"price":70300,"use":"川西","zone":"","station":"住宅"}},{"type":"Feature","geometry":{"type":"Point","coordinates":[135.42142,34.88871]},"properties":{"price":62500,"use":"川西","zone":"","station":"住宅"}},{"type":"Feature","geometry":{"type":"Point","coordinates":[135.41087,34.86989]},"properties":{"price":73500,"use":"川西","zone":"","station":"住宅"}},{"type":"Feature","geometry":{"type":"Point","coordinates":[135.40837,34.86165]},"properties":{"price":87600,"use":"川西","zone":"","station":"住宅"}},{"type":"Feature","geometry":{"type":"Point","coordinates":[135.41315,34.83428]},"properties":{"price":135000,"use":"川西","zone":"","station":"住宅"}},{"type":"Feature","geometry":{"type":"Point","coordinates":[135.40104,34.86358]},"properties":{"price":65000,"use":"川西","zone":"","station":"住宅"}},{"type":"Feature","geometry":{"type":"Point","coordinates":[135.41304,34.82036]},"properties":{"price":135000,"use":"川西","zone":"","station":"住宅"}},{"type":"Feature","geometry":{"type":"Point","coordinates":[135.40318,34.82413]},"properties":{"price":169000,"use":"川西","zone":"","station":"住宅"}},{"type":"Feature","geometry":{"type":"Point","coordinates":[135.40378,34.80368]},"properties":{"price":115000,"use":"川西","zone":"","station":"住宅"}},{"type":"Feature","geometry":{"type":"Point","coordinates":[135.4238,34.8533]},"properties":{"price":52500,"use":"川西","zone":"","station":"住宅"}},{"type":"Feature","geometry":{"type":"Point","coordinates":[135.40233,34.81692]},"properties":{"price":116000,"use":"川西","zone":"","station":"住宅"}},{"type":"Feature","geometry":{"type":"Point","coordinates":[135.40554,34.88857]},"properties":{"price":54500,"use":"川西","zone":"","station":"住宅"}},{"type":"Feature","geometry":{"type":"Point","coordinates":[135.42173,34.82985]},"properties":{"price":152000,"use":"川西","zone":"","station":"住宅"}},{"type":"Feature","geometry":{"type":"Point","coordinates":[135.40527,34.89558]},"properties":{"price":47500,"use":"川西","zone":"","station":"住宅"}},{"type":"Feature","geometry":{"type":"Point","coordinates":[135.41239,34.84658]},"properties":{"price":97000,"use":"川西","zone":"","station":"住宅"}},{"type":"Feature","geometry":{"type":"Point","coordinates":[135.40735,34.85687]},"properties":{"price":73100,"use":"川西","zone":"","station":"住宅"}},{"type":"Feature","geometry":{"type":"Point","coordinates":[135.40023,34.87683]},"properties":{"price":58800,"use":"川西","zone":"","station":"住宅"}},{"type":"Feature","geometry":{"type":"Point","coordinates":[135.42002,34.84327]},"properties":{"price":97400,"use":"川西","zone":"","station":"住宅"}},{"type":"Feature","geometry":{"type":"Point","coordinates":[135.40367,34.90838]},"properties":{"price":58700,"use":"川西","zone":"","station":"住宅"}},{"type":"Feature","geometry":{"type":"Point","coordinates":[135.39176,34.86246]},"properties":{"price":57400,"use":"川西","zone":"","station":"住宅"}},{"type":"Feature","geometry":{"type":"Point","coordinates":[135.41897,34.80725]},"properties":{"price":91000,"use":"川西","zone":"","station":"住宅"}},{"type":"Feature","geometry":{"type":"Point","coordinates":[135.41936,34.86373]},"properties":{"price":72000,"use":"川西","zone":"","station":"住宅"}},{"type":"Feature","geometry":{"type":"Point","coordinates":[135.41147,34.84]},"properties":{"price":91000,"use":"川西","zone":"","station":"住宅"}},{"type":"Feature","geometry":{"type":"Point","coordinates":[135.40966,34.85079]},"properties":{"price":64500,"use":"川西","zone":"","station":"住宅"}},{"type":"Feature","geometry":{"type":"Point","coordinates":[135.41907,34.85646]},"properties":{"price":117000,"use":"川西","zone":"","station":"住宅"}},{"type":"Feature","geometry":{"type":"Point","coordinates":[135.40051,34.85735]},"properties":{"price":26400,"use":"川西","zone":"","station":"住宅"}},{"type":"Feature","geometry":{"type":"Point","coordinates":[135.41566,34.87937]},"properties":{"price":49800,"use":"川西","zone":"","station":"住宅"}},{"type":"Feature","geometry":{"type":"Point","coordinates":[135.41008,34.82677]},"properties":{"price":188000,"use":"川西","zone":"","station":"住宅"}},{"type":"Feature","geometry":{"type":"Point","coordinates":[135.40379,34.90278]},"properties":{"price":41000,"use":"川西","zone":"","station":"住宅"}},{"type":"Feature","geometry":{"type":"Point","coordinates":[135.40955,34.8975]},"properties":{"price":63000,"use":"川西","zone":"","station":"住宅"}},{"type":"Feature","geometry":{"type":"Point","coordinates":[135.41854,34.8406]},"properties":{"price":128000,"use":"川西","zone":"","station":"住宅"}},{"type":"Feature","geometry":{"type":"Point","coordinates":[135.41734,34.89468]},"properties":{"price":18500,"use":"川西","zone":"","station":"住宅"}},{"type":"Feature","geometry":{"type":"Point","coordinates":[135.40635,34.89707]},"properties":{"price":18300,"use":"川西","zone":"","station":"田"}},{"type":"Feature","geometry":{"type":"Point","coordinates":[135.41428,34.82814]},"properties":{"price":623000,"use":"川西","zone":"","station":"店舗兼事務所"}},{"type":"Feature","geometry":{"type":"Point","coordinates":[135.4155,34.85993]},"properties":{"price":152000,"use":"川西","zone":"","station":"店舗"}},{"type":"Feature","geometry":{"type":"Point","coordinates":[135.40234,34.87321]},"properties":{"price":80000,"use":"川西","zone":"","station":"店舗兼住宅"}},{"type":"Feature","geometry":{"type":"Point","coordinates":[135.41464,34.82714]},"properties":{"price":354000,"use":"川西","zone":"","station":"店舗兼事務所"}},{"type":"Feature","geometry":{"type":"Point","coordinates":[135.41221,34.81974]},"properties":{"price":159000,"use":"川西","zone":"","station":"店舗兼共同住宅"}},{"type":"Feature","geometry":{"type":"Point","coordinates":[135.41427,34.80858]},"properties":{"price":103000,"use":"川西","zone":"","station":"工場"}},{"type":"Feature","geometry":{"type":"Point","coordinates":[135.41732,34.86206]},"properties":{"price":83000,"use":"川西","zone":"","station":"事務所兼工場"}},{"type":"Feature","geometry":{"type":"Point","coordinates":[134.93111,34.84086]},"properties":{"price":46500,"use":"小野","zone":"","station":"住宅"}},{"type":"Feature","geometry":{"type":"Point","coordinates":[134.9392,34.84866]},"properties":{"price":68300,"use":"小野","zone":"","station":"住宅"}},{"type":"Feature","geometry":{"type":"Point","coordinates":[134.92771,34.85675]},"properties":{"price":26000,"use":"小野","zone":"","station":"住宅"}},{"type":"Feature","geometry":{"type":"Point","coordinates":[134.91043,34.85443]},"properties":{"price":16600,"use":"小野","zone":"","station":"住宅"}},{"type":"Feature","geometry":{"type":"Point","coordinates":[134.94507,34.87829]},"properties":{"price":15900,"use":"小野","zone":"","station":"住宅"}},{"type":"Feature","geometry":{"type":"Point","coordinates":[134.94054,34.85361]},"properties":{"price":79900,"use":"小野","zone":"","station":"診療所"}},{"type":"Feature","geometry":{"type":"Point","coordinates":[134.97086,34.81997]},"properties":{"price":31300,"use":"小野","zone":"","station":"倉庫"}},{"type":"Feature","geometry":{"type":"Point","coordinates":[135.22206,34.88499]},"properties":{"price":86600,"use":"三田","zone":"","station":"住宅"}},{"type":"Feature","geometry":{"type":"Point","coordinates":[135.23346,34.88843]},"properties":{"price":88900,"use":"三田","zone":"","station":"住宅"}},{"type":"Feature","geometry":{"type":"Point","coordinates":[135.21798,34.88161]},"properties":{"price":67400,"use":"三田","zone":"","station":"住宅"}},{"type":"Feature","geometry":{"type":"Point","coordinates":[135.22861,34.88124]},"properties":{"price":73100,"use":"三田","zone":"","station":"住宅"}},{"type":"Feature","geometry":{"type":"Point","coordinates":[135.13397,34.94643]},"properties":{"price":32200,"use":"三田","zone":"","station":"住宅"}},{"type":"Feature","geometry":{"type":"Point","coordinates":[135.22894,34.88398]},"properties":{"price":86100,"use":"三田","zone":"","station":"住宅"}},{"type":"Feature","geometry":{"type":"Point","coordinates":[135.20176,34.87794]},"properties":{"price":64100,"use":"三田","zone":"","station":"住宅"}},{"type":"Feature","geometry":{"type":"Point","coordinates":[135.19339,34.92235]},"properties":{"price":42800,"use":"三田","zone":"","station":"住宅"}},{"type":"Feature","geometry":{"type":"Point","coordinates":[135.22069,34.87993]},"properties":{"price":73000,"use":"三田","zone":"","station":"住宅"}},{"type":"Feature","geometry":{"type":"Point","coordinates":[135.22361,34.87808]},"properties":{"price":63800,"use":"三田","zone":"","station":"住宅"}},{"type":"Feature","geometry":{"type":"Point","coordinates":[135.19274,34.90939]},"properties":{"price":77400,"use":"三田","zone":"","station":"住宅"}},{"type":"Feature","geometry":{"type":"Point","coordinates":[135.214,34.88516]},"properties":{"price":60000,"use":"三田","zone":"","station":"住宅"}},{"type":"Feature","geometry":{"type":"Point","coordinates":[135.15771,34.9494]},"properties":{"price":23200,"use":"三田","zone":"","station":"住宅"}},{"type":"Feature","geometry":{"type":"Point","coordinates":[135.18354,34.94023]},"properties":{"price":16700,"use":"三田","zone":"","station":"住宅"}},{"type":"Feature","geometry":{"type":"Point","coordinates":[135.22959,34.91036]},"properties":{"price":30600,"use":"三田","zone":"","station":"住宅"}},{"type":"Feature","geometry":{"type":"Point","coordinates":[135.22843,34.88549]},"properties":{"price":125000,"use":"三田","zone":"","station":"店舗兼住宅"}},{"type":"Feature","geometry":{"type":"Point","coordinates":[135.2217,34.87927]},"properties":{"price":123000,"use":"三田","zone":"","station":"店舗"}},{"type":"Feature","geometry":{"type":"Point","coordinates":[135.22716,34.88871]},"properties":{"price":262000,"use":"三田","zone":"","station":"店舗兼住宅"}},{"type":"Feature","geometry":{"type":"Point","coordinates":[135.16924,34.93107]},"properties":{"price":37800,"use":"三田","zone":"","station":"工場兼事務所"}},{"type":"Feature","geometry":{"type":"Point","coordinates":[135.24521,34.88863]},"properties":{"price":890,"use":"三田","zone":"","station":"山林（雑木林）"}},{"type":"Feature","geometry":{"type":"Point","coordinates":[135.19672,34.89414]},"properties":{"price":1090,"use":"三田","zone":"","station":"山林（雑木林）"}},{"type":"Feature","geometry":{"type":"Point","coordinates":[134.83273,34.93572]},"properties":{"price":37000,"use":"加西","zone":"","station":"住宅"}},{"type":"Feature","geometry":{"type":"Point","coordinates":[134.83707,34.93234]},"properties":{"price":53300,"use":"加西","zone":"","station":"住宅"}},{"type":"Feature","geometry":{"type":"Point","coordinates":[134.84581,34.92317]},"properties":{"price":51500,"use":"加西","zone":"","station":"住宅"}},{"type":"Feature","geometry":{"type":"Point","coordinates":[134.83176,34.92287]},"properties":{"price":36100,"use":"加西","zone":"","station":"住宅"}},{"type":"Feature","geometry":{"type":"Point","coordinates":[134.8514,34.94191]},"properties":{"price":13100,"use":"加西","zone":"","station":"住宅"}},{"type":"Feature","geometry":{"type":"Point","coordinates":[134.88116,34.9446]},"properties":{"price":10600,"use":"加西","zone":"","station":"住宅"}},{"type":"Feature","geometry":{"type":"Point","coordinates":[134.85266,34.87381]},"properties":{"price":15300,"use":"加西","zone":"","station":"住宅"}},{"type":"Feature","geometry":{"type":"Point","coordinates":[134.83525,34.89079]},"properties":{"price":11200,"use":"加西","zone":"","station":"住宅"}},{"type":"Feature","geometry":{"type":"Point","coordinates":[134.83448,34.92833]},"properties":{"price":71000,"use":"加西","zone":"","station":"店舗"}},{"type":"Feature","geometry":{"type":"Point","coordinates":[134.87838,34.85263]},"properties":{"price":28000,"use":"加西","zone":"","station":"工場兼倉庫"}},{"type":"Feature","geometry":{"type":"Point","coordinates":[135.21541,35.0757]},"properties":{"price":35300,"use":"丹波篠山","zone":"","station":"住宅"}},{"type":"Feature","geometry":{"type":"Point","coordinates":[135.25667,35.09146]},"properties":{"price":10300,"use":"丹波篠山","zone":"","station":"住宅"}},{"type":"Feature","geometry":{"type":"Point","coordinates":[135.17796,35.05951]},"properties":{"price":43800,"use":"丹波篠山","zone":"","station":"住宅"}},{"type":"Feature","geometry":{"type":"Point","coordinates":[135.16491,35.06203]},"properties":{"price":16200,"use":"丹波篠山","zone":"","station":"住宅"}},{"type":"Feature","geometry":{"type":"Point","coordinates":[135.21022,35.07168]},"properties":{"price":35000,"use":"丹波篠山","zone":"","station":"店舗"}},{"type":"Feature","geometry":{"type":"Point","coordinates":[135.1757,35.05751]},"properties":{"price":70000,"use":"丹波篠山","zone":"","station":"店舗"}},{"type":"Feature","geometry":{"type":"Point","coordinates":[134.75197,35.39612]},"properties":{"price":23000,"use":"養父","zone":"","station":"住宅"}},{"type":"Feature","geometry":{"type":"Point","coordinates":[134.79417,35.43042]},"properties":{"price":11200,"use":"養父","zone":"","station":"住宅"}},{"type":"Feature","geometry":{"type":"Point","coordinates":[134.76973,35.40243]},"properties":{"price":38000,"use":"養父","zone":"","station":"店舗、事務所兼住宅"}},{"type":"Feature","geometry":{"type":"Point","coordinates":[135.04718,35.13479]},"properties":{"price":18800,"use":"兵庫丹波","zone":"","station":"住宅"}},{"type":"Feature","geometry":{"type":"Point","coordinates":[135.06633,35.14883]},"properties":{"price":17200,"use":"兵庫丹波","zone":"","station":"住宅"}},{"type":"Feature","geometry":{"type":"Point","coordinates":[135.05014,35.16541]},"properties":{"price":17400,"use":"兵庫丹波","zone":"","station":"住宅"}},{"type":"Feature","geometry":{"type":"Point","coordinates":[135.07827,35.17293]},"properties":{"price":13700,"use":"兵庫丹波","zone":"","station":"住宅"}},{"type":"Feature","geometry":{"type":"Point","coordinates":[135.12705,35.17897]},"properties":{"price":12500,"use":"兵庫丹波","zone":"","station":"住宅"}},{"type":"Feature","geometry":{"type":"Point","coordinates":[135.12672,35.2399]},"properties":{"price":11000,"use":"兵庫丹波","zone":"","station":"住宅"}},{"type":"Feature","geometry":{"type":"Point","coordinates":[135.06549,35.13818]},"properties":{"price":32200,"use":"兵庫丹波","zone":"","station":"店舗兼住宅"}},{"type":"Feature","geometry":{"type":"Point","coordinates":[135.06455,35.16166]},"properties":{"price":19700,"use":"兵庫丹波","zone":"","station":"事務所"}},{"type":"Feature","geometry":{"type":"Point","coordinates":[135.1007,35.17048]},"properties":{"price":25800,"use":"兵庫丹波","zone":"","station":"店舗兼住宅"}},{"type":"Feature","geometry":{"type":"Point","coordinates":[134.83234,34.33106]},"properties":{"price":32800,"use":"南あわじ","zone":"","station":"住宅"}},{"type":"Feature","geometry":{"type":"Point","coordinates":[134.84159,34.32543]},"properties":{"price":31600,"use":"南あわじ","zone":"","station":"住宅"}},{"type":"Feature","geometry":{"type":"Point","coordinates":[134.74704,34.33373]},"properties":{"price":17900,"use":"南あわじ","zone":"","station":"住宅"}},{"type":"Feature","geometry":{"type":"Point","coordinates":[134.67631,34.25754]},"properties":{"price":16200,"use":"南あわじ","zone":"","station":"住宅"}},{"type":"Feature","geometry":{"type":"Point","coordinates":[134.73243,34.25446]},"properties":{"price":38000,"use":"南あわじ","zone":"","station":"住宅"}},{"type":"Feature","geometry":{"type":"Point","coordinates":[134.75254,34.26206]},"properties":{"price":30000,"use":"南あわじ","zone":"","station":"住宅"}},{"type":"Feature","geometry":{"type":"Point","coordinates":[134.79086,34.29468]},"properties":{"price":27300,"use":"南あわじ","zone":"","station":"住宅"}},{"type":"Feature","geometry":{"type":"Point","coordinates":[134.8311,34.32344]},"properties":{"price":56700,"use":"南あわじ","zone":"","station":"店舗"}},{"type":"Feature","geometry":{"type":"Point","coordinates":[134.73477,34.32573]},"properties":{"price":38000,"use":"南あわじ","zone":"","station":"事務所兼住宅"}},{"type":"Feature","geometry":{"type":"Point","coordinates":[134.71711,34.25764]},"properties":{"price":33300,"use":"南あわじ","zone":"","station":"店舗兼住宅"}},{"type":"Feature","geometry":{"type":"Point","coordinates":[134.85466,35.32925]},"properties":{"price":36000,"use":"朝来","zone":"","station":"住宅"}},{"type":"Feature","geometry":{"type":"Point","coordinates":[134.8492,35.341]},"properties":{"price":37100,"use":"朝来","zone":"","station":"住宅"}},{"type":"Feature","geometry":{"type":"Point","coordinates":[134.85346,35.34051]},"properties":{"price":42100,"use":"朝来","zone":"","station":"店舗兼住宅"}},{"type":"Feature","geometry":{"type":"Point","coordinates":[135.01045,34.59889]},"properties":{"price":33600,"use":"淡路","zone":"","station":"住宅"}},{"type":"Feature","geometry":{"type":"Point","coordinates":[135.02167,34.58754]},"properties":{"price":41200,"use":"淡路","zone":"","station":"住宅"}},{"type":"Feature","geometry":{"type":"Point","coordinates":[134.89411,34.41416]},"properties":{"price":26200,"use":"淡路","zone":"","station":"住宅"}},{"type":"Feature","geometry":{"type":"Point","coordinates":[134.91545,34.45838]},"properties":{"price":20000,"use":"淡路","zone":"","station":"住宅"}},{"type":"Feature","geometry":{"type":"Point","coordinates":[134.96867,34.58737]},"properties":{"price":14800,"use":"淡路","zone":"","station":"住宅"}},{"type":"Feature","geometry":{"type":"Point","coordinates":[134.90864,34.53309]},"properties":{"price":19800,"use":"淡路","zone":"","station":"住宅"}},{"type":"Feature","geometry":{"type":"Point","coordinates":[134.99242,34.54354]},"properties":{"price":33000,"use":"淡路","zone":"","station":"住宅"}},{"type":"Feature","geometry":{"type":"Point","coordinates":[134.98322,34.52517]},"properties":{"price":18700,"use":"淡路","zone":"","station":"住宅"}},{"type":"Feature","geometry":{"type":"Point","coordinates":[134.97881,34.50896]},"properties":{"price":29500,"use":"淡路","zone":"","station":"住宅"}},{"type":"Feature","geometry":{"type":"Point","coordinates":[135.01385,34.59324]},"properties":{"price":51500,"use":"淡路","zone":"","station":"店舗兼住宅"}},{"type":"Feature","geometry":{"type":"Point","coordinates":[134.90271,34.43075]},"properties":{"price":64900,"use":"淡路","zone":"","station":"事務所"}},{"type":"Feature","geometry":{"type":"Point","coordinates":[134.88233,34.52381]},"properties":{"price":32000,"use":"淡路","zone":"","station":"店舗"}},{"type":"Feature","geometry":{"type":"Point","coordinates":[134.97539,34.49993]},"properties":{"price":31000,"use":"淡路","zone":"","station":"店舗兼住宅"}},{"type":"Feature","geometry":{"type":"Point","coordinates":[134.54478,34.99575]},"properties":{"price":41000,"use":"宍粟","zone":"","station":"住宅"}},{"type":"Feature","geometry":{"type":"Point","coordinates":[134.4989,35.02573]},"properties":{"price":14100,"use":"宍粟","zone":"","station":"住宅"}},{"type":"Feature","geometry":{"type":"Point","coordinates":[134.54268,35.00468]},"properties":{"price":44200,"use":"宍粟","zone":"","station":"店舗"}},{"type":"Feature","geometry":{"type":"Point","coordinates":[134.97117,34.92136]},"properties":{"price":33100,"use":"加東","zone":"","station":"住宅"}},{"type":"Feature","geometry":{"type":"Point","coordinates":[134.97074,34.91207]},"properties":{"price":51500,"use":"加東","zone":"","station":"住宅"}},{"type":"Feature","geometry":{"type":"Point","coordinates":[134.98247,34.91697]},"properties":{"price":44400,"use":"加東","zone":"","station":"住宅"}},{"type":"Feature","geometry":{"type":"Point","coordinates":[134.95925,34.94062]},"properties":{"price":33500,"use":"加東","zone":"","station":"住宅"}},{"type":"Feature","geometry":{"type":"Point","coordinates":[134.96016,34.93642]},"properties":{"price":45800,"use":"加東","zone":"","station":"住宅"}},{"type":"Feature","geometry":{"type":"Point","coordinates":[135.07414,34.91285]},"properties":{"price":11600,"use":"加東","zone":"","station":"住宅"}},{"type":"Feature","geometry":{"type":"Point","coordinates":[135.05428,34.8957]},"properties":{"price":11500,"use":"加東","zone":"","station":"住宅"}},{"type":"Feature","geometry":{"type":"Point","coordinates":[134.98106,34.92652]},"properties":{"price":13900,"use":"加東","zone":"","station":"住宅"}},{"type":"Feature","geometry":{"type":"Point","coordinates":[134.94628,34.89038]},"properties":{"price":11800,"use":"加東","zone":"","station":"住宅"}},{"type":"Feature","geometry":{"type":"Point","coordinates":[134.91735,34.92616]},"properties":{"price":13500,"use":"加東","zone":"","station":"住宅"}},{"type":"Feature","geometry":{"type":"Point","coordinates":[134.96072,34.93086]},"properties":{"price":64400,"use":"加東","zone":"","station":"店舗"}},{"type":"Feature","geometry":{"type":"Point","coordinates":[134.54229,34.86644]},"properties":{"price":61900,"use":"たつの","zone":"","station":"住宅"}},{"type":"Feature","geometry":{"type":"Point","coordinates":[134.55638,34.86228]},"properties":{"price":70500,"use":"たつの","zone":"","station":"住宅"}},{"type":"Feature","geometry":{"type":"Point","coordinates":[134.55331,34.87477]},"properties":{"price":41000,"use":"たつの","zone":"","station":"住宅"}},{"type":"Feature","geometry":{"type":"Point","coordinates":[134.55521,34.85395]},"properties":{"price":65400,"use":"たつの","zone":"","station":"住宅"}},{"type":"Feature","geometry":{"type":"Point","coordinates":[134.5039,34.83994]},"properties":{"price":32900,"use":"たつの","zone":"","station":"住宅"}},{"type":"Feature","geometry":{"type":"Point","coordinates":[134.56744,34.84913]},"properties":{"price":40300,"use":"たつの","zone":"","station":"住宅"}},{"type":"Feature","geometry":{"type":"Point","coordinates":[134.54583,34.87766]},"properties":{"price":34400,"use":"たつの","zone":"","station":"住宅"}},{"type":"Feature","geometry":{"type":"Point","coordinates":[134.54642,34.91294]},"properties":{"price":34100,"use":"たつの","zone":"","station":"住宅"}},{"type":"Feature","geometry":{"type":"Point","coordinates":[134.54883,34.91622]},"properties":{"price":39000,"use":"たつの","zone":"","station":"住宅"}},{"type":"Feature","geometry":{"type":"Point","coordinates":[134.50801,34.86045]},"properties":{"price":15900,"use":"たつの","zone":"","station":"住宅"}},{"type":"Feature","geometry":{"type":"Point","coordinates":[134.55962,34.78209]},"properties":{"price":44000,"use":"たつの","zone":"","station":"住宅"}},{"type":"Feature","geometry":{"type":"Point","coordinates":[134.5252,34.82459]},"properties":{"price":57000,"use":"たつの","zone":"","station":"住宅"}},{"type":"Feature","geometry":{"type":"Point","coordinates":[134.54867,34.88734]},"properties":{"price":13700,"use":"たつの","zone":"","station":"住宅"}},{"type":"Feature","geometry":{"type":"Point","coordinates":[134.57779,34.88808]},"properties":{"price":29500,"use":"たつの","zone":"","station":"住宅"}},{"type":"Feature","geometry":{"type":"Point","coordinates":[134.56058,34.77427]},"properties":{"price":22300,"use":"たつの","zone":"","station":"住宅"}},{"type":"Feature","geometry":{"type":"Point","coordinates":[134.53294,34.84988]},"properties":{"price":22300,"use":"たつの","zone":"","station":"住宅"}},{"type":"Feature","geometry":{"type":"Point","coordinates":[134.54422,34.84372]},"properties":{"price":23500,"use":"たつの","zone":"","station":"住宅"}},{"type":"Feature","geometry":{"type":"Point","coordinates":[134.54539,34.85503]},"properties":{"price":75300,"use":"たつの","zone":"","station":"店舗"}},{"type":"Feature","geometry":{"type":"Point","coordinates":[134.52776,34.8276]},"properties":{"price":36600,"use":"たつの","zone":"","station":"工場"}},{"type":"Feature","geometry":{"type":"Point","coordinates":[135.39499,34.91042]},"properties":{"price":62200,"use":"猪名川","zone":"","station":"住宅"}},{"type":"Feature","geometry":{"type":"Point","coordinates":[135.38872,34.90086]},"properties":{"price":56800,"use":"猪名川","zone":"","station":"住宅"}},{"type":"Feature","geometry":{"type":"Point","coordinates":[135.37667,34.89538]},"properties":{"price":41800,"use":"猪名川","zone":"","station":"住宅"}},{"type":"Feature","geometry":{"type":"Point","coordinates":[135.36049,34.89627]},"properties":{"price":55300,"use":"猪名川","zone":"","station":"住宅"}},{"type":"Feature","geometry":{"type":"Point","coordinates":[135.32284,34.95424]},"properties":{"price":15300,"use":"猪名川","zone":"","station":"住宅"}},{"type":"Feature","geometry":{"type":"Point","coordinates":[135.37736,34.91739]},"properties":{"price":20200,"use":"猪名川","zone":"","station":"住宅"}},{"type":"Feature","geometry":{"type":"Point","coordinates":[134.92678,35.04843]},"properties":{"price":14200,"use":"多可","zone":"","station":"住宅"}},{"type":"Feature","geometry":{"type":"Point","coordinates":[134.9503,35.04278]},"properties":{"price":9600,"use":"多可","zone":"","station":"住宅"}},{"type":"Feature","geometry":{"type":"Point","coordinates":[134.92041,35.05042]},"properties":{"price":21300,"use":"多可","zone":"","station":"診療所"}},{"type":"Feature","geometry":{"type":"Point","coordinates":[134.90517,34.74919]},"properties":{"price":59700,"use":"稲美","zone":"","station":"住宅"}},{"type":"Feature","geometry":{"type":"Point","coordinates":[134.90646,34.72651]},"properties":{"price":62000,"use":"稲美","zone":"","station":"住宅"}},{"type":"Feature","geometry":{"type":"Point","coordinates":[134.9093,34.75336]},"properties":{"price":54100,"use":"稲美","zone":"","station":"住宅"}},{"type":"Feature","geometry":{"type":"Point","coordinates":[134.90545,34.76715]},"properties":{"price":15500,"use":"稲美","zone":"","station":"住宅"}},{"type":"Feature","geometry":{"type":"Point","coordinates":[134.92408,34.73052]},"properties":{"price":37500,"use":"稲美","zone":"","station":"倉庫兼事務所"}},{"type":"Feature","geometry":{"type":"Point","coordinates":[134.88203,34.71977]},"properties":{"price":99700,"use":"播磨","zone":"","station":"住宅"}},{"type":"Feature","geometry":{"type":"Point","coordinates":[134.87993,34.72871]},"properties":{"price":86300,"use":"播磨","zone":"","station":"住宅"}},{"type":"Feature","geometry":{"type":"Point","coordinates":[134.86859,34.72191]},"properties":{"price":79800,"use":"播磨","zone":"","station":"住宅"}},{"type":"Feature","geometry":{"type":"Point","coordinates":[134.85997,34.71849]},"properties":{"price":84300,"use":"播磨","zone":"","station":"住宅"}},{"type":"Feature","geometry":{"type":"Point","coordinates":[134.8765,34.71176]},"properties":{"price":43400,"use":"播磨","zone":"","station":"住宅"}},{"type":"Feature","geometry":{"type":"Point","coordinates":[134.74763,34.95901]},"properties":{"price":53800,"use":"福崎","zone":"","station":"住宅"}},{"type":"Feature","geometry":{"type":"Point","coordinates":[134.76391,34.95577]},"properties":{"price":49600,"use":"福崎","zone":"","station":"住宅"}},{"type":"Feature","geometry":{"type":"Point","coordinates":[134.77748,34.93717]},"properties":{"price":12200,"use":"福崎","zone":"","station":"住宅"}},{"type":"Feature","geometry":{"type":"Point","coordinates":[134.75977,34.94448]},"properties":{"price":74500,"use":"福崎","zone":"","station":"店舗"}},{"type":"Feature","geometry":{"type":"Point","coordinates":[134.73453,34.95167]},"properties":{"price":21000,"use":"福崎","zone":"","station":"倉庫兼事務所"}},{"type":"Feature","geometry":{"type":"Point","coordinates":[134.57143,34.8265]},"properties":{"price":56900,"use":"兵庫太子","zone":"","station":"住宅"}},{"type":"Feature","geometry":{"type":"Point","coordinates":[134.5738,34.83452]},"properties":{"price":66500,"use":"兵庫太子","zone":"","station":"住宅"}},{"type":"Feature","geometry":{"type":"Point","coordinates":[134.60495,34.83134]},"properties":{"price":58500,"use":"兵庫太子","zone":"","station":"住宅"}},{"type":"Feature","geometry":{"type":"Point","coordinates":[134.58165,34.84156]},"properties":{"price":22000,"use":"兵庫太子","zone":"","station":"住宅"}},{"type":"Feature","geometry":{"type":"Point","coordinates":[134.57293,34.82513]},"properties":{"price":65000,"use":"兵庫太子","zone":"","station":"店舗"}},{"type":"Feature","geometry":{"type":"Point","coordinates":[134.38228,34.8618]},"properties":{"price":15700,"use":"上郡","zone":"","station":"住宅"}},{"type":"Feature","geometry":{"type":"Point","coordinates":[134.35471,34.86847]},"properties":{"price":27700,"use":"上郡","zone":"","station":"住宅"}},{"type":"Feature","geometry":{"type":"Point","coordinates":[134.35764,34.86168]},"properties":{"price":20000,"use":"上郡","zone":"","station":"住宅"}},{"type":"Feature","geometry":{"type":"Point","coordinates":[134.39774,34.86566]},"properties":{"price":8900,"use":"上郡","zone":"","station":"住宅"}},{"type":"Feature","geometry":{"type":"Point","coordinates":[134.31779,34.87001]},"properties":{"price":7200,"use":"上郡","zone":"","station":"住宅"}},{"type":"Feature","geometry":{"type":"Point","coordinates":[134.36143,34.86181]},"properties":{"price":29200,"use":"上郡","zone":"","station":"店舗"}},{"type":"Feature","geometry":{"type":"Point","coordinates":[134.42215,34.95089]},"properties":{"price":4150,"use":"佐用","zone":"","station":"住宅"}},{"type":"Feature","geometry":{"type":"Point","coordinates":[134.63757,35.64512]},"properties":{"price":20900,"use":"香美","zone":"","station":"住宅"}},{"type":"Feature","geometry":{"type":"Point","coordinates":[134.65678,35.64885]},"properties":{"price":16800,"use":"香美","zone":"","station":"住宅"}},{"type":"Feature","geometry":{"type":"Point","coordinates":[134.62314,35.63735]},"properties":{"price":34800,"use":"香美","zone":"","station":"店舗兼事務所"}},{"type":"Feature","geometry":{"type":"Point","coordinates":[134.45121,35.62254]},"properties":{"price":31800,"use":"新温泉","zone":"","station":"住宅"}},{"type":"Feature","geometry":{"type":"Point","coordinates":[134.50221,35.61426]},"properties":{"price":7500,"use":"新温泉","zone":"","station":"住宅"}},{"type":"Feature","geometry":{"type":"Point","coordinates":[134.45424,35.62278]},"properties":{"price":36000,"use":"新温泉","zone":"","station":"店舗兼住宅"}},{"type":"Feature","geometry":{"type":"Point","coordinates":[134.46676,35.61376]},"properties":{"price":37400,"use":"新温泉","zone":"","station":"店舗"}}]}