{"type":"FeatureCollection","features":[{"type":"Feature","geometry":{"type":"Polygon","coordinates":[[[140.72,38.7569],[140.7213,38.7565],[140.7218,38.7562],[140.7222,38.756],[140.7228,38.7558],[140.723,38.7557],[140.723,38.7556],[140.723,38.7555],[140.7231,38.7553],[140.7232,38.7551],[140.7234,38.7549],[140.7236,38.7549],[140.7237,38.7547],[140.7238,38.7546],[140.7238,38.7546],[140.7239,38.7546],[140.7241,38.7548],[140.725,38.7543],[140.7251,38.7543],[140.7254,38.7545],[140.7255,38.7545],[140.7257,38.7545],[140.7258,38.7545],[140.726,38.7545],[140.7261,38.7545],[140.7263,38.7546],[140.7263,38.7546],[140.7265,38.7545],[140.7266,38.7545],[140.7266,38.7544],[140.7267,38.7542],[140.7268,38.7542],[140.7269,38.7542],[140.7269,38.7542],[140.727,38.7543],[140.7271,38.7543],[140.7271,38.7544],[140.7272,38.7543],[140.7273,38.7543],[140.7277,38.7541],[140.7281,38.7538],[140.7283,38.7536],[140.7285,38.7535],[140.7286,38.7535],[140.7288,38.7535],[140.729,38.7535],[140.7292,38.7536],[140.7294,38.7537],[140.7294,38.7537],[140.7294,38.7538],[140.7295,38.7539],[140.7296,38.754],[140.7297,38.7542],[140.7298,38.7548],[140.7299,38.7549],[140.7307,38.7549],[140.7311,38.755],[140.7313,38.755],[140.7322,38.7553],[140.7325,38.7553],[140.7327,38.7554],[140.7331,38.7557],[140.7334,38.7558],[140.7335,38.756],[140.7338,38.7561],[140.7343,38.7563],[140.7347,38.7564],[140.7353,38.7567],[140.7356,38.7567],[140.7357,38.7567],[140.7358,38.7568],[140.736,38.757],[140.7361,38.757],[140.7361,38.757],[140.7362,38.757],[140.7362,38.757],[140.7362,38.757],[140.7362,38.7569],[140.7361,38.7566],[140.7361,38.7564],[140.7361,38.7563],[140.7361,38.7562],[140.7362,38.7561],[140.7362,38.7561],[140.7363,38.7561],[140.7363,38.7561],[140.7364,38.7561],[140.7365,38.7561],[140.7365,38.756],[140.7366,38.7559],[140.7367,38.7557],[140.7368,38.7557],[140.7369,38.7556],[140.737,38.7556],[140.7372,38.7556],[140.7372,38.7556],[140.7373,38.7555],[140.7375,38.7554],[140.7376,38.7554],[140.7377,38.7554],[140.7377,38.7555],[140.7377,38.7559],[140.7377,38.7559],[140.7378,38.7559],[140.7379,38.7558],[140.7385,38.7554],[140.7387,38.7552],[140.7389,38.755],[140.739,38.7548],[140.7392,38.7546],[140.7392,38.7545],[140.7393,38.7543],[140.7393,38.7542],[140.7394,38.7539],[140.7395,38.7536],[140.7396,38.7533],[140.7397,38.7531],[140.7399,38.7528],[140.7402,38.7525],[140.7407,38.7521],[140.7411,38.7515],[140.7414,38.7512],[140.7416,38.7511],[140.7418,38.7511],[140.742,38.7512],[140.7423,38.7513],[140.7427,38.7516],[140.7427,38.7516],[140.7429,38.7516],[140.7432,38.7516],[140.7435,38.7517],[140.7436,38.7517],[140.7437,38.7518],[140.7441,38.7522],[140.7442,38.7522],[140.7443,38.7522],[140.7453,38.7517],[140.7456,38.7516],[140.7457,38.7515],[140.7457,38.7513],[140.7458,38.7512],[140.7459,38.751],[140.7498,38.7504],[140.75,38.7504],[140.7501,38.7503],[140.7505,38.7501],[140.7507,38.75],[140.7514,38.7495],[140.7516,38.7495],[140.7519,38.7494],[140.7523,38.7493],[140.7529,38.7492],[140.7541,38.7491],[140.7547,38.7491],[140.7551,38.749],[140.7555,38.7489],[140.7559,38.7488],[140.7563,38.7486],[140.7564,38.7485],[140.7565,38.7485],[140.7565,38.7485],[140.7566,38.7485],[140.7566,38.7485],[140.7566,38.7486],[140.7567,38.7486],[140.7567,38.7486],[140.7568,38.7485],[140.757,38.7483],[140.7572,38.7483],[140.7572,38.7484],[140.7573,38.7484],[140.7573,38.7484],[140.758,38.7487],[140.7591,38.749],[140.7592,38.7491],[140.7593,38.7491],[140.7603,38.7491],[140.7614,38.7491],[140.7614,38.7493],[140.7612,38.7496],[140.7612,38.7497],[140.7612,38.7498],[140.7613,38.75],[140.7613,38.7502],[140.7615,38.7504],[140.7619,38.7508],[140.7621,38.7511],[140.7623,38.7515],[140.7625,38.7517],[140.7628,38.752],[140.7631,38.7521],[140.7634,38.7522],[140.7637,38.7524],[140.7638,38.7525],[140.7639,38.7527],[140.764,38.7528],[140.764,38.7529],[140.7642,38.753],[140.7643,38.7531],[140.7645,38.7532],[140.7648,38.7533],[140.7651,38.7534],[140.7654,38.7535],[140.7657,38.7535],[140.7661,38.7535],[140.7665,38.7534],[140.7668,38.7533],[140.7669,38.7533],[140.7671,38.7534],[140.7675,38.7535],[140.7677,38.7535],[140.768,38.7535],[140.7684,38.7536],[140.7687,38.7536],[140.7691,38.7537],[140.7696,38.7538],[140.7703,38.7538],[140.7706,38.7539],[140.771,38.7541],[140.7714,38.7543],[140.7717,38.7545],[140.7718,38.7545],[140.772,38.7546],[140.772,38.7545],[140.7721,38.7545],[140.7721,38.7542],[140.772,38.7537],[140.7721,38.7536],[140.7722,38.7535],[140.7726,38.7533],[140.7727,38.7531],[140.7728,38.7529],[140.7729,38.7525],[140.773,38.7521],[140.7729,38.7517],[140.7728,38.7508],[140.7728,38.7506],[140.7729,38.7505],[140.7729,38.7505],[140.773,38.7505],[140.7731,38.7505],[140.7732,38.7505],[140.7734,38.7506],[140.7737,38.7508],[140.7739,38.7509],[140.774,38.7509],[140.7742,38.7509],[140.7745,38.7509],[140.7747,38.7508],[140.7749,38.7507],[140.7751,38.7505],[140.7756,38.7502],[140.7758,38.75],[140.776,38.75],[140.7763,38.75],[140.7766,38.75],[140.7769,38.75],[140.7771,38.7501],[140.7773,38.7501],[140.7774,38.7502],[140.7775,38.7504],[140.7778,38.7508],[140.778,38.7511],[140.7781,38.7512],[140.7783,38.7513],[140.7785,38.7513],[140.7788,38.7513],[140.7791,38.7513],[140.7793,38.7513],[140.7795,38.7514],[140.7798,38.7514],[140.7801,38.7514],[140.7804,38.7514],[140.7807,38.7513],[140.7812,38.7511],[140.7817,38.751],[140.7819,38.7509],[140.7822,38.7509],[140.7824,38.7509],[140.7827,38.7509],[140.7829,38.751],[140.7832,38.751],[140.7834,38.7512],[140.7837,38.7514],[140.7839,38.7516],[140.7842,38.7519],[140.7843,38.7519],[140.7845,38.7519],[140.7845,38.7519],[140.7846,38.7518],[140.7846,38.7517],[140.7846,38.7514],[140.7846,38.7513],[140.7847,38.7512],[140.7847,38.7511],[140.7847,38.7509],[140.7846,38.7508],[140.7846,38.7506],[140.7846,38.7501],[140.7846,38.75],[140.7846,38.75],[140.7847,38.7499],[140.7848,38.75],[140.7856,38.7501],[140.7864,38.7502],[140.7866,38.7502],[140.7867,38.7502],[140.7869,38.7501],[140.7872,38.7499],[140.7876,38.7497],[140.7879,38.7495],[140.7886,38.7493],[140.7891,38.7492],[140.7895,38.7492],[140.7897,38.7491],[140.7899,38.749],[140.7906,38.7485],[140.7906,38.7484],[140.7906,38.7484],[140.7906,38.7484],[140.7901,38.7482],[140.7897,38.7481],[140.789,38.7478],[140.7885,38.7476],[140.7884,38.7476],[140.7882,38.7474],[140.788,38.7474],[140.7873,38.7472],[140.787,38.7471],[140.7868,38.747],[140.7867,38.747],[140.7862,38.7466],[140.786,38.7464],[140.7859,38.7463],[140.7858,38.7461],[140.7858,38.7459],[140.7858,38.745],[140.7858,38.745],[140.7857,38.7449],[140.7852,38.7446],[140.7848,38.7444],[140.7845,38.7442],[140.7838,38.7438],[140.7837,38.7436],[140.7835,38.7434],[140.7834,38.7433],[140.7833,38.743],[140.7832,38.7427],[140.7832,38.7424],[140.7832,38.7423],[140.7832,38.7422],[140.7835,38.7418],[140.7835,38.7417],[140.7835,38.7414],[140.7836,38.741],[140.7835,38.7408],[140.7834,38.7407],[140.7834,38.7406],[140.7834,38.7404],[140.7834,38.7403],[140.7835,38.7401],[140.7837,38.7396],[140.7838,38.7391],[140.784,38.7389],[140.7842,38.7387],[140.7844,38.7385],[140.7845,38.7383],[140.7845,38.7381],[140.7845,38.738],[140.7844,38.7377],[140.7843,38.7374],[140.7842,38.7372],[140.7842,38.737],[140.7843,38.7367],[140.7843,38.7365],[140.7846,38.7359],[140.7847,38.7357],[140.7849,38.7355],[140.7851,38.7354],[140.7851,38.7353],[140.7854,38.7346],[140.786,38.7336],[140.7865,38.7325],[140.7865,38.7324],[140.7865,38.7322],[140.7864,38.732],[140.786,38.7311],[140.7859,38.731],[140.7857,38.7308],[140.7854,38.7307],[140.7846,38.7304],[140.783,38.7301],[140.7816,38.7298],[140.7812,38.7297],[140.7808,38.7295],[140.7799,38.729],[140.7796,38.7288],[140.7785,38.7282],[140.7774,38.7275],[140.7772,38.7274],[140.777,38.7272],[140.7766,38.7269],[140.7764,38.7268],[140.7761,38.7267],[140.7757,38.7265],[140.7755,38.7263],[140.7751,38.726],[140.7748,38.7257],[140.7744,38.7251],[140.7743,38.7249],[140.7742,38.7245],[140.7741,38.7242],[140.774,38.7241],[140.7737,38.7239],[140.7734,38.7237],[140.7731,38.7235],[140.7728,38.7234],[140.7723,38.7232],[140.7719,38.723],[140.7713,38.7228],[140.7709,38.7226],[140.7706,38.7225],[140.7703,38.7223],[140.7701,38.7222],[140.7698,38.7219],[140.7696,38.7216],[140.7694,38.7213],[140.7693,38.7212],[140.7692,38.7211],[140.7691,38.721],[140.7689,38.721],[140.7687,38.7211],[140.7684,38.7212],[140.7677,38.7216],[140.7674,38.7219],[140.7672,38.7223],[140.7669,38.7225],[140.7662,38.7233],[140.7656,38.724],[140.7652,38.7245],[140.7649,38.7248],[140.7646,38.725],[140.7645,38.7251],[140.7645,38.7252],[140.7646,38.7254],[140.7647,38.7259],[140.7651,38.7266],[140.7654,38.727],[140.7655,38.7272],[140.7654,38.7275],[140.7654,38.7277],[140.7654,38.7278],[140.7653,38.728],[140.765,38.7283],[140.7649,38.7284],[140.7647,38.7286],[140.7646,38.7287],[140.7645,38.7288],[140.7643,38.7288],[140.7634,38.7289],[140.7632,38.729],[140.7629,38.7291],[140.7628,38.7292],[140.7628,38.7293],[140.7627,38.7294],[140.7627,38.7297],[140.7627,38.7297],[140.7626,38.7298],[140.7625,38.7298],[140.7623,38.7298],[140.7622,38.7298],[140.7621,38.7297],[140.762,38.7295],[140.7619,38.7295],[140.7618,38.7295],[140.7617,38.7295],[140.7614,38.7296],[140.7613,38.7296],[140.7612,38.7296],[140.7611,38.7296],[140.761,38.7296],[140.7609,38.7297],[140.7606,38.7297],[140.7603,38.7298],[140.7602,38.7298],[140.7601,38.7299],[140.76,38.73],[140.7597,38.7304],[140.7597,38.7304],[140.7596,38.7305],[140.7595,38.7305],[140.7586,38.7304],[140.7586,38.73],[140.7586,38.7297],[140.7585,38.7293],[140.7584,38.7289],[140.7582,38.7287],[140.7579,38.7286],[140.7578,38.7286],[140.7577,38.7288],[140.7571,38.7295],[140.7569,38.7295],[140.7567,38.7295],[140.7565,38.7295],[140.7565,38.7295],[140.7564,38.7296],[140.7564,38.7296],[140.7565,38.7297],[140.7568,38.7298],[140.7568,38.7299],[140.7568,38.7299],[140.7568,38.73],[140.7567,38.73],[140.7565,38.73],[140.7563,38.7299],[140.7562,38.7299],[140.7561,38.7299],[140.756,38.73],[140.756,38.73],[140.7559,38.73],[140.7559,38.7299],[140.7558,38.7299],[140.7557,38.7298],[140.7556,38.7298],[140.7555,38.7298],[140.7554,38.7298],[140.7554,38.7298],[140.7553,38.7299],[140.7551,38.7299],[140.7548,38.73],[140.7545,38.7299],[140.7544,38.7299],[140.7542,38.7298],[140.7541,38.7297],[140.754,38.7297],[140.7539,38.7297],[140.7539,38.7297],[140.7538,38.7298],[140.7537,38.7298],[140.7536,38.7299],[140.7536,38.7299],[140.7535,38.73],[140.7531,38.7296],[140.7531,38.7296],[140.7532,38.7295],[140.7538,38.7293],[140.754,38.7292],[140.7542,38.7293],[140.7544,38.7294],[140.7545,38.7294],[140.7546,38.7293],[140.7547,38.7293],[140.7548,38.7292],[140.7548,38.7292],[140.7547,38.7291],[140.7545,38.729],[140.7544,38.729],[140.7536,38.7289],[140.7532,38.7289],[140.7529,38.7289],[140.7526,38.7289],[140.7521,38.729],[140.7517,38.7291],[140.7515,38.7291],[140.7511,38.7291],[140.7511,38.7291],[140.7509,38.729],[140.7506,38.7288],[140.7503,38.7285],[140.7501,38.7284],[140.7498,38.7283],[140.7496,38.7282],[140.7493,38.7279],[140.7492,38.7277],[140.7489,38.727],[140.7487,38.7266],[140.7485,38.7265],[140.7484,38.7264],[140.7483,38.7264],[140.7483,38.7265],[140.7483,38.7266],[140.7484,38.727],[140.7484,38.7273],[140.7483,38.7277],[140.7482,38.7279],[140.7481,38.7281],[140.7479,38.7283],[140.7478,38.7283],[140.7476,38.7284],[140.7474,38.7285],[140.747,38.7289],[140.7468,38.729],[140.7467,38.729],[140.7466,38.7291],[140.7465,38.7292],[140.7464,38.7294],[140.7464,38.7294],[140.7464,38.7296],[140.7464,38.7297],[140.7465,38.7299],[140.7464,38.7301],[140.7464,38.7301],[140.7463,38.7302],[140.7461,38.7303],[140.746,38.7303],[140.7459,38.7303],[140.7458,38.7302],[140.7458,38.7302],[140.7457,38.7302],[140.7456,38.7303],[140.7456,38.7303],[140.7456,38.7304],[140.7457,38.7304],[140.7458,38.7305],[140.7461,38.7307],[140.7462,38.7309],[140.7464,38.7312],[140.7465,38.7314],[140.7464,38.7315],[140.7464,38.7315],[140.7463,38.7316],[140.7463,38.7316],[140.7462,38.7316],[140.7462,38.7315],[140.746,38.7314],[140.7459,38.7314],[140.7457,38.7314],[140.7456,38.7314],[140.7455,38.7313],[140.7454,38.7312],[140.7454,38.7312],[140.7453,38.731],[140.7454,38.7309],[140.7453,38.7308],[140.7452,38.7308],[140.745,38.7308],[140.7448,38.7308],[140.7444,38.7309],[140.7442,38.7309],[140.744,38.7308],[140.7439,38.7307],[140.7438,38.7306],[140.7438,38.7306],[140.7437,38.7305],[140.7437,38.7303],[140.7437,38.73],[140.7437,38.7294],[140.7438,38.729],[140.7438,38.7289],[140.7437,38.7288],[140.7436,38.7287],[140.7435,38.7286],[140.7433,38.7286],[140.7431,38.7286],[140.7428,38.7286],[140.7426,38.7285],[140.7423,38.7284],[140.741,38.7278],[140.7402,38.7275],[140.7401,38.7275],[140.7401,38.7275],[140.74,38.7275],[140.7399,38.7274],[140.7395,38.7272],[140.7395,38.7271],[140.7394,38.7271],[140.7394,38.7272],[140.7394,38.7272],[140.7395,38.7273],[140.7398,38.7277],[140.7398,38.7277],[140.7398,38.7279],[140.7399,38.7284],[140.7399,38.7286],[140.7398,38.7287],[140.7398,38.7289],[140.7397,38.7293],[140.7396,38.7297],[140.7396,38.7298],[140.7396,38.7299],[140.7396,38.73],[140.7396,38.7301],[140.7396,38.7302],[140.7396,38.7302],[140.7394,38.7304],[140.7393,38.7305],[140.7392,38.7306],[140.7392,38.7308],[140.7392,38.731],[140.7394,38.7313],[140.7394,38.7314],[140.7394,38.7315],[140.7392,38.7316],[140.7391,38.7317],[140.7391,38.7318],[140.739,38.732],[140.739,38.732],[140.7389,38.7322],[140.7386,38.7324],[140.7383,38.7327],[140.7383,38.7328],[140.7383,38.7328],[140.7383,38.7329],[140.7383,38.7329],[140.7383,38.733],[140.738,38.7334],[140.7378,38.7337],[140.7378,38.7337],[140.7378,38.7338],[140.7378,38.7339],[140.7378,38.734],[140.7378,38.7341],[140.7377,38.7341],[140.7377,38.7342],[140.7376,38.7342],[140.7375,38.7341],[140.7374,38.7341],[140.7371,38.7338],[140.737,38.7338],[140.7368,38.7337],[140.7365,38.7337],[140.7362,38.7336],[140.7362,38.7337],[140.7361,38.7337],[140.7361,38.7337],[140.736,38.7338],[140.7359,38.7341],[140.7356,38.7346],[140.7355,38.735],[140.7355,38.7352],[140.7355,38.7353],[140.7355,38.7353],[140.7356,38.7354],[140.736,38.7354],[140.7363,38.7355],[140.7366,38.7355],[140.7369,38.7356],[140.7373,38.7357],[140.7374,38.7357],[140.7378,38.7361],[140.7378,38.7362],[140.7379,38.7364],[140.738,38.7367],[140.7381,38.7371],[140.7381,38.7374],[140.738,38.7376],[140.738,38.7379],[140.7377,38.7386],[140.7375,38.7391],[140.7371,38.74],[140.7369,38.7402],[140.7368,38.7403],[140.7367,38.7403],[140.7366,38.7403],[140.7364,38.7402],[140.7363,38.7402],[140.7361,38.7402],[140.7358,38.7402],[140.7357,38.7401],[140.7351,38.7399],[140.7346,38.7397],[140.7342,38.7396],[140.7339,38.7396],[140.7335,38.7395],[140.7334,38.7395],[140.7332,38.7396],[140.733,38.7397],[140.7328,38.7398],[140.7326,38.74],[140.7323,38.7404],[140.7321,38.7407],[140.732,38.7409],[140.7319,38.741],[140.7318,38.7411],[140.7315,38.7411],[140.731,38.7414],[140.7305,38.7416],[140.7299,38.7419],[140.7298,38.7419],[140.7296,38.742],[140.7293,38.742],[140.7292,38.742],[140.729,38.7421],[140.7287,38.7423],[140.7285,38.7423],[140.7283,38.7423],[140.728,38.7423],[140.7277,38.7423],[140.7274,38.7423],[140.7261,38.7425],[140.7257,38.7426],[140.7255,38.7427],[140.7253,38.7426],[140.7252,38.7426],[140.7251,38.7426],[140.7251,38.7424],[140.7251,38.7421],[140.7252,38.7419],[140.7252,38.7418],[140.7253,38.7417],[140.7253,38.7415],[140.7253,38.7414],[140.7251,38.7411],[140.725,38.7407],[140.7245,38.7401],[140.7243,38.7399],[140.7241,38.7398],[140.7236,38.7395],[140.7229,38.7392],[140.7229,38.7391],[140.7229,38.739],[140.7229,38.7386],[140.7229,38.7383],[140.7229,38.738],[140.7227,38.7377],[140.7225,38.7375],[140.7223,38.7374],[140.7221,38.7372],[140.7217,38.7371],[140.7214,38.7369],[140.721,38.7369],[140.7207,38.7369],[140.7202,38.7369],[140.7197,38.7369],[140.7194,38.7369],[140.7192,38.7369],[140.719,38.7368],[140.7187,38.7366],[140.7186,38.7364],[140.7184,38.7361],[140.7183,38.7357],[140.7183,38.7354],[140.7183,38.735],[140.7182,38.7348],[140.7181,38.7347],[140.718,38.7347],[140.718,38.7347],[140.7179,38.7348],[140.7178,38.7349],[140.7177,38.735],[140.7172,38.7354],[140.7168,38.7357],[140.7166,38.7358],[140.7162,38.736],[140.7158,38.7362],[140.7153,38.7364],[140.7151,38.7365],[140.7149,38.7367],[140.7147,38.7368],[140.7144,38.7369],[140.7143,38.737],[140.7135,38.7377],[140.7134,38.7378],[140.7134,38.7378],[140.7134,38.7378],[140.7133,38.7378],[140.7132,38.7377],[140.7129,38.7375],[140.7128,38.7374],[140.7127,38.7373],[140.7127,38.7373],[140.7125,38.7372],[140.7123,38.7372],[140.7121,38.7371],[140.7119,38.7369],[140.7116,38.7367],[140.7115,38.7367],[140.7113,38.7367],[140.7112,38.7366],[140.7112,38.7366],[140.7111,38.7364],[140.7109,38.7362],[140.7108,38.7361],[140.7107,38.736],[140.7106,38.7359],[140.7105,38.7359],[140.7103,38.7359],[140.7102,38.7359],[140.7102,38.7358],[140.71,38.7357],[140.7099,38.7355],[140.7096,38.7354],[140.7095,38.7353],[140.7095,38.7352],[140.7095,38.7351],[140.7095,38.735],[140.7095,38.7349],[140.7095,38.7347],[140.7096,38.7346],[140.7096,38.7346],[140.7095,38.7345],[140.7094,38.7343],[140.7092,38.7341],[140.7091,38.7339],[140.709,38.7337],[140.709,38.7334],[140.7089,38.7331],[140.7088,38.733],[140.7087,38.733],[140.7086,38.7329],[140.7086,38.7329],[140.7086,38.733],[140.7086,38.733],[140.7087,38.7331],[140.7087,38.7333],[140.7087,38.7336],[140.7087,38.7337],[140.7087,38.7339],[140.7086,38.734],[140.7086,38.7342],[140.7085,38.7344],[140.7084,38.7345],[140.7083,38.7348],[140.7082,38.735],[140.7082,38.7352],[140.7081,38.7354],[140.7081,38.7355],[140.7082,38.7357],[140.7082,38.7359],[140.7082,38.736],[140.7084,38.7364],[140.7083,38.7365],[140.7081,38.7365],[140.7078,38.7365],[140.7073,38.7365],[140.7065,38.7364],[140.7062,38.7364],[140.706,38.7363],[140.7058,38.7363],[140.7054,38.736],[140.7052,38.7359],[140.7049,38.7357],[140.7045,38.7356],[140.7045,38.7355],[140.7042,38.7354],[140.7039,38.7351],[140.7037,38.7349],[140.7036,38.7348],[140.7034,38.7347],[140.7033,38.7347],[140.7033,38.7347],[140.7033,38.7347],[140.7032,38.7348],[140.7032,38.7349],[140.7032,38.735],[140.7032,38.7352],[140.7031,38.7355],[140.703,38.7356],[140.7029,38.7357],[140.7028,38.7357],[140.7027,38.7357],[140.7026,38.7357],[140.7026,38.7356],[140.7023,38.7355],[140.7021,38.7355],[140.7019,38.7355],[140.7018,38.7355],[140.7018,38.7358],[140.702,38.7361],[140.7024,38.7368],[140.7027,38.7372],[140.7029,38.7375],[140.7032,38.7377],[140.7036,38.738],[140.7039,38.7383],[140.7042,38.7385],[140.7044,38.7387],[140.7044,38.7387],[140.7044,38.7388],[140.7043,38.7389],[140.7042,38.739],[140.7037,38.7392],[140.7026,38.7396],[140.7022,38.7397],[140.702,38.7398],[140.7018,38.74],[140.7017,38.7402],[140.7016,38.7403],[140.7014,38.7404],[140.7011,38.7406],[140.7006,38.7409],[140.7002,38.7413],[140.6998,38.7416],[140.6996,38.7418],[140.6995,38.7419],[140.6994,38.7422],[140.6992,38.7425],[140.6989,38.7435],[140.6987,38.7444],[140.6987,38.7453],[140.6986,38.7464],[140.6986,38.7467],[140.6987,38.747],[140.6987,38.7472],[140.6987,38.7475],[140.6987,38.748],[140.6988,38.7485],[140.6988,38.7488],[140.6989,38.7492],[140.6991,38.7502],[140.6994,38.7504],[140.6996,38.7505],[140.7,38.7505],[140.7004,38.7506],[140.7008,38.7505],[140.7012,38.7505],[140.7029,38.7502],[140.7039,38.7501],[140.7045,38.75],[140.705,38.7498],[140.7053,38.7496],[140.7056,38.7495],[140.7059,38.7495],[140.7062,38.7495],[140.7066,38.7497],[140.7071,38.7499],[140.7076,38.7503],[140.7085,38.7509],[140.709,38.7512],[140.7095,38.7515],[140.7101,38.7518],[140.7103,38.7519],[140.7105,38.752],[140.711,38.7524],[140.7114,38.7528],[140.7117,38.7531],[140.712,38.7535],[140.7123,38.7538],[140.7127,38.7545],[140.7136,38.7558],[140.7138,38.7561],[140.7142,38.7566],[140.7144,38.7568],[140.7146,38.7571],[140.7148,38.757],[140.715,38.7569],[140.7161,38.7568],[140.7169,38.7569],[140.7172,38.7569],[140.7174,38.757],[140.7177,38.7571],[140.7186,38.7572],[140.7187,38.7572],[140.7189,38.7571],[140.7192,38.7571],[140.7195,38.7571],[140.7197,38.757],[140.72,38.7569]]]},"properties":{"type":"04215","name":"04"}},{"type":"Feature","geometry":{"type":"Polygon","coordinates":[[[140.9583,38.5073],[140.9582,38.5072],[140.9579,38.507],[140.9578,38.5069],[140.9577,38.5068],[140.9577,38.5068],[140.9576,38.5068],[140.9574,38.5068],[140.9574,38.5067],[140.9573,38.5067],[140.9572,38.5067],[140.957,38.5067],[140.957,38.5067],[140.9569,38.5067],[140.9569,38.5068],[140.9569,38.5068],[140.9568,38.507],[140.9568,38.5071],[140.9569,38.5072],[140.957,38.5074],[140.9571,38.5075],[140.9571,38.5076],[140.9571,38.5076],[140.957,38.5077],[140.9568,38.5076],[140.9567,38.5076],[140.9567,38.5075],[140.9565,38.5075],[140.9564,38.5074],[140.9563,38.5075],[140.956,38.5075],[140.9558,38.5075],[140.9557,38.5075],[140.9556,38.5075],[140.9555,38.5074],[140.9551,38.5074],[140.955,38.5074],[140.9548,38.5075],[140.9547,38.5075],[140.9546,38.5075],[140.9539,38.5075],[140.9535,38.5075],[140.9533,38.5075],[140.9532,38.5075],[140.953,38.5076],[140.9529,38.5077],[140.9528,38.5077],[140.9526,38.5077],[140.9524,38.5077],[140.9521,38.5076],[140.952,38.5076],[140.9519,38.5075],[140.9518,38.5075],[140.9517,38.5075],[140.9516,38.5076],[140.9515,38.5076],[140.9514,38.5076],[140.9513,38.5076],[140.9512,38.5076],[140.9512,38.5078],[140.9511,38.5078],[140.951,38.5079],[140.9509,38.5079],[140.9508,38.508],[140.9508,38.5081],[140.9507,38.5082],[140.9506,38.5082],[140.9505,38.5083],[140.9504,38.5083],[140.9503,38.5083],[140.9502,38.5083],[140.95,38.5083],[140.9498,38.5083],[140.9497,38.5084],[140.9496,38.5084],[140.9495,38.5085],[140.9494,38.5087],[140.9493,38.5088],[140.9491,38.509],[140.949,38.5091],[140.9489,38.5092],[140.9485,38.5093],[140.9477,38.5094],[140.9469,38.5094],[140.9465,38.5094],[140.9462,38.5094],[140.9458,38.5092],[140.9454,38.509],[140.9452,38.5088],[140.945,38.5088],[140.9449,38.5087],[140.9447,38.5087],[140.9445,38.5088],[140.9443,38.5087],[140.9442,38.5087],[140.9441,38.5087],[140.9439,38.5087],[140.9438,38.5086],[140.9437,38.5086],[140.9436,38.5085],[140.9436,38.5086],[140.9436,38.5087],[140.9435,38.5088],[140.9435,38.5089],[140.9434,38.5089],[140.9433,38.5091],[140.9432,38.5092],[140.9431,38.5093],[140.9431,38.5093],[140.943,38.5093],[140.9429,38.5094],[140.9428,38.5094],[140.9427,38.5094],[140.9426,38.5093],[140.9422,38.5093],[140.942,38.5093],[140.9419,38.5093],[140.9418,38.5093],[140.9416,38.5094],[140.9414,38.5095],[140.9413,38.5095],[140.9411,38.5097],[140.9409,38.5098],[140.9408,38.5099],[140.9406,38.51],[140.9405,38.5101],[140.9403,38.5102],[140.9401,38.5102],[140.9399,38.5103],[140.9397,38.5103],[140.9395,38.5103],[140.9393,38.5103],[140.939,38.5103],[140.9388,38.5103],[140.9386,38.5103],[140.9384,38.5103],[140.9381,38.5103],[140.938,38.5103],[140.9379,38.5103],[140.9378,38.5104],[140.9377,38.5105],[140.9375,38.5108],[140.9374,38.5109],[140.9373,38.5109],[140.9372,38.511],[140.9371,38.511],[140.937,38.511],[140.9369,38.511],[140.9369,38.511],[140.9367,38.511],[140.9367,38.511],[140.9366,38.5111],[140.9365,38.5111],[140.9364,38.5112],[140.9364,38.5113],[140.9362,38.5115],[140.936,38.5117],[140.936,38.5118],[140.9359,38.5118],[140.9358,38.5119],[140.9357,38.5119],[140.9356,38.5119],[140.9356,38.5118],[140.9355,38.5118],[140.9354,38.5117],[140.9353,38.5116],[140.9352,38.5115],[140.9352,38.5115],[140.9351,38.5114],[140.9351,38.5113],[140.9351,38.5112],[140.9351,38.5112],[140.935,38.5111],[140.935,38.511],[140.935,38.5109],[140.935,38.5108],[140.9349,38.5107],[140.9349,38.5106],[140.9348,38.5106],[140.9347,38.5105],[140.9346,38.5105],[140.9345,38.5105],[140.9343,38.5106],[140.9342,38.5107],[140.9341,38.5107],[140.9339,38.5107],[140.9338,38.5106],[140.9335,38.5105],[140.9334,38.5104],[140.9332,38.5104],[140.9331,38.5104],[140.9329,38.5104],[140.9327,38.5104],[140.9326,38.5104],[140.9325,38.5104],[140.9324,38.5105],[140.9323,38.5106],[140.9323,38.5106],[140.9321,38.5107],[140.932,38.5108],[140.9319,38.5109],[140.9314,38.5111],[140.9314,38.5115],[140.9314,38.5118],[140.9314,38.5119],[140.9314,38.512],[140.9314,38.512],[140.9314,38.512],[140.9314,38.5121],[140.9309,38.5121],[140.9308,38.5121],[140.9306,38.5124],[140.9305,38.5126],[140.93,38.5132],[140.93,38.5133],[140.93,38.5134],[140.93,38.5135],[140.9299,38.5137],[140.9298,38.5138],[140.9297,38.5139],[140.9296,38.514],[140.9295,38.514],[140.9295,38.5141],[140.9294,38.5141],[140.9294,38.5141],[140.9294,38.5142],[140.9294,38.5142],[140.9294,38.5143],[140.9294,38.5143],[140.9294,38.5144],[140.9294,38.5144],[140.9293,38.5144],[140.9293,38.5145],[140.9292,38.5146],[140.9292,38.5146],[140.9292,38.5147],[140.9291,38.5147],[140.929,38.5148],[140.929,38.5149],[140.9289,38.5149],[140.9288,38.515],[140.9287,38.5151],[140.9286,38.5152],[140.9285,38.5153],[140.9284,38.5153],[140.9283,38.5154],[140.9282,38.5155],[140.9281,38.5156],[140.928,38.5158],[140.9275,38.5162],[140.9275,38.5163],[140.9274,38.5165],[140.9273,38.5168],[140.9272,38.517],[140.9271,38.5171],[140.927,38.5172],[140.9267,38.5173],[140.9264,38.5173],[140.9261,38.5176],[140.9256,38.5182],[140.9252,38.5186],[140.9251,38.5187],[140.925,38.5189],[140.9249,38.519],[140.9249,38.519],[140.9249,38.5192],[140.9249,38.5193],[140.9249,38.5193],[140.9249,38.5193],[140.925,38.5194],[140.925,38.5194],[140.9251,38.5194],[140.9251,38.5194],[140.9252,38.5195],[140.9252,38.5195],[140.9253,38.5195],[140.9254,38.5195],[140.9254,38.5195],[140.9254,38.5195],[140.9255,38.5195],[140.9255,38.5196],[140.9255,38.5196],[140.9255,38.5196],[140.9255,38.5196],[140.9254,38.5197],[140.9254,38.5197],[140.9253,38.5197],[140.9252,38.5197],[140.9252,38.5197],[140.9251,38.5198],[140.925,38.5198],[140.925,38.5198],[140.925,38.5199],[140.925,38.5199],[140.925,38.52],[140.925,38.52],[140.925,38.52],[140.9251,38.5201],[140.9251,38.5202],[140.9251,38.5202],[140.9252,38.5202],[140.9252,38.5203],[140.9253,38.5203],[140.9253,38.5203],[140.9254,38.5203],[140.9254,38.5204],[140.9254,38.5204],[140.9254,38.5205],[140.9253,38.5205],[140.9253,38.5205],[140.9253,38.5205],[140.9252,38.5205],[140.9251,38.5205],[140.925,38.5205],[140.9249,38.5206],[140.9247,38.5206],[140.9247,38.5206],[140.9247,38.5207],[140.9246,38.5207],[140.9246,38.5207],[140.9246,38.5207],[140.9246,38.5208],[140.9246,38.5208],[140.9246,38.5208],[140.9246,38.5209],[140.9245,38.5209],[140.9245,38.521],[140.9245,38.521],[140.9245,38.5211],[140.9245,38.5212],[140.9245,38.5212],[140.9245,38.5213],[140.9245,38.5213],[140.9246,38.5214],[140.9246,38.5214],[140.9246,38.5215],[140.9246,38.5215],[140.9245,38.5215],[140.9244,38.5217],[140.9244,38.5219],[140.9247,38.5218],[140.925,38.5218],[140.9252,38.5218],[140.9253,38.5217],[140.9256,38.5217],[140.9258,38.5217],[140.926,38.5216],[140.9263,38.5216],[140.9266,38.5216],[140.9269,38.5215],[140.9272,38.5215],[140.9274,38.5214],[140.9277,38.5214],[140.9277,38.5214],[140.9278,38.5214],[140.928,38.5214],[140.9282,38.5213],[140.9284,38.5213],[140.9286,38.5213],[140.9286,38.5213],[140.9289,38.5212],[140.9289,38.5214],[140.9288,38.5217],[140.9287,38.5222],[140.9286,38.5227],[140.9286,38.5232],[140.9285,38.5239],[140.9285,38.5243],[140.9285,38.5246],[140.9285,38.5249],[140.9285,38.5254],[140.9285,38.5256],[140.9285,38.5256],[140.9285,38.5257],[140.9285,38.5262],[140.9286,38.527],[140.9286,38.527],[140.9286,38.5271],[140.9287,38.5272],[140.9287,38.5272],[140.9287,38.5272],[140.9287,38.5273],[140.9287,38.5274],[140.9287,38.5274],[140.9287,38.5275],[140.9287,38.5275],[140.9287,38.5276],[140.9287,38.5276],[140.9287,38.5277],[140.9287,38.5277],[140.9287,38.5278],[140.9287,38.5278],[140.9287,38.5278],[140.9288,38.5279],[140.9288,38.528],[140.9288,38.528],[140.9288,38.5281],[140.9288,38.5281],[140.9288,38.5281],[140.9288,38.5282],[140.9288,38.5283],[140.9288,38.5284],[140.9288,38.5284],[140.9288,38.5284],[140.9288,38.5285],[140.9288,38.5285],[140.9288,38.5286],[140.9288,38.5286],[140.9288,38.5286],[140.9289,38.5287],[140.9289,38.5287],[140.9289,38.5287],[140.9289,38.5288],[140.9289,38.5288],[140.9289,38.5289],[140.9289,38.5289],[140.9289,38.5289],[140.9289,38.529],[140.9289,38.529],[140.9289,38.5291],[140.9289,38.5291],[140.9289,38.5292],[140.9289,38.5292],[140.9289,38.5293],[140.929,38.5293],[140.929,38.5294],[140.929,38.5294],[140.929,38.5295],[140.929,38.5295],[140.929,38.5296],[140.929,38.5296],[140.929,38.5296],[140.929,38.5297],[140.929,38.5298],[140.929,38.5298],[140.929,38.5298],[140.929,38.5298],[140.929,38.5298],[140.929,38.5299],[140.929,38.5299],[140.929,38.5299],[140.929,38.5299],[140.929,38.5299],[140.929,38.53],[140.929,38.53],[140.9291,38.53],[140.9291,38.5301],[140.9291,38.5301],[140.9291,38.5301],[140.9291,38.5301],[140.9291,38.5302],[140.9291,38.5302],[140.9291,38.5302],[140.9291,38.5303],[140.9291,38.5303],[140.9291,38.5303],[140.9291,38.5304],[140.9291,38.5304],[140.9291,38.5305],[140.9291,38.5305],[140.9291,38.5305],[140.9291,38.5305],[140.9291,38.5306],[140.9291,38.5306],[140.9291,38.5306],[140.9291,38.5306],[140.9291,38.5307],[140.9292,38.5308],[140.9292,38.5309],[140.9292,38.531],[140.9292,38.531],[140.9292,38.531],[140.9292,38.531],[140.9292,38.531],[140.9292,38.5311],[140.9292,38.5311],[140.9292,38.5312],[140.9292,38.5312],[140.9292,38.5312],[140.9292,38.5313],[140.9292,38.5313],[140.9292,38.5314],[140.9292,38.5314],[140.9293,38.5314],[140.9293,38.5314],[140.9293,38.5315],[140.9293,38.5315],[140.9293,38.5315],[140.9293,38.5315],[140.9293,38.5316],[140.9293,38.5316],[140.9293,38.5316],[140.9293,38.5316],[140.9293,38.5317],[140.9293,38.5317],[140.9293,38.5317],[140.9293,38.5318],[140.9293,38.5318],[140.9293,38.5318],[140.9293,38.5319],[140.9293,38.5319],[140.9293,38.5319],[140.9293,38.5319],[140.9293,38.532],[140.9293,38.532],[140.9293,38.532],[140.9293,38.532],[140.9293,38.5321],[140.9294,38.5321],[140.9294,38.5321],[140.9294,38.5322],[140.9294,38.5322],[140.9294,38.5322],[140.9294,38.5323],[140.9294,38.5323],[140.9294,38.5324],[140.9294,38.5324],[140.9294,38.5325],[140.9294,38.5325],[140.9294,38.5326],[140.9294,38.5326],[140.9294,38.5326],[140.9294,38.5326],[140.9294,38.5326],[140.9294,38.5326],[140.9294,38.5326],[140.9294,38.5326],[140.9294,38.5327],[140.9294,38.5327],[140.9294,38.5328],[140.9295,38.5328],[140.9295,38.5328],[140.9295,38.5328],[140.9295,38.5329],[140.9295,38.5329],[140.9295,38.5329],[140.9295,38.5329],[140.9295,38.533],[140.9295,38.533],[140.9295,38.533],[140.9295,38.533],[140.9295,38.5331],[140.9295,38.5331],[140.9295,38.5331],[140.9295,38.5331],[140.9295,38.5331],[140.9295,38.5332],[140.9295,38.5332],[140.9295,38.5333],[140.9295,38.5333],[140.9295,38.5334],[140.9295,38.5334],[140.9295,38.5334],[140.9295,38.5334],[140.9295,38.5334],[140.9295,38.5334],[140.9296,38.5335],[140.9296,38.5335],[140.9296,38.5335],[140.9296,38.5335],[140.9296,38.5335],[140.9296,38.5336],[140.9296,38.5336],[140.9296,38.5337],[140.9296,38.5337],[140.9296,38.5337],[140.9296,38.5337],[140.9296,38.5337],[140.9296,38.5337],[140.9296,38.5337],[140.9296,38.5337],[140.9296,38.5338],[140.9296,38.5338],[140.9296,38.5338],[140.9296,38.5338],[140.9296,38.5339],[140.9296,38.5339],[140.9296,38.5339],[140.9296,38.5339],[140.9296,38.5339],[140.9296,38.5339],[140.9296,38.5339],[140.9296,38.534],[140.9296,38.534],[140.9296,38.534],[140.9296,38.5341],[140.9296,38.5341],[140.9296,38.5341],[140.9296,38.5341],[140.9297,38.5342],[140.9297,38.5342],[140.9297,38.5342],[140.9297,38.5342],[140.9297,38.5342],[140.9297,38.5342],[140.9297,38.5343],[140.9297,38.5343],[140.9297,38.5343],[140.9297,38.5343],[140.9297,38.5344],[140.9297,38.5344],[140.9297,38.5344],[140.9297,38.5344],[140.9297,38.5344],[140.9297,38.5345],[140.9297,38.5345],[140.9297,38.5345],[140.9297,38.5345],[140.9297,38.5346],[140.9297,38.5346],[140.9297,38.5346],[140.9297,38.5346],[140.9297,38.5346],[140.9297,38.5347],[140.9297,38.5347],[140.9297,38.5347],[140.9297,38.5347],[140.9297,38.5348],[140.9297,38.5348],[140.9298,38.5348],[140.9298,38.5349],[140.9299,38.5357],[140.9299,38.5357],[140.9299,38.5358],[140.9299,38.5358],[140.9299,38.5358],[140.9299,38.5358],[140.9299,38.5358],[140.9299,38.5358],[140.9299,38.5358],[140.9299,38.5359],[140.9299,38.5359],[140.9299,38.5359],[140.9299,38.5359],[140.9299,38.536],[140.9299,38.536],[140.9299,38.536],[140.9299,38.536],[140.9299,38.536],[140.9299,38.536],[140.9299,38.5361],[140.9299,38.5361],[140.9299,38.5361],[140.9299,38.5361],[140.9299,38.5362],[140.9299,38.5362],[140.93,38.5362],[140.93,38.5362],[140.93,38.5362],[140.93,38.5363],[140.93,38.5363],[140.93,38.5364],[140.93,38.5364],[140.93,38.5364],[140.93,38.5364],[140.93,38.5364],[140.93,38.5365],[140.93,38.5365],[140.93,38.5365],[140.93,38.5365],[140.93,38.5365],[140.93,38.5366],[140.93,38.5366],[140.93,38.5366],[140.93,38.5366],[140.93,38.5366],[140.93,38.5367],[140.93,38.5367],[140.93,38.5367],[140.93,38.5368],[140.93,38.5368],[140.93,38.5368],[140.93,38.5368],[140.93,38.5369],[140.93,38.5369],[140.93,38.5369],[140.9301,38.5369],[140.9301,38.5369],[140.9301,38.537],[140.9301,38.537],[140.9301,38.537],[140.9301,38.537],[140.9301,38.537],[140.9301,38.5371],[140.9301,38.5371],[140.9301,38.5371],[140.9301,38.5371],[140.9301,38.5371],[140.9301,38.5372],[140.9301,38.5372],[140.9301,38.5372],[140.9301,38.5372],[140.9301,38.5372],[140.9301,38.5372],[140.9301,38.5373],[140.9301,38.5373],[140.9301,38.5374],[140.9301,38.5374],[140.9301,38.5374],[140.9301,38.5374],[140.9301,38.5374],[140.9301,38.5374],[140.9301,38.5374],[140.9301,38.5375],[140.9301,38.5375],[140.9301,38.5375],[140.9301,38.5375],[140.9301,38.5375],[140.9301,38.5375],[140.9302,38.5376],[140.9302,38.5376],[140.9302,38.5376],[140.9302,38.5377],[140.9302,38.5377],[140.9302,38.5377],[140.9302,38.5377],[140.9302,38.5377],[140.9302,38.5378],[140.9302,38.5378],[140.9302,38.5378],[140.9302,38.5378],[140.9302,38.5378],[140.9302,38.5378],[140.9302,38.5379],[140.9302,38.5379],[140.9302,38.5379],[140.9302,38.5379],[140.9302,38.5379],[140.9302,38.5379],[140.9302,38.5379],[140.9302,38.538],[140.9302,38.538],[140.9302,38.538],[140.9302,38.538],[140.9302,38.5381],[140.9302,38.5381],[140.9302,38.5381],[140.9302,38.5381],[140.9302,38.5382],[140.9302,38.5382],[140.9302,38.5382],[140.9302,38.5382],[140.9302,38.5382],[140.9302,38.5383],[140.9302,38.5383],[140.9303,38.5383],[140.9303,38.5383],[140.9303,38.5383],[140.9303,38.5383],[140.9303,38.5384],[140.9303,38.5384],[140.9303,38.5384],[140.9303,38.5384],[140.9303,38.5384],[140.9303,38.5384],[140.9303,38.5384],[140.9303,38.5384],[140.9303,38.5385],[140.9303,38.5385],[140.9303,38.5385],[140.9303,38.5385],[140.9303,38.5385],[140.9303,38.5385],[140.9303,38.5386],[140.9303,38.5386],[140.9303,38.5386],[140.9303,38.5387],[140.9303,38.5387],[140.9303,38.5387],[140.9303,38.5388],[140.9303,38.5388],[140.9303,38.5388],[140.9303,38.5388],[140.9303,38.5388],[140.9303,38.5388],[140.9303,38.5388],[140.9303,38.5388],[140.9303,38.5389],[140.9304,38.539],[140.9304,38.539],[140.9304,38.539],[140.9304,38.5391],[140.9304,38.5391],[140.9304,38.5392],[140.9304,38.5392],[140.9304,38.5392],[140.9304,38.5393],[140.9304,38.5393],[140.9304,38.5393],[140.9304,38.5393],[140.9304,38.5394],[140.9304,38.5394],[140.9304,38.5395],[140.9304,38.5396],[140.9304,38.5396],[140.9304,38.5397],[140.9305,38.5397],[140.9305,38.5397],[140.9305,38.5397],[140.9305,38.5398],[140.9305,38.5398],[140.9305,38.5398],[140.9305,38.5399],[140.9305,38.5399],[140.9305,38.54],[140.9305,38.5401],[140.9305,38.5401],[140.9305,38.5401],[140.9305,38.5401],[140.9305,38.5402],[140.9305,38.5402],[140.9305,38.5402],[140.9305,38.5403],[140.9305,38.5403],[140.9305,38.5404],[140.9305,38.5404],[140.9305,38.5404],[140.9305,38.5404],[140.9306,38.5404],[140.9306,38.5406],[140.9306,38.5406],[140.9306,38.5406],[140.9306,38.5406],[140.9306,38.5406],[140.9306,38.5407],[140.9306,38.5407],[140.9306,38.5407],[140.9306,38.5408],[140.9306,38.5408],[140.9306,38.5408],[140.9306,38.5409],[140.9306,38.5409],[140.9306,38.5409],[140.9306,38.5409],[140.9306,38.541],[140.9306,38.541],[140.9306,38.541],[140.9306,38.541],[140.9306,38.5411],[140.9306,38.5411],[140.9306,38.5411],[140.9307,38.5411],[140.9307,38.5412],[140.9307,38.5412],[140.9307,38.5412],[140.9307,38.5412],[140.9307,38.5412],[140.9307,38.5413],[140.9307,38.5413],[140.9307,38.5413],[140.9307,38.5413],[140.9307,38.5413],[140.9307,38.5414],[140.9307,38.5414],[140.9307,38.5414],[140.9307,38.5414],[140.9307,38.5415],[140.9307,38.5415],[140.9307,38.5415],[140.9307,38.5415],[140.9307,38.5415],[140.9307,38.5416],[140.9307,38.5416],[140.9307,38.5416],[140.9307,38.5416],[140.9307,38.5416],[140.9307,38.5416],[140.9307,38.5417],[140.9307,38.5417],[140.9307,38.5417],[140.9307,38.5417],[140.9307,38.5417],[140.9307,38.5417],[140.9307,38.5417],[140.9307,38.5418],[140.9307,38.5418],[140.9307,38.5418],[140.9308,38.5418],[140.9308,38.5418],[140.9308,38.5418],[140.9308,38.5418],[140.9308,38.5419],[140.9308,38.5419],[140.9308,38.5419],[140.9308,38.5419],[140.9308,38.542],[140.9308,38.542],[140.9308,38.542],[140.9308,38.542],[140.9308,38.542],[140.9308,38.542],[140.9308,38.542],[140.9308,38.5422],[140.9308,38.5422],[140.9308,38.5422],[140.9308,38.5422],[140.9308,38.5423],[140.9308,38.5423],[140.9308,38.5424],[140.9308,38.5425],[140.9309,38.5425],[140.9309,38.5425],[140.9309,38.5426],[140.9309,38.5426],[140.9309,38.5426],[140.9309,38.5426],[140.9309,38.5426],[140.9309,38.5427],[140.9309,38.5427],[140.9309,38.5427],[140.9309,38.5428],[140.9309,38.5428],[140.9309,38.5428],[140.9309,38.5428],[140.9309,38.5429],[140.9309,38.5429],[140.9309,38.5429],[140.9309,38.5429],[140.9309,38.5429],[140.9309,38.5429],[140.9309,38.543],[140.9309,38.543],[140.9309,38.543],[140.9309,38.5431],[140.9309,38.5431],[140.9309,38.5431],[140.9309,38.5431],[140.931,38.5432],[140.931,38.5432],[140.931,38.5432],[140.931,38.5432],[140.931,38.5432],[140.931,38.5432],[140.931,38.5433],[140.931,38.5433],[140.931,38.5433],[140.931,38.5433],[140.9309,38.5433],[140.931,38.5434],[140.9312,38.5433],[140.9318,38.5433],[140.9326,38.5432],[140.9327,38.5432],[140.9327,38.5432],[140.9328,38.5434],[140.9327,38.5434],[140.9327,38.5439],[140.9328,38.5441],[140.9328,38.5445],[140.9328,38.545],[140.9328,38.5455],[140.9328,38.546],[140.9328,38.546],[140.9328,38.546],[140.9328,38.5461],[140.9328,38.5462],[140.9328,38.5464],[140.9328,38.5464],[140.9327,38.5465],[140.9327,38.5466],[140.9326,38.5467],[140.9326,38.5468],[140.9326,38.5468],[140.9326,38.5468],[140.9326,38.5471],[140.9326,38.5472],[140.9326,38.5474],[140.9326,38.5474],[140.9326,38.5475],[140.9325,38.5478],[140.9326,38.5479],[140.9326,38.5479],[140.9326,38.548],[140.9326,38.548],[140.9325,38.5484],[140.9325,38.5485],[140.9326,38.5488],[140.9326,38.5488],[140.9326,38.5489],[140.9326,38.5491],[140.9326,38.5491],[140.9326,38.5491],[140.9326,38.5492],[140.9326,38.5493],[140.9326,38.5494],[140.9326,38.5496],[140.9326,38.5497],[140.9326,38.5498],[140.9326,38.5499],[140.9326,38.5499],[140.9326,38.5499],[140.9327,38.5501],[140.9328,38.5504],[140.9318,38.5504],[140.9309,38.5501],[140.9308,38.55],[140.9304,38.5499],[140.9304,38.5499],[140.93,38.5499],[140.9298,38.5499],[140.9293,38.5501],[140.9293,38.5501],[140.929,38.5503],[140.9281,38.5508],[140.9279,38.551],[140.9278,38.551],[140.9264,38.552],[140.926,38.5522],[140.9259,38.5522],[140.9253,38.5525],[140.9251,38.5526],[140.9247,38.5529],[140.9246,38.5529],[140.9245,38.5529],[140.9244,38.553],[140.9243,38.553],[140.9243,38.5531],[140.9242,38.5531],[140.9242,38.5531],[140.9242,38.5532],[140.9241,38.5532],[140.9241,38.5532],[140.924,38.5533],[140.9239,38.5533],[140.9239,38.5534],[140.9238,38.5534],[140.9237,38.5535],[140.9237,38.5535],[140.9237,38.5535],[140.9237,38.5535],[140.9237,38.5535],[140.9237,38.5535],[140.9237,38.5535],[140.9237,38.5535],[140.9237,38.5535],[140.9235,38.5536],[140.9235,38.5537],[140.9234,38.5537],[140.9234,38.5537],[140.9234,38.5538],[140.9234,38.5538],[140.9233,38.5538],[140.9233,38.5538],[140.9232,38.5539],[140.9232,38.5539],[140.9232,38.5539],[140.9232,38.5539],[140.9231,38.554],[140.9231,38.554],[140.9231,38.554],[140.923,38.554],[140.923,38.5541],[140.923,38.5541],[140.9229,38.5541],[140.9229,38.5542],[140.9229,38.5542],[140.9228,38.5542],[140.9228,38.5542],[140.9228,38.5542],[140.9228,38.5543],[140.9227,38.5543],[140.9227,38.5543],[140.9226,38.5543],[140.9226,38.5544],[140.9226,38.5544],[140.9226,38.5544],[140.9225,38.5544],[140.9225,38.5545],[140.9224,38.5545],[140.9224,38.5546],[140.9223,38.5546],[140.9223,38.5546],[140.9223,38.5546],[140.9222,38.5547],[140.9222,38.5547],[140.9222,38.5547],[140.9221,38.5547],[140.9221,38.5548],[140.9221,38.5548],[140.9219,38.555],[140.9219,38.555],[140.9217,38.5551],[140.9217,38.5551],[140.9215,38.5552],[140.9215,38.5552],[140.9215,38.5553],[140.9214,38.5553],[140.9214,38.5553],[140.9213,38.5554],[140.9212,38.5555],[140.9211,38.5556],[140.921,38.5556],[140.921,38.5556],[140.9209,38.5557],[140.9209,38.5557],[140.9209,38.5557],[140.9209,38.5557],[140.9208,38.5557],[140.9208,38.5558],[140.9208,38.5558],[140.9207,38.5558],[140.9207,38.5558],[140.9207,38.5559],[140.9207,38.5559],[140.9206,38.5559],[140.9206,38.5559],[140.9206,38.5559],[140.9206,38.556],[140.9205,38.556],[140.9205,38.556],[140.9205,38.556],[140.9204,38.5561],[140.9204,38.5561],[140.9204,38.5561],[140.9203,38.5562],[140.9203,38.5562],[140.9203,38.5562],[140.9202,38.5562],[140.9202,38.5563],[140.9201,38.5564],[140.92,38.5564],[140.92,38.5564],[140.92,38.5564],[140.9199,38.5564],[140.9199,38.5565],[140.9199,38.5565],[140.9199,38.5565],[140.9195,38.5568],[140.9189,38.5572],[140.9188,38.5572],[140.9186,38.5573],[140.9182,38.5574],[140.9175,38.5577],[140.9172,38.5578],[140.9171,38.5578],[140.9168,38.5578],[140.9166,38.5578],[140.9164,38.5579],[140.9162,38.558],[140.9159,38.5582],[140.9157,38.5584],[140.9154,38.5586],[140.9153,38.5587],[140.9149,38.5588],[140.9147,38.5589],[140.9144,38.5589],[140.9142,38.5589],[140.9141,38.5589],[140.914,38.5589],[140.9139,38.5589],[140.9139,38.5589],[140.9138,38.5592],[140.9135,38.5599],[140.9134,38.56],[140.9134,38.5601],[140.9133,38.5602],[140.9131,38.5604],[140.913,38.5605],[140.9125,38.5609],[140.9124,38.561],[140.912,38.5611],[140.912,38.5611],[140.912,38.5611],[140.9117,38.5612],[140.9117,38.5613],[140.9116,38.5613],[140.9115,38.5614],[140.9111,38.5617],[140.9101,38.5621],[140.9097,38.5623],[140.9096,38.5623],[140.9094,38.5623],[140.9093,38.5623],[140.9088,38.5625],[140.9085,38.5627],[140.9085,38.5628],[140.9083,38.563],[140.9081,38.5632],[140.908,38.5635],[140.9077,38.564],[140.9076,38.564],[140.9074,38.5642],[140.9068,38.5647],[140.9067,38.5647],[140.9067,38.5648],[140.9068,38.565],[140.9067,38.565],[140.9067,38.565],[140.9067,38.5651],[140.9067,38.5652],[140.9068,38.5652],[140.9068,38.5653],[140.9067,38.5653],[140.9067,38.5653],[140.9067,38.5654],[140.9067,38.5655],[140.9067,38.5655],[140.9066,38.5656],[140.9065,38.5658],[140.9065,38.5661],[140.9066,38.5663],[140.9065,38.5664],[140.9065,38.5664],[140.9064,38.5665],[140.9063,38.5666],[140.9059,38.5667],[140.9056,38.567],[140.9056,38.567],[140.9056,38.5672],[140.9056,38.5673],[140.9056,38.5674],[140.9056,38.5675],[140.9056,38.5677],[140.9056,38.5679],[140.9056,38.568],[140.9056,38.5682],[140.9055,38.5683],[140.9055,38.5684],[140.9055,38.5684],[140.9055,38.5686],[140.9054,38.5686],[140.9054,38.5687],[140.9053,38.5687],[140.9049,38.5688],[140.9045,38.5689],[140.9042,38.569],[140.904,38.5691],[140.9039,38.5691],[140.9037,38.5692],[140.9035,38.5692],[140.9034,38.5693],[140.9033,38.5693],[140.9033,38.5693],[140.9032,38.5693],[140.9031,38.5693],[140.9029,38.5694],[140.9028,38.5694],[140.9028,38.5695],[140.9025,38.5696],[140.9024,38.5696],[140.9023,38.5696],[140.9022,38.5697],[140.9021,38.5697],[140.902,38.5697],[140.9018,38.5697],[140.9015,38.5698],[140.9015,38.5698],[140.9013,38.5698],[140.901,38.5699],[140.9008,38.57],[140.9007,38.57],[140.9005,38.5701],[140.9004,38.5701],[140.9001,38.5702],[140.8996,38.5704],[140.8996,38.5704],[140.8992,38.5706],[140.8988,38.5707],[140.8987,38.5707],[140.8984,38.5708],[140.8981,38.5709],[140.8979,38.571],[140.8974,38.5712],[140.8972,38.5712],[140.8971,38.5712],[140.8969,38.5713],[140.8969,38.5714],[140.8967,38.5714],[140.8965,38.5715],[140.8964,38.5715],[140.8964,38.5716],[140.8963,38.5716],[140.8962,38.5717],[140.896,38.5717],[140.8959,38.5718],[140.8957,38.5718],[140.8956,38.5719],[140.8953,38.572],[140.8952,38.572],[140.8951,38.572],[140.895,38.5721],[140.8949,38.5722],[140.8947,38.5723],[140.8944,38.5725],[140.8943,38.5726],[140.8942,38.5727],[140.8942,38.5727],[140.894,38.5728],[140.8939,38.5728],[140.8939,38.5728],[140.8937,38.5729],[140.8937,38.5729],[140.8935,38.5729],[140.8934,38.573],[140.8933,38.573],[140.8932,38.573],[140.8931,38.5731],[140.893,38.5731],[140.8928,38.5732],[140.8927,38.5732],[140.8926,38.5733],[140.8926,38.5733],[140.8925,38.5733],[140.8922,38.5734],[140.892,38.5734],[140.8919,38.5735],[140.8917,38.5736],[140.8916,38.5736],[140.8914,38.5736],[140.8913,38.5737],[140.8911,38.5737],[140.8911,38.5738],[140.891,38.5738],[140.8908,38.5739],[140.8907,38.574],[140.8905,38.574],[140.8904,38.5741],[140.8902,38.5742],[140.89,38.5743],[140.8898,38.5744],[140.8896,38.5745],[140.8895,38.5745],[140.8894,38.5746],[140.8892,38.5747],[140.8891,38.5747],[140.889,38.5747],[140.8888,38.5748],[140.8886,38.5749],[140.8885,38.5749],[140.8884,38.575],[140.8883,38.5751],[140.8881,38.5751],[140.8878,38.5752],[140.8877,38.5753],[140.8876,38.5753],[140.8875,38.5754],[140.8874,38.5754],[140.8872,38.5754],[140.8871,38.5754],[140.8871,38.5754],[140.887,38.5754],[140.887,38.5752],[140.8869,38.5751],[140.8869,38.5751],[140.8869,38.5751],[140.8866,38.575],[140.8866,38.575],[140.8865,38.575],[140.8864,38.5749],[140.8862,38.5749],[140.8861,38.5749],[140.886,38.5748],[140.886,38.5748],[140.8858,38.5748],[140.8858,38.5748],[140.8858,38.5748],[140.8857,38.5747],[140.8857,38.5747],[140.8856,38.5747],[140.8856,38.5747],[140.8855,38.5747],[140.8855,38.5747],[140.8854,38.5746],[140.8852,38.5746],[140.885,38.5746],[140.8849,38.5746],[140.8847,38.5746],[140.8842,38.5745],[140.8842,38.5745],[140.8841,38.5745],[140.8838,38.5745],[140.8837,38.575],[140.8837,38.5754],[140.8836,38.5757],[140.8836,38.5758],[140.8834,38.5757],[140.8829,38.5757],[140.8826,38.5757],[140.8826,38.5757],[140.8826,38.5756],[140.8826,38.5756],[140.8826,38.5756],[140.8826,38.5756],[140.8824,38.5755],[140.8823,38.5754],[140.8822,38.5753],[140.8822,38.5753],[140.8821,38.5751],[140.8821,38.5751],[140.882,38.5751],[140.882,38.5751],[140.8818,38.5753],[140.8817,38.5754],[140.8817,38.5754],[140.8816,38.5755],[140.8815,38.5755],[140.8815,38.5756],[140.8815,38.5756],[140.8814,38.5757],[140.8813,38.5757],[140.8813,38.5757],[140.8812,38.5759],[140.8811,38.5759],[140.8811,38.5759],[140.8811,38.5759],[140.8811,38.5759],[140.8811,38.576],[140.881,38.576],[140.881,38.576],[140.881,38.576],[140.881,38.5762],[140.8809,38.5762],[140.8809,38.5763],[140.8809,38.5764],[140.8809,38.5764],[140.8809,38.5765],[140.8808,38.5765],[140.8808,38.5765],[140.8808,38.5766],[140.8808,38.5767],[140.8808,38.5768],[140.8808,38.5768],[140.8807,38.5769],[140.8807,38.5769],[140.8806,38.5771],[140.8806,38.5771],[140.8806,38.5771],[140.8806,38.5771],[140.8805,38.5772],[140.8805,38.5773],[140.8805,38.5773],[140.8804,38.5774],[140.8804,38.5774],[140.8804,38.5774],[140.8804,38.5775],[140.8804,38.5775],[140.8803,38.5776],[140.8803,38.5777],[140.8803,38.5777],[140.8803,38.5778],[140.8803,38.5778],[140.8803,38.5779],[140.8803,38.5779],[140.8803,38.5779],[140.8803,38.578],[140.8802,38.578],[140.8803,38.5781],[140.8801,38.5783],[140.88,38.5784],[140.88,38.5785],[140.8799,38.5785],[140.8798,38.5786],[140.8798,38.5786],[140.8797,38.5787],[140.8796,38.5787],[140.8796,38.5788],[140.8796,38.5788],[140.8796,38.5789],[140.8795,38.5789],[140.8795,38.579],[140.8795,38.5791],[140.8795,38.5791],[140.8795,38.5792],[140.8795,38.5793],[140.8795,38.5793],[140.8795,38.5794],[140.8796,38.5796],[140.8796,38.5796],[140.8796,38.5796],[140.8796,38.5796],[140.8796,38.5796],[140.8795,38.5796],[140.8795,38.5796],[140.8795,38.5796],[140.8794,38.5796],[140.8793,38.5795],[140.8792,38.5795],[140.8791,38.5795],[140.8789,38.5795],[140.8788,38.5794],[140.8787,38.5794],[140.8787,38.5794],[140.8787,38.5793],[140.8786,38.5793],[140.8786,38.5793],[140.8786,38.5793],[140.8785,38.5792],[140.8785,38.5792],[140.8785,38.5792],[140.8785,38.5792],[140.8784,38.5792],[140.8784,38.5792],[140.8783,38.5793],[140.8782,38.5793],[140.878,38.5793],[140.8779,38.5794],[140.8778,38.5794],[140.8778,38.5794],[140.8777,38.5794],[140.8776,38.5794],[140.8776,38.5795],[140.8775,38.5795],[140.8774,38.5795],[140.8774,38.5795],[140.8773,38.5795],[140.8773,38.5796],[140.8773,38.5796],[140.8772,38.5796],[140.8772,38.5796],[140.8771,38.5796],[140.877,38.5796],[140.8769,38.5797],[140.8768,38.5797],[140.8767,38.5798],[140.8767,38.5798],[140.8767,38.5798],[140.8767,38.5799],[140.8767,38.5801],[140.8767,38.5801],[140.8769,38.5803],[140.8769,38.5804],[140.877,38.5805],[140.877,38.5805],[140.8772,38.5808],[140.8773,38.5809],[140.8773,38.581],[140.8773,38.581],[140.8773,38.5811],[140.8774,38.5812],[140.8774,38.5813],[140.8774,38.5814],[140.8774,38.5815],[140.8775,38.5816],[140.8775,38.5817],[140.8776,38.5818],[140.8776,38.5818],[140.8776,38.5819],[140.8776,38.582],[140.8777,38.5821],[140.8777,38.5822],[140.8778,38.5824],[140.8778,38.5824],[140.8778,38.5824],[140.8776,38.5825],[140.8775,38.5825],[140.8775,38.5825],[140.8774,38.5825],[140.8774,38.5825],[140.8774,38.5825],[140.8773,38.5826],[140.8773,38.5826],[140.8773,38.5826],[140.8773,38.5826],[140.8773,38.5826],[140.8772,38.5826],[140.8772,38.5826],[140.8772,38.5826],[140.8772,38.5826],[140.8771,38.5826],[140.877,38.5827],[140.877,38.5827],[140.877,38.5827],[140.8769,38.5831],[140.8768,38.5831],[140.8768,38.5834],[140.8768,38.5836],[140.8768,38.5836],[140.8767,38.5836],[140.8767,38.5837],[140.8767,38.5837],[140.8767,38.5839],[140.8767,38.5841],[140.8767,38.5841],[140.8767,38.5843],[140.8767,38.5844],[140.8767,38.5844],[140.8767,38.5844],[140.8767,38.5846],[140.8766,38.5846],[140.8766,38.5846],[140.8766,38.5846],[140.8766,38.5846],[140.8766,38.5847],[140.8766,38.5847],[140.8765,38.5848],[140.8765,38.5849],[140.8765,38.5849],[140.8765,38.585],[140.8765,38.585],[140.8765,38.585],[140.8765,38.585],[140.8764,38.5851],[140.8764,38.5851],[140.8763,38.5851],[140.8761,38.5852],[140.8761,38.5852],[140.876,38.5852],[140.876,38.5853],[140.876,38.5853],[140.876,38.5853],[140.876,38.5853],[140.876,38.5853],[140.876,38.5853],[140.876,38.5853],[140.876,38.5854],[140.876,38.5854],[140.8761,38.5855],[140.8762,38.5857],[140.8763,38.5858],[140.8763,38.5858],[140.8763,38.5858],[140.8763,38.5858],[140.8763,38.5858],[140.8763,38.5859],[140.8763,38.5859],[140.8763,38.5859],[140.8763,38.5859],[140.8763,38.5859],[140.8763,38.5859],[140.8763,38.586],[140.8763,38.586],[140.8763,38.586],[140.8763,38.5861],[140.8763,38.5861],[140.8763,38.5861],[140.8763,38.5861],[140.8763,38.5861],[140.8763,38.5862],[140.8763,38.5862],[140.8763,38.5862],[140.8763,38.5863],[140.8763,38.5863],[140.8763,38.5863],[140.8763,38.5864],[140.8763,38.5864],[140.8763,38.5865],[140.8763,38.5865],[140.8763,38.5866],[140.8763,38.5866],[140.8763,38.5866],[140.8763,38.5866],[140.8763,38.5866],[140.8763,38.5866],[140.8763,38.5867],[140.8763,38.5867],[140.8763,38.5867],[140.8763,38.5868],[140.8763,38.5868],[140.8763,38.5869],[140.8762,38.5869],[140.8762,38.587],[140.8761,38.5871],[140.876,38.5872],[140.876,38.5872],[140.8759,38.5873],[140.8759,38.5873],[140.8759,38.5874],[140.8759,38.5874],[140.8759,38.5874],[140.8759,38.5875],[140.8759,38.5875],[140.8759,38.5875],[140.8759,38.5876],[140.8759,38.5877],[140.8759,38.5877],[140.8758,38.5878],[140.8758,38.5878],[140.8757,38.5879],[140.8757,38.588],[140.8756,38.588],[140.8755,38.5881],[140.8755,38.5881],[140.8755,38.5881],[140.8754,38.5882],[140.8753,38.5882],[140.8753,38.5882],[140.8753,38.5882],[140.8752,38.5882],[140.8752,38.5883],[140.8752,38.5883],[140.8752,38.5883],[140.8751,38.5883],[140.8751,38.5884],[140.8751,38.5884],[140.8751,38.5884],[140.8751,38.5884],[140.875,38.5884],[140.875,38.5884],[140.875,38.5884],[140.875,38.5884],[140.875,38.5885],[140.875,38.5885],[140.8749,38.5885],[140.8749,38.5885],[140.8749,38.5885],[140.8749,38.5885],[140.8749,38.5886],[140.8748,38.5886],[140.8748,38.5886],[140.8748,38.5886],[140.8748,38.5887],[140.8747,38.5887],[140.8747,38.5887],[140.8746,38.5888],[140.8746,38.5888],[140.8746,38.5888],[140.8746,38.5888],[140.8745,38.5889],[140.8745,38.5889],[140.8745,38.5889],[140.8744,38.5889],[140.8744,38.589],[140.8744,38.589],[140.8744,38.589],[140.8743,38.589],[140.8743,38.589],[140.8743,38.5891],[140.8743,38.5891],[140.8743,38.5891],[140.8742,38.5892],[140.8742,38.5892],[140.8741,38.5893],[140.8741,38.5893],[140.8741,38.5894],[140.8741,38.5894],[140.8741,38.5894],[140.874,38.5894],[140.8739,38.5896],[140.8739,38.5896],[140.8739,38.5896],[140.8739,38.5896],[140.8738,38.5896],[140.8738,38.5896],[140.8738,38.5897],[140.8737,38.5897],[140.8737,38.5897],[140.8737,38.5898],[140.8737,38.5898],[140.8736,38.5898],[140.8736,38.5899],[140.8736,38.5899],[140.8736,38.5899],[140.8736,38.59],[140.8736,38.59],[140.8736,38.59],[140.8736,38.5901],[140.8736,38.5901],[140.8736,38.5901],[140.8736,38.5902],[140.8736,38.5902],[140.8736,38.5903],[140.8735,38.5903],[140.8735,38.5903],[140.8735,38.5904],[140.8735,38.5904],[140.8734,38.5904],[140.8734,38.5905],[140.8734,38.5905],[140.8734,38.5906],[140.8734,38.5906],[140.8734,38.5906],[140.8734,38.5907],[140.8733,38.5907],[140.8733,38.5908],[140.8733,38.5908],[140.8733,38.5909],[140.8733,38.5909],[140.8733,38.5909],[140.8732,38.591],[140.8732,38.591],[140.8732,38.5911],[140.8732,38.5911],[140.8732,38.5912],[140.8732,38.5912],[140.8732,38.5912],[140.8732,38.5913],[140.8733,38.5913],[140.8734,38.5913],[140.8735,38.5913],[140.8735,38.5913],[140.8735,38.5913],[140.8736,38.5914],[140.8737,38.5914],[140.8737,38.5914],[140.874,38.5915],[140.8741,38.5915],[140.8741,38.5916],[140.8742,38.5916],[140.8742,38.5917],[140.8743,38.5917],[140.8743,38.5917],[140.8743,38.5917],[140.8745,38.5918],[140.8747,38.5919],[140.8749,38.5919],[140.875,38.592],[140.875,38.592],[140.8751,38.592],[140.8752,38.5921],[140.8755,38.5923],[140.8755,38.5923],[140.8755,38.5923],[140.8755,38.5923],[140.8757,38.5924],[140.8757,38.5924],[140.8758,38.5924],[140.8758,38.5925],[140.8759,38.5926],[140.8759,38.5926],[140.876,38.5926],[140.876,38.5927],[140.876,38.5927],[140.876,38.5927],[140.876,38.593],[140.876,38.5932],[140.8761,38.5932],[140.8761,38.5932],[140.8763,38.5933],[140.8763,38.5934],[140.8762,38.5934],[140.8762,38.5934],[140.8763,38.5934],[140.8763,38.5934],[140.8765,38.5937],[140.8766,38.5938],[140.8766,38.5939],[140.8767,38.5941],[140.8767,38.5942],[140.8767,38.5942],[140.8768,38.5943],[140.8769,38.5943],[140.8769,38.5944],[140.8769,38.5944],[140.8769,38.5945],[140.877,38.5946],[140.8771,38.5946],[140.8771,38.5947],[140.8772,38.5948],[140.8772,38.5948],[140.8772,38.5948],[140.8772,38.5948],[140.8772,38.5948],[140.8771,38.5949],[140.8771,38.5951],[140.8771,38.5951],[140.8771,38.5953],[140.8771,38.5953],[140.8771,38.5954],[140.8771,38.5954],[140.8771,38.5956],[140.8771,38.5956],[140.8772,38.5957],[140.8772,38.5957],[140.8773,38.5958],[140.8774,38.5958],[140.8774,38.5958],[140.8774,38.5959],[140.8774,38.596],[140.8774,38.596],[140.8774,38.596],[140.8774,38.5961],[140.8774,38.5961],[140.8775,38.5961],[140.8775,38.5962],[140.8775,38.5962],[140.8775,38.5963],[140.8775,38.5964],[140.8775,38.5964],[140.8775,38.5965],[140.8775,38.5966],[140.8776,38.5967],[140.8776,38.5968],[140.8777,38.5969],[140.8778,38.5972],[140.8778,38.5972],[140.8779,38.5973],[140.8779,38.5975],[140.878,38.5975],[140.878,38.5976],[140.8777,38.5978],[140.8777,38.5978],[140.8777,38.5978],[140.8778,38.598],[140.8779,38.5982],[140.878,38.5984],[140.8785,38.5987],[140.8787,38.5989],[140.8789,38.599],[140.8789,38.599],[140.8789,38.599],[140.8789,38.599],[140.879,38.5991],[140.8791,38.5991],[140.8793,38.5993],[140.8795,38.5994],[140.8797,38.5995],[140.8797,38.5994],[140.8799,38.5992],[140.8801,38.599],[140.8802,38.5988],[140.8805,38.5985],[140.8808,38.598],[140.881,38.5978],[140.881,38.5978],[140.881,38.5978],[140.8812,38.5979],[140.8813,38.598],[140.8814,38.598],[140.8814,38.598],[140.8816,38.5979],[140.8817,38.5979],[140.8817,38.5978],[140.8817,38.5978],[140.8817,38.5977],[140.8818,38.5976],[140.8818,38.5976],[140.8819,38.5976],[140.8822,38.5975],[140.8825,38.5974],[140.8825,38.5974],[140.8826,38.5974],[140.8826,38.5974],[140.8826,38.5975],[140.8826,38.5975],[140.8827,38.5976],[140.8827,38.5981],[140.8831,38.5983],[140.8832,38.5982],[140.8832,38.5982],[140.8835,38.5983],[140.8834,38.5984],[140.8832,38.5985],[140.8829,38.5988],[140.8828,38.5989],[140.8827,38.599],[140.8827,38.599],[140.8826,38.5991],[140.8826,38.5991],[140.8824,38.5992],[140.8823,38.5993],[140.8822,38.5994],[140.8821,38.5995],[140.882,38.5995],[140.8819,38.5996],[140.8819,38.5997],[140.8818,38.5998],[140.8817,38.6],[140.8816,38.6],[140.8816,38.6001],[140.8815,38.6002],[140.8812,38.6006],[140.8812,38.6006],[140.8811,38.6006],[140.881,38.6007],[140.8809,38.6008],[140.8808,38.6011],[140.8808,38.6011],[140.8806,38.6014],[140.8805,38.6016],[140.8804,38.6018],[140.8802,38.6019],[140.8801,38.6021],[140.8799,38.6023],[140.8796,38.6026],[140.8795,38.6027],[140.8795,38.6028],[140.8796,38.6027],[140.8798,38.6026],[140.8799,38.6026],[140.8799,38.6025],[140.8802,38.6023],[140.8804,38.6022],[140.8805,38.6022],[140.8805,38.6024],[140.8805,38.6025],[140.8806,38.6026],[140.8808,38.6028],[140.8808,38.6028],[140.8808,38.6029],[140.8808,38.603],[140.8808,38.6031],[140.8808,38.6031],[140.881,38.6036],[140.881,38.6037],[140.8814,38.6036],[140.8814,38.6036],[140.8815,38.6036],[140.8816,38.6036],[140.8816,38.6036],[140.8816,38.6036],[140.8819,38.6035],[140.882,38.6034],[140.882,38.6034],[140.882,38.6034],[140.8821,38.6033],[140.8821,38.6033],[140.8821,38.6033],[140.8821,38.6033],[140.8821,38.6031],[140.882,38.603],[140.882,38.6029],[140.882,38.6029],[140.882,38.6028],[140.882,38.6028],[140.882,38.6027],[140.882,38.6026],[140.882,38.6026],[140.882,38.6025],[140.8821,38.6025],[140.8821,38.6025],[140.8821,38.6025],[140.8822,38.6025],[140.8823,38.6025],[140.8828,38.6025],[140.8838,38.6025],[140.8841,38.6025],[140.8843,38.6025],[140.8851,38.6025],[140.8851,38.6025],[140.8857,38.6024],[140.8858,38.6024],[140.8859,38.6024],[140.8864,38.6024],[140.8866,38.6026],[140.8867,38.6027],[140.8867,38.6027],[140.8868,38.6028],[140.8869,38.6029],[140.887,38.603],[140.8871,38.6031],[140.8871,38.6032],[140.8872,38.6034],[140.8873,38.6035],[140.8874,38.6036],[140.8875,38.6037],[140.8875,38.6038],[140.8876,38.6039],[140.8876,38.6039],[140.8876,38.604],[140.8877,38.6043],[140.8878,38.6045],[140.8878,38.6047],[140.8878,38.6048],[140.8878,38.6049],[140.8878,38.6051],[140.8879,38.6052],[140.8889,38.6056],[140.8891,38.6056],[140.8892,38.6055],[140.8892,38.6053],[140.8893,38.6052],[140.8893,38.605],[140.8893,38.6048],[140.8893,38.6048],[140.8893,38.6047],[140.8893,38.6045],[140.8893,38.6045],[140.8893,38.6043],[140.8893,38.6041],[140.8893,38.6041],[140.8894,38.604],[140.8894,38.6041],[140.8895,38.6041],[140.8895,38.6042],[140.8895,38.6042],[140.8897,38.6045],[140.8899,38.6048],[140.8901,38.6051],[140.8902,38.6054],[140.8903,38.6055],[140.8904,38.6057],[140.8905,38.6059],[140.8904,38.6061],[140.8901,38.6064],[140.8901,38.6064],[140.8903,38.6073],[140.8903,38.6073],[140.8904,38.6075],[140.8906,38.6078],[140.8906,38.6079],[140.8907,38.6079],[140.8908,38.6078],[140.891,38.6077],[140.8911,38.6075],[140.8914,38.6073],[140.8914,38.6073],[140.8915,38.6072],[140.8915,38.6072],[140.8915,38.6073],[140.8918,38.6076],[140.8921,38.608],[140.8921,38.6081],[140.8923,38.6084],[140.8924,38.6084],[140.8924,38.6084],[140.8924,38.6084],[140.892,38.6087],[140.8918,38.6089],[140.8916,38.6091],[140.8914,38.6092],[140.8913,38.6093],[140.8912,38.6095],[140.8909,38.6097],[140.8908,38.6098],[140.8907,38.6098],[140.8905,38.61],[140.8903,38.6102],[140.8901,38.6103],[140.8898,38.6106],[140.8897,38.6107],[140.8896,38.6107],[140.8896,38.6107],[140.8895,38.6109],[140.8894,38.611],[140.8893,38.6111],[140.8893,38.6111],[140.8895,38.6111],[140.8897,38.6111],[140.89,38.6111],[140.8901,38.6114],[140.8902,38.6118],[140.8902,38.6118],[140.8902,38.6122],[140.8903,38.6125],[140.8903,38.6129],[140.8903,38.6129],[140.8904,38.6131],[140.8904,38.6132],[140.8905,38.6134],[140.8906,38.6135],[140.8907,38.6137],[140.8907,38.6137],[140.8907,38.6137],[140.8907,38.6138],[140.8912,38.6137],[140.8913,38.6136],[140.8916,38.6135],[140.8921,38.6133],[140.8926,38.6132],[140.8927,38.6132],[140.8928,38.6135],[140.8928,38.6136],[140.8928,38.6137],[140.8928,38.6137],[140.8928,38.6138],[140.8928,38.6139],[140.8929,38.6139],[140.8931,38.6143],[140.8932,38.6144],[140.8934,38.6145],[140.8935,38.6145],[140.8935,38.6145],[140.8936,38.6145],[140.8936,38.6145],[140.8937,38.6144],[140.8937,38.6144],[140.8938,38.6144],[140.8939,38.6144],[140.8939,38.6144],[140.8942,38.6143],[140.8944,38.6145],[140.8945,38.6145],[140.8949,38.6149],[140.8951,38.6149],[140.8953,38.6151],[140.8952,38.6152],[140.8952,38.6153],[140.8953,38.6154],[140.8953,38.6155],[140.8953,38.6156],[140.8952,38.6157],[140.8952,38.6158],[140.8953,38.6159],[140.8955,38.6163],[140.896,38.6164],[140.8961,38.6166],[140.8962,38.6168],[140.8962,38.6169],[140.8962,38.6171],[140.8962,38.6173],[140.8961,38.6175],[140.896,38.6178],[140.8962,38.618],[140.896,38.6181],[140.8958,38.6181],[140.8957,38.6182],[140.8954,38.6185],[140.8952,38.6186],[140.8952,38.6186],[140.8952,38.6187],[140.8951,38.6187],[140.895,38.6192],[140.8949,38.6195],[140.8948,38.6197],[140.8948,38.6198],[140.8947,38.6199],[140.8946,38.62],[140.8943,38.6201],[140.8939,38.6202],[140.8934,38.6203],[140.8932,38.6204],[140.8931,38.6204],[140.893,38.6205],[140.8929,38.6206],[140.8924,38.6211],[140.892,38.6206],[140.892,38.6206],[140.892,38.6206],[140.892,38.6206],[140.8939,38.6194],[140.8939,38.6194],[140.8934,38.6189],[140.8934,38.6189],[140.8936,38.6186],[140.8937,38.6185],[140.8937,38.6184],[140.8937,38.6184],[140.8937,38.6184],[140.8937,38.6183],[140.8937,38.6183],[140.8936,38.6182],[140.8936,38.6182],[140.8936,38.6181],[140.8936,38.6181],[140.8937,38.618],[140.8938,38.6177],[140.8938,38.6176],[140.8939,38.6174],[140.894,38.6171],[140.8941,38.6168],[140.8942,38.6166],[140.8939,38.6163],[140.8938,38.6162],[140.8938,38.6162],[140.8934,38.6161],[140.8932,38.6161],[140.8931,38.616],[140.8929,38.6161],[140.8927,38.616],[140.8925,38.616],[140.8924,38.616],[140.8924,38.616],[140.8923,38.616],[140.8921,38.6159],[140.8919,38.6157],[140.8918,38.6157],[140.8918,38.6157],[140.8915,38.6157],[140.8913,38.6159],[140.891,38.6161],[140.8908,38.6163],[140.8904,38.6166],[140.8902,38.6168],[140.8901,38.6168],[140.8897,38.617],[140.8894,38.6172],[140.8886,38.6178],[140.8885,38.6178],[140.8885,38.6179],[140.8885,38.618],[140.8884,38.6181],[140.8884,38.6182],[140.8883,38.6183],[140.8882,38.6184],[140.8882,38.6185],[140.8881,38.6185],[140.888,38.6186],[140.8879,38.6186],[140.8878,38.6187],[140.8877,38.6188],[140.8877,38.6189],[140.8877,38.6189],[140.8876,38.6189],[140.8875,38.619],[140.8875,38.619],[140.8875,38.6191],[140.8874,38.6192],[140.8874,38.6192],[140.8873,38.6192],[140.8873,38.6193],[140.8872,38.6193],[140.887,38.6194],[140.887,38.6194],[140.8869,38.6194],[140.8869,38.6194],[140.8869,38.6196],[140.8868,38.6196],[140.8868,38.6197],[140.8866,38.6198],[140.8866,38.6198],[140.8862,38.62],[140.8862,38.62],[140.8861,38.62],[140.886,38.6202],[140.8858,38.6203],[140.8857,38.6204],[140.8854,38.6207],[140.8853,38.6208],[140.8852,38.6209],[140.885,38.621],[140.8848,38.6212],[140.8846,38.6214],[140.8846,38.6214],[140.8845,38.6215],[140.8845,38.6216],[140.8844,38.6216],[140.8843,38.6217],[140.8842,38.6218],[140.884,38.622],[140.8839,38.6221],[140.8835,38.6223],[140.8834,38.6224],[140.8831,38.6226],[140.8831,38.6226],[140.8831,38.6226],[140.8832,38.6227],[140.8832,38.6227],[140.8833,38.6227],[140.8834,38.6227],[140.8834,38.6227],[140.8835,38.6227],[140.8835,38.6228],[140.8835,38.6228],[140.8836,38.6228],[140.8838,38.6229],[140.8839,38.623],[140.8839,38.623],[140.8842,38.6231],[140.8843,38.6231],[140.8842,38.6232],[140.8842,38.6232],[140.884,38.6233],[140.8839,38.6234],[140.8836,38.6236],[140.8836,38.6237],[140.8833,38.6239],[140.8831,38.6241],[140.883,38.6241],[140.883,38.6242],[140.8828,38.6244],[140.8825,38.6248],[140.8823,38.6249],[140.8822,38.6251],[140.8821,38.6251],[140.882,38.6252],[140.8818,38.6255],[140.8816,38.6257],[140.8815,38.6258],[140.8814,38.6258],[140.8814,38.6259],[140.8814,38.6259],[140.8813,38.6259],[140.8812,38.6261],[140.881,38.6262],[140.8808,38.6263],[140.8806,38.6265],[140.8804,38.6266],[140.8803,38.6266],[140.88,38.6268],[140.8797,38.627],[140.8796,38.6271],[140.8794,38.6272],[140.8794,38.6273],[140.8793,38.6273],[140.8789,38.6276],[140.8788,38.6277],[140.8787,38.6278],[140.8785,38.6279],[140.8785,38.628],[140.8784,38.628],[140.8783,38.6281],[140.8781,38.6282],[140.8779,38.6283],[140.8778,38.6284],[140.8778,38.6284],[140.8778,38.6284],[140.8777,38.6285],[140.8775,38.6287],[140.8775,38.6287],[140.8772,38.629],[140.8771,38.6291],[140.8771,38.6291],[140.877,38.6291],[140.877,38.6292],[140.8769,38.6292],[140.8769,38.6292],[140.8769,38.6293],[140.8768,38.6293],[140.8767,38.6293],[140.8765,38.6295],[140.8762,38.6297],[140.8758,38.6299],[140.8756,38.6301],[140.8755,38.6301],[140.8753,38.6302],[140.8752,38.6303],[140.8752,38.6303],[140.8751,38.6304],[140.8751,38.6304],[140.8751,38.6305],[140.875,38.6305],[140.875,38.6305],[140.875,38.6306],[140.8749,38.6306],[140.8749,38.6306],[140.8749,38.6306],[140.8749,38.6306],[140.8748,38.6306],[140.8745,38.6307],[140.8741,38.6308],[140.874,38.6308],[140.874,38.6308],[140.8739,38.6309],[140.8736,38.6309],[140.8736,38.631],[140.8736,38.6312],[140.8736,38.6313],[140.8735,38.6317],[140.873,38.6317],[140.8728,38.6316],[140.8726,38.6315],[140.8726,38.6314],[140.8726,38.6312],[140.8723,38.6313],[140.872,38.6315],[140.8718,38.6316],[140.8718,38.6316],[140.8717,38.6317],[140.8717,38.6317],[140.8717,38.6317],[140.8716,38.6318],[140.8715,38.6319],[140.8713,38.6322],[140.8712,38.6324],[140.8711,38.6325],[140.8711,38.6326],[140.871,38.6327],[140.8709,38.6329],[140.8708,38.633],[140.8706,38.6333],[140.8706,38.6334],[140.8705,38.6336],[140.8705,38.6336],[140.8705,38.6337],[140.8705,38.6337],[140.8705,38.6338],[140.8705,38.634],[140.8705,38.6341],[140.8705,38.6341],[140.8705,38.6342],[140.8704,38.6342],[140.8704,38.6342],[140.8704,38.6343],[140.8704,38.6343],[140.8703,38.6343],[140.8702,38.6344],[140.8701,38.6344],[140.8697,38.6346],[140.8694,38.6347],[140.8691,38.6348],[140.869,38.6349],[140.8689,38.635],[140.8689,38.635],[140.8688,38.635],[140.8687,38.6351],[140.8684,38.6352],[140.8678,38.6355],[140.8676,38.6357],[140.8674,38.6358],[140.8673,38.6358],[140.8672,38.6359],[140.8671,38.636],[140.8671,38.636],[140.867,38.6361],[140.8669,38.6362],[140.8669,38.6362],[140.8669,38.6362],[140.8668,38.6362],[140.8667,38.6363],[140.8665,38.6364],[140.8663,38.6365],[140.8661,38.6366],[140.8658,38.6367],[140.8658,38.6367],[140.8657,38.6367],[140.8656,38.6368],[140.8654,38.6369],[140.8654,38.6369],[140.8653,38.6369],[140.8653,38.637],[140.8651,38.6371],[140.865,38.6371],[140.865,38.6372],[140.8648,38.6373],[140.8648,38.6373],[140.8646,38.6374],[140.8645,38.6375],[140.8645,38.6375],[140.8643,38.6376],[140.8642,38.6377],[140.8641,38.6378],[140.8639,38.6379],[140.8638,38.6379],[140.8637,38.6379],[140.8636,38.638],[140.8635,38.638],[140.8632,38.638],[140.863,38.6381],[140.8629,38.6381],[140.8628,38.6381],[140.8626,38.6381],[140.8625,38.6382],[140.8623,38.6382],[140.8622,38.6383],[140.8621,38.6383],[140.862,38.6383],[140.8619,38.6383],[140.8617,38.6383],[140.8615,38.6383],[140.8613,38.6384],[140.8612,38.6384],[140.8608,38.6384],[140.8607,38.6384],[140.8605,38.6385],[140.8604,38.6385],[140.8603,38.6385],[140.8602,38.6385],[140.8602,38.6385],[140.8602,38.6387],[140.8602,38.6389],[140.8601,38.6391],[140.8601,38.6392],[140.86,38.6393],[140.8598,38.6395],[140.8597,38.6399],[140.8597,38.6399],[140.8596,38.6398],[140.8595,38.6398],[140.8593,38.6398],[140.8592,38.6399],[140.8591,38.64],[140.859,38.64],[140.8588,38.64],[140.8587,38.6401],[140.8586,38.6401],[140.8585,38.6402],[140.8583,38.6402],[140.8579,38.6403],[140.8578,38.6403],[140.8578,38.6403],[140.8577,38.6404],[140.8574,38.6405],[140.8573,38.6406],[140.8572,38.6406],[140.857,38.6406],[140.857,38.6406],[140.8569,38.6407],[140.8569,38.6408],[140.8569,38.6409],[140.8568,38.6409],[140.8567,38.641],[140.8566,38.641],[140.8566,38.6411],[140.8564,38.6413],[140.8564,38.6414],[140.8563,38.6415],[140.8563,38.6416],[140.8562,38.6416],[140.8561,38.6417],[140.856,38.6417],[140.8559,38.6418],[140.8557,38.6419],[140.8556,38.642],[140.8556,38.6421],[140.8555,38.6421],[140.8554,38.6421],[140.8553,38.6421],[140.8552,38.6422],[140.855,38.6423],[140.8549,38.6424],[140.8548,38.6424],[140.8547,38.6424],[140.8547,38.6424],[140.8546,38.6425],[140.8546,38.6425],[140.8543,38.6426],[140.8543,38.6426],[140.8542,38.6426],[140.854,38.6426],[140.8538,38.6426],[140.8534,38.6427],[140.8533,38.6427],[140.8531,38.6427],[140.853,38.6427],[140.8529,38.6427],[140.8528,38.6427],[140.8527,38.6427],[140.8525,38.6427],[140.8524,38.6428],[140.8524,38.6428],[140.8523,38.6427],[140.8523,38.6427],[140.8521,38.6427],[140.852,38.6427],[140.8519,38.6428],[140.8518,38.6429],[140.8517,38.6429],[140.8516,38.6429],[140.8515,38.643],[140.8513,38.643],[140.8512,38.6431],[140.8511,38.6432],[140.851,38.6432],[140.8509,38.6433],[140.8509,38.6433],[140.8508,38.6433],[140.8507,38.6434],[140.8506,38.6434],[140.8505,38.6434],[140.8501,38.6435],[140.8499,38.6435],[140.8498,38.6436],[140.8495,38.6436],[140.8483,38.646],[140.8475,38.6476],[140.8459,38.65],[140.8447,38.6537],[140.8445,38.6542],[140.8452,38.656],[140.8457,38.6573],[140.8463,38.6586],[140.8464,38.6586],[140.8466,38.6586],[140.8468,38.6585],[140.847,38.6583],[140.847,38.6582],[140.8472,38.6582],[140.8474,38.6582],[140.8475,38.6582],[140.8478,38.6583],[140.8481,38.6583],[140.8482,38.6583],[140.8483,38.6584],[140.8483,38.6585],[140.8485,38.6586],[140.8486,38.6586],[140.8488,38.6587],[140.8489,38.6587],[140.849,38.6588],[140.8492,38.6588],[140.8493,38.6587],[140.8493,38.6587],[140.8494,38.6586],[140.8494,38.6585],[140.8495,38.6584],[140.8496,38.6584],[140.8497,38.6583],[140.8499,38.6583],[140.85,38.6584],[140.8501,38.6584],[140.8502,38.6585],[140.8502,38.6585],[140.8503,38.6587],[140.8504,38.6591],[140.8504,38.6592],[140.8503,38.6594],[140.8503,38.6597],[140.8503,38.6598],[140.8503,38.6599],[140.8505,38.6602],[140.8507,38.6606],[140.8507,38.6608],[140.8503,38.665],[140.8519,38.6648],[140.8567,38.6696],[140.8549,38.6714],[140.8539,38.6724],[140.8525,38.6738],[140.8521,38.675],[140.852,38.6753],[140.8518,38.6758],[140.8517,38.6761],[140.8514,38.6768],[140.8511,38.6773],[140.8508,38.6777],[140.8503,38.6784],[140.8529,38.6798],[140.8546,38.6808],[140.855,38.6809],[140.8551,38.681],[140.8552,38.6811],[140.8555,38.6813],[140.8556,38.6814],[140.8561,38.6816],[140.8565,38.6817],[140.8569,38.6818],[140.8572,38.682],[140.8574,38.6815],[140.8577,38.6817],[140.8579,38.6818],[140.858,38.682],[140.8582,38.6822],[140.8582,38.6823],[140.8582,38.6825],[140.8582,38.6827],[140.8582,38.6828],[140.8591,38.6832],[140.8593,38.6831],[140.8596,38.683],[140.8601,38.6829],[140.8607,38.6828],[140.8616,38.6827],[140.862,38.6826],[140.8621,38.6826],[140.8622,38.6825],[140.8623,38.6824],[140.8623,38.6823],[140.8623,38.6822],[140.8623,38.682],[140.8622,38.6818],[140.862,38.6815],[140.8617,38.6812],[140.8616,38.681],[140.8615,38.681],[140.8615,38.6809],[140.8616,38.6807],[140.8617,38.6805],[140.8624,38.6797],[140.8631,38.679],[140.8632,38.6789],[140.8632,38.6787],[140.8631,38.6784],[140.8628,38.6779],[140.8627,38.6776],[140.8628,38.6774],[140.8629,38.6772],[140.8635,38.6769],[140.864,38.6764],[140.8647,38.6758],[140.866,38.6745],[140.8662,38.6744],[140.8665,38.6744],[140.8667,38.6744],[140.8669,38.6743],[140.8673,38.6738],[140.8678,38.6736],[140.8671,38.6732],[140.8666,38.6721],[140.8666,38.6719],[140.8667,38.6717],[140.8669,38.6716],[140.8671,38.6716],[140.8673,38.6715],[140.8677,38.671],[140.8682,38.6705],[140.8683,38.6704],[140.8685,38.6703],[140.8688,38.6702],[140.8692,38.6699],[140.8695,38.6697],[140.8697,38.6694],[140.8698,38.669],[140.8699,38.6688],[140.8699,38.6685],[140.8705,38.668],[140.8709,38.6676],[140.8711,38.6673],[140.8715,38.6665],[140.8718,38.6661],[140.8724,38.6657],[140.8727,38.6654],[140.8728,38.6653],[140.873,38.6652],[140.8732,38.6652],[140.8736,38.6651],[140.8738,38.6651],[140.874,38.6651],[140.8745,38.6649],[140.8751,38.6647],[140.8757,38.6646],[140.8765,38.6645],[140.8787,38.6643],[140.8784,38.6634],[140.8783,38.6633],[140.8781,38.6631],[140.8778,38.6629],[140.878,38.6622],[140.8782,38.6622],[140.8784,38.6621],[140.8787,38.662],[140.8794,38.6617],[140.8798,38.6616],[140.8804,38.6614],[140.8809,38.6612],[140.8803,38.6604],[140.8802,38.6603],[140.8801,38.6602],[140.8801,38.6602],[140.88,38.6601],[140.8801,38.6594],[140.8801,38.6591],[140.8801,38.659],[140.8801,38.6588],[140.8802,38.6587],[140.8805,38.6586],[140.8808,38.6583],[140.8811,38.658],[140.8813,38.6579],[140.8814,38.6578],[140.8818,38.6578],[140.8822,38.6577],[140.8824,38.6576],[140.8826,38.6574],[140.8827,38.6574],[140.8827,38.6574],[140.8827,38.6574],[140.8827,38.6574],[140.8827,38.6574],[140.8827,38.6574],[140.8827,38.6573],[140.8827,38.6573],[140.8827,38.6573],[140.8826,38.6573],[140.8826,38.6573],[140.8826,38.6573],[140.8826,38.6573],[140.8826,38.6573],[140.8826,38.6573],[140.8826,38.6573],[140.8825,38.6572],[140.8825,38.6572],[140.8825,38.6572],[140.8825,38.6571],[140.8824,38.6571],[140.8824,38.6571],[140.8824,38.6571],[140.8824,38.657],[140.8824,38.657],[140.8823,38.6569],[140.8823,38.6568],[140.8822,38.6568],[140.8822,38.6568],[140.8822,38.6567],[140.8822,38.6566],[140.8821,38.6566],[140.8821,38.6565],[140.8821,38.6565],[140.8821,38.6565],[140.8821,38.6564],[140.8821,38.6564],[140.8822,38.6563],[140.8822,38.6563],[140.8822,38.6562],[140.8822,38.6562],[140.8822,38.6562],[140.8822,38.6562],[140.8822,38.6561],[140.882,38.6558],[140.8819,38.6556],[140.8818,38.6554],[140.8818,38.6552],[140.8818,38.6551],[140.8818,38.6551],[140.8819,38.655],[140.882,38.655],[140.882,38.655],[140.8812,38.6548],[140.8809,38.6547],[140.8808,38.6547],[140.8807,38.6547],[140.8806,38.6547],[140.8805,38.6548],[140.8804,38.6548],[140.8803,38.6549],[140.8802,38.655],[140.8783,38.6522],[140.8783,38.6522],[140.8791,38.6518],[140.8792,38.6518],[140.8794,38.6517],[140.8795,38.6517],[140.8797,38.6515],[140.8799,38.6514],[140.8803,38.6512],[140.8805,38.6511],[140.8808,38.6509],[140.8812,38.6507],[140.8815,38.6505],[140.8817,38.6503],[140.882,38.6501],[140.8823,38.6499],[140.8823,38.6499],[140.8845,38.6481],[140.885,38.6476],[140.8855,38.6471],[140.8864,38.6462],[140.8869,38.6457],[140.8878,38.6449],[140.8882,38.6446],[140.8883,38.6446],[140.8888,38.6443],[140.8896,38.6439],[140.8901,38.6436],[140.8902,38.6435],[140.8904,38.6435],[140.8906,38.6433],[140.8907,38.6432],[140.8908,38.6431],[140.8909,38.643],[140.8911,38.6429],[140.8912,38.6428],[140.8912,38.6428],[140.8913,38.6428],[140.8913,38.6427],[140.8913,38.6427],[140.8914,38.6426],[140.8914,38.6426],[140.8915,38.6425],[140.8916,38.6424],[140.8916,38.6424],[140.8917,38.6423],[140.892,38.642],[140.8922,38.6416],[140.8926,38.6412],[140.893,38.6406],[140.8934,38.6401],[140.8936,38.6398],[140.8938,38.6396],[140.8941,38.6392],[140.8946,38.6385],[140.8949,38.6381],[140.8955,38.6374],[140.8957,38.6372],[140.8958,38.637],[140.8962,38.6365],[140.8966,38.6361],[140.8976,38.6348],[140.8984,38.634],[140.8989,38.6334],[140.8994,38.6328],[140.9002,38.6317],[140.9006,38.6311],[140.9011,38.6303],[140.9014,38.6297],[140.9018,38.6292],[140.903,38.6273],[140.9035,38.6266],[140.9044,38.6252],[140.905,38.6244],[140.9053,38.624],[140.906,38.6244],[140.9069,38.6247],[140.9078,38.6252],[140.9085,38.6255],[140.909,38.6259],[140.9092,38.6262],[140.9094,38.626],[140.9094,38.6259],[140.9095,38.6254],[140.9096,38.6252],[140.9096,38.6252],[140.9097,38.6251],[140.9097,38.6251],[140.9097,38.625],[140.91,38.6247],[140.9101,38.6246],[140.91,38.6246],[140.91,38.6246],[140.9102,38.6245],[140.9104,38.6243],[140.9104,38.6242],[140.9113,38.6233],[140.9121,38.6225],[140.9123,38.6223],[140.9126,38.622],[140.9128,38.6218],[140.9133,38.6212],[140.9134,38.6212],[140.9136,38.6209],[140.9136,38.6209],[140.9139,38.6205],[140.914,38.6204],[140.9141,38.6203],[140.9141,38.6202],[140.9142,38.6201],[140.9145,38.6198],[140.9148,38.6194],[140.9148,38.6194],[140.9149,38.6193],[140.915,38.6191],[140.9151,38.619],[140.9152,38.6189],[140.9152,38.6189],[140.9155,38.6185],[140.9155,38.6184],[140.9157,38.6182],[140.9157,38.6182],[140.9157,38.6182],[140.9158,38.618],[140.9159,38.618],[140.916,38.6178],[140.9161,38.6177],[140.9162,38.6176],[140.9162,38.6176],[140.9165,38.6172],[140.9166,38.6171],[140.9166,38.6171],[140.9167,38.617],[140.917,38.6168],[140.917,38.6167],[140.9172,38.6165],[140.9173,38.6165],[140.9174,38.6164],[140.9174,38.6164],[140.9174,38.6164],[140.9176,38.6163],[140.9179,38.6161],[140.9179,38.6161],[140.9183,38.6158],[140.9183,38.6158],[140.9184,38.6158],[140.9186,38.6157],[140.9188,38.6156],[140.9188,38.6155],[140.9189,38.6155],[140.9193,38.6153],[140.9194,38.6153],[140.9198,38.6151],[140.9199,38.6151],[140.9199,38.6151],[140.9199,38.6151],[140.9201,38.615],[140.9204,38.6149],[140.9204,38.6149],[140.9204,38.6149],[140.9206,38.6148],[140.9207,38.6148],[140.921,38.6147],[140.921,38.6147],[140.921,38.6147],[140.9216,38.6145],[140.9216,38.6145],[140.9216,38.6145],[140.9218,38.6144],[140.9221,38.6143],[140.9221,38.6143],[140.9222,38.6143],[140.9227,38.6141],[140.9227,38.6141],[140.9233,38.6139],[140.9233,38.6139],[140.9233,38.6139],[140.9238,38.6137],[140.9238,38.6137],[140.9239,38.6137],[140.9243,38.6135],[140.9243,38.6135],[140.9244,38.6135],[140.9244,38.6135],[140.9244,38.6135],[140.9247,38.6134],[140.9249,38.6133],[140.9254,38.6131],[140.9254,38.6131],[140.9256,38.613],[140.9258,38.6129],[140.9259,38.6129],[140.9259,38.6128],[140.9259,38.6128],[140.9269,38.6123],[140.9269,38.6123],[140.927,38.6122],[140.9272,38.6121],[140.9274,38.612],[140.9279,38.6117],[140.9279,38.6117],[140.9281,38.6116],[140.9282,38.6115],[140.9282,38.6115],[140.9283,38.6115],[140.9286,38.6113],[140.9286,38.6113],[140.9286,38.6113],[140.9288,38.6112],[140.9289,38.611],[140.929,38.611],[140.9291,38.6109],[140.9293,38.6107],[140.9294,38.6106],[140.9294,38.6106],[140.9295,38.6106],[140.9297,38.6103],[140.9297,38.6103],[140.9297,38.6103],[140.9297,38.6103],[140.9301,38.6099],[140.9302,38.6098],[140.9304,38.6095],[140.9304,38.6095],[140.9306,38.6093],[140.9307,38.6092],[140.9308,38.6091],[140.9309,38.609],[140.931,38.6088],[140.931,38.6088],[140.9311,38.6087],[140.9311,38.6086],[140.9311,38.6086],[140.9312,38.6085],[140.9313,38.6083],[140.9313,38.6083],[140.9313,38.6082],[140.9314,38.6082],[140.9314,38.6082],[140.9314,38.6081],[140.9314,38.6081],[140.9316,38.6076],[140.9317,38.6074],[140.9318,38.6071],[140.9319,38.607],[140.932,38.6066],[140.932,38.6066],[140.9321,38.6065],[140.9321,38.6063],[140.9322,38.6062],[140.9322,38.6062],[140.9323,38.606],[140.9323,38.6058],[140.9322,38.6057],[140.9322,38.6057],[140.9321,38.6055],[140.932,38.6054],[140.9321,38.6053],[140.9321,38.605],[140.9321,38.6048],[140.9323,38.6046],[140.9323,38.6044],[140.9325,38.6039],[140.9326,38.6038],[140.9327,38.6036],[140.9328,38.6035],[140.9329,38.6033],[140.9329,38.6031],[140.9331,38.6027],[140.9333,38.6022],[140.9335,38.6018],[140.9337,38.6015],[140.9339,38.6011],[140.9342,38.6008],[140.9344,38.6005],[140.9345,38.6004],[140.9346,38.6005],[140.9354,38.6007],[140.9354,38.6008],[140.9356,38.6012],[140.9356,38.6012],[140.9358,38.6017],[140.9358,38.6017],[140.9358,38.6017],[140.936,38.6021],[140.9361,38.6023],[140.9361,38.6023],[140.9362,38.6024],[140.9363,38.6026],[140.9363,38.6026],[140.9365,38.6032],[140.9366,38.6032],[140.9366,38.6032],[140.9366,38.6033],[140.9367,38.6033],[140.9373,38.6031],[140.9373,38.6031],[140.9373,38.6031],[140.9373,38.6032],[140.9374,38.6033],[140.9376,38.6035],[140.9378,38.6037],[140.938,38.6039],[140.9381,38.6039],[140.9381,38.6039],[140.9382,38.6039],[140.9385,38.6047],[140.9384,38.6065],[140.9384,38.6066],[140.9384,38.6068],[140.9384,38.6069],[140.9384,38.607],[140.9384,38.607],[140.9386,38.6073],[140.9387,38.6075],[140.9387,38.6075],[140.9387,38.6075],[140.9388,38.6074],[140.9391,38.6073],[140.9398,38.6084],[140.9398,38.6084],[140.9398,38.6085],[140.9398,38.6085],[140.9398,38.6087],[140.9399,38.609],[140.9399,38.6094],[140.9399,38.6095],[140.94,38.61],[140.94,38.6102],[140.9454,38.6098],[140.9455,38.6098],[140.9461,38.6098],[140.947,38.6098],[140.9477,38.6098],[140.9482,38.6099],[140.9488,38.6099],[140.9497,38.6099],[140.9497,38.6089],[140.9497,38.6088],[140.95,38.6088],[140.9501,38.6088],[140.9501,38.6088],[140.9503,38.6089],[140.9508,38.6089],[140.9509,38.6089],[140.9516,38.6089],[140.952,38.6089],[140.9521,38.6089],[140.9521,38.6087],[140.9527,38.6087],[140.9527,38.6084],[140.9527,38.6084],[140.9527,38.6081],[140.9527,38.6081],[140.9527,38.608],[140.9527,38.6078],[140.9527,38.6078],[140.9527,38.6077],[140.9528,38.6077],[140.9531,38.6077],[140.9539,38.6077],[140.9544,38.6077],[140.9547,38.6077],[140.9552,38.6077],[140.9553,38.6077],[140.9554,38.6077],[140.9558,38.6077],[140.9565,38.6077],[140.9572,38.6077],[140.958,38.6077],[140.9586,38.6077],[140.959,38.6077],[140.9591,38.6077],[140.9595,38.6077],[140.96,38.6077],[140.9602,38.6077],[140.9603,38.6077],[140.9603,38.6077],[140.9608,38.6077],[140.9609,38.6077],[140.961,38.6077],[140.9611,38.6076],[140.9614,38.6076],[140.9616,38.6075],[140.9617,38.6074],[140.9617,38.6074],[140.9619,38.6073],[140.9621,38.6072],[140.9623,38.6071],[140.9624,38.6071],[140.9624,38.6071],[140.9625,38.6071],[140.9625,38.6071],[140.9626,38.6071],[140.9626,38.6071],[140.963,38.6072],[140.963,38.6072],[140.9633,38.6072],[140.964,38.6073],[140.964,38.6072],[140.9641,38.6071],[140.9641,38.6071],[140.9641,38.607],[140.9641,38.6069],[140.9641,38.6068],[140.9641,38.6067],[140.9641,38.6067],[140.9641,38.6066],[140.9641,38.6065],[140.9642,38.6064],[140.9643,38.6065],[140.9643,38.6065],[140.9644,38.6066],[140.9645,38.6067],[140.9645,38.6067],[140.9646,38.6068],[140.9647,38.6069],[140.9647,38.6069],[140.9647,38.607],[140.9647,38.6071],[140.9648,38.6071],[140.9648,38.6072],[140.9649,38.6074],[140.9649,38.6074],[140.965,38.6074],[140.965,38.6073],[140.9651,38.6073],[140.9651,38.6073],[140.9651,38.6072],[140.9651,38.6072],[140.9651,38.6071],[140.9651,38.6071],[140.9651,38.6071],[140.9652,38.6071],[140.9652,38.607],[140.9655,38.6069],[140.9655,38.6069],[140.9656,38.6068],[140.9656,38.6068],[140.9657,38.6067],[140.9658,38.6066],[140.9658,38.6066],[140.9662,38.6064],[140.9668,38.6061],[140.9673,38.6059],[140.9675,38.6058],[140.9681,38.6055],[140.9685,38.6053],[140.9687,38.6052],[140.9688,38.6052],[140.9691,38.605],[140.9694,38.6049],[140.9695,38.6048],[140.9698,38.6053],[140.9704,38.606],[140.971,38.6068],[140.9712,38.6071],[140.9713,38.6072],[140.9713,38.6073],[140.9717,38.6078],[140.972,38.6081],[140.9722,38.6085],[140.9723,38.6086],[140.9723,38.6086],[140.9725,38.6088],[140.9727,38.609],[140.9728,38.6092],[140.9729,38.6094],[140.9731,38.6096],[140.9732,38.6098],[140.9734,38.61],[140.9736,38.6102],[140.9736,38.6103],[140.9737,38.6104],[140.9739,38.6106],[140.9741,38.6108],[140.9743,38.6111],[140.9744,38.6112],[140.9744,38.6113],[140.9745,38.6114],[140.9745,38.6116],[140.9746,38.6118],[140.9747,38.6119],[140.9747,38.612],[140.9748,38.6122],[140.975,38.6126],[140.9751,38.6131],[140.9752,38.6132],[140.9752,38.6133],[140.9754,38.6138],[140.9754,38.6138],[140.9755,38.6141],[140.9756,38.6141],[140.9756,38.6142],[140.9757,38.6144],[140.9757,38.6145],[140.9758,38.6146],[140.9758,38.6147],[140.9759,38.6149],[140.9759,38.615],[140.976,38.6151],[140.976,38.6152],[140.976,38.6152],[140.9761,38.6153],[140.9762,38.6156],[140.975,38.6155],[140.9743,38.6155],[140.9742,38.6155],[140.9741,38.6155],[140.9726,38.6155],[140.9726,38.6156],[140.9727,38.6157],[140.9727,38.6158],[140.9731,38.6167],[140.9735,38.6175],[140.9739,38.6175],[140.9747,38.6174],[140.9752,38.6174],[140.9754,38.6173],[140.9758,38.6172],[140.9761,38.6171],[140.9763,38.6169],[140.9765,38.6169],[140.9765,38.6168],[140.9767,38.6167],[140.9769,38.6167],[140.9769,38.6167],[140.977,38.6167],[140.9771,38.6168],[140.9772,38.6169],[140.9773,38.6169],[140.9773,38.6169],[140.9774,38.617],[140.9774,38.6172],[140.9775,38.6172],[140.9776,38.6173],[140.9777,38.6173],[140.9778,38.6172],[140.9778,38.6172],[140.9779,38.6173],[140.9779,38.6173],[140.978,38.6174],[140.9781,38.6174],[140.9782,38.6174],[140.9782,38.6175],[140.9784,38.6176],[140.9785,38.6176],[140.9786,38.6176],[140.9787,38.6176],[140.9787,38.6176],[140.9787,38.6176],[140.9787,38.6176],[140.9787,38.6175],[140.9788,38.6175],[140.9789,38.6174],[140.9789,38.6174],[140.979,38.6173],[140.9791,38.6172],[140.9793,38.6172],[140.9796,38.6172],[140.9799,38.6172],[140.98,38.6171],[140.9801,38.6171],[140.9801,38.6171],[140.9803,38.6171],[140.9806,38.6171],[140.9815,38.617],[140.982,38.617],[140.9824,38.617],[140.9831,38.6169],[140.9833,38.6168],[140.9836,38.6168],[140.9837,38.6167],[140.9838,38.6167],[140.9839,38.6166],[140.9841,38.6166],[140.9843,38.6165],[140.9844,38.6165],[140.9849,38.6163],[140.9854,38.6161],[140.9856,38.6161],[140.9861,38.616],[140.9865,38.6159],[140.9865,38.6158],[140.9865,38.6158],[140.9864,38.6156],[140.9863,38.6155],[140.9862,38.6153],[140.9863,38.6153],[140.9867,38.6152],[140.9867,38.6151],[140.9867,38.615],[140.9866,38.6149],[140.9866,38.6148],[140.9854,38.615],[140.9853,38.6152],[140.9852,38.6152],[140.985,38.6151],[140.9847,38.6149],[140.9846,38.6149],[140.9846,38.6149],[140.9845,38.6146],[140.9845,38.6146],[140.9843,38.6141],[140.9841,38.6136],[140.984,38.6136],[140.984,38.6134],[140.984,38.6133],[140.9839,38.6131],[140.9839,38.6128],[140.9838,38.6127],[140.9838,38.6126],[140.9838,38.6124],[140.9837,38.6121],[140.9837,38.6121],[140.9838,38.6121],[140.9838,38.612],[140.9841,38.612],[140.9845,38.6119],[140.9871,38.6115],[140.987,38.6111],[140.987,38.6111],[140.9875,38.611],[140.9877,38.611],[140.9882,38.6109],[140.9884,38.6109],[140.9886,38.6108],[140.9886,38.6108],[140.9888,38.6108],[140.989,38.6108],[140.9893,38.6107],[140.9897,38.6107],[140.9897,38.6107],[140.9898,38.6107],[140.9898,38.6107],[140.9899,38.6107],[140.9898,38.6106],[140.9898,38.6106],[140.9898,38.6106],[140.9896,38.6102],[140.9892,38.6097],[140.9892,38.6097],[140.9892,38.6096],[140.989,38.6093],[140.9889,38.6093],[140.9889,38.6093],[140.9888,38.6092],[140.9885,38.6087],[140.9885,38.6087],[140.9882,38.6083],[140.9881,38.6082],[140.9881,38.6082],[140.9881,38.6081],[140.9881,38.6081],[140.9879,38.6078],[140.9878,38.6078],[140.9878,38.6078],[140.9878,38.6078],[140.9874,38.6072],[140.9873,38.607],[140.9872,38.6069],[140.9872,38.6069],[140.9871,38.6068],[140.9871,38.6067],[140.9869,38.6065],[140.9867,38.6061],[140.9865,38.6059],[140.9865,38.6059],[140.9865,38.6058],[140.9864,38.6058],[140.9864,38.6057],[140.9862,38.6055],[140.9861,38.6054],[140.9861,38.6054],[140.986,38.6052],[140.9858,38.6049],[140.9857,38.6048],[140.9857,38.6048],[140.9856,38.6047],[140.9855,38.6045],[140.9854,38.6044],[140.9853,38.6042],[140.9851,38.604],[140.9851,38.6039],[140.985,38.6038],[140.985,38.6038],[140.9849,38.6037],[140.9849,38.6037],[140.9847,38.6033],[140.9845,38.603],[140.9844,38.603],[140.9844,38.6029],[140.9844,38.6029],[140.9843,38.6028],[140.9843,38.6028],[140.9842,38.6027],[140.9841,38.6026],[140.9841,38.6025],[140.9841,38.6025],[140.9841,38.6025],[140.984,38.6024],[140.984,38.6023],[140.9838,38.6022],[140.9838,38.6021],[140.9838,38.6021],[140.9837,38.602],[140.9836,38.6018],[140.9836,38.6018],[140.9836,38.6018],[140.9834,38.6016],[140.9834,38.6015],[140.9832,38.6013],[140.9832,38.6012],[140.9832,38.6012],[140.9831,38.6012],[140.9831,38.6011],[140.983,38.601],[140.983,38.601],[140.983,38.601],[140.983,38.6009],[140.9829,38.6009],[140.9829,38.6009],[140.9829,38.6008],[140.9826,38.6004],[140.9826,38.6004],[140.9828,38.6004],[140.9828,38.6004],[140.983,38.6004],[140.983,38.6004],[140.9832,38.6003],[140.9834,38.6003],[140.9836,38.6003],[140.9839,38.6003],[140.9839,38.6002],[140.9839,38.6002],[140.9838,38.5997],[140.984,38.5997],[140.9842,38.5997],[140.9844,38.5997],[140.9846,38.5996],[140.9846,38.5996],[140.9846,38.5996],[140.9848,38.5996],[140.9851,38.5996],[140.9853,38.5996],[140.9855,38.5995],[140.9857,38.5995],[140.9858,38.5995],[140.9859,38.5995],[140.986,38.5995],[140.9861,38.5995],[140.9861,38.5995],[140.9863,38.5994],[140.9865,38.5994],[140.9868,38.5994],[140.987,38.5994],[140.9872,38.5993],[140.9874,38.5993],[140.9874,38.5993],[140.9874,38.5993],[140.9874,38.5993],[140.9874,38.599],[140.9873,38.5988],[140.9873,38.5988],[140.9892,38.5986],[140.9892,38.5985],[140.9889,38.5981],[140.9887,38.5976],[140.9887,38.5975],[140.9898,38.5974],[140.9901,38.5973],[140.991,38.5969],[140.9907,38.5965],[140.9908,38.5962],[140.9908,38.5961],[140.9909,38.5959],[140.9909,38.5959],[140.9909,38.5958],[140.9909,38.5958],[140.9909,38.5958],[140.9909,38.5958],[140.991,38.5957],[140.9911,38.5957],[140.9912,38.5957],[140.9913,38.5957],[140.9918,38.5956],[140.9919,38.5955],[140.9924,38.5955],[140.9927,38.5954],[140.9928,38.5953],[140.9937,38.5953],[140.9938,38.5953],[140.9938,38.5949],[140.9942,38.5949],[140.9942,38.5947],[140.9945,38.5946],[140.9944,38.5943],[140.9944,38.5939],[140.9943,38.5938],[140.9943,38.5937],[140.9944,38.5936],[140.9944,38.5934],[140.9937,38.5931],[140.9929,38.5928],[140.9922,38.5926],[140.9918,38.5925],[140.9912,38.5922],[140.991,38.5921],[140.9908,38.5921],[140.9905,38.5919],[140.9903,38.5917],[140.9901,38.5916],[140.9899,38.5914],[140.9897,38.5912],[140.9897,38.5911],[140.9896,38.591],[140.9896,38.5909],[140.9896,38.5909],[140.9895,38.5908],[140.9887,38.5899],[140.988,38.5891],[140.9875,38.5885],[140.9871,38.5881],[140.9869,38.5879],[140.9869,38.5878],[140.9868,38.5877],[140.9868,38.5876],[140.9868,38.5874],[140.9871,38.5862],[140.9875,38.5844],[140.9877,38.5832],[140.9879,38.5823],[140.988,38.582],[140.988,38.5819],[140.9879,38.5819],[140.9877,38.5818],[140.9875,38.5817],[140.9874,38.5817],[140.9874,38.5817],[140.9872,38.5816],[140.9868,38.5815],[140.9864,38.5813],[140.9862,38.5812],[140.9849,38.58],[140.9887,38.5798],[140.99,38.5797],[140.9911,38.5794],[140.9933,38.5786],[140.9937,38.5783],[140.9947,38.5771],[140.9951,38.5767],[140.9953,38.5765],[140.9956,38.5763],[140.9959,38.5761],[140.9964,38.5759],[140.9968,38.5757],[140.9972,38.5756],[140.9975,38.5755],[140.9974,38.5739],[140.9972,38.5723],[140.9972,38.5723],[140.9971,38.5723],[140.9967,38.5715],[140.9967,38.5715],[140.9962,38.5705],[140.9961,38.5704],[140.9961,38.5704],[140.9961,38.5703],[140.9958,38.5694],[140.9957,38.5689],[140.9957,38.5689],[140.9956,38.5686],[140.9954,38.5679],[140.9954,38.5678],[140.9936,38.5681],[140.9935,38.5676],[140.9936,38.5675],[140.9942,38.567],[140.9946,38.5667],[140.9949,38.5664],[140.995,38.5663],[140.9951,38.5662],[140.995,38.5661],[140.995,38.566],[140.995,38.566],[140.9949,38.5658],[140.9949,38.5658],[140.9948,38.5658],[140.9948,38.5657],[140.9948,38.5657],[140.9943,38.5651],[140.9945,38.5649],[140.9952,38.5646],[140.9972,38.5635],[140.9962,38.5622],[140.9962,38.5622],[140.9972,38.5616],[140.9993,38.5605],[141.0011,38.5595],[141.0012,38.5595],[141.0032,38.5584],[141.0044,38.5578],[141.0044,38.5577],[141.0048,38.5575],[141.0052,38.5573],[141.0055,38.5572],[141.0055,38.5572],[141.0055,38.5572],[141.0057,38.5575],[141.0057,38.5574],[141.0058,38.5574],[141.0058,38.5575],[141.006,38.5574],[141.0062,38.5574],[141.0063,38.5573],[141.0065,38.5573],[141.0064,38.5572],[141.0064,38.5572],[141.0063,38.5571],[141.0062,38.557],[141.0061,38.5568],[141.0061,38.5567],[141.0061,38.5567],[141.006,38.5566],[141.0059,38.5564],[141.0058,38.5563],[141.0057,38.5562],[141.0057,38.5561],[141.0056,38.556],[141.0055,38.556],[141.0054,38.5558],[141.0052,38.5557],[141.0051,38.5556],[141.005,38.5555],[141.0049,38.5554],[141.0047,38.5552],[141.0046,38.5551],[141.0046,38.5551],[141.0046,38.5551],[141.0044,38.5549],[141.0043,38.5548],[141.0041,38.5547],[141.0039,38.5544],[141.0033,38.5539],[141.0033,38.5538],[141.0033,38.5538],[141.0032,38.5538],[141.0032,38.5537],[141.0032,38.5537],[141.0031,38.5537],[141.0027,38.5533],[141.0026,38.5532],[141.0026,38.5532],[141.0026,38.5531],[141.0025,38.5531],[141.0024,38.553],[141.0024,38.553],[141.0023,38.5529],[141.0022,38.5529],[141.0021,38.5528],[141.0018,38.5526],[141.0018,38.5526],[141.0017,38.5525],[141.0017,38.5525],[141.0015,38.5523],[141.0013,38.5521],[141.0013,38.5521],[141.0013,38.5521],[141.0012,38.552],[141.0009,38.5518],[141.0009,38.5517],[141.0008,38.5517],[141.0007,38.5516],[141.0007,38.5515],[141.0007,38.5515],[141.0007,38.5515],[141.0006,38.5515],[141.0002,38.551],[140.9995,38.5504],[140.9984,38.5493],[140.9983,38.5491],[140.9982,38.5489],[140.9981,38.5488],[140.9981,38.5488],[140.998,38.5487],[140.9979,38.5486],[140.9977,38.5484],[140.9977,38.5484],[140.9977,38.5483],[140.9976,38.5483],[140.9976,38.5483],[140.9976,38.5482],[140.9976,38.5482],[140.9975,38.5481],[140.9975,38.548],[140.9975,38.5479],[140.9974,38.5477],[140.9974,38.5475],[140.9973,38.5473],[140.9973,38.5471],[140.9972,38.5469],[140.9972,38.5467],[140.9971,38.5466],[140.9971,38.5466],[140.9971,38.5465],[140.9971,38.5464],[140.997,38.5462],[140.997,38.546],[140.997,38.546],[140.997,38.5459],[140.997,38.5457],[140.997,38.5456],[140.997,38.5455],[140.9969,38.5454],[140.9969,38.5453],[140.9968,38.5452],[140.9967,38.5451],[140.9967,38.545],[140.9965,38.5448],[140.9965,38.5448],[140.9965,38.5448],[140.9964,38.5447],[140.9964,38.5447],[140.9961,38.5444],[140.9959,38.5442],[140.9959,38.5442],[140.9959,38.5442],[140.9959,38.5441],[140.9959,38.5441],[140.9959,38.5441],[140.9959,38.5441],[140.9959,38.5441],[140.9958,38.5439],[140.9958,38.5439],[140.9958,38.5439],[140.9958,38.5438],[140.9958,38.5435],[140.9958,38.5435],[140.9958,38.5434],[140.9958,38.5433],[140.9958,38.5432],[140.9958,38.5431],[140.9958,38.543],[140.9957,38.5429],[140.9962,38.5424],[140.9965,38.5421],[140.9969,38.5418],[140.9974,38.5413],[140.9974,38.5412],[140.9975,38.5412],[140.9975,38.5412],[140.9972,38.5407],[140.9972,38.5407],[140.9972,38.5407],[140.9971,38.5405],[140.997,38.5403],[140.997,38.5403],[140.9969,38.5399],[140.9969,38.5399],[140.9968,38.5395],[140.9967,38.5395],[140.9967,38.5394],[140.9967,38.5394],[140.9967,38.5394],[140.9967,38.5394],[140.9969,38.5393],[140.9969,38.5393],[140.9968,38.5392],[140.9968,38.5391],[140.9968,38.5391],[140.9968,38.5391],[140.9969,38.5387],[140.997,38.5386],[140.997,38.5386],[140.997,38.5384],[140.997,38.5384],[140.997,38.5383],[140.9967,38.538],[140.9964,38.5377],[140.9956,38.5369],[140.9956,38.5366],[140.9962,38.534],[140.9961,38.534],[140.9959,38.534],[140.9958,38.5339],[140.9958,38.5339],[140.9958,38.5338],[140.9958,38.5336],[140.996,38.5335],[140.9953,38.5325],[140.9952,38.5324],[140.9948,38.5323],[140.9939,38.5321],[140.9932,38.532],[140.9927,38.532],[140.9925,38.5321],[140.992,38.5322],[140.9917,38.5323],[140.9912,38.5327],[140.9899,38.5338],[140.9896,38.5341],[140.9875,38.5354],[140.9869,38.5358],[140.9864,38.5361],[140.9858,38.5363],[140.9847,38.5366],[140.9842,38.5368],[140.9837,38.537],[140.9832,38.5374],[140.9825,38.5377],[140.9817,38.5381],[140.9813,38.5383],[140.9811,38.5384],[140.981,38.5384],[140.9808,38.5384],[140.9807,38.5384],[140.9803,38.5382],[140.9798,38.538],[140.9794,38.538],[140.9787,38.5378],[140.9781,38.5377],[140.9777,38.5377],[140.9775,38.5377],[140.9773,38.5377],[140.977,38.5378],[140.9767,38.5379],[140.9764,38.5379],[140.9761,38.5379],[140.9758,38.5379],[140.9754,38.5378],[140.9745,38.5374],[140.9732,38.5371],[140.9729,38.5371],[140.9726,38.5371],[140.9724,38.5372],[140.9722,38.5373],[140.9717,38.5382],[140.9713,38.5388],[140.9711,38.539],[140.9709,38.5392],[140.9702,38.5394],[140.9695,38.5397],[140.9688,38.54],[140.9685,38.54],[140.9683,38.5401],[140.9676,38.5402],[140.9675,38.5403],[140.9674,38.5405],[140.9673,38.5407],[140.9672,38.5407],[140.9671,38.5408],[140.967,38.5408],[140.9669,38.5409],[140.9663,38.5409],[140.966,38.5409],[140.9658,38.5409],[140.9656,38.541],[140.9654,38.5411],[140.9651,38.5412],[140.9648,38.5416],[140.9646,38.5417],[140.9644,38.5418],[140.9644,38.5418],[140.9643,38.5418],[140.9636,38.5418],[140.9633,38.5418],[140.9631,38.5418],[140.963,38.5418],[140.9628,38.5419],[140.9627,38.542],[140.9624,38.5421],[140.9622,38.5423],[140.9621,38.5424],[140.9619,38.5424],[140.9617,38.5424],[140.9613,38.5425],[140.9612,38.5416],[140.9612,38.5406],[140.9612,38.5402],[140.9611,38.5388],[140.961,38.5373],[140.961,38.5363],[140.9609,38.5352],[140.9609,38.5341],[140.9608,38.5331],[140.9608,38.5321],[140.9607,38.531],[140.9607,38.53],[140.9607,38.5299],[140.9606,38.5294],[140.9606,38.5281],[140.9605,38.5271],[140.9605,38.5267],[140.9605,38.5258],[140.9604,38.5247],[140.9604,38.5237],[140.9603,38.5227],[140.9603,38.5214],[140.9602,38.5201],[140.9602,38.5194],[140.9602,38.5193],[140.9602,38.5192],[140.9601,38.5183],[140.9601,38.5177],[140.96,38.5169],[140.96,38.5166],[140.96,38.5163],[140.9599,38.5153],[140.9599,38.515],[140.9599,38.5141],[140.9599,38.5138],[140.9599,38.5138],[140.9598,38.5135],[140.9598,38.513],[140.9598,38.513],[140.9598,38.5128],[140.9598,38.5126],[140.9595,38.5077],[140.9595,38.5076],[140.9594,38.5076],[140.9593,38.5076],[140.9592,38.5075],[140.9591,38.5075],[140.959,38.5075],[140.9587,38.5075],[140.9585,38.5074],[140.9584,38.5073],[140.9583,38.5073]]]},"properties":{"type":"04215","name":"04"}},{"type":"Feature","geometry":{"type":"MultiPolygon","coordinates":[[[[141.1032,38.4951],[141.1031,38.4951],[141.1031,38.4951],[141.1031,38.4951],[141.1032,38.4952],[141.1033,38.4952],[141.1032,38.4952],[141.1032,38.4951]]],[[[141.1052,38.4957],[141.1052,38.4956],[141.1052,38.4956],[141.1052,38.4956],[141.1052,38.4956],[141.1052,38.4955],[141.1052,38.4955],[141.1052,38.4955],[141.1052,38.4955],[141.1052,38.4954],[141.1052,38.4954],[141.1052,38.4954],[141.1052,38.4954],[141.1053,38.4953],[141.1053,38.4953],[141.1053,38.4952],[141.1053,38.4952],[141.1053,38.4952],[141.1053,38.4952],[141.1053,38.4952],[141.1053,38.4952],[141.1053,38.4951],[141.1053,38.4951],[141.1053,38.495],[141.1053,38.495],[141.1053,38.495],[141.1053,38.495],[141.1053,38.495],[141.1053,38.4949],[141.1053,38.4949],[141.1052,38.4948],[141.1052,38.4948],[141.1052,38.4948],[141.1052,38.4947],[141.1052,38.4947],[141.1052,38.4947],[141.1052,38.4947],[141.1051,38.4947],[141.1051,38.4946],[141.1051,38.4946],[141.1051,38.4946],[141.1051,38.4946],[141.1051,38.4946],[141.1051,38.4945],[141.1051,38.4945],[141.1051,38.4944],[141.1051,38.4944],[141.1051,38.4944],[141.1051,38.4943],[141.1051,38.4942],[141.105,38.4941],[141.105,38.494],[141.1049,38.4939],[141.1049,38.4939],[141.105,38.4937],[141.105,38.4937],[141.1049,38.4936],[141.1049,38.4935],[141.1048,38.4934],[141.1047,38.4933],[141.1046,38.4932],[141.1045,38.4931],[141.1045,38.493],[141.1045,38.4929],[141.1044,38.4929],[141.1044,38.4928],[141.1043,38.4928],[141.1043,38.4927],[141.1043,38.4927],[141.1044,38.4927],[141.1044,38.4927],[141.1045,38.4927],[141.1045,38.4927],[141.1045,38.4927],[141.1046,38.4927],[141.1046,38.4927],[141.1048,38.4927],[141.1049,38.4927],[141.105,38.4927],[141.1051,38.4927],[141.1051,38.4927],[141.1051,38.4927],[141.1052,38.4927],[141.1053,38.4927],[141.1053,38.4927],[141.1054,38.4927],[141.1054,38.4927],[141.1055,38.4927],[141.1055,38.4927],[141.1055,38.4926],[141.1056,38.4926],[141.1057,38.4926],[141.1057,38.4926],[141.1057,38.4926],[141.1057,38.4926],[141.1058,38.4927],[141.1058,38.4927],[141.1059,38.4927],[141.106,38.4927],[141.106,38.4927],[141.106,38.4927],[141.1062,38.4926],[141.1062,38.4926],[141.1063,38.4926],[141.1063,38.4926],[141.1063,38.4926],[141.1064,38.4926],[141.1064,38.4926],[141.1064,38.4926],[141.1063,38.4925],[141.1063,38.4924],[141.1063,38.4923],[141.1063,38.4923],[141.1063,38.4923],[141.1063,38.4923],[141.1063,38.4922],[141.1063,38.4922],[141.1063,38.4922],[141.1063,38.4922],[141.1064,38.4921],[141.1064,38.4921],[141.1064,38.4921],[141.1065,38.4921],[141.1066,38.492],[141.1067,38.492],[141.1067,38.492],[141.1068,38.4919],[141.1069,38.4919],[141.107,38.4919],[141.107,38.4919],[141.1071,38.4918],[141.1072,38.4918],[141.1073,38.4918],[141.1073,38.4918],[141.1073,38.4917],[141.1074,38.4917],[141.1074,38.4917],[141.1074,38.4916],[141.1075,38.4916],[141.1075,38.4916],[141.1076,38.4915],[141.1076,38.4915],[141.1076,38.4914],[141.1076,38.4914],[141.1077,38.4913],[141.1078,38.4913],[141.1078,38.4912],[141.1079,38.4911],[141.1079,38.4911],[141.1079,38.4911],[141.1079,38.4911],[141.108,38.4911],[141.108,38.491],[141.108,38.491],[141.108,38.491],[141.108,38.491],[141.1081,38.4909],[141.1081,38.4909],[141.1081,38.4909],[141.1082,38.4909],[141.1082,38.4909],[141.1082,38.4909],[141.1082,38.4909],[141.1082,38.4908],[141.1083,38.4908],[141.1083,38.4907],[141.1083,38.4907],[141.1083,38.4907],[141.1084,38.4907],[141.1084,38.4907],[141.1085,38.4907],[141.1085,38.4907],[141.1086,38.4907],[141.1086,38.4907],[141.1086,38.4907],[141.1087,38.4907],[141.1087,38.4907],[141.1088,38.4907],[141.1088,38.4907],[141.1091,38.4907],[141.1091,38.4907],[141.1092,38.4907],[141.1092,38.4907],[141.1093,38.4907],[141.1094,38.4907],[141.1095,38.4907],[141.1095,38.4907],[141.1096,38.4907],[141.1096,38.4907],[141.1096,38.4907],[141.1096,38.4906],[141.1097,38.4906],[141.1097,38.4906],[141.1098,38.4905],[141.1098,38.4905],[141.1099,38.4904],[141.11,38.4904],[141.11,38.4904],[141.11,38.4904],[141.1101,38.4904],[141.1102,38.4904],[141.1103,38.4904],[141.1104,38.4904],[141.1104,38.4903],[141.1105,38.4903],[141.1105,38.4903],[141.1106,38.4903],[141.1106,38.4903],[141.1107,38.4902],[141.1107,38.4902],[141.1107,38.4902],[141.1107,38.4902],[141.1107,38.4902],[141.1108,38.4901],[141.1109,38.4901],[141.1109,38.4901],[141.111,38.49],[141.1111,38.49],[141.1118,38.4903],[141.1119,38.4903],[141.1122,38.4904],[141.1124,38.4904],[141.1125,38.4905],[141.1127,38.4905],[141.1128,38.4905],[141.1128,38.4905],[141.1128,38.4905],[141.1128,38.4904],[141.1127,38.4904],[141.1127,38.4903],[141.1127,38.4903],[141.1126,38.4903],[141.1126,38.4902],[141.1126,38.4902],[141.1126,38.4902],[141.1125,38.4901],[141.1125,38.4901],[141.1125,38.4901],[141.1125,38.49],[141.1124,38.49],[141.1124,38.4899],[141.1124,38.4899],[141.1124,38.4899],[141.1123,38.4899],[141.1123,38.4898],[141.1123,38.4898],[141.1123,38.4898],[141.1122,38.4898],[141.1122,38.4898],[141.1122,38.4898],[141.1122,38.4897],[141.1122,38.4897],[141.1122,38.4897],[141.1121,38.4897],[141.1121,38.4897],[141.1121,38.4896],[141.1121,38.4896],[141.1121,38.4896],[141.1121,38.4896],[141.1121,38.4896],[141.1121,38.4896],[141.1121,38.4895],[141.1121,38.4895],[141.1121,38.4895],[141.1121,38.4895],[141.1121,38.4895],[141.1121,38.4895],[141.112,38.4894],[141.112,38.4894],[141.112,38.4894],[141.112,38.4894],[141.112,38.4894],[141.112,38.4893],[141.112,38.4893],[141.112,38.4893],[141.112,38.4893],[141.112,38.4892],[141.112,38.4892],[141.112,38.4892],[141.1121,38.4892],[141.1121,38.4892],[141.1122,38.4891],[141.1122,38.4891],[141.1122,38.4891],[141.1122,38.4891],[141.1123,38.489],[141.1123,38.489],[141.1124,38.489],[141.1125,38.4889],[141.1125,38.4889],[141.1126,38.4889],[141.1126,38.4889],[141.1126,38.4889],[141.1126,38.4889],[141.1127,38.4888],[141.1133,38.4885],[141.1134,38.4884],[141.1134,38.4884],[141.1134,38.4884],[141.1134,38.4884],[141.1135,38.4884],[141.1135,38.4884],[141.1135,38.4884],[141.1135,38.4883],[141.1135,38.4883],[141.1136,38.4883],[141.1136,38.4883],[141.1136,38.4883],[141.1137,38.4883],[141.1137,38.4883],[141.1137,38.4882],[141.1138,38.4882],[141.1138,38.4882],[141.1139,38.4881],[141.114,38.488],[141.1141,38.4879],[141.1144,38.4876],[141.1147,38.4873],[141.115,38.487],[141.1152,38.4869],[141.1154,38.4867],[141.1155,38.4867],[141.1155,38.4866],[141.1157,38.4865],[141.1157,38.4865],[141.1157,38.4865],[141.1157,38.4865],[141.1157,38.4865],[141.1158,38.4864],[141.1159,38.4864],[141.1161,38.4863],[141.1161,38.4863],[141.1163,38.4862],[141.1163,38.4861],[141.1163,38.4861],[141.1164,38.4861],[141.1164,38.486],[141.1164,38.486],[141.1164,38.4859],[141.1164,38.4859],[141.1164,38.4857],[141.1164,38.4856],[141.1162,38.4853],[141.1162,38.4852],[141.1161,38.4852],[141.1162,38.4851],[141.1162,38.485],[141.1162,38.485],[141.1162,38.485],[141.1163,38.4848],[141.1163,38.4847],[141.1164,38.4846],[141.1164,38.4845],[141.1164,38.4845],[141.1163,38.4844],[141.1163,38.4843],[141.1163,38.4843],[141.1163,38.4842],[141.1163,38.4841],[141.1163,38.4841],[141.1162,38.4841],[141.1162,38.4841],[141.1161,38.4841],[141.116,38.4841],[141.116,38.4841],[141.1159,38.4841],[141.1159,38.4841],[141.1159,38.4841],[141.1158,38.4841],[141.1157,38.4841],[141.1156,38.4841],[141.1155,38.4841],[141.1155,38.4841],[141.1153,38.4841],[141.1152,38.4841],[141.115,38.4841],[141.1149,38.4841],[141.1149,38.4841],[141.1147,38.4842],[141.1147,38.4842],[141.1147,38.4842],[141.1145,38.4842],[141.1144,38.4842],[141.1143,38.4842],[141.1143,38.4841],[141.1143,38.484],[141.1144,38.4839],[141.1144,38.4837],[141.1145,38.4836],[141.1145,38.4836],[141.1145,38.4836],[141.1144,38.4835],[141.1144,38.4834],[141.1143,38.4832],[141.1143,38.4831],[141.1142,38.4831],[141.114,38.483],[141.1134,38.4826],[141.1131,38.4825],[141.1131,38.4824],[141.113,38.4824],[141.113,38.4824],[141.113,38.4824],[141.1129,38.4823],[141.1129,38.4823],[141.1129,38.4823],[141.1128,38.4822],[141.1128,38.4822],[141.1128,38.4821],[141.1127,38.4821],[141.1127,38.4821],[141.1127,38.4821],[141.1127,38.4821],[141.1127,38.482],[141.1126,38.482],[141.1126,38.482],[141.1126,38.482],[141.1126,38.482],[141.1126,38.482],[141.1125,38.482],[141.1125,38.482],[141.1124,38.482],[141.1124,38.482],[141.1123,38.482],[141.1123,38.482],[141.1123,38.482],[141.1122,38.482],[141.1122,38.482],[141.1121,38.482],[141.1121,38.482],[141.112,38.482],[141.1119,38.482],[141.1118,38.482],[141.1117,38.482],[141.1116,38.482],[141.1116,38.482],[141.1115,38.482],[141.1113,38.482],[141.1112,38.482],[141.1112,38.482],[141.1112,38.482],[141.1111,38.482],[141.111,38.482],[141.1109,38.482],[141.1107,38.482],[141.1105,38.482],[141.1103,38.482],[141.1102,38.482],[141.1102,38.482],[141.1099,38.482],[141.1097,38.4819],[141.1096,38.4819],[141.1095,38.4819],[141.1094,38.4819],[141.1093,38.4819],[141.1093,38.4819],[141.1092,38.4819],[141.1091,38.4819],[141.1087,38.4819],[141.1086,38.4813],[141.1086,38.481],[141.1086,38.4809],[141.1085,38.4804],[141.1085,38.4804],[141.1085,38.4799],[141.1084,38.4799],[141.1084,38.4794],[141.1084,38.4794],[141.1083,38.4789],[141.1083,38.4789],[141.1082,38.4784],[141.1082,38.4784],[141.1082,38.4781],[141.1082,38.4779],[141.1082,38.4778],[141.1081,38.4776],[141.1081,38.4773],[141.1081,38.4773],[141.108,38.4768],[141.108,38.4768],[141.108,38.4763],[141.108,38.4763],[141.1079,38.4758],[141.1079,38.4758],[141.1078,38.4753],[141.1078,38.4753],[141.1078,38.4748],[141.1078,38.4747],[141.1077,38.4746],[141.1077,38.4742],[141.1076,38.4739],[141.1076,38.4737],[141.1076,38.4736],[141.1076,38.4736],[141.1073,38.4709],[141.1072,38.4704],[141.1072,38.4704],[141.1071,38.4699],[141.1071,38.4694],[141.1071,38.4694],[141.107,38.4689],[141.1069,38.4684],[141.1069,38.4683],[141.1069,38.4678],[141.1069,38.4678],[141.1068,38.4676],[141.1068,38.4673],[141.1068,38.4673],[141.1067,38.467],[141.1067,38.4668],[141.1066,38.4663],[141.1066,38.4661],[141.1065,38.4659],[141.1065,38.4658],[141.1064,38.4655],[141.1063,38.4653],[141.1062,38.4651],[141.1062,38.465],[141.1062,38.4649],[141.1061,38.4648],[141.106,38.4647],[141.1059,38.4646],[141.1058,38.4644],[141.1057,38.4643],[141.1057,38.4643],[141.1057,38.4643],[141.1056,38.4642],[141.1055,38.4641],[141.1053,38.4638],[141.1051,38.4636],[141.105,38.4635],[141.105,38.4635],[141.1049,38.4634],[141.1047,38.4633],[141.1047,38.4633],[141.1046,38.4632],[141.1045,38.4632],[141.1044,38.4631],[141.1043,38.463],[141.1041,38.4629],[141.1039,38.4628],[141.1038,38.4627],[141.1036,38.4626],[141.1033,38.4625],[141.1032,38.4624],[141.103,38.4623],[141.1028,38.4622],[141.1026,38.4621],[141.1023,38.462],[141.1019,38.4618],[141.1014,38.4615],[141.1013,38.4615],[141.1013,38.4615],[141.1012,38.4614],[141.1012,38.4614],[141.1012,38.4614],[141.101,38.4613],[141.1007,38.4612],[141.1,38.4609],[141.0998,38.4608],[141.0996,38.4606],[141.0996,38.4606],[141.0994,38.4605],[141.0994,38.4605],[141.0991,38.4604],[141.0988,38.4603],[141.0988,38.4602],[141.0986,38.4602],[141.0985,38.4601],[141.0984,38.4601],[141.0984,38.46],[141.0983,38.46],[141.0982,38.4599],[141.0981,38.4599],[141.0978,38.4597],[141.0962,38.4589],[141.096,38.4588],[141.0957,38.4587],[141.0955,38.4586],[141.0948,38.4583],[141.0943,38.458],[141.0943,38.458],[141.0942,38.458],[141.0941,38.4579],[141.0938,38.4578],[141.0935,38.4576],[141.0934,38.4575],[141.0932,38.4574],[141.0931,38.4574],[141.093,38.4574],[141.0928,38.4573],[141.0863,38.454],[141.0859,38.4545],[141.086,38.4547],[141.0861,38.4549],[141.0862,38.456],[141.0866,38.4587],[141.0866,38.4591],[141.0867,38.4599],[141.0867,38.46],[141.0866,38.4604],[141.0864,38.461],[141.0863,38.4613],[141.0859,38.4626],[141.0857,38.4632],[141.0857,38.4633],[141.0857,38.4634],[141.0857,38.4636],[141.0858,38.4637],[141.0859,38.4638],[141.086,38.4638],[141.0867,38.464],[141.0902,38.4649],[141.0921,38.4654],[141.0929,38.4656],[141.0929,38.4658],[141.0899,38.4656],[141.0869,38.4654],[141.0855,38.4653],[141.0855,38.4654],[141.0856,38.4655],[141.0857,38.4656],[141.0858,38.4658],[141.086,38.4661],[141.0862,38.4663],[141.0862,38.4663],[141.0864,38.4666],[141.0865,38.4669],[141.0866,38.4669],[141.087,38.4674],[141.087,38.4675],[141.087,38.4675],[141.0871,38.4677],[141.0873,38.4679],[141.0873,38.4679],[141.0874,38.468],[141.0875,38.4681],[141.0875,38.4682],[141.0876,38.4683],[141.0877,38.4685],[141.0877,38.4687],[141.0878,38.4687],[141.0878,38.4688],[141.0877,38.4688],[141.0878,38.4689],[141.0878,38.4693],[141.0878,38.4693],[141.0878,38.4693],[141.0878,38.4694],[141.0878,38.4694],[141.0878,38.4694],[141.0878,38.4695],[141.0879,38.4696],[141.0879,38.4696],[141.088,38.4697],[141.0882,38.4698],[141.0884,38.4699],[141.0885,38.47],[141.0885,38.4701],[141.0885,38.4702],[141.0886,38.4703],[141.0886,38.4704],[141.0887,38.4705],[141.0887,38.4706],[141.0887,38.4707],[141.0887,38.4709],[141.0887,38.4711],[141.0888,38.4713],[141.0888,38.4714],[141.0888,38.4717],[141.0889,38.4719],[141.0888,38.472],[141.0887,38.4722],[141.0887,38.4723],[141.0887,38.4723],[141.0887,38.4724],[141.0888,38.4725],[141.0889,38.4727],[141.0889,38.4727],[141.0889,38.4729],[141.0889,38.4729],[141.0888,38.4733],[141.0888,38.4734],[141.0888,38.4734],[141.0889,38.4738],[141.0889,38.4739],[141.0889,38.474],[141.0889,38.4741],[141.0889,38.4743],[141.0889,38.4743],[141.089,38.4746],[141.089,38.4748],[141.089,38.4749],[141.089,38.4749],[141.0889,38.4751],[141.089,38.4752],[141.0889,38.4756],[141.0888,38.4763],[141.0888,38.4765],[141.0887,38.4766],[141.0886,38.4767],[141.0881,38.4772],[141.088,38.4773],[141.0879,38.4774],[141.0877,38.4777],[141.0877,38.4777],[141.0875,38.4779],[141.0874,38.478],[141.0874,38.4781],[141.0873,38.4781],[141.0873,38.4782],[141.0872,38.4782],[141.087,38.4785],[141.0869,38.4786],[141.0869,38.4786],[141.0868,38.4787],[141.0867,38.4788],[141.0866,38.4789],[141.0866,38.4789],[141.0865,38.4792],[141.0863,38.4794],[141.0862,38.4796],[141.0859,38.48],[141.0859,38.48],[141.0859,38.48],[141.0859,38.48],[141.0858,38.4803],[141.0858,38.4803],[141.0858,38.4803],[141.0856,38.4806],[141.0856,38.4806],[141.0854,38.4809],[141.0852,38.481],[141.0851,38.4812],[141.0849,38.4813],[141.0848,38.4814],[141.0847,38.4815],[141.0847,38.4816],[141.0846,38.4818],[141.0845,38.4819],[141.0845,38.482],[141.0845,38.4821],[141.0845,38.4823],[141.0844,38.4824],[141.0844,38.4825],[141.0843,38.4826],[141.0843,38.4826],[141.0842,38.4827],[141.0842,38.4828],[141.0842,38.4828],[141.0842,38.4829],[141.0841,38.4831],[141.0841,38.4831],[141.0841,38.4832],[141.084,38.4833],[141.084,38.4835],[141.084,38.4837],[141.0839,38.4838],[141.0839,38.4839],[141.0838,38.4841],[141.0837,38.4842],[141.0837,38.4842],[141.0835,38.4847],[141.0835,38.4848],[141.0835,38.485],[141.0834,38.4852],[141.0834,38.4854],[141.0834,38.4856],[141.0833,38.4858],[141.0832,38.4859],[141.0832,38.486],[141.0831,38.4861],[141.0831,38.4862],[141.0831,38.4862],[141.0831,38.4863],[141.0831,38.4865],[141.0831,38.4866],[141.0831,38.4866],[141.0831,38.4867],[141.0831,38.4868],[141.0831,38.4869],[141.083,38.487],[141.083,38.4872],[141.0829,38.4872],[141.0829,38.4873],[141.0829,38.4873],[141.0829,38.4873],[141.0828,38.4875],[141.0827,38.4877],[141.0827,38.4878],[141.0826,38.4879],[141.0826,38.488],[141.0826,38.4881],[141.0826,38.4881],[141.0825,38.4884],[141.0824,38.4886],[141.0824,38.4887],[141.0824,38.4888],[141.0823,38.4888],[141.0822,38.4888],[141.0821,38.4889],[141.082,38.4889],[141.0819,38.4889],[141.0818,38.489],[141.0818,38.489],[141.0816,38.4891],[141.0815,38.4891],[141.0812,38.4893],[141.0808,38.4895],[141.0808,38.4895],[141.0808,38.4895],[141.0806,38.4896],[141.0806,38.4896],[141.0806,38.4897],[141.0808,38.4898],[141.0808,38.4898],[141.081,38.49],[141.081,38.4902],[141.0809,38.4903],[141.0809,38.4903],[141.081,38.4904],[141.0814,38.4903],[141.0816,38.4903],[141.0818,38.4903],[141.0818,38.4903],[141.0818,38.4905],[141.0818,38.4907],[141.0818,38.4908],[141.0819,38.4909],[141.0819,38.491],[141.0819,38.491],[141.0819,38.4912],[141.0819,38.4913],[141.0819,38.4913],[141.0819,38.4914],[141.082,38.4914],[141.082,38.4915],[141.0822,38.4921],[141.0822,38.4922],[141.0822,38.4922],[141.0822,38.4923],[141.0822,38.4923],[141.0822,38.4924],[141.0823,38.4924],[141.0823,38.4924],[141.0825,38.4925],[141.0826,38.4926],[141.0827,38.4926],[141.0827,38.4926],[141.0826,38.4925],[141.0826,38.4925],[141.0827,38.4924],[141.0827,38.4924],[141.0828,38.4923],[141.0829,38.4923],[141.0829,38.4923],[141.083,38.4923],[141.083,38.4922],[141.083,38.4922],[141.083,38.4921],[141.0831,38.4921],[141.0831,38.492],[141.0831,38.4919],[141.0831,38.4919],[141.0831,38.4918],[141.0833,38.4917],[141.0833,38.4916],[141.0834,38.4916],[141.0834,38.4915],[141.0834,38.4915],[141.0835,38.4915],[141.0835,38.4915],[141.0836,38.4914],[141.0837,38.4913],[141.0838,38.4912],[141.0838,38.4911],[141.0838,38.4911],[141.0837,38.4911],[141.0837,38.4911],[141.0839,38.491],[141.084,38.491],[141.0841,38.4909],[141.0842,38.4907],[141.0843,38.4907],[141.0844,38.4907],[141.0844,38.4906],[141.0844,38.4905],[141.0845,38.4905],[141.0845,38.4904],[141.0846,38.4904],[141.0846,38.4903],[141.0846,38.4902],[141.0847,38.4902],[141.0847,38.4902],[141.0848,38.4902],[141.0848,38.4901],[141.0848,38.4901],[141.0849,38.49],[141.085,38.4899],[141.0852,38.4894],[141.0855,38.4891],[141.0857,38.489],[141.086,38.4889],[141.0861,38.489],[141.0863,38.489],[141.0866,38.4893],[141.0867,38.4894],[141.0872,38.4894],[141.0876,38.4896],[141.0878,38.4898],[141.088,38.4899],[141.0881,38.49],[141.0881,38.4901],[141.0881,38.4902],[141.088,38.4902],[141.0879,38.4902],[141.0878,38.4902],[141.0877,38.4902],[141.0875,38.4902],[141.0874,38.4903],[141.0874,38.4903],[141.0872,38.4902],[141.0871,38.4902],[141.087,38.4902],[141.0868,38.4903],[141.0864,38.4903],[141.0861,38.4905],[141.0857,38.4907],[141.0852,38.491],[141.085,38.491],[141.0849,38.491],[141.085,38.4912],[141.085,38.4912],[141.0851,38.4912],[141.0851,38.4912],[141.0852,38.4912],[141.0853,38.4911],[141.0855,38.491],[141.0857,38.491],[141.0858,38.4909],[141.086,38.4909],[141.0861,38.4908],[141.0862,38.4908],[141.0863,38.4907],[141.0863,38.4906],[141.0864,38.4906],[141.0866,38.4906],[141.0867,38.4906],[141.0868,38.4907],[141.0868,38.4907],[141.0868,38.4907],[141.0868,38.4907],[141.0869,38.4907],[141.087,38.4906],[141.087,38.4906],[141.0872,38.4906],[141.0873,38.4906],[141.0876,38.4906],[141.0876,38.4906],[141.0878,38.4906],[141.0878,38.4906],[141.0878,38.4906],[141.088,38.4907],[141.088,38.4907],[141.088,38.4907],[141.0882,38.4907],[141.0883,38.4907],[141.0887,38.4908],[141.0889,38.4908],[141.089,38.4907],[141.0894,38.49],[141.0895,38.49],[141.0896,38.49],[141.0897,38.49],[141.0898,38.49],[141.0898,38.4899],[141.0899,38.4899],[141.0899,38.4899],[141.0899,38.4898],[141.0899,38.4897],[141.0899,38.4897],[141.0899,38.4897],[141.09,38.4897],[141.09,38.4897],[141.0901,38.4897],[141.0901,38.4898],[141.0901,38.4898],[141.0903,38.4898],[141.0903,38.4898],[141.0903,38.4898],[141.0904,38.4898],[141.0905,38.4898],[141.0905,38.4898],[141.0906,38.4898],[141.0906,38.4898],[141.0907,38.4897],[141.0908,38.4897],[141.0909,38.4896],[141.091,38.4896],[141.091,38.4896],[141.091,38.4896],[141.0911,38.4895],[141.0911,38.4896],[141.0911,38.4896],[141.0914,38.4897],[141.0915,38.4898],[141.0915,38.4898],[141.0916,38.4899],[141.0917,38.4899],[141.0918,38.4899],[141.0919,38.4899],[141.092,38.4899],[141.0921,38.49],[141.0921,38.4901],[141.0921,38.4902],[141.0921,38.4902],[141.0918,38.4905],[141.0917,38.4906],[141.0917,38.4907],[141.0917,38.4907],[141.0917,38.4908],[141.0916,38.4909],[141.0916,38.491],[141.0917,38.4912],[141.0919,38.4914],[141.092,38.4915],[141.092,38.4915],[141.0922,38.4916],[141.0925,38.4918],[141.0927,38.492],[141.0928,38.4921],[141.0928,38.4922],[141.093,38.4922],[141.093,38.4924],[141.0931,38.4926],[141.0931,38.4928],[141.0931,38.4928],[141.0931,38.4929],[141.0931,38.493],[141.093,38.4931],[141.093,38.4933],[141.093,38.4936],[141.0929,38.4938],[141.0928,38.494],[141.0928,38.4941],[141.0928,38.4942],[141.0928,38.4944],[141.0928,38.4944],[141.0929,38.4945],[141.0929,38.4945],[141.093,38.4946],[141.0931,38.4946],[141.0932,38.4947],[141.0933,38.4947],[141.0935,38.4948],[141.0935,38.4949],[141.0936,38.4949],[141.0936,38.4951],[141.0936,38.4952],[141.0936,38.4951],[141.0937,38.4951],[141.0938,38.4951],[141.0939,38.495],[141.094,38.495],[141.0942,38.4948],[141.0944,38.4948],[141.0944,38.4949],[141.0947,38.495],[141.0946,38.4954],[141.0946,38.4955],[141.0946,38.4956],[141.0946,38.4957],[141.0946,38.4957],[141.0945,38.4958],[141.0945,38.4959],[141.0947,38.4959],[141.095,38.4958],[141.0951,38.4958],[141.0953,38.4958],[141.0955,38.4958],[141.0958,38.4957],[141.0958,38.4956],[141.0959,38.4956],[141.096,38.4956],[141.096,38.4956],[141.0963,38.4955],[141.0964,38.4955],[141.0964,38.4955],[141.0964,38.4955],[141.0967,38.4956],[141.0969,38.4956],[141.097,38.4956],[141.0971,38.4956],[141.0972,38.4956],[141.0973,38.4956],[141.0973,38.4957],[141.0974,38.4957],[141.0975,38.4957],[141.0976,38.4956],[141.0976,38.4956],[141.0977,38.4956],[141.0977,38.4957],[141.0978,38.4956],[141.0979,38.4956],[141.0979,38.4956],[141.098,38.4956],[141.0981,38.4955],[141.0981,38.4955],[141.0982,38.4954],[141.0982,38.4954],[141.0983,38.4954],[141.0983,38.4953],[141.0984,38.4953],[141.0984,38.4952],[141.0986,38.4951],[141.0987,38.495],[141.0987,38.4949],[141.0987,38.4949],[141.0988,38.4948],[141.0991,38.4947],[141.0993,38.4947],[141.0993,38.4947],[141.0996,38.4947],[141.0997,38.4947],[141.0999,38.4946],[141.0999,38.4946],[141.1001,38.4946],[141.1002,38.4946],[141.1003,38.4946],[141.1003,38.4946],[141.1005,38.4946],[141.1006,38.4945],[141.1007,38.4945],[141.1007,38.4945],[141.1008,38.4946],[141.1009,38.4946],[141.101,38.4946],[141.1011,38.4945],[141.1012,38.4945],[141.1014,38.4945],[141.1018,38.4947],[141.1019,38.4947],[141.102,38.4947],[141.1021,38.4947],[141.1024,38.4947],[141.1025,38.4947],[141.1026,38.4947],[141.1027,38.4947],[141.1028,38.4947],[141.1029,38.4948],[141.1031,38.495],[141.1031,38.4951],[141.1031,38.4951],[141.1032,38.4951],[141.1032,38.4952],[141.1033,38.4952],[141.1033,38.4952],[141.1033,38.4953],[141.1033,38.4954],[141.1034,38.4954],[141.1034,38.4955],[141.1034,38.4955],[141.1036,38.4956],[141.1037,38.4956],[141.1038,38.4956],[141.104,38.4956],[141.1041,38.4956],[141.1043,38.4957],[141.1043,38.4957],[141.1044,38.4957],[141.1044,38.4957],[141.1045,38.4958],[141.1046,38.4958],[141.1048,38.4959],[141.1049,38.4959],[141.105,38.4959],[141.1052,38.4959],[141.1052,38.4959],[141.1052,38.4958],[141.1052,38.4957]]]]},"properties":{"type":"04215","name":"04"}},{"type":"Feature","geometry":{"type":"Polygon","coordinates":[[[140.9332,38.5163],[140.9332,38.5163],[140.9332,38.5163],[140.9332,38.5163],[140.9329,38.5164],[140.9326,38.5164],[140.9326,38.5164],[140.9326,38.5164],[140.9324,38.5165],[140.9323,38.5165],[140.9322,38.5165],[140.9321,38.5165],[140.932,38.5165],[140.9319,38.5165],[140.9319,38.5165],[140.9318,38.5165],[140.9317,38.5166],[140.9316,38.5166],[140.9316,38.5166],[140.9316,38.5167],[140.9316,38.5168],[140.9316,38.5168],[140.9316,38.5168],[140.9316,38.5168],[140.9316,38.5168],[140.9316,38.5168],[140.9315,38.5168],[140.9315,38.5169],[140.9315,38.517],[140.9315,38.517],[140.9315,38.5171],[140.9315,38.5171],[140.9315,38.5171],[140.9316,38.5172],[140.9316,38.5172],[140.9316,38.5173],[140.9317,38.5174],[140.9316,38.5175],[140.9315,38.5175],[140.9315,38.5175],[140.9315,38.5176],[140.9317,38.5177],[140.9317,38.5177],[140.9317,38.5177],[140.9316,38.5178],[140.9316,38.5178],[140.9316,38.5178],[140.9316,38.5179],[140.9315,38.5179],[140.9313,38.5182],[140.9313,38.5182],[140.9313,38.5183],[140.9317,38.5182],[140.9317,38.5183],[140.9317,38.5183],[140.9318,38.519],[140.9319,38.5193],[140.932,38.5195],[140.932,38.5196],[140.9321,38.5201],[140.9322,38.5201],[140.9334,38.5199],[140.9335,38.5199],[140.9338,38.5198],[140.934,38.5198],[140.9348,38.5197],[140.9355,38.5196],[140.9357,38.5196],[140.9357,38.5196],[140.9359,38.5196],[140.9363,38.5196],[140.9366,38.5197],[140.9368,38.5197],[140.9368,38.5196],[140.9368,38.5196],[140.9368,38.5196],[140.9367,38.5195],[140.9367,38.5195],[140.9367,38.5194],[140.9367,38.5194],[140.9366,38.5192],[140.9366,38.5192],[140.9365,38.5191],[140.9364,38.519],[140.9363,38.5189],[140.9362,38.5189],[140.9362,38.5188],[140.9361,38.5188],[140.9361,38.5187],[140.936,38.5187],[140.936,38.5186],[140.936,38.5186],[140.9359,38.5186],[140.9359,38.5185],[140.9359,38.5185],[140.9359,38.5185],[140.9358,38.5183],[140.9358,38.5182],[140.9357,38.5181],[140.9357,38.518],[140.9357,38.518],[140.9357,38.518],[140.9356,38.5179],[140.9356,38.5178],[140.9356,38.5178],[140.9356,38.5177],[140.9356,38.5177],[140.9356,38.5176],[140.9356,38.5176],[140.9356,38.5176],[140.9356,38.5175],[140.9356,38.5175],[140.9357,38.5175],[140.9357,38.5174],[140.9358,38.5172],[140.9359,38.5171],[140.9359,38.5171],[140.9359,38.5171],[140.9359,38.5171],[140.9359,38.5171],[140.9359,38.517],[140.936,38.5169],[140.936,38.5169],[140.9359,38.5169],[140.9359,38.5168],[140.9359,38.5168],[140.9358,38.5168],[140.9357,38.5167],[140.9356,38.5167],[140.9355,38.5167],[140.9355,38.5168],[140.9355,38.5168],[140.9354,38.5168],[140.9353,38.5168],[140.9353,38.5168],[140.9353,38.5168],[140.9352,38.5168],[140.9352,38.5168],[140.9349,38.5169],[140.9349,38.5169],[140.9348,38.5169],[140.9348,38.5169],[140.9348,38.5169],[140.9348,38.5169],[140.9347,38.5169],[140.9346,38.5168],[140.9346,38.5169],[140.9346,38.5169],[140.9345,38.5169],[140.9345,38.5169],[140.9344,38.517],[140.9344,38.517],[140.9344,38.5169],[140.9344,38.5169],[140.9343,38.5169],[140.9343,38.5169],[140.9343,38.5169],[140.9342,38.5169],[140.9342,38.5168],[140.9342,38.5168],[140.9342,38.5168],[140.9341,38.5168],[140.9339,38.5169],[140.9339,38.5169],[140.9338,38.5169],[140.9338,38.5169],[140.9337,38.5169],[140.9337,38.5169],[140.9336,38.5169],[140.9336,38.5169],[140.9336,38.5169],[140.9336,38.5169],[140.9335,38.5168],[140.9335,38.5167],[140.9333,38.5165],[140.9332,38.5163],[140.9332,38.5163]]]},"properties":{"type":"04215","name":"04"}},{"type":"Feature","geometry":{"type":"Polygon","coordinates":[[[140.8626,38.6607],[140.8626,38.6607],[140.8624,38.6609],[140.8623,38.6609],[140.8622,38.6611],[140.8621,38.6612],[140.8619,38.6613],[140.8619,38.6613],[140.8619,38.6614],[140.8618,38.6614],[140.8618,38.6614],[140.8617,38.6615],[140.8617,38.6615],[140.8616,38.6616],[140.8618,38.6617],[140.8618,38.6617],[140.8619,38.6617],[140.8619,38.6617],[140.8619,38.6617],[140.8619,38.6617],[140.862,38.6618],[140.862,38.6618],[140.8621,38.6618],[140.8622,38.6619],[140.8622,38.6619],[140.8623,38.6619],[140.8624,38.662],[140.8624,38.6621],[140.8625,38.6621],[140.8626,38.6622],[140.8626,38.6622],[140.8627,38.6623],[140.8627,38.6623],[140.8628,38.6623],[140.8628,38.6623],[140.8631,38.6623],[140.8635,38.6623],[140.8639,38.6623],[140.8644,38.6623],[140.8646,38.6625],[140.8647,38.6624],[140.8647,38.6625],[140.8648,38.6624],[140.8648,38.6624],[140.8649,38.6623],[140.865,38.6623],[140.865,38.6622],[140.8651,38.6622],[140.8658,38.6617],[140.8662,38.6614],[140.8664,38.6613],[140.8668,38.661],[140.867,38.6609],[140.8672,38.6607],[140.8673,38.6606],[140.8674,38.6604],[140.8676,38.6602],[140.8678,38.6601],[140.8679,38.66],[140.8682,38.6596],[140.8688,38.659],[140.8692,38.6585],[140.8692,38.6585],[140.8693,38.6584],[140.8693,38.6584],[140.8694,38.6583],[140.8694,38.6583],[140.8695,38.6582],[140.8698,38.6579],[140.8701,38.6575],[140.8704,38.6571],[140.8707,38.6568],[140.871,38.6565],[140.871,38.6565],[140.8714,38.6561],[140.8718,38.6556],[140.872,38.6554],[140.8721,38.6552],[140.8722,38.6552],[140.8723,38.6551],[140.8723,38.655],[140.8724,38.655],[140.8725,38.6549],[140.8725,38.6549],[140.8726,38.6549],[140.8727,38.6548],[140.8727,38.6548],[140.8728,38.6548],[140.8728,38.6548],[140.8728,38.6548],[140.8728,38.6547],[140.8728,38.6547],[140.8726,38.6548],[140.8725,38.6548],[140.8724,38.6548],[140.8724,38.6548],[140.8723,38.6548],[140.8722,38.6547],[140.8721,38.6548],[140.8718,38.6548],[140.8717,38.6545],[140.8717,38.6545],[140.8716,38.6541],[140.8715,38.6537],[140.8716,38.6537],[140.8716,38.6536],[140.8714,38.6535],[140.8715,38.6532],[140.8713,38.6532],[140.8711,38.6532],[140.8721,38.6519],[140.873,38.6509],[140.8732,38.6505],[140.8734,38.6506],[140.8735,38.6506],[140.8737,38.6506],[140.8739,38.6507],[140.874,38.6507],[140.8742,38.6507],[140.8747,38.651],[140.875,38.6511],[140.8752,38.6512],[140.8756,38.6513],[140.8749,38.6519],[140.8746,38.6521],[140.8757,38.6528],[140.8758,38.6528],[140.8759,38.6528],[140.876,38.6528],[140.8761,38.6528],[140.8767,38.6524],[140.8771,38.652],[140.8775,38.6518],[140.8779,38.6517],[140.8779,38.6516],[140.8779,38.6516],[140.8779,38.6516],[140.8779,38.6516],[140.878,38.6516],[140.878,38.6516],[140.8779,38.6515],[140.8779,38.6515],[140.8776,38.6512],[140.8776,38.6512],[140.8775,38.6511],[140.8777,38.6509],[140.8777,38.6509],[140.8777,38.6508],[140.8777,38.6508],[140.8776,38.6506],[140.8776,38.6506],[140.8773,38.6504],[140.8773,38.6504],[140.8771,38.6502],[140.8771,38.6502],[140.8771,38.6502],[140.8772,38.6502],[140.8772,38.6502],[140.8768,38.6498],[140.8767,38.6497],[140.8767,38.6497],[140.877,38.6495],[140.877,38.6495],[140.8771,38.6495],[140.8769,38.6488],[140.8767,38.6481],[140.8767,38.6476],[140.8768,38.6468],[140.8767,38.6467],[140.8765,38.6466],[140.8765,38.6466],[140.8763,38.6465],[140.8763,38.6466],[140.8763,38.6466],[140.8761,38.6467],[140.876,38.6468],[140.876,38.6469],[140.8759,38.647],[140.8757,38.6472],[140.8756,38.6473],[140.8755,38.6473],[140.8755,38.6473],[140.8753,38.6471],[140.8751,38.6469],[140.8748,38.647],[140.8748,38.6471],[140.8748,38.6471],[140.8748,38.6471],[140.8748,38.6471],[140.8747,38.6471],[140.8747,38.6471],[140.8747,38.6471],[140.8747,38.6471],[140.8747,38.6471],[140.8747,38.6471],[140.8747,38.6471],[140.8747,38.6471],[140.8746,38.6471],[140.8746,38.6471],[140.8746,38.6471],[140.8745,38.6471],[140.8745,38.6471],[140.8745,38.6471],[140.8743,38.6471],[140.8743,38.6471],[140.8742,38.6471],[140.8742,38.6471],[140.8741,38.6471],[140.8741,38.6471],[140.874,38.6471],[140.8739,38.6471],[140.8739,38.6472],[140.8738,38.6472],[140.8738,38.6472],[140.8737,38.6472],[140.8737,38.6472],[140.8737,38.6473],[140.8736,38.6473],[140.8734,38.6475],[140.8734,38.6475],[140.8734,38.6475],[140.8732,38.6477],[140.8731,38.6477],[140.8731,38.6477],[140.873,38.6479],[140.873,38.6478],[140.8729,38.6479],[140.8729,38.6479],[140.8729,38.6479],[140.8728,38.6479],[140.8728,38.6479],[140.8728,38.648],[140.8728,38.648],[140.8727,38.648],[140.8726,38.648],[140.8726,38.648],[140.8725,38.6481],[140.8724,38.6481],[140.8723,38.6481],[140.8722,38.6481],[140.8721,38.6481],[140.872,38.6482],[140.8719,38.6482],[140.8718,38.6482],[140.8717,38.6482],[140.8716,38.6482],[140.8716,38.6482],[140.8715,38.6482],[140.8713,38.6482],[140.871,38.6482],[140.8709,38.6482],[140.8709,38.6482],[140.8708,38.6482],[140.8707,38.6482],[140.8703,38.6482],[140.8701,38.6482],[140.8699,38.6482],[140.87,38.648],[140.8697,38.648],[140.8693,38.6479],[140.8692,38.6479],[140.8692,38.6479],[140.8692,38.6478],[140.8692,38.6477],[140.8692,38.6477],[140.8692,38.6476],[140.8692,38.6475],[140.8692,38.6474],[140.8693,38.6474],[140.8693,38.6474],[140.8693,38.6473],[140.8693,38.6473],[140.8693,38.6472],[140.8693,38.6471],[140.8693,38.6471],[140.8693,38.647],[140.8693,38.6469],[140.8693,38.6468],[140.8694,38.6466],[140.8694,38.6466],[140.8694,38.6466],[140.8694,38.6463],[140.8695,38.6463],[140.8695,38.6462],[140.8695,38.6459],[140.8696,38.6458],[140.8696,38.6458],[140.8695,38.6458],[140.8695,38.6458],[140.8696,38.6457],[140.8696,38.6456],[140.8695,38.6456],[140.8695,38.6456],[140.8694,38.6456],[140.8689,38.6457],[140.8689,38.6457],[140.8688,38.6457],[140.8686,38.6456],[140.8686,38.6457],[140.8685,38.6457],[140.8684,38.6457],[140.8684,38.6457],[140.8682,38.6457],[140.8681,38.6458],[140.8681,38.6461],[140.868,38.6462],[140.8679,38.6467],[140.8677,38.6467],[140.8673,38.6467],[140.8673,38.6467],[140.8673,38.6468],[140.8673,38.6469],[140.8672,38.647],[140.8672,38.6471],[140.8672,38.6472],[140.8671,38.6472],[140.8671,38.6472],[140.867,38.6473],[140.867,38.6474],[140.8667,38.6476],[140.8665,38.6478],[140.8663,38.6479],[140.8663,38.648],[140.8662,38.648],[140.8661,38.6481],[140.8661,38.6482],[140.866,38.6482],[140.8659,38.6483],[140.8659,38.6484],[140.8658,38.6484],[140.8658,38.6484],[140.8658,38.6485],[140.8657,38.6485],[140.8657,38.6486],[140.8657,38.6486],[140.8657,38.6486],[140.8655,38.6487],[140.8655,38.6488],[140.8654,38.6488],[140.8654,38.6489],[140.8654,38.6489],[140.8653,38.6489],[140.8653,38.6489],[140.8652,38.649],[140.8652,38.649],[140.8651,38.649],[140.8651,38.649],[140.8651,38.6491],[140.8646,38.6493],[140.864,38.6495],[140.8638,38.6496],[140.8635,38.6497],[140.8634,38.6497],[140.8634,38.6497],[140.863,38.6499],[140.8628,38.65],[140.8626,38.65],[140.8624,38.6501],[140.8622,38.6501],[140.8621,38.6502],[140.862,38.6503],[140.8619,38.6503],[140.8618,38.6504],[140.8618,38.6505],[140.8617,38.6505],[140.8617,38.6507],[140.8617,38.6509],[140.8616,38.651],[140.8614,38.6513],[140.8618,38.6512],[140.8619,38.6515],[140.8619,38.6516],[140.8619,38.6518],[140.8621,38.6518],[140.8621,38.6521],[140.862,38.6521],[140.8621,38.6523],[140.8621,38.6525],[140.8621,38.6528],[140.8621,38.6528],[140.8624,38.6527],[140.863,38.6525],[140.8632,38.6524],[140.8634,38.6524],[140.8635,38.6524],[140.8635,38.6524],[140.8636,38.6524],[140.8637,38.6524],[140.8637,38.6524],[140.8638,38.6524],[140.8639,38.6524],[140.8642,38.6524],[140.8642,38.6524],[140.8642,38.6524],[140.8642,38.6527],[140.8642,38.6528],[140.8643,38.6529],[140.8643,38.6531],[140.8643,38.6532],[140.8643,38.6533],[140.8643,38.6535],[140.8644,38.6539],[140.8644,38.654],[140.8644,38.6541],[140.8644,38.6542],[140.8645,38.6544],[140.8645,38.6544],[140.8645,38.6547],[140.8645,38.6548],[140.8646,38.655],[140.8646,38.6553],[140.8646,38.6555],[140.8646,38.6555],[140.8646,38.6556],[140.8647,38.6558],[140.8646,38.6558],[140.8646,38.6559],[140.8646,38.6559],[140.8646,38.6559],[140.8645,38.656],[140.8645,38.6561],[140.8645,38.6561],[140.8645,38.6561],[140.8644,38.6562],[140.8644,38.6562],[140.8644,38.6563],[140.8644,38.6563],[140.8643,38.6563],[140.8643,38.6563],[140.8642,38.6564],[140.8642,38.6564],[140.8642,38.6564],[140.8642,38.6565],[140.8641,38.6565],[140.8641,38.6565],[140.864,38.6566],[140.8639,38.6567],[140.8638,38.6567],[140.8638,38.6567],[140.8637,38.6568],[140.8636,38.6568],[140.8635,38.6569],[140.8635,38.6569],[140.8634,38.657],[140.8633,38.657],[140.8631,38.657],[140.8629,38.6572],[140.8628,38.6572],[140.8627,38.6572],[140.8627,38.6572],[140.8626,38.6572],[140.8625,38.6573],[140.8625,38.6573],[140.8622,38.6574],[140.8621,38.6575],[140.862,38.6576],[140.862,38.6576],[140.8618,38.6577],[140.8615,38.6579],[140.8615,38.658],[140.8614,38.6581],[140.8613,38.6582],[140.8611,38.6583],[140.861,38.6585],[140.8609,38.6586],[140.8608,38.6587],[140.8607,38.6589],[140.8607,38.6589],[140.8609,38.6591],[140.8609,38.6591],[140.861,38.6591],[140.861,38.6591],[140.8611,38.6592],[140.8611,38.6592],[140.8612,38.6592],[140.8612,38.6593],[140.8614,38.6594],[140.8614,38.6594],[140.8614,38.6594],[140.8615,38.6594],[140.8615,38.6595],[140.8616,38.6595],[140.8616,38.6596],[140.8617,38.6596],[140.8617,38.6597],[140.8618,38.6597],[140.8619,38.6598],[140.8619,38.6598],[140.8619,38.6599],[140.862,38.6601],[140.8621,38.6602],[140.8622,38.6602],[140.8622,38.6603],[140.8623,38.6604],[140.8623,38.6604],[140.8624,38.6605],[140.8625,38.6606],[140.8626,38.6607],[140.8626,38.6607],[140.8626,38.6607]]]},"properties":{"type":"04215","name":"04"}},{"type":"Feature","geometry":{"type":"MultiPolygon","coordinates":[[[[140.9466,38.5259],[140.9466,38.5257],[140.9469,38.5257],[140.9469,38.5257],[140.9469,38.5255],[140.9469,38.5254],[140.9469,38.5253],[140.9469,38.5252],[140.947,38.5252],[140.947,38.5252],[140.947,38.5252],[140.947,38.5252],[140.947,38.5252],[140.947,38.5252],[140.9471,38.525],[140.9471,38.525],[140.9472,38.525],[140.9473,38.525],[140.9473,38.525],[140.9474,38.5249],[140.9475,38.5249],[140.9476,38.5248],[140.9477,38.5248],[140.9477,38.5247],[140.9478,38.5246],[140.9479,38.5246],[140.9479,38.5245],[140.9479,38.5245],[140.9479,38.5245],[140.9479,38.5244],[140.9479,38.5244],[140.9478,38.5243],[140.9478,38.5243],[140.9478,38.5243],[140.9476,38.5242],[140.9476,38.5242],[140.9477,38.5242],[140.9479,38.5242],[140.948,38.5242],[140.9482,38.5242],[140.9483,38.5242],[140.9485,38.5242],[140.9485,38.5242],[140.9485,38.5242],[140.9486,38.5241],[140.9486,38.5241],[140.9485,38.524],[140.9485,38.524],[140.9483,38.524],[140.9482,38.524],[140.9481,38.524],[140.9479,38.5239],[140.9481,38.5236],[140.9484,38.5237],[140.9485,38.5237],[140.9486,38.5237],[140.9486,38.5236],[140.9486,38.5236],[140.9487,38.5236],[140.9487,38.5235],[140.9487,38.5235],[140.9487,38.5235],[140.9486,38.5234],[140.9485,38.5234],[140.9485,38.5234],[140.9484,38.5233],[140.9484,38.5233],[140.9484,38.5233],[140.9484,38.5232],[140.9484,38.5231],[140.9484,38.523],[140.9484,38.5229],[140.9484,38.5228],[140.9484,38.5227],[140.9485,38.5226],[140.9485,38.5225],[140.9485,38.5225],[140.9485,38.5224],[140.9484,38.5223],[140.9484,38.5222],[140.9483,38.522],[140.9483,38.522],[140.9482,38.5219],[140.9481,38.5218],[140.9481,38.5218],[140.948,38.5216],[140.9479,38.5217],[140.9479,38.5218],[140.9479,38.5218],[140.9479,38.5219],[140.948,38.522],[140.948,38.5221],[140.9481,38.5222],[140.9481,38.5223],[140.9481,38.5223],[140.9481,38.5224],[140.9481,38.5224],[140.9481,38.5225],[140.9481,38.5225],[140.948,38.5226],[140.948,38.5226],[140.9479,38.5227],[140.9479,38.5228],[140.9479,38.5228],[140.9479,38.5229],[140.9478,38.5232],[140.9478,38.5233],[140.9476,38.5235],[140.9475,38.5236],[140.9474,38.5238],[140.9473,38.5239],[140.9472,38.524],[140.947,38.5241],[140.9469,38.5243],[140.9468,38.5244],[140.9467,38.5244],[140.9465,38.5246],[140.9463,38.5245],[140.9462,38.5245],[140.946,38.5244],[140.9457,38.5243],[140.9452,38.524],[140.9452,38.5239],[140.9452,38.5239],[140.9451,38.5237],[140.9449,38.5234],[140.9447,38.5234],[140.9444,38.5231],[140.9435,38.5231],[140.9435,38.5233],[140.9431,38.5233],[140.943,38.5233],[140.943,38.5233],[140.9429,38.5233],[140.9429,38.5234],[140.9428,38.5232],[140.9428,38.5232],[140.9428,38.5231],[140.9428,38.523],[140.9428,38.523],[140.9428,38.5229],[140.9429,38.5228],[140.9429,38.5228],[140.9429,38.5227],[140.9428,38.5227],[140.9425,38.5226],[140.9418,38.5221],[140.9414,38.5224],[140.9411,38.5221],[140.9409,38.5218],[140.9408,38.5219],[140.9407,38.522],[140.9407,38.5221],[140.9406,38.5222],[140.9406,38.5223],[140.9406,38.5223],[140.9406,38.5223],[140.9405,38.5223],[140.9405,38.5223],[140.9404,38.5223],[140.9403,38.5223],[140.9403,38.5223],[140.9403,38.5223],[140.9402,38.5222],[140.9402,38.5222],[140.9401,38.5223],[140.9401,38.5223],[140.9401,38.5223],[140.9401,38.5225],[140.9401,38.5225],[140.9402,38.5226],[140.9402,38.5228],[140.9402,38.523],[140.9402,38.5231],[140.9402,38.5231],[140.9402,38.5233],[140.9402,38.5233],[140.9402,38.5235],[140.9402,38.5235],[140.9402,38.5242],[140.9402,38.5244],[140.9402,38.5244],[140.9403,38.5244],[140.9407,38.5246],[140.9407,38.5246],[140.9408,38.5246],[140.9409,38.5247],[140.9411,38.5248],[140.9415,38.5249],[140.9417,38.525],[140.9419,38.5251],[140.9421,38.5252],[140.9424,38.5254],[140.9426,38.5255],[140.9427,38.5256],[140.9429,38.5257],[140.9431,38.5258],[140.9432,38.5258],[140.9434,38.5259],[140.9436,38.5259],[140.9438,38.5259],[140.944,38.526],[140.9443,38.526],[140.9447,38.526],[140.9449,38.5261],[140.9451,38.5261],[140.9453,38.5261],[140.9456,38.526],[140.9458,38.526],[140.946,38.526],[140.9461,38.526],[140.9465,38.5259],[140.9466,38.5259]]],[[[140.9489,38.5275],[140.9488,38.5275],[140.9488,38.5274],[140.9485,38.5274],[140.9483,38.5273],[140.948,38.5273],[140.9474,38.5273],[140.9471,38.5273],[140.9465,38.5274],[140.9457,38.5274],[140.9454,38.5274],[140.9453,38.5274],[140.9448,38.5274],[140.9444,38.5274],[140.9442,38.5274],[140.9439,38.5274],[140.9435,38.5273],[140.9431,38.5273],[140.9426,38.5271],[140.9423,38.527],[140.9422,38.527],[140.9419,38.527],[140.9419,38.5269],[140.9415,38.5269],[140.941,38.5267],[140.9408,38.5266],[140.9408,38.5266],[140.9406,38.5265],[140.9405,38.5265],[140.9403,38.5264],[140.9402,38.5264],[140.9402,38.5264],[140.9402,38.5265],[140.9402,38.5267],[140.9402,38.5268],[140.9402,38.5269],[140.9402,38.527],[140.9402,38.5271],[140.9402,38.5271],[140.9402,38.5272],[140.9402,38.5272],[140.9402,38.5273],[140.9403,38.5278],[140.9403,38.5278],[140.9404,38.5279],[140.9404,38.528],[140.9404,38.528],[140.9404,38.5281],[140.9405,38.5282],[140.9405,38.5283],[140.9405,38.5283],[140.9406,38.5284],[140.9406,38.5284],[140.9406,38.5285],[140.9406,38.5286],[140.9407,38.5286],[140.9408,38.5288],[140.9408,38.5289],[140.9409,38.529],[140.9409,38.5291],[140.941,38.5291],[140.941,38.5292],[140.9411,38.5293],[140.9412,38.5295],[140.9413,38.5296],[140.9413,38.5296],[140.9417,38.53],[140.9419,38.5302],[140.9419,38.5302],[140.9421,38.5304],[140.9422,38.5305],[140.9424,38.5306],[140.9425,38.5307],[140.9426,38.5308],[140.9428,38.531],[140.9429,38.5311],[140.9433,38.5314],[140.9434,38.5315],[140.9435,38.5316],[140.9436,38.5316],[140.9438,38.5319],[140.9439,38.5319],[140.9439,38.5319],[140.9439,38.5319],[140.9441,38.5321],[140.9441,38.5321],[140.9445,38.5325],[140.9446,38.5326],[140.9449,38.5329],[140.945,38.5329],[140.945,38.533],[140.9451,38.533],[140.9453,38.533],[140.9455,38.533],[140.9456,38.5329],[140.9458,38.5329],[140.946,38.5329],[140.9463,38.5329],[140.9465,38.5329],[140.9465,38.533],[140.9484,38.5329],[140.9484,38.5327],[140.9483,38.5326],[140.9482,38.5315],[140.9481,38.5312],[140.9481,38.5312],[140.9481,38.5312],[140.9481,38.5308],[140.95,38.5306],[140.9501,38.5306],[140.9507,38.5306],[140.9507,38.5306],[140.952,38.5304],[140.9521,38.5302],[140.9521,38.5302],[140.9521,38.5301],[140.9521,38.5301],[140.9519,38.53],[140.9518,38.53],[140.9516,38.5299],[140.9515,38.5298],[140.9514,38.5298],[140.9514,38.5298],[140.9514,38.5298],[140.9513,38.5294],[140.9512,38.529],[140.9512,38.5288],[140.9511,38.5284],[140.951,38.5282],[140.951,38.5282],[140.9508,38.5283],[140.9506,38.5283],[140.9505,38.5283],[140.9503,38.5283],[140.9503,38.5283],[140.9502,38.5283],[140.9501,38.5283],[140.9501,38.5283],[140.95,38.5283],[140.95,38.5283],[140.9499,38.5283],[140.9499,38.5283],[140.9498,38.5283],[140.9495,38.5284],[140.9495,38.5283],[140.9495,38.5283],[140.9495,38.5281],[140.9495,38.5281],[140.9494,38.5278],[140.9494,38.5277],[140.9493,38.5276],[140.9493,38.5275],[140.9493,38.5275],[140.9493,38.5275],[140.9491,38.5275],[140.949,38.5275],[140.9489,38.5275]]]]},"properties":{"type":"04215","name":"04"}},{"type":"Feature","geometry":{"type":"MultiPolygon","coordinates":[[[[140.9447,38.5759],[140.9447,38.5759],[140.9447,38.5758],[140.9448,38.5755],[140.9448,38.5755],[140.9448,38.5754],[140.9449,38.5752],[140.9449,38.5751],[140.9449,38.575],[140.9449,38.5749],[140.9449,38.5748],[140.945,38.5743],[140.945,38.5743],[140.945,38.5743],[140.945,38.5743],[140.9451,38.5743],[140.9451,38.5742],[140.9451,38.574],[140.9452,38.5737],[140.9452,38.5735],[140.9452,38.5734],[140.9452,38.5732],[140.9453,38.5731],[140.9453,38.5731],[140.9453,38.573],[140.9453,38.5727],[140.9453,38.5727],[140.9453,38.5725],[140.9447,38.5725],[140.9447,38.5723],[140.9447,38.5723],[140.9447,38.5722],[140.9446,38.5721],[140.9446,38.5721],[140.9446,38.5721],[140.9446,38.5721],[140.9446,38.572],[140.9446,38.572],[140.9446,38.572],[140.9446,38.572],[140.9447,38.5719],[140.9447,38.5718],[140.9447,38.5718],[140.9448,38.5713],[140.9448,38.5713],[140.9449,38.5708],[140.9449,38.5708],[140.9449,38.5705],[140.9449,38.5705],[140.945,38.5699],[140.945,38.5699],[140.9451,38.5697],[140.9451,38.5694],[140.9452,38.5691],[140.9452,38.5689],[140.9452,38.5689],[140.9452,38.5686],[140.9453,38.5684],[140.9453,38.568],[140.9454,38.568],[140.9454,38.5677],[140.946,38.5677],[140.9461,38.5673],[140.9462,38.5674],[140.9462,38.5673],[140.9462,38.567],[140.9462,38.5669],[140.9463,38.5668],[140.9463,38.5664],[140.9463,38.5663],[140.9464,38.5662],[140.9465,38.5656],[140.9465,38.5656],[140.9465,38.5655],[140.9465,38.5652],[140.9463,38.5651],[140.9465,38.5641],[140.9467,38.5631],[140.9469,38.5618],[140.9457,38.5617],[140.9458,38.5612],[140.9458,38.5611],[140.9458,38.5609],[140.946,38.5598],[140.946,38.5598],[140.9461,38.5596],[140.9461,38.5593],[140.9457,38.5591],[140.9453,38.5589],[140.9453,38.5589],[140.9448,38.5586],[140.9444,38.5584],[140.9443,38.5583],[140.944,38.5581],[140.9439,38.5581],[140.9439,38.558],[140.9438,38.558],[140.9438,38.558],[140.9437,38.558],[140.9436,38.558],[140.9436,38.558],[140.9435,38.5581],[140.9433,38.5582],[140.9432,38.5582],[140.9432,38.5582],[140.9427,38.5585],[140.9423,38.5587],[140.9423,38.5587],[140.9423,38.5587],[140.9423,38.5587],[140.9421,38.5588],[140.9418,38.559],[140.9415,38.5591],[140.9411,38.5593],[140.941,38.5594],[140.9409,38.5594],[140.9405,38.5598],[140.9405,38.5598],[140.9403,38.5599],[140.9403,38.5599],[140.9401,38.56],[140.9399,38.5601],[140.9398,38.5602],[140.9395,38.5604],[140.9391,38.5607],[140.9389,38.5608],[140.9386,38.561],[140.9385,38.5611],[140.9384,38.5612],[140.9383,38.5613],[140.9382,38.5613],[140.9381,38.5615],[140.9381,38.5615],[140.938,38.5616],[140.9379,38.5617],[140.9378,38.5617],[140.9378,38.5617],[140.9378,38.5618],[140.9377,38.5618],[140.9376,38.5618],[140.9376,38.5619],[140.9376,38.5619],[140.9376,38.562],[140.9375,38.5621],[140.9375,38.5622],[140.9375,38.5623],[140.9375,38.5623],[140.9375,38.5624],[140.9376,38.5624],[140.9377,38.5626],[140.9377,38.5626],[140.9377,38.5627],[140.9377,38.5628],[140.9378,38.5629],[140.9378,38.563],[140.9378,38.5631],[140.9378,38.5631],[140.9378,38.5632],[140.9378,38.5633],[140.9378,38.5634],[140.9378,38.5634],[140.9377,38.5635],[140.9377,38.5636],[140.9377,38.5636],[140.9376,38.5638],[140.9376,38.5639],[140.9376,38.5639],[140.9376,38.5639],[140.9376,38.564],[140.9377,38.5643],[140.9378,38.5645],[140.9379,38.5647],[140.9379,38.5648],[140.9379,38.5649],[140.9379,38.565],[140.9379,38.5651],[140.9379,38.5652],[140.9379,38.5652],[140.9379,38.5653],[140.938,38.5654],[140.938,38.5657],[140.9381,38.5659],[140.9382,38.566],[140.9382,38.566],[140.9382,38.5661],[140.9382,38.5661],[140.9382,38.5662],[140.9381,38.5663],[140.9381,38.5664],[140.9381,38.5665],[140.9381,38.5665],[140.9381,38.5666],[140.9381,38.5666],[140.9381,38.5667],[140.9381,38.5668],[140.9382,38.567],[140.9383,38.5672],[140.9383,38.5673],[140.9383,38.5674],[140.9383,38.5675],[140.9384,38.5675],[140.9384,38.5676],[140.9384,38.5676],[140.9384,38.5677],[140.9384,38.5678],[140.9384,38.568],[140.9383,38.5683],[140.9383,38.5683],[140.9383,38.5684],[140.9383,38.5684],[140.9383,38.5685],[140.9383,38.5687],[140.9383,38.5689],[140.9383,38.569],[140.9383,38.5692],[140.9384,38.5693],[140.9397,38.5694],[140.9397,38.5698],[140.9395,38.571],[140.9394,38.5716],[140.9392,38.5724],[140.9379,38.5725],[140.9349,38.5726],[140.9348,38.5733],[140.9347,38.5733],[140.9347,38.5736],[140.9347,38.5738],[140.9347,38.5745],[140.9347,38.5745],[140.9348,38.5745],[140.9351,38.5746],[140.9352,38.5746],[140.936,38.5747],[140.9366,38.5748],[140.9368,38.5748],[140.9371,38.5748],[140.9373,38.5748],[140.9374,38.5748],[140.9376,38.5749],[140.9382,38.5749],[140.9382,38.5749],[140.9383,38.5751],[140.9383,38.5752],[140.9383,38.5753],[140.9383,38.5753],[140.9383,38.5756],[140.9383,38.5756],[140.9383,38.5756],[140.9383,38.5757],[140.9383,38.5757],[140.9383,38.5757],[140.9384,38.5758],[140.9384,38.576],[140.9384,38.576],[140.9384,38.576],[140.9384,38.5761],[140.9384,38.5761],[140.9384,38.5762],[140.9384,38.5762],[140.9384,38.5762],[140.9384,38.5763],[140.9384,38.5763],[140.9384,38.5763],[140.9384,38.5763],[140.9384,38.5764],[140.9383,38.5764],[140.9383,38.5765],[140.9383,38.5765],[140.9383,38.5765],[140.9382,38.5766],[140.9382,38.5767],[140.9385,38.5766],[140.9386,38.5765],[140.9387,38.5765],[140.939,38.5763],[140.9392,38.5763],[140.9392,38.5763],[140.9392,38.5763],[140.9392,38.5763],[140.9392,38.5763],[140.9392,38.5764],[140.9393,38.5764],[140.9393,38.5764],[140.9393,38.5764],[140.9393,38.5764],[140.9392,38.5764],[140.9392,38.5765],[140.9392,38.5765],[140.9392,38.5765],[140.9391,38.5769],[140.939,38.5769],[140.9389,38.5772],[140.9389,38.5772],[140.9389,38.5772],[140.9389,38.5774],[140.939,38.5775],[140.9391,38.5775],[140.9391,38.5775],[140.9391,38.5775],[140.9392,38.5775],[140.9393,38.5775],[140.9394,38.5775],[140.9394,38.5775],[140.9395,38.5776],[140.9395,38.5776],[140.9396,38.5776],[140.9401,38.5776],[140.9401,38.5775],[140.9401,38.5774],[140.9402,38.5773],[140.9402,38.5771],[140.9402,38.5771],[140.9402,38.577],[140.9403,38.5769],[140.9403,38.5767],[140.9404,38.5767],[140.9407,38.5768],[140.941,38.5768],[140.9411,38.5768],[140.9412,38.5768],[140.9413,38.5769],[140.9414,38.5769],[140.9415,38.5769],[140.9415,38.577],[140.9416,38.577],[140.9416,38.5771],[140.9417,38.5772],[140.9418,38.5772],[140.9418,38.5772],[140.942,38.5771],[140.942,38.577],[140.942,38.577],[140.942,38.577],[140.942,38.577],[140.9423,38.5772],[140.9423,38.5772],[140.9425,38.5774],[140.9425,38.5774],[140.9425,38.5774],[140.9426,38.5775],[140.9427,38.5775],[140.9427,38.5773],[140.9428,38.5772],[140.9428,38.5772],[140.9428,38.5771],[140.9428,38.5771],[140.9428,38.577],[140.9428,38.577],[140.9428,38.5769],[140.9428,38.5768],[140.9428,38.5768],[140.9428,38.5767],[140.9429,38.5767],[140.9429,38.5765],[140.9429,38.5764],[140.9429,38.5764],[140.9429,38.5764],[140.9429,38.5763],[140.9429,38.5762],[140.9429,38.5762],[140.9429,38.5761],[140.9431,38.5761],[140.9432,38.5761],[140.9435,38.5761],[140.9435,38.5761],[140.9436,38.576],[140.9438,38.576],[140.9439,38.576],[140.944,38.576],[140.944,38.576],[140.944,38.576],[140.944,38.576],[140.9441,38.576],[140.9446,38.5761],[140.9446,38.5761],[140.9446,38.5761],[140.9447,38.5761],[140.9447,38.576],[140.9447,38.576],[140.9447,38.5759],[140.9447,38.5759],[140.9447,38.5759]]],[[[140.9624,38.5578],[140.9622,38.5578],[140.962,38.5579],[140.962,38.5579],[140.9617,38.5579],[140.9617,38.5579],[140.9617,38.5579],[140.9617,38.5579],[140.9616,38.5579],[140.9613,38.5578],[140.9612,38.5577],[140.9611,38.5577],[140.9609,38.5576],[140.9609,38.5576],[140.9604,38.5574],[140.9603,38.5574],[140.9602,38.5573],[140.96,38.5573],[140.9598,38.5572],[140.9597,38.5572],[140.9596,38.5574],[140.9594,38.5575],[140.9593,38.5577],[140.9592,38.5578],[140.9591,38.5578],[140.9591,38.5579],[140.9591,38.5579],[140.959,38.558],[140.9589,38.5581],[140.9586,38.5585],[140.9585,38.5585],[140.9585,38.5586],[140.9583,38.5587],[140.9583,38.5587],[140.9583,38.5587],[140.9583,38.5588],[140.9582,38.5588],[140.9582,38.5589],[140.9581,38.559],[140.958,38.559],[140.958,38.5591],[140.958,38.5591],[140.9578,38.5592],[140.9578,38.5593],[140.9578,38.5595],[140.9578,38.5595],[140.9578,38.5595],[140.9578,38.5596],[140.9578,38.5596],[140.9578,38.5596],[140.9578,38.5597],[140.9578,38.5598],[140.9578,38.5599],[140.9577,38.5599],[140.9577,38.5599],[140.9576,38.5599],[140.9576,38.5599],[140.9575,38.5599],[140.9575,38.56],[140.9574,38.5601],[140.9574,38.5601],[140.9574,38.5601],[140.9573,38.5603],[140.9571,38.5605],[140.957,38.5605],[140.9568,38.5607],[140.957,38.5608],[140.9571,38.5608],[140.9571,38.5609],[140.9572,38.561],[140.9572,38.561],[140.9572,38.561],[140.9572,38.561],[140.9572,38.561],[140.9572,38.561],[140.9567,38.561],[140.9566,38.561],[140.9565,38.561],[140.9564,38.561],[140.9563,38.561],[140.9562,38.561],[140.9561,38.561],[140.9561,38.561],[140.9559,38.561],[140.9559,38.561],[140.9559,38.561],[140.9556,38.561],[140.9555,38.5612],[140.9555,38.5613],[140.9555,38.5614],[140.9555,38.5616],[140.9555,38.5616],[140.9556,38.5618],[140.9556,38.5619],[140.9556,38.562],[140.9556,38.5622],[140.9556,38.5623],[140.9556,38.5623],[140.9556,38.5626],[140.9556,38.5627],[140.955,38.5628],[140.9548,38.5628],[140.9545,38.5628],[140.9543,38.5628],[140.954,38.5628],[140.9539,38.5628],[140.9536,38.5628],[140.9536,38.563],[140.9536,38.563],[140.9536,38.5632],[140.9536,38.5632],[140.9536,38.5632],[140.9536,38.5632],[140.9534,38.5632],[140.9533,38.5632],[140.9532,38.5632],[140.953,38.5632],[140.9528,38.5632],[140.9525,38.5631],[140.9523,38.5631],[140.9519,38.5631],[140.9518,38.5631],[140.9517,38.5631],[140.9517,38.5631],[140.9515,38.563],[140.9509,38.563],[140.9509,38.563],[140.9507,38.563],[140.9507,38.563],[140.9505,38.5629],[140.9503,38.5629],[140.9499,38.5629],[140.9497,38.5629],[140.9496,38.5629],[140.9494,38.5628],[140.949,38.5628],[140.9489,38.5628],[140.9486,38.5652],[140.9486,38.5652],[140.9485,38.5653],[140.9485,38.5654],[140.9485,38.5656],[140.9485,38.5657],[140.9485,38.5657],[140.9485,38.5659],[140.9484,38.5661],[140.9484,38.5663],[140.9484,38.5664],[140.9484,38.5665],[140.9483,38.567],[140.9483,38.567],[140.9483,38.567],[140.9483,38.5671],[140.9483,38.5672],[140.9482,38.5672],[140.9482,38.5676],[140.9482,38.5676],[140.9482,38.5677],[140.9482,38.5677],[140.9481,38.5679],[140.9481,38.5679],[140.9481,38.5679],[140.9481,38.5679],[140.9481,38.5679],[140.9481,38.5679],[140.9481,38.568],[140.9481,38.5681],[140.9481,38.5684],[140.948,38.5686],[140.948,38.5686],[140.948,38.5688],[140.948,38.5688],[140.948,38.5691],[140.9479,38.5692],[140.9479,38.5693],[140.9479,38.5694],[140.9479,38.5696],[140.9478,38.5697],[140.9478,38.5698],[140.9478,38.5701],[140.9478,38.5702],[140.9478,38.5702],[140.9478,38.5702],[140.9477,38.5703],[140.9477,38.5703],[140.9477,38.5706],[140.9477,38.5707],[140.9476,38.5709],[140.9476,38.5712],[140.9476,38.5712],[140.9476,38.5715],[140.9476,38.5715],[140.9475,38.5717],[140.9475,38.5717],[140.9475,38.572],[140.9475,38.5721],[140.9474,38.5723],[140.9474,38.5724],[140.9474,38.5724],[140.9474,38.5725],[140.9474,38.5728],[140.9474,38.5728],[140.9473,38.573],[140.9472,38.5734],[140.9472,38.5737],[140.9472,38.5737],[140.9472,38.5738],[140.9472,38.5739],[140.9471,38.5743],[140.9471,38.5743],[140.9471,38.5744],[140.9471,38.5746],[140.947,38.5749],[140.947,38.575],[140.947,38.575],[140.947,38.5751],[140.9469,38.5752],[140.9469,38.5753],[140.9469,38.5753],[140.9469,38.5754],[140.9469,38.5755],[140.9468,38.5758],[140.9468,38.576],[140.9468,38.5761],[140.9468,38.5763],[140.9467,38.5766],[140.9467,38.5768],[140.9467,38.5769],[140.9466,38.5771],[140.9466,38.5773],[140.9465,38.5775],[140.9465,38.5777],[140.9465,38.5779],[140.9465,38.578],[140.9464,38.5782],[140.9464,38.5783],[140.9464,38.5783],[140.9464,38.5784],[140.9464,38.5785],[140.9464,38.5785],[140.9464,38.5786],[140.9464,38.5786],[140.9467,38.5788],[140.9469,38.5789],[140.9471,38.5789],[140.9474,38.579],[140.9474,38.5789],[140.9478,38.579],[140.948,38.5791],[140.9482,38.5792],[140.9482,38.5792],[140.9482,38.5792],[140.9482,38.5793],[140.9481,38.5793],[140.9481,38.5794],[140.948,38.5795],[140.9479,38.5796],[140.9479,38.5797],[140.9478,38.5798],[140.9478,38.5798],[140.9476,38.5801],[140.9474,38.5804],[140.9474,38.5805],[140.9473,38.5806],[140.9473,38.5807],[140.9471,38.5809],[140.947,38.5811],[140.947,38.5812],[140.9468,38.5815],[140.9469,38.5817],[140.9469,38.5817],[140.9469,38.5817],[140.9469,38.5817],[140.9469,38.5818],[140.947,38.5819],[140.9471,38.5821],[140.9471,38.5822],[140.9472,38.5823],[140.9474,38.5826],[140.9475,38.5827],[140.9476,38.5829],[140.9477,38.5829],[140.9479,38.5832],[140.948,38.5833],[140.9481,38.5834],[140.9484,38.5838],[140.9485,38.5838],[140.9485,38.5839],[140.9489,38.5842],[140.949,38.5842],[140.949,38.5843],[140.9492,38.5845],[140.9492,38.5845],[140.9493,38.5845],[140.9493,38.5846],[140.9496,38.5848],[140.9497,38.5849],[140.9499,38.5851],[140.95,38.5852],[140.9502,38.5853],[140.9502,38.5854],[140.9503,38.5854],[140.9504,38.5855],[140.9505,38.5857],[140.9506,38.5857],[140.9507,38.5858],[140.9507,38.5858],[140.9508,38.5859],[140.9511,38.5862],[140.9511,38.5862],[140.9513,38.5863],[140.9515,38.5865],[140.9516,38.5866],[140.9517,38.5866],[140.9517,38.5867],[140.9519,38.5869],[140.952,38.587],[140.9521,38.587],[140.9521,38.5871],[140.9522,38.5872],[140.9522,38.5872],[140.9525,38.5874],[140.9525,38.5875],[140.9526,38.5875],[140.9527,38.5876],[140.9529,38.5878],[140.953,38.5878],[140.9531,38.5879],[140.9533,38.588],[140.9535,38.5881],[140.9538,38.5883],[140.9539,38.5884],[140.9541,38.5885],[140.9543,38.5885],[140.9545,38.5886],[140.9547,38.5887],[140.9549,38.5888],[140.9551,38.5889],[140.9551,38.5889],[140.9552,38.5889],[140.9554,38.589],[140.9557,38.5891],[140.9561,38.5892],[140.9565,38.5893],[140.9567,38.5894],[140.9571,38.5895],[140.9575,38.5896],[140.9576,38.5896],[140.9577,38.5896],[140.958,38.5897],[140.9587,38.5899],[140.959,38.59],[140.9592,38.5901],[140.9594,38.5901],[140.9594,38.5901],[140.9595,38.5901],[140.9599,38.5902],[140.9601,38.5903],[140.9603,38.5904],[140.9607,38.5905],[140.961,38.5906],[140.961,38.5906],[140.9612,38.5906],[140.9614,38.5907],[140.9615,38.5907],[140.9615,38.5907],[140.9617,38.5907],[140.962,38.5909],[140.9623,38.591],[140.9626,38.5911],[140.9628,38.5912],[140.963,38.5913],[140.9633,38.5915],[140.9633,38.5915],[140.9637,38.5913],[140.9638,38.5912],[140.9641,38.5911],[140.9644,38.591],[140.9649,38.5906],[140.9654,38.5903],[140.9656,38.5902],[140.9657,38.5901],[140.9659,38.59],[140.966,38.59],[140.9662,38.5899],[140.9664,38.5899],[140.9665,38.5898],[140.9668,38.5898],[140.967,38.5898],[140.9677,38.5898],[140.9679,38.5898],[140.9681,38.5898],[140.9683,38.5898],[140.9685,38.5899],[140.9687,38.5899],[140.9694,38.59],[140.9705,38.5903],[140.9706,38.5903],[140.9707,38.5903],[140.9708,38.5903],[140.9709,38.5903],[140.971,38.5903],[140.972,38.59],[140.9721,38.59],[140.9721,38.59],[140.9721,38.5899],[140.9721,38.5899],[140.9722,38.5898],[140.9723,38.5896],[140.9724,38.5895],[140.9724,38.5894],[140.9726,38.589],[140.9728,38.5885],[140.9731,38.5877],[140.9732,38.5874],[140.9733,38.5872],[140.9733,38.5871],[140.9734,38.5871],[140.9734,38.5871],[140.9735,38.5869],[140.9736,38.5867],[140.9738,38.5865],[140.9738,38.5865],[140.9739,38.5863],[140.9741,38.5861],[140.9743,38.5857],[140.9745,38.5854],[140.9746,38.5853],[140.9746,38.5853],[140.9747,38.5851],[140.975,38.5847],[140.9752,38.5844],[140.9752,38.5844],[140.9753,38.5843],[140.9754,38.5841],[140.9759,38.5834],[140.976,38.5833],[140.976,38.5833],[140.9763,38.5829],[140.9764,38.5828],[140.9765,38.5826],[140.9766,38.5825],[140.9766,38.5825],[140.9768,38.5824],[140.9768,38.5823],[140.9771,38.582],[140.9775,38.5816],[140.9775,38.5816],[140.9776,38.5815],[140.9777,38.5815],[140.9778,38.5814],[140.978,38.5812],[140.9781,38.5811],[140.9783,38.581],[140.9783,38.581],[140.9784,38.5809],[140.9786,38.5808],[140.9787,38.5807],[140.9788,38.5807],[140.9788,38.5807],[140.9789,38.5806],[140.979,38.5806],[140.9792,38.5805],[140.9792,38.5804],[140.9794,38.5802],[140.9796,38.5801],[140.9798,38.5799],[140.9799,38.5796],[140.98,38.5795],[140.9801,38.5794],[140.9802,38.5792],[140.9803,38.579],[140.9804,38.5787],[140.9804,38.5786],[140.9805,38.5782],[140.9806,38.5779],[140.9806,38.5779],[140.9807,38.5776],[140.9807,38.5775],[140.9807,38.5775],[140.9808,38.5773],[140.9809,38.5768],[140.9809,38.5768],[140.9809,38.5767],[140.981,38.5763],[140.981,38.5761],[140.981,38.5759],[140.981,38.5757],[140.981,38.5757],[140.9811,38.5752],[140.9811,38.5748],[140.9811,38.5748],[140.9811,38.5747],[140.9811,38.5744],[140.981,38.574],[140.981,38.5736],[140.981,38.5736],[140.981,38.5736],[140.981,38.5732],[140.9809,38.5728],[140.9809,38.5726],[140.9809,38.5726],[140.9809,38.5725],[140.9809,38.5723],[140.9808,38.5719],[140.9807,38.5715],[140.9807,38.5715],[140.9806,38.5714],[140.9806,38.5712],[140.9804,38.5708],[140.9804,38.5707],[140.9804,38.5706],[140.9804,38.5706],[140.9803,38.5703],[140.9801,38.5699],[140.98,38.5694],[140.9797,38.5694],[140.9796,38.5695],[140.9796,38.5694],[140.9795,38.5693],[140.9795,38.5693],[140.9795,38.5692],[140.9795,38.5692],[140.9794,38.5689],[140.9794,38.5687],[140.9794,38.5687],[140.9795,38.5687],[140.9795,38.5685],[140.9795,38.5685],[140.9794,38.5683],[140.9794,38.5682],[140.9794,38.5682],[140.9794,38.568],[140.9794,38.568],[140.9793,38.5677],[140.9793,38.5676],[140.9793,38.5675],[140.9793,38.5674],[140.9793,38.5673],[140.9793,38.5672],[140.9792,38.5672],[140.9791,38.5672],[140.9788,38.5671],[140.9787,38.567],[140.9785,38.5669],[140.9784,38.5669],[140.9782,38.5668],[140.9782,38.5668],[140.9779,38.5666],[140.9778,38.5665],[140.9776,38.5664],[140.9775,38.5663],[140.9772,38.5661],[140.9769,38.5658],[140.9767,38.5656],[140.9765,38.5656],[140.9764,38.5656],[140.9764,38.5654],[140.9761,38.5654],[140.9763,38.5654],[140.9765,38.5653],[140.9765,38.5652],[140.9764,38.5651],[140.9763,38.5649],[140.9761,38.5647],[140.9761,38.5646],[140.976,38.5644],[140.9759,38.5643],[140.9759,38.5643],[140.9759,38.5642],[140.9759,38.5642],[140.9759,38.5641],[140.9758,38.564],[140.9758,38.564],[140.9757,38.5635],[140.9757,38.5634],[140.9755,38.563],[140.9755,38.5627],[140.9754,38.5625],[140.9754,38.5624],[140.9754,38.5624],[140.9753,38.5622],[140.9753,38.562],[140.9753,38.562],[140.9752,38.5618],[140.9752,38.5617],[140.9752,38.5615],[140.9751,38.5614],[140.975,38.5611],[140.9748,38.5605],[140.9746,38.5601],[140.9745,38.56],[140.9741,38.5595],[140.9741,38.5594],[140.9738,38.559],[140.9735,38.5588],[140.9733,38.5586],[140.9731,38.5583],[140.9729,38.5582],[140.9727,38.558],[140.9725,38.5579],[140.9722,38.5577],[140.9718,38.5574],[140.9714,38.5571],[140.9714,38.5571],[140.9711,38.5569],[140.9709,38.5569],[140.9705,38.5566],[140.9701,38.5565],[140.9697,38.5563],[140.9692,38.5561],[140.9686,38.5559],[140.9678,38.5557],[140.967,38.5556],[140.9662,38.5555],[140.9658,38.5555],[140.9657,38.5555],[140.9655,38.5554],[140.9644,38.5554],[140.9642,38.5555],[140.9642,38.5555],[140.964,38.5555],[140.9639,38.5554],[140.9636,38.5554],[140.9637,38.5555],[140.9637,38.5555],[140.9637,38.5556],[140.9634,38.5556],[140.9633,38.5557],[140.9633,38.5557],[140.9632,38.5557],[140.9632,38.5557],[140.9632,38.5557],[140.9631,38.5558],[140.963,38.5558],[140.9629,38.5559],[140.9629,38.5559],[140.9628,38.5559],[140.9628,38.5559],[140.9628,38.5559],[140.9627,38.5559],[140.9626,38.556],[140.9624,38.556],[140.9623,38.556],[140.9622,38.5561],[140.9621,38.5561],[140.962,38.5562],[140.9619,38.5562],[140.9618,38.5562],[140.9618,38.5562],[140.9618,38.5562],[140.9613,38.5562],[140.9616,38.5566],[140.9617,38.5567],[140.9618,38.5568],[140.9618,38.5568],[140.9619,38.5569],[140.9619,38.5569],[140.962,38.557],[140.962,38.557],[140.962,38.557],[140.962,38.557],[140.9621,38.5571],[140.9621,38.5571],[140.9621,38.5571],[140.9622,38.5572],[140.9622,38.5573],[140.9622,38.5573],[140.9623,38.5575],[140.9623,38.5575],[140.9624,38.5577],[140.9625,38.5578],[140.9625,38.5578],[140.9625,38.5578],[140.9624,38.5578]]]]},"properties":{"type":"04215","name":"04"}},{"type":"Feature","geometry":{"type":"Polygon","coordinates":[[[140.9564,38.5818],[140.9569,38.5815],[140.9569,38.5815],[140.9571,38.5814],[140.9574,38.5812],[140.9575,38.5811],[140.9575,38.5811],[140.9576,38.581],[140.9577,38.581],[140.9578,38.5809],[140.9579,38.5809],[140.958,38.5807],[140.9581,38.5807],[140.9582,38.5806],[140.9585,38.5803],[140.9586,38.5803],[140.9587,38.5802],[140.9587,38.5802],[140.9588,38.5802],[140.9592,38.5799],[140.9592,38.5799],[140.9593,38.5798],[140.9593,38.5798],[140.9595,38.5796],[140.9596,38.5795],[140.9599,38.5793],[140.96,38.5793],[140.96,38.5792],[140.9601,38.5791],[140.9603,38.579],[140.9604,38.579],[140.9604,38.5789],[140.9608,38.5787],[140.9609,38.5785],[140.961,38.5785],[140.9611,38.5784],[140.9611,38.5784],[140.9611,38.5784],[140.9614,38.5782],[140.9615,38.5781],[140.9618,38.5779],[140.9619,38.5778],[140.9623,38.5777],[140.9626,38.5775],[140.9627,38.5775],[140.9629,38.5774],[140.9629,38.5774],[140.9631,38.5773],[140.9632,38.5772],[140.9632,38.5772],[140.9634,38.5771],[140.9635,38.5771],[140.9636,38.577],[140.9636,38.577],[140.9637,38.577],[140.9638,38.5769],[140.9638,38.5769],[140.9639,38.5769],[140.964,38.5768],[140.9641,38.5768],[140.9642,38.5768],[140.9643,38.5767],[140.9645,38.5767],[140.9645,38.5766],[140.9646,38.5766],[140.9647,38.5766],[140.9648,38.5766],[140.9648,38.5766],[140.965,38.5765],[140.9652,38.5765],[140.9652,38.5765],[140.9654,38.5764],[140.9655,38.5764],[140.9657,38.5764],[140.9659,38.5763],[140.9663,38.5763],[140.9665,38.5762],[140.9666,38.5762],[140.9667,38.5762],[140.9667,38.5762],[140.967,38.5761],[140.967,38.5761],[140.9673,38.5761],[140.9673,38.5761],[140.9676,38.576],[140.9676,38.576],[140.9677,38.576],[140.9678,38.576],[140.9682,38.5759],[140.9682,38.5759],[140.9684,38.5759],[140.9685,38.5758],[140.9688,38.5758],[140.969,38.5757],[140.9694,38.5757],[140.9693,38.5755],[140.9693,38.5755],[140.9693,38.5754],[140.9692,38.5752],[140.9692,38.5751],[140.9692,38.5749],[140.9692,38.5749],[140.9691,38.5746],[140.9691,38.5745],[140.969,38.5742],[140.969,38.574],[140.969,38.574],[140.969,38.574],[140.969,38.574],[140.969,38.5739],[140.969,38.5738],[140.969,38.5738],[140.969,38.5738],[140.9689,38.5735],[140.9689,38.5732],[140.9689,38.5731],[140.9689,38.573],[140.9689,38.5728],[140.9689,38.5727],[140.9688,38.5725],[140.9688,38.5724],[140.9688,38.5724],[140.9688,38.5723],[140.9688,38.5722],[140.9687,38.572],[140.9688,38.572],[140.9688,38.572],[140.9687,38.5719],[140.9687,38.5719],[140.9687,38.5719],[140.9687,38.5717],[140.9687,38.5717],[140.9687,38.5717],[140.9686,38.5714],[140.9686,38.5713],[140.9685,38.5711],[140.9685,38.5709],[140.9685,38.5709],[140.9684,38.5709],[140.9684,38.5708],[140.9684,38.5707],[140.9684,38.5707],[140.9684,38.5707],[140.9683,38.5706],[140.9683,38.5706],[140.9683,38.5706],[140.9683,38.5706],[140.9683,38.5705],[140.9683,38.5705],[140.9683,38.5705],[140.9683,38.5705],[140.9683,38.5705],[140.9683,38.5705],[140.9683,38.5705],[140.9681,38.5705],[140.968,38.5705],[140.968,38.5705],[140.968,38.5705],[140.968,38.5705],[140.9677,38.5705],[140.9677,38.5705],[140.9676,38.5705],[140.9676,38.5705],[140.9675,38.5705],[140.9672,38.5705],[140.9669,38.5706],[140.9665,38.5706],[140.9663,38.5706],[140.9662,38.5706],[140.9661,38.5706],[140.9657,38.5706],[140.9656,38.5706],[140.9654,38.5706],[140.9648,38.5707],[140.9648,38.5707],[140.9648,38.5707],[140.9648,38.5707],[140.9647,38.5707],[140.9647,38.5707],[140.9647,38.5707],[140.9647,38.5707],[140.9647,38.5707],[140.9646,38.5707],[140.9646,38.5707],[140.9646,38.5707],[140.9646,38.5707],[140.9646,38.5707],[140.9646,38.5707],[140.9646,38.5707],[140.9646,38.5707],[140.9646,38.5707],[140.9643,38.5707],[140.9642,38.5707],[140.9641,38.5707],[140.964,38.5707],[140.9639,38.5707],[140.9639,38.5707],[140.9639,38.5707],[140.9637,38.5707],[140.9635,38.5707],[140.9632,38.5708],[140.9632,38.5708],[140.963,38.5708],[140.963,38.5708],[140.9629,38.5708],[140.9629,38.5708],[140.9629,38.5708],[140.9629,38.5708],[140.9629,38.5708],[140.9629,38.5708],[140.9625,38.5708],[140.9624,38.5709],[140.9624,38.5709],[140.9621,38.5709],[140.9621,38.5709],[140.9621,38.5709],[140.962,38.5709],[140.962,38.5709],[140.9617,38.571],[140.9616,38.571],[140.9616,38.571],[140.9615,38.571],[140.9615,38.571],[140.9615,38.571],[140.9615,38.571],[140.9614,38.571],[140.9612,38.571],[140.9612,38.571],[140.9609,38.571],[140.9597,38.5711],[140.9597,38.5711],[140.9588,38.5712],[140.9578,38.5712],[140.9571,38.5713],[140.9571,38.5713],[140.9571,38.5713],[140.9571,38.5713],[140.9571,38.5713],[140.957,38.5713],[140.957,38.5713],[140.957,38.5713],[140.957,38.5713],[140.957,38.5713],[140.9569,38.5713],[140.9569,38.5713],[140.9569,38.5713],[140.9569,38.5713],[140.9569,38.5713],[140.9569,38.5713],[140.9569,38.5713],[140.9568,38.5713],[140.9568,38.5713],[140.9568,38.5713],[140.9568,38.5713],[140.9568,38.5713],[140.9568,38.5713],[140.9568,38.5713],[140.9567,38.5713],[140.9567,38.5713],[140.9567,38.5713],[140.9567,38.5713],[140.9567,38.5713],[140.9567,38.5713],[140.9566,38.5713],[140.9566,38.5713],[140.9566,38.5713],[140.9566,38.5713],[140.9566,38.5713],[140.9565,38.5713],[140.9565,38.5713],[140.9565,38.5713],[140.9565,38.5713],[140.9565,38.5713],[140.9565,38.5713],[140.9565,38.5713],[140.9565,38.5713],[140.9564,38.5713],[140.9564,38.5713],[140.9564,38.5713],[140.9564,38.5713],[140.9564,38.5713],[140.9564,38.5713],[140.9563,38.5713],[140.9563,38.5713],[140.9563,38.5713],[140.9563,38.5713],[140.9563,38.5713],[140.9562,38.5713],[140.9562,38.5713],[140.9562,38.5713],[140.9562,38.5713],[140.9562,38.5713],[140.9562,38.5713],[140.9562,38.5713],[140.9561,38.5714],[140.9561,38.5714],[140.9561,38.5714],[140.9561,38.5714],[140.956,38.5714],[140.956,38.5714],[140.956,38.5714],[140.956,38.5714],[140.956,38.5714],[140.956,38.5714],[140.956,38.5714],[140.9559,38.5714],[140.9559,38.5714],[140.9559,38.5714],[140.9559,38.5714],[140.9559,38.5714],[140.9558,38.5714],[140.9558,38.5714],[140.9558,38.5714],[140.9558,38.5714],[140.9558,38.5714],[140.9557,38.5714],[140.9557,38.5714],[140.9557,38.5714],[140.9557,38.5714],[140.9556,38.5714],[140.9556,38.5714],[140.9556,38.5714],[140.9556,38.5714],[140.9556,38.5714],[140.9555,38.5714],[140.9555,38.5714],[140.9555,38.5714],[140.9555,38.5714],[140.9555,38.5714],[140.9554,38.5714],[140.9554,38.5714],[140.9554,38.5714],[140.9554,38.5714],[140.9553,38.5714],[140.9553,38.5714],[140.9553,38.5714],[140.9553,38.5714],[140.9552,38.5714],[140.9552,38.5714],[140.9552,38.5714],[140.9552,38.5714],[140.9551,38.5714],[140.9551,38.5714],[140.9551,38.5714],[140.9551,38.5714],[140.9551,38.5714],[140.9551,38.5714],[140.9551,38.5714],[140.955,38.5714],[140.955,38.5714],[140.955,38.5714],[140.955,38.5714],[140.955,38.5714],[140.955,38.5714],[140.9549,38.5714],[140.9549,38.5714],[140.9549,38.5714],[140.9549,38.5714],[140.9549,38.5714],[140.9548,38.5714],[140.9548,38.5714],[140.9548,38.5714],[140.9548,38.5714],[140.9547,38.5714],[140.9547,38.5714],[140.9547,38.5714],[140.9547,38.5714],[140.9547,38.5714],[140.9546,38.5714],[140.9546,38.5714],[140.9545,38.5715],[140.9546,38.5715],[140.9546,38.5716],[140.9546,38.5716],[140.9546,38.5716],[140.9546,38.5716],[140.9546,38.5716],[140.9546,38.5717],[140.9546,38.5718],[140.9547,38.5719],[140.9547,38.572],[140.9547,38.5721],[140.9547,38.5722],[140.9548,38.5722],[140.9548,38.5723],[140.9548,38.5725],[140.9549,38.5725],[140.9549,38.5725],[140.9549,38.5726],[140.9549,38.5726],[140.9549,38.5726],[140.9549,38.5727],[140.9549,38.5727],[140.9549,38.5727],[140.955,38.5728],[140.955,38.5728],[140.955,38.5729],[140.955,38.573],[140.955,38.573],[140.955,38.573],[140.9551,38.5731],[140.9551,38.5731],[140.9551,38.5732],[140.9551,38.5732],[140.9551,38.5733],[140.9551,38.5733],[140.9552,38.5734],[140.9552,38.5735],[140.9552,38.5735],[140.9553,38.5737],[140.9553,38.5738],[140.9553,38.5738],[140.9551,38.5738],[140.9547,38.5738],[140.9547,38.5738],[140.9547,38.5739],[140.9546,38.5739],[140.9547,38.5739],[140.9547,38.5739],[140.9547,38.574],[140.9547,38.574],[140.9547,38.574],[140.9547,38.5741],[140.9547,38.5742],[140.9547,38.5742],[140.9547,38.5742],[140.9547,38.5743],[140.9548,38.5743],[140.9548,38.5743],[140.9548,38.5743],[140.9548,38.5744],[140.9548,38.5744],[140.9548,38.5745],[140.9548,38.5745],[140.9548,38.5745],[140.9548,38.5746],[140.9548,38.5746],[140.9548,38.5746],[140.9549,38.5747],[140.9549,38.5748],[140.9549,38.5749],[140.9549,38.5749],[140.9547,38.5749],[140.9547,38.5749],[140.9547,38.5749],[140.9547,38.575],[140.9548,38.5753],[140.9548,38.5754],[140.9548,38.5755],[140.9548,38.5755],[140.9548,38.5755],[140.9549,38.5755],[140.9549,38.5755],[140.9549,38.5755],[140.955,38.5755],[140.955,38.5755],[140.955,38.5755],[140.955,38.5755],[140.955,38.5755],[140.955,38.5756],[140.955,38.5757],[140.9551,38.5757],[140.9551,38.5757],[140.9551,38.5758],[140.9551,38.5759],[140.9551,38.576],[140.9551,38.576],[140.9551,38.576],[140.9551,38.5761],[140.9551,38.5761],[140.955,38.5762],[140.955,38.5763],[140.955,38.5763],[140.955,38.5764],[140.955,38.5764],[140.9549,38.5765],[140.9549,38.5765],[140.9549,38.5766],[140.9548,38.5767],[140.9548,38.5767],[140.9548,38.5768],[140.9548,38.5769],[140.9548,38.577],[140.9548,38.577],[140.9548,38.577],[140.9548,38.5771],[140.9548,38.5772],[140.9548,38.5772],[140.9548,38.5772],[140.9548,38.5773],[140.9548,38.5773],[140.9548,38.5773],[140.9548,38.5773],[140.9548,38.5773],[140.9548,38.5773],[140.9548,38.5773],[140.9548,38.5774],[140.9548,38.5774],[140.9548,38.5775],[140.9548,38.5775],[140.9547,38.5776],[140.9547,38.5776],[140.9547,38.5776],[140.9547,38.5777],[140.9547,38.5777],[140.9547,38.5777],[140.9546,38.5778],[140.9546,38.5778],[140.9546,38.5778],[140.9546,38.5778],[140.9545,38.5779],[140.9545,38.5779],[140.9545,38.5779],[140.9545,38.5779],[140.9545,38.578],[140.9544,38.578],[140.9544,38.578],[140.9544,38.578],[140.9545,38.578],[140.9545,38.578],[140.9546,38.578],[140.9546,38.578],[140.9546,38.578],[140.9546,38.578],[140.9548,38.578],[140.9548,38.578],[140.9549,38.5781],[140.9549,38.5781],[140.955,38.5781],[140.955,38.5781],[140.955,38.5782],[140.955,38.5783],[140.955,38.5783],[140.955,38.5784],[140.955,38.5784],[140.955,38.5785],[140.955,38.5785],[140.955,38.5785],[140.955,38.5785],[140.955,38.5786],[140.955,38.5787],[140.9549,38.5787],[140.9549,38.5788],[140.9549,38.5788],[140.9549,38.5789],[140.9549,38.5789],[140.9549,38.5789],[140.9549,38.5789],[140.9549,38.5791],[140.9549,38.5791],[140.9549,38.5791],[140.9549,38.5792],[140.9549,38.5792],[140.9549,38.5792],[140.9549,38.5794],[140.9549,38.5794],[140.9548,38.5794],[140.9548,38.5795],[140.9548,38.5795],[140.9548,38.5796],[140.9548,38.5797],[140.9548,38.5797],[140.9548,38.5797],[140.9548,38.5798],[140.9548,38.5798],[140.9548,38.5798],[140.9548,38.5799],[140.9548,38.5799],[140.9548,38.58],[140.9549,38.58],[140.9549,38.58],[140.955,38.58],[140.955,38.58],[140.955,38.58],[140.9551,38.58],[140.9551,38.58],[140.9551,38.58],[140.9551,38.58],[140.9551,38.58],[140.9551,38.58],[140.9552,38.58],[140.9552,38.58],[140.9552,38.58],[140.9552,38.58],[140.9552,38.58],[140.9552,38.58],[140.9552,38.5801],[140.9552,38.5801],[140.9552,38.5801],[140.9552,38.5801],[140.9552,38.5801],[140.9552,38.5801],[140.9552,38.5801],[140.9552,38.5802],[140.9552,38.5802],[140.9552,38.5802],[140.9552,38.5803],[140.9552,38.5803],[140.9553,38.5803],[140.9553,38.5804],[140.9553,38.5806],[140.9553,38.5806],[140.9553,38.5806],[140.9553,38.5807],[140.9553,38.5808],[140.9553,38.5809],[140.9553,38.581],[140.9553,38.581],[140.9553,38.581],[140.9554,38.5811],[140.9554,38.5811],[140.9554,38.5811],[140.9554,38.5812],[140.9554,38.5812],[140.9554,38.5812],[140.9554,38.5812],[140.9554,38.5812],[140.9554,38.5813],[140.9554,38.5813],[140.9554,38.5813],[140.9555,38.5813],[140.9555,38.5814],[140.9555,38.5814],[140.9555,38.5814],[140.9555,38.5815],[140.9555,38.5815],[140.9555,38.5815],[140.9555,38.5815],[140.9555,38.5815],[140.9555,38.5815],[140.9555,38.5815],[140.9555,38.5816],[140.9556,38.5816],[140.9556,38.5816],[140.9556,38.5816],[140.9556,38.5817],[140.9556,38.5817],[140.9556,38.5817],[140.9556,38.5817],[140.9556,38.5817],[140.9556,38.5817],[140.9556,38.5817],[140.9556,38.5817],[140.9556,38.5818],[140.9556,38.5818],[140.9556,38.5818],[140.9556,38.5819],[140.9556,38.5819],[140.9556,38.5819],[140.9556,38.5819],[140.9556,38.5819],[140.9556,38.5819],[140.9556,38.582],[140.9556,38.582],[140.9555,38.582],[140.9555,38.582],[140.9555,38.582],[140.9555,38.5822],[140.9559,38.582],[140.9559,38.582],[140.9562,38.5819],[140.9562,38.5819],[140.9564,38.5818]]]},"properties":{"type":"04215","name":"04"}}]}